/**
 * 默认专辑封面 - 简单渐变色示例
 *
 * 尺寸: 160x160px
 * 格式: RGB565 (16-bit color)
 *
 * 注意：这是一个临时示例封面
 * 请使用 LVGL 图片转换工具生成真实的图片数据
 * 工具地址：https://lvgl.io/tools/imageconverter
 */

#include <lvgl.h>

#ifndef LV_ATTRIBUTE_MEM_ALIGN
#define LV_ATTRIBUTE_MEM_ALIGN
#endif

#ifndef LV_ATTRIBUTE_IMG_ANIMIMG001
#define LV_ATTRIBUTE_IMG_ANIMIMG001
#endif

// 简单的渐变色封面数据（160x160 = 25600 像素，RGB565 = 51200 字节）
// 这里只创建一个小的示例，实际应该是完整的 51200 字节
const LV_ATTRIBUTE_MEM_ALIGN LV_ATTRIBUTE_LARGE_CONST LV_ATTRIBUTE_IMG_ANIMIMG001 uint8_t animimg001_map[] = {
  
  0xfe, 0xfe, 0xfe, 0xff, 	/*Color of index 0*/
  0xe3, 0xe3, 0xe3, 0xff, 	/*Color of index 1*/
  0xda, 0xda, 0xda, 0xff, 	/*Color of index 2*/
  0xf0, 0xf3, 0xfe, 0xff, 	/*Color of index 3*/
  0x9c, 0x9d, 0xf7, 0xff, 	/*Color of index 4*/
  0x9a, 0x9d, 0xe5, 0xff, 	/*Color of index 5*/
  0x80, 0x87, 0xed, 0xff, 	/*Color of index 6*/
  0x61, 0x70, 0xe1, 0xff, 	/*Color of index 7*/
  0x45, 0x53, 0xe1, 0xff, 	/*Color of index 8*/
  0x2b, 0x3b, 0xd6, 0xff, 	/*Color of index 9*/
  0x37, 0x41, 0x66, 0xff, 	/*Color of index 10*/
  0x10, 0x23, 0xd7, 0xff, 	/*Color of index 11*/
  0x00, 0x1a, 0x97, 0xff, 	/*Color of index 12*/
  0x00, 0x13, 0xa0, 0xff, 	/*Color of index 13*/
  0x00, 0x1e, 0x72, 0xff, 	/*Color of index 14*/
  0x01, 0x02, 0xae, 0xff, 	/*Color of index 15*/
  0x00, 0x08, 0x96, 0xff, 	/*Color of index 16*/
  0x15, 0x1a, 0x4a, 0xff, 	/*Color of index 17*/
  0x00, 0x00, 0xa3, 0xff, 	/*Color of index 18*/
  0x00, 0x03, 0x43, 0xff, 	/*Color of index 19*/
  0x02, 0x05, 0x38, 0xff, 	/*Color of index 20*/
  0x00, 0x02, 0x15, 0xff, 	/*Color of index 21*/
  0x00, 0x01, 0x0b, 0xff, 	/*Color of index 22*/
  0xe9, 0xf4, 0xf8, 0xff, 	/*Color of index 23*/
  0xd2, 0xf2, 0xfb, 0xff, 	/*Color of index 24*/
  0xda, 0xf1, 0xf7, 0xff, 	/*Color of index 25*/
  0xe4, 0xf0, 0xf4, 0xff, 	/*Color of index 26*/
  0xc3, 0xef, 0xfd, 0xff, 	/*Color of index 27*/
  0xb9, 0xf0, 0xfd, 0xff, 	/*Color of index 28*/
  0xcc, 0xee, 0xfc, 0xff, 	/*Color of index 29*/
  0xe9, 0xee, 0xf0, 0xff, 	/*Color of index 30*/
  0xdd, 0xec, 0xf6, 0xff, 	/*Color of index 31*/
  0xd2, 0xec, 0xf9, 0xff, 	/*Color of index 32*/
  0xe2, 0xec, 0xf1, 0xff, 	/*Color of index 33*/
  0xb1, 0xec, 0xfc, 0xff, 	/*Color of index 34*/
  0xe6, 0xe8, 0xea, 0xff, 	/*Color of index 35*/
  0x9c, 0xe9, 0xfc, 0xff, 	/*Color of index 36*/
  0xd8, 0xe4, 0xf2, 0xff, 	/*Color of index 37*/
  0xe2, 0xe5, 0xe9, 0xff, 	/*Color of index 38*/
  0xb1, 0xe3, 0xfe, 0xff, 	/*Color of index 39*/
  0x89, 0xe7, 0xfd, 0xff, 	/*Color of index 40*/
  0x92, 0xe5, 0xfc, 0xff, 	/*Color of index 41*/
  0xc5, 0xe3, 0xf1, 0xff, 	/*Color of index 42*/
  0xda, 0xe2, 0xeb, 0xff, 	/*Color of index 43*/
  0xac, 0xe4, 0xf2, 0xff, 	/*Color of index 44*/
  0x81, 0xe5, 0xfd, 0xff, 	/*Color of index 45*/
  0x7b, 0xe3, 0xfd, 0xff, 	/*Color of index 46*/
  0xd0, 0xde, 0xf0, 0xff, 	/*Color of index 47*/
  0x9f, 0xe2, 0xf3, 0xff, 	/*Color of index 48*/
  0xde, 0xe0, 0xe3, 0xff, 	/*Color of index 49*/
  0x71, 0xe2, 0xfd, 0xff, 	/*Color of index 50*/
  0x8a, 0xe0, 0xf7, 0xff, 	/*Color of index 51*/
  0xb9, 0xdc, 0xf2, 0xff, 	/*Color of index 52*/
  0x95, 0xde, 0xf2, 0xff, 	/*Color of index 53*/
  0xda, 0xdc, 0xe0, 0xff, 	/*Color of index 54*/
  0x6a, 0xde, 0xfc, 0xff, 	/*Color of index 55*/
  0x9d, 0xd9, 0xfb, 0xff, 	/*Color of index 56*/
  0xc1, 0xd8, 0xf1, 0xff, 	/*Color of index 57*/
  0x75, 0xdc, 0xfa, 0xff, 	/*Color of index 58*/
  0x63, 0xdb, 0xfc, 0xff, 	/*Color of index 59*/
  0x86, 0xd9, 0xf4, 0xff, 	/*Color of index 60*/
  0xd7, 0xd8, 0xd9, 0xff, 	/*Color of index 61*/
  0x59, 0xd9, 0xfd, 0xff, 	/*Color of index 62*/
  0xd5, 0xd6, 0xd7, 0xff, 	/*Color of index 63*/
  0x74, 0xd6, 0xf3, 0xff, 	/*Color of index 64*/
  0xcc, 0xd3, 0xdb, 0xff, 	/*Color of index 65*/
  0x53, 0xd5, 0xfb, 0xff, 	/*Color of index 66*/
  0x62, 0xd4, 0xf9, 0xff, 	/*Color of index 67*/
  0xb6, 0xd2, 0xe1, 0xff, 	/*Color of index 68*/
  0xd0, 0xd2, 0xd4, 0xff, 	/*Color of index 69*/
  0x89, 0xd2, 0xec, 0xff, 	/*Color of index 70*/
  0x59, 0xd3, 0xf8, 0xff, 	/*Color of index 71*/
  0xaf, 0xcb, 0xf5, 0xff, 	/*Color of index 72*/
  0x6b, 0xd1, 0xf5, 0xff, 	/*Color of index 73*/
  0x49, 0xd2, 0xfa, 0xff, 	/*Color of index 74*/
  0x9f, 0xcb, 0xf1, 0xff, 	/*Color of index 75*/
  0xcb, 0xce, 0xd2, 0xff, 	/*Color of index 76*/
  0x94, 0xce, 0xe3, 0xff, 	/*Color of index 77*/
  0x52, 0xcf, 0xf6, 0xff, 	/*Color of index 78*/
  0x42, 0xce, 0xf8, 0xff, 	/*Color of index 79*/
  0x4a, 0xcc, 0xf4, 0xff, 	/*Color of index 80*/
  0x73, 0xca, 0xe9, 0xff, 	/*Color of index 81*/
  0xc4, 0xc9, 0xd0, 0xff, 	/*Color of index 82*/
  0x43, 0xc9, 0xf3, 0xff, 	/*Color of index 83*/
  0x32, 0xc8, 0xfb, 0xff, 	/*Color of index 84*/
  0x3c, 0xc8, 0xf4, 0xff, 	/*Color of index 85*/
  0xba, 0xc5, 0xd1, 0xff, 	/*Color of index 86*/
  0x38, 0xc5, 0xf5, 0xff, 	/*Color of index 87*/
  0x40, 0xc5, 0xf0, 0xff, 	/*Color of index 88*/
  0xa3, 0xc0, 0xda, 0xff, 	/*Color of index 89*/
  0xba, 0xc2, 0xca, 0xff, 	/*Color of index 90*/
  0x3a, 0xc3, 0xf1, 0xff, 	/*Color of index 91*/
  0x33, 0xc3, 0xf2, 0xff, 	/*Color of index 92*/
  0x8c, 0xbf, 0xdd, 0xff, 	/*Color of index 93*/
  0x76, 0xbf, 0xde, 0xff, 	/*Color of index 94*/
  0x3a, 0xc0, 0xed, 0xff, 	/*Color of index 95*/
  0x34, 0xc0, 0xee, 0xff, 	/*Color of index 96*/
  0x5f, 0xbe, 0xe5, 0xff, 	/*Color of index 97*/
  0x2c, 0xbf, 0xf1, 0xff, 	/*Color of index 98*/
  0x3a, 0xbd, 0xf1, 0xff, 	/*Color of index 99*/
  0xb3, 0xbc, 0xc6, 0xff, 	/*Color of index 100*/
  0x4e, 0xbd, 0xe3, 0xff, 	/*Color of index 101*/
  0x60, 0xb4, 0xf9, 0xff, 	/*Color of index 102*/
  0x31, 0xbc, 0xeb, 0xff, 	/*Color of index 103*/
  0xaa, 0xb9, 0xca, 0xff, 	/*Color of index 104*/
  0x2c, 0xba, 0xea, 0xff, 	/*Color of index 105*/
  0x20, 0xb9, 0xf1, 0xff, 	/*Color of index 106*/
  0x9a, 0xb7, 0xce, 0xff, 	/*Color of index 107*/
  0x81, 0xb7, 0xd4, 0xff, 	/*Color of index 108*/
  0x41, 0xb9, 0xe3, 0xff, 	/*Color of index 109*/
  0x26, 0xb7, 0xe9, 0xff, 	/*Color of index 110*/
  0x19, 0xb4, 0xec, 0xff, 	/*Color of index 111*/
  0x5d, 0xb3, 0xd8, 0xff, 	/*Color of index 112*/
  0xa4, 0xb2, 0xc2, 0xff, 	/*Color of index 113*/
  0x29, 0xb4, 0xe5, 0xff, 	/*Color of index 114*/
  0x37, 0xb3, 0xe3, 0xff, 	/*Color of index 115*/
  0x11, 0xb2, 0xf0, 0xff, 	/*Color of index 116*/
  0x22, 0xb2, 0xe8, 0xff, 	/*Color of index 117*/
  0x24, 0xb1, 0xe4, 0xff, 	/*Color of index 118*/
  0x1d, 0xb0, 0xe5, 0xff, 	/*Color of index 119*/
  0x46, 0xae, 0xda, 0xff, 	/*Color of index 120*/
  0x70, 0xad, 0xcc, 0xff, 	/*Color of index 121*/
  0x20, 0xad, 0xe3, 0xff, 	/*Color of index 122*/
  0x34, 0xad, 0xda, 0xff, 	/*Color of index 123*/
  0x0d, 0xab, 0xeb, 0xff, 	/*Color of index 124*/
  0x97, 0xa9, 0xbd, 0xff, 	/*Color of index 125*/
  0x55, 0xa9, 0xd3, 0xff, 	/*Color of index 126*/
  0x1b, 0xaa, 0xe3, 0xff, 	/*Color of index 127*/
  0x14, 0xab, 0xe0, 0xff, 	/*Color of index 128*/
  0x79, 0xa9, 0xc0, 0xff, 	/*Color of index 129*/
  0x2a, 0xa8, 0xdc, 0xff, 	/*Color of index 130*/
  0x1a, 0xa9, 0xdd, 0xff, 	/*Color of index 131*/
  0x0c, 0xa7, 0xe0, 0xff, 	/*Color of index 132*/
  0x41, 0xa4, 0xd4, 0xff, 	/*Color of index 133*/
  0x13, 0xa5, 0xdf, 0xff, 	/*Color of index 134*/
  0x61, 0xa4, 0xc7, 0xff, 	/*Color of index 135*/
  0x18, 0xa5, 0xdb, 0xff, 	/*Color of index 136*/
  0x2f, 0x9e, 0xea, 0xff, 	/*Color of index 137*/
  0x0f, 0x9f, 0xeb, 0xff, 	/*Color of index 138*/
  0x08, 0xa2, 0xe3, 0xff, 	/*Color of index 139*/
  0x10, 0xa3, 0xda, 0xff, 	/*Color of index 140*/
  0x4f, 0xa2, 0xc7, 0xff, 	/*Color of index 141*/
  0x24, 0xa0, 0xdb, 0xff, 	/*Color of index 142*/
  0x34, 0xa0, 0xd3, 0xff, 	/*Color of index 143*/
  0x89, 0x9f, 0xb6, 0xff, 	/*Color of index 144*/
  0x0b, 0xa0, 0xda, 0xff, 	/*Color of index 145*/
  0x69, 0x9d, 0xc1, 0xff, 	/*Color of index 146*/
  0x4a, 0x9e, 0xc6, 0xff, 	/*Color of index 147*/
  0x42, 0x9d, 0xc8, 0xff, 	/*Color of index 148*/
  0x2c, 0x9d, 0xcf, 0xff, 	/*Color of index 149*/
  0x13, 0x9d, 0xd4, 0xff, 	/*Color of index 150*/
  0x09, 0x9e, 0xd4, 0xff, 	/*Color of index 151*/
  0x1d, 0x9c, 0xd1, 0xff, 	/*Color of index 152*/
  0x38, 0x9b, 0xcb, 0xff, 	/*Color of index 153*/
  0x05, 0x9b, 0xdc, 0xff, 	/*Color of index 154*/
  0x54, 0x99, 0xc1, 0xff, 	/*Color of index 155*/
  0x05, 0x9a, 0xd1, 0xff, 	/*Color of index 156*/
  0x26, 0x90, 0xe2, 0xff, 	/*Color of index 157*/
  0x09, 0x96, 0xd7, 0xff, 	/*Color of index 158*/
  0x37, 0x90, 0xd9, 0xff, 	/*Color of index 159*/
  0x38, 0x96, 0xc3, 0xff, 	/*Color of index 160*/
  0x27, 0x95, 0xc9, 0xff, 	/*Color of index 161*/
  0x61, 0x90, 0xc4, 0xff, 	/*Color of index 162*/
  0x14, 0x93, 0xd4, 0xff, 	/*Color of index 163*/
  0x77, 0x94, 0xad, 0xff, 	/*Color of index 164*/
  0x01, 0x92, 0xd7, 0xff, 	/*Color of index 165*/
  0x36, 0x86, 0xec, 0xff, 	/*Color of index 166*/
  0x15, 0x93, 0xca, 0xff, 	/*Color of index 167*/
  0x0a, 0x93, 0xcb, 0xff, 	/*Color of index 168*/
  0x45, 0x92, 0xba, 0xff, 	/*Color of index 169*/
  0x01, 0x92, 0xcb, 0xff, 	/*Color of index 170*/
  0x27, 0x90, 0xc1, 0xff, 	/*Color of index 171*/
  0x36, 0x90, 0xb9, 0xff, 	/*Color of index 172*/
  0x01, 0x8c, 0xd2, 0xff, 	/*Color of index 173*/
  0x17, 0x8e, 0xc3, 0xff, 	/*Color of index 174*/
  0x39, 0x8f, 0xb2, 0xff, 	/*Color of index 175*/
  0x4d, 0x8e, 0xae, 0xff, 	/*Color of index 176*/
  0x0b, 0x8c, 0xc9, 0xff, 	/*Color of index 177*/
  0x53, 0x88, 0xbe, 0xff, 	/*Color of index 178*/
  0x01, 0x8a, 0xcc, 0xff, 	/*Color of index 179*/
  0x09, 0x8b, 0xc4, 0xff, 	/*Color of index 180*/
  0x01, 0x8b, 0xc3, 0xff, 	/*Color of index 181*/
  0x20, 0x83, 0xd3, 0xff, 	/*Color of index 182*/
  0x1b, 0x8a, 0xbd, 0xff, 	/*Color of index 183*/
  0x68, 0x89, 0xa6, 0xff, 	/*Color of index 184*/
  0x01, 0x84, 0xca, 0xff, 	/*Color of index 185*/
  0x14, 0x83, 0xbe, 0xff, 	/*Color of index 186*/
  0x01, 0x85, 0xbd, 0xff, 	/*Color of index 187*/
  0x18, 0x85, 0xb1, 0xff, 	/*Color of index 188*/
  0x2c, 0x84, 0xac, 0xff, 	/*Color of index 189*/
  0x08, 0x83, 0xb9, 0xff, 	/*Color of index 190*/
  0x01, 0x80, 0xc4, 0xff, 	/*Color of index 191*/
  0x3e, 0x73, 0xdb, 0xff, 	/*Color of index 192*/
  0x0a, 0x7d, 0xc3, 0xff, 	/*Color of index 193*/
  0x40, 0x7a, 0xb2, 0xff, 	/*Color of index 194*/
  0x01, 0x7c, 0xb7, 0xff, 	/*Color of index 195*/
  0x3d, 0x7d, 0x9c, 0xff, 	/*Color of index 196*/
  0x1c, 0x6d, 0xd2, 0xff, 	/*Color of index 197*/
  0x15, 0x73, 0xbe, 0xff, 	/*Color of index 198*/
  0x02, 0x73, 0xbf, 0xff, 	/*Color of index 199*/
  0x33, 0x72, 0xac, 0xff, 	/*Color of index 200*/
  0x6a, 0x75, 0x85, 0xff, 	/*Color of index 201*/
  0x21, 0x72, 0x95, 0xff, 	/*Color of index 202*/
  0x03, 0x70, 0xa5, 0xff, 	/*Color of index 203*/
  0x25, 0x69, 0xa9, 0xff, 	/*Color of index 204*/
  0x06, 0x65, 0xbf, 0xff, 	/*Color of index 205*/
  0x44, 0x6f, 0x84, 0xff, 	/*Color of index 206*/
  0x11, 0x69, 0xa7, 0xff, 	/*Color of index 207*/
  0x55, 0x69, 0x71, 0xff, 	/*Color of index 208*/
  0x23, 0x64, 0x80, 0xff, 	/*Color of index 209*/
  0x05, 0x58, 0xb1, 0xff, 	/*Color of index 210*/
  0x3b, 0x5b, 0x8c, 0xff, 	/*Color of index 211*/
  0x05, 0x56, 0x9c, 0xff, 	/*Color of index 212*/
  0x3b, 0x59, 0x64, 0xff, 	/*Color of index 213*/
  0x04, 0x47, 0xa3, 0xff, 	/*Color of index 214*/
  0x03, 0x4a, 0x6e, 0xff, 	/*Color of index 215*/
  0x09, 0x3d, 0x8c, 0xff, 	/*Color of index 216*/
  0x2f, 0x4a, 0x52, 0xff, 	/*Color of index 217*/
  0x34, 0x44, 0x4b, 0xff, 	/*Color of index 218*/
  0x1d, 0x3e, 0x47, 0xff, 	/*Color of index 219*/
  0x04, 0x35, 0x4f, 0xff, 	/*Color of index 220*/
  0x12, 0x30, 0x3c, 0xff, 	/*Color of index 221*/
  0x01, 0x2c, 0x3f, 0xff, 	/*Color of index 222*/
  0x00, 0x23, 0x3a, 0xff, 	/*Color of index 223*/
  0x03, 0x20, 0x30, 0xff, 	/*Color of index 224*/
  0x16, 0x1f, 0x21, 0xff, 	/*Color of index 225*/
  0x01, 0x10, 0x26, 0xff, 	/*Color of index 226*/
  0x05, 0x11, 0x17, 0xff, 	/*Color of index 227*/
  0x00, 0x0b, 0x18, 0xff, 	/*Color of index 228*/
  0xe7, 0xfe, 0xfe, 0xff, 	/*Color of index 229*/
  0xd4, 0xfa, 0xfe, 0xff, 	/*Color of index 230*/
  0xee, 0xf1, 0xf0, 0xff, 	/*Color of index 231*/
  0x30, 0x34, 0x33, 0xff, 	/*Color of index 232*/
  0x27, 0x2c, 0x2c, 0xff, 	/*Color of index 233*/
  0x06, 0x09, 0x08, 0xff, 	/*Color of index 234*/
  0x00, 0x01, 0x01, 0xff, 	/*Color of index 235*/
  0xf8, 0xfb, 0xf9, 0xff, 	/*Color of index 236*/
  0xf5, 0xf7, 0xf5, 0xff, 	/*Color of index 237*/
  0x75, 0x78, 0x76, 0xff, 	/*Color of index 238*/
  0xf7, 0xf9, 0xf6, 0xff, 	/*Color of index 239*/
  0xf5, 0xf6, 0xf3, 0xff, 	/*Color of index 240*/
  0xf2, 0xf3, 0xf1, 0xff, 	/*Color of index 241*/
  0xee, 0xef, 0xed, 0xff, 	/*Color of index 242*/
  0x17, 0x18, 0x16, 0xff, 	/*Color of index 243*/
  0xf1, 0xf1, 0xee, 0xff, 	/*Color of index 244*/
  0xe9, 0xe9, 0xe7, 0xff, 	/*Color of index 245*/
  0xe6, 0xe6, 0xe5, 0xff, 	/*Color of index 246*/
  0x95, 0x94, 0x90, 0xff, 	/*Color of index 247*/
  0x65, 0x64, 0x5e, 0xff, 	/*Color of index 248*/
  0x53, 0x53, 0x51, 0xff, 	/*Color of index 249*/
  0x3f, 0x3f, 0x3c, 0xff, 	/*Color of index 250*/
  0xee, 0xed, 0xec, 0xff, 	/*Color of index 251*/
  0xec, 0xeb, 0xea, 0xff, 	/*Color of index 252*/
  0x4c, 0x49, 0x44, 0xff, 	/*Color of index 253*/
  0xe0, 0xdf, 0xdf, 0xff, 	/*Color of index 254*/
  0xde, 0xdd, 0xdd, 0xff, 	/*Color of index 255*/

  0xf0, 0xf0, 0xf0, 0xed, 0xf0, 0xf0, 0xf1, 0xf0, 0xf1, 0xf0, 0xf0, 0xf1, 0xf0, 0xf0, 0xf0, 0xf0, 0xf0, 0xf0, 0xf0, 0xf0, 0xf0, 0xf0, 0xf0, 0xf0, 0xf1, 0xf1, 0xf1, 0xf4, 0xf1, 0xf1, 0xf1, 0xf1, 0xf1, 0xf1, 0xf1, 0xf1, 0xf1, 0xf1, 0xf1, 0xf1, 0xf1, 0xf1, 0xf1, 0xf1, 0xf4, 0xf1, 0xf4, 0xf4, 0xf4, 0xf1, 0xf4, 0xe7, 0xf4, 0xf4, 0xf4, 0xf4, 0xf4, 0xf4, 0xf4, 0xf1, 0xf4, 0xf4, 0xf4, 0xf4, 0xe7, 0xe7, 0xf1, 0xf4, 0xf4, 0xf4, 0xf4, 0xf4, 0xf4, 0xf4, 0xf4, 0xf1, 0xf1, 0xf4, 0xf4, 0xf4, 0xf4, 0xf4, 0xf4, 0xf4, 0xf4, 0xf2, 0xf2, 0xf4, 0xf4, 0xf4, 0xf4, 0xf4, 0xf4, 0xf4, 0xf4, 0xf4, 0xf4, 0xf4, 0xf2, 0xf2, 0xf4, 0xf2, 0xf4, 0xf4, 0xf4, 0xf4, 0xf2, 0xfb, 0xf4, 0xf2, 0xf4, 0xf2, 0xf2, 0xf2, 0xf2, 0xf2, 0xf2, 0xf2, 0xf2, 0xf2, 0xf2, 0xf2, 0xf2, 0xf2, 0xf2, 0xf2, 0xf2, 0xf2, 0xf2, 0xf2, 0xf2, 0xfb, 0xf2, 0xf2, 0xfb, 0xfb, 0xf2, 0xfb, 0xfb, 0xfc, 0xfb, 0xfb, 0xf2, 0xfb, 0xfb, 0xf2, 0xf2, 0xfb, 0xf2, 0xf2, 0xfb, 0xfb, 0xfb, 0xfb, 0xfb, 0xfb, 0xf2, 0xf2, 0xf2, 0xf4, 
  0xed, 0xf0, 0xf1, 0xf0, 0xf4, 0xf1, 0xf1, 0xf1, 0xf1, 0xf0, 0xf1, 0xf0, 0xf1, 0xf0, 0xed, 0xed, 0xf0, 0xf0, 0xf0, 0xf0, 0xf0, 0xf0, 0xf0, 0xf0, 0xf1, 0xf4, 0xf1, 0xf1, 0xf1, 0xf4, 0xf4, 0xf1, 0xf4, 0xf1, 0xf1, 0xf1, 0xf1, 0xf4, 0xf4, 0xf1, 0xf4, 0xf1, 0xf4, 0xf4, 0xf4, 0xf4, 0xf4, 0xf4, 0xf1, 0xf4, 0xf4, 0xe7, 0xf4, 0xf4, 0xf2, 0xf2, 0xe7, 0xf4, 0xf4, 0xf4, 0xf4, 0xf4, 0xf4, 0xf4, 0xe7, 0xf4, 0xe7, 0xf4, 0xf4, 0xf4, 0xf4, 0xf4, 0xf4, 0xf4, 0xf4, 0xf4, 0xf4, 0xe7, 0xf4, 0xf4, 0xf2, 0xf2, 0xf4, 0xf2, 0xf4, 0xfb, 0xf4, 0xf2, 0xf2, 0xf2, 0xf2, 0xf2, 0xf2, 0xf2, 0xf4, 0xf2, 0xf4, 0xf2, 0xf2, 0xf4, 0xfb, 0xf2, 0xf2, 0xf2, 0xfb, 0xf2, 0xf2, 0xf2, 0xf2, 0xf2, 0xf2, 0xfb, 0xf4, 0xe7, 0xfb, 0xfb, 0xfb, 0xf2, 0xf2, 0xfb, 0xfb, 0xfb, 0xfc, 0xfb, 0xfc, 0xfb, 0xf2, 0xfc, 0xfb, 0xfc, 0xfb, 0xf2, 0xfb, 0xfb, 0xfb, 0xfb, 0xfc, 0xfc, 0xfc, 0xfc, 0xfc, 0xfb, 0xfc, 0xf4, 0xfb, 0xfb, 0xfc, 0xfb, 0xfb, 0xfc, 0xfc, 0xfc, 0xfc, 0xfc, 0xf5, 0xfb, 0xfb, 0xfc, 0xf2, 0xfb, 
  0xf0, 0xf1, 0xf0, 0xf1, 0xf1, 0xe7, 0xf1, 0xf1, 0xf4, 0xf4, 0xf1, 0xf1, 0xf1, 0xf1, 0xf0, 0xf1, 0xf0, 0xf1, 0xf0, 0xf0, 0xf1, 0xf0, 0xf1, 0xf1, 0xf1, 0xf4, 0xf1, 0xf4, 0xe7, 0xf4, 0xf4, 0xf4, 0xf4, 0xf1, 0xf4, 0xf4, 0xf4, 0xf4, 0xf4, 0xf2, 0xf4, 0xf4, 0xf4, 0xf4, 0xf2, 0xf2, 0xf4, 0xf4, 0xf4, 0xe7, 0xf2, 0xf2, 0xf2, 0xf2, 0xfb, 0xf2, 0xf2, 0xfb, 0xf2, 0xf4, 0xf2, 0xf2, 0xf4, 0xf2, 0xf2, 0xf2, 0xf1, 0xf2, 0xf4, 0xf4, 0xf4, 0xf4, 0xf2, 0xf2, 0xf4, 0xe7, 0xf2, 0xf2, 0xf2, 0xf2, 0xf2, 0xf2, 0xf4, 0xf2, 0xf2, 0xf4, 0xe7, 0xf4, 0xf2, 0xf2, 0xf4, 0xf2, 0xf2, 0xf4, 0xf2, 0xf2, 0xf4, 0xfb, 0xfb, 0xfb, 0xfb, 0xfb, 0xfb, 0xf2, 0xfb, 0xfb, 0xfb, 0xf2, 0xfb, 0xfb, 0xfb, 0xfb, 0xf2, 0xf2, 0xf2, 0xfb, 0xfb, 0xfb, 0xf2, 0xfb, 0xfb, 0xfc, 0xfb, 0xfb, 0xfc, 0xfb, 0xfb, 0xfb, 0xfb, 0xfb, 0xfc, 0xfb, 0xfb, 0xfb, 0xfc, 0xfb, 0xfb, 0xf5, 0xfb, 0xfc, 0xfb, 0xfc, 0xfc, 0xfc, 0xfc, 0xfc, 0xfc, 0xfb, 0xfc, 0xfc, 0xf5, 0xfc, 0xfc, 0xf5, 0xfc, 0xfc, 0xfc, 0xf2, 0xfc, 0xf2, 
  0xf0, 0xf0, 0xf1, 0xf1, 0xe7, 0xf4, 0xe7, 0xf4, 0xf1, 0xf4, 0xf4, 0xf1, 0xf2, 0xf1, 0xf4, 0xf0, 0xf1, 0xf0, 0xf0, 0xf1, 0xf1, 0xf4, 0xf1, 0xf4, 0xf1, 0xf4, 0xf4, 0xe7, 0xf4, 0xf2, 0xf4, 0xf4, 0xf2, 0xf2, 0xf4, 0xf2, 0xf4, 0xf4, 0xfb, 0xf2, 0xf2, 0xf2, 0xf2, 0xf2, 0xf2, 0xf2, 0xf4, 0xf2, 0xf2, 0xf2, 0xf2, 0xf2, 0xf2, 0xfb, 0xfc, 0xfb, 0xfb, 0xf2, 0xfb, 0xf2, 0xf2, 0xf2, 0xf2, 0xf2, 0xf2, 0xf2, 0xf2, 0xf2, 0xe7, 0xf2, 0xf2, 0xf2, 0xf4, 0xf2, 0xf4, 0xf2, 0xf4, 0xf2, 0xfb, 0xf2, 0xfb, 0xfb, 0xfb, 0xfb, 0xf2, 0xf2, 0xfc, 0xf2, 0xf2, 0xf2, 0xf2, 0xf2, 0xfb, 0xf2, 0xf4, 0xfb, 0xf2, 0xfb, 0xf2, 0xfb, 0xfb, 0xfb, 0xfb, 0xfb, 0xfb, 0xfb, 0xfb, 0xf2, 0xfb, 0xfb, 0xfb, 0xfb, 0xfb, 0xfb, 0xfb, 0xf2, 0xfb, 0xfb, 0xfb, 0xfc, 0xfc, 0xfc, 0xfc, 0xfc, 0xfc, 0xfb, 0xfc, 0xfc, 0xfb, 0xfc, 0xfc, 0xfb, 0xfc, 0xfc, 0xfc, 0xfc, 0xf5, 0xfb, 0xfc, 0xfb, 0xf5, 0xfc, 0xfc, 0xf5, 0xfc, 0xfc, 0xfc, 0xf5, 0xfc, 0xfc, 0xfc, 0xfc, 0xf5, 0xfc, 0xf5, 0xf5, 0xfc, 0xfc, 0xfb, 0xf2, 
  0xf0, 0xf1, 0xf0, 0xf1, 0xf1, 0xf1, 0xf1, 0xf1, 0xf1, 0xf4, 0xe7, 0xf4, 0xf1, 0xf1, 0xf1, 0xf1, 0xf0, 0xf1, 0xf0, 0xf1, 0xf1, 0xf1, 0xf1, 0xf1, 0xe7, 0xf4, 0xe7, 0xf2, 0xf4, 0xf2, 0xf4, 0xf2, 0xf2, 0xe7, 0xf2, 0xf2, 0xf2, 0xfb, 0xf2, 0xf2, 0xf2, 0xf2, 0xf2, 0xf2, 0xfb, 0xfb, 0xfb, 0xf2, 0xf2, 0xf2, 0xf2, 0xf2, 0xfb, 0xfb, 0x1e, 0xfb, 0xfb, 0xf2, 0xfb, 0xf2, 0xf2, 0xf2, 0xf2, 0xf2, 0xfb, 0xf2, 0xf4, 0xf2, 0xf2, 0xf2, 0xf2, 0xf4, 0xf2, 0xf2, 0xf2, 0xf2, 0xf2, 0xfb, 0xfc, 0x1e, 0xfb, 0xfb, 0xf2, 0xfb, 0xf2, 0xfb, 0xfb, 0xfb, 0xf2, 0xf2, 0xf2, 0xfb, 0xf2, 0xfb, 0xf2, 0xfb, 0xf2, 0xfc, 0xfb, 0xfc, 0xfc, 0xfb, 0xfb, 0xfb, 0xfc, 0xfb, 0xfc, 0xfb, 0xfb, 0xfb, 0xfc, 0xfb, 0xfb, 0xfc, 0x1e, 0xfc, 0xfc, 0xfb, 0xfb, 0xfb, 0xfb, 0xfb, 0xfb, 0xfc, 0xfc, 0xf5, 0xf5, 0xfc, 0xfb, 0xfc, 0xfc, 0xfc, 0xfc, 0xf5, 0xfc, 0xfc, 0xfc, 0xfc, 0xf5, 0xfb, 0xfc, 0xfc, 0xfc, 0xfc, 0xf5, 0xf5, 0xfc, 0xfc, 0xf5, 0xfc, 0xfb, 0xfc, 0xf5, 0xf5, 0xf5, 0xf5, 0xf5, 0xfc, 0xf2, 0xfb, 
  0xed, 0xed, 0xf0, 0xf0, 0xf0, 0xf1, 0xf1, 0xf1, 0xf4, 0xf4, 0xe7, 0xe7, 0xf1, 0xf1, 0xf1, 0xf1, 0xf4, 0xf0, 0xf4, 0xf1, 0xf1, 0xf4, 0xf1, 0xe7, 0xe7, 0xe7, 0xe7, 0xf2, 0xf2, 0xf2, 0xf2, 0xf2, 0xf2, 0xf4, 0xe7, 0xf2, 0xf2, 0xf4, 0xfb, 0xf2, 0xf2, 0xf2, 0xf2, 0xf2, 0xf2, 0xf2, 0xf2, 0xf2, 0xf2, 0xf2, 0xf2, 0xf2, 0xf2, 0xfb, 0xfb, 0xfb, 0x1e, 0xfb, 0xf2, 0xf2, 0xf2, 0xf2, 0xf4, 0xf2, 0xf2, 0xf2, 0xf2, 0xf2, 0xe7, 0xf2, 0xf2, 0xf2, 0xf2, 0xf2, 0xfb, 0xf2, 0xf2, 0xf2, 0xfb, 0xfc, 0xfb, 0x1e, 0xfb, 0xf2, 0xfb, 0xfb, 0xfb, 0xf2, 0xfb, 0xfb, 0x1e, 0xfb, 0xfb, 0xf2, 0xf2, 0xfb, 0xfb, 0xf2, 0xfc, 0xfc, 0xfc, 0xfb, 0xfc, 0xfc, 0xfb, 0xfc, 0xf2, 0xfb, 0xf2, 0xfb, 0xfb, 0xfb, 0xfb, 0xfc, 0xfc, 0xfb, 0xfb, 0xfb, 0xfb, 0xf2, 0xfb, 0xfc, 0xfb, 0xfc, 0xfc, 0xfc, 0xf5, 0xfc, 0xf5, 0xfb, 0xfc, 0xfc, 0xfc, 0xfc, 0xf5, 0xf5, 0xf5, 0xfc, 0xfc, 0xfc, 0xfc, 0xfc, 0xf5, 0xf5, 0xf5, 0xf5, 0xf5, 0xfc, 0xf5, 0xfb, 0xf5, 0xfb, 0xf5, 0xfc, 0xf5, 0xfc, 0xf5, 0xfb, 0xfc, 0xfb, 
  0xed, 0xed, 0xed, 0xed, 0xf0, 0xf0, 0xf1, 0xf1, 0xf4, 0xf1, 0xf4, 0xf4, 0xf1, 0xf4, 0xf1, 0xf1, 0xf1, 0xf1, 0xf1, 0xf1, 0xf1, 0xf1, 0xf1, 0xf1, 0xf4, 0xf2, 0xe7, 0xf2, 0xf2, 0xfb, 0xf2, 0xf2, 0xf2, 0xe7, 0xf4, 0xf4, 0xf2, 0xf2, 0xfb, 0xf2, 0xf2, 0xf2, 0xf2, 0xf2, 0xf2, 0xf2, 0xf2, 0xf4, 0xf2, 0xf4, 0xf2, 0xf2, 0xf2, 0xfb, 0xfb, 0xfb, 0xfb, 0xfb, 0xfb, 0xfb, 0xf2, 0xfb, 0xe7, 0xf2, 0xf2, 0xf4, 0xf2, 0xf2, 0xf2, 0xf2, 0x1e, 0xf2, 0xf4, 0xf2, 0xf2, 0xf2, 0xfb, 0xfb, 0xfb, 0xf2, 0xfb, 0xf2, 0xf2, 0xfb, 0xfb, 0xfb, 0xfb, 0xfb, 0xf2, 0xfb, 0xfb, 0xfb, 0xf2, 0xfb, 0xfb, 0xfb, 0xf2, 0xfb, 0xfb, 0xfb, 0xfb, 0xfb, 0xfb, 0xfb, 0xfc, 0xfb, 0x23, 0xf2, 0xf2, 0xfb, 0xfb, 0xfb, 0xf2, 0xfb, 0xfb, 0xfb, 0xfb, 0xfb, 0xfb, 0xfb, 0xfc, 0xfb, 0xfc, 0xfc, 0xf5, 0xf5, 0xf5, 0xf5, 0xfc, 0xfc, 0xfb, 0xf5, 0xfc, 0xf6, 0xfc, 0xf5, 0xfc, 0xfc, 0xfc, 0xfc, 0xfb, 0xfc, 0xfc, 0xfc, 0xf5, 0xfc, 0xfc, 0xfc, 0xfc, 0xfc, 0xfc, 0xf5, 0xfc, 0xf5, 0xf5, 0xf5, 0xfc, 0xf5, 0xfb, 0xf2, 
  0xef, 0xef, 0xef, 0xef, 0xf0, 0xed, 0xf0, 0xf0, 0xf1, 0xf1, 0xf1, 0xe7, 0xf1, 0xf2, 0xf1, 0xf1, 0xf1, 0xf1, 0xf1, 0xf1, 0xf1, 0xf4, 0xf4, 0xf2, 0xf4, 0xf2, 0xf2, 0xf2, 0xf2, 0xf2, 0xf2, 0xf4, 0xf4, 0xf4, 0xe7, 0xf2, 0xf1, 0xf2, 0xf4, 0xf2, 0xfb, 0xf2, 0xf2, 0xf4, 0xfb, 0xf2, 0xf2, 0xf2, 0xf2, 0xf4, 0xf2, 0xf2, 0xf2, 0xfb, 0xfc, 0xfb, 0xfb, 0xf2, 0xfc, 0xfb, 0xfb, 0xf2, 0xfb, 0xf2, 0xf2, 0xf2, 0xf2, 0xf2, 0xf2, 0xe7, 0xf2, 0xf2, 0xe7, 0xf2, 0xf2, 0xfb, 0xfb, 0xf2, 0xfb, 0xfb, 0xf2, 0xfb, 0xf2, 0xfb, 0xf2, 0xf2, 0xfb, 0xf2, 0xfb, 0xf2, 0xfb, 0xfb, 0xfb, 0xf2, 0xfb, 0xfb, 0xfb, 0xfb, 0xfb, 0xfb, 0xfb, 0xfb, 0xfb, 0xfc, 0xfb, 0xfc, 0xfc, 0xfb, 0xfb, 0xf2, 0xfb, 0xfb, 0xfb, 0xf2, 0xfb, 0xf2, 0xfb, 0xfb, 0xfb, 0xfc, 0xfc, 0xfc, 0xfc, 0xfc, 0xf5, 0xf5, 0xf5, 0xf5, 0xf5, 0xfc, 0xf6, 0xfc, 0xfc, 0xf5, 0xf5, 0xfc, 0xf5, 0xfc, 0xfc, 0xfc, 0xfc, 0xfc, 0xf5, 0xf5, 0xfc, 0xfc, 0xfc, 0xfb, 0xfc, 0xfc, 0xfc, 0xfc, 0xf5, 0xf5, 0xf5, 0xf5, 0xf5, 0xfb, 0xfc, 0xfb, 
  0xef, 0xef, 0xef, 0xef, 0xed, 0xef, 0xf0, 0xed, 0xf0, 0xf0, 0xf1, 0xf0, 0xf1, 0xf1, 0xf1, 0xf1, 0xf4, 0xf4, 0xf1, 0xf4, 0xf4, 0xf4, 0xf1, 0xf2, 0xe7, 0xf2, 0xe7, 0xf4, 0xf2, 0xf4, 0xfb, 0xe7, 0xf4, 0xe7, 0xf4, 0xf4, 0xf2, 0xf4, 0xfb, 0xfb, 0xf2, 0xfb, 0xf2, 0xf2, 0xf2, 0xf2, 0xf2, 0xf2, 0xf2, 0xe7, 0xf4, 0xf2, 0xf2, 0xfb, 0xfb, 0xfc, 0xfb, 0xfb, 0xfb, 0xfb, 0xf2, 0xfb, 0xf2, 0xfb, 0xf2, 0xf2, 0xf2, 0xf2, 0xf2, 0xfb, 0xf2, 0xf2, 0xf2, 0xf2, 0xfb, 0xf2, 0xfb, 0xf2, 0xf2, 0xfb, 0xf2, 0xf2, 0xf2, 0xf4, 0xfb, 0xfb, 0xfb, 0xfb, 0xfb, 0xfb, 0xfb, 0xfc, 0xf2, 0xfb, 0xfb, 0xfb, 0xfb, 0xfb, 0xf2, 0xfb, 0xfb, 0xfb, 0xf2, 0xfb, 0xfc, 0xfb, 0xfc, 0xfc, 0xf2, 0xf2, 0xfb, 0xfb, 0xfb, 0xfb, 0xf2, 0xfb, 0xfb, 0xfb, 0xfb, 0xfc, 0xfb, 0xfc, 0xfc, 0xfc, 0xfc, 0xf5, 0xfc, 0xfc, 0xfc, 0xf5, 0xf5, 0xf5, 0xf5, 0xfc, 0xfc, 0xf5, 0xf5, 0xfc, 0xf5, 0xfc, 0xfc, 0xfc, 0xfc, 0xf5, 0xfc, 0xfc, 0xfc, 0xfc, 0xfb, 0xf5, 0xf5, 0xfc, 0xf5, 0xf5, 0xf5, 0xf5, 0xfc, 0xfc, 0xfb, 0xfb, 
  0xef, 0xef, 0xef, 0xef, 0xef, 0xf0, 0xf0, 0xef, 0xed, 0xed, 0xf0, 0xf0, 0xf0, 0xf1, 0xf1, 0xf1, 0xf4, 0xf1, 0xf4, 0xe7, 0xf4, 0xe7, 0xf2, 0xf2, 0xf2, 0xe7, 0xf2, 0xf2, 0xf2, 0xf2, 0xf4, 0xf2, 0xf2, 0xf2, 0xf4, 0xe7, 0xf4, 0xf2, 0xf2, 0xf2, 0xfb, 0xf2, 0xf2, 0xf2, 0xf2, 0xf2, 0xf2, 0xfb, 0xf4, 0xf2, 0xf2, 0xf2, 0xf2, 0xfb, 0x1e, 0xfb, 0xf2, 0xfb, 0xfb, 0xfb, 0xfb, 0xf2, 0xf2, 0xf2, 0xfb, 0xf2, 0xf2, 0xf2, 0xf2, 0xfb, 0xfb, 0xf2, 0xf2, 0xf2, 0xf2, 0xf2, 0xfb, 0xfb, 0xfb, 0xf4, 0xfb, 0xf2, 0xf2, 0xfb, 0xf2, 0xfb, 0xf2, 0xfb, 0xfb, 0xfb, 0xfb, 0xfb, 0xfb, 0xfb, 0xf2, 0xfb, 0xfb, 0xf2, 0xfb, 0xf2, 0xfb, 0xfb, 0xfb, 0xfc, 0xfb, 0xfb, 0xfb, 0xfb, 0xfb, 0xfb, 0xfc, 0xfb, 0xfc, 0xfb, 0xfb, 0xfb, 0xfc, 0xfb, 0xfc, 0xfc, 0xfc, 0xfc, 0xfc, 0xfc, 0xfc, 0xfc, 0xfc, 0xf5, 0xf5, 0xf5, 0xf5, 0xf5, 0xfc, 0xf5, 0xf5, 0xfc, 0xf5, 0xfc, 0xfc, 0xfc, 0xfc, 0xf5, 0xfc, 0xf5, 0xfc, 0xf5, 0xfc, 0xfc, 0xf5, 0xf5, 0xfc, 0xf5, 0xfc, 0xf5, 0xf5, 0xf5, 0xf5, 0xfc, 0xfc, 0xfb, 
  0xef, 0xef, 0xef, 0xef, 0xef, 0xed, 0xef, 0xef, 0xed, 0xed, 0xed, 0xef, 0xf1, 0xf0, 0xf1, 0xf1, 0xf4, 0xe7, 0xf1, 0xf4, 0xf2, 0xe7, 0xf4, 0xf2, 0xe7, 0xf2, 0xf4, 0xf2, 0xf2, 0xf2, 0xfb, 0xf2, 0xfb, 0xf2, 0xf2, 0xfb, 0xfb, 0xfb, 0xfb, 0xf2, 0xf2, 0xf2, 0xfb, 0xf2, 0xf2, 0xf2, 0xfb, 0xf2, 0xf2, 0xf4, 0xf2, 0xf4, 0xf4, 0xf2, 0xfb, 0xfb, 0xfb, 0xfb, 0xf2, 0xfb, 0xf2, 0xfb, 0xf2, 0xfb, 0xf2, 0xfb, 0xf2, 0xf2, 0xfb, 0xf2, 0xf2, 0xf2, 0xf2, 0xf2, 0xf2, 0xfb, 0xfb, 0xf2, 0xf2, 0xf2, 0xf2, 0xf2, 0xf2, 0xf2, 0xfb, 0xf2, 0xfb, 0xfb, 0xfb, 0xfb, 0xfb, 0xf2, 0xfb, 0xf2, 0xfb, 0xfb, 0xfb, 0xfb, 0xfb, 0xfc, 0xf2, 0xfb, 0xfb, 0xfc, 0xfb, 0xfb, 0xfc, 0xfb, 0xfb, 0xfc, 0xfb, 0xfc, 0xfb, 0xfc, 0xfc, 0xfc, 0xfb, 0xfb, 0xfc, 0xfb, 0xfc, 0xfc, 0xfc, 0xf5, 0xfc, 0xfc, 0xfc, 0xfc, 0xfc, 0xf5, 0xfc, 0xf5, 0xfc, 0xf5, 0xf5, 0xf5, 0xf5, 0xf5, 0xf5, 0xf5, 0xfc, 0xf5, 0xf5, 0xf5, 0xf5, 0xfc, 0xfc, 0xf5, 0xf5, 0xfc, 0xf5, 0xf5, 0xf5, 0xf5, 0xfc, 0xfc, 0xfc, 0xfc, 0xfb, 0xfb, 
  0xec, 0xef, 0xec, 0xef, 0xef, 0xed, 0xef, 0xef, 0xed, 0xed, 0xf0, 0xed, 0xf0, 0xf0, 0xf0, 0xf1, 0xf1, 0xf4, 0xf4, 0xf2, 0xf4, 0xe7, 0xf2, 0xe7, 0xf2, 0xf4, 0xf2, 0xf4, 0xf2, 0xf2, 0xf2, 0xfb, 0xf2, 0xfb, 0xf2, 0xfb, 0xf2, 0xfb, 0xf2, 0xf2, 0xf2, 0xf2, 0xf4, 0xf2, 0xf2, 0xf2, 0xf2, 0xf2, 0xf4, 0xf2, 0xf4, 0xf4, 0xf4, 0xf4, 0xf2, 0xf2, 0xf2, 0xf2, 0xfb, 0xfb, 0xfb, 0xf2, 0xf2, 0xfb, 0xfb, 0xf2, 0xf2, 0xf2, 0xfb, 0xfb, 0xfb, 0xfb, 0xfb, 0xf2, 0xf2, 0xf2, 0xfb, 0xf2, 0xfb, 0xf2, 0xf2, 0xf2, 0xfb, 0xfb, 0xfb, 0xfb, 0xfc, 0xfb, 0xfb, 0xfb, 0xfb, 0xfb, 0xf2, 0xfb, 0xfb, 0xfc, 0xfc, 0xf2, 0xfc, 0xfb, 0xfb, 0xfb, 0xfc, 0xfc, 0xfb, 0xfb, 0xfb, 0xfb, 0xfb, 0xfb, 0xfc, 0xfc, 0xfc, 0xfc, 0xfc, 0xfc, 0xfb, 0xfc, 0xfb, 0xfc, 0xfb, 0xfc, 0xfc, 0xfc, 0xfb, 0xfc, 0xfb, 0xfc, 0xfc, 0xfc, 0xfb, 0xf5, 0xf5, 0xf5, 0x23, 0xf5, 0xf6, 0xf5, 0xf5, 0xf5, 0xf5, 0xf5, 0xf5, 0xfc, 0xfc, 0xfc, 0xf5, 0xfc, 0xf5, 0xf5, 0xf5, 0xf5, 0xf5, 0xf5, 0xf5, 0xf5, 0xfb, 0xfb, 0xfb, 0xfb, 
  0xef, 0xef, 0xef, 0xef, 0xef, 0xf0, 0xef, 0xed, 0xef, 0xed, 0xed, 0xed, 0xed, 0xef, 0xf0, 0xf0, 0xf1, 0xf1, 0xe7, 0xf2, 0xe7, 0xf4, 0xf2, 0xf4, 0xf2, 0xf2, 0xfb, 0xf4, 0xf2, 0xf1, 0xf2, 0xf2, 0xf2, 0xf2, 0xf2, 0xfb, 0xf2, 0xf2, 0xe7, 0xf2, 0xfb, 0xfb, 0xf2, 0xf2, 0xf2, 0xf2, 0xf2, 0xf4, 0xf4, 0xf1, 0xf4, 0xfe, 0xf7, 0xf6, 0xf4, 0xf4, 0xf4, 0xf4, 0xf2, 0xfb, 0xfb, 0xfc, 0xfb, 0xf2, 0xfb, 0xfb, 0xfb, 0xfc, 0xfb, 0xfb, 0xfc, 0xfb, 0xfb, 0xfb, 0xfb, 0xf2, 0xfb, 0xf2, 0xfb, 0xf2, 0xf2, 0xfb, 0xfb, 0xfc, 0xfb, 0xfb, 0xfb, 0xfb, 0xfb, 0xfb, 0xfb, 0xf2, 0xf2, 0xfb, 0xfb, 0xfc, 0xfc, 0xfb, 0xfb, 0xfb, 0xfb, 0xfc, 0xfb, 0xfb, 0xfc, 0xfc, 0xfc, 0xfc, 0xfb, 0xfc, 0xfc, 0xfc, 0xfc, 0xf5, 0xfc, 0xfc, 0xfb, 0xfc, 0xfb, 0xfb, 0xfc, 0xfb, 0xfc, 0xf2, 0xfb, 0xfb, 0xfb, 0xfb, 0xf5, 0xf5, 0xf5, 0xfc, 0xfc, 0xf5, 0xf5, 0x23, 0xf6, 0xf5, 0xf5, 0xf5, 0xf6, 0xf5, 0xf5, 0xfc, 0xfc, 0xf5, 0xfc, 0xfc, 0xf5, 0xfc, 0xf5, 0x23, 0xf5, 0x23, 0xfc, 0xf5, 0xfc, 0xfb, 0xfc, 0xfb, 
  0xef, 0xef, 0xec, 0xef, 0xef, 0xef, 0xef, 0xef, 0xef, 0xed, 0xf0, 0xed, 0xed, 0xf0, 0xef, 0xed, 0xf0, 0xf0, 0xf1, 0xf4, 0xf4, 0xfb, 0xf2, 0xf2, 0xf2, 0xf4, 0xfb, 0xf2, 0xf2, 0xf2, 0xf2, 0xf2, 0xf2, 0xf2, 0xf2, 0xfb, 0xf2, 0xf2, 0xfb, 0xfb, 0xfb, 0xf2, 0xf2, 0xfb, 0xf2, 0xf4, 0xf4, 0xf4, 0xf4, 0xf1, 0xfb, 0xf9, 0xfd, 0xfd, 0xf7, 0xfc, 0xf4, 0xf4, 0xfb, 0xf2, 0xfb, 0xfb, 0xfb, 0xfb, 0xfc, 0xfb, 0xfc, 0xfb, 0xfb, 0xf2, 0xfc, 0xfb, 0xfb, 0xfb, 0xfb, 0xfb, 0xf2, 0xfb, 0xf2, 0xfb, 0xfb, 0xf2, 0xfb, 0xfb, 0xfb, 0xfb, 0xfb, 0xfc, 0xfb, 0xfc, 0xf2, 0xfb, 0xf2, 0xfb, 0xfb, 0xfc, 0xfc, 0xfc, 0xfc, 0xfc, 0xfb, 0xfc, 0xfb, 0xf5, 0xfc, 0xf5, 0xfc, 0xfc, 0xfc, 0xfc, 0xfc, 0xfc, 0xfc, 0xfc, 0xfc, 0xfc, 0xfb, 0xfc, 0xfb, 0xfc, 0xfb, 0xfc, 0xfc, 0xfb, 0xf1, 0xf8, 0xfd, 0xe8, 0xea, 0xea, 0xff, 0xfc, 0xfc, 0xf5, 0xf5, 0xf5, 0xf5, 0xf6, 0xf5, 0xf5, 0xf5, 0xf5, 0xf5, 0xf5, 0xf5, 0xf5, 0xf5, 0xfc, 0xf5, 0xf5, 0xf5, 0xf5, 0x23, 0xf5, 0x23, 0xf6, 0xfc, 0xfc, 0xfc, 0xfb, 
  0xef, 0xef, 0xec, 0xef, 0xef, 0xef, 0xef, 0xef, 0xef, 0xef, 0xef, 0xed, 0xed, 0xef, 0xef, 0xed, 0xef, 0xed, 0xf1, 0xf1, 0xf4, 0xe7, 0xf4, 0xf2, 0xfb, 0xf2, 0xf2, 0xf2, 0xf2, 0xf2, 0xf2, 0xf2, 0xf2, 0xf2, 0xf4, 0xf2, 0xf2, 0xf2, 0xf2, 0xfb, 0xf2, 0xfb, 0xf2, 0xf2, 0xf2, 0xf4, 0xf4, 0xf4, 0xf1, 0xf4, 0xff, 0xfd, 0xf9, 0xfd, 0xfa, 0xf9, 0xf6, 0xf4, 0xf4, 0xf4, 0xfb, 0xfb, 0xf2, 0xfc, 0xfb, 0xfb, 0xfb, 0xfb, 0xfb, 0xfb, 0xfb, 0xfb, 0xfb, 0xfb, 0xf2, 0xf2, 0xfb, 0xfb, 0xf2, 0xfb, 0xf2, 0xfb, 0xfb, 0xfb, 0xfb, 0xfc, 0xfc, 0xfb, 0xfb, 0xfb, 0xfb, 0xfb, 0xf2, 0xfb, 0xfb, 0xfb, 0xfb, 0xfc, 0xfc, 0xfb, 0xfc, 0xf5, 0xfc, 0xfc, 0xfc, 0xfb, 0xfc, 0xfc, 0xfb, 0xfc, 0xfc, 0xfc, 0xfb, 0xfb, 0xf5, 0xfc, 0xfc, 0xfb, 0xfb, 0xf2, 0xfb, 0xfb, 0xfa, 0xfa, 0xe8, 0xf3, 0xea, 0xeb, 0xeb, 0xeb, 0xf5, 0xfc, 0xfc, 0xf5, 0xf5, 0xf5, 0xf6, 0xf5, 0xf6, 0xf5, 0xf6, 0xf6, 0xfc, 0xf6, 0xf5, 0xfc, 0xf5, 0xf5, 0xf5, 0xf5, 0xfc, 0xf6, 0xf5, 0xf5, 0xf5, 0xf5, 0xf5, 0xfc, 0xfc, 0xfc, 
  0xf0, 0xef, 0xef, 0xec, 0xef, 0xef, 0xef, 0xec, 0xef, 0xef, 0xef, 0xef, 0xef, 0xef, 0xef, 0xef, 0xef, 0xef, 0xef, 0xf0, 0xf1, 0xf1, 0xf4, 0xf2, 0xf4, 0xfb, 0xf2, 0xf2, 0xf2, 0xf2, 0xf2, 0xf2, 0xe7, 0xf2, 0xf2, 0xe7, 0xf2, 0xf2, 0xfb, 0xfb, 0xfb, 0xf2, 0xfb, 0xf2, 0xf2, 0xe7, 0xf2, 0xf4, 0xf1, 0xf1, 0x5a, 0xfd, 0xf9, 0xfd, 0xfa, 0xfa, 0xf9, 0x02, 0xf4, 0xe7, 0xf2, 0xf2, 0xf2, 0xfb, 0xf2, 0xfb, 0xfb, 0xf2, 0xfb, 0xf2, 0xfb, 0xf2, 0xf2, 0xfb, 0xfb, 0xfc, 0xfc, 0xfb, 0xf2, 0xf2, 0xf2, 0xf2, 0xfb, 0xfb, 0xfb, 0xf2, 0xfb, 0xfc, 0xfc, 0xfc, 0xfb, 0xfb, 0xf2, 0xfb, 0xfb, 0xfb, 0xfc, 0xfb, 0xfc, 0xfc, 0xfc, 0xfc, 0xfc, 0xfc, 0xfb, 0xfb, 0xfc, 0xfc, 0xfc, 0xfc, 0xfc, 0xfc, 0xfc, 0xf2, 0xfc, 0x1a, 0x1e, 0xe7, 0xf1, 0xf9, 0xfa, 0xe8, 0xe9, 0xf3, 0xea, 0xeb, 0xeb, 0xeb, 0xeb, 0xe3, 0xf5, 0xfc, 0xf5, 0xfc, 0xf5, 0xf5, 0xf6, 0xf6, 0xf5, 0xf5, 0xf5, 0xf5, 0xf5, 0xf5, 0xf5, 0xf5, 0xfc, 0xf5, 0xf5, 0xf5, 0xf5, 0xfc, 0xf5, 0xf5, 0xf5, 0xfc, 0xf5, 0xfc, 0xfc, 0xfc, 
  0xed, 0xf0, 0xef, 0xef, 0xef, 0xef, 0xef, 0xef, 0xef, 0xef, 0xef, 0xef, 0xef, 0xef, 0xef, 0xef, 0xec, 0xef, 0xed, 0xed, 0xf1, 0xf1, 0xf4, 0xe7, 0xf2, 0xf2, 0xf2, 0xf2, 0xf2, 0xf2, 0xf2, 0xf2, 0xf4, 0xf2, 0xf2, 0xf2, 0xfb, 0xf2, 0xf2, 0xf2, 0xfb, 0xf2, 0xf2, 0xf2, 0xf2, 0xf2, 0xf4, 0xf4, 0xf1, 0xf1, 0xf7, 0xfd, 0xf9, 0xf9, 0xfd, 0xfa, 0xfa, 0xf9, 0x36, 0x1a, 0xf4, 0xf4, 0xf4, 0xf2, 0xfb, 0xf2, 0xfb, 0xf2, 0xfb, 0xf2, 0xf2, 0xfb, 0xfb, 0xfb, 0xfb, 0xfc, 0xf2, 0xfb, 0xfb, 0xfb, 0xf2, 0xfb, 0xfb, 0xfb, 0xfb, 0xfb, 0xfb, 0xfb, 0xfb, 0xfb, 0xfb, 0xfb, 0xf2, 0xfc, 0xfb, 0xf5, 0xfb, 0xfc, 0xfb, 0xfb, 0xfc, 0xfb, 0xfc, 0xfc, 0xfc, 0xfb, 0xfb, 0xfb, 0xfb, 0xfb, 0xfb, 0xf2, 0xfb, 0xf2, 0x19, 0x18, 0x2a, 0xd5, 0xe8, 0xe8, 0xe9, 0xf3, 0xea, 0xea, 0xeb, 0xeb, 0xeb, 0xeb, 0xea, 0xf6, 0xfc, 0xfc, 0xf5, 0xf5, 0xf5, 0xf6, 0xf5, 0xf5, 0xf5, 0xf6, 0xf5, 0xf5, 0xf6, 0xf5, 0xf5, 0xfc, 0xf5, 0xf5, 0xf5, 0xf5, 0xfc, 0xf5, 0xfc, 0xf5, 0xf5, 0xf5, 0xf5, 0xfc, 0xfc, 0xfc, 
  0xf1, 0xf0, 0xf0, 0xef, 0xef, 0xef, 0xef, 0xef, 0xef, 0xef, 0xec, 0xef, 0xef, 0xef, 0xec, 0xef, 0xef, 0xef, 0xef, 0xef, 0xf1, 0xf1, 0xf1, 0xf1, 0xf2, 0xf2, 0xf2, 0xe7, 0xf2, 0xf2, 0xf2, 0xf2, 0xf2, 0xf2, 0xfb, 0xf2, 0xf2, 0xf2, 0xf2, 0xfb, 0xf2, 0xfb, 0xf2, 0xf2, 0xf2, 0xf4, 0xf4, 0xf1, 0xf1, 0xf1, 0xee, 0xfd, 0xf8, 0xf8, 0xfd, 0xda, 0xdb, 0xc9, 0x81, 0x2a, 0x1a, 0xe7, 0xf4, 0xf2, 0xf2, 0xfb, 0xf2, 0xfb, 0xfb, 0xf2, 0xfb, 0xf2, 0xfb, 0xfb, 0xfb, 0xfb, 0xfb, 0xfb, 0xf2, 0xfb, 0xf2, 0xf2, 0xfb, 0xfb, 0xfb, 0xf2, 0xf2, 0xfb, 0xfb, 0xfb, 0xfc, 0xfc, 0xfc, 0xf2, 0xfc, 0xfb, 0xfc, 0xfb, 0xfb, 0xfb, 0xfb, 0xfb, 0xfb, 0xfc, 0xfb, 0xfb, 0xfb, 0xfb, 0xfb, 0xf2, 0x1e, 0x1a, 0x19, 0x1d, 0x30, 0x46, 0x46, 0xb8, 0xe9, 0xf3, 0xea, 0xea, 0xeb, 0xeb, 0xeb, 0xeb, 0xeb, 0xea, 0xe9, 0xfc, 0xfb, 0xfc, 0xf5, 0xf5, 0xf6, 0xf5, 0xf5, 0xf5, 0xf5, 0xfc, 0xf5, 0xf5, 0xf5, 0xf5, 0xf5, 0xf5, 0xfc, 0xfc, 0xfc, 0xf5, 0xfc, 0xf5, 0xfc, 0xf5, 0xfc, 0xf5, 0xf5, 0xfc, 0xfc, 0xfb, 
  0xf4, 0xf1, 0xf0, 0xf0, 0xef, 0xef, 0xef, 0xef, 0xef, 0xef, 0xef, 0xec, 0xec, 0xec, 0xec, 0xef, 0xec, 0xef, 0xec, 0xef, 0xed, 0xf0, 0xf1, 0xf4, 0xe7, 0xf2, 0xe7, 0xf2, 0xf2, 0xf2, 0xfb, 0xf2, 0xf2, 0xfc, 0xf2, 0xfb, 0xfb, 0xf2, 0xf2, 0xf2, 0xfb, 0xfb, 0xf2, 0xf2, 0xe7, 0xf2, 0xf4, 0xf4, 0xf4, 0xf1, 0xee, 0xfd, 0xf8, 0xf8, 0xd5, 0xd5, 0x4d, 0x40, 0x51, 0x5e, 0x20, 0x1a, 0xf4, 0xf2, 0xf2, 0xf2, 0xfb, 0xfb, 0xf2, 0xfb, 0xfb, 0xfb, 0xfb, 0xfb, 0xfb, 0xfb, 0xfb, 0xfb, 0xfb, 0xfb, 0xfb, 0xf2, 0xfb, 0xf2, 0xfb, 0xf2, 0xfb, 0xf2, 0xfb, 0xfb, 0xfb, 0xf2, 0xfb, 0xfb, 0xfc, 0xfb, 0xfb, 0xfb, 0xfb, 0xfb, 0xfb, 0xfb, 0xfb, 0xfc, 0xf2, 0xfb, 0xf2, 0xf2, 0xf4, 0x1e, 0x19, 0x1c, 0x35, 0x3c, 0x3c, 0x40, 0x4d, 0xd1, 0xe3, 0xea, 0xea, 0xeb, 0xeb, 0xeb, 0xeb, 0xeb, 0xea, 0xf3, 0xf5, 0xfc, 0xfc, 0xfc, 0xf5, 0xf5, 0xf5, 0xf5, 0xf5, 0xf5, 0xf5, 0xf5, 0xf5, 0xf6, 0xf5, 0xf5, 0xf6, 0xfc, 0xf5, 0xfc, 0xf5, 0xfc, 0xfc, 0xf5, 0xfc, 0xfc, 0xf5, 0xf5, 0xfc, 0xfc, 0xfc, 0xfc, 
  0xf1, 0xf1, 0xf1, 0xf1, 0xf0, 0xed, 0xef, 0xef, 0xef, 0xef, 0xec, 0xef, 0xef, 0xec, 0xec, 0xef, 0xef, 0xec, 0xef, 0xef, 0xef, 0xf4, 0xf0, 0xf1, 0xe7, 0xf4, 0xf2, 0xf2, 0xf2, 0xf2, 0xe7, 0xf2, 0xe7, 0xfb, 0xf2, 0xfb, 0xf2, 0xfb, 0xfb, 0x1e, 0xfb, 0xf2, 0xfb, 0xfb, 0xf2, 0xf4, 0xf4, 0xf4, 0xf1, 0xf1, 0xee, 0xfd, 0xf8, 0xee, 0xd0, 0x3c, 0x40, 0x43, 0x4e, 0x5e, 0x5e, 0x1f, 0x1a, 0xf2, 0xf2, 0xfb, 0xfb, 0xfb, 0xfb, 0xfc, 0xfb, 0xfb, 0xfb, 0xfb, 0xfc, 0xfc, 0xfb, 0xfb, 0xf2, 0xfb, 0xf2, 0xfb, 0xfb, 0xfb, 0xf2, 0xfb, 0xf2, 0xfb, 0xfb, 0xf2, 0xfb, 0xfb, 0xfb, 0xf2, 0xfb, 0xf2, 0xfb, 0xfb, 0xfb, 0xfb, 0xfb, 0xf2, 0xfb, 0xf2, 0xfb, 0xf4, 0xf2, 0xe7, 0x19, 0x18, 0x30, 0x35, 0x3a, 0x3e, 0x47, 0x50, 0x5e, 0xe0, 0xea, 0xeb, 0xeb, 0xeb, 0xeb, 0xeb, 0xeb, 0xea, 0xf3, 0x64, 0xfc, 0xfb, 0xfb, 0xf5, 0xf5, 0xf5, 0xf6, 0xfc, 0xf5, 0xfc, 0xfc, 0xf5, 0xf5, 0xfc, 0xf5, 0xf5, 0xf5, 0xf5, 0xf5, 0xfc, 0xfc, 0xfc, 0xfc, 0xfc, 0xf5, 0xfc, 0xf5, 0xf5, 0xf5, 0xfb, 0xfc, 0xfc, 
  0xf1, 0xf1, 0xf1, 0xf1, 0xf1, 0xf0, 0xed, 0xef, 0xef, 0xec, 0xef, 0xec, 0xec, 0xec, 0xec, 0xec, 0xec, 0xef, 0xef, 0xef, 0xed, 0xf0, 0xf1, 0xf4, 0xf4, 0xf4, 0xe7, 0xf2, 0xf2, 0xf2, 0xfb, 0xf2, 0xf2, 0xf2, 0xfb, 0xfb, 0xfb, 0xf2, 0xfb, 0xf2, 0xf2, 0xf2, 0xf2, 0xf2, 0xe7, 0xfb, 0xf4, 0xf1, 0xf2, 0xef, 0xf7, 0xfa, 0xf8, 0xc9, 0x30, 0x33, 0x3a, 0x3e, 0x40, 0x58, 0x5e, 0x5e, 0x19, 0xe7, 0xf4, 0xf2, 0xf2, 0xfb, 0xfb, 0xfb, 0xfc, 0xfb, 0xfb, 0xfb, 0xfc, 0xfb, 0xfb, 0xfb, 0xfb, 0xfb, 0xf2, 0xf2, 0xfb, 0xfb, 0xfb, 0xfb, 0xfb, 0xfb, 0xf2, 0xfb, 0xfb, 0xfb, 0xf2, 0xfc, 0xfb, 0xfb, 0xfc, 0xfb, 0xfc, 0xfc, 0xf2, 0xfc, 0xf2, 0xf4, 0xf4, 0xfb, 0x1a, 0x18, 0x2c, 0x33, 0x3c, 0x3b, 0x47, 0x50, 0x58, 0x6d, 0x79, 0xe4, 0x16, 0xeb, 0xeb, 0xeb, 0xeb, 0xeb, 0xea, 0xe3, 0xe8, 0xfc, 0xfb, 0xfc, 0xfc, 0xfc, 0xf5, 0x23, 0xf5, 0xf5, 0xfc, 0xf5, 0xf5, 0xfc, 0xf5, 0xf5, 0xf5, 0xf5, 0xf6, 0xf5, 0xf5, 0xf5, 0xf5, 0xf5, 0xf5, 0xfc, 0xf5, 0xf5, 0xf5, 0xf5, 0xfc, 0xf5, 0xfc, 0xfb, 
  0xf1, 0xf4, 0xf1, 0xf2, 0xf4, 0xf1, 0xf0, 0xf0, 0xef, 0xef, 0xef, 0xec, 0xec, 0xec, 0xef, 0xef, 0xef, 0xef, 0xef, 0xef, 0xf0, 0xf0, 0xf1, 0xf1, 0xe7, 0xf4, 0xf2, 0xf4, 0xfb, 0xf2, 0xf4, 0xf2, 0xf2, 0xe7, 0xfb, 0xfb, 0xfb, 0xfb, 0xf2, 0xf2, 0xf2, 0xf2, 0xf2, 0xf2, 0xfb, 0xf4, 0xf4, 0xf4, 0xf1, 0xf4, 0x4c, 0xe8, 0xd5, 0x44, 0x24, 0x2d, 0x32, 0x3b, 0x47, 0x4e, 0x65, 0x70, 0x44, 0x19, 0xe7, 0xf4, 0xf2, 0xf2, 0xfc, 0xfc, 0xfb, 0xfb, 0xfb, 0xfb, 0xfc, 0xfb, 0xfb, 0xfc, 0xfb, 0xfb, 0xf2, 0xfb, 0xfb, 0xfb, 0xfb, 0xfb, 0xfb, 0xfb, 0xfb, 0xf2, 0xfb, 0xfb, 0xfb, 0xfb, 0xf2, 0xfb, 0xf2, 0xfb, 0xfb, 0xfc, 0xfb, 0xf2, 0xf2, 0xf2, 0x1a, 0x19, 0x1b, 0x30, 0x33, 0x37, 0x43, 0x4e, 0x58, 0x5f, 0x69, 0x73, 0x8d, 0x15, 0xeb, 0xeb, 0xeb, 0xeb, 0xeb, 0xea, 0xf3, 0xe8, 0xf5, 0xfb, 0xfc, 0xfc, 0xf5, 0xf5, 0xf5, 0xf5, 0xf5, 0x23, 0xf5, 0xfc, 0xf5, 0xf5, 0xfc, 0xfc, 0xf5, 0xf5, 0xf5, 0xf5, 0xf5, 0xfc, 0xf5, 0xf5, 0xf5, 0xf5, 0xfc, 0xf5, 0xf5, 0xf5, 0xfc, 0xfc, 0xfc, 0xfc, 
  0xf1, 0xf1, 0xf4, 0xf2, 0xe7, 0xf4, 0xe7, 0xf0, 0xed, 0xef, 0xef, 0xec, 0xec, 0xef, 0xec, 0xef, 0xef, 0xef, 0xef, 0xf0, 0xed, 0xf0, 0xf1, 0xf1, 0xe7, 0xf2, 0xf2, 0xe7, 0xf2, 0xe7, 0xf2, 0xe7, 0xf2, 0xf2, 0xf2, 0xfb, 0xf2, 0xfb, 0xfb, 0xe7, 0xf2, 0xf2, 0xfb, 0xf2, 0xf2, 0xf4, 0xf2, 0xf4, 0xf4, 0xf4, 0xf5, 0xe8, 0xd5, 0x2c, 0x24, 0x29, 0x2e, 0x3b, 0x43, 0x47, 0x58, 0x70, 0x70, 0x2a, 0x1a, 0xf4, 0xf2, 0xfb, 0xfb, 0xfb, 0xfc, 0xfc, 0xfb, 0xfb, 0xfc, 0xfb, 0xfb, 0xf2, 0xfb, 0xf2, 0xf2, 0xfb, 0xf2, 0xfb, 0xf2, 0xfc, 0xfb, 0xfb, 0xf2, 0xfb, 0xfb, 0xfb, 0xfb, 0xfb, 0xfb, 0xfb, 0xfb, 0xf2, 0xfb, 0xfb, 0xf4, 0xfb, 0xe7, 0x1a, 0x1b, 0x2c, 0x33, 0x33, 0x3b, 0x47, 0x50, 0x58, 0x67, 0x69, 0x83, 0x82, 0xaf, 0x15, 0x16, 0xeb, 0xeb, 0xeb, 0xea, 0xf3, 0xe8, 0xf6, 0xfc, 0xfc, 0xf5, 0xfc, 0xf5, 0xf5, 0xf5, 0xf5, 0x23, 0xf5, 0xfc, 0xf5, 0xfc, 0xfc, 0xf5, 0xf5, 0xf5, 0xf5, 0xf5, 0xf5, 0xfc, 0xf5, 0xf5, 0xf5, 0xfc, 0xf5, 0xf5, 0xf5, 0xf5, 0xf5, 0xfc, 0xfb, 0xfb, 0xfb, 
  0xf0, 0xf1, 0xf1, 0xf4, 0xfb, 0xfb, 0xf2, 0xf1, 0xf0, 0xed, 0xef, 0xef, 0xef, 0xef, 0xef, 0xef, 0xef, 0xef, 0xed, 0xef, 0xed, 0xf0, 0xf1, 0xf1, 0xf2, 0xe7, 0xf2, 0xf4, 0xf2, 0xf2, 0xf4, 0xf2, 0xf2, 0xf2, 0xf2, 0xf2, 0xf2, 0xf2, 0xf2, 0xf2, 0xf2, 0xe7, 0xf2, 0xfb, 0xf2, 0xf2, 0xf4, 0xf4, 0xf4, 0xf1, 0xfb, 0xe8, 0x81, 0x24, 0x24, 0x28, 0x2d, 0x3a, 0x43, 0x47, 0x50, 0x65, 0x7e, 0x5d, 0x20, 0xf1, 0xf4, 0xf2, 0xfb, 0xfb, 0xfb, 0xfb, 0xfb, 0xfb, 0xfb, 0xfc, 0xf2, 0xfb, 0xf2, 0xf2, 0xf2, 0xf2, 0xfb, 0xf2, 0xfb, 0xf2, 0xf2, 0xfb, 0xfb, 0xf2, 0xfb, 0xfb, 0xf2, 0xfb, 0xfb, 0xf2, 0xf4, 0xf2, 0xf4, 0xf2, 0xe7, 0x1a, 0x19, 0x1b, 0x30, 0x2e, 0x3a, 0x43, 0x4e, 0x58, 0x67, 0x69, 0x77, 0x83, 0x8c, 0x98, 0xbd, 0x16, 0x16, 0xeb, 0xeb, 0xea, 0xf3, 0xe9, 0xf5, 0xfb, 0xfc, 0xfc, 0xfc, 0xf5, 0xf6, 0xf5, 0xf5, 0xf5, 0xf5, 0xfc, 0xfc, 0xfc, 0xfc, 0xfc, 0xfc, 0xfc, 0xf5, 0xfc, 0xfc, 0xfc, 0xf5, 0xf5, 0xfc, 0xf5, 0xf5, 0xf5, 0xf5, 0xf5, 0xfc, 0xf5, 0xfc, 0xfc, 0xfb, 0xfb, 
  0xf0, 0xf0, 0xf1, 0xf2, 0xf2, 0xf2, 0xfb, 0xf2, 0xf1, 0xf0, 0xed, 0xef, 0xef, 0xef, 0xef, 0xef, 0xef, 0xed, 0xed, 0xed, 0xf0, 0xf0, 0xf1, 0xf1, 0xe7, 0xf2, 0xf4, 0xf2, 0xf2, 0xe7, 0xf2, 0xf2, 0xf2, 0xf2, 0xf2, 0xf4, 0xfb, 0xfb, 0x1e, 0xfb, 0xf2, 0xfb, 0xf2, 0xf2, 0xf2, 0xf2, 0xe7, 0xf4, 0xf4, 0xf1, 0xf4, 0xdb, 0x46, 0x2e, 0x24, 0x24, 0x29, 0x3a, 0x3b, 0x47, 0x4e, 0x65, 0x78, 0x79, 0x34, 0x1a, 0xe7, 0xf2, 0xf2, 0xfb, 0xfb, 0xfb, 0xfb, 0xfb, 0xfc, 0xf2, 0xfb, 0xfb, 0xf2, 0xfb, 0xf2, 0xfb, 0xf2, 0xfb, 0xf2, 0xfb, 0xfb, 0xf2, 0xf2, 0xfb, 0xfb, 0xf2, 0xfb, 0xfb, 0xf2, 0xfb, 0xf4, 0xf2, 0xfb, 0xe7, 0xe7, 0x18, 0x2c, 0x35, 0x2e, 0x3a, 0x47, 0x50, 0x5b, 0x69, 0x76, 0x80, 0x88, 0x97, 0x9c, 0xab, 0xc4, 0x16, 0xeb, 0xeb, 0xea, 0xe1, 0xe9, 0x45, 0xfb, 0xfb, 0xfc, 0xf5, 0xf5, 0xf5, 0xf5, 0xf6, 0xf5, 0xf6, 0xf5, 0x23, 0xf5, 0xf5, 0xfc, 0xfc, 0xfc, 0xfc, 0xfc, 0xfc, 0xf5, 0xfc, 0xfc, 0xfc, 0xf5, 0xfc, 0xfc, 0xf5, 0xfc, 0xf5, 0xf5, 0xfc, 0xfc, 0xfc, 0xf2, 0xfb, 
  0xef, 0xed, 0xf0, 0xf1, 0xf4, 0xf4, 0xf2, 0xf2, 0xf4, 0xf1, 0xf0, 0xed, 0xed, 0xed, 0xed, 0xed, 0xed, 0xed, 0xf1, 0xf0, 0xf1, 0xf1, 0xf1, 0xf1, 0xf2, 0xe7, 0xf2, 0xf2, 0xf4, 0xf2, 0xfb, 0xf2, 0xf2, 0xf4, 0xf2, 0xf2, 0xf2, 0xf2, 0xf2, 0xfb, 0xf2, 0xf2, 0xf2, 0xfb, 0xf4, 0xfb, 0xf2, 0xf2, 0xf4, 0xf1, 0xf4, 0xf9, 0x40, 0x2e, 0x29, 0x24, 0x24, 0x28, 0x3a, 0x42, 0x4e, 0x53, 0x6d, 0x7e, 0x6c, 0x19, 0x1a, 0xf4, 0xf2, 0xf2, 0xfb, 0xfc, 0xfc, 0xfb, 0xfb, 0xfc, 0xf2, 0xf2, 0xfb, 0xfb, 0xfb, 0xf2, 0xf2, 0xfb, 0xfb, 0xf2, 0xf2, 0xfb, 0xf2, 0xf2, 0xfb, 0xf2, 0xfb, 0xfb, 0xf2, 0xf4, 0xf4, 0xf2, 0xe7, 0x19, 0x18, 0x2c, 0x33, 0x32, 0x3b, 0x4e, 0x53, 0x67, 0x6e, 0x80, 0x83, 0x97, 0x9c, 0x9c, 0xb5, 0xb7, 0xde, 0x16, 0x16, 0xf3, 0xe1, 0xe9, 0x71, 0xfc, 0xfb, 0xfb, 0xfc, 0xf5, 0xf5, 0xf6, 0xf5, 0xf6, 0xf5, 0xf5, 0x23, 0xf5, 0xf5, 0xfc, 0xfc, 0xfc, 0xfc, 0xf5, 0xfc, 0xfc, 0xfc, 0xfc, 0xfc, 0xfc, 0xfc, 0xfc, 0xfc, 0xf5, 0xf5, 0xf5, 0xfc, 0xf5, 0xfb, 0xfb, 0xf4, 0xf2, 
  0xec, 0xef, 0xed, 0xf0, 0xf1, 0xf2, 0xf4, 0xf2, 0xf2, 0xe7, 0xf1, 0xf1, 0xf0, 0xf1, 0xf1, 0xf0, 0xf0, 0xf0, 0xf1, 0xf1, 0xf0, 0xf1, 0xe7, 0xf4, 0xf1, 0xf2, 0xf2, 0xf2, 0xf2, 0xf2, 0xf2, 0xf2, 0xf2, 0xf2, 0xf2, 0xf2, 0xf2, 0xfb, 0xe7, 0xf2, 0xfb, 0xf2, 0xfb, 0xfb, 0xfb, 0xfb, 0xf4, 0xf4, 0xf4, 0xf1, 0xf4, 0x44, 0x3c, 0x32, 0x2d, 0x24, 0x24, 0x29, 0x2e, 0x43, 0x4e, 0x53, 0x5f, 0x85, 0x79, 0x22, 0x1a, 0xf4, 0xf2, 0xf2, 0xfb, 0xfb, 0xfb, 0xf2, 0xfc, 0xfb, 0xfb, 0xfc, 0xfc, 0xfc, 0xf2, 0xfb, 0xf2, 0xf2, 0xf2, 0xfb, 0xf2, 0xf2, 0xfb, 0xfb, 0xf2, 0xf2, 0xfb, 0xfb, 0xf2, 0xf2, 0xe7, 0xe7, 0x19, 0x1b, 0x30, 0x33, 0x2e, 0x43, 0x4e, 0x5f, 0x69, 0x72, 0x83, 0x8c, 0x9c, 0xa8, 0xaa, 0xb5, 0xb5, 0xbc, 0x15, 0xeb, 0xf3, 0xf3, 0xe9, 0x71, 0xfb, 0xfc, 0xfb, 0xfc, 0xfc, 0xf5, 0xf6, 0xf5, 0xf6, 0xf6, 0xf5, 0xf5, 0xf5, 0xf5, 0xfc, 0xf5, 0xfc, 0xfc, 0xfc, 0xfc, 0xfc, 0xf5, 0xf5, 0xfc, 0xfc, 0xfc, 0xfc, 0xf5, 0xf5, 0xf5, 0xfc, 0xf5, 0xf5, 0xfc, 0xf5, 0xfb, 0xfb, 0xf2, 
  0xec, 0xec, 0xef, 0xed, 0xf1, 0xf1, 0xf4, 0xe7, 0xf2, 0xf4, 0xe7, 0xf1, 0xf1, 0xf1, 0xf1, 0xf1, 0xf1, 0xe7, 0xf0, 0xe7, 0xf1, 0xe7, 0xf1, 0xf2, 0xf4, 0xf2, 0xf2, 0xf2, 0xfb, 0xf2, 0xf2, 0xf2, 0xf2, 0xf2, 0xfb, 0xfb, 0xfb, 0xfb, 0xfb, 0xf2, 0xfb, 0xf2, 0xf2, 0xfb, 0xf2, 0xf2, 0xfb, 0xf2, 0xf4, 0xf4, 0xf1, 0x19, 0x3c, 0x37, 0x2e, 0x28, 0x22, 0x24, 0x2e, 0x3b, 0x4e, 0x50, 0x5f, 0x78, 0x8d, 0x6c, 0x17, 0xe7, 0xf4, 0xf2, 0xfb, 0xfc, 0xfb, 0xfb, 0xfc, 0xf2, 0xfb, 0xfb, 0xfb, 0xfc, 0xfb, 0xfb, 0xf4, 0xfb, 0xe7, 0xfb, 0xfc, 0xf2, 0xf2, 0xfb, 0xfb, 0xfb, 0xf2, 0xf2, 0xf2, 0xe7, 0x1a, 0x18, 0x22, 0x30, 0x2d, 0x37, 0x43, 0x50, 0x5f, 0x72, 0x7a, 0x83, 0x97, 0x9c, 0xaa, 0xb5, 0xb5, 0xb5, 0xb7, 0xbd, 0x15, 0xe3, 0xf3, 0xe8, 0x52, 0xf5, 0xfc, 0xfc, 0xfc, 0xf5, 0xf5, 0xf5, 0xf5, 0xf5, 0xf6, 0xfc, 0xf5, 0xfc, 0xf5, 0xf5, 0xf5, 0xf5, 0xfc, 0xfc, 0xfc, 0xfc, 0xfc, 0xfc, 0xfc, 0xfc, 0xfb, 0xfc, 0xfb, 0xfc, 0xfc, 0xf5, 0xf5, 0xfc, 0xf5, 0xfc, 0xfc, 0xfc, 0xfb, 0xfb, 
  0x00, 0xec, 0xec, 0xec, 0xed, 0xf0, 0xf1, 0xe7, 0xf4, 0xe7, 0xf2, 0xe7, 0xe7, 0xe7, 0xf4, 0xe7, 0xf1, 0xe7, 0xf1, 0xe7, 0xe7, 0xf1, 0xf2, 0xe7, 0xf2, 0xf2, 0xfb, 0xf2, 0xf2, 0xf2, 0xf2, 0xf2, 0xf2, 0xf2, 0xf2, 0xf2, 0xfb, 0xf2, 0xfb, 0xf2, 0xfb, 0xf2, 0xfb, 0xf2, 0xf2, 0xf2, 0xf2, 0xf4, 0xf2, 0xf4, 0xf1, 0x19, 0x35, 0x3a, 0x3a, 0x2e, 0x22, 0x24, 0x29, 0x40, 0x47, 0x53, 0x58, 0x73, 0x8f, 0x79, 0x18, 0xf4, 0xf4, 0xf4, 0xfb, 0xf2, 0xfb, 0xfc, 0xfb, 0xfb, 0xf2, 0xfb, 0xf2, 0xfc, 0xfb, 0xf2, 0xfb, 0xfb, 0xfb, 0xf2, 0xfb, 0xf2, 0xf2, 0xfb, 0xfb, 0xf2, 0xfb, 0xf2, 0xf4, 0x1a, 0x18, 0x2c, 0x30, 0x2d, 0x3a, 0x43, 0x58, 0x69, 0x76, 0x83, 0x97, 0x9c, 0xaa, 0xb5, 0xb5, 0xb5, 0xb5, 0xb4, 0xb7, 0xca, 0xe3, 0xf3, 0xfa, 0xf6, 0xfc, 0xfc, 0xfb, 0xf5, 0xfc, 0xf5, 0xf5, 0xf6, 0xf5, 0x23, 0xf5, 0xf5, 0xfc, 0xfc, 0xf5, 0xfc, 0xfc, 0xfc, 0x23, 0xf5, 0xfc, 0xfc, 0xf5, 0xf5, 0xfc, 0xfc, 0xfc, 0xfc, 0xfc, 0xfc, 0xf5, 0xfc, 0xf5, 0xf5, 0xf5, 0xfc, 0xf5, 0xfb, 0xfc, 0xfb, 
  0x00, 0xec, 0xec, 0xec, 0xef, 0xed, 0xf0, 0xe7, 0xe7, 0xf4, 0xf2, 0xf2, 0xf2, 0xe7, 0xf4, 0xf2, 0xe7, 0xf1, 0xe7, 0xf1, 0xe7, 0xe7, 0xe7, 0xf2, 0xf2, 0xfb, 0xe7, 0xf2, 0xf2, 0xf2, 0xf2, 0xf2, 0xf4, 0xf2, 0xf2, 0xfb, 0xf2, 0xfb, 0xf2, 0xf2, 0xfb, 0xf2, 0xfb, 0xf2, 0xf2, 0xfb, 0xf2, 0xfb, 0xf4, 0xf4, 0xf4, 0x17, 0x1c, 0x3c, 0x32, 0x2e, 0x28, 0x22, 0x24, 0x2e, 0x43, 0x50, 0x58, 0x6d, 0x8f, 0x7e, 0x34, 0x1e, 0xe7, 0xf2, 0xf2, 0xf2, 0xfb, 0xf2, 0xfb, 0xfc, 0xfb, 0xfb, 0xfb, 0xfb, 0xf2, 0xfb, 0xfb, 0xfb, 0xfb, 0xf2, 0xf2, 0xf2, 0xfb, 0xf2, 0xfb, 0xf2, 0xf2, 0xf4, 0x1a, 0x18, 0x30, 0x29, 0x2d, 0x3a, 0x4e, 0x5f, 0x6e, 0x7a, 0x88, 0x97, 0xa8, 0xa8, 0xb5, 0xb5, 0xb5, 0xb5, 0xb5, 0xae, 0xac, 0xe0, 0xe2, 0xf9, 0x23, 0xfb, 0xfb, 0xfc, 0xf5, 0xfc, 0xf5, 0xf5, 0xf5, 0xf5, 0xf5, 0xf5, 0x23, 0xf5, 0xf5, 0xf5, 0xfb, 0xf5, 0xf5, 0xf5, 0xf5, 0xf5, 0xf5, 0xf5, 0xfc, 0xfc, 0xfc, 0xfb, 0xfc, 0xfc, 0xfc, 0xf5, 0xfc, 0xfc, 0xf5, 0xf5, 0xf5, 0xfc, 0xfc, 0xf5, 0xfb, 0xfb, 
  0x00, 0x00, 0xec, 0x00, 0xef, 0xef, 0xed, 0xf0, 0xf0, 0xf1, 0xf2, 0xf4, 0xf2, 0xf2, 0xf2, 0xf2, 0xf2, 0xe7, 0xf1, 0xf1, 0xf1, 0xe7, 0xe7, 0xe7, 0xf2, 0xf2, 0x1e, 0xfb, 0xf2, 0xf2, 0xf2, 0xf2, 0xf2, 0xf2, 0xf2, 0xf2, 0xfb, 0xf2, 0xfb, 0xf2, 0xf2, 0xf2, 0xf2, 0xf2, 0xe7, 0xf2, 0xf2, 0xf2, 0xf2, 0xf4, 0xf2, 0x17, 0x18, 0x35, 0x3a, 0x37, 0x2d, 0x24, 0x24, 0x29, 0x43, 0x4e, 0x58, 0x67, 0x88, 0x7e, 0x6c, 0x19, 0xf1, 0xf1, 0xf2, 0xf4, 0xf4, 0xfb, 0xf2, 0xf2, 0xf2, 0xf4, 0xf2, 0xf2, 0xfb, 0xf2, 0xf2, 0xf2, 0xf2, 0xf2, 0xf2, 0xf2, 0xf2, 0xf2, 0xf2, 0xf4, 0xf4, 0x1a, 0x18, 0x2c, 0x29, 0x2d, 0x3b, 0x4e, 0x5f, 0x6e, 0x7a, 0x8c, 0x97, 0xaa, 0xaa, 0xb5, 0xb5, 0xb5, 0xaa, 0xb1, 0xa7, 0xa1, 0xb0, 0xe0, 0xd0, 0xfc, 0xf2, 0xfb, 0xfc, 0xfc, 0xfc, 0xf5, 0xf5, 0xf5, 0x23, 0xf5, 0xf5, 0xf5, 0x23, 0xf5, 0x23, 0xf5, 0xf5, 0xf5, 0xfc, 0xf5, 0xfc, 0xf6, 0xf5, 0xf5, 0xfc, 0xfc, 0xfc, 0xfc, 0xfc, 0xfc, 0xfc, 0xfc, 0xfc, 0xfc, 0xfc, 0xfc, 0xfb, 0xf5, 0xf5, 0xfc, 0xfc, 0xfb, 
  0x00, 0x00, 0x00, 0xec, 0xec, 0xec, 0xef, 0xef, 0xf0, 0xf1, 0xe7, 0xf2, 0xf2, 0xf2, 0xf2, 0xe7, 0xf4, 0xe7, 0xe7, 0xf1, 0xf0, 0xe7, 0xf1, 0xe7, 0xe7, 0xf2, 0xf4, 0xf2, 0xf2, 0xf2, 0xf2, 0xf2, 0xf2, 0xf2, 0xf2, 0xf2, 0xfb, 0xf2, 0xfb, 0xf2, 0xf2, 0xf2, 0xf2, 0xf2, 0xf2, 0xf2, 0xfb, 0xf2, 0xf2, 0xf2, 0xf4, 0xe7, 0x17, 0x1b, 0x3c, 0x37, 0x32, 0x28, 0x22, 0x24, 0x3a, 0x4e, 0x57, 0x63, 0x76, 0x85, 0x6c, 0x18, 0x17, 0x1a, 0xe7, 0x1a, 0x1a, 0x1a, 0x19, 0x19, 0x19, 0x19, 0x19, 0x19, 0x19, 0x19, 0x19, 0x19, 0x21, 0x1a, 0x1a, 0x1a, 0x1a, 0xe7, 0xf4, 0xe7, 0x17, 0x18, 0x30, 0x28, 0x2d, 0x3a, 0x53, 0x63, 0x72, 0x83, 0x91, 0x9c, 0xaa, 0xaa, 0xb5, 0xb5, 0xb5, 0xb1, 0xaa, 0xa7, 0xa1, 0xa0, 0xde, 0x90, 0xfc, 0xfc, 0xfc, 0xfb, 0xfc, 0xfc, 0xf5, 0xfc, 0xf5, 0xf5, 0xf5, 0x23, 0xf5, 0xf5, 0xf5, 0x23, 0xfc, 0xf5, 0xf5, 0xf5, 0xf5, 0xf5, 0xf5, 0xf5, 0xf5, 0xfc, 0xfc, 0xfc, 0xfc, 0xfc, 0xfc, 0xfc, 0xfb, 0xfc, 0xfc, 0xfc, 0xfc, 0xfc, 0xf5, 0xfc, 0xfc, 0xfc, 0xfc, 0xfc, 
  0x00, 0x00, 0xec, 0x00, 0xec, 0xec, 0xec, 0xef, 0xef, 0xf0, 0xf1, 0xe7, 0xf2, 0xf2, 0xfb, 0xf2, 0xf1, 0xf1, 0xf1, 0xf0, 0xf1, 0xf0, 0xf1, 0xe7, 0xe7, 0xf2, 0xe7, 0xf2, 0xf2, 0xf2, 0xe7, 0xf2, 0xf2, 0xf2, 0xf2, 0xf2, 0xf2, 0xf2, 0xfb, 0xf2, 0xf2, 0xf2, 0xf4, 0xe7, 0xf2, 0x1e, 0xf2, 0xf2, 0xf2, 0xf2, 0xf2, 0xe7, 0xf1, 0x18, 0x35, 0x3a, 0x3a, 0x32, 0x24, 0x24, 0x2e, 0x47, 0x50, 0x62, 0x69, 0x88, 0x70, 0x1b, 0x18, 0x19, 0x18, 0x18, 0x1b, 0x22, 0x2c, 0x30, 0x30, 0x30, 0x35, 0x35, 0x35, 0x35, 0x35, 0x35, 0x2c, 0x22, 0x1b, 0x18, 0x18, 0x19, 0xe7, 0x17, 0x18, 0x2c, 0x29, 0x28, 0x43, 0x53, 0x69, 0x76, 0x86, 0x97, 0xa8, 0xb1, 0xaa, 0xb1, 0xb5, 0xb4, 0xa8, 0xa8, 0xa7, 0x98, 0x94, 0x9b, 0x18, 0xfc, 0xf2, 0xfc, 0xfb, 0xfc, 0xf5, 0xf5, 0xfc, 0xf5, 0xfc, 0xf5, 0xf5, 0x23, 0xf5, 0xf5, 0xfc, 0xfc, 0xf5, 0xf5, 0xfc, 0xf5, 0xfc, 0xfc, 0xf5, 0xf5, 0xf5, 0xfc, 0xfc, 0xfc, 0xfc, 0xfb, 0xfc, 0xfc, 0xfb, 0xfc, 0xfb, 0xfc, 0xfc, 0xfc, 0xfc, 0xfc, 0xfc, 0xfc, 0xfc, 0xfc, 
  0x00, 0x00, 0x00, 0x00, 0xec, 0xec, 0xec, 0xef, 0xef, 0xed, 0xed, 0xf0, 0xe7, 0xe7, 0xf2, 0xf2, 0xe7, 0xf1, 0xf0, 0xf1, 0xed, 0xf0, 0xf1, 0xf1, 0xe7, 0xe7, 0xe7, 0xe7, 0xf2, 0xe7, 0xf2, 0x1e, 0xf2, 0xe7, 0xf2, 0xf2, 0xf2, 0xf2, 0xf2, 0xf2, 0xf2, 0xfb, 0xf2, 0xf2, 0xf2, 0xf2, 0xf2, 0xf2, 0xfb, 0xf2, 0xfb, 0xfb, 0xf4, 0x17, 0x1c, 0x33, 0x37, 0x37, 0x2d, 0x28, 0x28, 0x43, 0x50, 0x5c, 0x77, 0x95, 0x8d, 0x24, 0x1b, 0x22, 0x2c, 0x30, 0x35, 0x35, 0x2e, 0x3a, 0x3a, 0x3a, 0x3a, 0x40, 0x3b, 0x40, 0x43, 0x40, 0x46, 0x3c, 0x46, 0x46, 0x35, 0x34, 0x18, 0x18, 0x30, 0x29, 0x28, 0x43, 0x58, 0x69, 0x7f, 0x91, 0xa8, 0xaa, 0xaa, 0xb1, 0xb1, 0xaa, 0xb1, 0xa8, 0xa7, 0xa7, 0x99, 0x7e, 0x5d, 0x1b, 0x23, 0xf2, 0xfc, 0xfb, 0xf5, 0xf5, 0xf5, 0xfc, 0xf5, 0xf5, 0xf5, 0xf5, 0x23, 0x23, 0xf5, 0xf6, 0xf5, 0xf5, 0xfc, 0xf5, 0xfc, 0xfc, 0xf5, 0xfc, 0xf5, 0xf5, 0xf5, 0xf5, 0xf5, 0xf5, 0xf5, 0xfc, 0xfc, 0xfb, 0xfc, 0xfb, 0xfc, 0xfb, 0xfc, 0xf5, 0xfc, 0xf5, 0xfc, 0xf5, 0xfb, 0xfc, 
  0x00, 0x00, 0x00, 0xec, 0xec, 0xec, 0xec, 0xef, 0xef, 0xed, 0xed, 0xed, 0xf0, 0xf1, 0xe7, 0xe7, 0xf2, 0xf1, 0xf0, 0xed, 0xf0, 0xf0, 0xed, 0xf1, 0xf1, 0xf1, 0xe7, 0xe7, 0xe7, 0xf2, 0xe7, 0xe7, 0xf2, 0xf2, 0xf2, 0xf2, 0xf2, 0xf2, 0xf2, 0xf2, 0xf4, 0xf2, 0xfb, 0xf2, 0xf2, 0xf2, 0xf2, 0xf2, 0xfb, 0xfb, 0xf2, 0xf2, 0xe7, 0xf1, 0xe6, 0x2c, 0x3a, 0x3b, 0x32, 0x2d, 0x28, 0x3a, 0x4e, 0x53, 0x53, 0x37, 0x2e, 0x28, 0x33, 0x2d, 0x33, 0x2e, 0x2e, 0x37, 0x3a, 0x37, 0x37, 0x43, 0x3e, 0x3b, 0x43, 0x47, 0x43, 0x47, 0x43, 0x4e, 0x49, 0x49, 0x49, 0x49, 0x40, 0x28, 0x24, 0x28, 0x3b, 0x58, 0x6e, 0x83, 0x9c, 0x9e, 0xaa, 0xaa, 0xb1, 0xb1, 0xa8, 0xb1, 0xa7, 0xa7, 0xa1, 0x94, 0x79, 0x1b, 0x20, 0x21, 0x1e, 0xf5, 0xfc, 0xf5, 0xf5, 0xf5, 0xf5, 0x23, 0xf5, 0xfc, 0x23, 0xf5, 0x23, 0xf5, 0x23, 0xfc, 0x23, 0xfb, 0xfc, 0xfc, 0xf5, 0xfb, 0xf5, 0xfc, 0xfc, 0xf5, 0xf5, 0xf5, 0xf5, 0xf5, 0xf5, 0xfc, 0xfc, 0xfc, 0xfc, 0xfc, 0xfc, 0xf5, 0xfc, 0xfc, 0xf5, 0xfc, 0xfc, 0xfc, 0xfb, 0xf2, 
  0x00, 0x00, 0x00, 0x00, 0xef, 0xec, 0xef, 0xec, 0xec, 0xef, 0xef, 0xef, 0xef, 0xf0, 0xf1, 0xf1, 0x1e, 0xf1, 0xf1, 0xf0, 0xed, 0xf0, 0xed, 0xf0, 0xf0, 0xf1, 0xf1, 0xf1, 0xe7, 0xf1, 0xe7, 0xe7, 0xe7, 0xf4, 0xe7, 0xf2, 0xfb, 0xf2, 0xf2, 0xe7, 0xf2, 0xf2, 0xfb, 0xfb, 0xf2, 0xf2, 0xf2, 0xfb, 0xf2, 0xfb, 0xf2, 0xf2, 0xf1, 0xf1, 0x1a, 0xe6, 0x3c, 0x37, 0x3b, 0x32, 0x2d, 0x2d, 0x3b, 0x32, 0x32, 0x2d, 0x2d, 0x32, 0x2e, 0x32, 0x32, 0x37, 0x37, 0x3b, 0x3b, 0x3b, 0x3b, 0x3e, 0x43, 0x42, 0x47, 0x47, 0x4e, 0x4e, 0x50, 0x50, 0x50, 0x53, 0x50, 0x50, 0x47, 0x43, 0x2d, 0x3b, 0x5f, 0x6e, 0x88, 0x9c, 0xaa, 0xaa, 0xb3, 0xaa, 0xa8, 0xa3, 0xa7, 0xa1, 0xab, 0x99, 0x7e, 0x38, 0x20, 0x1f, 0xfc, 0xfc, 0xf5, 0xfc, 0xf5, 0xf5, 0xfc, 0xf5, 0x23, 0xf5, 0x23, 0xf5, 0x23, 0xf5, 0x23, 0xf5, 0x23, 0xf6, 0xfc, 0xf6, 0xfc, 0xfc, 0xfc, 0xfc, 0xf5, 0xfc, 0xf5, 0xf5, 0xf5, 0xf5, 0xf5, 0xf5, 0xfc, 0xfc, 0xf5, 0xfb, 0xfb, 0xfb, 0xfc, 0xfb, 0xfc, 0xfc, 0xf5, 0xfc, 0xfc, 0xfb, 0xfb, 0xf2, 
  0x00, 0x00, 0xec, 0xef, 0xec, 0xef, 0xef, 0xef, 0xec, 0xec, 0xec, 0xec, 0xef, 0xef, 0xed, 0xf0, 0xf1, 0xe7, 0xe7, 0xf1, 0xf0, 0xed, 0xed, 0xed, 0xf0, 0xed, 0xf0, 0xf4, 0xe7, 0xf1, 0xe7, 0xf4, 0xe7, 0xf4, 0xf2, 0xf2, 0xfb, 0xf2, 0xf2, 0xf2, 0xf2, 0xfb, 0xfb, 0xfb, 0xfb, 0xf2, 0xf2, 0xf2, 0xf2, 0xf2, 0xf2, 0xf2, 0xf4, 0xf4, 0xf0, 0x19, 0x1c, 0x3c, 0x3b, 0x37, 0x28, 0x28, 0x28, 0x2d, 0x2d, 0x2d, 0x32, 0x2e, 0x32, 0x32, 0x37, 0x37, 0x37, 0x3b, 0x3b, 0x3b, 0x3e, 0x47, 0x3e, 0x47, 0x47, 0x4e, 0x4e, 0x50, 0x53, 0x53, 0x58, 0x53, 0x58, 0x53, 0x55, 0x4e, 0x4f, 0x5f, 0x75, 0x91, 0x9c, 0xb3, 0xaa, 0xad, 0xaa, 0xa8, 0xa3, 0xa7, 0xa3, 0x99, 0x87, 0x4d, 0x20, 0x1f, 0x21, 0xfb, 0xfb, 0xfc, 0xfc, 0xf5, 0xfc, 0xf6, 0xf5, 0x23, 0xf5, 0x23, 0xf5, 0x23, 0xf5, 0x23, 0xf5, 0x23, 0xf5, 0x23, 0xf5, 0xfc, 0xfc, 0xf5, 0xfc, 0xf5, 0xfc, 0xf5, 0xfc, 0xf5, 0xfc, 0xf5, 0xf5, 0xfc, 0xf5, 0xfc, 0xfc, 0xfb, 0xfb, 0xfb, 0xfc, 0xf5, 0xfc, 0xfc, 0xfc, 0xfc, 0xfb, 0xfb, 0xfb, 0xf2, 
  0x00, 0x00, 0x00, 0xec, 0xec, 0xed, 0xef, 0xef, 0xef, 0xec, 0xec, 0xec, 0xec, 0xef, 0xef, 0xed, 0xf1, 0xe7, 0xf4, 0xe7, 0xf1, 0xf1, 0xf0, 0xf1, 0xed, 0xf1, 0xf0, 0xf1, 0xf0, 0xe7, 0xf1, 0xe7, 0xf2, 0xe7, 0xe7, 0xf2, 0xe7, 0xf2, 0xf2, 0xf2, 0xf4, 0xf2, 0xf2, 0xf2, 0xf2, 0xf2, 0xf2, 0xf2, 0xfb, 0xfb, 0xf2, 0xf2, 0xe7, 0xf4, 0xf4, 0xf1, 0x18, 0x22, 0x40, 0x3b, 0x28, 0x28, 0x28, 0x2d, 0x2d, 0x2e, 0x2e, 0x2e, 0x32, 0x37, 0x37, 0x37, 0x3b, 0x3b, 0x3e, 0x43, 0x3e, 0x42, 0x47, 0x4a, 0x4e, 0x50, 0x50, 0x50, 0x53, 0x58, 0x58, 0x58, 0x5f, 0x5f, 0x67, 0x69, 0x72, 0x75, 0xaa, 0xaa, 0xb3, 0xb5, 0xad, 0xa8, 0xa3, 0xa7, 0xa1, 0xa1, 0x8d, 0x51, 0x1d, 0x20, 0x1e, 0xf2, 0xfc, 0xfc, 0xf5, 0xfc, 0xfc, 0xf5, 0xf5, 0xf5, 0x23, 0xf5, 0x23, 0xf5, 0x23, 0xf6, 0x23, 0xf5, 0x23, 0xf5, 0x23, 0xf5, 0xf5, 0xfc, 0xfc, 0xfc, 0xf5, 0xfc, 0xf5, 0xfc, 0xf5, 0xfc, 0xf5, 0xf5, 0xfc, 0xfc, 0xf5, 0xfb, 0xfc, 0xfb, 0xfb, 0xfc, 0xfb, 0xfc, 0xfc, 0xfb, 0xfc, 0xfc, 0xfb, 0xfb, 0xfb, 0xf2, 
  0x00, 0x00, 0x00, 0xef, 0xec, 0xed, 0xed, 0xed, 0xec, 0xec, 0xec, 0xec, 0xec, 0xec, 0xef, 0xed, 0xf0, 0xf1, 0xe7, 0xf2, 0xe7, 0xf1, 0xed, 0xf0, 0xf0, 0xf1, 0xf0, 0xf1, 0xf0, 0xf1, 0xe7, 0xe7, 0xe7, 0xf4, 0xe7, 0xf2, 0xf2, 0xf2, 0xf2, 0xfb, 0xf2, 0xf2, 0xfb, 0xfb, 0xf2, 0xf2, 0xf4, 0xf2, 0xf2, 0xf2, 0xfb, 0xf2, 0xf4, 0xe7, 0xf4, 0xf1, 0xf0, 0x19, 0x28, 0x28, 0x28, 0x28, 0x28, 0x28, 0x2d, 0x2d, 0x2e, 0x2e, 0x2e, 0x32, 0x3a, 0x37, 0x3b, 0x3b, 0x3e, 0x42, 0x42, 0x47, 0x4a, 0x4e, 0x50, 0x50, 0x53, 0x58, 0x58, 0x5f, 0x5f, 0x67, 0x67, 0x69, 0x72, 0x7a, 0x88, 0x8c, 0x97, 0xc3, 0xbf, 0xb1, 0xad, 0xa8, 0xa7, 0x99, 0x7e, 0x4b, 0x1d, 0x1f, 0x1a, 0x1e, 0xfb, 0xfc, 0xfc, 0xfc, 0xf5, 0xfc, 0xf5, 0xf5, 0x23, 0xfc, 0xf5, 0xfc, 0xf5, 0xf6, 0xf5, 0x23, 0xf5, 0x23, 0xf5, 0xfc, 0xf5, 0xf5, 0xf5, 0xfc, 0xfb, 0xfc, 0xfc, 0xf5, 0xfc, 0xf5, 0xfc, 0xfc, 0xfc, 0xf5, 0xfb, 0xfc, 0xfc, 0xf5, 0xfb, 0xf5, 0xfc, 0xfc, 0xfc, 0xfc, 0xfc, 0xf5, 0xfc, 0xfc, 0xfc, 0xfb, 0xf2, 0xf2, 
  0x00, 0x00, 0x00, 0xec, 0xec, 0xed, 0xef, 0xed, 0xef, 0xec, 0xec, 0x00, 0xef, 0xec, 0xef, 0xef, 0xed, 0xf0, 0xe7, 0xe7, 0xf4, 0xe7, 0xf1, 0xf1, 0xf0, 0xf0, 0xf1, 0xf0, 0xf1, 0xf1, 0xe7, 0xe7, 0xf4, 0xe7, 0xf2, 0xe7, 0xfb, 0xf2, 0xf2, 0xf2, 0xf4, 0xf2, 0xf2, 0xf2, 0xf2, 0xf2, 0xf4, 0xe7, 0xf2, 0xf2, 0xf2, 0xf2, 0xf2, 0xf2, 0xf4, 0xf1, 0x17, 0xe6, 0x24, 0x28, 0x28, 0x28, 0x28, 0x29, 0x29, 0x29, 0x29, 0x2e, 0x33, 0x3a, 0x3a, 0x3b, 0x3b, 0x3e, 0x43, 0x42, 0x47, 0x4f, 0x4e, 0x50, 0x53, 0x53, 0x58, 0x5b, 0x5f, 0x67, 0x67, 0x73, 0x72, 0x82, 0x76, 0x83, 0x8c, 0x9c, 0xa8, 0xaa, 0xc3, 0xc3, 0xb9, 0xa7, 0x78, 0x29, 0x1b, 0x19, 0x1e, 0xf2, 0xf2, 0xfb, 0xfc, 0xfc, 0xfc, 0xf5, 0xf5, 0xfc, 0xfc, 0xf5, 0xf5, 0xfc, 0x23, 0xfc, 0xfc, 0xf5, 0xfc, 0xf5, 0xfc, 0xf5, 0xfc, 0xf5, 0xf5, 0xf5, 0xfc, 0xfc, 0xfc, 0xfc, 0xfc, 0xf5, 0xfc, 0xfc, 0xfc, 0xf5, 0xfc, 0xfc, 0xfc, 0xfb, 0xf5, 0xfc, 0xfc, 0xfc, 0xf5, 0xfc, 0xfc, 0xfc, 0xf5, 0xfc, 0xfc, 0xfc, 0xfb, 0xfb, 0xfb, 0xf2, 
  0x00, 0x00, 0xec, 0x00, 0xef, 0xef, 0xed, 0xef, 0xef, 0xef, 0xec, 0xec, 0xec, 0xec, 0xec, 0xef, 0xef, 0xed, 0xf1, 0xf1, 0xe7, 0xf2, 0xf4, 0xe7, 0xf1, 0xf1, 0xf1, 0xf0, 0xf1, 0xf1, 0xf1, 0xe7, 0xf2, 0xf2, 0x1e, 0xf2, 0xfb, 0xe7, 0xf2, 0xf2, 0xf4, 0xf2, 0xf2, 0xf2, 0xf4, 0xf2, 0xf2, 0xf2, 0xfb, 0xf4, 0xf2, 0xf2, 0xf2, 0xf2, 0xf4, 0x17, 0x1a, 0x22, 0x24, 0x28, 0x28, 0x29, 0x24, 0x29, 0x24, 0x29, 0x29, 0x29, 0x33, 0x2e, 0x3a, 0x3a, 0x3b, 0x43, 0x42, 0x4e, 0x50, 0x50, 0x53, 0x55, 0x58, 0x60, 0x5f, 0x67, 0x67, 0x69, 0x76, 0x7a, 0x83, 0x88, 0x8c, 0x96, 0x97, 0xa8, 0x9c, 0xb5, 0xb1, 0xc3, 0xcf, 0xb7, 0x22, 0x1d, 0x19, 0x1e, 0xf2, 0xfb, 0xfb, 0xfb, 0xfb, 0xfc, 0xf5, 0xfc, 0xfc, 0xf5, 0xfc, 0xf5, 0xfc, 0xf5, 0xfb, 0xfc, 0xf5, 0xfc, 0xfc, 0xfb, 0xfc, 0xfc, 0xfc, 0xfc, 0xfc, 0xfc, 0xfc, 0xfb, 0xfb, 0xfb, 0xf5, 0xfb, 0xfc, 0xfc, 0xf5, 0xfc, 0xfc, 0xf5, 0xfb, 0xfc, 0xfc, 0xf5, 0xf5, 0xfc, 0xfc, 0xfc, 0xf5, 0xfb, 0xf5, 0xfc, 0xf5, 0xfb, 0xfc, 0xfb, 0xfb, 0xf2, 
  0x00, 0x00, 0x00, 0xec, 0xec, 0xef, 0xed, 0xef, 0xec, 0xec, 0xec, 0xec, 0xec, 0xec, 0xec, 0xef, 0xef, 0xf0, 0xf0, 0xf1, 0xf2, 0xf2, 0xf2, 0xf2, 0xf1, 0xf2, 0xf1, 0xf2, 0xf4, 0xf4, 0xe7, 0xf2, 0xe7, 0xfb, 0xf2, 0xf2, 0xf2, 0xf2, 0xf4, 0xf2, 0xf2, 0xf2, 0xf2, 0xf2, 0xf2, 0xf2, 0xf2, 0xf2, 0xf2, 0xf4, 0xf2, 0xf2, 0xf2, 0xf2, 0xf1, 0x17, 0x18, 0x24, 0x29, 0x28, 0x24, 0x28, 0x24, 0x24, 0x24, 0x29, 0x29, 0x33, 0x3a, 0x3a, 0x3a, 0x43, 0x43, 0x47, 0x4e, 0x4e, 0x53, 0x53, 0x58, 0x5b, 0x60, 0x60, 0x69, 0x72, 0x72, 0x76, 0x7a, 0x88, 0x88, 0x96, 0x9c, 0xa8, 0xa8, 0xaa, 0xb5, 0xaa, 0xbb, 0xb5, 0xc3, 0xbd, 0x81, 0x1f, 0xe7, 0xfb, 0xf2, 0xfb, 0xfc, 0xfb, 0xfc, 0xfb, 0xf5, 0xfc, 0xf5, 0xfb, 0xfc, 0xfc, 0xfc, 0xfc, 0xfc, 0xfc, 0xfc, 0xfc, 0xf5, 0xf5, 0xfc, 0xfc, 0xfc, 0xfc, 0xfb, 0xfc, 0xfc, 0xf5, 0xfc, 0xfc, 0xfc, 0xfc, 0xfc, 0xfc, 0xfc, 0xfb, 0xfc, 0xfb, 0xfc, 0xfc, 0xfc, 0xfc, 0xfc, 0xfc, 0xfc, 0xfc, 0xfc, 0xf5, 0xfc, 0xf5, 0xfc, 0xfc, 0xfc, 0xfb, 0xfb, 0xf2, 
  0x00, 0x00, 0x00, 0xec, 0xec, 0xef, 0xed, 0xef, 0xec, 0xec, 0xec, 0xec, 0xec, 0xec, 0xec, 0xef, 0xef, 0xed, 0xf1, 0xf4, 0xe7, 0xf2, 0xf4, 0xf2, 0xf2, 0xf2, 0xf2, 0xf4, 0xf2, 0xf2, 0xf2, 0xe7, 0xf2, 0xe7, 0xf2, 0xf2, 0xf2, 0xe7, 0xf2, 0xf2, 0xf2, 0xf2, 0xf2, 0x1e, 0xf2, 0xf2, 0xf2, 0xf4, 0xf2, 0xe7, 0xf4, 0xf2, 0xf4, 0xe7, 0xf1, 0x19, 0x24, 0x28, 0x28, 0x28, 0x28, 0x24, 0x29, 0x29, 0x29, 0x29, 0x33, 0x3a, 0x3a, 0x40, 0x43, 0x43, 0x47, 0x47, 0x50, 0x53, 0x55, 0x58, 0x5c, 0x60, 0x69, 0x69, 0x6e, 0x76, 0x76, 0x83, 0x88, 0x8c, 0x97, 0x9c, 0xa8, 0xaa, 0xaa, 0xb5, 0xb5, 0xbb, 0xb5, 0xbb, 0xba, 0xb7, 0x9b, 0x6b, 0x1a, 0xfb, 0xf2, 0xfb, 0xfb, 0xfc, 0xfc, 0xfc, 0xf5, 0xfc, 0xfc, 0xfc, 0xfc, 0xfc, 0xfc, 0xfc, 0xfc, 0xfb, 0xf5, 0xfc, 0xfc, 0xfc, 0xfc, 0xfc, 0xfc, 0xfb, 0xfc, 0xfc, 0xfc, 0xfc, 0xfc, 0xf5, 0xfc, 0xfc, 0xfc, 0xfc, 0xfb, 0xfc, 0xfb, 0xfc, 0xfb, 0xfb, 0xfc, 0xfc, 0xfc, 0xfb, 0xfc, 0xfc, 0xfc, 0xfc, 0xfc, 0xfc, 0xfc, 0xfc, 0xfb, 0xfb, 0xfb, 0xf2, 
  0x00, 0x00, 0x00, 0x00, 0xef, 0xef, 0xef, 0xed, 0xec, 0xec, 0xec, 0xec, 0xec, 0xec, 0xef, 0xec, 0xef, 0xed, 0xf0, 0xe7, 0xf4, 0xf4, 0xe7, 0xf4, 0xe7, 0xf2, 0xf2, 0xf2, 0xf2, 0xf2, 0xf2, 0xf2, 0xe7, 0xfb, 0xf4, 0xf2, 0xf2, 0xf2, 0xfb, 0xf2, 0xf4, 0xf2, 0xf2, 0xf2, 0xf2, 0xf2, 0xe7, 0xf2, 0xe7, 0xf2, 0xe7, 0xf2, 0xf4, 0xe7, 0x17, 0x18, 0x29, 0x2d, 0x28, 0x28, 0x28, 0x29, 0x2d, 0x29, 0x33, 0x3a, 0x3a, 0x3a, 0x43, 0x3b, 0x47, 0x4e, 0x4e, 0x50, 0x50, 0x53, 0x5b, 0x60, 0x60, 0x69, 0x69, 0x6e, 0x72, 0x72, 0x83, 0x83, 0x8c, 0x97, 0x9c, 0xa8, 0xaa, 0xb5, 0xb5, 0xbb, 0xbb, 0xb5, 0xbb, 0xbb, 0xba, 0xac, 0xa9, 0x92, 0x1f, 0x1e, 0xfb, 0xfb, 0xfc, 0xfc, 0xf5, 0xf5, 0xfc, 0xfc, 0xfc, 0xfb, 0xfc, 0xf5, 0xfb, 0xfc, 0xfc, 0xfc, 0xfb, 0xfc, 0xfc, 0xfc, 0xfc, 0xfc, 0xfc, 0xfc, 0xfc, 0xfb, 0xf5, 0xfc, 0xfc, 0xfc, 0xfc, 0xfc, 0xfc, 0xfc, 0xfc, 0xfb, 0xfc, 0xfb, 0xfb, 0xfb, 0xfc, 0xfb, 0x21, 0x1e, 0x21, 0x1e, 0xfc, 0xfc, 0xfc, 0xfc, 0xfc, 0xfc, 0xfc, 0xfb, 0xf2, 0xf2, 
  0x00, 0x00, 0x00, 0xec, 0xec, 0xec, 0xed, 0xec, 0xef, 0xec, 0xec, 0x00, 0xec, 0xec, 0xef, 0xef, 0xed, 0xf0, 0xf1, 0xe7, 0xf4, 0xf2, 0xf4, 0xf2, 0xe7, 0xf2, 0xe7, 0xf4, 0xf2, 0xfb, 0xf2, 0xf2, 0xf2, 0xf4, 0xf2, 0xf4, 0xe7, 0xf2, 0xf2, 0xf2, 0xfb, 0xf4, 0xf2, 0xf2, 0xf2, 0xf2, 0xf2, 0xe7, 0xf2, 0xf1, 0xf2, 0xe7, 0xf1, 0xe7, 0xe6, 0x2c, 0x28, 0x2d, 0x2d, 0x2d, 0x28, 0x2d, 0x2e, 0x2e, 0x3a, 0x37, 0x40, 0x3b, 0x43, 0x47, 0x4e, 0x4e, 0x50, 0x53, 0x53, 0x5f, 0x5b, 0x60, 0x60, 0x67, 0x6e, 0x69, 0x76, 0x7a, 0x83, 0x8c, 0x8c, 0x96, 0x9c, 0xaa, 0xaa, 0xb5, 0xb5, 0xb5, 0xbb, 0xbb, 0xbb, 0xbe, 0xbe, 0xb7, 0xa0, 0x92, 0x71, 0x21, 0x1e, 0xfb, 0xfc, 0xfc, 0xfb, 0xfc, 0xf5, 0xfc, 0xfb, 0xfc, 0xfc, 0xfc, 0xfc, 0xfc, 0xfb, 0xfb, 0xfc, 0xfc, 0xfc, 0xfc, 0xfc, 0xfb, 0xfc, 0xfb, 0xfc, 0xfc, 0xfc, 0xfc, 0xfc, 0xfc, 0xfb, 0xfb, 0xfc, 0xfb, 0xfc, 0xfb, 0xfb, 0xfb, 0xf2, 0xfb, 0x1e, 0x1a, 0x1d, 0x1b, 0x1d, 0x1f, 0x1e, 0xfc, 0xfb, 0xfc, 0xfb, 0xfc, 0xfb, 0xfc, 0xfb, 0xf2, 
  0x00, 0x00, 0x00, 0x00, 0xec, 0xef, 0xef, 0xec, 0xef, 0xec, 0xec, 0xec, 0xec, 0xef, 0xec, 0xef, 0xed, 0xf0, 0xf1, 0xf4, 0xf4, 0xf2, 0xf4, 0xf2, 0xf4, 0xe7, 0xf2, 0xf2, 0xf2, 0xf2, 0xf2, 0xf2, 0xf2, 0xf2, 0xf4, 0xe7, 0xf2, 0xe7, 0xfb, 0xf2, 0xfb, 0xf2, 0xf2, 0xf2, 0xf2, 0xf2, 0xfb, 0xf4, 0xf2, 0xf4, 0xe7, 0xf4, 0xf1, 0x19, 0x18, 0x29, 0x28, 0x28, 0x28, 0x28, 0x2d, 0x2e, 0x32, 0x3a, 0x37, 0x3b, 0x3b, 0x3e, 0x47, 0x42, 0x4e, 0x4f, 0x50, 0x53, 0x55, 0x5b, 0x60, 0x5c, 0x67, 0x67, 0x6e, 0x72, 0x7b, 0x7b, 0x82, 0x82, 0x96, 0x9c, 0x9c, 0xa8, 0xaa, 0xb5, 0xb5, 0xbb, 0xb5, 0xbb, 0xbb, 0xbb, 0xba, 0xb7, 0x9b, 0x9b, 0x81, 0x1d, 0xe7, 0xfb, 0xfb, 0xfc, 0xfc, 0xfc, 0xfc, 0xf6, 0xfc, 0xfc, 0xfc, 0xfc, 0xfb, 0xfc, 0xfc, 0xfb, 0xfc, 0xfb, 0xfc, 0xfc, 0xfb, 0xfb, 0xfc, 0xfb, 0xfb, 0xfb, 0xfc, 0xfb, 0xfb, 0xfb, 0xfb, 0xfc, 0xfb, 0xfb, 0xf2, 0x1e, 0x1a, 0x19, 0x19, 0x18, 0x1b, 0x22, 0x3c, 0x5d, 0x81, 0x1d, 0x21, 0xfc, 0xfc, 0xfc, 0xfc, 0xfb, 0xfb, 0xfc, 0xf2, 0xfb, 
  0x00, 0x00, 0x00, 0xec, 0xec, 0xef, 0xec, 0xec, 0xec, 0xec, 0x00, 0xec, 0x00, 0xec, 0xef, 0xef, 0xf0, 0xf0, 0xf1, 0xf2, 0xf2, 0xf2, 0xf2, 0xe7, 0xf2, 0xf2, 0xf2, 0xf2, 0xf4, 0xf2, 0xf2, 0xf2, 0xf2, 0xf4, 0xf2, 0xf2, 0xf2, 0xf4, 0xf2, 0xf2, 0xf2, 0xf2, 0xf4, 0xf2, 0xf2, 0xf2, 0xf2, 0xf4, 0xf4, 0xf4, 0xf4, 0xf4, 0xf1, 0x19, 0x22, 0x29, 0x28, 0x28, 0x35, 0x35, 0x2d, 0x2e, 0x37, 0x37, 0x3b, 0x3b, 0x3b, 0x42, 0x47, 0x47, 0x4a, 0x50, 0x53, 0x55, 0x58, 0x5c, 0x67, 0x60, 0x69, 0x69, 0x7a, 0x76, 0x78, 0x8d, 0x93, 0x94, 0x95, 0x96, 0xa8, 0xaa, 0xb5, 0xaa, 0xb5, 0xb5, 0xb5, 0xbb, 0xbb, 0xbb, 0xbe, 0xb7, 0xa0, 0x9b, 0x92, 0x59, 0x1e, 0xf2, 0xf2, 0xfb, 0xfc, 0xfb, 0xf5, 0xf5, 0xf6, 0xfc, 0xf5, 0xfb, 0xfc, 0xfb, 0xfb, 0xfc, 0xfb, 0xfc, 0xfc, 0xfc, 0xfb, 0xfc, 0xfb, 0xfb, 0xfc, 0xfb, 0xfb, 0xfc, 0xfb, 0xfb, 0xf2, 0xfb, 0xf2, 0xe7, 0x1a, 0x19, 0x1b, 0x1c, 0x29, 0x40, 0x61, 0x6d, 0x6d, 0x78, 0x8d, 0x1b, 0x21, 0xfb, 0xfc, 0xfc, 0xfc, 0xfb, 0xfb, 0xfb, 0xf2, 0xf4, 
  0x00, 0x00, 0x00, 0x00, 0xec, 0xec, 0xec, 0xec, 0xec, 0xec, 0xec, 0x00, 0xef, 0xec, 0xec, 0xed, 0xed, 0xf1, 0xf4, 0xf2, 0xf2, 0xf2, 0xf4, 0xf2, 0xf2, 0xf2, 0xf2, 0xfb, 0xfb, 0xfb, 0xf2, 0xf2, 0xf2, 0xf2, 0xf2, 0xf4, 0xf2, 0xf2, 0xf4, 0xf2, 0xf2, 0xf4, 0xf2, 0xf2, 0xf4, 0xf2, 0xfb, 0xf4, 0xf4, 0xf4, 0xf4, 0xf4, 0xf1, 0x17, 0x24, 0x28, 0x30, 0xde, 0xdb, 0xd5, 0x3a, 0x2e, 0x3b, 0x37, 0x3b, 0x3e, 0x3e, 0x42, 0x42, 0x4e, 0x4e, 0x4f, 0x53, 0x55, 0x5c, 0x60, 0x67, 0x62, 0x69, 0x72, 0x73, 0xa9, 0xe2, 0xe2, 0xe4, 0xe4, 0xd1, 0xae, 0x98, 0xaa, 0xaa, 0xb5, 0xb5, 0xb5, 0xbb, 0xbb, 0xbb, 0xbb, 0xbe, 0xb7, 0xa0, 0x9b, 0x9b, 0x81, 0x1a, 0xf2, 0xf2, 0xfb, 0xfb, 0xfb, 0xf5, 0x23, 0xfc, 0xf5, 0xfb, 0xfc, 0xfc, 0xfb, 0xfc, 0xfb, 0xfc, 0xfb, 0xfc, 0xfc, 0xfb, 0xfb, 0xfb, 0xfc, 0xfb, 0xfc, 0xfb, 0xf2, 0xf2, 0x1e, 0x1a, 0x19, 0x19, 0x18, 0x1c, 0x27, 0x46, 0x61, 0x6d, 0x69, 0x69, 0x6e, 0x6a, 0x8f, 0x6c, 0x1b, 0x21, 0xfc, 0xfb, 0xfc, 0xfc, 0xfc, 0xfb, 0xfb, 0xf2, 0xf2, 
  0x00, 0x00, 0x00, 0xec, 0x00, 0xec, 0xec, 0xec, 0xec, 0xec, 0xec, 0xec, 0xec, 0xec, 0xef, 0xed, 0xed, 0xf1, 0xe7, 0xf2, 0xe7, 0xf2, 0xf2, 0xf2, 0xf2, 0xfb, 0xf4, 0xfb, 0xf2, 0xf2, 0xfb, 0xf2, 0xf2, 0xf2, 0xf2, 0xfb, 0xf2, 0xf2, 0xf2, 0xf2, 0xf2, 0xf2, 0xf4, 0xf2, 0xf2, 0xf2, 0xf2, 0xf4, 0xf4, 0xf4, 0xf1, 0xf4, 0xf0, 0x18, 0x30, 0x33, 0xdd, 0xdd, 0x2b, 0x22, 0x5e, 0x3a, 0x37, 0x3b, 0x3b, 0x3b, 0x3b, 0x42, 0x47, 0x4a, 0x50, 0x53, 0x55, 0x55, 0x58, 0x62, 0x67, 0x62, 0x72, 0x7a, 0xdb, 0x59, 0x59, 0x68, 0xe4, 0x16, 0x16, 0x15, 0xaf, 0xa7, 0xa8, 0xb5, 0xb5, 0xb5, 0xb5, 0xbb, 0xbb, 0xbb, 0xbb, 0xba, 0xa0, 0xa0, 0x92, 0x79, 0x1a, 0xf4, 0xf2, 0xfb, 0xfb, 0xfc, 0xfc, 0xfc, 0xfc, 0xf5, 0xfc, 0xfc, 0xf5, 0xfb, 0xfc, 0xfc, 0xfb, 0xfc, 0xfb, 0xfc, 0xfc, 0xfb, 0xfc, 0xfb, 0xfb, 0xfb, 0xfb, 0xf4, 0x1a, 0x19, 0x1c, 0x1c, 0x2e, 0x49, 0x65, 0x65, 0x72, 0x6d, 0x72, 0x72, 0x6e, 0x6e, 0x6e, 0x95, 0x2c, 0x1a, 0xfb, 0xfb, 0xfc, 0xfc, 0xfb, 0xf5, 0xfc, 0xfc, 0xfb, 0xf2, 
  0x00, 0x00, 0x00, 0x00, 0xec, 0xec, 0x00, 0x00, 0xec, 0xec, 0xec, 0xec, 0x00, 0xec, 0xef, 0xed, 0xf1, 0xf4, 0xe7, 0xf2, 0xf2, 0xf2, 0xf2, 0xfb, 0xf2, 0xfb, 0xfb, 0xfb, 0xfb, 0xfb, 0xf2, 0xf2, 0xf2, 0xfb, 0xf2, 0xf2, 0xf2, 0xf2, 0xf2, 0xf2, 0xf2, 0xf2, 0xf4, 0xe7, 0xf2, 0xf2, 0xf2, 0xf4, 0xf4, 0xf4, 0xf4, 0xf1, 0xf0, 0x17, 0x24, 0x4d, 0xe1, 0xf7, 0x01, 0x2a, 0xd7, 0x2e, 0x3b, 0x37, 0x37, 0x37, 0x3b, 0x3b, 0x43, 0x47, 0x50, 0x50, 0x55, 0x58, 0x5c, 0x60, 0x67, 0x6e, 0x6e, 0x85, 0xe2, 0x5a, 0x64, 0x71, 0xe8, 0xeb, 0xeb, 0x16, 0xe2, 0xab, 0xae, 0xaa, 0xb5, 0xb5, 0xb5, 0xbb, 0xbb, 0xbb, 0xbe, 0xb7, 0xab, 0x9b, 0x94, 0x81, 0x19, 0xfb, 0xf2, 0xfb, 0xfc, 0xfb, 0xfc, 0xfc, 0xfc, 0xfc, 0xfc, 0xfc, 0xfc, 0xfb, 0xfc, 0xfc, 0xfb, 0xfb, 0xfc, 0xfb, 0xfb, 0xfb, 0xf2, 0xf2, 0x1a, 0x1a, 0x19, 0x18, 0x1b, 0x24, 0x46, 0x65, 0x6d, 0x76, 0x6e, 0x75, 0x6e, 0x77, 0x6e, 0x6e, 0x75, 0x6e, 0x75, 0x94, 0x1b, 0xf2, 0xfb, 0xf5, 0xfc, 0xfc, 0xfc, 0xfc, 0xfb, 0xfb, 0xfb, 0xfb, 
  0x00, 0x00, 0x00, 0x00, 0xec, 0x00, 0xec, 0x00, 0xec, 0x00, 0xec, 0xec, 0xec, 0xec, 0xef, 0xf0, 0xf1, 0xe7, 0xf2, 0xf2, 0xf2, 0xf2, 0xfb, 0xf2, 0xfb, 0xfb, 0xfb, 0xf2, 0xfb, 0xf2, 0xfb, 0xf2, 0xf2, 0xfb, 0xfb, 0xf2, 0xfb, 0xfb, 0xf2, 0xf2, 0xfb, 0xf2, 0xf2, 0xf4, 0xf2, 0xf4, 0xf2, 0xf4, 0xf4, 0xf4, 0xf1, 0xf1, 0x19, 0x19, 0x2c, 0xde, 0xe3, 0xe9, 0xf9, 0xdd, 0xca, 0x3a, 0x2e, 0x3a, 0x2e, 0x2e, 0x3a, 0x3a, 0x3b, 0x43, 0x47, 0x4f, 0x53, 0x55, 0x5c, 0x62, 0x69, 0x69, 0x76, 0xbc, 0xe4, 0xfa, 0x52, 0xf9, 0xeb, 0xeb, 0xeb, 0x16, 0x15, 0xbd, 0xae, 0xb5, 0xb5, 0xb5, 0xb5, 0xbb, 0xbb, 0xbb, 0xbb, 0xba, 0xab, 0xa0, 0x9b, 0x79, 0x44, 0x1e, 0xfb, 0xfb, 0xfc, 0xfc, 0xfc, 0xfc, 0xfc, 0xfc, 0xfc, 0xfc, 0xfc, 0xfb, 0xfb, 0xfc, 0xfc, 0xfc, 0xfc, 0xfc, 0xfb, 0xf2, 0xf2, 0x19, 0x18, 0x1c, 0x24, 0x49, 0x61, 0x73, 0x73, 0x72, 0x76, 0x75, 0x75, 0x75, 0x75, 0x75, 0x75, 0x6e, 0x75, 0x6e, 0x7a, 0x85, 0x1d, 0xf2, 0xfc, 0xfb, 0xf5, 0xfc, 0xf5, 0xfc, 0xfc, 0xfc, 0xfb, 0xfb, 
  0x00, 0x00, 0x00, 0x00, 0x00, 0x00, 0xec, 0x00, 0xec, 0xec, 0xec, 0xec, 0xef, 0xef, 0xed, 0xf0, 0xf1, 0xf4, 0xf4, 0xf2, 0xf2, 0xf2, 0xf2, 0xf2, 0xf2, 0xf2, 0xf2, 0xf2, 0xfb, 0xfb, 0xf2, 0xfb, 0xf2, 0xfb, 0xfb, 0xf2, 0xfb, 0xf2, 0xf2, 0xf2, 0xf2, 0xf2, 0xf2, 0xf4, 0xf2, 0xf4, 0xf2, 0xf4, 0xf4, 0xf4, 0xf4, 0xf0, 0x18, 0x2a, 0x2c, 0xe9, 0xe3, 0xf3, 0xf3, 0xe0, 0x3c, 0x2e, 0x2d, 0x28, 0x28, 0x28, 0x28, 0x2e, 0x32, 0x3b, 0x3e, 0x47, 0x4f, 0x4f, 0x5c, 0x5c, 0x62, 0x67, 0x72, 0xbc, 0x16, 0x16, 0xeb, 0xeb, 0xeb, 0xeb, 0xeb, 0x16, 0x15, 0xbd, 0xae, 0xb5, 0xb5, 0xb5, 0xbb, 0xbb, 0xbb, 0xbb, 0xbe, 0xb7, 0xb7, 0x99, 0x9b, 0x87, 0x59, 0x1a, 0x1e, 0xfc, 0xfb, 0xfc, 0xf5, 0xfc, 0xfc, 0xfc, 0xfc, 0xfb, 0xfb, 0xfb, 0xfc, 0xfb, 0xfb, 0xfb, 0xfc, 0x21, 0x1f, 0x19, 0x1b, 0x22, 0x3c, 0x61, 0x6d, 0x72, 0x75, 0x6f, 0x77, 0x77, 0x77, 0x75, 0x77, 0x75, 0x75, 0x6e, 0x75, 0x72, 0x6e, 0x72, 0x82, 0x5e, 0x20, 0xfb, 0xfc, 0xfc, 0xfc, 0xf5, 0xfc, 0xf5, 0xfb, 0xfc, 0xf2, 0xf2, 
  0x00, 0x00, 0x00, 0x00, 0x00, 0xec, 0xec, 0xec, 0xec, 0xec, 0xec, 0xec, 0xef, 0xef, 0xf0, 0xf1, 0xf1, 0xf2, 0xf2, 0xf4, 0xf2, 0xf2, 0xf2, 0xfb, 0xf2, 0xf2, 0xf2, 0xfb, 0xf2, 0xfb, 0xfb, 0x1e, 0xfb, 0xfc, 0xf2, 0xfb, 0xf2, 0xf2, 0xf2, 0xf2, 0xf2, 0xf4, 0xf2, 0xf2, 0xf2, 0xf4, 0xf2, 0xf4, 0xf4, 0xf4, 0xf1, 0xe7, 0xe6, 0x2a, 0x2c, 0xdd, 0xe3, 0xe1, 0xe9, 0xde, 0x33, 0x2d, 0x28, 0x2d, 0x2d, 0x32, 0x32, 0x37, 0x3e, 0x3e, 0x42, 0x42, 0x4a, 0x4a, 0x4f, 0x55, 0x5c, 0x60, 0x76, 0x99, 0x15, 0x16, 0x16, 0xeb, 0xeb, 0xeb, 0xeb, 0x16, 0x15, 0xaf, 0xa7, 0xb1, 0xb5, 0xb5, 0xbb, 0xbb, 0xbb, 0xbb, 0xbb, 0xba, 0xab, 0xa0, 0xa0, 0x87, 0x59, 0x1f, 0x1e, 0xfb, 0xfc, 0xfc, 0xfc, 0xfc, 0xfb, 0xfb, 0xfb, 0xfb, 0xfb, 0xf2, 0xfb, 0xfb, 0xf2, 0x1e, 0x1f, 0x1c, 0x22, 0x33, 0x61, 0x6d, 0x73, 0x76, 0x7a, 0x7a, 0x7a, 0x7a, 0x7f, 0x77, 0x77, 0x75, 0x77, 0x77, 0x77, 0x76, 0x75, 0x72, 0x6f, 0x73, 0x8f, 0x24, 0x1f, 0xfb, 0xfb, 0xfc, 0xf5, 0xf5, 0xf5, 0xfc, 0xfc, 0xfb, 0xfc, 0xf2, 
  0x00, 0x00, 0x00, 0x00, 0xec, 0x00, 0xec, 0xec, 0xec, 0xec, 0xec, 0xec, 0xef, 0xf0, 0xf1, 0xe7, 0xf2, 0xf4, 0xf2, 0xf2, 0xf2, 0xf2, 0xf1, 0xf2, 0xf2, 0xf4, 0xfb, 0xf2, 0xf2, 0xfb, 0xf2, 0xfb, 0xf2, 0xf2, 0xf2, 0xf2, 0xf2, 0xf2, 0xf2, 0xf2, 0xfb, 0xf2, 0xf4, 0xf2, 0xf2, 0xf2, 0xf2, 0xf4, 0xf4, 0xf4, 0xf1, 0x17, 0x1c, 0x2c, 0x2c, 0xde, 0xdd, 0xd9, 0xd9, 0x35, 0x33, 0x2d, 0x2e, 0x2d, 0x2d, 0x32, 0x2e, 0x37, 0x42, 0x42, 0x42, 0x4a, 0x4a, 0x4f, 0x55, 0x55, 0x5c, 0x5c, 0x69, 0x7b, 0xbd, 0xe4, 0xe3, 0xe4, 0xe4, 0xe4, 0xe3, 0x15, 0xd7, 0xa0, 0xa8, 0xaa, 0xb5, 0xb5, 0xbb, 0xbb, 0xbb, 0xbe, 0xbe, 0xb7, 0xab, 0xa0, 0x94, 0x8d, 0x6c, 0x19, 0x21, 0xfb, 0xfc, 0xfb, 0xfb, 0xfc, 0xfb, 0xfb, 0xfb, 0xfb, 0xf4, 0xf2, 0x1a, 0x19, 0x19, 0x1c, 0x24, 0x51, 0x70, 0x73, 0x77, 0x80, 0x77, 0x7f, 0x7a, 0x80, 0x77, 0x7f, 0x77, 0x7f, 0x77, 0x77, 0x7a, 0x77, 0x77, 0x77, 0x76, 0x75, 0x6e, 0x7b, 0x8d, 0x22, 0x1f, 0xfb, 0xfb, 0xf5, 0xfc, 0xfc, 0xfc, 0xf5, 0xfb, 0xfc, 0xf4, 0xf2, 
  0x00, 0x00, 0x00, 0x00, 0x00, 0xec, 0xec, 0xec, 0xec, 0xef, 0xef, 0xef, 0xed, 0xed, 0xf1, 0xf4, 0xf2, 0xe7, 0xf2, 0xf2, 0xf1, 0xf2, 0xf2, 0xf2, 0xf4, 0xf2, 0xf2, 0xf2, 0xfb, 0xe7, 0xfb, 0xe7, 0xf2, 0xf2, 0xe7, 0xf2, 0xe7, 0xf4, 0xe7, 0xf4, 0xfb, 0xf2, 0xf2, 0xf2, 0xf2, 0xf2, 0xf1, 0xf4, 0xf4, 0xf4, 0xf0, 0x17, 0x24, 0x29, 0x28, 0x79, 0xde, 0x46, 0x35, 0x29, 0x28, 0x28, 0x28, 0x28, 0x28, 0x2e, 0xd7, 0xa1, 0x4e, 0x4a, 0x4f, 0x4f, 0x55, 0x5c, 0x57, 0x60, 0x67, 0x62, 0x69, 0x6d, 0x73, 0x8d, 0xe2, 0xe4, 0xe2, 0xe2, 0x15, 0xaf, 0x95, 0x98, 0x98, 0xa8, 0xa8, 0xaa, 0xb4, 0xb5, 0xbb, 0xbb, 0xbe, 0xb7, 0xab, 0x99, 0x99, 0x93, 0x6c, 0x1d, 0x1e, 0xf2, 0xf2, 0xfb, 0xfb, 0xf2, 0xfb, 0xf2, 0xfb, 0xf4, 0xfb, 0x1a, 0x1b, 0x22, 0x2e, 0x65, 0x7b, 0x82, 0x83, 0x83, 0x86, 0x7f, 0x84, 0x7f, 0x7f, 0x7f, 0x7f, 0x7a, 0x7f, 0x7a, 0x7a, 0x77, 0x77, 0x75, 0x7a, 0x77, 0x77, 0x75, 0x6f, 0x7b, 0x7e, 0x1b, 0x1a, 0xf2, 0xfc, 0xfc, 0xfc, 0xfc, 0xf5, 0xfc, 0xf5, 0xf2, 0xfc, 0xf2, 
  0xec, 0x00, 0x00, 0xec, 0x00, 0xec, 0xec, 0xec, 0xec, 0xef, 0xef, 0xef, 0xf0, 0xf1, 0xf1, 0xf2, 0xe7, 0xf2, 0xf2, 0xf2, 0xf2, 0xf2, 0xf2, 0xf2, 0xf2, 0xe7, 0xf2, 0xf2, 0xf4, 0xf2, 0xf2, 0xf2, 0xe7, 0xf1, 0xf4, 0xf1, 0xf4, 0xf1, 0xf4, 0xf4, 0xf2, 0xf2, 0xf2, 0xfb, 0xf4, 0xf2, 0xf4, 0xe7, 0xf1, 0xf0, 0x03, 0x20, 0x38, 0x3c, 0x33, 0x28, 0x29, 0x24, 0x28, 0x28, 0x2d, 0x2d, 0x2d, 0x2d, 0x32, 0x3b, 0x49, 0x4e, 0x53, 0x60, 0x67, 0x69, 0x6f, 0x6e, 0x6e, 0x6e, 0x6e, 0x6e, 0x69, 0x6e, 0x69, 0x6d, 0x6d, 0x70, 0x70, 0x70, 0x78, 0x89, 0x89, 0x9d, 0x9d, 0xb6, 0xb6, 0xb6, 0xb6, 0xbf, 0xbf, 0xbb, 0xba, 0xae, 0xab, 0x99, 0x99, 0x93, 0x87, 0x1d, 0x1a, 0xf4, 0xfb, 0xfb, 0xfb, 0xf2, 0xf2, 0x1e, 0x19, 0x19, 0x1b, 0x22, 0x51, 0x78, 0x82, 0x88, 0x8b, 0x8b, 0x86, 0x8b, 0x83, 0x84, 0x7f, 0x86, 0x7f, 0x7f, 0x7f, 0x7f, 0x7a, 0x7f, 0x7a, 0x7f, 0x77, 0x77, 0x75, 0x75, 0x75, 0x75, 0x75, 0x8f, 0x4d, 0x1d, 0x1a, 0xfb, 0xfc, 0xfc, 0xfc, 0xf5, 0xfc, 0xf5, 0xfc, 0xf5, 0xfb, 0xfb, 
  0xec, 0xec, 0xec, 0xec, 0xec, 0xec, 0xec, 0xef, 0xec, 0xef, 0xed, 0xf0, 0xf1, 0xf1, 0xf4, 0xe7, 0xf4, 0xf4, 0xe7, 0xf2, 0xf2, 0xe7, 0xf2, 0xe7, 0xf2, 0xf2, 0xf2, 0xf2, 0xf2, 0xf2, 0xf4, 0xf1, 0xe7, 0xf1, 0xf1, 0xf0, 0xf1, 0xf1, 0xf1, 0xf4, 0xf4, 0xf2, 0xf2, 0xf2, 0xf2, 0xe7, 0xf1, 0xf1, 0xf1, 0x03, 0x1f, 0x48, 0x07, 0xc0, 0x33, 0x28, 0x28, 0x2d, 0x2d, 0x28, 0x32, 0x32, 0x37, 0x3e, 0x47, 0x4a, 0x53, 0x55, 0x5c, 0x69, 0x6e, 0x80, 0x77, 0x80, 0x80, 0x77, 0x76, 0x75, 0x72, 0x69, 0x6e, 0x6e, 0x73, 0x5f, 0x73, 0x73, 0x89, 0xa6, 0x0c, 0x0d, 0x10, 0x0d, 0x10, 0x0d, 0xc5, 0xc6, 0xc1, 0xbb, 0xba, 0xb7, 0xa1, 0x99, 0x8f, 0x94, 0x87, 0x1b, 0x1a, 0xf4, 0xf2, 0xf2, 0xf4, 0xe7, 0x1a, 0x18, 0x1c, 0x29, 0x65, 0x7b, 0x8e, 0x8c, 0x91, 0x91, 0x8b, 0x91, 0x8b, 0x86, 0x86, 0x86, 0x86, 0x7f, 0x86, 0x7f, 0x7f, 0x7f, 0x7f, 0x7f, 0x7a, 0x7a, 0x77, 0x77, 0x75, 0x77, 0x75, 0x75, 0x75, 0x95, 0x27, 0x1e, 0xf2, 0xfb, 0xfb, 0xfc, 0xfc, 0xfc, 0xfc, 0xf5, 0xfc, 0xfb, 0xfc, 0xfb, 
  0xed, 0xef, 0xec, 0xec, 0xec, 0xef, 0xec, 0xef, 0xef, 0xed, 0xed, 0xf0, 0xf1, 0xe7, 0xf1, 0xe7, 0xf4, 0xf2, 0xf2, 0xf2, 0xf2, 0xf2, 0xf2, 0xf2, 0xf2, 0xf2, 0xe7, 0xfb, 0xf2, 0xf2, 0xe7, 0xf1, 0xf0, 0xf0, 0xf0, 0xed, 0xef, 0xf0, 0xef, 0xf1, 0xf4, 0xf1, 0xf4, 0xe7, 0xe7, 0xe7, 0xe7, 0xf0, 0xf1, 0x03, 0x1f, 0x07, 0x08, 0x07, 0x3a, 0x2d, 0x2d, 0x2e, 0x32, 0x32, 0x3b, 0x3b, 0x42, 0x4a, 0x4f, 0x55, 0x58, 0x5c, 0x62, 0x69, 0x6f, 0x77, 0x84, 0x84, 0x8c, 0x8c, 0x84, 0x83, 0x80, 0x77, 0x80, 0x7a, 0x77, 0x7f, 0x82, 0x9d, 0xc5, 0x0d, 0x0f, 0x0f, 0x0f, 0x12, 0x12, 0x10, 0x10, 0x0e, 0xc5, 0xba, 0xbf, 0xab, 0xa1, 0x8f, 0x99, 0x99, 0x92, 0x1c, 0x1a, 0xf4, 0xf2, 0x1a, 0x19, 0x18, 0x1b, 0x38, 0x70, 0x8e, 0x91, 0x9a, 0x9a, 0x9a, 0x9a, 0x8b, 0x9a, 0x8b, 0x91, 0x8b, 0x86, 0x86, 0x86, 0x86, 0x83, 0x86, 0x7f, 0x7f, 0x7f, 0x7f, 0x7a, 0x7f, 0x77, 0x77, 0x77, 0x75, 0x75, 0x75, 0x77, 0x85, 0x18, 0xf2, 0xfb, 0xfb, 0xfb, 0xfc, 0xfc, 0xfc, 0xfc, 0xfc, 0xfc, 0xfc, 0xfb, 0xfb, 
  0xed, 0xf0, 0xef, 0xef, 0xef, 0xed, 0xef, 0xed, 0xf0, 0xed, 0xf1, 0xf1, 0xf1, 0xe7, 0xf4, 0xf2, 0xf4, 0xf2, 0xe7, 0xf2, 0xf2, 0xfb, 0xf4, 0xf2, 0xfb, 0xfb, 0xfb, 0xfb, 0xf2, 0xf4, 0xf1, 0xf0, 0xf0, 0xed, 0xed, 0xed, 0xed, 0xef, 0xf0, 0xf0, 0xf1, 0xf1, 0xf1, 0xf1, 0xf1, 0xf1, 0xf4, 0xf0, 0xf1, 0x03, 0x2f, 0x08, 0x08, 0x08, 0x49, 0x32, 0x37, 0x37, 0x3e, 0x3e, 0x3e, 0x3e, 0x4a, 0x4a, 0x55, 0x67, 0xd7, 0x7b, 0x60, 0x62, 0x6e, 0x6f, 0x80, 0x84, 0x8c, 0x8c, 0x8c, 0x8c, 0x8c, 0x8c, 0x88, 0x8c, 0x88, 0x91, 0x9d, 0xc5, 0x0d, 0x0f, 0x0f, 0x0f, 0x12, 0x12, 0x12, 0x12, 0x10, 0x10, 0xd8, 0xc5, 0xba, 0xae, 0xa1, 0x8f, 0x95, 0x94, 0x93, 0x1b, 0x1a, 0xe7, 0x19, 0x1c, 0x22, 0x51, 0x82, 0x98, 0x98, 0x9e, 0x9e, 0x9a, 0x9a, 0x9a, 0x9a, 0x9a, 0x91, 0x9a, 0x86, 0x91, 0x86, 0x86, 0x88, 0x7f, 0x86, 0x7f, 0x7f, 0x7f, 0x7a, 0x7f, 0x7f, 0x7a, 0x7a, 0x77, 0x77, 0x77, 0x75, 0x75, 0x82, 0x78, 0x18, 0xfb, 0xfb, 0xf5, 0xfc, 0xfc, 0xf5, 0xfc, 0xf5, 0xfb, 0xfc, 0xf2, 0xfb, 0xf2, 
  0xef, 0xed, 0xed, 0xf0, 0xf0, 0xf0, 0xf0, 0xf0, 0xf0, 0xf1, 0xf1, 0xe7, 0xe7, 0xe7, 0xf2, 0xf2, 0xf4, 0xe7, 0xe7, 0xf2, 0xf2, 0xf2, 0xf2, 0xf2, 0xfb, 0xfb, 0xf2, 0xfb, 0xf2, 0xe7, 0xf1, 0xed, 0xef, 0xef, 0xf0, 0xed, 0xed, 0xed, 0xef, 0xed, 0xf0, 0xed, 0xf0, 0xf0, 0xf1, 0xf0, 0xf0, 0xf1, 0xf0, 0x03, 0x04, 0x09, 0x09, 0x09, 0x43, 0x3b, 0x3e, 0x3e, 0x42, 0x42, 0x42, 0x4a, 0x4f, 0x5c, 0x88, 0x5f, 0x5f, 0x6d, 0x88, 0x7b, 0x6f, 0x72, 0x77, 0x80, 0x80, 0x84, 0x8c, 0x97, 0x8c, 0x97, 0x91, 0x97, 0x97, 0x9e, 0xb6, 0x0c, 0x10, 0x0f, 0x12, 0x12, 0x12, 0x12, 0x12, 0x12, 0x12, 0x10, 0x10, 0xc5, 0xba, 0xb1, 0xa1, 0x95, 0x95, 0x99, 0x93, 0x22, 0x1b, 0x18, 0x24, 0x5e, 0x8f, 0x8e, 0x9e, 0x9a, 0xa5, 0xa5, 0xa5, 0x9e, 0x9e, 0x9a, 0x9a, 0x91, 0x9a, 0x91, 0x91, 0x8b, 0x88, 0x86, 0x86, 0x86, 0x83, 0x7f, 0x7f, 0x7f, 0x7f, 0x7f, 0x7a, 0x77, 0x7a, 0x75, 0x75, 0x75, 0x75, 0x72, 0x82, 0x51, 0x20, 0xf2, 0xfb, 0xfc, 0xf5, 0xf5, 0xfc, 0xfc, 0xfc, 0xfc, 0xfb, 0xfb, 0xf2, 0xf2, 
  0xed, 0xf0, 0xf0, 0xf1, 0xf1, 0xf1, 0xf1, 0xf4, 0xf1, 0xf1, 0xe7, 0xe7, 0xf4, 0xe7, 0xf2, 0xe7, 0xf2, 0xe7, 0xf2, 0xf2, 0xf4, 0xf2, 0xf2, 0xf2, 0xf2, 0xf2, 0xfb, 0xfb, 0xf4, 0xf1, 0xf0, 0xef, 0xef, 0xef, 0xef, 0xef, 0xef, 0xef, 0xed, 0xf0, 0xed, 0xed, 0xed, 0xef, 0xed, 0xed, 0xed, 0xf0, 0xef, 0x1f, 0x04, 0x09, 0x0b, 0x0b, 0x4e, 0x3e, 0x3e, 0x42, 0x4a, 0x4a, 0x4a, 0x4a, 0x4f, 0x58, 0x4f, 0x58, 0x5f, 0x67, 0x72, 0x76, 0x7a, 0xb5, 0xb5, 0x83, 0x7a, 0x80, 0x83, 0x8c, 0x8c, 0x8c, 0x97, 0x9c, 0x9c, 0xa3, 0xc5, 0x0c, 0x0f, 0x0f, 0x12, 0x0f, 0x12, 0x12, 0x12, 0x12, 0x12, 0x10, 0x10, 0xc5, 0xb6, 0xae, 0xa7, 0x95, 0x95, 0x95, 0x95, 0x24, 0x2e, 0x6d, 0x8e, 0x98, 0x9e, 0x9e, 0xa5, 0xa5, 0xa5, 0xa5, 0xa5, 0xa5, 0x9a, 0x9e, 0x9a, 0x9a, 0x9a, 0x91, 0x91, 0x91, 0x86, 0x86, 0x86, 0x86, 0x86, 0x7f, 0x83, 0x7f, 0x7f, 0x7f, 0x7a, 0x7f, 0x7a, 0x7a, 0x77, 0x75, 0x7a, 0x76, 0x8d, 0x24, 0x19, 0xfb, 0xfc, 0xfc, 0xfb, 0xf5, 0xfc, 0xf5, 0xfc, 0xfc, 0xfb, 0xf2, 0xf2, 0xf2, 
  0xec, 0xed, 0xed, 0xf1, 0xe7, 0xe7, 0xf4, 0xe7, 0xf4, 0xf2, 0xf2, 0xe7, 0xe7, 0xf2, 0xe7, 0xf2, 0xe7, 0xf2, 0xe7, 0xf2, 0xe7, 0xf2, 0xf2, 0xf2, 0xf2, 0xe7, 0xfb, 0xf2, 0xf4, 0xf0, 0xed, 0xec, 0xef, 0xec, 0xec, 0xef, 0xec, 0xef, 0xef, 0xef, 0xef, 0xef, 0xef, 0xef, 0xef, 0xef, 0xed, 0xef, 0xef, 0x03, 0x48, 0x08, 0x0b, 0x0b, 0x49, 0x42, 0x3e, 0x4a, 0x4a, 0x4a, 0x4a, 0x4a, 0x4f, 0x4f, 0x55, 0x57, 0x60, 0x67, 0x69, 0x72, 0x72, 0x72, 0x76, 0x76, 0x76, 0x7a, 0x80, 0x83, 0x83, 0x8c, 0x8c, 0x97, 0x96, 0xa3, 0xc5, 0x0d, 0x12, 0x0f, 0x12, 0x12, 0x12, 0x12, 0x12, 0x12, 0x12, 0x12, 0x10, 0xc5, 0xb6, 0xae, 0xa1, 0x95, 0x98, 0x95, 0x8f, 0x73, 0x8e, 0x96, 0x9e, 0xa5, 0xa5, 0xa5, 0xa5, 0xa5, 0xa5, 0xa5, 0xa5, 0x9e, 0xa5, 0x9a, 0x9e, 0x9a, 0x9a, 0x91, 0x9a, 0x8c, 0x91, 0x86, 0x86, 0x86, 0x88, 0x86, 0x83, 0x7f, 0x7f, 0x7f, 0x7f, 0x7f, 0x7a, 0x7a, 0x75, 0x7f, 0x75, 0x7b, 0x8d, 0x22, 0x1a, 0xfc, 0xfc, 0xfc, 0xf5, 0xfc, 0xf5, 0xf5, 0xfc, 0xfc, 0xfb, 0xfc, 0xf2, 0xf2, 
  0xec, 0xec, 0xf0, 0xf0, 0xf4, 0xe7, 0xf2, 0xf2, 0xf2, 0xe7, 0xf2, 0xe7, 0xf2, 0xf2, 0xf2, 0x1e, 0xf2, 0xe7, 0xf2, 0xf2, 0xf2, 0xf2, 0xf2, 0xf2, 0xf2, 0xfb, 0xf4, 0xf4, 0xf0, 0xed, 0xed, 0xec, 0xec, 0xec, 0xec, 0xec, 0xec, 0xef, 0xef, 0xef, 0xef, 0xef, 0xef, 0xef, 0xef, 0xef, 0xed, 0xef, 0xef, 0x03, 0x03, 0x07, 0x08, 0x09, 0x66, 0x3e, 0x42, 0x4a, 0x4a, 0x4a, 0x4a, 0x4f, 0x4f, 0x55, 0x55, 0x5c, 0x60, 0x69, 0x72, 0x72, 0x72, 0x72, 0x76, 0x72, 0x7a, 0x76, 0x7a, 0x7a, 0x83, 0x83, 0x88, 0x8c, 0x8c, 0x9d, 0xc5, 0x0d, 0x12, 0x0f, 0x0f, 0x0f, 0x0f, 0x0f, 0x0f, 0x12, 0x0f, 0x10, 0x0d, 0xc0, 0xb6, 0xa1, 0x95, 0x95, 0x8f, 0x8e, 0x98, 0x88, 0x9e, 0xa5, 0xa5, 0xa5, 0xa5, 0xad, 0xa5, 0xad, 0xad, 0xad, 0xa5, 0xad, 0xa5, 0x9e, 0x9e, 0x9a, 0x9a, 0x9a, 0x91, 0x91, 0x86, 0x8c, 0x86, 0x8c, 0x86, 0x7f, 0x86, 0x7f, 0x7a, 0x7f, 0x7f, 0x7a, 0x7f, 0x7a, 0x7a, 0x75, 0x77, 0x7b, 0x7e, 0x1b, 0x1e, 0xfb, 0xfc, 0xfc, 0xfc, 0xf5, 0xf5, 0xfc, 0xf5, 0xfc, 0xfc, 0xfb, 0xfc, 0xf4, 
  0x00, 0xef, 0xed, 0xf0, 0xf1, 0xf2, 0xf2, 0xf2, 0xf2, 0xf4, 0xf4, 0xf2, 0xf2, 0x1e, 0xf2, 0xf2, 0xf2, 0xf2, 0xf2, 0xe7, 0xf2, 0xe7, 0xf2, 0xf2, 0xf2, 0xf4, 0xf2, 0xf0, 0xf0, 0xef, 0xec, 0xec, 0xec, 0x00, 0xec, 0xec, 0xec, 0xec, 0x00, 0xec, 0xec, 0xec, 0xec, 0xef, 0xef, 0xef, 0xec, 0xef, 0xec, 0x03, 0x03, 0x05, 0x07, 0x09, 0x66, 0x43, 0x42, 0x4a, 0x4a, 0x4a, 0x4f, 0x4f, 0x4f, 0x53, 0x55, 0x5b, 0x5b, 0x67, 0x67, 0x72, 0x72, 0x76, 0x72, 0x72, 0x72, 0x76, 0x7a, 0x76, 0x7a, 0x7a, 0x83, 0x83, 0x88, 0x8e, 0xa6, 0x0c, 0x0f, 0x0f, 0x0f, 0x0f, 0x0f, 0x0f, 0x0f, 0x0f, 0x0f, 0x10, 0x0c, 0xb6, 0x9f, 0x95, 0x8f, 0x8f, 0x8f, 0x95, 0x78, 0x73, 0x9e, 0xa5, 0xa5, 0xa5, 0xa5, 0xad, 0xa5, 0xad, 0xad, 0xad, 0xad, 0xad, 0xa5, 0xad, 0xa5, 0x9e, 0x9a, 0x9a, 0x9a, 0x91, 0x9a, 0x86, 0x8c, 0x86, 0x8c, 0x86, 0x7f, 0x7f, 0x7f, 0x7f, 0x7f, 0x7f, 0x7f, 0x7a, 0x75, 0x7a, 0x7a, 0x8f, 0x5d, 0x1d, 0x1e, 0xfc, 0xfb, 0xf5, 0xf5, 0xf5, 0xf5, 0xfc, 0xfc, 0xfb, 0xfb, 0xfb, 0xf2, 0xf2, 
  0xec, 0xef, 0xed, 0xf0, 0xf1, 0xe7, 0xf4, 0xf2, 0xf2, 0xf2, 0xf4, 0xf4, 0xf2, 0xf2, 0xf2, 0xf2, 0xf2, 0xf2, 0xf4, 0xf2, 0xf2, 0xf2, 0xf4, 0xf2, 0xe7, 0xf4, 0xf1, 0xf0, 0xed, 0xec, 0xec, 0xec, 0xec, 0xec, 0x00, 0xec, 0x00, 0xec, 0xec, 0xec, 0xec, 0xec, 0xec, 0xec, 0xec, 0xec, 0xef, 0xec, 0xef, 0x00, 0x03, 0x03, 0x06, 0xc0, 0x66, 0x43, 0x43, 0x42, 0x4a, 0x4e, 0x4f, 0x53, 0x50, 0x53, 0x53, 0x55, 0x5b, 0x60, 0x67, 0x6e, 0x69, 0x72, 0x6e, 0x72, 0x72, 0x76, 0x72, 0x76, 0x76, 0x83, 0x7a, 0x7f, 0x83, 0x89, 0x9d, 0x0c, 0x0f, 0x0f, 0x0f, 0x0f, 0x0f, 0x0f, 0x0f, 0x0f, 0x0f, 0x0c, 0xc0, 0x9f, 0x99, 0x8f, 0x85, 0x85, 0x85, 0x99, 0x1c, 0x46, 0x8e, 0xa5, 0xa5, 0xa5, 0xad, 0xa5, 0xad, 0xa5, 0xad, 0xa5, 0xad, 0xad, 0xad, 0xad, 0xa5, 0xa5, 0xa5, 0x9a, 0x9a, 0x9a, 0x91, 0x91, 0x86, 0x8c, 0x8e, 0x7f, 0x88, 0x86, 0x7f, 0x7f, 0x7f, 0x7f, 0x7a, 0x7a, 0x7a, 0x7a, 0x7a, 0x8f, 0x22, 0x21, 0xfb, 0xfb, 0xfc, 0xfc, 0xfc, 0xfc, 0xf5, 0xf5, 0xf5, 0xfc, 0xfc, 0xfb, 0xf2, 0xf2, 
  0xec, 0xed, 0xf0, 0xf1, 0xe7, 0xf2, 0xf2, 0xf2, 0xf2, 0xf2, 0xf2, 0xf4, 0xf2, 0xf2, 0xe7, 0xf2, 0xf2, 0xf2, 0xf4, 0xf2, 0xf2, 0xf2, 0xf2, 0xf2, 0xf4, 0xe7, 0xf1, 0xed, 0xef, 0xec, 0xec, 0xec, 0xec, 0x00, 0xef, 0x00, 0xec, 0x00, 0xec, 0x00, 0xec, 0x00, 0xec, 0xec, 0xec, 0xec, 0xec, 0xec, 0xec, 0xec, 0xec, 0x03, 0x48, 0x06, 0x51, 0x40, 0x43, 0x42, 0x4e, 0x4e, 0x50, 0x50, 0x50, 0x53, 0x53, 0x58, 0x5b, 0x5f, 0x67, 0x67, 0x69, 0x72, 0x69, 0x72, 0x69, 0x72, 0x72, 0x72, 0x76, 0x76, 0x7a, 0x7a, 0x7a, 0x7a, 0x89, 0xa6, 0x0c, 0x0f, 0x0f, 0x0f, 0x0f, 0x0f, 0x0f, 0x0d, 0x0d, 0xc0, 0x9f, 0x99, 0x8f, 0x8f, 0x85, 0x78, 0x85, 0x8d, 0x18, 0x1b, 0x78, 0x9e, 0xa5, 0xad, 0xa5, 0xad, 0xad, 0xad, 0xad, 0xad, 0xad, 0xad, 0xad, 0xa5, 0xad, 0xa5, 0xa5, 0xa5, 0x9e, 0x9e, 0x9a, 0x91, 0x91, 0x86, 0x86, 0x86, 0x86, 0x7f, 0x7f, 0x7f, 0x7f, 0x7a, 0x7f, 0x7a, 0x7a, 0x7a, 0x7a, 0x85, 0x20, 0xf2, 0xfb, 0xfc, 0xfb, 0xfc, 0xfc, 0xf5, 0xfc, 0xf5, 0xfc, 0xfc, 0xfc, 0xfb, 0xf2, 0xfb, 
  0xef, 0xf0, 0xf1, 0xf4, 0xf4, 0xf1, 0xf2, 0xf2, 0xf2, 0xf4, 0xf2, 0xfb, 0xf2, 0xf2, 0xf2, 0xf2, 0xe7, 0xf2, 0xf2, 0xf4, 0xf2, 0xf4, 0xe7, 0xf4, 0xf2, 0xf1, 0xf0, 0xef, 0xef, 0xec, 0xec, 0xec, 0x00, 0xec, 0xec, 0x00, 0xec, 0x00, 0xec, 0x00, 0xec, 0x00, 0xec, 0x00, 0xec, 0xec, 0xec, 0xec, 0xec, 0xec, 0xec, 0xec, 0x03, 0x59, 0x38, 0x3a, 0x49, 0x43, 0x4e, 0x4e, 0x4e, 0x50, 0x50, 0x53, 0x53, 0x58, 0x5b, 0x5f, 0x67, 0x67, 0x69, 0x69, 0x69, 0x69, 0x6e, 0x6e, 0x6e, 0x72, 0x72, 0x76, 0x76, 0x7a, 0x76, 0x82, 0x7a, 0x89, 0xa6, 0x0c, 0x0c, 0x0d, 0x0d, 0x0d, 0x0d, 0x0c, 0xa6, 0x9f, 0x8f, 0x95, 0x85, 0x85, 0x78, 0x7e, 0x7e, 0x79, 0x19, 0x18, 0x38, 0x95, 0xb1, 0xa5, 0xad, 0xad, 0xad, 0xad, 0xad, 0xad, 0xb3, 0xad, 0xad, 0xad, 0xad, 0xad, 0xad, 0xa5, 0xa5, 0x9e, 0xa5, 0x9e, 0x9e, 0x91, 0x91, 0x86, 0x7f, 0x86, 0x7f, 0x7f, 0x7a, 0x7f, 0x7a, 0x75, 0x7a, 0x76, 0x82, 0x78, 0x1d, 0xf2, 0xfb, 0xfb, 0xfc, 0xf5, 0xfc, 0xf5, 0xf5, 0xfb, 0xfc, 0xfb, 0xfc, 0xfb, 0xf2, 0xf4, 
  0xf0, 0xf1, 0xf1, 0xf4, 0xe7, 0xf2, 0xf2, 0xf2, 0xf4, 0xf2, 0xf2, 0xf2, 0xf2, 0xf2, 0xf2, 0xf4, 0xf2, 0xf2, 0xf2, 0xf2, 0xf2, 0xf2, 0xf2, 0xf1, 0xf1, 0xf0, 0xed, 0xef, 0xec, 0xec, 0xec, 0xec, 0xec, 0xec, 0x00, 0xec, 0x00, 0xec, 0x00, 0xec, 0x00, 0xec, 0xec, 0xec, 0xec, 0xec, 0xec, 0xec, 0xec, 0xec, 0xec, 0x00, 0x00, 0xe5, 0x22, 0x30, 0x3c, 0x49, 0x43, 0x4e, 0x50, 0x4e, 0x50, 0x50, 0x53, 0x53, 0x58, 0x5b, 0x5f, 0x60, 0x69, 0x67, 0x69, 0x69, 0x69, 0x69, 0x72, 0x72, 0x72, 0x76, 0x76, 0x76, 0x7a, 0x75, 0x7a, 0x7a, 0x89, 0x89, 0xa6, 0xa6, 0xc5, 0xa6, 0xa6, 0xa6, 0x8e, 0x95, 0x8f, 0x8f, 0x85, 0x7e, 0x78, 0x70, 0x7e, 0x1b, 0x17, 0x17, 0x1c, 0x70, 0xa7, 0xa5, 0xad, 0xad, 0xad, 0xad, 0xad, 0xad, 0xad, 0xad, 0xad, 0xad, 0xad, 0xa5, 0xad, 0xa5, 0xad, 0xa5, 0xa5, 0x9e, 0x9e, 0x9a, 0x9a, 0x9a, 0x8c, 0x8c, 0x7f, 0x7f, 0x7f, 0x7f, 0x7a, 0x7f, 0x75, 0x76, 0x85, 0x51, 0x1f, 0xf2, 0xfb, 0xfb, 0xfc, 0xfc, 0xf5, 0xfc, 0xfc, 0xfc, 0xfc, 0xfc, 0xfc, 0xfb, 0xf2, 0xf2, 
  0xf1, 0xf1, 0xf1, 0xf1, 0xf4, 0xf2, 0xf2, 0xf2, 0xf2, 0xf2, 0xf2, 0xe7, 0xf2, 0xf2, 0xf2, 0xf2, 0xe7, 0xf2, 0xf2, 0xf2, 0xf2, 0xf2, 0xe7, 0xf1, 0xf0, 0xed, 0xef, 0xef, 0xec, 0xec, 0xec, 0xec, 0xec, 0xec, 0xec, 0xec, 0xec, 0x00, 0xec, 0xec, 0xec, 0xec, 0xec, 0xec, 0xec, 0xec, 0xec, 0xec, 0xec, 0xec, 0xec, 0xec, 0x00, 0x00, 0xe5, 0x1b, 0x30, 0x3c, 0x49, 0x49, 0x4e, 0x4e, 0x50, 0x50, 0x53, 0x53, 0x58, 0x5f, 0x60, 0x60, 0x60, 0x67, 0x67, 0x67, 0x69, 0x69, 0x69, 0x6e, 0x72, 0x76, 0x76, 0x76, 0x76, 0x76, 0x7a, 0x75, 0x7f, 0x7f, 0x89, 0x89, 0x89, 0x9d, 0x89, 0x89, 0x8e, 0x8f, 0x8e, 0x85, 0x85, 0x78, 0x70, 0x7e, 0x79, 0x1b, 0x19, 0xe7, 0x17, 0x27, 0x95, 0xad, 0xad, 0xad, 0xad, 0xad, 0xad, 0xb3, 0xad, 0xb3, 0xad, 0xad, 0xad, 0xad, 0xa5, 0xad, 0xa5, 0xa5, 0xa5, 0x9e, 0xa5, 0x9e, 0x9e, 0x9a, 0x9a, 0x91, 0x9a, 0x91, 0x86, 0x7f, 0x7a, 0x7a, 0x77, 0x7b, 0x85, 0x27, 0x1f, 0xfb, 0xfb, 0xfc, 0xfc, 0xfc, 0xf5, 0xfc, 0xfc, 0xfc, 0xfc, 0xfc, 0xfb, 0xfb, 0xf2, 0xf2, 
  0xf1, 0xf0, 0xf4, 0xf4, 0xf4, 0xe7, 0xf1, 0xe7, 0xf2, 0xf2, 0xe7, 0xe7, 0xf2, 0xf2, 0xf2, 0xf2, 0xf2, 0xf2, 0xf2, 0xf2, 0xf1, 0xe7, 0xf0, 0xf1, 0xef, 0xf0, 0xef, 0xef, 0xec, 0x00, 0x00, 0xec, 0xec, 0xec, 0xec, 0xec, 0xec, 0xec, 0xec, 0xec, 0xec, 0xec, 0xec, 0xec, 0xec, 0xec, 0xec, 0xec, 0xec, 0x00, 0xec, 0x00, 0xec, 0x00, 0x00, 0xe5, 0x1b, 0x30, 0x3c, 0x43, 0x43, 0x4e, 0x4e, 0x4e, 0x53, 0x53, 0x5b, 0x5b, 0x60, 0x60, 0x60, 0x62, 0x60, 0x69, 0x69, 0x69, 0x72, 0x6e, 0x72, 0x75, 0x72, 0x75, 0x76, 0x75, 0x77, 0x7a, 0x7f, 0x7f, 0x7f, 0x86, 0x88, 0x88, 0x8e, 0x96, 0x8e, 0x98, 0x8f, 0x85, 0x85, 0x78, 0x78, 0x7e, 0x87, 0x1d, 0x17, 0xf4, 0xf1, 0x18, 0x70, 0xa3, 0xad, 0xad, 0xad, 0xb3, 0xad, 0xb3, 0xb3, 0xad, 0xb3, 0xad, 0xb3, 0xad, 0xa5, 0xa3, 0xa8, 0xa3, 0xa7, 0xa7, 0xa3, 0x98, 0x98, 0x98, 0xa1, 0x95, 0x95, 0x8f, 0x85, 0x85, 0x78, 0x6d, 0x65, 0x61, 0x5d, 0x18, 0x1a, 0xfb, 0xfb, 0xfc, 0xfb, 0xfc, 0xfc, 0xfc, 0xfc, 0xfc, 0xfc, 0xfb, 0xfb, 0xf2, 0xf2, 0xf4, 
  0xf1, 0xf1, 0xf4, 0xf1, 0xe7, 0xf2, 0xf2, 0xf2, 0xf2, 0xf2, 0xf2, 0xe7, 0xf2, 0xe7, 0xf2, 0xe7, 0xf2, 0xf2, 0xf1, 0xe7, 0xf1, 0xf0, 0xf0, 0xed, 0xef, 0xef, 0xec, 0xec, 0x00, 0xec, 0x00, 0xec, 0x00, 0xec, 0x00, 0xec, 0xec, 0xec, 0xec, 0xef, 0xec, 0xec, 0xec, 0xec, 0xec, 0xec, 0xec, 0xec, 0x00, 0xec, 0x00, 0xec, 0x00, 0x00, 0x00, 0xe5, 0xe5, 0x1b, 0x33, 0x40, 0x43, 0x4e, 0x4e, 0x50, 0x53, 0x53, 0x58, 0x5b, 0x5b, 0x5b, 0x62, 0x60, 0x62, 0x67, 0x69, 0x6e, 0x69, 0x72, 0x75, 0x75, 0x75, 0x75, 0x77, 0x7a, 0x77, 0x80, 0x7a, 0x84, 0x86, 0x86, 0x91, 0x91, 0x8c, 0x91, 0x98, 0x8e, 0x8f, 0x8e, 0x85, 0x85, 0x85, 0x93, 0x87, 0x1b, 0x1a, 0xf4, 0xf1, 0x17, 0x22, 0x99, 0xb1, 0xad, 0xb3, 0xad, 0xb3, 0xb3, 0xad, 0xad, 0xb3, 0xad, 0xad, 0xa8, 0xa3, 0xa1, 0xa1, 0xa0, 0x94, 0x8d, 0x7e, 0x70, 0x70, 0x5d, 0x51, 0x39, 0x2c, 0x20, 0x1b, 0x1d, 0x18, 0x1d, 0x1d, 0x19, 0x19, 0x21, 0xfb, 0xfb, 0xfc, 0xfc, 0xf5, 0xf5, 0xf5, 0xfc, 0xfb, 0xfc, 0xfb, 0xfb, 0xfb, 0xf2, 0xf2, 0xf4, 
  0xf1, 0xf0, 0xf4, 0xf4, 0xe7, 0xf2, 0x1e, 0xf2, 0xe7, 0xe7, 0xf2, 0xe7, 0xf2, 0xe7, 0xf2, 0xf2, 0xf1, 0xe7, 0xf1, 0xf1, 0xf0, 0xed, 0xef, 0xef, 0xef, 0xec, 0xef, 0xec, 0xec, 0x00, 0xec, 0x00, 0xec, 0xec, 0xec, 0xec, 0xec, 0xec, 0xec, 0xec, 0xec, 0xec, 0xec, 0x00, 0xec, 0xec, 0xec, 0xec, 0xec, 0x00, 0xec, 0x00, 0x00, 0x00, 0x00, 0x00, 0xe5, 0x1b, 0x29, 0x40, 0x3b, 0x4e, 0x4e, 0x50, 0x50, 0x53, 0x58, 0x5b, 0x5b, 0x5c, 0x60, 0x62, 0x67, 0x67, 0x6e, 0x6e, 0x6e, 0x75, 0x75, 0x75, 0x77, 0x77, 0x7f, 0x80, 0x80, 0x80, 0x84, 0x84, 0x8b, 0x91, 0x91, 0x9c, 0x96, 0x96, 0xa3, 0x98, 0xa7, 0xa1, 0xab, 0xa1, 0x94, 0x85, 0x9b, 0x1b, 0x1a, 0xf4, 0xf4, 0x1a, 0x18, 0x5e, 0xa1, 0xad, 0xad, 0xb3, 0xad, 0xad, 0xad, 0xad, 0xb3, 0xad, 0x8e, 0x73, 0x61, 0x51, 0x38, 0x27, 0x1c, 0x1c, 0x1b, 0x1b, 0x1d, 0x1d, 0x1f, 0x1f, 0x1e, 0xe7, 0xfb, 0xf4, 0xfb, 0xf2, 0xf4, 0xfb, 0xfb, 0xfb, 0xfb, 0xfc, 0xfc, 0xfc, 0xfc, 0xfc, 0xfc, 0xfb, 0xfc, 0xfc, 0xfb, 0xfb, 0xf2, 0xf2, 0xf4, 0xf4, 
  0xf0, 0xf1, 0xf4, 0xf1, 0xe7, 0xf2, 0xf2, 0xe7, 0xf2, 0xe7, 0xe7, 0xf2, 0x1e, 0xe7, 0xe7, 0xf0, 0xf0, 0xf0, 0xed, 0xf0, 0xed, 0xed, 0xec, 0xef, 0xef, 0xec, 0xec, 0x00, 0xec, 0x00, 0xec, 0x00, 0xec, 0x00, 0xec, 0xec, 0xec, 0xec, 0xec, 0xec, 0xef, 0x00, 0xec, 0x00, 0xec, 0xec, 0xec, 0x00, 0xec, 0xec, 0x00, 0xec, 0xec, 0x00, 0x00, 0xe5, 0xe5, 0x22, 0x33, 0x43, 0x43, 0x47, 0x4e, 0x50, 0x53, 0x53, 0x5b, 0x5b, 0x5b, 0x60, 0x60, 0x62, 0x69, 0x69, 0x6e, 0x6e, 0x75, 0x77, 0x77, 0x7a, 0x7a, 0x7c, 0x84, 0x84, 0x8b, 0x84, 0x91, 0x8b, 0x97, 0x9a, 0x9c, 0xa8, 0xb1, 0xb4, 0xbb, 0xbe, 0xc3, 0xbe, 0xb7, 0xab, 0x99, 0x94, 0x9b, 0x22, 0x1a, 0xf1, 0xf4, 0xf4, 0x17, 0x1d, 0x8f, 0xb1, 0xad, 0xb3, 0xad, 0xb3, 0xb3, 0xb3, 0xad, 0xb1, 0xa1, 0x1c, 0x1d, 0x18, 0x19, 0x19, 0x1a, 0x1f, 0x1a, 0x1f, 0x1a, 0x21, 0x1e, 0x1e, 0xf2, 0xfb, 0xf4, 0xfb, 0xfc, 0xfb, 0xfc, 0xfc, 0xfc, 0xf5, 0xf5, 0xf5, 0xfc, 0xfc, 0xfc, 0xfc, 0xfc, 0xfc, 0xfc, 0xfc, 0xfc, 0xfb, 0xfb, 0xf2, 0xf4, 0xf4, 
  0xf1, 0xf0, 0xf1, 0xf4, 0xf1, 0xf4, 0x1e, 0xf2, 0xe7, 0xe7, 0xf2, 0xe7, 0xe7, 0xf1, 0xf0, 0xf0, 0xed, 0xed, 0xef, 0xef, 0xef, 0xef, 0xec, 0xef, 0xec, 0xec, 0xec, 0xec, 0x00, 0x00, 0xec, 0xec, 0x00, 0xec, 0xec, 0xec, 0xec, 0xec, 0xec, 0xec, 0xec, 0xec, 0xec, 0xec, 0xec, 0xec, 0x00, 0xec, 0x00, 0xec, 0x00, 0x00, 0x00, 0x00, 0x00, 0xe5, 0xe6, 0x24, 0x2d, 0x32, 0x3b, 0x3e, 0x47, 0x4e, 0x50, 0x53, 0x55, 0x58, 0x5c, 0x60, 0x60, 0x67, 0x69, 0x69, 0x75, 0x75, 0x77, 0x7a, 0x7f, 0x7a, 0x80, 0x86, 0x84, 0x8c, 0x8b, 0x97, 0x9a, 0x9c, 0xaa, 0xaa, 0xbb, 0xbb, 0xbe, 0xc3, 0xc3, 0xc3, 0xc3, 0xc3, 0xb7, 0xa1, 0x99, 0x85, 0xa0, 0x87, 0x19, 0xf1, 0xf4, 0xf4, 0xf4, 0x19, 0x46, 0xa1, 0xb3, 0xb3, 0xad, 0xb3, 0xad, 0xad, 0xad, 0xb1, 0xab, 0x24, 0x19, 0xe7, 0xfb, 0xf2, 0xfb, 0xfb, 0xfb, 0xfb, 0xfc, 0xfb, 0xfb, 0xfb, 0xfb, 0xfb, 0xfc, 0xfb, 0xf5, 0xfb, 0xfc, 0xfc, 0xfc, 0xfc, 0xfc, 0xfc, 0xf5, 0xfc, 0xf5, 0xfc, 0xfc, 0xfc, 0xfc, 0xfc, 0xfb, 0xfb, 0xfc, 0xf2, 0xf4, 0xf4, 
  0xf1, 0xf1, 0xf1, 0xf4, 0xf4, 0xf1, 0xf2, 0xf2, 0xe7, 0xf4, 0xf1, 0xf1, 0xf1, 0xed, 0xef, 0xef, 0xef, 0xef, 0xec, 0xec, 0xec, 0xec, 0xec, 0xec, 0x00, 0xec, 0x00, 0xec, 0xec, 0xec, 0xec, 0xec, 0xec, 0xec, 0xec, 0xec, 0xec, 0xec, 0xec, 0xec, 0xec, 0xec, 0xec, 0x00, 0xec, 0x00, 0xec, 0x00, 0xef, 0x00, 0xec, 0x00, 0x00, 0x00, 0x00, 0xe5, 0x24, 0x28, 0x2e, 0x32, 0x32, 0x3b, 0x3e, 0x42, 0x42, 0x4f, 0x53, 0x5b, 0x58, 0x67, 0x67, 0x69, 0x6e, 0x6e, 0x72, 0x76, 0x83, 0x7f, 0x83, 0x86, 0x86, 0x86, 0x8c, 0x91, 0x9c, 0x9c, 0xaa, 0xaa, 0xb5, 0xbb, 0xbb, 0xc3, 0xc3, 0xcb, 0xc3, 0xc3, 0xc3, 0xbe, 0xb7, 0xa1, 0xa0, 0x85, 0x99, 0x9b, 0x19, 0xf4, 0xf4, 0xf4, 0xf4, 0x1a, 0x1b, 0x87, 0xae, 0xb3, 0xb3, 0xb3, 0xb3, 0xb3, 0xad, 0xb3, 0xb1, 0x94, 0x1d, 0xf4, 0xf2, 0xf2, 0xfb, 0xfc, 0xfc, 0xf5, 0xfc, 0xf5, 0xfc, 0xfc, 0xfc, 0xfc, 0xfc, 0xfc, 0xfc, 0xfc, 0xfc, 0xfc, 0xfc, 0xf5, 0xf5, 0xfc, 0xfc, 0xf5, 0xfb, 0xfc, 0xfc, 0xfb, 0xfc, 0xfc, 0xfb, 0xfb, 0xf2, 0xfb, 0xf2, 0xf4, 
  0xf0, 0xf1, 0xf1, 0xf4, 0xe7, 0xf4, 0xf2, 0xf2, 0xe7, 0xe7, 0xf1, 0xf1, 0xed, 0xef, 0xef, 0xef, 0xef, 0xec, 0xec, 0xec, 0xec, 0xec, 0xec, 0xec, 0xec, 0x00, 0xec, 0x00, 0xec, 0x00, 0xef, 0xec, 0xec, 0xec, 0xec, 0xec, 0x00, 0xec, 0xec, 0x00, 0xec, 0x00, 0xec, 0xec, 0xec, 0x00, 0x00, 0xec, 0x00, 0xec, 0x00, 0x00, 0x00, 0x00, 0xe5, 0xe6, 0x29, 0x2d, 0x2e, 0x32, 0x37, 0x37, 0x3e, 0x3b, 0x42, 0x42, 0x4a, 0x4f, 0x53, 0x5b, 0x67, 0x69, 0x6e, 0x72, 0x76, 0x76, 0x7a, 0x83, 0x7f, 0x83, 0x86, 0x8c, 0x91, 0x97, 0x9c, 0x9c, 0xaa, 0xaa, 0xb1, 0xb5, 0xbb, 0xbe, 0xc3, 0xbb, 0xc3, 0xbe, 0xbe, 0xbe, 0xb7, 0xab, 0x99, 0x8f, 0x99, 0xa0, 0x18, 0x17, 0xf2, 0xf4, 0xf4, 0xe7, 0x19, 0x22, 0xa1, 0xb3, 0xb3, 0xb3, 0xb3, 0xad, 0xb3, 0xad, 0xb3, 0xab, 0x34, 0x1f, 0xf2, 0xfb, 0xfc, 0xfc, 0xfc, 0xfc, 0xf5, 0xfc, 0xfc, 0xfb, 0xfc, 0xfc, 0xf5, 0xfc, 0xf5, 0xfc, 0xfc, 0xfb, 0xfc, 0xfc, 0xfc, 0xfc, 0xfc, 0xfc, 0xfc, 0xfb, 0xf5, 0xfb, 0xfb, 0xfc, 0xfb, 0xfc, 0xf2, 0xf2, 0xf2, 0xf4, 
  0xf1, 0xf4, 0xf1, 0xf1, 0xf4, 0xe7, 0xf4, 0xf2, 0xf4, 0xf1, 0xf0, 0xed, 0xed, 0xef, 0xef, 0xec, 0xec, 0xec, 0x00, 0xec, 0x00, 0xec, 0x00, 0xec, 0x00, 0xec, 0xec, 0xec, 0x00, 0xec, 0x00, 0xec, 0xec, 0xec, 0xec, 0xec, 0x00, 0xec, 0x00, 0xec, 0xec, 0xec, 0xec, 0x00, 0xec, 0xec, 0x00, 0xec, 0x00, 0x00, 0x00, 0x00, 0x00, 0x00, 0xe6, 0x2c, 0x28, 0x28, 0x32, 0x32, 0x37, 0x37, 0x3b, 0x3e, 0x3e, 0x47, 0x4a, 0x50, 0x50, 0x53, 0x58, 0x67, 0x69, 0x72, 0x76, 0x7a, 0x7a, 0x7a, 0x83, 0x86, 0x88, 0x8c, 0x97, 0x91, 0x9c, 0x9c, 0x9c, 0xaa, 0xaa, 0xb5, 0xb5, 0xb5, 0xb5, 0xbb, 0xbb, 0xbe, 0xbe, 0xbe, 0xae, 0xab, 0x99, 0x99, 0x85, 0xa9, 0x81, 0x18, 0xe7, 0xf4, 0xf2, 0xf2, 0xe7, 0x1d, 0x70, 0xae, 0xb3, 0xb9, 0xad, 0xb3, 0xb3, 0xb3, 0xad, 0xae, 0xa9, 0x22, 0x1f, 0xf2, 0xfc, 0xfc, 0xf5, 0xf5, 0xfc, 0xf5, 0xfc, 0xfc, 0xfc, 0xfc, 0xf5, 0xf5, 0xfc, 0xfc, 0xf5, 0xfc, 0xf5, 0xfc, 0xfc, 0xfc, 0xf5, 0xfb, 0xf5, 0xfb, 0xfc, 0xfb, 0xfb, 0xf2, 0xfc, 0xfb, 0xf2, 0xfc, 0xfb, 0xf4, 
  0xf1, 0xf1, 0xf1, 0xf4, 0xe7, 0xf4, 0xe7, 0xf4, 0xf1, 0xf1, 0xf1, 0xed, 0xf0, 0xef, 0xef, 0xec, 0xec, 0xec, 0xec, 0x00, 0xec, 0x00, 0x00, 0xec, 0xec, 0x00, 0xec, 0x00, 0xec, 0x00, 0xec, 0xec, 0x00, 0xec, 0x00, 0xec, 0x00, 0xec, 0xec, 0x00, 0xec, 0x00, 0xec, 0xec, 0xec, 0xec, 0x00, 0xec, 0x00, 0xec, 0x00, 0x00, 0x00, 0xe5, 0x1c, 0x24, 0x28, 0x2d, 0x37, 0x37, 0x3b, 0x3b, 0x3b, 0x3e, 0x3e, 0x42, 0x4e, 0x4a, 0x50, 0x50, 0x53, 0x53, 0x5b, 0x67, 0x72, 0x76, 0x7a, 0x83, 0x83, 0x83, 0x83, 0x8c, 0x91, 0x97, 0x9c, 0x9c, 0xaa, 0x9c, 0x9c, 0x9c, 0x9c, 0xaa, 0xaa, 0xb5, 0xbb, 0xbb, 0xbb, 0xbe, 0xb7, 0xab, 0x99, 0x94, 0x8f, 0x93, 0xa9, 0x18, 0x21, 0xf4, 0xf2, 0xf4, 0xf4, 0x19, 0x22, 0x94, 0xba, 0xb3, 0xb9, 0xb3, 0xb9, 0xb3, 0xb3, 0xb1, 0xab, 0x4b, 0x20, 0xfb, 0xfb, 0xfc, 0xfc, 0xfc, 0xf5, 0xfc, 0xfc, 0xf5, 0xfc, 0xfc, 0xfc, 0xf5, 0xfc, 0xfc, 0xfc, 0xfc, 0xfb, 0xfc, 0xfb, 0xfc, 0xfb, 0xfc, 0xfc, 0xfc, 0xfb, 0xfc, 0xfb, 0xfc, 0xfb, 0xfc, 0xfb, 0xfb, 0xf2, 0xfb, 
  0xf0, 0xf1, 0xf1, 0xf4, 0xf4, 0xe7, 0xf4, 0xe7, 0xf4, 0xf1, 0xf0, 0xf0, 0xed, 0xed, 0xef, 0xef, 0xec, 0x00, 0xec, 0xec, 0xec, 0x00, 0xec, 0x00, 0xec, 0xec, 0xec, 0xec, 0xec, 0xec, 0xec, 0x00, 0xec, 0x00, 0xec, 0x00, 0xec, 0x00, 0xec, 0x00, 0xec, 0x00, 0xec, 0x00, 0xec, 0xec, 0xec, 0xec, 0x00, 0x00, 0x00, 0x00, 0x00, 0xe5, 0x24, 0x28, 0x28, 0x2d, 0x4a, 0x42, 0x3b, 0x3b, 0x3e, 0x3e, 0x42, 0x47, 0x42, 0x4e, 0x4a, 0x50, 0x50, 0x58, 0x58, 0x5f, 0x60, 0x69, 0x72, 0x7a, 0x7a, 0x86, 0x88, 0x8c, 0x91, 0x97, 0x97, 0x9c, 0xaa, 0x91, 0x84, 0x91, 0x97, 0xaa, 0xaa, 0xb5, 0xb5, 0xbb, 0xbb, 0xbe, 0xb7, 0xab, 0x99, 0x99, 0x94, 0x93, 0xb0, 0x18, 0x17, 0xf4, 0xf4, 0xf4, 0xf4, 0x1a, 0x19, 0x46, 0xae, 0xb9, 0xb9, 0xb9, 0xb9, 0xb3, 0xb9, 0xb3, 0xb4, 0xab, 0x1d, 0x1e, 0xfb, 0xfc, 0xf5, 0xfc, 0xf5, 0xfc, 0xfc, 0xfc, 0xfc, 0xf5, 0xf6, 0xfc, 0xfc, 0xfc, 0xfb, 0xfb, 0xfb, 0xfc, 0xfc, 0xfb, 0xfc, 0xfc, 0xfc, 0xfc, 0xfc, 0xfb, 0xfb, 0xfb, 0xfb, 0xfc, 0xfb, 0xf2, 0xfb, 0xf2, 
  0xf0, 0xf0, 0xf1, 0xf1, 0xf4, 0xf4, 0xe7, 0xf1, 0xf4, 0xe7, 0xf4, 0xf1, 0xf1, 0xf0, 0xed, 0xef, 0xef, 0xec, 0xec, 0x00, 0xec, 0x00, 0xec, 0x00, 0xec, 0x00, 0xef, 0x00, 0xef, 0xec, 0x00, 0xec, 0x00, 0xec, 0x00, 0xec, 0x00, 0xec, 0x00, 0xec, 0x00, 0xec, 0xec, 0xec, 0xec, 0xec, 0xec, 0x00, 0xec, 0x00, 0x00, 0x00, 0x00, 0x56, 0x30, 0x24, 0x28, 0x32, 0x42, 0x4f, 0x3e, 0x3e, 0x3e, 0x3e, 0x3e, 0x42, 0x47, 0x42, 0x4e, 0x50, 0x53, 0x58, 0x58, 0x5b, 0x5b, 0x60, 0x69, 0x6e, 0x76, 0x83, 0x83, 0x8c, 0x8c, 0x97, 0x97, 0x9c, 0x84, 0x80, 0x80, 0x84, 0x9c, 0x9c, 0xaa, 0xb5, 0xb5, 0xb5, 0xbe, 0xbe, 0xb7, 0xab, 0x99, 0x94, 0x94, 0x8d, 0xce, 0xa4, 0x17, 0xf4, 0xf4, 0xf4, 0xf4, 0xf1, 0x17, 0x1b, 0x85, 0xb9, 0xb9, 0xb9, 0xb9, 0xb3, 0xb3, 0xb9, 0xb3, 0xb7, 0x4d, 0x1f, 0x1e, 0xf2, 0xfb, 0xf5, 0xfc, 0xfc, 0xfc, 0xfc, 0xfc, 0xfc, 0xfc, 0xfc, 0xf5, 0xfc, 0xfb, 0xfb, 0xfb, 0xfb, 0xfc, 0xfc, 0xfc, 0xfc, 0xfc, 0xfb, 0xfb, 0xfc, 0xfc, 0xf2, 0xfc, 0xfc, 0xfc, 0xf4, 0xf4, 0xf2, 
  0xf0, 0xf0, 0xf1, 0xf1, 0xf1, 0xf4, 0xe7, 0xf4, 0xe7, 0xf4, 0xf4, 0xe7, 0xf1, 0xf0, 0xed, 0xed, 0xef, 0xef, 0xec, 0xef, 0x00, 0xec, 0x00, 0xec, 0x00, 0xec, 0xec, 0xec, 0xec, 0xec, 0xec, 0xec, 0x00, 0xec, 0x00, 0xec, 0x00, 0xec, 0x00, 0xec, 0xec, 0xec, 0xec, 0xec, 0xec, 0xec, 0x00, 0xec, 0x00, 0x00, 0x00, 0x00, 0x00, 0xd0, 0x2c, 0x24, 0x24, 0x3b, 0x4f, 0x6e, 0x5c, 0x3e, 0x3e, 0x3e, 0x3e, 0x42, 0x42, 0x4e, 0x4a, 0x50, 0x50, 0x53, 0x58, 0x5f, 0x5b, 0x67, 0x60, 0x69, 0x6e, 0x75, 0x83, 0x8c, 0x91, 0x8c, 0x97, 0x77, 0x6e, 0x72, 0x77, 0x84, 0x97, 0x9c, 0xaa, 0xb5, 0xb5, 0xb5, 0xbb, 0xbe, 0xb7, 0xab, 0x99, 0x94, 0x93, 0x9b, 0xde, 0xd9, 0x17, 0xf1, 0xf4, 0xf1, 0xf4, 0x17, 0x18, 0x1c, 0x28, 0xb1, 0xbf, 0xb9, 0xb9, 0xb9, 0xb9, 0xb9, 0xb3, 0xb4, 0xa9, 0x22, 0x21, 0xf2, 0xfc, 0xfb, 0xfc, 0xfc, 0xfc, 0xfc, 0xfc, 0xfc, 0xfc, 0xfb, 0xfb, 0xfb, 0xf2, 0xfb, 0xfb, 0xfc, 0xfb, 0xfc, 0xfb, 0xfb, 0xfc, 0xfb, 0xfc, 0xfb, 0xfb, 0xf2, 0xfb, 0xf5, 0xfb, 0xfb, 0xf2, 0xfb, 
  0xef, 0xf0, 0xf0, 0xf0, 0xf4, 0xf1, 0xf2, 0xe7, 0xe7, 0xe7, 0xf4, 0xe7, 0xf4, 0xe7, 0xf1, 0xf0, 0xed, 0xef, 0xef, 0xec, 0xef, 0xec, 0xec, 0xec, 0xec, 0x00, 0x00, 0xec, 0xec, 0x00, 0xec, 0x00, 0xec, 0xec, 0x00, 0x00, 0xec, 0x00, 0xec, 0x00, 0xec, 0x00, 0xec, 0xec, 0xec, 0x00, 0xec, 0x00, 0x00, 0x00, 0x00, 0x00, 0x00, 0xd9, 0xd5, 0x22, 0x28, 0x3b, 0x54, 0x6f, 0x6f, 0x4a, 0x3e, 0x3e, 0x3e, 0x3e, 0x47, 0x42, 0x4e, 0x50, 0x50, 0x53, 0x58, 0x58, 0x5f, 0x60, 0x67, 0x67, 0x69, 0x72, 0x77, 0x84, 0x8c, 0x97, 0x60, 0x3e, 0x42, 0x4f, 0x67, 0x83, 0x97, 0xa7, 0xae, 0xae, 0xb7, 0xbc, 0xb7, 0xbc, 0xb7, 0xac, 0x99, 0x8d, 0x9b, 0xdc, 0xdd, 0xdd, 0x1e, 0x17, 0x17, 0x19, 0x18, 0x1b, 0x27, 0x7e, 0x99, 0xba, 0xb9, 0xb9, 0xb9, 0xb9, 0xb3, 0xb9, 0xb3, 0xb4, 0xb7, 0x5e, 0x1d, 0xf2, 0xfb, 0xfb, 0xfc, 0xfc, 0xfc, 0xfc, 0xfc, 0xfb, 0xfb, 0xfb, 0xfc, 0xfb, 0xfb, 0xfb, 0xfc, 0xfb, 0xfc, 0xfc, 0xfb, 0xfb, 0xfb, 0xfb, 0xfb, 0xfb, 0xfb, 0xfc, 0xfb, 0xfb, 0xfb, 0xf2, 0xf2, 0xf4, 
  0xec, 0xef, 0xef, 0xf1, 0xf1, 0xe7, 0xf4, 0xe7, 0xf4, 0xe7, 0xe7, 0xe7, 0xf1, 0xe7, 0xf1, 0xe7, 0xf0, 0xed, 0xed, 0xef, 0xef, 0xec, 0xec, 0xec, 0xec, 0xec, 0xec, 0xec, 0x00, 0xec, 0x00, 0xec, 0x00, 0xec, 0x00, 0xec, 0x00, 0xec, 0x00, 0xec, 0xec, 0xec, 0xec, 0xec, 0xec, 0x00, 0xec, 0xec, 0x00, 0x00, 0x00, 0xe5, 0x71, 0xdb, 0xd0, 0x6b, 0x30, 0x3e, 0x4f, 0x6f, 0x80, 0x54, 0x3e, 0x3b, 0x3e, 0x3e, 0x4a, 0x47, 0x4a, 0x4e, 0x50, 0x50, 0x58, 0x5b, 0x5f, 0x60, 0x67, 0x69, 0x6e, 0x77, 0x77, 0x77, 0x80, 0x76, 0x3e, 0x3b, 0x42, 0x4f, 0x60, 0x7b, 0x99, 0xaf, 0xbd, 0xc4, 0xca, 0xca, 0xca, 0xc4, 0xc4, 0xa9, 0x93, 0x8d, 0xc4, 0xdc, 0xdd, 0xe9, 0x2a, 0x18, 0x1c, 0x22, 0x61, 0x85, 0xae, 0xba, 0xbf, 0xb9, 0xb9, 0xb9, 0xb9, 0xb9, 0xb9, 0xb9, 0xb9, 0xb9, 0xb3, 0xac, 0x22, 0x1a, 0xfc, 0xfb, 0xfc, 0xfc, 0xfb, 0xfb, 0xf2, 0xfb, 0xfb, 0xfb, 0xfc, 0xfb, 0xfc, 0xfb, 0xfc, 0xfb, 0xfb, 0xfc, 0xfb, 0xfc, 0xfb, 0xfb, 0xfb, 0xfc, 0xfb, 0xfb, 0xfb, 0xfb, 0xfb, 0xfb, 0xfb, 0xfb, 
  0xec, 0xec, 0xef, 0xef, 0xf0, 0xf0, 0xf0, 0xed, 0xed, 0xf0, 0xf0, 0xf0, 0xed, 0xf0, 0xed, 0xed, 0xed, 0xed, 0xed, 0xed, 0xef, 0xef, 0xef, 0xef, 0xed, 0xec, 0xec, 0xec, 0xec, 0xec, 0xec, 0x00, 0xec, 0x00, 0xec, 0x00, 0xec, 0xec, 0x00, 0xec, 0xec, 0xec, 0x00, 0xec, 0x00, 0xec, 0xec, 0x00, 0x00, 0x00, 0x00, 0xe5, 0x44, 0x79, 0xc9, 0x6c, 0x29, 0x3e, 0x54, 0x6f, 0x7c, 0x97, 0x3e, 0x3e, 0x42, 0x3e, 0x42, 0x4a, 0x4e, 0x50, 0x4f, 0x53, 0x53, 0x58, 0x5b, 0x60, 0x60, 0x6e, 0x6e, 0x6f, 0x77, 0x6f, 0x69, 0x3b, 0x32, 0x37, 0x47, 0x65, 0x78, 0x93, 0xde, 0x15, 0x15, 0x15, 0x15, 0x15, 0x16, 0x15, 0xe2, 0xdf, 0xa9, 0x8d, 0xb0, 0xdc, 0xdb, 0xde, 0x92, 0x38, 0x70, 0xa1, 0xb4, 0xb9, 0xbf, 0xbf, 0xb9, 0xbf, 0xb9, 0xbf, 0xb9, 0xb9, 0xb9, 0xb9, 0xba, 0xb4, 0xba, 0xaf, 0x81, 0x1a, 0x1e, 0xfb, 0xfc, 0xfc, 0xfc, 0xfc, 0xfb, 0xfb, 0xfb, 0xfb, 0xfc, 0xfc, 0xfc, 0xfc, 0xfc, 0xfc, 0xfc, 0xfb, 0xfb, 0xfb, 0xfb, 0xf2, 0xfb, 0xfb, 0xf2, 0xfb, 0xf2, 0xfc, 0xfb, 0xfb, 0xf2, 0xf2, 
  0x00, 0x00, 0x00, 0xec, 0xef, 0xec, 0xef, 0xef, 0xef, 0xef, 0xec, 0xec, 0xef, 0xed, 0xec, 0xec, 0xef, 0xef, 0xef, 0xec, 0xef, 0xef, 0xed, 0xed, 0xef, 0xed, 0xef, 0xed, 0xef, 0xef, 0xef, 0xec, 0xec, 0xec, 0xec, 0xec, 0xec, 0x00, 0xec, 0x00, 0xec, 0x00, 0xec, 0xec, 0xec, 0xec, 0xec, 0xec, 0x00, 0x00, 0x00, 0xe5, 0x30, 0x33, 0x24, 0x24, 0x2d, 0x43, 0x55, 0x6a, 0x7c, 0x8b, 0x4a, 0x3e, 0x3e, 0x42, 0x42, 0x42, 0x50, 0x4a, 0x50, 0x53, 0x58, 0x58, 0x5b, 0x60, 0x69, 0x69, 0x6e, 0x75, 0x6f, 0x69, 0x3e, 0x32, 0x32, 0x40, 0x51, 0xd1, 0xe3, 0x16, 0x16, 0x16, 0x16, 0xeb, 0x16, 0xeb, 0x16, 0xea, 0xe4, 0xe0, 0xb0, 0x8d, 0xa9, 0xdc, 0xd1, 0x87, 0x94, 0xab, 0xba, 0xc1, 0xbf, 0xc1, 0xbf, 0xbf, 0xbf, 0xbf, 0xb9, 0xb9, 0xbf, 0xb9, 0xb9, 0xba, 0xb7, 0xaf, 0x9b, 0x6c, 0x2a, 0xfb, 0xfc, 0xfb, 0xfc, 0xf5, 0xfb, 0xfc, 0xfb, 0xfb, 0xfb, 0xfb, 0xfb, 0xfc, 0xfb, 0xfc, 0xfb, 0xfc, 0xfb, 0xfc, 0xfb, 0xfc, 0xfb, 0xf2, 0xfb, 0xf2, 0xf2, 0xfb, 0xfb, 0xfc, 0xfc, 0xf2, 0xf2, 0xf4, 
  0x00, 0x00, 0x00, 0xec, 0xec, 0xec, 0xec, 0xec, 0xef, 0xec, 0xec, 0xec, 0xec, 0xec, 0xec, 0xec, 0xec, 0xec, 0xec, 0xec, 0xec, 0xec, 0xec, 0xef, 0xef, 0xef, 0xed, 0xed, 0xed, 0xed, 0xed, 0xf0, 0xed, 0xed, 0xef, 0xec, 0xed, 0xec, 0xef, 0xec, 0xec, 0xec, 0xec, 0xec, 0xec, 0xec, 0xec, 0xec, 0xec, 0x00, 0x00, 0xe5, 0x33, 0x2e, 0x29, 0x24, 0x2e, 0x43, 0x54, 0x6f, 0x7c, 0x84, 0x6e, 0x3e, 0x3e, 0x42, 0x42, 0x4a, 0x4e, 0x4e, 0x4f, 0x53, 0x58, 0x58, 0x5b, 0x5f, 0x67, 0x69, 0x6e, 0x6f, 0x6e, 0x60, 0x2d, 0x28, 0x37, 0x49, 0x65, 0xde, 0xe2, 0xe4, 0x16, 0x16, 0x16, 0x16, 0x16, 0xeb, 0x16, 0xea, 0xe3, 0xe0, 0x8d, 0x94, 0x9b, 0xa9, 0x8d, 0x7e, 0x95, 0xba, 0xbf, 0xbf, 0xc1, 0xc1, 0xc1, 0xbf, 0xc1, 0xc1, 0xc1, 0xba, 0xba, 0xb7, 0xa0, 0x7e, 0x38, 0x1b, 0x1b, 0x1d, 0xe7, 0xfb, 0xf2, 0xfc, 0xfb, 0xfc, 0xfc, 0xfb, 0xfc, 0xfb, 0xfc, 0xfb, 0xfb, 0xfc, 0xfc, 0xfb, 0xfb, 0xfb, 0xfc, 0xfb, 0xfc, 0xf2, 0xf2, 0xf2, 0xfb, 0xfb, 0xfb, 0xfb, 0xfb, 0xfc, 0xfb, 0xf2, 0xf2, 0xf4, 
  0x00, 0x00, 0x00, 0x00, 0xec, 0xec, 0xef, 0xef, 0xec, 0xef, 0xec, 0xec, 0xec, 0xec, 0xec, 0x00, 0xec, 0x00, 0xec, 0x00, 0xec, 0x00, 0xec, 0xec, 0xec, 0xec, 0xec, 0xef, 0xef, 0xed, 0xed, 0xf0, 0xf0, 0xf0, 0xf0, 0xf0, 0xf0, 0xf0, 0xed, 0xed, 0xed, 0xed, 0xed, 0xed, 0xed, 0xef, 0xec, 0xef, 0xec, 0xec, 0xec, 0xe5, 0x33, 0x2e, 0x28, 0x28, 0x2e, 0x47, 0x55, 0x6a, 0x74, 0x8b, 0xb3, 0x4a, 0x42, 0x42, 0x42, 0x4a, 0x4e, 0x4f, 0x53, 0x53, 0x55, 0x58, 0x5b, 0x5b, 0x62, 0x67, 0x6a, 0x69, 0x67, 0x32, 0x28, 0x2d, 0x43, 0x50, 0x65, 0x6d, 0x7b, 0x94, 0xa0, 0xbd, 0xc4, 0xe2, 0x15, 0x15, 0x16, 0xe4, 0xf3, 0xdc, 0x87, 0x99, 0xa0, 0xa0, 0x94, 0x85, 0x85, 0xa1, 0xbf, 0xc1, 0xc1, 0xc1, 0xc1, 0xc1, 0xba, 0xbd, 0xaf, 0x87, 0x4b, 0x20, 0x18, 0x18, 0x19, 0x1a, 0x1a, 0x1e, 0x1e, 0xfb, 0xfb, 0xfb, 0xfb, 0xfb, 0xfb, 0xfc, 0xfb, 0xfb, 0xfb, 0xfc, 0xfc, 0xfc, 0xfc, 0xfb, 0xfb, 0xfc, 0xfb, 0xfb, 0xfb, 0xfb, 0xf2, 0xfb, 0xf2, 0xfc, 0xfb, 0xfc, 0xfc, 0xfb, 0xfb, 0xf2, 0xf4, 0xf4, 
  0x00, 0x00, 0x00, 0xec, 0xec, 0xef, 0xed, 0xef, 0xef, 0xef, 0xed, 0xef, 0xef, 0xec, 0xec, 0xec, 0xec, 0x00, 0xec, 0xec, 0xec, 0x00, 0x00, 0x00, 0xec, 0xec, 0xec, 0xec, 0xec, 0xec, 0xec, 0xed, 0xec, 0xec, 0xef, 0xef, 0xef, 0xed, 0xf0, 0xf0, 0xf1, 0xf0, 0xf1, 0xed, 0xf0, 0xf1, 0xf0, 0xf0, 0xef, 0xef, 0xec, 0xe6, 0x33, 0x2e, 0x2d, 0x28, 0x32, 0x43, 0x55, 0x6f, 0x7c, 0x8b, 0xbb, 0x54, 0x42, 0x42, 0x42, 0x4a, 0x4a, 0x4e, 0x53, 0x53, 0x53, 0x58, 0x5b, 0x5c, 0x67, 0x62, 0x62, 0x60, 0x3e, 0x2d, 0x2d, 0x3a, 0x43, 0x58, 0x63, 0x76, 0x83, 0x8c, 0x96, 0xa7, 0xa7, 0xab, 0xaf, 0xb0, 0xc4, 0xe2, 0xdf, 0x92, 0x94, 0xa1, 0x95, 0xa1, 0x99, 0x85, 0x85, 0x99, 0xb6, 0xc1, 0xc6, 0xc6, 0xc6, 0xcf, 0x9b, 0x27, 0x1c, 0x18, 0x17, 0xf1, 0xe7, 0xf4, 0xf4, 0xf4, 0xfb, 0xfb, 0xfc, 0xfb, 0xfb, 0xfb, 0xfb, 0xfc, 0xfb, 0xfb, 0xfb, 0xfb, 0xfb, 0xfb, 0xfc, 0xfb, 0xfc, 0xfb, 0xfb, 0xfb, 0xfb, 0xfc, 0xfb, 0xf2, 0xf2, 0xf2, 0xfb, 0xf2, 0xfb, 0xfb, 0xfb, 0xfc, 0xf2, 0xf2, 0xf4, 0xf4, 
  0x00, 0x00, 0x00, 0x00, 0xec, 0xef, 0xef, 0xec, 0xef, 0xed, 0xed, 0xed, 0xed, 0xef, 0xed, 0xec, 0xec, 0xec, 0xec, 0xec, 0xec, 0xec, 0xec, 0xec, 0xec, 0xec, 0xec, 0xec, 0xec, 0xec, 0xec, 0xec, 0xec, 0x00, 0xec, 0xec, 0xec, 0xec, 0xef, 0xec, 0xec, 0xef, 0xef, 0xef, 0xed, 0xef, 0xed, 0xef, 0xed, 0xec, 0xec, 0xe5, 0x33, 0x32, 0x2e, 0x2d, 0x32, 0x3e, 0x55, 0x6e, 0x7c, 0x8b, 0xad, 0x7f, 0x4a, 0x42, 0x42, 0x4a, 0x4e, 0x4f, 0x4f, 0x53, 0x53, 0x55, 0x5b, 0x5b, 0x62, 0x5c, 0x62, 0x55, 0x2e, 0x28, 0x2d, 0x43, 0x50, 0x5b, 0x72, 0x7a, 0x83, 0x96, 0x96, 0xa8, 0xa7, 0xa1, 0xa1, 0xa0, 0xa0, 0x94, 0x93, 0x85, 0xa1, 0xa1, 0xa1, 0xa1, 0x99, 0x94, 0x7e, 0x99, 0x7e, 0xcf, 0xd8, 0x13, 0x13, 0x13, 0x20, 0x18, 0x17, 0x17, 0x1e, 0xf2, 0xf2, 0xfb, 0xfb, 0xfb, 0xfc, 0xfb, 0xfb, 0xfc, 0xfc, 0xfb, 0xfb, 0xfb, 0xfc, 0xfc, 0xfc, 0xfc, 0xfc, 0xfb, 0xfc, 0xfb, 0xfc, 0xfb, 0xfb, 0xfc, 0xfb, 0xfb, 0xfb, 0xf2, 0xfb, 0xf2, 0xf2, 0xfb, 0xfb, 0xfb, 0xf2, 0xfb, 0xfb, 0xf2, 0xf4, 0xf4, 
  0x00, 0x00, 0x00, 0xec, 0xec, 0xec, 0xef, 0xef, 0xef, 0xef, 0xef, 0xed, 0xef, 0xed, 0xef, 0xef, 0xec, 0xec, 0x00, 0xec, 0xec, 0xec, 0xec, 0xec, 0xec, 0xed, 0xec, 0xec, 0xec, 0xec, 0xec, 0xec, 0xec, 0xec, 0xec, 0xec, 0x00, 0xec, 0xec, 0x00, 0xec, 0xec, 0xec, 0xec, 0xec, 0x00, 0xec, 0xec, 0xec, 0x00, 0x00, 0xe5, 0x33, 0x32, 0x32, 0x32, 0x37, 0x42, 0x4f, 0x6a, 0x84, 0x8b, 0x9e, 0xa5, 0x4f, 0x4a, 0x42, 0x4a, 0x4f, 0x4a, 0x53, 0x50, 0x55, 0x58, 0x57, 0x60, 0x5c, 0x62, 0x57, 0x32, 0x28, 0x28, 0x3a, 0x4e, 0x58, 0x67, 0x72, 0x88, 0x8c, 0x96, 0xa8, 0xa8, 0x9c, 0xa7, 0x98, 0x98, 0x95, 0x82, 0x85, 0xa7, 0xae, 0xa7, 0xa7, 0xa1, 0xa1, 0x94, 0x7e, 0x7e, 0x22, 0xc8, 0x14, 0x13, 0x13, 0x14, 0xc9, 0x1e, 0xf1, 0xf2, 0xf4, 0xf2, 0xfb, 0xfb, 0xfc, 0xfb, 0xf5, 0xfb, 0xf5, 0xfb, 0xfc, 0xfb, 0xfb, 0xfc, 0xfb, 0xfb, 0xfc, 0xfb, 0xfc, 0xfb, 0xfc, 0xfc, 0xfb, 0xfc, 0xfb, 0xfb, 0xfc, 0xfc, 0xfb, 0xf2, 0xf2, 0xfb, 0xfb, 0xf2, 0xfb, 0xfc, 0xfb, 0xfb, 0xf2, 0xf4, 0xf2, 0xf4, 
  0x00, 0x00, 0x00, 0x00, 0x00, 0xec, 0xec, 0xec, 0xec, 0xed, 0xef, 0xef, 0xec, 0xed, 0xef, 0xed, 0xec, 0xec, 0x00, 0xec, 0xec, 0xec, 0xec, 0xed, 0xec, 0xef, 0xef, 0xec, 0xef, 0xec, 0xef, 0xef, 0xec, 0xec, 0xec, 0xec, 0xec, 0xec, 0xec, 0xec, 0xec, 0xec, 0x00, 0xec, 0x00, 0xec, 0x00, 0x00, 0x00, 0x00, 0x00, 0xe5, 0x29, 0x32, 0x32, 0x37, 0x3b, 0x42, 0x55, 0x62, 0x84, 0x9a, 0x9a, 0xb9, 0x75, 0x4f, 0x4a, 0x4a, 0x4e, 0x4f, 0x50, 0x53, 0x55, 0x5b, 0x5b, 0x5c, 0x5c, 0x5c, 0x50, 0x32, 0x28, 0x2e, 0x43, 0x58, 0x60, 0x72, 0x7a, 0x88, 0x96, 0x9c, 0x96, 0xa8, 0x98, 0x98, 0x98, 0x98, 0x8f, 0x82, 0xa7, 0xa7, 0xb1, 0xae, 0xa1, 0xa1, 0xa1, 0x94, 0x7e, 0x79, 0x27, 0x7d, 0x13, 0x13, 0x13, 0x14, 0x11, 0x1f, 0xe7, 0xf1, 0xf2, 0xfb, 0xfb, 0xfc, 0xfc, 0xf5, 0xfc, 0xfc, 0xfc, 0xfc, 0xfc, 0xfb, 0xfc, 0xfc, 0xfc, 0xfc, 0xfb, 0xfc, 0xfc, 0xfc, 0xfc, 0xfc, 0xfc, 0xfc, 0xfb, 0xfc, 0xfb, 0xfc, 0xfb, 0xfb, 0xfb, 0xfb, 0xfb, 0xfb, 0xf2, 0xfb, 0xf2, 0xf2, 0xf2, 0xfb, 0xf4, 0xf4, 
  0x00, 0x00, 0x00, 0x00, 0xec, 0x00, 0xec, 0xec, 0xec, 0xec, 0xec, 0xec, 0xec, 0xef, 0xef, 0xec, 0xec, 0xec, 0xec, 0xec, 0xec, 0xec, 0xec, 0xec, 0xec, 0xec, 0xec, 0xec, 0xef, 0xec, 0xed, 0xec, 0xef, 0xef, 0xef, 0xec, 0xec, 0xec, 0xef, 0xef, 0xec, 0xef, 0xec, 0xec, 0xec, 0x00, 0xec, 0x00, 0x00, 0x00, 0x00, 0xe5, 0x29, 0x37, 0x37, 0x3b, 0x3e, 0x42, 0x55, 0x62, 0x84, 0x8b, 0x9e, 0xc7, 0x8c, 0x4f, 0x4f, 0x4a, 0x4f, 0x4f, 0x50, 0x53, 0x55, 0x57, 0x5c, 0x5c, 0x5c, 0x55, 0x32, 0x28, 0x2d, 0x3b, 0x50, 0x5b, 0x72, 0x76, 0x83, 0x8c, 0x96, 0x9c, 0xa7, 0x96, 0x98, 0x98, 0x98, 0x82, 0x82, 0x95, 0xb4, 0xb4, 0xaa, 0xa7, 0xa7, 0xa1, 0xa1, 0x93, 0x7e, 0x81, 0xd0, 0x20, 0x0a, 0x13, 0x13, 0x13, 0x14, 0x71, 0xec, 0xef, 0xef, 0xf0, 0xf0, 0xf1, 0xf1, 0xe7, 0xe7, 0xf4, 0xe7, 0xf4, 0xe7, 0xf4, 0xe7, 0xf4, 0xf2, 0xf2, 0xf2, 0xfb, 0xfb, 0xfb, 0xfb, 0xfb, 0xfb, 0xfb, 0xfb, 0xfb, 0xfc, 0xfb, 0xfb, 0xfb, 0xfb, 0xfb, 0xfb, 0xfb, 0xf2, 0xfb, 0xfb, 0xf2, 0xf2, 0xf2, 0xf2, 0xf4, 
  0x00, 0x00, 0x00, 0x00, 0x00, 0xec, 0xec, 0xec, 0x00, 0xec, 0xec, 0x00, 0xec, 0xec, 0xec, 0xec, 0xec, 0xec, 0xec, 0xec, 0xec, 0xec, 0xec, 0x00, 0xec, 0xec, 0xec, 0xec, 0xec, 0xed, 0xef, 0xef, 0xef, 0xef, 0xec, 0xef, 0xef, 0xef, 0xef, 0xec, 0xef, 0xec, 0xec, 0xec, 0xec, 0xec, 0xec, 0x00, 0xec, 0x00, 0x00, 0xe5, 0x30, 0x32, 0x37, 0x3e, 0x42, 0x4f, 0x55, 0x62, 0x6f, 0x9a, 0x9e, 0xc7, 0x9e, 0x62, 0x4f, 0x4e, 0x4f, 0x50, 0x53, 0x4f, 0x53, 0x55, 0x5c, 0x57, 0x5c, 0x4f, 0x32, 0x28, 0x37, 0x47, 0x58, 0x67, 0x6e, 0x83, 0x8c, 0x96, 0x9c, 0x98, 0x9c, 0x98, 0x96, 0x8e, 0x8e, 0x82, 0x8e, 0xb4, 0xbb, 0xb1, 0xb4, 0xa8, 0xa7, 0xa1, 0xa0, 0x93, 0xa4, 0xd5, 0xd5, 0x03, 0xd3, 0x13, 0x13, 0x13, 0x13, 0x11, 0xec, 0x00, 0xec, 0x00, 0xec, 0xec, 0xef, 0xef, 0xec, 0xed, 0xef, 0xec, 0xec, 0xef, 0xec, 0xef, 0xed, 0xed, 0xef, 0xed, 0xed, 0xef, 0xed, 0xed, 0xed, 0xed, 0xf0, 0xf0, 0xf0, 0xf1, 0xf1, 0xf0, 0xf0, 0xf1, 0xf0, 0xf1, 0xf1, 0xf1, 0xf1, 0xf1, 0xf1, 0xf4, 0xf0, 0xf1, 
  0x00, 0x00, 0x00, 0x00, 0xec, 0x00, 0xec, 0x00, 0xec, 0x00, 0xec, 0xec, 0x00, 0xec, 0x00, 0xec, 0xec, 0x00, 0xec, 0xec, 0xec, 0x00, 0x00, 0xec, 0x00, 0xec, 0x00, 0xec, 0xec, 0xec, 0xec, 0xec, 0xec, 0xec, 0xec, 0xec, 0xec, 0xec, 0xec, 0xec, 0xec, 0xec, 0xec, 0xec, 0xec, 0xec, 0x00, 0xec, 0x00, 0x00, 0x00, 0xe5, 0x22, 0x2e, 0x3b, 0x3e, 0x4a, 0x4f, 0x62, 0x6e, 0x77, 0x8b, 0xa5, 0xbf, 0xad, 0x7a, 0x4f, 0x4f, 0x4a, 0x53, 0x4f, 0x53, 0x55, 0x55, 0x55, 0x57, 0x55, 0x3e, 0x2d, 0x32, 0x42, 0x53, 0x5c, 0x69, 0x7a, 0x83, 0x88, 0x96, 0x96, 0x9c, 0x98, 0x96, 0x8e, 0x8e, 0x82, 0x8e, 0xb4, 0xbf, 0xb5, 0xaa, 0xb4, 0xa7, 0xa1, 0xa0, 0xa9, 0xce, 0xdd, 0xd5, 0xc9, 0xe2, 0x13, 0x13, 0x13, 0x13, 0x13, 0x13, 0x03, 0xec, 0x00, 0xec, 0x00, 0xec, 0xec, 0xef, 0xef, 0xef, 0xec, 0xec, 0xec, 0xec, 0xec, 0xec, 0xec, 0xec, 0xec, 0xec, 0xec, 0xec, 0xec, 0xec, 0xec, 0xec, 0xec, 0xec, 0xec, 0xec, 0xec, 0xec, 0xec, 0xef, 0xec, 0xec, 0xec, 0xec, 0xec, 0xec, 0xec, 0xec, 0xec, 0x00, 
  0x00, 0x00, 0x00, 0xec, 0x00, 0xec, 0x00, 0xec, 0x00, 0xec, 0x00, 0x00, 0x00, 0x00, 0xec, 0x00, 0xec, 0x00, 0xec, 0x00, 0x00, 0xec, 0x00, 0x00, 0x00, 0x00, 0xec, 0x00, 0xec, 0x00, 0xec, 0xec, 0xec, 0xec, 0x00, 0xec, 0x00, 0xec, 0x00, 0xec, 0xec, 0xec, 0xec, 0xec, 0xec, 0x00, 0xec, 0x00, 0xec, 0x00, 0x00, 0xe5, 0xe6, 0x35, 0x3b, 0x42, 0x4a, 0x57, 0x62, 0x80, 0x7c, 0x91, 0x9a, 0xc7, 0xad, 0x7f, 0x60, 0x4f, 0x4f, 0x4f, 0x50, 0x4f, 0x55, 0x55, 0x55, 0x5c, 0x4a, 0x32, 0x32, 0x3e, 0x4f, 0x5c, 0x69, 0x72, 0x80, 0x88, 0x97, 0x96, 0x96, 0x96, 0x98, 0x88, 0x82, 0x7a, 0x8e, 0xb4, 0xc3, 0xbb, 0xb5, 0xb1, 0xa8, 0xa7, 0xac, 0xc4, 0xe3, 0xe0, 0xe9, 0xfd, 0xc9, 0xe2, 0x14, 0x13, 0x13, 0x13, 0x13, 0x13, 0x0a, 0xec, 0xec, 0x00, 0xec, 0xec, 0xef, 0xef, 0xef, 0xef, 0xec, 0xec, 0xec, 0xec, 0xec, 0xec, 0xec, 0xec, 0xec, 0xef, 0xec, 0xec, 0xec, 0xec, 0xec, 0xec, 0xec, 0xec, 0xec, 0xec, 0xec, 0x00, 0xec, 0xec, 0x00, 0xec, 0x00, 0xec, 0x00, 0x00, 0xec, 0x00, 0x00, 0x00, 
  0xef, 0xed, 0xed, 0xf0, 0xf0, 0xed, 0xf0, 0xed, 0xef, 0xef, 0xec, 0xec, 0xec, 0xec, 0xec, 0xec, 0xec, 0xec, 0x00, 0xec, 0xec, 0x00, 0xec, 0xec, 0x00, 0xec, 0x00, 0xec, 0x00, 0xec, 0xec, 0xec, 0xec, 0xec, 0xec, 0x00, 0x00, 0xec, 0x00, 0x00, 0x00, 0xef, 0xec, 0xec, 0xec, 0x00, 0xec, 0x00, 0x00, 0x00, 0x00, 0x00, 0xe5, 0x24, 0x3a, 0x42, 0x4f, 0x5c, 0x69, 0x7c, 0x8c, 0x7c, 0x8b, 0x8a, 0xaa, 0x7f, 0x69, 0x4f, 0x4f, 0x4f, 0x4f, 0x53, 0x4f, 0x55, 0x55, 0x4f, 0x4f, 0x32, 0x3e, 0x4a, 0x55, 0x67, 0x6e, 0x77, 0x83, 0x88, 0x88, 0x8c, 0x88, 0x88, 0x88, 0x82, 0x7f, 0x8e, 0xbf, 0xc3, 0xbf, 0xbb, 0xb4, 0xae, 0xb7, 0xbd, 0xe4, 0x15, 0xe3, 0xf3, 0xe9, 0xfd, 0xc9, 0x0a, 0x14, 0x14, 0x13, 0x13, 0x13, 0x13, 0x11, 0x03, 0xec, 0x00, 0xec, 0xec, 0xef, 0xef, 0xef, 0xef, 0xec, 0xec, 0xec, 0xec, 0xec, 0xec, 0xec, 0xef, 0xec, 0xec, 0xef, 0xec, 0xec, 0xec, 0xec, 0xec, 0xef, 0xec, 0xec, 0xec, 0xec, 0xec, 0x00, 0xec, 0xec, 0xec, 0xec, 0xec, 0xec, 0xec, 0x00, 0x00, 0x00, 0x00, 
  0xef, 0xf0, 0xf0, 0xf4, 0xe7, 0xf1, 0xe7, 0xe7, 0xe7, 0xe7, 0xe7, 0xe7, 0xf1, 0xf1, 0xf1, 0xf1, 0xf1, 0xf0, 0xf0, 0xf0, 0xf0, 0xf1, 0xf0, 0xed, 0xef, 0xef, 0xed, 0xed, 0xed, 0xed, 0xed, 0xed, 0xec, 0xef, 0xec, 0xef, 0xec, 0xec, 0xec, 0xec, 0xec, 0xec, 0xec, 0xec, 0x00, 0xec, 0x00, 0xec, 0x00, 0x00, 0x00, 0xe5, 0xe5, 0x1c, 0x32, 0x4a, 0x4a, 0x5c, 0x62, 0x6f, 0x84, 0x9e, 0xc7, 0xbf, 0x9a, 0x76, 0x6e, 0x58, 0x4f, 0x4f, 0x4f, 0x4f, 0x53, 0x55, 0x55, 0x4f, 0x32, 0x3e, 0x42, 0x4f, 0x5c, 0x69, 0x72, 0x77, 0x83, 0x88, 0x88, 0x88, 0x83, 0x7f, 0x82, 0x7f, 0x8e, 0xbf, 0xc3, 0xbf, 0xbb, 0xb4, 0xb7, 0xbd, 0xe0, 0x15, 0x16, 0xea, 0xea, 0xf3, 0xe9, 0xfa, 0xd0, 0x68, 0x14, 0x13, 0x14, 0x14, 0x11, 0x0a, 0xc9, 0x03, 0x00, 0xec, 0x00, 0xec, 0xef, 0xef, 0xec, 0xed, 0xec, 0xec, 0xec, 0xec, 0xec, 0xec, 0xec, 0xec, 0xec, 0xec, 0xef, 0xec, 0xec, 0xec, 0xec, 0xef, 0xec, 0xef, 0xec, 0xec, 0xec, 0xec, 0xef, 0xef, 0xef, 0xef, 0xec, 0xef, 0xec, 0xec, 0x00, 0xec, 0x00, 0x00, 
  0xf0, 0xf0, 0xf1, 0xf0, 0xf1, 0xf1, 0xf4, 0xf1, 0xf4, 0xf4, 0xf2, 0xe7, 0xf4, 0xe7, 0xf4, 0xf4, 0xf4, 0xf4, 0xf2, 0xf1, 0xf4, 0xf1, 0xf1, 0xf4, 0xf1, 0xe7, 0xf4, 0xf2, 0xf2, 0xf4, 0xf2, 0xf2, 0xe7, 0xf2, 0xf2, 0xe7, 0xf4, 0xe7, 0xf1, 0xf1, 0xf1, 0xf1, 0xf1, 0xf0, 0xf1, 0xf0, 0xed, 0xef, 0xef, 0xec, 0x00, 0xe5, 0xe5, 0x24, 0x28, 0x3e, 0x50, 0x54, 0x6e, 0x6a, 0x7c, 0x91, 0xa5, 0xad, 0x88, 0x72, 0x6e, 0x67, 0x4f, 0x4f, 0x4f, 0x53, 0x4f, 0x55, 0x55, 0x53, 0x55, 0x42, 0x4a, 0x55, 0x62, 0x69, 0x6f, 0x76, 0x83, 0x7f, 0x83, 0x7a, 0x7f, 0x7a, 0x7a, 0x8e, 0xbb, 0xc3, 0xbf, 0xbb, 0xb9, 0xb7, 0xca, 0x15, 0x15, 0xeb, 0x16, 0x16, 0xea, 0xe3, 0xe0, 0xd9, 0x7d, 0x59, 0x14, 0x11, 0xc9, 0x25, 0x03, 0xec, 0xec, 0x00, 0xec, 0x00, 0xec, 0xec, 0xec, 0xec, 0xed, 0xec, 0xef, 0xec, 0xec, 0xec, 0xec, 0xec, 0xec, 0xec, 0xec, 0xec, 0xec, 0xec, 0xec, 0xec, 0xec, 0xec, 0xec, 0xec, 0xec, 0xec, 0xec, 0xec, 0xec, 0xec, 0xec, 0xec, 0xef, 0xec, 0xec, 0xec, 0x00, 0x00, 0x00, 0x00, 
  0xf0, 0xf0, 0xf0, 0xf4, 0xf1, 0xf4, 0xf4, 0xf2, 0xfb, 0xf2, 0xf2, 0xfb, 0xf2, 0xf2, 0xf4, 0xf4, 0xf4, 0xf1, 0xf4, 0xf4, 0xf4, 0xf4, 0xf4, 0xf1, 0xf1, 0xf2, 0xf4, 0xf1, 0xe7, 0xf4, 0xe7, 0xf2, 0xf2, 0xf2, 0xf2, 0xf2, 0xe7, 0xf2, 0xf4, 0xe7, 0xf2, 0xf4, 0xe7, 0xf4, 0xe7, 0xf4, 0xf4, 0xf1, 0xf1, 0xf0, 0xed, 0xef, 0x46, 0x24, 0x28, 0x32, 0x50, 0x55, 0x62, 0x6f, 0x6f, 0x7c, 0xad, 0x8e, 0x75, 0x72, 0x69, 0x60, 0x50, 0x4f, 0x4f, 0x4f, 0x55, 0x53, 0x55, 0x53, 0x53, 0x3e, 0x4a, 0x5c, 0x62, 0x67, 0x6e, 0x75, 0x76, 0x7a, 0x7a, 0x7a, 0x75, 0x7f, 0x91, 0xbb, 0xbf, 0xbb, 0xb9, 0xb5, 0xb4, 0xbe, 0x15, 0x15, 0x16, 0x15, 0x15, 0xe4, 0xe2, 0xdc, 0xb0, 0x9b, 0x79, 0x59, 0x20, 0x00, 0x03, 0x00, 0x00, 0xec, 0xec, 0xec, 0xec, 0xec, 0xec, 0xec, 0xec, 0xef, 0xec, 0xec, 0xec, 0xec, 0xec, 0xec, 0xec, 0xec, 0xec, 0x00, 0xec, 0x00, 0xec, 0x00, 0xec, 0x00, 0xec, 0x00, 0x00, 0x00, 0x00, 0x00, 0xec, 0x00, 0x00, 0x00, 0xec, 0x00, 0xec, 0xec, 0x00, 0x00, 0xec, 0x00, 0x00, 0x00, 
  0xf0, 0xf0, 0xf0, 0xf1, 0xf1, 0xf1, 0xf4, 0xe7, 0xf4, 0xf2, 0xf4, 0xf2, 0xf1, 0xf1, 0xf1, 0xf1, 0xf0, 0xf0, 0xf1, 0xf0, 0xf0, 0xf0, 0xf0, 0xf0, 0xf0, 0xf1, 0xf0, 0xf0, 0xf0, 0xf0, 0xf1, 0xf1, 0xf1, 0xf0, 0xf1, 0xf0, 0xf0, 0xf0, 0xf0, 0xf0, 0xf0, 0xef, 0xf0, 0xef, 0xf0, 0xed, 0xf0, 0xf0, 0xed, 0xef, 0xec, 0xe5, 0x24, 0x28, 0x2d, 0x32, 0x3b, 0x55, 0x5c, 0x5c, 0x7c, 0x91, 0x7f, 0x75, 0x72, 0x67, 0x67, 0x5b, 0x53, 0x50, 0x4f, 0x55, 0x53, 0x55, 0x55, 0x58, 0x58, 0x3e, 0x4f, 0x57, 0x5c, 0x62, 0x69, 0x6e, 0x75, 0x75, 0x75, 0x75, 0x7f, 0xad, 0xbf, 0xbf, 0xbb, 0xb9, 0xb5, 0xb1, 0xb5, 0xae, 0xde, 0xe4, 0xdc, 0xc4, 0xc4, 0xbd, 0xaf, 0xa9, 0x94, 0x9b, 0x79, 0x5d, 0xd5, 0xec, 0x00, 0x00, 0x00, 0x00, 0x00, 0xec, 0xec, 0xec, 0xec, 0xec, 0xec, 0xec, 0xec, 0xec, 0xec, 0xec, 0xec, 0x00, 0xec, 0xec, 0xec, 0xec, 0x00, 0xec, 0x00, 0xec, 0x00, 0x00, 0x00, 0xec, 0x00, 0xec, 0x00, 0x00, 0xec, 0x00, 0x00, 0x00, 0xec, 0x00, 0xec, 0x00, 0x00, 0x00, 0x00, 0x00, 0x00, 0x00, 
  0x00, 0x00, 0xec, 0xec, 0xec, 0xef, 0xef, 0xef, 0xed, 0xef, 0xef, 0xef, 0xef, 0xef, 0xef, 0xec, 0xec, 0xec, 0xec, 0xec, 0xef, 0xec, 0xef, 0xef, 0xef, 0xef, 0xec, 0xec, 0xec, 0xef, 0xec, 0xef, 0xef, 0xec, 0xef, 0xef, 0xef, 0xef, 0xec, 0xef, 0xec, 0xef, 0xec, 0xec, 0xec, 0xef, 0xef, 0xec, 0xec, 0xec, 0xec, 0xe5, 0x24, 0x2d, 0x28, 0x32, 0x37, 0x37, 0x55, 0x6e, 0x6e, 0x76, 0x6e, 0x69, 0x69, 0x67, 0x67, 0x58, 0x55, 0x53, 0x53, 0x53, 0x55, 0x55, 0x58, 0x5c, 0x5b, 0x5c, 0x62, 0x4f, 0x57, 0x62, 0x69, 0x67, 0x6e, 0x6a, 0x75, 0x7f, 0xb3, 0xb9, 0xbb, 0xb5, 0xb3, 0xb5, 0xb5, 0xaa, 0xaa, 0xae, 0xae, 0xae, 0xb7, 0xb7, 0xae, 0xab, 0xa1, 0xa1, 0xa0, 0x8f, 0x87, 0x5d, 0x0a, 0x1f, 0xf0, 0xf0, 0xf0, 0xf0, 0xf0, 0xef, 0xf0, 0xef, 0xed, 0xef, 0xec, 0xed, 0xec, 0xef, 0xef, 0xef, 0xec, 0xef, 0xec, 0xec, 0xec, 0xec, 0xec, 0xec, 0xec, 0xec, 0xec, 0x00, 0xec, 0xec, 0x00, 0xec, 0x00, 0xec, 0x00, 0xec, 0x00, 0xec, 0x00, 0x00, 0x00, 0xec, 0x00, 0xec, 0x00, 0x00, 0x00, 0x00, 
  0x00, 0x00, 0x00, 0x00, 0xec, 0x00, 0xef, 0xec, 0xec, 0xef, 0xec, 0xef, 0xec, 0xec, 0x00, 0xec, 0x00, 0x00, 0xec, 0x00, 0xec, 0x00, 0xec, 0xec, 0xec, 0xec, 0xec, 0xec, 0xec, 0xec, 0xec, 0xef, 0xec, 0xec, 0xec, 0xec, 0xec, 0xec, 0xec, 0xec, 0xec, 0xec, 0xec, 0xec, 0xec, 0xef, 0xec, 0xec, 0xec, 0xec, 0x00, 0xe6, 0x29, 0x2d, 0x2d, 0x32, 0x32, 0x3b, 0x3e, 0x5c, 0x67, 0x67, 0x67, 0x67, 0x67, 0x67, 0x58, 0x53, 0x50, 0x55, 0x53, 0x53, 0x58, 0x55, 0x5b, 0x5b, 0x60, 0x5b, 0x60, 0x54, 0x6e, 0x5c, 0x62, 0x62, 0x6a, 0x75, 0x9a, 0xb3, 0xb9, 0xb9, 0xb5, 0xb3, 0xb5, 0xaa, 0xb1, 0xaa, 0xb5, 0xaa, 0xaa, 0xaa, 0xb5, 0xaa, 0xaa, 0xa8, 0xa7, 0xa1, 0xa1, 0x94, 0x7e, 0x6c, 0x39, 0x1e, 0x1e, 0xf4, 0xfb, 0xfb, 0xfc, 0xfc, 0xfc, 0xfc, 0xfb, 0xfb, 0xfb, 0xfc, 0xfb, 0xfb, 0x1e, 0xfb, 0xf2, 0xfb, 0xf2, 0xf2, 0xf2, 0xe7, 0xf2, 0xe7, 0xf2, 0xf2, 0xf1, 0xf1, 0xf1, 0xf0, 0xf1, 0xed, 0xf0, 0xf1, 0xf1, 0xf0, 0xf1, 0xed, 0xf0, 0xf0, 0xed, 0xf0, 0xed, 0xed, 0xef, 0xef, 0xef, 0xec, 
  0x00, 0x00, 0x00, 0x00, 0xec, 0x00, 0xec, 0xec, 0xec, 0xec, 0xec, 0xec, 0xec, 0xec, 0x00, 0xec, 0x00, 0x00, 0x00, 0xec, 0x00, 0xec, 0x00, 0x00, 0xec, 0xec, 0xec, 0xec, 0xec, 0xec, 0xec, 0xec, 0xec, 0xef, 0xef, 0xef, 0xef, 0xef, 0xec, 0xef, 0xef, 0xec, 0xec, 0xec, 0xef, 0x00, 0xef, 0xec, 0xec, 0xec, 0xe5, 0x1b, 0x28, 0x2d, 0x32, 0x37, 0x37, 0x3b, 0x3e, 0x3e, 0x58, 0x5f, 0x5f, 0x67, 0x5f, 0x5f, 0x55, 0x50, 0x58, 0x53, 0x58, 0x53, 0x55, 0x58, 0x55, 0x5b, 0x60, 0x5b, 0x60, 0x60, 0x60, 0x6a, 0x80, 0x84, 0x84, 0xa5, 0xaa, 0xb3, 0xaa, 0xb3, 0xaa, 0xaa, 0xaa, 0xaa, 0xaa, 0xaa, 0xaa, 0xaa, 0xaa, 0xaa, 0xaa, 0xaa, 0xaa, 0xa8, 0xa7, 0xa7, 0xa1, 0x99, 0x7e, 0x6c, 0x03, 0xe7, 0xf2, 0xfb, 0xfc, 0xfc, 0xf5, 0xfc, 0xf5, 0xfc, 0xfc, 0xfc, 0xfb, 0xfc, 0xfc, 0xfc, 0x23, 0xfc, 0xfc, 0xf5, 0xfc, 0xfc, 0xfc, 0xfc, 0xfb, 0xfc, 0xfb, 0xfc, 0xf5, 0xfb, 0xfc, 0xfb, 0xfb, 0xfc, 0xfc, 0xfc, 0xfb, 0xfc, 0xfb, 0xfc, 0xfc, 0xfb, 0xfb, 0xfb, 0xfc, 0xf2, 0xf2, 0xf4, 0xf4, 0xf1, 
  0x00, 0xec, 0x00, 0xec, 0xef, 0xef, 0xef, 0xef, 0xec, 0xef, 0xef, 0xef, 0xef, 0xef, 0xed, 0xec, 0xec, 0xec, 0xef, 0xec, 0xec, 0xef, 0xec, 0xef, 0xef, 0xec, 0xef, 0xec, 0xef, 0xef, 0xef, 0xef, 0xef, 0xed, 0xed, 0xef, 0xed, 0xed, 0xed, 0xed, 0xf0, 0xf0, 0xed, 0xed, 0xed, 0xf0, 0xed, 0xef, 0xf0, 0xed, 0xe6, 0x22, 0x29, 0x32, 0x32, 0x37, 0x3e, 0x3e, 0x3e, 0x42, 0x42, 0x50, 0x5f, 0x5f, 0x58, 0x58, 0x53, 0x53, 0x53, 0x58, 0x53, 0x58, 0x53, 0x58, 0x58, 0x58, 0x5b, 0x5b, 0x60, 0x60, 0x60, 0x62, 0x6e, 0x84, 0x91, 0x9c, 0xa5, 0xaa, 0xa5, 0xa8, 0x9c, 0xaa, 0x9c, 0xaa, 0xaa, 0xaa, 0xaa, 0xaa, 0xaa, 0xaa, 0xaa, 0xaa, 0xa8, 0xaa, 0xa7, 0xa7, 0xa0, 0x94, 0x87, 0x90, 0x1f, 0xf4, 0xfb, 0xfb, 0xfc, 0xfc, 0xfc, 0xfc, 0xf5, 0xfc, 0xfc, 0xfc, 0xfc, 0xfc, 0xfc, 0xfc, 0xfc, 0xfc, 0xfc, 0xfc, 0xfc, 0xfc, 0xfc, 0xfc, 0xfc, 0xfb, 0xfc, 0xfc, 0xfb, 0xfb, 0xfc, 0xfc, 0xfc, 0xfc, 0xfc, 0xfc, 0xfc, 0xfb, 0xfc, 0xfb, 0xfb, 0xfc, 0xfc, 0xfb, 0xfc, 0xfb, 0xf2, 0xf2, 0xf2, 0xf4, 
  0xef, 0xec, 0xf0, 0xf0, 0xf0, 0xf0, 0xf1, 0xf1, 0xf1, 0xf1, 0xf1, 0xf4, 0xe7, 0xf1, 0xf1, 0xf4, 0xf4, 0xf4, 0xf1, 0xf1, 0xf1, 0xf1, 0xf1, 0xf1, 0xf1, 0xf1, 0xf1, 0xf1, 0xf1, 0xf1, 0xf1, 0xf4, 0xe7, 0xe7, 0xf2, 0xf2, 0xe7, 0xe7, 0xf4, 0xe7, 0xf2, 0xf1, 0xf4, 0xf1, 0xf1, 0xf1, 0xf4, 0xf1, 0xf4, 0x17, 0x19, 0x22, 0x28, 0x32, 0x37, 0x37, 0x3e, 0x3e, 0x42, 0x42, 0x4a, 0x4a, 0x4a, 0x58, 0x4f, 0x50, 0x53, 0x53, 0x53, 0x58, 0x58, 0x53, 0x58, 0x58, 0x58, 0x5b, 0x58, 0x60, 0x5b, 0x60, 0x5f, 0x5c, 0x5c, 0x69, 0x80, 0x86, 0x8c, 0x91, 0x97, 0x9c, 0x97, 0xaa, 0x9c, 0xaa, 0x9c, 0xaa, 0xaa, 0xaa, 0xaa, 0xaa, 0xaa, 0xaa, 0xaa, 0xa8, 0xa7, 0xa1, 0xa0, 0x9b, 0xce, 0xce, 0xf2, 0xfb, 0xf2, 0xfb, 0xfc, 0xfc, 0xf5, 0xfb, 0xfc, 0xfc, 0xfc, 0xfc, 0xfc, 0xfc, 0xfb, 0xfc, 0x1e, 0xfc, 0xfb, 0xfb, 0xfb, 0xfb, 0xfb, 0xfc, 0xfb, 0xfc, 0xfb, 0xf5, 0xfb, 0xfc, 0xfb, 0xfc, 0xfc, 0xfc, 0xfb, 0xfc, 0xfc, 0xfc, 0xfc, 0xfc, 0xfc, 0xfc, 0xfc, 0xfb, 0xfc, 0xfb, 0xfb, 0xf2, 0xf4, 0xf4, 
  0xec, 0xef, 0xef, 0xf0, 0xf1, 0xf0, 0xf1, 0xf0, 0xf1, 0xf1, 0xf1, 0xe7, 0xf4, 0xf2, 0xe7, 0xf4, 0xe7, 0xf4, 0xf4, 0xf1, 0xe7, 0xf4, 0xf4, 0xf2, 0xf2, 0xf4, 0xf2, 0xf2, 0xf2, 0xf2, 0xf2, 0xfb, 0xf2, 0xfb, 0xf2, 0xfc, 0xfb, 0xfb, 0xf2, 0xf2, 0xf2, 0xf2, 0xe7, 0xf2, 0xf4, 0xf4, 0xf2, 0xe7, 0xf4, 0xf1, 0x18, 0x22, 0x28, 0x32, 0x37, 0x3e, 0x3e, 0x3e, 0x4a, 0x42, 0x4a, 0x4a, 0x4a, 0x4f, 0x4e, 0x4f, 0x50, 0x53, 0x55, 0x58, 0x58, 0x5f, 0x58, 0x5b, 0x58, 0x5b, 0x5f, 0x5b, 0x60, 0x5b, 0x57, 0x57, 0x57, 0x60, 0x67, 0x75, 0x83, 0x8c, 0x8c, 0x91, 0x97, 0x97, 0x9c, 0x9c, 0x9c, 0xaa, 0xaa, 0xaa, 0xaa, 0xaa, 0xaa, 0xa8, 0xa7, 0xab, 0xa1, 0xaf, 0xbd, 0xdc, 0xda, 0xee, 0xfb, 0xf1, 0xfb, 0xfb, 0xfc, 0xfc, 0xfc, 0xfc, 0xfc, 0xfc, 0xf5, 0xfc, 0xf5, 0xfc, 0xfc, 0xfb, 0xfb, 0xfc, 0xfb, 0xfb, 0xfc, 0xfb, 0xfb, 0xfb, 0xfc, 0xfb, 0xfb, 0xfb, 0xfc, 0xfb, 0xfc, 0xfb, 0xfc, 0xfc, 0xfb, 0xfc, 0xfc, 0xfc, 0xfc, 0xfc, 0xfb, 0xfc, 0xfc, 0xfc, 0xfc, 0xfb, 0xfb, 0xf2, 0xf2, 0xf4, 
  0xec, 0xec, 0xef, 0xef, 0xef, 0xed, 0xed, 0xf0, 0xf0, 0xf1, 0xf0, 0xf1, 0xf1, 0xf1, 0xf1, 0xf4, 0xf1, 0xf4, 0xf4, 0xf4, 0xf4, 0xf4, 0xe7, 0xf4, 0xf2, 0xf4, 0xf2, 0xe7, 0xf2, 0xf2, 0xf2, 0xf2, 0xf2, 0xf2, 0xfb, 0xfb, 0xf2, 0xf2, 0xf2, 0xf2, 0xf2, 0xf2, 0xf4, 0xf4, 0xf1, 0xf4, 0xe7, 0xf4, 0xe7, 0x17, 0x18, 0x2c, 0x2d, 0x32, 0x37, 0x3e, 0x3e, 0x4a, 0x4a, 0x4a, 0x4f, 0x4f, 0x50, 0x4f, 0x50, 0x4f, 0x53, 0x53, 0x58, 0x58, 0x5b, 0x5f, 0x5f, 0x5f, 0x5b, 0x5b, 0x60, 0x5f, 0x60, 0x5f, 0x57, 0x53, 0x55, 0x57, 0x5c, 0x69, 0x69, 0x77, 0x84, 0x8c, 0x91, 0x9c, 0x9c, 0x9c, 0x9c, 0xaa, 0x9c, 0xaa, 0xaa, 0x9c, 0xa8, 0xa7, 0xab, 0xb0, 0xd1, 0xe0, 0xe0, 0xe9, 0xda, 0xd0, 0xf1, 0xf4, 0xf2, 0xf2, 0xfb, 0xfb, 0xfc, 0xfc, 0xf5, 0xfc, 0xf5, 0xfc, 0xfc, 0xfc, 0xfc, 0xfc, 0xfb, 0xfb, 0xfb, 0xfc, 0xfc, 0xfb, 0xfb, 0xfb, 0xf2, 0xfb, 0xfb, 0xfb, 0xfc, 0xfc, 0xfc, 0xfc, 0xfb, 0xfc, 0xfc, 0xfc, 0xfc, 0xfb, 0xfc, 0xfc, 0xfc, 0xfc, 0xfc, 0xfc, 0xfc, 0xfb, 0xfc, 0xf2, 0xfb, 0xf4, 
  0xef, 0xf0, 0xed, 0xf0, 0xf0, 0xf0, 0xf1, 0xf1, 0xf4, 0xf1, 0xe7, 0xf4, 0xe7, 0xf4, 0xf4, 0xf4, 0xe7, 0xf4, 0xe7, 0xf2, 0xe7, 0xf4, 0xe7, 0xf4, 0xe7, 0xfb, 0xe7, 0xf2, 0xf2, 0xf2, 0xf2, 0xfb, 0xf2, 0xf2, 0xf2, 0xf2, 0xfb, 0xf2, 0xf2, 0xf4, 0xf2, 0xf4, 0xf4, 0xf4, 0xf4, 0xf4, 0xf1, 0xf1, 0xf1, 0xe7, 0x18, 0x22, 0x2d, 0x32, 0x3e, 0x3e, 0x4a, 0x4f, 0x4a, 0x55, 0x53, 0x53, 0x53, 0x4f, 0x53, 0x4f, 0x55, 0x53, 0x55, 0x58, 0x5b, 0x5b, 0x5b, 0x5b, 0x5f, 0x5f, 0x60, 0x5b, 0x60, 0x5f, 0x57, 0x53, 0x55, 0x55, 0x57, 0x60, 0x62, 0x6e, 0x77, 0x8c, 0x8c, 0x97, 0x91, 0x9c, 0x9c, 0x9c, 0xaa, 0x9c, 0x9c, 0xa7, 0xab, 0xbd, 0xe2, 0xe2, 0xe3, 0xe2, 0xe1, 0xe9, 0xda, 0xee, 0xfb, 0xf1, 0xfb, 0xfb, 0xfb, 0xfc, 0xfb, 0xfc, 0xfb, 0xf5, 0xfc, 0xfc, 0xfc, 0xfc, 0x1e, 0xfc, 0xfc, 0xfb, 0xfc, 0xfb, 0xfb, 0xfb, 0xfb, 0xfc, 0xfb, 0xfc, 0xfc, 0xfb, 0xfc, 0xfb, 0xfc, 0xfc, 0xfc, 0xfc, 0xfc, 0xfc, 0xfb, 0xfc, 0xfc, 0xfc, 0xfc, 0xfb, 0xfb, 0xfc, 0xfb, 0xfc, 0xfb, 0xf2, 0xf2, 0xf4, 
  0xf4, 0xf1, 0xf1, 0xf4, 0xf2, 0xf2, 0xf2, 0xf2, 0xf2, 0xfb, 0xfb, 0xfb, 0xf2, 0xfb, 0xf2, 0xf2, 0xf2, 0xf2, 0xf2, 0xfb, 0xf2, 0xf2, 0xe7, 0xf2, 0xf2, 0xf4, 0xf2, 0xe7, 0xf4, 0xf2, 0xfb, 0xf2, 0xf2, 0xf2, 0xfb, 0xf2, 0xfb, 0xf2, 0xf2, 0xf2, 0xf2, 0xf2, 0xf4, 0xe7, 0xe7, 0xf1, 0xf2, 0xe7, 0xf4, 0x17, 0x1a, 0x22, 0x33, 0x37, 0x3e, 0x42, 0x4f, 0x4f, 0x54, 0x57, 0x57, 0x57, 0x57, 0x55, 0x55, 0x55, 0x55, 0x58, 0x58, 0x58, 0x5b, 0x5b, 0x5b, 0x5b, 0x5b, 0x63, 0x5b, 0x60, 0x5b, 0x57, 0x55, 0x4f, 0x4f, 0x55, 0x55, 0x5c, 0x62, 0x69, 0x75, 0x80, 0x8c, 0x91, 0x91, 0x9c, 0x9c, 0x97, 0x9c, 0x9c, 0x96, 0xcb, 0xe2, 0xe3, 0xe4, 0xe3, 0xe3, 0xf3, 0xe1, 0xe8, 0xda, 0xc9, 0xf2, 0xf2, 0xfb, 0xfb, 0xfc, 0xfb, 0xfc, 0xfc, 0xfb, 0xfc, 0xfc, 0xfc, 0xfc, 0xfc, 0xfc, 0xfb, 0xfc, 0xfb, 0xf5, 0xfb, 0xfc, 0xfb, 0xfb, 0xfb, 0xfc, 0xfb, 0xfb, 0xfb, 0xfc, 0xfc, 0xfb, 0xfb, 0xfb, 0xfb, 0xfb, 0xfc, 0xfc, 0xfb, 0xfc, 0xfc, 0xfb, 0xfb, 0xfb, 0xfb, 0xfc, 0xfb, 0xfb, 0xf2, 0xf4, 0xf4, 
  0xf1, 0xf4, 0xf1, 0xf4, 0xf2, 0xf4, 0xf2, 0xfb, 0xfb, 0xf2, 0xfb, 0xfb, 0xfb, 0xf2, 0xfc, 0xf2, 0xf2, 0xf2, 0xf2, 0xfb, 0xf4, 0xf2, 0xf2, 0xf2, 0xf2, 0xe7, 0xf2, 0xf4, 0xf2, 0xf2, 0xf2, 0xf2, 0xf2, 0xfb, 0xf2, 0xf2, 0xf2, 0xf2, 0xf2, 0xf2, 0xf2, 0xf4, 0xf2, 0xf2, 0xe7, 0xf2, 0xe7, 0xf4, 0xe7, 0xe7, 0x17, 0x18, 0x33, 0x37, 0x3e, 0x4a, 0x4f, 0x54, 0x55, 0x5c, 0x5c, 0x62, 0x5f, 0x5c, 0x5b, 0x55, 0x57, 0x55, 0x57, 0x58, 0x57, 0x5b, 0x5b, 0x5b, 0x63, 0x5f, 0x60, 0x63, 0x5b, 0x5b, 0x4f, 0x53, 0x4f, 0x4f, 0x55, 0x5c, 0x67, 0x69, 0x77, 0x80, 0x83, 0x8c, 0x8c, 0x97, 0x97, 0x9c, 0x97, 0x96, 0x96, 0xa0, 0xe0, 0xe2, 0xe3, 0xe2, 0xe3, 0xe2, 0xe0, 0xdd, 0xa4, 0x68, 0x1a, 0xfb, 0xfb, 0xfc, 0xfc, 0xfc, 0xfc, 0xfc, 0xfc, 0xfc, 0xfc, 0xfb, 0xf2, 0xfc, 0xfb, 0xfc, 0xfb, 0xfc, 0xfb, 0xfc, 0xfb, 0xfb, 0xfb, 0xfc, 0xfb, 0xfc, 0xfb, 0xfb, 0xfc, 0xfb, 0xfb, 0xfb, 0xfb, 0xfb, 0xfc, 0xfb, 0xfc, 0xfc, 0xfc, 0xfb, 0xfb, 0xfb, 0xfb, 0xfb, 0xfb, 0xfb, 0xfb, 0xf2, 0xf4, 0xf4, 
  0xf4, 0xf1, 0xf4, 0xf4, 0xf2, 0xfb, 0xf2, 0xfb, 0xfb, 0xfb, 0xfc, 0xfb, 0xfb, 0xfb, 0xfb, 0xfb, 0xf2, 0xfb, 0xf2, 0xf2, 0xf2, 0xf2, 0xf2, 0xf2, 0xf2, 0xf2, 0xf2, 0xe7, 0xf2, 0xf2, 0xf2, 0xf2, 0xf2, 0xf2, 0xfb, 0xf2, 0xfb, 0xe7, 0xf2, 0xf2, 0xe7, 0xfc, 0xf2, 0xf2, 0xf4, 0xf2, 0xf1, 0xf2, 0xf4, 0xf4, 0xf1, 0x19, 0x29, 0x3a, 0x3b, 0x4f, 0x4f, 0x55, 0x5c, 0x69, 0x69, 0x69, 0x62, 0x5c, 0x60, 0x5c, 0x5b, 0x57, 0x58, 0x57, 0x5b, 0x57, 0x5b, 0x5f, 0x63, 0x5b, 0x5b, 0x60, 0x5b, 0x55, 0x4f, 0x4f, 0x4f, 0x4f, 0x55, 0x5b, 0x62, 0x6e, 0x6e, 0x7a, 0x84, 0x86, 0x8c, 0x91, 0x91, 0x96, 0x91, 0x96, 0x96, 0x98, 0x95, 0x99, 0xa0, 0xa0, 0xa0, 0xa9, 0x9b, 0x9b, 0x81, 0x2a, 0x1e, 0xfb, 0xfc, 0xfc, 0xfc, 0xfc, 0xfc, 0xfc, 0xfc, 0xfb, 0xfc, 0xfb, 0xfb, 0xfb, 0xfb, 0xfb, 0xfc, 0xfb, 0xfc, 0xfc, 0xfc, 0xfb, 0xfb, 0xfb, 0xfb, 0xfc, 0xfc, 0xfc, 0xfb, 0xfc, 0xfb, 0xfb, 0xfb, 0xfb, 0xfc, 0xfb, 0xfc, 0xfc, 0xfb, 0xfb, 0xfb, 0xf2, 0xfb, 0xfc, 0xfc, 0xfb, 0xfb, 0xf2, 0xf4, 0xf4, 
  0xf1, 0xf1, 0xf4, 0xf2, 0xf2, 0xf2, 0xfb, 0xfb, 0x1e, 0xfb, 0xfb, 0xf2, 0xfb, 0xf2, 0xfb, 0x1e, 0xf2, 0xf2, 0xf2, 0xf4, 0xf2, 0xf2, 0xf4, 0xf2, 0xf2, 0xf2, 0xf2, 0xf2, 0xf2, 0xe7, 0x1e, 0xf4, 0xf2, 0xf2, 0xf2, 0xf2, 0xf2, 0xf2, 0x1e, 0xe7, 0xf2, 0xe7, 0xf2, 0x1e, 0xf2, 0xf1, 0xe7, 0xf4, 0xe7, 0xf1, 0xf4, 0x17, 0x22, 0x3c, 0x43, 0x50, 0x55, 0x5c, 0x6a, 0x69, 0x6e, 0x6a, 0x69, 0x6a, 0x60, 0x62, 0x5c, 0x57, 0x5b, 0x5b, 0x57, 0x57, 0x5b, 0x5b, 0x5b, 0x63, 0x5b, 0x5f, 0x5b, 0x58, 0x4f, 0x4f, 0x4f, 0x4f, 0x55, 0x57, 0x67, 0x6e, 0x77, 0x80, 0x80, 0x7f, 0x88, 0x83, 0x8c, 0x91, 0x8c, 0x8c, 0x96, 0x8c, 0x96, 0x8e, 0x98, 0x98, 0xa1, 0x98, 0xa0, 0x94, 0x81, 0x20, 0x17, 0xfb, 0xfc, 0xfc, 0xfc, 0xfc, 0xfc, 0xfc, 0xfb, 0xfc, 0xfb, 0xfb, 0xfc, 0xfc, 0xfc, 0xfc, 0xfb, 0xfc, 0xfc, 0xfc, 0xfb, 0xfb, 0xfb, 0xf5, 0xfc, 0xfc, 0xfb, 0xfb, 0xfc, 0xfc, 0xfc, 0xfc, 0xfc, 0xfb, 0xfc, 0xfc, 0xfc, 0xfc, 0xfb, 0xfc, 0xfb, 0xfb, 0xfb, 0xfb, 0xfc, 0xfc, 0xfb, 0xf2, 0xf2, 0xf4, 
  0xf0, 0xf1, 0xf4, 0xf4, 0xfb, 0xf2, 0xf2, 0xf2, 0xf2, 0xfb, 0xf2, 0x1e, 0xf2, 0x1e, 0xf2, 0xf2, 0xf2, 0xf2, 0xf2, 0xf2, 0xf2, 0xf2, 0xfb, 0x1e, 0xf2, 0xe7, 0x1e, 0xf2, 0x1e, 0xf2, 0xf2, 0xf2, 0xf2, 0xf4, 0xf2, 0xfb, 0xf2, 0xf4, 0xf2, 0xf2, 0xf2, 0xf2, 0xf2, 0xf2, 0xf2, 0xe7, 0xf2, 0xe7, 0xe7, 0xf4, 0xf1, 0x17, 0xe6, 0x30, 0x40, 0x4a, 0x53, 0x62, 0x67, 0x6a, 0x6e, 0x6a, 0x6a, 0x6a, 0x62, 0x62, 0x62, 0x5c, 0x63, 0x57, 0x5b, 0x57, 0x57, 0x5b, 0x57, 0x5b, 0x5b, 0x5b, 0x5b, 0x55, 0x55, 0x4f, 0x4f, 0x4f, 0x55, 0x5c, 0x67, 0x6e, 0x72, 0x77, 0x7a, 0x80, 0x83, 0x86, 0x86, 0x88, 0x8c, 0x8c, 0x8c, 0x96, 0x8c, 0x96, 0x96, 0x98, 0x98, 0xa1, 0xa1, 0x93, 0x6b, 0x1f, 0xfb, 0xfb, 0xfc, 0xfc, 0xfc, 0xfc, 0xfc, 0xfc, 0xfc, 0xfb, 0xfb, 0x1e, 0xfb, 0xfc, 0xfb, 0xfc, 0xfc, 0xfc, 0xfc, 0xfb, 0xfb, 0xfb, 0xfc, 0xfb, 0xfc, 0xfc, 0xfc, 0xfc, 0xfb, 0xfc, 0xfc, 0xfc, 0xfc, 0xfc, 0xfc, 0xfc, 0xfb, 0xfc, 0xfb, 0xfb, 0xfc, 0xfb, 0xfb, 0xfc, 0xfc, 0xfc, 0xfb, 0xf2, 0xf2, 0xf2, 
  0xf0, 0xf1, 0xf1, 0xf1, 0xf2, 0xf2, 0xf2, 0x1e, 0xf2, 0xf2, 0xe7, 0xf2, 0xf2, 0xf2, 0xf2, 0x1e, 0xf2, 0xf2, 0xf2, 0xf2, 0xf2, 0xf2, 0xf2, 0xf2, 0xe7, 0xe7, 0xf2, 0xf2, 0xf2, 0x1e, 0xf2, 0xf2, 0xf2, 0xf2, 0xf2, 0xf2, 0xf2, 0xf2, 0xf2, 0x1e, 0xe7, 0xe7, 0xe7, 0xe7, 0xe7, 0xe7, 0xe7, 0xe7, 0xf2, 0xe7, 0xe7, 0xf0, 0x17, 0xe6, 0x3c, 0x49, 0x4e, 0x57, 0x62, 0x6a, 0x6a, 0x6a, 0x6a, 0x6a, 0x6a, 0x6a, 0x6a, 0x62, 0x62, 0x62, 0x5c, 0x63, 0x5c, 0x5c, 0x5b, 0x5c, 0x57, 0x57, 0x57, 0x5b, 0x4f, 0x55, 0x4f, 0x55, 0x55, 0x57, 0x62, 0x6e, 0x6f, 0x77, 0x77, 0x80, 0x80, 0x80, 0x83, 0x84, 0x86, 0x8c, 0x86, 0x91, 0x8c, 0x96, 0x96, 0x98, 0xa7, 0xa1, 0xa0, 0x87, 0x20, 0x1e, 0x1e, 0xfb, 0xfc, 0x23, 0xfc, 0x23, 0x23, 0xfb, 0xfc, 0xfc, 0xfc, 0x1e, 0xfb, 0xfc, 0xfc, 0xfb, 0xfc, 0xfc, 0xfb, 0xfc, 0xfb, 0xfb, 0xfb, 0xfc, 0xfc, 0xfc, 0xfb, 0xfb, 0xf5, 0xfc, 0xfc, 0xfc, 0xfc, 0xfc, 0xfc, 0xfc, 0xfb, 0xfb, 0xfb, 0xfb, 0xfb, 0xfc, 0xfc, 0xfc, 0xfc, 0xfb, 0xfb, 0xfb, 0xfb, 0xf2, 
  0xec, 0xef, 0xef, 0xed, 0xf0, 0xf1, 0xf0, 0xf1, 0xf1, 0xf1, 0xe7, 0xf1, 0xf1, 0xf1, 0xe7, 0xf4, 0xf1, 0xe7, 0xf1, 0xf1, 0xe7, 0xf4, 0xe7, 0xe7, 0xf2, 0xe7, 0xf2, 0x1e, 0xfb, 0x1e, 0xf2, 0xe7, 0xe7, 0xf2, 0x1e, 0xf2, 0xe7, 0xe7, 0x1e, 0xf4, 0x1e, 0xf2, 0x1e, 0xe7, 0xf2, 0xe7, 0xf2, 0xe7, 0xe7, 0xe7, 0xf1, 0xf1, 0xed, 0x17, 0xe6, 0x35, 0x49, 0x50, 0x54, 0x54, 0x6a, 0x6a, 0x74, 0x74, 0x74, 0x74, 0x74, 0x74, 0x6a, 0x6a, 0x62, 0x6a, 0x62, 0x62, 0x62, 0x5c, 0x5c, 0x57, 0x57, 0x57, 0x55, 0x54, 0x53, 0x54, 0x55, 0x5c, 0x62, 0x6e, 0x69, 0x6f, 0x75, 0x77, 0x77, 0x7f, 0x7c, 0x83, 0x84, 0x84, 0x8c, 0x91, 0x91, 0x9a, 0x96, 0xa8, 0xa3, 0xab, 0x9b, 0x27, 0x1f, 0x1e, 0xfb, 0xfc, 0xfb, 0x23, 0x23, 0x23, 0xfc, 0x23, 0xfc, 0xfc, 0x21, 0x23, 0xfc, 0x21, 0xfc, 0x21, 0xfc, 0xfc, 0xfc, 0x23, 0xfc, 0x23, 0xf5, 0xfc, 0xfc, 0xfc, 0xfc, 0xfc, 0xfc, 0xfc, 0xfc, 0xfc, 0xfc, 0xfc, 0xfc, 0xfc, 0xfb, 0xfb, 0xfb, 0xfb, 0xfc, 0xfc, 0xfc, 0xfc, 0xfc, 0xfb, 0xf2, 0xfb, 0xfb, 0xf2, 
  0x00, 0x00, 0xec, 0xec, 0xed, 0xef, 0xed, 0xef, 0xed, 0xef, 0xef, 0xed, 0xef, 0xed, 0xef, 0xed, 0xef, 0xec, 0xf0, 0xed, 0xed, 0xf0, 0xed, 0xf0, 0xf0, 0xf1, 0xf1, 0xf1, 0x1e, 0xe7, 0xe7, 0xe7, 0xe7, 0xe7, 0xf1, 0xe7, 0xe7, 0xf2, 0xe7, 0xf2, 0xf1, 0xe7, 0xe7, 0xe7, 0xe7, 0xe7, 0xe7, 0xe7, 0xe7, 0xe7, 0xe7, 0xf1, 0xf1, 0x17, 0x18, 0xe6, 0x1c, 0x42, 0x5c, 0x6a, 0x6a, 0x74, 0x74, 0x7c, 0x7c, 0x7c, 0x7c, 0x7c, 0x7c, 0x7c, 0x7c, 0x7c, 0x75, 0x75, 0x73, 0x63, 0x6d, 0x63, 0x63, 0x57, 0x57, 0x57, 0x54, 0x55, 0x57, 0x57, 0x62, 0x6a, 0x6e, 0x6f, 0x6f, 0x6f, 0x77, 0x7c, 0x7a, 0x84, 0x7c, 0x86, 0x8b, 0x91, 0x9c, 0x9c, 0x9e, 0xa7, 0xae, 0xa9, 0x5d, 0x1f, 0x1f, 0xfc, 0x21, 0x23, 0x23, 0x23, 0x23, 0x23, 0x23, 0x23, 0x23, 0x21, 0x23, 0x21, 0xfc, 0x23, 0xfc, 0x21, 0xfc, 0x21, 0xfb, 0x1e, 0xfc, 0x1e, 0xf5, 0xfc, 0x23, 0xf5, 0x23, 0xf5, 0xfc, 0x23, 0xf5, 0x23, 0xfc, 0x23, 0xf5, 0xfc, 0xfc, 0xfb, 0xf5, 0xfc, 0xfc, 0xf5, 0xf5, 0xf5, 0xfc, 0xf5, 0xfc, 0xf5, 0xfc, 0xf5, 
  0x00, 0x00, 0x00, 0x00, 0xec, 0xef, 0xef, 0xef, 0xef, 0xef, 0xef, 0xef, 0xef, 0xef, 0xef, 0xef, 0xef, 0xef, 0xef, 0xec, 0xec, 0xef, 0xec, 0xef, 0xed, 0xef, 0xed, 0xed, 0xed, 0xf1, 0xf0, 0xf0, 0x17, 0xf0, 0xf1, 0xf1, 0xf1, 0xf1, 0xf1, 0xf1, 0x17, 0xe7, 0x17, 0xe7, 0xf1, 0x17, 0xe7, 0x17, 0xe7, 0xf1, 0x17, 0xf1, 0xed, 0x17, 0xe6, 0xe6, 0x1c, 0x24, 0x6a, 0x9a, 0x8a, 0x8a, 0x8a, 0x8a, 0x8a, 0x8a, 0x9a, 0x9d, 0xa5, 0x9d, 0xad, 0x9d, 0xa1, 0x99, 0x99, 0x8d, 0x85, 0x7e, 0x73, 0x73, 0x6a, 0x62, 0x57, 0x57, 0x54, 0x62, 0x57, 0x62, 0x62, 0x6a, 0x6a, 0x74, 0x7c, 0x7c, 0x7c, 0x84, 0x8b, 0x8b, 0x9c, 0x9e, 0xa5, 0xa5, 0xb1, 0xae, 0xac, 0x5d, 0x20, 0x21, 0x21, 0x21, 0x23, 0x21, 0x23, 0x23, 0x23, 0x23, 0x23, 0x21, 0x23, 0x23, 0x23, 0x23, 0x23, 0x21, 0xfc, 0x21, 0xfc, 0x23, 0xfc, 0x23, 0x23, 0x23, 0x23, 0x23, 0xf6, 0x26, 0xf6, 0x01, 0xf6, 0x01, 0x01, 0x31, 0xfe, 0xfe, 0x31, 0xfe, 0x31, 0xfe, 0xff, 0xfe, 0xff, 0xff, 0xfe, 0xfe, 0xfe, 0xfe, 0xfe, 0x01, 0xfe, 0x01, 
  0x00, 0x00, 0x00, 0xec, 0xec, 0xec, 0xef, 0xef, 0xef, 0xef, 0xef, 0xef, 0xef, 0xef, 0xec, 0xec, 0xef, 0xec, 0xec, 0xef, 0xef, 0xec, 0xef, 0xef, 0xec, 0xed, 0xed, 0xef, 0xed, 0xed, 0x17, 0xf0, 0xed, 0xf1, 0xed, 0xf0, 0x17, 0xf1, 0x17, 0xf1, 0x17, 0xf1, 0x17, 0xf1, 0x17, 0xf0, 0x17, 0xf1, 0x17, 0xed, 0x17, 0x17, 0xe6, 0xe6, 0x24, 0x40, 0x40, 0x53, 0x6a, 0xb9, 0xc7, 0xcd, 0xcd, 0xcd, 0xcd, 0xc7, 0xc7, 0xc7, 0xc7, 0xcd, 0xd2, 0xd2, 0x8f, 0x24, 0x1c, 0x1c, 0xe6, 0x1c, 0x3c, 0x85, 0x85, 0x82, 0x78, 0x63, 0x63, 0x63, 0x63, 0x62, 0x6a, 0x6a, 0x74, 0x74, 0x7c, 0x8b, 0x8b, 0x9a, 0x9e, 0xa5, 0xad, 0xb3, 0xb5, 0xba, 0xb7, 0xac, 0x27, 0x20, 0x25, 0x21, 0x21, 0x21, 0x1e, 0x21, 0x1e, 0x21, 0x21, 0x21, 0x23, 0x23, 0x23, 0x23, 0x26, 0x2b, 0x01, 0x36, 0x36, 0x02, 0x36, 0x41, 0x36, 0x41, 0x02, 0x3d, 0x3d, 0x3d, 0x3d, 0x36, 0x36, 0xfe, 0x31, 0x36, 0xfe, 0x36, 0xff, 0x36, 0x02, 0x02, 0xfe, 0x02, 0xff, 0xff, 0x36, 0x02, 0xff, 0xff, 0xfe, 0xfe, 0x01, 0x01, 0x01, 0x01, 
  0x00, 0xec, 0x00, 0xec, 0xec, 0xef, 0xed, 0xef, 0xef, 0xef, 0xed, 0xef, 0xec, 0xef, 0xef, 0xef, 0xec, 0xec, 0xef, 0xef, 0xef, 0xef, 0xef, 0xf0, 0xed, 0xed, 0xf0, 0xf0, 0xed, 0xf1, 0xf0, 0xf1, 0x17, 0xf1, 0x17, 0xf1, 0xf0, 0xf1, 0x17, 0xf1, 0x17, 0xf1, 0x17, 0x17, 0xf0, 0x17, 0xf1, 0x17, 0xed, 0x17, 0xed, 0xe6, 0x24, 0x32, 0x3b, 0x4f, 0x4f, 0x54, 0x74, 0x8a, 0xb9, 0xc7, 0xcd, 0xcd, 0xd2, 0xd2, 0xd2, 0xd6, 0xd6, 0xd6, 0xd6, 0xd6, 0xc8, 0x27, 0x1d, 0x18, 0x1d, 0x1d, 0x1b, 0x20, 0x22, 0x27, 0x27, 0x38, 0x85, 0x78, 0x78, 0x73, 0x75, 0x74, 0x7c, 0x8a, 0x8b, 0x9d, 0xa5, 0xb6, 0xc1, 0xc1, 0xc7, 0xc7, 0xc7, 0xc3, 0x4b, 0x34, 0x2a, 0x25, 0x1f, 0x1a, 0x03, 0x17, 0x03, 0x03, 0xe5, 0x03, 0xec, 0x03, 0xe5, 0x03, 0xec, 0xec, 0xec, 0xec, 0xec, 0xed, 0x21, 0x2b, 0x45, 0x41, 0x41, 0x45, 0x41, 0x41, 0x3f, 0x41, 0x3f, 0x36, 0x31, 0x26, 0x26, 0x26, 0x26, 0x26, 0x01, 0x31, 0x01, 0x01, 0x01, 0x31, 0x31, 0x31, 0xff, 0xff, 0xfe, 0xfe, 0xfe, 0x01, 0x31, 0x01, 0x01, 0xfe, 
  0xec, 0xec, 0xec, 0xef, 0xf0, 0xed, 0xf0, 0xed, 0xed, 0xf1, 0xed, 0xf0, 0xf0, 0xed, 0xed, 0xed, 0xed, 0xed, 0xf0, 0xed, 0xf0, 0xf0, 0xed, 0xf1, 0xf0, 0xf1, 0x17, 0xf1, 0x17, 0xf1, 0x17, 0xf1, 0xf0, 0xf1, 0xf1, 0x17, 0xf1, 0x17, 0xf1, 0x17, 0xf1, 0x17, 0x17, 0x17, 0x17, 0x17, 0xed, 0x17, 0xef, 0x17, 0x17, 0xe6, 0x2e, 0x3e, 0x5c, 0x4f, 0x6a, 0x9a, 0xa5, 0xb9, 0xc5, 0xc7, 0xc5, 0xd2, 0xd2, 0xd2, 0xd6, 0xd6, 0xd6, 0xd8, 0xd6, 0xd6, 0xcc, 0x38, 0x39, 0x48, 0x44, 0x59, 0x59, 0x59, 0x59, 0x59, 0x6b, 0x5d, 0x5e, 0x66, 0x70, 0x66, 0x8e, 0xa3, 0x9e, 0xa5, 0xb9, 0xc7, 0xd2, 0xd4, 0xd4, 0xd4, 0xd4, 0xd4, 0xd4, 0xcf, 0x59, 0x59, 0x56, 0x56, 0x56, 0x56, 0x56, 0x56, 0x56, 0x56, 0x56, 0x56, 0x56, 0x56, 0x56, 0x52, 0x56, 0x52, 0x56, 0x52, 0x52, 0x52, 0x4c, 0x52, 0x4c, 0x52, 0x4c, 0x52, 0x4c, 0x4c, 0x4c, 0x4c, 0x41, 0x4c, 0x45, 0x45, 0x45, 0x3f, 0x45, 0x45, 0x41, 0x3f, 0x3f, 0x3f, 0x3d, 0x02, 0x02, 0x02, 0x36, 0x02, 0x36, 0xff, 0x36, 0xff, 0xfe, 0xff, 0xfe, 0xfe, 
  0xf0, 0xf0, 0xf1, 0xf1, 0xe7, 0xe7, 0xe7, 0xe7, 0xe7, 0xe7, 0xe7, 0xe7, 0xe7, 0xe7, 0xf1, 0xe7, 0xe7, 0xe7, 0xe7, 0xe7, 0xe7, 0xe7, 0xe7, 0xe7, 0xe7, 0xe7, 0xe7, 0xe7, 0xe7, 0xe7, 0xf1, 0xe7, 0x1a, 0xe7, 0x17, 0xe7, 0xe7, 0xf1, 0x17, 0xf1, 0x1a, 0x17, 0x17, 0x17, 0x17, 0x17, 0x17, 0x17, 0x17, 0x03, 0xe6, 0x30, 0x3b, 0x54, 0x4a, 0x74, 0x9a, 0xa5, 0xad, 0xc1, 0xc1, 0xcd, 0xcc, 0xd2, 0xd6, 0xd6, 0xd8, 0xd8, 0x0e, 0x0e, 0x0e, 0x0e, 0xd4, 0xc2, 0xb2, 0xb2, 0xa2, 0xa2, 0xa2, 0xa2, 0xa2, 0xa2, 0xa2, 0xa2, 0xa2, 0x9b, 0xa2, 0x8d, 0xa2, 0x8f, 0xb9, 0xb9, 0xb9, 0xb3, 0xb9, 0xb9, 0xbf, 0xb9, 0xc3, 0xc3, 0xc6, 0xb7, 0x92, 0x6b, 0x6b, 0x6b, 0x6b, 0x68, 0x6b, 0x68, 0x6b, 0x68, 0x6b, 0x5a, 0x68, 0x5a, 0x68, 0x56, 0x64, 0x5a, 0x5a, 0x5a, 0x5a, 0x56, 0x56, 0x52, 0x56, 0x52, 0x52, 0x52, 0x52, 0x52, 0x4c, 0x52, 0x52, 0x52, 0x52, 0x4c, 0x4c, 0x4c, 0x4c, 0x52, 0x45, 0x4c, 0x45, 0x45, 0x45, 0x45, 0x41, 0x3f, 0x3f, 0x3f, 0x3d, 0x3d, 0x3d, 0x3d, 0x02, 0x02, 0x3d, 0x02, 
  0xf1, 0xf0, 0xf1, 0xf2, 0xe7, 0xf2, 0x1e, 0xf2, 0xe7, 0x1e, 0xf2, 0xf1, 0xe7, 0xe7, 0xe7, 0x1e, 0xe7, 0xe7, 0xe7, 0xe7, 0x1e, 0xe7, 0x1e, 0xe7, 0x1e, 0x1e, 0x1e, 0xe7, 0xe7, 0x1e, 0xe7, 0x1e, 0xe7, 0xe7, 0x1a, 0xf1, 0x1a, 0xf1, 0x1a, 0xe7, 0x1a, 0x17, 0x17, 0x1a, 0x17, 0x17, 0x17, 0x17, 0x17, 0x17, 0xe6, 0x1c, 0x40, 0x6d, 0x60, 0x82, 0xa1, 0xb6, 0xc1, 0xcf, 0xd8, 0x0e, 0x11, 0x13, 0x11, 0x0e, 0x0e, 0xd8, 0xd8, 0xd8, 0xd8, 0xd8, 0xd4, 0xcc, 0xcc, 0xc8, 0xcc, 0xc8, 0xcc, 0xc8, 0xc8, 0xc8, 0xc8, 0xc2, 0xc8, 0xc2, 0xc2, 0xc2, 0xc2, 0xc2, 0x98, 0x8a, 0x86, 0x7c, 0xa5, 0x86, 0x8b, 0x9e, 0xb3, 0xb1, 0xb4, 0xa0, 0x92, 0x92, 0x90, 0x90, 0x7d, 0x81, 0x7d, 0x7d, 0x7d, 0x71, 0x71, 0x71, 0x6b, 0x68, 0x68, 0x68, 0x68, 0x68, 0x64, 0x68, 0x5a, 0x5a, 0x5a, 0x5a, 0x56, 0x56, 0x56, 0x52, 0x52, 0x52, 0x52, 0x52, 0x4c, 0x52, 0x4c, 0x4c, 0x52, 0x45, 0x4c, 0x45, 0x4c, 0x45, 0x45, 0x45, 0x41, 0x3f, 0x45, 0x3f, 0x3f, 0x3f, 0x3d, 0x3d, 0x3d, 0x3d, 0x02, 0x3f, 0x3d, 0x3d, 
  0xf1, 0xf0, 0xf1, 0xe7, 0xe7, 0xf2, 0xe7, 0xf2, 0xe7, 0xe7, 0xe7, 0xe7, 0xe7, 0x1e, 0xf1, 0xe7, 0xe7, 0xe7, 0xe7, 0xf2, 0xe7, 0xe7, 0xf2, 0xe7, 0xf2, 0xe7, 0xe7, 0x1e, 0xe7, 0x1e, 0xe7, 0xe7, 0x1a, 0xe7, 0xe7, 0xe7, 0x1a, 0xe7, 0x1e, 0x17, 0x1a, 0x1a, 0x1a, 0x1a, 0x17, 0x1a, 0x17, 0x1a, 0x17, 0x19, 0x03, 0x18, 0x1b, 0x1c, 0x22, 0x27, 0x27, 0x34, 0x4b, 0x48, 0x4b, 0x48, 0x4b, 0x48, 0x5d, 0x79, 0xa2, 0xb2, 0xc2, 0xc2, 0xc2, 0xc2, 0xc8, 0xc8, 0xc8, 0xc8, 0xc8, 0xcc, 0xc8, 0xcc, 0xcc, 0xcc, 0xcc, 0xcc, 0xcc, 0xcc, 0xcc, 0xcc, 0xcc, 0xc6, 0x75, 0x4f, 0x4f, 0x57, 0x74, 0x54, 0x6f, 0x8b, 0xb5, 0x9e, 0xbb, 0x9f, 0xac, 0xb2, 0xb8, 0xa4, 0xa4, 0x90, 0x90, 0x7d, 0x90, 0x7d, 0x7d, 0x71, 0x7d, 0x71, 0x71, 0x71, 0x71, 0x68, 0x68, 0x64, 0x68, 0x64, 0x64, 0x5a, 0x64, 0x5a, 0x5a, 0x56, 0x56, 0x56, 0x52, 0x52, 0x52, 0x52, 0x52, 0x4c, 0x4c, 0x4c, 0x4c, 0x45, 0x4c, 0x45, 0x4c, 0x45, 0x45, 0x45, 0x3d, 0x3f, 0x3f, 0x3d, 0x3d, 0x3d, 0x3d, 0x3d, 0x3d, 0x3f, 0x3d, 0x3d, 
  0xf0, 0xf0, 0xf1, 0xf1, 0xe7, 0xe7, 0xfb, 0xe7, 0xf4, 0xe7, 0xe7, 0xe7, 0xe7, 0xf2, 0xe7, 0xe7, 0xe7, 0xe7, 0xe7, 0x1e, 0xe7, 0xf1, 0xe7, 0xe7, 0xe7, 0xe7, 0x1e, 0xe7, 0xe7, 0x1e, 0xe7, 0x1e, 0xf2, 0xe7, 0x1e, 0x1e, 0x1e, 0x1e, 0x1a, 0x1e, 0xe7, 0x1a, 0xe7, 0x1a, 0x1a, 0x1a, 0x1a, 0x1a, 0x1a, 0x1a, 0x1a, 0x1a, 0x1a, 0x1f, 0x1f, 0x1f, 0x25, 0x25, 0x25, 0x2f, 0x2f, 0x39, 0x39, 0x39, 0x39, 0x48, 0x39, 0x48, 0x48, 0x4b, 0x4b, 0x4b, 0x4b, 0x4b, 0x6c, 0x87, 0xa2, 0xa2, 0xa2, 0xb2, 0xb2, 0xc2, 0xc2, 0xc2, 0xc8, 0xc8, 0xc8, 0xcc, 0xcc, 0xcf, 0x63, 0x4a, 0x4a, 0x54, 0x72, 0x54, 0x6a, 0x9c, 0x9e, 0xa7, 0xba, 0xc3, 0xc2, 0xc4, 0xb8, 0xb8, 0xa4, 0xa4, 0x90, 0x90, 0x90, 0x7d, 0x7d, 0x7d, 0x71, 0x7d, 0x71, 0x71, 0x68, 0x68, 0x64, 0x68, 0x64, 0x64, 0x5a, 0x64, 0x56, 0x5a, 0x5a, 0x5a, 0x56, 0x5a, 0x52, 0x52, 0x52, 0x4c, 0x4c, 0x4c, 0x4c, 0x4c, 0x45, 0x4c, 0x45, 0x4c, 0x45, 0x45, 0x45, 0x45, 0x45, 0x3f, 0x3f, 0x3d, 0x3d, 0x3d, 0x3d, 0x3d, 0x3d, 0x3d, 0x3d, 0x3d, 
  0xf0, 0xf4, 0xf1, 0xf4, 0xf2, 0xe7, 0xf2, 0xe7, 0xf2, 0xe7, 0xe7, 0xf2, 0xe7, 0xf1, 0xe7, 0xe7, 0xe7, 0x1e, 0xf2, 0xf2, 0xf2, 0xe7, 0xe7, 0xe7, 0xf2, 0xe7, 0xf2, 0xf4, 0x1e, 0xf1, 0x1e, 0x1e, 0xe7, 0x1e, 0xe7, 0xe7, 0x1e, 0x1e, 0xe7, 0x1e, 0x1a, 0xe7, 0x1e, 0x1a, 0xe7, 0x1e, 0x1e, 0x1e, 0x1a, 0x1e, 0x1f, 0x1e, 0x1f, 0x1e, 0x25, 0x1f, 0x25, 0x25, 0x25, 0x25, 0x2f, 0x25, 0x25, 0x2f, 0x25, 0x2a, 0x2f, 0x2a, 0x34, 0x39, 0x39, 0x39, 0x39, 0x39, 0x39, 0x39, 0x39, 0x48, 0x39, 0x48, 0x4b, 0x48, 0x4b, 0x48, 0x5d, 0x79, 0x92, 0x9b, 0xa2, 0xac, 0xb2, 0x50, 0x50, 0x6d, 0x88, 0x63, 0x88, 0xa7, 0xae, 0xab, 0xc6, 0xca, 0xd3, 0xb8, 0xb8, 0xa4, 0x90, 0xa4, 0x90, 0x90, 0x7d, 0x7d, 0x7d, 0x71, 0x71, 0x71, 0x71, 0x64, 0x64, 0x64, 0x64, 0x5a, 0x5a, 0x5a, 0x5a, 0x52, 0x5a, 0x5a, 0x52, 0x5a, 0x52, 0x52, 0x52, 0x52, 0x4c, 0x52, 0x4c, 0x4c, 0x4c, 0x4c, 0x4c, 0x4c, 0x4c, 0x45, 0x4c, 0x45, 0x45, 0x45, 0x3f, 0x45, 0x3d, 0x3f, 0x3d, 0x3d, 0x3f, 0x3f, 0x3f, 0x02, 0x3d, 0x3d, 
  0xf1, 0xf1, 0xf4, 0xf4, 0xf1, 0xf2, 0xf2, 0xe7, 0xe7, 0xf2, 0xf2, 0xe7, 0xe7, 0xe7, 0xf2, 0xf2, 0xe7, 0xf2, 0xf2, 0xe7, 0xf2, 0xf2, 0xe7, 0xf1, 0xe7, 0xf2, 0xe7, 0xe7, 0xe7, 0xfb, 0x1e, 0xf2, 0x1e, 0xf2, 0x1e, 0x1e, 0xf2, 0xe7, 0x1e, 0x1e, 0x1e, 0xe7, 0x1e, 0x1e, 0x1e, 0x1e, 0x1e, 0x1e, 0x1e, 0x1e, 0x1e, 0x21, 0x21, 0x23, 0x1f, 0x23, 0x25, 0x21, 0x25, 0x21, 0x25, 0x25, 0x2b, 0x25, 0x2f, 0x25, 0x25, 0x2b, 0x25, 0x2b, 0x2f, 0x25, 0x2f, 0x2f, 0x2f, 0x2f, 0x2f, 0x2f, 0x2f, 0x2f, 0x2f, 0x39, 0x2f, 0x39, 0x39, 0x39, 0x39, 0x38, 0x39, 0x38, 0x38, 0x38, 0x38, 0x70, 0xca, 0xb7, 0xc8, 0xdc, 0xd8, 0xd7, 0xca, 0xce, 0xa4, 0x90, 0x7d, 0x71, 0x71, 0x71, 0x71, 0x71, 0x68, 0x64, 0x64, 0x64, 0x64, 0x5a, 0x5a, 0x5a, 0x5a, 0x52, 0x5a, 0x52, 0x52, 0x52, 0x52, 0x52, 0x52, 0x52, 0x52, 0x52, 0x52, 0x52, 0x52, 0x4c, 0x4c, 0x4c, 0x4c, 0x4c, 0x4c, 0x4c, 0x4c, 0x4c, 0x45, 0x4c, 0x45, 0x45, 0x45, 0x45, 0x45, 0x3f, 0x3f, 0x3f, 0x3f, 0x3f, 0x3f, 0x3d, 0x3d, 0x3d, 0x3d, 0x3d, 
  0xf1, 0xf1, 0xf4, 0xf4, 0xe7, 0xf2, 0xf2, 0xe7, 0xf2, 0xf2, 0xf2, 0xe7, 0xf2, 0xe7, 0xe7, 0xf2, 0xe7, 0x1e, 0xf2, 0x1e, 0xfb, 0xe7, 0xf2, 0x1e, 0xf2, 0x1e, 0xf2, 0xf2, 0xf2, 0xe7, 0xe7, 0x1e, 0xf2, 0x1e, 0xf2, 0xf2, 0x1e, 0x1e, 0xe7, 0x1e, 0x1e, 0x1e, 0xe7, 0x1e, 0xfb, 0x21, 0xfc, 0x21, 0xfc, 0x21, 0x1e, 0x23, 0x21, 0x23, 0x21, 0x23, 0x21, 0x25, 0x26, 0x25, 0x26, 0x25, 0x2b, 0x25, 0x26, 0x25, 0x2b, 0x25, 0x2b, 0x25, 0x2b, 0x2b, 0x2b, 0x2b, 0x2f, 0x2b, 0x2f, 0x2b, 0x2b, 0x2b, 0x2f, 0x2b, 0x2f, 0x2b, 0x2f, 0x2f, 0x2f, 0x2f, 0x34, 0x2f, 0x2a, 0x2a, 0x27, 0x2a, 0x34, 0x2a, 0x34, 0x34, 0x34, 0x39, 0x39, 0x41, 0x39, 0x41, 0x36, 0x36, 0x36, 0x31, 0x36, 0x36, 0x36, 0x36, 0x36, 0x31, 0x31, 0x36, 0x31, 0x31, 0xff, 0x02, 0x3d, 0x3d, 0x45, 0x3f, 0x45, 0x45, 0x45, 0x45, 0x45, 0x45, 0x3f, 0x45, 0x3f, 0x3f, 0x02, 0x3d, 0x02, 0xff, 0x02, 0xff, 0xfe, 0xfe, 0x01, 0xfe, 0x01, 0xfe, 0x01, 0x01, 0xfe, 0x01, 0x01, 0x01, 0xf6, 0x01, 0xf6, 0x01, 0xf6, 0xf6, 0xf6, 0xf6, 
  0xf1, 0xf1, 0xe7, 0xf4, 0xf4, 0xf2, 0xf2, 0xf2, 0xf2, 0xe7, 0xf2, 0xf2, 0xe7, 0xf2, 0xf2, 0x1e, 0xf2, 0xf2, 0xf2, 0xf2, 0xfb, 0x1e, 0xf2, 0xe7, 0xf2, 0xf2, 0xfb, 0x1e, 0xf2, 0x1e, 0xf2, 0xe7, 0xfb, 0xf2, 0xfb, 0x1e, 0xf2, 0xe7, 0x1e, 0xf2, 0x1e, 0xfb, 0x1e, 0xfc, 0x1e, 0xfc, 0x21, 0xfc, 0x1e, 0xfc, 0x1e, 0x23, 0x1e, 0x21, 0x21, 0x23, 0x21, 0x23, 0x21, 0x26, 0x23, 0x25, 0x23, 0x25, 0x23, 0x25, 0x26, 0x2b, 0x26, 0x2b, 0x2b, 0x2b, 0x2b, 0x2b, 0x2b, 0x2b, 0x2b, 0x25, 0x2b, 0x25, 0x2b, 0x2b, 0x2b, 0x2b, 0x2b, 0x2b, 0x2b, 0x2b, 0x2b, 0x2b, 0x2b, 0x2b, 0x2b, 0x2b, 0x2b, 0x2b, 0x2b, 0x31, 0x31, 0x31, 0x36, 0x31, 0x36, 0xfe, 0x31, 0x31, 0x31, 0x31, 0x01, 0x31, 0x31, 0x31, 0x01, 0x31, 0x31, 0x01, 0x01, 0x01, 0xfe, 0x01, 0xf6, 0x01, 0x01, 0xf6, 0xf6, 0xf6, 0xf6, 0x01, 0x01, 0xf6, 0x01, 0xf6, 0xf6, 0x23, 0xf6, 0x26, 0x01, 0x01, 0x01, 0xf6, 0x01, 0x01, 0x01, 0xf6, 0x01, 0x01, 0xf6, 0xf6, 0xf6, 0xf6, 0xf6, 0xf5, 0xf5, 0xf6, 0xf5, 0xf5, 0xf5, 0xfc, 0xfc, 0xf5, 
  0xf4, 0xf1, 0xf1, 0xf2, 0xe7, 0xf2, 0xf2, 0xf2, 0xf2, 0xf2, 0x1e, 0xf2, 0xf2, 0xe7, 0xf4, 0xf2, 0xf2, 0xf2, 0xf2, 0x1e, 0xfb, 0xfb, 0xf2, 0xf2, 0x1e, 0xf2, 0x1e, 0xf2, 0x1e, 0xf2, 0xfb, 0x1e, 0xfb, 0x1e, 0xfb, 0xf2, 0xfb, 0x1e, 0xfb, 0x1e, 0xfb, 0x1e, 0xfb, 0x21, 0xfc, 0xfc, 0xfc, 0x23, 0xfc, 0x21, 0xfc, 0x21, 0x23, 0x23, 0x21, 0x23, 0x26, 0x23, 0x23, 0x21, 0x23, 0x23, 0x26, 0x26, 0x26, 0x26, 0x26, 0x26, 0x26, 0x26, 0x26, 0x2b, 0x26, 0x26, 0x2b, 0x2b, 0x2b, 0x26, 0x26, 0x2b, 0x26, 0x2b, 0x26, 0x2b, 0x26, 0x2b, 0x26, 0x2b, 0x31, 0x2b, 0x31, 0x2b, 0x2b, 0x31, 0x2b, 0x31, 0x31, 0x31, 0x31, 0x31, 0x31, 0x36, 0x31, 0x31, 0x31, 0x36, 0x01, 0x01, 0xf6, 0x31, 0xf6, 0x31, 0x01, 0x01, 0x01, 0x01, 0x01, 0xf6, 0xf6, 0x31, 0xf6, 0x01, 0xf6, 0x01, 0xf6, 0x01, 0xf6, 0x01, 0xf6, 0x01, 0xf6, 0xf6, 0xf6, 0x01, 0x01, 0x01, 0x01, 0x31, 0xfe, 0xfe, 0xfe, 0x01, 0x01, 0x01, 0x01, 0xfe, 0x01, 0x01, 0x01, 0x01, 0x01, 0x01, 0xf6, 0x01, 0xf6, 0xf5, 0xf6, 0xf5, 0xf5, 0xf5, 
  0xf1, 0xf4, 0xf4, 0xf2, 0xf2, 0xfb, 0xf2, 0xe7, 0xfb, 0xf4, 0xf2, 0xf2, 0xf2, 0xf2, 0xfb, 0xfb, 0xfb, 0xf2, 0xf2, 0xfb, 0xfb, 0x1e, 0xfb, 0xfb, 0xf2, 0xf2, 0xf2, 0xfb, 0xfb, 0xfb, 0x1e, 0xfb, 0xfb, 0xfc, 0xfc, 0xfc, 0xfb, 0xfb, 0xfb, 0xfb, 0xfc, 0x23, 0xfb, 0xfc, 0x1e, 0x23, 0x1e, 0xfc, 0x1e, 0xfc, 0xfc, 0xfc, 0x23, 0x23, 0x23, 0x23, 0x21, 0x23, 0x23, 0x26, 0x2b, 0x23, 0x26, 0x23, 0x2b, 0x26, 0x26, 0x26, 0x26, 0x26, 0x26, 0x26, 0x26, 0x26, 0x26, 0x23, 0x26, 0x23, 0x2b, 0x26, 0x26, 0x26, 0x26, 0x26, 0x26, 0x26, 0x2b, 0x26, 0x26, 0x31, 0x26, 0x31, 0x26, 0x31, 0x31, 0x2b, 0x01, 0x31, 0x01, 0x31, 0x31, 0x31, 0x31, 0xfe, 0x01, 0x01, 0x01, 0x01, 0x01, 0x01, 0x01, 0x01, 0x01, 0x01, 0x01, 0x01, 0x01, 0xf6, 0x01, 0x01, 0xf6, 0x01, 0xf6, 0xf6, 0xf6, 0x01, 0xf6, 0x01, 0xf6, 0xf6, 0x01, 0xf6, 0x01, 0xfe, 0xfe, 0xfe, 0xff, 0xff, 0xff, 0xfe, 0xff, 0xff, 0xfe, 0xfe, 0xfe, 0xff, 0xfe, 0xfe, 0xfe, 0xff, 0xfe, 0xfe, 0x01, 0x01, 0xfe, 0xf6, 0xf6, 0xf5, 0xf5, 0xfc, 
  0xf4, 0xf4, 0xf2, 0xf2, 0xf2, 0xf2, 0xfb, 0xfb, 0xf2, 0x1e, 0xfb, 0xfb, 0xf2, 0xf2, 0xfb, 0xfb, 0xfb, 0xf2, 0xfb, 0xfb, 0xfb, 0xfb, 0xfc, 0xfb, 0xf2, 0xfb, 0xfb, 0xfb, 0xfc, 0xfb, 0xfb, 0xfc, 0x1e, 0xfc, 0xfc, 0xfb, 0xfc, 0xfc, 0xfb, 0xfc, 0xfc, 0xfb, 0xfc, 0xfb, 0xfc, 0xfc, 0xfb, 0xfc, 0xfb, 0xfc, 0x21, 0xfc, 0x21, 0x23, 0x23, 0x23, 0x23, 0x23, 0x23, 0x23, 0x26, 0x23, 0x26, 0x23, 0x26, 0x23, 0x26, 0x26, 0x26, 0x26, 0x26, 0x26, 0x26, 0x26, 0x26, 0x26, 0x26, 0x23, 0x23, 0x26, 0x26, 0x26, 0x26, 0x26, 0x26, 0x26, 0x26, 0x26, 0x01, 0x26, 0x26, 0x26, 0x01, 0x26, 0x31, 0x01, 0x31, 0x01, 0x31, 0x01, 0x01, 0x01, 0x01, 0x01, 0x01, 0x01, 0x01, 0x01, 0x01, 0x01, 0x01, 0x01, 0x31, 0x01, 0x01, 0x01, 0x01, 0x01, 0x01, 0xf6, 0xf6, 0xf6, 0xf6, 0x01, 0x01, 0xf6, 0x01, 0x01, 0xf6, 0x01, 0xf6, 0x01, 0x01, 0xff, 0xff, 0x3d, 0x3d, 0x3f, 0x3f, 0x3f, 0x3f, 0x02, 0x02, 0x02, 0x02, 0xff, 0x02, 0x02, 0x3d, 0x02, 0x02, 0xff, 0x02, 0x02, 0xfe, 0xfe, 0xf6, 0xf6, 0xf5, 0xfc, 
  0xf4, 0xf1, 0xf2, 0xf4, 0xf2, 0xf2, 0x1e, 0xfb, 0xfb, 0xf2, 0xfb, 0xfb, 0xfb, 0xfb, 0xfb, 0xfb, 0xfb, 0xf2, 0xfb, 0xf2, 0xfb, 0xfb, 0xf2, 0xfb, 0xf2, 0xfb, 0xfb, 0xfb, 0xfb, 0xfb, 0xfb, 0xfc, 0xfc, 0xfb, 0xfb, 0x23, 0xfc, 0xfb, 0xfc, 0xfc, 0xfc, 0xfc, 0xfc, 0xfc, 0xfb, 0xfc, 0xfb, 0x1e, 0xfc, 0xfb, 0xfc, 0xfc, 0x23, 0xfc, 0x23, 0x23, 0x26, 0x23, 0x23, 0x26, 0x23, 0x23, 0x26, 0x23, 0x23, 0x26, 0x23, 0x26, 0x23, 0x26, 0x01, 0x26, 0x23, 0x26, 0x23, 0x23, 0x26, 0x26, 0x23, 0x26, 0x26, 0x26, 0x26, 0x01, 0x26, 0x01, 0x01, 0x26, 0x26, 0x01, 0x26, 0x01, 0x26, 0x31, 0x01, 0x31, 0x01, 0x31, 0x31, 0x01, 0xf6, 0xf6, 0xf6, 0xf6, 0xf6, 0xf6, 0x01, 0xf6, 0x01, 0xf6, 0x01, 0x01, 0xf6, 0x01, 0x01, 0x01, 0x01, 0xf6, 0x01, 0x01, 0xf6, 0xf6, 0xf6, 0xf6, 0xf6, 0x01, 0xf6, 0x01, 0xf6, 0xf6, 0xf6, 0x01, 0xfe, 0xff, 0xf0, 0xed, 0xef, 0xf6, 0xec, 0x00, 0xef, 0xfe, 0x45, 0xec, 0x3f, 0x45, 0xef, 0x45, 0x02, 0xef, 0x02, 0x02, 0xef, 0xec, 0xec, 0xfe, 0x01, 0xf6, 0xf5, 0xfc, 
  0xf4, 0xf4, 0xf4, 0xf2, 0xfb, 0xf2, 0xf2, 0xfb, 0x1e, 0xfb, 0xfb, 0xfb, 0xf2, 0xfb, 0xfb, 0xfb, 0xfb, 0xf2, 0xf2, 0xfb, 0xfb, 0xfb, 0xf2, 0xfb, 0xfb, 0xfb, 0xfb, 0xfc, 0xfc, 0xfb, 0xfb, 0xf2, 0xfc, 0xfc, 0xfc, 0xfb, 0xfc, 0xfb, 0xfb, 0xfb, 0xfc, 0xfc, 0xfc, 0xfc, 0xfb, 0xfb, 0xfb, 0xfb, 0xfc, 0xfc, 0x21, 0xfc, 0xfc, 0x23, 0x23, 0x23, 0xf6, 0x23, 0x26, 0x23, 0x26, 0x26, 0x26, 0x23, 0x23, 0x23, 0x26, 0x23, 0x23, 0x23, 0x23, 0x23, 0xf6, 0x26, 0x26, 0x26, 0x23, 0x26, 0xf6, 0x26, 0xf6, 0x26, 0x01, 0x26, 0x01, 0x26, 0x26, 0xf6, 0x26, 0x26, 0x01, 0x26, 0xf6, 0x26, 0xf6, 0x26, 0x01, 0x01, 0x01, 0x01, 0xf6, 0x01, 0x01, 0xf6, 0x01, 0xf6, 0x01, 0xf6, 0xf6, 0xf6, 0x01, 0xf6, 0xf6, 0x01, 0xf6, 0x01, 0xf6, 0x01, 0xf6, 0xf6, 0xf6, 0x23, 0xf6, 0x23, 0xf6, 0x01, 0xf6, 0xf6, 0x01, 0xf6, 0x01, 0x01, 0x01, 0x02, 0xef, 0x45, 0x4c, 0x4c, 0xec, 0xf6, 0x52, 0x02, 0x4c, 0xf1, 0xec, 0x4c, 0xec, 0x4c, 0x4c, 0xf0, 0x4c, 0x3f, 0x00, 0x3d, 0x3f, 0xff, 0x01, 0xf6, 0xf5, 0xfc, 
  0xf4, 0xf4, 0xf4, 0xf2, 0xf4, 0xfb, 0xfb, 0xfb, 0xfb, 0xfb, 0xfb, 0xfb, 0xfb, 0xfb, 0xfb, 0xfb, 0xf2, 0xfb, 0xf2, 0xfb, 0xf2, 0xf2, 0xf2, 0xfb, 0xfb, 0xfb, 0xf2, 0xfb, 0xfb, 0xfb, 0xfb, 0xf2, 0xfb, 0xfb, 0xfc, 0xfb, 0xfb, 0xfb, 0xfc, 0xfb, 0xfb, 0xfc, 0xf5, 0xfc, 0xfb, 0xfb, 0xfb, 0xfb, 0xfb, 0xfb, 0xfb, 0xfc, 0x21, 0xfb, 0x23, 0xfc, 0x23, 0x23, 0x23, 0x23, 0x23, 0x23, 0xf6, 0x23, 0x23, 0x23, 0x23, 0x26, 0x23, 0x23, 0x23, 0x23, 0x23, 0x23, 0xf6, 0x23, 0x23, 0xf6, 0x23, 0xf6, 0x26, 0x23, 0x01, 0x26, 0x01, 0xf6, 0x01, 0x26, 0xf6, 0x26, 0xf6, 0xf6, 0x01, 0xf6, 0x01, 0xf6, 0x01, 0x26, 0xf6, 0xf6, 0xf6, 0xf6, 0xf6, 0xf6, 0xf6, 0xf6, 0x01, 0xf6, 0x01, 0xf6, 0xf6, 0x01, 0xf5, 0xf5, 0x01, 0xf6, 0xf6, 0xf6, 0xf6, 0xf6, 0xf6, 0xf6, 0xf6, 0xf6, 0x23, 0xf6, 0xf5, 0xf6, 0xf6, 0xf6, 0xf5, 0x01, 0x01, 0xff, 0xfe, 0x4c, 0xec, 0x45, 0xec, 0xec, 0xff, 0x02, 0xec, 0xef, 0xec, 0x45, 0xec, 0x45, 0x4c, 0xef, 0x4c, 0xf4, 0x45, 0x02, 0xec, 0xff, 0xf6, 0xf5, 0xfc, 0xfb, 
  0xf4, 0xf1, 0xf4, 0xf4, 0xf2, 0xf2, 0xf2, 0xf2, 0xf2, 0xfb, 0xfb, 0xfb, 0xf2, 0xf2, 0xfb, 0xfb, 0xfb, 0xf2, 0xfb, 0xf2, 0xfb, 0xfb, 0xfb, 0xf2, 0xfb, 0xf4, 0xfb, 0xfb, 0xfb, 0xfb, 0xfb, 0xfb, 0xf2, 0xfb, 0xf2, 0xfb, 0xfb, 0xfb, 0xfb, 0xfb, 0xfb, 0xfb, 0xfb, 0xfb, 0xfb, 0xfb, 0xf2, 0xf2, 0xfb, 0xfb, 0xfb, 0xfc, 0xfc, 0xfc, 0xfc, 0xfc, 0x23, 0xfc, 0x23, 0xfc, 0xf5, 0x23, 0x23, 0xf5, 0x23, 0xf5, 0x23, 0xf5, 0x23, 0x23, 0x23, 0xf5, 0x23, 0xf5, 0x23, 0x23, 0x23, 0xf5, 0x23, 0xf6, 0xf5, 0xf6, 0xf6, 0xf6, 0x23, 0xf6, 0xf6, 0xf6, 0xf6, 0xf6, 0xf6, 0xf6, 0x23, 0xf5, 0xf6, 0x23, 0xf6, 0xf6, 0xf6, 0xf6, 0xf5, 0xf6, 0xf5, 0xf5, 0xf6, 0x23, 0xf6, 0xf5, 0xf6, 0xf5, 0xf6, 0xf5, 0xf6, 0xf5, 0xf5, 0xf5, 0xf6, 0xf6, 0xf6, 0xf6, 0xf6, 0xf6, 0xf5, 0xf5, 0xf5, 0xf5, 0xf5, 0xf5, 0xf6, 0xf5, 0xf6, 0xf6, 0xf6, 0xfe, 0xf5, 0xf6, 0xf6, 0xfe, 0xf6, 0xf6, 0xf6, 0x02, 0xf6, 0x3d, 0x3f, 0xf6, 0xf6, 0x01, 0xf6, 0xf6, 0xf6, 0xf5, 0xf6, 0x02, 0xfc, 0x01, 0xf5, 0xf5, 0xfb, 0xfb, 
  0xf1, 0xf1, 0xf4, 0xf2, 0xf4, 0xf2, 0xfb, 0xf2, 0xf2, 0xf2, 0xf2, 0xf2, 0xfb, 0xf2, 0xf2, 0xf2, 0xfb, 0xf2, 0xfb, 0xf2, 0xfb, 0xfb, 0xf2, 0xf2, 0xf4, 0xf2, 0xfb, 0xfb, 0xf2, 0xf2, 0xf2, 0xf2, 0xf2, 0xfb, 0xf2, 0xfb, 0xf2, 0xf2, 0xfb, 0xfb, 0xfb, 0xfb, 0xfb, 0xf2, 0xf2, 0xf2, 0xfb, 0xf2, 0xf2, 0xfb, 0xf2, 0xfb, 0xf2, 0xfb, 0x1e, 0xfb, 0xfc, 0xfc, 0xfc, 0xfc, 0x23, 0xfb, 0xfc, 0xfc, 0xfc, 0xfc, 0xfc, 0xfc, 0xfc, 0xfc, 0x23, 0xf5, 0x23, 0xf5, 0x23, 0xf5, 0xfc, 0xf5, 0x23, 0xfc, 0x23, 0x23, 0xf6, 0x23, 0xf5, 0x23, 0xf6, 0x23, 0xf6, 0x23, 0xf6, 0x23, 0xf5, 0x23, 0xf5, 0xf6, 0xf5, 0xf5, 0xf5, 0xf5, 0xf6, 0xfc, 0xf5, 0xf5, 0xfc, 0xf5, 0xf5, 0xf5, 0xf5, 0xf5, 0xf5, 0xfc, 0xf5, 0xf5, 0xf5, 0xf5, 0xf5, 0xf5, 0xf5, 0xf5, 0xf5, 0xf5, 0xf5, 0xf5, 0xf5, 0xfc, 0xf5, 0xf5, 0xfc, 0xf5, 0xf5, 0xf6, 0xf6, 0xf6, 0x01, 0xfe, 0xfe, 0xff, 0xfe, 0xfe, 0xfe, 0xfe, 0xfe, 0xfe, 0xfe, 0xfe, 0xfe, 0xfe, 0xfe, 0xff, 0xfe, 0xff, 0xfe, 0xfe, 0xf6, 0xf6, 0xf5, 0xfb, 0xf2, 0xf4, 
  0xf4, 0xf1, 0xf4, 0xf4, 0xf1, 0xf1, 0xf4, 0xf4, 0xf4, 0xf2, 0xf2, 0xf2, 0xf4, 0xf4, 0xf4, 0xf4, 0xf4, 0xf4, 0xf4, 0xf4, 0xf4, 0xf2, 0xf4, 0xf2, 0xf4, 0xf4, 0xf4, 0xfb, 0xf2, 0xfb, 0xf2, 0xf2, 0xfb, 0xf2, 0xfb, 0xfb, 0xf2, 0xf2, 0xf2, 0xf2, 0xf2, 0xf4, 0xf4, 0xf2, 0xe7, 0xf4, 0xf2, 0xf2, 0xf2, 0xf2, 0xf2, 0xf2, 0xf2, 0xf2, 0xf2, 0xf2, 0xf2, 0xf2, 0xfb, 0xfb, 0xfc, 0xfb, 0xfb, 0xfc, 0xfb, 0xfb, 0xfb, 0xfc, 0xfc, 0xfc, 0xfb, 0x23, 0xfc, 0xfc, 0xfc, 0xfc, 0xfc, 0xfc, 0xfc, 0xfc, 0xfc, 0xfc, 0xfc, 0xf5, 0xfc, 0xf5, 0xf5, 0xf5, 0xfc, 0xf5, 0xf5, 0xf5, 0xf5, 0xfc, 0xfc, 0xf5, 0xfc, 0xfc, 0xf5, 0xfc, 0xfc, 0xfc, 0xf5, 0xfc, 0xf5, 0xfc, 0xfb, 0xfc, 0xfc, 0xfc, 0xfc, 0xf5, 0xfc, 0xfc, 0xfc, 0xf5, 0xf5, 0xf5, 0xfc, 0xfc, 0xfc, 0xf5, 0xfc, 0xf5, 0xfc, 0xfc, 0xf5, 0xf5, 0xfc, 0xfc, 0xfc, 0xfc, 0xfc, 0xf5, 0xf6, 0xf5, 0xf5, 0xf6, 0xf6, 0xf6, 0xf6, 0x01, 0xf6, 0xf6, 0xf6, 0xf6, 0xf6, 0xf6, 0xf6, 0xf6, 0xf6, 0xf5, 0xf6, 0xf5, 0xf5, 0xf5, 0xfb, 0xf2, 0xf4, 0xf4, 
  0xf4, 0xf1, 0xf1, 0xf1, 0xf4, 0xf1, 0xf1, 0xf1, 0xf1, 0xf4, 0xf1, 0xf4, 0xf1, 0xf4, 0xf4, 0xf4, 0xf1, 0xf1, 0xf4, 0xf4, 0xf4, 0xf4, 0xf4, 0xf4, 0xf1, 0xf1, 0xf4, 0xf4, 0xf4, 0xf4, 0xf4, 0xf4, 0xf4, 0xf2, 0xf2, 0xf4, 0xfb, 0xf4, 0xf4, 0xf4, 0xf4, 0xf4, 0xf4, 0xf4, 0xf4, 0xf1, 0xf4, 0xf4, 0xf4, 0xf4, 0xf4, 0xf4, 0xe7, 0xf4, 0xf4, 0xf4, 0xf2, 0xf2, 0xfb, 0xfb, 0xfb, 0xfb, 0xfb, 0xfb, 0xfb, 0xfb, 0xfb, 0xfb, 0xf2, 0xfb, 0xfb, 0xfb, 0xfb, 0xfb, 0xfc, 0xfb, 0xfc, 0xfb, 0xfb, 0xfb, 0xfc, 0xfc, 0xfc, 0xfc, 0xfc, 0xfc, 0xfc, 0xfb, 0xfc, 0xfc, 0xfc, 0xfc, 0xfb, 0xfc, 0xfb, 0xfc, 0xfc, 0xfc, 0xfc, 0xfb, 0xfb, 0xfb, 0xfc, 0xfc, 0xfc, 0xfb, 0xfc, 0xfb, 0xfb, 0xfb, 0xfb, 0xfb, 0xf2, 0xfb, 0xfc, 0xfb, 0xfb, 0xfb, 0xfb, 0xfc, 0xfb, 0xfc, 0xfb, 0xfc, 0xfb, 0xfb, 0xfc, 0xfc, 0xfb, 0xf2, 0xfb, 0xfc, 0xfb, 0xfb, 0xfc, 0xfc, 0xfc, 0xfc, 0xfc, 0xfc, 0xf5, 0xf5, 0xfc, 0xf5, 0xfb, 0xfb, 0xfc, 0xfc, 0xf5, 0xfc, 0xf5, 0xfc, 0xfc, 0xfc, 0xf2, 0xfb, 0xf4, 0xfb, 0xf2, 0xf4, 
  0xf4, 0xf4, 0xf1, 0xf1, 0xf0, 0xf1, 0xf0, 0xf1, 0xf1, 0xf0, 0xf1, 0xf1, 0xf0, 0xf0, 0xf0, 0xf0, 0xf1, 0xf1, 0xf1, 0xf1, 0xf1, 0xf1, 0xf1, 0xf1, 0xf1, 0xf1, 0xf1, 0xf1, 0xf1, 0xf1, 0xf4, 0xf1, 0xf4, 0xf4, 0xf4, 0xf2, 0xf1, 0xf4, 0xf4, 0xf1, 0xf1, 0xf1, 0xf1, 0xf1, 0xf1, 0xf1, 0xf1, 0xf4, 0xe7, 0xf1, 0xe7, 0xf4, 0xf4, 0xf4, 0xf4, 0xf4, 0xf1, 0xf2, 0xe7, 0xe7, 0xe7, 0xe7, 0xf2, 0xf4, 0xf2, 0xf2, 0xf2, 0xf2, 0xf2, 0xf2, 0xf2, 0xfb, 0xf2, 0xfb, 0xf2, 0xf2, 0xf2, 0xf2, 0xfb, 0xf2, 0xf2, 0xf2, 0xfb, 0xfb, 0xfb, 0xfb, 0xfb, 0xfb, 0xfb, 0xfb, 0xfb, 0xfb, 0xfb, 0xfb, 0xfb, 0xfb, 0xfb, 0xfb, 0xfb, 0xf2, 0xf2, 0xfb, 0xfb, 0xfb, 0xfb, 0xfb, 0xfb, 0xf2, 0xf2, 0xf2, 0xf2, 0xf4, 0xf2, 0xf2, 0xf2, 0xfb, 0xfb, 0xfb, 0xfb, 0xf2, 0xfb, 0xfb, 0xfb, 0xfb, 0xf4, 0xfb, 0xf4, 0xfb, 0xfb, 0xfb, 0xf2, 0xf2, 0xf2, 0xf2, 0xf2, 0xf4, 0xf4, 0xf2, 0xf2, 0xfc, 0xf2, 0xf2, 0xf2, 0xf2, 0xf4, 0xf4, 0xf2, 0xfb, 0xfb, 0xf2, 0xf4, 0xf2, 0xf2, 0xf4, 0xfb, 0xf2, 0xf2, 0xf4, 0xf4, 0xf4, 
  0x00, 0x00, 0x00, 0x00, 0x00, 0x00, 0x00, 0x00, 0x00, 0x00, 0x00, 0x00, 0x00, 0x00, 0x00, 0x00, 0x00, 0x00, 0x00, 0x00, 0x00, 0x00, 0x00, 0x00, 0x00, 0x00, 0x00, 0x00, 0x00, 0x00, 0x00, 0x00, 0x00, 0x00, 0x00, 0x00, 0x00, 0x00, 0x00, 0x00, 0x00, 0x00, 0x00, 0x00, 0x00, 0x00, 0x00, 0x00, 0x00, 0x00, 0x00, 0x00, 0x00, 0x00, 0x00, 0x00, 0x00, 0x00, 0x00, 0x00, 0x00, 0x00, 0x00, 0x00, 0x00, 0x00, 0x00, 0x00, 0x00, 0x00, 0x00, 0x00, 0x00, 0x00, 0x00, 0x00, 0x00, 0x00, 0x00, 0x00, 0x00, 0x00, 0x00, 0x00, 0x00, 0x00, 0x00, 0x00, 0x00, 0x00, 0x00, 0x00, 0x00, 0x00, 0x00, 0x00, 0x00, 0x00, 0x00, 0x00, 0x00, 0x00, 0x00, 0x00, 0x00, 0x00, 0x00, 0x00, 0x00, 0x00, 0x00, 0x00, 0x00, 0x00, 0x00, 0x00, 0x00, 0x00, 0x00, 0x00, 0x00, 0x00, 0x00, 0x00, 0x00, 0x00, 0x00, 0x00, 0x00, 0x00, 0x00, 0x00, 0x00, 0x00, 0x00, 0x00, 0x00, 0x00, 0x00, 0x00, 0x00, 0x00, 0x00, 0x00, 0x00, 0x00, 0x00, 0x00, 0x00, 0x00, 0x00, 0x00, 0x00, 0x00, 0x00, 0x00, 0x00, 0x00, 0x00, 0x00, 
  0x00, 0x00, 0x00, 0x00, 0x00, 0x00, 0x00, 0x00, 0x00, 0x00, 0x00, 0x00, 0x00, 0x00, 0x00, 0x00, 0x00, 0x00, 0x00, 0x00, 0x00, 0x00, 0x00, 0x00, 0x00, 0x00, 0x00, 0x00, 0x00, 0x00, 0x00, 0x00, 0x00, 0x00, 0x00, 0x00, 0x00, 0x00, 0x00, 0x00, 0x00, 0x00, 0x00, 0x00, 0x00, 0x00, 0x00, 0x00, 0x00, 0x00, 0x00, 0x00, 0x00, 0x00, 0x00, 0x00, 0x00, 0x00, 0x00, 0x00, 0x00, 0x00, 0x00, 0x00, 0x00, 0x00, 0x00, 0x00, 0x00, 0x00, 0x00, 0x00, 0x00, 0x00, 0x00, 0x00, 0x00, 0x00, 0x00, 0x00, 0x00, 0x00, 0x00, 0x00, 0x00, 0x00, 0x00, 0x00, 0x00, 0x00, 0x00, 0x00, 0x00, 0x00, 0x00, 0x00, 0x00, 0x00, 0x00, 0x00, 0x00, 0x00, 0x00, 0x00, 0x00, 0x00, 0x00, 0x00, 0x00, 0x00, 0x00, 0x00, 0x00, 0x00, 0x00, 0x00, 0x00, 0x00, 0x00, 0x00, 0x00, 0x00, 0x00, 0x00, 0x00, 0x00, 0x00, 0x00, 0x00, 0x00, 0x00, 0x00, 0x00, 0x00, 0x00, 0x00, 0x00, 0x00, 0x00, 0x00, 0x00, 0x00, 0x00, 0x00, 0x00, 0x00, 0x00, 0x00, 0x00, 0x00, 0x00, 0x00, 0x00, 0x00, 0x00, 0x00, 0x00, 0x00, 0x00, 0x00, 
  0x00, 0x00, 0x00, 0x00, 0x00, 0x00, 0x00, 0x00, 0x00, 0x00, 0x00, 0x00, 0x00, 0x00, 0x00, 0x00, 0x00, 0x00, 0x00, 0x00, 0x00, 0x00, 0x00, 0x00, 0x00, 0x00, 0x00, 0x00, 0x00, 0x00, 0x00, 0x00, 0x00, 0x00, 0x00, 0x00, 0x00, 0x00, 0x00, 0x00, 0x00, 0x00, 0x00, 0x00, 0x00, 0x00, 0x00, 0x00, 0x00, 0x00, 0x00, 0x00, 0x00, 0x00, 0x00, 0x00, 0x00, 0x00, 0x00, 0x00, 0x00, 0x00, 0x00, 0x00, 0x00, 0x00, 0x00, 0x00, 0x00, 0x00, 0x00, 0x00, 0x00, 0x00, 0x00, 0x00, 0x00, 0x00, 0x00, 0x00, 0x00, 0x00, 0x00, 0x00, 0x00, 0x00, 0x00, 0x00, 0x00, 0x00, 0x00, 0x00, 0x00, 0x00, 0x00, 0x00, 0x00, 0x00, 0x00, 0x00, 0x00, 0x00, 0x00, 0x00, 0x00, 0x00, 0x00, 0x00, 0x00, 0x00, 0x00, 0x00, 0x00, 0x00, 0x00, 0x00, 0x00, 0x00, 0x00, 0x00, 0x00, 0x00, 0x00, 0x00, 0x00, 0x00, 0x00, 0x00, 0x00, 0x00, 0x00, 0x00, 0x00, 0x00, 0x00, 0x00, 0x00, 0x00, 0x00, 0x00, 0x00, 0x00, 0x00, 0x00, 0x00, 0x00, 0x00, 0x00, 0x00, 0x00, 0x00, 0x00, 0x00, 0x00, 0x00, 0x00, 0x00, 0x00, 0x00, 0x00, 
  0x00, 0x00, 0x00, 0x00, 0x00, 0x00, 0x00, 0x00, 0x00, 0x00, 0x00, 0x00, 0x00, 0x00, 0x00, 0x00, 0x00, 0x00, 0x00, 0x00, 0x00, 0x00, 0x00, 0x00, 0x00, 0x00, 0x00, 0x00, 0x00, 0x00, 0x00, 0x00, 0x00, 0x00, 0x00, 0x00, 0x00, 0x00, 0x00, 0x00, 0x00, 0x00, 0x00, 0x00, 0x00, 0x00, 0x00, 0x00, 0x00, 0x00, 0x00, 0x00, 0x00, 0x00, 0x00, 0x00, 0x00, 0x00, 0x00, 0x00, 0x00, 0x00, 0x00, 0x00, 0x00, 0x00, 0x00, 0x00, 0x00, 0x00, 0x00, 0x00, 0x00, 0x00, 0x00, 0x00, 0x00, 0x00, 0x00, 0x00, 0x00, 0x00, 0x00, 0x00, 0x00, 0x00, 0x00, 0x00, 0x00, 0x00, 0x00, 0x00, 0x00, 0x00, 0x00, 0x00, 0x00, 0x00, 0x00, 0x00, 0x00, 0x00, 0x00, 0x00, 0x00, 0x00, 0x00, 0x00, 0x00, 0x00, 0x00, 0x00, 0x00, 0x00, 0x00, 0x00, 0x00, 0x00, 0x00, 0x00, 0x00, 0x00, 0x00, 0x00, 0x00, 0x00, 0x00, 0x00, 0x00, 0x00, 0x00, 0x00, 0x00, 0x00, 0x00, 0x00, 0x00, 0x00, 0x00, 0x00, 0x00, 0x00, 0x00, 0x00, 0x00, 0x00, 0x00, 0x00, 0x00, 0x00, 0x00, 0x00, 0x00, 0x00, 0x00, 0x00, 0x00, 0x00, 0x00, 0x00, 
  0x00, 0x00, 0x00, 0x00, 0x00, 0x00, 0x00, 0x00, 0x00, 0x00, 0x00, 0x00, 0x00, 0x00, 0x00, 0x00, 0x00, 0x00, 0x00, 0x00, 0x00, 0x00, 0x00, 0x00, 0x00, 0x00, 0x00, 0x00, 0x00, 0x00, 0x00, 0x00, 0x00, 0x00, 0x00, 0x00, 0x00, 0x00, 0x00, 0x00, 0x00, 0x00, 0x00, 0x00, 0x00, 0x00, 0x00, 0x00, 0x00, 0x00, 0x00, 0x00, 0x00, 0x00, 0x00, 0x00, 0x00, 0x00, 0x00, 0x00, 0x00, 0x00, 0x00, 0x00, 0x00, 0x00, 0x00, 0x00, 0x00, 0x00, 0x00, 0x00, 0x00, 0x00, 0x00, 0x00, 0x00, 0x00, 0x00, 0x00, 0x00, 0x00, 0x00, 0x00, 0x00, 0x00, 0x00, 0x00, 0x00, 0x00, 0x00, 0x00, 0x00, 0x00, 0x00, 0x00, 0x00, 0x00, 0x00, 0x00, 0x00, 0x00, 0x00, 0x00, 0x00, 0x00, 0x00, 0x00, 0x00, 0x00, 0x00, 0x00, 0x00, 0x00, 0x00, 0x00, 0x00, 0x00, 0x00, 0x00, 0x00, 0x00, 0x00, 0x00, 0x00, 0x00, 0x00, 0x00, 0x00, 0x00, 0x00, 0x00, 0x00, 0x00, 0x00, 0x00, 0x00, 0x00, 0x00, 0x00, 0x00, 0x00, 0x00, 0x00, 0x00, 0x00, 0x00, 0x00, 0x00, 0x00, 0x00, 0x00, 0x00, 0x00, 0x00, 0x00, 0x00, 0x00, 0x00, 0x00, 
  0x00, 0x00, 0x00, 0x00, 0x00, 0x00, 0x00, 0x00, 0x00, 0x00, 0x00, 0x00, 0x00, 0x00, 0x00, 0x00, 0x00, 0x00, 0x00, 0x00, 0x00, 0x00, 0x00, 0x00, 0x00, 0x00, 0x00, 0x00, 0x00, 0x00, 0x00, 0x00, 0x00, 0x00, 0x00, 0x00, 0x00, 0x00, 0x00, 0x00, 0x00, 0x00, 0x00, 0x00, 0x00, 0x00, 0x00, 0x00, 0x00, 0x00, 0x00, 0x00, 0x00, 0x00, 0x00, 0x00, 0x00, 0x00, 0x00, 0x00, 0x00, 0x00, 0x00, 0x00, 0x00, 0x00, 0x00, 0x00, 0x00, 0x00, 0x00, 0x00, 0x00, 0x00, 0x00, 0x00, 0x00, 0x00, 0x00, 0x00, 0x00, 0x00, 0x00, 0x00, 0x00, 0x00, 0x00, 0x00, 0x00, 0x00, 0x00, 0x00, 0x00, 0x00, 0x00, 0x00, 0x00, 0x00, 0x00, 0x00, 0x00, 0x00, 0x00, 0x00, 0x00, 0x00, 0x00, 0x00, 0x00, 0x00, 0x00, 0x00, 0x00, 0x00, 0x00, 0x00, 0x00, 0x00, 0x00, 0x00, 0x00, 0x00, 0x00, 0x00, 0x00, 0x00, 0x00, 0x00, 0x00, 0x00, 0x00, 0x00, 0x00, 0x00, 0x00, 0x00, 0x00, 0x00, 0x00, 0x00, 0x00, 0x00, 0x00, 0x00, 0x00, 0x00, 0x00, 0x00, 0x00, 0x00, 0x00, 0x00, 0x00, 0x00, 0x00, 0x00, 0x00, 0x00, 0x00, 0x00, 
  0x00, 0x00, 0x00, 0x00, 0x00, 0x00, 0x00, 0x00, 0x00, 0x00, 0x00, 0x00, 0x00, 0x00, 0x00, 0x00, 0x00, 0x00, 0x00, 0x00, 0x00, 0x00, 0x00, 0x00, 0x00, 0x00, 0x00, 0x00, 0x00, 0x00, 0x00, 0x00, 0x00, 0x00, 0x00, 0x00, 0x00, 0x00, 0x00, 0x00, 0x00, 0x00, 0x00, 0x00, 0x00, 0x00, 0x00, 0x00, 0x00, 0x00, 0x00, 0x00, 0x00, 0x00, 0x00, 0x00, 0x00, 0x00, 0x00, 0x00, 0x00, 0x00, 0x00, 0x00, 0x00, 0x00, 0x00, 0x00, 0x00, 0x00, 0x00, 0x00, 0x00, 0x00, 0x00, 0x00, 0x00, 0x00, 0x00, 0x00, 0x00, 0x00, 0x00, 0x00, 0x00, 0x00, 0x00, 0x00, 0x00, 0x00, 0x00, 0x00, 0x00, 0x00, 0x00, 0x00, 0x00, 0x00, 0x00, 0x00, 0x00, 0x00, 0x00, 0x00, 0x00, 0x00, 0x00, 0x00, 0x00, 0x00, 0x00, 0x00, 0x00, 0x00, 0x00, 0x00, 0x00, 0x00, 0x00, 0x00, 0x00, 0x00, 0x00, 0x00, 0x00, 0x00, 0x00, 0x00, 0x00, 0x00, 0x00, 0x00, 0x00, 0x00, 0x00, 0x00, 0x00, 0x00, 0x00, 0x00, 0x00, 0x00, 0x00, 0x00, 0x00, 0x00, 0x00, 0x00, 0x00, 0x00, 0x00, 0x00, 0x00, 0x00, 0x00, 0x00, 0x00, 0x00, 0x00, 0x00, 
  0x00, 0x00, 0x00, 0x00, 0x00, 0x00, 0x00, 0x00, 0x00, 0x00, 0x00, 0x00, 0x00, 0x00, 0x00, 0x00, 0x00, 0x00, 0x00, 0x00, 0x00, 0x00, 0x00, 0x00, 0x00, 0x00, 0x00, 0x00, 0x00, 0x00, 0x00, 0x00, 0x00, 0x00, 0x00, 0x00, 0x00, 0x00, 0x00, 0x00, 0x00, 0x00, 0x00, 0x00, 0x00, 0x00, 0x00, 0x00, 0x00, 0x00, 0x00, 0x00, 0x00, 0x00, 0x00, 0x00, 0x00, 0x00, 0x00, 0x00, 0x00, 0x00, 0x00, 0x00, 0x00, 0x00, 0x00, 0x00, 0x00, 0x00, 0x00, 0x00, 0x00, 0x00, 0x00, 0x00, 0x00, 0x00, 0x00, 0x00, 0x00, 0x00, 0x00, 0x00, 0x00, 0x00, 0x00, 0x00, 0x00, 0x00, 0x00, 0x00, 0x00, 0x00, 0x00, 0x00, 0x00, 0x00, 0x00, 0x00, 0x00, 0x00, 0x00, 0x00, 0x00, 0x00, 0x00, 0x00, 0x00, 0x00, 0x00, 0x00, 0x00, 0x00, 0x00, 0x00, 0x00, 0x00, 0x00, 0x00, 0x00, 0x00, 0x00, 0x00, 0x00, 0x00, 0x00, 0x00, 0x00, 0x00, 0x00, 0x00, 0x00, 0x00, 0x00, 0x00, 0x00, 0x00, 0x00, 0x00, 0x00, 0x00, 0x00, 0x00, 0x00, 0x00, 0x00, 0x00, 0x00, 0x00, 0x00, 0x00, 0x00, 0x00, 0x00, 0x00, 0x00, 0x00, 0x00, 0x00, 
  0x00, 0x00, 0x00, 0x00, 0x00, 0x00, 0x00, 0x00, 0x00, 0x00, 0x00, 0x00, 0x00, 0x00, 0x00, 0x00, 0x00, 0x00, 0x00, 0x00, 0x00, 0x00, 0x00, 0x00, 0x00, 0x00, 0x00, 0x00, 0x00, 0x00, 0x00, 0x00, 0x00, 0x00, 0x00, 0x00, 0x00, 0x00, 0x00, 0x00, 0x00, 0x00, 0x00, 0x00, 0x00, 0x00, 0x00, 0x00, 0x00, 0x00, 0x00, 0x00, 0x00, 0x00, 0x00, 0x00, 0x00, 0x00, 0x00, 0x00, 0x00, 0x00, 0x00, 0x00, 0x00, 0x00, 0x00, 0x00, 0x00, 0x00, 0x00, 0x00, 0x00, 0x00, 0x00, 0x00, 0x00, 0x00, 0x00, 0x00, 0x00, 0x00, 0x00, 0x00, 0x00, 0x00, 0x00, 0x00, 0x00, 0x00, 0x00, 0x00, 0x00, 0x00, 0x00, 0x00, 0x00, 0x00, 0x00, 0x00, 0x00, 0x00, 0x00, 0x00, 0x00, 0x00, 0x00, 0x00, 0x00, 0x00, 0x00, 0x00, 0x00, 0x00, 0x00, 0x00, 0x00, 0x00, 0x00, 0x00, 0x00, 0x00, 0x00, 0x00, 0x00, 0x00, 0x00, 0x00, 0x00, 0x00, 0x00, 0x00, 0x00, 0x00, 0x00, 0x00, 0x00, 0x00, 0x00, 0x00, 0x00, 0x00, 0x00, 0x00, 0x00, 0x00, 0x00, 0x00, 0x00, 0x00, 0x00, 0x00, 0x00, 0x00, 0x00, 0x00, 0x00, 0x00, 0x00, 0x00, 
  0x00, 0x00, 0x00, 0x00, 0x00, 0x00, 0x00, 0x00, 0x00, 0x00, 0x00, 0x00, 0x00, 0x00, 0x00, 0x00, 0x00, 0x00, 0x00, 0x00, 0x00, 0x00, 0x00, 0x00, 0x00, 0x00, 0x00, 0x00, 0x00, 0x00, 0x00, 0x00, 0x00, 0x00, 0x00, 0x00, 0x00, 0x00, 0x00, 0x00, 0x00, 0x00, 0x00, 0x00, 0x00, 0x00, 0x00, 0x00, 0x00, 0x00, 0x00, 0x00, 0x00, 0x00, 0x00, 0x00, 0x00, 0x00, 0x00, 0x00, 0x00, 0x00, 0x00, 0x00, 0x00, 0x00, 0x00, 0x00, 0x00, 0x00, 0x00, 0x00, 0x00, 0x00, 0x00, 0x00, 0x00, 0x00, 0x00, 0x00, 0x00, 0x00, 0x00, 0x00, 0x00, 0x00, 0x00, 0x00, 0x00, 0x00, 0x00, 0x00, 0x00, 0x00, 0x00, 0x00, 0x00, 0x00, 0x00, 0x00, 0x00, 0x00, 0x00, 0x00, 0x00, 0x00, 0x00, 0x00, 0x00, 0x00, 0x00, 0x00, 0x00, 0x00, 0x00, 0x00, 0x00, 0x00, 0x00, 0x00, 0x00, 0x00, 0x00, 0x00, 0x00, 0x00, 0x00, 0x00, 0x00, 0x00, 0x00, 0x00, 0x00, 0x00, 0x00, 0x00, 0x00, 0x00, 0x00, 0x00, 0x00, 0x00, 0x00, 0x00, 0x00, 0x00, 0x00, 0x00, 0x00, 0x00, 0x00, 0x00, 0x00, 0x00, 0x00, 0x00, 0x00, 0x00, 0x00, 0x00, 
  0x00, 0x00, 0x00, 0x00, 0x00, 0x00, 0x00, 0x00, 0x00, 0x00, 0x00, 0x00, 0x00, 0x00, 0x00, 0x00, 0x00, 0x00, 0x00, 0x00, 0x00, 0x00, 0x00, 0x00, 0x00, 0x00, 0x00, 0x00, 0x00, 0x00, 0x00, 0x00, 0x00, 0x00, 0x00, 0x00, 0x00, 0x00, 0x00, 0x00, 0x00, 0x00, 0x00, 0x00, 0x00, 0x00, 0x00, 0x00, 0x00, 0x00, 0x00, 0x00, 0x00, 0x00, 0x00, 0x00, 0x00, 0x00, 0x00, 0x00, 0x00, 0x00, 0x00, 0x00, 0x00, 0x00, 0x00, 0x00, 0x00, 0x00, 0x00, 0x00, 0x00, 0x00, 0x00, 0x00, 0x00, 0x00, 0x00, 0x00, 0x00, 0x00, 0x00, 0x00, 0x00, 0x00, 0x00, 0x00, 0x00, 0x00, 0x00, 0x00, 0x00, 0x00, 0x00, 0x00, 0x00, 0x00, 0x00, 0x00, 0x00, 0x00, 0x00, 0x00, 0x00, 0x00, 0x00, 0x00, 0x00, 0x00, 0x00, 0x00, 0x00, 0x00, 0x00, 0x00, 0x00, 0x00, 0x00, 0x00, 0x00, 0x00, 0x00, 0x00, 0x00, 0x00, 0x00, 0x00, 0x00, 0x00, 0x00, 0x00, 0x00, 0x00, 0x00, 0x00, 0x00, 0x00, 0x00, 0x00, 0x00, 0x00, 0x00, 0x00, 0x00, 0x00, 0x00, 0x00, 0x00, 0x00, 0x00, 0x00, 0x00, 0x00, 0x00, 0x00, 0x00, 0x00, 0x00, 0x00, 
  0x00, 0x00, 0x00, 0x00, 0x00, 0x00, 0x00, 0x00, 0x00, 0x00, 0x00, 0x00, 0x00, 0x00, 0x00, 0x00, 0x00, 0x00, 0x00, 0x00, 0x00, 0x00, 0x00, 0x00, 0x00, 0x00, 0x00, 0x00, 0x00, 0x00, 0x00, 0x00, 0x00, 0x00, 0x00, 0x00, 0x00, 0x00, 0x00, 0x00, 0x00, 0x00, 0x00, 0x00, 0x00, 0x00, 0x00, 0x00, 0x00, 0x00, 0x00, 0x00, 0x00, 0x00, 0x00, 0x00, 0x00, 0x00, 0x00, 0x00, 0x00, 0x00, 0x00, 0x00, 0x00, 0x00, 0x00, 0x00, 0x00, 0x00, 0x00, 0x00, 0x00, 0x00, 0x00, 0x00, 0x00, 0x00, 0x00, 0x00, 0x00, 0x00, 0x00, 0x00, 0x00, 0x00, 0x00, 0x00, 0x00, 0x00, 0x00, 0x00, 0x00, 0x00, 0x00, 0x00, 0x00, 0x00, 0x00, 0x00, 0x00, 0x00, 0x00, 0x00, 0x00, 0x00, 0x00, 0x00, 0x00, 0x00, 0x00, 0x00, 0x00, 0x00, 0x00, 0x00, 0x00, 0x00, 0x00, 0x00, 0x00, 0x00, 0x00, 0x00, 0x00, 0x00, 0x00, 0x00, 0x00, 0x00, 0x00, 0x00, 0x00, 0x00, 0x00, 0x00, 0x00, 0x00, 0x00, 0x00, 0x00, 0x00, 0x00, 0x00, 0x00, 0x00, 0x00, 0x00, 0x00, 0x00, 0x00, 0x00, 0x00, 0x00, 0x00, 0x00, 0x00, 0x00, 0x00, 0x00, 
  0x00, 0x00, 0x00, 0x00, 0x00, 0x00, 0x00, 0x00, 0x00, 0x00, 0x00, 0x00, 0x00, 0x00, 0x00, 0x00, 0x00, 0x00, 0x00, 0x00, 0x00, 0x00, 0x00, 0x00, 0x00, 0x00, 0x00, 0x00, 0x00, 0x00, 0x00, 0x00, 0x00, 0x00, 0x00, 0x00, 0x00, 0x00, 0x00, 0x00, 0x00, 0x00, 0x00, 0x00, 0x00, 0x00, 0x00, 0x00, 0x00, 0x00, 0x00, 0x00, 0x00, 0x00, 0x00, 0x00, 0x00, 0x00, 0x00, 0x00, 0x00, 0x00, 0x00, 0x00, 0x00, 0x00, 0x00, 0x00, 0x00, 0x00, 0x00, 0x00, 0x00, 0x00, 0x00, 0x00, 0x00, 0x00, 0x00, 0x00, 0x00, 0x00, 0x00, 0x00, 0x00, 0x00, 0x00, 0x00, 0x00, 0x00, 0x00, 0x00, 0x00, 0x00, 0x00, 0x00, 0x00, 0x00, 0x00, 0x00, 0x00, 0x00, 0x00, 0x00, 0x00, 0x00, 0x00, 0x00, 0x00, 0x00, 0x00, 0x00, 0x00, 0x00, 0x00, 0x00, 0x00, 0x00, 0x00, 0x00, 0x00, 0x00, 0x00, 0x00, 0x00, 0x00, 0x00, 0x00, 0x00, 0x00, 0x00, 0x00, 0x00, 0x00, 0x00, 0x00, 0x00, 0x00, 0x00, 0x00, 0x00, 0x00, 0x00, 0x00, 0x00, 0x00, 0x00, 0x00, 0x00, 0x00, 0x00, 0x00, 0x00, 0x00, 0x00, 0x00, 0x00, 0x00, 0x00, 0x00, 
  0x00, 0x00, 0x00, 0x00, 0x00, 0x00, 0x00, 0x00, 0x00, 0x00, 0x00, 0x00, 0x00, 0x00, 0x00, 0x00, 0x00, 0x00, 0x00, 0x00, 0x00, 0x00, 0x00, 0x00, 0x00, 0x00, 0x00, 0x00, 0x00, 0x00, 0x00, 0x00, 0x00, 0x00, 0x00, 0x00, 0x00, 0x00, 0x00, 0x00, 0x00, 0x00, 0x00, 0x00, 0x00, 0x00, 0x00, 0x00, 0x00, 0x00, 0x00, 0x00, 0x00, 0x00, 0x00, 0x00, 0x00, 0x00, 0x00, 0x00, 0x00, 0x00, 0x00, 0x00, 0x00, 0x00, 0x00, 0x00, 0x00, 0x00, 0x00, 0x00, 0x00, 0x00, 0x00, 0x00, 0x00, 0x00, 0x00, 0x00, 0x00, 0x00, 0x00, 0x00, 0x00, 0x00, 0x00, 0x00, 0x00, 0x00, 0x00, 0x00, 0x00, 0x00, 0x00, 0x00, 0x00, 0x00, 0x00, 0x00, 0x00, 0x00, 0x00, 0x00, 0x00, 0x00, 0x00, 0x00, 0x00, 0x00, 0x00, 0x00, 0x00, 0x00, 0x00, 0x00, 0x00, 0x00, 0x00, 0x00, 0x00, 0x00, 0x00, 0x00, 0x00, 0x00, 0x00, 0x00, 0x00, 0x00, 0x00, 0x00, 0x00, 0x00, 0x00, 0x00, 0x00, 0x00, 0x00, 0x00, 0x00, 0x00, 0x00, 0x00, 0x00, 0x00, 0x00, 0x00, 0x00, 0x00, 0x00, 0x00, 0x00, 0x00, 0x00, 0x00, 0x00, 0x00, 0x00, 0x00, 
  0x00, 0x00, 0x00, 0x00, 0x00, 0x00, 0x00, 0x00, 0x00, 0x00, 0x00, 0x00, 0x00, 0x00, 0x00, 0x00, 0x00, 0x00, 0x00, 0x00, 0x00, 0x00, 0x00, 0x00, 0x00, 0x00, 0x00, 0x00, 0x00, 0x00, 0x00, 0x00, 0x00, 0x00, 0x00, 0x00, 0x00, 0x00, 0x00, 0x00, 0x00, 0x00, 0x00, 0x00, 0x00, 0x00, 0x00, 0x00, 0x00, 0x00, 0x00, 0x00, 0x00, 0x00, 0x00, 0x00, 0x00, 0x00, 0x00, 0x00, 0x00, 0x00, 0x00, 0x00, 0x00, 0x00, 0x00, 0x00, 0x00, 0x00, 0x00, 0x00, 0x00, 0x00, 0x00, 0x00, 0x00, 0x00, 0x00, 0x00, 0x00, 0x00, 0x00, 0x00, 0x00, 0x00, 0x00, 0x00, 0x00, 0x00, 0x00, 0x00, 0x00, 0x00, 0x00, 0x00, 0x00, 0x00, 0x00, 0x00, 0x00, 0x00, 0x00, 0x00, 0x00, 0x00, 0x00, 0x00, 0x00, 0x00, 0x00, 0x00, 0x00, 0x00, 0x00, 0x00, 0x00, 0x00, 0x00, 0x00, 0x00, 0x00, 0x00, 0x00, 0x00, 0x00, 0x00, 0x00, 0x00, 0x00, 0x00, 0x00, 0x00, 0x00, 0x00, 0x00, 0x00, 0x00, 0x00, 0x00, 0x00, 0x00, 0x00, 0x00, 0x00, 0x00, 0x00, 0x00, 0x00, 0x00, 0x00, 0x00, 0x00, 0x00, 0x00, 0x00, 0x00, 0x00, 0x00, 0x00, 
  0x00, 0x00, 0x00, 0x00, 0x00, 0x00, 0x00, 0x00, 0x00, 0x00, 0x00, 0x00, 0x00, 0x00, 0x00, 0x00, 0x00, 0x00, 0x00, 0x00, 0x00, 0x00, 0x00, 0x00, 0x00, 0x00, 0x00, 0x00, 0x00, 0x00, 0x00, 0x00, 0x00, 0x00, 0x00, 0x00, 0x00, 0x00, 0x00, 0x00, 0x00, 0x00, 0x00, 0x00, 0x00, 0x00, 0x00, 0x00, 0x00, 0x00, 0x00, 0x00, 0x00, 0x00, 0x00, 0x00, 0x00, 0x00, 0x00, 0x00, 0x00, 0x00, 0x00, 0x00, 0x00, 0x00, 0x00, 0x00, 0x00, 0x00, 0x00, 0x00, 0x00, 0x00, 0x00, 0x00, 0x00, 0x00, 0x00, 0x00, 0x00, 0x00, 0x00, 0x00, 0x00, 0x00, 0x00, 0x00, 0x00, 0x00, 0x00, 0x00, 0x00, 0x00, 0x00, 0x00, 0x00, 0x00, 0x00, 0x00, 0x00, 0x00, 0x00, 0x00, 0x00, 0x00, 0x00, 0x00, 0x00, 0x00, 0x00, 0x00, 0x00, 0x00, 0x00, 0x00, 0x00, 0x00, 0x00, 0x00, 0x00, 0x00, 0x00, 0x00, 0x00, 0x00, 0x00, 0x00, 0x00, 0x00, 0x00, 0x00, 0x00, 0x00, 0x00, 0x00, 0x00, 0x00, 0x00, 0x00, 0x00, 0x00, 0x00, 0x00, 0x00, 0x00, 0x00, 0x00, 0x00, 0x00, 0x00, 0x00, 0x00, 0x00, 0x00, 0x00, 0x00, 0x00, 0x00, 0x00, 
  0x00, 0x00, 0x00, 0x00, 0x00, 0x00, 0x00, 0x00, 0x00, 0x00, 0x00, 0x00, 0x00, 0x00, 0x00, 0x00, 0x00, 0x00, 0x00, 0x00, 0x00, 0x00, 0x00, 0x00, 0x00, 0x00, 0x00, 0x00, 0x00, 0x00, 0x00, 0x00, 0x00, 0x00, 0x00, 0x00, 0x00, 0x00, 0x00, 0x00, 0x00, 0x00, 0x00, 0x00, 0x00, 0x00, 0x00, 0x00, 0x00, 0x00, 0x00, 0x00, 0x00, 0x00, 0x00, 0x00, 0x00, 0x00, 0x00, 0x00, 0x00, 0x00, 0x00, 0x00, 0x00, 0x00, 0x00, 0x00, 0x00, 0x00, 0x00, 0x00, 0x00, 0x00, 0x00, 0x00, 0x00, 0x00, 0x00, 0x00, 0x00, 0x00, 0x00, 0x00, 0x00, 0x00, 0x00, 0x00, 0x00, 0x00, 0x00, 0x00, 0x00, 0x00, 0x00, 0x00, 0x00, 0x00, 0x00, 0x00, 0x00, 0x00, 0x00, 0x00, 0x00, 0x00, 0x00, 0x00, 0x00, 0x00, 0x00, 0x00, 0x00, 0x00, 0x00, 0x00, 0x00, 0x00, 0x00, 0x00, 0x00, 0x00, 0x00, 0x00, 0x00, 0x00, 0x00, 0x00, 0x00, 0x00, 0x00, 0x00, 0x00, 0x00, 0x00, 0x00, 0x00, 0x00, 0x00, 0x00, 0x00, 0x00, 0x00, 0x00, 0x00, 0x00, 0x00, 0x00, 0x00, 0x00, 0x00, 0x00, 0x00, 0x00, 0x00, 0x00, 0x00, 0x00, 0x00, 0x00, 
  0x00, 0x00, 0x00, 0x00, 0x00, 0x00, 0x00, 0x00, 0x00, 0x00, 0x00, 0x00, 0x00, 0x00, 0x00, 0x00, 0x00, 0x00, 0x00, 0x00, 0x00, 0x00, 0x00, 0x00, 0x00, 0x00, 0x00, 0x00, 0x00, 0x00, 0x00, 0x00, 0x00, 0x00, 0x00, 0x00, 0x00, 0x00, 0x00, 0x00, 0x00, 0x00, 0x00, 0x00, 0x00, 0x00, 0x00, 0x00, 0x00, 0x00, 0x00, 0x00, 0x00, 0x00, 0x00, 0x00, 0x00, 0x00, 0x00, 0x00, 0x00, 0x00, 0x00, 0x00, 0x00, 0x00, 0x00, 0x00, 0x00, 0x00, 0x00, 0x00, 0x00, 0x00, 0x00, 0x00, 0x00, 0x00, 0x00, 0x00, 0x00, 0x00, 0x00, 0x00, 0x00, 0x00, 0x00, 0x00, 0x00, 0x00, 0x00, 0x00, 0x00, 0x00, 0x00, 0x00, 0x00, 0x00, 0x00, 0x00, 0x00, 0x00, 0x00, 0x00, 0x00, 0x00, 0x00, 0x00, 0x00, 0x00, 0x00, 0x00, 0x00, 0x00, 0x00, 0x00, 0x00, 0x00, 0x00, 0x00, 0x00, 0x00, 0x00, 0x00, 0x00, 0x00, 0x00, 0x00, 0x00, 0x00, 0x00, 0x00, 0x00, 0x00, 0x00, 0x00, 0x00, 0x00, 0x00, 0x00, 0x00, 0x00, 0x00, 0x00, 0x00, 0x00, 0x00, 0x00, 0x00, 0x00, 0x00, 0x00, 0x00, 0x00, 0x00, 0x00, 0x00, 0x00, 0x00, 0x00, 
  0x00, 0x00, 0x00, 0x00, 0x00, 0x00, 0x00, 0x00, 0x00, 0x00, 0x00, 0x00, 0x00, 0x00, 0x00, 0x00, 0x00, 0x00, 0x00, 0x00, 0x00, 0x00, 0x00, 0x00, 0x00, 0x00, 0x00, 0x00, 0x00, 0x00, 0x00, 0x00, 0x00, 0x00, 0x00, 0x00, 0x00, 0x00, 0x00, 0x00, 0x00, 0x00, 0x00, 0x00, 0x00, 0x00, 0x00, 0x00, 0x00, 0x00, 0x00, 0x00, 0x00, 0x00, 0x00, 0x00, 0x00, 0x00, 0x00, 0x00, 0x00, 0x00, 0x00, 0x00, 0x00, 0x00, 0x00, 0x00, 0x00, 0x00, 0x00, 0x00, 0x00, 0x00, 0x00, 0x00, 0x00, 0x00, 0x00, 0x00, 0x00, 0x00, 0x00, 0x00, 0x00, 0x00, 0x00, 0x00, 0x00, 0x00, 0x00, 0x00, 0x00, 0x00, 0x00, 0x00, 0x00, 0x00, 0x00, 0x00, 0x00, 0x00, 0x00, 0x00, 0x00, 0x00, 0x00, 0x00, 0x00, 0x00, 0x00, 0x00, 0x00, 0x00, 0x00, 0x00, 0x00, 0x00, 0x00, 0x00, 0x00, 0x00, 0x00, 0x00, 0x00, 0x00, 0x00, 0x00, 0x00, 0x00, 0x00, 0x00, 0x00, 0x00, 0x00, 0x00, 0x00, 0x00, 0x00, 0x00, 0x00, 0x00, 0x00, 0x00, 0x00, 0x00, 0x00, 0x00, 0x00, 0x00, 0x00, 0x00, 0x00, 0x00, 0x00, 0x00, 0x00, 0x00, 0x00, 0x00, 
  0x00, 0x00, 0x00, 0x00, 0x00, 0x00, 0x00, 0x00, 0x00, 0x00, 0x00, 0x00, 0x00, 0x00, 0x00, 0x00, 0x00, 0x00, 0x00, 0x00, 0x00, 0x00, 0x00, 0x00, 0x00, 0x00, 0x00, 0x00, 0x00, 0x00, 0x00, 0x00, 0x00, 0x00, 0x00, 0x00, 0x00, 0x00, 0x00, 0x00, 0x00, 0x00, 0x00, 0x00, 0x00, 0x00, 0x00, 0x00, 0x00, 0x00, 0x00, 0x00, 0x00, 0x00, 0x00, 0x00, 0x00, 0x00, 0x00, 0x00, 0x00, 0x00, 0x00, 0x00, 0x00, 0x00, 0x00, 0x00, 0x00, 0x00, 0x00, 0x00, 0x00, 0x00, 0x00, 0x00, 0x00, 0x00, 0x00, 0x00, 0x00, 0x00, 0x00, 0x00, 0x00, 0x00, 0x00, 0x00, 0x00, 0x00, 0x00, 0x00, 0x00, 0x00, 0x00, 0x00, 0x00, 0x00, 0x00, 0x00, 0x00, 0x00, 0x00, 0x00, 0x00, 0x00, 0x00, 0x00, 0x00, 0x00, 0x00, 0x00, 0x00, 0x00, 0x00, 0x00, 0x00, 0x00, 0x00, 0x00, 0x00, 0x00, 0x00, 0x00, 0x00, 0x00, 0x00, 0x00, 0x00, 0x00, 0x00, 0x00, 0x00, 0x00, 0x00, 0x00, 0x00, 0x00, 0x00, 0x00, 0x00, 0x00, 0x00, 0x00, 0x00, 0x00, 0x00, 0x00, 0x00, 0x00, 0x00, 0x00, 0x00, 0x00, 0x00, 0x00, 0x00, 0x00, 0x00, 0x00, 
  0x00, 0x00, 0x00, 0x00, 0x00, 0x00, 0x00, 0x00, 0x00, 0x00, 0x00, 0x00, 0x00, 0x00, 0x00, 0x00, 0x00, 0x00, 0x00, 0x00, 0x00, 0x00, 0x00, 0x00, 0x00, 0x00, 0x00, 0x00, 0x00, 0x00, 0x00, 0x00, 0x00, 0x00, 0x00, 0x00, 0x00, 0x00, 0x00, 0x00, 0x00, 0x00, 0x00, 0x00, 0x00, 0x00, 0x00, 0x00, 0x00, 0x00, 0x00, 0x00, 0x00, 0x00, 0x00, 0x00, 0x00, 0x00, 0x00, 0x00, 0x00, 0x00, 0x00, 0x00, 0x00, 0x00, 0x00, 0x00, 0x00, 0x00, 0x00, 0x00, 0x00, 0x00, 0x00, 0x00, 0x00, 0x00, 0x00, 0x00, 0x00, 0x00, 0x00, 0x00, 0x00, 0x00, 0x00, 0x00, 0x00, 0x00, 0x00, 0x00, 0x00, 0x00, 0x00, 0x00, 0x00, 0x00, 0x00, 0x00, 0x00, 0x00, 0x00, 0x00, 0x00, 0x00, 0x00, 0x00, 0x00, 0x00, 0x00, 0x00, 0x00, 0x00, 0x00, 0x00, 0x00, 0x00, 0x00, 0x00, 0x00, 0x00, 0x00, 0x00, 0x00, 0x00, 0x00, 0x00, 0x00, 0x00, 0x00, 0x00, 0x00, 0x00, 0x00, 0x00, 0x00, 0x00, 0x00, 0x00, 0x00, 0x00, 0x00, 0x00, 0x00, 0x00, 0x00, 0x00, 0x00, 0x00, 0x00, 0x00, 0x00, 0x00, 0x00, 0x00, 0x00, 0x00, 0x00, 0x00, 

};

const lv_img_dsc_t animimg001 = {
  {
    LV_IMG_CF_INDEXED_8BIT,  // cf (color format)
    0,                            // always_zero
    0,                            // reserved
    160,                          // w (width)
    160                           // h (height)
  },
  3200 ,  // data_size
  animimg001_map,                      // data
};

