/**
 * dianjuren2 - LVGL图片数据
 *
 * 尺寸: 160x160px
 * 格式: RGB565 (16-bit color)
 *
 * 由图片转C数组工具生成
 */

#include <lvgl.h>

#ifndef LV_ATTRIBUTE_MEM_ALIGN
#define LV_ATTRIBUTE_MEM_ALIGN
#endif

#ifndef LV_ATTRIBUTE_IMG_DIANJUREN2
#define LV_ATTRIBUTE_IMG_DIANJUREN2
#endif

const LV_ATTRIBUTE_MEM_ALIGN LV_ATTRIBUTE_LARGE_CONST LV_ATTRIBUTE_IMG_DIANJUREN2 uint8_t dianjuren2_map[] = {
#if LV_COLOR_DEPTH == 16 && LV_COLOR_16_SWAP == 0
  /*Pixel format: Red: 5 bit, Green: 6 bit, Blue: 5 bit*/
  0x62, 0x00, 0x82, 0x00, 0x82, 0x00, 0x82, 0x00, 0x82, 0x00, 0x82, 0x00, 0x82, 0x00, 0x62, 0x00,
  0x42, 0x00, 0x42, 0x00, 0x41, 0x00, 0x42, 0x00, 0x41, 0x00, 0x21, 0x00, 0x21, 0x00, 0x21, 0x00,
  0x61, 0x00, 0xa2, 0x00, 0x82, 0x00, 0xa3, 0x08, 0xc3, 0x08, 0xa3, 0x00, 0xa3, 0x00, 0xa3, 0x00,
  0x83, 0x00, 0x82, 0x00, 0x82, 0x00, 0x82, 0x00, 0x83, 0x00, 0xa3, 0x08, 0xa3, 0x08, 0x83, 0x00,
  0x83, 0x00, 0x83, 0x00, 0x83, 0x00, 0x83, 0x00, 0xa3, 0x08, 0xa3, 0x08, 0xa3, 0x08, 0xa3, 0x08,
  0x83, 0x08, 0x83, 0x08, 0x83, 0x00, 0x83, 0x00, 0x62, 0x00, 0x62, 0x00, 0x62, 0x00, 0x62, 0x00,
  0x62, 0x00, 0x62, 0x08, 0x62, 0x00, 0x62, 0x00, 0x62, 0x00, 0x62, 0x00, 0x62, 0x00, 0x62, 0x00,
  0x62, 0x00, 0x82, 0x00, 0x82, 0x00, 0x82, 0x00, 0x82, 0x00, 0x82, 0x00, 0x62, 0x00, 0x62, 0x00,
  0xa3, 0x08, 0xc3, 0x08, 0xc3, 0x08, 0xc3, 0x08, 0xc3, 0x08, 0xa3, 0x08, 0x82, 0x00, 0x62, 0x00,
  0x82, 0x00, 0x82, 0x08, 0x62, 0x00, 0x42, 0x00, 0x83, 0x08, 0xa3, 0x08, 0x83, 0x10, 0x84, 0x10,
  0x85, 0x18, 0x85, 0x18, 0x85, 0x18, 0x84, 0x08, 0x63, 0x08, 0x83, 0x08, 0x84, 0x08, 0xa4, 0x08,
  0xa4, 0x08, 0xa4, 0x08, 0xa3, 0x00, 0xa3, 0x00, 0x83, 0x00, 0x83, 0x00, 0x83, 0x00, 0x82, 0x00,
  0x62, 0x00, 0x62, 0x00, 0x62, 0x00, 0x82, 0x00, 0x83, 0x08, 0x82, 0x00, 0x82, 0x00, 0x82, 0x00,
  0x82, 0x00, 0x62, 0x00, 0x83, 0x08, 0x62, 0x00, 0x63, 0x00, 0x63, 0x08, 0x63, 0x08, 0x62, 0x00,
  0x62, 0x00, 0x62, 0x00, 0x62, 0x00, 0x62, 0x00, 0x62, 0x00, 0x82, 0x08, 0x62, 0x00, 0x62, 0x00,
  0x62, 0x00, 0x62, 0x00, 0x62, 0x00, 0x62, 0x00, 0xa3, 0x00, 0xc3, 0x00, 0xc3, 0x08, 0xc3, 0x08,
  0x82, 0x00, 0x62, 0x00, 0x62, 0x00, 0x62, 0x00, 0x62, 0x00, 0x82, 0x00, 0x83, 0x00, 0x83, 0x00,
  0xa3, 0x00, 0xa3, 0x00, 0xa3, 0x00, 0xa3, 0x00, 0xa3, 0x00, 0xa3, 0x00, 0x82, 0x00, 0x62, 0x00,
  0x62, 0x00, 0x62, 0x00, 0x62, 0x00, 0x82, 0x00, 0x82, 0x00, 0xa3, 0x08, 0x82, 0x00, 0x62, 0x00,
  0x82, 0x00, 0x82, 0x00, 0x62, 0x00, 0x83, 0x00, 0xa3, 0x00, 0xa3, 0x00, 0xa3, 0x00, 0xa3, 0x00,
  0x62, 0x00, 0x62, 0x00, 0x82, 0x00, 0x82, 0x00, 0x82, 0x00, 0x82, 0x00, 0x82, 0x00, 0x62, 0x00,
  0x42, 0x00, 0x42, 0x00, 0x41, 0x00, 0x42, 0x00, 0x42, 0x00, 0x41, 0x00, 0x42, 0x00, 0x42, 0x00,
  0x82, 0x00, 0xa3, 0x08, 0x62, 0x00, 0x82, 0x00, 0xa3, 0x08, 0xc3, 0x08, 0xa3, 0x00, 0xa3, 0x00,
  0x83, 0x00, 0x82, 0x00, 0x82, 0x00, 0x82, 0x00, 0x83, 0x00, 0xa3, 0x08, 0xc4, 0x08, 0x83, 0x00,
  0x83, 0x00, 0x62, 0x00, 0x62, 0x00, 0x62, 0x00, 0x62, 0x00, 0x62, 0x00, 0x82, 0x00, 0x82, 0x00,
  0x83, 0x08, 0xa3, 0x08, 0xa3, 0x08, 0x83, 0x08, 0x82, 0x00, 0x62, 0x00, 0x62, 0x00, 0x62, 0x00,
  0x62, 0x00, 0x62, 0x00, 0x62, 0x00, 0x62, 0x00, 0x62, 0x00, 0x62, 0x00, 0x62, 0x00, 0x82, 0x00,
  0xa2, 0x00, 0x82, 0x00, 0x82, 0x00, 0x82, 0x00, 0x82, 0x00, 0x82, 0x00, 0x62, 0x00, 0x82, 0x00,
  0xa3, 0x08, 0xc3, 0x08, 0xc3, 0x08, 0xc3, 0x08, 0xc3, 0x08, 0xa3, 0x08, 0x82, 0x00, 0x62, 0x00,
  0x62, 0x08, 0x62, 0x08, 0x62, 0x00, 0x41, 0x00, 0x82, 0x00, 0x83, 0x08, 0x84, 0x10, 0x65, 0x20,
  0x66, 0x20, 0x66, 0x20, 0x66, 0x20, 0x65, 0x10, 0x64, 0x08, 0x84, 0x08, 0x84, 0x08, 0xa4, 0x08,
  0xa4, 0x08, 0xa4, 0x08, 0xa3, 0x00, 0xa3, 0x00, 0xa3, 0x00, 0xa3, 0x00, 0xa3, 0x08, 0xa3, 0x08,
  0x62, 0x00, 0x62, 0x00, 0x82, 0x00, 0x82, 0x00, 0x82, 0x08, 0x82, 0x00, 0x82, 0x00, 0x82, 0x00,
  0x82, 0x08, 0x82, 0x08, 0x82, 0x08, 0x63, 0x08, 0x63, 0x08, 0x83, 0x08, 0x63, 0x08, 0x63, 0x08,
  0x62, 0x00, 0x62, 0x00, 0x62, 0x00, 0x62, 0x00, 0x82, 0x00, 0x82, 0x00, 0x62, 0x00, 0x42, 0x00,
  0x42, 0x00, 0x62, 0x00, 0x62, 0x00, 0xa3, 0x08, 0xc3, 0x08, 0xc3, 0x00, 0xc3, 0x08, 0x82, 0x00,
  0x62, 0x00, 0x62, 0x00, 0x62, 0x00, 0x62, 0x00, 0x82, 0x00, 0xa3, 0x08, 0xc3, 0x08, 0xc3, 0x08,
  0xa3, 0x00, 0xa3, 0x00, 0xa3, 0x00, 0xc3, 0x00, 0xa3, 0x00, 0x82, 0x00, 0x82, 0x00, 0x62, 0x00,
  0x62, 0x00, 0x62, 0x00, 0x82, 0x00, 0x82, 0x00, 0x82, 0x00, 0x82, 0x00, 0x62, 0x00, 0x82, 0x00,
  0x82, 0x00, 0x82, 0x00, 0x82, 0x00, 0x83, 0x00, 0xa3, 0x00, 0xa3, 0x00, 0xa3, 0x00, 0xc3, 0x08,
  0x42, 0x00, 0x62, 0x00, 0x62, 0x00, 0x82, 0x00, 0x82, 0x00, 0x82, 0x00, 0x82, 0x00, 0x62, 0x00,
  0x62, 0x00, 0x42, 0x00, 0x42, 0x00, 0x42, 0x00, 0x62, 0x00, 0x62, 0x00, 0x82, 0x00, 0x82, 0x00,
  0xa3, 0x08, 0xa3, 0x08, 0x62, 0x00, 0x62, 0x00, 0x62, 0x00, 0xa3, 0x08, 0xa3, 0x00, 0xa3, 0x00,
  0xa3, 0x00, 0x82, 0x00, 0x82, 0x00, 0x82, 0x00, 0x82, 0x00, 0xa3, 0x08, 0xc4, 0x08, 0xa3, 0x00,
  0xa3, 0x00, 0x83, 0x00, 0x62, 0x00, 0x62, 0x00, 0x42, 0x00, 0x42, 0x00, 0x62, 0x00, 0x42, 0x00,
  0x42, 0x00, 0x62, 0x00, 0x62, 0x00, 0x82, 0x00, 0x62, 0x00, 0x62, 0x00, 0x62, 0x00, 0x62, 0x00,
  0x62, 0x00, 0x62, 0x00, 0x62, 0x00, 0x62, 0x00, 0x62, 0x00, 0x62, 0x00, 0x82, 0x00, 0x82, 0x00,
  0xc3, 0x08, 0xa2, 0x00, 0x82, 0x00, 0x82, 0x00, 0x82, 0x00, 0x82, 0x00, 0x82, 0x00, 0x82, 0x00,
  0x82, 0x00, 0xa3, 0x08, 0xc3, 0x08, 0xc3, 0x08, 0xc3, 0x08, 0xc3, 0x08, 0xa2, 0x08, 0x82, 0x00,
  0x82, 0x08, 0x82, 0x08, 0x62, 0x00, 0x63, 0x08, 0x64, 0x10, 0x85, 0x10, 0x66, 0x20, 0x67, 0x28,
  0x68, 0x28, 0x67, 0x28, 0x67, 0x28, 0x66, 0x18, 0x45, 0x10, 0x85, 0x10, 0x84, 0x10, 0xa4, 0x08,
  0xa4, 0x08, 0xa4, 0x08, 0xa3, 0x08, 0xa3, 0x08, 0xc4, 0x08, 0xa4, 0x08, 0xa3, 0x08, 0xa3, 0x08,
  0x62, 0x00, 0x62, 0x00, 0x82, 0x00, 0x82, 0x00, 0x82, 0x00, 0x82, 0x00, 0x82, 0x08, 0x82, 0x08,
  0x82, 0x08, 0x83, 0x08, 0x83, 0x08, 0x63, 0x08, 0x84, 0x10, 0x84, 0x10, 0x84, 0x10, 0x44, 0x10,
  0x43, 0x08, 0x62, 0x00, 0x62, 0x08, 0x62, 0x00, 0x62, 0x00, 0x62, 0x00, 0x62, 0x00, 0x62, 0x00,
  0x62, 0x00, 0x82, 0x00, 0xa2, 0x00, 0xa3, 0x08, 0xc2, 0x00, 0xa2, 0x00, 0x82, 0x00, 0x82, 0x00,
  0x62, 0x00, 0x62, 0x00, 0x62, 0x00, 0x82, 0x00, 0xa3, 0x08, 0xc3, 0x08, 0xc3, 0x08, 0xc3, 0x08,
  0xc3, 0x00, 0xc3, 0x08, 0xc3, 0x08, 0xa3, 0x00, 0x82, 0x00, 0x82, 0x00, 0x82, 0x00, 0x82, 0x00,
  0x82, 0x00, 0x82, 0x00, 0x82, 0x00, 0x82, 0x00, 0x82, 0x00, 0x82, 0x00, 0x82, 0x00, 0x82, 0x00,
  0x82, 0x00, 0x82, 0x00, 0x82, 0x00, 0x82, 0x00, 0x83, 0x00, 0xa3, 0x00, 0xa3, 0x08, 0xa3, 0x00,
  0x62, 0x00, 0x62, 0x00, 0x62, 0x00, 0x62, 0x00, 0x82, 0x00, 0x82, 0x00, 0x62, 0x00, 0x62, 0x00,
  0x62, 0x00, 0x42, 0x00, 0x42, 0x00, 0x42, 0x00, 0x62, 0x00, 0x82, 0x00, 0x82, 0x00, 0x82, 0x00,
  0xc3, 0x08, 0xa3, 0x08, 0x62, 0x00, 0x62, 0x00, 0x62, 0x00, 0x62, 0x00, 0xa3, 0x00, 0xa3, 0x00,
  0xa3, 0x00, 0x82, 0x00, 0x82, 0x00, 0x82, 0x00, 0x82, 0x00, 0xa3, 0x08, 0xa3, 0x00, 0xa3, 0x00,
  0xa3, 0x00, 0xa3, 0x00, 0x83, 0x00, 0x62, 0x00, 0x62, 0x00, 0x42, 0x00, 0x62, 0x00, 0x42, 0x00,
  0x42, 0x00, 0x62, 0x00, 0x62, 0x00, 0x62, 0x00, 0x62, 0x00, 0x62, 0x00, 0x62, 0x00, 0x62, 0x00,
  0x62, 0x00, 0x62, 0x00, 0x42, 0x00, 0x62, 0x00, 0x62, 0x00, 0x62, 0x00, 0x82, 0x00, 0x82, 0x00,
  0xc3, 0x08, 0xa2, 0x00, 0x82, 0x00, 0x82, 0x00, 0x82, 0x00, 0x82, 0x00, 0x82, 0x00, 0xa3, 0x00,
  0x83, 0x00, 0x83, 0x00, 0xa3, 0x00, 0xa3, 0x00, 0xa3, 0x08, 0xc3, 0x08, 0xa2, 0x08, 0xa2, 0x08,
  0x82, 0x00, 0x82, 0x00, 0x63, 0x10, 0x46, 0x20, 0x47, 0x30, 0x47, 0x30, 0x68, 0x30, 0x89, 0x38,
  0x68, 0x30, 0x48, 0x30, 0x68, 0x30, 0x88, 0x28, 0x46, 0x20, 0x66, 0x20, 0x85, 0x18, 0xa4, 0x10,
  0xa4, 0x08, 0xa4, 0x08, 0xc4, 0x08, 0xc4, 0x08, 0xc4, 0x08, 0xc3, 0x08, 0xa3, 0x00, 0xa3, 0x00,
  0x82, 0x00, 0x82, 0x00, 0x82, 0x00, 0x82, 0x08, 0x82, 0x00, 0x82, 0x00, 0x82, 0x08, 0x82, 0x08,
  0x82, 0x08, 0x83, 0x08, 0x83, 0x08, 0x83, 0x10, 0x84, 0x18, 0x85, 0x18, 0x65, 0x18, 0x65, 0x18,
  0x65, 0x18, 0x63, 0x10, 0x63, 0x08, 0x62, 0x00, 0x62, 0x00, 0x82, 0x00, 0x82, 0x00, 0x62, 0x00,
  0x62, 0x00, 0x82, 0x00, 0xa2, 0x08, 0xa3, 0x08, 0xa2, 0x00, 0x82, 0x00, 0x82, 0x00, 0x82, 0x00,
  0x82, 0x00, 0x82, 0x00, 0x62, 0x00, 0xa3, 0x08, 0xc3, 0x08, 0xc3, 0x08, 0xc3, 0x08, 0xc3, 0x08,
  0xc3, 0x08, 0xc3, 0x08, 0xa3, 0x00, 0x82, 0x00, 0x82, 0x00, 0x82, 0x00, 0x82, 0x00, 0x82, 0x00,
  0x82, 0x00, 0x82, 0x00, 0x82, 0x00, 0x82, 0x00, 0x82, 0x00, 0x82, 0x00, 0x82, 0x00, 0x82, 0x00,
  0x82, 0x00, 0x82, 0x00, 0x82, 0x00, 0x83, 0x00, 0x83, 0x00, 0xa3, 0x08, 0xa3, 0x08, 0x83, 0x00,
  0x62, 0x00, 0x62, 0x00, 0x62, 0x00, 0x62, 0x00, 0x62, 0x00, 0x62, 0x00, 0x62, 0x00, 0x62, 0x00,
  0x42, 0x00, 0x42, 0x00, 0x42, 0x00, 0x62, 0x00, 0x82, 0x08, 0x82, 0x00, 0x82, 0x00, 0x82, 0x08,
  0xa3, 0x08, 0x83, 0x00, 0x62, 0x00, 0x61, 0x00, 0x61, 0x00, 0x61, 0x00, 0x62, 0x00, 0xa3, 0x00,
  0xa3, 0x00, 0x82, 0x00, 0x82, 0x00, 0x82, 0x00, 0x82, 0x00, 0x83, 0x00, 0x83, 0x00, 0xa3, 0x00,
  0xa3, 0x00, 0xa3, 0x08, 0xa3, 0x08, 0x83, 0x00, 0x62, 0x00, 0x62, 0x00, 0x42, 0x00, 0x42, 0x00,
  0x62, 0x00, 0x62, 0x00, 0x62, 0x00, 0x62, 0x00, 0x42, 0x00, 0x62, 0x00, 0x62, 0x00, 0x62, 0x00,
  0x62, 0x00, 0x62, 0x00, 0x62, 0x00, 0x62, 0x00, 0x62, 0x00, 0x62, 0x00, 0x82, 0x00, 0x82, 0x00,
  0xc3, 0x08, 0xc3, 0x08, 0x82, 0x00, 0x82, 0x00, 0x82, 0x00, 0x82, 0x00, 0x82, 0x00, 0x83, 0x08,
  0x84, 0x10, 0x85, 0x10, 0x85, 0x10, 0x84, 0x10, 0x84, 0x10, 0xa4, 0x10, 0xa3, 0x08, 0xa3, 0x00,
  0x83, 0x08, 0x82, 0x08, 0xa5, 0x18, 0x68, 0x30, 0x48, 0x38, 0x49, 0x38, 0x69, 0x38, 0xaa, 0x40,
  0x89, 0x38, 0x68, 0x30, 0x68, 0x30, 0xa9, 0x38, 0x88, 0x30, 0x67, 0x28, 0x86, 0x20, 0xa4, 0x10,
  0xa4, 0x08, 0xc4, 0x08, 0xc4, 0x08, 0xc4, 0x08, 0xe4, 0x10, 0x64, 0x39, 0xe3, 0x18, 0x82, 0x00,
  0xa2, 0x00, 0x82, 0x00, 0x82, 0x00, 0x82, 0x00, 0x62, 0x00, 0x62, 0x00, 0x62, 0x00, 0x62, 0x00,
  0x83, 0x08, 0xa3, 0x08, 0x83, 0x08, 0x84, 0x10, 0x85, 0x18, 0x65, 0x20, 0x65, 0x20, 0x66, 0x28,
  0x86, 0x28, 0x84, 0x18, 0x63, 0x08, 0x62, 0x00, 0x62, 0x00, 0x82, 0x00, 0x82, 0x00, 0x62, 0x00,
  0x62, 0x00, 0x82, 0x08, 0xa2, 0x08, 0xa3, 0x08, 0x82, 0x00, 0x82, 0x00, 0x62, 0x00, 0x82, 0x00,
  0x62, 0x00, 0x82, 0x00, 0x82, 0x08, 0xa3, 0x08, 0xc3, 0x08, 0xc3, 0x08, 0xc3, 0x08, 0xc3, 0x08,
  0xa3, 0x08, 0x82, 0x00, 0x82, 0x00, 0x82, 0x00, 0x83, 0x00, 0x82, 0x00, 0x82, 0x00, 0x82, 0x00,
  0x82, 0x00, 0x82, 0x00, 0x82, 0x00, 0x82, 0x00, 0x82, 0x00, 0x82, 0x00, 0x82, 0x00, 0x82, 0x00,
  0x82, 0x00, 0x82, 0x00, 0x83, 0x00, 0x83, 0x00, 0x83, 0x00, 0x83, 0x00, 0x82, 0x00, 0x82, 0x00,
  0x83, 0x00, 0x82, 0x00, 0x62, 0x00, 0x62, 0x00, 0x62, 0x00, 0x62, 0x00, 0x62, 0x00, 0x62, 0x00,
  0x42, 0x00, 0x42, 0x00, 0x42, 0x00, 0x62, 0x00, 0x82, 0x08, 0x82, 0x00, 0x82, 0x00, 0xa3, 0x08,
  0xa3, 0x08, 0x82, 0x00, 0x62, 0x00, 0x61, 0x00, 0x41, 0x00, 0x41, 0x00, 0x41, 0x00, 0x62, 0x00,
  0x82, 0x00, 0x82, 0x00, 0x82, 0x00, 0x82, 0x00, 0x83, 0x00, 0x83, 0x00, 0x83, 0x00, 0x83, 0x00,
  0xa3, 0x00, 0xa3, 0x00, 0xa3, 0x08, 0x83, 0x00, 0x62, 0x00, 0x62, 0x00, 0x62, 0x00, 0x62, 0x00,
  0x62, 0x00, 0x62, 0x00, 0x62, 0x00, 0x62, 0x00, 0x42, 0x00, 0x42, 0x00, 0x62, 0x00, 0x62, 0x00,
  0x62, 0x00, 0x82, 0x00, 0x82, 0x00, 0x82, 0x00, 0x82, 0x00, 0xa2, 0x00, 0x82, 0x00, 0x82, 0x00,
  0xc3, 0x08, 0xe3, 0x08, 0x82, 0x00, 0x82, 0x00, 0x82, 0x00, 0x82, 0x00, 0x63, 0x08, 0x65, 0x18,
  0x47, 0x28, 0x47, 0x28, 0x47, 0x28, 0x47, 0x28, 0x47, 0x28, 0x85, 0x18, 0xa4, 0x10, 0xa3, 0x08,
  0x83, 0x08, 0xa3, 0x08, 0xa5, 0x18, 0x68, 0x38, 0xa9, 0x38, 0x89, 0x38, 0x69, 0x38, 0x69, 0x38,
  0xaa, 0x40, 0x89, 0x38, 0x68, 0x30, 0xa9, 0x38, 0x88, 0x30, 0x87, 0x30, 0x87, 0x28, 0xa5, 0x18,
  0xc4, 0x10, 0xc4, 0x10, 0xe4, 0x08, 0xc3, 0x08, 0x85, 0x31, 0x05, 0x5a, 0x84, 0x41, 0xc3, 0x18,
  0xa2, 0x08, 0x82, 0x08, 0x62, 0x00, 0x62, 0x00, 0x62, 0x00, 0x62, 0x00, 0x62, 0x00, 0x62, 0x00,
  0x62, 0x00, 0x83, 0x08, 0x83, 0x08, 0x84, 0x18, 0x85, 0x20, 0x86, 0x20, 0x86, 0x28, 0x87, 0x28,
  0x87, 0x28, 0xa5, 0x20, 0x62, 0x08, 0x42, 0x00, 0x82, 0x00, 0x62, 0x00, 0x62, 0x00, 0x62, 0x00,
  0x82, 0x08, 0xa2, 0x08, 0x82, 0x08, 0x82, 0x00, 0x62, 0x00, 0x61, 0x00, 0x62, 0x00, 0x62, 0x00,
  0x62, 0x00, 0x82, 0x00, 0x82, 0x08, 0xa3, 0x08, 0xa3, 0x08, 0xa3, 0x08, 0xa2, 0x00, 0x82, 0x00,
  0x82, 0x00, 0x62, 0x00, 0x62, 0x00, 0x62, 0x00, 0x62, 0x00, 0x82, 0x00, 0xa2, 0x00, 0xa3, 0x08,
  0xa3, 0x08, 0x82, 0x00, 0x82, 0x00, 0x82, 0x00, 0x82, 0x00, 0x82, 0x00, 0x82, 0x00, 0x82, 0x00,
  0x82, 0x00, 0x82, 0x00, 0x82, 0x00, 0x82, 0x00, 0x62, 0x00, 0x82, 0x00, 0x82, 0x00, 0x82, 0x00,
  0x83, 0x00, 0x83, 0x00, 0x83, 0x00, 0x62, 0x00, 0x62, 0x00, 0x62, 0x00, 0x62, 0x00, 0x42, 0x00,
  0x42, 0x00, 0x42, 0x00, 0x62, 0x00, 0x82, 0x00, 0xa3, 0x08, 0xa2, 0x08, 0xa2, 0x00, 0xa2, 0x08,
  0x82, 0x00, 0x62, 0x00, 0x62, 0x00, 0x62, 0x00, 0x62, 0x00, 0x62, 0x00, 0x62, 0x00, 0x62, 0x00,
  0x82, 0x00, 0x83, 0x00, 0x83, 0x00, 0x83, 0x00, 0x83, 0x00, 0xa3, 0x00, 0xa3, 0x00, 0x83, 0x00,
  0xa3, 0x00, 0xa3, 0x00, 0x83, 0x00, 0x83, 0x00, 0x83, 0x00, 0x83, 0x00, 0x62, 0x00, 0x62, 0x00,
  0x62, 0x00, 0x62, 0x00, 0x62, 0x00, 0x62, 0x00, 0x42, 0x00, 0x42, 0x00, 0x62, 0x00, 0x62, 0x00,
  0x62, 0x00, 0x82, 0x00, 0x82, 0x00, 0xa2, 0x00, 0xc3, 0x08, 0xc3, 0x08, 0xa2, 0x00, 0x82, 0x00,
  0xe3, 0x08, 0xe4, 0x08, 0xc3, 0x08, 0x82, 0x00, 0x82, 0x00, 0x63, 0x08, 0x66, 0x18, 0x48, 0x28,
  0x48, 0x30, 0x48, 0x30, 0x69, 0x38, 0x48, 0x30, 0x28, 0x30, 0x66, 0x20, 0xa4, 0x10, 0xa4, 0x10,
  0x83, 0x08, 0xa3, 0x08, 0x85, 0x18, 0x47, 0x30, 0x69, 0x38, 0x89, 0x38, 0x69, 0x38, 0x69, 0x38,
  0x89, 0x38, 0xa9, 0x40, 0xc8, 0x48, 0x89, 0x38, 0x88, 0x30, 0x88, 0x30, 0xa7, 0x30, 0xc6, 0x18,
  0xc5, 0x10, 0x05, 0x19, 0x44, 0x29, 0x43, 0x31, 0xc4, 0x49, 0xe5, 0x51, 0xc5, 0x51, 0x84, 0x41,
  0x64, 0x41, 0x84, 0x41, 0xc2, 0x10, 0x62, 0x00, 0x62, 0x00, 0x62, 0x00, 0x62, 0x00, 0x62, 0x00,
  0x42, 0x00, 0x62, 0x00, 0x63, 0x08, 0x84, 0x18, 0xe5, 0x28, 0xa6, 0x30, 0x86, 0x28, 0x87, 0x28,
  0x86, 0x28, 0x44, 0x10, 0xe4, 0x18, 0xec, 0x5a, 0x05, 0x19, 0x42, 0x00, 0x62, 0x00, 0x62, 0x00,
  0x82, 0x08, 0x82, 0x08, 0x82, 0x00, 0x62, 0x00, 0x41, 0x00, 0x61, 0x00, 0x82, 0x00, 0x62, 0x00,
  0x42, 0x00, 0x62, 0x00, 0x82, 0x00, 0x82, 0x00, 0x62, 0x00, 0x82, 0x00, 0x82, 0x00, 0x82, 0x00,
  0x61, 0x00, 0x61, 0x00, 0x61, 0x00, 0x62, 0x00, 0x61, 0x00, 0x61, 0x00, 0x61, 0x00, 0x82, 0x00,
  0xa3, 0x08, 0xc3, 0x08, 0xa2, 0x00, 0x82, 0x00, 0x82, 0x00, 0x82, 0x00, 0xa2, 0x00, 0xa3, 0x00,
  0xa3, 0x00, 0x83, 0x00, 0x83, 0x00, 0x82, 0x00, 0x62, 0x00, 0x82, 0x00, 0x62, 0x00, 0x62, 0x00,
  0xa3, 0x00, 0xa3, 0x00, 0x83, 0x00, 0x83, 0x00, 0x62, 0x00, 0x62, 0x00, 0x62, 0x00, 0x42, 0x00,
  0x42, 0x00, 0x42, 0x00, 0x62, 0x00, 0x82, 0x00, 0xa3, 0x08, 0x62, 0x00, 0x62, 0x00, 0x82, 0x00,
  0x82, 0x00, 0x62, 0x00, 0x62, 0x00, 0x62, 0x00, 0x62, 0x00, 0x62, 0x00, 0x82, 0x00, 0x82, 0x00,
  0x82, 0x00, 0x83, 0x00, 0x82, 0x00, 0x83, 0x00, 0xa3, 0x00, 0xa3, 0x00, 0xc3, 0x08, 0xa3, 0x08,
  0xa3, 0x08, 0xa3, 0x08, 0xa3, 0x08, 0xa3, 0x08, 0x83, 0x08, 0x83, 0x00, 0x83, 0x00, 0x83, 0x00,
  0x62, 0x00, 0x62, 0x00, 0x62, 0x00, 0x62, 0x00, 0x42, 0x00, 0x42, 0x00, 0x62, 0x00, 0x62, 0x00,
  0x82, 0x00, 0x82, 0x00, 0xa2, 0x08, 0xa3, 0x08, 0xc3, 0x08, 0xc3, 0x08, 0xc2, 0x00, 0xa2, 0x00,
  0xe3, 0x08, 0xe4, 0x08, 0xe4, 0x08, 0xc3, 0x08, 0x82, 0x00, 0x65, 0x10, 0x69, 0x30, 0x49, 0x30,
  0x49, 0x30, 0x69, 0x30, 0x89, 0x38, 0xaa, 0x40, 0x69, 0x30, 0x67, 0x28, 0xa5, 0x18, 0xa4, 0x10,
  0xa4, 0x08, 0xa3, 0x08, 0x85, 0x18, 0x48, 0x30, 0x69, 0x38, 0x69, 0x38, 0x69, 0x38, 0x69, 0x38,
  0x68, 0x38, 0x48, 0x59, 0x06, 0x72, 0x47, 0x51, 0x68, 0x30, 0xa8, 0x38, 0xc8, 0x30, 0xa6, 0x18,
  0xc5, 0x10, 0x85, 0x39, 0x46, 0x6a, 0x05, 0x62, 0xa5, 0x51, 0xa4, 0x51, 0x84, 0x51, 0xa4, 0x51,
  0x06, 0x62, 0x06, 0x52, 0xc3, 0x10, 0x82, 0x00, 0x82, 0x00, 0x82, 0x00, 0x62, 0x00, 0x62, 0x00,
  0x62, 0x00, 0x62, 0x00, 0x63, 0x08, 0x84, 0x18, 0x06, 0x31, 0xc6, 0x30, 0x87, 0x28, 0x66, 0x28,
  0x66, 0x20, 0xca, 0x49, 0x11, 0x8c, 0xd4, 0xa4, 0x46, 0x21, 0x42, 0x00, 0x82, 0x00, 0x82, 0x08,
  0x82, 0x00, 0x62, 0x00, 0x62, 0x00, 0x41, 0x00, 0x41, 0x00, 0x61, 0x00, 0x61, 0x00, 0xa2, 0x08,
  0x03, 0x21, 0xe2, 0x18, 0x82, 0x00, 0x82, 0x00, 0x82, 0x00, 0x82, 0x00, 0x82, 0x00, 0x62, 0x00,
  0x61, 0x00, 0x61, 0x00, 0x61, 0x00, 0x61, 0x00, 0x62, 0x00, 0x62, 0x00, 0x41, 0x00, 0x42, 0x00,
  0x62, 0x00, 0xa2, 0x00, 0xc3, 0x08, 0xa3, 0x08, 0xa3, 0x00, 0xa2, 0x00, 0xa3, 0x00, 0xa3, 0x00,
  0xa3, 0x00, 0xa3, 0x00, 0x83, 0x00, 0x82, 0x00, 0x82, 0x00, 0x82, 0x00, 0x82, 0x00, 0x82, 0x00,
  0xc3, 0x08, 0xa3, 0x08, 0xa3, 0x00, 0x83, 0x00, 0x62, 0x00, 0x62, 0x00, 0x62, 0x00, 0x42, 0x00,
  0x42, 0x00, 0x42, 0x00, 0x62, 0x00, 0x62, 0x00, 0x42, 0x00, 0x41, 0x00, 0x42, 0x00, 0x82, 0x08,
  0x82, 0x00, 0x82, 0x00, 0x62, 0x00, 0x62, 0x00, 0x62, 0x00, 0x62, 0x00, 0x62, 0x00, 0x62, 0x00,
  0x82, 0x00, 0x62, 0x00, 0x62, 0x00, 0x62, 0x00, 0x83, 0x00, 0xa3, 0x08, 0xc3, 0x08, 0xc3, 0x08,
  0xc3, 0x08, 0xc3, 0x08, 0xc3, 0x08, 0xa3, 0x08, 0xa3, 0x08, 0x83, 0x08, 0x83, 0x00, 0x83, 0x08,
  0x83, 0x08, 0x83, 0x00, 0x62, 0x00, 0x62, 0x00, 0x62, 0x00, 0x62, 0x00, 0x82, 0x08, 0x82, 0x08,
  0x82, 0x08, 0xa2, 0x08, 0xc3, 0x08, 0xc3, 0x08, 0xc3, 0x08, 0xc3, 0x08, 0xa3, 0x00, 0xa2, 0x00,
  0xc3, 0x08, 0xe3, 0x08, 0xe3, 0x08, 0xe3, 0x08, 0xa3, 0x08, 0x66, 0x18, 0x89, 0x38, 0xaa, 0x40,
  0x69, 0x38, 0x69, 0x30, 0x69, 0x38, 0xca, 0x40, 0xaa, 0x40, 0x68, 0x30, 0x87, 0x28, 0xa4, 0x10,
  0xa4, 0x10, 0x84, 0x10, 0xa8, 0x30, 0xca, 0x40, 0xaa, 0x40, 0xaa, 0x48, 0xaa, 0x40, 0x69, 0x38,
  0xa8, 0x40, 0xe7, 0x69, 0x05, 0x72, 0x47, 0x59, 0x67, 0x30, 0xa8, 0x38, 0xa8, 0x30, 0xa6, 0x18,
  0xc4, 0x10, 0xe4, 0x18, 0xa5, 0x41, 0x06, 0x62, 0xa4, 0x51, 0x84, 0x51, 0x84, 0x51, 0x84, 0x51,
  0x26, 0x62, 0x64, 0x39, 0x61, 0x00, 0x82, 0x00, 0x82, 0x00, 0x82, 0x00, 0x82, 0x00, 0x82, 0x00,
  0x62, 0x00, 0x62, 0x00, 0x83, 0x10, 0x85, 0x18, 0x86, 0x28, 0xa7, 0x30, 0x66, 0x28, 0xc7, 0x30,
  0xb1, 0x8b, 0x35, 0xb5, 0x56, 0xbd, 0x11, 0x84, 0xa3, 0x08, 0x82, 0x00, 0x62, 0x00, 0x82, 0x00,
  0x62, 0x00, 0x61, 0x00, 0x62, 0x00, 0x61, 0x00, 0x41, 0x08, 0x40, 0x08, 0xa1, 0x10, 0x44, 0x31,
  0x84, 0x39, 0x02, 0x21, 0x82, 0x00, 0x82, 0x00, 0x82, 0x00, 0x82, 0x00, 0x62, 0x00, 0x62, 0x00,
  0x62, 0x00, 0x62, 0x00, 0x62, 0x00, 0x62, 0x00, 0x62, 0x00, 0x61, 0x00, 0x41, 0x00, 0x41, 0x00,
  0x62, 0x00, 0x62, 0x00, 0x82, 0x00, 0xa3, 0x08, 0xa3, 0x00, 0x82, 0x00, 0x83, 0x00, 0xa3, 0x00,
  0xa3, 0x00, 0xa3, 0x00, 0xa3, 0x00, 0xa3, 0x00, 0x82, 0x00, 0x62, 0x00, 0x62, 0x00, 0x82, 0x08,
  0xc4, 0x08, 0xc4, 0x08, 0xc3, 0x08, 0xa3, 0x08, 0x83, 0x00, 0x62, 0x00, 0x42, 0x00, 0x42, 0x00,
  0x62, 0x00, 0x42, 0x00, 0x62, 0x00, 0x62, 0x00, 0x42, 0x00, 0x42, 0x00, 0x41, 0x00, 0x82, 0x00,
  0x82, 0x00, 0x82, 0x00, 0x62, 0x00, 0x62, 0x00, 0x83, 0x00, 0xa3, 0x00, 0xa3, 0x00, 0xa3, 0x00,
  0x82, 0x00, 0x62, 0x00, 0x62, 0x00, 0x62, 0x00, 0x62, 0x00, 0x82, 0x00, 0xa3, 0x00, 0xa3, 0x08,
  0xc3, 0x08, 0xc4, 0x08, 0xc4, 0x08, 0xc3, 0x08, 0xa3, 0x08, 0xa3, 0x08, 0xa3, 0x08, 0xa3, 0x08,
  0x83, 0x08, 0xa3, 0x08, 0x62, 0x00, 0x62, 0x00, 0xa3, 0x08, 0xa3, 0x08, 0xa3, 0x08, 0xa3, 0x08,
  0xc3, 0x08, 0xc3, 0x08, 0xc3, 0x08, 0xc3, 0x08, 0xc3, 0x08, 0xc3, 0x08, 0xa3, 0x08, 0x82, 0x00,
  0xa2, 0x00, 0xc3, 0x08, 0xe3, 0x08, 0xc3, 0x08, 0xc3, 0x08, 0x86, 0x20, 0x69, 0x38, 0x89, 0x38,
  0xaa, 0x40, 0x69, 0x38, 0x69, 0x38, 0x89, 0x38, 0xaa, 0x40, 0x69, 0x38, 0x88, 0x30, 0xa5, 0x18,
  0xc4, 0x08, 0xa5, 0x18, 0xa9, 0x38, 0xcb, 0x48, 0xcb, 0x48, 0xcb, 0x50, 0xcb, 0x50, 0xaa, 0x40,
  0xa8, 0x40, 0xc6, 0x69, 0xe6, 0x71, 0xa7, 0x40, 0x48, 0x30, 0xa8, 0x30, 0xc7, 0x28, 0xc6, 0x18,
  0xe5, 0x10, 0xc3, 0x08, 0x44, 0x29, 0xe5, 0x59, 0xa4, 0x51, 0x84, 0x51, 0x63, 0x49, 0xa4, 0x51,
  0x05, 0x5a, 0x02, 0x29, 0xc3, 0x10, 0x83, 0x00, 0x82, 0x00, 0xa3, 0x08, 0x82, 0x00, 0x82, 0x00,
  0x82, 0x00, 0x83, 0x08, 0x83, 0x10, 0xa4, 0x18, 0xa5, 0x28, 0x85, 0x28, 0x28, 0x41, 0x33, 0xa4,
  0x96, 0xc5, 0x14, 0xb5, 0x76, 0xbd, 0x6a, 0x52, 0x41, 0x00, 0x83, 0x08, 0x82, 0x08, 0x62, 0x00,
  0x62, 0x00, 0x62, 0x00, 0x61, 0x08, 0xc2, 0x18, 0xe2, 0x28, 0xe2, 0x28, 0x23, 0x31, 0x64, 0x39,
  0x64, 0x39, 0x02, 0x29, 0xa2, 0x10, 0xc3, 0x10, 0xa2, 0x08, 0x82, 0x08, 0x82, 0x00, 0x82, 0x08,
  0x82, 0x08, 0x62, 0x00, 0x62, 0x00, 0x62, 0x00, 0x62, 0x00, 0x62, 0x00, 0x41, 0x00, 0x41, 0x00,
  0x41, 0x00, 0x62, 0x00, 0x82, 0x00, 0x82, 0x00, 0x82, 0x00, 0x62, 0x00, 0x82, 0x00, 0xa3, 0x00,
  0xa3, 0x00, 0xc3, 0x08, 0xc3, 0x00, 0xa3, 0x00, 0x83, 0x00, 0x82, 0x00, 0x62, 0x00, 0x62, 0x00,
  0xc3, 0x08, 0xa3, 0x08, 0xa3, 0x08, 0xc4, 0x08, 0x83, 0x08, 0x62, 0x00, 0x42, 0x00, 0x42, 0x00,
  0x62, 0x00, 0x62, 0x00, 0x62, 0x00, 0x62, 0x00, 0x82, 0x00, 0x62, 0x00, 0x41, 0x00, 0x82, 0x00,
  0x82, 0x00, 0x82, 0x00, 0x62, 0x00, 0x62, 0x00, 0xa2, 0x00, 0xa3, 0x08, 0xa3, 0x08, 0xa3, 0x08,
  0xa3, 0x08, 0xa3, 0x00, 0xa3, 0x00, 0x83, 0x00, 0x82, 0x00, 0x82, 0x00, 0x83, 0x00, 0xa3, 0x08,
  0xc3, 0x08, 0xc4, 0x08, 0xc4, 0x08, 0xc4, 0x08, 0xc3, 0x08, 0xa3, 0x08, 0xa3, 0x08, 0xa3, 0x08,
  0xa3, 0x08, 0xa3, 0x08, 0x63, 0x08, 0x42, 0x00, 0x62, 0x00, 0x83, 0x08, 0x83, 0x08, 0xa3, 0x10,
  0xa3, 0x10, 0xc3, 0x10, 0xa3, 0x10, 0xc3, 0x08, 0xc3, 0x08, 0xc3, 0x08, 0x82, 0x00, 0x82, 0x00,
  0x82, 0x00, 0xa3, 0x08, 0xc3, 0x08, 0xc3, 0x08, 0xc3, 0x08, 0x86, 0x18, 0x89, 0x38, 0x89, 0x38,
  0x89, 0x38, 0x89, 0x38, 0x69, 0x38, 0xa8, 0x38, 0xc9, 0x40, 0x89, 0x38, 0x88, 0x30, 0xa6, 0x20,
  0xc4, 0x10, 0xc6, 0x18, 0x89, 0x40, 0xaa, 0x48, 0xcb, 0x48, 0xcb, 0x48, 0x8a, 0x48, 0x8a, 0x40,
  0x89, 0x40, 0x08, 0x51, 0x07, 0x51, 0x67, 0x38, 0x68, 0x38, 0xa7, 0x20, 0xc5, 0x18, 0xc5, 0x18,
  0xc4, 0x10, 0x04, 0x21, 0x88, 0x62, 0xa8, 0x72, 0x05, 0x5a, 0xa4, 0x51, 0x83, 0x49, 0xa4, 0x51,
  0xe5, 0x51, 0x68, 0x52, 0xb7, 0xad, 0x92, 0x84, 0xa3, 0x08, 0xa3, 0x00, 0xa3, 0x08, 0xa3, 0x08,
  0x82, 0x08, 0xa2, 0x08, 0xe4, 0x20, 0xc3, 0x20, 0xc4, 0x30, 0x6b, 0x6a, 0xd4, 0xb4, 0x76, 0xc5,
  0x14, 0xb5, 0x96, 0xbd, 0xf0, 0x7b, 0xa3, 0x10, 0xa2, 0x08, 0x82, 0x08, 0x82, 0x00, 0x62, 0x00,
  0x62, 0x00, 0x62, 0x00, 0xa3, 0x18, 0x23, 0x39, 0x43, 0x39, 0x43, 0x39, 0x23, 0x39, 0x43, 0x39,
  0x84, 0x41, 0x84, 0x41, 0xa5, 0x41, 0xa5, 0x31, 0xe3, 0x10, 0xa3, 0x08, 0xa2, 0x08, 0xa2, 0x08,
  0x82, 0x00, 0x62, 0x00, 0x61, 0x00, 0x62, 0x00, 0x62, 0x00, 0x62, 0x00, 0x62, 0x00, 0x62, 0x00,
  0x61, 0x00, 0x62, 0x00, 0x62, 0x00, 0x62, 0x00, 0x62, 0x00, 0x62, 0x00, 0x62, 0x00, 0x82, 0x00,
  0x83, 0x00, 0xc3, 0x08, 0xc3, 0x08, 0xc3, 0x08, 0xc3, 0x08, 0xa3, 0x08, 0x62, 0x00, 0x62, 0x00,
  0xa3, 0x00, 0xa3, 0x00, 0xa4, 0x08, 0xa4, 0x08, 0x62, 0x00, 0x62, 0x00, 0x42, 0x00, 0x42, 0x00,
  0x62, 0x00, 0x62, 0x00, 0x82, 0x00, 0x82, 0x00, 0x82, 0x00, 0x62, 0x00, 0x61, 0x00, 0x82, 0x00,
  0x82, 0x00, 0x82, 0x00, 0x82, 0x00, 0x62, 0x00, 0x62, 0x00, 0x82, 0x00, 0x82, 0x00, 0x82, 0x00,
  0xa3, 0x00, 0xa3, 0x00, 0xa3, 0x08, 0xa3, 0x08, 0xa3, 0x08, 0xa3, 0x08, 0xa3, 0x08, 0xa3, 0x08,
  0xa3, 0x08, 0xc4, 0x08, 0xe4, 0x10, 0xc4, 0x10, 0xa3, 0x08, 0xa3, 0x08, 0xa3, 0x08, 0xa3, 0x08,
  0xa3, 0x08, 0x83, 0x08, 0x63, 0x00, 0x62, 0x00, 0x63, 0x08, 0x82, 0x08, 0x83, 0x08, 0xa3, 0x10,
  0xc4, 0x18, 0xc4, 0x18, 0xc4, 0x18, 0xc3, 0x10, 0xc3, 0x08, 0xc3, 0x08, 0xa2, 0x08, 0x82, 0x00,
  0x62, 0x00, 0x82, 0x00, 0x82, 0x00, 0xc3, 0x08, 0xc4, 0x08, 0x66, 0x18, 0x68, 0x30, 0x89, 0x38,
  0x89, 0x38, 0x69, 0x38, 0xc8, 0x40, 0xa6, 0x61, 0x87, 0x59, 0xc8, 0x40, 0x89, 0x38, 0x86, 0x28,
  0xa4, 0x08, 0xa5, 0x18, 0x89, 0x40, 0x8a, 0x48, 0xab, 0x48, 0xaa, 0x48, 0xaa, 0x40, 0xca, 0x48,
  0xca, 0x48, 0x89, 0x40, 0x88, 0x40, 0x68, 0x38, 0x89, 0x38, 0xa6, 0x20, 0xa3, 0x08, 0xa4, 0x10,
  0xa4, 0x08, 0xe4, 0x18, 0xc5, 0x49, 0x46, 0x62, 0x26, 0x62, 0xc4, 0x51, 0xa4, 0x51, 0xa4, 0x51,
  0xc4, 0x51, 0x6c, 0x73, 0xfc, 0xd6, 0x3d, 0xd7, 0x4e, 0x5b, 0x42, 0x00, 0x82, 0x00, 0xa3, 0x00,
  0xa2, 0x08, 0x03, 0x21, 0x23, 0x31, 0x86, 0x41, 0xf0, 0x93, 0x76, 0xc5, 0x75, 0xc5, 0x35, 0xbd,
  0x97, 0xc5, 0x51, 0x8c, 0xe4, 0x10, 0xa3, 0x08, 0xa3, 0x08, 0x82, 0x00, 0x82, 0x00, 0x82, 0x00,
  0x62, 0x00, 0x62, 0x00, 0xe4, 0x20, 0x24, 0x39, 0x43, 0x39, 0x43, 0x39, 0x43, 0x39, 0x43, 0x39,
  0x84, 0x41, 0xe5, 0x49, 0xc5, 0x49, 0x23, 0x21, 0xa2, 0x08, 0x82, 0x08, 0x82, 0x00, 0x82, 0x00,
  0x62, 0x00, 0x61, 0x00, 0x62, 0x00, 0x62, 0x00, 0x62, 0x00, 0x62, 0x00, 0x62, 0x00, 0x82, 0x00,
  0x82, 0x00, 0x82, 0x00, 0x62, 0x00, 0x62, 0x00, 0x62, 0x00, 0x42, 0x00, 0x62, 0x00, 0x62, 0x00,
  0x62, 0x00, 0x83, 0x00, 0xa3, 0x08, 0xc4, 0x08, 0xc4, 0x08, 0xc3, 0x08, 0x82, 0x08, 0x62, 0x00,
  0xa4, 0x20, 0xa3, 0x00, 0x83, 0x08, 0x83, 0x00, 0x82, 0x00, 0x62, 0x00, 0x62, 0x00, 0x62, 0x00,
  0x62, 0x00, 0x82, 0x00, 0x82, 0x00, 0x82, 0x00, 0xa3, 0x00, 0x82, 0x00, 0x62, 0x00, 0x82, 0x00,
  0x82, 0x00, 0x82, 0x00, 0x82, 0x00, 0x61, 0x00, 0x61, 0x00, 0x62, 0x00, 0x62, 0x00, 0x82, 0x00,
  0x82, 0x00, 0x83, 0x00, 0xa3, 0x00, 0xa3, 0x08, 0xa3, 0x08, 0xa3, 0x08, 0xa3, 0x08, 0xa3, 0x08,
  0xa3, 0x08, 0xc3, 0x08, 0x05, 0x21, 0x05, 0x21, 0xc4, 0x18, 0xa4, 0x10, 0xc4, 0x08, 0xa4, 0x08,
  0xa4, 0x10, 0xa3, 0x08, 0x83, 0x08, 0x63, 0x08, 0x63, 0x00, 0x82, 0x00, 0x83, 0x08, 0xa4, 0x18,
  0xc4, 0x28, 0xc4, 0x28, 0xc4, 0x28, 0xe4, 0x20, 0xc3, 0x10, 0xa3, 0x08, 0xa3, 0x08, 0xa3, 0x08,
  0xa3, 0x08, 0x82, 0x00, 0x82, 0x00, 0x82, 0x00, 0xa3, 0x08, 0x66, 0x18, 0x48, 0x30, 0x48, 0x30,
  0x69, 0x38, 0x88, 0x38, 0xc8, 0x61, 0xe6, 0x69, 0xe5, 0x69, 0x27, 0x49, 0x88, 0x38, 0x86, 0x20,
  0x63, 0x08, 0x84, 0x08, 0x87, 0x28, 0x88, 0x38, 0xa9, 0x40, 0xa9, 0x40, 0xaa, 0x48, 0xca, 0x48,
  0xc9, 0x48, 0xaa, 0x48, 0x89, 0x40, 0x88, 0x30, 0x89, 0x38, 0x86, 0x20, 0x83, 0x08, 0x63, 0x08,
  0x83, 0x08, 0x83, 0x00, 0x62, 0x08, 0x82, 0x10, 0xe3, 0x20, 0x65, 0x41, 0xe5, 0x51, 0xa9, 0x6a,
  0x23, 0x31, 0x2c, 0x6b, 0xfc, 0xd6, 0xdc, 0xce, 0x18, 0xb6, 0xa3, 0x08, 0x8f, 0x63, 0x29, 0x3a,
  0x62, 0x10, 0x24, 0x31, 0x8a, 0x62, 0xf3, 0xb4, 0x96, 0xc5, 0x35, 0xbd, 0x35, 0xbd, 0x97, 0xc5,
  0x10, 0x84, 0xc3, 0x10, 0x62, 0x00, 0xc3, 0x08, 0xa3, 0x08, 0x82, 0x00, 0x62, 0x00, 0x62, 0x00,
  0x62, 0x00, 0x62, 0x00, 0x82, 0x10, 0x03, 0x31, 0x43, 0x39, 0x43, 0x39, 0x63, 0x39, 0x84, 0x41,
  0x84, 0x41, 0x23, 0x31, 0xc2, 0x18, 0x81, 0x08, 0x82, 0x08, 0x82, 0x00, 0x82, 0x00, 0x82, 0x00,
  0x82, 0x00, 0x82, 0x00, 0x82, 0x00, 0x82, 0x00, 0x82, 0x00, 0x82, 0x00, 0x82, 0x00, 0x82, 0x00,
  0x82, 0x00, 0x82, 0x00, 0x82, 0x00, 0x82, 0x00, 0x62, 0x00, 0x42, 0x00, 0x62, 0x00, 0x62, 0x00,
  0x82, 0x00, 0x83, 0x00, 0x83, 0x00, 0xa3, 0x08, 0xc4, 0x10, 0xc4, 0x10, 0xa3, 0x08, 0x62, 0x08,
  0xe5, 0x30, 0xa3, 0x00, 0x83, 0x08, 0x83, 0x08, 0x83, 0x08, 0x82, 0x00, 0x82, 0x00, 0x62, 0x00,
  0x62, 0x00, 0x82, 0x00, 0xa3, 0x00, 0xa3, 0x08, 0xa3, 0x00, 0xa3, 0x00, 0x62, 0x00, 0x62, 0x00,
  0x62, 0x00, 0x82, 0x00, 0x82, 0x00, 0x61, 0x00, 0x61, 0x00, 0x62, 0x00, 0x82, 0x00, 0x82, 0x00,
  0x82, 0x00, 0x82, 0x00, 0x82, 0x00, 0x83, 0x08, 0xa3, 0x08, 0xa3, 0x08, 0xa3, 0x08, 0xa3, 0x08,
  0xa3, 0x08, 0xa3, 0x08, 0x25, 0x21, 0x26, 0x29, 0x26, 0x29, 0x05, 0x21, 0xc4, 0x10, 0xa4, 0x10,
  0xa4, 0x10, 0xc4, 0x10, 0xa3, 0x08, 0x83, 0x08, 0x63, 0x00, 0x62, 0x08, 0x84, 0x18, 0xc5, 0x28,
  0xc5, 0x30, 0xc5, 0x30, 0xc5, 0x30, 0xe5, 0x30, 0xe5, 0x30, 0xc4, 0x20, 0x83, 0x10, 0xa3, 0x08,
  0xc3, 0x08, 0xa3, 0x08, 0xa3, 0x08, 0x83, 0x00, 0x83, 0x00, 0x66, 0x18, 0x48, 0x30, 0x68, 0x38,
  0x48, 0x38, 0xe7, 0x48, 0x07, 0x6a, 0xe6, 0x69, 0xe6, 0x69, 0x07, 0x49, 0xa9, 0x38, 0x65, 0x18,
  0x63, 0x00, 0x83, 0x08, 0x83, 0x08, 0x84, 0x10, 0xa5, 0x10, 0xa6, 0x20, 0xa8, 0x38, 0x88, 0x40,
  0xa9, 0x40, 0xa9, 0x40, 0x88, 0x30, 0x88, 0x30, 0xa9, 0x38, 0x86, 0x20, 0x63, 0x08, 0x63, 0x08,
  0x63, 0x00, 0x42, 0x00, 0x05, 0x19, 0x04, 0x11, 0x22, 0x00, 0x42, 0x10, 0xe7, 0x41, 0x9a, 0xc6,
  0x8e, 0x6b, 0xcc, 0x5a, 0x3d, 0xdf, 0xdc, 0xce, 0x9b, 0xce, 0xcc, 0x4a, 0xbb, 0xce, 0xec, 0x52,
  0x82, 0x18, 0xd0, 0x8b, 0x97, 0xc5, 0x76, 0xc5, 0x55, 0xbd, 0x76, 0xc5, 0x76, 0xc5, 0x6e, 0x73,
  0xa2, 0x08, 0x62, 0x00, 0x82, 0x08, 0xa2, 0x08, 0xa3, 0x08, 0x62, 0x00, 0x62, 0x00, 0x62, 0x00,
  0x62, 0x00, 0x62, 0x00, 0xa2, 0x10, 0x64, 0x39, 0xa4, 0x41, 0x84, 0x41, 0x84, 0x39, 0xa5, 0x41,
  0x64, 0x39, 0x81, 0x18, 0x62, 0x08, 0x82, 0x08, 0x82, 0x08, 0x82, 0x00, 0x82, 0x00, 0x82, 0x00,
  0x82, 0x00, 0x82, 0x00, 0x82, 0x00, 0x82, 0x00, 0x82, 0x00, 0xa2, 0x00, 0xa2, 0x00, 0xa2, 0x00,
  0xa2, 0x00, 0xa2, 0x00, 0x82, 0x00, 0x82, 0x00, 0x62, 0x00, 0x62, 0x00, 0x82, 0x00, 0xa3, 0x00,
  0x83, 0x00, 0x82, 0x00, 0x82, 0x00, 0x62, 0x00, 0xa3, 0x08, 0xe4, 0x10, 0xa4, 0x10, 0x83, 0x08,
  0xc5, 0x30, 0x83, 0x08, 0xa3, 0x08, 0xa3, 0x08, 0x83, 0x00, 0x83, 0x00, 0x83, 0x08, 0x82, 0x00,
  0x82, 0x00, 0x82, 0x00, 0xc3, 0x08, 0xc3, 0x08, 0xc3, 0x08, 0xa2, 0x00, 0x62, 0x00, 0x62, 0x00,
  0x62, 0x00, 0x82, 0x00, 0x82, 0x00, 0x82, 0x00, 0xa2, 0x00, 0xa3, 0x00, 0xa3, 0x00, 0x82, 0x00,
  0x82, 0x00, 0x62, 0x00, 0x62, 0x00, 0x82, 0x00, 0xa3, 0x08, 0xa3, 0x08, 0xa3, 0x08, 0xa3, 0x08,
  0xc3, 0x08, 0xa3, 0x08, 0x04, 0x19, 0x46, 0x29, 0x26, 0x29, 0x46, 0x31, 0x26, 0x29, 0xe4, 0x18,
  0xc4, 0x10, 0xc4, 0x10, 0xc4, 0x10, 0xa3, 0x08, 0xa3, 0x08, 0xc4, 0x18, 0xc5, 0x30, 0xc5, 0x30,
  0xc5, 0x38, 0xe5, 0x38, 0xe6, 0x38, 0xe6, 0x40, 0x07, 0x49, 0x06, 0x41, 0xc5, 0x28, 0xc3, 0x10,
  0xe3, 0x08, 0xc3, 0x08, 0xa3, 0x08, 0xa3, 0x00, 0xa4, 0x08, 0xa7, 0x28, 0x89, 0x38, 0x89, 0x38,
  0x48, 0x38, 0xc7, 0x40, 0xe6, 0x61, 0xe6, 0x69, 0x27, 0x51, 0x88, 0x38, 0x88, 0x30, 0x64, 0x08,
  0x63, 0x00, 0x63, 0x00, 0x83, 0x00, 0x83, 0x08, 0xa4, 0x08, 0xa4, 0x08, 0xa5, 0x18, 0x87, 0x30,
  0xa7, 0x30, 0x86, 0x20, 0x86, 0x20, 0xa7, 0x30, 0xa7, 0x30, 0x85, 0x18, 0x63, 0x00, 0x63, 0x08,
  0x22, 0x00, 0x2d, 0x5b, 0x9b, 0xce, 0x39, 0xbe, 0xf4, 0x94, 0x4a, 0x42, 0xc8, 0x39, 0x7b, 0xce,
  0xdc, 0xd6, 0x76, 0xad, 0xfc, 0xd6, 0xdc, 0xd6, 0xdc, 0xd6, 0xd8, 0xad, 0xfc, 0xd6, 0xf1, 0x83,
  0x4b, 0x72, 0x52, 0xb4, 0x15, 0xbd, 0x56, 0xbd, 0x55, 0xc5, 0x92, 0xac, 0x28, 0x42, 0x61, 0x00,
  0x82, 0x08, 0x83, 0x08, 0x82, 0x08, 0x82, 0x08, 0x82, 0x08, 0x83, 0x08, 0x83, 0x08, 0x82, 0x08,
  0x62, 0x00, 0x82, 0x08, 0x24, 0x21, 0xa5, 0x41, 0x63, 0x39, 0x43, 0x39, 0xa5, 0x41, 0xa5, 0x41,
  0x84, 0x39, 0x03, 0x29, 0xc3, 0x18, 0xa2, 0x08, 0xa2, 0x08, 0xa2, 0x08, 0x82, 0x00, 0x61, 0x00,
  0x61, 0x00, 0x61, 0x00, 0x82, 0x00, 0xa2, 0x00, 0xc2, 0x08, 0xc3, 0x00, 0xc3, 0x00, 0xc3, 0x00,
  0xc3, 0x00, 0xa2, 0x00, 0xa2, 0x00, 0x82, 0x00, 0x62, 0x00, 0x62, 0x00, 0x62, 0x00, 0x82, 0x00,
  0x82, 0x00, 0x83, 0x00, 0x83, 0x00, 0x83, 0x00, 0xa3, 0x08, 0xc4, 0x18, 0xa4, 0x10, 0x83, 0x10,
  0xa5, 0x28, 0x63, 0x10, 0xa5, 0x18, 0xa5, 0x20, 0xa5, 0x20, 0xe5, 0x28, 0xc5, 0x28, 0x83, 0x08,
  0x82, 0x00, 0x83, 0x00, 0xa3, 0x08, 0xc3, 0x08, 0xc3, 0x08, 0x82, 0x00, 0x62, 0x00, 0x62, 0x00,
  0x62, 0x00, 0x82, 0x00, 0x82, 0x00, 0xa3, 0x00, 0xc3, 0x00, 0xc3, 0x00, 0xc3, 0x00, 0xa2, 0x00,
  0x82, 0x00, 0x62, 0x00, 0x82, 0x00, 0x82, 0x00, 0xa3, 0x08, 0xa3, 0x08, 0xc3, 0x08, 0xc3, 0x08,
  0xc3, 0x10, 0xc3, 0x10, 0xc3, 0x10, 0xe4, 0x20, 0x05, 0x29, 0x46, 0x31, 0x26, 0x31, 0xe4, 0x18,
  0xa4, 0x10, 0xa3, 0x08, 0x83, 0x08, 0x62, 0x00, 0x83, 0x10, 0xc4, 0x20, 0xa5, 0x30, 0xc6, 0x38,
  0x27, 0x41, 0x27, 0x49, 0x27, 0x49, 0x28, 0x49, 0x27, 0x51, 0x06, 0x49, 0xe6, 0x38, 0x05, 0x19,
  0x04, 0x11, 0xe4, 0x10, 0xe4, 0x08, 0xe4, 0x08, 0xe4, 0x10, 0xc8, 0x30, 0xa9, 0x40, 0x89, 0x40,
  0x69, 0x38, 0x68, 0x38, 0x07, 0x49, 0x27, 0x51, 0x86, 0x30, 0x87, 0x28, 0x64, 0x10, 0x63, 0x00,
  0x83, 0x00, 0x83, 0x00, 0xa3, 0x08, 0xa4, 0x08, 0xa4, 0x08, 0xa4, 0x08, 0xa4, 0x10, 0x85, 0x18,
  0x84, 0x10, 0x84, 0x00, 0xa5, 0x08, 0x85, 0x18, 0x85, 0x18, 0x84, 0x08, 0x63, 0x00, 0x83, 0x08,
  0x22, 0x00, 0x2d, 0x5b, 0x7e, 0xe7, 0xfc, 0xd6, 0x3d, 0xdf, 0xfc, 0xd6, 0xf8, 0xb5, 0x3a, 0xbe,
  0xdc, 0xd6, 0xbc, 0xce, 0xdc, 0xce, 0xbb, 0xce, 0xdb, 0xce, 0x9b, 0xc6, 0xdc, 0xce, 0x73, 0x9c,
  0x90, 0x9b, 0x6f, 0x9b, 0xcd, 0x82, 0x0e, 0x93, 0x8c, 0x7a, 0x05, 0x29, 0x41, 0x00, 0x82, 0x08,
  0xa2, 0x08, 0x82, 0x08, 0x82, 0x08, 0x83, 0x08, 0x82, 0x08, 0x82, 0x00, 0x62, 0x00, 0x82, 0x08,
  0x82, 0x08, 0x82, 0x08, 0x24, 0x21, 0x64, 0x39, 0x02, 0x29, 0x81, 0x18, 0xe2, 0x28, 0x43, 0x39,
  0x84, 0x41, 0xa5, 0x41, 0x24, 0x21, 0x82, 0x00, 0xa2, 0x08, 0xa2, 0x08, 0xa2, 0x08, 0x82, 0x00,
  0x62, 0x00, 0x61, 0x00, 0x62, 0x00, 0x82, 0x00, 0xc3, 0x08, 0xe3, 0x08, 0xc3, 0x08, 0xc3, 0x00,
  0xc3, 0x00, 0xa3, 0x00, 0xa3, 0x00, 0x82, 0x00, 0x62, 0x00, 0x62, 0x00, 0x82, 0x00, 0x82, 0x00,
  0x83, 0x00, 0xa3, 0x00, 0xa3, 0x00, 0x83, 0x00, 0xa3, 0x08, 0xc5, 0x28, 0xa4, 0x20, 0x84, 0x18,
  0x63, 0x18, 0xc6, 0x30, 0xe7, 0x48, 0xe7, 0x48, 0x08, 0x51, 0x28, 0x49, 0xc6, 0x38, 0x84, 0x20,
  0x82, 0x00, 0x82, 0x00, 0xa3, 0x08, 0xc3, 0x08, 0xa3, 0x08, 0x82, 0x00, 0x62, 0x00, 0x62, 0x00,
  0x62, 0x00, 0x82, 0x00, 0x82, 0x00, 0xc3, 0x08, 0xc3, 0x08, 0xc3, 0x08, 0xc3, 0x08, 0xa3, 0x00,
  0xa2, 0x00, 0x82, 0x00, 0x82, 0x08, 0x82, 0x08, 0x82, 0x08, 0x63, 0x00, 0x62, 0x00, 0x62, 0x00,
  0x42, 0x00, 0x41, 0x00, 0x41, 0x00, 0x62, 0x10, 0xc4, 0x20, 0x26, 0x31, 0x46, 0x31, 0x46, 0x31,
  0x66, 0x29, 0x66, 0x29, 0x66, 0x29, 0x46, 0x31, 0x67, 0x39, 0xa8, 0x49, 0xa8, 0x51, 0xa9, 0x51,
  0xea, 0x61, 0x89, 0x51, 0x47, 0x49, 0x07, 0x49, 0xe6, 0x40, 0xa5, 0x40, 0xa5, 0x28, 0xa4, 0x10,
  0xc4, 0x08, 0xe4, 0x08, 0xe4, 0x10, 0xe4, 0x08, 0xc5, 0x10, 0xc7, 0x28, 0xc8, 0x38, 0xa8, 0x38,
  0x68, 0x30, 0x89, 0x38, 0xa8, 0x40, 0xa7, 0x30, 0xa6, 0x20, 0x84, 0x10, 0x83, 0x08, 0x83, 0x08,
  0xa3, 0x08, 0xa4, 0x08, 0xe5, 0x10, 0x05, 0x19, 0xe5, 0x10, 0xa4, 0x08, 0xc4, 0x08, 0xa4, 0x08,
  0xa4, 0x00, 0xa4, 0x08, 0xa4, 0x10, 0xc5, 0x10, 0xe6, 0x18, 0xc5, 0x10, 0x83, 0x08, 0x63, 0x08,
  0x83, 0x08, 0x22, 0x00, 0x32, 0x7c, 0x1d, 0xdf, 0xbb, 0xce, 0xfc, 0xd6, 0x1d, 0xd7, 0x7a, 0xc6,
  0x9b, 0xc6, 0xbb, 0xce, 0xbb, 0xce, 0x59, 0xbe, 0x9a, 0xc6, 0xbb, 0xce, 0xbb, 0xce, 0xd8, 0xbd,
  0x5a, 0xce, 0xd8, 0xbd, 0xb4, 0xa4, 0x11, 0x94, 0xcc, 0x62, 0x04, 0x19, 0x82, 0x08, 0x83, 0x08,
  0xa2, 0x08, 0xa3, 0x08, 0x83, 0x08, 0x82, 0x08, 0x82, 0x08, 0x82, 0x00, 0x82, 0x08, 0x82, 0x08,
  0x83, 0x08, 0x82, 0x08, 0xe3, 0x18, 0x64, 0x39, 0x64, 0x39, 0x23, 0x31, 0xa1, 0x20, 0x02, 0x31,
  0xa4, 0x41, 0xc5, 0x41, 0x03, 0x21, 0x82, 0x00, 0xa2, 0x08, 0xa2, 0x08, 0xa2, 0x08, 0xa2, 0x08,
  0x82, 0x00, 0x62, 0x00, 0x61, 0x00, 0x62, 0x00, 0xa2, 0x00, 0xa3, 0x00, 0xa3, 0x00, 0xa2, 0x00,
  0xa2, 0x00, 0xa3, 0x00, 0xc3, 0x00, 0xa2, 0x00, 0x62, 0x00, 0x82, 0x00, 0x82, 0x00, 0x82, 0x00,
  0xa3, 0x00, 0xa3, 0x00, 0xa3, 0x00, 0x83, 0x00, 0xa4, 0x10, 0xc6, 0x30, 0xa5, 0x30, 0xa5, 0x30,
  0x63, 0x10, 0xc7, 0x40, 0xe8, 0x50, 0x08, 0x51, 0x29, 0x59, 0x08, 0x51, 0xa6, 0x38, 0xa5, 0x30,
  0x83, 0x08, 0xa2, 0x00, 0xa3, 0x08, 0xc3, 0x08, 0xa3, 0x08, 0x62, 0x00, 0x62, 0x00, 0x62, 0x00,
  0x82, 0x00, 0x82, 0x00, 0xc3, 0x08, 0xe3, 0x08, 0xc3, 0x08, 0xe3, 0x08, 0xe3, 0x08, 0xc3, 0x08,
  0x62, 0x00, 0x21, 0x00, 0x20, 0x00, 0x41, 0x00, 0x83, 0x08, 0x25, 0x21, 0xa8, 0x39, 0x29, 0x4a,
  0x8b, 0x5a, 0xed, 0x72, 0xaf, 0x8b, 0x73, 0xa4, 0xf5, 0xbc, 0x36, 0xc5, 0x77, 0xcd, 0x97, 0xd5,
  0xb7, 0xd5, 0xd8, 0xd5, 0xd8, 0xd5, 0xd8, 0xdd, 0xb7, 0xd5, 0xb8, 0xd5, 0xb8, 0xd5, 0x97, 0xd5,
  0x77, 0xcd, 0x36, 0xc5, 0xb4, 0xbc, 0x32, 0xac, 0x90, 0x9b, 0xee, 0x82, 0x6b, 0x6a, 0xe9, 0x49,
  0x86, 0x21, 0x24, 0x11, 0xc3, 0x08, 0x82, 0x00, 0x42, 0x00, 0x43, 0x00, 0x63, 0x08, 0x25, 0x18,
  0x48, 0x30, 0x89, 0x38, 0xa9, 0x38, 0x87, 0x28, 0x84, 0x10, 0x83, 0x08, 0x63, 0x00, 0x62, 0x00,
  0x62, 0x00, 0x62, 0x00, 0x62, 0x00, 0xa4, 0x08, 0xc4, 0x08, 0x83, 0x08, 0x63, 0x00, 0x62, 0x00,
  0x63, 0x00, 0x83, 0x00, 0x63, 0x08, 0x84, 0x08, 0x84, 0x08, 0x84, 0x08, 0x84, 0x08, 0x83, 0x08,
  0x42, 0x00, 0x46, 0x21, 0x8f, 0x6b, 0x7a, 0xc6, 0xfc, 0xd6, 0xfc, 0xd6, 0x9b, 0xce, 0x59, 0xbe,
  0x7a, 0xc6, 0x7a, 0xc6, 0xbb, 0xce, 0x39, 0xb6, 0x59, 0xbe, 0x7a, 0xc6, 0x9a, 0xce, 0xbb, 0xce,
  0xbb, 0xce, 0xdb, 0xce, 0xfc, 0xd6, 0xfc, 0xd6, 0xdb, 0xd6, 0xd7, 0xb5, 0x46, 0x21, 0x83, 0x08,
  0xa3, 0x08, 0x83, 0x08, 0x83, 0x08, 0x82, 0x08, 0x82, 0x08, 0xa2, 0x08, 0x82, 0x08, 0x82, 0x08,
  0x82, 0x08, 0x82, 0x08, 0x82, 0x10, 0x23, 0x31, 0x84, 0x39, 0x63, 0x39, 0x43, 0x31, 0x43, 0x39,
  0xa4, 0x41, 0xa5, 0x41, 0xc2, 0x18, 0x62, 0x00, 0x82, 0x08, 0x82, 0x08, 0x82, 0x00, 0xa2, 0x08,
  0xa2, 0x08, 0x82, 0x00, 0x62, 0x00, 0x62, 0x00, 0x82, 0x00, 0x82, 0x00, 0x82, 0x00, 0xa2, 0x00,
  0xa2, 0x00, 0xa2, 0x00, 0xc3, 0x00, 0xc3, 0x00, 0x82, 0x00, 0x82, 0x00, 0x82, 0x00, 0xa3, 0x00,
  0xa3, 0x00, 0x83, 0x00, 0xa3, 0x08, 0xa4, 0x18, 0xc5, 0x30, 0xc6, 0x40, 0xc6, 0x40, 0xc6, 0x40,
  0x63, 0x10, 0xc6, 0x38, 0xe8, 0x50, 0x08, 0x51, 0x08, 0x51, 0xe7, 0x48, 0xa6, 0x38, 0xa6, 0x40,
  0xa4, 0x20, 0xa3, 0x08, 0xc3, 0x08, 0xc3, 0x08, 0xa3, 0x08, 0x62, 0x00, 0x62, 0x00, 0x82, 0x00,
  0x82, 0x00, 0xc3, 0x08, 0x25, 0x21, 0x04, 0x11, 0xc3, 0x08, 0xa2, 0x00, 0x82, 0x00, 0x82, 0x00,
  0x05, 0x19, 0x8a, 0x4a, 0x8e, 0x7b, 0x51, 0x94, 0x15, 0xbd, 0xd7, 0xd5, 0x19, 0xe6, 0x39, 0xee,
  0x5a, 0xee, 0x7a, 0xf6, 0x7a, 0xf6, 0x7a, 0xf6, 0x5a, 0xf6, 0x5a, 0xee, 0x59, 0xee, 0x39, 0xee,
  0x39, 0xee, 0x39, 0xee, 0x39, 0xee, 0x39, 0xe6, 0x39, 0xe6, 0x39, 0xe6, 0x39, 0xe6, 0x39, 0xe6,
  0x39, 0xe6, 0x39, 0xe6, 0x59, 0xee, 0x7a, 0xee, 0x5a, 0xee, 0x5a, 0xee, 0x3a, 0xe6, 0x19, 0xde,
  0xf8, 0xcd, 0x55, 0xb5, 0x92, 0x9c, 0xf0, 0x83, 0x8e, 0x73, 0x0d, 0x63, 0x6a, 0x4a, 0xca, 0x49,
  0x4a, 0x51, 0x0a, 0x49, 0xc9, 0x40, 0x86, 0x30, 0xa4, 0x18, 0xc4, 0x18, 0xe4, 0x18, 0x66, 0x29,
  0x08, 0x3a, 0xcb, 0x5a, 0x8e, 0x73, 0xf0, 0x83, 0x31, 0x94, 0x51, 0x94, 0x10, 0x8c, 0xf0, 0x8b,
  0xf0, 0x8b, 0xf1, 0x8b, 0xd0, 0x8b, 0x8f, 0x83, 0x6e, 0x7b, 0xcc, 0x62, 0x47, 0x31, 0xc5, 0x18,
  0xa4, 0x10, 0xf0, 0x73, 0x3d, 0xdf, 0x9b, 0xce, 0x9a, 0xc6, 0xbb, 0xce, 0xfc, 0xd6, 0x5a, 0xbe,
  0x39, 0xb6, 0x7a, 0xbe, 0x59, 0xbe, 0x59, 0xbe, 0x39, 0xbe, 0x39, 0xbe, 0x9a, 0xc6, 0x7a, 0xc6,
  0x7a, 0xc6, 0xbb, 0xce, 0xbb, 0xce, 0xbb, 0xce, 0xdb, 0xce, 0x55, 0x9d, 0x66, 0x19, 0x62, 0x00,
  0x82, 0x00, 0x82, 0x08, 0x82, 0x08, 0x82, 0x08, 0xa2, 0x08, 0xa2, 0x08, 0x82, 0x08, 0x82, 0x08,
  0x82, 0x08, 0x82, 0x08, 0x82, 0x10, 0xe2, 0x28, 0x23, 0x31, 0xe2, 0x28, 0xe2, 0x28, 0x43, 0x31,
  0x84, 0x41, 0x44, 0x31, 0x61, 0x08, 0x62, 0x00, 0x62, 0x00, 0x61, 0x00, 0x61, 0x00, 0x62, 0x00,
  0x82, 0x00, 0x82, 0x00, 0x82, 0x00, 0x62, 0x00, 0x62, 0x00, 0x62, 0x00, 0x82, 0x00, 0x82, 0x00,
  0x82, 0x00, 0x82, 0x00, 0xa2, 0x00, 0xc3, 0x08, 0x82, 0x00, 0x82, 0x00, 0xa3, 0x00, 0xc3, 0x08,
  0xa3, 0x00, 0xa3, 0x10, 0xc6, 0x38, 0xc6, 0x48, 0xc6, 0x48, 0xc6, 0x48, 0xe7, 0x50, 0xe7, 0x50,
  0x63, 0x10, 0xc7, 0x40, 0xe8, 0x50, 0xe8, 0x50, 0xe8, 0x50, 0xe8, 0x48, 0xe7, 0x48, 0xa7, 0x48,
  0xa4, 0x30, 0xa3, 0x10, 0xc3, 0x08, 0xc3, 0x08, 0xa2, 0x00, 0x82, 0x00, 0xa2, 0x00, 0xa3, 0x00,
  0xa2, 0x00, 0x82, 0x08, 0xe3, 0x20, 0xc3, 0x10, 0x24, 0x11, 0xc7, 0x29, 0xec, 0x5a, 0xb3, 0xa4,
  0xb7, 0xd5, 0x7a, 0xee, 0x9a, 0xf6, 0x9a, 0xf6, 0x7a, 0xee, 0x59, 0xee, 0x39, 0xee, 0x39, 0xee,
  0x39, 0xee, 0x39, 0xe6, 0x18, 0xe6, 0x38, 0xe6, 0x39, 0xe6, 0x39, 0xe6, 0x39, 0xe6, 0x39, 0xe6,
  0x39, 0xe6, 0x39, 0xe6, 0x39, 0xe6, 0x39, 0xe6, 0x39, 0xe6, 0x39, 0xe6, 0x39, 0xe6, 0x39, 0xe6,
  0x39, 0xe6, 0x39, 0xee, 0x39, 0xe6, 0x39, 0xe6, 0x19, 0xe6, 0x19, 0xe6, 0x39, 0xe6, 0x39, 0xe6,
  0x39, 0xe6, 0x59, 0xe6, 0x59, 0xe6, 0x5a, 0xee, 0x5a, 0xe6, 0x59, 0xe6, 0x39, 0xe6, 0x19, 0xde,
  0xb8, 0xd5, 0x57, 0xcd, 0x16, 0xc5, 0xf5, 0xbc, 0x15, 0xbd, 0x15, 0xbd, 0x56, 0xc5, 0xb7, 0xd5,
  0xf8, 0xdd, 0x39, 0xe6, 0x39, 0xe6, 0x39, 0xe6, 0x39, 0xe6, 0x39, 0xe6, 0x39, 0xe6, 0x19, 0xe6,
  0x19, 0xe6, 0x19, 0xe6, 0xf8, 0xdd, 0xf8, 0xdd, 0xd7, 0xdd, 0xd8, 0xdd, 0x35, 0xb5, 0x35, 0xad,
  0x59, 0xc6, 0xbb, 0xce, 0xdb, 0xce, 0xfc, 0xd6, 0xdb, 0xce, 0xba, 0xc6, 0x9a, 0xbe, 0x9b, 0xc6,
  0x58, 0xc6, 0xf5, 0xcd, 0xd4, 0xcd, 0x15, 0xc6, 0x58, 0xc6, 0x59, 0xbe, 0x38, 0xb6, 0x59, 0xbe,
  0xbb, 0xce, 0xdb, 0xce, 0xbb, 0xce, 0x7a, 0xc6, 0x7a, 0xc6, 0xd7, 0xad, 0xa7, 0x29, 0x41, 0x00,
  0x62, 0x00, 0x62, 0x00, 0x82, 0x00, 0x82, 0x08, 0xa3, 0x08, 0x82, 0x08, 0x62, 0x00, 0x61, 0x00,
  0x61, 0x00, 0xa2, 0x10, 0xc3, 0x20, 0x04, 0x31, 0x45, 0x39, 0xc6, 0x41, 0xaa, 0x62, 0xc5, 0x41,
  0x63, 0x39, 0x03, 0x29, 0x41, 0x08, 0x62, 0x00, 0x61, 0x00, 0x61, 0x00, 0x61, 0x00, 0x61, 0x00,
  0x61, 0x00, 0x62, 0x00, 0x82, 0x08, 0x61, 0x00, 0x81, 0x08, 0xe4, 0x18, 0xc3, 0x08, 0x82, 0x00,
  0x82, 0x00, 0x82, 0x00, 0xa2, 0x00, 0xc3, 0x08, 0xa3, 0x00, 0x82, 0x00, 0x82, 0x00, 0xa3, 0x00,
  0xa3, 0x00, 0xc4, 0x18, 0xc6, 0x48, 0xa6, 0x48, 0xc6, 0x48, 0xc6, 0x48, 0xe7, 0x58, 0xe7, 0x60,
  0xa6, 0x38, 0xe8, 0x50, 0x08, 0x51, 0xe8, 0x50, 0xe8, 0x50, 0x08, 0x51, 0x08, 0x51, 0xe7, 0x50,
  0xa5, 0x30, 0xa3, 0x10, 0xc3, 0x08, 0xc3, 0x08, 0xa3, 0x08, 0x82, 0x00, 0x82, 0x00, 0x41, 0x00,
  0xe3, 0x08, 0x28, 0x42, 0x6e, 0x83, 0x71, 0x9c, 0x76, 0xc5, 0x39, 0xde, 0x9a, 0xee, 0x9a, 0xf6,
  0x7a, 0xee, 0x59, 0xe6, 0x39, 0xe6, 0x39, 0xe6, 0x59, 0xe6, 0x59, 0xee, 0x59, 0xee, 0x59, 0xee,
  0x59, 0xee, 0x59, 0xee, 0x59, 0xee, 0x59, 0xee, 0x59, 0xee, 0x59, 0xee, 0x59, 0xee, 0x5a, 0xee,
  0x5a, 0xee, 0x5a, 0xee, 0x5a, 0xee, 0x3a, 0xee, 0x5a, 0xee, 0x5a, 0xee, 0x39, 0xe6, 0x39, 0xee,
  0x3a, 0xee, 0x3a, 0xee, 0x39, 0xee, 0x39, 0xee, 0x39, 0xe6, 0x39, 0xe6, 0x39, 0xe6, 0x39, 0xe6,
  0x39, 0xe6, 0x39, 0xe6, 0x39, 0xe6, 0x39, 0xe6, 0x18, 0xde, 0x19, 0xde, 0x19, 0xde, 0x19, 0xde,
  0x39, 0xe6, 0x39, 0xe6, 0x39, 0xe6, 0x59, 0xee, 0x59, 0xe6, 0x39, 0xee, 0x39, 0xe6, 0x19, 0xe6,
  0xf8, 0xdd, 0xf8, 0xdd, 0xf8, 0xdd, 0xf7, 0xdd, 0xf8, 0xdd, 0xf8, 0xdd, 0xd7, 0xdd, 0xd8, 0xdd,
  0xd8, 0xd5, 0xb7, 0xd5, 0xb7, 0xd5, 0x96, 0xd5, 0x96, 0xd5, 0x96, 0xcd, 0x9a, 0xce, 0x7d, 0xdf,
  0x3d, 0xdf, 0x3d, 0xdf, 0x3d, 0xd7, 0xdb, 0xce, 0x7a, 0xbe, 0x59, 0xbe, 0x39, 0xb6, 0x38, 0xbe,
  0x93, 0xc5, 0xb0, 0xd5, 0xb0, 0xd5, 0xb1, 0xd5, 0xb2, 0xc5, 0x58, 0xce, 0x9a, 0xc6, 0x7a, 0xc6,
  0x9a, 0xc6, 0x7a, 0xbe, 0x7a, 0xbe, 0x7a, 0xc6, 0x9a, 0xc6, 0xf8, 0xb5, 0x8b, 0x42, 0x83, 0x08,
  0x82, 0x08, 0x82, 0x08, 0x82, 0x08, 0xc3, 0x10, 0xc3, 0x10, 0x82, 0x08, 0xc3, 0x10, 0x24, 0x21,
  0x28, 0x42, 0x0c, 0x6b, 0x8e, 0x83, 0x51, 0x9c, 0x92, 0xa4, 0xf4, 0xac, 0xf4, 0xac, 0x27, 0x52,
  0x43, 0x31, 0xc2, 0x18, 0x41, 0x00, 0x62, 0x00, 0x61, 0x00, 0x61, 0x00, 0x61, 0x00, 0x41, 0x00,
  0x61, 0x00, 0x61, 0x00, 0x61, 0x00, 0xc3, 0x18, 0x65, 0x39, 0x65, 0x31, 0x82, 0x08, 0x82, 0x00,
  0x62, 0x00, 0x82, 0x00, 0x82, 0x00, 0xa2, 0x00, 0x82, 0x00, 0x82, 0x00, 0x82, 0x00, 0xa3, 0x00,
  0xa3, 0x00, 0xa3, 0x08, 0xe6, 0x38, 0xe6, 0x38, 0xc5, 0x38, 0xc6, 0x50, 0xe7, 0x58, 0x07, 0x61,
  0x08, 0x59, 0x09, 0x59, 0x29, 0x59, 0x29, 0x59, 0x29, 0x59, 0x28, 0x59, 0x29, 0x59, 0x08, 0x59,
  0xa5, 0x38, 0xa3, 0x10, 0xc3, 0x10, 0xa3, 0x10, 0x21, 0x00, 0x41, 0x00, 0xa6, 0x29, 0x8e, 0x73,
  0x96, 0xc5, 0x7a, 0xee, 0xbb, 0xf6, 0xbb, 0xf6, 0x9a, 0xf6, 0x79, 0xee, 0x59, 0xe6, 0x59, 0xee,
  0x7a, 0xee, 0x7a, 0xee, 0x7a, 0xee, 0x7a, 0xee, 0x7a, 0xee, 0x7a, 0xee, 0x7a, 0xee, 0x7a, 0xee,
  0x7a, 0xee, 0x5a, 0xee, 0x5a, 0xee, 0x5a, 0xee, 0x5a, 0xee, 0x5a, 0xee, 0x5a, 0xee, 0x5a, 0xee,
  0x5a, 0xee, 0x5a, 0xee, 0x5a, 0xee, 0x5a, 0xee, 0x7a, 0xee, 0x5a, 0xee, 0x5a, 0xee, 0x5a, 0xee,
  0x5a, 0xee, 0x5a, 0xee, 0x5a, 0xee, 0x5a, 0xee, 0x5a, 0xee, 0x5a, 0xee, 0x5a, 0xee, 0x5a, 0xee,
  0x59, 0xe6, 0x59, 0xee, 0x59, 0xe6, 0x59, 0xe6, 0x39, 0xe6, 0x39, 0xe6, 0x39, 0xe6, 0x39, 0xe6,
  0x39, 0xe6, 0x19, 0xe6, 0x19, 0xe6, 0x19, 0xe6, 0x18, 0xe6, 0x19, 0xe6, 0x39, 0xe6, 0x19, 0xe6,
  0x19, 0xe6, 0x18, 0xe6, 0x18, 0xe6, 0x18, 0xe6, 0x18, 0xe6, 0x18, 0xde, 0xf8, 0xdd, 0xf8, 0xdd,
  0xf8, 0xdd, 0xd8, 0xdd, 0xd7, 0xd5, 0xb7, 0xd5, 0xb7, 0xd5, 0xb7, 0xd5, 0x39, 0xce, 0x1c, 0xd7,
  0x3d, 0xd7, 0xfc, 0xd6, 0xbb, 0xc6, 0x7a, 0xbe, 0x59, 0xbe, 0x39, 0xb6, 0x38, 0xb6, 0xf5, 0xbd,
  0x91, 0xd5, 0x4f, 0xc5, 0xae, 0xa4, 0xce, 0xa4, 0x90, 0xcd, 0xd3, 0xcd, 0x59, 0xbe, 0x39, 0xb6,
  0x18, 0xb6, 0x18, 0xb6, 0x7a, 0xbe, 0xfc, 0xd6, 0xdc, 0xd6, 0x3d, 0xdf, 0x7a, 0xc6, 0x0e, 0x7b,
  0x11, 0x9c, 0x73, 0xa4, 0x73, 0xa4, 0x93, 0xa4, 0x93, 0xa4, 0x92, 0xa4, 0xd4, 0xac, 0xf4, 0xb4,
  0x35, 0xbd, 0x55, 0xbd, 0x35, 0xbd, 0x35, 0xbd, 0x35, 0xbd, 0x35, 0xbd, 0xae, 0x83, 0x65, 0x39,
  0x23, 0x29, 0x61, 0x08, 0x41, 0x08, 0x62, 0x00, 0x61, 0x00, 0x82, 0x08, 0x82, 0x00, 0x61, 0x00,
  0x61, 0x00, 0x81, 0x00, 0x04, 0x29, 0x65, 0x49, 0x85, 0x41, 0xc2, 0x10, 0x62, 0x00, 0x82, 0x00,
  0x82, 0x00, 0x82, 0x00, 0x82, 0x00, 0x82, 0x00, 0xa2, 0x00, 0xa2, 0x00, 0xa2, 0x00, 0xa3, 0x00,
  0xa3, 0x00, 0xe4, 0x08, 0xa3, 0x10, 0xc4, 0x20, 0x07, 0x49, 0x07, 0x59, 0xe6, 0x58, 0xe7, 0x58,
  0x29, 0x59, 0x28, 0x59, 0x28, 0x61, 0x69, 0x61, 0x89, 0x61, 0x88, 0x61, 0x48, 0x59, 0xe8, 0x58,
  0xc6, 0x40, 0xc4, 0x18, 0x62, 0x00, 0x82, 0x08, 0x29, 0x4a, 0xb3, 0xa4, 0x79, 0xde, 0xdb, 0xf6,
  0xbb, 0xf6, 0x7a, 0xee, 0x7a, 0xee, 0x7a, 0xee, 0x7a, 0xee, 0x7a, 0xee, 0x9a, 0xee, 0x9a, 0xee,
  0x9a, 0xee, 0x9a, 0xee, 0x7a, 0xee, 0x7a, 0xee, 0x7a, 0xf6, 0x7a, 0xf6, 0x7a, 0xf6, 0x7a, 0xee,
  0x7a, 0xee, 0x5a, 0xee, 0x5a, 0xee, 0x5a, 0xee, 0x5a, 0xee, 0x7a, 0xee, 0x7a, 0xee, 0x7a, 0xee,
  0x7a, 0xee, 0x7a, 0xee, 0x7a, 0xee, 0x7a, 0xee, 0x7a, 0xee, 0x7a, 0xee, 0x7a, 0xee, 0x7a, 0xee,
  0x7a, 0xee, 0x7a, 0xee, 0x7a, 0xee, 0x5a, 0xee, 0x5a, 0xee, 0x5a, 0xee, 0x5a, 0xee, 0x5a, 0xee,
  0x59, 0xee, 0x59, 0xee, 0x59, 0xee, 0x59, 0xee, 0x59, 0xe6, 0x59, 0xe6, 0x59, 0xe6, 0x59, 0xe6,
  0x39, 0xe6, 0x39, 0xe6, 0x39, 0xe6, 0x39, 0xe6, 0x39, 0xe6, 0x39, 0xe6, 0x39, 0xe6, 0x39, 0xe6,
  0x39, 0xe6, 0x39, 0xe6, 0x19, 0xe6, 0x19, 0xe6, 0x19, 0xe6, 0x19, 0xe6, 0x18, 0xde, 0x18, 0xde,
  0xf8, 0xdd, 0xf8, 0xdd, 0xd8, 0xdd, 0xd7, 0xd5, 0xb7, 0xd5, 0xb8, 0xd5, 0xd8, 0xd5, 0xd5, 0xb4,
  0x36, 0xb5, 0xdb, 0xd6, 0x1c, 0xcf, 0x1c, 0xd7, 0xbb, 0xc6, 0x39, 0xb6, 0x38, 0xb6, 0xd4, 0xbd,
  0x90, 0xd5, 0xad, 0xa4, 0xce, 0x94, 0xae, 0x94, 0xee, 0xac, 0xd2, 0xd5, 0x36, 0xc6, 0x59, 0xbe,
  0x39, 0xb6, 0x39, 0xb6, 0x9a, 0xc6, 0xbb, 0xce, 0x5a, 0xc6, 0xb8, 0xbd, 0x12, 0x9c, 0xad, 0x82,
  0x4f, 0x93, 0xf1, 0xa3, 0x12, 0xa4, 0x12, 0xac, 0x52, 0xac, 0x93, 0xb4, 0xb4, 0xb4, 0xf4, 0xbc,
  0x15, 0xbd, 0x55, 0xc5, 0x55, 0xc5, 0x35, 0xbd, 0xb2, 0xac, 0x2b, 0x73, 0x64, 0x39, 0x65, 0x39,
  0xe3, 0x20, 0x41, 0x00, 0x61, 0x00, 0x62, 0x00, 0x41, 0x00, 0xe3, 0x20, 0xe3, 0x18, 0x60, 0x00,
  0xa1, 0x10, 0x44, 0x31, 0x64, 0x41, 0x64, 0x41, 0x03, 0x31, 0xa2, 0x10, 0xa2, 0x08, 0xa2, 0x00,
  0xa2, 0x00, 0x82, 0x00, 0x82, 0x00, 0x82, 0x00, 0xa3, 0x00, 0xa3, 0x00, 0xa3, 0x00, 0xa3, 0x00,
  0xc3, 0x08, 0xc3, 0x08, 0x62, 0x00, 0xe5, 0x30, 0x28, 0x61, 0x28, 0x61, 0xe7, 0x60, 0xe6, 0x58,
  0x29, 0x61, 0x28, 0x59, 0x29, 0x61, 0x68, 0x61, 0xc8, 0x69, 0xe7, 0x69, 0xe7, 0x61, 0x47, 0x61,
  0xa5, 0x40, 0x84, 0x20, 0x49, 0x4a, 0x15, 0xb5, 0xbb, 0xee, 0xfb, 0xf6, 0xba, 0xee, 0x7a, 0xee,
  0x9a, 0xee, 0x9a, 0xee, 0x9a, 0xee, 0x9a, 0xee, 0x9a, 0xee, 0x9a, 0xee, 0x9a, 0xf6, 0x9a, 0xf6,
  0x9a, 0xf6, 0x9a, 0xf6, 0x9a, 0xf6, 0x9a, 0xf6, 0x9a, 0xf6, 0x7a, 0xf6, 0x9a, 0xf6, 0x7a, 0xf6,
  0x7a, 0xf6, 0x7a, 0xf6, 0x7a, 0xee, 0x7a, 0xee, 0x7a, 0xee, 0x7a, 0xee, 0x7a, 0xee, 0x7a, 0xee,
  0x7a, 0xee, 0x7a, 0xee, 0x7a, 0xee, 0x7a, 0xee, 0x7a, 0xee, 0x7a, 0xee, 0x7a, 0xee, 0x7a, 0xee,
  0x7a, 0xee, 0x7a, 0xee, 0x7a, 0xee, 0x5a, 0xee, 0x5a, 0xee, 0x5a, 0xee, 0x5a, 0xee, 0x5a, 0xee,
  0x5a, 0xee, 0x5a, 0xee, 0x59, 0xee, 0x59, 0xee, 0x59, 0xee, 0x59, 0xee, 0x59, 0xe6, 0x59, 0xe6,
  0x39, 0xe6, 0x39, 0xe6, 0x39, 0xe6, 0x39, 0xe6, 0x39, 0xe6, 0x39, 0xe6, 0x39, 0xe6, 0x39, 0xe6,
  0x39, 0xe6, 0x39, 0xe6, 0x39, 0xe6, 0x39, 0xe6, 0x39, 0xe6, 0x19, 0xe6, 0x18, 0xe6, 0x18, 0xde,
  0xf8, 0xdd, 0xf8, 0xdd, 0xd8, 0xdd, 0xd8, 0xdd, 0xd7, 0xd5, 0xd8, 0xdd, 0x32, 0xb4, 0x4f, 0x93,
  0x19, 0xc6, 0x1d, 0xdf, 0x1c, 0xd7, 0x3c, 0xd7, 0xfb, 0xce, 0x39, 0xb6, 0x79, 0xbe, 0x37, 0xbe,
  0x91, 0xcd, 0x0f, 0xad, 0xad, 0x94, 0xae, 0x94, 0xee, 0xac, 0xb2, 0xd5, 0x36, 0xc6, 0x7a, 0xc6,
  0xba, 0xc6, 0xba, 0xc6, 0x9a, 0xc6, 0x76, 0xa5, 0x32, 0x94, 0x0e, 0x83, 0x4c, 0x82, 0x8d, 0x82,
  0x8c, 0x82, 0x6c, 0x7a, 0x6c, 0x82, 0x6c, 0x82, 0x8c, 0x82, 0x8c, 0x82, 0xac, 0x7a, 0xac, 0x7a,
  0xac, 0x72, 0xcd, 0x72, 0xec, 0x72, 0x69, 0x5a, 0xc5, 0x49, 0x64, 0x39, 0x64, 0x39, 0x43, 0x31,
  0xc2, 0x10, 0x61, 0x00, 0x82, 0x00, 0x62, 0x00, 0x61, 0x08, 0x44, 0x31, 0x43, 0x31, 0x60, 0x10,
  0xa1, 0x18, 0x44, 0x31, 0x64, 0x39, 0x44, 0x41, 0x64, 0x41, 0x44, 0x39, 0xe3, 0x18, 0xc3, 0x00,
  0xc3, 0x00, 0xa3, 0x00, 0xa2, 0x00, 0xa2, 0x00, 0xa3, 0x00, 0xa3, 0x00, 0xa3, 0x00, 0xa3, 0x00,
  0xc3, 0x00, 0xa3, 0x00, 0x82, 0x00, 0xc4, 0x28, 0x48, 0x61, 0x27, 0x59, 0xe5, 0x48, 0x27, 0x59,
  0x29, 0x61, 0x08, 0x59, 0x28, 0x61, 0x68, 0x61, 0xe8, 0x69, 0x07, 0x6a, 0xc6, 0x59, 0xc7, 0x61,
  0x8b, 0x72, 0xb3, 0xb4, 0xbb, 0xee, 0xfc, 0xf6, 0xba, 0xee, 0x9a, 0xee, 0xbb, 0xee, 0xbb, 0xee,
  0xbb, 0xf6, 0x9b, 0xf6, 0x9b, 0xf6, 0x9b, 0xf6, 0x9b, 0xf6, 0x9b, 0xf6, 0xbb, 0xf6, 0x9b, 0xf6,
  0x9a, 0xf6, 0x9a, 0xf6, 0x9a, 0xf6, 0x9a, 0xf6, 0x9a, 0xf6, 0x9a, 0xf6, 0x9a, 0xf6, 0x9a, 0xf6,
  0x7a, 0xf6, 0x7a, 0xf6, 0x7a, 0xf6, 0x7a, 0xee, 0x7a, 0xee, 0x7a, 0xee, 0x7a, 0xee, 0x7a, 0xee,
  0x7a, 0xee, 0x7a, 0xee, 0x7a, 0xee, 0x7a, 0xee, 0x7a, 0xee, 0x7a, 0xee, 0x7a, 0xee, 0x7a, 0xee,
  0x7a, 0xee, 0x7a, 0xee, 0x7a, 0xee, 0x7a, 0xee, 0x7a, 0xee, 0x5a, 0xee, 0x5a, 0xee, 0x5a, 0xee,
  0x5a, 0xee, 0x5a, 0xee, 0x59, 0xee, 0x59, 0xee, 0x59, 0xee, 0x59, 0xee, 0x59, 0xe6, 0x39, 0xe6,
  0x39, 0xe6, 0x39, 0xe6, 0x39, 0xe6, 0x39, 0xe6, 0x39, 0xe6, 0x39, 0xe6, 0x39, 0xe6, 0x39, 0xe6,
  0x39, 0xe6, 0x39, 0xe6, 0x39, 0xe6, 0x39, 0xe6, 0x39, 0xe6, 0x19, 0xe6, 0x19, 0xe6, 0x19, 0xde,
  0xf8, 0xdd, 0xf8, 0xdd, 0xd8, 0xdd, 0xd8, 0xdd, 0xd7, 0xd5, 0xd8, 0xdd, 0x52, 0xac, 0x96, 0xbd,
  0x5d, 0xdf, 0x1c, 0xdf, 0x3d, 0xdf, 0xfb, 0xce, 0x9a, 0xc6, 0xbb, 0xce, 0x7a, 0xbe, 0x59, 0xbe,
  0xd4, 0xc5, 0xb1, 0xd5, 0x2f, 0xb5, 0xee, 0xac, 0xb1, 0xd5, 0xd3, 0xd5, 0x38, 0xc6, 0x7a, 0xbe,
  0x9a, 0xc6, 0xdb, 0xce, 0xfb, 0xce, 0xdb, 0xce, 0x18, 0xbe, 0x97, 0xb5, 0x33, 0xa4, 0xce, 0x82,
  0x8c, 0x7a, 0x6b, 0x72, 0x2a, 0x62, 0xc9, 0x59, 0xa8, 0x49, 0x46, 0x41, 0x04, 0x21, 0xa3, 0x10,
  0x62, 0x08, 0x41, 0x00, 0x41, 0x08, 0x03, 0x21, 0x43, 0x29, 0x24, 0x29, 0xe2, 0x18, 0xa2, 0x10,
  0x82, 0x00, 0x82, 0x00, 0x82, 0x00, 0x61, 0x00, 0xa2, 0x10, 0x84, 0x41, 0x84, 0x39, 0xc1, 0x18,
  0xc1, 0x18, 0xc1, 0x18, 0x03, 0x29, 0x65, 0x41, 0x65, 0x49, 0x85, 0x49, 0x64, 0x31, 0xc2, 0x08,
  0xc3, 0x00, 0xc3, 0x00, 0xc3, 0x00, 0xa3, 0x00, 0xa3, 0x00, 0xa3, 0x00, 0xa3, 0x00, 0xa3, 0x00,
  0xc3, 0x00, 0xc3, 0x00, 0xa3, 0x00, 0x82, 0x08, 0xa4, 0x20, 0x83, 0x18, 0x06, 0x49, 0x68, 0x71,
  0x49, 0x69, 0x49, 0x61, 0x67, 0x61, 0x06, 0x6a, 0x26, 0x6a, 0x07, 0x62, 0xad, 0x93, 0x55, 0xc5,
  0x9a, 0xee, 0xdb, 0xee, 0x9a, 0xee, 0x9a, 0xee, 0xbb, 0xee, 0xdb, 0xee, 0xbb, 0xf6, 0xbb, 0xf6,
  0xbb, 0xf6, 0xbb, 0xf6, 0xbb, 0xf6, 0xbb, 0xf6, 0x9b, 0xf6, 0x9b, 0xf6, 0x9b, 0xf6, 0x9b, 0xf6,
  0x9a, 0xf6, 0x9a, 0xf6, 0x9a, 0xf6, 0x9a, 0xf6, 0x9a, 0xf6, 0x9a, 0xf6, 0x7a, 0xf6, 0x7a, 0xf6,
  0x7a, 0xf6, 0x7a, 0xf6, 0x7a, 0xf6, 0x9a, 0xee, 0x9a, 0xee, 0x7a, 0xf6, 0x7a, 0xee, 0x9a, 0xee,
  0x7a, 0xee, 0x7a, 0xee, 0x7a, 0xee, 0x7a, 0xee, 0x7a, 0xee, 0x7a, 0xee, 0x7a, 0xee, 0x7a, 0xee,
  0x7a, 0xee, 0x7a, 0xee, 0x7a, 0xee, 0x7a, 0xee, 0x7a, 0xee, 0x5a, 0xee, 0x5a, 0xee, 0x5a, 0xee,
  0x59, 0xee, 0x59, 0xee, 0x5a, 0xee, 0x59, 0xee, 0x59, 0xee, 0x39, 0xe6, 0x39, 0xe6, 0x39, 0xe6,
  0x39, 0xe6, 0x39, 0xe6, 0x39, 0xe6, 0x39, 0xe6, 0x39, 0xe6, 0x39, 0xe6, 0x39, 0xe6, 0x39, 0xe6,
  0x39, 0xe6, 0x39, 0xe6, 0x39, 0xe6, 0x19, 0xe6, 0x19, 0xe6, 0x19, 0xe6, 0x19, 0xde, 0x18, 0xde,
  0xf8, 0xdd, 0xf8, 0xdd, 0xd8, 0xdd, 0xd8, 0xdd, 0xd7, 0xd5, 0xb8, 0xd5, 0xd8, 0xd5, 0xfb, 0xde,
  0x5d, 0xdf, 0xdb, 0xce, 0xd8, 0xbd, 0x97, 0xb5, 0xfc, 0xd6, 0x1c, 0xd7, 0x59, 0xbe, 0x38, 0xb6,
  0x38, 0xbe, 0xf4, 0xcd, 0xf2, 0xd5, 0xf2, 0xd5, 0xf3, 0xd5, 0x36, 0xbe, 0x9a, 0xc6, 0x59, 0xbe,
  0x7a, 0xc6, 0xdb, 0xce, 0xfc, 0xd6, 0xfc, 0xd6, 0xdb, 0xce, 0x9a, 0xc6, 0x39, 0xbe, 0xab, 0x52,
  0xa3, 0x10, 0xa3, 0x10, 0x82, 0x08, 0x41, 0x00, 0x41, 0x00, 0x61, 0x00, 0x62, 0x00, 0x62, 0x00,
  0x82, 0x08, 0x82, 0x08, 0x82, 0x08, 0x82, 0x08, 0x82, 0x08, 0x82, 0x08, 0x61, 0x08, 0x62, 0x00,
  0x82, 0x00, 0x82, 0x00, 0x82, 0x00, 0x61, 0x00, 0xe3, 0x18, 0x84, 0x41, 0xa4, 0x41, 0x64, 0x39,
  0x44, 0x39, 0x23, 0x31, 0xa1, 0x20, 0x03, 0x31, 0x85, 0x41, 0x85, 0x41, 0xa5, 0x41, 0x24, 0x29,
  0xa3, 0x08, 0xc3, 0x00, 0xc3, 0x00, 0xc3, 0x00, 0xc3, 0x00, 0xc3, 0x00, 0xa3, 0x00, 0xc3, 0x00,
  0xc3, 0x00, 0xe3, 0x08, 0xc3, 0x00, 0xa3, 0x08, 0x82, 0x00, 0xa3, 0x08, 0x06, 0x49, 0xe6, 0x50,
  0x49, 0x69, 0x69, 0x69, 0x89, 0x69, 0xa8, 0x69, 0x49, 0x72, 0x75, 0xcd, 0xdb, 0xf6, 0xdc, 0xf6,
  0x9b, 0xee, 0x9b, 0xee, 0xbb, 0xee, 0xdc, 0xee, 0xdc, 0xf6, 0xdc, 0xf6, 0xdc, 0xf6, 0xdc, 0xf6,
  0xdc, 0xf6, 0xbb, 0xf6, 0xbb, 0xf6, 0xbb, 0xf6, 0xbb, 0xf6, 0xbb, 0xf6, 0xbb, 0xf6, 0x9b, 0xf6,
  0x9b, 0xf6, 0x9b, 0xf6, 0x9b, 0xf6, 0x9b, 0xf6, 0x9b, 0xf6, 0x9b, 0xf6, 0x7a, 0xf6, 0x7a, 0xf6,
  0x7a, 0xf6, 0x7a, 0xf6, 0x7a, 0xf6, 0x7a, 0xee, 0x9a, 0xee, 0x9a, 0xee, 0x9a, 0xee, 0x9a, 0xee,
  0x7a, 0xf6, 0x7a, 0xee, 0x7a, 0xee, 0x7a, 0xee, 0x7a, 0xee, 0x7a, 0xee, 0x7a, 0xee, 0x7a, 0xee,
  0x7a, 0xee, 0x7a, 0xee, 0x7a, 0xee, 0x7a, 0xee, 0x7a, 0xee, 0x5a, 0xee, 0x5a, 0xee, 0x5a, 0xee,
  0x59, 0xee, 0x59, 0xee, 0x59, 0xee, 0x39, 0xee, 0x39, 0xee, 0x39, 0xe6, 0x39, 0xe6, 0x39, 0xe6,
  0x39, 0xe6, 0x39, 0xe6, 0x19, 0xe6, 0x19, 0xe6, 0x19, 0xe6, 0x19, 0xe6, 0x39, 0xe6, 0x39, 0xe6,
  0x39, 0xe6, 0x39, 0xe6, 0x19, 0xe6, 0x19, 0xe6, 0x19, 0xe6, 0x19, 0xe6, 0x18, 0xde, 0x18, 0xde,
  0xf8, 0xdd, 0xd8, 0xdd, 0xd8, 0xdd, 0xf8, 0xdd, 0xd8, 0xdd, 0xb7, 0xd5, 0x56, 0xcd, 0x97, 0xbd,
  0x15, 0xb5, 0x12, 0x9c, 0x90, 0x93, 0x3a, 0xce, 0x3d, 0xdf, 0xfc, 0xd6, 0xdb, 0xce, 0x9a, 0xc6,
  0x7a, 0xbe, 0x79, 0xc6, 0x37, 0xc6, 0xf5, 0xc5, 0x17, 0xbe, 0x38, 0xbe, 0x99, 0xc6, 0x7a, 0xc6,
  0xbb, 0xc6, 0x1c, 0xd7, 0xfc, 0xd6, 0xdc, 0xd6, 0xdb, 0xce, 0xfc, 0xd6, 0xaf, 0x6b, 0xa3, 0x08,
  0xa3, 0x08, 0x62, 0x08, 0x62, 0x00, 0x82, 0x08, 0x82, 0x08, 0x83, 0x08, 0x83, 0x08, 0x82, 0x08,
  0x82, 0x00, 0x62, 0x00, 0x61, 0x00, 0x61, 0x00, 0x62, 0x08, 0x62, 0x00, 0x82, 0x00, 0x62, 0x00,
  0x82, 0x00, 0x82, 0x00, 0x82, 0x00, 0x61, 0x00, 0xe3, 0x18, 0x64, 0x39, 0x84, 0x41, 0x64, 0x39,
  0x44, 0x39, 0x43, 0x39, 0x03, 0x31, 0x81, 0x18, 0x04, 0x29, 0xa6, 0x39, 0xc6, 0x49, 0xa6, 0x41,
  0xc3, 0x10, 0xa3, 0x00, 0xc3, 0x00, 0xa3, 0x00, 0xc3, 0x00, 0xc3, 0x00, 0xc3, 0x00, 0xc3, 0x00,
  0xc3, 0x00, 0xc3, 0x08, 0xc3, 0x08, 0xa3, 0x00, 0xa3, 0x00, 0x83, 0x08, 0xa3, 0x20, 0xe6, 0x48,
  0x49, 0x69, 0x49, 0x69, 0x8a, 0x71, 0x29, 0x61, 0xb1, 0x9b, 0x1c, 0xf7, 0x9b, 0xee, 0xbb, 0xee,
  0xbb, 0xee, 0xdc, 0xf6, 0xfc, 0xf6, 0xfc, 0xf6, 0xfc, 0xf6, 0xfc, 0xf6, 0xfc, 0xf6, 0xdc, 0xf6,
  0xdc, 0xf6, 0xdc, 0xf6, 0xdb, 0xf6, 0xbb, 0xf6, 0xbb, 0xf6, 0xbb, 0xf6, 0xbb, 0xf6, 0xbb, 0xf6,
  0xbb, 0xf6, 0xbb, 0xf6, 0xbb, 0xf6, 0xbb, 0xf6, 0x9b, 0xf6, 0x9b, 0xf6, 0x9a, 0xf6, 0x7a, 0xf6,
  0x7a, 0xf6, 0x7a, 0xf6, 0x7a, 0xf6, 0x7a, 0xf6, 0x7a, 0xee, 0x7a, 0xee, 0x7a, 0xee, 0x7a, 0xee,
  0x7a, 0xf6, 0x7a, 0xee, 0x7a, 0xee, 0x7a, 0xee, 0x7a, 0xee, 0x7a, 0xee, 0x7a, 0xee, 0x7a, 0xee,
  0x7a, 0xee, 0x7a, 0xee, 0x7a, 0xee, 0x7a, 0xee, 0x5a, 0xee, 0x5a, 0xee, 0x59, 0xee, 0x59, 0xee,
  0x39, 0xee, 0x39, 0xee, 0x39, 0xee, 0x39, 0xe6, 0x39, 0xe6, 0x19, 0xe6, 0x19, 0xe6, 0x19, 0xe6,
  0x19, 0xe6, 0x19, 0xe6, 0x39, 0xee, 0x59, 0xe6, 0x39, 0xe6, 0x39, 0xe6, 0x19, 0xe6, 0x18, 0xe6,
  0x18, 0xe6, 0x19, 0xe6, 0x19, 0xe6, 0x19, 0xe6, 0x19, 0xde, 0x18, 0xde, 0xf8, 0xdd, 0xf8, 0xdd,
  0x18, 0xe6, 0xf9, 0xe5, 0xb7, 0xdd, 0xb4, 0xbc, 0xb1, 0xab, 0x4f, 0x9b, 0x0e, 0x9b, 0xce, 0x92,
  0xce, 0x92, 0xce, 0x92, 0x15, 0xad, 0x5d, 0xdf, 0xfc, 0xd6, 0x1c, 0xdf, 0xfc, 0xd6, 0xdb, 0xce,
  0x9a, 0xc6, 0x38, 0xb6, 0x79, 0xbe, 0x59, 0xbe, 0x5a, 0xbe, 0x5a, 0xbe, 0xba, 0xc6, 0xfc, 0xd6,
  0xbb, 0xce, 0xdb, 0xce, 0xfc, 0xd6, 0x1c, 0xd7, 0x1c, 0xd7, 0x1d, 0xd7, 0x5a, 0xc6, 0x29, 0x3a,
  0xc4, 0x10, 0xc4, 0x10, 0xa3, 0x08, 0x82, 0x08, 0xa3, 0x08, 0x04, 0x19, 0xe3, 0x18, 0xc3, 0x10,
  0x82, 0x08, 0x61, 0x00, 0x82, 0x10, 0xc3, 0x18, 0x82, 0x08, 0x62, 0x00, 0x82, 0x00, 0x82, 0x00,
  0x82, 0x00, 0x82, 0x00, 0x82, 0x00, 0x61, 0x00, 0xe3, 0x18, 0x64, 0x39, 0x43, 0x39, 0x43, 0x39,
  0x43, 0x39, 0x63, 0x39, 0x64, 0x39, 0xc3, 0x20, 0x41, 0x00, 0x82, 0x10, 0xa2, 0x10, 0xa2, 0x10,
  0x62, 0x00, 0x82, 0x00, 0x82, 0x00, 0xa3, 0x00, 0xc3, 0x00, 0xc3, 0x00, 0xc3, 0x00, 0xc3, 0x00,
  0xc3, 0x00, 0xc3, 0x00, 0xc3, 0x00, 0xa3, 0x00, 0xa2, 0x00, 0xa3, 0x00, 0xa3, 0x10, 0xc5, 0x30,
  0x49, 0x69, 0x69, 0x69, 0x89, 0x69, 0x27, 0x61, 0xf5, 0xbc, 0xfc, 0xf6, 0xbb, 0xee, 0xdc, 0xee,
  0xdc, 0xf6, 0xfc, 0xf6, 0xfc, 0xf6, 0xfc, 0xf6, 0xfc, 0xf6, 0xfc, 0xf6, 0xfc, 0xf6, 0xfc, 0xf6,
  0xdc, 0xf6, 0xdc, 0xf6, 0xdc, 0xf6, 0xdc, 0xf6, 0xdc, 0xf6, 0xdb, 0xf6, 0xdb, 0xf6, 0xbb, 0xf6,
  0xbb, 0xf6, 0xbb, 0xf6, 0xbb, 0xf6, 0xbb, 0xf6, 0x9b, 0xf6, 0x9b, 0xf6, 0x9a, 0xf6, 0x9a, 0xf6,
  0x7a, 0xf6, 0x7a, 0xf6, 0x7a, 0xf6, 0x7a, 0xf6, 0x7a, 0xf6, 0x7a, 0xf6, 0x7a, 0xf6, 0x7a, 0xf6,
  0x7a, 0xf6, 0x7a, 0xee, 0x7a, 0xee, 0x7a, 0xee, 0x7a, 0xee, 0x7a, 0xee, 0x7a, 0xee, 0x7a, 0xee,
  0x7a, 0xee, 0x7a, 0xee, 0x5a, 0xee, 0x5a, 0xee, 0x5a, 0xee, 0x5a, 0xee, 0x39, 0xe6, 0x39, 0xe6,
  0x39, 0xe6, 0x39, 0xe6, 0x19, 0xe6, 0x19, 0xe6, 0x39, 0xe6, 0x39, 0xe6, 0x39, 0xe6, 0x39, 0xe6,
  0xf8, 0xe5, 0x77, 0xdd, 0x15, 0xcd, 0xb3, 0xc4, 0xb4, 0xc4, 0x36, 0xcd, 0xd8, 0xdd, 0x39, 0xe6,
  0x39, 0xe6, 0x18, 0xe6, 0xf8, 0xe5, 0xf8, 0xdd, 0x19, 0xe6, 0x39, 0xe6, 0x39, 0xe6, 0xf8, 0xe5,
  0x56, 0xd5, 0x53, 0xbc, 0x0e, 0x9b, 0x6c, 0x8a, 0x6c, 0x8a, 0x8d, 0x92, 0xad, 0x92, 0xce, 0x9a,
  0xee, 0x9a, 0x4f, 0x93, 0x59, 0xc6, 0x3d, 0xdf, 0x1c, 0xdf, 0x1c, 0xd7, 0xbb, 0xce, 0x1c, 0xd7,
  0x9a, 0xc6, 0x7a, 0xc6, 0x59, 0xb6, 0xf8, 0xad, 0xbb, 0xc6, 0xbb, 0xce, 0xbb, 0xce, 0xfc, 0xd6,
  0xbb, 0xce, 0x7a, 0xc6, 0x5a, 0xbe, 0xf8, 0xb5, 0xf8, 0xbd, 0x7a, 0xc6, 0xf9, 0xbd, 0x4f, 0x73,
  0x8b, 0x5a, 0x6a, 0x52, 0x87, 0x39, 0xe4, 0x20, 0x62, 0x08, 0xc3, 0x20, 0x64, 0x39, 0x44, 0x31,
  0xe2, 0x20, 0xa2, 0x10, 0x04, 0x29, 0x44, 0x39, 0xc2, 0x10, 0x82, 0x00, 0x82, 0x00, 0x82, 0x00,
  0x82, 0x00, 0x82, 0x00, 0x82, 0x00, 0x82, 0x00, 0xc2, 0x18, 0x43, 0x39, 0x43, 0x39, 0x43, 0x39,
  0x64, 0x39, 0x84, 0x41, 0xa5, 0x41, 0xe3, 0x20, 0x61, 0x00, 0x61, 0x00, 0x41, 0x00, 0x61, 0x00,
  0x62, 0x00, 0x62, 0x00, 0x82, 0x00, 0xa3, 0x00, 0xc3, 0x00, 0xc3, 0x00, 0xc3, 0x00, 0xc3, 0x00,
  0xa3, 0x00, 0xa3, 0x00, 0xa3, 0x00, 0xa3, 0x00, 0x83, 0x00, 0xa3, 0x08, 0xa3, 0x08, 0xa3, 0x00,
  0x49, 0x69, 0x69, 0x69, 0x49, 0x69, 0x69, 0x69, 0xf8, 0xdd, 0xfb, 0xee, 0xdb, 0xee, 0xdc, 0xf6,
  0xfc, 0xf6, 0xfd, 0xf6, 0x1d, 0xf7, 0x1d, 0xf7, 0xfd, 0xf6, 0xfd, 0xf6, 0xfc, 0xf6, 0xfc, 0xf6,
  0xfc, 0xf6, 0xfc, 0xf6, 0xdc, 0xf6, 0xdc, 0xf6, 0xdc, 0xf6, 0xdb, 0xf6, 0xbb, 0xf6, 0xbb, 0xf6,
  0x9b, 0xf6, 0x9b, 0xf6, 0x9b, 0xf6, 0x9b, 0xf6, 0x9b, 0xf6, 0x9b, 0xf6, 0x9b, 0xf6, 0x9b, 0xf6,
  0x9a, 0xf6, 0x7a, 0xf6, 0x7a, 0xf6, 0x7a, 0xf6, 0x7a, 0xf6, 0x7a, 0xf6, 0x7a, 0xf6, 0x7a, 0xf6,
  0x7a, 0xf6, 0x7a, 0xf6, 0x7a, 0xf6, 0x7a, 0xf6, 0x7a, 0xee, 0x7a, 0xee, 0x7a, 0xee, 0x7a, 0xee,
  0x5a, 0xee, 0x5a, 0xee, 0x5a, 0xee, 0x39, 0xee, 0x39, 0xee, 0x39, 0xee, 0x39, 0xe6, 0x19, 0xe6,
  0x19, 0xe6, 0x39, 0xe6, 0x39, 0xee, 0x19, 0xe6, 0xb7, 0xdd, 0x35, 0xcd, 0xb4, 0xbc, 0x12, 0xb4,
  0x70, 0xa3, 0xee, 0x9a, 0xad, 0x92, 0x6c, 0x92, 0x6c, 0x92, 0x8d, 0x92, 0x0e, 0x9b, 0xd1, 0xb3,
  0xd4, 0xc4, 0xd8, 0xdd, 0x39, 0xee, 0xb3, 0xbc, 0x6f, 0x9b, 0xf1, 0xb3, 0x11, 0xac, 0x6f, 0xa3,
  0xad, 0x8a, 0x6c, 0x82, 0x6c, 0x8a, 0x8d, 0x92, 0xad, 0x92, 0xae, 0x92, 0xce, 0x92, 0xee, 0x9a,
  0xce, 0x9a, 0xf1, 0x9b, 0xfc, 0xd6, 0x1d, 0xdf, 0x1c, 0xdf, 0xdb, 0xce, 0xdb, 0xce, 0x1c, 0xd7,
  0x1c, 0xd7, 0xfd, 0xd6, 0x8f, 0x5b, 0x51, 0x74, 0x3d, 0xd7, 0xdc, 0xd6, 0xfc, 0xd6, 0xfc, 0xd6,
  0xfc, 0xce, 0xfc, 0xd6, 0x7a, 0xc6, 0x70, 0x8b, 0xad, 0x82, 0x2f, 0x8b, 0x0f, 0x8b, 0xef, 0x92,
  0xb4, 0xbc, 0x56, 0xc5, 0x15, 0xbd, 0x92, 0xa4, 0xaf, 0x83, 0x4d, 0x7b, 0x0b, 0x7b, 0x89, 0x62,
  0x07, 0x52, 0xc5, 0x41, 0xc5, 0x49, 0xa4, 0x49, 0xa1, 0x18, 0x41, 0x00, 0x41, 0x00, 0x41, 0x00,
  0x62, 0x00, 0x82, 0x00, 0x82, 0x00, 0xa2, 0x08, 0x81, 0x08, 0xe2, 0x18, 0x44, 0x39, 0x64, 0x39,
  0x64, 0x39, 0x64, 0x41, 0x23, 0x31, 0x61, 0x10, 0x62, 0x00, 0x62, 0x00, 0x82, 0x00, 0x63, 0x00,
  0x62, 0x00, 0x62, 0x00, 0x82, 0x00, 0xa3, 0x00, 0xc3, 0x00, 0xc3, 0x00, 0xc3, 0x00, 0xc3, 0x00,
  0xa3, 0x00, 0xa3, 0x00, 0xa3, 0x00, 0xa3, 0x00, 0xa3, 0x00, 0xa3, 0x00, 0xa2, 0x08, 0x84, 0x10,
  0x49, 0x69, 0x69, 0x69, 0x29, 0x69, 0xaa, 0x71, 0x19, 0xe6, 0xdb, 0xee, 0xdc, 0xee, 0xfc, 0xf6,
  0xfc, 0xf6, 0xfd, 0xf6, 0x1d, 0xf7, 0x1d, 0xf7, 0xfd, 0xf6, 0xfd, 0xf6, 0xfd, 0xf6, 0xfc, 0xf6,
  0xfc, 0xf6, 0xfc, 0xf6, 0xfc, 0xf6, 0xdc, 0xf6, 0xdc, 0xf6, 0xdb, 0xf6, 0xbb, 0xf6, 0xbb, 0xf6,
  0x9b, 0xf6, 0x9b, 0xf6, 0x9b, 0xf6, 0x9b, 0xf6, 0x9b, 0xf6, 0x9b, 0xf6, 0x9b, 0xf6, 0x9b, 0xf6,
  0x9a, 0xf6, 0x7a, 0xf6, 0x7a, 0xf6, 0x7a, 0xf6, 0x7a, 0xf6, 0x7a, 0xf6, 0x7a, 0xf6, 0x7a, 0xf6,
  0x7a, 0xf6, 0x7a, 0xf6, 0x7a, 0xee, 0x7a, 0xee, 0x5a, 0xee, 0x5a, 0xee, 0x5a, 0xee, 0x5a, 0xee,
  0x5a, 0xee, 0x5a, 0xee, 0x39, 0xee, 0x39, 0xee, 0x19, 0xe6, 0x19, 0xe6, 0x39, 0xe6, 0x39, 0xee,
  0xf9, 0xed, 0x77, 0xdd, 0xd4, 0xc4, 0xf1, 0xab, 0x4f, 0xa3, 0xee, 0x9a, 0xcd, 0x92, 0xad, 0x92,
  0xcd, 0x9a, 0xce, 0x9a, 0xad, 0x9a, 0xad, 0x9a, 0xad, 0x9a, 0xad, 0x9a, 0x8d, 0x92, 0x8d, 0x92,
  0x8d, 0x92, 0x0e, 0x93, 0xd4, 0xbc, 0xd8, 0xdd, 0x11, 0xac, 0xee, 0x9a, 0xad, 0x92, 0x6c, 0x8a,
  0x4b, 0x8a, 0x6c, 0x8a, 0x6c, 0x8a, 0x8d, 0x92, 0x8d, 0x92, 0x6d, 0x92, 0xad, 0x92, 0xee, 0x9a,
  0xad, 0x92, 0x53, 0xa4, 0x1c, 0xdf, 0x1d, 0xdf, 0xbb, 0xce, 0x1c, 0xd7, 0xfc, 0xd6, 0x1c, 0xd7,
  0x7e, 0xe7, 0x77, 0xa5, 0xca, 0x29, 0x8f, 0x73, 0xbb, 0xce, 0xdb, 0xce, 0xfc, 0xd6, 0xfc, 0xd6,
  0xfc, 0xd6, 0x5a, 0xc6, 0x5b, 0xce, 0x71, 0x9b, 0x6d, 0x8a, 0x8d, 0x8a, 0x8d, 0x8a, 0x8d, 0x8a,
  0xad, 0x8a, 0xd1, 0xa3, 0xd4, 0xbc, 0x76, 0xc5, 0x97, 0xc5, 0x76, 0xc5, 0x55, 0xc5, 0x35, 0xbd,
  0x14, 0xbd, 0xf3, 0xb4, 0xb2, 0xac, 0x91, 0xa4, 0xef, 0x8b, 0x6e, 0x7b, 0x4d, 0x73, 0x29, 0x42,
  0x82, 0x00, 0x62, 0x00, 0x82, 0x00, 0x82, 0x00, 0x82, 0x00, 0x82, 0x08, 0x44, 0x31, 0x64, 0x41,
  0x64, 0x39, 0x84, 0x41, 0x64, 0x39, 0x82, 0x10, 0x82, 0x00, 0x82, 0x00, 0x82, 0x00, 0x62, 0x08,
  0xc3, 0x20, 0xe3, 0x28, 0xa2, 0x00, 0xa2, 0x00, 0xa3, 0x00, 0xc3, 0x00, 0xc3, 0x00, 0xc3, 0x00,
  0xc3, 0x00, 0xa3, 0x00, 0xa3, 0x00, 0xa3, 0x00, 0xa3, 0x00, 0x83, 0x08, 0xa7, 0x28, 0xec, 0x48,
  0x49, 0x69, 0x69, 0x69, 0x49, 0x69, 0xa9, 0x61, 0x39, 0xde, 0xfb, 0xee, 0xfc, 0xee, 0xfc, 0xf6,
  0xfc, 0xf6, 0xfd, 0xf6, 0x1d, 0xf7, 0x1d, 0xf7, 0xfd, 0xf6, 0xfd, 0xf6, 0xfd, 0xf6, 0xfc, 0xf6,
  0xfc, 0xf6, 0xfc, 0xf6, 0xfc, 0xf6, 0xdc, 0xf6, 0xdc, 0xf6, 0xdb, 0xf6, 0xbb, 0xf6, 0xbb, 0xf6,
  0x9b, 0xf6, 0x9b, 0xf6, 0x9b, 0xf6, 0x9b, 0xf6, 0x9b, 0xf6, 0x9b, 0xf6, 0x9b, 0xf6, 0x9b, 0xf6,
  0x9a, 0xf6, 0x7a, 0xf6, 0x7a, 0xf6, 0x7a, 0xf6, 0x7a, 0xf6, 0x7a, 0xf6, 0x7a, 0xf6, 0x7a, 0xf6,
  0x7a, 0xf6, 0x7a, 0xf6, 0x5a, 0xee, 0x5a, 0xee, 0x5a, 0xee, 0x39, 0xee, 0x39, 0xee, 0x39, 0xee,
  0x39, 0xee, 0x39, 0xe6, 0x19, 0xe6, 0x19, 0xe6, 0x19, 0xee, 0x19, 0xe6, 0x97, 0xdd, 0xb4, 0xc4,
  0xd1, 0xab, 0x2e, 0x9b, 0xee, 0x92, 0xee, 0x92, 0x0e, 0x9b, 0xee, 0x9a, 0xad, 0x92, 0x6c, 0x82,
  0x0b, 0x72, 0xaa, 0x61, 0x68, 0x59, 0x68, 0x51, 0x68, 0x51, 0x69, 0x51, 0x68, 0x51, 0xca, 0x59,
  0x0b, 0x72, 0x2c, 0x82, 0xeb, 0x69, 0x73, 0xac, 0x39, 0xee, 0x97, 0xdd, 0x97, 0xd5, 0x36, 0xcd,
  0xf1, 0xb3, 0xcd, 0x92, 0x6c, 0x8a, 0x4c, 0x82, 0x8d, 0x8a, 0x70, 0xa3, 0x73, 0xbc, 0x15, 0xc5,
  0xd1, 0xab, 0x94, 0xac, 0x7e, 0xe7, 0x7a, 0xce, 0x52, 0x9c, 0x77, 0xb5, 0x7a, 0xce, 0x1d, 0xdf,
  0x1d, 0xdf, 0xb0, 0x73, 0x0b, 0x3a, 0x8d, 0x72, 0x57, 0xbd, 0xdc, 0xd6, 0xdc, 0xd6, 0xfc, 0xd6,
  0x3d, 0xdf, 0x52, 0x8c, 0xea, 0x49, 0xcb, 0x61, 0x0b, 0x72, 0x6c, 0x7a, 0x6d, 0x8a, 0xad, 0x8a,
  0x8d, 0x8a, 0x6c, 0x8a, 0xac, 0x8a, 0x2e, 0x93, 0x11, 0xa4, 0xf4, 0xbc, 0x35, 0xbd, 0x56, 0xc5,
  0x56, 0xc5, 0x56, 0xc5, 0x76, 0xc5, 0x76, 0xc5, 0x77, 0xc5, 0x76, 0xc5, 0x77, 0xcd, 0x31, 0x94,
  0xa2, 0x08, 0x61, 0x00, 0x82, 0x00, 0x62, 0x00, 0x82, 0x00, 0x82, 0x00, 0x04, 0x29, 0x85, 0x49,
  0x43, 0x39, 0x64, 0x39, 0x84, 0x41, 0x03, 0x21, 0x82, 0x08, 0xa2, 0x08, 0x82, 0x08, 0x43, 0x41,
  0xc5, 0x61, 0x43, 0x41, 0xa2, 0x00, 0xc3, 0x00, 0xc3, 0x00, 0xa3, 0x00, 0xc3, 0x00, 0xc3, 0x00,
  0xc3, 0x00, 0xa3, 0x00, 0xa3, 0x00, 0xa3, 0x00, 0xa3, 0x00, 0xc8, 0x20, 0x50, 0x69, 0xee, 0x58,
  0x48, 0x51, 0x68, 0x59, 0x06, 0x39, 0x25, 0x21, 0x39, 0xd6, 0xfc, 0xf6, 0xdc, 0xee, 0xfc, 0xf6,
  0xfc, 0xf6, 0x1d, 0xf7, 0x1d, 0xf7, 0x1d, 0xf7, 0xfd, 0xf6, 0xfd, 0xf6, 0xfd, 0xf6, 0xfc, 0xf6,
  0xfc, 0xf6, 0xfc, 0xf6, 0xfc, 0xf6, 0xfc, 0xf6, 0xdc, 0xf6, 0xbb, 0xf6, 0xbb, 0xf6, 0xbb, 0xf6,
  0x9b, 0xf6, 0x9b, 0xf6, 0x9b, 0xf6, 0x9b, 0xf6, 0x9b, 0xf6, 0x9b, 0xf6, 0x9a, 0xf6, 0x7a, 0xf6,
  0x7a, 0xf6, 0x7a, 0xf6, 0x7a, 0xf6, 0x7a, 0xf6, 0x7a, 0xf6, 0x7a, 0xf6, 0x7a, 0xf6, 0x7a, 0xf6,
  0x7a, 0xee, 0x5a, 0xee, 0x5a, 0xee, 0x39, 0xee, 0x39, 0xee, 0x39, 0xee, 0x39, 0xee, 0x19, 0xe6,
  0x19, 0xe6, 0x19, 0xe6, 0x39, 0xe6, 0xd8, 0xdd, 0xf5, 0xcc, 0xf1, 0xb3, 0x2e, 0x9b, 0xee, 0x92,
  0xee, 0x9a, 0x0e, 0x9b, 0xce, 0x92, 0x6b, 0x7a, 0xe9, 0x59, 0x46, 0x41, 0xe5, 0x28, 0xa4, 0x20,
  0x84, 0x18, 0xa5, 0x18, 0x64, 0x10, 0x24, 0x08, 0x44, 0x08, 0x44, 0x08, 0x23, 0x08, 0x23, 0x08,
  0x44, 0x10, 0xa5, 0x18, 0x85, 0x18, 0x68, 0x39, 0xd9, 0xd5, 0xf8, 0xdd, 0xf8, 0xdd, 0x18, 0xe6,
  0x18, 0xe6, 0x97, 0xd5, 0xf5, 0xc4, 0x73, 0xb4, 0xf5, 0xc4, 0x97, 0xd5, 0xb7, 0xdd, 0xb7, 0xd5,
  0x56, 0xcd, 0x53, 0xac, 0xf8, 0xc5, 0x12, 0xa4, 0xad, 0x92, 0xad, 0x8a, 0x36, 0xb5, 0x9e, 0xdf,
  0x57, 0xb5, 0x8c, 0x62, 0x4c, 0x42, 0x8d, 0x7a, 0x50, 0x93, 0x53, 0x9c, 0xd5, 0xac, 0x1d, 0xdf,
  0xfd, 0xde, 0xcd, 0x62, 0xa5, 0x18, 0x07, 0x29, 0xe8, 0x28, 0xe7, 0x30, 0xe6, 0x30, 0x48, 0x41,
  0xaa, 0x61, 0xeb, 0x69, 0x2c, 0x7a, 0x2c, 0x7a, 0x2b, 0x7a, 0x6c, 0x82, 0x0e, 0x8b, 0x90, 0x9b,
  0x32, 0xac, 0x93, 0xb4, 0x93, 0xb4, 0x52, 0xb4, 0xf1, 0xa3, 0x12, 0x9c, 0x8f, 0x8b, 0x45, 0x29,
  0x61, 0x00, 0x82, 0x00, 0x62, 0x00, 0x62, 0x00, 0x82, 0x00, 0xa2, 0x08, 0x82, 0x10, 0x44, 0x31,
  0x43, 0x31, 0x03, 0x29, 0x44, 0x31, 0x44, 0x29, 0xe3, 0x10, 0xa2, 0x08, 0x64, 0x39, 0xc5, 0x61,
  0xc4, 0x59, 0x63, 0x51, 0x64, 0x49, 0x24, 0x29, 0xc3, 0x00, 0xc3, 0x00, 0xc3, 0x00, 0xc3, 0x00,
  0xc3, 0x00, 0xc3, 0x00, 0xa3, 0x00, 0xa3, 0x00, 0xa3, 0x00, 0xa6, 0x10, 0x0d, 0x59, 0x51, 0x71,
  0xa3, 0x10, 0xc3, 0x10, 0xa3, 0x08, 0x82, 0x00, 0xf4, 0xa4, 0x1d, 0xf7, 0xdb, 0xee, 0xfc, 0xf6,
  0xfc, 0xf6, 0x1d, 0xf7, 0x1d, 0xf7, 0xfd, 0xf6, 0xfd, 0xf6, 0xfd, 0xf6, 0xfd, 0xf6, 0xfc, 0xf6,
  0xfc, 0xf6, 0xfc, 0xf6, 0xfc, 0xf6, 0xdc, 0xf6, 0xdb, 0xf6, 0xbb, 0xf6, 0xbb, 0xf6, 0xbb, 0xf6,
  0x9b, 0xf6, 0x9b, 0xf6, 0x9b, 0xf6, 0x9b, 0xf6, 0x9a, 0xf6, 0x7a, 0xf6, 0x7a, 0xf6, 0x7a, 0xf6,
  0x7a, 0xf6, 0x7a, 0xf6, 0x7a, 0xf6, 0x7a, 0xf6, 0x7a, 0xf6, 0x7a, 0xf6, 0x7a, 0xf6, 0x7a, 0xee,
  0x5a, 0xee, 0x5a, 0xee, 0x39, 0xee, 0x39, 0xee, 0x19, 0xe6, 0x19, 0xe6, 0x19, 0xe6, 0x19, 0xe6,
  0x19, 0xe6, 0x97, 0xdd, 0x73, 0xbc, 0x6f, 0x9b, 0xee, 0x92, 0xcd, 0x92, 0xcd, 0x8a, 0x8c, 0x82,
  0x0a, 0x6a, 0x88, 0x49, 0x05, 0x29, 0x83, 0x10, 0x62, 0x08, 0x82, 0x08, 0xa3, 0x08, 0xa4, 0x08,
  0xa4, 0x10, 0xa5, 0x18, 0x85, 0x10, 0x84, 0x10, 0x65, 0x10, 0x65, 0x10, 0x64, 0x10, 0x64, 0x10,
  0x44, 0x10, 0x44, 0x10, 0x64, 0x10, 0x03, 0x08, 0x70, 0x7b, 0x3a, 0xe6, 0xd8, 0xdd, 0xf8, 0xdd,
  0xd8, 0xdd, 0xf8, 0xdd, 0xf8, 0xdd, 0xf8, 0xdd, 0xd8, 0xdd, 0xb7, 0xd5, 0x97, 0xd5, 0x97, 0xd5,
  0x97, 0xd5, 0x53, 0xb4, 0xcd, 0x8a, 0xcd, 0x92, 0xcd, 0x92, 0x8d, 0x8a, 0xb1, 0xa3, 0xd8, 0xc5,
  0x30, 0x93, 0x6d, 0x7a, 0xed, 0x5a, 0xae, 0x82, 0x0b, 0x82, 0x4c, 0x7a, 0xcd, 0x82, 0x73, 0xa4,
  0x53, 0xa4, 0x6d, 0x82, 0x27, 0x39, 0xa5, 0x10, 0xc6, 0x18, 0xa6, 0x18, 0x65, 0x08, 0x44, 0x08,
  0x24, 0x10, 0x45, 0x18, 0x86, 0x28, 0xe7, 0x30, 0x28, 0x41, 0x48, 0x49, 0x67, 0x51, 0x47, 0x51,
  0x87, 0x59, 0xa7, 0x59, 0xa7, 0x59, 0x87, 0x51, 0x46, 0x49, 0x25, 0x31, 0x82, 0x08, 0x61, 0x00,
  0x82, 0x00, 0x82, 0x00, 0x82, 0x00, 0x82, 0x00, 0xa2, 0x08, 0xa2, 0x08, 0x81, 0x00, 0xc3, 0x10,
  0x24, 0x21, 0xa2, 0x10, 0xa2, 0x10, 0xe3, 0x18, 0x04, 0x19, 0x03, 0x21, 0xe4, 0x59, 0xe5, 0x61,
  0xc4, 0x61, 0xa4, 0x69, 0xe5, 0x69, 0xa5, 0x59, 0x04, 0x21, 0xe3, 0x00, 0xe3, 0x00, 0xc3, 0x00,
  0xc4, 0x00, 0xc4, 0x00, 0xc4, 0x00, 0xc3, 0x00, 0xa3, 0x00, 0xc6, 0x18, 0xec, 0x40, 0xcc, 0x50,
  0xe3, 0x08, 0xe3, 0x08, 0xe3, 0x10, 0x61, 0x00, 0xaa, 0x4a, 0xfc, 0xee, 0xdb, 0xee, 0xfc, 0xee,
  0xfc, 0xf6, 0xfd, 0xf6, 0xfd, 0xf6, 0xfd, 0xf6, 0xfd, 0xf6, 0xfc, 0xf6, 0xfc, 0xf6, 0xfc, 0xf6,
  0xfc, 0xf6, 0xfc, 0xf6, 0xdc, 0xf6, 0xdc, 0xf6, 0xbb, 0xf6, 0xbb, 0xf6, 0xbb, 0xf6, 0x9b, 0xf6,
  0x9b, 0xf6, 0x9b, 0xf6, 0x7a, 0xf6, 0x7a, 0xf6, 0x7a, 0xf6, 0x7a, 0xf6, 0x7a, 0xf6, 0x7a, 0xee,
  0x7a, 0xf6, 0x7a, 0xf6, 0x7a, 0xf6, 0x7a, 0xee, 0x7a, 0xee, 0x7a, 0xee, 0x7a, 0xee, 0x5a, 0xee,
  0x5a, 0xee, 0x39, 0xee, 0x39, 0xee, 0x19, 0xe6, 0x19, 0xe6, 0x19, 0xe6, 0x19, 0xee, 0x97, 0xdd,
  0x32, 0xb4, 0x0e, 0x93, 0x8c, 0x8a, 0x6c, 0x82, 0x4b, 0x7a, 0xe9, 0x69, 0x87, 0x59, 0xe5, 0x40,
  0xa4, 0x28, 0x63, 0x18, 0x82, 0x08, 0xa3, 0x08, 0xa3, 0x08, 0xc4, 0x10, 0xc4, 0x08, 0xa4, 0x10,
  0x84, 0x10, 0x64, 0x10, 0x64, 0x10, 0x84, 0x10, 0x65, 0x10, 0x65, 0x10, 0x65, 0x10, 0x65, 0x10,
  0x65, 0x10, 0x65, 0x10, 0x65, 0x10, 0x45, 0x10, 0x65, 0x10, 0x73, 0xa4, 0x3a, 0xe6, 0xd8, 0xd5,
  0xf8, 0xdd, 0xd8, 0xdd, 0xd8, 0xdd, 0xd8, 0xd5, 0xb7, 0xd5, 0xb7, 0xd5, 0xb7, 0xd5, 0x97, 0xd5,
  0x97, 0xd5, 0xf5, 0xcc, 0xce, 0x92, 0x8d, 0x92, 0x8d, 0x92, 0x4d, 0x82, 0x48, 0x49, 0x89, 0x51,
  0x0b, 0x6a, 0x2c, 0x6a, 0x8c, 0x52, 0xad, 0x72, 0x6c, 0x82, 0xcd, 0x8a, 0x73, 0xb4, 0x32, 0xac,
  0x4c, 0x82, 0x6d, 0x92, 0x6d, 0x82, 0x27, 0x39, 0x64, 0x10, 0x85, 0x18, 0x86, 0x18, 0x86, 0x18,
  0x87, 0x20, 0x86, 0x20, 0x66, 0x18, 0x45, 0x10, 0x24, 0x08, 0x23, 0x08, 0x83, 0x18, 0xe3, 0x30,
  0x02, 0x31, 0x22, 0x31, 0x43, 0x39, 0x64, 0x31, 0x04, 0x21, 0xa2, 0x10, 0x82, 0x00, 0x82, 0x00,
  0x82, 0x00, 0x82, 0x00, 0x82, 0x00, 0x82, 0x00, 0x82, 0x08, 0x82, 0x00, 0xa2, 0x08, 0xa2, 0x08,
  0xa2, 0x08, 0x82, 0x08, 0x82, 0x00, 0x82, 0x08, 0xa2, 0x08, 0x44, 0x31, 0xe5, 0x61, 0xe5, 0x61,
  0xe5, 0x61, 0xc5, 0x69, 0xc4, 0x69, 0xc5, 0x61, 0xa7, 0x31, 0x67, 0x01, 0x05, 0x01, 0xe4, 0x00,
  0xc4, 0x00, 0xa3, 0x00, 0xc4, 0x00, 0xc4, 0x00, 0xa3, 0x00, 0xe9, 0x38, 0x73, 0x79, 0x11, 0x69,
  0x04, 0x11, 0x04, 0x11, 0x04, 0x11, 0xe3, 0x10, 0xe3, 0x10, 0x56, 0xb5, 0xfd, 0xf6, 0xdb, 0xee,
  0xfc, 0xf6, 0xfc, 0xf6, 0xfd, 0xf6, 0xfd, 0xf6, 0xfd, 0xf6, 0xfc, 0xf6, 0xfc, 0xf6, 0xfc, 0xf6,
  0xfc, 0xf6, 0xfc, 0xf6, 0xdc, 0xf6, 0xdb, 0xf6, 0xbb, 0xf6, 0xbb, 0xf6, 0xbb, 0xf6, 0x9b, 0xf6,
  0x9a, 0xf6, 0x7a, 0xf6, 0x7a, 0xf6, 0x7a, 0xf6, 0x5a, 0xf6, 0x5a, 0xf6, 0x5a, 0xee, 0x5a, 0xee,
  0x5a, 0xee, 0x5a, 0xee, 0x5a, 0xee, 0x5a, 0xee, 0x5a, 0xee, 0x5a, 0xee, 0x5a, 0xee, 0x59, 0xee,
  0x39, 0xee, 0x19, 0xe6, 0x19, 0xe6, 0x39, 0xee, 0x3a, 0xee, 0x98, 0xe5, 0x53, 0xbc, 0xcd, 0x8a,
  0x0a, 0x7a, 0xea, 0x71, 0xa9, 0x69, 0xe9, 0x69, 0xc7, 0x59, 0x86, 0x51, 0x66, 0x51, 0x67, 0x51,
  0x47, 0x49, 0x05, 0x39, 0xa3, 0x10, 0x83, 0x08, 0xa3, 0x08, 0xa3, 0x08, 0x83, 0x08, 0x63, 0x08,
  0x64, 0x08, 0x84, 0x10, 0x64, 0x10, 0x64, 0x10, 0x65, 0x10, 0x65, 0x10, 0x65, 0x10, 0x65, 0x10,
  0x65, 0x10, 0x65, 0x10, 0x65, 0x10, 0x45, 0x18, 0x44, 0x10, 0xa6, 0x20, 0xf5, 0xbc, 0x38, 0xee,
  0xd8, 0xdd, 0xf8, 0xdd, 0xf8, 0xdd, 0xd8, 0xdd, 0xd8, 0xdd, 0xb7, 0xd5, 0xb7, 0xd5, 0xb7, 0xd5,
  0x97, 0xd5, 0x36, 0xd5, 0xee, 0x9a, 0x6d, 0x8a, 0x6d, 0x82, 0x08, 0x39, 0x65, 0x10, 0x85, 0x18,
  0xa6, 0x18, 0x86, 0x18, 0xa9, 0x29, 0xaa, 0x39, 0x6c, 0x6a, 0xf5, 0xc4, 0x56, 0xc5, 0x36, 0xc5,
  0x50, 0x9b, 0x4c, 0x8a, 0x4d, 0x8a, 0xef, 0x92, 0x68, 0x41, 0x65, 0x18, 0xa8, 0x20, 0x0a, 0x31,
  0x0a, 0x31, 0x0a, 0x31, 0x0a, 0x31, 0xe9, 0x28, 0xa8, 0x20, 0x66, 0x10, 0x43, 0x08, 0xa3, 0x18,
  0x24, 0x31, 0x43, 0x39, 0x63, 0x39, 0x23, 0x31, 0x62, 0x10, 0x42, 0x08, 0x62, 0x00, 0x62, 0x00,
  0x82, 0x00, 0x82, 0x00, 0x82, 0x00, 0x82, 0x00, 0x82, 0x00, 0x82, 0x00, 0x82, 0x08, 0x82, 0x08,
  0x82, 0x00, 0x82, 0x00, 0x82, 0x08, 0xa3, 0x08, 0xc3, 0x08, 0x85, 0x39, 0xe6, 0x69, 0xe5, 0x61,
  0xe5, 0x61, 0xc4, 0x69, 0xe5, 0x69, 0x68, 0x72, 0x4a, 0x2a, 0xea, 0x09, 0x46, 0x09, 0x26, 0x09,
  0xe5, 0x00, 0xa4, 0x00, 0xe4, 0x08, 0xe4, 0x08, 0xa3, 0x00, 0xc8, 0x30, 0x93, 0x79, 0x72, 0x79,
  0xe4, 0x18, 0x04, 0x11, 0x04, 0x11, 0x24, 0x19, 0xc2, 0x08, 0xaa, 0x4a, 0xfc, 0xee, 0xbb, 0xee,
  0xdc, 0xee, 0xfc, 0xf6, 0xfc, 0xf6, 0xfc, 0xf6, 0xfc, 0xf6, 0xfc, 0xf6, 0xfc, 0xf6, 0xfc, 0xf6,
  0xfc, 0xf6, 0xdb, 0xf6, 0xdb, 0xf6, 0xbb, 0xf6, 0xbb, 0xf6, 0xbb, 0xf6, 0x9a, 0xf6, 0x9a, 0xf6,
  0x9a, 0xf6, 0x7a, 0xf6, 0x7a, 0xee, 0x5a, 0xee, 0x5a, 0xee, 0x5a, 0xee, 0x39, 0xee, 0x39, 0xee,
  0x39, 0xee, 0x39, 0xee, 0x39, 0xee, 0x39, 0xee, 0x39, 0xee, 0x39, 0xee, 0x19, 0xe6, 0x39, 0xe6,
  0x5a, 0xee, 0x5a, 0xf6, 0x19, 0xee, 0x36, 0xd5, 0x90, 0xa3, 0x2a, 0x6a, 0x46, 0x39, 0x46, 0x39,
  0x47, 0x51, 0xa8, 0x59, 0xc9, 0x61, 0x08, 0x62, 0xe6, 0x59, 0xe5, 0x59, 0xe7, 0x59, 0x29, 0x62,
  0x67, 0x59, 0xe5, 0x48, 0xa3, 0x20, 0xa3, 0x08, 0xa3, 0x08, 0xa3, 0x08, 0x83, 0x08, 0x63, 0x08,
  0x64, 0x08, 0x64, 0x10, 0x64, 0x10, 0x64, 0x10, 0x44, 0x10, 0x45, 0x10, 0x65, 0x10, 0x45, 0x10,
  0x45, 0x10, 0x45, 0x10, 0x45, 0x10, 0x45, 0x10, 0x65, 0x10, 0x24, 0x08, 0xc6, 0x28, 0xd4, 0xbc,
  0x39, 0xe6, 0xd8, 0xd5, 0xf8, 0xdd, 0xf8, 0xdd, 0xd8, 0xdd, 0xd8, 0xd5, 0xb7, 0xd5, 0xb7, 0xd5,
  0xb8, 0xdd, 0x94, 0xbc, 0x4c, 0x8a, 0x6d, 0x8a, 0x69, 0x49, 0x85, 0x10, 0xa6, 0x18, 0xa6, 0x18,
  0xa6, 0x18, 0x85, 0x10, 0x69, 0x29, 0x0b, 0x32, 0xa6, 0x18, 0x6c, 0x5a, 0xf5, 0xbc, 0x97, 0xcd,
  0x32, 0xa4, 0xca, 0x71, 0x2c, 0x82, 0x74, 0xbc, 0x12, 0xac, 0x4f, 0x8b, 0x4a, 0x41, 0x0a, 0x29,
  0x2b, 0x31, 0x0b, 0x31, 0x0a, 0x31, 0x0a, 0x31, 0x0a, 0x29, 0xc8, 0x20, 0x65, 0x10, 0x24, 0x08,
  0xa4, 0x18, 0x44, 0x39, 0x64, 0x39, 0xe3, 0x20, 0x42, 0x08, 0x62, 0x00, 0x62, 0x00, 0x62, 0x00,
  0x82, 0x00, 0x82, 0x00, 0x82, 0x00, 0x82, 0x00, 0x82, 0x00, 0x82, 0x08, 0xa2, 0x08, 0xa2, 0x08,
  0x82, 0x00, 0x82, 0x00, 0x82, 0x00, 0xc3, 0x10, 0xc2, 0x08, 0x23, 0x29, 0xe5, 0x61, 0x05, 0x6a,
  0x05, 0x6a, 0xc4, 0x69, 0x05, 0x6a, 0xa9, 0x6a, 0xcc, 0x2a, 0xea, 0x11, 0x46, 0x09, 0x66, 0x11,
  0x25, 0x09, 0xc4, 0x00, 0x25, 0x09, 0xe5, 0x08, 0xc4, 0x00, 0xa5, 0x08, 0x6e, 0x59, 0x92, 0x79,
  0x05, 0x29, 0xe3, 0x08, 0xe3, 0x10, 0x03, 0x11, 0x03, 0x11, 0xe3, 0x08, 0x14, 0xa5, 0x1c, 0xf7,
  0xdb, 0xee, 0xdc, 0xf6, 0xdc, 0xf6, 0xfc, 0xf6, 0xfc, 0xf6, 0xfc, 0xf6, 0xfc, 0xf6, 0xfc, 0xf6,
  0xdc, 0xf6, 0xdb, 0xf6, 0xdb, 0xf6, 0xbb, 0xf6, 0xbb, 0xf6, 0x9a, 0xf6, 0x9a, 0xf6, 0x9a, 0xf6,
  0x7a, 0xee, 0x7a, 0xee, 0x59, 0xee, 0x39, 0xee, 0x39, 0xee, 0x39, 0xee, 0x39, 0xee, 0x39, 0xee,
  0x19, 0xe6, 0x19, 0xe6, 0x19, 0xe6, 0x19, 0xee, 0x3a, 0xee, 0x7b, 0xf6, 0x5a, 0xee, 0x5a, 0xe6,
  0x76, 0xcd, 0xcf, 0x8b, 0x49, 0x52, 0x25, 0x29, 0xc3, 0x10, 0xc3, 0x08, 0xe3, 0x00, 0x04, 0x19,
  0x27, 0x51, 0xa9, 0x61, 0x4b, 0x6a, 0xe7, 0x61, 0xc5, 0x59, 0xe5, 0x59, 0x26, 0x62, 0x48, 0x62,
  0x87, 0x59, 0xe6, 0x48, 0xe4, 0x28, 0xc3, 0x08, 0xc3, 0x10, 0xa4, 0x10, 0x83, 0x08, 0x63, 0x08,
  0x64, 0x10, 0x64, 0x10, 0x64, 0x10, 0x65, 0x10, 0x65, 0x10, 0x65, 0x10, 0x65, 0x10, 0x45, 0x10,
  0x45, 0x10, 0x45, 0x10, 0x45, 0x10, 0x45, 0x10, 0x65, 0x10, 0x65, 0x10, 0x24, 0x08, 0xc7, 0x20,
  0xf5, 0xb4, 0x59, 0xe6, 0xd8, 0xdd, 0xf8, 0xdd, 0xd8, 0xdd, 0xd8, 0xd5, 0xb7, 0xd5, 0xb7, 0xd5,
  0xb8, 0xd5, 0x6f, 0x9b, 0x4c, 0x8a, 0xeb, 0x71, 0x84, 0x18, 0x85, 0x10, 0x86, 0x18, 0xa6, 0x18,
  0xa6, 0x10, 0xa5, 0x10, 0xc6, 0x10, 0x6c, 0x42, 0x07, 0x21, 0x45, 0x08, 0x48, 0x39, 0x32, 0x9c,
  0x4f, 0x8b, 0x88, 0x59, 0x4f, 0x9b, 0x56, 0xcd, 0x56, 0xc5, 0xb7, 0xd5, 0x50, 0x83, 0xc9, 0x20,
  0x2b, 0x31, 0x0a, 0x29, 0xea, 0x28, 0xc9, 0x28, 0xa7, 0x20, 0x85, 0x10, 0x64, 0x10, 0x44, 0x08,
  0x43, 0x08, 0xa3, 0x18, 0x45, 0x31, 0xa2, 0x18, 0x42, 0x00, 0x62, 0x00, 0x62, 0x00, 0x62, 0x00,
  0x82, 0x00, 0x82, 0x00, 0x82, 0x00, 0x82, 0x00, 0xa2, 0x08, 0xa2, 0x08, 0xa2, 0x08, 0xa2, 0x08,
  0xc3, 0x18, 0xe4, 0x20, 0xc2, 0x08, 0xc3, 0x08, 0xe3, 0x18, 0x22, 0x31, 0xa4, 0x51, 0xa4, 0x51,
  0x83, 0x41, 0xc5, 0x51, 0x67, 0x72, 0xa9, 0x6a, 0xec, 0x2a, 0x0a, 0x12, 0x67, 0x09, 0x87, 0x11,
  0x25, 0x09, 0xc4, 0x00, 0x26, 0x09, 0x05, 0x09, 0xc4, 0x00, 0xa4, 0x00, 0xa7, 0x20, 0xec, 0x50,
  0xe5, 0x38, 0xa2, 0x08, 0xa2, 0x08, 0xc2, 0x08, 0xe3, 0x08, 0xa2, 0x00, 0x07, 0x3a, 0x9b, 0xee,
  0xdb, 0xee, 0xdb, 0xf6, 0xdc, 0xf6, 0xdc, 0xf6, 0xdc, 0xf6, 0xdc, 0xf6, 0xdc, 0xf6, 0xdb, 0xf6,
  0xdb, 0xf6, 0xdb, 0xf6, 0xbb, 0xf6, 0xbb, 0xf6, 0x9b, 0xf6, 0x9b, 0xf6, 0x9a, 0xf6, 0x7a, 0xee,
  0x79, 0xee, 0x59, 0xee, 0x39, 0xee, 0x19, 0xee, 0x19, 0xe6, 0x19, 0xe6, 0x19, 0xe6, 0x19, 0xee,
  0x3a, 0xee, 0x5a, 0xee, 0x3a, 0xee, 0xd9, 0xdd, 0x57, 0xcd, 0x72, 0xa4, 0x6e, 0x73, 0x49, 0x4a,
  0x04, 0x21, 0x61, 0x00, 0xa2, 0x00, 0xe3, 0x00, 0xe3, 0x08, 0x04, 0x09, 0x04, 0x11, 0x04, 0x11,
  0x26, 0x41, 0x68, 0x59, 0x0a, 0x62, 0xe7, 0x61, 0xc6, 0x59, 0xc6, 0x59, 0x27, 0x62, 0x48, 0x6a,
  0xa8, 0x61, 0x06, 0x51, 0xe5, 0x30, 0xc3, 0x08, 0xc4, 0x10, 0xa4, 0x10, 0x64, 0x08, 0x84, 0x10,
  0x84, 0x10, 0x85, 0x10, 0x65, 0x10, 0x65, 0x10, 0x65, 0x10, 0x45, 0x10, 0x45, 0x10, 0x45, 0x10,
  0x45, 0x10, 0x45, 0x10, 0x45, 0x10, 0x45, 0x10, 0x65, 0x10, 0x45, 0x10, 0x66, 0x10, 0x25, 0x08,
  0xa6, 0x20, 0x73, 0xac, 0x59, 0xe6, 0xd8, 0xdd, 0xd8, 0xdd, 0xd8, 0xdd, 0xd8, 0xd5, 0xb7, 0xd5,
  0xd8, 0xdd, 0xf1, 0xab, 0x2c, 0x82, 0xaa, 0x69, 0x64, 0x10, 0x85, 0x10, 0x85, 0x10, 0x85, 0x10,
  0x85, 0x10, 0xa5, 0x10, 0xa4, 0x10, 0xa9, 0x29, 0x89, 0x29, 0x65, 0x10, 0x85, 0x10, 0xe7, 0x28,
  0xe6, 0x30, 0xe9, 0x59, 0x93, 0xb4, 0x97, 0xcd, 0x56, 0xc5, 0x96, 0xcd, 0x70, 0x83, 0x66, 0x18,
  0x87, 0x18, 0x66, 0x18, 0x65, 0x10, 0x45, 0x10, 0x45, 0x10, 0x64, 0x10, 0x64, 0x10, 0x64, 0x08,
  0x64, 0x08, 0x43, 0x08, 0x83, 0x10, 0x42, 0x08, 0x42, 0x00, 0x42, 0x00, 0x42, 0x00, 0x62, 0x00,
  0x62, 0x00, 0x62, 0x00, 0x62, 0x00, 0x82, 0x00, 0xa2, 0x08, 0xa2, 0x08, 0x82, 0x00, 0x82, 0x08,
  0x24, 0x31, 0x65, 0x41, 0x43, 0x39, 0x43, 0x39, 0x64, 0x49, 0xa5, 0x51, 0x64, 0x41, 0xc2, 0x10,
  0xc2, 0x08, 0x03, 0x11, 0x47, 0x52, 0xc9, 0x6a, 0x09, 0x22, 0xa8, 0x09, 0x46, 0x09, 0x87, 0x11,
  0x25, 0x09, 0xe4, 0x00, 0x26, 0x09, 0x05, 0x09, 0xa4, 0x00, 0xc9, 0x28, 0x0e, 0x59, 0xab, 0x40,
  0x26, 0x41, 0xe3, 0x10, 0xe3, 0x08, 0xc2, 0x08, 0xc3, 0x08, 0xe3, 0x08, 0xa2, 0x00, 0xb2, 0x9c,
  0x1d, 0xff, 0xbb, 0xf6, 0xdc, 0xf6, 0xdb, 0xf6, 0xdb, 0xf6, 0xdb, 0xf6, 0xdb, 0xf6, 0xdb, 0xf6,
  0xbb, 0xf6, 0xbb, 0xf6, 0xbb, 0xf6, 0xbb, 0xf6, 0xbb, 0xfe, 0x9b, 0xf6, 0x9b, 0xf6, 0x7a, 0xf6,
  0x7a, 0xee, 0x59, 0xee, 0x59, 0xee, 0x59, 0xee, 0x59, 0xee, 0x39, 0xee, 0xd8, 0xdd, 0x36, 0xc5,
  0x93, 0xac, 0xd0, 0x8b, 0xcc, 0x6a, 0xa7, 0x41, 0x05, 0x29, 0xa3, 0x10, 0xa3, 0x18, 0xc4, 0x18,
  0xc4, 0x18, 0xc3, 0x10, 0xe3, 0x08, 0xe3, 0x08, 0xe4, 0x08, 0x04, 0x11, 0x04, 0x11, 0x04, 0x11,
  0x05, 0x31, 0x27, 0x51, 0x67, 0x51, 0xc8, 0x59, 0xc7, 0x59, 0xc7, 0x59, 0x08, 0x62, 0xe8, 0x61,
  0x67, 0x51, 0xe6, 0x48, 0xc5, 0x30, 0xc3, 0x10, 0xc4, 0x10, 0x83, 0x08, 0x64, 0x08, 0x84, 0x10,
  0x65, 0x10, 0x65, 0x10, 0x65, 0x10, 0x65, 0x10, 0x65, 0x10, 0x45, 0x10, 0x45, 0x10, 0x45, 0x10,
  0x45, 0x10, 0x45, 0x10, 0x45, 0x10, 0x45, 0x10, 0x45, 0x10, 0x45, 0x10, 0x45, 0x10, 0x65, 0x10,
  0x25, 0x08, 0x65, 0x10, 0xb1, 0x83, 0x18, 0xde, 0x18, 0xe6, 0xd8, 0xd5, 0xd8, 0xd5, 0xb7, 0xd5,
  0xb7, 0xd5, 0x97, 0xd5, 0x2f, 0x93, 0x0c, 0x7a, 0xa6, 0x20, 0xa5, 0x10, 0x85, 0x10, 0x85, 0x10,
  0x86, 0x18, 0x64, 0x10, 0x27, 0x39, 0xe7, 0x20, 0xc9, 0x21, 0x85, 0x10, 0xc7, 0x20, 0xc8, 0x20,
  0x69, 0x41, 0x73, 0xac, 0x77, 0xcd, 0x76, 0xcd, 0x56, 0xcd, 0x97, 0xd5, 0x6b, 0x62, 0x04, 0x00,
  0x45, 0x10, 0x44, 0x10, 0x44, 0x10, 0x64, 0x10, 0x65, 0x10, 0x65, 0x10, 0x64, 0x10, 0x64, 0x08,
  0x64, 0x08, 0x64, 0x08, 0x43, 0x08, 0x43, 0x08, 0x43, 0x08, 0x62, 0x00, 0x62, 0x00, 0x62, 0x00,
  0x62, 0x00, 0x62, 0x00, 0xa3, 0x08, 0xa2, 0x08, 0xa2, 0x08, 0xa2, 0x08, 0x82, 0x00, 0x81, 0x00,
  0xc2, 0x18, 0x64, 0x41, 0x64, 0x49, 0x84, 0x51, 0x84, 0x51, 0xa5, 0x59, 0x44, 0x41, 0xc2, 0x08,
  0x03, 0x11, 0x03, 0x11, 0x03, 0x11, 0x44, 0x21, 0xe4, 0x08, 0xc4, 0x00, 0x05, 0x01, 0x66, 0x09,
  0x05, 0x01, 0xe4, 0x00, 0x26, 0x09, 0x05, 0x09, 0xa4, 0x00, 0xeb, 0x30, 0x31, 0x69, 0xee, 0x58,
  0x47, 0x51, 0x24, 0x19, 0x24, 0x11, 0x23, 0x11, 0x03, 0x11, 0x24, 0x19, 0xe3, 0x08, 0x4b, 0x4a,
  0x9b, 0xee, 0xbb, 0xf6, 0xdb, 0xf6, 0xbb, 0xf6, 0xbb, 0xf6, 0xbb, 0xf6, 0xbb, 0xf6, 0xbb, 0xf6,
  0xbb, 0xf6, 0xbb, 0xf6, 0xbb, 0xfe, 0x5a, 0xee, 0xd8, 0xe5, 0xf8, 0xe5, 0xf9, 0xed, 0xf8, 0xe5,
  0xf8, 0xe5, 0xb7, 0xdd, 0x76, 0xd5, 0xd4, 0xc4, 0xf0, 0xa3, 0x8b, 0x6a, 0xa7, 0x39, 0x04, 0x29,
  0xa3, 0x18, 0x82, 0x10, 0x62, 0x10, 0xa3, 0x18, 0xc4, 0x20, 0x05, 0x39, 0x27, 0x49, 0x07, 0x51,
  0x07, 0x51, 0xe6, 0x40, 0xc4, 0x10, 0xc3, 0x00, 0x03, 0x09, 0x04, 0x11, 0x24, 0x11, 0x04, 0x11,
  0x04, 0x19, 0x05, 0x31, 0x06, 0x49, 0x67, 0x51, 0x67, 0x51, 0xe9, 0x59, 0xc8, 0x59, 0x26, 0x49,
  0xe6, 0x40, 0xc5, 0x30, 0xa4, 0x18, 0xa3, 0x08, 0x83, 0x08, 0x63, 0x08, 0x64, 0x08, 0x65, 0x10,
  0x65, 0x10, 0x65, 0x10, 0x65, 0x10, 0x65, 0x10, 0x65, 0x10, 0x45, 0x10, 0x45, 0x10, 0x45, 0x08,
  0x45, 0x10, 0x45, 0x10, 0x45, 0x10, 0x65, 0x10, 0x65, 0x10, 0x45, 0x10, 0x45, 0x10, 0x45, 0x10,
  0x66, 0x10, 0x45, 0x08, 0x04, 0x08, 0x0b, 0x52, 0x36, 0xbd, 0x39, 0xe6, 0xd8, 0xdd, 0xd8, 0xd5,
  0xb7, 0xd5, 0xf8, 0xd5, 0xf5, 0xc4, 0x2c, 0x7a, 0x28, 0x49, 0x64, 0x10, 0x64, 0x08, 0x85, 0x18,
  0x85, 0x10, 0x85, 0x18, 0xca, 0x61, 0xa6, 0x20, 0xa9, 0x21, 0x27, 0x19, 0x65, 0x10, 0x08, 0x29,
  0xf5, 0xb4, 0xd8, 0xd5, 0x76, 0xcd, 0x76, 0xcd, 0x76, 0xcd, 0x56, 0xcd, 0x67, 0x31, 0x24, 0x00,
  0x44, 0x10, 0x44, 0x10, 0x44, 0x08, 0x65, 0x10, 0x65, 0x10, 0x65, 0x10, 0x45, 0x10, 0x64, 0x08,
  0x64, 0x08, 0x64, 0x08, 0x64, 0x08, 0x43, 0x08, 0x43, 0x08, 0x43, 0x00, 0x63, 0x00, 0x62, 0x00,
  0x61, 0x00, 0xc2, 0x10, 0x44, 0x31, 0x03, 0x21, 0x82, 0x10, 0xa2, 0x08, 0x82, 0x00, 0xa2, 0x08,
  0x03, 0x31, 0x64, 0x49, 0x64, 0x49, 0x64, 0x49, 0x84, 0x51, 0xa5, 0x59, 0x85, 0x49, 0x02, 0x21,
  0x63, 0x21, 0x64, 0x19, 0x45, 0x19, 0x24, 0x11, 0xc3, 0x00, 0xc3, 0x00, 0x04, 0x09, 0x25, 0x09,
  0xe4, 0x00, 0xe5, 0x00, 0x26, 0x09, 0x05, 0x09, 0xc4, 0x00, 0xa5, 0x08, 0xec, 0x40, 0x2f, 0x61,
  0x46, 0x31, 0x44, 0x19, 0x64, 0x19, 0x65, 0x19, 0x85, 0x21, 0x64, 0x21, 0x0b, 0x4a, 0xd3, 0x8a,
  0x17, 0xc5, 0xfc, 0xfe, 0xbb, 0xf6, 0xbb, 0xf6, 0xbb, 0xf6, 0xbb, 0xf6, 0xbb, 0xf6, 0xbb, 0xf6,
  0xbb, 0xf6, 0xbb, 0xf6, 0xbb, 0xfe, 0x76, 0xd5, 0x31, 0xac, 0x52, 0xb4, 0x11, 0xb4, 0xf1, 0xab,
  0xd1, 0xab, 0x90, 0xa3, 0x0e, 0x9b, 0x8d, 0x8a, 0x8d, 0x8a, 0xe9, 0x61, 0x62, 0x10, 0xa3, 0x18,
  0xc4, 0x20, 0xc4, 0x20, 0xe5, 0x30, 0x06, 0x39, 0x06, 0x39, 0x27, 0x51, 0x28, 0x61, 0x27, 0x59,
  0x27, 0x59, 0x28, 0x61, 0xe6, 0x38, 0xc3, 0x08, 0xe3, 0x08, 0x03, 0x11, 0x04, 0x11, 0x24, 0x11,
  0x03, 0x09, 0xe4, 0x10, 0xe5, 0x30, 0x06, 0x49, 0x26, 0x49, 0x67, 0x51, 0x88, 0x59, 0x06, 0x49,
  0xa4, 0x30, 0x83, 0x10, 0xa3, 0x08, 0x83, 0x08, 0x63, 0x08, 0x64, 0x08, 0x84, 0x08, 0x65, 0x10,
  0x65, 0x10, 0x65, 0x10, 0x65, 0x10, 0x65, 0x10, 0x45, 0x10, 0x45, 0x10, 0x45, 0x10, 0x25, 0x08,
  0x45, 0x10, 0x46, 0x10, 0x46, 0x10, 0x65, 0x10, 0x65, 0x10, 0x65, 0x10, 0x65, 0x10, 0x65, 0x10,
  0x65, 0x10, 0x45, 0x10, 0x45, 0x10, 0x04, 0x08, 0xa6, 0x20, 0xb1, 0x93, 0x19, 0xe6, 0xf8, 0xdd,
  0xb7, 0xd5, 0xd8, 0xd5, 0xb7, 0xd5, 0x52, 0xb4, 0xb1, 0xa3, 0x8e, 0x72, 0x07, 0x31, 0x64, 0x08,
  0x85, 0x10, 0x48, 0x41, 0x0c, 0x7a, 0x86, 0x28, 0x07, 0x19, 0xa9, 0x29, 0x44, 0x08, 0x0d, 0x6b,
  0xd7, 0xd5, 0x76, 0xcd, 0x97, 0xcd, 0x76, 0xcd, 0xd7, 0xd5, 0x73, 0xac, 0xa6, 0x18, 0xa7, 0x18,
  0x87, 0x18, 0x46, 0x10, 0x44, 0x08, 0x65, 0x10, 0xa8, 0x18, 0xc8, 0x20, 0xa8, 0x20, 0x87, 0x18,
  0x65, 0x10, 0x64, 0x10, 0x64, 0x10, 0x64, 0x08, 0x63, 0x08, 0x43, 0x08, 0x63, 0x08, 0x62, 0x08,
  0x82, 0x10, 0x43, 0x31, 0x83, 0x41, 0x64, 0x41, 0xe3, 0x20, 0x03, 0x19, 0xe2, 0x10, 0xe3, 0x18,
  0x85, 0x41, 0x64, 0x49, 0x64, 0x49, 0x84, 0x49, 0x84, 0x51, 0xa4, 0x51, 0xc5, 0x59, 0xc5, 0x51,
  0xa4, 0x29, 0x64, 0x19, 0x65, 0x19, 0x04, 0x11, 0xc3, 0x00, 0xc3, 0x00, 0xc3, 0x00, 0xe4, 0x00,
  0xe4, 0x00, 0x05, 0x09, 0x25, 0x09, 0x05, 0x09, 0xc4, 0x00, 0xa4, 0x00, 0x85, 0x08, 0xa7, 0x18,
  0x04, 0x11, 0x65, 0x19, 0x85, 0x19, 0xa5, 0x21, 0xe5, 0x29, 0xc5, 0x21, 0xf2, 0x82, 0x78, 0xb3,
  0xf6, 0xa3, 0xbb, 0xee, 0x9a, 0xf6, 0xbb, 0xf6, 0xbb, 0xf6, 0xbb, 0xf6, 0xbb, 0xf6, 0xbb, 0xf6,
  0xbb, 0xf6, 0xbb, 0xf6, 0xbb, 0xfe, 0x39, 0xee, 0xd4, 0xcc, 0x31, 0xb4, 0xf1, 0xab, 0xd0, 0xab,
  0x90, 0xa3, 0x4f, 0xa3, 0x2f, 0x9b, 0xef, 0x9a, 0xce, 0x9a, 0xce, 0x9a, 0x88, 0x51, 0x83, 0x20,
  0xc5, 0x38, 0xc6, 0x38, 0xe6, 0x38, 0xe6, 0x40, 0x06, 0x41, 0x28, 0x59, 0x48, 0x59, 0x48, 0x59,
  0x48, 0x59, 0x08, 0x61, 0x07, 0x51, 0xc3, 0x10, 0xe3, 0x08, 0x03, 0x11, 0x04, 0x11, 0x24, 0x11,
  0xe3, 0x08, 0xe3, 0x08, 0xc3, 0x08, 0xc3, 0x18, 0xe4, 0x30, 0x05, 0x49, 0x06, 0x51, 0x06, 0x49,
  0xe6, 0x38, 0x84, 0x18, 0x83, 0x08, 0x83, 0x08, 0x64, 0x08, 0x84, 0x08, 0x85, 0x10, 0x65, 0x10,
  0x65, 0x10, 0x65, 0x10, 0x65, 0x10, 0x65, 0x10, 0x45, 0x10, 0x45, 0x10, 0x45, 0x10, 0x45, 0x10,
  0x66, 0x10, 0x66, 0x10, 0x66, 0x10, 0x65, 0x10, 0x65, 0x10, 0x65, 0x10, 0x65, 0x10, 0x65, 0x10,
  0x65, 0x10, 0x46, 0x10, 0x45, 0x10, 0x66, 0x10, 0x25, 0x10, 0x05, 0x08, 0x0b, 0x4a, 0x16, 0xbd,
  0x39, 0xe6, 0xd7, 0xdd, 0xb7, 0xd5, 0xd8, 0xdd, 0xd8, 0xdd, 0xd7, 0xdd, 0x36, 0xcd, 0xee, 0x6a,
  0x85, 0x18, 0xca, 0x61, 0x2f, 0x9b, 0xca, 0x51, 0xa5, 0x10, 0xa9, 0x29, 0xc6, 0x18, 0xd4, 0xac,
  0xb7, 0xd5, 0x56, 0xc5, 0x55, 0xc5, 0xd7, 0xdd, 0x93, 0xa4, 0x27, 0x29, 0x86, 0x18, 0xea, 0x28,
  0xea, 0x28, 0xa8, 0x20, 0x44, 0x10, 0x43, 0x08, 0x86, 0x18, 0xe9, 0x28, 0xea, 0x28, 0xea, 0x28,
  0xe8, 0x28, 0x85, 0x10, 0x64, 0x10, 0x64, 0x10, 0x64, 0x08, 0x63, 0x08, 0x63, 0x08, 0xe3, 0x20,
  0x44, 0x39, 0x64, 0x41, 0x63, 0x41, 0x63, 0x41, 0x84, 0x41, 0xc6, 0x49, 0x65, 0x39, 0xc2, 0x10,
  0x43, 0x29, 0x84, 0x49, 0x84, 0x51, 0x84, 0x51, 0x84, 0x51, 0xa4, 0x59, 0x05, 0x62, 0x26, 0x6a,
  0xa4, 0x31, 0x23, 0x11, 0x04, 0x11, 0xe3, 0x08, 0xc3, 0x00, 0xc3, 0x00, 0xc3, 0x00, 0xe3, 0x00,
  0xe4, 0x00, 0x25, 0x09, 0x25, 0x09, 0x05, 0x09, 0xe5, 0x08, 0xa4, 0x08, 0xa4, 0x08, 0xa4, 0x08,
  0xc3, 0x00, 0xe3, 0x08, 0x24, 0x11, 0x03, 0x11, 0xe2, 0x08, 0x25, 0x19, 0x15, 0x9b, 0x98, 0xbb,
  0xb2, 0x7a, 0x98, 0xcd, 0xbb, 0xfe, 0x9b, 0xf6, 0xbb, 0xf6, 0xba, 0xf6, 0xba, 0xf6, 0xba, 0xf6,
  0xbb, 0xf6, 0xbb, 0xf6, 0x9a, 0xf6, 0x9b, 0xfe, 0x7a, 0xf6, 0x97, 0xdd, 0x32, 0xb4, 0xb0, 0xa3,
  0xb0, 0xab, 0x70, 0xa3, 0x2f, 0xa3, 0xef, 0x9a, 0xce, 0x92, 0xad, 0x92, 0x6c, 0x82, 0x06, 0x41,
  0xe6, 0x40, 0x07, 0x49, 0x07, 0x49, 0x27, 0x49, 0x27, 0x49, 0x89, 0x59, 0xea, 0x69, 0xca, 0x69,
  0x28, 0x59, 0xe7, 0x58, 0xc6, 0x48, 0xc3, 0x10, 0xe3, 0x08, 0x04, 0x09, 0x24, 0x11, 0x03, 0x09,
  0xc3, 0x08, 0xe3, 0x08, 0xc3, 0x08, 0xc2, 0x08, 0xa2, 0x10, 0xe4, 0x20, 0x05, 0x39, 0xe6, 0x48,
  0xe6, 0x40, 0xa4, 0x20, 0x83, 0x08, 0x63, 0x08, 0x64, 0x08, 0x84, 0x10, 0x85, 0x10, 0x65, 0x10,
  0x65, 0x10, 0x65, 0x10, 0x66, 0x10, 0x65, 0x10, 0x66, 0x10, 0x45, 0x10, 0x45, 0x10, 0x66, 0x10,
  0x66, 0x10, 0x66, 0x10, 0x66, 0x10, 0x66, 0x10, 0x66, 0x10, 0x66, 0x10, 0x66, 0x10, 0x66, 0x10,
  0x66, 0x10, 0x66, 0x10, 0x66, 0x10, 0x66, 0x10, 0x66, 0x10, 0x66, 0x10, 0x05, 0x00, 0xa6, 0x20,
  0x8f, 0x83, 0xf7, 0xdd, 0xf8, 0xdd, 0xb7, 0xd5, 0xb7, 0xd5, 0xb7, 0xd5, 0xd7, 0xdd, 0xf9, 0xdd,
  0x90, 0x8b, 0x6f, 0x8b, 0x15, 0xc5, 0xad, 0x6a, 0x65, 0x08, 0x28, 0x19, 0xea, 0x39, 0x56, 0xc5,
  0x97, 0xcd, 0x72, 0xac, 0xf4, 0xb4, 0x8f, 0x83, 0x85, 0x10, 0x24, 0x00, 0x66, 0x10, 0xc9, 0x20,
  0xea, 0x28, 0xca, 0x28, 0x67, 0x18, 0x44, 0x10, 0x24, 0x08, 0xc8, 0x20, 0xea, 0x28, 0xeb, 0x28,
  0x0b, 0x29, 0xc8, 0x20, 0x65, 0x10, 0x65, 0x10, 0x64, 0x10, 0x64, 0x08, 0x43, 0x08, 0x03, 0x29,
  0x84, 0x41, 0x64, 0x41, 0x43, 0x41, 0x43, 0x41, 0x84, 0x49, 0xe6, 0x51, 0x23, 0x21, 0x82, 0x08,
  0xc2, 0x08, 0x43, 0x39, 0x84, 0x51, 0xa4, 0x51, 0x84, 0x51, 0xc5, 0x59, 0x06, 0x6a, 0x27, 0x72,
  0xe6, 0x51, 0x03, 0x11, 0xc3, 0x08, 0xe3, 0x08, 0xc3, 0x08, 0xc3, 0x00, 0xe3, 0x00, 0xc3, 0x00,
  0xc4, 0x00, 0x05, 0x09, 0x25, 0x09, 0x05, 0x11, 0xe5, 0x10, 0xc4, 0x08, 0xa4, 0x08, 0xa5, 0x08,
  0xe3, 0x00, 0xc3, 0x00, 0xa2, 0x00, 0xa2, 0x00, 0x81, 0x00, 0xe6, 0x18, 0x33, 0x92, 0x11, 0x7a,
  0x0b, 0x39, 0x34, 0x9c, 0xdc, 0xfe, 0x7a, 0xf6, 0xba, 0xf6, 0xba, 0xf6, 0xba, 0xf6, 0x9a, 0xf6,
  0xbb, 0xf6, 0xba, 0xf6, 0x9a, 0xf6, 0x9a, 0xf6, 0x9a, 0xf6, 0x9a, 0xf6, 0x39, 0xee, 0xd5, 0xcc,
  0x90, 0xa3, 0x70, 0xa3, 0x2f, 0xa3, 0xee, 0x9a, 0xce, 0x9a, 0xad, 0x92, 0x8d, 0x92, 0xea, 0x69,
  0xe6, 0x40, 0xe7, 0x48, 0x07, 0x49, 0x89, 0x59, 0xc9, 0x59, 0x2b, 0x6a, 0x8c, 0x72, 0x0a, 0x6a,
  0x68, 0x61, 0x28, 0x61, 0x07, 0x51, 0xc4, 0x18, 0xe3, 0x08, 0x03, 0x09, 0xe3, 0x08, 0xe3, 0x08,
  0xc3, 0x08, 0xc3, 0x08, 0xe3, 0x08, 0xe3, 0x10, 0xc3, 0x10, 0xc2, 0x08, 0xc3, 0x10, 0xc4, 0x20,
  0xc4, 0x20, 0x84, 0x10, 0x83, 0x08, 0x63, 0x08, 0x64, 0x08, 0x85, 0x10, 0x85, 0x10, 0x65, 0x10,
  0x65, 0x10, 0x65, 0x10, 0x65, 0x10, 0x66, 0x10, 0x45, 0x10, 0x46, 0x10, 0x87, 0x18, 0x87, 0x18,
  0x86, 0x18, 0x86, 0x10, 0x87, 0x18, 0xc9, 0x20, 0xca, 0x28, 0xc9, 0x28, 0xc9, 0x20, 0xa9, 0x20,
  0xa8, 0x20, 0x86, 0x10, 0x66, 0x10, 0x66, 0x10, 0x66, 0x10, 0x66, 0x10, 0x86, 0x10, 0x46, 0x08,
  0x24, 0x00, 0x0a, 0x52, 0x36, 0xc5, 0x19, 0xe6, 0xb7, 0xd5, 0xb7, 0xdd, 0xb7, 0xd5, 0xb7, 0xd5,
  0xf8, 0xdd, 0x76, 0xc5, 0x15, 0xbd, 0xb4, 0xb4, 0x6f, 0x7b, 0x48, 0x29, 0x2b, 0x42, 0xb8, 0xcd,
  0x35, 0xc5, 0x36, 0xc5, 0x0e, 0x73, 0x03, 0x00, 0x65, 0x08, 0x65, 0x10, 0x45, 0x08, 0x67, 0x10,
  0x87, 0x18, 0x87, 0x18, 0x87, 0x18, 0x45, 0x10, 0x45, 0x10, 0x46, 0x10, 0xc9, 0x20, 0xea, 0x30,
  0x0b, 0x31, 0xea, 0x28, 0x87, 0x18, 0x65, 0x10, 0x65, 0x10, 0x64, 0x08, 0x44, 0x08, 0xc3, 0x18,
  0x84, 0x41, 0x63, 0x41, 0x43, 0x41, 0x43, 0x39, 0x64, 0x41, 0x84, 0x39, 0xc1, 0x10, 0xa2, 0x00,
  0xc2, 0x00, 0x03, 0x21, 0x84, 0x51, 0x84, 0x51, 0xa4, 0x59, 0xe5, 0x61, 0x26, 0x6a, 0x26, 0x72,
  0x07, 0x62, 0x23, 0x19, 0xe3, 0x08, 0x03, 0x11, 0x04, 0x11, 0xe3, 0x08, 0xe3, 0x00, 0xc3, 0x00,
  0xc3, 0x00, 0xc4, 0x00, 0x05, 0x09, 0x26, 0x11, 0xe5, 0x10, 0xc5, 0x10, 0xc5, 0x10, 0xc5, 0x10,
  0xe4, 0x08, 0xc3, 0x00, 0xc3, 0x00, 0xc3, 0x00, 0xa2, 0x00, 0x08, 0x21, 0x70, 0x69, 0xed, 0x48,
  0xe9, 0x28, 0x6c, 0x52, 0x9a, 0xee, 0x9a, 0xf6, 0x9a, 0xf6, 0xba, 0xf6, 0xba, 0xf6, 0x9a, 0xf6,
  0xbb, 0xf6, 0xba, 0xf6, 0x9a, 0xf6, 0x9a, 0xf6, 0x9a, 0xf6, 0x9a, 0xee, 0x7a, 0xf6, 0x7a, 0xf6,
  0x56, 0xd5, 0x8f, 0xa3, 0x2f, 0x9b, 0x0e, 0x9b, 0xce, 0x92, 0xad, 0x92, 0x8d, 0x92, 0x6d, 0x8a,
  0x48, 0x51, 0xc6, 0x40, 0x28, 0x51, 0xc9, 0x59, 0x08, 0x62, 0x47, 0x62, 0x68, 0x6a, 0x8b, 0x72,
  0x2b, 0x72, 0x68, 0x61, 0x28, 0x61, 0x05, 0x31, 0xc3, 0x00, 0xc3, 0x00, 0xc3, 0x00, 0xc3, 0x08,
  0xe3, 0x08, 0xe3, 0x10, 0x03, 0x11, 0x03, 0x11, 0xe3, 0x10, 0xc3, 0x10, 0xc3, 0x08, 0xa2, 0x08,
  0xa3, 0x08, 0x83, 0x08, 0x83, 0x08, 0x63, 0x08, 0x64, 0x10, 0x85, 0x10, 0x85, 0x10, 0x65, 0x10,
  0x85, 0x10, 0x86, 0x10, 0x66, 0x10, 0x66, 0x18, 0x67, 0x18, 0xc9, 0x28, 0x0b, 0x29, 0xe9, 0x28,
  0x86, 0x18, 0x86, 0x18, 0xa9, 0x20, 0x0c, 0x31, 0x0c, 0x31, 0x0c, 0x31, 0x0b, 0x31, 0x0b, 0x31,
  0xe9, 0x28, 0x87, 0x10, 0x87, 0x18, 0x67, 0x10, 0x66, 0x10, 0x66, 0x10, 0x66, 0x10, 0x66, 0x10,
  0x66, 0x10, 0x45, 0x18, 0xaa, 0x59, 0xf1, 0x9b, 0x19, 0xe6, 0xd7, 0xdd, 0xb7, 0xd5, 0xd7, 0xd5,
  0xd7, 0xd5, 0xd8, 0xd5, 0xf8, 0xdd, 0xf8, 0xdd, 0x39, 0xe6, 0x15, 0xc5, 0x2a, 0x52, 0x16, 0xb5,
  0xf8, 0xd5, 0xb3, 0xac, 0xe6, 0x28, 0x45, 0x08, 0x65, 0x10, 0x45, 0x08, 0x45, 0x08, 0x25, 0x08,
  0x45, 0x08, 0x45, 0x08, 0x45, 0x08, 0x45, 0x10, 0x45, 0x10, 0x45, 0x10, 0x66, 0x10, 0xa8, 0x20,
  0xc9, 0x28, 0x09, 0x29, 0xa7, 0x18, 0x46, 0x10, 0x65, 0x10, 0x64, 0x08, 0x44, 0x08, 0x84, 0x18,
  0xa6, 0x51, 0xa4, 0x49, 0x63, 0x41, 0x63, 0x41, 0xa4, 0x49, 0x06, 0x52, 0x43, 0x29, 0xa2, 0x00,
  0xc3, 0x08, 0xe3, 0x08, 0xa4, 0x49, 0xc5, 0x61, 0x06, 0x6a, 0x26, 0x6a, 0x05, 0x6a, 0x26, 0x72,
  0xa4, 0x41, 0x02, 0x09, 0x03, 0x11, 0x03, 0x09, 0x24, 0x11, 0x04, 0x09, 0xe3, 0x00, 0xe3, 0x00,
  0xc3, 0x00, 0xc3, 0x00, 0xe4, 0x00, 0xe5, 0x10, 0xc5, 0x10, 0xc6, 0x18, 0x06, 0x21, 0x06, 0x21,
  0xe4, 0x08, 0xe3, 0x00, 0xc3, 0x00, 0xc3, 0x00, 0xc3, 0x00, 0xe5, 0x10, 0x0b, 0x39, 0xed, 0x48,
  0x0a, 0x31, 0x08, 0x21, 0x76, 0xc5, 0xda, 0xf6, 0x9a, 0xee, 0x9a, 0xf6, 0x9a, 0xf6, 0x9a, 0xf6,
  0x9a, 0xf6, 0x9a, 0xf6, 0x9a, 0xf6, 0x9a, 0xf6, 0x9a, 0xf6, 0x9a, 0xf6, 0x7a, 0xee, 0x5a, 0xf6,
  0x7a, 0xf6, 0x56, 0xd5, 0x4f, 0x9b, 0xee, 0x9a, 0xee, 0x9a, 0xad, 0x92, 0x8d, 0x92, 0xae, 0x92,
  0x0b, 0x72, 0x28, 0x51, 0xea, 0x69, 0x29, 0x6a, 0x27, 0x62, 0x46, 0x62, 0x68, 0x6a, 0x2a, 0x6a,
  0x89, 0x69, 0x48, 0x61, 0x28, 0x61, 0x05, 0x31, 0xc3, 0x00, 0xc3, 0x00, 0xc3, 0x00, 0xe3, 0x00,
  0xe4, 0x10, 0x04, 0x19, 0x04, 0x19, 0x04, 0x19, 0xe3, 0x10, 0xe3, 0x10, 0xe3, 0x10, 0xc3, 0x10,
  0x83, 0x08, 0x42, 0x00, 0x63, 0x08, 0x64, 0x08, 0x84, 0x10, 0x65, 0x10, 0x85, 0x10, 0x86, 0x10,
  0x86, 0x10, 0x87, 0x18, 0xa8, 0x20, 0xc8, 0x20, 0xe9, 0x28, 0x0b, 0x31, 0x2b, 0x31, 0xc9, 0x20,
  0x86, 0x18, 0x87, 0x18, 0xca, 0x28, 0x0c, 0x31, 0x0c, 0x31, 0x0c, 0x31, 0x0c, 0x31, 0x0b, 0x31,
  0xc8, 0x20, 0x87, 0x10, 0xc9, 0x20, 0xa8, 0x20, 0x67, 0x18, 0x66, 0x10, 0x66, 0x10, 0x66, 0x10,
  0x45, 0x08, 0x28, 0x41, 0x29, 0x51, 0x28, 0x49, 0xac, 0x6a, 0x97, 0xcd, 0x18, 0xe6, 0xf8, 0xdd,
  0x18, 0xde, 0xf8, 0xdd, 0xd7, 0xdd, 0xb7, 0xd5, 0xb7, 0xd5, 0x18, 0xe6, 0x90, 0x8b, 0x8b, 0x5a,
  0xf5, 0xac, 0x4b, 0x52, 0x24, 0x08, 0x65, 0x10, 0x45, 0x08, 0x45, 0x10, 0x45, 0x08, 0x45, 0x10,
  0x45, 0x08, 0x45, 0x08, 0x45, 0x08, 0x45, 0x10, 0x65, 0x10, 0x45, 0x10, 0x45, 0x10, 0x45, 0x10,
  0x66, 0x10, 0x87, 0x18, 0xa7, 0x18, 0x65, 0x10, 0x65, 0x10, 0x65, 0x10, 0x64, 0x08, 0x24, 0x08,
  0xe5, 0x30, 0xc5, 0x49, 0xc4, 0x49, 0xa4, 0x49, 0xe5, 0x51, 0x06, 0x5a, 0x84, 0x31, 0x82, 0x00,
  0xa3, 0x08, 0xc2, 0x00, 0x64, 0x29, 0xc6, 0x51, 0xe5, 0x51, 0xa5, 0x49, 0xc5, 0x59, 0x06, 0x72,
  0xe6, 0x59, 0x63, 0x31, 0x43, 0x21, 0x85, 0x29, 0x44, 0x19, 0x24, 0x11, 0xe4, 0x08, 0xe3, 0x00,
  0xe3, 0x00, 0xc4, 0x00, 0xc4, 0x00, 0xc5, 0x10, 0xe6, 0x18, 0xe6, 0x20, 0xe6, 0x20, 0xe6, 0x20,
  0xc3, 0x00, 0xc3, 0x00, 0xe3, 0x00, 0xe3, 0x00, 0xc3, 0x00, 0xc3, 0x00, 0xe6, 0x10, 0x0b, 0x39,
  0x0a, 0x31, 0xc9, 0x28, 0xf3, 0x9b, 0xdb, 0xfe, 0x7a, 0xee, 0x9a, 0xf6, 0x9a, 0xf6, 0x9a, 0xf6,
  0x9a, 0xf6, 0x9a, 0xf6, 0x9a, 0xf6, 0x9a, 0xf6, 0x9a, 0xf6, 0x9a, 0xf6, 0x9a, 0xf6, 0x7a, 0xf6,
  0x59, 0xf6, 0x7a, 0xf6, 0x56, 0xd5, 0x2f, 0x9b, 0xce, 0x92, 0xce, 0x9a, 0xae, 0x92, 0x8d, 0x92,
  0x6d, 0x92, 0xaa, 0x69, 0x89, 0x59, 0x09, 0x62, 0x28, 0x62, 0x89, 0x6a, 0xab, 0x72, 0x88, 0x59,
  0x27, 0x51, 0x26, 0x41, 0x06, 0x41, 0xa4, 0x18, 0xc3, 0x00, 0xc3, 0x00, 0xc3, 0x00, 0xe3, 0x00,
  0x04, 0x09, 0x04, 0x11, 0x04, 0x11, 0x04, 0x19, 0x03, 0x11, 0xe3, 0x10, 0xe4, 0x10, 0xc3, 0x10,
  0x82, 0x08, 0x42, 0x00, 0x43, 0x08, 0x64, 0x10, 0x64, 0x10, 0x65, 0x10, 0x86, 0x10, 0x86, 0x18,
  0xa8, 0x20, 0xea, 0x28, 0x0a, 0x31, 0xc8, 0x20, 0x0a, 0x31, 0x0c, 0x31, 0x2b, 0x31, 0xa9, 0x20,
  0x67, 0x18, 0x87, 0x18, 0xeb, 0x30, 0x0c, 0x31, 0x0c, 0x39, 0x0c, 0x39, 0x0c, 0x31, 0x0b, 0x31,
  0xa8, 0x18, 0x87, 0x10, 0xc9, 0x20, 0xea, 0x28, 0x87, 0x18, 0x66, 0x10, 0x66, 0x10, 0x66, 0x10,
  0x45, 0x10, 0x28, 0x49, 0x69, 0x51, 0x8a, 0x59, 0x02, 0x00, 0x87, 0x31, 0x72, 0xac, 0x15, 0xbd,
  0xd4, 0xb4, 0x36, 0xc5, 0xd8, 0xd5, 0xd8, 0xdd, 0x19, 0xde, 0xf9, 0xdd, 0x77, 0xcd, 0x4a, 0x52,
  0x68, 0x21, 0x46, 0x08, 0x66, 0x08, 0x65, 0x10, 0x45, 0x10, 0x45, 0x10, 0x45, 0x10, 0x45, 0x10,
  0x66, 0x10, 0x87, 0x18, 0x87, 0x18, 0x66, 0x10, 0x45, 0x10, 0x46, 0x10, 0x45, 0x10, 0x46, 0x10,
  0x66, 0x10, 0x66, 0x10, 0x66, 0x10, 0x66, 0x10, 0x65, 0x10, 0x65, 0x10, 0x45, 0x08, 0x44, 0x08,
  0x23, 0x08, 0xc3, 0x18, 0xc5, 0x41, 0x64, 0x39, 0x23, 0x31, 0x04, 0x29, 0xc3, 0x10, 0xa3, 0x00,
  0xa3, 0x08, 0xa2, 0x08, 0xc3, 0x08, 0xe3, 0x10, 0xe3, 0x10, 0xc3, 0x08, 0xa5, 0x49, 0x06, 0x72,
  0x26, 0x6a, 0x26, 0x6a, 0x06, 0x62, 0x06, 0x62, 0x64, 0x29, 0xe3, 0x00, 0xc3, 0x00, 0xc3, 0x00,
  0xc3, 0x00, 0xc4, 0x00, 0xa4, 0x08, 0xc5, 0x10, 0xc6, 0x18, 0xe6, 0x18, 0xe6, 0x18, 0xc5, 0x18,
  0xe3, 0x00, 0xc3, 0x00, 0xa2, 0x00, 0xa3, 0x00, 0xc3, 0x00, 0xc2, 0x00, 0xc4, 0x08, 0xe7, 0x20,
  0x07, 0x29, 0xc9, 0x28, 0xb0, 0x72, 0x9a, 0xee, 0x7a, 0xee, 0x9a, 0xee, 0x9a, 0xf6, 0x9a, 0xf6,
  0x9a, 0xf6, 0x9a, 0xf6, 0x9a, 0xf6, 0x9a, 0xf6, 0x9a, 0xf6, 0x9a, 0xf6, 0x9a, 0xf6, 0x7a, 0xf6,
  0x7a, 0xf6, 0x59, 0xee, 0x7a, 0xf6, 0x56, 0xd5, 0x0e, 0x9b, 0xce, 0x9a, 0xce, 0x9a, 0x8d, 0x92,
  0x8d, 0x92, 0x2c, 0x7a, 0x48, 0x51, 0xea, 0x61, 0xe9, 0x61, 0x6b, 0x72, 0xad, 0x7a, 0x69, 0x61,
  0xe6, 0x48, 0xc4, 0x18, 0xa3, 0x08, 0xc3, 0x08, 0xa3, 0x00, 0xc4, 0x18, 0x06, 0x39, 0xe5, 0x30,
  0x05, 0x29, 0xe4, 0x18, 0xe3, 0x18, 0xe3, 0x18, 0xe3, 0x10, 0xe3, 0x10, 0xe3, 0x10, 0xc3, 0x08,
  0x83, 0x08, 0x42, 0x00, 0x63, 0x08, 0x84, 0x10, 0x64, 0x10, 0x85, 0x10, 0x86, 0x18, 0xc8, 0x20,
  0x0b, 0x31, 0x2b, 0x31, 0xe9, 0x28, 0xa8, 0x20, 0x0b, 0x31, 0x0c, 0x31, 0x0b, 0x31, 0x88, 0x18,
  0x67, 0x18, 0xa9, 0x20, 0x0b, 0x31, 0x0c, 0x31, 0x0c, 0x39, 0x0c, 0x39, 0x0c, 0x31, 0x0b, 0x31,
  0x87, 0x18, 0x86, 0x10, 0xca, 0x28, 0xea, 0x28, 0xa8, 0x20, 0x66, 0x10, 0x66, 0x10, 0x45, 0x08,
  0x87, 0x28, 0x07, 0x39, 0xcb, 0x69, 0xa6, 0x28, 0x44, 0x08, 0x86, 0x28, 0xee, 0x82, 0x15, 0xbd,
  0x32, 0x9c, 0x4a, 0x62, 0x0e, 0x7b, 0x73, 0xac, 0x12, 0x9c, 0xd5, 0xb4, 0xf9, 0xd5, 0x90, 0x83,
  0xca, 0x29, 0x08, 0x19, 0x45, 0x08, 0x66, 0x10, 0x65, 0x10, 0x65, 0x10, 0x65, 0x10, 0x45, 0x10,
  0xa7, 0x20, 0xea, 0x28, 0xea, 0x28, 0x88, 0x20, 0x46, 0x10, 0x46, 0x10, 0x66, 0x10, 0x46, 0x10,
  0x66, 0x10, 0x66, 0x10, 0x66, 0x10, 0x66, 0x10, 0x65, 0x10, 0x65, 0x10, 0x65, 0x10, 0x44, 0x08,
  0x44, 0x08, 0x43, 0x00, 0xc4, 0x18, 0xa4, 0x10, 0x62, 0x08, 0x83, 0x00, 0xa3, 0x08, 0xa3, 0x08,
  0xa3, 0x00, 0xa2, 0x00, 0xc2, 0x00, 0xe3, 0x08, 0x44, 0x29, 0xa5, 0x41, 0x26, 0x6a, 0x26, 0x72,
  0x06, 0x72, 0x26, 0x72, 0x46, 0x7a, 0x67, 0x7a, 0x06, 0x4a, 0xe3, 0x00, 0xc3, 0x00, 0xc3, 0x00,
  0xc3, 0x00, 0xa4, 0x00, 0xa5, 0x10, 0xc7, 0x28, 0xc7, 0x30, 0xa8, 0x38, 0x2b, 0x49, 0x4b, 0x49,
  0xc3, 0x00, 0xe3, 0x00, 0xc3, 0x00, 0xa2, 0x00, 0xa2, 0x00, 0xa2, 0x00, 0xa3, 0x00, 0xc4, 0x08,
  0xe5, 0x20, 0x08, 0x31, 0xcb, 0x49, 0x19, 0xde, 0x9a, 0xee, 0x9a, 0xee, 0x9a, 0xf6, 0x9a, 0xf6,
  0x9a, 0xf6, 0x9a, 0xf6, 0x9a, 0xf6, 0x9a, 0xf6, 0x9a, 0xf6, 0x9a, 0xf6, 0x9a, 0xf6, 0x9a, 0xf6,
  0x7a, 0xf6, 0x5a, 0xf6, 0x5a, 0xee, 0x7a, 0xf6, 0x15, 0xd5, 0xee, 0x9a, 0xcd, 0x92, 0xad, 0x92,
  0x8d, 0x92, 0x8d, 0x8a, 0xaa, 0x69, 0x48, 0x59, 0x48, 0x59, 0x69, 0x59, 0xea, 0x69, 0x68, 0x61,
  0x28, 0x61, 0xe5, 0x30, 0xc3, 0x00, 0xc3, 0x00, 0xc3, 0x08, 0xe6, 0x48, 0xe7, 0x58, 0x07, 0x61,
  0x27, 0x59, 0x06, 0x49, 0xe5, 0x38, 0xe5, 0x38, 0xe4, 0x28, 0xc3, 0x10, 0xc3, 0x08, 0xc3, 0x08,
  0x82, 0x00, 0x42, 0x00, 0x63, 0x08, 0x64, 0x10, 0x64, 0x10, 0x86, 0x18, 0xc8, 0x20, 0x0a, 0x31,
  0x0b, 0x31, 0x0b, 0x31, 0x87, 0x18, 0x86, 0x18, 0x0b, 0x31, 0x0c, 0x31, 0xea, 0x28, 0x66, 0x18,
  0x66, 0x18, 0xca, 0x28, 0x0c, 0x31, 0x0c, 0x31, 0x0c, 0x31, 0x2c, 0x31, 0x0c, 0x31, 0xeb, 0x28,
  0x66, 0x18, 0x86, 0x18, 0xc9, 0x28, 0xa9, 0x20, 0xea, 0x28, 0x87, 0x18, 0x65, 0x10, 0x65, 0x10,
  0x86, 0x20, 0x6a, 0x59, 0x49, 0x51, 0x43, 0x08, 0x85, 0x18, 0xab, 0x69, 0x12, 0xb4, 0x3a, 0xe6,
  0x39, 0xe6, 0xb7, 0xcd, 0xcd, 0x72, 0xef, 0x7a, 0x54, 0xa4, 0x68, 0x41, 0x89, 0x41, 0xc6, 0x20,
  0x48, 0x21, 0x48, 0x19, 0x65, 0x08, 0x66, 0x10, 0x66, 0x10, 0x66, 0x10, 0x65, 0x10, 0x45, 0x10,
  0x66, 0x18, 0xea, 0x28, 0xeb, 0x28, 0xea, 0x28, 0x67, 0x18, 0x66, 0x10, 0x66, 0x10, 0x66, 0x10,
  0x66, 0x10, 0x86, 0x10, 0x66, 0x10, 0x66, 0x10, 0x65, 0x10, 0x65, 0x10, 0x65, 0x10, 0x64, 0x08,
  0x64, 0x08, 0x44, 0x08, 0x43, 0x00, 0x64, 0x08, 0x64, 0x08, 0xa3, 0x08, 0xa3, 0x00, 0xa3, 0x00,
  0xc3, 0x00, 0xc3, 0x00, 0xa3, 0x00, 0x24, 0x19, 0xe6, 0x61, 0x25, 0x6a, 0x46, 0x72, 0x46, 0x7a,
  0xc4, 0x69, 0xe5, 0x69, 0x67, 0x7a, 0x88, 0x82, 0xa9, 0x7a, 0x85, 0x21, 0xe3, 0x00, 0xc3, 0x08,
  0xc3, 0x00, 0xc4, 0x00, 0xa7, 0x28, 0xc8, 0x40, 0xa8, 0x40, 0x8a, 0x48, 0x4e, 0x61, 0x35, 0x93,
  0xe3, 0x00, 0xc3, 0x00, 0xe3, 0x00, 0xc3, 0x00, 0xc3, 0x08, 0xe3, 0x08, 0xe3, 0x08, 0xe4, 0x10,
  0xc4, 0x18, 0xe4, 0x10, 0xc3, 0x10, 0xd3, 0xac, 0xbb, 0xf6, 0x9a, 0xee, 0x9a, 0xf6, 0x9a, 0xf6,
  0x9a, 0xf6, 0x9a, 0xf6, 0x9a, 0xf6, 0x9a, 0xf6, 0x9a, 0xf6, 0x9a, 0xf6, 0x9a, 0xf6, 0x9a, 0xf6,
  0x9a, 0xf6, 0x7a, 0xf6, 0x5a, 0xf6, 0x3a, 0xee, 0x7a, 0xf6, 0x93, 0xc4, 0xad, 0x8a, 0xcd, 0x92,
  0xad, 0x92, 0x8d, 0x92, 0x2b, 0x82, 0x27, 0x51, 0x07, 0x51, 0x07, 0x59, 0x48, 0x61, 0x48, 0x51,
  0x06, 0x41, 0xc4, 0x20, 0xa3, 0x08, 0xa3, 0x10, 0xe5, 0x30, 0x07, 0x59, 0xe7, 0x58, 0x48, 0x61,
  0x0a, 0x72, 0x88, 0x61, 0x47, 0x59, 0xe6, 0x50, 0xe5, 0x48, 0xc3, 0x20, 0xa3, 0x08, 0x82, 0x00,
  0x41, 0x00, 0x42, 0x00, 0x63, 0x08, 0x64, 0x08, 0x85, 0x10, 0xc8, 0x20, 0x0a, 0x29, 0x0a, 0x31,
  0xea, 0x28, 0x87, 0x18, 0x25, 0x10, 0x66, 0x18, 0x0b, 0x31, 0x0c, 0x31, 0xca, 0x28, 0x46, 0x10,
  0x67, 0x18, 0xeb, 0x30, 0x0c, 0x31, 0x0b, 0x31, 0x2c, 0x39, 0x2c, 0x31, 0x0c, 0x31, 0xeb, 0x28,
  0x46, 0x10, 0x87, 0x18, 0xa8, 0x20, 0xa9, 0x20, 0x0c, 0x31, 0xea, 0x28, 0x87, 0x18, 0x44, 0x08,
  0x08, 0x39, 0xcb, 0x61, 0x44, 0x18, 0x23, 0x08, 0x8a, 0x59, 0x2c, 0x82, 0x52, 0xb4, 0xf9, 0xdd,
  0xb7, 0xd5, 0xf9, 0xdd, 0xfa, 0xdd, 0xee, 0x7a, 0x0f, 0x7b, 0xef, 0x72, 0x4c, 0x5a, 0xc6, 0x20,
  0xe7, 0x18, 0xeb, 0x31, 0xc7, 0x18, 0x66, 0x10, 0x66, 0x10, 0x66, 0x10, 0x66, 0x10, 0x66, 0x10,
  0x46, 0x10, 0xa9, 0x20, 0x0b, 0x31, 0x0a, 0x31, 0xa8, 0x20, 0x66, 0x10, 0x66, 0x10, 0x66, 0x10,
  0x66, 0x10, 0xa7, 0x18, 0x87, 0x18, 0x66, 0x10, 0x65, 0x10, 0x65, 0x10, 0x65, 0x10, 0x65, 0x08,
  0x64, 0x08, 0x43, 0x08, 0x43, 0x08, 0x63, 0x08, 0x63, 0x08, 0x83, 0x08, 0xc3, 0x08, 0xc3, 0x08,
  0xc3, 0x08, 0xc3, 0x08, 0xc3, 0x00, 0x45, 0x29, 0x27, 0x72, 0x05, 0x72, 0x46, 0x72, 0x67, 0x7a,
  0x26, 0x72, 0xe5, 0x69, 0x26, 0x72, 0x26, 0x72, 0x87, 0x7a, 0x27, 0x4a, 0x04, 0x09, 0xe4, 0x08,
  0xc3, 0x00, 0xc5, 0x10, 0xa9, 0x40, 0xaa, 0x50, 0xca, 0x50, 0xaa, 0x50, 0xaf, 0x69, 0xb8, 0xac,
  0x45, 0x11, 0x24, 0x09, 0x04, 0x09, 0x04, 0x09, 0x04, 0x11, 0x24, 0x11, 0x25, 0x11, 0x25, 0x19,
  0x25, 0x21, 0x04, 0x19, 0x41, 0x00, 0x6e, 0x73, 0xbb, 0xf6, 0x7a, 0xee, 0x9a, 0xf6, 0x9a, 0xf6,
  0x9a, 0xf6, 0x9a, 0xf6, 0x9a, 0xf6, 0x9a, 0xf6, 0x9a, 0xf6, 0x9a, 0xf6, 0x9a, 0xf6, 0x9a, 0xf6,
  0x9a, 0xf6, 0x7a, 0xf6, 0x5a, 0xf6, 0x5a, 0xee, 0x3a, 0xee, 0x19, 0xee, 0x90, 0xa3, 0xad, 0x92,
  0xad, 0x92, 0x8d, 0x92, 0x8d, 0x8a, 0x88, 0x51, 0xe6, 0x40, 0x27, 0x51, 0x06, 0x39, 0xe5, 0x20,
  0xc4, 0x10, 0xe4, 0x10, 0xc5, 0x28, 0xe6, 0x38, 0x07, 0x51, 0xe8, 0x60, 0x07, 0x61, 0x2a, 0x72,
  0x8b, 0x72, 0x4b, 0x72, 0xa8, 0x61, 0xe6, 0x50, 0xe6, 0x50, 0xe4, 0x28, 0xa2, 0x08, 0x62, 0x08,
  0x41, 0x00, 0x42, 0x00, 0x43, 0x08, 0x64, 0x08, 0xa7, 0x18, 0x09, 0x29, 0xe9, 0x28, 0xc9, 0x28,
  0xea, 0x30, 0xec, 0x49, 0xca, 0x49, 0x2a, 0x31, 0xeb, 0x30, 0x2c, 0x31, 0xca, 0x28, 0x45, 0x10,
  0x88, 0x20, 0x0c, 0x31, 0xeb, 0x28, 0x0b, 0x31, 0x0c, 0x31, 0xeb, 0x30, 0x0c, 0x31, 0xea, 0x28,
  0x46, 0x10, 0x87, 0x18, 0x87, 0x18, 0xca, 0x28, 0x0b, 0x31, 0x0b, 0x31, 0xa8, 0x20, 0xa7, 0x20,
  0x0c, 0x6a, 0xa6, 0x28, 0x22, 0x08, 0x49, 0x51, 0x6d, 0x8a, 0x2c, 0x8a, 0xf2, 0xb3, 0x39, 0xe6,
  0xd8, 0xdd, 0xd8, 0xdd, 0xd9, 0xd5, 0x3a, 0xe6, 0x90, 0x8b, 0x48, 0x41, 0xcf, 0x6a, 0x6d, 0x5a,
  0x24, 0x00, 0xcb, 0x31, 0x29, 0x29, 0x45, 0x10, 0x65, 0x10, 0x66, 0x10, 0x66, 0x10, 0x66, 0x10,
  0x66, 0x18, 0xc9, 0x28, 0x0b, 0x31, 0xeb, 0x30, 0xea, 0x28, 0x67, 0x18, 0x66, 0x10, 0x66, 0x18,
  0x46, 0x10, 0xa7, 0x18, 0xe8, 0x20, 0x86, 0x18, 0x65, 0x10, 0x66, 0x10, 0x65, 0x10, 0x65, 0x08,
  0x64, 0x08, 0x43, 0x08, 0x43, 0x00, 0x43, 0x00, 0x43, 0x00, 0x62, 0x00, 0x83, 0x00, 0xc3, 0x08,
  0xc3, 0x08, 0xc3, 0x08, 0xe3, 0x00, 0x24, 0x19, 0x67, 0x72, 0x66, 0x7a, 0x67, 0x7a, 0x67, 0x7a,
  0xe5, 0x69, 0xa4, 0x61, 0x26, 0x72, 0xa8, 0x82, 0xa8, 0x82, 0xc9, 0x7a, 0x45, 0x21, 0xc4, 0x08,
  0xc4, 0x08, 0xc5, 0x10, 0xc9, 0x48, 0xab, 0x58, 0xcb, 0x50, 0xcb, 0x50, 0x90, 0x71, 0x56, 0x9b,
  0x65, 0x11, 0x65, 0x19, 0x65, 0x19, 0x65, 0x19, 0x45, 0x19, 0x44, 0x11, 0x25, 0x19, 0x05, 0x21,
  0x05, 0x31, 0x26, 0x39, 0x83, 0x18, 0x09, 0x42, 0x7a, 0xee, 0x99, 0xee, 0x9a, 0xf6, 0x9a, 0xf6,
  0x9a, 0xf6, 0x9a, 0xf6, 0x9a, 0xf6, 0x9a, 0xf6, 0x9a, 0xf6, 0x9a, 0xf6, 0x9a, 0xf6, 0x9a, 0xf6,
  0x7a, 0xf6, 0x7a, 0xf6, 0x7a, 0xf6, 0x5a, 0xf6, 0x39, 0xee, 0x5a, 0xf6, 0x57, 0xdd, 0xce, 0x92,
  0xad, 0x92, 0x8d, 0x92, 0xad, 0x92, 0x0b, 0x72, 0xc5, 0x28, 0xe5, 0x20, 0xc4, 0x10, 0xe4, 0x10,
  0x04, 0x11, 0xe4, 0x10, 0xe6, 0x40, 0xe7, 0x58, 0x07, 0x59, 0x07, 0x59, 0xc8, 0x69, 0x49, 0x72,
  0x49, 0x6a, 0x8b, 0x7a, 0x88, 0x59, 0xe6, 0x50, 0xe6, 0x50, 0x05, 0x31, 0xc3, 0x10, 0xa3, 0x08,
  0x83, 0x08, 0x83, 0x08, 0x63, 0x08, 0x65, 0x10, 0xe9, 0x20, 0xe9, 0x28, 0xa8, 0x20, 0x29, 0x31,
  0x34, 0x9c, 0x13, 0x9c, 0x6f, 0x83, 0xac, 0x49, 0xeb, 0x30, 0x2c, 0x31, 0xc9, 0x28, 0x45, 0x10,
  0xc9, 0x28, 0x0c, 0x31, 0xc9, 0x20, 0x0b, 0x31, 0xea, 0x28, 0xa9, 0x20, 0x0c, 0x31, 0xca, 0x28,
  0x45, 0x10, 0x86, 0x18, 0x67, 0x18, 0xeb, 0x28, 0x0c, 0x31, 0x0b, 0x31, 0xe8, 0x30, 0xcb, 0x61,
  0x07, 0x39, 0x03, 0x10, 0x48, 0x41, 0xeb, 0x71, 0xca, 0x71, 0xca, 0x69, 0xea, 0x69, 0x32, 0xac,
  0x77, 0xd5, 0xf9, 0xdd, 0xf9, 0xdd, 0xd7, 0xd5, 0x39, 0xe6, 0xb1, 0x8b, 0x49, 0x39, 0x90, 0x8b,
  0x66, 0x10, 0xc8, 0x18, 0xa7, 0x18, 0x45, 0x10, 0x45, 0x10, 0x66, 0x10, 0x66, 0x10, 0x66, 0x10,
  0xc9, 0x20, 0x0b, 0x31, 0x0b, 0x31, 0xeb, 0x30, 0xea, 0x30, 0xa8, 0x20, 0x67, 0x10, 0x66, 0x18,
  0x66, 0x10, 0x87, 0x18, 0xe9, 0x20, 0xc8, 0x20, 0x66, 0x10, 0x65, 0x10, 0x65, 0x10, 0x65, 0x08,
  0x64, 0x08, 0x43, 0x08, 0x43, 0x08, 0x43, 0x00, 0x43, 0x00, 0x62, 0x00, 0x62, 0x00, 0x83, 0x00,
  0xc3, 0x08, 0xc3, 0x08, 0xe4, 0x08, 0xe3, 0x08, 0xc5, 0x49, 0xa8, 0x8a, 0xa8, 0x82, 0x46, 0x7a,
  0xe5, 0x71, 0x05, 0x72, 0x88, 0x82, 0x0a, 0x93, 0x2a, 0x93, 0x4b, 0x9b, 0xe8, 0x41, 0xc4, 0x00,
  0xe4, 0x08, 0xc4, 0x08, 0xa8, 0x30, 0xaa, 0x50, 0xaa, 0x48, 0xaa, 0x50, 0x51, 0x79, 0xd5, 0x91,
  0x24, 0x09, 0x45, 0x11, 0x85, 0x11, 0x85, 0x19, 0x45, 0x21, 0x25, 0x41, 0x67, 0x51, 0x26, 0x49,
  0x06, 0x49, 0x26, 0x49, 0xe5, 0x38, 0xc4, 0x20, 0x97, 0xcd, 0xba, 0xf6, 0x9a, 0xee, 0x9a, 0xf6,
  0x9a, 0xf6, 0xba, 0xf6, 0xba, 0xf6, 0xba, 0xf6, 0xba, 0xf6, 0xbb, 0xf6, 0xbb, 0xf6, 0x9a, 0xf6,
  0x9a, 0xf6, 0x7a, 0xf6, 0x7a, 0xf6, 0x5a, 0xf6, 0x5a, 0xf6, 0x39, 0xee, 0x5a, 0xf6, 0x73, 0xc4,
  0x8d, 0x92, 0xad, 0x92, 0x8d, 0x92, 0x8d, 0x92, 0x66, 0x39, 0xc3, 0x10, 0xe4, 0x10, 0xe4, 0x10,
  0xe4, 0x10, 0x05, 0x29, 0xe6, 0x48, 0x07, 0x59, 0x69, 0x61, 0x0a, 0x72, 0x47, 0x72, 0x25, 0x6a,
  0x27, 0x6a, 0x08, 0x6a, 0x67, 0x59, 0x06, 0x51, 0xe6, 0x48, 0xe5, 0x30, 0xc3, 0x10, 0xa3, 0x10,
  0xa3, 0x10, 0x83, 0x08, 0x63, 0x00, 0x85, 0x10, 0x09, 0x29, 0x87, 0x18, 0xa8, 0x28, 0xb3, 0x93,
  0xb5, 0xbc, 0xca, 0x59, 0xea, 0x51, 0xe9, 0x30, 0x0c, 0x31, 0x2c, 0x31, 0xc9, 0x28, 0x45, 0x10,
  0xca, 0x28, 0x0b, 0x31, 0xa9, 0x20, 0x0c, 0x31, 0xa9, 0x20, 0xa8, 0x20, 0x0c, 0x31, 0xca, 0x28,
  0x45, 0x10, 0x66, 0x10, 0x87, 0x18, 0x0b, 0x29, 0x0b, 0x31, 0xe9, 0x28, 0xab, 0x59, 0x28, 0x49,
  0x43, 0x10, 0x08, 0x41, 0x0c, 0x6a, 0x2c, 0x7a, 0x2c, 0x82, 0x4c, 0x82, 0x0b, 0x7a, 0xc9, 0x69,
  0x90, 0x93, 0x32, 0xa4, 0x15, 0xc5, 0xf8, 0xdd, 0xd7, 0xd5, 0x3a, 0xe6, 0x6d, 0x62, 0xee, 0x7a,
  0x69, 0x39, 0x87, 0x18, 0x45, 0x10, 0x45, 0x10, 0x46, 0x10, 0x65, 0x10, 0x66, 0x10, 0x88, 0x18,
  0xca, 0x28, 0x0b, 0x31, 0xea, 0x28, 0xea, 0x28, 0x0b, 0x31, 0xea, 0x28, 0x67, 0x18, 0x66, 0x10,
  0x66, 0x10, 0x66, 0x10, 0xc8, 0x20, 0xc8, 0x20, 0x66, 0x10, 0x65, 0x10, 0x65, 0x10, 0x65, 0x08,
  0x64, 0x08, 0x43, 0x08, 0x43, 0x08, 0x43, 0x00, 0x63, 0x00, 0x63, 0x00, 0x63, 0x00, 0x62, 0x00,
  0x83, 0x08, 0xe4, 0x08, 0xe3, 0x08, 0xc3, 0x00, 0xe3, 0x18, 0x48, 0x72, 0xa8, 0x82, 0x66, 0x82,
  0x46, 0x7a, 0x67, 0x82, 0x09, 0x93, 0x4a, 0x93, 0xc9, 0x7a, 0xa5, 0x39, 0x05, 0x19, 0xa4, 0x00,
  0xc3, 0x00, 0xc4, 0x00, 0x85, 0x10, 0xa9, 0x38, 0xcb, 0x58, 0xcc, 0x58, 0x72, 0x79, 0x94, 0x89,
  0xa2, 0x00, 0xc2, 0x00, 0x44, 0x19, 0x66, 0x31, 0x46, 0x41, 0x67, 0x61, 0x88, 0x61, 0x88, 0x61,
  0x68, 0x61, 0x47, 0x59, 0x48, 0x59, 0x84, 0x20, 0x52, 0x94, 0xdb, 0xfe, 0x7a, 0xee, 0x9a, 0xf6,
  0x9b, 0xf6, 0xba, 0xf6, 0xba, 0xf6, 0xba, 0xf6, 0xba, 0xf6, 0xbb, 0xf6, 0xbb, 0xf6, 0x9b, 0xf6,
  0x9b, 0xf6, 0x7a, 0xf6, 0x7a, 0xf6, 0x7a, 0xf6, 0x5a, 0xf6, 0x5a, 0xf6, 0x5a, 0xee, 0x19, 0xee,
  0x90, 0xab, 0x6c, 0x8a, 0x8d, 0x92, 0x8d, 0x92, 0x0a, 0x62, 0xc4, 0x10, 0xe4, 0x10, 0xc4, 0x10,
  0xe5, 0x28, 0x06, 0x41, 0x07, 0x51, 0x28, 0x61, 0xaa, 0x69, 0xac, 0x82, 0xa9, 0x7a, 0x46, 0x6a,
  0x88, 0x72, 0x08, 0x6a, 0x67, 0x59, 0x06, 0x59, 0xc5, 0x40, 0xa3, 0x18, 0xa4, 0x10, 0xa4, 0x10,
  0x84, 0x10, 0x63, 0x08, 0x63, 0x00, 0x85, 0x10, 0xa7, 0x20, 0x67, 0x18, 0x6e, 0x62, 0x96, 0xbc,
  0xca, 0x69, 0x2c, 0x62, 0x91, 0x83, 0xea, 0x30, 0x0c, 0x31, 0x2c, 0x39, 0xe9, 0x28, 0x45, 0x10,
  0xea, 0x28, 0xeb, 0x28, 0xa9, 0x20, 0x0b, 0x31, 0x67, 0x18, 0xa8, 0x18, 0x0b, 0x31, 0xca, 0x28,
  0x45, 0x10, 0x65, 0x10, 0xa8, 0x18, 0x0b, 0x31, 0x0b, 0x31, 0x0a, 0x31, 0xc6, 0x28, 0x02, 0x00,
  0x43, 0x08, 0x85, 0x20, 0x84, 0x18, 0xe6, 0x30, 0x48, 0x49, 0xaa, 0x69, 0x2d, 0x8a, 0x4d, 0x8a,
  0x70, 0x9b, 0x36, 0xc5, 0x52, 0xac, 0xf5, 0xbc, 0xb7, 0xd5, 0x19, 0xe6, 0x90, 0x83, 0x68, 0x49,
  0x2c, 0x6a, 0xa7, 0x20, 0x25, 0x10, 0x45, 0x10, 0x46, 0x10, 0x65, 0x10, 0x66, 0x10, 0xc9, 0x20,
  0xca, 0x20, 0xea, 0x28, 0xca, 0x28, 0x88, 0x20, 0x0a, 0x31, 0xeb, 0x28, 0xa8, 0x20, 0x46, 0x10,
  0x66, 0x10, 0x45, 0x10, 0x87, 0x18, 0xc8, 0x18, 0x65, 0x10, 0x65, 0x10, 0x65, 0x10, 0x65, 0x08,
  0x64, 0x08, 0x44, 0x08, 0x43, 0x08, 0x43, 0x08, 0x63, 0x08, 0x63, 0x08, 0xa4, 0x08, 0x83, 0x08,
  0x62, 0x00, 0xa3, 0x08, 0xe4, 0x08, 0xe4, 0x08, 0xe3, 0x00, 0x04, 0x19, 0x85, 0x41, 0x06, 0x62,
  0x46, 0x7a, 0xc8, 0x92, 0x29, 0x9b, 0x6b, 0x9b, 0x45, 0x31, 0x62, 0x00, 0xa3, 0x00, 0xa3, 0x00,
  0xa3, 0x00, 0xa4, 0x00, 0x09, 0x39, 0x6e, 0x69, 0x4f, 0x71, 0xb1, 0x81, 0x50, 0x71, 0xcc, 0x58,
  0xc3, 0x00, 0xa2, 0x00, 0x04, 0x19, 0x46, 0x41, 0x26, 0x49, 0x87, 0x61, 0xa8, 0x61, 0xa8, 0x61,
  0x88, 0x61, 0x68, 0x61, 0x89, 0x69, 0xe6, 0x38, 0x8b, 0x52, 0xdb, 0xf6, 0x7a, 0xee, 0x9a, 0xf6,
  0x9b, 0xf6, 0xbb, 0xf6, 0xbb, 0xf6, 0xbb, 0xf6, 0xbb, 0xf6, 0xbb, 0xf6, 0xbb, 0xf6, 0xbb, 0xf6,
  0x9b, 0xf6, 0x9b, 0xf6, 0x7a, 0xf6, 0x7a, 0xf6, 0x7a, 0xf6, 0x5a, 0xf6, 0x5a, 0xee, 0x5a, 0xf6,
  0x97, 0xe5, 0xce, 0x9a, 0x8d, 0x92, 0x8d, 0x92, 0x6c, 0x82, 0x27, 0x41, 0x06, 0x31, 0xe5, 0x28,
  0xe6, 0x40, 0xe6, 0x48, 0x07, 0x59, 0x28, 0x61, 0xca, 0x71, 0x8d, 0x82, 0xcd, 0x82, 0x49, 0x6a,
  0x49, 0x6a, 0x6a, 0x72, 0x68, 0x59, 0xe6, 0x50, 0xa5, 0x38, 0x83, 0x10, 0x83, 0x08, 0x63, 0x08,
  0x63, 0x08, 0x64, 0x08, 0x63, 0x08, 0x64, 0x10, 0x66, 0x18, 0xa8, 0x20, 0x54, 0xac, 0x8d, 0x8a,
  0xee, 0x92, 0x13, 0xa4, 0xd2, 0x93, 0x0a, 0x39, 0xeb, 0x30, 0x4c, 0x39, 0xea, 0x28, 0x65, 0x10,
  0xea, 0x28, 0xea, 0x28, 0xc9, 0x20, 0xea, 0x28, 0x46, 0x10, 0xa8, 0x18, 0x0b, 0x31, 0xca, 0x28,
  0x46, 0x10, 0x45, 0x10, 0xa8, 0x20, 0x0b, 0x31, 0xea, 0x28, 0x45, 0x10, 0x47, 0x31, 0x94, 0x9c,
  0xac, 0x5a, 0x06, 0x21, 0x07, 0x19, 0xc8, 0x18, 0xc6, 0x18, 0x84, 0x18, 0xc5, 0x40, 0x2c, 0x82,
  0x0b, 0x8a, 0x12, 0xb4, 0x56, 0xcd, 0x36, 0xc5, 0xf8, 0xdd, 0x1a, 0xe6, 0x57, 0xc5, 0xc7, 0x30,
  0x4d, 0x7a, 0xa9, 0x49, 0x04, 0x08, 0x46, 0x10, 0x45, 0x10, 0x65, 0x10, 0x67, 0x10, 0xea, 0x28,
  0xea, 0x28, 0xa9, 0x20, 0xeb, 0x30, 0x68, 0x18, 0xc9, 0x28, 0x0b, 0x29, 0xc9, 0x20, 0x66, 0x10,
  0x66, 0x10, 0x45, 0x10, 0x66, 0x10, 0x87, 0x18, 0x66, 0x10, 0x65, 0x10, 0x65, 0x10, 0x64, 0x08,
  0x64, 0x08, 0x44, 0x08, 0x43, 0x08, 0x43, 0x08, 0x63, 0x08, 0x84, 0x08, 0x47, 0x29, 0xe5, 0x18,
  0x63, 0x00, 0x63, 0x00, 0xe4, 0x08, 0x04, 0x09, 0xe4, 0x08, 0xc3, 0x00, 0xa2, 0x00, 0xa3, 0x08,
  0xc4, 0x28, 0x07, 0x62, 0x2a, 0x93, 0x07, 0x52, 0xa3, 0x08, 0xc4, 0x08, 0xc3, 0x00, 0xc4, 0x00,
  0xc3, 0x08, 0xa4, 0x08, 0x4b, 0x51, 0x4f, 0x79, 0x4f, 0x79, 0x90, 0x79, 0x6f, 0x71, 0x2b, 0x51,
  0xc3, 0x00, 0xc3, 0x00, 0x04, 0x11, 0x67, 0x49, 0x26, 0x59, 0x67, 0x59, 0x88, 0x61, 0x88, 0x61,
  0x88, 0x69, 0x88, 0x69, 0x89, 0x69, 0x48, 0x59, 0x88, 0x31, 0x59, 0xde, 0x9a, 0xf6, 0x9a, 0xf6,
  0x9b, 0xf6, 0xbb, 0xf6, 0xbb, 0xf6, 0xbb, 0xf6, 0xbb, 0xf6, 0xbb, 0xf6, 0xbb, 0xf6, 0xbb, 0xf6,
  0x9b, 0xf6, 0x9b, 0xf6, 0x7a, 0xf6, 0x7a, 0xf6, 0x7a, 0xf6, 0x5a, 0xf6, 0x5a, 0xf6, 0x5a, 0xee,
  0x7a, 0xf6, 0x94, 0xcc, 0x6d, 0x8a, 0x8d, 0x92, 0x8d, 0x92, 0xaa, 0x69, 0x48, 0x51, 0x68, 0x51,
  0x27, 0x49, 0x27, 0x51, 0x07, 0x59, 0x48, 0x61, 0x69, 0x61, 0xa9, 0x69, 0xca, 0x69, 0x48, 0x59,
  0x47, 0x59, 0xc9, 0x61, 0x88, 0x59, 0x07, 0x59, 0xc6, 0x38, 0x63, 0x08, 0x63, 0x08, 0x84, 0x10,
  0x84, 0x10, 0x64, 0x10, 0x64, 0x08, 0x64, 0x10, 0x44, 0x10, 0x8a, 0x41, 0x94, 0xbc, 0x6c, 0x82,
  0x37, 0xdd, 0x30, 0x83, 0x30, 0x7b, 0x0a, 0x39, 0x0b, 0x31, 0x2c, 0x39, 0x0a, 0x29, 0x65, 0x10,
  0xea, 0x28, 0xca, 0x28, 0xc9, 0x28, 0xca, 0x28, 0x45, 0x10, 0x88, 0x18, 0x0b, 0x31, 0xca, 0x28,
  0x46, 0x10, 0x45, 0x10, 0xa8, 0x20, 0xea, 0x28, 0x66, 0x18, 0x86, 0x28, 0xb0, 0x8b, 0x9b, 0xe6,
  0x31, 0x94, 0x4a, 0x5b, 0x2f, 0x74, 0x05, 0x11, 0xeb, 0x4a, 0xc7, 0x29, 0x46, 0x31, 0xa4, 0x30,
  0x0b, 0x7a, 0x6d, 0x92, 0xd1, 0xab, 0x53, 0xb4, 0x94, 0xbc, 0xb1, 0xab, 0xb1, 0xab, 0x07, 0x39,
  0x69, 0x51, 0xeb, 0x69, 0x24, 0x08, 0x45, 0x10, 0x45, 0x08, 0x45, 0x08, 0x87, 0x18, 0xeb, 0x30,
  0x0b, 0x31, 0x88, 0x20, 0xca, 0x28, 0x88, 0x20, 0x87, 0x18, 0x0b, 0x29, 0xc9, 0x20, 0x66, 0x10,
  0x65, 0x10, 0x66, 0x10, 0x46, 0x10, 0x66, 0x10, 0x65, 0x10, 0x65, 0x10, 0x65, 0x08, 0x64, 0x08,
  0x64, 0x08, 0x44, 0x08, 0x43, 0x08, 0x63, 0x08, 0x63, 0x08, 0xa4, 0x10, 0x68, 0x31, 0x06, 0x19,
  0x63, 0x00, 0x63, 0x00, 0xa3, 0x08, 0x04, 0x09, 0xe4, 0x08, 0xc3, 0x00, 0xc3, 0x00, 0xa3, 0x00,
  0x83, 0x00, 0xc4, 0x10, 0xa7, 0x41, 0xc4, 0x10, 0xe4, 0x08, 0xc4, 0x08, 0xc4, 0x08, 0xc4, 0x08,
  0xc4, 0x08, 0xa4, 0x08, 0x0a, 0x39, 0x70, 0x79, 0x70, 0x79, 0x70, 0x79, 0x90, 0x79, 0x6e, 0x69,
  0x04, 0x09, 0xe3, 0x08, 0xc3, 0x00, 0xe4, 0x28, 0x47, 0x59, 0x47, 0x59, 0x47, 0x59, 0x67, 0x61,
  0x68, 0x61, 0x89, 0x69, 0x89, 0x69, 0xaa, 0x69, 0xe5, 0x20, 0x15, 0xb5, 0xbb, 0xfe, 0x9a, 0xee,
  0x9b, 0xf6, 0xbb, 0xf6, 0xbb, 0xf6, 0xbb, 0xf6, 0xbb, 0xf6, 0xbb, 0xf6, 0xbb, 0xf6, 0xbb, 0xf6,
  0xbb, 0xf6, 0x9b, 0xf6, 0x9b, 0xf6, 0x7a, 0xf6, 0x7a, 0xf6, 0x7a, 0xf6, 0x5a, 0xee, 0x5a, 0xee,
  0x59, 0xee, 0x3a, 0xee, 0xb1, 0xab, 0x6c, 0x8a, 0x6d, 0x9a, 0x2c, 0x82, 0x48, 0x59, 0xea, 0x69,
  0xea, 0x61, 0x89, 0x61, 0x48, 0x59, 0x48, 0x61, 0x28, 0x59, 0x28, 0x59, 0x07, 0x59, 0xe7, 0x50,
  0xe6, 0x50, 0x07, 0x51, 0x27, 0x51, 0x07, 0x51, 0x85, 0x28, 0x63, 0x08, 0xa5, 0x10, 0x84, 0x10,
  0x84, 0x10, 0x64, 0x10, 0x64, 0x10, 0x85, 0x10, 0x24, 0x08, 0x6c, 0x62, 0xf1, 0xa3, 0x91, 0xab,
  0x74, 0xbc, 0x27, 0x41, 0x48, 0x31, 0x0a, 0x31, 0x0b, 0x31, 0x2c, 0x31, 0x0b, 0x31, 0x66, 0x10,
  0xca, 0x28, 0xaa, 0x28, 0xa9, 0x20, 0xc9, 0x28, 0x45, 0x08, 0x87, 0x18, 0x0b, 0x31, 0xea, 0x28,
  0x66, 0x10, 0x45, 0x10, 0x87, 0x18, 0x46, 0x10, 0x89, 0x51, 0x91, 0xab, 0x15, 0xc5, 0x96, 0xcd,
  0xf0, 0x93, 0xea, 0x62, 0x71, 0xa5, 0x71, 0x9d, 0x51, 0x85, 0xe7, 0x31, 0x93, 0x94, 0xec, 0x62,
  0xe5, 0x30, 0x6c, 0x8a, 0x2c, 0x8a, 0x2c, 0x8a, 0x2b, 0x8a, 0x0b, 0x82, 0x2c, 0x8a, 0x69, 0x59,
  0x84, 0x28, 0x0c, 0x7a, 0xc7, 0x28, 0x25, 0x08, 0x45, 0x08, 0x66, 0x10, 0xe9, 0x28, 0x0b, 0x31,
  0x0b, 0x31, 0xa9, 0x20, 0x89, 0x20, 0xc9, 0x28, 0x46, 0x10, 0xca, 0x28, 0xea, 0x28, 0x87, 0x18,
  0x45, 0x10, 0x65, 0x10, 0x45, 0x10, 0x45, 0x10, 0x65, 0x10, 0x45, 0x08, 0x65, 0x08, 0x64, 0x08,
  0x64, 0x08, 0x43, 0x08, 0x43, 0x08, 0x43, 0x00, 0x84, 0x08, 0xc4, 0x10, 0xe5, 0x18, 0x84, 0x08,
  0x63, 0x00, 0x63, 0x00, 0xa3, 0x00, 0xe4, 0x08, 0xe4, 0x08, 0x04, 0x11, 0xc3, 0x08, 0xa3, 0x00,
  0xa4, 0x08, 0xc4, 0x08, 0xa4, 0x00, 0xc5, 0x08, 0xc4, 0x08, 0xc4, 0x08, 0xc4, 0x08, 0xc4, 0x08,
  0xc4, 0x08, 0xc4, 0x08, 0xc6, 0x10, 0x2c, 0x51, 0xd1, 0x81, 0xd1, 0x89, 0x90, 0x79, 0x72, 0x8a,
  0xc3, 0x00, 0xa2, 0x00, 0x82, 0x00, 0xc4, 0x18, 0x67, 0x59, 0x27, 0x59, 0x27, 0x59, 0x47, 0x59,
  0x68, 0x61, 0x69, 0x61, 0x89, 0x61, 0x89, 0x59, 0xa4, 0x10, 0x6e, 0x73, 0xdc, 0xfe, 0x7a, 0xee,
  0x9b, 0xf6, 0xbb, 0xf6, 0xbb, 0xf6, 0xbb, 0xf6, 0xbb, 0xf6, 0xbb, 0xf6, 0xbb, 0xf6, 0xbb, 0xf6,
  0xbb, 0xf6, 0x9b, 0xf6, 0x9b, 0xf6, 0x9b, 0xf6, 0x9a, 0xf6, 0x7a, 0xf6, 0x7a, 0xf6, 0x7a, 0xf6,
  0x5a, 0xee, 0x5a, 0xf6, 0xd8, 0xe5, 0xee, 0x9a, 0x6c, 0x92, 0x6d, 0x92, 0xa9, 0x69, 0xca, 0x61,
  0x29, 0x6a, 0xe7, 0x61, 0x68, 0x61, 0x28, 0x59, 0x07, 0x59, 0x07, 0x59, 0x07, 0x51, 0xe6, 0x50,
  0xe6, 0x50, 0xe6, 0x50, 0xe7, 0x50, 0xa5, 0x30, 0x43, 0x08, 0x64, 0x08, 0xc5, 0x18, 0x85, 0x10,
  0x65, 0x10, 0x65, 0x10, 0x64, 0x10, 0x85, 0x10, 0x03, 0x00, 0x70, 0x83, 0x6f, 0x9b, 0x13, 0xb4,
  0x8d, 0x8a, 0x68, 0x59, 0x48, 0x39, 0x2b, 0x31, 0x0b, 0x31, 0x2c, 0x31, 0x2c, 0x31, 0x87, 0x18,
  0xaa, 0x28, 0xaa, 0x20, 0xa9, 0x20, 0xc9, 0x20, 0x45, 0x10, 0x87, 0x18, 0x0b, 0x31, 0xea, 0x30,
  0x87, 0x18, 0x65, 0x10, 0x87, 0x20, 0x67, 0x18, 0xd2, 0x9b, 0x3a, 0xf6, 0xf8, 0xdd, 0x39, 0xe6,
  0x59, 0xe6, 0x55, 0xcd, 0xef, 0x93, 0x71, 0x94, 0x4d, 0x63, 0x09, 0x4a, 0xbb, 0xde, 0x1d, 0xe7,
  0x8b, 0x5a, 0xea, 0x69, 0xce, 0x92, 0x4c, 0x8a, 0x6c, 0x92, 0x6c, 0x8a, 0x6d, 0x92, 0x2c, 0x82,
  0x84, 0x28, 0xa9, 0x61, 0x6a, 0x59, 0x66, 0x10, 0xa8, 0x20, 0xc9, 0x20, 0x0b, 0x31, 0x0b, 0x31,
  0x0b, 0x31, 0xeb, 0x28, 0x68, 0x18, 0xea, 0x28, 0x46, 0x10, 0xa8, 0x20, 0xe9, 0x28, 0x87, 0x18,
  0x45, 0x10, 0x45, 0x10, 0x45, 0x08, 0x45, 0x08, 0x65, 0x08, 0x65, 0x08, 0x65, 0x08, 0x64, 0x08,
  0x64, 0x08, 0x63, 0x08, 0x63, 0x08, 0x43, 0x00, 0x83, 0x08, 0xa4, 0x08, 0x83, 0x00, 0x63, 0x00,
  0x83, 0x08, 0x63, 0x08, 0x83, 0x00, 0xe4, 0x08, 0xe4, 0x08, 0x25, 0x11, 0xe4, 0x08, 0xa3, 0x00,
  0xa3, 0x08, 0xc4, 0x08, 0xa4, 0x08, 0x84, 0x08, 0x84, 0x08, 0x83, 0x08, 0xa3, 0x00, 0xa4, 0x08,
  0xc4, 0x08, 0xc4, 0x08, 0xc4, 0x08, 0xa5, 0x08, 0x2a, 0x39, 0x4b, 0x51, 0x6c, 0x59, 0xd4, 0x9a,
  0xa2, 0x00, 0xa2, 0x00, 0xa2, 0x00, 0x46, 0x31, 0x88, 0x61, 0x27, 0x59, 0x27, 0x59, 0x47, 0x59,
  0x47, 0x59, 0xe5, 0x30, 0xe4, 0x10, 0xe4, 0x08, 0x82, 0x00, 0x28, 0x3a, 0x7b, 0xee, 0x9a, 0xf6,
  0x9b, 0xf6, 0xbb, 0xf6, 0xbb, 0xf6, 0xbb, 0xf6, 0xbb, 0xf6, 0xbb, 0xf6, 0xbb, 0xf6, 0xbb, 0xf6,
  0xbb, 0xf6, 0x9b, 0xf6, 0x9b, 0xf6, 0x9b, 0xf6, 0x9a, 0xf6, 0x7a, 0xf6, 0x7a, 0xf6, 0x7a, 0xf6,
  0x5a, 0xf6, 0x3a, 0xee, 0x7a, 0xf6, 0xf5, 0xcc, 0x8c, 0x8a, 0x8c, 0x8a, 0x2b, 0x7a, 0x0a, 0x72,
  0x28, 0x6a, 0x07, 0x6a, 0x67, 0x61, 0x07, 0x51, 0x07, 0x59, 0xe7, 0x50, 0xe6, 0x50, 0xe6, 0x40,
  0xc5, 0x30, 0xe5, 0x38, 0xc5, 0x28, 0x63, 0x10, 0x64, 0x08, 0x64, 0x08, 0xc5, 0x18, 0x85, 0x10,
  0x65, 0x10, 0x65, 0x10, 0x64, 0x10, 0x65, 0x10, 0x03, 0x00, 0x50, 0x83, 0xb0, 0xa3, 0xf2, 0xab,
  0x4c, 0x82, 0xae, 0x8a, 0xaa, 0x51, 0x0b, 0x31, 0xeb, 0x30, 0x2c, 0x31, 0x2c, 0x31, 0xa8, 0x20,
  0xa9, 0x28, 0xa9, 0x20, 0xa9, 0x20, 0xa8, 0x18, 0x45, 0x08, 0x87, 0x18, 0x0b, 0x31, 0x0b, 0x31,
  0x87, 0x18, 0x65, 0x10, 0xc8, 0x28, 0xaf, 0x6a, 0x33, 0x9c, 0x3a, 0xe6, 0xf8, 0xdd, 0x18, 0xe6,
  0x19, 0xe6, 0x39, 0xee, 0x39, 0xee, 0xd7, 0xdd, 0x72, 0xa4, 0xf1, 0x9b, 0xf8, 0xcd, 0x1c, 0xdf,
  0x5a, 0xce, 0x0e, 0x83, 0x36, 0xd5, 0x0e, 0x9b, 0x6c, 0x8a, 0x4b, 0x82, 0x0b, 0x82, 0x4d, 0x8a,
  0x27, 0x49, 0xc6, 0x30, 0x8d, 0x82, 0x0a, 0x39, 0xcb, 0x28, 0xea, 0x30, 0xeb, 0x30, 0x0b, 0x31,
  0x0b, 0x31, 0x0b, 0x31, 0x68, 0x18, 0xc9, 0x20, 0x66, 0x18, 0x87, 0x18, 0xc9, 0x20, 0x87, 0x18,
  0x45, 0x10, 0x45, 0x08, 0x45, 0x08, 0x45, 0x08, 0x65, 0x08, 0x65, 0x08, 0x65, 0x08, 0x64, 0x08,
  0x64, 0x08, 0x63, 0x08, 0x63, 0x08, 0x43, 0x00, 0x83, 0x08, 0x83, 0x08, 0x83, 0x08, 0x63, 0x00,
  0x83, 0x08, 0x63, 0x00, 0x83, 0x00, 0xe4, 0x08, 0xe4, 0x08, 0x05, 0x11, 0xe4, 0x10, 0x83, 0x00,
  0xc6, 0x20, 0xea, 0x40, 0xaa, 0x40, 0x0c, 0x51, 0x2c, 0x59, 0xec, 0x50, 0x87, 0x28, 0x84, 0x08,
  0xc4, 0x00, 0xe4, 0x00, 0xc4, 0x08, 0xc4, 0x08, 0xa3, 0x00, 0xa3, 0x00, 0xe5, 0x18, 0x2f, 0x72,
  0xa3, 0x00, 0xc3, 0x00, 0xc3, 0x00, 0x04, 0x11, 0x05, 0x29, 0xe4, 0x28, 0xe4, 0x20, 0x46, 0x41,
  0x46, 0x31, 0xa3, 0x00, 0xa3, 0x00, 0xc3, 0x00, 0xc3, 0x00, 0xe3, 0x08, 0x76, 0xbd, 0xbb, 0xfe,
  0x7a, 0xf6, 0x9b, 0xf6, 0xbb, 0xf6, 0xbb, 0xf6, 0xbb, 0xf6, 0xbb, 0xf6, 0xbb, 0xf6, 0xbb, 0xf6,
  0xbb, 0xf6, 0xbb, 0xf6, 0xbb, 0xf6, 0x9b, 0xf6, 0x9b, 0xf6, 0x9a, 0xf6, 0x7a, 0xf6, 0x5a, 0xf6,
  0x7a, 0xf6, 0x5a, 0xf6, 0x39, 0xee, 0x3a, 0xf6, 0xd1, 0xb3, 0x4b, 0x8a, 0x6c, 0x8a, 0x2b, 0x7a,
  0x29, 0x6a, 0x07, 0x6a, 0x67, 0x61, 0x07, 0x59, 0xe6, 0x50, 0xc6, 0x48, 0xe6, 0x40, 0xc4, 0x20,
  0xc3, 0x08, 0xc3, 0x08, 0xa3, 0x08, 0x83, 0x08, 0x64, 0x08, 0x64, 0x08, 0xa6, 0x18, 0x85, 0x10,
  0x65, 0x10, 0x65, 0x10, 0x65, 0x10, 0x65, 0x10, 0x03, 0x00, 0xee, 0x7a, 0xb1, 0xa3, 0x12, 0xac,
  0x4c, 0x82, 0xae, 0x92, 0x28, 0x41, 0xeb, 0x28, 0xeb, 0x30, 0x0c, 0x31, 0x2c, 0x31, 0xca, 0x28,
  0x88, 0x20, 0xaa, 0x20, 0xa8, 0x20, 0xa8, 0x18, 0x45, 0x10, 0x87, 0x18, 0x0b, 0x31, 0x0b, 0x31,
  0xc8, 0x20, 0x65, 0x08, 0x29, 0x31, 0xd4, 0x93, 0x13, 0x94, 0x5a, 0xee, 0x18, 0xe6, 0x39, 0xe6,
  0x39, 0xe6, 0x39, 0xe6, 0x39, 0xe6, 0x59, 0xe6, 0x7a, 0xee, 0x19, 0xe6, 0x36, 0xbd, 0xb7, 0xc5,
  0x7a, 0xe6, 0x77, 0xd5, 0xf9, 0xe5, 0xb8, 0xdd, 0xd5, 0xc4, 0x73, 0xbc, 0x53, 0xbc, 0x0f, 0x9b,
  0x6c, 0x7a, 0x06, 0x39, 0xf2, 0xab, 0xec, 0x69, 0xa9, 0x28, 0xeb, 0x30, 0xeb, 0x30, 0x0b, 0x31,
  0x0b, 0x31, 0x0c, 0x31, 0xa9, 0x20, 0xa8, 0x20, 0x87, 0x18, 0x66, 0x10, 0xa8, 0x20, 0x87, 0x18,
  0x66, 0x10, 0x45, 0x08, 0x65, 0x08, 0x45, 0x08, 0x65, 0x08, 0x65, 0x08, 0x44, 0x08, 0x44, 0x08,
  0x44, 0x08, 0x43, 0x08, 0x43, 0x00, 0x43, 0x00, 0x63, 0x00, 0xa4, 0x08, 0x83, 0x08, 0x63, 0x00,
  0x83, 0x08, 0x63, 0x00, 0xc3, 0x08, 0xe4, 0x00, 0xe4, 0x08, 0x04, 0x09, 0x24, 0x11, 0xa5, 0x10,
  0x0d, 0x59, 0x11, 0x81, 0x72, 0x89, 0x72, 0x89, 0x73, 0x91, 0x73, 0x91, 0x10, 0x79, 0x8a, 0x48,
  0xc7, 0x20, 0xc3, 0x00, 0xc3, 0x00, 0xc4, 0x08, 0xa4, 0x08, 0xc4, 0x08, 0xc4, 0x08, 0x29, 0x39,
  0x04, 0x11, 0xe4, 0x08, 0xe4, 0x10, 0xe4, 0x10, 0xa3, 0x08, 0xa2, 0x00, 0xc3, 0x00, 0xe4, 0x08,
  0x04, 0x09, 0xc3, 0x00, 0xa3, 0x00, 0xc3, 0x00, 0xe3, 0x00, 0x82, 0x00, 0x10, 0x84, 0xfc, 0xfe,
  0x7a, 0xee, 0x9b, 0xf6, 0xbb, 0xf6, 0xbb, 0xf6, 0xbb, 0xf6, 0xbb, 0xf6, 0xbb, 0xf6, 0xbb, 0xf6,
  0xbb, 0xf6, 0xbb, 0xf6, 0x9b, 0xf6, 0x9b, 0xf6, 0x9b, 0xf6, 0x9a, 0xf6, 0x7a, 0xf6, 0x7a, 0xf6,
  0x5a, 0xf6, 0x5a, 0xf6, 0x5a, 0xee, 0x5a, 0xf6, 0xb8, 0xe5, 0xcd, 0x92, 0x6c, 0x8a, 0x2b, 0x7a,
  0x09, 0x6a, 0x09, 0x6a, 0xa9, 0x69, 0x27, 0x59, 0x07, 0x59, 0xc5, 0x38, 0xe4, 0x18, 0xa3, 0x08,
  0xc3, 0x08, 0xa3, 0x08, 0xc4, 0x08, 0x83, 0x08, 0x64, 0x08, 0x64, 0x08, 0xa6, 0x18, 0xa6, 0x18,
  0x65, 0x10, 0x65, 0x10, 0x65, 0x10, 0x65, 0x10, 0x04, 0x08, 0xea, 0x51, 0xb1, 0xa3, 0xd5, 0xc4,
  0x0f, 0x9b, 0x0b, 0x82, 0xaa, 0x61, 0xca, 0x28, 0x0c, 0x31, 0x0c, 0x31, 0x2c, 0x39, 0x0b, 0x31,
  0xa9, 0x20, 0xc9, 0x20, 0xa8, 0x20, 0x87, 0x18, 0x65, 0x10, 0x66, 0x18, 0xeb, 0x28, 0x0c, 0x31,
  0xe9, 0x28, 0x45, 0x10, 0x0f, 0x7b, 0x4e, 0x62, 0xb2, 0x8b, 0x5a, 0xee, 0x18, 0xe6, 0x39, 0xe6,
  0x39, 0xe6, 0x59, 0xe6, 0x59, 0xe6, 0x59, 0xe6, 0x39, 0xe6, 0x59, 0xe6, 0x7a, 0xee, 0x18, 0xe6,
  0xf8, 0xdd, 0x19, 0xe6, 0xf8, 0xe5, 0x19, 0xe6, 0x39, 0xe6, 0x19, 0xe6, 0x5a, 0xe6, 0x32, 0xb4,
  0x91, 0xab, 0x90, 0x8b, 0x68, 0x49, 0x2c, 0x7a, 0x09, 0x41, 0xeb, 0x28, 0xeb, 0x30, 0xeb, 0x30,
  0x0c, 0x31, 0x0b, 0x31, 0xea, 0x28, 0x88, 0x20, 0xa8, 0x20, 0x66, 0x10, 0xa8, 0x20, 0x87, 0x10,
  0x87, 0x18, 0x45, 0x08, 0x65, 0x08, 0x45, 0x08, 0x65, 0x08, 0x65, 0x08, 0x44, 0x08, 0x44, 0x08,
  0x44, 0x08, 0x43, 0x08, 0x43, 0x00, 0x43, 0x00, 0x63, 0x00, 0x83, 0x08, 0x63, 0x00, 0x83, 0x08,
  0x62, 0x00, 0x83, 0x00, 0xc4, 0x08, 0xe3, 0x00, 0xe4, 0x08, 0x44, 0x11, 0x45, 0x09, 0x0a, 0x39,
  0x31, 0x79, 0x72, 0x81, 0x92, 0x91, 0x51, 0x81, 0x92, 0x89, 0xd3, 0x91, 0xd4, 0x99, 0x53, 0x89,
  0xef, 0x70, 0xec, 0x50, 0xa5, 0x18, 0xa3, 0x00, 0xa3, 0x00, 0xc4, 0x08, 0xc4, 0x08, 0xc4, 0x10,
  0x26, 0x31, 0x26, 0x39, 0x27, 0x49, 0x47, 0x51, 0xc4, 0x18, 0xc3, 0x00, 0xe3, 0x00, 0xe4, 0x00,
  0xe4, 0x00, 0xe3, 0x00, 0xc3, 0x00, 0xc3, 0x00, 0xc3, 0x00, 0x82, 0x00, 0x29, 0x3a, 0xbb, 0xee,
  0x9b, 0xf6, 0xbb, 0xf6, 0xbb, 0xf6, 0xbb, 0xf6, 0xbb, 0xf6, 0xbb, 0xf6, 0xbb, 0xf6, 0xbb, 0xf6,
  0xbb, 0xf6, 0xbb, 0xf6, 0xbb, 0xf6, 0xbb, 0xf6, 0x9b, 0xf6, 0x9b, 0xf6, 0x7a, 0xf6, 0x7a, 0xf6,
  0x7a, 0xf6, 0x7a, 0xf6, 0x5a, 0xf6, 0x59, 0xee, 0x7a, 0xf6, 0xb4, 0xc4, 0x6c, 0x8a, 0x6c, 0x82,
  0xea, 0x69, 0x2a, 0x72, 0xa9, 0x69, 0x07, 0x59, 0x07, 0x59, 0x06, 0x39, 0xa3, 0x00, 0xc3, 0x00,
  0xc3, 0x08, 0xc3, 0x08, 0xa3, 0x08, 0x83, 0x08, 0x84, 0x08, 0x64, 0x08, 0xa5, 0x10, 0xc7, 0x20,
  0x86, 0x18, 0x65, 0x10, 0x65, 0x10, 0x65, 0x10, 0x45, 0x10, 0xa5, 0x18, 0xd2, 0x9b, 0x94, 0xb4,
  0xb8, 0xe5, 0xac, 0x8a, 0xaa, 0x61, 0xa9, 0x28, 0xae, 0x49, 0x4c, 0x41, 0x0b, 0x39, 0x2b, 0x39,
  0xca, 0x28, 0xc9, 0x20, 0xa8, 0x20, 0x87, 0x18, 0x65, 0x10, 0x65, 0x10, 0xea, 0x28, 0x2c, 0x31,
  0x2b, 0x31, 0x25, 0x10, 0xd2, 0x9b, 0x92, 0x8b, 0x72, 0x8b, 0x9a, 0xf6, 0x18, 0xe6, 0x39, 0xe6,
  0x59, 0xee, 0x5a, 0xee, 0x5a, 0xee, 0x79, 0xee, 0x7a, 0xe6, 0x7a, 0xe6, 0x7a, 0xe6, 0x59, 0xe6,
  0x39, 0xe6, 0x19, 0xe6, 0x19, 0xe6, 0x19, 0xe6, 0x18, 0xe6, 0xf8, 0xdd, 0xf8, 0xdd, 0x36, 0xd5,
  0x2f, 0x9b, 0x2f, 0x8b, 0xe6, 0x40, 0xcb, 0x71, 0x6a, 0x61, 0xc9, 0x30, 0x0b, 0x31, 0xeb, 0x30,
  0x0b, 0x31, 0x0b, 0x31, 0x0b, 0x29, 0x87, 0x18, 0xa8, 0x20, 0x66, 0x10, 0xa8, 0x20, 0x87, 0x18,
  0xa7, 0x18, 0x45, 0x08, 0x45, 0x08, 0x45, 0x08, 0x44, 0x08, 0x44, 0x08, 0x44, 0x08, 0x44, 0x08,
  0x44, 0x08, 0x43, 0x08, 0x43, 0x08, 0x43, 0x00, 0x63, 0x08, 0x62, 0x00, 0x83, 0x00, 0x83, 0x00,
  0x83, 0x00, 0xc3, 0x00, 0xe3, 0x00, 0xe3, 0x00, 0x04, 0x09, 0x24, 0x09, 0x48, 0x21, 0x4f, 0x69,
  0xed, 0x58, 0xcc, 0x50, 0x2f, 0x69, 0x50, 0x79, 0xac, 0x50, 0xd2, 0x91, 0x4d, 0x61, 0x0c, 0x51,
  0x92, 0x89, 0x32, 0x89, 0xc9, 0x40, 0xa3, 0x00, 0xa3, 0x08, 0xc3, 0x08, 0xc4, 0x08, 0xc3, 0x08,
  0x69, 0x51, 0x69, 0x61, 0x27, 0x59, 0x07, 0x59, 0x06, 0x39, 0xe4, 0x08, 0xe3, 0x00, 0xe4, 0x00,
  0xe4, 0x00, 0xe4, 0x00, 0xe3, 0x00, 0xc3, 0x00, 0xc3, 0x00, 0xc3, 0x00, 0x04, 0x01, 0x97, 0xbd,
  0xdc, 0xfe, 0x9b, 0xf6, 0xbb, 0xf6, 0xbb, 0xf6, 0xbb, 0xf6, 0xbb, 0xf6, 0xbb, 0xf6, 0xbb, 0xf6,
  0xbb, 0xf6, 0xbb, 0xf6, 0xbb, 0xf6, 0xbb, 0xf6, 0x9b, 0xf6, 0x9b, 0xf6, 0x9b, 0xf6, 0x9a, 0xf6,
  0x7a, 0xf6, 0x7a, 0xf6, 0x7a, 0xf6, 0x5a, 0xee, 0x59, 0xee, 0x39, 0xf6, 0x70, 0xab, 0x4c, 0x8a,
  0x0a, 0x72, 0xea, 0x71, 0x68, 0x69, 0xe6, 0x58, 0x07, 0x59, 0x06, 0x41, 0xc3, 0x00, 0xc3, 0x00,
  0xc3, 0x08, 0xc4, 0x08, 0xa3, 0x08, 0x84, 0x08, 0xc5, 0x10, 0x85, 0x10, 0x85, 0x10, 0xa7, 0x18,
  0xa7, 0x18, 0x87, 0x18, 0x45, 0x10, 0x65, 0x10, 0x65, 0x10, 0x23, 0x00, 0x8d, 0x62, 0x33, 0xac,
  0x77, 0xd5, 0xb8, 0xdd, 0x0b, 0x6a, 0x68, 0x20, 0x6f, 0x62, 0x8f, 0x6a, 0xcb, 0x30, 0x2c, 0x39,
  0x2c, 0x39, 0x0a, 0x29, 0xa8, 0x20, 0x87, 0x18, 0x65, 0x10, 0x65, 0x10, 0xe9, 0x28, 0x2c, 0x31,
  0x4b, 0x39, 0x46, 0x18, 0x70, 0x83, 0xf8, 0xbc, 0xd0, 0x72, 0x7a, 0xee, 0x39, 0xe6, 0x59, 0xe6,
  0x5a, 0xee, 0x7a, 0xee, 0x7a, 0xee, 0x7a, 0xee, 0x7a, 0xee, 0x7a, 0xee, 0x7a, 0xee, 0x7a, 0xee,
  0x5a, 0xee, 0x59, 0xe6, 0x39, 0xe6, 0x39, 0xe6, 0x19, 0xe6, 0x19, 0xe6, 0xd8, 0xdd, 0xf8, 0xe5,
  0x12, 0xb4, 0xca, 0x71, 0xca, 0x71, 0x07, 0x51, 0xeb, 0x79, 0x08, 0x49, 0xea, 0x28, 0xeb, 0x30,
  0xeb, 0x30, 0x0b, 0x31, 0x0b, 0x31, 0x68, 0x18, 0xa8, 0x20, 0x46, 0x10, 0xa8, 0x18, 0x87, 0x18,
  0xc8, 0x20, 0x45, 0x08, 0x44, 0x08, 0x45, 0x08, 0x44, 0x08, 0x44, 0x08, 0x44, 0x08, 0x44, 0x08,
  0x43, 0x08, 0x43, 0x00, 0x43, 0x00, 0x43, 0x00, 0x43, 0x00, 0x63, 0x08, 0x83, 0x00, 0xa3, 0x00,
  0xe4, 0x08, 0xe3, 0x00, 0xe3, 0x00, 0xe3, 0x00, 0x04, 0x09, 0x24, 0x09, 0x47, 0x21, 0x8f, 0x71,
  0x50, 0x71, 0x0f, 0x71, 0x2f, 0x69, 0xb2, 0x89, 0x71, 0x81, 0x92, 0x91, 0x0b, 0x51, 0x87, 0x28,
  0xb1, 0x81, 0xd3, 0x99, 0xe9, 0x40, 0xa3, 0x00, 0xa3, 0x08, 0xc4, 0x08, 0xc4, 0x08, 0xe4, 0x08,
  0xcb, 0x61, 0x69, 0x61, 0x27, 0x59, 0x07, 0x59, 0x07, 0x51, 0x26, 0x31, 0xe4, 0x08, 0x04, 0x01,
  0xe3, 0x00, 0xe3, 0x00, 0xe3, 0x00, 0xe3, 0x00, 0xe3, 0x00, 0x04, 0x01, 0xa3, 0x00, 0x8e, 0x6b,
  0xfc, 0xfe, 0x9a, 0xf6, 0xbb, 0xf6, 0xbb, 0xf6, 0xbb, 0xf6, 0xbb, 0xf6, 0xbb, 0xf6, 0xbb, 0xf6,
  0xbb, 0xf6, 0xbb, 0xf6, 0xbb, 0xf6, 0xbb, 0xf6, 0xbb, 0xf6, 0x9b, 0xf6, 0x9b, 0xf6, 0x9b, 0xf6,
  0x7a, 0xf6, 0x7a, 0xf6, 0x7a, 0xf6, 0x7a, 0xf6, 0x59, 0xf6, 0x5a, 0xf6, 0x77, 0xdd, 0xad, 0x92,
  0x2b, 0x7a, 0x68, 0x61, 0x47, 0x61, 0x06, 0x51, 0x07, 0x59, 0x06, 0x39, 0xc3, 0x08, 0xc3, 0x08,
  0xc3, 0x08, 0xc4, 0x08, 0xa4, 0x08, 0xa4, 0x08, 0xe6, 0x18, 0xa5, 0x10, 0x65, 0x10, 0xc7, 0x18,
  0xa7, 0x18, 0xc8, 0x20, 0x87, 0x18, 0x45, 0x10, 0x45, 0x10, 0x65, 0x10, 0xa5, 0x18, 0x74, 0xac,
  0x52, 0xac, 0x5a, 0xf6, 0x53, 0xb4, 0xa8, 0x28, 0x8b, 0x41, 0x51, 0x83, 0x0b, 0x39, 0x2c, 0x39,
  0x2c, 0x31, 0x0b, 0x31, 0xa8, 0x20, 0x87, 0x18, 0x66, 0x18, 0x65, 0x18, 0xc8, 0x20, 0x2c, 0x39,
  0x4a, 0x39, 0x66, 0x18, 0x0e, 0x7b, 0xf7, 0xbc, 0x2b, 0x41, 0x57, 0xcd, 0x9a, 0xee, 0x59, 0xe6,
  0x7a, 0xee, 0x9a, 0xee, 0x9a, 0xee, 0x9a, 0xee, 0x9a, 0xee, 0x9a, 0xee, 0x9a, 0xee, 0x7a, 0xee,
  0x7a, 0xee, 0x5a, 0xe6, 0x59, 0xe6, 0x39, 0xe6, 0x39, 0xe6, 0x19, 0xe6, 0xf8, 0xdd, 0xf8, 0xdd,
  0x16, 0xcd, 0x2c, 0x82, 0x2c, 0x8a, 0xaa, 0x69, 0x68, 0x61, 0xcb, 0x69, 0xea, 0x30, 0xcc, 0x30,
  0xeb, 0x30, 0x0b, 0x31, 0x0c, 0x31, 0x88, 0x18, 0x88, 0x18, 0x46, 0x10, 0xa8, 0x18, 0x67, 0x18,
  0xc9, 0x20, 0x65, 0x10, 0x44, 0x08, 0x44, 0x08, 0x64, 0x08, 0x64, 0x08, 0x64, 0x08, 0x43, 0x00,
  0x43, 0x00, 0x43, 0x00, 0x43, 0x00, 0x43, 0x00, 0x43, 0x00, 0x62, 0x00, 0xa3, 0x00, 0xe3, 0x08,
  0xc3, 0x08, 0xe3, 0x00, 0xe3, 0x00, 0xe3, 0x00, 0xe3, 0x00, 0x04, 0x09, 0x04, 0x09, 0x4c, 0x51,
  0x93, 0x91, 0x92, 0x81, 0xea, 0x30, 0x6d, 0x59, 0xd3, 0x99, 0xd2, 0x91, 0xd2, 0x91, 0xd2, 0x89,
  0xb1, 0x89, 0x51, 0x81, 0xe9, 0x38, 0xc3, 0x00, 0xc4, 0x08, 0x83, 0x00, 0x83, 0x00, 0x08, 0x2a,
  0x0c, 0x62, 0x49, 0x61, 0x27, 0x61, 0x27, 0x59, 0x27, 0x61, 0x27, 0x49, 0x04, 0x09, 0x04, 0x01,
  0xe3, 0x00, 0xe3, 0x00, 0xe3, 0x00, 0xe4, 0x00, 0x04, 0x01, 0x04, 0x01, 0xe4, 0x00, 0xe8, 0x21,
  0x7a, 0xe6, 0xbb, 0xf6, 0xbb, 0xf6, 0xbb, 0xf6, 0xbb, 0xf6, 0xbb, 0xf6, 0xbb, 0xf6, 0xbb, 0xf6,
  0xbb, 0xf6, 0xbb, 0xf6, 0xbb, 0xf6, 0xbb, 0xf6, 0xbb, 0xf6, 0x9b, 0xf6, 0x9b, 0xf6, 0x9b, 0xf6,
  0x9a, 0xf6, 0x7a, 0xf6, 0x7a, 0xf6, 0x7a, 0xf6, 0x79, 0xf6, 0x39, 0xee, 0x7a, 0xf6, 0x52, 0xbc,
  0x2b, 0x82, 0x26, 0x51, 0x05, 0x41, 0x45, 0x31, 0x25, 0x31, 0x04, 0x19, 0xc3, 0x08, 0xc3, 0x08,
  0xc3, 0x08, 0xc3, 0x08, 0xa4, 0x08, 0xa4, 0x10, 0xe6, 0x18, 0xc7, 0x18, 0x65, 0x10, 0x86, 0x18,
  0xc8, 0x20, 0x66, 0x10, 0xa7, 0x18, 0xa6, 0x18, 0x65, 0x10, 0x85, 0x10, 0x23, 0x08, 0x8b, 0x52,
  0x93, 0xac, 0x73, 0xb4, 0x7b, 0xf6, 0x8f, 0x6a, 0x0a, 0x31, 0x4c, 0x6a, 0x0b, 0x39, 0x2c, 0x31,
  0x2c, 0x39, 0x0b, 0x31, 0xa9, 0x20, 0x87, 0x18, 0x86, 0x18, 0x65, 0x18, 0xa7, 0x20, 0x2b, 0x31,
  0x6a, 0x39, 0xe7, 0x28, 0xcd, 0x6a, 0xb6, 0xb4, 0x2f, 0x5a, 0xd2, 0x93, 0x9b, 0xee, 0x7a, 0xe6,
  0x9a, 0xee, 0x9a, 0xee, 0x9a, 0xee, 0x9b, 0xee, 0x9b, 0xee, 0x9a, 0xee, 0x9a, 0xee, 0x9a, 0xee,
  0x7a, 0xee, 0x7a, 0xee, 0x59, 0xee, 0x59, 0xe6, 0x39, 0xe6, 0x19, 0xe6, 0xf8, 0xe5, 0xf8, 0xdd,
  0xb8, 0xdd, 0xad, 0x82, 0x27, 0x51, 0x68, 0x59, 0xc6, 0x40, 0x48, 0x51, 0x4a, 0x51, 0xca, 0x28,
  0xeb, 0x30, 0xeb, 0x30, 0x2c, 0x31, 0xa9, 0x20, 0xa8, 0x18, 0x66, 0x10, 0x88, 0x18, 0x87, 0x18,
  0xc9, 0x28, 0x65, 0x10, 0x44, 0x08, 0x44, 0x08, 0x64, 0x08, 0x64, 0x08, 0x64, 0x08, 0x43, 0x00,
  0x43, 0x00, 0x43, 0x00, 0x43, 0x00, 0x63, 0x08, 0x63, 0x00, 0x83, 0x00, 0xc3, 0x08, 0xe3, 0x08,
  0xe3, 0x08, 0xe3, 0x08, 0xe3, 0x00, 0xe3, 0x00, 0xe3, 0x00, 0xe3, 0x00, 0x24, 0x09, 0x47, 0x21,
  0x8c, 0x59, 0xe9, 0x30, 0xa9, 0x28, 0x70, 0x79, 0xb1, 0x89, 0xeb, 0x40, 0xd1, 0x81, 0xf4, 0xa1,
  0xf3, 0x99, 0x91, 0x81, 0xe8, 0x20, 0xe4, 0x08, 0x83, 0x00, 0xc8, 0x29, 0x4e, 0x5b, 0xe8, 0x29,
  0x6e, 0x62, 0x8a, 0x61, 0x48, 0x61, 0x28, 0x61, 0x28, 0x61, 0x27, 0x51, 0x04, 0x11, 0x04, 0x01,
  0x04, 0x01, 0x04, 0x01, 0x04, 0x01, 0x04, 0x01, 0xe4, 0x00, 0x04, 0x01, 0x04, 0x01, 0xe3, 0x00,
  0x15, 0xad, 0xfc, 0xfe, 0x9a, 0xf6, 0xbb, 0xf6, 0xbb, 0xf6, 0xbb, 0xf6, 0xbb, 0xf6, 0xbb, 0xf6,
  0xbb, 0xf6, 0xbb, 0xf6, 0xbb, 0xf6, 0xbb, 0xf6, 0xbb, 0xf6, 0xbb, 0xf6, 0x9b, 0xf6, 0x9b, 0xf6,
  0x9a, 0xf6, 0x7a, 0xf6, 0x7a, 0xf6, 0x7a, 0xf6, 0x79, 0xf6, 0x59, 0xf6, 0x59, 0xee, 0xf8, 0xe5,
  0x2e, 0x9b, 0xa7, 0x59, 0xe3, 0x18, 0x64, 0x21, 0x44, 0x19, 0x03, 0x11, 0xe3, 0x08, 0xc3, 0x08,
  0xa3, 0x00, 0xa3, 0x08, 0xa3, 0x08, 0xa4, 0x08, 0xa5, 0x10, 0xe8, 0x20, 0xa7, 0x18, 0x45, 0x10,
  0xa7, 0x18, 0xa7, 0x18, 0x65, 0x10, 0xa6, 0x18, 0xa6, 0x18, 0x65, 0x10, 0x65, 0x10, 0x44, 0x10,
  0xf2, 0x93, 0x70, 0x93, 0xb7, 0xdd, 0x55, 0xac, 0xcd, 0x59, 0x16, 0xc5, 0xed, 0x59, 0xec, 0x30,
  0x2c, 0x39, 0x2c, 0x31, 0xa9, 0x20, 0x87, 0x18, 0x66, 0x18, 0x86, 0x18, 0x86, 0x18, 0xe9, 0x28,
  0xeb, 0x51, 0xab, 0x49, 0xcf, 0x72, 0xb3, 0x93, 0xd3, 0x93, 0xef, 0x7a, 0x3a, 0xde, 0x9b, 0xee,
  0x9a, 0xee, 0xba, 0xee, 0xbb, 0xee, 0xbb, 0xee, 0xbb, 0xee, 0xba, 0xee, 0xba, 0xee, 0x9a, 0xee,
  0x9a, 0xee, 0x9a, 0xee, 0x79, 0xe6, 0x59, 0xe6, 0x59, 0xe6, 0x39, 0xe6, 0x19, 0xe6, 0xf8, 0xdd,
  0xf8, 0xdd, 0x6f, 0xa3, 0x89, 0x69, 0x06, 0x41, 0xa4, 0x30, 0x43, 0x20, 0xa5, 0x30, 0xe8, 0x30,
  0xea, 0x28, 0xea, 0x28, 0x2b, 0x31, 0xc9, 0x20, 0x88, 0x18, 0x66, 0x10, 0x87, 0x18, 0x86, 0x10,
  0xc9, 0x28, 0x66, 0x10, 0x44, 0x08, 0x44, 0x08, 0x44, 0x08, 0x44, 0x08, 0x44, 0x08, 0x43, 0x00,
  0x43, 0x00, 0x43, 0x00, 0x63, 0x08, 0x63, 0x08, 0x63, 0x08, 0x83, 0x00, 0xc3, 0x08, 0xe3, 0x08,
  0x03, 0x09, 0x04, 0x09, 0x24, 0x09, 0x03, 0x09, 0xc3, 0x00, 0x04, 0x09, 0x45, 0x09, 0x45, 0x11,
  0x04, 0x09, 0xc5, 0x10, 0x70, 0x71, 0x92, 0x91, 0xb3, 0x91, 0x0d, 0x51, 0x4e, 0x61, 0xf4, 0x99,
  0xd2, 0x99, 0xae, 0x71, 0x07, 0x19, 0xc3, 0x00, 0xe8, 0x29, 0x72, 0x84, 0xab, 0x42, 0xae, 0x63,
  0x4d, 0x5a, 0x89, 0x61, 0x48, 0x69, 0x48, 0x69, 0x48, 0x61, 0x28, 0x61, 0x05, 0x21, 0x04, 0x01,
  0x04, 0x01, 0x04, 0x01, 0x04, 0x01, 0x04, 0x01, 0xe4, 0x00, 0x04, 0x01, 0x24, 0x01, 0xc3, 0x00,
  0x2d, 0x5b, 0xfc, 0xfe, 0x9b, 0xf6, 0xbb, 0xf6, 0xbb, 0xf6, 0xbb, 0xf6, 0xbb, 0xf6, 0xbb, 0xf6,
  0xbb, 0xf6, 0xbb, 0xf6, 0xbb, 0xf6, 0xbb, 0xf6, 0xbb, 0xf6, 0xbb, 0xf6, 0x9b, 0xf6, 0x9b, 0xf6,
  0x9b, 0xf6, 0x9b, 0xf6, 0x7a, 0xf6, 0x7a, 0xf6, 0x7a, 0xf6, 0x7a, 0xf6, 0x59, 0xee, 0x7a, 0xf6,
  0xf5, 0xcc, 0x4a, 0x82, 0x04, 0x31, 0x64, 0x21, 0x64, 0x21, 0x44, 0x19, 0xe3, 0x10, 0xc3, 0x08,
  0xa2, 0x00, 0x82, 0x00, 0x83, 0x08, 0x83, 0x08, 0x64, 0x08, 0xc6, 0x18, 0x08, 0x21, 0x86, 0x18,
  0x45, 0x10, 0xa6, 0x18, 0xa6, 0x18, 0x65, 0x10, 0x85, 0x10, 0x65, 0x10, 0x65, 0x10, 0x24, 0x08,
  0x89, 0x39, 0xd6, 0xbc, 0xb0, 0xa3, 0xb7, 0xdd, 0xcb, 0x51, 0x37, 0xbd, 0x78, 0xcd, 0x2c, 0x41,
  0x2c, 0x31, 0x2c, 0x39, 0xca, 0x28, 0xa8, 0x20, 0x86, 0x18, 0xa6, 0x18, 0x86, 0x18, 0xe9, 0x28,
  0x51, 0x83, 0x6e, 0x62, 0xf0, 0x7a, 0x8e, 0x6a, 0x58, 0xc5, 0xd0, 0x72, 0x16, 0xbd, 0xdb, 0xf6,
  0x9b, 0xee, 0xbb, 0xee, 0xbb, 0xee, 0xbb, 0xee, 0xbb, 0xee, 0xbb, 0xee, 0xbb, 0xee, 0x9a, 0xee,
  0x9a, 0xee, 0x9a, 0xee, 0x7a, 0xe6, 0x79, 0xe6, 0x59, 0xe6, 0x39, 0xe6, 0x19, 0xe6, 0xf8, 0xdd,
  0x18, 0xe6, 0xb4, 0xbc, 0x2b, 0x82, 0x2b, 0x7a, 0xeb, 0x71, 0x69, 0x61, 0x84, 0x28, 0x24, 0x10,
  0xc9, 0x28, 0xea, 0x28, 0x0b, 0x31, 0xe9, 0x28, 0xa8, 0x18, 0x66, 0x10, 0x87, 0x18, 0x87, 0x10,
  0xc9, 0x20, 0x66, 0x10, 0x44, 0x08, 0x44, 0x08, 0x44, 0x08, 0x44, 0x08, 0x44, 0x08, 0x43, 0x00,
  0x43, 0x00, 0x43, 0x00, 0x63, 0x00, 0x63, 0x08, 0x63, 0x00, 0x83, 0x00, 0xe3, 0x08, 0x04, 0x09,
  0x04, 0x09, 0x24, 0x11, 0x24, 0x11, 0xe3, 0x08, 0xc3, 0x00, 0x04, 0x09, 0x24, 0x09, 0x65, 0x11,
  0x25, 0x09, 0xe6, 0x18, 0x90, 0x79, 0x92, 0x91, 0x72, 0x89, 0x0c, 0x51, 0x2c, 0x51, 0xb2, 0x81,
  0x4d, 0x61, 0x07, 0x21, 0x05, 0x09, 0xc4, 0x00, 0x87, 0x21, 0x11, 0x7c, 0xc7, 0x21, 0xeb, 0x4a,
  0x8e, 0x62, 0x8a, 0x69, 0x49, 0x69, 0x68, 0x69, 0x69, 0x69, 0x48, 0x51, 0xe4, 0x10, 0x24, 0x01,
  0x04, 0x09, 0xe3, 0x00, 0x03, 0x01, 0x04, 0x01, 0x04, 0x01, 0x04, 0x01, 0x24, 0x01, 0x24, 0x01,
  0xa6, 0x11, 0xf8, 0xcd, 0xdb, 0xfe, 0xbb, 0xf6, 0xbb, 0xf6, 0xbb, 0xf6, 0xbb, 0xf6, 0xbb, 0xf6,
  0xbb, 0xf6, 0xbb, 0xf6, 0xbb, 0xf6, 0xbb, 0xf6, 0xbb, 0xf6, 0xbb, 0xf6, 0xbb, 0xf6, 0xbb, 0xf6,
  0x9b, 0xf6, 0x9b, 0xf6, 0x9a, 0xf6, 0x7a, 0xf6, 0x7a, 0xf6, 0x7a, 0xf6, 0x7a, 0xf6, 0x59, 0xee,
  0x19, 0xee, 0x6f, 0xab, 0x87, 0x51, 0x23, 0x19, 0x64, 0x21, 0xa6, 0x29, 0x86, 0x21, 0xe3, 0x08,
  0xa2, 0x00, 0x62, 0x00, 0x62, 0x00, 0x83, 0x08, 0x63, 0x08, 0x84, 0x10, 0xc7, 0x18, 0xe9, 0x20,
  0xa7, 0x20, 0x65, 0x10, 0x66, 0x10, 0x86, 0x18, 0x65, 0x10, 0x65, 0x10, 0x65, 0x10, 0x65, 0x10,
  0x03, 0x08, 0xd2, 0x93, 0xb8, 0xdd, 0xf9, 0xe5, 0x70, 0x8b, 0xef, 0x72, 0x9a, 0xee, 0x10, 0x7b,
  0xcb, 0x28, 0x2d, 0x39, 0xea, 0x30, 0xc9, 0x20, 0x87, 0x18, 0xa7, 0x20, 0x66, 0x10, 0x8b, 0x41,
  0xd6, 0xb4, 0xef, 0x72, 0x10, 0x7b, 0x0c, 0x52, 0x9b, 0xee, 0x11, 0x7b, 0xd3, 0x93, 0xdb, 0xf6,
  0x9b, 0xe6, 0xbb, 0xee, 0xbb, 0xee, 0xbb, 0xee, 0xdb, 0xee, 0xbb, 0xee, 0xbb, 0xee, 0xba, 0xee,
  0xba, 0xee, 0xba, 0xee, 0x9a, 0xee, 0x7a, 0xe6, 0x59, 0xe6, 0x39, 0xe6, 0x19, 0xe6, 0xf8, 0xdd,
  0xf8, 0xdd, 0x77, 0xd5, 0x6c, 0x82, 0x2c, 0x8a, 0x2c, 0x82, 0x2c, 0x8a, 0x0b, 0x7a, 0xc6, 0x28,
  0x45, 0x10, 0xe9, 0x28, 0xea, 0x28, 0xe9, 0x28, 0xa8, 0x18, 0x66, 0x10, 0x87, 0x18, 0x86, 0x10,
  0xa8, 0x18, 0x45, 0x08, 0x44, 0x08, 0x44, 0x08, 0x44, 0x08, 0x44, 0x08, 0x43, 0x08, 0x43, 0x08,
  0x43, 0x00, 0x43, 0x00, 0x42, 0x00, 0x83, 0x08, 0x63, 0x00, 0x83, 0x08, 0x04, 0x09, 0x24, 0x09,
  0x24, 0x11, 0x24, 0x11, 0x24, 0x11, 0xe3, 0x00, 0xc3, 0x00, 0xe3, 0x00, 0x45, 0x11, 0x45, 0x11,
  0x04, 0x09, 0xc4, 0x00, 0xe9, 0x30, 0x4e, 0x71, 0xea, 0x40, 0x86, 0x08, 0xe8, 0x28, 0x08, 0x29,
  0xe6, 0x08, 0xe5, 0x08, 0xe5, 0x08, 0xe5, 0x08, 0xa3, 0x08, 0x09, 0x32, 0x11, 0x74, 0x30, 0x7c,
  0x30, 0x73, 0xeb, 0x69, 0x69, 0x69, 0x69, 0x71, 0x48, 0x59, 0x04, 0x19, 0xe3, 0x00, 0x24, 0x09,
  0x45, 0x09, 0x03, 0x01, 0x03, 0x01, 0x04, 0x01, 0x04, 0x01, 0x24, 0x01, 0x24, 0x01, 0x45, 0x01,
  0x24, 0x01, 0xef, 0x73, 0xfc, 0xfe, 0x9b, 0xf6, 0xbb, 0xf6, 0xbb, 0xf6, 0xbb, 0xf6, 0xbb, 0xf6,
  0xbb, 0xf6, 0xbb, 0xf6, 0xbb, 0xf6, 0xbb, 0xf6, 0xbb, 0xf6, 0xbb, 0xf6, 0xbb, 0xf6, 0xbb, 0xf6,
  0x9b, 0xf6, 0x9b, 0xf6, 0x9a, 0xf6, 0x9a, 0xf6, 0x9a, 0xf6, 0x9a, 0xf6, 0x7a, 0xf6, 0x59, 0xee,
  0x7a, 0xf6, 0x35, 0xd5, 0x09, 0x72, 0x03, 0x21, 0x23, 0x19, 0x65, 0x21, 0xe7, 0x29, 0x65, 0x19,
  0x82, 0x00, 0x61, 0x00, 0x41, 0x00, 0x62, 0x00, 0x82, 0x08, 0x62, 0x08, 0x84, 0x10, 0xc7, 0x18,
  0xc7, 0x20, 0xc7, 0x20, 0xa6, 0x18, 0x86, 0x10, 0x86, 0x10, 0x65, 0x10, 0x44, 0x08, 0x65, 0x10,
  0x44, 0x08, 0x06, 0x29, 0x98, 0xd5, 0x7b, 0xf6, 0x58, 0xcd, 0x6b, 0x49, 0x37, 0xc5, 0x98, 0xcd,
  0x4b, 0x39, 0x0c, 0x31, 0x0b, 0x31, 0xc9, 0x28, 0x87, 0x20, 0xa7, 0x20, 0x66, 0x10, 0xcb, 0x49,
  0x57, 0xc5, 0x10, 0x7b, 0x50, 0x7b, 0x10, 0x73, 0x1c, 0xf7, 0x55, 0xa4, 0xf0, 0x72, 0xdb, 0xee,
  0xbb, 0xee, 0xbb, 0xee, 0xbb, 0xee, 0xdb, 0xee, 0xdb, 0xee, 0xdb, 0xee, 0xbb, 0xee, 0xbb, 0xee,
  0xbb, 0xee, 0xba, 0xee, 0x9a, 0xee, 0x7a, 0xe6, 0x59, 0xee, 0x39, 0xee, 0x39, 0xe6, 0x18, 0xe6,
  0xd8, 0xdd, 0xf8, 0xe5, 0x6f, 0xa3, 0x0b, 0x82, 0x8d, 0x92, 0x4c, 0x8a, 0x2c, 0x82, 0x2c, 0x7a,
  0x49, 0x51, 0xc8, 0x30, 0xc9, 0x28, 0xe9, 0x28, 0xa8, 0x18, 0x46, 0x10, 0x87, 0x18, 0x86, 0x18,
  0x87, 0x10, 0x44, 0x08, 0x44, 0x08, 0x44, 0x08, 0x44, 0x08, 0x43, 0x08, 0x43, 0x08, 0x43, 0x08,
  0x43, 0x08, 0x83, 0x08, 0x63, 0x08, 0xa4, 0x08, 0x83, 0x08, 0x62, 0x00, 0xe4, 0x08, 0x24, 0x11,
  0x24, 0x11, 0x24, 0x11, 0x03, 0x09, 0xc3, 0x00, 0xc3, 0x00, 0xe3, 0x00, 0x24, 0x11, 0xe3, 0x08,
  0xc3, 0x00, 0xe4, 0x00, 0xe4, 0x00, 0xc5, 0x08, 0xc4, 0x00, 0xc4, 0x08, 0xc4, 0x00, 0xc4, 0x00,
  0xe4, 0x08, 0xc5, 0x08, 0xc4, 0x08, 0xe4, 0x08, 0xe5, 0x08, 0xc4, 0x00, 0x66, 0x19, 0xa8, 0x29,
  0xad, 0x6a, 0xca, 0x69, 0x89, 0x71, 0x47, 0x51, 0xe4, 0x18, 0xe3, 0x00, 0xe3, 0x00, 0x24, 0x09,
  0x45, 0x09, 0x03, 0x01, 0x03, 0x01, 0x04, 0x01, 0x04, 0x01, 0x24, 0x01, 0x45, 0x01, 0x85, 0x09,
  0x85, 0x09, 0x07, 0x22, 0x5a, 0xde, 0xbb, 0xfe, 0xbb, 0xf6, 0xbb, 0xf6, 0xbb, 0xf6, 0xbb, 0xf6,
  0xbb, 0xf6, 0xbb, 0xf6, 0xbb, 0xf6, 0xbb, 0xf6, 0xbb, 0xf6, 0xbb, 0xf6, 0xbb, 0xf6, 0xbb, 0xf6,
  0x9b, 0xf6, 0x9b, 0xf6, 0x9a, 0xf6, 0x9a, 0xf6, 0x9a, 0xf6, 0x9a, 0xf6, 0x7a, 0xf6, 0x7a, 0xf6,
  0x59, 0xee, 0x39, 0xf6, 0xb0, 0xab, 0x45, 0x39, 0x23, 0x19, 0x44, 0x19, 0x86, 0x21, 0x86, 0x21,
  0xa2, 0x08, 0x41, 0x00, 0x41, 0x00, 0x41, 0x00, 0x62, 0x08, 0x62, 0x08, 0x42, 0x08, 0x84, 0x10,
  0x85, 0x10, 0x86, 0x10, 0xa6, 0x18, 0x85, 0x10, 0x65, 0x10, 0x45, 0x08, 0x45, 0x10, 0x45, 0x10,
  0x65, 0x10, 0x44, 0x08, 0xea, 0x49, 0x13, 0xac, 0x0e, 0x8b, 0x4a, 0x49, 0x6e, 0x5a, 0x7b, 0xee,
  0x30, 0x7b, 0xca, 0x28, 0x0c, 0x39, 0x0a, 0x31, 0xa8, 0x20, 0xa7, 0x20, 0x66, 0x18, 0xaa, 0x41,
  0x57, 0xc5, 0x30, 0x7b, 0xd2, 0x8b, 0x53, 0x9c, 0xfb, 0xf6, 0x39, 0xde, 0xaf, 0x6a, 0x98, 0xcd,
  0xfb, 0xf6, 0xbb, 0xee, 0xdb, 0xee, 0xdb, 0xee, 0xdb, 0xee, 0xdb, 0xee, 0xdb, 0xee, 0xdb, 0xee,
  0xbb, 0xee, 0xba, 0xee, 0x9a, 0xee, 0x7a, 0xee, 0x5a, 0xe6, 0x39, 0xe6, 0x39, 0xe6, 0x39, 0xe6,
  0xf8, 0xdd, 0x19, 0xe6, 0x73, 0xb4, 0xea, 0x79, 0x53, 0xb4, 0xd5, 0xc4, 0x8d, 0x92, 0xeb, 0x81,
  0x0c, 0x7a, 0xa7, 0x20, 0xa9, 0x20, 0xe9, 0x28, 0xa8, 0x20, 0x66, 0x10, 0x86, 0x18, 0x66, 0x10,
  0x65, 0x10, 0x45, 0x08, 0x44, 0x08, 0x44, 0x08, 0x44, 0x08, 0x43, 0x08, 0x43, 0x08, 0x43, 0x08,
  0x06, 0x21, 0x26, 0x21, 0xc4, 0x10, 0xa4, 0x08, 0x83, 0x08, 0x62, 0x00, 0xc3, 0x08, 0x24, 0x11,
  0x24, 0x11, 0x24, 0x11, 0xe3, 0x08, 0xa3, 0x00, 0xa3, 0x00, 0xe3, 0x08, 0xe3, 0x08, 0xa3, 0x00,
  0xc3, 0x00, 0xe4, 0x00, 0xe4, 0x08, 0xe4, 0x00, 0xc4, 0x00, 0xc3, 0x00, 0xc3, 0x00, 0xa4, 0x00,
  0xa4, 0x00, 0xa4, 0x00, 0xa4, 0x00, 0xe5, 0x08, 0x05, 0x09, 0xc5, 0x08, 0x64, 0x08, 0xa6, 0x18,
  0x8a, 0x69, 0x69, 0x71, 0x89, 0x71, 0xe5, 0x20, 0xa3, 0x00, 0xe4, 0x08, 0xe3, 0x00, 0x04, 0x09,
  0x45, 0x09, 0x04, 0x01, 0x03, 0x01, 0x04, 0x01, 0x24, 0x01, 0x65, 0x09, 0x65, 0x09, 0xc6, 0x11,
  0x85, 0x11, 0xe3, 0x00, 0x92, 0x94, 0xfc, 0xfe, 0x9b, 0xf6, 0xbb, 0xf6, 0xbb, 0xf6, 0xbb, 0xf6,
  0xbb, 0xf6, 0xbb, 0xf6, 0xbb, 0xf6, 0xbb, 0xf6, 0xbb, 0xf6, 0xbb, 0xf6, 0xbb, 0xf6, 0xbb, 0xf6,
  0x9b, 0xf6, 0x9b, 0xf6, 0x9a, 0xf6, 0x9a, 0xf6, 0x9a, 0xf6, 0x9a, 0xf6, 0x7a, 0xf6, 0x7a, 0xf6,
  0x59, 0xee, 0x7a, 0xf6, 0x96, 0xdd, 0x29, 0x72, 0x44, 0x29, 0xa5, 0x21, 0x86, 0x21, 0xa6, 0x21,
  0x24, 0x11, 0x61, 0x00, 0x41, 0x00, 0x42, 0x00, 0x62, 0x08, 0x62, 0x08, 0x62, 0x08, 0x63, 0x08,
  0x43, 0x08, 0x43, 0x08, 0x43, 0x08, 0x43, 0x08, 0xa6, 0x18, 0x87, 0x18, 0xc7, 0x18, 0x86, 0x10,
  0x65, 0x10, 0x65, 0x10, 0xa6, 0x28, 0xeb, 0x79, 0x4c, 0x82, 0x4d, 0x82, 0xc8, 0x30, 0xb2, 0x8b,
  0xd6, 0xbc, 0xed, 0x51, 0x8c, 0x49, 0xeb, 0x30, 0x2b, 0x31, 0xa7, 0x20, 0x87, 0x18, 0x69, 0x39,
  0x16, 0xbd, 0x71, 0x83, 0x91, 0x83, 0x12, 0x94, 0xdb, 0xee, 0xbb, 0xee, 0x72, 0x83, 0xd0, 0x72,
  0xdb, 0xee, 0xbb, 0xee, 0xdb, 0xee, 0xdb, 0xee, 0xdb, 0xee, 0xdb, 0xee, 0xdb, 0xee, 0xdb, 0xee,
  0xbb, 0xee, 0xbb, 0xee, 0x9a, 0xee, 0x7a, 0xee, 0x5a, 0xe6, 0x59, 0xe6, 0x18, 0xe6, 0xf8, 0xdd,
  0xf8, 0xdd, 0xf8, 0xdd, 0x56, 0xcd, 0x4b, 0x82, 0xb4, 0xbc, 0xd8, 0xd5, 0xd5, 0xcc, 0x8c, 0x8a,
  0x8a, 0x69, 0x45, 0x10, 0x88, 0x20, 0xc9, 0x28, 0xa8, 0x20, 0x66, 0x10, 0x86, 0x10, 0x66, 0x10,
  0x65, 0x10, 0x65, 0x10, 0x44, 0x08, 0x44, 0x08, 0x43, 0x08, 0x43, 0x08, 0x43, 0x08, 0x26, 0x21,
  0x47, 0x29, 0x06, 0x21, 0xc4, 0x10, 0xa4, 0x08, 0x83, 0x08, 0xa3, 0x08, 0xc3, 0x08, 0x04, 0x11,
  0x04, 0x11, 0x04, 0x09, 0xc3, 0x08, 0x46, 0x21, 0x66, 0x21, 0xc3, 0x08, 0xa3, 0x00, 0xc3, 0x00,
  0xc3, 0x00, 0xe4, 0x00, 0x05, 0x09, 0xe4, 0x00, 0xe4, 0x00, 0xc3, 0x00, 0xc3, 0x00, 0xc4, 0x00,
  0xc4, 0x00, 0xa4, 0x00, 0xa4, 0x00, 0xe5, 0x08, 0x05, 0x09, 0x28, 0x21, 0xae, 0x59, 0x11, 0x7a,
  0x69, 0x69, 0x49, 0x71, 0x69, 0x71, 0x05, 0x29, 0xa3, 0x00, 0xe3, 0x00, 0xc3, 0x00, 0x04, 0x09,
  0x45, 0x09, 0x04, 0x01, 0x24, 0x09, 0x65, 0x19, 0x65, 0x11, 0x65, 0x09, 0x85, 0x09, 0xa6, 0x11,
  0x45, 0x09, 0xe3, 0x00, 0x49, 0x32, 0x7a, 0xee, 0xbb, 0xf6, 0xbb, 0xf6, 0xbb, 0xf6, 0xbb, 0xf6,
  0xbb, 0xf6, 0xbb, 0xf6, 0xbb, 0xf6, 0xbb, 0xf6, 0xbb, 0xf6, 0xbb, 0xf6, 0xbb, 0xf6, 0xbb, 0xf6,
  0xbb, 0xf6, 0x9b, 0xf6, 0x9a, 0xf6, 0x9a, 0xf6, 0x9a, 0xf6, 0x9a, 0xf6, 0x9a, 0xf6, 0x7a, 0xf6,
  0x7a, 0xee, 0x59, 0xee, 0x7a, 0xf6, 0xd0, 0xab, 0x04, 0x31, 0x64, 0x19, 0x65, 0x19, 0x86, 0x21,
  0xa6, 0x21, 0x24, 0x19, 0x61, 0x00, 0x41, 0x00, 0x62, 0x00, 0x62, 0x00, 0x62, 0x08, 0x62, 0x08,
  0x42, 0x08, 0x42, 0x08, 0x43, 0x08, 0x85, 0x10, 0xe9, 0x20, 0xa7, 0x18, 0xe8, 0x20, 0x86, 0x10,
  0x65, 0x10, 0x65, 0x08, 0xc6, 0x28, 0x6d, 0x82, 0x6d, 0x8a, 0xae, 0x92, 0xec, 0x61, 0xa8, 0x20,
  0x11, 0x83, 0x2e, 0x62, 0x54, 0xa4, 0x8c, 0x49, 0xeb, 0x28, 0x0a, 0x29, 0x67, 0x18, 0x49, 0x31,
  0x74, 0xac, 0x91, 0x83, 0xef, 0x72, 0xb1, 0x8b, 0xdb, 0xf6, 0xbb, 0xee, 0x55, 0xa4, 0x90, 0x6a,
  0x33, 0x9c, 0xfb, 0xf6, 0xdb, 0xee, 0xdb, 0xee, 0xdb, 0xee, 0xdb, 0xee, 0xdb, 0xee, 0xbb, 0xee,
  0xbb, 0xee, 0xbb, 0xee, 0x9a, 0xee, 0x7a, 0xee, 0x5a, 0xe6, 0x59, 0xee, 0x35, 0xc5, 0xd3, 0xb4,
  0x18, 0xde, 0xf8, 0xdd, 0xd8, 0xdd, 0xed, 0x92, 0x94, 0xbc, 0x97, 0xd5, 0x77, 0xd5, 0x2f, 0x9b,
  0x28, 0x51, 0x25, 0x10, 0x87, 0x18, 0xe9, 0x20, 0xa7, 0x18, 0x66, 0x10, 0x66, 0x10, 0x66, 0x10,
  0x65, 0x10, 0x64, 0x08, 0x44, 0x08, 0x43, 0x08, 0xa5, 0x10, 0xa5, 0x10, 0x84, 0x10, 0x67, 0x29,
  0x06, 0x21, 0xa4, 0x10, 0x63, 0x08, 0x63, 0x08, 0x83, 0x08, 0xc4, 0x10, 0xe4, 0x08, 0x04, 0x11,
  0x04, 0x09, 0x05, 0x19, 0xea, 0x51, 0x8d, 0x82, 0x88, 0x39, 0x82, 0x00, 0x05, 0x09, 0xc4, 0x08,
  0x05, 0x19, 0x66, 0x19, 0x24, 0x09, 0xe4, 0x00, 0xe4, 0x00, 0xc4, 0x00, 0xc4, 0x00, 0xc4, 0x00,
  0xc4, 0x00, 0xc4, 0x00, 0xc4, 0x00, 0xc4, 0x00, 0xc6, 0x10, 0xef, 0x69, 0xf2, 0x89, 0xf2, 0x81,
  0x6a, 0x71, 0x49, 0x69, 0x49, 0x69, 0xe5, 0x28, 0xc3, 0x00, 0xe3, 0x00, 0xc3, 0x00, 0xe4, 0x08,
  0x45, 0x09, 0xe4, 0x00, 0x24, 0x09, 0xc6, 0x31, 0xc6, 0x39, 0x85, 0x11, 0x65, 0x09, 0x44, 0x09,
  0x04, 0x01, 0x44, 0x01, 0x44, 0x01, 0xf4, 0xa4, 0xfc, 0xfe, 0xbb, 0xf6, 0xbb, 0xf6, 0xbb, 0xf6,
  0xbb, 0xf6, 0xbb, 0xf6, 0xbb, 0xf6, 0xbb, 0xf6, 0xbb, 0xf6, 0xbb, 0xf6, 0xbb, 0xf6, 0xbb, 0xf6,
  0xbb, 0xf6, 0x9b, 0xf6, 0x9b, 0xf6, 0x9a, 0xf6, 0x9a, 0xf6, 0x9a, 0xf6, 0x9a, 0xf6, 0x7a, 0xf6,
  0x7a, 0xee, 0x59, 0xee, 0x7a, 0xee, 0xd8, 0xed, 0xe8, 0x59, 0xc2, 0x08, 0xe3, 0x08, 0xe3, 0x08,
  0x65, 0x19, 0xa6, 0x29, 0x25, 0x19, 0x61, 0x00, 0x61, 0x00, 0x62, 0x00, 0x62, 0x08, 0x62, 0x08,
  0x62, 0x00, 0x62, 0x00, 0x64, 0x08, 0x08, 0x21, 0xa8, 0x20, 0x09, 0x29, 0x87, 0x18, 0x45, 0x10,
  0x65, 0x10, 0x65, 0x10, 0x85, 0x18, 0x6d, 0x7a, 0xae, 0x92, 0xd4, 0xcc, 0x14, 0xbc, 0xc9, 0x38,
  0x88, 0x20, 0x68, 0x20, 0x54, 0xa4, 0xb9, 0xd5, 0xec, 0x51, 0xc9, 0x28, 0xa8, 0x20, 0xe7, 0x28,
  0x2f, 0x83, 0x91, 0x83, 0x6d, 0x62, 0xd2, 0x8b, 0xdb, 0xee, 0xdb, 0xee, 0x55, 0xa4, 0xd7, 0xb4,
  0xd3, 0x93, 0x33, 0x9c, 0xfb, 0xee, 0xfb, 0xee, 0xdb, 0xee, 0xdb, 0xee, 0xdb, 0xee, 0xbb, 0xee,
  0xba, 0xee, 0xba, 0xee, 0x9a, 0xee, 0x7a, 0xe6, 0x59, 0xe6, 0x59, 0xe6, 0x39, 0xe6, 0x19, 0xe6,
  0x19, 0xe6, 0x39, 0xe6, 0x94, 0xbc, 0x2b, 0x82, 0x73, 0xbc, 0xd8, 0xd5, 0xb4, 0xbc, 0x6c, 0x82,
  0xc7, 0x38, 0x25, 0x08, 0x87, 0x18, 0xe9, 0x20, 0xa7, 0x18, 0x66, 0x10, 0x66, 0x10, 0x66, 0x10,
  0x65, 0x10, 0x64, 0x08, 0x43, 0x08, 0x43, 0x08, 0x64, 0x10, 0x44, 0x08, 0x84, 0x10, 0x06, 0x21,
  0xc5, 0x18, 0x43, 0x08, 0x43, 0x08, 0x63, 0x08, 0xa4, 0x10, 0x26, 0x21, 0x25, 0x19, 0xe4, 0x08,
  0x05, 0x11, 0x2b, 0x5a, 0xcf, 0x8a, 0x6d, 0x7a, 0x84, 0x10, 0xc9, 0x39, 0xb0, 0x7b, 0x50, 0x8b,
  0xee, 0x82, 0x0a, 0x4a, 0x04, 0x01, 0x04, 0x01, 0x05, 0x09, 0x05, 0x09, 0x05, 0x09, 0xe4, 0x00,
  0xa4, 0x00, 0x83, 0x00, 0xa4, 0x00, 0xa4, 0x00, 0x48, 0x29, 0x10, 0x7a, 0xb0, 0x79, 0xb1, 0x79,
  0x06, 0x39, 0xc5, 0x20, 0x83, 0x10, 0xa3, 0x08, 0xc3, 0x00, 0xe3, 0x00, 0xc3, 0x00, 0xe3, 0x08,
  0x04, 0x09, 0xe3, 0x00, 0x44, 0x11, 0xa5, 0x39, 0x05, 0x52, 0x06, 0x3a, 0x64, 0x11, 0x44, 0x09,
  0x44, 0x09, 0xa6, 0x11, 0x64, 0x09, 0x8a, 0x42, 0xbc, 0xf6, 0xbb, 0xf6, 0xbb, 0xf6, 0xbb, 0xf6,
  0xbb, 0xf6, 0xbb, 0xf6, 0xbb, 0xf6, 0xbb, 0xf6, 0xbb, 0xf6, 0xbb, 0xf6, 0xbb, 0xf6, 0xbb, 0xf6,
  0xbb, 0xf6, 0xbb, 0xf6, 0xbb, 0xf6, 0x9a, 0xf6, 0x9a, 0xf6, 0x9a, 0xf6, 0x9a, 0xf6, 0x7a, 0xf6,
  0x7a, 0xf6, 0x5a, 0xee, 0x59, 0xee, 0x7a, 0xf6, 0xd0, 0xa3, 0xa2, 0x10, 0xc2, 0x08, 0x04, 0x11,
  0x04, 0x11, 0x04, 0x11, 0x86, 0x21, 0xe3, 0x10, 0x41, 0x00, 0x61, 0x00, 0x61, 0x00, 0x41, 0x00,
  0x41, 0x00, 0x21, 0x00, 0xa6, 0x18, 0xe9, 0x20, 0xe8, 0x20, 0xc8, 0x20, 0x46, 0x10, 0x86, 0x18,
  0x85, 0x10, 0x65, 0x10, 0x85, 0x18, 0x2c, 0x7a, 0xb1, 0xab, 0x19, 0xe6, 0xfa, 0xed, 0xb0, 0x7a,
  0xab, 0x49, 0x8b, 0x41, 0x8b, 0x49, 0x77, 0xcd, 0x1a, 0xe6, 0x8e, 0x6a, 0xc9, 0x28, 0x87, 0x20,
  0x89, 0x41, 0x54, 0x9c, 0xef, 0x72, 0x33, 0x9c, 0xdb, 0xee, 0xdb, 0xee, 0x54, 0xa4, 0x36, 0xbd,
  0xfc, 0xf6, 0x94, 0xac, 0x94, 0xa4, 0x5a, 0xde, 0xdb, 0xee, 0xdb, 0xee, 0xdb, 0xee, 0xbb, 0xee,
  0xba, 0xee, 0xba, 0xee, 0x9a, 0xee, 0x7a, 0xe6, 0x59, 0xe6, 0x59, 0xe6, 0x39, 0xe6, 0x39, 0xe6,
  0x97, 0xd5, 0xf1, 0xab, 0x6c, 0x82, 0x2c, 0x8a, 0x94, 0xbc, 0x98, 0xd5, 0x0f, 0x93, 0xea, 0x69,
  0x86, 0x20, 0x45, 0x10, 0x66, 0x10, 0xc8, 0x20, 0xa7, 0x18, 0x66, 0x10, 0x66, 0x10, 0x65, 0x10,
  0x65, 0x10, 0x64, 0x08, 0x43, 0x00, 0x43, 0x08, 0x43, 0x08, 0x43, 0x00, 0x84, 0x08, 0xa4, 0x10,
  0x63, 0x08, 0x43, 0x08, 0x43, 0x08, 0x83, 0x08, 0xc5, 0x18, 0xa9, 0x41, 0xc9, 0x49, 0x06, 0x19,
  0xa9, 0x41, 0xaf, 0x8a, 0x8f, 0x8a, 0x89, 0x49, 0x4c, 0x5a, 0x55, 0xbc, 0xf8, 0xd4, 0xf8, 0xd4,
  0xf4, 0xbb, 0xea, 0x51, 0x04, 0x01, 0x25, 0x09, 0x25, 0x09, 0x26, 0x09, 0x05, 0x09, 0xc4, 0x00,
  0xa3, 0x00, 0x83, 0x00, 0x83, 0x00, 0x83, 0x00, 0xa9, 0x31, 0x72, 0x82, 0xd1, 0x79, 0x95, 0x92,
  0x83, 0x00, 0x83, 0x00, 0x83, 0x00, 0xa3, 0x00, 0xe4, 0x08, 0xe4, 0x08, 0xe4, 0x00, 0xc3, 0x00,
  0xc3, 0x00, 0xa2, 0x00, 0x45, 0x19, 0xa5, 0x39, 0x05, 0x52, 0x87, 0x6a, 0xa6, 0x29, 0x85, 0x11,
  0x86, 0x11, 0xc6, 0x19, 0xa5, 0x11, 0xc2, 0x00, 0xf4, 0xac, 0xfc, 0xfe, 0x9b, 0xf6, 0xbb, 0xf6,
  0xbb, 0xf6, 0xbb, 0xf6, 0xbb, 0xf6, 0xbb, 0xf6, 0xbb, 0xf6, 0xbb, 0xf6, 0xbb, 0xf6, 0xbb, 0xf6,
  0xbb, 0xf6, 0xbb, 0xf6, 0xbb, 0xf6, 0xbb, 0xf6, 0x9b, 0xf6, 0x9a, 0xf6, 0x9a, 0xf6, 0x9a, 0xf6,
  0x7a, 0xf6, 0x7a, 0xf6, 0x59, 0xee, 0x59, 0xee, 0x18, 0xe6, 0xa6, 0x39, 0x61, 0x00, 0xc3, 0x10,
  0xa2, 0x08, 0x82, 0x00, 0xc3, 0x10, 0x66, 0x21, 0xa2, 0x08, 0x61, 0x00, 0x61, 0x00, 0x41, 0x00,
  0x21, 0x00, 0x64, 0x10, 0xea, 0x20, 0xc8, 0x20, 0xc7, 0x20, 0x66, 0x10, 0x87, 0x18, 0xa7, 0x18,
  0x65, 0x10, 0x85, 0x10, 0x85, 0x18, 0x0c, 0x72, 0xd5, 0xcc, 0x19, 0xe6, 0x3a, 0xee, 0xf6, 0xc4,
  0x4e, 0x62, 0x14, 0x8c, 0xa9, 0x28, 0x2b, 0x39, 0x54, 0xa4, 0x7b, 0xee, 0xb2, 0x93, 0xe8, 0x30,
  0x64, 0x18, 0x34, 0x9c, 0x92, 0x8b, 0x94, 0xac, 0xdb, 0xee, 0x9a, 0xe6, 0x54, 0xa4, 0xf9, 0xd5,
  0xdb, 0xee, 0xdb, 0xee, 0x3a, 0xde, 0x19, 0xd6, 0xdb, 0xee, 0xdb, 0xee, 0xdb, 0xee, 0xbb, 0xee,
  0x9a, 0xee, 0x9a, 0xee, 0x9a, 0xee, 0x7a, 0xe6, 0x59, 0xe6, 0x39, 0xe6, 0x59, 0xe6, 0xb7, 0xdd,
  0xed, 0x92, 0x8c, 0x8a, 0xad, 0x92, 0x6d, 0x8a, 0xf2, 0xab, 0x70, 0xa3, 0x2c, 0x8a, 0x89, 0x59,
  0x25, 0x10, 0x66, 0x10, 0x66, 0x18, 0xc8, 0x20, 0x86, 0x18, 0x65, 0x10, 0x65, 0x10, 0x65, 0x10,
  0x64, 0x08, 0x43, 0x08, 0x43, 0x00, 0x43, 0x00, 0x63, 0x00, 0x43, 0x00, 0x63, 0x08, 0xa4, 0x10,
  0x83, 0x08, 0x63, 0x08, 0x63, 0x08, 0xa4, 0x10, 0xe5, 0x20, 0xea, 0x51, 0x6d, 0x6a, 0xcb, 0x51,
  0x4d, 0x6a, 0xd0, 0x8a, 0x6f, 0x7a, 0x32, 0x93, 0x36, 0xc4, 0x15, 0xb4, 0x14, 0xa4, 0x51, 0x8b,
  0x11, 0x8b, 0x4c, 0x5a, 0x04, 0x01, 0x04, 0x01, 0x25, 0x09, 0x66, 0x11, 0x25, 0x09, 0xe4, 0x00,
  0xa3, 0x00, 0xa3, 0x00, 0xa3, 0x00, 0xa3, 0x00, 0xc5, 0x08, 0x0f, 0x62, 0x74, 0x8a, 0xd2, 0x79,
  0xe5, 0x28, 0xe4, 0x10, 0xa3, 0x08, 0xa3, 0x00, 0xe4, 0x08, 0x04, 0x09, 0xe4, 0x08, 0xc3, 0x00,
  0xa3, 0x00, 0xa2, 0x00, 0x44, 0x19, 0xa5, 0x31, 0x46, 0x4a, 0x47, 0x4a, 0xa6, 0x21, 0x85, 0x11,
  0x86, 0x11, 0xa6, 0x19, 0xc6, 0x19, 0xa2, 0x00, 0x29, 0x3a, 0xbb, 0xee, 0xbb, 0xf6, 0xbb, 0xf6,
  0xbb, 0xf6, 0xbb, 0xf6, 0xbb, 0xf6, 0xbb, 0xf6, 0xbb, 0xf6, 0xbb, 0xf6, 0xbb, 0xf6, 0xbb, 0xf6,
  0xbb, 0xf6, 0xbb, 0xf6, 0xbb, 0xf6, 0xbb, 0xf6, 0x9b, 0xf6, 0x9a, 0xf6, 0x9a, 0xf6, 0x9a, 0xf6,
  0x7a, 0xf6, 0x7a, 0xf6, 0x7a, 0xf6, 0x59, 0xee, 0xba, 0xf6, 0xae, 0x83, 0x41, 0x00, 0xc3, 0x10,
  0xa3, 0x08, 0xa3, 0x08, 0x82, 0x08, 0x65, 0x21, 0xe7, 0x31, 0x61, 0x00, 0x61, 0x00, 0x41, 0x00,
  0x64, 0x08, 0x09, 0x21, 0x09, 0x29, 0x86, 0x18, 0x87, 0x18, 0x66, 0x10, 0xa8, 0x18, 0x86, 0x10,
  0x85, 0x10, 0x86, 0x10, 0x65, 0x10, 0x0b, 0x62, 0xb8, 0xdd, 0x19, 0xe6, 0x19, 0xe6, 0xf9, 0xdd,
  0x0d, 0x5a, 0x13, 0x94, 0xad, 0x49, 0x8d, 0x49, 0x4f, 0x5a, 0x52, 0x8b, 0xbb, 0xfe, 0xd4, 0xb4,
  0x48, 0x41, 0x29, 0x31, 0xae, 0x6a, 0xd9, 0xd5, 0x9a, 0xee, 0x96, 0xcd, 0x36, 0xbd, 0xbb, 0xee,
  0x9a, 0xe6, 0x9a, 0xe6, 0xdb, 0xee, 0xfb, 0xee, 0xdb, 0xee, 0xdb, 0xee, 0xbb, 0xee, 0x9a, 0xee,
  0x9a, 0xee, 0x9a, 0xee, 0x7a, 0xee, 0x7a, 0xe6, 0x59, 0xe6, 0x39, 0xe6, 0x5a, 0xee, 0x15, 0xcd,
  0xce, 0x9a, 0xee, 0x9a, 0xce, 0x92, 0x8d, 0x92, 0x6d, 0x8a, 0x2c, 0x8a, 0x4d, 0x8a, 0xe6, 0x30,
  0x25, 0x10, 0x86, 0x18, 0x66, 0x10, 0xc7, 0x20, 0x66, 0x10, 0x65, 0x10, 0x65, 0x10, 0x65, 0x08,
  0x64, 0x08, 0x43, 0x08, 0x43, 0x00, 0x43, 0x00, 0x63, 0x00, 0x42, 0x00, 0x63, 0x08, 0x83, 0x08,
  0x63, 0x08, 0x62, 0x00, 0x83, 0x08, 0x83, 0x08, 0xa4, 0x18, 0xca, 0x51, 0xaf, 0x82, 0x2d, 0x72,
  0xaf, 0x82, 0x93, 0x9b, 0x31, 0x8b, 0x6e, 0x72, 0x69, 0x39, 0x06, 0x21, 0x84, 0x00, 0x83, 0x00,
  0xa4, 0x00, 0xc4, 0x00, 0x25, 0x09, 0x31, 0x6c, 0xec, 0x3a, 0xc4, 0x00, 0xc4, 0x00, 0xc4, 0x00,
  0xe4, 0x00, 0xc4, 0x00, 0xa4, 0x00, 0xc3, 0x00, 0xc5, 0x08, 0xad, 0x59, 0xb0, 0x71, 0x2f, 0x61,
  0x69, 0x61, 0xe5, 0x28, 0xa5, 0x20, 0xa4, 0x18, 0xc4, 0x10, 0xe5, 0x20, 0x05, 0x21, 0xc4, 0x08,
  0xa3, 0x00, 0xe3, 0x08, 0x44, 0x19, 0xa5, 0x21, 0x27, 0x32, 0x07, 0x2a, 0x85, 0x11, 0xa6, 0x19,
  0x07, 0x22, 0xa6, 0x19, 0x85, 0x11, 0xc3, 0x00, 0x61, 0x00, 0x35, 0xb5, 0xfc, 0xfe, 0x9b, 0xf6,
  0xbb, 0xf6, 0xbb, 0xf6, 0xbb, 0xf6, 0xbb, 0xf6, 0xbb, 0xf6, 0xbb, 0xf6, 0xbb, 0xf6, 0xbb, 0xf6,
  0xbb, 0xf6, 0xbb, 0xf6, 0xbb, 0xf6, 0xbb, 0xf6, 0xbb, 0xf6, 0x9a, 0xf6, 0x9a, 0xf6, 0x9a, 0xf6,
  0x7a, 0xf6, 0x7a, 0xf6, 0x79, 0xf6, 0x59, 0xee, 0x7a, 0xf6, 0x76, 0xd5, 0xc3, 0x18, 0xc3, 0x08,
  0xa3, 0x08, 0xc3, 0x10, 0xa3, 0x08, 0xc3, 0x10, 0x89, 0x42, 0x24, 0x19, 0x41, 0x00, 0x84, 0x08,
  0xc8, 0x18, 0xc7, 0x20, 0x65, 0x10, 0xa7, 0x18, 0xa7, 0x18, 0x65, 0x10, 0xc8, 0x20, 0x86, 0x10,
  0x85, 0x10, 0x86, 0x18, 0x45, 0x08, 0x6d, 0x6a, 0x1a, 0xee, 0xf9, 0xe5, 0xf9, 0xe5, 0x5a, 0xee,
  0x6e, 0x62, 0xb3, 0x93, 0xf1, 0x7a, 0xaa, 0x28, 0x97, 0xac, 0xd1, 0x72, 0x10, 0x7b, 0xbb, 0xf6,
  0xd9, 0xdd, 0xec, 0x59, 0xc8, 0x28, 0x56, 0xbd, 0xdb, 0xf6, 0x7a, 0xe6, 0x9a, 0xee, 0x9a, 0xee,
  0xba, 0xee, 0xba, 0xee, 0xba, 0xee, 0xba, 0xee, 0xbb, 0xee, 0x9a, 0xee, 0xba, 0xee, 0xdb, 0xf6,
  0x9b, 0xee, 0x7a, 0xee, 0x5a, 0xe6, 0x59, 0xe6, 0x59, 0xe6, 0x39, 0xe6, 0x59, 0xe6, 0x56, 0xd5,
  0x0e, 0x9b, 0xee, 0x9a, 0xce, 0x92, 0x8d, 0x92, 0x4d, 0x8a, 0x6d, 0x8a, 0xcb, 0x69, 0x45, 0x10,
  0x66, 0x18, 0x66, 0x10, 0x87, 0x18, 0xa7, 0x18, 0x66, 0x10, 0x65, 0x10, 0x65, 0x10, 0x64, 0x08,
  0x44, 0x08, 0x43, 0x08, 0x43, 0x00, 0x43, 0x00, 0x42, 0x00, 0x42, 0x00, 0x63, 0x00, 0x83, 0x08,
  0x83, 0x08, 0x82, 0x08, 0x83, 0x08, 0x83, 0x08, 0x83, 0x08, 0x68, 0x41, 0x8e, 0x72, 0xb0, 0x82,
  0x11, 0x93, 0xd0, 0x82, 0x2d, 0x6a, 0x6e, 0x6a, 0xaf, 0x72, 0xef, 0x7a, 0x4c, 0x52, 0x47, 0x19,
  0xe5, 0x08, 0x26, 0x09, 0xb3, 0x7c, 0x7a, 0xb6, 0xb3, 0x7c, 0x0d, 0x4b, 0x8b, 0x3a, 0xe8, 0x21,
  0x63, 0x00, 0xa4, 0x00, 0xe5, 0x00, 0xa3, 0x00, 0x0d, 0x5a, 0x37, 0xab, 0xb0, 0x71, 0x71, 0x71,
  0x8a, 0x71, 0xe7, 0x40, 0xe7, 0x48, 0xe7, 0x48, 0x49, 0x51, 0x49, 0x61, 0x69, 0x61, 0x06, 0x29,
  0xe4, 0x00, 0xa6, 0x21, 0x86, 0x19, 0xc6, 0x21, 0x07, 0x2a, 0x65, 0x11, 0x03, 0x09, 0xa6, 0x19,
  0xaa, 0x3a, 0xe7, 0x19, 0x24, 0x09, 0xa3, 0x00, 0x41, 0x00, 0xab, 0x4a, 0xdd, 0xfe, 0x9b, 0xf6,
  0xbb, 0xf6, 0xbb, 0xf6, 0xbb, 0xf6, 0xbb, 0xf6, 0xbb, 0xf6, 0xbb, 0xf6, 0xbb, 0xf6, 0xbb, 0xf6,
  0xbb, 0xf6, 0xbb, 0xf6, 0xbb, 0xf6, 0xbb, 0xf6, 0xbb, 0xf6, 0x9a, 0xf6, 0x9a, 0xf6, 0x9a, 0xf6,
  0x9a, 0xf6, 0x7a, 0xf6, 0x7a, 0xf6, 0x79, 0xee, 0x59, 0xee, 0x5a, 0xf6, 0x6a, 0x5a, 0xa3, 0x08,
  0xc4, 0x10, 0xe4, 0x18, 0x62, 0x08, 0x82, 0x08, 0x48, 0x3a, 0x07, 0x32, 0x82, 0x08, 0xa4, 0x10,
  0x83, 0x10, 0x42, 0x08, 0x44, 0x10, 0xe9, 0x20, 0x65, 0x10, 0x86, 0x18, 0xc8, 0x20, 0x86, 0x10,
  0x86, 0x10, 0x86, 0x18, 0x24, 0x08, 0xce, 0x72, 0x5b, 0xf6, 0xf9, 0xe5, 0xf9, 0xe5, 0x7a, 0xee,
  0xd0, 0x6a, 0xf1, 0x7a, 0xd6, 0xb4, 0x69, 0x20, 0x90, 0x6a, 0x5b, 0xe6, 0x11, 0x83, 0x72, 0x83,
  0xbc, 0xee, 0x39, 0xe6, 0xcf, 0x7a, 0x09, 0x31, 0x94, 0xa4, 0xdc, 0xf6, 0xba, 0xee, 0x9a, 0xe6,
  0xba, 0xee, 0xba, 0xee, 0xba, 0xee, 0xba, 0xee, 0x9a, 0xee, 0x9b, 0xee, 0xf8, 0xdd, 0xb3, 0xb4,
  0xf8, 0xdd, 0x7a, 0xee, 0x7a, 0xee, 0x5a, 0xee, 0x39, 0xe6, 0x39, 0xe6, 0x39, 0xe6, 0x97, 0xdd,
  0x4f, 0xa3, 0xee, 0x9a, 0xce, 0x92, 0x8d, 0x92, 0x6d, 0x92, 0x4d, 0x8a, 0xe7, 0x30, 0x45, 0x08,
  0x87, 0x18, 0x67, 0x10, 0xa7, 0x18, 0x86, 0x10, 0x65, 0x10, 0x64, 0x10, 0x64, 0x08, 0x64, 0x08,
  0x43, 0x08, 0x43, 0x08, 0x63, 0x00, 0x42, 0x00, 0x42, 0x00, 0x42, 0x00, 0x62, 0x08, 0x83, 0x08,
  0xa3, 0x08, 0xc3, 0x10, 0xc3, 0x10, 0xc4, 0x10, 0xc4, 0x10, 0x06, 0x29, 0xca, 0x51, 0x4e, 0x72,
  0x8f, 0x82, 0x6f, 0x7a, 0xd1, 0x8a, 0x12, 0x93, 0xb4, 0xa3, 0x94, 0xa3, 0x32, 0x9b, 0xeb, 0x41,
  0xc5, 0x00, 0x73, 0x74, 0xfc, 0xc6, 0x93, 0x74, 0x8f, 0x5b, 0xbc, 0xc6, 0x5e, 0xd7, 0x4e, 0x53,
  0x0d, 0x4b, 0xc8, 0x21, 0xa3, 0x00, 0xe5, 0x08, 0xd2, 0x7a, 0xd5, 0x9a, 0xb0, 0x71, 0x55, 0x8a,
  0xaa, 0x69, 0x89, 0x69, 0x48, 0x61, 0x09, 0x61, 0x2a, 0x69, 0x29, 0x61, 0x29, 0x69, 0x28, 0x49,
  0x04, 0x11, 0xc6, 0x21, 0x28, 0x2a, 0x28, 0x2a, 0x25, 0x11, 0xa2, 0x00, 0xc3, 0x00, 0x24, 0x09,
  0x69, 0x32, 0x69, 0x2a, 0x04, 0x01, 0xa3, 0x00, 0xa3, 0x00, 0x83, 0x00, 0x15, 0xb5, 0xfc, 0xfe,
  0xba, 0xee, 0xbb, 0xf6, 0xbb, 0xf6, 0xbb, 0xf6, 0xbb, 0xf6, 0xbb, 0xf6, 0xbb, 0xf6, 0xbb, 0xf6,
  0xbb, 0xf6, 0xbb, 0xf6, 0xbb, 0xf6, 0xbb, 0xf6, 0xbb, 0xf6, 0xbb, 0xf6, 0x9a, 0xf6, 0x9a, 0xf6,
  0x9a, 0xf6, 0x9a, 0xf6, 0x7a, 0xf6, 0x7a, 0xf6, 0x59, 0xee, 0x9b, 0xf6, 0xb3, 0xac, 0xe4, 0x20,
  0x26, 0x21, 0x05, 0x21, 0x83, 0x10, 0x82, 0x08, 0x07, 0x32, 0x48, 0x3a, 0x82, 0x08, 0x41, 0x00,
  0x42, 0x08, 0x42, 0x08, 0x85, 0x10, 0xc8, 0x20, 0x65, 0x10, 0xa6, 0x18, 0xc8, 0x20, 0x86, 0x10,
  0x86, 0x10, 0x86, 0x10, 0x24, 0x08, 0x4c, 0x5a, 0x5a, 0xee, 0xf9, 0xe5, 0xf9, 0xe5, 0x7a, 0xee,
  0xf0, 0x72, 0x0e, 0x52, 0x39, 0xe6, 0x0d, 0x52, 0xaa, 0x28, 0x37, 0xc5, 0xbb, 0xee, 0x92, 0x8b,
  0x12, 0x9c, 0xba, 0xf6, 0x7b, 0xf6, 0xb3, 0x9b, 0x09, 0x31, 0x30, 0x7b, 0x3a, 0xde, 0xdc, 0xee,
  0x9a, 0xee, 0x9a, 0xe6, 0x9b, 0xee, 0x9a, 0xee, 0x9a, 0xee, 0x9a, 0xee, 0x59, 0xe6, 0x93, 0xb4,
  0x31, 0xa4, 0xb3, 0xb4, 0x55, 0xc5, 0xf8, 0xdd, 0x39, 0xee, 0x59, 0xe6, 0x39, 0xe6, 0xf9, 0xdd,
  0xb1, 0xab, 0xce, 0x9a, 0xce, 0x92, 0x8d, 0x92, 0x6d, 0x92, 0x6a, 0x59, 0x24, 0x08, 0x66, 0x18,
  0x66, 0x18, 0xa8, 0x18, 0xc8, 0x18, 0x65, 0x10, 0x44, 0x08, 0x44, 0x08, 0x44, 0x08, 0x43, 0x08,
  0x43, 0x08, 0x43, 0x08, 0x63, 0x00, 0x62, 0x00, 0x62, 0x00, 0x62, 0x00, 0x82, 0x08, 0x83, 0x08,
  0xa3, 0x10, 0xc3, 0x10, 0xc3, 0x10, 0x04, 0x19, 0x47, 0x29, 0x47, 0x31, 0x27, 0x31, 0xec, 0x61,
  0x4f, 0x7a, 0x0e, 0x72, 0xf2, 0xa2, 0x0d, 0x6a, 0x49, 0x31, 0xab, 0x49, 0x69, 0x39, 0x06, 0x11,
  0x0a, 0x2a, 0x19, 0xa6, 0xb7, 0x95, 0x6e, 0x4b, 0x08, 0x22, 0xb3, 0x7c, 0x97, 0xa5, 0x52, 0x7c,
  0x9f, 0xe7, 0x56, 0x9d, 0x8f, 0x5b, 0x66, 0x19, 0x69, 0x29, 0x8b, 0x41, 0x2b, 0x39, 0x52, 0x7a,
  0xea, 0x79, 0x0a, 0x82, 0x0a, 0x82, 0x69, 0x69, 0xc8, 0x58, 0xe8, 0x60, 0x09, 0x69, 0x29, 0x61,
  0xc4, 0x18, 0x24, 0x09, 0xc7, 0x21, 0x25, 0x11, 0xa2, 0x00, 0xa2, 0x00, 0xc3, 0x00, 0xc3, 0x00,
  0xa6, 0x19, 0x8a, 0x32, 0x24, 0x09, 0xa3, 0x00, 0xa3, 0x00, 0x42, 0x00, 0xe8, 0x31, 0xbb, 0xee,
  0xbb, 0xf6, 0xbb, 0xf6, 0xbb, 0xf6, 0xbb, 0xf6, 0xbb, 0xf6, 0xbb, 0xf6, 0xbb, 0xf6, 0xbb, 0xf6,
  0xbb, 0xf6, 0xbb, 0xf6, 0xbb, 0xf6, 0xbb, 0xf6, 0xbb, 0xf6, 0xbb, 0xf6, 0x9a, 0xf6, 0x9a, 0xf6,
  0x9a, 0xf6, 0x9a, 0xf6, 0x9a, 0xf6, 0x7a, 0xf6, 0x59, 0xee, 0x5a, 0xee, 0x19, 0xee, 0x4a, 0x5a,
  0x26, 0x29, 0x26, 0x29, 0xe5, 0x20, 0xa3, 0x10, 0x06, 0x32, 0x07, 0x3a, 0xa2, 0x08, 0x04, 0x19,
  0x42, 0x08, 0x42, 0x08, 0xa6, 0x18, 0xa7, 0x18, 0x65, 0x10, 0xa7, 0x18, 0xc8, 0x20, 0x87, 0x18,
  0x66, 0x10, 0x86, 0x10, 0x24, 0x08, 0x89, 0x41, 0x19, 0xe6, 0x19, 0xe6, 0xf9, 0xe5, 0x5a, 0xee,
  0x11, 0x7b, 0x8d, 0x49, 0x3a, 0xe6, 0xb5, 0xb4, 0x89, 0x28, 0xd0, 0x6a, 0x99, 0xee, 0x79, 0xe6,
  0xd2, 0x9b, 0xd5, 0xbc, 0x9a, 0xee, 0x9b, 0xf6, 0x16, 0xbd, 0x29, 0x39, 0xab, 0x49, 0x36, 0xbd,
  0x9a, 0xe6, 0xbc, 0xee, 0x7a, 0xe6, 0x9a, 0xee, 0x9a, 0xee, 0x9a, 0xee, 0x7a, 0xee, 0xbb, 0xf6,
  0x5a, 0xee, 0x18, 0xde, 0x97, 0xd5, 0x76, 0xcd, 0x35, 0xc5, 0x56, 0xcd, 0xd9, 0xdd, 0xf9, 0xe5,
  0x90, 0xab, 0xae, 0x92, 0xae, 0x92, 0x8d, 0x92, 0x2c, 0x82, 0x85, 0x20, 0x25, 0x10, 0x87, 0x20,
  0x87, 0x18, 0xc8, 0x20, 0xa7, 0x18, 0x65, 0x10, 0x44, 0x08, 0x64, 0x08, 0x44, 0x08, 0x43, 0x08,
  0x63, 0x08, 0x43, 0x08, 0x62, 0x00, 0x42, 0x00, 0x62, 0x08, 0x82, 0x08, 0x82, 0x08, 0x83, 0x08,
  0xa3, 0x10, 0xc3, 0x10, 0xc3, 0x10, 0x66, 0x29, 0xa8, 0x39, 0x46, 0x29, 0x26, 0x29, 0x0b, 0x5a,
  0x90, 0x8a, 0x8b, 0x49, 0x0d, 0x6a, 0xf2, 0x9a, 0x6a, 0x41, 0xc4, 0x00, 0xe4, 0x08, 0xa3, 0x00,
  0x4a, 0x32, 0xd3, 0x7c, 0x6e, 0x4b, 0x08, 0x22, 0xc7, 0x19, 0x6a, 0x32, 0xb8, 0xa5, 0x1a, 0xb6,
  0x1a, 0xb6, 0x9c, 0xc6, 0xff, 0xff, 0x94, 0x84, 0xe4, 0x00, 0xe4, 0x10, 0xa4, 0x08, 0xc5, 0x18,
  0xc8, 0x81, 0x09, 0x82, 0x4b, 0x8a, 0x8a, 0x71, 0xc8, 0x60, 0x29, 0x69, 0x4a, 0x71, 0x6b, 0x71,
  0xe6, 0x28, 0xa3, 0x00, 0xc3, 0x00, 0xc3, 0x00, 0xa3, 0x00, 0xa2, 0x00, 0xc3, 0x00, 0xe3, 0x00,
  0x04, 0x01, 0x25, 0x09, 0xc3, 0x00, 0xa3, 0x00, 0xa3, 0x00, 0xa3, 0x00, 0x21, 0x00, 0x32, 0x94,
  0xfc, 0xfe, 0x9a, 0xee, 0xbb, 0xf6, 0xbb, 0xf6, 0xbb, 0xf6, 0xbb, 0xf6, 0xbb, 0xf6, 0xbb, 0xf6,
  0xbb, 0xf6, 0xbb, 0xf6, 0xbb, 0xf6, 0xbb, 0xf6, 0xbb, 0xf6, 0xba, 0xf6, 0xba, 0xf6, 0x9a, 0xf6,
  0x9a, 0xf6, 0x9a, 0xf6, 0x9a, 0xf6, 0x7a, 0xf6, 0x7a, 0xf6, 0x59, 0xee, 0x5a, 0xf6, 0xb3, 0xb4,
  0x46, 0x39, 0xc5, 0x20, 0xa4, 0x10, 0x62, 0x08, 0x07, 0x32, 0x07, 0x3a, 0xe7, 0x31, 0x45, 0x21,
  0x22, 0x00, 0x63, 0x08, 0xc6, 0x18, 0x86, 0x10, 0x86, 0x10, 0xa7, 0x18, 0xc8, 0x20, 0x86, 0x18,
  0x66, 0x10, 0x85, 0x10, 0x45, 0x08, 0xe7, 0x28, 0xd9, 0xdd, 0x19, 0xe6, 0x19, 0xe6, 0x39, 0xee,
  0xb3, 0x93, 0xad, 0x49, 0xd8, 0xdd, 0x7a, 0xf6, 0x30, 0x83, 0xc9, 0x28, 0x37, 0xbd, 0x9a, 0xee,
  0x1a, 0xe6, 0x34, 0xac, 0xd8, 0xdd, 0x59, 0xee, 0x9b, 0xf6, 0x77, 0xd5, 0x69, 0x41, 0x0b, 0x52,
  0x12, 0x94, 0x36, 0xbd, 0xdc, 0xee, 0x9a, 0xee, 0x7a, 0xe6, 0x7a, 0xee, 0x5a, 0xee, 0x59, 0xee,
  0x59, 0xee, 0x59, 0xee, 0x59, 0xee, 0x39, 0xe6, 0xf8, 0xdd, 0x15, 0xc5, 0xb0, 0x9b, 0x2f, 0x93,
  0xee, 0x92, 0xae, 0x92, 0x8d, 0x92, 0x8d, 0x8a, 0x48, 0x41, 0x24, 0x08, 0xa7, 0x18, 0xa7, 0x18,
  0xa8, 0x20, 0xc8, 0x20, 0x86, 0x10, 0x44, 0x08, 0x64, 0x08, 0x64, 0x08, 0x63, 0x08, 0x43, 0x08,
  0x63, 0x08, 0x62, 0x08, 0x62, 0x00, 0x62, 0x00, 0x82, 0x08, 0xa3, 0x08, 0x82, 0x08, 0xa3, 0x08,
  0xc3, 0x10, 0xa3, 0x08, 0xc3, 0x10, 0x26, 0x21, 0x46, 0x29, 0xc4, 0x18, 0xc4, 0x18, 0xcb, 0x51,
  0x90, 0x8a, 0xcc, 0x59, 0x05, 0x21, 0x4f, 0x7a, 0x6f, 0x82, 0xe5, 0x10, 0xc3, 0x00, 0xe4, 0x08,
  0x25, 0x09, 0xaf, 0x5b, 0xcf, 0x5b, 0x45, 0x09, 0x45, 0x09, 0x0d, 0x43, 0xdd, 0xce, 0xd1, 0x6b,
  0x0a, 0x32, 0x73, 0x7c, 0x73, 0x7c, 0x4a, 0x3a, 0x04, 0x09, 0xe4, 0x08, 0xa3, 0x08, 0xa3, 0x00,
  0xe9, 0x81, 0x4a, 0x8a, 0x0a, 0x82, 0x29, 0x69, 0x29, 0x69, 0x4a, 0x71, 0x8b, 0x79, 0x8b, 0x79,
  0xc5, 0x28, 0xa3, 0x00, 0xc3, 0x00, 0xc3, 0x00, 0xc3, 0x00, 0xc3, 0x00, 0xa3, 0x00, 0xc3, 0x00,
  0xe3, 0x00, 0xa3, 0x00, 0x83, 0x00, 0x83, 0x00, 0x82, 0x00, 0x82, 0x00, 0x42, 0x00, 0x66, 0x21,
  0x5a, 0xe6, 0xbb, 0xf6, 0xbb, 0xf6, 0xbb, 0xf6, 0xbb, 0xf6, 0xbb, 0xf6, 0xbb, 0xf6, 0xbb, 0xf6,
  0xbb, 0xf6, 0xbb, 0xf6, 0xbb, 0xf6, 0xdb, 0xf6, 0xdb, 0xf6, 0xbb, 0xf6, 0xba, 0xf6, 0xba, 0xf6,
  0x9a, 0xf6, 0x9a, 0xf6, 0x9a, 0xf6, 0x7a, 0xf6, 0x79, 0xee, 0x39, 0xee, 0x39, 0xee, 0x59, 0xf6,
  0xd4, 0xc4, 0xa8, 0x49, 0xe4, 0x20, 0xc3, 0x18, 0x48, 0x3a, 0xa9, 0x4a, 0xa6, 0x29, 0x62, 0x08,
  0x42, 0x08, 0x63, 0x08, 0xc5, 0x18, 0x65, 0x10, 0x86, 0x10, 0xa7, 0x18, 0xc8, 0x20, 0x86, 0x18,
  0x66, 0x10, 0x85, 0x10, 0x45, 0x10, 0xc7, 0x28, 0x98, 0xd5, 0x19, 0xee, 0x19, 0xee, 0xf9, 0xe5,
  0xd4, 0x93, 0x0e, 0x5a, 0x19, 0xde, 0x59, 0xe6, 0x19, 0xde, 0xcc, 0x51, 0x8c, 0x49, 0xf9, 0xdd,
  0x7a, 0xf6, 0xd9, 0xdd, 0x77, 0xcd, 0x7a, 0xee, 0x39, 0xe6, 0x9b, 0xf6, 0x77, 0xcd, 0x47, 0x39,
  0x0e, 0x6b, 0xb0, 0x8b, 0xb0, 0x8b, 0x7a, 0xe6, 0x9a, 0xee, 0x59, 0xe6, 0x59, 0xee, 0x5a, 0xee,
  0x5a, 0xee, 0x39, 0xee, 0x19, 0xe6, 0x19, 0xe6, 0x19, 0xe6, 0x7b, 0xee, 0x73, 0xb4, 0x4b, 0x7a,
  0xee, 0x92, 0x8d, 0x92, 0x8e, 0x92, 0xea, 0x61, 0x64, 0x08, 0x86, 0x10, 0xc7, 0x20, 0xc8, 0x20,
  0xc8, 0x20, 0xa7, 0x18, 0x65, 0x10, 0x43, 0x08, 0x64, 0x08, 0x64, 0x08, 0x63, 0x08, 0x63, 0x08,
  0x63, 0x08, 0x62, 0x08, 0x62, 0x00, 0x82, 0x00, 0xa3, 0x08, 0x82, 0x08, 0x82, 0x08, 0xa3, 0x08,
  0xc3, 0x08, 0xa3, 0x08, 0xa3, 0x08, 0xe4, 0x18, 0xe4, 0x18, 0x83, 0x08, 0x83, 0x08, 0x27, 0x39,
  0x4f, 0x82, 0x0e, 0x6a, 0xc4, 0x10, 0x07, 0x21, 0xed, 0x69, 0xe5, 0x18, 0xc3, 0x00, 0xe4, 0x08,
  0xc3, 0x00, 0x0c, 0x43, 0x8e, 0x53, 0x0c, 0x43, 0xab, 0x3a, 0x09, 0x22, 0x97, 0xa5, 0xbd, 0xde,
  0x8f, 0x63, 0xc4, 0x00, 0xe4, 0x08, 0xe4, 0x08, 0x25, 0x11, 0xe4, 0x08, 0x83, 0x08, 0xa3, 0x08,
  0xcf, 0xaa, 0x30, 0xab, 0xce, 0xa2, 0xec, 0x89, 0x4a, 0x71, 0x2a, 0x71, 0x4b, 0x79, 0x6a, 0x61,
  0xe5, 0x10, 0xc3, 0x00, 0xc3, 0x00, 0xc3, 0x00, 0xe4, 0x00, 0xe4, 0x00, 0xc3, 0x00, 0xc3, 0x00,
  0xc4, 0x00, 0xc3, 0x00, 0x83, 0x00, 0x83, 0x00, 0x83, 0x00, 0x82, 0x00, 0x83, 0x00, 0x42, 0x00,
  0x11, 0x84, 0xfc, 0xfe, 0x9a, 0xee, 0xbb, 0xf6, 0xbb, 0xf6, 0xbb, 0xf6, 0xbb, 0xf6, 0xbb, 0xf6,
  0xbb, 0xf6, 0xbb, 0xf6, 0xbb, 0xf6, 0xdb, 0xf6, 0xdb, 0xf6, 0xbb, 0xf6, 0xba, 0xf6, 0xba, 0xf6,
  0x9a, 0xf6, 0x9a, 0xf6, 0x7a, 0xf6, 0x9a, 0xf6, 0x39, 0xee, 0xf4, 0xcc, 0x39, 0xee, 0x39, 0xee,
  0x39, 0xee, 0x4f, 0xa3, 0x6b, 0x72, 0xa6, 0x31, 0x89, 0x42, 0x85, 0x21, 0x41, 0x00, 0x62, 0x00,
  0x42, 0x00, 0x63, 0x08, 0xa5, 0x10, 0x84, 0x10, 0x85, 0x18, 0xa6, 0x18, 0xe9, 0x20, 0x86, 0x18,
  0x65, 0x10, 0x85, 0x10, 0x65, 0x10, 0xa7, 0x18, 0x56, 0xc5, 0x39, 0xee, 0x19, 0xe6, 0x98, 0xd5,
  0xd3, 0x93, 0xf1, 0x7a, 0x9a, 0xee, 0x39, 0xe6, 0x7a, 0xee, 0x77, 0xd5, 0x2a, 0x41, 0x4e, 0x62,
  0x7b, 0xee, 0x9a, 0xee, 0x3a, 0xe6, 0x39, 0xe6, 0x59, 0xee, 0x39, 0xe6, 0x9b, 0xf6, 0xf5, 0xbc,
  0xc5, 0x28, 0x33, 0x9c, 0x32, 0x9c, 0x8c, 0x6a, 0xf8, 0xd5, 0x9a, 0xee, 0x39, 0xe6, 0x59, 0xe6,
  0x39, 0xe6, 0x39, 0xee, 0x39, 0xe6, 0x19, 0xe6, 0x39, 0xe6, 0xb8, 0xdd, 0xb1, 0xa3, 0xee, 0x9a,
  0xae, 0x92, 0x8e, 0x92, 0x4c, 0x82, 0xa5, 0x20, 0x64, 0x08, 0xc8, 0x20, 0xa7, 0x18, 0xe9, 0x20,
  0x65, 0x10, 0xa6, 0x10, 0x85, 0x10, 0x64, 0x08, 0x63, 0x08, 0x63, 0x08, 0x63, 0x08, 0x63, 0x08,
  0x63, 0x08, 0x62, 0x00, 0x62, 0x00, 0x82, 0x08, 0xa2, 0x08, 0xa2, 0x08, 0x82, 0x08, 0xc3, 0x10,
  0xc3, 0x10, 0xa2, 0x08, 0xa3, 0x08, 0xa3, 0x08, 0x82, 0x08, 0x82, 0x08, 0x82, 0x08, 0xa4, 0x10,
  0xab, 0x61, 0xed, 0x69, 0xe5, 0x10, 0xc3, 0x00, 0x26, 0x29, 0x04, 0x11, 0xe3, 0x00, 0xe4, 0x08,
  0xc4, 0x00, 0x09, 0x2a, 0x56, 0x9d, 0xd8, 0xad, 0x4d, 0x53, 0x04, 0x09, 0x8b, 0x3a, 0x8f, 0x5b,
  0x49, 0x32, 0x45, 0x11, 0x65, 0x11, 0x05, 0x09, 0x25, 0x11, 0x04, 0x11, 0xa3, 0x00, 0xa3, 0x00,
  0x51, 0xbb, 0x51, 0xbb, 0x51, 0xb3, 0x31, 0xb3, 0xec, 0x81, 0x09, 0x61, 0x6a, 0x61, 0x06, 0x21,
  0x04, 0x01, 0xe4, 0x00, 0xe4, 0x00, 0xc3, 0x00, 0xe3, 0x00, 0xe4, 0x00, 0xc3, 0x00, 0xc3, 0x00,
  0xc4, 0x08, 0xe4, 0x08, 0xc4, 0x08, 0xa4, 0x00, 0x83, 0x00, 0x83, 0x00, 0xa3, 0x00, 0x63, 0x00,
  0x87, 0x29, 0x5a, 0xe6, 0xbb, 0xf6, 0xbb, 0xf6, 0xbb, 0xf6, 0xbb, 0xf6, 0xbb, 0xf6, 0xbb, 0xf6,
  0xbb, 0xf6, 0xbb, 0xf6, 0xbb, 0xf6, 0xbb, 0xf6, 0xbb, 0xf6, 0xbb, 0xf6, 0xba, 0xf6, 0xba, 0xf6,
  0x9a, 0xf6, 0x9a, 0xf6, 0x7a, 0xf6, 0x9a, 0xf6, 0x59, 0xf6, 0x32, 0xbc, 0x56, 0xd5, 0x5a, 0xee,
  0x39, 0xee, 0x6f, 0xab, 0x32, 0xb4, 0xeb, 0x5a, 0x27, 0x32, 0xa2, 0x08, 0x81, 0x00, 0x62, 0x00,
  0x42, 0x00, 0x63, 0x08, 0x84, 0x10, 0x64, 0x10, 0x85, 0x10, 0x86, 0x18, 0xe9, 0x20, 0x86, 0x18,
  0x65, 0x10, 0x65, 0x10, 0x65, 0x10, 0x66, 0x10, 0xd5, 0xb4, 0x5a, 0xf6, 0xf8, 0xe5, 0x1a, 0xe6,
  0x51, 0x83, 0xb5, 0xac, 0x9a, 0xee, 0x39, 0xe6, 0x5a, 0xee, 0x7a, 0xfe, 0x56, 0xcd, 0x6a, 0x49,
  0x8d, 0x62, 0xf9, 0xd5, 0x9b, 0xf6, 0x7b, 0xee, 0x5a, 0xee, 0x5a, 0xee, 0x39, 0xe6, 0xbb, 0xf6,
  0xd1, 0x93, 0x64, 0x18, 0x98, 0xc5, 0x73, 0xac, 0xcb, 0x59, 0xd9, 0xd5, 0x59, 0xee, 0x39, 0xe6,
  0x39, 0xee, 0x39, 0xee, 0x19, 0xe6, 0x19, 0xe6, 0xf8, 0xdd, 0xd1, 0xab, 0xce, 0x92, 0xce, 0x9a,
  0x8e, 0x92, 0x8e, 0x92, 0x27, 0x39, 0x23, 0x00, 0xa6, 0x18, 0xc8, 0x18, 0xc9, 0x20, 0xa7, 0x18,
  0x22, 0x08, 0x84, 0x10, 0x64, 0x08, 0x64, 0x08, 0x63, 0x08, 0x63, 0x08, 0x63, 0x08, 0x63, 0x08,
  0x63, 0x08, 0x62, 0x00, 0x62, 0x00, 0x83, 0x08, 0xa2, 0x08, 0x82, 0x08, 0xa2, 0x08, 0x04, 0x11,
  0xa3, 0x08, 0x82, 0x08, 0xa3, 0x08, 0x82, 0x08, 0x82, 0x08, 0x82, 0x08, 0x82, 0x08, 0x83, 0x08,
  0x28, 0x39, 0x6b, 0x59, 0xe4, 0x10, 0xe4, 0x00, 0xc3, 0x08, 0xe3, 0x08, 0xe4, 0x00, 0xe4, 0x00,
  0xe4, 0x08, 0x04, 0x09, 0x09, 0x2a, 0x86, 0x19, 0x04, 0x09, 0x45, 0x11, 0x05, 0x09, 0xe4, 0x00,
  0x25, 0x09, 0x65, 0x11, 0x45, 0x11, 0xe4, 0x08, 0x04, 0x09, 0xe4, 0x08, 0x83, 0x00, 0xa3, 0x00,
  0xce, 0xaa, 0x10, 0xb3, 0x10, 0xab, 0xf0, 0xaa, 0x8e, 0x92, 0xe5, 0x20, 0x05, 0x11, 0x05, 0x09,
  0x04, 0x09, 0x04, 0x09, 0xe4, 0x00, 0xe3, 0x00, 0xe3, 0x00, 0xe4, 0x00, 0xe4, 0x00, 0xc4, 0x00,
  0xe4, 0x08, 0x05, 0x09, 0x25, 0x11, 0x05, 0x11, 0xc4, 0x08, 0x83, 0x00, 0x83, 0x00, 0xa3, 0x08,
  0x41, 0x00, 0xd0, 0x83, 0xfd, 0xfe, 0x9b, 0xee, 0xbb, 0xf6, 0xbb, 0xf6, 0xbb, 0xf6, 0xbb, 0xf6,
  0xbb, 0xf6, 0xbb, 0xf6, 0xbb, 0xf6, 0xbb, 0xf6, 0xbb, 0xf6, 0xba, 0xf6, 0xba, 0xf6, 0xba, 0xf6,
  0x9a, 0xf6, 0x9a, 0xf6, 0x7a, 0xf6, 0x7a, 0xf6, 0x7a, 0xf6, 0x93, 0xcc, 0xf1, 0xb3, 0x39, 0xe6,
  0x59, 0xee, 0x6f, 0xab, 0xec, 0x82, 0xaa, 0x4a, 0x89, 0x4a, 0xe3, 0x18, 0x61, 0x00, 0x62, 0x08,
  0x83, 0x08, 0x63, 0x08, 0x63, 0x08, 0x63, 0x08, 0xa5, 0x10, 0x85, 0x10, 0xc8, 0x20, 0x86, 0x18,
  0x85, 0x18, 0x65, 0x10, 0x65, 0x10, 0x25, 0x08, 0x73, 0xac, 0x5a, 0xf6, 0x39, 0xee, 0x99, 0xd5,
  0xf3, 0x9b, 0x39, 0xe6, 0x59, 0xe6, 0xf8, 0xdd, 0xb4, 0xcc, 0x77, 0xdd, 0x9a, 0xf6, 0xd9, 0xdd,
  0xee, 0x72, 0xc9, 0x51, 0xb0, 0x93, 0x56, 0xcd, 0x19, 0xe6, 0x5a, 0xee, 0x59, 0xee, 0x39, 0xe6,
  0x7b, 0xee, 0xca, 0x49, 0x0b, 0x52, 0xfc, 0xfe, 0x70, 0x8b, 0x0f, 0x7b, 0x9a, 0xee, 0x39, 0xe6,
  0x39, 0xe6, 0x39, 0xe6, 0x19, 0xe6, 0x39, 0xee, 0x73, 0xbc, 0xee, 0x92, 0xee, 0x9a, 0xae, 0x92,
  0xae, 0x92, 0xaa, 0x59, 0x22, 0x08, 0x64, 0x08, 0xa7, 0x18, 0xc8, 0x20, 0xa7, 0x18, 0x23, 0x08,
  0x42, 0x08, 0x83, 0x10, 0x63, 0x08, 0x43, 0x08, 0x43, 0x08, 0x63, 0x08, 0x63, 0x08, 0x83, 0x08,
  0x83, 0x08, 0x82, 0x08, 0x82, 0x08, 0xa3, 0x08, 0xa2, 0x08, 0xa2, 0x08, 0xc2, 0x08, 0xe4, 0x10,
  0xa2, 0x08, 0x82, 0x08, 0xa2, 0x08, 0xa2, 0x08, 0x82, 0x08, 0x82, 0x08, 0x82, 0x08, 0x82, 0x00,
  0xe5, 0x18, 0x26, 0x29, 0xe4, 0x08, 0xe4, 0x08, 0x04, 0x01, 0xe4, 0x08, 0xe4, 0x00, 0xe3, 0x00,
  0xe4, 0x08, 0x04, 0x09, 0xc3, 0x00, 0xe4, 0x08, 0x25, 0x09, 0x25, 0x11, 0x25, 0x11, 0x25, 0x11,
  0x45, 0x11, 0x46, 0x19, 0x25, 0x11, 0xe4, 0x08, 0xa3, 0x00, 0x83, 0x00, 0xa3, 0x00, 0xa3, 0x00,
  0xcb, 0x89, 0x6d, 0xa2, 0x30, 0xb3, 0x10, 0xb3, 0xf0, 0xa2, 0x26, 0x21, 0xc3, 0x00, 0x04, 0x09,
  0x04, 0x09, 0x04, 0x09, 0x04, 0x09, 0xe4, 0x00, 0xc3, 0x00, 0xe4, 0x00, 0xe4, 0x00, 0xe4, 0x08,
  0x05, 0x09, 0x05, 0x09, 0x47, 0x21, 0x47, 0x29, 0xa4, 0x08, 0x83, 0x08, 0x83, 0x00, 0x62, 0x00,
  0x42, 0x00, 0xc4, 0x18, 0x19, 0xd6, 0xbc, 0xf6, 0x9b, 0xf6, 0xbb, 0xf6, 0xbb, 0xf6, 0xbb, 0xf6,
  0xbb, 0xf6, 0xbb, 0xf6, 0xbb, 0xf6, 0xbb, 0xf6, 0xbb, 0xf6, 0xbb, 0xf6, 0xba, 0xf6, 0xba, 0xf6,
  0x9a, 0xf6, 0x9a, 0xf6, 0x9a, 0xf6, 0x7a, 0xf6, 0x9a, 0xf6, 0x36, 0xdd, 0x0e, 0x9b, 0x15, 0xcd,
  0x5a, 0xee, 0x2e, 0x9b, 0x49, 0x52, 0x48, 0x42, 0x14, 0xb5, 0x93, 0xac, 0x62, 0x18, 0x62, 0x00,
  0x62, 0x08, 0x42, 0x08, 0x42, 0x08, 0x43, 0x08, 0xa4, 0x10, 0x85, 0x10, 0xa7, 0x18, 0xa7, 0x18,
  0x85, 0x10, 0x65, 0x10, 0x65, 0x10, 0x04, 0x00, 0xf1, 0x9b, 0x7a, 0xf6, 0x19, 0xe6, 0xf9, 0xdd,
  0x3a, 0xe6, 0x59, 0xe6, 0x39, 0xe6, 0xf9, 0xe5, 0x50, 0xa3, 0x0f, 0x93, 0x53, 0xb4, 0xb8, 0xe5,
  0x7b, 0xfe, 0x97, 0xd5, 0x52, 0xa4, 0x11, 0xa4, 0xd8, 0xdd, 0x5a, 0xee, 0x39, 0xee, 0x39, 0xe6,
  0x9a, 0xee, 0x94, 0xac, 0x88, 0x39, 0x19, 0xe6, 0x19, 0xe6, 0xf1, 0x9b, 0x19, 0xde, 0x39, 0xe6,
  0x39, 0xe6, 0x19, 0xe6, 0x39, 0xe6, 0x97, 0xdd, 0x4f, 0xa3, 0xee, 0x9a, 0xce, 0x9a, 0xce, 0x92,
  0x2c, 0x7a, 0x84, 0x10, 0x43, 0x08, 0x85, 0x18, 0xe8, 0x20, 0xc7, 0x18, 0x43, 0x08, 0x42, 0x08,
  0x42, 0x08, 0x63, 0x08, 0x63, 0x08, 0x63, 0x08, 0x63, 0x08, 0x63, 0x08, 0x83, 0x08, 0x83, 0x08,
  0x82, 0x08, 0x82, 0x08, 0x83, 0x08, 0xa3, 0x08, 0xa2, 0x08, 0x82, 0x08, 0xe3, 0x10, 0xe3, 0x10,
  0x82, 0x08, 0x82, 0x08, 0xa2, 0x08, 0x82, 0x08, 0x82, 0x08, 0x82, 0x08, 0x82, 0x08, 0xa2, 0x08,
  0xe3, 0x08, 0x04, 0x09, 0x04, 0x09, 0x04, 0x09, 0x04, 0x09, 0xe4, 0x08, 0xe3, 0x00, 0xe3, 0x00,
  0xe4, 0x00, 0xe4, 0x08, 0xe4, 0x08, 0xe4, 0x08, 0x04, 0x09, 0x04, 0x09, 0x05, 0x11, 0x26, 0x21,
  0x27, 0x21, 0x6c, 0x59, 0x27, 0x21, 0xe4, 0x00, 0xa3, 0x00, 0xa3, 0x00, 0xc4, 0x08, 0xe4, 0x08,
  0x69, 0x81, 0x68, 0x59, 0xc9, 0x59, 0x4b, 0x7a, 0x8c, 0x7a, 0x46, 0x21, 0xe3, 0x00, 0x04, 0x09,
  0x04, 0x09, 0x04, 0x09, 0x04, 0x09, 0xe3, 0x00, 0xc3, 0x00, 0xe4, 0x08, 0x04, 0x09, 0x04, 0x09,
  0x05, 0x09, 0x47, 0x21, 0xcb, 0x61, 0x69, 0x49, 0x83, 0x00, 0x83, 0x00, 0x62, 0x00, 0x42, 0x00,
  0x62, 0x00, 0x01, 0x00, 0x2d, 0x6b, 0xfd, 0xfe, 0x9a, 0xee, 0xbb, 0xf6, 0xbb, 0xf6, 0xbb, 0xf6,
  0xbb, 0xf6, 0xbb, 0xf6, 0xbb, 0xf6, 0xbb, 0xf6, 0xbb, 0xf6, 0xbb, 0xf6, 0xba, 0xf6, 0xba, 0xf6,
  0xba, 0xf6, 0x9a, 0xf6, 0x9a, 0xf6, 0x7a, 0xf6, 0x9a, 0xf6, 0xd8, 0xe5, 0x0e, 0x9b, 0x90, 0xa3,
  0x56, 0xd5, 0x8b, 0x72, 0x68, 0x42, 0x8d, 0x73, 0x19, 0xe6, 0x7a, 0xf6, 0x32, 0xa4, 0x41, 0x08,
  0x42, 0x08, 0x42, 0x08, 0x42, 0x08, 0x42, 0x08, 0x84, 0x10, 0x85, 0x10, 0x85, 0x10, 0xc7, 0x20,
  0x85, 0x10, 0x65, 0x10, 0x85, 0x10, 0x03, 0x00, 0x6f, 0x83, 0x7a, 0xf6, 0x19, 0xe6, 0x39, 0xe6,
  0x39, 0xe6, 0x39, 0xe6, 0x39, 0xe6, 0x5a, 0xee, 0x94, 0xc4, 0xad, 0x8a, 0x2b, 0x72, 0xad, 0x8a,
  0xf2, 0xb3, 0xb8, 0xdd, 0x7a, 0xee, 0x5a, 0xee, 0x39, 0xe6, 0x19, 0xe6, 0x39, 0xe6, 0x39, 0xe6,
  0x59, 0xee, 0xd8, 0xd5, 0x4b, 0x62, 0xb7, 0xd5, 0x59, 0xe6, 0x19, 0xde, 0x19, 0xe6, 0x39, 0xe6,
  0x39, 0xe6, 0x19, 0xe6, 0x39, 0xe6, 0x53, 0xbc, 0xce, 0x92, 0xce, 0x9a, 0xae, 0x92, 0x8d, 0x82,
  0xe6, 0x28, 0x43, 0x08, 0xa5, 0x18, 0xc8, 0x20, 0xc7, 0x18, 0x63, 0x08, 0x62, 0x08, 0x62, 0x08,
  0x62, 0x00, 0x62, 0x00, 0x62, 0x08, 0x63, 0x08, 0x62, 0x00, 0x62, 0x08, 0x62, 0x08, 0x62, 0x00,
  0x82, 0x00, 0x82, 0x00, 0xa2, 0x08, 0x82, 0x08, 0x82, 0x08, 0x82, 0x08, 0xe3, 0x10, 0xc3, 0x10,
  0x82, 0x08, 0x82, 0x08, 0xa2, 0x08, 0x82, 0x08, 0x82, 0x08, 0xa2, 0x08, 0xe3, 0x10, 0x24, 0x19,
  0x44, 0x19, 0x64, 0x11, 0x44, 0x11, 0x44, 0x11, 0x44, 0x11, 0x24, 0x09, 0x24, 0x09, 0x04, 0x09,
  0xe4, 0x08, 0xe4, 0x08, 0xe4, 0x08, 0xe4, 0x08, 0xe4, 0x08, 0xc3, 0x00, 0xe7, 0x28, 0xae, 0x79,
  0x0a, 0x41, 0x90, 0x79, 0x29, 0x41, 0xc4, 0x00, 0xc4, 0x00, 0xe4, 0x08, 0x05, 0x11, 0x04, 0x09,
  0x27, 0x59, 0xe3, 0x10, 0x81, 0x00, 0xa2, 0x08, 0x03, 0x09, 0x03, 0x01, 0x03, 0x09, 0x03, 0x09,
  0x23, 0x09, 0x24, 0x09, 0x24, 0x09, 0xe3, 0x00, 0xa3, 0x00, 0xc3, 0x00, 0xe4, 0x08, 0xe4, 0x08,
  0xe4, 0x08, 0x67, 0x29, 0xab, 0x69, 0x8a, 0x51, 0xa3, 0x00, 0x83, 0x00, 0x42, 0x00, 0x62, 0x00,
  0x62, 0x00, 0x42, 0x00, 0xc4, 0x10, 0xb7, 0xc5, 0xdb, 0xf6, 0x9b, 0xf6, 0xbb, 0xf6, 0xbb, 0xf6,
  0xbb, 0xf6, 0xbb, 0xf6, 0xbb, 0xf6, 0xbb, 0xf6, 0xbb, 0xf6, 0xbb, 0xf6, 0xba, 0xf6, 0xba, 0xf6,
  0xba, 0xf6, 0x9a, 0xf6, 0x9a, 0xf6, 0x9a, 0xf6, 0x9a, 0xf6, 0x5a, 0xf6, 0x90, 0xab, 0x8d, 0x92,
  0x2e, 0x93, 0x49, 0x52, 0x89, 0x4a, 0x75, 0xc5, 0x59, 0xee, 0x18, 0xe6, 0x7a, 0xf6, 0xaf, 0x93,
  0x21, 0x08, 0x41, 0x08, 0x42, 0x08, 0x42, 0x08, 0x42, 0x08, 0x84, 0x10, 0x64, 0x10, 0xa5, 0x18,
  0xa6, 0x18, 0x85, 0x10, 0x85, 0x10, 0x03, 0x00, 0xcd, 0x6a, 0x5a, 0xee, 0x19, 0xe6, 0x39, 0xe6,
  0x39, 0xe6, 0x39, 0xe6, 0x39, 0xe6, 0x3a, 0xee, 0xb8, 0xe5, 0x2f, 0x9b, 0x6d, 0x8a, 0xea, 0x71,
  0xaa, 0x61, 0x6c, 0x82, 0xb0, 0xa3, 0xf5, 0xc4, 0xf9, 0xe5, 0x3a, 0xee, 0x59, 0xe6, 0x39, 0xe6,
  0x19, 0xe6, 0x19, 0xe6, 0x2e, 0x7b, 0xb7, 0xd5, 0x39, 0xe6, 0x39, 0xe6, 0x39, 0xe6, 0x39, 0xe6,
  0x19, 0xe6, 0x19, 0xe6, 0xb8, 0xdd, 0x4f, 0x9b, 0xae, 0x92, 0xae, 0x92, 0xae, 0x8a, 0x49, 0x41,
  0x86, 0x10, 0xe8, 0x20, 0xc7, 0x18, 0x85, 0x10, 0x63, 0x08, 0x62, 0x08, 0x62, 0x08, 0x62, 0x08,
  0x62, 0x00, 0x62, 0x00, 0x62, 0x00, 0x62, 0x00, 0x62, 0x00, 0x62, 0x00, 0x62, 0x00, 0x62, 0x00,
  0x82, 0x00, 0xa2, 0x08, 0xa2, 0x08, 0xa2, 0x08, 0xa2, 0x08, 0xa3, 0x08, 0x04, 0x19, 0xa3, 0x08,
  0x82, 0x08, 0x82, 0x08, 0xa2, 0x08, 0xa2, 0x08, 0xe3, 0x10, 0x24, 0x19, 0x44, 0x19, 0x64, 0x19,
  0x64, 0x19, 0x64, 0x19, 0x64, 0x19, 0x65, 0x19, 0x65, 0x19, 0x65, 0x19, 0x65, 0x11, 0x24, 0x09,
  0xc4, 0x08, 0xe4, 0x08, 0x04, 0x09, 0xc4, 0x00, 0xc3, 0x00, 0xa3, 0x00, 0xa5, 0x18, 0xaf, 0x79,
  0x0d, 0x61, 0x70, 0x79, 0x6c, 0x61, 0xc4, 0x08, 0xe4, 0x08, 0x04, 0x09, 0xe4, 0x08, 0x27, 0x29,
  0x03, 0x19, 0x23, 0x09, 0x03, 0x09, 0xc2, 0x08, 0xe2, 0x08, 0x43, 0x11, 0x84, 0x19, 0x83, 0x19,
  0x84, 0x19, 0x64, 0x11, 0x24, 0x11, 0xc3, 0x00, 0xa3, 0x00, 0xa3, 0x00, 0xa3, 0x00, 0xc3, 0x08,
  0xc3, 0x08, 0x27, 0x29, 0x8b, 0x61, 0xab, 0x59, 0x84, 0x08, 0x62, 0x00, 0x63, 0x08, 0x63, 0x08,
  0x43, 0x08, 0x83, 0x08, 0x21, 0x00, 0xec, 0x5a, 0xdc, 0xf6, 0x7a, 0xf6, 0x9b, 0xf6, 0xbb, 0xf6,
  0xbb, 0xf6, 0xbb, 0xf6, 0xbb, 0xf6, 0xbb, 0xf6, 0xbb, 0xf6, 0xbb, 0xf6, 0xba, 0xf6, 0xba, 0xf6,
  0x9a, 0xf6, 0x9a, 0xf6, 0x9a, 0xf6, 0xba, 0xf6, 0xd7, 0xd5, 0x39, 0xde, 0x73, 0xc4, 0x6b, 0x8a,
  0x6a, 0x62, 0x48, 0x3a, 0x10, 0x8c, 0x7a, 0xf6, 0x39, 0xe6, 0x39, 0xe6, 0x19, 0xe6, 0x7a, 0xf6,
  0x0d, 0x7b, 0x21, 0x08, 0xe3, 0x20, 0x82, 0x10, 0x62, 0x08, 0x63, 0x08, 0x84, 0x10, 0x64, 0x10,
  0xa5, 0x18, 0xa6, 0x18, 0x85, 0x10, 0x23, 0x00, 0x4b, 0x52, 0x5a, 0xee, 0x19, 0xe6, 0x19, 0xe6,
  0x19, 0xe6, 0x39, 0xe6, 0x39, 0xe6, 0x19, 0xe6, 0x3a, 0xee, 0xb5, 0xcc, 0x6d, 0x92, 0x8e, 0x92,
  0x4c, 0x82, 0xca, 0x69, 0xa9, 0x61, 0x2b, 0x72, 0x2f, 0x93, 0x12, 0xb4, 0x16, 0xcd, 0xd8, 0xdd,
  0x39, 0xe6, 0x5a, 0xee, 0xb3, 0xac, 0xf8, 0xdd, 0x19, 0xe6, 0x19, 0xe6, 0x19, 0xe6, 0x19, 0xe6,
  0x19, 0xde, 0x5a, 0xe6, 0x94, 0xbc, 0xad, 0x8a, 0xae, 0x92, 0xae, 0x92, 0xa9, 0x51, 0xa6, 0x18,
  0xe6, 0x18, 0x85, 0x10, 0x43, 0x08, 0x41, 0x00, 0x62, 0x00, 0x62, 0x08, 0x62, 0x00, 0x62, 0x00,
  0x62, 0x00, 0x62, 0x00, 0x62, 0x00, 0x62, 0x00, 0x62, 0x00, 0x82, 0x00, 0x82, 0x00, 0x82, 0x08,
  0xa2, 0x08, 0xa3, 0x08, 0xa2, 0x08, 0xa2, 0x08, 0xa2, 0x08, 0xc3, 0x10, 0x04, 0x19, 0xa2, 0x08,
  0x82, 0x08, 0x82, 0x08, 0xa2, 0x08, 0x03, 0x11, 0x44, 0x19, 0x64, 0x19, 0x64, 0x19, 0x64, 0x19,
  0x64, 0x19, 0x85, 0x19, 0x85, 0x19, 0x85, 0x19, 0x45, 0x11, 0x24, 0x09, 0x04, 0x09, 0xe4, 0x00,
  0xa3, 0x00, 0xc4, 0x00, 0xe4, 0x08, 0xc3, 0x00, 0xa3, 0x00, 0xc3, 0x00, 0x83, 0x00, 0x8d, 0x69,
  0x90, 0x89, 0x70, 0x81, 0xcf, 0x79, 0xe5, 0x10, 0xe4, 0x08, 0xa5, 0x08, 0x2e, 0x62, 0x16, 0xbb,
  0x23, 0x11, 0x23, 0x11, 0x23, 0x11, 0x44, 0x11, 0x84, 0x21, 0xc4, 0x21, 0xa4, 0x21, 0xa4, 0x19,
  0xa4, 0x19, 0xa4, 0x19, 0x64, 0x19, 0xe2, 0x08, 0xa2, 0x00, 0x82, 0x00, 0x82, 0x00, 0x83, 0x00,
  0xa3, 0x00, 0xc4, 0x10, 0x4a, 0x51, 0x8b, 0x59, 0x65, 0x10, 0x29, 0x39, 0x8c, 0x51, 0x09, 0x39,
  0xe8, 0x30, 0xc6, 0x18, 0x63, 0x08, 0xa4, 0x08, 0x76, 0xbd, 0xbb, 0xfe, 0x7a, 0xee, 0x9b, 0xf6,
  0xbb, 0xf6, 0xbb, 0xf6, 0xbb, 0xf6, 0xdb, 0xf6, 0xdb, 0xf6, 0xba, 0xf6, 0xba, 0xf6, 0xba, 0xf6,
  0x9a, 0xf6, 0x9a, 0xf6, 0x9a, 0xf6, 0xdb, 0xfe, 0x50, 0x9c, 0x50, 0x8c, 0x76, 0xdd, 0x6a, 0x6a,
  0x88, 0x42, 0xeb, 0x5a, 0xf8, 0xdd, 0x5a, 0xee, 0x59, 0xe6, 0x59, 0xee, 0x39, 0xe6, 0x39, 0xe6,
  0x19, 0xee, 0x29, 0x62, 0x23, 0x29, 0xe3, 0x18, 0x83, 0x10, 0x43, 0x08, 0x63, 0x08, 0x64, 0x10,
  0x64, 0x10, 0xa5, 0x18, 0xa5, 0x10, 0x44, 0x08, 0x68, 0x31, 0x98, 0xd5, 0x3a, 0xe6, 0x7a, 0xee,
  0x5a, 0xee, 0x39, 0xe6, 0x39, 0xe6, 0x19, 0xe6, 0x19, 0xde, 0xf9, 0xe5, 0x70, 0xa3, 0x4c, 0x8a,
  0x8e, 0x92, 0x8e, 0x8a, 0x4c, 0x82, 0xeb, 0x71, 0xeb, 0x71, 0x0b, 0x7a, 0x6d, 0x8a, 0x0f, 0x9b,
  0xd2, 0xab, 0x94, 0xbc, 0x57, 0xd5, 0xd8, 0xdd, 0xf9, 0xe5, 0x19, 0xe6, 0x3a, 0xe6, 0x3a, 0xe6,
  0x3a, 0xe6, 0x77, 0xd5, 0x2f, 0x9b, 0xad, 0x8a, 0xae, 0x92, 0xea, 0x61, 0x43, 0x10, 0x62, 0x00,
  0x62, 0x00, 0x42, 0x08, 0x42, 0x00, 0x42, 0x00, 0x62, 0x00, 0x62, 0x00, 0x62, 0x08, 0x62, 0x00,
  0x62, 0x08, 0x62, 0x08, 0x82, 0x08, 0x82, 0x08, 0x62, 0x00, 0x82, 0x00, 0xa2, 0x08, 0xa2, 0x08,
  0xa3, 0x08, 0xa2, 0x08, 0xa2, 0x08, 0xa2, 0x08, 0xa2, 0x08, 0x04, 0x11, 0x03, 0x11, 0x82, 0x08,
  0x82, 0x08, 0x82, 0x08, 0xe3, 0x10, 0x44, 0x19, 0x44, 0x19, 0x64, 0x19, 0x84, 0x19, 0x84, 0x19,
  0x85, 0x19, 0x85, 0x19, 0x85, 0x19, 0x24, 0x09, 0xe3, 0x00, 0x04, 0x01, 0x04, 0x09, 0xc3, 0x00,
  0xc3, 0x00, 0xe4, 0x08, 0xe4, 0x08, 0xc3, 0x00, 0xc3, 0x00, 0xc3, 0x00, 0x82, 0x00, 0x29, 0x39,
  0x12, 0x9a, 0x91, 0x81, 0x12, 0x8a, 0xe6, 0x20, 0xa4, 0x10, 0x50, 0x72, 0x78, 0xc3, 0x93, 0x92,
  0x03, 0x11, 0x23, 0x11, 0x43, 0x19, 0xa4, 0x21, 0xc5, 0x21, 0xc4, 0x29, 0xc4, 0x21, 0xa4, 0x19,
  0xa4, 0x21, 0xa4, 0x21, 0xa4, 0x21, 0xa5, 0x21, 0xe2, 0x08, 0xa2, 0x00, 0xa3, 0x00, 0x82, 0x00,
  0x83, 0x08, 0xa3, 0x08, 0x6a, 0x49, 0xac, 0x61, 0xcc, 0x51, 0x0f, 0x6a, 0x4b, 0x51, 0x29, 0x39,
  0xa5, 0x18, 0x83, 0x08, 0xa4, 0x08, 0x42, 0x00, 0x8b, 0x52, 0xbb, 0xf6, 0x7a, 0xee, 0x9a, 0xf6,
  0xbb, 0xf6, 0xbb, 0xf6, 0xbb, 0xf6, 0xba, 0xf6, 0xba, 0xf6, 0xba, 0xf6, 0xba, 0xf6, 0xba, 0xf6,
  0x9a, 0xf6, 0x9a, 0xf6, 0x9a, 0xf6, 0xbb, 0xfe, 0x30, 0x94, 0xea, 0x52, 0x55, 0xcd, 0x69, 0x52,
  0x48, 0x3a, 0x10, 0x94, 0x9b, 0xf6, 0x39, 0xe6, 0x59, 0xee, 0x59, 0xee, 0x59, 0xee, 0x39, 0xe6,
  0x59, 0xee, 0x76, 0xd5, 0x03, 0x31, 0x40, 0x00, 0x62, 0x08, 0x22, 0x08, 0x42, 0x08, 0x63, 0x08,
  0x63, 0x08, 0x63, 0x08, 0x64, 0x10, 0x84, 0x10, 0x85, 0x10, 0x8a, 0x39, 0x8f, 0x62, 0x13, 0x94,
  0x17, 0xb5, 0xd8, 0xd5, 0x39, 0xe6, 0x7a, 0xee, 0x5a, 0xee, 0x7a, 0xf6, 0xd8, 0xe5, 0x0e, 0x9b,
  0x6d, 0x8a, 0x8d, 0x92, 0x8d, 0x92, 0x8d, 0x92, 0x4d, 0x8a, 0x2c, 0x82, 0xeb, 0x79, 0xec, 0x79,
  0x0c, 0x82, 0x6d, 0x8a, 0xce, 0x92, 0x2f, 0x9b, 0x91, 0xa3, 0x12, 0xb4, 0x33, 0xb4, 0x74, 0xbc,
  0x12, 0xac, 0xee, 0x92, 0x8d, 0x8a, 0xae, 0x92, 0x2b, 0x72, 0x83, 0x10, 0x41, 0x00, 0x61, 0x00,
  0x62, 0x00, 0x62, 0x08, 0x62, 0x00, 0x62, 0x00, 0x62, 0x00, 0x62, 0x00, 0x62, 0x08, 0x62, 0x00,
  0x62, 0x00, 0x62, 0x00, 0x82, 0x00, 0x82, 0x08, 0x82, 0x08, 0x82, 0x08, 0xa2, 0x08, 0xa3, 0x08,
  0xa2, 0x08, 0xa2, 0x08, 0xa2, 0x08, 0xa2, 0x08, 0xa2, 0x08, 0x04, 0x19, 0xe3, 0x10, 0xa2, 0x08,
  0x82, 0x08, 0xa2, 0x08, 0x24, 0x19, 0x24, 0x19, 0x24, 0x19, 0x44, 0x11, 0x44, 0x11, 0x44, 0x11,
  0x44, 0x11, 0x23, 0x11, 0x03, 0x09, 0xe3, 0x00, 0xe3, 0x00, 0x04, 0x09, 0x04, 0x09, 0xc3, 0x00,
  0xc3, 0x00, 0xe4, 0x08, 0xe4, 0x08, 0xc3, 0x00, 0xc3, 0x00, 0xc4, 0x08, 0x26, 0x19, 0x6b, 0x41,
  0x32, 0x9a, 0x91, 0x89, 0xd1, 0x89, 0xc6, 0x20, 0xd0, 0x72, 0x78, 0xc3, 0x71, 0x82, 0xe5, 0x10,
  0x23, 0x11, 0x23, 0x11, 0x43, 0x19, 0x84, 0x21, 0xa4, 0x21, 0xc4, 0x21, 0xa4, 0x21, 0x83, 0x19,
  0x84, 0x19, 0x84, 0x19, 0x84, 0x19, 0xa5, 0x21, 0x64, 0x19, 0xc2, 0x08, 0xa3, 0x00, 0x83, 0x00,
  0x83, 0x00, 0x89, 0x31, 0xd2, 0x72, 0x91, 0x72, 0xd2, 0x82, 0x6c, 0x51, 0x08, 0x31, 0xa4, 0x10,
  0x83, 0x08, 0xa3, 0x08, 0xc4, 0x08, 0xc4, 0x08, 0x83, 0x08, 0xb4, 0xa4, 0xdc, 0xfe, 0x7a, 0xee,
  0x9a, 0xf6, 0x9a, 0xf6, 0x9a, 0xf6, 0xba, 0xf6, 0xba, 0xf6, 0xba, 0xf6, 0x9a, 0xf6, 0x9a, 0xf6,
  0x9a, 0xf6, 0x9a, 0xf6, 0x7a, 0xf6, 0x9a, 0xfe, 0xce, 0x7b, 0xca, 0x4a, 0xae, 0x73, 0x89, 0x42,
  0x28, 0x52, 0x4e, 0x93, 0x19, 0xe6, 0x5a, 0xee, 0x59, 0xee, 0x59, 0xee, 0x59, 0xee, 0x59, 0xee,
  0x39, 0xe6, 0x7a, 0xee, 0xb2, 0xb4, 0x62, 0x10, 0x41, 0x00, 0x42, 0x08, 0x41, 0x00, 0x42, 0x00,
  0x42, 0x08, 0x43, 0x08, 0x43, 0x08, 0x43, 0x08, 0x85, 0x10, 0x09, 0x21, 0xe9, 0x20, 0xe9, 0x20,
  0x4a, 0x29, 0x8b, 0x39, 0x4e, 0x5a, 0x51, 0x73, 0x92, 0x83, 0xd3, 0x8b, 0x74, 0x9c, 0xb2, 0x93,
  0x0c, 0x7a, 0x2c, 0x7a, 0x2c, 0x7a, 0x4d, 0x7a, 0x4d, 0x82, 0x2d, 0x82, 0x0c, 0x7a, 0xcb, 0x61,
  0x48, 0x41, 0x48, 0x39, 0x8a, 0x51, 0xec, 0x69, 0x4d, 0x7a, 0x6d, 0x82, 0x6d, 0x8a, 0x6d, 0x8a,
  0x6d, 0x8a, 0x8d, 0x92, 0xad, 0x92, 0x0a, 0x72, 0xa3, 0x18, 0x61, 0x00, 0x82, 0x00, 0x62, 0x00,
  0x62, 0x00, 0x62, 0x00, 0x62, 0x00, 0x62, 0x00, 0x62, 0x00, 0x62, 0x00, 0x62, 0x08, 0x62, 0x00,
  0x61, 0x00, 0x62, 0x00, 0x62, 0x00, 0x82, 0x08, 0x82, 0x08, 0x82, 0x08, 0x82, 0x08, 0x82, 0x08,
  0x82, 0x08, 0x82, 0x08, 0xa2, 0x08, 0xa2, 0x08, 0xa2, 0x08, 0x04, 0x19, 0xc2, 0x10, 0xa2, 0x08,
  0x82, 0x08, 0xc2, 0x08, 0xc3, 0x08, 0xe3, 0x08, 0xe3, 0x08, 0xe3, 0x08, 0xe3, 0x00, 0xc3, 0x00,
  0xc3, 0x00, 0xc3, 0x00, 0xe3, 0x00, 0xe3, 0x00, 0x04, 0x09, 0x25, 0x09, 0xc3, 0x00, 0xc3, 0x00,
  0x04, 0x09, 0x04, 0x09, 0xe4, 0x08, 0xe4, 0x08, 0xa3, 0x00, 0xcf, 0x62, 0x79, 0xbc, 0x79, 0xbc,
  0x96, 0xa3, 0x33, 0x9a, 0xf2, 0x91, 0xb1, 0x8a, 0x35, 0xab, 0xd4, 0xaa, 0x30, 0x7a, 0x49, 0x39,
  0x23, 0x11, 0x23, 0x11, 0x43, 0x19, 0x63, 0x19, 0x63, 0x11, 0x43, 0x19, 0x42, 0x11, 0x22, 0x11,
  0x23, 0x11, 0x63, 0x19, 0x64, 0x19, 0x64, 0x19, 0x65, 0x19, 0x03, 0x11, 0x82, 0x00, 0x82, 0x00,
  0x82, 0x00, 0x06, 0x29, 0xd2, 0x7a, 0xb2, 0x7a, 0x8c, 0x59, 0xe9, 0x38, 0xc6, 0x18, 0xa4, 0x10,
  0xa4, 0x10, 0xc4, 0x18, 0xe4, 0x10, 0xe4, 0x10, 0x83, 0x00, 0x09, 0x3a, 0x7b, 0xee, 0x7a, 0xf6,
  0x9a, 0xf6, 0x9a, 0xf6, 0x9a, 0xf6, 0xba, 0xf6, 0xba, 0xf6, 0xba, 0xf6, 0x9a, 0xf6, 0x9a, 0xf6,
  0x9a, 0xf6, 0x9a, 0xf6, 0x7a, 0xf6, 0x7a, 0xf6, 0x8d, 0x73, 0x68, 0x3a, 0xa9, 0x42, 0x68, 0x4a,
  0x69, 0x62, 0x29, 0x62, 0xd0, 0x93, 0x5a, 0xee, 0x79, 0xee, 0x59, 0xee, 0x59, 0xee, 0x59, 0xee,
  0x59, 0xee, 0x39, 0xe6, 0x9a, 0xf6, 0x6e, 0x83, 0x00, 0x00, 0x62, 0x08, 0x41, 0x00, 0x41, 0x00,
  0x42, 0x08, 0x22, 0x00, 0x63, 0x08, 0x84, 0x10, 0x85, 0x10, 0x29, 0x29, 0x4a, 0x31, 0x4a, 0x31,
  0x2a, 0x29, 0x0a, 0x29, 0xea, 0x28, 0xea, 0x20, 0xca, 0x20, 0xea, 0x20, 0xe9, 0x20, 0x2a, 0x29,
  0xe9, 0x28, 0xa7, 0x18, 0xc7, 0x20, 0xc7, 0x28, 0xc7, 0x28, 0xa7, 0x28, 0xa7, 0x20, 0x86, 0x18,
  0xa6, 0x10, 0x85, 0x10, 0x65, 0x10, 0x86, 0x18, 0xe7, 0x28, 0x06, 0x31, 0x67, 0x41, 0xa9, 0x51,
  0xc9, 0x51, 0xc9, 0x51, 0x26, 0x39, 0x62, 0x10, 0x41, 0x00, 0x62, 0x08, 0x62, 0x00, 0x61, 0x00,
  0x62, 0x00, 0x62, 0x00, 0x62, 0x00, 0x62, 0x00, 0x82, 0x00, 0x62, 0x00, 0x62, 0x00, 0x62, 0x00,
  0x61, 0x00, 0x62, 0x00, 0x82, 0x00, 0x82, 0x08, 0x82, 0x00, 0x62, 0x00, 0x82, 0x00, 0x82, 0x08,
  0x82, 0x08, 0x82, 0x08, 0x82, 0x08, 0x82, 0x08, 0xa2, 0x08, 0x03, 0x19, 0xc2, 0x08, 0xa2, 0x08,
  0xa2, 0x08, 0xa2, 0x08, 0xc3, 0x08, 0xc3, 0x08, 0xe3, 0x08, 0xc3, 0x08, 0xc3, 0x00, 0xc3, 0x00,
  0xc3, 0x00, 0xc3, 0x00, 0xe3, 0x00, 0x04, 0x01, 0x25, 0x09, 0x25, 0x09, 0xe3, 0x00, 0x04, 0x09,
  0x25, 0x09, 0x04, 0x09, 0xe4, 0x08, 0xe4, 0x08, 0xc4, 0x00, 0x48, 0x21, 0xf2, 0x7a, 0x97, 0xa3,
  0xb8, 0xab, 0x16, 0xab, 0xd5, 0xaa, 0x16, 0xb3, 0x94, 0xa2, 0xd4, 0xa2, 0xf5, 0xb2, 0xb4, 0xb2,
  0x03, 0x11, 0x03, 0x11, 0x03, 0x11, 0x44, 0x21, 0x86, 0x41, 0xc8, 0x61, 0xe8, 0x61, 0xa7, 0x51,
  0x24, 0x21, 0x43, 0x11, 0x03, 0x09, 0x23, 0x11, 0x24, 0x11, 0xc3, 0x08, 0x82, 0x00, 0x62, 0x00,
  0x62, 0x00, 0x62, 0x08, 0x29, 0x39, 0xac, 0x61, 0x08, 0x41, 0x49, 0x41, 0x0e, 0x5a, 0x0f, 0x62,
  0x4b, 0x41, 0x28, 0x31, 0xe4, 0x10, 0xc4, 0x08, 0xe5, 0x10, 0xa3, 0x00, 0x73, 0x9c, 0xbb, 0xfe,
  0x79, 0xee, 0x9a, 0xf6, 0x9a, 0xf6, 0x9a, 0xf6, 0x9a, 0xf6, 0x9a, 0xf6, 0x9a, 0xf6, 0x9a, 0xf6,
  0x9a, 0xf6, 0x9a, 0xf6, 0x7a, 0xf6, 0x7a, 0xf6, 0x0f, 0x94, 0x68, 0x42, 0xa9, 0x4a, 0x68, 0x42,
  0x89, 0x4a, 0x08, 0x4a, 0x52, 0xac, 0x9b, 0xf6, 0x59, 0xee, 0x5a, 0xee, 0x5a, 0xee, 0x59, 0xee,
  0x59, 0xee, 0x59, 0xee, 0x59, 0xee, 0x39, 0xe6, 0xa7, 0x41, 0x20, 0x00, 0x62, 0x08, 0x42, 0x08,
  0x42, 0x00, 0xa4, 0x10, 0x06, 0x21, 0xa4, 0x10, 0x84, 0x10, 0x8a, 0x31, 0xcc, 0x39, 0x2a, 0x29,
  0x4b, 0x29, 0x2b, 0x31, 0x4b, 0x31, 0x4b, 0x31, 0x4b, 0x31, 0x4b, 0x31, 0x4b, 0x31, 0x2b, 0x29,
  0x2b, 0x29, 0xe9, 0x20, 0x87, 0x18, 0x86, 0x10, 0x86, 0x10, 0xa7, 0x18, 0xa7, 0x18, 0xa7, 0x18,
  0xa7, 0x18, 0xa7, 0x18, 0xa6, 0x18, 0xa6, 0x18, 0x85, 0x10, 0x21, 0x00, 0x21, 0x00, 0x21, 0x00,
  0x20, 0x00, 0x20, 0x00, 0x20, 0x00, 0x41, 0x00, 0x61, 0x00, 0x61, 0x00, 0x61, 0x00, 0x61, 0x00,
  0x61, 0x00, 0x61, 0x00, 0x61, 0x00, 0x82, 0x00, 0x82, 0x08, 0x62, 0x00, 0x61, 0x00, 0x61, 0x00,
  0x61, 0x00, 0x62, 0x00, 0x82, 0x08, 0x82, 0x08, 0x62, 0x00, 0x62, 0x00, 0x82, 0x00, 0x82, 0x08,
  0x82, 0x08, 0x82, 0x08, 0x82, 0x08, 0x82, 0x08, 0xe3, 0x10, 0xe3, 0x10, 0xa2, 0x08, 0xa2, 0x08,
  0xa2, 0x08, 0xa2, 0x08, 0xc3, 0x08, 0xe3, 0x08, 0xe3, 0x08, 0xc3, 0x08, 0xc3, 0x00, 0xc3, 0x00,
  0xc3, 0x00, 0xe3, 0x00, 0xe3, 0x00, 0x04, 0x09, 0x45, 0x09, 0x25, 0x09, 0x25, 0x09, 0x45, 0x09,
  0x25, 0x09, 0x04, 0x09, 0xe4, 0x08, 0xc4, 0x08, 0xc4, 0x00, 0xc5, 0x08, 0x2a, 0x39, 0x31, 0x82,
  0x32, 0x8a, 0x32, 0x8a, 0xf0, 0x81, 0x72, 0x8a, 0xb7, 0xb3, 0xb7, 0xbb, 0x15, 0xb3, 0x51, 0x92,
  0xe4, 0x20, 0xe4, 0x20, 0xe9, 0x59, 0x2b, 0x82, 0x2c, 0x9a, 0x4d, 0xa2, 0x4d, 0x9a, 0x6d, 0x9a,
  0xc8, 0x51, 0x03, 0x09, 0x03, 0x09, 0x44, 0x11, 0x24, 0x11, 0xa2, 0x00, 0x82, 0x00, 0x62, 0x00,
  0x62, 0x00, 0x42, 0x00, 0x43, 0x00, 0xc5, 0x18, 0x67, 0x31, 0x66, 0x29, 0x68, 0x31, 0xac, 0x51,
  0xab, 0x49, 0x27, 0x21, 0xc4, 0x08, 0xa3, 0x08, 0xe5, 0x10, 0xa4, 0x08, 0x09, 0x3a, 0x39, 0xe6,
  0x79, 0xf6, 0x7a, 0xf6, 0x7a, 0xf6, 0x9a, 0xf6, 0x9a, 0xf6, 0x9a, 0xf6, 0x9a, 0xf6, 0x9a, 0xf6,
  0x9a, 0xf6, 0x7a, 0xf6, 0x7a, 0xf6, 0x9b, 0xfe, 0x50, 0x94, 0x88, 0x3a, 0x89, 0x42, 0x48, 0x42,
  0x8a, 0x62, 0x0a, 0x6a, 0x4f, 0x93, 0x5a, 0xee, 0x79, 0xee, 0x5a, 0xee, 0x7a, 0xee, 0x5a, 0xee,
  0x59, 0xee, 0x59, 0xee, 0x39, 0xe6, 0x7a, 0xf6, 0xf4, 0xbc, 0x41, 0x10, 0x61, 0x00, 0x41, 0x00,
  0xa3, 0x10, 0x05, 0x21, 0x43, 0x08, 0x84, 0x10, 0x64, 0x08, 0xa5, 0x10, 0xac, 0x39, 0x2a, 0x29,
  0x4b, 0x31, 0x4b, 0x29, 0x2b, 0x29, 0x2b, 0x29, 0x2b, 0x29, 0x2b, 0x29, 0x2b, 0x29, 0x2b, 0x31,
  0x2b, 0x31, 0x4a, 0x31, 0xe8, 0x20, 0xa7, 0x18, 0xa7, 0x18, 0xa7, 0x18, 0xa7, 0x18, 0xa7, 0x18,
  0xa7, 0x18, 0xa7, 0x18, 0xa7, 0x18, 0xa7, 0x18, 0xa6, 0x18, 0x42, 0x08, 0x41, 0x08, 0x41, 0x00,
  0x41, 0x00, 0x41, 0x00, 0x41, 0x00, 0x41, 0x00, 0x41, 0x00, 0x61, 0x00, 0x61, 0x00, 0x61, 0x00,
  0x81, 0x00, 0x61, 0x00, 0x61, 0x00, 0x81, 0x00, 0x81, 0x00, 0x61, 0x00, 0x61, 0x00, 0x61, 0x00,
  0x62, 0x00, 0x82, 0x08, 0xa2, 0x08, 0x82, 0x08, 0x62, 0x00, 0x61, 0x00, 0x82, 0x00, 0x82, 0x08,
  0x82, 0x08, 0x82, 0x08, 0x82, 0x08, 0x82, 0x08, 0xe3, 0x10, 0xe3, 0x10, 0x82, 0x08, 0xc2, 0x08,
  0xc2, 0x08, 0xa2, 0x08, 0xe3, 0x08, 0x24, 0x11, 0x24, 0x11, 0xe4, 0x08, 0xe4, 0x08, 0xe3, 0x08,
  0xe3, 0x08, 0xe3, 0x00, 0xe3, 0x00, 0x24, 0x09, 0x25, 0x09, 0x25, 0x09, 0x45, 0x11, 0x25, 0x11,
  0x04, 0x09, 0xe4, 0x08, 0xc3, 0x08, 0x27, 0x21, 0x6f, 0x6a, 0xd2, 0x8a, 0x50, 0x7a, 0x6c, 0x51,
  0xd0, 0x79, 0x8f, 0x69, 0x8c, 0x59, 0x8b, 0x49, 0x8f, 0x72, 0xb6, 0xb3, 0x13, 0xa3, 0x27, 0x21,
  0x2b, 0x7a, 0x2b, 0x82, 0x8e, 0xa2, 0x6d, 0xa2, 0x2c, 0x9a, 0x4d, 0x9a, 0x4d, 0x9a, 0x8e, 0xa2,
  0xc9, 0x59, 0xa2, 0x00, 0x03, 0x09, 0x44, 0x11, 0x03, 0x09, 0xa2, 0x00, 0x82, 0x00, 0x62, 0x00,
  0x62, 0x00, 0x62, 0x08, 0x62, 0x00, 0x62, 0x00, 0x45, 0x21, 0xa6, 0x21, 0x85, 0x19, 0x25, 0x11,
  0x25, 0x11, 0x25, 0x11, 0x04, 0x11, 0xc4, 0x10, 0xe5, 0x10, 0xe5, 0x10, 0xe6, 0x18, 0x72, 0x9c,
  0xbb, 0xf6, 0x59, 0xee, 0x7a, 0xf6, 0x7a, 0xf6, 0x9a, 0xf6, 0x9a, 0xf6, 0x9a, 0xf6, 0x9a, 0xf6,
  0x9a, 0xf6, 0x7a, 0xf6, 0x9b, 0xfe, 0x55, 0xc5, 0xa9, 0x4a, 0x68, 0x4a, 0xeb, 0x6a, 0x92, 0xac,
  0x2e, 0x9b, 0x4b, 0x82, 0x4b, 0x72, 0x98, 0xdd, 0x7a, 0xf6, 0x59, 0xee, 0x7a, 0xee, 0x59, 0xee,
  0x79, 0xee, 0x59, 0xee, 0x59, 0xee, 0x39, 0xe6, 0x9a, 0xfe, 0x0c, 0x7b, 0x00, 0x00, 0x61, 0x08,
  0xc3, 0x18, 0x63, 0x08, 0x63, 0x08, 0x63, 0x08, 0x83, 0x10, 0x6c, 0x5a, 0xf0, 0x6a, 0xec, 0x41,
  0xe9, 0x20, 0x0b, 0x29, 0x2b, 0x29, 0x2b, 0x31, 0x4b, 0x31, 0x4b, 0x31, 0x4b, 0x31, 0x4b, 0x31,
  0x4b, 0x31, 0x4b, 0x31, 0x6b, 0x31, 0xe9, 0x20, 0xc8, 0x18, 0xc7, 0x18, 0xc7, 0x18, 0xc7, 0x18,
  0xc7, 0x18, 0xc7, 0x18, 0xa7, 0x18, 0xa7, 0x10, 0x85, 0x10, 0x41, 0x08, 0x41, 0x00, 0x41, 0x00,
  0x41, 0x00, 0x41, 0x00, 0x41, 0x00, 0x41, 0x00, 0x41, 0x00, 0x61, 0x00, 0x61, 0x00, 0x81, 0x00,
  0x81, 0x00, 0x81, 0x00, 0x82, 0x00, 0x82, 0x00, 0x81, 0x00, 0x61, 0x00, 0x61, 0x00, 0x62, 0x00,
  0x62, 0x00, 0x82, 0x00, 0x82, 0x08, 0x61, 0x00, 0x61, 0x00, 0x61, 0x00, 0x81, 0x08, 0x82, 0x08,
  0x82, 0x08, 0x82, 0x08, 0x82, 0x08, 0x82, 0x08, 0xe3, 0x10, 0xc2, 0x10, 0xa2, 0x08, 0xe3, 0x10,
  0xe3, 0x10, 0xe3, 0x08, 0x04, 0x11, 0x44, 0x11, 0x24, 0x11, 0x24, 0x11, 0x04, 0x09, 0xe4, 0x08,
  0xe3, 0x08, 0xe3, 0x00, 0x04, 0x01, 0x24, 0x09, 0x44, 0x09, 0x45, 0x09, 0x45, 0x09, 0x25, 0x09,
  0x04, 0x09, 0xc3, 0x00, 0xe5, 0x10, 0xd2, 0x82, 0xb3, 0x92, 0xac, 0x51, 0xa6, 0x10, 0x8c, 0x49,
  0x73, 0x8a, 0x90, 0x69, 0x8e, 0x61, 0x8c, 0x51, 0x28, 0x31, 0x69, 0x39, 0xcb, 0x49, 0xe4, 0x08,
  0x8e, 0xa2, 0x8e, 0xa2, 0x6e, 0x9a, 0x6e, 0xa2, 0x4d, 0xa2, 0x4d, 0xa2, 0x4d, 0xa2, 0x6e, 0xa2,
  0x6d, 0x8a, 0xe4, 0x20, 0xc3, 0x08, 0x44, 0x11, 0x24, 0x11, 0xc2, 0x00, 0x82, 0x00, 0x82, 0x00,
  0x62, 0x00, 0x62, 0x00, 0x62, 0x00, 0x62, 0x00, 0xa3, 0x08, 0x65, 0x21, 0xc6, 0x29, 0x45, 0x19,
  0xe4, 0x08, 0x05, 0x11, 0xe4, 0x10, 0x25, 0x19, 0x67, 0x21, 0x26, 0x19, 0x47, 0x29, 0x2b, 0x4a,
  0xd9, 0xd5, 0x7a, 0xf6, 0x5a, 0xee, 0x7a, 0xf6, 0x7a, 0xf6, 0x7a, 0xf6, 0x7a, 0xf6, 0x7a, 0xf6,
  0x7a, 0xf6, 0x9a, 0xf6, 0x18, 0xe6, 0xeb, 0x5a, 0xa9, 0x4a, 0x8b, 0x72, 0xf4, 0xc4, 0xdc, 0xfe,
  0xf2, 0xb3, 0x6c, 0x8a, 0xca, 0x71, 0x53, 0xbc, 0x9b, 0xf6, 0x5a, 0xee, 0x7a, 0xee, 0x79, 0xee,
  0x79, 0xee, 0x79, 0xee, 0x59, 0xee, 0x59, 0xee, 0x5a, 0xf6, 0xb7, 0xdd, 0xe3, 0x20, 0x41, 0x00,
  0x82, 0x10, 0x83, 0x10, 0x42, 0x08, 0xe4, 0x20, 0x12, 0xa4, 0xf9, 0xe5, 0x98, 0xc5, 0x16, 0xb5,
  0x10, 0x7b, 0xec, 0x51, 0x4a, 0x39, 0x0a, 0x31, 0xe9, 0x28, 0xe9, 0x20, 0xea, 0x20, 0x0a, 0x21,
  0x0a, 0x29, 0x0a, 0x29, 0x2a, 0x29, 0x2a, 0x29, 0xc8, 0x18, 0x87, 0x10, 0xc7, 0x18, 0xc7, 0x18,
  0xa7, 0x18, 0xa7, 0x18, 0xa6, 0x18, 0xc7, 0x28, 0x29, 0x49, 0x82, 0x18, 0x41, 0x00, 0x61, 0x00,
  0x41, 0x00, 0x41, 0x00, 0x41, 0x00, 0x41, 0x00, 0x61, 0x00, 0x61, 0x00, 0x81, 0x00, 0x61, 0x00,
  0x61, 0x00, 0x82, 0x00, 0x82, 0x08, 0x82, 0x08, 0x82, 0x08, 0x82, 0x00, 0x82, 0x08, 0x82, 0x08,
  0x62, 0x00, 0x81, 0x00, 0x81, 0x00, 0x61, 0x00, 0x81, 0x00, 0x81, 0x08, 0x81, 0x08, 0x82, 0x08,
  0x82, 0x08, 0x82, 0x08, 0x82, 0x08, 0x82, 0x08, 0x03, 0x19, 0xc2, 0x10, 0xa2, 0x08, 0xe3, 0x10,
  0x04, 0x11, 0xe3, 0x08, 0xe4, 0x08, 0x24, 0x11, 0x45, 0x11, 0x24, 0x11, 0xe4, 0x08, 0xe4, 0x08,
  0xe3, 0x00, 0xe3, 0x00, 0x04, 0x01, 0x44, 0x09, 0x45, 0x09, 0x45, 0x09, 0x04, 0x01, 0xe4, 0x00,
  0xc3, 0x00, 0xc3, 0x00, 0xe4, 0x08, 0x49, 0x31, 0xc6, 0x18, 0x83, 0x00, 0x07, 0x29, 0x30, 0x72,
  0x10, 0x72, 0x53, 0x8a, 0x12, 0x82, 0xaf, 0x61, 0x6b, 0x49, 0x29, 0x31, 0xc5, 0x10, 0xe3, 0x00,
  0x8e, 0xa2, 0x6e, 0xa2, 0x6e, 0xa2, 0x6e, 0xa2, 0x4e, 0xa2, 0x4d, 0xa2, 0x6e, 0xa2, 0x8e, 0xaa,
  0x31, 0xbb, 0xea, 0x61, 0xa2, 0x00, 0x44, 0x11, 0x86, 0x19, 0x65, 0x19, 0x24, 0x11, 0xc3, 0x08,
  0x82, 0x00, 0x82, 0x00, 0x62, 0x00, 0x82, 0x00, 0x61, 0x00, 0x04, 0x11, 0xc6, 0x29, 0x86, 0x21,
  0xe4, 0x08, 0xc3, 0x08, 0xc3, 0x08, 0x26, 0x19, 0x26, 0x21, 0x06, 0x21, 0x47, 0x29, 0x07, 0x29,
  0x70, 0x7b, 0x9b, 0xf6, 0x59, 0xee, 0x7a, 0xee, 0x7a, 0xf6, 0x7a, 0xf6, 0x7a, 0xf6, 0x7a, 0xf6,
  0x9a, 0xee, 0x9a, 0xee, 0x8e, 0x83, 0x48, 0x4a, 0xcf, 0x8b, 0x8f, 0xa3, 0x19, 0xee, 0x9b, 0xee,
  0xf5, 0xcc, 0xad, 0x92, 0x2b, 0x82, 0x0e, 0x9b, 0x39, 0xee, 0x7a, 0xee, 0x79, 0xee, 0x79, 0xee,
  0x79, 0xee, 0x79, 0xee, 0x79, 0xee, 0x59, 0xee, 0x39, 0xee, 0x9b, 0xf6, 0x4d, 0x7b, 0x00, 0x00,
  0x82, 0x18, 0x83, 0x10, 0x47, 0x39, 0xd5, 0xb4, 0x7c, 0xee, 0x53, 0x9c, 0xd0, 0x8b, 0x16, 0xcd,
  0x7b, 0xf6, 0xd8, 0xdd, 0x96, 0xcd, 0xf5, 0xbc, 0x12, 0xa4, 0x90, 0x8b, 0x30, 0x7b, 0xae, 0x6a,
  0x2c, 0x5a, 0x2d, 0x62, 0x4d, 0x62, 0x4d, 0x62, 0x6d, 0x62, 0x0b, 0x5a, 0x28, 0x41, 0x48, 0x49,
  0x49, 0x49, 0xaa, 0x59, 0x2b, 0x72, 0x4c, 0x8a, 0x6c, 0x8a, 0xa4, 0x20, 0x21, 0x00, 0x61, 0x00,
  0x41, 0x00, 0x41, 0x00, 0x41, 0x00, 0x41, 0x00, 0x61, 0x00, 0x61, 0x00, 0x61, 0x00, 0x61, 0x08,
  0x81, 0x00, 0x62, 0x00, 0x41, 0x00, 0x61, 0x08, 0x61, 0x00, 0x61, 0x00, 0x21, 0x00, 0x21, 0x00,
  0x62, 0x08, 0x81, 0x08, 0x82, 0x08, 0xa2, 0x08, 0xa2, 0x08, 0xa2, 0x08, 0x82, 0x08, 0x82, 0x08,
  0x82, 0x08, 0x82, 0x08, 0x82, 0x08, 0x82, 0x08, 0xc5, 0x41, 0x64, 0x29, 0xa2, 0x00, 0xe3, 0x10,
  0x04, 0x11, 0x04, 0x11, 0xe4, 0x08, 0x04, 0x11, 0x24, 0x11, 0x04, 0x11, 0xe3, 0x08, 0xe3, 0x08,
  0xe4, 0x00, 0xe3, 0x00, 0x04, 0x01, 0x24, 0x09, 0x24, 0x09, 0xe4, 0x00, 0xe3, 0x00, 0xc3, 0x00,
  0xc3, 0x00, 0xc3, 0x00, 0xa3, 0x00, 0x82, 0x00, 0xe4, 0x00, 0x24, 0x09, 0x8a, 0x41, 0x11, 0x7a,
  0x6c, 0x51, 0xac, 0x59, 0x73, 0x8a, 0x73, 0x82, 0xcf, 0x61, 0xac, 0x51, 0xc5, 0x10, 0xe3, 0x00,
  0x6e, 0xa2, 0x6e, 0xa2, 0x6e, 0xa2, 0x6d, 0xa2, 0x8c, 0xb2, 0xad, 0xaa, 0xcf, 0xaa, 0xcf, 0xb2,
  0xd0, 0xb2, 0x6d, 0x92, 0xe3, 0x08, 0x24, 0x09, 0x65, 0x11, 0x65, 0x11, 0x24, 0x09, 0xe3, 0x08,
  0xc3, 0x00, 0xc3, 0x00, 0xa3, 0x00, 0xa2, 0x00, 0xa2, 0x00, 0x03, 0x11, 0x85, 0x19, 0x86, 0x21,
  0x04, 0x11, 0xa3, 0x00, 0xc3, 0x08, 0xe4, 0x10, 0xe5, 0x10, 0x88, 0x41, 0x4c, 0x62, 0x30, 0x7b,
  0x8d, 0x62, 0xf6, 0xac, 0x9b, 0xf6, 0x5a, 0xee, 0x7a, 0xee, 0x7b, 0xee, 0x7b, 0xf6, 0x7a, 0xee,
  0xbb, 0xf6, 0xb2, 0xa4, 0x27, 0x3a, 0x0f, 0x8c, 0x32, 0xbc, 0x93, 0xc4, 0x7b, 0xf6, 0x7a, 0xee,
  0xb8, 0xdd, 0xee, 0x9a, 0x6c, 0x8a, 0x2b, 0x82, 0x57, 0xd5, 0x9a, 0xf6, 0x79, 0xee, 0x79, 0xee,
  0x79, 0xee, 0x7a, 0xee, 0x7a, 0xee, 0x7a, 0xee, 0x59, 0xee, 0x7a, 0xee, 0x77, 0xdd, 0xa9, 0x69,
  0xc9, 0x71, 0x46, 0x41, 0x47, 0x41, 0x4f, 0x7b, 0x2e, 0x73, 0xcd, 0x72, 0x4f, 0x9b, 0x57, 0xd5,
  0x19, 0xe6, 0x19, 0xe6, 0x59, 0xee, 0x79, 0xee, 0x7a, 0xee, 0x7a, 0xee, 0x7a, 0xf6, 0x59, 0xee,
  0x19, 0xe6, 0x19, 0xe6, 0x19, 0xe6, 0x19, 0xe6, 0x18, 0xe6, 0xf8, 0xe5, 0xf1, 0xb3, 0xcd, 0x92,
  0xee, 0x9a, 0xee, 0x9a, 0xce, 0x9a, 0x8d, 0x92, 0x8d, 0x8a, 0xe5, 0x28, 0x21, 0x00, 0x41, 0x00,
  0x41, 0x00, 0x41, 0x00, 0x41, 0x00, 0x41, 0x00, 0x61, 0x00, 0x61, 0x00, 0x81, 0x08, 0x81, 0x08,
  0x81, 0x08, 0x43, 0x31, 0x22, 0x31, 0x60, 0x10, 0x02, 0x31, 0xc1, 0x28, 0x45, 0x62, 0xc7, 0x82,
  0x40, 0x10, 0x81, 0x00, 0xa2, 0x08, 0xa2, 0x08, 0xa1, 0x08, 0xa2, 0x08, 0x82, 0x08, 0x82, 0x08,
  0x82, 0x08, 0x82, 0x08, 0x82, 0x08, 0xa2, 0x08, 0xe5, 0x49, 0x44, 0x21, 0xa2, 0x00, 0xe3, 0x10,
  0x24, 0x11, 0x24, 0x11, 0x04, 0x11, 0x04, 0x09, 0xe4, 0x08, 0x04, 0x09, 0xe3, 0x08, 0x46, 0x21,
  0x25, 0x11, 0xe3, 0x00, 0xe3, 0x00, 0x04, 0x09, 0x04, 0x09, 0xe4, 0x00, 0xe4, 0x00, 0xe3, 0x00,
  0xa3, 0x00, 0xa3, 0x00, 0x82, 0x00, 0xe4, 0x08, 0x46, 0x19, 0x25, 0x09, 0x69, 0x31, 0x32, 0x7a,
  0x32, 0x82, 0xcf, 0x69, 0x6a, 0x41, 0x0f, 0x6a, 0xef, 0x69, 0x49, 0x31, 0xc3, 0x00, 0x04, 0x09,
  0x6d, 0xa2, 0x4d, 0xa2, 0x6d, 0xa2, 0xec, 0xba, 0x2c, 0xc3, 0xed, 0xb2, 0xaf, 0xaa, 0x6e, 0xaa,
  0x6e, 0xaa, 0x6e, 0xa2, 0xe4, 0x18, 0xc2, 0x00, 0xe3, 0x00, 0xe3, 0x00, 0x03, 0x09, 0xe3, 0x00,
  0xc3, 0x00, 0xc3, 0x00, 0xc3, 0x00, 0xc3, 0x00, 0xc2, 0x00, 0xc2, 0x00, 0xc2, 0x00, 0x24, 0x11,
  0x04, 0x11, 0xc3, 0x08, 0xc3, 0x08, 0xa4, 0x08, 0x68, 0x39, 0x6d, 0x6a, 0x10, 0x83, 0x0f, 0x7b,
  0x68, 0x39, 0x2c, 0x52, 0x3a, 0xde, 0x5a, 0xee, 0x7a, 0xe6, 0x7a, 0xee, 0x5a, 0xee, 0xbb, 0xf6,
  0x96, 0xc5, 0x68, 0x4a, 0x2b, 0x5b, 0x96, 0xcd, 0x4f, 0xa3, 0xb7, 0xdd, 0x7a, 0xee, 0x5a, 0xee,
  0x3a, 0xee, 0x70, 0xab, 0xad, 0x92, 0x2b, 0x82, 0x33, 0xbc, 0x9a, 0xf6, 0x79, 0xee, 0x7a, 0xee,
  0x7a, 0xee, 0x7a, 0xee, 0x7a, 0xee, 0x7a, 0xee, 0x7a, 0xee, 0x59, 0xee, 0x5a, 0xf6, 0x73, 0xbc,
  0xcd, 0x92, 0x4b, 0x82, 0xa9, 0x69, 0x88, 0x59, 0x0a, 0x6a, 0xcd, 0x92, 0xf2, 0xbb, 0x5a, 0xee,
  0x39, 0xe6, 0x18, 0xe6, 0x18, 0xe6, 0x19, 0xe6, 0x39, 0xe6, 0x59, 0xe6, 0x39, 0xe6, 0x19, 0xe6,
  0x39, 0xe6, 0x39, 0xe6, 0x19, 0xe6, 0x39, 0xe6, 0x39, 0xe6, 0x19, 0xe6, 0xd8, 0xe5, 0x90, 0xa3,
  0xce, 0x9a, 0xee, 0x9a, 0xce, 0x9a, 0xad, 0x92, 0xad, 0x92, 0x05, 0x31, 0x20, 0x00, 0x41, 0x00,
  0x41, 0x00, 0x41, 0x00, 0x41, 0x00, 0x41, 0x00, 0x41, 0x00, 0x61, 0x00, 0x81, 0x00, 0x40, 0x00,
  0x63, 0x49, 0xe9, 0xc3, 0xc8, 0xbb, 0x07, 0x9b, 0x88, 0xb3, 0x49, 0xc4, 0xed, 0xf5, 0xed, 0xfd,
  0xa6, 0x7a, 0x40, 0x08, 0xa3, 0x08, 0xa2, 0x08, 0x81, 0x08, 0xa2, 0x08, 0xa2, 0x08, 0xa2, 0x08,
  0x82, 0x08, 0x82, 0x08, 0x82, 0x08, 0x82, 0x08, 0xa2, 0x10, 0xa2, 0x08, 0xc2, 0x08, 0x03, 0x11,
  0x04, 0x11, 0x04, 0x11, 0xe4, 0x10, 0x04, 0x11, 0x86, 0x19, 0x04, 0x09, 0xe5, 0x18, 0xc9, 0x41,
  0x46, 0x19, 0xe4, 0x00, 0xe3, 0x00, 0x04, 0x01, 0x04, 0x09, 0x24, 0x09, 0x24, 0x09, 0xe3, 0x00,
  0xa2, 0x00, 0xa2, 0x00, 0xc3, 0x00, 0x25, 0x11, 0x25, 0x09, 0x04, 0x09, 0x68, 0x29, 0x10, 0x72,
  0xd0, 0x69, 0xf1, 0x71, 0x49, 0x39, 0x8b, 0x49, 0x4a, 0x39, 0xa4, 0x08, 0xe3, 0x00, 0x04, 0x09,
  0x27, 0x9a, 0x4a, 0xb2, 0xee, 0xba, 0x2f, 0xbb, 0x0f, 0xb3, 0x8e, 0xaa, 0x4e, 0xaa, 0x4d, 0xaa,
  0x2d, 0xa2, 0xae, 0x9a, 0x67, 0x31, 0xe3, 0x00, 0x04, 0x09, 0x03, 0x01, 0x24, 0x09, 0x03, 0x09,
  0xe3, 0x00, 0xe3, 0x08, 0xe3, 0x08, 0xe3, 0x08, 0xc2, 0x00, 0xa2, 0x00, 0xa2, 0x00, 0xc3, 0x00,
  0xe4, 0x08, 0x04, 0x09, 0xe4, 0x08, 0x05, 0x19, 0xca, 0x51, 0x0b, 0x5a, 0x0a, 0x4a, 0x67, 0x29,
  0xe4, 0x18, 0x26, 0x21, 0xb2, 0x83, 0x9c, 0xee, 0x59, 0xee, 0x59, 0xee, 0x5a, 0xee, 0x39, 0xe6,
  0x2b, 0x63, 0x68, 0x42, 0x75, 0xbd, 0xb4, 0xc4, 0xb0, 0xab, 0x7a, 0xee, 0x59, 0xee, 0x39, 0xee,
  0x7a, 0xee, 0x53, 0xc4, 0xce, 0x92, 0x6d, 0x8a, 0x0f, 0x9b, 0x3a, 0xee, 0x7a, 0xee, 0x7a, 0xee,
  0x7a, 0xee, 0x7a, 0xee, 0x7a, 0xee, 0x7a, 0xee, 0x7a, 0xee, 0x79, 0xee, 0x59, 0xee, 0x7a, 0xf6,
  0xd8, 0xe5, 0xd4, 0xcc, 0xd1, 0xb3, 0xcd, 0x9a, 0x6c, 0x8a, 0x2b, 0x82, 0xad, 0x92, 0x33, 0xbc,
  0x19, 0xe6, 0x59, 0xe6, 0x19, 0xe6, 0x19, 0xe6, 0xd9, 0xdd, 0x56, 0xcd, 0xf8, 0xdd, 0x5a, 0xe6,
  0x39, 0xe6, 0x19, 0xe6, 0x3a, 0xe6, 0xb8, 0xd5, 0xf5, 0xc4, 0x98, 0xdd, 0x19, 0xe6, 0x36, 0xd5,
  0x2f, 0xa3, 0xef, 0x9a, 0xef, 0x9a, 0xce, 0x92, 0xce, 0x9a, 0x67, 0x49, 0x00, 0x00, 0x20, 0x00,
  0x41, 0x00, 0x41, 0x00, 0x41, 0x00, 0x41, 0x00, 0x41, 0x00, 0x41, 0x00, 0xe2, 0x20, 0x42, 0x39,
  0xe7, 0x9a, 0xe9, 0xc3, 0xe8, 0xc3, 0xc9, 0xc3, 0x88, 0xb3, 0x89, 0xd4, 0xeb, 0xdc, 0x2b, 0xe5,
  0x0e, 0xfe, 0xc7, 0x82, 0x21, 0x08, 0x61, 0x00, 0x81, 0x00, 0x81, 0x00, 0x82, 0x00, 0xa2, 0x08,
  0x61, 0x00, 0x61, 0x00, 0x82, 0x08, 0x82, 0x08, 0x82, 0x08, 0xa2, 0x08, 0xc2, 0x08, 0xe3, 0x10,
  0x04, 0x11, 0x04, 0x11, 0xe4, 0x08, 0x66, 0x19, 0xc8, 0x29, 0xe5, 0x10, 0x88, 0x41, 0xca, 0x49,
  0x46, 0x19, 0x04, 0x09, 0xe4, 0x00, 0x04, 0x01, 0x04, 0x09, 0x24, 0x09, 0x04, 0x09, 0xc3, 0x00,
  0xa2, 0x00, 0xe3, 0x08, 0x04, 0x09, 0xe4, 0x00, 0xc3, 0x00, 0xc3, 0x00, 0x26, 0x19, 0x0e, 0x6a,
  0x4a, 0x41, 0x8d, 0x51, 0xac, 0x51, 0x68, 0x29, 0xc4, 0x00, 0xc3, 0x08, 0xe3, 0x08, 0xe3, 0x08,
  0x04, 0x7a, 0xac, 0xaa, 0x31, 0xb3, 0xd0, 0xaa, 0x8e, 0xaa, 0x6e, 0xaa, 0x4e, 0xaa, 0x2d, 0xaa,
  0x6e, 0xa2, 0xb3, 0xa3, 0xee, 0x62, 0xe3, 0x00, 0x24, 0x09, 0x04, 0x09, 0xe3, 0x08, 0xc3, 0x00,
  0xe3, 0x00, 0x03, 0x09, 0x04, 0x09, 0xe3, 0x08, 0xc2, 0x00, 0xc3, 0x00, 0xc3, 0x00, 0xe3, 0x08,
  0xe3, 0x08, 0x04, 0x11, 0x04, 0x09, 0x25, 0x19, 0x46, 0x21, 0x25, 0x19, 0xe4, 0x10, 0xa3, 0x08,
  0xc3, 0x08, 0x04, 0x11, 0x06, 0x11, 0x32, 0x9c, 0x7a, 0xf6, 0x39, 0xe6, 0x9b, 0xf6, 0x30, 0x9c,
  0x47, 0x3a, 0x2f, 0x84, 0x38, 0xde, 0x4e, 0x9b, 0xd4, 0xc4, 0x9b, 0xf6, 0x59, 0xee, 0x59, 0xee,
  0x7a, 0xee, 0xf5, 0xd4, 0xce, 0x9a, 0xae, 0x92, 0x6c, 0x8a, 0x36, 0xcd, 0x7a, 0xf6, 0x59, 0xee,
  0x7a, 0xee, 0x7a, 0xee, 0x7a, 0xee, 0x79, 0xee, 0x7a, 0xee, 0x7a, 0xee, 0x7a, 0xee, 0x59, 0xee,
  0x7a, 0xee, 0x7a, 0xf6, 0x5a, 0xee, 0xb8, 0xe5, 0xb4, 0xc4, 0x90, 0xab, 0xad, 0x92, 0x0b, 0x8a,
  0x2e, 0x9b, 0x77, 0xd5, 0x9b, 0xf6, 0xb5, 0xbc, 0xec, 0x61, 0x6b, 0x59, 0xae, 0x7a, 0xf8, 0xdd,
  0x3a, 0xee, 0x19, 0xe6, 0x16, 0xcd, 0x71, 0xa3, 0xb1, 0xa3, 0x91, 0xa3, 0x56, 0xd5, 0x19, 0xee,
  0xb4, 0xcc, 0x0e, 0x9b, 0x0f, 0x9b, 0xee, 0x9a, 0xce, 0x92, 0x6c, 0x82, 0xa8, 0x61, 0xe4, 0x30,
  0x41, 0x08, 0x20, 0x00, 0x40, 0x00, 0x41, 0x00, 0x61, 0x00, 0x20, 0x00, 0xe4, 0x59, 0xc8, 0xb3,
  0xc8, 0xc3, 0xa8, 0xbb, 0x4a, 0xd4, 0x6d, 0xf5, 0x6d, 0xf5, 0x2c, 0xe5, 0x07, 0xc4, 0xee, 0xf5,
  0xed, 0xf5, 0x6c, 0xed, 0x49, 0xbc, 0x22, 0x39, 0xa4, 0x49, 0xc6, 0x8a, 0xc6, 0x82, 0x43, 0x39,
  0x81, 0x18, 0xc1, 0x20, 0x40, 0x00, 0x82, 0x00, 0xa2, 0x08, 0xa2, 0x08, 0xc3, 0x08, 0xe3, 0x10,
  0xe4, 0x10, 0x25, 0x11, 0x25, 0x11, 0x87, 0x21, 0x47, 0x29, 0xe9, 0x41, 0x8d, 0x6a, 0xa9, 0x41,
  0x46, 0x19, 0x25, 0x09, 0x04, 0x01, 0x04, 0x01, 0xe3, 0x00, 0xc3, 0x00, 0xc3, 0x00, 0xc3, 0x00,
  0xe4, 0x08, 0x04, 0x09, 0xc3, 0x00, 0xa3, 0x00, 0xc3, 0x00, 0xc3, 0x00, 0x04, 0x11, 0xeb, 0x49,
  0x25, 0x19, 0x68, 0x29, 0x47, 0x21, 0xc3, 0x00, 0xc3, 0x00, 0xe3, 0x08, 0x44, 0x11, 0x24, 0x11,
  0xe5, 0x61, 0x0f, 0xab, 0x72, 0xc3, 0xf0, 0xb2, 0x6e, 0xaa, 0x6e, 0xaa, 0x4e, 0xaa, 0x4f, 0xaa,
  0x31, 0x9b, 0x55, 0x9c, 0x0f, 0x6b, 0xc3, 0x08, 0x04, 0x09, 0x24, 0x09, 0x04, 0x09, 0xc3, 0x00,
  0xe3, 0x00, 0x24, 0x09, 0x24, 0x09, 0xe3, 0x08, 0xc3, 0x00, 0xc3, 0x08, 0xe3, 0x08, 0x03, 0x09,
  0xe3, 0x08, 0x04, 0x11, 0x24, 0x11, 0xc3, 0x08, 0xa3, 0x00, 0xa3, 0x00, 0xa3, 0x00, 0xa3, 0x08,
  0xc3, 0x08, 0xe4, 0x08, 0xc3, 0x08, 0x25, 0x21, 0xb5, 0xb4, 0x9b, 0xf6, 0x76, 0xcd, 0xca, 0x52,
  0xc9, 0x42, 0x0a, 0x53, 0xca, 0x4a, 0xed, 0x8a, 0xd8, 0xe5, 0x7a, 0xee, 0x59, 0xee, 0x59, 0xee,
  0x7a, 0xee, 0x36, 0xd5, 0xee, 0xa2, 0xee, 0x9a, 0x4c, 0x82, 0x32, 0xac, 0x7a, 0xf6, 0x5a, 0xee,
  0x7a, 0xee, 0x7a, 0xee, 0x7a, 0xee, 0x7a, 0xee, 0x59, 0xee, 0x7a, 0xee, 0x5a, 0xee, 0x5a, 0xee,
  0x5a, 0xee, 0x5a, 0xee, 0x59, 0xee, 0x5a, 0xee, 0x7a, 0xf6, 0x5a, 0xee, 0xb8, 0xdd, 0x74, 0xc4,
  0xee, 0x9a, 0x8c, 0x92, 0xb4, 0xc4, 0x98, 0xdd, 0x0d, 0x72, 0xcd, 0x61, 0xab, 0x59, 0xb1, 0x9b,
  0x7b, 0xee, 0xf9, 0xe5, 0xb1, 0xa3, 0x30, 0x9b, 0x92, 0xa3, 0xef, 0x8a, 0x0e, 0x93, 0xf6, 0xcc,
  0x3a, 0xee, 0x73, 0xbc, 0xee, 0x9a, 0xee, 0x9a, 0xce, 0x92, 0xce, 0x92, 0xae, 0x92, 0x8d, 0x92,
  0x2a, 0x7a, 0x46, 0x49, 0xa2, 0x18, 0x41, 0x00, 0x00, 0x00, 0x43, 0x39, 0x2d, 0xdd, 0x4d, 0xed,
  0x2a, 0xd4, 0x2a, 0xd4, 0x27, 0xbb, 0x2b, 0xdc, 0x0a, 0xe4, 0xec, 0xe4, 0x4a, 0xdc, 0xab, 0xec,
  0x4a, 0xdc, 0x8d, 0xed, 0x4e, 0xfe, 0xec, 0xdc, 0x6b, 0xd4, 0x8a, 0xe4, 0x46, 0xcb, 0xe7, 0xb2,
  0x47, 0xab, 0x0b, 0xdd, 0xc7, 0x7a, 0x22, 0x08, 0x82, 0x08, 0xa2, 0x08, 0xc2, 0x08, 0xc3, 0x08,
  0xc3, 0x08, 0x25, 0x19, 0xa7, 0x29, 0xa8, 0x31, 0x4b, 0x5a, 0x50, 0x83, 0xad, 0x6a, 0x47, 0x29,
  0x05, 0x11, 0x24, 0x09, 0x04, 0x01, 0xe3, 0x00, 0xc3, 0x00, 0xa2, 0x00, 0xc3, 0x00, 0xe3, 0x08,
  0xe3, 0x00, 0xc3, 0x00, 0xc3, 0x00, 0xc3, 0x00, 0xc3, 0x00, 0xc3, 0x00, 0x03, 0x09, 0x86, 0x21,
  0x04, 0x09, 0x44, 0x09, 0xe3, 0x00, 0xc2, 0x00, 0x23, 0x11, 0xa5, 0x21, 0xc5, 0x21, 0xc5, 0x21,
  0x4c, 0x9a, 0x10, 0xbb, 0x51, 0xc3, 0x72, 0xc3, 0xf0, 0xba, 0x6f, 0xaa, 0x4f, 0xaa, 0x12, 0xa3,
  0x34, 0x94, 0x96, 0x9c, 0x2f, 0x63, 0xc3, 0x08, 0x24, 0x09, 0x45, 0x11, 0x65, 0x11, 0x24, 0x09,
  0x04, 0x09, 0x24, 0x09, 0x04, 0x09, 0xe3, 0x00, 0xc3, 0x00, 0xe3, 0x08, 0x03, 0x09, 0x04, 0x09,
  0xe3, 0x08, 0x04, 0x11, 0x04, 0x11, 0xe3, 0x08, 0xe3, 0x08, 0xc3, 0x08, 0xc3, 0x08, 0xc3, 0x08,
  0xe3, 0x08, 0xe3, 0x08, 0xe3, 0x08, 0xc2, 0x00, 0xa8, 0x41, 0x56, 0xc5, 0xad, 0x7b, 0x68, 0x3a,
  0x48, 0x3a, 0x0b, 0x5b, 0x4d, 0x83, 0x8f, 0xa3, 0x39, 0xee, 0x5a, 0xee, 0x5a, 0xee, 0x5a, 0xee,
  0x7a, 0xee, 0x97, 0xdd, 0x2f, 0xa3, 0x0f, 0x9b, 0x4c, 0x82, 0x2f, 0x9b, 0xf9, 0xed, 0x5a, 0xee,
  0x5a, 0xee, 0xd8, 0xdd, 0x7a, 0xee, 0x7a, 0xee, 0xd9, 0xdd, 0xd9, 0xdd, 0x7a, 0xee, 0x59, 0xee,
  0x19, 0xe6, 0x7a, 0xee, 0x7a, 0xee, 0x5a, 0xee, 0x3a, 0xee, 0x5a, 0xe6, 0x7a, 0xee, 0x7a, 0xee,
  0x19, 0xee, 0xd4, 0xc4, 0xed, 0x92, 0x91, 0xab, 0xaf, 0x8a, 0x4e, 0x7a, 0x8e, 0x7a, 0xcb, 0x61,
  0x57, 0xcd, 0x37, 0xcd, 0x51, 0x93, 0x31, 0x93, 0x0c, 0x72, 0x6a, 0x59, 0x0d, 0x72, 0x8e, 0x7a,
  0xd5, 0xbc, 0xf9, 0xe5, 0x53, 0xb4, 0xee, 0x9a, 0xce, 0x9a, 0xae, 0x9a, 0x8c, 0x8a, 0x6c, 0x8a,
  0x6c, 0x8a, 0x8d, 0x92, 0x2b, 0x82, 0xa8, 0x61, 0xa3, 0x28, 0x26, 0x72, 0xce, 0xfd, 0xef, 0xfd,
  0xc8, 0xcb, 0x48, 0xcb, 0xe8, 0xca, 0x46, 0xc2, 0x86, 0xca, 0xc7, 0xca, 0x49, 0xe3, 0x08, 0xe3,
  0xc6, 0xd2, 0xc9, 0xd3, 0x10, 0xf6, 0x2f, 0xfe, 0x6a, 0xd4, 0xe9, 0xc3, 0xca, 0xd3, 0x45, 0xb2,
  0x06, 0xc3, 0x29, 0xd4, 0xcb, 0xe4, 0x48, 0x9b, 0x43, 0x39, 0xc3, 0x08, 0xe3, 0x10, 0xe4, 0x18,
  0x46, 0x29, 0x87, 0x31, 0xa8, 0x39, 0x0b, 0x52, 0x2f, 0x7b, 0x91, 0x8b, 0x0a, 0x4a, 0xe5, 0x18,
  0xe5, 0x10, 0xe4, 0x10, 0x04, 0x09, 0xe3, 0x00, 0xc3, 0x00, 0xe3, 0x00, 0x04, 0x09, 0x04, 0x09,
  0xe4, 0x08, 0xe3, 0x00, 0xc3, 0x00, 0xc3, 0x00, 0xe3, 0x00, 0xe3, 0x00, 0x03, 0x09, 0x24, 0x09,
  0x03, 0x09, 0x03, 0x09, 0x24, 0x11, 0x84, 0x19, 0xc5, 0x21, 0xe5, 0x21, 0xc5, 0x21, 0xc4, 0x21,
  0xb0, 0xb2, 0xcf, 0xb2, 0x10, 0xbb, 0x51, 0xbb, 0xf0, 0xb2, 0x4e, 0xaa, 0x4f, 0xaa, 0x71, 0x93,
  0xd2, 0x7b, 0x0f, 0x6b, 0x46, 0x19, 0xe3, 0x08, 0x45, 0x11, 0x65, 0x11, 0x86, 0x19, 0x85, 0x19,
  0x24, 0x11, 0x24, 0x09, 0xe3, 0x08, 0xc2, 0x00, 0xe3, 0x00, 0x03, 0x09, 0x04, 0x09, 0xe3, 0x08,
  0xe3, 0x08, 0x04, 0x11, 0x04, 0x11, 0x24, 0x11, 0x24, 0x11, 0xe3, 0x08, 0xc3, 0x08, 0xc2, 0x08,
  0xe3, 0x08, 0xe3, 0x08, 0xe3, 0x08, 0xe3, 0x08, 0xc3, 0x10, 0x08, 0x42, 0xa8, 0x42, 0x2b, 0x53,
  0xd3, 0xac, 0xf8, 0xdd, 0xf1, 0xb3, 0x32, 0xb4, 0x5a, 0xee, 0x5a, 0xee, 0x5a, 0xee, 0x5a, 0xee,
  0x5a, 0xee, 0xd8, 0xe5, 0x70, 0xab, 0x0f, 0x9b, 0x8d, 0x8a, 0xad, 0x92, 0xb5, 0xcc, 0x7b, 0xf6,
  0xd9, 0xdd, 0x38, 0xcd, 0xf9, 0xdd, 0x5a, 0xee, 0x5a, 0xee, 0x78, 0xd5, 0x3a, 0xe6, 0x39, 0xe6,
  0xb8, 0xd5, 0x7a, 0xee, 0x7a, 0xee, 0x5a, 0xee, 0x5a, 0xee, 0x5a, 0xee, 0x5a, 0xee, 0x5a, 0xee,
  0x5a, 0xe6, 0x9b, 0xee, 0x19, 0xee, 0x53, 0xbc, 0x4c, 0x7a, 0x2d, 0x72, 0xd3, 0xa3, 0xec, 0x61,
  0x91, 0x9b, 0x54, 0xb4, 0x6e, 0x7a, 0xf0, 0x8a, 0xf0, 0x8a, 0x52, 0x93, 0x31, 0x93, 0x95, 0xb4,
  0x93, 0xb4, 0xb8, 0xdd, 0xd9, 0xe5, 0x70, 0xa3, 0xce, 0x9a, 0x0c, 0xa3, 0xad, 0xd4, 0x8c, 0xcc,
  0xad, 0xb3, 0x6a, 0x92, 0xcb, 0x9a, 0xcc, 0xc3, 0xa9, 0x92, 0xeb, 0xc3, 0x49, 0xd4, 0x8a, 0xec,
  0x68, 0xdb, 0x24, 0xaa, 0xa7, 0xca, 0xe7, 0xda, 0xc6, 0xd2, 0xa6, 0xd2, 0x66, 0xca, 0xe8, 0xda,
  0xe7, 0xda, 0x47, 0xcb, 0x8e, 0xf5, 0x6d, 0xed, 0xa9, 0xbb, 0x84, 0x9a, 0x49, 0xcb, 0x45, 0xb2,
  0x25, 0xb2, 0x45, 0xb2, 0xa5, 0xaa, 0xab, 0xe4, 0x65, 0x6a, 0xa2, 0x10, 0x25, 0x29, 0x88, 0x41,
  0xc9, 0x49, 0x6c, 0x62, 0x4c, 0x62, 0xad, 0x6a, 0x71, 0x83, 0xef, 0x7a, 0xc9, 0x49, 0xea, 0x49,
  0x0b, 0x5a, 0x0a, 0x5a, 0x66, 0x21, 0x04, 0x01, 0x04, 0x09, 0x24, 0x09, 0x24, 0x09, 0x24, 0x09,
  0x04, 0x09, 0x24, 0x09, 0x03, 0x09, 0xe3, 0x00, 0xe3, 0x00, 0xe3, 0x00, 0x03, 0x09, 0x03, 0x09,
  0x03, 0x09, 0x44, 0x11, 0xc5, 0x21, 0xe5, 0x21, 0xc5, 0x21, 0xc5, 0x21, 0xc5, 0x21, 0xc5, 0x21,
  0xcf, 0xb2, 0xaf, 0xb2, 0xcf, 0xb2, 0xf0, 0xb2, 0x8e, 0xaa, 0xec, 0x99, 0x0d, 0x9a, 0x4d, 0x92,
  0x27, 0x39, 0x62, 0x00, 0xa2, 0x00, 0x24, 0x09, 0x45, 0x11, 0x45, 0x11, 0x86, 0x19, 0x65, 0x11,
  0x44, 0x11, 0x04, 0x09, 0xc3, 0x00, 0xc3, 0x00, 0xe3, 0x08, 0x03, 0x09, 0x03, 0x09, 0xc3, 0x08,
  0x04, 0x11, 0x24, 0x11, 0x04, 0x11, 0x04, 0x11, 0x24, 0x11, 0x04, 0x11, 0xe3, 0x08, 0xc2, 0x08,
  0xc3, 0x08, 0xe3, 0x08, 0x03, 0x11, 0x03, 0x11, 0xe3, 0x08, 0xe6, 0x29, 0x88, 0x42, 0x30, 0x8c,
  0x9b, 0xfe, 0xf8, 0xe5, 0x70, 0xab, 0xf5, 0xcc, 0x5a, 0xf6, 0x3a, 0xee, 0x5a, 0xee, 0x5a, 0xee,
  0x5a, 0xee, 0xf9, 0xed, 0x90, 0xab, 0x2f, 0xa3, 0x8d, 0x8a, 0xce, 0x92, 0x0e, 0x93, 0xd5, 0xcc,
  0x3a, 0xee, 0x1a, 0xe6, 0xb9, 0xdd, 0x78, 0xd5, 0x3a, 0xe6, 0x1a, 0xe6, 0xd9, 0xdd, 0x5a, 0xee,
  0xb8, 0xd5, 0x59, 0xee, 0x7a, 0xee, 0x9a, 0xf6, 0x9b, 0xf6, 0xbb, 0xf6, 0x7b, 0xee, 0x3a, 0xe6,
  0x5a, 0xee, 0x5a, 0xee, 0x5a, 0xee, 0xbb, 0xfe, 0x76, 0xd5, 0xea, 0x69, 0xb3, 0xa3, 0xf1, 0x82,
  0x10, 0x8b, 0x74, 0xb4, 0x2d, 0x72, 0x55, 0xb4, 0x15, 0xac, 0x0c, 0x6a, 0xd2, 0xa3, 0x7b, 0xf6,
  0x39, 0xe6, 0x3a, 0xe6, 0xf5, 0xc4, 0x0e, 0x9b, 0xed, 0x9a, 0xad, 0xd4, 0x8c, 0xed, 0x0e, 0xfe,
  0x30, 0xfe, 0x4c, 0xd4, 0xca, 0xbb, 0x0e, 0xfe, 0x4d, 0xed, 0x2f, 0xfe, 0x8d, 0xed, 0x49, 0xd4,
  0x6c, 0xec, 0x85, 0xc2, 0x65, 0xc2, 0xe7, 0xd2, 0x24, 0xba, 0xc7, 0xd2, 0xc7, 0xd2, 0xa7, 0xda,
  0xc7, 0xda, 0xa5, 0xba, 0x09, 0xcc, 0x2c, 0xed, 0xe9, 0xc3, 0xa6, 0xa2, 0x24, 0x9a, 0xa7, 0xb2,
  0xc8, 0xd2, 0x67, 0xc2, 0xa7, 0xba, 0xe8, 0xd3, 0x2a, 0xcc, 0xa5, 0x49, 0xa2, 0x08, 0x26, 0x31,
  0x88, 0x41, 0x0b, 0x5a, 0x8d, 0x6a, 0x0f, 0x73, 0x50, 0x7b, 0xce, 0x72, 0xee, 0x7a, 0xee, 0x72,
  0x0a, 0x4a, 0x87, 0x29, 0x25, 0x11, 0x04, 0x09, 0x04, 0x09, 0x24, 0x09, 0x04, 0x09, 0x24, 0x09,
  0x24, 0x09, 0x24, 0x11, 0x44, 0x11, 0x03, 0x09, 0xe3, 0x00, 0xe3, 0x00, 0xe3, 0x08, 0x03, 0x09,
  0x03, 0x09, 0xe3, 0x08, 0x24, 0x11, 0x24, 0x11, 0x44, 0x11, 0x44, 0x11, 0x44, 0x19, 0x64, 0x19,
  0xf0, 0xb2, 0xf0, 0xb2, 0x51, 0xbb, 0x31, 0xbb, 0x8e, 0xaa, 0x2d, 0xa2, 0xed, 0x99, 0x0d, 0x9a,
  0xaa, 0x69, 0x83, 0x08, 0xe3, 0x08, 0x45, 0x11, 0x24, 0x09, 0x03, 0x09, 0x65, 0x11, 0x65, 0x11,
  0x24, 0x09, 0xe3, 0x00, 0xc3, 0x00, 0xc3, 0x00, 0xe3, 0x08, 0x03, 0x09, 0xe3, 0x08, 0xc3, 0x08,
  0x24, 0x11, 0x24, 0x11, 0xa2, 0x00, 0xc3, 0x08, 0x04, 0x11, 0x04, 0x11, 0x03, 0x11, 0xe3, 0x08,
  0xc2, 0x08, 0xe3, 0x08, 0x03, 0x11, 0x03, 0x11, 0x44, 0x19, 0xa9, 0x42, 0x68, 0x42, 0x0d, 0x83,
  0xb7, 0xdd, 0xf8, 0xe5, 0x90, 0xab, 0x77, 0xd5, 0x7a, 0xf6, 0x5a, 0xee, 0x5a, 0xee, 0x3a, 0xee,
  0x5a, 0xee, 0xb8, 0xe5, 0x70, 0xa3, 0x4f, 0xa3, 0xae, 0x92, 0xce, 0x92, 0xef, 0x9a, 0xce, 0x92,
  0x74, 0xbc, 0x5a, 0xee, 0x7a, 0xee, 0x1b, 0xe6, 0x79, 0xd5, 0xd3, 0x9b, 0xb2, 0x9b, 0x54, 0xac,
  0xfa, 0xe5, 0x9b, 0xf6, 0x3a, 0xe6, 0xd8, 0xd5, 0x78, 0xcd, 0x37, 0xcd, 0x90, 0x93, 0xd8, 0xd5,
  0x9a, 0xf6, 0x7a, 0xee, 0x5a, 0xee, 0x59, 0xee, 0x9a, 0xfe, 0x6f, 0x93, 0xeb, 0x61, 0x11, 0x8b,
  0x31, 0x8b, 0xf3, 0xa3, 0x92, 0x9b, 0x92, 0x9b, 0x8b, 0x59, 0x31, 0x93, 0x3a, 0xee, 0x19, 0xe6,
  0xb8, 0xdd, 0x19, 0xe6, 0xd4, 0xc4, 0x0e, 0x93, 0xae, 0xcc, 0x2e, 0xfe, 0x0b, 0xe5, 0x2d, 0xe5,
  0x6e, 0xf5, 0x6b, 0xd4, 0x88, 0xc3, 0x0c, 0xed, 0xee, 0xfd, 0x2f, 0xfe, 0x2f, 0xfe, 0xcb, 0xdc,
  0x2a, 0xd4, 0xa9, 0xd3, 0x27, 0xd3, 0xa6, 0xca, 0xc6, 0xd2, 0xa6, 0xca, 0x86, 0xd2, 0xe7, 0xda,
  0xc6, 0xd2, 0x27, 0xd3, 0xab, 0xd4, 0xae, 0xf5, 0xae, 0xed, 0x07, 0x82, 0x65, 0x71, 0x65, 0x69,
  0x44, 0x79, 0xe4, 0x91, 0x08, 0xb3, 0x26, 0xb3, 0x49, 0xcc, 0x08, 0x93, 0xa2, 0x18, 0xa3, 0x10,
  0xc4, 0x18, 0x05, 0x21, 0x67, 0x31, 0x8c, 0x62, 0x50, 0x7b, 0xee, 0x6a, 0x0a, 0x4a, 0x26, 0x21,
  0xe4, 0x08, 0xc3, 0x00, 0xe4, 0x08, 0xe3, 0x08, 0xe3, 0x08, 0x04, 0x09, 0x04, 0x09, 0x04, 0x09,
  0xe3, 0x08, 0x04, 0x09, 0x65, 0x11, 0x03, 0x09, 0xe3, 0x08, 0xe3, 0x00, 0xe3, 0x00, 0xe3, 0x08,
  0xe3, 0x08, 0x24, 0x11, 0x24, 0x09, 0x03, 0x09, 0xe3, 0x08, 0xe2, 0x08, 0xc2, 0x00, 0xc2, 0x00,
  0xcf, 0xb2, 0x51, 0xc3, 0x92, 0xcb, 0x72, 0xc3, 0xaf, 0xb2, 0x6e, 0xaa, 0x2d, 0xa2, 0x2d, 0xa2,
  0xeb, 0x79, 0xa3, 0x08, 0x04, 0x09, 0x45, 0x11, 0xe3, 0x00, 0xa2, 0x00, 0xe3, 0x00, 0xe3, 0x08,
  0xc3, 0x00, 0xc2, 0x00, 0xc3, 0x00, 0xe3, 0x08, 0x04, 0x09, 0x03, 0x09, 0xe3, 0x08, 0xe3, 0x08,
  0x44, 0x19, 0xe3, 0x08, 0xa2, 0x00, 0xa2, 0x00, 0xc3, 0x08, 0xe3, 0x08, 0x03, 0x11, 0xe3, 0x08,
  0xc2, 0x08, 0x03, 0x11, 0x44, 0x19, 0x44, 0x19, 0x07, 0x32, 0xa9, 0x4a, 0xa5, 0x21, 0xe8, 0x49,
  0x11, 0xac, 0xd8, 0xe5, 0xd1, 0xab, 0x97, 0xdd, 0x19, 0xee, 0x19, 0xee, 0x5a, 0xee, 0x3a, 0xee,
  0x5a, 0xee, 0x36, 0xd5, 0x2f, 0xa3, 0x50, 0xa3, 0x0f, 0xa3, 0x0f, 0x9b, 0x0f, 0x9b, 0xee, 0x9a,
  0xce, 0x92, 0xb5, 0xbc, 0x5a, 0xee, 0x74, 0xb4, 0xae, 0x7a, 0xf4, 0xa3, 0xb3, 0x9b, 0xaf, 0x7a,
  0xf7, 0xcc, 0xd3, 0xa3, 0xcf, 0x82, 0x6e, 0x72, 0xec, 0x61, 0x49, 0x51, 0x70, 0x93, 0x9b, 0xf6,
  0x7a, 0xee, 0x7a, 0xee, 0x7a, 0xee, 0x7a, 0xee, 0x7a, 0xf6, 0x5a, 0xee, 0x32, 0xac, 0x4d, 0x72,
  0xf0, 0x82, 0x35, 0xac, 0xb2, 0x93, 0x72, 0x93, 0x35, 0xac, 0x9a, 0xdd, 0x98, 0xd5, 0x98, 0xd5,
  0xf9, 0xdd, 0x39, 0xe6, 0xf7, 0xe5, 0x0e, 0xbc, 0x6c, 0xcc, 0x4f, 0xfe, 0x6d, 0xed, 0x4a, 0xdc,
  0x68, 0xd3, 0xa6, 0xca, 0x27, 0xdb, 0x48, 0xe3, 0xea, 0xdb, 0x27, 0xc3, 0xab, 0xd4, 0x8e, 0xed,
  0x6a, 0xdc, 0xed, 0xe4, 0x28, 0xd3, 0xc7, 0xda, 0xc7, 0xd2, 0xc7, 0xda, 0x07, 0xdb, 0x0a, 0xec,
  0xac, 0xec, 0x6e, 0xfd, 0x6d, 0xed, 0xeb, 0xdc, 0xca, 0xb3, 0x6c, 0x8a, 0x8d, 0x92, 0xee, 0x92,
  0x8c, 0x8a, 0x8a, 0x92, 0xc9, 0x9a, 0x66, 0x92, 0xe6, 0x9a, 0x68, 0xab, 0x64, 0x49, 0x83, 0x08,
  0xa3, 0x10, 0xc5, 0x20, 0x2a, 0x52, 0x4f, 0x73, 0xea, 0x49, 0x26, 0x21, 0xc4, 0x08, 0xc3, 0x00,
  0xc3, 0x00, 0xa3, 0x00, 0xa2, 0x00, 0xa2, 0x00, 0xc3, 0x00, 0xe3, 0x00, 0xe3, 0x00, 0xe3, 0x00,
  0xc3, 0x00, 0x24, 0x09, 0xc6, 0x21, 0x44, 0x11, 0x03, 0x09, 0xe3, 0x00, 0xe3, 0x00, 0xe3, 0x08,
  0x23, 0x09, 0x85, 0x19, 0xc5, 0x21, 0xc5, 0x21, 0xa5, 0x21, 0x84, 0x19, 0x64, 0x19, 0x64, 0x11,
  0x0c, 0x9a, 0xcf, 0xaa, 0x72, 0xc3, 0x52, 0xc3, 0xf0, 0xb2, 0x8e, 0xa2, 0x8e, 0xa2, 0x6d, 0x8a,
  0x47, 0x39, 0xc3, 0x00, 0x45, 0x11, 0x45, 0x11, 0x04, 0x09, 0xa3, 0x00, 0xc3, 0x00, 0xc2, 0x00,
  0xc2, 0x00, 0xc2, 0x00, 0xe3, 0x08, 0x04, 0x09, 0x24, 0x11, 0xe3, 0x08, 0xe3, 0x08, 0x03, 0x09,
  0x44, 0x19, 0xc2, 0x08, 0xa2, 0x00, 0xa2, 0x00, 0xa2, 0x00, 0xe3, 0x08, 0x03, 0x11, 0x03, 0x11,
  0x24, 0x19, 0x64, 0x19, 0x64, 0x19, 0xa4, 0x21, 0x88, 0x42, 0x47, 0x3a, 0x64, 0x19, 0x65, 0x29,
  0xac, 0x7a, 0x74, 0xc4, 0xf2, 0xb3, 0x98, 0xdd, 0x15, 0xcd, 0xd4, 0xc4, 0x3a, 0xee, 0x19, 0xee,
  0x5a, 0xf6, 0xb4, 0xc4, 0x2f, 0xa3, 0x50, 0xa3, 0x2f, 0xa3, 0x0f, 0xa3, 0xee, 0x9a, 0xce, 0x9a,
  0xce, 0x92, 0x91, 0xa3, 0x74, 0xac, 0xcf, 0x7a, 0xf0, 0x82, 0x96, 0xbc, 0x56, 0xb4, 0xf4, 0xab,
  0x30, 0x8b, 0x71, 0x93, 0x75, 0xb4, 0xef, 0x8a, 0x4a, 0x51, 0xef, 0x82, 0x3a, 0xe6, 0x9a, 0xee,
  0x7a, 0xee, 0x7a, 0xee, 0x7a, 0xee, 0x7a, 0xee, 0x7a, 0xee, 0x98, 0xd5, 0xf6, 0xbc, 0x4c, 0x6a,
  0x31, 0x83, 0xb3, 0x93, 0xf4, 0x9b, 0xb2, 0x93, 0x75, 0xac, 0xba, 0xd5, 0x3a, 0xe6, 0xf9, 0xdd,
  0x39, 0xe6, 0x39, 0xe6, 0x92, 0xdd, 0xad, 0xf5, 0x09, 0xcc, 0xa9, 0xc3, 0xa9, 0xd3, 0x69, 0xe3,
  0x08, 0xe3, 0xa6, 0xc2, 0xa6, 0xba, 0xe8, 0xda, 0xc8, 0xd2, 0xe4, 0xa9, 0x8b, 0xdc, 0x91, 0xfe,
  0x30, 0xfe, 0x49, 0xd4, 0x67, 0xd3, 0x48, 0xdb, 0xa9, 0xdb, 0x2b, 0xec, 0x4a, 0xec, 0xae, 0xf5,
  0xef, 0xf5, 0xae, 0xf5, 0x2c, 0xe5, 0x6c, 0xe5, 0x4a, 0xa3, 0x8c, 0x92, 0xad, 0x92, 0x50, 0xab,
  0x32, 0xb4, 0x93, 0xbc, 0xd4, 0xc4, 0x71, 0xbc, 0x6c, 0xa3, 0xe7, 0x8a, 0x43, 0x51, 0xc3, 0x10,
  0xc4, 0x10, 0x88, 0x41, 0xcd, 0x6a, 0x6b, 0x5a, 0x46, 0x29, 0x25, 0x19, 0x04, 0x11, 0xe3, 0x08,
  0xc3, 0x00, 0x04, 0x09, 0xe3, 0x08, 0xa2, 0x00, 0xa3, 0x00, 0xc3, 0x00, 0xe3, 0x00, 0xe3, 0x00,
  0xe3, 0x00, 0x24, 0x11, 0xe6, 0x21, 0xe6, 0x21, 0x64, 0x11, 0x23, 0x09, 0x03, 0x09, 0x03, 0x09,
  0x44, 0x11, 0x85, 0x19, 0xe6, 0x21, 0x05, 0x2a, 0x26, 0x2a, 0x46, 0x32, 0x06, 0x2a, 0xa5, 0x21,
  0x89, 0x79, 0x69, 0x79, 0xcf, 0xaa, 0x92, 0xcb, 0x0b, 0x7a, 0xe4, 0x20, 0x05, 0x29, 0xe4, 0x10,
  0xa3, 0x00, 0xe4, 0x08, 0x25, 0x11, 0x65, 0x11, 0x04, 0x09, 0xa2, 0x00, 0xa2, 0x00, 0xc2, 0x00,
  0xc3, 0x00, 0xe3, 0x08, 0x04, 0x09, 0x24, 0x09, 0x04, 0x09, 0xe3, 0x08, 0xe3, 0x08, 0x24, 0x11,
  0x45, 0x19, 0xa2, 0x00, 0xa2, 0x00, 0xa2, 0x00, 0xc2, 0x00, 0xe3, 0x08, 0x24, 0x19, 0x44, 0x19,
  0x64, 0x21, 0x64, 0x21, 0x44, 0x19, 0x06, 0x32, 0xa8, 0x42, 0xc5, 0x29, 0x64, 0x19, 0x65, 0x29,
  0x0a, 0x6a, 0xee, 0x92, 0x70, 0xa3, 0x97, 0xdd, 0x15, 0xcd, 0xb0, 0xa3, 0x36, 0xcd, 0x3a, 0xf6,
  0x19, 0xee, 0x12, 0xb4, 0x2f, 0xa3, 0x50, 0xa3, 0x0f, 0xa3, 0x0f, 0x9b, 0xee, 0x9a, 0xce, 0x9a,
  0x8e, 0x92, 0x51, 0xa3, 0x58, 0xd5, 0x54, 0xac, 0xb6, 0xb4, 0xd7, 0xbc, 0xb6, 0xb4, 0x76, 0xac,
  0xb2, 0x93, 0x91, 0x93, 0x2c, 0x6a, 0x8a, 0x59, 0x50, 0x93, 0x3a, 0xee, 0x9a, 0xee, 0x7a, 0xee,
  0x7a, 0xee, 0x7a, 0xee, 0x7a, 0xee, 0x7a, 0xee, 0x59, 0xee, 0x0a, 0x62, 0xe8, 0x40, 0x14, 0xa4,
  0x72, 0x93, 0xcc, 0x59, 0x72, 0x8b, 0x35, 0xa4, 0x92, 0x93, 0xb2, 0x93, 0x55, 0xac, 0x9a, 0xd5,
  0x1a, 0xde, 0x38, 0xe6, 0xae, 0xe5, 0x2e, 0xfe, 0x6d, 0xe5, 0xe6, 0xba, 0x24, 0xb2, 0x45, 0xb2,
  0x67, 0xc2, 0x66, 0xb2, 0xe3, 0x99, 0x45, 0xaa, 0xc7, 0xca, 0xe8, 0xe2, 0x07, 0xd3, 0x2d, 0xed,
  0xce, 0xf5, 0xaa, 0xd4, 0xca, 0xdc, 0xce, 0xf5, 0x2f, 0xfe, 0xef, 0xfd, 0xce, 0xf5, 0x8d, 0xe5,
  0x4c, 0xe5, 0xcf, 0xfd, 0xef, 0xfd, 0x4e, 0xe5, 0x6b, 0xab, 0xac, 0x92, 0xad, 0x92, 0xad, 0x92,
  0xad, 0x92, 0xcd, 0x92, 0x4f, 0xa3, 0x32, 0xb4, 0x55, 0xcd, 0x54, 0xcd, 0x6e, 0x9b, 0xc3, 0x20,
  0xc4, 0x18, 0xa8, 0x41, 0xc8, 0x41, 0x67, 0x31, 0x66, 0x21, 0x25, 0x19, 0x04, 0x11, 0xe4, 0x08,
  0xe3, 0x08, 0x44, 0x11, 0x65, 0x11, 0x24, 0x09, 0xe3, 0x00, 0xc3, 0x00, 0x03, 0x01, 0x24, 0x09,
  0x24, 0x09, 0x45, 0x11, 0xe6, 0x21, 0x27, 0x2a, 0x06, 0x2a, 0xa5, 0x21, 0x64, 0x19, 0x44, 0x11,
  0x85, 0x19, 0xa5, 0x19, 0xe6, 0x21, 0x26, 0x2a, 0x07, 0x2a, 0x64, 0x19, 0xa2, 0x00, 0x82, 0x00,
  0xa9, 0x79, 0x48, 0x69, 0x89, 0x79, 0x8d, 0x9a, 0x26, 0x39, 0xa2, 0x00, 0xc2, 0x00, 0xc3, 0x00,
  0xe3, 0x08, 0xe3, 0x08, 0x24, 0x09, 0x45, 0x11, 0xc3, 0x00, 0x82, 0x00, 0xa2, 0x00, 0xc3, 0x08,
  0x04, 0x11, 0x24, 0x11, 0x03, 0x09, 0x03, 0x09, 0xe3, 0x08, 0xe3, 0x08, 0xc3, 0x08, 0x44, 0x19,
  0x44, 0x11, 0xa2, 0x00, 0xa2, 0x00, 0xa2, 0x00, 0xc3, 0x08, 0xe3, 0x10, 0x44, 0x19, 0x44, 0x19,
  0x23, 0x19, 0x23, 0x19, 0x43, 0x19, 0x68, 0x3a, 0x47, 0x3a, 0x43, 0x19, 0x43, 0x19, 0x04, 0x11,
  0xea, 0x61, 0x6c, 0x82, 0x0e, 0x93, 0x57, 0xd5, 0x56, 0xd5, 0x70, 0xa3, 0xb1, 0xa3, 0xb8, 0xe5,
  0xb8, 0xe5, 0x0e, 0x9b, 0x2f, 0xa3, 0x30, 0xa3, 0x0f, 0xa3, 0xef, 0x9a, 0xee, 0x9a, 0xce, 0x9a,
  0xae, 0x92, 0xef, 0x92, 0xf4, 0x9b, 0x51, 0x8b, 0x51, 0x8b, 0x92, 0x93, 0xb7, 0xbc, 0xd3, 0x9b,
  0xcf, 0x7a, 0x2c, 0x72, 0x50, 0x8b, 0x36, 0xcd, 0x9b, 0xf6, 0x7a, 0xee, 0x7a, 0xee, 0x7a, 0xee,
  0x7a, 0xee, 0x7a, 0xee, 0x7a, 0xee, 0x7a, 0xee, 0xbb, 0xf6, 0xd1, 0x9b, 0x49, 0x49, 0x92, 0x93,
  0x2d, 0x6a, 0xd2, 0x9b, 0x2d, 0x6a, 0x4e, 0x72, 0x34, 0xac, 0xf0, 0x82, 0xcc, 0x61, 0x31, 0x8b,
  0xf7, 0xbc, 0x92, 0xbc, 0xec, 0xd4, 0x2f, 0xfe, 0x70, 0xfe, 0x4a, 0xd4, 0xc7, 0xca, 0x65, 0xb2,
  0x25, 0xb2, 0xa7, 0xca, 0x46, 0xba, 0x25, 0xaa, 0xc8, 0xca, 0xc7, 0xd2, 0xc6, 0xd2, 0xab, 0xe4,
  0xce, 0xf5, 0x8a, 0xd4, 0x2c, 0xe5, 0xce, 0xf5, 0xee, 0xf5, 0x2b, 0xdd, 0xee, 0xed, 0x50, 0xfe,
  0xea, 0xdc, 0xee, 0xfd, 0x8d, 0xf5, 0xeb, 0xa2, 0x8d, 0x92, 0xcd, 0x9a, 0xad, 0x92, 0x8d, 0x92,
  0x8d, 0x92, 0x8d, 0x92, 0x8d, 0x92, 0x8d, 0x8a, 0xce, 0x92, 0x12, 0xac, 0xb8, 0xdd, 0x52, 0xac,
  0x66, 0x31, 0xc4, 0x20, 0x25, 0x21, 0x25, 0x19, 0x87, 0x29, 0x46, 0x21, 0x04, 0x11, 0x04, 0x09,
  0xe3, 0x08, 0x04, 0x09, 0x45, 0x11, 0x45, 0x11, 0x24, 0x09, 0x24, 0x09, 0x03, 0x01, 0xe3, 0x00,
  0xe3, 0x00, 0xe4, 0x00, 0x45, 0x11, 0x06, 0x2a, 0x26, 0x2a, 0xe6, 0x29, 0xc6, 0x21, 0x85, 0x19,
  0x23, 0x11, 0x03, 0x09, 0x23, 0x09, 0x44, 0x11, 0x03, 0x09, 0xa2, 0x00, 0x82, 0x00, 0x82, 0x00,
  0xaa, 0x79, 0xaa, 0x79, 0xa9, 0x71, 0x27, 0x49, 0xa3, 0x10, 0x04, 0x11, 0x45, 0x19, 0x04, 0x11,
  0xe3, 0x08, 0xc3, 0x00, 0xc3, 0x00, 0xe3, 0x00, 0xa2, 0x00, 0x82, 0x00, 0xa2, 0x00, 0xc3, 0x08,
  0x04, 0x09, 0xe3, 0x08, 0xe3, 0x08, 0xe3, 0x08, 0xe3, 0x08, 0xc3, 0x08, 0xe3, 0x08, 0x85, 0x21,
  0x03, 0x11, 0xa2, 0x00, 0xc2, 0x08, 0xa2, 0x08, 0xc3, 0x08, 0xe3, 0x10, 0x03, 0x11, 0x03, 0x11,
  0x03, 0x11, 0xe2, 0x10, 0x84, 0x21, 0xa9, 0x42, 0xa5, 0x21, 0xe2, 0x10, 0x02, 0x11, 0x82, 0x00,
  0x87, 0x41, 0xcd, 0x8a, 0x4b, 0x7a, 0x16, 0xcd, 0x98, 0xe5, 0x90, 0xa3, 0x2f, 0x9b, 0x74, 0xbc,
  0xb5, 0xc4, 0xad, 0x92, 0x2f, 0xa3, 0x2f, 0xa3, 0x0f, 0xa3, 0xef, 0x9a, 0xcf, 0x9a, 0xce, 0x9a,
  0xae, 0x8a, 0x8a, 0x59, 0xab, 0x59, 0xcf, 0x82, 0x52, 0x93, 0x8f, 0x7a, 0xd0, 0x82, 0xd7, 0xbc,
  0x71, 0x93, 0x8e, 0x7a, 0xd2, 0x9b, 0x5b, 0xe6, 0xba, 0xee, 0x7a, 0xe6, 0x7a, 0xee, 0x9a, 0xee,
  0x9a, 0xee, 0x9a, 0xee, 0x9a, 0xee, 0x7a, 0xee, 0x9b, 0xf6, 0xb9, 0xd5, 0xcb, 0x59, 0xcb, 0x59,
  0x8a, 0x51, 0x95, 0xbc, 0xf6, 0xc4, 0x28, 0x51, 0x8b, 0x61, 0x4e, 0x72, 0x2d, 0x6a, 0x6b, 0x51,
  0x29, 0x49, 0x07, 0x49, 0xa7, 0x8a, 0xec, 0xdc, 0xeb, 0xdc, 0x6a, 0xdc, 0x49, 0xdb, 0x49, 0xeb,
  0x08, 0xe3, 0x86, 0xd2, 0xa7, 0xd2, 0x45, 0xb2, 0x86, 0xc2, 0x25, 0xc2, 0x67, 0xd3, 0x6e, 0xf5,
  0x6d, 0xed, 0x4c, 0xed, 0x2c, 0xe5, 0x0b, 0xdd, 0x6c, 0xed, 0x8e, 0xed, 0x8a, 0xd4, 0x2d, 0xed,
  0x8a, 0xd4, 0xeb, 0xe4, 0x8d, 0xf5, 0xeb, 0x9a, 0xcd, 0x92, 0xad, 0x92, 0x2e, 0x9b, 0x12, 0xb4,
  0x32, 0xbc, 0xd1, 0xab, 0x70, 0xa3, 0x0f, 0x9b, 0xad, 0x92, 0x6c, 0x82, 0x6f, 0x9b, 0x97, 0xd5,
  0x15, 0xbd, 0x87, 0x39, 0xc3, 0x10, 0x45, 0x21, 0xa7, 0x29, 0x66, 0x21, 0x04, 0x11, 0x04, 0x09,
  0x04, 0x09, 0xe3, 0x08, 0x03, 0x09, 0x24, 0x09, 0x24, 0x09, 0x24, 0x09, 0x04, 0x01, 0xe3, 0x00,
  0xe3, 0x00, 0xc3, 0x00, 0xc4, 0x00, 0x45, 0x11, 0x06, 0x2a, 0xe5, 0x29, 0xe5, 0x29, 0xc6, 0x21,
  0x65, 0x19, 0xc2, 0x00, 0xa2, 0x00, 0xc3, 0x00, 0xc3, 0x00, 0xc3, 0x00, 0xa3, 0x00, 0xc3, 0x00,
  0x05, 0x31, 0x66, 0x41, 0x45, 0x29, 0xc3, 0x08, 0xc2, 0x08, 0x03, 0x09, 0x65, 0x19, 0x24, 0x11,
  0xe3, 0x08, 0xc3, 0x00, 0xa2, 0x00, 0xa2, 0x00, 0xa2, 0x00, 0xa2, 0x00, 0xe3, 0x08, 0xa2, 0x00,
  0xa3, 0x00, 0xc3, 0x00, 0xc3, 0x00, 0xe3, 0x08, 0xe3, 0x08, 0xc3, 0x00, 0x03, 0x11, 0x85, 0x21,
  0xe3, 0x08, 0xc3, 0x08, 0xe3, 0x08, 0xa3, 0x08, 0xc3, 0x08, 0xe3, 0x08, 0xe3, 0x10, 0x03, 0x11,
  0x23, 0x11, 0x02, 0x11, 0x27, 0x32, 0xa8, 0x42, 0x03, 0x11, 0xa2, 0x00, 0x82, 0x00, 0x81, 0x00,
  0xa3, 0x10, 0xad, 0x82, 0x4c, 0x8a, 0x70, 0x9b, 0xf9, 0xed, 0xd1, 0xb3, 0x0f, 0xa3, 0x70, 0xa3,
  0x2f, 0x9b, 0xad, 0x92, 0x2f, 0xa3, 0x0f, 0xa3, 0x0f, 0x9b, 0xee, 0x9a, 0xce, 0x9a, 0xae, 0x92,
  0xca, 0x69, 0x0c, 0x6a, 0x72, 0x9b, 0x31, 0x8b, 0x8e, 0x7a, 0x6a, 0x51, 0x6a, 0x49, 0x51, 0x83,
  0xb2, 0x93, 0x51, 0x8b, 0x0d, 0x62, 0xb0, 0x7a, 0x3a, 0xe6, 0xbb, 0xee, 0x7a, 0xee, 0x9a, 0xee,
  0x9a, 0xee, 0x9a, 0xee, 0x9a, 0xee, 0x7a, 0xee, 0xdc, 0xf6, 0xb4, 0xb4, 0x28, 0x41, 0xaa, 0x51,
  0x89, 0x51, 0x36, 0xc5, 0xbb, 0xf6, 0x15, 0xc5, 0x30, 0x93, 0x0b, 0x62, 0xa9, 0x49, 0xea, 0x51,
  0x32, 0xa4, 0x14, 0xcd, 0xeb, 0xbb, 0xe8, 0xc3, 0x6a, 0xcc, 0x4d, 0xed, 0x0c, 0xed, 0x2b, 0xec,
  0x68, 0xe3, 0xa6, 0xca, 0xc6, 0xca, 0x07, 0xd3, 0x69, 0xe3, 0x89, 0xe3, 0x2a, 0xdc, 0x0c, 0xe5,
  0x0c, 0xe5, 0xce, 0xf5, 0x6d, 0xed, 0xc9, 0x9a, 0xcb, 0x9a, 0xeb, 0xa2, 0x89, 0x92, 0x8a, 0x9a,
  0xcb, 0x9a, 0xca, 0x9a, 0xac, 0xbb, 0xcc, 0x9a, 0xad, 0x9a, 0x6f, 0xa3, 0x56, 0xcd, 0x19, 0xe6,
  0xf9, 0xdd, 0xf8, 0xdd, 0xb7, 0xd5, 0x76, 0xd5, 0xf5, 0xc4, 0x32, 0xb4, 0x0e, 0x93, 0xd1, 0xab,
  0xf8, 0xdd, 0xf4, 0xb4, 0x65, 0x29, 0x45, 0x19, 0x66, 0x21, 0x04, 0x11, 0xe4, 0x10, 0x04, 0x09,
  0x04, 0x09, 0x04, 0x09, 0xe3, 0x08, 0x04, 0x01, 0x24, 0x09, 0x24, 0x09, 0x04, 0x09, 0x04, 0x01,
  0xe4, 0x00, 0xe3, 0x00, 0xc3, 0x00, 0xe3, 0x00, 0x64, 0x11, 0xe5, 0x21, 0xe5, 0x21, 0xc6, 0x21,
  0xe6, 0x21, 0x44, 0x11, 0xc3, 0x00, 0xc4, 0x00, 0xc4, 0x00, 0xe4, 0x00, 0x04, 0x09, 0x45, 0x09,
  0xc2, 0x00, 0x03, 0x11, 0xe3, 0x08, 0xc3, 0x08, 0xc3, 0x08, 0xe3, 0x08, 0x45, 0x11, 0x24, 0x11,
  0xe4, 0x08, 0xc3, 0x00, 0xa2, 0x00, 0xa2, 0x00, 0xa2, 0x00, 0xc3, 0x08, 0x04, 0x09, 0xc3, 0x00,
  0xa2, 0x00, 0xc3, 0x00, 0xe3, 0x08, 0xe3, 0x08, 0xe3, 0x08, 0xc3, 0x00, 0x24, 0x11, 0x65, 0x21,
  0xc3, 0x08, 0xe3, 0x10, 0xe3, 0x08, 0xa3, 0x08, 0xc3, 0x08, 0xc3, 0x08, 0xe3, 0x08, 0xe3, 0x08,
  0xc2, 0x08, 0xe2, 0x08, 0xa8, 0x42, 0x27, 0x3a, 0xa2, 0x08, 0x23, 0x21, 0x05, 0x52, 0x66, 0x62,
  0x26, 0x62, 0x2a, 0x72, 0xcf, 0x9a, 0x0b, 0x72, 0x94, 0xc4, 0x54, 0xc4, 0xee, 0x9a, 0x0f, 0xa3,
  0xce, 0x92, 0xae, 0x92, 0x0f, 0x9b, 0xef, 0x9a, 0xee, 0x9a, 0xce, 0x9a, 0xee, 0x9a, 0x71, 0xab,
  0xaa, 0x61, 0xcb, 0x69, 0xcb, 0x61, 0x6a, 0x59, 0x4d, 0x72, 0x8d, 0x72, 0x28, 0x41, 0x49, 0x41,
  0x69, 0x49, 0xcb, 0x59, 0x0c, 0x6a, 0x6a, 0x59, 0x30, 0x93, 0x9a, 0xee, 0x7a, 0xee, 0x9a, 0xee,
  0x9a, 0xee, 0x9a, 0xee, 0x9a, 0xee, 0x7b, 0xee, 0x9b, 0xee, 0x8c, 0x62, 0x08, 0x39, 0x07, 0x39,
  0x11, 0x9c, 0x39, 0xe6, 0x7a, 0xee, 0x9a, 0xee, 0xbb, 0xf6, 0xef, 0x8b, 0x06, 0x42, 0x88, 0x52,
  0x38, 0xd6, 0x7a, 0xee, 0xcc, 0xd4, 0x8d, 0xf5, 0xae, 0xed, 0x91, 0xfe, 0xce, 0xed, 0x6d, 0xed,
  0xec, 0xf4, 0xea, 0xf3, 0x08, 0xeb, 0xe9, 0xeb, 0xcb, 0xec, 0x2c, 0xed, 0x8e, 0xed, 0xab, 0xd4,
  0x28, 0xc4, 0x88, 0xb3, 0x2a, 0xab, 0xac, 0x92, 0x90, 0xab, 0xf1, 0xbb, 0x6f, 0xab, 0xad, 0x92,
  0x6d, 0x8a, 0x8e, 0x92, 0x8d, 0x8a, 0xad, 0x92, 0x6f, 0xa3, 0xb7, 0xdd, 0x18, 0xe6, 0xf8, 0xdd,
  0xf8, 0xdd, 0xd8, 0xdd, 0xf8, 0xdd, 0x18, 0xe6, 0xf8, 0xe5, 0xf8, 0xdd, 0xb8, 0xdd, 0x97, 0xcd,
  0xb7, 0xcd, 0x18, 0xde, 0x51, 0x9c, 0x45, 0x21, 0x04, 0x11, 0xc3, 0x08, 0xc3, 0x08, 0xc3, 0x00,
  0xc3, 0x00, 0xc3, 0x00, 0xc3, 0x00, 0xc3, 0x00, 0xe4, 0x00, 0xe4, 0x00, 0xe4, 0x00, 0x04, 0x01,
  0x04, 0x09, 0xe4, 0x00, 0xe3, 0x00, 0xe3, 0x00, 0x04, 0x09, 0x85, 0x19, 0xc5, 0x21, 0xa5, 0x19,
  0xc5, 0x19, 0x85, 0x19, 0xc3, 0x00, 0xc4, 0x00, 0xc4, 0x00, 0x05, 0x09, 0x46, 0x09, 0x45, 0x09,
  0x04, 0x11, 0x45, 0x19, 0x03, 0x11, 0xc3, 0x08, 0xc3, 0x00, 0xc3, 0x00, 0x24, 0x11, 0x04, 0x11,
  0xe3, 0x08, 0xc3, 0x00, 0xa2, 0x00, 0xa2, 0x00, 0xa2, 0x00, 0xe3, 0x08, 0x24, 0x11, 0xc3, 0x08,
  0xa2, 0x00, 0xe3, 0x08, 0xe4, 0x08, 0xe3, 0x08, 0xc3, 0x00, 0xc3, 0x00, 0x24, 0x19, 0x44, 0x21,
  0xc3, 0x08, 0xe3, 0x10, 0xc3, 0x08, 0xa2, 0x08, 0xc3, 0x08, 0xc3, 0x08, 0xc2, 0x08, 0xc2, 0x08,
  0xa2, 0x00, 0x03, 0x11, 0xc9, 0x42, 0xa5, 0x29, 0x02, 0x21, 0x48, 0x8b, 0xe9, 0xa3, 0xc8, 0xab,
  0xaa, 0xb3, 0x89, 0x72, 0xae, 0x92, 0x6c, 0x8a, 0x8d, 0x82, 0xd2, 0xb3, 0xee, 0x9a, 0x0f, 0x9b,
  0xad, 0x8a, 0xae, 0x92, 0xef, 0x9a, 0xee, 0x9a, 0xee, 0x9a, 0xad, 0x92, 0x12, 0xbc, 0x57, 0xdd,
  0x2f, 0x9b, 0xf2, 0xab, 0x2f, 0x93, 0xd1, 0xa3, 0xd8, 0xe5, 0xf5, 0xc4, 0x48, 0x41, 0xc9, 0x41,
  0x4b, 0x5a, 0xf5, 0xbc, 0xd5, 0xc4, 0x94, 0xc4, 0x11, 0xac, 0xf8, 0xdd, 0x9b, 0xf6, 0x7a, 0xee,
  0x9a, 0xee, 0x9a, 0xee, 0x7a, 0xee, 0xdc, 0xf6, 0xf4, 0xb4, 0x06, 0x31, 0x89, 0x49, 0x88, 0x49,
  0xf8, 0xd5, 0xba, 0xee, 0x7a, 0xe6, 0x7a, 0xe6, 0x79, 0xe6, 0x4b, 0x73, 0x47, 0x4a, 0x67, 0x4a,
  0x95, 0xc5, 0x59, 0xe6, 0x2e, 0xdd, 0xee, 0xfd, 0x8d, 0xed, 0x6d, 0xe5, 0x2d, 0xe5, 0xca, 0xd4,
  0x2f, 0xf6, 0x6b, 0xf4, 0x68, 0xe3, 0x8d, 0xf5, 0xae, 0xf5, 0x89, 0xd4, 0x0c, 0xe5, 0x29, 0xd4,
  0xc8, 0xc3, 0x29, 0xab, 0x2a, 0x8a, 0x52, 0xbc, 0x3a, 0xe6, 0x19, 0xe6, 0x19, 0xe6, 0x76, 0xcd,
  0x90, 0xa3, 0xad, 0x92, 0xcd, 0x92, 0xac, 0x92, 0x11, 0xb4, 0x19, 0xe6, 0xd8, 0xdd, 0xf8, 0xe5,
  0xf8, 0xe5, 0xf8, 0xdd, 0xf8, 0xdd, 0xf8, 0xdd, 0xf8, 0xdd, 0xf8, 0xdd, 0xf8, 0xdd, 0xf8, 0xdd,
  0xd7, 0xd5, 0xb7, 0xd5, 0xf8, 0xdd, 0x0d, 0x6b, 0x82, 0x00, 0xa3, 0x08, 0xa2, 0x00, 0xa3, 0x00,
  0xc3, 0x00, 0xc3, 0x00, 0xc3, 0x00, 0xc3, 0x00, 0xe4, 0x08, 0x24, 0x09, 0x24, 0x09, 0x24, 0x09,
  0x04, 0x01, 0xe4, 0x00, 0xe4, 0x00, 0xe4, 0x00, 0xe4, 0x00, 0x04, 0x09, 0x45, 0x09, 0x44, 0x11,
  0x85, 0x11, 0x65, 0x11, 0xe3, 0x00, 0xc3, 0x00, 0xc4, 0x00, 0x05, 0x09, 0x66, 0x11, 0x45, 0x09,
  0x04, 0x11, 0x44, 0x11, 0xe3, 0x08, 0xe3, 0x08, 0xc3, 0x00, 0xe3, 0x00, 0x24, 0x11, 0xe4, 0x08,
  0xc3, 0x00, 0xc3, 0x00, 0xc3, 0x00, 0xa2, 0x00, 0xc3, 0x00, 0x04, 0x09, 0x24, 0x11, 0xe3, 0x08,
  0xa2, 0x00, 0xe3, 0x08, 0xe3, 0x08, 0xc3, 0x00, 0xc3, 0x00, 0xc2, 0x00, 0x65, 0x21, 0x24, 0x19,
  0xc3, 0x08, 0xe3, 0x08, 0xa2, 0x08, 0xa2, 0x08, 0xc3, 0x08, 0xc3, 0x08, 0xc3, 0x08, 0xe3, 0x08,
  0xc2, 0x00, 0x44, 0x11, 0xc9, 0x42, 0x44, 0x19, 0x06, 0x4a, 0x68, 0x93, 0x67, 0x9b, 0x48, 0x9b,
  0x08, 0x8b, 0xc6, 0x49, 0x2b, 0x72, 0xce, 0x9a, 0x2b, 0x7a, 0x8d, 0x8a, 0xee, 0x9a, 0xee, 0x9a,
  0xad, 0x8a, 0xce, 0x92, 0xee, 0x9a, 0xee, 0x9a, 0xce, 0x92, 0x0e, 0x93, 0xb8, 0xdd, 0x5a, 0xee,
  0x5a, 0xf6, 0x9b, 0xf6, 0x9b, 0xf6, 0x9b, 0xf6, 0xbb, 0xf6, 0xd8, 0xdd, 0xe9, 0x59, 0x4a, 0x4a,
  0x67, 0x39, 0xce, 0x72, 0x7b, 0xe6, 0xdb, 0xfe, 0xbb, 0xf6, 0x9a, 0xee, 0x7a, 0xee, 0x9a, 0xee,
  0x9a, 0xee, 0x7a, 0xee, 0xbb, 0xf6, 0xd8, 0xd5, 0xcc, 0x6a, 0x09, 0x52, 0x0e, 0x73, 0xcc, 0x72,
  0xd8, 0xd5, 0xba, 0xee, 0x7a, 0xe6, 0x7a, 0xe6, 0x9a, 0xe6, 0x2b, 0x6b, 0x46, 0x4a, 0x47, 0x42,
  0x54, 0xb5, 0x36, 0xe6, 0xcb, 0xd4, 0x0b, 0xdd, 0xca, 0xd4, 0x28, 0xc4, 0x87, 0xb3, 0x6a, 0xcc,
  0x2f, 0xfe, 0xcf, 0xfd, 0x2d, 0xed, 0x0f, 0xfe, 0x0f, 0xfe, 0xad, 0xed, 0xeb, 0xdc, 0xcb, 0xdc,
  0x6a, 0xd4, 0xc8, 0xbb, 0x69, 0xb3, 0x2a, 0xa3, 0x33, 0xd5, 0x52, 0xdd, 0x73, 0xdd, 0xb7, 0xdd,
  0xd9, 0xe5, 0x4f, 0x9b, 0xad, 0x92, 0x8c, 0x92, 0x12, 0xb4, 0x19, 0xe6, 0xd8, 0xdd, 0x18, 0xe6,
  0xf8, 0xe5, 0xf8, 0xe5, 0xf8, 0xe5, 0x18, 0xe6, 0x18, 0xde, 0x18, 0xde, 0x18, 0xde, 0xf8, 0xdd,
  0xf8, 0xdd, 0xd8, 0xdd, 0xd8, 0xdd, 0x97, 0xcd, 0xa7, 0x39, 0x61, 0x00, 0xc2, 0x00, 0xa2, 0x00,
  0xc3, 0x00, 0xc3, 0x00, 0xc3, 0x00, 0xc3, 0x00, 0xc3, 0x00, 0x45, 0x09, 0x86, 0x11, 0x65, 0x11,
  0x04, 0x01, 0xe4, 0x00, 0xe4, 0x00, 0xe4, 0x00, 0xe4, 0x00, 0x04, 0x01, 0x04, 0x01, 0x04, 0x01,
  0x04, 0x01, 0x25, 0x09, 0x04, 0x01, 0xc4, 0x00, 0xc4, 0x00, 0x04, 0x01, 0x45, 0x09, 0x45, 0x09,
  0x24, 0x09, 0x24, 0x09, 0xe3, 0x08, 0xe3, 0x08, 0xe3, 0x08, 0xc3, 0x00, 0xe3, 0x08, 0xe4, 0x08,
  0xc3, 0x00, 0xc3, 0x00, 0xc3, 0x00, 0xa3, 0x00, 0xc3, 0x00, 0x04, 0x09, 0x45, 0x11, 0x04, 0x09,
  0xa2, 0x00, 0xe3, 0x08, 0xc3, 0x08, 0xc3, 0x00, 0xc3, 0x00, 0xe3, 0x08, 0xa5, 0x21, 0x03, 0x11,
  0xc3, 0x08, 0xa2, 0x08, 0x82, 0x00, 0xc3, 0x08, 0xe3, 0x10, 0x04, 0x11, 0x04, 0x11, 0x04, 0x11,
  0xe3, 0x08, 0x85, 0x21, 0xa8, 0x42, 0x03, 0x11, 0xe2, 0x10, 0x63, 0x29, 0xe5, 0x41, 0xa5, 0x39,
  0x03, 0x21, 0x61, 0x00, 0x87, 0x41, 0xce, 0x92, 0x6d, 0x8a, 0x0b, 0x82, 0xae, 0x92, 0xce, 0x92,
  0x8d, 0x8a, 0xad, 0x92, 0xce, 0x9a, 0xce, 0x9a, 0x8d, 0x92, 0xb1, 0xab, 0x5a, 0xee, 0x5a, 0xee,
  0x79, 0xee, 0x79, 0xee, 0x7a, 0xee, 0x5a, 0xee, 0xbb, 0xf6, 0xd8, 0xd5, 0xcc, 0x72, 0x6a, 0x52,
  0x52, 0xa4, 0x8c, 0x7a, 0x4f, 0x83, 0x9b, 0xf6, 0x7a, 0xee, 0x9a, 0xee, 0x9a, 0xee, 0x9a, 0xee,
  0x9a, 0xee, 0x9b, 0xf6, 0xf8, 0xd5, 0xf0, 0x83, 0xd8, 0xcd, 0xec, 0x62, 0xf0, 0x8b, 0xd0, 0x93,
  0x9a, 0xe6, 0x9a, 0xe6, 0x7a, 0xe6, 0x9b, 0xee, 0xf7, 0xd5, 0xc9, 0x5a, 0x67, 0x4a, 0x47, 0x42,
  0x70, 0x94, 0x98, 0xee, 0x31, 0xdd, 0x6c, 0xd4, 0x29, 0xcc, 0x09, 0xc4, 0xa7, 0xbb, 0xab, 0xd4,
  0x91, 0xfe, 0x0f, 0xf6, 0x49, 0xc4, 0xcb, 0xd4, 0xac, 0xe5, 0xee, 0xf5, 0x2f, 0xfe, 0x90, 0xfe,
  0x50, 0xfe, 0x69, 0xcc, 0x08, 0xc4, 0xec, 0xe4, 0x8d, 0xf5, 0x4c, 0xe5, 0xce, 0xf5, 0x4e, 0xe5,
  0x74, 0xdd, 0xd1, 0xab, 0x8d, 0x92, 0xad, 0x92, 0x4f, 0x9b, 0xb8, 0xdd, 0xf9, 0xdd, 0xf8, 0xdd,
  0xf9, 0xe5, 0x18, 0xe6, 0x18, 0xe6, 0x19, 0xe6, 0x19, 0xe6, 0x19, 0xe6, 0x19, 0xe6, 0x18, 0xde,
  0xf8, 0xdd, 0xf8, 0xdd, 0xd8, 0xdd, 0x19, 0xde, 0xd4, 0xac, 0xe3, 0x10, 0xc2, 0x00, 0xe3, 0x08,
  0xc3, 0x00, 0xc3, 0x00, 0xc3, 0x00, 0xa3, 0x00, 0xa3, 0x00, 0xc3, 0x00, 0x04, 0x01, 0x04, 0x09,
  0xe4, 0x00, 0xe4, 0x00, 0xc3, 0x00, 0xe4, 0x00, 0xe3, 0x00, 0xe4, 0x00, 0xe4, 0x00, 0xe4, 0x00,
  0xe4, 0x00, 0x04, 0x09, 0x04, 0x09, 0x04, 0x01, 0xe4, 0x00, 0x04, 0x01, 0x05, 0x01, 0x05, 0x01,
  0x04, 0x09, 0x03, 0x09, 0x03, 0x09, 0xe3, 0x08, 0xc3, 0x08, 0x64, 0x21, 0x67, 0x4a, 0x23, 0x11,
  0xe3, 0x00, 0xe3, 0x08, 0xe3, 0x08, 0xc3, 0x08, 0xa3, 0x00, 0x24, 0x11, 0x86, 0x29, 0x45, 0x11,
  0x04, 0x09, 0x04, 0x11, 0xc3, 0x00, 0xc3, 0x08, 0xc2, 0x00, 0x03, 0x09, 0x85, 0x21, 0xe3, 0x08,
  0xc3, 0x08, 0xa2, 0x00, 0xc3, 0x08, 0x04, 0x11, 0x04, 0x11, 0x04, 0x11, 0x04, 0x11, 0xe3, 0x08,
  0xa3, 0x08, 0xa5, 0x21, 0x88, 0x42, 0xe3, 0x08, 0xa2, 0x08, 0xa2, 0x08, 0xa2, 0x08, 0xa2, 0x08,
  0xa2, 0x08, 0xa3, 0x08, 0x25, 0x21, 0x6c, 0x7a, 0x8d, 0x92, 0x2b, 0x82, 0x6c, 0x8a, 0xad, 0x92,
  0x2b, 0x7a, 0xad, 0x92, 0xce, 0x92, 0xce, 0x92, 0xcd, 0x92, 0x56, 0xd5, 0x7a, 0xee, 0x5a, 0xee,
  0x7a, 0xee, 0x7a, 0xee, 0x7a, 0xee, 0x7a, 0xee, 0x39, 0xde, 0x93, 0xa4, 0x93, 0xa4, 0xab, 0x52,
  0x30, 0x7c, 0x8e, 0x73, 0x77, 0xcd, 0x9a, 0xee, 0x9a, 0xee, 0x9a, 0xee, 0x9a, 0xee, 0xba, 0xee,
  0x9a, 0xee, 0xdc, 0xfe, 0x35, 0xb5, 0x69, 0x42, 0x71, 0x8c, 0xab, 0x52, 0x36, 0xbd, 0xf4, 0xac,
  0xd7, 0xc5, 0xbb, 0xee, 0x7a, 0xe6, 0xbb, 0xee, 0xd6, 0xcd, 0x67, 0x52, 0x66, 0x42, 0x27, 0x42,
  0x8d, 0x7b, 0xba, 0xee, 0x7a, 0xee, 0x38, 0xe6, 0x16, 0xee, 0xce, 0xd4, 0xc8, 0xc3, 0x8a, 0xd4,
  0x4f, 0xf6, 0x6a, 0xd4, 0x87, 0xc3, 0x8a, 0xd4, 0x6f, 0xfe, 0x6f, 0xfe, 0x4f, 0xfe, 0x2f, 0xfe,
  0x50, 0xfe, 0x0b, 0xdd, 0x08, 0xc4, 0xef, 0xfd, 0x4c, 0xe5, 0xee, 0xf5, 0x2f, 0xfe, 0xed, 0xf5,
  0x91, 0xe5, 0xf1, 0xab, 0x8d, 0x92, 0xce, 0x9a, 0xad, 0x8a, 0xf2, 0xab, 0xf9, 0xe5, 0xf9, 0xdd,
  0xf8, 0xdd, 0xf8, 0xe5, 0x19, 0xe6, 0x19, 0xe6, 0x19, 0xe6, 0x19, 0xe6, 0x19, 0xe6, 0x19, 0xe6,
  0x18, 0xde, 0x18, 0xde, 0xf8, 0xdd, 0xd8, 0xd5, 0x19, 0xde, 0x8f, 0x83, 0xa2, 0x08, 0xe3, 0x08,
  0xc3, 0x00, 0xc3, 0x00, 0xa2, 0x00, 0xa2, 0x00, 0xa2, 0x00, 0xa3, 0x00, 0xa2, 0x00, 0xa3, 0x00,
  0xc3, 0x00, 0xc3, 0x00, 0xc3, 0x00, 0xc3, 0x00, 0xc3, 0x00, 0xe3, 0x00, 0xe3, 0x00, 0xe3, 0x00,
  0xe4, 0x00, 0xe4, 0x00, 0x04, 0x01, 0x04, 0x01, 0x04, 0x01, 0x05, 0x01, 0x05, 0x01, 0x05, 0x01,
  0xe3, 0x08, 0x03, 0x09, 0x03, 0x09, 0x03, 0x09, 0xc2, 0x08, 0x8b, 0x83, 0x10, 0xc5, 0x26, 0x42,
  0xe3, 0x00, 0x03, 0x09, 0xe3, 0x08, 0xc3, 0x00, 0x66, 0x21, 0x4c, 0x62, 0x0a, 0x52, 0x05, 0x19,
  0x09, 0x3a, 0x66, 0x21, 0xa2, 0x08, 0xc3, 0x08, 0xa2, 0x00, 0x23, 0x11, 0x85, 0x21, 0xc3, 0x08,
  0xa2, 0x08, 0xa2, 0x08, 0xe3, 0x08, 0xe3, 0x08, 0xe3, 0x08, 0xe3, 0x08, 0xe3, 0x08, 0xe3, 0x08,
  0xa2, 0x00, 0xa6, 0x21, 0x88, 0x3a, 0xe3, 0x08, 0xc2, 0x08, 0xc3, 0x10, 0xc3, 0x10, 0xc3, 0x10,
  0xa3, 0x10, 0xa3, 0x10, 0x25, 0x21, 0xa8, 0x49, 0x6d, 0x8a, 0x6d, 0x8a, 0x6d, 0x8a, 0x6c, 0x8a,
  0x0a, 0x72, 0xad, 0x92, 0xad, 0x92, 0xad, 0x8a, 0x94, 0xc4, 0x5a, 0xee, 0x39, 0xee, 0x5a, 0xee,
  0x7a, 0xee, 0x7a, 0xee, 0x7a, 0xee, 0x7a, 0xee, 0x6e, 0x7b, 0x2d, 0x6b, 0x72, 0x94, 0xab, 0x4a,
  0x29, 0x3a, 0x11, 0x8c, 0xfb, 0xf6, 0x9a, 0xee, 0x9a, 0xee, 0x9a, 0xee, 0x9a, 0xee, 0x7b, 0xee,
  0x7a, 0xee, 0x9b, 0xf6, 0x96, 0xc5, 0x49, 0x42, 0x48, 0x32, 0x0c, 0x63, 0x7a, 0xde, 0x2c, 0x63,
  0xf4, 0xac, 0xdb, 0xf6, 0x7a, 0xe6, 0x7a, 0xee, 0x9a, 0xe6, 0x2a, 0x6b, 0x26, 0x42, 0x26, 0x42,
  0x0e, 0x8c, 0xba, 0xee, 0x7a, 0xde, 0x7a, 0xe6, 0x7b, 0xee, 0x17, 0xee, 0x8d, 0xd4, 0xc8, 0xc3,
  0x48, 0xcc, 0xc8, 0xcb, 0x87, 0xc3, 0x6a, 0xd4, 0x70, 0xfe, 0x4f, 0xfe, 0x6c, 0xed, 0x6c, 0xed,
  0x8d, 0xed, 0x08, 0xc4, 0x08, 0xc4, 0xc9, 0xcb, 0x4a, 0xd4, 0x70, 0xfe, 0x8e, 0xed, 0xee, 0xfd,
  0x4e, 0xe5, 0x90, 0xab, 0xad, 0x92, 0xce, 0x9a, 0x6d, 0x8a, 0x6c, 0x82, 0x73, 0xbc, 0x19, 0xe6,
  0xf8, 0xdd, 0xf8, 0xe5, 0x18, 0xe6, 0x19, 0xe6, 0x19, 0xe6, 0x19, 0xe6, 0x19, 0xe6, 0x19, 0xe6,
  0x19, 0xe6, 0x18, 0xde, 0xf8, 0xdd, 0xf8, 0xd5, 0xd8, 0xd5, 0xd8, 0xd5, 0x28, 0x42, 0x81, 0x00,
  0xc3, 0x08, 0xa2, 0x00, 0xa2, 0x00, 0xa2, 0x00, 0xc3, 0x00, 0xa2, 0x00, 0xa2, 0x00, 0xc2, 0x00,
  0xc3, 0x00, 0xe3, 0x00, 0x04, 0x09, 0x24, 0x09, 0x45, 0x11, 0x65, 0x11, 0x65, 0x11, 0x45, 0x09,
  0xe4, 0x00, 0xc4, 0x00, 0xc4, 0x00, 0xe4, 0x00, 0xe4, 0x00, 0x04, 0x01, 0x05, 0x01, 0x05, 0x01,
  0x03, 0x09, 0x24, 0x09, 0x03, 0x09, 0xe3, 0x08, 0xe3, 0x08, 0x46, 0x4a, 0x4d, 0x9c, 0x67, 0x52,
  0xe3, 0x08, 0x86, 0x21, 0x65, 0x19, 0xe3, 0x08, 0xa8, 0x39, 0x4e, 0x7a, 0x2e, 0x72, 0x6a, 0x41,
  0x51, 0x83, 0xcf, 0x72, 0xa9, 0x49, 0xc3, 0x10, 0x82, 0x00, 0x64, 0x19, 0x44, 0x19, 0xa3, 0x08,
  0xa2, 0x08, 0x82, 0x08, 0x82, 0x00, 0x82, 0x00, 0xa2, 0x08, 0xc3, 0x08, 0x03, 0x11, 0x03, 0x09,
  0xc2, 0x00, 0xc6, 0x21, 0x88, 0x3a, 0xe3, 0x08, 0xa2, 0x08, 0xa2, 0x08, 0xa3, 0x08, 0xe5, 0x18,
  0x47, 0x31, 0x26, 0x31, 0x67, 0x39, 0x46, 0x31, 0x2b, 0x72, 0x4c, 0x8a, 0x6d, 0x8a, 0x2b, 0x7a,
  0x4b, 0x82, 0x8d, 0x92, 0x6c, 0x8a, 0xf2, 0xb3, 0x1a, 0xf6, 0x19, 0xe6, 0x59, 0xee, 0x5a, 0xee,
  0x7a, 0xee, 0x7a, 0xee, 0x7a, 0xee, 0x9b, 0xf6, 0xf0, 0x9b, 0x48, 0x42, 0x69, 0x42, 0x29, 0x42,
  0x49, 0x42, 0x7a, 0xd6, 0xbb, 0xee, 0x16, 0xe6, 0xf5, 0xe5, 0x7b, 0xee, 0x18, 0xee, 0xb2, 0xe5,
  0xb2, 0xe5, 0xb1, 0xe5, 0x71, 0xd5, 0x2b, 0x73, 0xc6, 0x31, 0x6e, 0x73, 0x31, 0x8c, 0x69, 0x4a,
  0xf8, 0xd5, 0x9b, 0xee, 0x7a, 0xee, 0x7a, 0xe6, 0xbb, 0xee, 0x30, 0x9c, 0xc4, 0x49, 0xe5, 0x41,
  0x91, 0x9c, 0xba, 0xe6, 0x5a, 0xde, 0x7b, 0xe6, 0x5a, 0xe6, 0x79, 0xee, 0x58, 0xee, 0x8e, 0xcc,
  0xa8, 0xc3, 0x4b, 0xd4, 0x0b, 0xc4, 0x08, 0xc4, 0x8d, 0xed, 0xae, 0xf5, 0x6d, 0xed, 0xef, 0xfd,
  0xae, 0xf5, 0x8a, 0xdc, 0x29, 0xcc, 0x03, 0xa2, 0x69, 0xd3, 0xe9, 0xd3, 0xeb, 0xe4, 0x4f, 0xfe,
  0x8d, 0xe5, 0x0a, 0xa3, 0x8e, 0x92, 0xce, 0x9a, 0x8d, 0x92, 0x0a, 0x7a, 0xad, 0x8a, 0x94, 0xc4,
  0x19, 0xe6, 0xf8, 0xdd, 0x18, 0xe6, 0x19, 0xe6, 0x19, 0xe6, 0x19, 0xe6, 0x19, 0xe6, 0x19, 0xe6,
  0x19, 0xe6, 0x18, 0xde, 0x18, 0xe6, 0x18, 0xde, 0xf8, 0xd5, 0x19, 0xde, 0xb3, 0x9c, 0xc3, 0x08,
  0xa2, 0x00, 0xa2, 0x00, 0xa2, 0x00, 0xc3, 0x08, 0x04, 0x09, 0xe4, 0x08, 0xc3, 0x08, 0xe3, 0x08,
  0x24, 0x09, 0x65, 0x11, 0x85, 0x19, 0x86, 0x19, 0x86, 0x19, 0x86, 0x19, 0x85, 0x11, 0x45, 0x11,
  0xc3, 0x00, 0xc3, 0x00, 0xc3, 0x00, 0xc4, 0x00, 0xe4, 0x00, 0x04, 0x01, 0x04, 0x01, 0x04, 0x01,
  0xe3, 0x08, 0x04, 0x09, 0xe3, 0x08, 0xe3, 0x08, 0x03, 0x09, 0x23, 0x11, 0x09, 0x63, 0x47, 0x42,
  0xe3, 0x08, 0x65, 0x19, 0xc6, 0x29, 0x85, 0x21, 0x68, 0x31, 0xd0, 0x8a, 0x91, 0x8a, 0x0f, 0x7a,
  0xd1, 0x82, 0x2f, 0x6a, 0x69, 0x49, 0xa3, 0x08, 0xa2, 0x00, 0x85, 0x21, 0x03, 0x11, 0xa2, 0x08,
  0x82, 0x00, 0x82, 0x00, 0x82, 0x00, 0xa2, 0x08, 0xc3, 0x08, 0xe3, 0x10, 0xe3, 0x08, 0xc3, 0x08,
  0x82, 0x00, 0xc5, 0x21, 0x88, 0x42, 0xe3, 0x08, 0xc3, 0x08, 0xc3, 0x08, 0xe4, 0x10, 0x68, 0x31,
  0xca, 0x49, 0x0b, 0x52, 0x4c, 0x62, 0xa9, 0x49, 0xea, 0x61, 0x4c, 0x82, 0x4c, 0x82, 0x2b, 0x7a,
  0x6c, 0x82, 0x4c, 0x8a, 0x2f, 0xa3, 0xf9, 0xe5, 0x19, 0xee, 0x39, 0xe6, 0x59, 0xee, 0x5a, 0xee,
  0x7a, 0xee, 0x7a, 0xee, 0x7b, 0xf6, 0xbb, 0xf6, 0x38, 0xee, 0x0a, 0x73, 0x48, 0x3a, 0x28, 0x3a,
  0x72, 0x94, 0xdb, 0xee, 0xd6, 0xdd, 0x8f, 0xe5, 0x8d, 0xed, 0xcf, 0xd4, 0x0f, 0xe5, 0x0e, 0xfe,
  0x0e, 0xfe, 0x2e, 0xfe, 0x6c, 0xe5, 0x2e, 0xd5, 0xe9, 0x62, 0x8a, 0x52, 0xe7, 0x39, 0x51, 0x94,
  0xbb, 0xee, 0x7a, 0xe6, 0x7a, 0xee, 0x7a, 0xe6, 0x59, 0xe6, 0x71, 0xdd, 0xab, 0xcc, 0x88, 0x93,
  0x30, 0xcd, 0xf2, 0xed, 0x92, 0xdd, 0xf8, 0xe5, 0x7a, 0xe6, 0x79, 0xde, 0xbb, 0xe6, 0xb1, 0x9b,
  0xd0, 0xa3, 0x73, 0xdd, 0x8b, 0xd4, 0xce, 0xed, 0x69, 0xd4, 0x6a, 0xe4, 0xae, 0xf5, 0xcc, 0xe4,
  0x8c, 0xec, 0x4b, 0xec, 0xc9, 0xdb, 0x86, 0xc2, 0x25, 0xb2, 0xe4, 0xb1, 0x8b, 0xe4, 0x6f, 0xf6,
  0x2e, 0xfe, 0xcc, 0xe4, 0x2c, 0xab, 0xad, 0x92, 0xce, 0x92, 0x6b, 0x82, 0x0a, 0x7a, 0xcd, 0x92,
  0xb4, 0xbc, 0x19, 0xe6, 0xf8, 0xdd, 0x18, 0xe6, 0x19, 0xe6, 0x19, 0xe6, 0x19, 0xe6, 0x19, 0xe6,
  0x19, 0xe6, 0x19, 0xde, 0x19, 0xe6, 0x18, 0xde, 0xf8, 0xd5, 0xf8, 0xd5, 0xf7, 0xc5, 0xc7, 0x29,
  0x82, 0x00, 0xc3, 0x08, 0xc3, 0x08, 0xe3, 0x08, 0x24, 0x11, 0x04, 0x09, 0xe3, 0x08, 0x24, 0x11,
  0x86, 0x19, 0x85, 0x19, 0x85, 0x19, 0x85, 0x11, 0x65, 0x11, 0x65, 0x11, 0x85, 0x19, 0x25, 0x09,
  0xe4, 0x00, 0xe4, 0x00, 0xc4, 0x00, 0xe4, 0x00, 0xe4, 0x00, 0xe4, 0x00, 0xe4, 0x00, 0xe4, 0x00,
  0xa2, 0x00, 0xc2, 0x00, 0xc2, 0x00, 0xe3, 0x08, 0x03, 0x11, 0x03, 0x09, 0x07, 0x3a, 0x47, 0x3a,
  0x03, 0x09, 0x45, 0x19, 0xa6, 0x21, 0xe3, 0x10, 0xea, 0x49, 0xd0, 0x8a, 0x2e, 0x72, 0x2e, 0x72,
  0x4e, 0x6a, 0x2e, 0x6a, 0x27, 0x39, 0x82, 0x08, 0xc3, 0x08, 0x65, 0x21, 0xc3, 0x10, 0x82, 0x08,
  0x82, 0x00, 0x82, 0x00, 0xe2, 0x08, 0x03, 0x11, 0xe3, 0x10, 0xe3, 0x08, 0xc3, 0x08, 0xc2, 0x08,
  0x82, 0x00, 0xc6, 0x29, 0xa8, 0x42, 0x24, 0x11, 0x04, 0x19, 0x04, 0x11, 0xe4, 0x10, 0x26, 0x21,
  0x88, 0x39, 0x2b, 0x5a, 0xef, 0x7a, 0x4c, 0x6a, 0xc9, 0x59, 0x2b, 0x7a, 0x4c, 0x82, 0x6c, 0x82,
  0x2b, 0x7a, 0x4b, 0x7a, 0x36, 0xd5, 0x19, 0xe6, 0x19, 0xe6, 0x39, 0xe6, 0x59, 0xee, 0x5a, 0xee,
  0x7a, 0xee, 0x7a, 0xee, 0x39, 0xde, 0xd4, 0xa4, 0x1a, 0xce, 0xb6, 0xc5, 0x07, 0x32, 0xeb, 0x52,
  0x7a, 0xde, 0xb4, 0xdd, 0xed, 0xdc, 0x10, 0xfe, 0x0e, 0xf6, 0x29, 0xd4, 0x29, 0xd4, 0x6d, 0xed,
  0xef, 0xfd, 0x2f, 0xfe, 0xad, 0xed, 0xae, 0xe5, 0x87, 0x4a, 0x66, 0x4a, 0xa8, 0x6a, 0x31, 0xac,
  0x9b, 0xee, 0x7a, 0xe6, 0x9a, 0xe6, 0x7a, 0xee, 0x91, 0xdd, 0x0e, 0xf6, 0x4f, 0xfe, 0x2e, 0xfe,
  0x0e, 0xfe, 0x0e, 0xfe, 0x6c, 0xed, 0x6f, 0xed, 0x95, 0xdd, 0x9b, 0xe6, 0xb8, 0xcd, 0x89, 0x59,
  0x0c, 0x62, 0x71, 0xb4, 0xae, 0xf5, 0x50, 0xfe, 0x6d, 0xf5, 0x6a, 0xe4, 0x2a, 0xe4, 0x07, 0xd3,
  0x08, 0xdb, 0xe8, 0xda, 0xa7, 0xda, 0xc7, 0xda, 0xa7, 0xd2, 0xc7, 0xda, 0xe9, 0xe3, 0x2f, 0xfe,
  0x0c, 0xe5, 0xae, 0xfd, 0xed, 0xdc, 0xac, 0x8a, 0x94, 0xbc, 0xb4, 0xc4, 0x4b, 0x7a, 0x4b, 0x82,
  0x2e, 0x9b, 0x56, 0xd5, 0xf8, 0xdd, 0xf8, 0xdd, 0xf8, 0xe5, 0x19, 0xe6, 0x19, 0xe6, 0x18, 0xe6,
  0x19, 0xde, 0x19, 0xde, 0x19, 0xde, 0x38, 0xde, 0x18, 0xd6, 0xf8, 0xd5, 0xd7, 0xc5, 0xc6, 0x29,
  0xa2, 0x00, 0xc3, 0x08, 0xc3, 0x08, 0x03, 0x11, 0x03, 0x11, 0xe3, 0x08, 0xc3, 0x08, 0x04, 0x09,
  0x45, 0x11, 0x65, 0x11, 0x85, 0x19, 0xa6, 0x19, 0x86, 0x19, 0x45, 0x11, 0x04, 0x09, 0xe3, 0x00,
  0x04, 0x09, 0xe4, 0x00, 0xe4, 0x00, 0xe4, 0x00, 0x04, 0x09, 0x04, 0x01, 0xe4, 0x00, 0xe4, 0x00,
  0xa2, 0x00, 0xa2, 0x00, 0xc2, 0x00, 0xc3, 0x08, 0xe3, 0x08, 0xe3, 0x08, 0x65, 0x21, 0x06, 0x32,
  0x03, 0x11, 0x04, 0x11, 0x44, 0x19, 0xc6, 0x29, 0xc9, 0x39, 0x0d, 0x62, 0x8b, 0x59, 0x48, 0x39,
  0x69, 0x41, 0xcc, 0x61, 0x68, 0x39, 0x61, 0x00, 0xe3, 0x10, 0x45, 0x21, 0xc2, 0x08, 0x82, 0x08,
  0x82, 0x08, 0xc3, 0x08, 0xe3, 0x10, 0xc3, 0x08, 0xc2, 0x08, 0xc3, 0x08, 0xc3, 0x08, 0xc3, 0x08,
  0xa2, 0x00, 0xc6, 0x29, 0xa9, 0x42, 0x65, 0x19, 0xa6, 0x29, 0xe4, 0x10, 0xa3, 0x08, 0xc4, 0x10,
  0x27, 0x29, 0xa9, 0x49, 0x8d, 0x72, 0xad, 0x72, 0x47, 0x41, 0x4c, 0x7a, 0x2c, 0x7a, 0x4c, 0x82,
  0x68, 0x59, 0x32, 0xac, 0x18, 0xde, 0xf8, 0xdd, 0x39, 0xe6, 0x39, 0xe6, 0x59, 0xee, 0x5a, 0xee,
  0x9a, 0xee, 0xb7, 0xd5, 0x0b, 0x53, 0x71, 0x84, 0xb0, 0x73, 0x0c, 0x4b, 0x07, 0x32, 0x0c, 0x5b,
  0xf7, 0xd5, 0x8e, 0xc4, 0xeb, 0xdc, 0x2f, 0xfe, 0x0f, 0xfe, 0x4a, 0xd4, 0x4d, 0xed, 0x0f, 0xf6,
  0xad, 0xed, 0x8d, 0xed, 0xce, 0xf5, 0xec, 0xbc, 0x08, 0x6b, 0xce, 0xe5, 0xcf, 0xf5, 0xcc, 0xa3,
  0x97, 0xcd, 0x59, 0xe6, 0x18, 0xe6, 0x12, 0xcd, 0x6a, 0xc4, 0x2d, 0xfe, 0x4f, 0xfe, 0xf0, 0xed,
  0xcf, 0xed, 0x30, 0xfe, 0x4d, 0xe5, 0x10, 0xfe, 0xee, 0xf5, 0x72, 0xdd, 0x6e, 0x8b, 0x8a, 0x59,
  0xcb, 0x61, 0xeb, 0x8a, 0x30, 0xfe, 0x2f, 0xfe, 0x2d, 0xed, 0x68, 0xdb, 0x85, 0xc2, 0xc6, 0xda,
  0x08, 0xe3, 0xa6, 0xca, 0x25, 0xb2, 0x45, 0xba, 0xc8, 0xda, 0xc8, 0xda, 0x48, 0xdb, 0x08, 0xd4,
  0xaa, 0xdc, 0x0f, 0xfe, 0xed, 0xdc, 0x8b, 0x8a, 0x15, 0xcd, 0x39, 0xe6, 0xd4, 0xc4, 0x4b, 0x7a,
  0x8c, 0x8a, 0x11, 0xb4, 0xf8, 0xe5, 0xd8, 0xdd, 0xf9, 0xdd, 0xd8, 0xdd, 0xb7, 0xd5, 0x39, 0xe6,
  0x19, 0xde, 0x39, 0xde, 0x39, 0xde, 0x38, 0xde, 0x18, 0xde, 0x18, 0xde, 0x96, 0xbd, 0xe7, 0x31,
  0xc2, 0x08, 0xc3, 0x08, 0xc3, 0x08, 0xe3, 0x08, 0xe3, 0x08, 0xc3, 0x08, 0xc3, 0x00, 0xe3, 0x08,
  0x24, 0x09, 0x65, 0x19, 0xa6, 0x19, 0x85, 0x19, 0x24, 0x09, 0xc3, 0x00, 0xa2, 0x00, 0xa2, 0x00,
  0xe3, 0x00, 0x04, 0x09, 0xe4, 0x00, 0xe4, 0x00, 0xe4, 0x00, 0x04, 0x01, 0x04, 0x01, 0x04, 0x01,
  0x24, 0x11, 0xe3, 0x08, 0xe3, 0x08, 0xc2, 0x00, 0xc3, 0x08, 0xe3, 0x08, 0x45, 0x19, 0xc6, 0x29,
  0x03, 0x11, 0x03, 0x11, 0xe9, 0x4a, 0x67, 0x3a, 0xc3, 0x08, 0xcb, 0x59, 0x8b, 0x59, 0xc6, 0x20,
  0x68, 0x39, 0x28, 0x39, 0x83, 0x10, 0x81, 0x00, 0x24, 0x19, 0x24, 0x19, 0xa2, 0x08, 0x82, 0x00,
  0xa2, 0x08, 0xc2, 0x08, 0xa2, 0x08, 0xa2, 0x08, 0xa2, 0x08, 0xc2, 0x08, 0xc3, 0x08, 0xc3, 0x08,
  0xa2, 0x08, 0xa5, 0x21, 0xa9, 0x42, 0x28, 0x32, 0xe7, 0x31, 0x82, 0x08, 0xe4, 0x10, 0xc9, 0x41,
  0x4c, 0x5a, 0x6d, 0x62, 0xae, 0x72, 0xa9, 0x41, 0x05, 0x29, 0x0b, 0x6a, 0x6c, 0x82, 0x89, 0x61,
  0xad, 0x7a, 0xb8, 0xd5, 0xd7, 0xd5, 0xf8, 0xdd, 0x19, 0xe6, 0x39, 0xe6, 0x59, 0xee, 0x59, 0xee,
  0x9a, 0xf6, 0x96, 0xcd, 0x47, 0x3a, 0x71, 0x74, 0xee, 0x73, 0xc6, 0x29, 0x48, 0x3a, 0x08, 0x6b,
  0x2d, 0xdd, 0x0a, 0xc4, 0x6a, 0xcc, 0xce, 0xf5, 0xee, 0xf5, 0xae, 0xf5, 0xef, 0xf5, 0x8a, 0xdc,
  0x4e, 0xf5, 0xcf, 0xf5, 0xae, 0xf5, 0x89, 0x93, 0x4b, 0xac, 0x90, 0xfe, 0x0f, 0xfe, 0x2b, 0xa3,
  0xce, 0xab, 0xd0, 0xed, 0x2d, 0xdd, 0xe9, 0xcb, 0xe8, 0xc3, 0x0b, 0xe5, 0x10, 0xfe, 0x71, 0xc4,
  0x33, 0xcd, 0x70, 0xfe, 0x91, 0xed, 0x52, 0xdd, 0x4f, 0xfe, 0x6b, 0xcc, 0xc9, 0x69, 0x4d, 0x72,
  0xaf, 0x82, 0xe9, 0x69, 0x0d, 0xd5, 0x6d, 0xed, 0xab, 0xdc, 0x48, 0xdb, 0xe7, 0xda, 0xa6, 0xd2,
  0xc8, 0xda, 0xa7, 0xca, 0x66, 0xba, 0x86, 0xc2, 0x65, 0xc2, 0xe7, 0xda, 0x08, 0xe3, 0x4b, 0xe4,
  0x4c, 0xe5, 0x0f, 0xfe, 0xab, 0xd4, 0x4a, 0x8a, 0x73, 0xbc, 0xd8, 0xdd, 0xf9, 0xe5, 0xd1, 0xa3,
  0x2b, 0x82, 0x2f, 0x93, 0x77, 0xd5, 0xf9, 0xdd, 0x97, 0xd5, 0x6f, 0x9b, 0xed, 0x8a, 0x15, 0xcd,
  0x19, 0xe6, 0x18, 0xde, 0x39, 0xde, 0x39, 0xde, 0x18, 0xde, 0x39, 0xde, 0x14, 0xad, 0x89, 0x42,
  0x48, 0x3a, 0xc2, 0x08, 0xc2, 0x08, 0xc3, 0x08, 0xc3, 0x08, 0xe3, 0x08, 0x03, 0x09, 0x24, 0x11,
  0x65, 0x19, 0x45, 0x11, 0x04, 0x09, 0xc2, 0x00, 0xa2, 0x00, 0xa2, 0x00, 0xc2, 0x00, 0xc3, 0x00,
  0xa3, 0x00, 0xc3, 0x00, 0xe4, 0x00, 0xc3, 0x00, 0xc3, 0x00, 0xe3, 0x00, 0xe4, 0x00, 0xe4, 0x00,
  0xa6, 0x21, 0x24, 0x09, 0x24, 0x11, 0xc2, 0x08, 0xc2, 0x08, 0xc2, 0x08, 0x44, 0x19, 0xa6, 0x29,
  0xc2, 0x08, 0xa5, 0x29, 0x29, 0x53, 0xe2, 0x08, 0xc2, 0x08, 0x46, 0x29, 0xe5, 0x18, 0xc4, 0x10,
  0xe4, 0x18, 0x62, 0x00, 0x82, 0x00, 0x82, 0x00, 0x45, 0x19, 0x24, 0x19, 0x82, 0x00, 0xa2, 0x08,
  0xe3, 0x10, 0xc2, 0x08, 0x82, 0x00, 0xa2, 0x08, 0xa2, 0x08, 0xc2, 0x08, 0xc3, 0x08, 0xc3, 0x08,
  0xa2, 0x08, 0x64, 0x21, 0xa9, 0x42, 0x89, 0x42, 0x65, 0x19, 0xc4, 0x10, 0xa8, 0x31, 0x2b, 0x52,
  0x8d, 0x6a, 0xce, 0x6a, 0xea, 0x41, 0x46, 0x21, 0x87, 0x31, 0xeb, 0x69, 0x2b, 0x72, 0x88, 0x51,
  0xf5, 0xc4, 0xb7, 0xd5, 0xd7, 0xdd, 0xf8, 0xdd, 0x39, 0xe6, 0x39, 0xe6, 0x59, 0xee, 0x59, 0xee,
  0x9b, 0xf6, 0x75, 0xc5, 0x89, 0x4a, 0xea, 0x42, 0xc9, 0x42, 0xa9, 0x4a, 0x47, 0x3a, 0x2a, 0x9c,
  0x0e, 0xfe, 0x6a, 0xd4, 0x2d, 0xe5, 0x0f, 0xfe, 0xec, 0xec, 0xed, 0xf4, 0x68, 0xd3, 0xc6, 0xca,
  0x69, 0xdb, 0x4a, 0xec, 0x50, 0xfe, 0x08, 0x73, 0xcc, 0xbc, 0x2e, 0xf6, 0xab, 0xd4, 0x69, 0x8a,
  0xcc, 0xbb, 0x4e, 0xfe, 0x2e, 0xf6, 0x4d, 0xed, 0x88, 0xcb, 0x28, 0xbb, 0x0c, 0xdc, 0xc9, 0xba,
  0x8f, 0xbb, 0xd0, 0xdc, 0x2a, 0xdc, 0x90, 0xcc, 0xaf, 0xcc, 0x48, 0xab, 0xea, 0x69, 0x72, 0x9b,
  0xb2, 0x9b, 0xaa, 0x61, 0xef, 0xd4, 0x2f, 0xfe, 0x6b, 0xdc, 0xa9, 0xdb, 0xc6, 0xda, 0x08, 0xeb,
  0x08, 0xe3, 0x86, 0xc2, 0xa6, 0xc2, 0x86, 0xca, 0xe7, 0xda, 0xe7, 0xd2, 0xed, 0xf4, 0x0f, 0xfe,
  0x8d, 0xed, 0xce, 0xf5, 0xca, 0xdc, 0xea, 0x9a, 0xd1, 0xab, 0x19, 0xe6, 0xd8, 0xdd, 0x16, 0xcd,
  0x6c, 0x82, 0x8c, 0x82, 0x94, 0xbc, 0xb8, 0xdd, 0x90, 0x9b, 0x6c, 0x82, 0x6c, 0x8a, 0x2f, 0x9b,
  0xb8, 0xd5, 0x39, 0xde, 0x19, 0xde, 0x39, 0xde, 0x18, 0xde, 0x59, 0xde, 0x91, 0x8c, 0x69, 0x42,
  0xcf, 0x8b, 0x03, 0x19, 0xa2, 0x00, 0xc3, 0x00, 0xc3, 0x08, 0xe3, 0x08, 0x04, 0x11, 0x04, 0x09,
  0xe3, 0x08, 0xc3, 0x00, 0xa2, 0x00, 0x82, 0x00, 0xa2, 0x00, 0xe3, 0x00, 0xe3, 0x00, 0xe3, 0x00,
  0xc3, 0x00, 0xc3, 0x00, 0xc3, 0x00, 0xe3, 0x00, 0xe3, 0x00, 0xe3, 0x00, 0xe3, 0x00, 0xe3, 0x00,
  0x07, 0x2a, 0x44, 0x11, 0x24, 0x11, 0xe3, 0x08, 0xa2, 0x00, 0xc2, 0x08, 0x44, 0x19, 0xa6, 0x21,
  0xa2, 0x08, 0x27, 0x3a, 0x47, 0x3a, 0x82, 0x00, 0x24, 0x11, 0x04, 0x11, 0xa2, 0x00, 0xa2, 0x00,
  0x82, 0x00, 0xa2, 0x00, 0xa2, 0x00, 0xa2, 0x08, 0x85, 0x21, 0x03, 0x11, 0x81, 0x00, 0xe3, 0x10,
  0xe3, 0x10, 0xc2, 0x08, 0xa2, 0x08, 0x82, 0x00, 0xa2, 0x08, 0xa2, 0x08, 0xc2, 0x08, 0xc2, 0x08,
  0xa2, 0x08, 0x44, 0x19, 0xa9, 0x42, 0xe7, 0x31, 0xc3, 0x10, 0x25, 0x19, 0x46, 0x29, 0x26, 0x21,
  0x26, 0x21, 0x26, 0x21, 0x46, 0x21, 0x87, 0x29, 0x2a, 0x52, 0x2b, 0x6a, 0x67, 0x51, 0x4f, 0x83,
  0xb8, 0xd5, 0x97, 0xcd, 0xf8, 0xdd, 0xf8, 0xe5, 0x19, 0xe6, 0x39, 0xe6, 0x59, 0xe6, 0x59, 0xe6,
  0x9a, 0xee, 0x13, 0xbd, 0x27, 0x4a, 0x88, 0x42, 0x0a, 0x53, 0x27, 0x3a, 0x46, 0x42, 0x2c, 0xc5,
  0x6f, 0xfe, 0x4a, 0xbc, 0x2d, 0xd5, 0xcc, 0xec, 0x27, 0xdb, 0xc7, 0xd2, 0xc7, 0xd2, 0x49, 0xe3,
  0xa7, 0xd2, 0x89, 0xe3, 0x2b, 0xbc, 0x45, 0x5a, 0x09, 0xbc, 0x2c, 0xe5, 0x8d, 0xed, 0xcb, 0xbb,
  0x6c, 0xcc, 0xee, 0xf5, 0x0f, 0xf6, 0x6d, 0xf5, 0xc7, 0xba, 0xa4, 0x89, 0x68, 0xa2, 0x88, 0xaa,
  0x69, 0xa2, 0xcd, 0x9a, 0x4c, 0xb3, 0xcd, 0xdc, 0xb2, 0xe5, 0x10, 0xb4, 0x69, 0x59, 0xb3, 0x9b,
  0xf4, 0xa3, 0xaa, 0x61, 0xcd, 0xcc, 0x71, 0xfe, 0xee, 0xdc, 0x0a, 0xe4, 0x07, 0xdb, 0x28, 0xe3,
  0xc6, 0xd2, 0x86, 0xc2, 0x86, 0xc2, 0xa6, 0xca, 0xe7, 0xda, 0x2a, 0xec, 0x50, 0xfe, 0x4c, 0xe5,
  0xce, 0xf5, 0x8e, 0xed, 0x49, 0xd4, 0x8b, 0xb3, 0xad, 0x8a, 0x93, 0xb4, 0x97, 0xcd, 0x19, 0xde,
  0x0e, 0x8b, 0x2b, 0x82, 0x50, 0x9b, 0x70, 0xa3, 0xad, 0x8a, 0x8d, 0x8a, 0x8d, 0x8a, 0xcd, 0x92,
  0x15, 0xc5, 0x59, 0xde, 0x18, 0xde, 0x39, 0xde, 0x18, 0xde, 0x59, 0xde, 0xad, 0x6b, 0x48, 0x4a,
  0x2d, 0x83, 0xe8, 0x49, 0x82, 0x00, 0xc3, 0x00, 0xc3, 0x00, 0xc3, 0x08, 0xa2, 0x00, 0xa2, 0x00,
  0xa2, 0x00, 0xa2, 0x00, 0x03, 0x09, 0x03, 0x09, 0xe3, 0x08, 0x03, 0x09, 0x04, 0x09, 0x04, 0x09,
  0xc3, 0x00, 0xc3, 0x00, 0xe3, 0x08, 0x24, 0x09, 0x44, 0x09, 0x24, 0x09, 0x04, 0x09, 0x03, 0x01,
  0x27, 0x2a, 0xa6, 0x21, 0x03, 0x09, 0x03, 0x11, 0xa2, 0x00, 0xc2, 0x08, 0x24, 0x11, 0x85, 0x21,
  0xa2, 0x08, 0x47, 0x3a, 0x64, 0x19, 0xa3, 0x08, 0x25, 0x19, 0xe3, 0x08, 0xc2, 0x00, 0xa2, 0x00,
  0xa2, 0x00, 0xa2, 0x00, 0x82, 0x00, 0xe3, 0x10, 0x85, 0x21, 0xe2, 0x08, 0xa2, 0x08, 0xe3, 0x10,
  0xa2, 0x08, 0xa2, 0x08, 0xa2, 0x08, 0xa2, 0x08, 0xa2, 0x00, 0xa2, 0x08, 0xa2, 0x08, 0xc2, 0x08,
  0xa2, 0x08, 0x23, 0x11, 0x89, 0x42, 0xa6, 0x29, 0x03, 0x11, 0x04, 0x11, 0xe3, 0x08, 0xc3, 0x08,
  0xc3, 0x08, 0xe4, 0x08, 0x66, 0x19, 0xc8, 0x39, 0x0a, 0x52, 0x47, 0x39, 0xe9, 0x51, 0x36, 0xc5,
  0x76, 0xcd, 0xb7, 0xd5, 0xd8, 0xdd, 0xf8, 0xe5, 0x39, 0xe6, 0x39, 0xe6, 0x59, 0xe6, 0x59, 0xe6,
  0x79, 0xe6, 0x17, 0xd6, 0x68, 0x52, 0x4c, 0x6b, 0xd2, 0xac, 0x06, 0x3a, 0x08, 0x6b, 0x0e, 0xc5,
  0x0a, 0x8c, 0x64, 0x4a, 0xa9, 0x9b, 0x2b, 0xe4, 0x07, 0xd3, 0xc7, 0xd2, 0x66, 0xc2, 0xc7, 0xca,
  0xe8, 0xda, 0xc7, 0xca, 0x05, 0x7a, 0x46, 0x72, 0xca, 0xdb, 0xf0, 0xfd, 0xae, 0xed, 0x88, 0xb3,
  0x4d, 0xe5, 0xca, 0xd4, 0x2c, 0xdd, 0x4d, 0xf5, 0x68, 0xb2, 0x68, 0x71, 0xaa, 0x69, 0xab, 0x69,
  0xca, 0x69, 0xcb, 0x69, 0x4e, 0x72, 0xf1, 0xab, 0x34, 0xee, 0x95, 0xd5, 0x8d, 0x7a, 0x93, 0x93,
  0x15, 0xac, 0xa9, 0x61, 0x0e, 0xd5, 0xf1, 0xf5, 0x91, 0xdd, 0xcf, 0xf5, 0x6b, 0xe4, 0xa9, 0xdb,
  0xa6, 0xd2, 0xc7, 0xda, 0xa7, 0xd2, 0x08, 0xdb, 0x28, 0xe3, 0xa9, 0xe3, 0xab, 0xe4, 0xae, 0xf5,
  0xec, 0xe4, 0xc8, 0xbb, 0xa9, 0xbb, 0xaa, 0x9a, 0x6c, 0x8a, 0x6b, 0x82, 0xee, 0x8a, 0x33, 0xb4,
  0xad, 0x8a, 0x0b, 0x7a, 0xad, 0x8a, 0x6d, 0x8a, 0xae, 0x92, 0x4c, 0x82, 0xad, 0x8a, 0xad, 0x8a,
  0xb4, 0xb4, 0x59, 0xe6, 0x18, 0xde, 0x39, 0xde, 0x39, 0xde, 0x18, 0xd6, 0x2b, 0x5b, 0x69, 0x5a,
  0x93, 0xb4, 0xd3, 0x9c, 0xe3, 0x10, 0xa2, 0x00, 0xa2, 0x00, 0xa2, 0x00, 0x82, 0x00, 0x82, 0x00,
  0x82, 0x00, 0xc2, 0x00, 0x44, 0x11, 0x65, 0x11, 0x45, 0x11, 0x24, 0x09, 0x04, 0x09, 0x04, 0x09,
  0xe3, 0x00, 0xa2, 0x00, 0xe3, 0x00, 0x44, 0x11, 0x45, 0x11, 0x44, 0x11, 0x24, 0x09, 0x03, 0x09,
  0xe7, 0x29, 0x07, 0x2a, 0x23, 0x11, 0xe3, 0x08, 0xa2, 0x00, 0xc2, 0x00, 0x03, 0x11, 0x64, 0x19,
  0xe2, 0x08, 0x27, 0x32, 0x04, 0x11, 0x04, 0x11, 0x04, 0x11, 0xc2, 0x00, 0xa2, 0x00, 0xa2, 0x00,
  0xa2, 0x08, 0xa2, 0x08, 0x82, 0x00, 0x24, 0x19, 0x85, 0x21, 0xa2, 0x08, 0x03, 0x11, 0xc2, 0x08,
  0x82, 0x08, 0xa2, 0x08, 0xa2, 0x08, 0xa2, 0x08, 0x82, 0x00, 0xa2, 0x08, 0xa2, 0x08, 0xa2, 0x08,
  0xa2, 0x00, 0xe3, 0x10, 0x68, 0x3a, 0xa6, 0x29, 0x03, 0x11, 0x03, 0x19, 0x03, 0x11, 0x03, 0x11,
  0xe3, 0x08, 0x44, 0x19, 0x66, 0x21, 0xc8, 0x39, 0x87, 0x31, 0xa4, 0x18, 0xd0, 0x8b, 0x77, 0xcd,
  0x76, 0xcd, 0xb7, 0xd5, 0xf8, 0xd5, 0x18, 0xde, 0x19, 0xe6, 0x39, 0xe6, 0x39, 0xe6, 0x59, 0xe6,
  0xba, 0xe6, 0x2f, 0x8c, 0x68, 0x4a, 0xd6, 0xc5, 0xd6, 0xbd, 0xc9, 0x52, 0x87, 0x52, 0x67, 0x4a,
  0x46, 0x42, 0x69, 0x93, 0x87, 0xa2, 0x47, 0xaa, 0xe8, 0xd2, 0xe8, 0xe2, 0x86, 0xc2, 0xc7, 0xca,
  0x49, 0xe3, 0xc7, 0xd2, 0x26, 0x7a, 0xa7, 0x8a, 0x0e, 0xf5, 0xee, 0xf5, 0x4d, 0xed, 0x2c, 0xe5,
  0x8a, 0xd4, 0xce, 0xf5, 0x71, 0xfe, 0xae, 0xf5, 0x28, 0xd3, 0x89, 0xb2, 0xea, 0x79, 0x2d, 0x72,
  0xd0, 0x8a, 0xb2, 0x9b, 0xf0, 0x82, 0x2d, 0x6a, 0x50, 0x8b, 0x76, 0xc5, 0x54, 0xac, 0xb4, 0x9b,
  0x32, 0x8b, 0x8b, 0x7a, 0x6f, 0xe5, 0x30, 0xdd, 0x30, 0xf6, 0x0f, 0xf6, 0x8e, 0xe5, 0x4a, 0xd4,
  0x2e, 0xfd, 0x2b, 0xf4, 0x29, 0xeb, 0x08, 0xeb, 0x08, 0xeb, 0x0a, 0xec, 0x6a, 0xdc, 0x8e, 0xf5,
  0xcb, 0xdc, 0xc7, 0xbb, 0x08, 0xab, 0x69, 0x92, 0xeb, 0x9a, 0xeb, 0xa2, 0x4b, 0xab, 0x8c, 0xb3,
  0x2b, 0xa3, 0x69, 0x82, 0x8c, 0x8a, 0x8d, 0x92, 0x8d, 0x8a, 0x0b, 0x7a, 0xcd, 0x8a, 0xad, 0x8a,
  0x73, 0xb4, 0x59, 0xde, 0x38, 0xde, 0x39, 0xde, 0x59, 0xde, 0x96, 0xb5, 0x69, 0x42, 0xcf, 0x93,
  0x18, 0xd6, 0x18, 0xce, 0x6a, 0x4a, 0x61, 0x00, 0xa2, 0x00, 0x82, 0x00, 0x82, 0x00, 0x82, 0x00,
  0x82, 0x00, 0xc2, 0x00, 0x45, 0x11, 0x45, 0x11, 0x65, 0x19, 0x65, 0x19, 0x45, 0x11, 0x25, 0x11,
  0xe3, 0x08, 0xa3, 0x00, 0x66, 0x19, 0x45, 0x11, 0x24, 0x11, 0x04, 0x09, 0xe3, 0x08, 0xe2, 0x00,
  0x65, 0x19, 0x28, 0x32, 0x65, 0x19, 0xe3, 0x08, 0xc2, 0x08, 0xa2, 0x00, 0xc3, 0x08, 0x23, 0x11,
  0x03, 0x11, 0xe6, 0x29, 0x24, 0x11, 0x04, 0x11, 0xa2, 0x00, 0x82, 0x00, 0xa2, 0x00, 0xa2, 0x08,
  0xc2, 0x08, 0xc2, 0x08, 0xa2, 0x08, 0xa6, 0x29, 0x23, 0x19, 0xe3, 0x10, 0x03, 0x19, 0xa2, 0x08,
  0x82, 0x08, 0x82, 0x08, 0x82, 0x08, 0x82, 0x08, 0xa2, 0x08, 0xa2, 0x08, 0xe3, 0x10, 0x44, 0x19,
  0x03, 0x11, 0xe2, 0x10, 0x27, 0x3a, 0xa6, 0x29, 0x24, 0x19, 0x04, 0x19, 0x04, 0x19, 0x03, 0x11,
  0x03, 0x11, 0x07, 0x32, 0x86, 0x21, 0x66, 0x21, 0xc4, 0x08, 0xc7, 0x39, 0x15, 0xb5, 0xf4, 0xc4,
  0x32, 0xd5, 0x51, 0xd5, 0x73, 0xd5, 0xf7, 0xd5, 0x19, 0xe6, 0x39, 0xe6, 0x18, 0xde, 0x7a, 0xe6,
  0x54, 0xb5, 0x06, 0x3a, 0x71, 0x94, 0x96, 0xb5, 0x2b, 0x5b, 0xa8, 0x4a, 0x47, 0x42, 0x6a, 0x7b,
  0x8c, 0xbc, 0xe7, 0xa2, 0x87, 0xb2, 0xc7, 0xca, 0x08, 0xdb, 0x08, 0xdb, 0x08, 0xdb, 0xa6, 0xc2,
  0xe7, 0xd2, 0x29, 0xe3, 0x26, 0x72, 0x2a, 0xb4, 0x70, 0xfe, 0x4c, 0xdd, 0x09, 0xc4, 0xec, 0xdc,
  0x4d, 0xed, 0x8d, 0xed, 0xce, 0xed, 0xee, 0xf5, 0x4a, 0xe4, 0x87, 0xc2, 0x68, 0xaa, 0xea, 0x79,
  0x2d, 0x72, 0xf2, 0xa3, 0xf6, 0xbc, 0x53, 0xb4, 0x50, 0x93, 0x52, 0x83, 0x55, 0xac, 0xb4, 0x9b,
  0x6e, 0x72, 0xcb, 0x82, 0x90, 0xc4, 0xd2, 0xed, 0x71, 0xfe, 0xef, 0xf5, 0x8e, 0xed, 0xec, 0xe4,
  0xaf, 0xf5, 0xa9, 0xd3, 0xc6, 0xca, 0x28, 0xeb, 0xe7, 0xe2, 0x48, 0xd3, 0x29, 0xcc, 0x08, 0xc4,
  0xe8, 0xc3, 0xaa, 0xd4, 0x2c, 0xe5, 0x6e, 0xed, 0x6e, 0xed, 0x2c, 0xed, 0xcd, 0xf5, 0x0e, 0xfe,
  0xcd, 0xfd, 0x4d, 0xe5, 0xec, 0x9a, 0x8d, 0x8a, 0x6d, 0x8a, 0x4c, 0x82, 0xce, 0x92, 0x8d, 0x8a,
  0x73, 0xb4, 0x59, 0xde, 0x18, 0xd6, 0x18, 0xd6, 0x59, 0xde, 0x71, 0x8c, 0x48, 0x4a, 0x55, 0xc5,
  0x18, 0xd6, 0x39, 0xd6, 0x72, 0x8c, 0x82, 0x00, 0xa2, 0x00, 0x82, 0x00, 0x82, 0x00, 0x82, 0x00,
  0x81, 0x00, 0xa2, 0x00, 0x24, 0x09, 0x45, 0x11, 0x45, 0x11, 0x65, 0x11, 0x65, 0x19, 0x65, 0x19,
  0xe3, 0x08, 0x25, 0x11, 0xab, 0x42, 0xe4, 0x08, 0x24, 0x11, 0x24, 0x11, 0x03, 0x09, 0x03, 0x09,
  0xc2, 0x00, 0xe7, 0x29, 0xc6, 0x29, 0xc2, 0x08, 0xc2, 0x08, 0xa2, 0x00, 0xc2, 0x00, 0xe3, 0x08,
  0x03, 0x11, 0x85, 0x21, 0xe4, 0x10, 0xa2, 0x08, 0x81, 0x00, 0x82, 0x00, 0xa2, 0x00, 0xc2, 0x08,
  0xc2, 0x08, 0xa2, 0x00, 0xc3, 0x10, 0xc6, 0x31, 0x23, 0x19, 0x24, 0x19, 0xa2, 0x08, 0x81, 0x08,
  0x82, 0x08, 0x82, 0x08, 0x82, 0x00, 0x82, 0x00, 0xa2, 0x08, 0xa2, 0x08, 0xe3, 0x10, 0x85, 0x21,
  0xa5, 0x29, 0x64, 0x19, 0xc6, 0x29, 0xa6, 0x21, 0x24, 0x19, 0x03, 0x11, 0x04, 0x19, 0x03, 0x11,
  0xa5, 0x21, 0x88, 0x42, 0x24, 0x11, 0x24, 0x19, 0x86, 0x6a, 0x0c, 0xac, 0x30, 0xd5, 0xce, 0xcc,
  0xce, 0xf5, 0xcd, 0xf5, 0x4d, 0xed, 0xae, 0xcc, 0x74, 0xcd, 0x95, 0xcd, 0x79, 0xde, 0x18, 0xce,
  0xea, 0x52, 0xa8, 0x62, 0xf0, 0xd4, 0x4b, 0x6b, 0x46, 0x32, 0x88, 0x4a, 0x88, 0x52, 0x69, 0x7b,
  0xe9, 0xb3, 0x67, 0xb3, 0x28, 0xcb, 0x08, 0xdb, 0xa7, 0xca, 0xc7, 0xca, 0xc8, 0xd2, 0x87, 0xca,
  0xa7, 0xd2, 0x08, 0xcb, 0x67, 0x6a, 0xae, 0xe5, 0x90, 0xfe, 0x2c, 0xdd, 0xc8, 0xbb, 0xab, 0xd4,
  0xae, 0xf5, 0xaa, 0xd4, 0xad, 0xed, 0x4d, 0xe5, 0xc5, 0xba, 0x24, 0xaa, 0xe8, 0xd2, 0x6a, 0xb2,
  0xca, 0x71, 0xcb, 0x61, 0xaf, 0x7a, 0xd4, 0x9b, 0x75, 0xa4, 0xd3, 0x9b, 0x15, 0x9c, 0x14, 0x9c,
  0xd1, 0x9b, 0x16, 0xc5, 0x2f, 0x8b, 0xca, 0x82, 0xeb, 0x8a, 0x2a, 0x9b, 0xe8, 0xbb, 0x08, 0xc4,
  0x2a, 0xd4, 0x84, 0xa2, 0x2a, 0xd4, 0xc9, 0xd3, 0x26, 0xbb, 0xa8, 0xc3, 0xc8, 0xbb, 0xcb, 0xdc,
  0xce, 0xf5, 0x2f, 0xfe, 0x50, 0xfe, 0xae, 0xfd, 0x2c, 0xf5, 0xce, 0xf5, 0x4e, 0xf6, 0x2e, 0xf6,
  0x8e, 0xed, 0xab, 0xcc, 0x6a, 0x8a, 0x6d, 0x8a, 0x2b, 0x82, 0x4c, 0x82, 0xcd, 0x92, 0x8c, 0x8a,
  0xb4, 0xbc, 0x39, 0xde, 0x18, 0xd6, 0x39, 0xde, 0x39, 0xd6, 0x4c, 0x63, 0x0a, 0x63, 0xf7, 0xd5,
  0xf8, 0xcd, 0xf8, 0xd5, 0x76, 0xc5, 0x25, 0x19, 0x82, 0x00, 0xa2, 0x00, 0xe3, 0x10, 0x05, 0x29,
  0xc4, 0x18, 0xe4, 0x18, 0x25, 0x19, 0x45, 0x19, 0x45, 0x19, 0x45, 0x19, 0x45, 0x19, 0x86, 0x21,
  0x28, 0x32, 0xe3, 0x08, 0x09, 0x32, 0xc3, 0x08, 0xe4, 0x08, 0x24, 0x11, 0x44, 0x11, 0x65, 0x19,
  0xa2, 0x00, 0x24, 0x11, 0xe7, 0x29, 0xe3, 0x08, 0xa2, 0x00, 0xc2, 0x00, 0xc2, 0x00, 0xc2, 0x08,
  0x64, 0x19, 0x85, 0x21, 0xa2, 0x00, 0x82, 0x00, 0x82, 0x00, 0x82, 0x00, 0x82, 0x00, 0xa2, 0x00,
  0xc2, 0x00, 0xa2, 0x00, 0x44, 0x21, 0xa5, 0x31, 0x23, 0x19, 0xa2, 0x08, 0x61, 0x00, 0x81, 0x00,
  0x82, 0x08, 0x82, 0x08, 0x82, 0x00, 0x82, 0x00, 0xa2, 0x08, 0xa3, 0x08, 0xc3, 0x08, 0xc3, 0x10,
  0xc3, 0x10, 0x45, 0x21, 0x86, 0x21, 0x85, 0x21, 0x24, 0x19, 0xc3, 0x08, 0xc3, 0x10, 0xc3, 0x08,
  0x06, 0x32, 0x06, 0x32, 0x82, 0x00, 0x05, 0x4a, 0xee, 0xfd, 0xef, 0xfd, 0xcd, 0xf5, 0x6d, 0xed,
  0x4c, 0xed, 0x4e, 0xed, 0x8b, 0xd4, 0xec, 0xe4, 0x8e, 0xed, 0x2e, 0xdd, 0xf3, 0xac, 0xee, 0x6b,
  0x46, 0x42, 0x8c, 0xcc, 0x2a, 0xbc, 0x05, 0x3a, 0x47, 0x3a, 0x05, 0x32, 0xe6, 0x39, 0x85, 0x4a,
  0xa8, 0xa3, 0xa8, 0xb3, 0xa5, 0xba, 0xe7, 0xca, 0x65, 0xb2, 0xc7, 0xd2, 0x29, 0xdb, 0x29, 0xe3,
  0x2a, 0xf4, 0xa8, 0xb3, 0x87, 0x6a, 0xed, 0xd4, 0x0c, 0xdd, 0x4a, 0xc4, 0xe8, 0xbb, 0x8a, 0xd4,
  0xad, 0xf5, 0x2f, 0xfe, 0x2f, 0xfe, 0x6d, 0xed, 0xab, 0xe4, 0x88, 0xdb, 0x09, 0xe3, 0x09, 0xdb,
  0xa9, 0xca, 0xc8, 0x81, 0x8a, 0x69, 0xeb, 0x71, 0xae, 0x7a, 0x10, 0x83, 0x92, 0x93, 0xd3, 0x9b,
  0xf2, 0x93, 0x51, 0x83, 0xeb, 0x61, 0x8a, 0x59, 0x6a, 0x59, 0x69, 0x61, 0xa9, 0x8a, 0x09, 0xc4,
  0x87, 0xb3, 0x88, 0xab, 0xcc, 0xdc, 0xab, 0xd4, 0x09, 0xc4, 0x0a, 0xc4, 0xc8, 0xbb, 0xce, 0xf5,
  0x2f, 0xfe, 0x8d, 0xed, 0x8b, 0xe4, 0x68, 0xdb, 0xe7, 0xd2, 0xcd, 0xec, 0xae, 0xf5, 0x6a, 0xcc,
  0x27, 0xb3, 0xa7, 0xa2, 0x6b, 0xab, 0xeb, 0xa2, 0xc9, 0x79, 0x8c, 0x8a, 0x8c, 0x8a, 0xcd, 0x92,
  0x77, 0xd5, 0x59, 0xde, 0x30, 0x84, 0x14, 0xad, 0xb6, 0xbd, 0x48, 0x3a, 0x4f, 0x94, 0x59, 0xde,
  0xf8, 0xcd, 0xf8, 0xcd, 0x19, 0xd6, 0xaa, 0x52, 0x61, 0x00, 0xc2, 0x08, 0xe3, 0x10, 0x88, 0x41,
  0x49, 0x49, 0xaa, 0x51, 0xca, 0x51, 0x69, 0x49, 0x68, 0x39, 0x87, 0x31, 0x66, 0x29, 0x46, 0x21,
  0x29, 0x32, 0x25, 0x21, 0x49, 0x42, 0xe4, 0x10, 0x25, 0x21, 0x46, 0x29, 0x65, 0x21, 0x45, 0x19,
  0xa2, 0x00, 0xa2, 0x00, 0xe3, 0x08, 0xc3, 0x08, 0xa2, 0x00, 0xc2, 0x08, 0xa2, 0x08, 0xc3, 0x10,
  0x07, 0x32, 0x85, 0x21, 0x82, 0x00, 0x82, 0x00, 0x82, 0x00, 0x82, 0x00, 0x82, 0x00, 0x82, 0x00,
  0xa2, 0x00, 0xa2, 0x08, 0x84, 0x29, 0x44, 0x21, 0xa2, 0x08, 0x61, 0x00, 0x61, 0x00, 0x61, 0x00,
  0x81, 0x00, 0x82, 0x00, 0x82, 0x00, 0x82, 0x00, 0xa2, 0x08, 0xa3, 0x08, 0xa3, 0x08, 0x25, 0x19,
  0x25, 0x19, 0x87, 0x29, 0x87, 0x29, 0x86, 0x21, 0x45, 0x19, 0xa3, 0x08, 0x82, 0x00, 0x03, 0x11,
  0x68, 0x3a, 0x44, 0x19, 0xa2, 0x10, 0x26, 0x83, 0xce, 0xf5, 0xce, 0xed, 0xee, 0xf5, 0x8b, 0xe4,
  0x48, 0xdb, 0xc7, 0xc2, 0x69, 0xc3, 0x10, 0xfe, 0xcf, 0xf5, 0xcf, 0xf5, 0xa7, 0x62, 0x06, 0x2a,
  0x69, 0x7b, 0x4b, 0xbc, 0x66, 0x52, 0xe6, 0x31, 0x66, 0x42, 0xaa, 0x9b, 0xe6, 0x9a, 0x09, 0xb4,
  0x8d, 0xed, 0x4e, 0xed, 0xa8, 0xbb, 0x47, 0xbb, 0xe7, 0xca, 0x6b, 0xec, 0x8c, 0xf4, 0x27, 0xdb,
  0xcb, 0xec, 0xa9, 0x8b, 0xa7, 0x7a, 0xea, 0xbb, 0x67, 0xab, 0xc9, 0xbb, 0x0a, 0xc4, 0x29, 0xc4,
  0x8d, 0xed, 0xae, 0xf5, 0x0f, 0xfe, 0x50, 0xfe, 0xae, 0xed, 0xcb, 0xec, 0x88, 0xdb, 0xc8, 0xca,
  0x6c, 0xf4, 0x4d, 0xe4, 0x2a, 0x8a, 0x89, 0x61, 0xea, 0x61, 0xce, 0x7a, 0x8e, 0x72, 0x0c, 0x62,
  0x6d, 0x6a, 0xaf, 0x72, 0xd0, 0x7a, 0xd0, 0x82, 0x8e, 0x7a, 0xcc, 0x61, 0xa8, 0x69, 0xc9, 0xbb,
  0x29, 0xc4, 0xc8, 0xb3, 0xc8, 0xbb, 0x09, 0xbc, 0xe8, 0xbb, 0xc8, 0xbb, 0xe8, 0xc3, 0xef, 0xfd,
  0x6d, 0xe5, 0xcb, 0xdc, 0x28, 0xcb, 0xe8, 0xd2, 0xa7, 0xca, 0xa7, 0xca, 0xc7, 0xb2, 0x24, 0xa2,
  0x26, 0xb3, 0x4e, 0xf5, 0x0f, 0xfe, 0x6d, 0xed, 0x6a, 0xb3, 0x8c, 0x92, 0x6c, 0x8a, 0xb0, 0xa3,
  0x19, 0xde, 0x39, 0xde, 0x4d, 0x63, 0xca, 0x4a, 0x2f, 0x74, 0x48, 0x42, 0x54, 0xc5, 0x39, 0xd6,
  0xf8, 0xd5, 0xf8, 0xcd, 0x39, 0xde, 0x51, 0x8c, 0xa2, 0x08, 0x03, 0x11, 0xe3, 0x08, 0x46, 0x31,
  0xab, 0x59, 0x8a, 0x51, 0xeb, 0x61, 0x0c, 0x62, 0x89, 0x49, 0x68, 0x41, 0x88, 0x39, 0x66, 0x29,
  0xc8, 0x31, 0xa7, 0x31, 0xcc, 0x6a, 0x27, 0x39, 0x68, 0x49, 0xa9, 0x51, 0xa9, 0x49, 0x87, 0x31,
  0xa2, 0x08, 0xc3, 0x08, 0xc3, 0x08, 0xa2, 0x08, 0xa2, 0x08, 0xa2, 0x08, 0xa3, 0x08, 0xc3, 0x08,
  0xe6, 0x31, 0x44, 0x19, 0x82, 0x00, 0xa2, 0x00, 0x82, 0x00, 0x82, 0x00, 0x82, 0x00, 0x82, 0x00,
  0xa2, 0x00, 0xe3, 0x10, 0xa5, 0x31, 0xc2, 0x08, 0x61, 0x00, 0x81, 0x00, 0x82, 0x00, 0x82, 0x00,
  0x82, 0x00, 0xa2, 0x08, 0xa2, 0x08, 0x82, 0x08, 0xa3, 0x08, 0xa3, 0x08, 0xa3, 0x08, 0xa3, 0x10,
  0x46, 0x29, 0x6b, 0x52, 0x4a, 0x4a, 0x66, 0x21, 0x45, 0x19, 0xc3, 0x08, 0xa2, 0x00, 0xa6, 0x21,
  0x68, 0x3a, 0x61, 0x00, 0x47, 0x5a, 0xed, 0xdc, 0x4a, 0xcc, 0x8b, 0xdc, 0xa9, 0xcb, 0xe7, 0xca,
  0x08, 0xd3, 0x66, 0xba, 0x86, 0xb2, 0x4e, 0xf5, 0xf0, 0xf5, 0x2d, 0xdd, 0x86, 0x5a, 0x67, 0x4a,
  0xa9, 0x93, 0x66, 0x5a, 0xe6, 0x31, 0xe5, 0x31, 0x46, 0x4a, 0x4d, 0xd5, 0x49, 0xcc, 0x2d, 0xe5,
  0x4f, 0xfe, 0xeb, 0xdc, 0xe8, 0xbb, 0x0d, 0xed, 0x69, 0xd3, 0x4d, 0xed, 0x4d, 0xf5, 0xc9, 0xe3,
  0x68, 0xb3, 0x25, 0x52, 0x09, 0xac, 0x09, 0xc4, 0xe9, 0xbb, 0x88, 0xb3, 0x67, 0xab, 0xe8, 0xbb,
  0x6c, 0xed, 0x4c, 0xe5, 0xad, 0xf5, 0xae, 0xf5, 0x0b, 0xe5, 0x0f, 0xf6, 0x6e, 0xf5, 0xc9, 0xc3,
  0x11, 0xfe, 0x4b, 0x9b, 0xaa, 0x69, 0x51, 0x93, 0x51, 0x8b, 0x6e, 0x72, 0x49, 0x49, 0x08, 0x41,
  0xcb, 0x59, 0x2d, 0x6a, 0x4e, 0x72, 0xf0, 0x8a, 0xb0, 0x82, 0x4a, 0x59, 0x89, 0x8a, 0xc9, 0xbb,
  0xe9, 0xbb, 0x2d, 0xc4, 0xec, 0xb3, 0xc8, 0xb3, 0x87, 0xb3, 0x87, 0xb3, 0xc8, 0xbb, 0xca, 0xd4,
  0xeb, 0xe4, 0xc8, 0xd3, 0xa6, 0xba, 0x86, 0xc2, 0x09, 0xdb, 0x26, 0xb2, 0x83, 0x91, 0x45, 0xb2,
  0xb0, 0xf5, 0xef, 0xf5, 0xae, 0xed, 0x2f, 0xfe, 0xac, 0xd4, 0x4b, 0x8a, 0xad, 0x8a, 0x56, 0xc5,
  0x19, 0xde, 0x39, 0xde, 0x8e, 0x6b, 0xe6, 0x21, 0x48, 0x32, 0x6c, 0x73, 0x38, 0xde, 0x18, 0xd6,
  0x18, 0xd6, 0xf8, 0xd5, 0xf8, 0xd5, 0x75, 0xbd, 0x85, 0x29, 0xe3, 0x10, 0x03, 0x19, 0xe4, 0x18,
  0x67, 0x39, 0xca, 0x59, 0xaa, 0x59, 0x2c, 0x62, 0xae, 0x72, 0x0b, 0x5a, 0xea, 0x51, 0xa9, 0x39,
  0x2b, 0x4a, 0x6b, 0x5a, 0xcd, 0x72, 0x68, 0x41, 0x4c, 0x62, 0x0b, 0x5a, 0x89, 0x49, 0x47, 0x31,
  0xe3, 0x08, 0xe3, 0x10, 0xe3, 0x10, 0xc3, 0x08, 0xc3, 0x08, 0xc2, 0x08, 0xa3, 0x08, 0x82, 0x08,
  0xa5, 0x29, 0x43, 0x19, 0x62, 0x00, 0x82, 0x00, 0x82, 0x00, 0xa2, 0x00, 0x82, 0x00, 0x82, 0x00,
  0xa2, 0x00, 0x43, 0x21, 0x64, 0x29, 0x61, 0x00, 0x82, 0x00, 0xc3, 0x08, 0xc3, 0x08, 0xc3, 0x08,
  0xc3, 0x08, 0xc3, 0x08, 0xa2, 0x08, 0xa2, 0x00, 0xa2, 0x08, 0xc4, 0x10, 0x05, 0x21, 0x26, 0x29,
  0xe6, 0x28, 0x4c, 0x5a, 0xee, 0x6a, 0x87, 0x29, 0x66, 0x21, 0x45, 0x19, 0x24, 0x11, 0x48, 0x3a,
  0xa5, 0x29, 0x22, 0x29, 0x2a, 0xac, 0x0c, 0xed, 0xac, 0xe4, 0xac, 0xe4, 0xe7, 0xc2, 0xa7, 0xc2,
  0xa7, 0xc2, 0x25, 0xaa, 0x66, 0xaa, 0xcd, 0xec, 0x0f, 0xfe, 0xea, 0x9b, 0x05, 0x3a, 0xe8, 0x72,
  0x08, 0x83, 0x25, 0x3a, 0xe5, 0x31, 0xe5, 0x31, 0x86, 0x62, 0xea, 0xc3, 0x8b, 0xd4, 0xe8, 0xbb,
  0x6a, 0xcc, 0xa7, 0xbb, 0xec, 0xdc, 0xef, 0xfd, 0x0a, 0xdc, 0x0d, 0xf5, 0x30, 0xfe, 0x51, 0xfe,
  0xca, 0x93, 0x24, 0x4a, 0x2c, 0xdd, 0xe9, 0xc3, 0xe9, 0xbb, 0xa8, 0xb3, 0x67, 0x92, 0x8b, 0xcc,
  0xcd, 0xed, 0x0f, 0xfe, 0x8d, 0xed, 0xce, 0xf5, 0xce, 0xf5, 0x0c, 0xd5, 0xcb, 0xd4, 0x09, 0xbc,
  0xce, 0xcc, 0xaa, 0x69, 0x8e, 0x7a, 0x4d, 0x72, 0xea, 0x71, 0x6b, 0x7a, 0x27, 0x41, 0x27, 0x41,
  0x8a, 0x59, 0xac, 0x61, 0xac, 0x61, 0xaa, 0x61, 0x2a, 0x72, 0xad, 0x8a, 0x6b, 0x8a, 0x89, 0x8a,
  0xa9, 0x92, 0x10, 0xb4, 0x4e, 0x9b, 0xea, 0xb3, 0xe9, 0xc3, 0xc8, 0xbb, 0x45, 0xab, 0x2c, 0xe5,
  0x2d, 0xfd, 0x07, 0xd3, 0x04, 0xaa, 0x45, 0xba, 0xc8, 0xda, 0x25, 0xb2, 0x05, 0xb2, 0xe8, 0xda,
  0x07, 0xc3, 0x6a, 0xd4, 0x0f, 0xfe, 0x8d, 0xf5, 0xab, 0xd4, 0xeb, 0x9a, 0xaf, 0x9b, 0x38, 0xd6,
  0xf8, 0xd5, 0x59, 0xde, 0x10, 0x84, 0xe6, 0x29, 0x47, 0x3a, 0x71, 0xa4, 0x59, 0xde, 0x18, 0xd6,
  0x18, 0xd6, 0xf8, 0xd5, 0xd7, 0xcd, 0xf8, 0xd5, 0x8a, 0x52, 0xe2, 0x08, 0x24, 0x19, 0x03, 0x19,
  0xe3, 0x18, 0x25, 0x29, 0x87, 0x41, 0x68, 0x49, 0x4c, 0x62, 0x2f, 0x7b, 0xee, 0x72, 0xce, 0x72,
  0x8c, 0x5a, 0x4b, 0x62, 0x2e, 0x83, 0x6f, 0x7b, 0x6c, 0x62, 0x89, 0x41, 0x27, 0x39, 0x68, 0x41,
  0xe3, 0x10, 0x04, 0x11, 0xe3, 0x08, 0xe3, 0x08, 0x04, 0x11, 0xc3, 0x08, 0xa3, 0x08, 0x82, 0x08,
  0xa5, 0x29, 0x44, 0x19, 0x61, 0x00, 0x82, 0x00, 0x82, 0x00, 0xa2, 0x00, 0xa2, 0x00, 0xa2, 0x08,
  0xc2, 0x08, 0xa5, 0x31, 0xe2, 0x18, 0xa2, 0x08, 0xc3, 0x08, 0xc3, 0x08, 0xe3, 0x08, 0xc3, 0x08,
  0xc3, 0x08, 0xe3, 0x10, 0xa3, 0x08, 0x82, 0x00, 0xa2, 0x08, 0x46, 0x29, 0x0b, 0x52, 0x6d, 0x62,
  0x6d, 0x62, 0x2d, 0x5a, 0xef, 0x6a, 0xc9, 0x39, 0x66, 0x21, 0xa7, 0x31, 0x66, 0x21, 0x48, 0x3a,
  0x26, 0x4a, 0x4b, 0xbc, 0xac, 0xed, 0x6e, 0xf5, 0x4b, 0xe4, 0x48, 0xd3, 0x65, 0xb2, 0x45, 0xb2,
  0xc8, 0xc2, 0x25, 0xaa, 0xc7, 0xba, 0x8c, 0xec, 0x0d, 0xe5, 0x87, 0x5a, 0x47, 0x42, 0xcc, 0xbc,
  0x2a, 0xb4, 0x25, 0x42, 0x06, 0x32, 0x26, 0x3a, 0x87, 0x72, 0xa7, 0xba, 0xea, 0xd3, 0x4a, 0xcc,
  0x06, 0xab, 0x67, 0xb3, 0x4d, 0xed, 0xee, 0xf5, 0x4d, 0xf5, 0x2d, 0xed, 0xcb, 0xd4, 0x6a, 0xc4,
  0xc6, 0x62, 0xc6, 0x6a, 0x0a, 0xbc, 0x88, 0xb3, 0xa9, 0xbb, 0xc9, 0x9a, 0x2a, 0x8a, 0x29, 0xa3,
  0x89, 0xcc, 0xae, 0xf5, 0x2f, 0xfe, 0x0e, 0xf6, 0x30, 0xfe, 0x6a, 0xcc, 0x67, 0xab, 0x29, 0xc4,
  0xea, 0x92, 0xac, 0x61, 0xab, 0x61, 0xeb, 0x92, 0xed, 0xdc, 0x6c, 0xbc, 0x05, 0x39, 0x47, 0x49,
  0x08, 0x6a, 0x0b, 0x93, 0x4c, 0xa3, 0x4c, 0xc4, 0x8f, 0xed, 0x51, 0xc4, 0x4c, 0x82, 0xaa, 0x61,
  0x0b, 0x7a, 0xee, 0x8a, 0xee, 0x82, 0x8b, 0xab, 0x87, 0xb3, 0xc7, 0xbb, 0x8a, 0xd4, 0xee, 0xfd,
  0x6c, 0xec, 0xe8, 0xda, 0xa7, 0xc2, 0x86, 0xc2, 0xa7, 0xca, 0x46, 0xba, 0xa7, 0xd2, 0xe8, 0xda,
  0x86, 0xca, 0xab, 0xe4, 0x8d, 0xed, 0x4c, 0xed, 0xce, 0xfd, 0xaa, 0xb3, 0x52, 0xac, 0x39, 0xde,
  0xf8, 0xcd, 0x59, 0xd6, 0x34, 0xa5, 0x47, 0x32, 0xc9, 0x5a, 0x96, 0xd5, 0x18, 0xde, 0x18, 0xd6,
  0x18, 0xd6, 0xf8, 0xd5, 0xd7, 0xcd, 0x18, 0xd6, 0xce, 0x7b, 0xc2, 0x08, 0x23, 0x19, 0x03, 0x19,
  0x03, 0x19, 0xe3, 0x10, 0xc3, 0x10, 0xc5, 0x20, 0x68, 0x49, 0xad, 0x6a, 0x2f, 0x73, 0xce, 0x6a,
  0x2c, 0x62, 0xce, 0x72, 0x33, 0x9c, 0x2f, 0x83, 0x48, 0x49, 0x69, 0x51, 0x69, 0x49, 0x48, 0x29,
  0xe3, 0x08, 0xc3, 0x08, 0x82, 0x00, 0xa2, 0x08, 0x04, 0x11, 0xc3, 0x08, 0xa3, 0x08, 0xa2, 0x08,
  0xc6, 0x29, 0x44, 0x19, 0x61, 0x00, 0x82, 0x00, 0x82, 0x00, 0xa2, 0x00, 0xa2, 0x08, 0xa2, 0x08,
  0x23, 0x11, 0x84, 0x29, 0xa2, 0x10, 0xc3, 0x08, 0xc3, 0x08, 0xe3, 0x10, 0xe3, 0x10, 0xe3, 0x10,
  0xe3, 0x10, 0xc3, 0x08, 0x82, 0x00, 0x61, 0x00, 0xc3, 0x08, 0x46, 0x21, 0x67, 0x29, 0x68, 0x31,
  0x89, 0x39, 0xeb, 0x49, 0x8d, 0x5a, 0xc9, 0x39, 0x86, 0x29, 0xc7, 0x31, 0x08, 0x3a, 0x07, 0x32,
  0x66, 0x52, 0x0d, 0xdd, 0x4c, 0xe5, 0xcc, 0xe4, 0xc7, 0xc2, 0xc8, 0xca, 0x87, 0xb2, 0x87, 0xb2,
  0x66, 0xb2, 0x87, 0xba, 0x05, 0xa2, 0x69, 0xcb, 0x6a, 0xbb, 0x06, 0x42, 0x29, 0x73, 0xce, 0xed,
  0x0d, 0xcd, 0xa7, 0x62, 0x26, 0x42, 0x26, 0x42, 0x46, 0x7a, 0x66, 0xaa, 0x08, 0xbb, 0xc9, 0xc3,
  0x67, 0xb3, 0xc7, 0xbb, 0xaa, 0xd4, 0xae, 0xed, 0xee, 0xf5, 0xce, 0xf5, 0x09, 0xc4, 0xe7, 0x92,
  0x46, 0x5a, 0x27, 0x93, 0x68, 0xb3, 0x27, 0xab, 0x47, 0x92, 0x88, 0x92, 0x29, 0xa3, 0x4b, 0xcc,
  0xab, 0xdc, 0xe9, 0xc3, 0x8e, 0xed, 0x0f, 0xf6, 0x30, 0xfe, 0x8b, 0xd4, 0x67, 0xab, 0xe8, 0xbb,
  0x09, 0x9b, 0xa8, 0x61, 0x6e, 0xbc, 0xce, 0xed, 0x6c, 0xe5, 0xea, 0xa3, 0xe5, 0x38, 0x68, 0x49,
  0xa8, 0x8a, 0x8b, 0xcc, 0xaf, 0xed, 0x2d, 0xdd, 0xcf, 0xed, 0x73, 0xdd, 0xae, 0x82, 0xca, 0x61,
  0xb2, 0x9b, 0x14, 0xac, 0x4d, 0x72, 0xa8, 0x92, 0xa7, 0xbb, 0xa7, 0xbb, 0x2c, 0xe5, 0xcf, 0xf5,
  0x2b, 0xe4, 0x86, 0xc2, 0xe7, 0xca, 0x45, 0xb2, 0x25, 0xb2, 0x67, 0xc2, 0x87, 0xca, 0xc8, 0xe2,
  0xa9, 0xe3, 0x0f, 0xfe, 0x6c, 0xed, 0x8d, 0xf5, 0xce, 0xfd, 0x4b, 0xab, 0x72, 0xb4, 0x39, 0xd6,
  0xf8, 0xcd, 0x59, 0xd6, 0xf3, 0x9c, 0x48, 0x3a, 0xee, 0x93, 0x38, 0xe6, 0xf8, 0xd5, 0x18, 0xd6,
  0x18, 0xd6, 0xf8, 0xd5, 0xd7, 0xcd, 0xf8, 0xd5, 0xd3, 0xa4, 0x03, 0x11, 0x03, 0x11, 0x03, 0x11,
  0x03, 0x11, 0xe3, 0x10, 0xa3, 0x10, 0x84, 0x18, 0x07, 0x39, 0xaa, 0x51, 0xce, 0x6a, 0xef, 0x72,
  0x8e, 0x6a, 0x71, 0x83, 0xef, 0x72, 0xec, 0x61, 0xcb, 0x59, 0x8a, 0x41, 0xe6, 0x10, 0xa3, 0x00,
  0xa2, 0x08, 0xa2, 0x08, 0x82, 0x00, 0x82, 0x00, 0x03, 0x11, 0xe3, 0x08, 0xa2, 0x08, 0xc2, 0x08,
  0xc6, 0x29, 0x44, 0x19, 0x61, 0x00, 0x82, 0x00, 0x81, 0x00, 0xa2, 0x08, 0xa2, 0x08, 0xa2, 0x08,
  0x84, 0x21, 0x23, 0x19, 0xc2, 0x10, 0xc3, 0x10, 0xe3, 0x10, 0xe3, 0x10, 0xe3, 0x10, 0xc2, 0x08,
  0xa2, 0x08, 0x81, 0x00, 0x61, 0x00, 0x61, 0x00, 0xe3, 0x10, 0xe4, 0x18, 0xc4, 0x10, 0xa3, 0x10,
  0xe5, 0x20, 0x2c, 0x52, 0xeb, 0x49, 0x06, 0x21, 0x86, 0x21, 0x04, 0x19, 0x07, 0x32, 0x27, 0x3a,
  0x02, 0x11, 0x07, 0x7b, 0xec, 0xdc, 0xc9, 0xc3, 0x87, 0xba, 0xc8, 0xca, 0x86, 0xb2, 0xa7, 0xaa,
  0x25, 0xa2, 0x88, 0xc2, 0x87, 0xba, 0x86, 0xb2, 0xa6, 0x92, 0x46, 0x42, 0x2c, 0xa4, 0xcc, 0xd4,
  0xe7, 0x82, 0x46, 0x6a, 0x46, 0x52, 0x26, 0x52, 0x87, 0x9a, 0x66, 0xaa, 0x66, 0xb2, 0xc6, 0xba,
  0x2a, 0xd4, 0x4d, 0xed, 0x6e, 0xf5, 0xc9, 0xab, 0x4a, 0xb4, 0x0a, 0xbc, 0x68, 0xa3, 0x46, 0x5a,
  0x87, 0x6a, 0x88, 0xab, 0xc8, 0xbb, 0xa8, 0xb3, 0xaa, 0xbb, 0xa9, 0xb3, 0xeb, 0xdc, 0x0e, 0xfe,
  0xce, 0xf5, 0xa8, 0xb3, 0xe8, 0xbb, 0x8d, 0xed, 0x4c, 0xe5, 0xe8, 0xbb, 0xe8, 0xbb, 0x87, 0xb3,
  0x67, 0xab, 0x2b, 0xbc, 0xae, 0xe5, 0x4b, 0xdd, 0x8d, 0xed, 0x2a, 0x93, 0xe6, 0x38, 0x68, 0x49,
  0xe8, 0x92, 0x8c, 0xcc, 0x6b, 0x9b, 0x28, 0x72, 0x89, 0x82, 0xcf, 0xab, 0x53, 0xac, 0xce, 0x82,
  0x95, 0xb4, 0x72, 0x93, 0xe9, 0x69, 0x08, 0xa3, 0x88, 0xb3, 0x2a, 0xbc, 0xce, 0xf5, 0x8e, 0xf5,
  0x07, 0xcb, 0x86, 0xba, 0x08, 0xd3, 0x66, 0xc2, 0x86, 0xca, 0xc7, 0xd2, 0xc7, 0xda, 0xc7, 0xda,
  0xec, 0xec, 0x0f, 0xfe, 0x6d, 0xed, 0xee, 0xf5, 0xae, 0xf5, 0x0b, 0xa3, 0x72, 0xb4, 0x18, 0xd6,
  0xf8, 0xd5, 0x18, 0xce, 0x4c, 0x53, 0x68, 0x52, 0x54, 0xcd, 0x38, 0xd6, 0x18, 0xd6, 0x18, 0xd6,
  0x18, 0xd6, 0xf8, 0xd5, 0xd7, 0xcd, 0xb7, 0xcd, 0x96, 0xbd, 0x85, 0x21, 0xa2, 0x08, 0xe3, 0x10,
  0xe3, 0x10, 0xe4, 0x18, 0x25, 0x29, 0x27, 0x39, 0x07, 0x39, 0x28, 0x41, 0x48, 0x41, 0x50, 0x7b,
  0xb2, 0x8b, 0xb2, 0x8b, 0x30, 0x7b, 0xec, 0x51, 0x29, 0x39, 0x08, 0x31, 0x27, 0x39, 0x06, 0x21,
  0xc3, 0x08, 0xc3, 0x08, 0xa2, 0x00, 0x82, 0x00, 0xe3, 0x10, 0x04, 0x11, 0xa3, 0x08, 0xa2, 0x08,
  0x85, 0x21, 0x44, 0x19, 0xa2, 0x08, 0xa2, 0x08, 0xa2, 0x08, 0xa2, 0x08, 0xa2, 0x08, 0x03, 0x11,
  0x85, 0x21, 0xe2, 0x10, 0xe2, 0x10, 0xc2, 0x08, 0xc2, 0x08, 0xc2, 0x08, 0x82, 0x00, 0x61, 0x00,
  0x61, 0x00, 0x61, 0x00, 0x61, 0x00, 0x61, 0x00, 0xe4, 0x10, 0xc3, 0x08, 0xa3, 0x08, 0xc4, 0x18,
  0xea, 0x41, 0xae, 0x62, 0x88, 0x39, 0x05, 0x19, 0x66, 0x21, 0x45, 0x19, 0x68, 0x42, 0xc5, 0x29,
  0x02, 0x19, 0xe7, 0x7a, 0xc9, 0xb3, 0xe7, 0xaa, 0xe8, 0xba, 0xa7, 0xba, 0x46, 0xa2, 0xe4, 0x91,
  0x25, 0x9a, 0xa8, 0xca, 0xe9, 0xd2, 0xc7, 0xba, 0x86, 0x72, 0x66, 0x42, 0x48, 0x93, 0x88, 0xa3,
  0x48, 0xa3, 0x66, 0x7a, 0x06, 0x42, 0x67, 0x72, 0xc7, 0xba, 0x87, 0xba, 0x87, 0xc2, 0xe7, 0xca,
  0x4a, 0xdc, 0xae, 0xfd, 0x0d, 0xd5, 0x46, 0x62, 0xa9, 0x8a, 0xcd, 0xa3, 0xaa, 0x9b, 0x47, 0x4a,
  0xca, 0xa3, 0xe9, 0xc3, 0xc5, 0xa2, 0xab, 0xd4, 0xed, 0xfd, 0x4d, 0xed, 0x4d, 0xf5, 0xee, 0xfd,
  0x8a, 0xd4, 0xa8, 0xbb, 0x87, 0xb3, 0x49, 0xc4, 0x09, 0xc4, 0xc7, 0xbb, 0xa7, 0xbb, 0xa8, 0xbb,
  0x67, 0xb3, 0xab, 0xd4, 0x0c, 0xdd, 0x8d, 0xed, 0x6e, 0xe5, 0xc7, 0x59, 0x27, 0x41, 0x87, 0x51,
  0xcc, 0xcc, 0x09, 0x93, 0x69, 0x51, 0xcd, 0x82, 0x4f, 0x93, 0xee, 0x82, 0x54, 0xac, 0x13, 0xac,
  0x75, 0xac, 0xb1, 0x9b, 0x4c, 0xa3, 0xa8, 0xc3, 0x6a, 0xb3, 0xef, 0xc4, 0xaf, 0xe5, 0xc9, 0xcb,
  0x86, 0xc2, 0x86, 0xba, 0xe7, 0xd2, 0xc7, 0xda, 0xc7, 0xda, 0x08, 0xe3, 0xc7, 0xe2, 0x69, 0xe3,
  0xef, 0xfd, 0xee, 0xf5, 0x8a, 0xd4, 0x0b, 0xe5, 0xed, 0xdc, 0x6b, 0x92, 0x73, 0xb4, 0x19, 0xd6,
  0x19, 0xde, 0x14, 0x9d, 0x48, 0x32, 0xcd, 0x93, 0x18, 0xde, 0xf8, 0xd5, 0x18, 0xd6, 0x18, 0xd6,
  0xf8, 0xd5, 0xf8, 0xd5, 0xd7, 0xcd, 0xb7, 0xcd, 0xf8, 0xc5, 0x6a, 0x42, 0x61, 0x08, 0xc3, 0x18,
  0x04, 0x21, 0x46, 0x31, 0x46, 0x39, 0x06, 0x39, 0x27, 0x39, 0x07, 0x39, 0xc6, 0x30, 0x0f, 0x7b,
  0xb2, 0x8b, 0x10, 0x7b, 0x51, 0x83, 0x30, 0x7b, 0xce, 0x72, 0xad, 0x72, 0x8e, 0x72, 0x0b, 0x5a,
  0xc3, 0x08, 0xc3, 0x08, 0xa2, 0x00, 0x82, 0x00, 0xc3, 0x08, 0x04, 0x11, 0xc3, 0x08, 0xa2, 0x08,
  0x64, 0x21, 0x44, 0x19, 0xa2, 0x08, 0xc2, 0x08, 0xa2, 0x08, 0x82, 0x08, 0x81, 0x00, 0x64, 0x21,
  0x23, 0x19, 0xa1, 0x08, 0xc2, 0x08, 0xa2, 0x08, 0xc2, 0x08, 0xa2, 0x08, 0x81, 0x00, 0x61, 0x00,
  0x61, 0x00, 0x61, 0x00, 0x41, 0x00, 0xa3, 0x08, 0xc3, 0x08, 0x82, 0x08, 0xa2, 0x08, 0xe4, 0x10,
  0xe9, 0x41, 0xa8, 0x41, 0xe4, 0x18, 0xe4, 0x10, 0x45, 0x21, 0xe7, 0x31, 0x88, 0x42, 0x44, 0x19,
  0xe5, 0x39, 0x47, 0x8b, 0xa8, 0xb3, 0x68, 0xb3, 0x86, 0xa2, 0x04, 0x8a, 0xe3, 0x81, 0xc4, 0x81,
  0x86, 0xa2, 0x86, 0xb2, 0x26, 0xaa, 0x26, 0x8a, 0x06, 0x52, 0x66, 0x62, 0x88, 0xab, 0xc9, 0xb3,
  0xa8, 0xb3, 0x07, 0x93, 0x05, 0x42, 0x29, 0x8b, 0x0c, 0xdc, 0xe7, 0xba, 0xa7, 0xc2, 0x89, 0xd3,
  0x4a, 0xd4, 0x0c, 0xe5, 0x8a, 0x93, 0x8a, 0x6a, 0x31, 0xac, 0x72, 0xcd, 0x8a, 0x83, 0x26, 0x4a,
  0x8b, 0xcc, 0x0d, 0xf5, 0xa6, 0xc2, 0x49, 0xcb, 0xaa, 0xd3, 0x89, 0xd3, 0x68, 0xcb, 0x4a, 0xdc,
  0x09, 0xc4, 0xc8, 0xbb, 0xa7, 0xbb, 0x87, 0xb3, 0x28, 0xab, 0x06, 0xa3, 0x66, 0xb3, 0xa8, 0xbb,
  0x67, 0xab, 0x06, 0xab, 0x28, 0xbb, 0x8a, 0xcb, 0x66, 0x82, 0x86, 0x51, 0xe8, 0x51, 0xa7, 0x61,
  0x4a, 0xc3, 0xe8, 0xba, 0xcb, 0x92, 0x2b, 0x6a, 0x8d, 0x72, 0x30, 0x8b, 0x91, 0x93, 0xf6, 0xb4,
  0x34, 0xa4, 0xb1, 0x9b, 0x2d, 0x93, 0x4d, 0x9b, 0x2d, 0x93, 0xeb, 0xab, 0x0a, 0xbc, 0x47, 0xbb,
  0x65, 0xa2, 0xe4, 0x91, 0x66, 0xb2, 0x86, 0xc2, 0xa7, 0xd2, 0x48, 0xe3, 0x89, 0xe3, 0xea, 0xeb,
  0xae, 0xf5, 0x6d, 0xe5, 0xeb, 0xdc, 0x8a, 0xd4, 0x09, 0x9b, 0x4b, 0x8a, 0x53, 0xb4, 0x18, 0xd6,
  0x19, 0xce, 0x2d, 0x53, 0x67, 0x4a, 0x54, 0xbd, 0x18, 0xd6, 0xf8, 0xd5, 0xf8, 0xd5, 0x18, 0xd6,
  0xf8, 0xd5, 0xf8, 0xd5, 0xd7, 0xcd, 0xd8, 0xc5, 0x53, 0x9c, 0x2b, 0x5a, 0x25, 0x21, 0x66, 0x29,
  0x66, 0x31, 0x46, 0x31, 0x26, 0x31, 0x06, 0x29, 0x06, 0x29, 0xc6, 0x30, 0xa9, 0x49, 0xf2, 0x93,
  0x51, 0x83, 0x29, 0x39, 0x8a, 0x49, 0xef, 0x72, 0xd2, 0x8b, 0xb2, 0x8b, 0xef, 0x72, 0x4c, 0x5a,
  0xc3, 0x08, 0xc3, 0x08, 0xa2, 0x08, 0x82, 0x00, 0xa2, 0x08, 0xa3, 0x08, 0xa3, 0x08, 0xa2, 0x08,
  0x85, 0x21, 0x24, 0x19, 0x61, 0x00, 0x61, 0x00, 0x61, 0x00, 0x61, 0x00, 0xc2, 0x08, 0x85, 0x21,
  0xc2, 0x08, 0xa2, 0x08, 0xc2, 0x08, 0xe3, 0x10, 0xe3, 0x10, 0xc2, 0x08, 0xa2, 0x00, 0x61, 0x00,
  0x61, 0x00, 0x41, 0x00, 0xa2, 0x08, 0xe3, 0x10, 0x82, 0x00, 0x82, 0x08, 0xa2, 0x08, 0xc3, 0x10,
  0x25, 0x21, 0xc3, 0x10, 0xa2, 0x08, 0xc2, 0x08, 0x24, 0x19, 0x07, 0x32, 0x68, 0x3a, 0xc5, 0x29,
  0x26, 0x3a, 0xa5, 0x62, 0xc8, 0xb3, 0x88, 0xab, 0x07, 0xa3, 0xc6, 0x9a, 0xc6, 0x9a, 0xe7, 0x9a,
  0xe6, 0xaa, 0x87, 0xc3, 0x06, 0xa3, 0xe5, 0x59, 0x67, 0x4a, 0xa9, 0x9b, 0x66, 0xab, 0x47, 0xab,
  0x47, 0xb3, 0xe7, 0x82, 0x45, 0x42, 0xa6, 0x7a, 0xa9, 0xab, 0x28, 0xbb, 0xa6, 0xc2, 0xe9, 0xd3,
  0x2d, 0xed, 0x6b, 0xcc, 0x67, 0x5a, 0x0d, 0x83, 0x93, 0xb4, 0x6e, 0xb4, 0x46, 0x52, 0xca, 0x8b,
  0x8a, 0xbc, 0xac, 0xd4, 0x49, 0xcb, 0x66, 0xba, 0x87, 0xc2, 0x46, 0xb2, 0x46, 0xb2, 0x89, 0xcb,
  0xe9, 0xc3, 0xa8, 0xbb, 0xa8, 0xbb, 0x88, 0xbb, 0x28, 0xab, 0x88, 0xb3, 0x87, 0xb3, 0xa8, 0xbb,
  0xa7, 0xbb, 0x47, 0xc3, 0xc7, 0xd2, 0x67, 0xba, 0x06, 0x82, 0x68, 0x5a, 0x07, 0x5a, 0xa6, 0x71,
  0x69, 0xaa, 0x48, 0x92, 0x69, 0x82, 0xa8, 0x51, 0x88, 0x49, 0x48, 0x49, 0x8a, 0x59, 0xf3, 0x9b,
  0xb1, 0x93, 0x71, 0x93, 0xb3, 0x9b, 0x10, 0x7b, 0xeb, 0x61, 0x47, 0x72, 0xa8, 0x8a, 0xc9, 0x92,
  0xe8, 0x9a, 0x25, 0x92, 0xa4, 0x91, 0x26, 0xaa, 0x28, 0xd3, 0xcd, 0xf4, 0xcf, 0xf5, 0xce, 0xf5,
  0xef, 0xf5, 0x8e, 0xed, 0x8c, 0xed, 0xab, 0xcc, 0x6a, 0x82, 0x6b, 0x8a, 0x31, 0xac, 0x39, 0xde,
  0x94, 0x8c, 0xe8, 0x29, 0x47, 0x42, 0x50, 0x94, 0x38, 0xd6, 0xf8, 0xd5, 0xf8, 0xd5, 0xf8, 0xd5,
  0xf8, 0xd5, 0xf8, 0xcd, 0xb7, 0xcd, 0xd7, 0xcd, 0x56, 0xb5, 0x6e, 0x73, 0xe9, 0x39, 0x09, 0x42,
  0xa7, 0x39, 0x25, 0x21, 0xc4, 0x18, 0x05, 0x21, 0xc4, 0x18, 0x27, 0x39, 0xca, 0x51, 0xb2, 0x8b,
  0xd2, 0x8b, 0x6d, 0x62, 0x2c, 0x5a, 0xaa, 0x49, 0xeb, 0x51, 0xeb, 0x51, 0xcb, 0x51, 0xcb, 0x51,
  0xc3, 0x08, 0xc3, 0x08, 0xa2, 0x08, 0x82, 0x00, 0x82, 0x00, 0xa2, 0x08, 0xa3, 0x08, 0xa2, 0x08,
  0x85, 0x21, 0x24, 0x19, 0x61, 0x00, 0x61, 0x00, 0x41, 0x00, 0x61, 0x00, 0x64, 0x21, 0x43, 0x19,
  0xa1, 0x00, 0xe2, 0x10, 0x03, 0x11, 0x03, 0x11, 0x03, 0x11, 0xe3, 0x10, 0xa2, 0x08, 0x61, 0x00,
  0x61, 0x00, 0xa2, 0x08, 0xe3, 0x10, 0x82, 0x08, 0x82, 0x08, 0x82, 0x08, 0xa2, 0x08, 0xc3, 0x08,
  0x04, 0x11, 0xc2, 0x08, 0xa2, 0x08, 0xa2, 0x08, 0x03, 0x11, 0x48, 0x3a, 0x27, 0x32, 0xe6, 0x31,
  0x26, 0x3a, 0x45, 0x4a, 0x67, 0xa3, 0x88, 0xb3, 0x47, 0xa3, 0x67, 0xab, 0x88, 0xab, 0x88, 0xab,
  0xe9, 0xbb, 0xce, 0xf5, 0x0d, 0xd5, 0x05, 0x42, 0xc7, 0x5a, 0x4d, 0xdd, 0x4a, 0xc4, 0x09, 0xc4,
  0xcc, 0xe4, 0x07, 0x7b, 0xe7, 0x62, 0xec, 0xdc, 0x68, 0xb3, 0x49, 0xab, 0xa8, 0xc3, 0xac, 0xe4,
  0x2e, 0xed, 0xa9, 0xa3, 0xe9, 0x62, 0x6e, 0x93, 0x10, 0x9c, 0x68, 0x5a, 0x27, 0x4a, 0xe8, 0x5a,
  0xc7, 0x62, 0x87, 0x7a, 0xc8, 0xc2, 0xa7, 0xc2, 0x87, 0xc2, 0x87, 0xc2, 0xa7, 0xba, 0xa7, 0xba,
  0xe6, 0xb2, 0xa8, 0xc3, 0xa8, 0xbb, 0x67, 0xb3, 0xc9, 0xb3, 0x2b, 0xc4, 0x67, 0xb3, 0xc8, 0xbb,
  0x0c, 0xed, 0x6b, 0xe4, 0xc8, 0xd2, 0x09, 0xd3, 0x88, 0x8a, 0x27, 0x42, 0x48, 0x8a, 0x48, 0x9a,
  0xa6, 0x59, 0x47, 0x41, 0x47, 0x41, 0x88, 0x49, 0x67, 0x41, 0x68, 0x59, 0xaa, 0x69, 0x71, 0x93,
  0x2f, 0x8b, 0x8c, 0x72, 0x0c, 0x62, 0x4d, 0x6a, 0x0b, 0x6a, 0x89, 0x59, 0x88, 0x59, 0x88, 0x61,
  0x48, 0x82, 0x48, 0xb3, 0x07, 0xab, 0x6a, 0xd4, 0xaf, 0xf5, 0xf0, 0xfd, 0x0f, 0xf6, 0xef, 0xf5,
  0xee, 0xf5, 0xef, 0xf5, 0x4c, 0xe5, 0x2b, 0xc4, 0x8b, 0x8a, 0x6c, 0x82, 0x31, 0xa4, 0xf9, 0xbd,
  0x6c, 0x3a, 0xa6, 0x31, 0xc8, 0x72, 0x32, 0xc5, 0x18, 0xd6, 0xf8, 0xcd, 0x18, 0xd6, 0xf8, 0xd5,
  0xf8, 0xcd, 0xd7, 0xcd, 0xf7, 0xcd, 0x37, 0x9d, 0x70, 0x53, 0x2a, 0x3a, 0xe9, 0x41, 0x87, 0x29,
  0x05, 0x19, 0xa3, 0x10, 0xa3, 0x10, 0xc4, 0x10, 0xa4, 0x18, 0x68, 0x41, 0x69, 0x49, 0xef, 0x72,
  0xf3, 0x93, 0xcf, 0x6a, 0xd3, 0x8b, 0x6d, 0x5a, 0x08, 0x29, 0x8a, 0x41, 0x4d, 0x5a, 0xce, 0x6a,
  0xe3, 0x08, 0xa2, 0x08, 0xc3, 0x08, 0x82, 0x00, 0x82, 0x00, 0xa2, 0x08, 0xc3, 0x08, 0xa2, 0x08,
  0x64, 0x21, 0x24, 0x19, 0x61, 0x00, 0x61, 0x00, 0x41, 0x00, 0xe3, 0x10, 0xc5, 0x29, 0xc1, 0x10,
  0xe2, 0x10, 0x23, 0x19, 0x24, 0x19, 0x03, 0x11, 0xe3, 0x10, 0xa2, 0x08, 0x81, 0x00, 0x82, 0x00,
  0xc3, 0x10, 0xc3, 0x10, 0x61, 0x00, 0x82, 0x08, 0xa3, 0x08, 0xa2, 0x08, 0xa2, 0x08, 0xc3, 0x08,
  0x04, 0x11, 0x04, 0x19, 0xa2, 0x08, 0xc2, 0x08, 0x24, 0x19, 0x68, 0x3a, 0x06, 0x32, 0x44, 0x21,
  0x24, 0x21, 0xe2, 0x10, 0x07, 0x83, 0xa8, 0xb3, 0x27, 0xa3, 0x47, 0xab, 0x67, 0xab, 0x88, 0xb3,
  0x4e, 0xe5, 0xef, 0xf5, 0xeb, 0x9b, 0xc6, 0x31, 0x29, 0x7b, 0x6b, 0xd4, 0xe9, 0xc3, 0x4e, 0xf5,
  0x2d, 0xe5, 0x86, 0x5a, 0xea, 0x93, 0x0d, 0xd5, 0x29, 0x8b, 0x49, 0xa3, 0x68, 0xab, 0xcb, 0xd4,
  0x0c, 0xc4, 0x0a, 0x73, 0x2c, 0x73, 0x4e, 0x93, 0x30, 0x94, 0x47, 0x3a, 0x67, 0x52, 0x66, 0x62,
  0x66, 0x72, 0x26, 0x82, 0x67, 0xb2, 0x67, 0xba, 0x25, 0xb2, 0x46, 0xb2, 0x66, 0xb2, 0x46, 0xba,
  0xe7, 0xc2, 0x6b, 0xdc, 0x6d, 0xed, 0x49, 0xcc, 0xa9, 0xb3, 0x4b, 0xc4, 0x87, 0xb3, 0x4a, 0xcc,
  0x2c, 0xdd, 0x6e, 0xed, 0x68, 0xdb, 0xc8, 0xc2, 0x27, 0x5a, 0x28, 0x62, 0xa9, 0xb2, 0x47, 0x82,
  0xc6, 0x49, 0xc9, 0x51, 0xe9, 0x51, 0x88, 0x49, 0x66, 0x49, 0x6a, 0xa3, 0xac, 0xb3, 0x4c, 0x72,
  0x50, 0x8b, 0x2c, 0x93, 0x4d, 0xbc, 0x09, 0x7a, 0x89, 0x69, 0x29, 0x7a, 0x09, 0x9b, 0xa9, 0xab,
  0x4a, 0xc4, 0x6d, 0xe5, 0x49, 0xcc, 0x89, 0xcc, 0x6d, 0xe5, 0xae, 0xe5, 0x2c, 0xdd, 0x0f, 0xfe,
  0x0f, 0xf6, 0xee, 0xf5, 0x6a, 0xcc, 0x89, 0x92, 0x8c, 0x8a, 0x4b, 0x82, 0x73, 0xac, 0x52, 0x6c,
  0x45, 0x19, 0x4b, 0x8b, 0xb4, 0xd5, 0x17, 0xce, 0xf8, 0xcd, 0xf8, 0xcd, 0xf8, 0xcd, 0xd7, 0xcd,
  0xd7, 0xcd, 0xf9, 0xcd, 0xb4, 0x7c, 0xac, 0x32, 0x09, 0x3a, 0x0d, 0x73, 0xe8, 0x41, 0x82, 0x00,
  0xa3, 0x08, 0xe4, 0x10, 0x04, 0x19, 0xa3, 0x08, 0xa3, 0x10, 0x68, 0x41, 0x48, 0x41, 0x2c, 0x5a,
  0x91, 0x83, 0x6d, 0x62, 0xcf, 0x62, 0x50, 0x6b, 0xaa, 0x31, 0x17, 0x9d, 0x9c, 0xc6, 0x1e, 0xd7,
  0xc3, 0x08, 0x82, 0x00, 0xc3, 0x08, 0xa2, 0x08, 0x82, 0x08, 0xa2, 0x08, 0xc3, 0x08, 0xa2, 0x08,
  0x64, 0x21, 0x24, 0x19, 0x61, 0x00, 0x82, 0x08, 0xc2, 0x10, 0x64, 0x21, 0xa5, 0x29, 0xc1, 0x08,
  0x44, 0x21, 0x44, 0x19, 0x24, 0x19, 0xe3, 0x10, 0xa2, 0x08, 0x81, 0x00, 0xa2, 0x08, 0xe3, 0x10,
  0xc2, 0x08, 0x61, 0x00, 0x61, 0x00, 0xa2, 0x08, 0xe3, 0x10, 0xc3, 0x10, 0xc3, 0x10, 0xc3, 0x08,
  0xc3, 0x08, 0x04, 0x11, 0xe3, 0x10, 0xe3, 0x10, 0x85, 0x21, 0x88, 0x42, 0xe6, 0x31, 0x44, 0x19,
  0x03, 0x11, 0xc3, 0x08, 0x46, 0x5a, 0x2a, 0xcc, 0x26, 0x9b, 0x67, 0xab, 0x47, 0xa3, 0xec, 0xd4,
  0xf0, 0xf5, 0x6e, 0xe5, 0x66, 0x62, 0x27, 0x3a, 0x4a, 0x9b, 0x69, 0xd3, 0xa6, 0xaa, 0xe7, 0xba,
  0xc7, 0x9a, 0x67, 0x52, 0xad, 0xb4, 0x08, 0x73, 0x66, 0x5a, 0xcc, 0xd4, 0xa7, 0x9a, 0x08, 0x9b,
  0x91, 0xb4, 0x6c, 0x6b, 0x8e, 0x8b, 0x4e, 0x93, 0xb1, 0x9c, 0x47, 0x42, 0xe9, 0x72, 0x6b, 0xcc,
  0x69, 0xc3, 0x46, 0xb2, 0x26, 0xaa, 0x66, 0xba, 0x66, 0xba, 0x87, 0xc2, 0x87, 0xc2, 0xa7, 0xc2,
  0xc7, 0xca, 0x6b, 0xe4, 0xce, 0xf5, 0x4d, 0xe5, 0xa9, 0xb3, 0x48, 0xab, 0x09, 0xcc, 0xc9, 0xab,
  0xaa, 0x8b, 0x8e, 0xf5, 0x47, 0xcb, 0x46, 0x7a, 0x27, 0x4a, 0x69, 0x82, 0x07, 0x72, 0x07, 0x52,
  0x28, 0x4a, 0x09, 0x4a, 0xe8, 0x59, 0x46, 0x41, 0x09, 0x8b, 0x6d, 0xed, 0x4c, 0xed, 0xca, 0x92,
  0x6d, 0x72, 0x0a, 0x6a, 0xee, 0xd4, 0x0d, 0xdd, 0x28, 0xa3, 0xed, 0xdc, 0xeb, 0xdc, 0x69, 0xcc,
  0xce, 0xf5, 0x0f, 0xfe, 0x6a, 0xcc, 0xa8, 0xb3, 0xc8, 0xb3, 0xc8, 0xb3, 0x09, 0xbc, 0x4d, 0xe5,
  0xaa, 0xcc, 0x49, 0xc4, 0x49, 0xa3, 0x6c, 0x82, 0x8d, 0x82, 0x6c, 0x8a, 0x90, 0x83, 0x08, 0x22,
  0xe6, 0x49, 0x96, 0xcd, 0xf8, 0xcd, 0xf7, 0xcd, 0xf8, 0xcd, 0xf8, 0xcd, 0xf7, 0xcd, 0xf7, 0xcd,
  0xf8, 0xc5, 0x33, 0x6c, 0x6b, 0x32, 0x28, 0x4a, 0x49, 0x62, 0x2e, 0x93, 0x29, 0x42, 0x61, 0x00,
  0xc3, 0x08, 0x25, 0x19, 0x24, 0x19, 0xc3, 0x08, 0x82, 0x00, 0xe5, 0x20, 0x27, 0x39, 0x89, 0x49,
  0xce, 0x72, 0xeb, 0x51, 0xae, 0x62, 0xf3, 0x7b, 0xf2, 0x7b, 0x7f, 0xdf, 0x9c, 0xbe, 0xda, 0xa5,
  0xa2, 0x08, 0x82, 0x00, 0xa2, 0x08, 0xa2, 0x08, 0xa2, 0x08, 0xa2, 0x08, 0xa3, 0x08, 0xa2, 0x08,
  0x64, 0x21, 0x24, 0x19, 0x81, 0x00, 0x04, 0x19, 0x03, 0x19, 0x85, 0x21, 0x43, 0x19, 0x23, 0x19,
  0x64, 0x21, 0x23, 0x19, 0xc2, 0x10, 0xa2, 0x08, 0x81, 0x00, 0xc2, 0x08, 0x04, 0x11, 0xa2, 0x08,
  0x41, 0x00, 0x62, 0x00, 0xc3, 0x10, 0xc3, 0x10, 0xe3, 0x10, 0xc3, 0x10, 0xc3, 0x10, 0xe3, 0x10,
  0xc3, 0x10, 0xe3, 0x10, 0x04, 0x11, 0xe3, 0x10, 0xc6, 0x29, 0x68, 0x3a, 0xa5, 0x21, 0x85, 0x21,
  0x23, 0x19, 0xe3, 0x10, 0xe2, 0x18, 0x68, 0x8b, 0x87, 0xab, 0x47, 0x9b, 0xc8, 0xab, 0x8b, 0xc4,
  0x8b, 0xc4, 0x2d, 0xdd, 0x08, 0x7b, 0x27, 0x3a, 0x87, 0x8a, 0xc7, 0xca, 0x26, 0x9a, 0xa8, 0xa2,
  0x07, 0x6a, 0x67, 0x4a, 0x29, 0x6b, 0x06, 0x3a, 0xa8, 0x8b, 0xcb, 0xd4, 0x09, 0x9b, 0x8b, 0x82,
  0x92, 0xac, 0x2b, 0x63, 0x8f, 0x93, 0x6e, 0x93, 0x91, 0x9c, 0x27, 0x42, 0x2b, 0xb4, 0xae, 0xfd,
  0x0a, 0xd4, 0x87, 0xc2, 0x25, 0xb2, 0x45, 0xaa, 0xc7, 0xc2, 0x87, 0xba, 0x87, 0xca, 0x86, 0xba,
  0x86, 0xc2, 0xa9, 0xcb, 0xae, 0xed, 0xce, 0xf5, 0xcc, 0xdc, 0xa7, 0x92, 0x8b, 0xd4, 0xa8, 0x93,
  0x86, 0x5a, 0x2b, 0xd4, 0x86, 0x9a, 0x46, 0x42, 0x47, 0x42, 0x48, 0x4a, 0x28, 0x42, 0xe7, 0x41,
  0x28, 0x6a, 0xa6, 0x59, 0x0b, 0xb4, 0x88, 0x72, 0xab, 0x9b, 0xce, 0xfd, 0x6c, 0xe5, 0xac, 0xd4,
  0xc9, 0x71, 0x69, 0x61, 0x8d, 0xcc, 0xce, 0xf5, 0xab, 0xd4, 0x8e, 0xed, 0x6d, 0xed, 0x0c, 0xe5,
  0xec, 0xdc, 0x6e, 0xed, 0x2d, 0xe5, 0xc9, 0xbb, 0x88, 0xab, 0xa8, 0xab, 0xa8, 0xb3, 0x47, 0xa3,
  0x67, 0xab, 0xc9, 0xb3, 0xc8, 0x9a, 0x6c, 0x82, 0x8c, 0x82, 0xad, 0x82, 0x09, 0x42, 0x25, 0x21,
  0xee, 0xa3, 0xf7, 0xd5, 0xd7, 0xc5, 0xf7, 0xcd, 0xf7, 0xcd, 0xf7, 0xcd, 0xf7, 0xcd, 0x19, 0xc6,
  0x32, 0x6c, 0x68, 0x2a, 0x07, 0x4a, 0x4a, 0x72, 0xcc, 0x82, 0x0e, 0x93, 0x09, 0x52, 0xa2, 0x00,
  0xe3, 0x10, 0x24, 0x19, 0x24, 0x11, 0xc3, 0x08, 0xa3, 0x00, 0x62, 0x00, 0xa4, 0x10, 0x27, 0x31,
  0x0b, 0x5a, 0xaa, 0x49, 0xf2, 0x83, 0x1a, 0xb6, 0x94, 0x84, 0x5f, 0xd7, 0x5f, 0xd7, 0xdd, 0xc6,
  0x82, 0x00, 0x82, 0x00, 0xa2, 0x08, 0xa3, 0x08, 0xa2, 0x08, 0xa2, 0x08, 0xa2, 0x08, 0xa2, 0x08,
  0x44, 0x19, 0x24, 0x19, 0xc2, 0x08, 0x24, 0x19, 0xe3, 0x10, 0xc5, 0x29, 0x23, 0x19, 0x64, 0x21,
  0x24, 0x19, 0xa2, 0x08, 0x61, 0x00, 0x81, 0x00, 0xc2, 0x08, 0x04, 0x11, 0xa2, 0x08, 0x61, 0x00,
  0x82, 0x08, 0xc3, 0x10, 0x04, 0x19, 0xe3, 0x10, 0xc3, 0x10, 0xe3, 0x10, 0xe3, 0x10, 0xe3, 0x10,
  0xc3, 0x10, 0xc3, 0x10, 0xe4, 0x10, 0xe3, 0x10, 0x07, 0x32, 0x07, 0x32, 0x44, 0x19, 0xa5, 0x21,
  0x43, 0x19, 0x02, 0x19, 0xa1, 0x08, 0xc3, 0x49, 0x68, 0xab, 0x67, 0xa3, 0x68, 0xab, 0xc8, 0xb3,
  0x69, 0xc4, 0x09, 0xc4, 0xe8, 0x7a, 0x27, 0x42, 0x46, 0x8a, 0xa7, 0xba, 0xc7, 0xba, 0x87, 0x92,
  0x06, 0x4a, 0x47, 0x3a, 0x47, 0x32, 0xc7, 0x5a, 0x2d, 0xdd, 0xab, 0xd4, 0x4a, 0xa3, 0x92, 0xb4,
  0x30, 0x94, 0x2c, 0x63, 0x4e, 0x93, 0xd0, 0xa3, 0xcf, 0x83, 0x47, 0x4a, 0xad, 0xd4, 0x4e, 0xed,
  0x2a, 0xd4, 0xc8, 0xc2, 0xe9, 0xba, 0xc7, 0xb2, 0x45, 0xb2, 0x66, 0xba, 0xa7, 0xd2, 0xa7, 0xca,
  0x48, 0xcb, 0x2b, 0xcc, 0x4a, 0xcc, 0x8e, 0xf5, 0x6e, 0xe5, 0x89, 0x7a, 0x08, 0x8b, 0xc7, 0x72,
  0x27, 0x3a, 0x68, 0x6a, 0x47, 0x52, 0x88, 0x4a, 0x88, 0x42, 0x27, 0x3a, 0xc6, 0x49, 0x08, 0x9b,
  0x8a, 0xc3, 0xcb, 0xbb, 0xed, 0xdc, 0x46, 0x62, 0x6a, 0x8b, 0x6e, 0xed, 0x6d, 0xe5, 0x2e, 0xf5,
  0x49, 0x92, 0xa8, 0x71, 0xea, 0xc3, 0x6e, 0xed, 0x4d, 0xed, 0x2c, 0xe5, 0x8e, 0xf5, 0xaf, 0xf5,
  0x2c, 0xe5, 0x6a, 0xcc, 0xe9, 0xc3, 0xc9, 0xbb, 0x26, 0xa3, 0xc9, 0xbb, 0xe8, 0x9a, 0x67, 0x8a,
  0xa8, 0xab, 0xa7, 0x92, 0x4a, 0x82, 0x8c, 0x82, 0x8d, 0x8a, 0x6b, 0x6a, 0x65, 0x19, 0x89, 0x6a,
  0xb6, 0xd5, 0xd7, 0xcd, 0xd7, 0xcd, 0xf7, 0xcd, 0xf8, 0xcd, 0xd7, 0xcd, 0x18, 0xce, 0xb5, 0x84,
  0x49, 0x32, 0x26, 0x52, 0x4d, 0x9b, 0x92, 0xb4, 0x14, 0xbd, 0x56, 0xc5, 0x11, 0x94, 0xe3, 0x10,
  0xe3, 0x10, 0x04, 0x11, 0x04, 0x11, 0xc3, 0x08, 0xa2, 0x00, 0x83, 0x00, 0x83, 0x00, 0xa4, 0x10,
  0x89, 0x41, 0x88, 0x39, 0x37, 0x9d, 0x5f, 0xdf, 0x57, 0x9d, 0x6f, 0x5b, 0x4e, 0x5b, 0x49, 0x32,
  0xa2, 0x08, 0xa2, 0x00, 0xa2, 0x08, 0xc3, 0x08, 0xa2, 0x08, 0xa2, 0x08, 0xa2, 0x08, 0xa2, 0x08,
  0x44, 0x19, 0x24, 0x19, 0x03, 0x11, 0x24, 0x19, 0x03, 0x19, 0xc6, 0x31, 0x03, 0x11, 0x24, 0x19,
  0xa2, 0x08, 0x61, 0x00, 0x61, 0x00, 0xc2, 0x08, 0x04, 0x11, 0xc3, 0x08, 0x62, 0x00, 0x82, 0x08,
  0xe4, 0x10, 0x04, 0x19, 0xe3, 0x10, 0xa2, 0x08, 0xc3, 0x08, 0xe3, 0x10, 0xc3, 0x08, 0xe3, 0x10,
  0x04, 0x19, 0xc3, 0x10, 0xc3, 0x10, 0x03, 0x11, 0x47, 0x3a, 0xc6, 0x29, 0xe3, 0x10, 0x85, 0x21,
  0x64, 0x21, 0x03, 0x11, 0x02, 0x19, 0xa9, 0xa3, 0xa8, 0xb3, 0x46, 0xa3, 0x27, 0xa3, 0xec, 0xdc,
  0xef, 0xfd, 0x8c, 0xdc, 0x06, 0x5a, 0x47, 0x6a, 0x87, 0xaa, 0x46, 0x9a, 0x87, 0xaa, 0x26, 0x6a,
  0x46, 0x4a, 0x67, 0x5a, 0xc8, 0x72, 0xab, 0xc4, 0x4d, 0xe5, 0xe9, 0xbb, 0x6a, 0xa3, 0x75, 0xc5,
  0xcf, 0x83, 0xae, 0x73, 0x0d, 0x8b, 0xd0, 0x9b, 0x0c, 0x63, 0x06, 0x4a, 0x4b, 0xc4, 0xec, 0xdc,
  0x0d, 0xed, 0x8a, 0xcb, 0xad, 0xb3, 0x4d, 0xcc, 0xaa, 0xd3, 0x86, 0x9a, 0xa7, 0x9a, 0x87, 0x9a,
  0x29, 0x9b, 0xeb, 0x93, 0xa7, 0x62, 0xa7, 0x62, 0x87, 0x5a, 0x06, 0x4a, 0x06, 0x52, 0x47, 0x5a,
  0x88, 0x4a, 0x27, 0x32, 0x06, 0x32, 0xa5, 0x29, 0x84, 0x31, 0xc5, 0x61, 0x69, 0xbb, 0xec, 0xec,
  0x0c, 0xdd, 0x6e, 0xed, 0x6a, 0xcc, 0xa7, 0x6a, 0xaa, 0x93, 0x0f, 0xfe, 0x8b, 0xe4, 0x28, 0xdb,
  0x68, 0xb2, 0xc7, 0x89, 0x45, 0x9a, 0xa9, 0xd3, 0xe7, 0xc2, 0xa8, 0xc3, 0xcf, 0xf5, 0xcf, 0xfd,
  0xcf, 0xfd, 0x6d, 0xed, 0xe8, 0x9a, 0x89, 0x8a, 0x4a, 0xa3, 0xe9, 0x9a, 0x49, 0x82, 0x2b, 0x7a,
  0xc6, 0x69, 0x08, 0x72, 0x6c, 0x82, 0x6d, 0x82, 0x8c, 0x7a, 0xa7, 0x31, 0x86, 0x31, 0xd3, 0xb4,
  0xd6, 0xcd, 0xb6, 0xc5, 0xd7, 0xc5, 0xd7, 0xcd, 0xd7, 0xcd, 0xf8, 0xcd, 0x76, 0xad, 0xab, 0x3a,
  0x69, 0x52, 0x10, 0xa4, 0xb6, 0xbd, 0x96, 0xc5, 0x75, 0xbd, 0x76, 0xbd, 0xf4, 0xac, 0x24, 0x19,
  0xc3, 0x08, 0xe3, 0x08, 0xe3, 0x08, 0xc3, 0x08, 0xa2, 0x08, 0x82, 0x00, 0x83, 0x00, 0x83, 0x00,
  0x26, 0x19, 0xe5, 0x18, 0xac, 0x42, 0xbc, 0xce, 0xbc, 0xc6, 0xc8, 0x29, 0x41, 0x00, 0x82, 0x00,
  0xc3, 0x08, 0xc6, 0x31, 0x64, 0x21, 0xa2, 0x08, 0xa2, 0x08, 0xa2, 0x08, 0xa2, 0x08, 0xa2, 0x08,
  0x24, 0x19, 0x44, 0x19, 0x24, 0x19, 0xe2, 0x10, 0x64, 0x21, 0x85, 0x21, 0xe3, 0x10, 0xa2, 0x08,
  0x41, 0x00, 0x61, 0x00, 0xc3, 0x08, 0x04, 0x11, 0xc3, 0x08, 0x82, 0x00, 0x82, 0x00, 0x82, 0x00,
  0xa2, 0x08, 0xa2, 0x08, 0xa2, 0x08, 0xa2, 0x08, 0xc3, 0x08, 0x04, 0x11, 0xc3, 0x10, 0x25, 0x29,
  0x67, 0x31, 0xe4, 0x10, 0xa3, 0x08, 0x03, 0x11, 0x68, 0x3a, 0x85, 0x21, 0xc2, 0x08, 0x85, 0x21,
  0x85, 0x21, 0x23, 0x11, 0x46, 0x5a, 0x6a, 0xcc, 0x46, 0xa3, 0x88, 0xab, 0x4a, 0xc4, 0x4e, 0xe5,
  0xae, 0xf5, 0x2b, 0xc4, 0x26, 0x52, 0x27, 0x8a, 0x47, 0xaa, 0x05, 0x8a, 0x46, 0x82, 0x26, 0x52,
  0x25, 0x7a, 0x28, 0xb3, 0x2e, 0xed, 0x6e, 0xed, 0x8e, 0xed, 0x09, 0xc4, 0xcd, 0xab, 0xd7, 0xc5,
  0x8d, 0x73, 0xcf, 0x7b, 0x2e, 0x8b, 0xd0, 0x9b, 0x08, 0x42, 0x27, 0x52, 0x6b, 0xcc, 0x6e, 0xfd,
  0x4d, 0xed, 0xec, 0xdc, 0xed, 0xa3, 0x4b, 0x83, 0x29, 0x83, 0x26, 0x52, 0x05, 0x42, 0x05, 0x4a,
  0x66, 0x62, 0xc7, 0x6a, 0x69, 0x8b, 0x6a, 0x93, 0x8b, 0x93, 0xee, 0x8b, 0x2c, 0x6b, 0xa8, 0x5a,
  0x06, 0x42, 0x84, 0x29, 0x63, 0x31, 0x86, 0x6a, 0x4a, 0xbc, 0xcd, 0xe4, 0x6e, 0xed, 0xab, 0xd4,
  0x4d, 0xe5, 0xab, 0xd4, 0x8b, 0xcc, 0xc7, 0x6a, 0x89, 0x83, 0xcc, 0xe4, 0xe7, 0xca, 0xe8, 0xd2,
  0xa8, 0xca, 0x67, 0xc2, 0xe5, 0xa1, 0xa7, 0xc2, 0x66, 0xba, 0xa6, 0xb2, 0x89, 0xcb, 0x8c, 0xe4,
  0x8e, 0xed, 0x6d, 0xe5, 0x0b, 0xbc, 0x8d, 0x9b, 0x96, 0xcd, 0xaf, 0x93, 0x0a, 0x7a, 0xc9, 0x59,
  0x88, 0x49, 0x6c, 0x82, 0x6c, 0x7a, 0x6c, 0x82, 0xe9, 0x49, 0x25, 0x21, 0x0c, 0x7b, 0xb6, 0xcd,
  0xb6, 0xbd, 0xb6, 0xc5, 0xd8, 0xcd, 0xf8, 0xcd, 0xd7, 0xc5, 0xf8, 0xc5, 0xd0, 0x63, 0x47, 0x2a,
  0x27, 0x42, 0x71, 0x9c, 0xb6, 0xbd, 0x75, 0xbd, 0x75, 0xbd, 0x75, 0xb5, 0x34, 0xad, 0x66, 0x29,
  0x81, 0x00, 0xa2, 0x00, 0xa2, 0x08, 0xa2, 0x00, 0xa2, 0x00, 0x82, 0x00, 0x82, 0x00, 0x82, 0x00,
  0x83, 0x00, 0x83, 0x00, 0x83, 0x00, 0x08, 0x2a, 0x29, 0x32, 0x04, 0x11, 0xc3, 0x08, 0xc3, 0x08,
  0xa2, 0x08, 0xc6, 0x31, 0xe8, 0x62, 0x02, 0x19, 0xa2, 0x08, 0xa2, 0x08, 0xa2, 0x08, 0xa2, 0x08,
  0x03, 0x11, 0x44, 0x19, 0x24, 0x19, 0xe2, 0x10, 0x84, 0x21, 0x43, 0x19, 0xe3, 0x10, 0x61, 0x00,
  0x61, 0x00, 0xc3, 0x08, 0xe3, 0x10, 0xc3, 0x08, 0x82, 0x00, 0x82, 0x00, 0x82, 0x00, 0x81, 0x00,
  0x61, 0x00, 0x62, 0x00, 0x82, 0x00, 0x82, 0x00, 0xe4, 0x10, 0x25, 0x19, 0xc3, 0x10, 0x87, 0x31,
  0x47, 0x31, 0xa3, 0x10, 0x82, 0x08, 0x24, 0x19, 0x88, 0x42, 0x65, 0x21, 0xa2, 0x08, 0x44, 0x19,
  0x85, 0x21, 0x24, 0x19, 0x43, 0x29, 0xe7, 0x82, 0x27, 0x9b, 0x6b, 0xc4, 0x4d, 0xe5, 0x2d, 0xe5,
  0xcf, 0xfd, 0x2a, 0xb4, 0x05, 0x42, 0x47, 0x82, 0x67, 0xa2, 0x46, 0x92, 0x26, 0x6a, 0x06, 0x52,
  0x67, 0x9a, 0xe7, 0xba, 0x0d, 0xe5, 0xaf, 0xf5, 0x4d, 0xed, 0x68, 0xb3, 0xce, 0xab, 0x11, 0x9c,
  0x69, 0x52, 0xec, 0x7a, 0xcd, 0x8a, 0x2d, 0x83, 0x65, 0x31, 0xaa, 0x62, 0x2d, 0xac, 0x2b, 0xac,
  0xea, 0x93, 0xe7, 0x72, 0xaa, 0x6a, 0x2b, 0x7b, 0xea, 0x7a, 0x4c, 0x8b, 0x67, 0x5a, 0x07, 0x4a,
  0xce, 0xcc, 0x8b, 0xcc, 0x6b, 0xb4, 0xab, 0x8b, 0xeb, 0x5a, 0x29, 0x32, 0xa6, 0x29, 0xc5, 0x39,
  0xe4, 0x51, 0xa6, 0x82, 0xea, 0xb3, 0x8e, 0xed, 0xee, 0xf5, 0xee, 0xf5, 0x4d, 0xe5, 0x29, 0xbc,
  0x0d, 0xdd, 0x09, 0xbc, 0x2d, 0xdd, 0xa7, 0x62, 0x28, 0x7b, 0x6b, 0xd4, 0xa9, 0xd3, 0xc7, 0xca,
  0x86, 0xc2, 0xa8, 0xca, 0x66, 0xc2, 0x46, 0xb2, 0x86, 0xba, 0x66, 0xc2, 0x87, 0xc2, 0xc7, 0xc2,
  0xcc, 0xec, 0x4d, 0xed, 0x0d, 0xed, 0x8c, 0x9b, 0x14, 0xb5, 0x92, 0xac, 0x6b, 0x82, 0x65, 0x41,
  0x45, 0x31, 0x4c, 0x82, 0x6c, 0x82, 0x2a, 0x52, 0x46, 0x21, 0xa8, 0x49, 0xd0, 0x9b, 0xb7, 0xc5,
  0x96, 0xc5, 0xd7, 0xc5, 0xf5, 0xac, 0xd1, 0x83, 0xd8, 0xc5, 0x56, 0xa5, 0x89, 0x3a, 0x47, 0x42,
  0xca, 0x82, 0xf2, 0xb4, 0x96, 0xbd, 0x75, 0xbd, 0x75, 0xbd, 0x75, 0xb5, 0x14, 0xad, 0x46, 0x29,
  0x62, 0x00, 0xa2, 0x08, 0x82, 0x00, 0x82, 0x00, 0x82, 0x00, 0xa2, 0x00, 0xa2, 0x00, 0xa2, 0x00,
  0x82, 0x00, 0xa2, 0x00, 0xa2, 0x00, 0x82, 0x00, 0xc3, 0x00, 0xc3, 0x00, 0xa2, 0x00, 0xa3, 0x00,
  0xe3, 0x10, 0x65, 0x21, 0xa8, 0x5a, 0xc5, 0x39, 0xa2, 0x08, 0xa2, 0x08, 0xa2, 0x08, 0xa2, 0x08,
  0xe3, 0x10, 0x65, 0x21, 0x24, 0x19, 0xc2, 0x08, 0x85, 0x29, 0x23, 0x19, 0x81, 0x00, 0x61, 0x00,
  0xe3, 0x10, 0xe3, 0x10, 0xa2, 0x08, 0xa2, 0x00, 0x82, 0x00, 0x82, 0x00, 0x82, 0x00, 0x82, 0x00,
  0x62, 0x00, 0x62, 0x00, 0x62, 0x00, 0x83, 0x08, 0x26, 0x21, 0xa8, 0x39, 0x46, 0x29, 0x88, 0x39,
  0xe5, 0x20, 0xc4, 0x18, 0xa3, 0x10, 0x44, 0x19, 0x88, 0x42, 0x44, 0x19, 0xa2, 0x08, 0x24, 0x19,
  0x85, 0x29, 0x03, 0x19, 0x81, 0x00, 0xa4, 0x41, 0x88, 0xa3, 0x4a, 0xc4, 0x8e, 0xed, 0xec, 0xdc,
  0x4d, 0xe5, 0xc9, 0x9b, 0x05, 0x4a, 0x46, 0x8a, 0x67, 0xa2, 0x87, 0xa2, 0x25, 0x5a, 0x26, 0x6a,
  0x67, 0xaa, 0xa7, 0xc2, 0x6b, 0xdc, 0x8e, 0xed, 0x49, 0xcc, 0x68, 0xb3, 0x8b, 0x8a, 0x6b, 0x7a,
  0xe8, 0x49, 0x09, 0x6a, 0x6b, 0x7a, 0xe8, 0x51, 0xc6, 0x39, 0xe7, 0x39, 0xea, 0x49, 0x8a, 0x7a,
  0xc8, 0x82, 0x29, 0x9b, 0xab, 0xb3, 0x6e, 0xb4, 0xce, 0x93, 0x4e, 0x8b, 0xe6, 0x51, 0x47, 0x3a,
  0xc8, 0x52, 0x45, 0x42, 0x04, 0x42, 0x47, 0x52, 0xea, 0x7a, 0x8c, 0x93, 0xcc, 0x9b, 0x8f, 0xc4,
  0xaf, 0xcc, 0xe9, 0xbb, 0xa8, 0xab, 0xcc, 0xd4, 0xae, 0xed, 0x8e, 0xed, 0xcb, 0xd4, 0xa8, 0xab,
  0xe9, 0xb3, 0x6b, 0xcc, 0xcd, 0xd4, 0x86, 0x5a, 0x4b, 0xac, 0x0d, 0xdd, 0x0a, 0xd4, 0xc7, 0xd2,
  0x66, 0xc2, 0x87, 0xca, 0x87, 0xc2, 0x67, 0xc2, 0x66, 0xba, 0x25, 0xaa, 0xc7, 0xc2, 0xa6, 0xc2,
  0x89, 0xd3, 0x6e, 0xf5, 0xae, 0xfd, 0x6b, 0xab, 0x0c, 0x8b, 0xb2, 0xb4, 0xd4, 0xbc, 0xec, 0x72,
  0xa3, 0x18, 0x4b, 0x72, 0x0a, 0x5a, 0x66, 0x19, 0x87, 0x39, 0x4b, 0x7a, 0xaf, 0x9b, 0xb7, 0xc5,
  0x96, 0xbd, 0xd7, 0xcd, 0x72, 0x9c, 0xe9, 0x39, 0xaf, 0x73, 0x11, 0x74, 0x07, 0x32, 0xcd, 0x9b,
  0x75, 0xd5, 0x96, 0xbd, 0x96, 0xbd, 0x95, 0xbd, 0x75, 0xb5, 0x75, 0xbd, 0x11, 0x9c, 0x05, 0x29,
  0x82, 0x00, 0xa2, 0x00, 0x82, 0x00, 0xa2, 0x00, 0xa2, 0x00, 0xa2, 0x00, 0xa2, 0x00, 0xa3, 0x00,
  0xa3, 0x00, 0xa2, 0x00, 0x82, 0x00, 0xa3, 0x00, 0xe3, 0x08, 0xa3, 0x00, 0xa2, 0x00, 0xa2, 0x00,
  0xe3, 0x10, 0x66, 0x29, 0xa6, 0x31, 0x06, 0x3a, 0xc3, 0x10, 0xa2, 0x08, 0x82, 0x00, 0xa2, 0x00,
  0xe3, 0x10, 0x85, 0x21, 0x03, 0x11, 0xc2, 0x08, 0xc5, 0x29, 0xc2, 0x10, 0x61, 0x00, 0xe3, 0x10,
  0xc3, 0x08, 0xa2, 0x00, 0xa2, 0x08, 0x82, 0x00, 0x82, 0x00, 0x82, 0x00, 0x82, 0x00, 0x62, 0x00,
  0x62, 0x00, 0x62, 0x00, 0x62, 0x00, 0x67, 0x29, 0xc9, 0x39, 0xea, 0x41, 0x2b, 0x4a, 0xc9, 0x41,
  0x68, 0x31, 0xc9, 0x39, 0x25, 0x21, 0xa6, 0x29, 0x88, 0x3a, 0x23, 0x19, 0xa2, 0x08, 0xc3, 0x10,
  0x65, 0x29, 0x03, 0x19, 0xe3, 0x18, 0xa7, 0x7a, 0x67, 0xa3, 0xc8, 0xb3, 0x8e, 0xed, 0x8e, 0xed,
  0xae, 0xf5, 0x89, 0x83, 0x26, 0x5a, 0x67, 0xaa, 0xa8, 0xba, 0x67, 0x9a, 0x05, 0x4a, 0x86, 0x92,
  0x87, 0xba, 0xa9, 0xcb, 0x0c, 0xed, 0xec, 0xe4, 0x2c, 0xed, 0x8b, 0xdc, 0x6b, 0x8a, 0x8c, 0x7a,
  0xe8, 0x49, 0x28, 0x52, 0x28, 0x4a, 0x28, 0x42, 0x28, 0x4a, 0xc8, 0x49, 0x89, 0x49, 0xee, 0x7a,
  0x4e, 0xcc, 0xed, 0xec, 0x2d, 0xed, 0x6d, 0x9b, 0x4d, 0x62, 0xce, 0x72, 0x87, 0x41, 0x47, 0x4a,
  0x67, 0x5a, 0x6b, 0x8b, 0x90, 0xb4, 0x33, 0xcd, 0xb6, 0xcd, 0xd7, 0xcd, 0xd7, 0xcd, 0xb7, 0xc5,
  0xd7, 0xc5, 0x6e, 0xb4, 0x68, 0xab, 0x87, 0xab, 0x29, 0xbc, 0xe9, 0xbb, 0x88, 0xab, 0x88, 0xab,
  0xa8, 0xb3, 0x4e, 0xe5, 0x0b, 0xa4, 0x25, 0x4a, 0xec, 0xc4, 0x4d, 0xe5, 0x4b, 0xdc, 0x86, 0xca,
  0xc8, 0xd2, 0x66, 0xba, 0x87, 0xba, 0xa7, 0xc2, 0x45, 0xb2, 0x45, 0xba, 0x87, 0xc2, 0x87, 0xc2,
  0x89, 0xdb, 0x6d, 0xf5, 0xae, 0xf5, 0xcb, 0xb3, 0xc8, 0xa2, 0x2b, 0xbc, 0xd0, 0xbc, 0xec, 0x72,
  0x42, 0x10, 0xc7, 0x39, 0x85, 0x21, 0x65, 0x31, 0x4b, 0x7a, 0x6c, 0x82, 0x8f, 0x9b, 0x97, 0xc5,
  0x76, 0xbd, 0xb7, 0xc5, 0xd4, 0xac, 0x69, 0x42, 0x48, 0x3a, 0x08, 0x32, 0x28, 0x4a, 0x55, 0xbd,
  0xb6, 0xbd, 0x75, 0xbd, 0x95, 0xbd, 0x95, 0xbd, 0x75, 0xb5, 0x75, 0xb5, 0x6f, 0x8b, 0x26, 0x31,
  0x82, 0x00, 0xa2, 0x00, 0x82, 0x00, 0xa2, 0x00, 0xa3, 0x00, 0xa3, 0x00, 0xa3, 0x00, 0xc3, 0x08,
  0xc3, 0x08, 0xc3, 0x08, 0xa3, 0x00, 0xa2, 0x00, 0xa3, 0x00, 0xa3, 0x00, 0xa3, 0x00, 0xc3, 0x00,
  0xe3, 0x10, 0x65, 0x21, 0x24, 0x19, 0xe6, 0x31, 0x04, 0x19, 0x82, 0x08, 0x82, 0x08, 0x82, 0x08,
  0xc2, 0x08, 0xa5, 0x29, 0xe3, 0x10, 0x03, 0x19, 0xa5, 0x29, 0x82, 0x08, 0x03, 0x11, 0xc3, 0x08,
  0x82, 0x00, 0xa2, 0x00, 0x82, 0x00, 0x62, 0x00, 0x82, 0x00, 0x62, 0x00, 0x62, 0x00, 0x62, 0x00,
  0x41, 0x00, 0x42, 0x00, 0xe4, 0x10, 0x46, 0x29, 0x67, 0x31, 0xa9, 0x39, 0x2b, 0x4a, 0x0a, 0x4a,
  0x88, 0x31, 0x46, 0x29, 0xc4, 0x18, 0xe6, 0x31, 0x68, 0x3a, 0x03, 0x19, 0xa2, 0x10, 0xa2, 0x10,
  0x24, 0x21, 0x45, 0x21, 0x24, 0x29, 0x89, 0xa3, 0x68, 0xab, 0x67, 0xa3, 0x0d, 0xdd, 0xad, 0xed,
  0x4d, 0xe5, 0xe8, 0x6a, 0x26, 0x6a, 0xc7, 0xc2, 0x08, 0xd3, 0x66, 0x7a, 0x86, 0x62, 0xac, 0xdc,
  0x0d, 0xed, 0xec, 0xdc, 0xeb, 0xdc, 0x2c, 0xed, 0x8e, 0xf5, 0xcc, 0xc3, 0x4a, 0x6a, 0x29, 0x52,
  0x48, 0x42, 0x09, 0x52, 0x49, 0x62, 0xa6, 0x39, 0xc7, 0x49, 0xea, 0x61, 0xeb, 0x61, 0xab, 0x59,
  0x4c, 0x72, 0x2a, 0x9b, 0x6b, 0x93, 0x4f, 0x8b, 0x8d, 0x72, 0xad, 0x72, 0xe8, 0x59, 0x89, 0xb3,
  0x4e, 0xc4, 0x96, 0xcd, 0x77, 0xbd, 0x96, 0xbd, 0xb6, 0xbd, 0xb6, 0xb5, 0x35, 0xbd, 0x14, 0xbd,
  0x76, 0xbd, 0x13, 0xc5, 0xaa, 0xbb, 0xe9, 0xbb, 0x67, 0xab, 0x88, 0xb3, 0xa9, 0xb3, 0x88, 0xab,
  0x09, 0xbc, 0xab, 0xc4, 0x45, 0x5a, 0x87, 0x5a, 0x0d, 0xd5, 0x0c, 0xdd, 0xcc, 0xec, 0xca, 0xdb,
  0xc7, 0xc2, 0x66, 0xba, 0x66, 0xba, 0x45, 0xaa, 0x25, 0xaa, 0x46, 0xc2, 0x25, 0xb2, 0x46, 0xba,
  0x4b, 0xe4, 0xae, 0xf5, 0x6e, 0xed, 0x68, 0xab, 0x06, 0xa3, 0xeb, 0xdc, 0xac, 0xdc, 0x46, 0x8a,
  0x68, 0x8a, 0x45, 0x39, 0x65, 0x39, 0x4a, 0x72, 0x8c, 0x82, 0x6b, 0x7a, 0x90, 0x9b, 0x97, 0xc5,
  0x76, 0xbd, 0x76, 0xbd, 0x96, 0xc5, 0x2b, 0x63, 0x27, 0x3a, 0x07, 0x3a, 0x27, 0x42, 0xcf, 0x6b,
  0x96, 0xb5, 0x95, 0xb5, 0x75, 0xbd, 0x75, 0xb5, 0x75, 0xb5, 0x55, 0xb5, 0x4f, 0x8b, 0x87, 0x39,
  0x82, 0x00, 0xa2, 0x00, 0x82, 0x00, 0xa2, 0x00, 0xa3, 0x00, 0xa3, 0x00, 0xa3, 0x00, 0xc3, 0x00,
  0xc3, 0x08, 0xc3, 0x08, 0xc3, 0x08, 0xc3, 0x08, 0xc3, 0x08, 0xe3, 0x08, 0xe3, 0x08, 0xe4, 0x08,
  0xc3, 0x08, 0x44, 0x19, 0xe3, 0x10, 0xc6, 0x31, 0x44, 0x19, 0x82, 0x08, 0x81, 0x00, 0x82, 0x00,
  0xc2, 0x08, 0xa5, 0x29, 0xc2, 0x10, 0x64, 0x21, 0x84, 0x21, 0xe3, 0x10, 0xe3, 0x10, 0xa2, 0x08,
  0x82, 0x08, 0x61, 0x00, 0x41, 0x00, 0x61, 0x00, 0x61, 0x00, 0x61, 0x00, 0x61, 0x00, 0x41, 0x00,
  0x41, 0x00, 0x42, 0x00, 0xa3, 0x10, 0xe5, 0x18, 0xe5, 0x20, 0x06, 0x29, 0x88, 0x31, 0x88, 0x31,
  0xe5, 0x18, 0xc4, 0x18, 0xc4, 0x10, 0xe7, 0x31, 0x47, 0x3a, 0xe3, 0x18, 0xc2, 0x10, 0xc2, 0x10,
  0xe3, 0x18, 0x85, 0x21, 0xe3, 0x10, 0x63, 0x39, 0x68, 0x9b, 0x67, 0xa3, 0xcc, 0xd4, 0x0c, 0xdd,
  0xe9, 0xab, 0x46, 0x4a, 0xe8, 0x8a, 0x0a, 0xdc, 0xe8, 0xb2, 0x25, 0x52, 0x4b, 0xac, 0xef, 0xfd,
  0x8d, 0xed, 0xad, 0xed, 0xae, 0xed, 0x4e, 0xe5, 0xee, 0xcc, 0x88, 0x62, 0xe7, 0x41, 0x48, 0x5a,
  0xc7, 0x41, 0x2a, 0x6a, 0x2a, 0x72, 0x85, 0x31, 0x09, 0x5a, 0xca, 0x59, 0x6d, 0x72, 0xce, 0x7a,
  0xeb, 0x59, 0x8d, 0x7a, 0xc8, 0x51, 0x50, 0x83, 0x0f, 0x83, 0xee, 0x7a, 0xa8, 0x59, 0xcd, 0xab,
  0xf4, 0xb4, 0xb5, 0xac, 0xb3, 0xb4, 0xf3, 0xbc, 0x55, 0xc5, 0xf0, 0xc4, 0xcd, 0xdc, 0xcd, 0xdc,
  0xaf, 0xcc, 0x34, 0xc5, 0x53, 0xcd, 0x54, 0xc5, 0x8e, 0xbc, 0xeb, 0xbb, 0x08, 0xa3, 0x48, 0x9b,
  0x28, 0xa3, 0x09, 0xbc, 0xc8, 0x72, 0xe8, 0x6a, 0x49, 0xbc, 0x4a, 0xc4, 0x8c, 0xd4, 0xc9, 0xc3,
  0x85, 0xaa, 0x45, 0xb2, 0x87, 0xc2, 0x25, 0xaa, 0x87, 0xba, 0x67, 0xc2, 0x46, 0xc2, 0x66, 0xc2,
  0x6b, 0xdc, 0x2c, 0xdd, 0x2c, 0xdd, 0xa8, 0xb3, 0x26, 0xa3, 0x29, 0xc4, 0x4c, 0xe5, 0x8a, 0xd4,
  0xec, 0xe4, 0xa8, 0x82, 0xc9, 0x69, 0x8c, 0x82, 0x8c, 0x82, 0x6c, 0x7a, 0x6f, 0x93, 0x96, 0xc5,
  0x76, 0xbd, 0x96, 0xc5, 0x96, 0xc5, 0x14, 0xb5, 0xaa, 0x5a, 0xe6, 0x39, 0xad, 0x83, 0x48, 0x3a,
  0x0c, 0x53, 0x51, 0x8c, 0xb6, 0xbd, 0x55, 0xb5, 0x55, 0xb5, 0x35, 0xb5, 0xee, 0x82, 0xa8, 0x41,
  0x82, 0x00, 0x83, 0x00, 0x83, 0x00, 0x83, 0x00, 0xa3, 0x00, 0x82, 0x00, 0xa3, 0x00, 0xa3, 0x00,
  0xa3, 0x00, 0xc3, 0x00, 0xc3, 0x00, 0xc3, 0x00, 0xc3, 0x08, 0xc3, 0x00, 0xe3, 0x08, 0xe3, 0x08,
  0xc3, 0x08, 0x24, 0x19, 0xc3, 0x10, 0xa5, 0x29, 0x44, 0x21, 0x82, 0x00, 0x82, 0x00, 0x81, 0x00,
  0xc2, 0x08, 0xa5, 0x29, 0xc3, 0x10, 0x85, 0x29, 0x44, 0x19, 0x04, 0x19, 0xa2, 0x08, 0x82, 0x08,
  0x82, 0x00, 0x61, 0x00, 0x61, 0x00, 0x62, 0x00, 0x62, 0x00, 0x61, 0x00, 0x61, 0x00, 0x41, 0x00,
  0x41, 0x00, 0x41, 0x00, 0x62, 0x00, 0xa3, 0x08, 0xa4, 0x10, 0xe5, 0x18, 0x68, 0x29, 0x67, 0x29,
  0xc4, 0x10, 0xe4, 0x18, 0x25, 0x19, 0x27, 0x32, 0x27, 0x32, 0xe3, 0x10, 0xc2, 0x10, 0xc2, 0x10,
  0xc2, 0x10, 0x65, 0x21, 0x44, 0x21, 0xa3, 0x41, 0x47, 0x9b, 0x88, 0xab, 0xcb, 0xd4, 0x8e, 0xed,
  0xcd, 0xc4, 0x47, 0x52, 0x2a, 0xb4, 0xec, 0xe4, 0xa7, 0x7a, 0x66, 0x5a, 0x0c, 0xd5, 0xcf, 0xed,
  0x8d, 0xed, 0xce, 0xf5, 0x6f, 0xe5, 0x8a, 0x8b, 0x67, 0x5a, 0x87, 0x62, 0x69, 0x7a, 0x6a, 0x7a,
  0xc6, 0x39, 0x2a, 0x6a, 0x29, 0x62, 0x86, 0x31, 0x4a, 0x72, 0xca, 0x59, 0x8d, 0x72, 0x33, 0xa4,
  0x6d, 0x72, 0x4d, 0x6a, 0xad, 0x7a, 0x91, 0x8b, 0x71, 0x93, 0xad, 0x7a, 0x8d, 0x7a, 0x53, 0xa4,
  0xd3, 0xb4, 0xae, 0xcc, 0xec, 0xe4, 0x0c, 0xe5, 0x4d, 0xc4, 0x6c, 0xd4, 0x6c, 0xf5, 0x6c, 0xed,
  0x4b, 0xed, 0xce, 0xd4, 0x34, 0xbd, 0x76, 0xb5, 0xb6, 0xc5, 0xd0, 0xa3, 0x09, 0x7a, 0x2a, 0x82,
  0xe8, 0x79, 0x4c, 0xcc, 0x29, 0x7b, 0x49, 0x73, 0x8b, 0xc4, 0x47, 0x9b, 0xa4, 0x92, 0x4a, 0xcc,
  0x8d, 0xe4, 0x46, 0xb2, 0xa7, 0xc2, 0x45, 0xaa, 0x66, 0xba, 0x87, 0xc2, 0xa8, 0xca, 0xab, 0xe3,
  0xec, 0xec, 0x4d, 0xe5, 0xaf, 0xf5, 0x0a, 0xbc, 0x07, 0xa3, 0x27, 0xa3, 0xc9, 0xc3, 0xcc, 0xe4,
  0x0c, 0xed, 0xea, 0xbb, 0x89, 0x92, 0x4b, 0x7a, 0x8c, 0x7a, 0x6c, 0x82, 0xcd, 0x82, 0x15, 0xb5,
  0x96, 0xbd, 0x55, 0xb5, 0x76, 0xb5, 0xb7, 0xc5, 0x2c, 0x5b, 0x27, 0x52, 0xf3, 0xbc, 0x68, 0x4a,
  0xe5, 0x31, 0x67, 0x42, 0xf3, 0xa4, 0x96, 0xbd, 0x76, 0xb5, 0x16, 0x9d, 0xab, 0x52, 0xc7, 0x31,
  0xa2, 0x08, 0x83, 0x00, 0x83, 0x00, 0x83, 0x00, 0xa3, 0x00, 0x83, 0x00, 0xa2, 0x00, 0xa3, 0x00,
  0xe5, 0x18, 0xc4, 0x08, 0xa3, 0x00, 0xc3, 0x00, 0xa2, 0x00, 0xc4, 0x10, 0xc4, 0x10, 0xc3, 0x08,
  0xa2, 0x08, 0xe3, 0x10, 0xc3, 0x08, 0x64, 0x29, 0x65, 0x29, 0x82, 0x00, 0x82, 0x08, 0x82, 0x00,
  0xc2, 0x10, 0xc6, 0x29, 0x03, 0x11, 0xa5, 0x29, 0xe3, 0x10, 0xc3, 0x10, 0x82, 0x08, 0x82, 0x08,
  0x82, 0x00, 0xa2, 0x08, 0xc3, 0x08, 0xc2, 0x08, 0xc3, 0x08, 0xc3, 0x08, 0xa2, 0x08, 0x82, 0x08,
  0x82, 0x08, 0x82, 0x08, 0xa2, 0x08, 0x83, 0x08, 0xa3, 0x08, 0xe4, 0x10, 0x46, 0x21, 0x05, 0x19,
  0xa3, 0x08, 0xa3, 0x10, 0xe4, 0x10, 0x28, 0x3a, 0x07, 0x32, 0xe3, 0x10, 0xc2, 0x10, 0xc2, 0x10,
  0xa2, 0x10, 0x04, 0x19, 0x65, 0x21, 0xc4, 0x49, 0x27, 0x9b, 0xa8, 0xab, 0x4d, 0xe5, 0x4d, 0xe5,
  0x4b, 0xb4, 0x67, 0x52, 0xed, 0xcc, 0xcd, 0xc4, 0x45, 0x52, 0xaa, 0x9b, 0x4a, 0xc4, 0x2d, 0xdd,
  0xef, 0xf5, 0x8c, 0xb4, 0x87, 0x5a, 0x66, 0x6a, 0x2a, 0xbc, 0x8b, 0xab, 0x6b, 0x82, 0xec, 0x8a,
  0xc7, 0x41, 0x6a, 0x6a, 0xc8, 0x49, 0x6a, 0x5a, 0x74, 0xac, 0x0b, 0x62, 0x6c, 0x6a, 0x33, 0xa4,
  0x2f, 0x83, 0xca, 0x59, 0xef, 0x7a, 0xd3, 0x93, 0xb2, 0x93, 0xf3, 0x9b, 0xf1, 0x9b, 0x8f, 0xbc,
  0x0e, 0xdd, 0x4d, 0xed, 0x6d, 0xed, 0x8d, 0xed, 0xab, 0xd4, 0x0a, 0xcc, 0x8f, 0xf5, 0x4e, 0xed,
  0x6d, 0xed, 0x6c, 0xed, 0xee, 0xd4, 0xb0, 0xc4, 0xf3, 0xbc, 0xcd, 0x82, 0x6b, 0x82, 0x0d, 0x9b,
  0x4a, 0x7a, 0x4b, 0x93, 0x87, 0x52, 0x66, 0x52, 0xe9, 0xab, 0x68, 0xa3, 0x09, 0xc4, 0xcf, 0xfd,
  0x6c, 0xe4, 0x87, 0xc2, 0x87, 0xc2, 0xe4, 0x99, 0x66, 0xba, 0xa7, 0xca, 0x87, 0xc2, 0x0b, 0xdc,
  0x2d, 0xe5, 0xaf, 0xf5, 0x0c, 0xdd, 0x06, 0xa3, 0x07, 0xa3, 0x67, 0xab, 0xe7, 0xb2, 0x28, 0xcb,
  0x2b, 0xd4, 0x6b, 0xdc, 0x8b, 0xdc, 0x8a, 0x8a, 0x6c, 0x7a, 0x8c, 0x82, 0x6b, 0x7a, 0x92, 0xa4,
  0xb7, 0xc5, 0x10, 0x84, 0xae, 0x6b, 0xb7, 0xb5, 0x68, 0x3a, 0x8c, 0x8b, 0xb6, 0xc5, 0x6c, 0x63,
  0x26, 0x32, 0x26, 0x3a, 0x89, 0x52, 0x15, 0xa5, 0xf5, 0x8c, 0x0d, 0x3b, 0x48, 0x32, 0x28, 0x3a,
  0x24, 0x11, 0x62, 0x00, 0x83, 0x00, 0x83, 0x00, 0x83, 0x00, 0x83, 0x00, 0xa3, 0x00, 0xa3, 0x00,
  0xab, 0x51, 0x28, 0x29, 0xa2, 0x00, 0xa2, 0x00, 0x06, 0x29, 0x69, 0x41, 0x48, 0x39, 0xa3, 0x08,
  0x82, 0x08, 0xc3, 0x08, 0xa2, 0x08, 0x24, 0x21, 0x85, 0x31, 0x82, 0x00, 0x81, 0x00, 0x81, 0x00,
  0xe3, 0x10, 0xe6, 0x31, 0x44, 0x21, 0x64, 0x21, 0xa2, 0x08, 0xa3, 0x08, 0x82, 0x08, 0x82, 0x00,
  0x82, 0x00, 0xc2, 0x08, 0xc2, 0x08, 0xe2, 0x08, 0xe2, 0x10, 0xe2, 0x10, 0x02, 0x11, 0x03, 0x11,
  0x03, 0x11, 0xc2, 0x08, 0x82, 0x00, 0x62, 0x00, 0x61, 0x00, 0x82, 0x00, 0xc3, 0x08, 0xc3, 0x08,
  0xa2, 0x08, 0x82, 0x08, 0xc3, 0x08, 0x27, 0x32, 0x27, 0x32, 0x04, 0x19, 0xe3, 0x10, 0xc3, 0x10,
  0xa2, 0x10, 0xc2, 0x18, 0x65, 0x21, 0xe5, 0x49, 0x27, 0x9b, 0xa8, 0xab, 0xcb, 0xcc, 0x8e, 0xed,
  0xea, 0x9b, 0x45, 0x52, 0xab, 0xcc, 0x89, 0x83, 0x66, 0x4a, 0xcd, 0xd4, 0xcb, 0xdc, 0xed, 0xd4,
  0x89, 0x83, 0x44, 0x52, 0x28, 0x8b, 0xed, 0xdc, 0x2d, 0xf5, 0xca, 0x92, 0xf0, 0xa3, 0x92, 0xbc,
  0x28, 0x5a, 0x08, 0x5a, 0xa8, 0x41, 0x4e, 0x63, 0xed, 0x5a, 0x89, 0x51, 0xca, 0x59, 0xee, 0x7a,
  0x0f, 0x83, 0xeb, 0x59, 0xcf, 0x72, 0x75, 0xa4, 0x34, 0x94, 0xb1, 0x83, 0xcc, 0x7a, 0xa9, 0x8a,
  0x6a, 0xa3, 0x8c, 0xc4, 0xac, 0xcc, 0x8f, 0xed, 0x8e, 0xed, 0x68, 0xbb, 0x0c, 0xe4, 0xeb, 0xdb,
  0x8c, 0xdc, 0x4d, 0xed, 0x6d, 0xf5, 0x0c, 0xed, 0x8e, 0xbc, 0x51, 0xac, 0xf3, 0xbc, 0x72, 0xb4,
  0x2b, 0x7a, 0x29, 0x62, 0x07, 0x3a, 0x45, 0x52, 0x67, 0xa3, 0x27, 0x9b, 0xac, 0xd4, 0xcf, 0xf5,
  0xac, 0xe4, 0x29, 0xd3, 0x87, 0xc2, 0xc3, 0x91, 0x46, 0xba, 0xe7, 0xca, 0x6b, 0xe4, 0xec, 0xe4,
  0xcb, 0xdc, 0x0c, 0xdd, 0xe9, 0xbb, 0xe6, 0x9a, 0xe9, 0xbb, 0x29, 0xc4, 0x8b, 0xdc, 0xa6, 0xb2,
  0x87, 0xaa, 0x08, 0xb3, 0x4b, 0xdc, 0xe9, 0xa2, 0x4b, 0x7a, 0x6c, 0x82, 0x4b, 0x7a, 0xd0, 0x93,
  0x97, 0xc5, 0x8f, 0x7b, 0x28, 0x3a, 0x6e, 0x53, 0x27, 0x42, 0xb2, 0xac, 0x56, 0xad, 0x2b, 0x5b,
  0x26, 0x3a, 0x47, 0x42, 0x06, 0x3a, 0x8b, 0x42, 0x8a, 0x32, 0x26, 0x3a, 0x47, 0x52, 0x28, 0x4a,
  0xe6, 0x29, 0xc4, 0x08, 0x83, 0x00, 0x83, 0x08, 0x83, 0x08, 0x83, 0x08, 0xa3, 0x08, 0xc4, 0x08,
  0xcc, 0x59, 0x6a, 0x49, 0xa2, 0x00, 0xc5, 0x18, 0xcc, 0x59, 0x48, 0x39, 0x68, 0x39, 0xc3, 0x08,
  0x82, 0x08, 0xa2, 0x08, 0xa2, 0x08, 0x03, 0x11, 0xa6, 0x31, 0xa2, 0x08, 0x82, 0x08, 0x61, 0x00,
  0x03, 0x11, 0xe6, 0x31, 0x64, 0x21, 0x03, 0x19, 0x82, 0x08, 0xa2, 0x08, 0xa2, 0x00, 0xa2, 0x00,
  0xc2, 0x08, 0xe2, 0x10, 0x02, 0x11, 0x03, 0x11, 0x23, 0x19, 0x23, 0x19, 0x23, 0x19, 0x23, 0x19,
  0x03, 0x19, 0xe3, 0x10, 0xa2, 0x08, 0x62, 0x00, 0x62, 0x00, 0x82, 0x08, 0xa2, 0x08, 0xa2, 0x08,
  0xa2, 0x08, 0x82, 0x08, 0xc2, 0x08, 0x27, 0x3a, 0x07, 0x32, 0x65, 0x21, 0x24, 0x21, 0xc3, 0x10,
  0xc2, 0x10, 0xa2, 0x10, 0x44, 0x21, 0xa4, 0x31, 0x06, 0x83, 0xa8, 0xa3, 0x06, 0x93, 0xaa, 0x9b,
  0x49, 0x7b, 0x28, 0x7b, 0xed, 0xcc, 0x66, 0x4a, 0xc8, 0x6a, 0x2e, 0xdd, 0x4d, 0xdd, 0x07, 0x73,
  0xa6, 0x6a, 0x4b, 0xbc, 0x4b, 0xc4, 0x2a, 0xc4, 0xea, 0xb3, 0x8e, 0x93, 0x96, 0xc5, 0xf0, 0xa3,
  0x8a, 0x72, 0x8a, 0x5a, 0xe7, 0x41, 0x07, 0x4a, 0xcb, 0x82, 0x10, 0xb4, 0x6e, 0x9b, 0x6b, 0x82,
  0xee, 0x7a, 0xae, 0x6a, 0xcf, 0x72, 0xf3, 0x8b, 0x8e, 0x6a, 0x69, 0x49, 0x4c, 0x6a, 0x8c, 0x7a,
  0xc9, 0x61, 0x08, 0x72, 0x09, 0xb3, 0xaa, 0xc3, 0x68, 0xbb, 0xe7, 0xc2, 0xc7, 0xc2, 0xa7, 0xba,
  0xe7, 0xba, 0x8b, 0xdc, 0x4d, 0xed, 0xec, 0xe4, 0x6c, 0xd4, 0x12, 0xbd, 0xd7, 0xc5, 0xd1, 0x9b,
  0x0a, 0x7a, 0x08, 0x5a, 0x07, 0x3a, 0x86, 0x62, 0x67, 0xa3, 0x27, 0x9b, 0xec, 0xdc, 0x8e, 0xf5,
  0xae, 0xf5, 0xed, 0xf4, 0xe7, 0xc2, 0xa3, 0x81, 0xa6, 0xb2, 0xcc, 0xec, 0xad, 0xed, 0xae, 0xf5,
  0x0c, 0xdd, 0x88, 0xab, 0x68, 0xab, 0x27, 0xab, 0xcc, 0xdc, 0x2e, 0xed, 0x47, 0xb3, 0x65, 0xa2,
  0x46, 0xa2, 0x26, 0xa2, 0x66, 0xa2, 0xe8, 0xa2, 0x8a, 0x82, 0x4c, 0x7a, 0x2b, 0x7a, 0x0e, 0x8b,
  0x77, 0xbd, 0x8e, 0x73, 0x47, 0x3a, 0x06, 0x2a, 0xc9, 0x62, 0x75, 0xc5, 0x75, 0xbd, 0xee, 0x8b,
  0xe5, 0x39, 0x47, 0x3a, 0x46, 0x42, 0x06, 0x32, 0xa3, 0x21, 0xe9, 0x7a, 0x2c, 0x8b, 0x07, 0x42,
  0xe6, 0x31, 0xe4, 0x10, 0x83, 0x08, 0x83, 0x08, 0x83, 0x08, 0xa3, 0x08, 0xa3, 0x08, 0xc5, 0x10,
  0xcb, 0x51, 0xcc, 0x59, 0xa4, 0x10, 0xac, 0x49, 0x6a, 0x49, 0x08, 0x31, 0x68, 0x31, 0xc3, 0x08,
  0x82, 0x08, 0x82, 0x00, 0xa2, 0x00, 0xc2, 0x08, 0xa5, 0x29, 0xe3, 0x10, 0xa2, 0x08, 0x61, 0x00,
  0x23, 0x19, 0xe6, 0x31, 0x24, 0x19, 0xc2, 0x10, 0x81, 0x00, 0x82, 0x00, 0x82, 0x00, 0xc2, 0x08,
  0x03, 0x11, 0x23, 0x19, 0x43, 0x19, 0x43, 0x19, 0x43, 0x19, 0x43, 0x19, 0x43, 0x19, 0x23, 0x19,
  0x23, 0x19, 0x23, 0x19, 0xe3, 0x10, 0x62, 0x00, 0x62, 0x00, 0x82, 0x08, 0xa2, 0x08, 0xa2, 0x08,
  0xa2, 0x08, 0xa2, 0x08, 0xc2, 0x08, 0x27, 0x3a, 0xc6, 0x29, 0x03, 0x11, 0x65, 0x21, 0x24, 0x19,
  0xc2, 0x10, 0xa2, 0x10, 0x85, 0x31, 0xc6, 0x31, 0xa7, 0x6a, 0x88, 0x9b, 0x06, 0x93, 0xe8, 0x7a,
  0x67, 0x52, 0xaa, 0x93, 0xab, 0x93, 0x05, 0x4a, 0x6a, 0xa3, 0x8a, 0x9b, 0x86, 0x5a, 0xa6, 0x6a,
  0xac, 0xd4, 0x8b, 0xd4, 0x48, 0xa3, 0xe8, 0x9a, 0x6c, 0x9b, 0x35, 0xbd, 0x72, 0xa4, 0x6b, 0x72,
  0x6a, 0x52, 0x48, 0x42, 0xc9, 0x62, 0x50, 0xb4, 0x55, 0xcd, 0x95, 0xc5, 0x96, 0xc5, 0x97, 0xcd,
  0xb1, 0x93, 0xaa, 0x51, 0x6e, 0x6a, 0x8e, 0x6a, 0xcb, 0x59, 0x8a, 0x59, 0x4d, 0x62, 0x71, 0x7b,
  0x70, 0x8b, 0x2b, 0x6a, 0xa8, 0x71, 0x26, 0x9a, 0x25, 0xa2, 0xa7, 0xca, 0x87, 0xba, 0x46, 0xb2,
  0xc7, 0xba, 0x4e, 0xf5, 0x2c, 0xe5, 0x6a, 0xd4, 0x0c, 0xe5, 0xcf, 0xc4, 0x76, 0xbd, 0x4e, 0x8b,
  0x0a, 0x72, 0x28, 0x4a, 0x07, 0x3a, 0xe8, 0x72, 0x88, 0xa3, 0x68, 0xab, 0xab, 0xd4, 0x0c, 0xe5,
  0x0c, 0xe5, 0x8e, 0xed, 0x8c, 0xd4, 0xe3, 0x81, 0x0a, 0xc4, 0xef, 0xf5, 0x8d, 0xed, 0x6d, 0xe5,
  0xab, 0xcc, 0x47, 0xa3, 0x07, 0xa3, 0x67, 0xb3, 0xec, 0xdc, 0xcc, 0xdc, 0x43, 0x92, 0x65, 0xaa,
  0x66, 0xaa, 0x67, 0xaa, 0x26, 0xa2, 0xc7, 0x9a, 0x69, 0x82, 0x4b, 0x7a, 0x4b, 0x7a, 0x8c, 0x7a,
  0xd3, 0xb4, 0xce, 0x83, 0x47, 0x3a, 0x26, 0x32, 0xce, 0x8b, 0x96, 0xc5, 0x55, 0xb5, 0x95, 0xc5,
  0x8d, 0x83, 0x06, 0x3a, 0x26, 0x3a, 0x26, 0x3a, 0xc5, 0x39, 0x6f, 0xa4, 0x30, 0x94, 0xa6, 0x31,
  0x23, 0x19, 0x62, 0x00, 0x63, 0x00, 0xa4, 0x08, 0xa4, 0x08, 0x83, 0x08, 0xc5, 0x10, 0x28, 0x21,
  0x6c, 0x51, 0xce, 0x69, 0x08, 0x31, 0xee, 0x61, 0x08, 0x31, 0x69, 0x41, 0x48, 0x31, 0xe4, 0x08,
  0xa2, 0x08, 0x82, 0x00, 0xa2, 0x08, 0xa2, 0x08, 0x65, 0x21, 0x03, 0x11, 0xa2, 0x08, 0x61, 0x00,
  0x43, 0x21, 0xe6, 0x31, 0x24, 0x19, 0xa2, 0x08, 0x82, 0x00, 0x82, 0x00, 0x82, 0x00, 0xc3, 0x08,
  0x24, 0x19, 0x44, 0x19, 0x63, 0x19, 0x43, 0x19, 0x43, 0x19, 0x43, 0x19, 0x43, 0x19, 0x43, 0x19,
  0x44, 0x19, 0x03, 0x11, 0x81, 0x00, 0x81, 0x00, 0x82, 0x00, 0xa2, 0x08, 0xa2, 0x08, 0xa3, 0x08,
  0xa2, 0x08, 0xa2, 0x08, 0xe3, 0x08, 0x27, 0x32, 0xc6, 0x29, 0xc2, 0x08, 0x03, 0x11, 0x86, 0x29,
  0x65, 0x29, 0xa2, 0x10, 0xe5, 0x49, 0x47, 0x4a, 0x67, 0x52, 0xc6, 0x82, 0x27, 0x9b, 0xa7, 0x6a,
  0x88, 0x4a, 0x4b, 0x73, 0x26, 0x42, 0x69, 0x8b, 0xaa, 0x9b, 0x05, 0x4a, 0xa7, 0x72, 0x68, 0xab,
  0x88, 0xab, 0xc9, 0x92, 0x2a, 0x8a, 0xed, 0x92, 0x52, 0xac, 0xb0, 0x93, 0x49, 0x5a, 0x07, 0x42,
  0xab, 0x6a, 0x28, 0x4a, 0x91, 0xa4, 0xb6, 0xc5, 0x77, 0xb5, 0xb5, 0x94, 0x91, 0x73, 0xce, 0x62,
  0xa9, 0x49, 0x69, 0x49, 0x2c, 0x62, 0xef, 0x7a, 0x50, 0x83, 0x2c, 0x62, 0xaa, 0x59, 0x6b, 0x51,
  0x0c, 0x62, 0xad, 0x72, 0xaa, 0x61, 0x08, 0x92, 0xe7, 0xca, 0x67, 0xb2, 0x67, 0xb2, 0x46, 0xb2,
  0x87, 0xba, 0xe9, 0xd3, 0x4e, 0xed, 0xab, 0xe4, 0x0c, 0xe5, 0xad, 0xd4, 0x92, 0xb4, 0x8d, 0x82,
  0x29, 0x62, 0x47, 0x42, 0x07, 0x4a, 0x68, 0x7a, 0x07, 0x9b, 0xe6, 0xa2, 0x88, 0xb3, 0xeb, 0xdc,
  0x2c, 0xe5, 0x0c, 0xdd, 0xe9, 0xbb, 0x27, 0xa3, 0xa9, 0xab, 0xec, 0xd4, 0x4a, 0xc4, 0x48, 0xa3,
  0x88, 0x92, 0x28, 0x82, 0x47, 0x8a, 0xec, 0xdc, 0x4d, 0xed, 0x6a, 0xd4, 0xc6, 0xaa, 0xa7, 0xc2,
  0x66, 0xaa, 0x46, 0xa2, 0x26, 0xa2, 0xa7, 0x9a, 0x89, 0x8a, 0x2b, 0x7a, 0x4b, 0x7a, 0x8a, 0x82,
  0xec, 0xbb, 0x8a, 0x9b, 0x47, 0x42, 0x46, 0x42, 0xb0, 0xac, 0x76, 0xb5, 0x55, 0xb5, 0x96, 0xbd,
  0x72, 0x84, 0xe6, 0x39, 0x06, 0x42, 0x05, 0x32, 0xe6, 0x39, 0x8c, 0x83, 0xad, 0x9b, 0x67, 0x7a,
  0x08, 0x9b, 0x85, 0x51, 0x03, 0x41, 0xe4, 0x28, 0x26, 0x21, 0x06, 0x21, 0xe6, 0x18, 0x49, 0x31,
  0x6b, 0x49, 0xee, 0x71, 0x2a, 0x41, 0x8d, 0x59, 0xe8, 0x30, 0x49, 0x39, 0x07, 0x31, 0xe4, 0x10,
  0xc3, 0x08, 0xa2, 0x08, 0xa2, 0x08, 0xa2, 0x08, 0x44, 0x19, 0x24, 0x19, 0xa2, 0x08, 0x62, 0x00,
  0x84, 0x29, 0xc5, 0x31, 0x03, 0x19, 0x82, 0x08, 0x82, 0x00, 0x82, 0x00, 0xa2, 0x08, 0xc2, 0x08,
  0xe2, 0x10, 0x23, 0x11, 0x43, 0x19, 0x43, 0x19, 0x43, 0x19, 0x44, 0x19, 0x43, 0x19, 0x23, 0x19,
  0xe2, 0x10, 0x81, 0x00, 0x81, 0x00, 0x82, 0x00, 0xa2, 0x08, 0xa2, 0x08, 0xa2, 0x08, 0xc3, 0x08,
  0xc2, 0x08, 0xa2, 0x08, 0xc2, 0x08, 0x27, 0x32, 0xa6, 0x29, 0xe3, 0x10, 0xe3, 0x10, 0x03, 0x19,
  0xc6, 0x31, 0x65, 0x21, 0xa4, 0x41, 0x87, 0x62, 0x26, 0x42, 0xa6, 0x72, 0x48, 0x9b, 0x05, 0x52,
  0x68, 0x42, 0xc8, 0x4a, 0x46, 0x42, 0x08, 0x6b, 0x66, 0x5a, 0x48, 0x9b, 0xe9, 0xc3, 0xe9, 0xc3,
  0xa7, 0xb3, 0x29, 0xa3, 0xaa, 0x92, 0xad, 0x8a, 0xad, 0x7a, 0x08, 0x52, 0x07, 0x3a, 0xeb, 0x72,
  0x10, 0xa4, 0x89, 0x5a, 0x54, 0xb5, 0x96, 0xbd, 0xd1, 0x83, 0xa9, 0x49, 0x88, 0x59, 0x29, 0x7a,
  0x2a, 0x7a, 0x69, 0x49, 0xaa, 0x51, 0x4c, 0x6a, 0x50, 0x83, 0x6d, 0x6a, 0xe9, 0x69, 0x8c, 0xab,
  0xca, 0x92, 0xab, 0x92, 0xca, 0x71, 0x88, 0x69, 0x87, 0xb2, 0xc7, 0xc2, 0x46, 0xb2, 0x67, 0xba,
  0x87, 0xba, 0xc6, 0xc2, 0xec, 0xec, 0x0d, 0xed, 0x4d, 0xed, 0x4d, 0xf5, 0x6d, 0xcc, 0x8b, 0x82,
  0x28, 0x52, 0x47, 0x3a, 0x49, 0x5a, 0xab, 0x82, 0x6b, 0xab, 0x8b, 0xb3, 0xcb, 0xb3, 0x6a, 0xcc,
  0x0c, 0xdd, 0xeb, 0xdc, 0xe9, 0xbb, 0xa8, 0xab, 0x88, 0xab, 0x47, 0xa3, 0x27, 0x9b, 0x28, 0x82,
  0x29, 0x82, 0x69, 0x92, 0x49, 0x8a, 0x8c, 0xd4, 0x0c, 0xe5, 0x2d, 0xed, 0x2b, 0xdc, 0x87, 0xba,
  0x25, 0x9a, 0x25, 0xa2, 0x26, 0xaa, 0xe7, 0xa2, 0xca, 0x92, 0x2b, 0x7a, 0x4b, 0x7a, 0x49, 0x7a,
  0x29, 0xa3, 0x49, 0x93, 0x26, 0x3a, 0xa7, 0x6a, 0x0d, 0xb4, 0x34, 0xb5, 0x75, 0xb5, 0x36, 0xa5,
  0xab, 0x42, 0xc9, 0x7a, 0xe9, 0x8a, 0xe5, 0x59, 0xc7, 0x8a, 0xe9, 0xc3, 0x4b, 0xdc, 0x2a, 0xd4,
  0xac, 0xec, 0x2b, 0xd4, 0xe9, 0xcb, 0xe8, 0x9a, 0xc5, 0x28, 0x48, 0x39, 0x89, 0x41, 0x6a, 0x41,
  0x6b, 0x49, 0x0f, 0x72, 0xac, 0x59, 0x6c, 0x59, 0x29, 0x39, 0x29, 0x39, 0xe7, 0x28, 0xe5, 0x10
#endif
};

const lv_img_dsc_t dianjuren2 = {
  {
    LV_IMG_CF_TRUE_COLOR,  // cf (color format)
    0,                            // always_zero
    0,                            // reserved
    160,                          // w (width)
    160                           // h (height)
  },
  25600 * LV_COLOR_SIZE / 8,  // data_size
  dianjuren2_map,                      // data
};