/**
 * dianjuren1 - LVGL图片数据
 *
 * 尺寸: 160x160px
 * 格式: RGB565 (16-bit color)
 *
 * 由图片转C数组工具生成
 */

#include <lvgl.h>

#ifndef LV_ATTRIBUTE_MEM_ALIGN
#define LV_ATTRIBUTE_MEM_ALIGN
#endif

#ifndef LV_ATTRIBUTE_IMG_DIANJUREN1
#define LV_ATTRIBUTE_IMG_DIANJUREN1
#endif

const LV_ATTRIBUTE_MEM_ALIGN LV_ATTRIBUTE_LARGE_CONST LV_ATTRIBUTE_IMG_DIANJUREN1 uint8_t dianjuren1_map[] = {
#if LV_COLOR_DEPTH == 16 && LV_COLOR_16_SWAP == 0
  /*Pixel format: Red: 5 bit, Green: 6 bit, Blue: 5 bit*/
  0x81, 0xfa, 0xe2, 0xfa, 0x02, 0xfb, 0x22, 0xfb, 0x43, 0xfb, 0x43, 0xfb, 0x63, 0xfb, 0x63, 0xfb,
  0x83, 0xfb, 0x83, 0xfb, 0x83, 0xfb, 0x42, 0xf3, 0x01, 0xe3, 0x00, 0xe3, 0x83, 0xf3, 0xc4, 0xfb,
  0xe3, 0xfb, 0xe4, 0xfb, 0x04, 0xfc, 0x04, 0xfc, 0x04, 0xfc, 0x64, 0xfc, 0x06, 0xf5, 0xa9, 0xf5,
  0x2c, 0xf6, 0x8e, 0xf6, 0xaf, 0xf6, 0x75, 0xff, 0xaf, 0xf6, 0x2a, 0xf6, 0x09, 0xf6, 0xc6, 0xf5,
  0x25, 0xfd, 0x42, 0xfc, 0xe1, 0xf4, 0x29, 0xff, 0x0e, 0xff, 0x71, 0xff, 0x8a, 0xed, 0xa4, 0xfc,
  0xc4, 0xfc, 0x25, 0xfd, 0x85, 0xfd, 0xe6, 0xfd, 0xe9, 0xfe, 0xe8, 0xfe, 0x66, 0xfe, 0x66, 0xfe,
  0x86, 0xfe, 0x86, 0xfe, 0xc6, 0xfe, 0xe6, 0xfe, 0x06, 0xff, 0x27, 0xff, 0x47, 0xff, 0x67, 0xff,
  0x68, 0xff, 0x68, 0xff, 0x68, 0xff, 0x68, 0xff, 0x67, 0xff, 0x67, 0xff, 0x47, 0xff, 0x47, 0xff,
  0x47, 0xff, 0x27, 0xff, 0x27, 0xff, 0x27, 0xff, 0x27, 0xff, 0x06, 0xff, 0xe6, 0xfe, 0xc6, 0xfe,
  0xa6, 0xfe, 0x86, 0xfe, 0x46, 0xfe, 0x25, 0xfe, 0x25, 0xfe, 0x05, 0xf6, 0xa4, 0xe5, 0xe9, 0xfe,
  0xd5, 0xff, 0xfd, 0xff, 0xfe, 0xff, 0xfd, 0xff, 0xb7, 0xff, 0xe8, 0xfe, 0x46, 0xfe, 0xa6, 0xfd,
  0x24, 0xfd, 0x04, 0xfd, 0xc4, 0xfc, 0xa4, 0xfc, 0xa4, 0xfc, 0xa4, 0xfc, 0xa4, 0xfc, 0xe5, 0xfc,
  0x26, 0xfd, 0x27, 0xfd, 0x07, 0xfd, 0xe6, 0xfc, 0x85, 0xfc, 0x24, 0xfc, 0x23, 0xfc, 0x24, 0xfc,
  0x44, 0xfc, 0x44, 0xfc, 0x44, 0xfc, 0x45, 0xfc, 0x45, 0xfc, 0x25, 0xfc, 0x05, 0xfc, 0x05, 0xfc,
  0x25, 0xfc, 0x45, 0xfc, 0x46, 0xfc, 0x66, 0xfc, 0x86, 0xfc, 0x86, 0xfc, 0xa7, 0xfc, 0xe7, 0xfc,
  0xa6, 0xfc, 0xa6, 0xfc, 0xa6, 0xfc, 0x87, 0xfc, 0x06, 0xfc, 0xa6, 0xfb, 0x67, 0xfb, 0x46, 0xfb,
  0x46, 0xf3, 0x67, 0xf3, 0x2e, 0xec, 0x77, 0xff, 0x2b, 0xf6, 0xaf, 0xe4, 0x13, 0xff, 0x44, 0xf4,
  0x25, 0xfc, 0x85, 0xfc, 0x65, 0xf4, 0x27, 0xfd, 0x85, 0xf4, 0x65, 0xfc, 0x85, 0xf4, 0x09, 0xf6,
  0x87, 0xfd, 0xe5, 0xfc, 0x26, 0xf5, 0xe5, 0xf4, 0x28, 0xf6, 0xc7, 0xf5, 0x26, 0xf5, 0xa7, 0xfd,
  0x86, 0xf5, 0xe8, 0xfd, 0x45, 0xf5, 0xc4, 0xfc, 0xa5, 0xfc, 0x84, 0xfc, 0x64, 0xfc, 0x64, 0xfc,
  0x81, 0xfa, 0xc2, 0xfa, 0xe2, 0xfa, 0x02, 0xfb, 0x23, 0xfb, 0x43, 0xfb, 0x43, 0xfb, 0x63, 0xfb,
  0x83, 0xfb, 0x83, 0xfb, 0x83, 0xfb, 0x83, 0xfb, 0x42, 0xf3, 0x01, 0xeb, 0x62, 0xf3, 0xc3, 0xfb,
  0xc3, 0xfb, 0xe4, 0xfb, 0xe4, 0xfb, 0x04, 0xfc, 0x24, 0xfc, 0x64, 0xfc, 0xa5, 0xfc, 0xe6, 0xfc,
  0x26, 0xf5, 0x26, 0xfd, 0x26, 0xf5, 0x8e, 0xf6, 0x2a, 0xf6, 0x86, 0xfd, 0xc7, 0xfd, 0x86, 0xfd,
  0xe4, 0xfc, 0x42, 0xfc, 0x61, 0xf5, 0x4b, 0xff, 0xee, 0xfe, 0x0f, 0xff, 0x07, 0xed, 0xc4, 0xfc,
  0x04, 0xfd, 0x65, 0xfd, 0xa5, 0xf5, 0xc8, 0xfe, 0xcb, 0xff, 0x49, 0xff, 0xa6, 0xfe, 0xc6, 0xfe,
  0xe6, 0xfe, 0x07, 0xff, 0x27, 0xff, 0x07, 0xff, 0x27, 0xff, 0x68, 0xff, 0x68, 0xff, 0x68, 0xff,
  0x68, 0xff, 0x67, 0xff, 0x67, 0xff, 0x68, 0xff, 0x88, 0xff, 0x68, 0xff, 0x68, 0xff, 0x48, 0xff,
  0x48, 0xff, 0x48, 0xff, 0x27, 0xff, 0x48, 0xff, 0x68, 0xff, 0x27, 0xff, 0xe6, 0xfe, 0xc6, 0xfe,
  0xa6, 0xfe, 0x86, 0xfe, 0x86, 0xfe, 0x45, 0xfe, 0x45, 0xfe, 0xa6, 0xf5, 0x25, 0xdd, 0xe8, 0xfe,
  0xb4, 0xff, 0xfd, 0xff, 0xfe, 0xff, 0xfe, 0xff, 0xd9, 0xff, 0x29, 0xf7, 0x86, 0xfe, 0xe6, 0xfd,
  0x45, 0xfd, 0x24, 0xfd, 0xe4, 0xfc, 0xa4, 0xfc, 0xa4, 0xfc, 0xa4, 0xfc, 0x06, 0xfd, 0x67, 0xfd,
  0x67, 0xfd, 0x47, 0xfd, 0x27, 0xfd, 0x07, 0xfd, 0xa6, 0xfc, 0x44, 0xfc, 0x23, 0xfc, 0x43, 0xfc,
  0x64, 0xfc, 0x44, 0xfc, 0x44, 0xfc, 0x44, 0xfc, 0x44, 0xfc, 0x44, 0xfc, 0x65, 0xfc, 0xa6, 0xfc,
  0xc6, 0xfc, 0xe7, 0xfc, 0xe7, 0xfc, 0xa6, 0xfc, 0x86, 0xfc, 0x86, 0xfc, 0x87, 0xfc, 0xa7, 0xfc,
  0xa6, 0xfc, 0xa6, 0xfc, 0x86, 0xfc, 0x86, 0xfc, 0x86, 0xfc, 0x47, 0xfc, 0x07, 0xfc, 0x87, 0xfb,
  0x66, 0xf3, 0x66, 0xf3, 0x48, 0xeb, 0x53, 0xf6, 0x4f, 0xff, 0x0a, 0xe4, 0x74, 0xf6, 0xa7, 0xf4,
  0x04, 0xf4, 0xa6, 0xf4, 0x65, 0xfc, 0x86, 0xfc, 0xc6, 0xf4, 0x45, 0xf4, 0x65, 0xf4, 0xe8, 0xf5,
  0x46, 0xf5, 0xe6, 0xfc, 0x47, 0xfd, 0xe8, 0xf5, 0x69, 0xf6, 0x26, 0xf5, 0xe5, 0xf4, 0xa7, 0xfd,
  0x69, 0xf6, 0x66, 0xf5, 0xe5, 0xfc, 0xc5, 0xfc, 0xc5, 0xfc, 0xe5, 0xf4, 0x84, 0xfc, 0x64, 0xfc,
  0x81, 0xfa, 0xa1, 0xfa, 0xe2, 0xfa, 0x02, 0xfb, 0x02, 0xfb, 0x23, 0xfb, 0x43, 0xfb, 0x63, 0xfb,
  0x63, 0xfb, 0x83, 0xfb, 0x83, 0xfb, 0x83, 0xfb, 0x63, 0xfb, 0x62, 0xfb, 0x62, 0xfb, 0xa3, 0xfb,
  0xc3, 0xfb, 0xe3, 0xfb, 0xe4, 0xfb, 0x04, 0xfc, 0x24, 0xfc, 0x64, 0xfc, 0x64, 0xfc, 0x84, 0xfc,
  0xc4, 0xfc, 0xe5, 0xfc, 0x05, 0xfd, 0x4b, 0xf6, 0x4a, 0xf6, 0x66, 0xfd, 0x46, 0xfd, 0x25, 0xfd,
  0x83, 0xfc, 0x41, 0xf4, 0xc3, 0xfd, 0x4c, 0xff, 0xed, 0xf6, 0x8c, 0xfe, 0xe5, 0xf4, 0x24, 0xfd,
  0x85, 0xfd, 0xa5, 0xfd, 0x26, 0xfe, 0x8a, 0xff, 0xeb, 0xff, 0x49, 0xff, 0x07, 0xff, 0x07, 0xff,
  0x07, 0xff, 0x27, 0xff, 0x27, 0xff, 0x27, 0xff, 0x68, 0xff, 0x69, 0xff, 0x48, 0xff, 0x48, 0xff,
  0x68, 0xff, 0x67, 0xff, 0x68, 0xff, 0x68, 0xff, 0x88, 0xff, 0x88, 0xff, 0x68, 0xff, 0x48, 0xff,
  0x48, 0xff, 0x48, 0xff, 0x27, 0xff, 0x27, 0xff, 0x27, 0xff, 0x07, 0xff, 0x67, 0xf6, 0xa6, 0xfe,
  0xa6, 0xfe, 0x86, 0xfe, 0x86, 0xfe, 0x65, 0xfe, 0x66, 0xfe, 0xe5, 0xe4, 0x05, 0xdd, 0x08, 0xff,
  0x93, 0xff, 0xfe, 0xff, 0xfe, 0xff, 0xfe, 0xff, 0xfa, 0xff, 0x4c, 0xf7, 0xa6, 0xfe, 0xe6, 0xfd,
  0x65, 0xfd, 0x44, 0xfd, 0x24, 0xfd, 0xc4, 0xfc, 0xc5, 0xfc, 0x26, 0xfd, 0x87, 0xfd, 0x67, 0xfd,
  0x47, 0xfd, 0x27, 0xfd, 0x27, 0xfd, 0x07, 0xfd, 0xa6, 0xfc, 0x65, 0xfc, 0x64, 0xfc, 0xa4, 0xfc,
  0x84, 0xfc, 0x64, 0xfc, 0x64, 0xfc, 0x64, 0xfc, 0xa4, 0xfc, 0xc5, 0xfc, 0x06, 0xfd, 0x06, 0xfd,
  0x47, 0xfd, 0x67, 0xfd, 0x27, 0xfd, 0x07, 0xfd, 0xe7, 0xfc, 0xc7, 0xfc, 0xa7, 0xfc, 0xa7, 0xfc,
  0xc7, 0xfc, 0xc7, 0xfc, 0xc7, 0xfc, 0xc7, 0xfc, 0xc7, 0xfc, 0xa8, 0xfc, 0x89, 0xfc, 0x29, 0xfc,
  0xa7, 0xfb, 0x46, 0xfb, 0x26, 0xf3, 0x0f, 0xf5, 0xb2, 0xff, 0x89, 0xec, 0xd2, 0xed, 0x2a, 0xf5,
  0x83, 0xf3, 0x04, 0xf4, 0x25, 0xfc, 0x04, 0xf4, 0x86, 0xfc, 0x45, 0xf4, 0x65, 0xf4, 0xa8, 0xf5,
  0x06, 0xf5, 0x06, 0xf5, 0xc8, 0xfd, 0x49, 0xf6, 0xe5, 0xf4, 0xc5, 0xf4, 0x86, 0xf5, 0x8a, 0xfe,
  0x69, 0xf6, 0x26, 0xf5, 0xe5, 0xfc, 0xc5, 0xfc, 0xc5, 0xfc, 0x25, 0xf5, 0xe5, 0xf4, 0xe5, 0xf4,
  0x61, 0xf2, 0xa1, 0xfa, 0xc1, 0xfa, 0xe2, 0xfa, 0x02, 0xfb, 0x02, 0xfb, 0x43, 0xfb, 0x43, 0xf3,
  0x63, 0xfb, 0x83, 0xfb, 0x83, 0xfb, 0x83, 0xfb, 0x83, 0xfb, 0x83, 0xfb, 0x83, 0xfb, 0xa3, 0xfb,
  0xc3, 0xfb, 0xe3, 0xfb, 0xe4, 0xfb, 0x04, 0xfc, 0x24, 0xfc, 0x64, 0xfc, 0x64, 0xfc, 0x84, 0xfc,
  0xc5, 0xfc, 0xe5, 0xfc, 0x25, 0xfd, 0x2a, 0xf6, 0x2a, 0xfe, 0x04, 0xfd, 0xa3, 0xfc, 0x83, 0xfc,
  0x62, 0xfc, 0x61, 0xf4, 0x45, 0xfe, 0x2d, 0xff, 0xcd, 0xf6, 0x2b, 0xf6, 0x05, 0xfd, 0x85, 0xfd,
  0xc6, 0xfd, 0x26, 0xfe, 0xe8, 0xfe, 0xcb, 0xff, 0xcb, 0xff, 0x49, 0xff, 0x27, 0xff, 0x27, 0xff,
  0x27, 0xff, 0x27, 0xff, 0x27, 0xff, 0x68, 0xff, 0x89, 0xff, 0x68, 0xff, 0x48, 0xff, 0x48, 0xff,
  0x48, 0xff, 0x48, 0xff, 0x68, 0xff, 0x68, 0xff, 0x89, 0xff, 0xc9, 0xff, 0xa9, 0xff, 0x68, 0xff,
  0x28, 0xff, 0x28, 0xff, 0x27, 0xff, 0x07, 0xff, 0x07, 0xff, 0x07, 0xff, 0x65, 0xe5, 0xc6, 0xed,
  0xa6, 0xfe, 0x86, 0xfe, 0x86, 0xfe, 0x66, 0xfe, 0x47, 0xfe, 0x24, 0xcc, 0x45, 0xe5, 0x28, 0xff,
  0x93, 0xff, 0xfe, 0xff, 0xfe, 0xff, 0xfe, 0xff, 0xfc, 0xff, 0x6f, 0xff, 0xc6, 0xfe, 0x47, 0xfe,
  0xc5, 0xfd, 0xa5, 0xfd, 0xa5, 0xfd, 0x45, 0xfd, 0x26, 0xfd, 0x67, 0xfd, 0x66, 0xfd, 0x66, 0xfd,
  0x46, 0xfd, 0x26, 0xfd, 0x26, 0xfd, 0x26, 0xfd, 0xe6, 0xfc, 0x85, 0xfc, 0xc5, 0xfc, 0xa5, 0xfc,
  0x84, 0xfc, 0x84, 0xfc, 0xa5, 0xfc, 0x05, 0xfd, 0x46, 0xfd, 0x46, 0xfd, 0x46, 0xfd, 0x67, 0xfd,
  0x0a, 0xfe, 0x2a, 0xfe, 0xa8, 0xfd, 0x48, 0xfd, 0x28, 0xfd, 0x08, 0xfd, 0x28, 0xfd, 0x28, 0xfd,
  0x48, 0xfd, 0x28, 0xfd, 0x27, 0xfd, 0xe7, 0xfc, 0xe8, 0xfc, 0xa8, 0xfc, 0xa8, 0xfc, 0x69, 0xfc,
  0xc8, 0xfb, 0x46, 0xfb, 0x25, 0xf3, 0x8c, 0xf4, 0x93, 0xff, 0x09, 0xed, 0x50, 0xed, 0xee, 0xf5,
  0x62, 0xf3, 0x83, 0xfb, 0xe4, 0xfb, 0x25, 0xf4, 0x45, 0xf4, 0x86, 0xfc, 0x85, 0xf4, 0x47, 0xf5,
  0xe6, 0xf4, 0x46, 0xed, 0x8a, 0xfe, 0xc8, 0xf5, 0x64, 0xf4, 0x46, 0xf5, 0x89, 0xf6, 0xa7, 0xf5,
  0xe5, 0xf4, 0xe5, 0xf4, 0xe5, 0xfc, 0xc5, 0xfc, 0x05, 0xf5, 0x69, 0xf6, 0x49, 0xfe, 0x05, 0xf5,
  0x61, 0xf2, 0x81, 0xfa, 0xa1, 0xfa, 0xc2, 0xfa, 0xe2, 0xfa, 0xe2, 0xfa, 0x42, 0xf3, 0xc6, 0xfc,
  0x04, 0xfc, 0x63, 0xfb, 0x83, 0xfb, 0x83, 0xfb, 0x83, 0xfb, 0x83, 0xfb, 0x83, 0xfb, 0xa3, 0xfb,
  0xc4, 0xfb, 0xe4, 0xfb, 0xe4, 0xfb, 0x04, 0xfc, 0x24, 0xfc, 0x44, 0xfc, 0x64, 0xfc, 0x84, 0xfc,
  0xa4, 0xfc, 0x05, 0xfd, 0x46, 0xfd, 0x09, 0xfe, 0x29, 0xfe, 0xc3, 0xf4, 0x62, 0xfc, 0x62, 0xfc,
  0x62, 0xfc, 0x81, 0xf4, 0xa7, 0xfe, 0xac, 0xf6, 0x8d, 0xf6, 0xca, 0xf5, 0x46, 0xfd, 0xe6, 0xfd,
  0x27, 0xfe, 0x45, 0xfe, 0x27, 0xff, 0xea, 0xff, 0xaa, 0xff, 0x28, 0xff, 0x27, 0xff, 0x27, 0xff,
  0x27, 0xff, 0x27, 0xff, 0x48, 0xff, 0xa9, 0xff, 0x88, 0xff, 0x48, 0xff, 0x48, 0xff, 0x48, 0xff,
  0x48, 0xff, 0x48, 0xff, 0x48, 0xff, 0x68, 0xff, 0xa9, 0xff, 0xca, 0xff, 0xca, 0xff, 0x69, 0xff,
  0x28, 0xff, 0x08, 0xff, 0x07, 0xff, 0x07, 0xff, 0x07, 0xff, 0xe8, 0xfe, 0x65, 0xe5, 0x43, 0xcc,
  0x87, 0xfe, 0x85, 0xfe, 0x86, 0xfe, 0x86, 0xfe, 0xa7, 0xf5, 0x63, 0xbb, 0xa7, 0xed, 0x27, 0xff,
  0x72, 0xff, 0xfe, 0xff, 0xfe, 0xff, 0xfe, 0xff, 0xfe, 0xff, 0xb2, 0xff, 0x07, 0xff, 0xa7, 0xfe,
  0x67, 0xfe, 0x26, 0xfe, 0xe6, 0xfd, 0xc6, 0xfd, 0xa7, 0xfd, 0x87, 0xfd, 0xa7, 0xfd, 0xa7, 0xfd,
  0xa7, 0xfd, 0x86, 0xfd, 0x66, 0xfd, 0x66, 0xfd, 0x25, 0xfd, 0x05, 0xfd, 0x05, 0xfd, 0xe5, 0xfc,
  0xe5, 0xfc, 0x05, 0xfd, 0x66, 0xfd, 0xc7, 0xfd, 0xc7, 0xfd, 0xa7, 0xfd, 0xa8, 0xfd, 0xe9, 0xfd,
  0x2a, 0xfe, 0x09, 0xfe, 0xc9, 0xfd, 0x68, 0xfd, 0x48, 0xfd, 0x68, 0xfd, 0x88, 0xfd, 0x68, 0xfd,
  0x67, 0xfd, 0x68, 0xfd, 0xa9, 0xfd, 0x48, 0xf5, 0x08, 0xf5, 0x0a, 0xf5, 0x0a, 0xf5, 0xea, 0xf4,
  0x89, 0xec, 0x69, 0xf4, 0x27, 0xf4, 0x6a, 0xec, 0x33, 0xff, 0xca, 0xf5, 0x6c, 0xec, 0x4f, 0xf6,
  0x04, 0xf4, 0xc4, 0xf3, 0xc4, 0xf3, 0x66, 0xf4, 0x86, 0xf4, 0x07, 0xfd, 0x07, 0xfd, 0x67, 0xf5,
  0x47, 0xf5, 0x09, 0xf6, 0x4a, 0xfe, 0xc5, 0xf4, 0x06, 0xf5, 0x6a, 0xfe, 0xa7, 0xf5, 0xc5, 0xec,
  0x26, 0xf5, 0xa7, 0xf5, 0x66, 0xf5, 0xa5, 0xfc, 0xc5, 0xfc, 0x67, 0xfd, 0x87, 0xfd, 0xa4, 0xf4,
  0x41, 0xf2, 0x61, 0xf2, 0xa1, 0xfa, 0xc2, 0xfa, 0xe2, 0xfa, 0xe2, 0xfa, 0x42, 0xf3, 0xa8, 0xfd,
  0xa6, 0xfc, 0x43, 0xfb, 0x63, 0xfb, 0x63, 0xfb, 0x63, 0xfb, 0x63, 0xfb, 0x83, 0xfb, 0xa3, 0xfb,
  0xc4, 0xfb, 0xe4, 0xfb, 0xe4, 0xfb, 0x04, 0xfc, 0x24, 0xfc, 0x44, 0xfc, 0x64, 0xfc, 0x84, 0xfc,
  0xe5, 0xfc, 0x46, 0xfd, 0x87, 0xfd, 0xc8, 0xfd, 0xe8, 0xfd, 0xc4, 0xfc, 0x42, 0xfc, 0x63, 0xfc,
  0x42, 0xfc, 0xa2, 0xf4, 0xc7, 0xfe, 0x6c, 0xf6, 0x8c, 0xf6, 0xc9, 0xf5, 0xa7, 0xfd, 0x27, 0xfe,
  0x05, 0xfe, 0xa2, 0xf5, 0x43, 0xf6, 0x26, 0xff, 0x27, 0xff, 0x06, 0xff, 0x07, 0xff, 0x27, 0xff,
  0x27, 0xff, 0x48, 0xff, 0x8a, 0xff, 0xca, 0xff, 0x68, 0xff, 0x48, 0xff, 0x48, 0xff, 0x48, 0xff,
  0x48, 0xff, 0x48, 0xff, 0x48, 0xff, 0x48, 0xff, 0x49, 0xff, 0x69, 0xff, 0x69, 0xff, 0x48, 0xff,
  0x28, 0xff, 0x28, 0xff, 0x27, 0xff, 0x07, 0xff, 0xe7, 0xfe, 0xc7, 0xfe, 0x06, 0xf6, 0xa2, 0xc3,
  0xa7, 0xed, 0xc6, 0xfe, 0x65, 0xfe, 0x87, 0xfe, 0x06, 0xed, 0x22, 0xb3, 0x28, 0xf6, 0x28, 0xff,
  0x90, 0xff, 0xfe, 0xff, 0xfe, 0xff, 0xfe, 0xff, 0xfe, 0xff, 0xb6, 0xff, 0x29, 0xf7, 0x08, 0xff,
  0x67, 0xfe, 0x67, 0xfe, 0x47, 0xfe, 0x27, 0xfe, 0x07, 0xfe, 0xe7, 0xfd, 0xe7, 0xfd, 0x07, 0xfe,
  0x07, 0xfe, 0xe7, 0xfd, 0xc6, 0xfd, 0xa6, 0xfd, 0xa6, 0xfd, 0x86, 0xfd, 0x86, 0xfd, 0x65, 0xfd,
  0x65, 0xfd, 0xa6, 0xfd, 0x07, 0xfe, 0x27, 0xfe, 0x27, 0xfe, 0xc8, 0xf5, 0xc9, 0xf5, 0xea, 0xfd,
  0x2a, 0xfe, 0x2b, 0xf6, 0x2b, 0xf6, 0x2c, 0xf6, 0x2c, 0xf6, 0x4d, 0xf6, 0x6e, 0xf6, 0x8f, 0xf6,
  0xd0, 0xf6, 0xf1, 0xf6, 0x52, 0xff, 0x73, 0xff, 0x73, 0xff, 0x73, 0xff, 0x52, 0xff, 0xd0, 0xf6,
  0x2e, 0xf6, 0x4b, 0xf5, 0xe9, 0xfc, 0x49, 0xec, 0x92, 0xf6, 0x8c, 0xfe, 0x09, 0xec, 0x30, 0xf6,
  0xa6, 0xf4, 0xa6, 0xfc, 0x25, 0xf4, 0x45, 0xfc, 0xc7, 0xfc, 0xa6, 0xfc, 0x85, 0xf4, 0x88, 0xfd,
  0x09, 0xfe, 0x8a, 0xfe, 0x87, 0xf5, 0x06, 0xf5, 0x09, 0xfe, 0xe6, 0xf4, 0xa5, 0xf4, 0x47, 0xf5,
  0x09, 0xf6, 0xcb, 0xfe, 0x87, 0xf5, 0xa5, 0xfc, 0x84, 0xfc, 0x64, 0xfc, 0x64, 0xfc, 0xc5, 0xfc,
  0x21, 0xea, 0x61, 0xf2, 0xa2, 0xfa, 0xc2, 0xfa, 0xe2, 0xfa, 0xe2, 0xfa, 0x02, 0xfb, 0x25, 0xfc,
  0xe4, 0xfb, 0x23, 0xfb, 0x63, 0xfb, 0x43, 0xfb, 0x63, 0xfb, 0x43, 0xfb, 0x63, 0xfb, 0x83, 0xfb,
  0xc3, 0xfb, 0xe4, 0xfb, 0x04, 0xfc, 0x04, 0xfc, 0x24, 0xfc, 0x64, 0xfc, 0x85, 0xfc, 0xc5, 0xfc,
  0x46, 0xfd, 0x67, 0xfd, 0xa7, 0xfd, 0xa6, 0xfd, 0x66, 0xfd, 0xc4, 0xfc, 0x42, 0xfc, 0x62, 0xfc,
  0x42, 0xfc, 0xc2, 0xfc, 0xe8, 0xfe, 0x6a, 0xf6, 0xcb, 0xf6, 0x09, 0xfe, 0x08, 0xfe, 0x05, 0xfe,
  0x82, 0xf5, 0x80, 0xfd, 0xc1, 0xf5, 0x02, 0xfe, 0x84, 0xfe, 0xc4, 0xfe, 0x06, 0xff, 0x27, 0xff,
  0x47, 0xff, 0x89, 0xff, 0xeb, 0xff, 0xca, 0xff, 0x68, 0xff, 0x48, 0xff, 0x48, 0xff, 0x48, 0xff,
  0x28, 0xff, 0x28, 0xff, 0x28, 0xff, 0x49, 0xff, 0x69, 0xff, 0x49, 0xff, 0x29, 0xff, 0xe9, 0xfe,
  0xe8, 0xfe, 0xc8, 0xfe, 0xa8, 0xfe, 0xa8, 0xfe, 0xc8, 0xfe, 0xc8, 0xfe, 0xc9, 0xfe, 0xe4, 0xcb,
  0x04, 0xcc, 0xc8, 0xfe, 0x86, 0xfe, 0x67, 0xfe, 0xe4, 0xcb, 0x63, 0xbb, 0x88, 0xfe, 0x08, 0xff,
  0x8f, 0xff, 0xfd, 0xff, 0xff, 0xff, 0xfe, 0xff, 0xff, 0xff, 0xfb, 0xff, 0x4d, 0xff, 0xc7, 0xe5,
  0x25, 0xd5, 0xa8, 0xfe, 0xc8, 0xfe, 0xa8, 0xfe, 0x88, 0xfe, 0x68, 0xfe, 0x47, 0xfe, 0x67, 0xfe,
  0x68, 0xfe, 0x47, 0xfe, 0x48, 0xf6, 0x48, 0xfe, 0x49, 0xfe, 0x4a, 0xfe, 0x6b, 0xf6, 0x8b, 0xf6,
  0x8c, 0xf6, 0xcd, 0xf6, 0x0f, 0xf7, 0x30, 0xf7, 0x31, 0xff, 0x32, 0xff, 0x54, 0xff, 0x55, 0xff,
  0x76, 0xff, 0xb7, 0xff, 0xd8, 0xff, 0xf8, 0xff, 0xf9, 0xff, 0xf9, 0xff, 0xf9, 0xff, 0xf9, 0xff,
  0xf8, 0xff, 0xf6, 0xff, 0x94, 0xff, 0x12, 0xff, 0xcf, 0xf6, 0x4d, 0xf6, 0x4a, 0xf5, 0x68, 0xec,
  0xe7, 0xf3, 0xe7, 0xf3, 0x69, 0xfc, 0xe8, 0xf3, 0x11, 0xf6, 0x0e, 0xff, 0x27, 0xec, 0x10, 0xf6,
  0xa7, 0xec, 0xc6, 0xf4, 0x47, 0xfd, 0x06, 0xf5, 0x88, 0xfd, 0x27, 0xfd, 0x85, 0xf4, 0x47, 0xf5,
  0xa8, 0xf5, 0x88, 0xf5, 0xc8, 0xf5, 0xe8, 0xf5, 0xe6, 0xf4, 0xc5, 0xec, 0xe9, 0xf5, 0x6a, 0xfe,
  0x87, 0xed, 0x67, 0xf5, 0x46, 0xf5, 0xc5, 0xf4, 0x84, 0xfc, 0x84, 0xfc, 0x84, 0xfc, 0x84, 0xf4,
  0x00, 0xea, 0x41, 0xf2, 0x81, 0xf2, 0xa2, 0xfa, 0xc2, 0xfa, 0xe2, 0xfa, 0xe2, 0xfa, 0x02, 0xfb,
  0x02, 0xfb, 0x02, 0xfb, 0x23, 0xfb, 0x23, 0xfb, 0x23, 0xfb, 0x23, 0xfb, 0x43, 0xfb, 0x83, 0xfb,
  0xa3, 0xfb, 0xe4, 0xfb, 0x04, 0xfc, 0x24, 0xfc, 0x64, 0xfc, 0xa5, 0xfc, 0xe5, 0xfc, 0x26, 0xfd,
  0x66, 0xfd, 0x87, 0xfd, 0xa7, 0xfd, 0x86, 0xfd, 0x25, 0xfd, 0x83, 0xfc, 0x42, 0xfc, 0x62, 0xfc,
  0x42, 0xfc, 0xe2, 0xfc, 0xe8, 0xfe, 0x2a, 0xee, 0xec, 0xfe, 0x29, 0xfe, 0x06, 0xfe, 0x82, 0xf5,
  0x81, 0xfd, 0xa0, 0xfd, 0xa0, 0xfd, 0xc1, 0xfd, 0x01, 0xfe, 0x83, 0xfe, 0xe5, 0xfe, 0x27, 0xff,
  0x69, 0xff, 0xcb, 0xff, 0xeb, 0xff, 0x89, 0xff, 0x68, 0xff, 0x28, 0xff, 0x08, 0xff, 0x28, 0xff,
  0x28, 0xff, 0x69, 0xff, 0x2a, 0xff, 0x89, 0xf6, 0xc8, 0xe5, 0x48, 0xe5, 0xe6, 0xdc, 0xe6, 0xe4,
  0xa5, 0xec, 0xe5, 0xdb, 0x64, 0xcb, 0x63, 0xbb, 0x63, 0xb3, 0x83, 0xb3, 0x05, 0xbc, 0x65, 0xbb,
  0x82, 0xaa, 0x08, 0xf6, 0x09, 0xff, 0x07, 0xf6, 0x03, 0xb3, 0xc4, 0xc3, 0x09, 0xff, 0x28, 0xff,
  0x8f, 0xff, 0xfc, 0xff, 0xff, 0xff, 0xff, 0xff, 0xfd, 0xff, 0x93, 0xee, 0xa7, 0xc4, 0x07, 0xcd,
  0xeb, 0xf6, 0x4c, 0xff, 0x0c, 0xf7, 0x2d, 0xf7, 0x0e, 0xf7, 0x2f, 0xff, 0x50, 0xff, 0x51, 0xff,
  0x72, 0xff, 0x93, 0xff, 0x95, 0xff, 0xb6, 0xff, 0xb7, 0xff, 0xd9, 0xff, 0xda, 0xff, 0xfa, 0xff,
  0xfa, 0xff, 0xfb, 0xff, 0xfa, 0xff, 0xfa, 0xff, 0xfa, 0xff, 0xfb, 0xff, 0xfb, 0xff, 0xfb, 0xff,
  0xfc, 0xff, 0xfc, 0xff, 0xfa, 0xff, 0xf9, 0xff, 0xb6, 0xff, 0x94, 0xff, 0x12, 0xf7, 0x8f, 0xf6,
  0x2c, 0xf6, 0xca, 0xf5, 0x89, 0xed, 0x28, 0xf5, 0x68, 0xfd, 0x28, 0xfd, 0x46, 0xfc, 0xe6, 0xfb,
  0x07, 0xfc, 0x88, 0xfc, 0x88, 0xfc, 0xa6, 0xf3, 0xb0, 0xf5, 0x50, 0xff, 0x25, 0xe4, 0xad, 0xed,
  0x08, 0xed, 0x47, 0xf5, 0x2a, 0xfe, 0x4a, 0xfe, 0xcd, 0xfe, 0x4b, 0xfe, 0x26, 0xfd, 0x06, 0xf5,
  0xe6, 0xf4, 0x68, 0xfd, 0xab, 0xfe, 0xa8, 0xed, 0x09, 0xfe, 0x0c, 0xff, 0x0c, 0xff, 0xc8, 0xf5,
  0xc5, 0xec, 0x09, 0xfe, 0x8a, 0xfe, 0x46, 0xf5, 0xc5, 0xf4, 0x84, 0xfc, 0x84, 0xfc, 0x84, 0xfc,
  0xe0, 0xe1, 0x00, 0xea, 0x21, 0xea, 0x82, 0xf2, 0xa2, 0xfa, 0xc2, 0xfa, 0xc2, 0xfa, 0xe2, 0xfa,
  0x23, 0xfb, 0xe2, 0xfa, 0x02, 0xfb, 0x02, 0xfb, 0x02, 0xfb, 0x22, 0xfb, 0x43, 0xfb, 0x83, 0xfb,
  0xc3, 0xfb, 0xe4, 0xfb, 0x04, 0xfc, 0x64, 0xfc, 0xa5, 0xfc, 0x06, 0xfd, 0x26, 0xfd, 0x46, 0xfd,
  0x67, 0xfd, 0x87, 0xfd, 0xa7, 0xfd, 0x86, 0xfd, 0xc4, 0xfc, 0x22, 0xfc, 0x22, 0xfc, 0x42, 0xfc,
  0x42, 0xfc, 0x02, 0xf5, 0x09, 0xff, 0x4a, 0xf6, 0x0c, 0xff, 0x48, 0xfe, 0xc4, 0xfd, 0x61, 0xf5,
  0x81, 0xfd, 0xa0, 0xfd, 0xa0, 0xfd, 0xc1, 0xfd, 0xe1, 0xfd, 0x42, 0xfe, 0xc5, 0xfe, 0x48, 0xff,
  0xab, 0xff, 0xed, 0xff, 0xec, 0xff, 0x89, 0xff, 0x48, 0xff, 0x28, 0xff, 0x48, 0xff, 0x28, 0xff,
  0xa8, 0xf6, 0x86, 0xe5, 0x46, 0xdc, 0x04, 0xd3, 0x65, 0xdb, 0xc6, 0xdb, 0x85, 0xcb, 0xc3, 0xb2,
  0x43, 0x9a, 0xe4, 0x81, 0xe4, 0x79, 0xe4, 0x71, 0x82, 0x61, 0x20, 0x51, 0x41, 0x59, 0xe4, 0x79,
  0x23, 0x8a, 0x84, 0xb3, 0xc8, 0xed, 0x06, 0xdd, 0x82, 0xaa, 0x25, 0xcc, 0x4a, 0xff, 0x69, 0xf7,
  0xb0, 0xff, 0xfe, 0xff, 0xfd, 0xff, 0xd6, 0xf6, 0xca, 0xd4, 0xc7, 0xb3, 0x13, 0xde, 0xfa, 0xff,
  0xfa, 0xff, 0xd9, 0xff, 0xd9, 0xff, 0xfa, 0xff, 0xfa, 0xff, 0xfb, 0xff, 0xfb, 0xff, 0xfb, 0xff,
  0xfb, 0xff, 0xfb, 0xff, 0xfc, 0xff, 0xfc, 0xff, 0xfd, 0xff, 0xfe, 0xff, 0xfd, 0xff, 0xfc, 0xff,
  0xfc, 0xff, 0xfc, 0xff, 0xfb, 0xff, 0xfb, 0xff, 0xfb, 0xff, 0xfa, 0xff, 0xd9, 0xff, 0xb6, 0xff,
  0x53, 0xff, 0xf1, 0xfe, 0x8f, 0xfe, 0x2b, 0xf6, 0xe9, 0xf5, 0xe8, 0xfd, 0x67, 0xf5, 0x46, 0xf5,
  0x27, 0xfd, 0x27, 0xfd, 0x07, 0xfd, 0x07, 0xfd, 0x08, 0xfd, 0xe8, 0xfc, 0x26, 0xfc, 0x06, 0xfc,
  0x67, 0xfc, 0xe8, 0xfc, 0x87, 0xfc, 0x67, 0xf4, 0xf0, 0xfd, 0xb1, 0xff, 0xc6, 0xec, 0xcc, 0xf5,
  0xa9, 0xf5, 0xc9, 0xfd, 0xab, 0xfe, 0xed, 0xfe, 0x2e, 0xff, 0xcc, 0xfe, 0x4a, 0xf6, 0x67, 0xf5,
  0xa8, 0xf5, 0x88, 0xfd, 0x87, 0xf5, 0xc8, 0xfd, 0x09, 0xf6, 0x8b, 0xf6, 0xec, 0xfe, 0x87, 0xf5,
  0x85, 0xf4, 0x47, 0xf5, 0x87, 0xf5, 0xe6, 0xfc, 0xc5, 0xfc, 0x84, 0xfc, 0x85, 0xfc, 0x64, 0xfc,
  0xc0, 0xe1, 0xe0, 0xe1, 0x21, 0xea, 0x41, 0xf2, 0x61, 0xf2, 0x61, 0xf2, 0x61, 0xf2, 0x81, 0xf2,
  0x03, 0xfb, 0xc2, 0xfa, 0xc2, 0xfa, 0xe2, 0xfa, 0x02, 0xfb, 0x22, 0xfb, 0x63, 0xfb, 0xa3, 0xfb,
  0xe4, 0xfb, 0x04, 0xfc, 0x24, 0xfc, 0xa5, 0xfc, 0x06, 0xfd, 0x26, 0xfd, 0x26, 0xfd, 0x46, 0xfd,
  0x87, 0xfd, 0xa7, 0xfd, 0xa7, 0xfd, 0x66, 0xfd, 0xa3, 0xfc, 0x22, 0xfc, 0x42, 0xfc, 0x62, 0xfc,
  0x62, 0xfc, 0x23, 0xfd, 0x29, 0xff, 0xaa, 0xf6, 0x0b, 0xff, 0x26, 0xfe, 0x82, 0xfd, 0x81, 0xfd,
  0xa1, 0xfd, 0xa1, 0xfd, 0xc0, 0xfd, 0xe1, 0xfd, 0x01, 0xfe, 0x42, 0xfe, 0xc5, 0xfe, 0x68, 0xff,
  0xed, 0xff, 0xee, 0xff, 0xcb, 0xff, 0x69, 0xff, 0x69, 0xff, 0x29, 0xff, 0xe7, 0xe5, 0xa5, 0xd4,
  0x45, 0xdc, 0x46, 0xe4, 0x06, 0xf4, 0x65, 0xeb, 0x84, 0xba, 0xc3, 0x89, 0x82, 0x61, 0x62, 0x59,
  0x83, 0x61, 0xa4, 0x61, 0xc4, 0x69, 0x62, 0x59, 0x01, 0x49, 0x83, 0x59, 0x05, 0x6a, 0x05, 0x72,
  0x24, 0x7a, 0x03, 0x8a, 0xa4, 0xaa, 0x64, 0xaa, 0xc3, 0x99, 0x0c, 0xd5, 0xf5, 0xff, 0xf7, 0xff,
  0xfa, 0xff, 0xb7, 0xee, 0x6a, 0xcc, 0xe4, 0xaa, 0x2a, 0xbc, 0x19, 0xf7, 0xff, 0xff, 0xff, 0xff,
  0xff, 0xff, 0xfe, 0xff, 0xfd, 0xff, 0xfc, 0xff, 0xfc, 0xff, 0xfc, 0xff, 0xfc, 0xff, 0xfc, 0xff,
  0xfc, 0xff, 0xfc, 0xff, 0xfc, 0xff, 0xfc, 0xff, 0xfd, 0xff, 0xfd, 0xff, 0xfd, 0xff, 0xfc, 0xff,
  0xfa, 0xff, 0xd9, 0xff, 0xd7, 0xff, 0x74, 0xff, 0xf1, 0xf6, 0x8e, 0xf6, 0x4b, 0xf6, 0xea, 0xf5,
  0xa9, 0xf5, 0x67, 0xf5, 0x47, 0xfd, 0x46, 0xfd, 0x47, 0xfd, 0x67, 0xfd, 0x47, 0xfd, 0x47, 0xfd,
  0x27, 0xfd, 0x07, 0xfd, 0xe7, 0xfc, 0xc7, 0xfc, 0xc7, 0xfc, 0x87, 0xfc, 0x05, 0xfc, 0x46, 0xfc,
  0x26, 0xfc, 0x26, 0xfc, 0x06, 0xf4, 0x26, 0xf4, 0x8f, 0xf5, 0xd1, 0xff, 0x47, 0xed, 0xeb, 0xf5,
  0x2a, 0xf6, 0xe9, 0xf5, 0xcc, 0xfe, 0x4f, 0xff, 0x2f, 0xff, 0xec, 0xfe, 0xac, 0xfe, 0x27, 0xf5,
  0x88, 0xfd, 0x06, 0xf5, 0xc6, 0xf4, 0x26, 0xf5, 0xe6, 0xec, 0x06, 0xed, 0xc9, 0xf5, 0x67, 0xf5,
  0xc5, 0xf4, 0xe6, 0xf4, 0xe6, 0xf4, 0xc5, 0xf4, 0xa5, 0xf4, 0x64, 0xfc, 0x64, 0xfc, 0xa5, 0xf4,
  0x00, 0xe2, 0x41, 0xea, 0x41, 0xf2, 0x00, 0xea, 0x00, 0xea, 0x20, 0xea, 0x20, 0xea, 0x41, 0xf2,
  0x61, 0xf2, 0x82, 0xfa, 0xa2, 0xfa, 0xc2, 0xfa, 0xe2, 0xfa, 0x02, 0xfb, 0x63, 0xfb, 0xa3, 0xfb,
  0xe4, 0xfb, 0x04, 0xfc, 0x24, 0xfc, 0xa5, 0xfc, 0x26, 0xfd, 0x26, 0xfd, 0x46, 0xfd, 0x46, 0xfd,
  0x87, 0xfd, 0xa7, 0xfd, 0x86, 0xfd, 0x05, 0xfd, 0x63, 0xfc, 0x22, 0xfc, 0x63, 0xfc, 0xc3, 0xfc,
  0xc3, 0xfc, 0xa4, 0xfd, 0x6a, 0xff, 0xca, 0xf6, 0x0a, 0xff, 0x06, 0xfe, 0x62, 0xfd, 0x81, 0xfd,
  0xa1, 0xfd, 0xc1, 0xfd, 0xe1, 0xfd, 0x01, 0xfe, 0x21, 0xfe, 0x62, 0xfe, 0x06, 0xff, 0xab, 0xff,
  0xf0, 0xff, 0xef, 0xff, 0xcc, 0xff, 0xab, 0xff, 0x89, 0xee, 0xc6, 0xcc, 0x67, 0xd4, 0x09, 0xf5,
  0x69, 0xfd, 0xc7, 0xfc, 0x24, 0xc3, 0x23, 0x8a, 0x84, 0x69, 0x84, 0x61, 0x85, 0x61, 0x84, 0x59,
  0x84, 0x51, 0x63, 0x51, 0x23, 0x49, 0xc0, 0x38, 0x42, 0x49, 0xc5, 0x61, 0xe5, 0x69, 0xe5, 0x69,
  0xe5, 0x69, 0x04, 0x7a, 0x04, 0x82, 0x04, 0x9a, 0x64, 0xaa, 0x6c, 0xc4, 0xdc, 0xff, 0xf8, 0xee,
  0xce, 0xd4, 0xc4, 0xb2, 0xa4, 0xa2, 0x50, 0xcd, 0xde, 0xff, 0xff, 0xff, 0xde, 0xff, 0xfe, 0xff,
  0xfe, 0xff, 0xfe, 0xff, 0xfd, 0xff, 0xfc, 0xff, 0xfc, 0xff, 0xfc, 0xff, 0xfd, 0xff, 0xfd, 0xff,
  0xfd, 0xff, 0xfc, 0xff, 0xfb, 0xff, 0xfa, 0xff, 0xd8, 0xff, 0xb6, 0xff, 0x73, 0xff, 0x31, 0xf7,
  0xcf, 0xf6, 0x6c, 0xfe, 0x2a, 0xfe, 0xa8, 0xfd, 0x87, 0xf5, 0x87, 0xf5, 0x67, 0xfd, 0x67, 0xfd,
  0x47, 0xfd, 0x27, 0xfd, 0x27, 0xfd, 0x07, 0xfd, 0x07, 0xfd, 0x06, 0xfd, 0x48, 0xfd, 0x07, 0xfd,
  0xc6, 0xfc, 0xc6, 0xfc, 0xa7, 0xfc, 0xa7, 0xfc, 0x87, 0xfc, 0x26, 0xfc, 0xa5, 0xfb, 0xe6, 0xfb,
  0x26, 0xfc, 0x06, 0xfc, 0x27, 0xfc, 0x27, 0xf4, 0x6e, 0xf5, 0xf2, 0xff, 0x47, 0xed, 0x8a, 0xed,
  0x0a, 0xf6, 0xa8, 0xf5, 0x8b, 0xfe, 0xee, 0xfe, 0x0e, 0xff, 0x6a, 0xfe, 0x88, 0xf5, 0xc5, 0xec,
  0x85, 0xf4, 0x85, 0xf4, 0xc5, 0xf4, 0x2a, 0xfe, 0xab, 0xfe, 0x09, 0xf6, 0xe9, 0xf5, 0x29, 0xf6,
  0xe9, 0xf5, 0x09, 0xf6, 0x6a, 0xfe, 0x4a, 0xfe, 0x05, 0xf5, 0x84, 0xfc, 0x85, 0xfc, 0xc6, 0xfc,
  0x41, 0xea, 0x62, 0xf2, 0x20, 0xea, 0xe0, 0xe1, 0xe0, 0xe1, 0x00, 0xea, 0x00, 0xea, 0x00, 0xea,
  0x00, 0xea, 0x41, 0xf2, 0x61, 0xf2, 0x81, 0xf2, 0xa1, 0xfa, 0x02, 0xfb, 0x63, 0xfb, 0xa3, 0xfb,
  0xe4, 0xfb, 0x04, 0xfc, 0x44, 0xfc, 0xc5, 0xfc, 0x46, 0xfd, 0x46, 0xfd, 0x46, 0xfd, 0x66, 0xfd,
  0x66, 0xfd, 0x26, 0xfd, 0xe5, 0xfc, 0x83, 0xfc, 0x42, 0xfc, 0x22, 0xfc, 0x83, 0xfc, 0xe4, 0xfc,
  0x44, 0xfd, 0x05, 0xfe, 0x6a, 0xff, 0xea, 0xf6, 0x2a, 0xff, 0x05, 0xfe, 0x61, 0xfd, 0x80, 0xfd,
  0xa0, 0xfd, 0xc1, 0xfd, 0xe1, 0xfd, 0x01, 0xfe, 0x21, 0xfe, 0x83, 0xfe, 0x69, 0xff, 0xee, 0xff,
  0xf1, 0xff, 0xf0, 0xff, 0xed, 0xff, 0x29, 0xde, 0xc7, 0xd4, 0x89, 0xf5, 0xcb, 0xfd, 0x8a, 0xfd,
  0x46, 0xec, 0x42, 0xa2, 0x83, 0x61, 0x85, 0x59, 0x85, 0x59, 0x85, 0x59, 0x85, 0x59, 0xa5, 0x51,
  0xa5, 0x51, 0xa5, 0x51, 0x84, 0x49, 0x43, 0x41, 0x43, 0x49, 0xa4, 0x59, 0xc4, 0x61, 0xc4, 0x61,
  0xe5, 0x69, 0x05, 0x72, 0x83, 0x61, 0xa2, 0x79, 0xc5, 0xba, 0xc5, 0xba, 0x68, 0xab, 0xc5, 0xaa,
  0x22, 0xa2, 0x29, 0xab, 0x76, 0xe6, 0xff, 0xff, 0xff, 0xff, 0xff, 0xff, 0xff, 0xff, 0xff, 0xff,
  0xfe, 0xff, 0xfd, 0xff, 0xfd, 0xff, 0xfc, 0xff, 0xfb, 0xff, 0xfb, 0xff, 0xda, 0xff, 0xb8, 0xff,
  0x95, 0xff, 0x52, 0xff, 0x10, 0xf7, 0xac, 0xf6, 0x8a, 0xfe, 0x69, 0xfe, 0x28, 0xf6, 0x08, 0xfe,
  0xe8, 0xfd, 0x87, 0xfd, 0x67, 0xfd, 0x47, 0xfd, 0x47, 0xfd, 0x47, 0xfd, 0x27, 0xfd, 0x27, 0xfd,
  0x27, 0xfd, 0x06, 0xfd, 0x06, 0xfd, 0xe6, 0xfc, 0xc6, 0xfc, 0xe6, 0xfc, 0x28, 0xfd, 0xc6, 0xfc,
  0xa6, 0xfc, 0xc7, 0xfc, 0xa7, 0xfc, 0x66, 0xfc, 0x46, 0xfc, 0x26, 0xfc, 0xc5, 0xfb, 0x06, 0xfc,
  0xe5, 0xfb, 0xc5, 0xfb, 0x06, 0xfc, 0x06, 0xf4, 0x6e, 0xed, 0xf3, 0xff, 0xe9, 0xed, 0xaa, 0xed,
  0x0a, 0xf6, 0x06, 0xf5, 0x27, 0xf5, 0x88, 0xf5, 0x2a, 0xfe, 0xc8, 0xfd, 0x87, 0xfd, 0x67, 0xf5,
  0x67, 0xf5, 0xc9, 0xfd, 0x85, 0xf4, 0xc9, 0xf5, 0xcc, 0xf6, 0xec, 0xf6, 0x09, 0xee, 0xa8, 0xf5,
  0xe9, 0xf5, 0x09, 0xee, 0x4a, 0xf6, 0x8a, 0xf6, 0x06, 0xf5, 0x64, 0xfc, 0x85, 0xfc, 0x85, 0xfc,
  0xa2, 0xf2, 0x41, 0xea, 0xe0, 0xe1, 0xe0, 0xe1, 0xc0, 0xe1, 0xe0, 0xe1, 0xe0, 0xe1, 0xe0, 0xe1,
  0x00, 0xea, 0x21, 0xea, 0x41, 0xf2, 0x61, 0xf2, 0x81, 0xfa, 0xe2, 0xfa, 0x63, 0xfb, 0xa3, 0xfb,
  0x04, 0xfc, 0x44, 0xfc, 0x85, 0xfc, 0x06, 0xfd, 0x46, 0xfd, 0x46, 0xfd, 0x46, 0xfd, 0x26, 0xfd,
  0xe5, 0xfc, 0x84, 0xfc, 0x43, 0xfc, 0x22, 0xfc, 0x22, 0xfc, 0x22, 0xfc, 0x63, 0xfc, 0x04, 0xfd,
  0x65, 0xfd, 0x26, 0xfe, 0x6a, 0xff, 0xe9, 0xf6, 0x29, 0xff, 0xe4, 0xfd, 0x81, 0xfd, 0xa0, 0xfd,
  0xc0, 0xfd, 0xe1, 0xfd, 0x01, 0xfe, 0x41, 0xfe, 0x62, 0xfe, 0x06, 0xff, 0xcc, 0xff, 0xf0, 0xff,
  0xf2, 0xff, 0xf1, 0xff, 0xab, 0xde, 0x69, 0xdd, 0x0c, 0xfe, 0xeb, 0xfd, 0x89, 0xfd, 0x06, 0xec,
  0xe2, 0x91, 0x43, 0x59, 0x85, 0x59, 0x85, 0x51, 0x85, 0x51, 0x85, 0x51, 0x85, 0x51, 0x85, 0x49,
  0x85, 0x49, 0x85, 0x49, 0xa5, 0x49, 0xa5, 0x49, 0x64, 0x49, 0x63, 0x49, 0xa4, 0x51, 0xa4, 0x59,
  0xa4, 0x61, 0xe5, 0x69, 0x63, 0x59, 0x82, 0x61, 0x24, 0x8a, 0xc6, 0xc2, 0x02, 0x9a, 0xe3, 0x89,
  0x4d, 0xbc, 0x5a, 0xf7, 0xff, 0xff, 0xdf, 0xff, 0xff, 0xff, 0xff, 0xff, 0xff, 0xff, 0xfd, 0xff,
  0xfc, 0xff, 0xfa, 0xff, 0xd7, 0xff, 0x94, 0xff, 0x71, 0xf7, 0x2e, 0xf7, 0xec, 0xfe, 0x8a, 0xfe,
  0x49, 0xfe, 0x28, 0xfe, 0x07, 0xfe, 0xe7, 0xfd, 0xc7, 0xfd, 0xa7, 0xfd, 0x87, 0xfd, 0x87, 0xfd,
  0x67, 0xfd, 0x27, 0xfd, 0x06, 0xfd, 0x06, 0xfd, 0x06, 0xfd, 0xe6, 0xfc, 0xe6, 0xfc, 0xe6, 0xfc,
  0xe6, 0xfc, 0xc6, 0xfc, 0xa5, 0xfc, 0xa6, 0xfc, 0xa6, 0xfc, 0x86, 0xfc, 0x86, 0xfc, 0x66, 0xfc,
  0x28, 0xfd, 0x48, 0xfd, 0x66, 0xfc, 0x26, 0xfc, 0x26, 0xfc, 0x05, 0xfc, 0x26, 0xfc, 0x26, 0xfc,
  0x46, 0xfc, 0x26, 0xf4, 0x67, 0xfc, 0xc8, 0xfc, 0xef, 0xf5, 0xd2, 0xff, 0x0a, 0xee, 0xeb, 0xf5,
  0xca, 0xf5, 0xa5, 0xf4, 0x85, 0xf4, 0xe6, 0xf4, 0xe9, 0xfd, 0x47, 0xf5, 0xe6, 0xfc, 0xc6, 0xfc,
  0xc6, 0xf4, 0x68, 0xfd, 0x67, 0xfd, 0x06, 0xf5, 0xe8, 0xf5, 0xeb, 0xfe, 0x8b, 0xfe, 0xa8, 0xf5,
  0xa5, 0xec, 0x85, 0xec, 0xe6, 0xec, 0x09, 0xfe, 0x26, 0xf5, 0x44, 0xfc, 0x44, 0xfc, 0xa5, 0xf4,
  0xa2, 0xf2, 0x41, 0xea, 0x00, 0xe2, 0xe0, 0xe1, 0xe0, 0xe1, 0xe0, 0xe1, 0xe0, 0xe1, 0xe0, 0xe1,
  0x00, 0xe2, 0x00, 0xea, 0x20, 0xea, 0x41, 0xf2, 0x81, 0xfa, 0x02, 0xfb, 0x63, 0xfb, 0xc4, 0xfb,
  0x65, 0xfc, 0xc5, 0xfc, 0xc6, 0xfc, 0x06, 0xfd, 0x06, 0xfd, 0x06, 0xfd, 0x05, 0xfd, 0xe5, 0xfc,
  0xa4, 0xfc, 0x43, 0xfc, 0x02, 0xfc, 0x02, 0xfc, 0x22, 0xfc, 0x22, 0xfc, 0x83, 0xfc, 0x24, 0xfd,
  0xa6, 0xfd, 0x46, 0xfe, 0x69, 0xff, 0x09, 0xf7, 0x29, 0xff, 0x04, 0xfe, 0xa1, 0xfd, 0xa0, 0xfd,
  0xe1, 0xfd, 0x21, 0xfe, 0x41, 0xfe, 0x83, 0xfe, 0xe5, 0xfe, 0x8a, 0xff, 0xef, 0xff, 0xd2, 0xff,
  0xf3, 0xff, 0xed, 0xe6, 0xa9, 0xe5, 0x2c, 0xfe, 0xeb, 0xfd, 0xab, 0xfd, 0x87, 0xf4, 0x02, 0x92,
  0x43, 0x51, 0x64, 0x51, 0x65, 0x51, 0x65, 0x51, 0x85, 0x51, 0x85, 0x49, 0x85, 0x49, 0x85, 0x49,
  0x85, 0x49, 0x85, 0x49, 0x85, 0x49, 0x84, 0x49, 0x84, 0x49, 0x64, 0x49, 0x64, 0x49, 0xa4, 0x59,
  0xa4, 0x59, 0xc4, 0x61, 0x42, 0x51, 0xa3, 0x59, 0x04, 0x72, 0x65, 0x9a, 0x22, 0xa2, 0xaa, 0xb3,
  0xdd, 0xff, 0xfe, 0xff, 0xde, 0xff, 0xff, 0xff, 0xff, 0xff, 0xff, 0xff, 0xfd, 0xff, 0xb4, 0xff,
  0x6f, 0xff, 0x4c, 0xff, 0x0b, 0xf7, 0xc9, 0xf6, 0x88, 0xfe, 0x68, 0xfe, 0x47, 0xfe, 0xe7, 0xfd,
  0xa7, 0xfd, 0xa7, 0xfd, 0xa7, 0xfd, 0x87, 0xfd, 0x67, 0xfd, 0x46, 0xfd, 0x26, 0xfd, 0x06, 0xfd,
  0xe6, 0xfc, 0xc6, 0xfc, 0xc6, 0xfc, 0xc6, 0xfc, 0xc5, 0xfc, 0xe6, 0xfc, 0xc6, 0xfc, 0xa6, 0xfc,
  0xe6, 0xfc, 0xa6, 0xfc, 0x65, 0xfc, 0x85, 0xfc, 0x66, 0xfc, 0x66, 0xfc, 0x66, 0xfc, 0x65, 0xfc,
  0xe7, 0xfc, 0x08, 0xfd, 0x05, 0xf4, 0x05, 0xfc, 0x05, 0xfc, 0x05, 0xfc, 0x46, 0xfc, 0xa8, 0xfc,
  0x08, 0xfd, 0xa7, 0xfc, 0xa8, 0xfc, 0x67, 0xf4, 0x8d, 0xed, 0xd1, 0xff, 0xc9, 0xed, 0xeb, 0xf5,
  0xaa, 0xf5, 0x85, 0xf4, 0xe7, 0xf4, 0x89, 0xfd, 0xc6, 0xf4, 0x85, 0xf4, 0xc6, 0xfc, 0x65, 0xf4,
  0x65, 0xf4, 0xe6, 0xf4, 0xa8, 0xf5, 0xaa, 0xf6, 0x0b, 0xff, 0x49, 0xfe, 0xc8, 0xf5, 0xc8, 0xf5,
  0x67, 0xf5, 0x68, 0xfd, 0x47, 0xf5, 0x85, 0xec, 0x24, 0xf4, 0x04, 0xfc, 0x03, 0xf4, 0xc5, 0xf4,
  0x82, 0xea, 0x41, 0xea, 0x20, 0xea, 0x00, 0xe2, 0x00, 0xe2, 0x00, 0xe2, 0x00, 0xe2, 0xe0, 0xe1,
  0xe0, 0xe1, 0x00, 0xe2, 0x00, 0xea, 0x21, 0xea, 0xa2, 0xfa, 0x02, 0xfb, 0x63, 0xfb, 0x24, 0xf4,
  0xe6, 0xfc, 0x26, 0xfd, 0x06, 0xfd, 0x06, 0xfd, 0xe5, 0xfc, 0xc5, 0xfc, 0xa5, 0xfc, 0xc5, 0xfc,
  0xa4, 0xfc, 0x43, 0xfc, 0x02, 0xfc, 0x22, 0xfc, 0x42, 0xfc, 0x22, 0xfc, 0x83, 0xfc, 0x45, 0xfd,
  0xc6, 0xfd, 0x46, 0xfe, 0x69, 0xff, 0x29, 0xf7, 0x29, 0xff, 0x45, 0xfe, 0xe2, 0xfd, 0xc1, 0xfd,
  0x01, 0xfe, 0x62, 0xfe, 0xc4, 0xfe, 0x27, 0xff, 0xa9, 0xff, 0xed, 0xff, 0xf1, 0xff, 0xf5, 0xff,
  0x30, 0xef, 0xca, 0xdd, 0x4c, 0xfe, 0x0b, 0xfe, 0x0b, 0xfe, 0x69, 0xfd, 0xe3, 0xb2, 0x22, 0x51,
  0x64, 0x49, 0x64, 0x49, 0x64, 0x49, 0x65, 0x49, 0x85, 0x49, 0x85, 0x49, 0x85, 0x49, 0x85, 0x49,
  0x85, 0x49, 0x64, 0x41, 0x64, 0x41, 0x85, 0x41, 0x64, 0x49, 0x84, 0x49, 0x64, 0x49, 0x64, 0x49,
  0xa4, 0x51, 0xa4, 0x59, 0x02, 0x49, 0x83, 0x59, 0xe5, 0x69, 0x05, 0x7a, 0xe2, 0x91, 0xa7, 0xc3,
  0xb3, 0xff, 0xf6, 0xff, 0xfe, 0xff, 0xff, 0xff, 0xff, 0xff, 0xff, 0xff, 0xdb, 0xff, 0x4d, 0xf7,
  0xe9, 0xfe, 0xe8, 0xfe, 0xc8, 0xfe, 0xa8, 0xfe, 0x47, 0xfe, 0x07, 0xfe, 0xc7, 0xfd, 0x66, 0xfd,
  0x46, 0xfd, 0x46, 0xfd, 0x26, 0xfd, 0x26, 0xfd, 0x06, 0xfd, 0x06, 0xfd, 0xe6, 0xfc, 0xe6, 0xfc,
  0xc6, 0xfc, 0xa6, 0xfc, 0xa5, 0xfc, 0xa5, 0xfc, 0xa5, 0xfc, 0xe6, 0xfc, 0xc7, 0xfc, 0x86, 0xfc,
  0xa7, 0xfc, 0x66, 0xfc, 0x26, 0xfc, 0x05, 0xfc, 0x26, 0xfc, 0x26, 0xfc, 0x06, 0xfc, 0xe5, 0xfb,
  0x05, 0xfc, 0x87, 0xf4, 0x05, 0xfc, 0x05, 0xfc, 0x25, 0xfc, 0x05, 0xfc, 0x26, 0xfc, 0x26, 0xfc,
  0x26, 0xfc, 0x46, 0xfc, 0x67, 0xfc, 0xa7, 0xfc, 0x0f, 0xfe, 0xb0, 0xff, 0xe9, 0xed, 0xad, 0xf6,
  0x48, 0xed, 0x27, 0xf5, 0xe9, 0xf5, 0x07, 0xed, 0xa5, 0xec, 0x68, 0xf5, 0x07, 0xf5, 0x48, 0xf5,
  0x27, 0xf5, 0x27, 0xf5, 0x67, 0xf5, 0x49, 0xf6, 0x08, 0xf6, 0x46, 0xf5, 0x88, 0xf5, 0x06, 0xf5,
  0xe6, 0xec, 0xa8, 0xf5, 0x4a, 0xf6, 0x68, 0xf5, 0xc6, 0xf4, 0x45, 0xf4, 0x44, 0xf4, 0x24, 0xf4,
  0x82, 0xf2, 0x61, 0xf2, 0x41, 0xea, 0x41, 0xea, 0x41, 0xea, 0x41, 0xea, 0x41, 0xea, 0x21, 0xea,
  0xe0, 0xd9, 0xe0, 0xe1, 0x00, 0xe2, 0x21, 0xea, 0xc2, 0xfa, 0x63, 0xfb, 0xe4, 0xf3, 0xa5, 0xfc,
  0x67, 0xfd, 0x67, 0xfd, 0x26, 0xfd, 0x06, 0xfd, 0xc5, 0xfc, 0xa5, 0xfc, 0xa5, 0xfc, 0xc5, 0xfc,
  0xa5, 0xfc, 0x63, 0xfc, 0x22, 0xfc, 0x22, 0xfc, 0x63, 0xfc, 0x83, 0xfc, 0xc3, 0xfc, 0x85, 0xfd,
  0xe6, 0xfd, 0x46, 0xfe, 0x49, 0xff, 0x29, 0xff, 0x49, 0xff, 0xc7, 0xfe, 0x63, 0xfe, 0x42, 0xfe,
  0x63, 0xfe, 0xe6, 0xfe, 0x6a, 0xff, 0xee, 0xff, 0xf2, 0xff, 0xf5, 0xff, 0xfa, 0xff, 0x99, 0xf7,
  0xec, 0xdd, 0x4c, 0xfe, 0x4c, 0xfe, 0x2b, 0xfe, 0x49, 0xfd, 0x84, 0xd3, 0xa2, 0x69, 0x64, 0x41,
  0x64, 0x41, 0x64, 0x41, 0x84, 0x41, 0x85, 0x41, 0x85, 0x41, 0x85, 0x41, 0x85, 0x41, 0x85, 0x49,
  0x85, 0x49, 0x44, 0x41, 0x64, 0x41, 0x84, 0x49, 0x84, 0x49, 0x84, 0x49, 0x84, 0x49, 0x64, 0x49,
  0x84, 0x51, 0xa4, 0x51, 0x02, 0x41, 0x63, 0x51, 0xe5, 0x69, 0xe5, 0x69, 0xa2, 0x79, 0xa2, 0xaa,
  0xc9, 0xed, 0xee, 0xf6, 0x9b, 0xff, 0xde, 0xff, 0xff, 0xff, 0xff, 0xff, 0xfc, 0xff, 0x6e, 0xff,
  0xea, 0xfe, 0xa9, 0xfe, 0xc8, 0xfe, 0xa7, 0xfe, 0x47, 0xfe, 0xc7, 0xfd, 0x66, 0xfd, 0x46, 0xfd,
  0x26, 0xfd, 0x06, 0xfd, 0x06, 0xfd, 0xe6, 0xfc, 0xe6, 0xfc, 0xe6, 0xfc, 0xc5, 0xfc, 0xc6, 0xfc,
  0xc6, 0xfc, 0xa6, 0xfc, 0x65, 0xfc, 0x45, 0xfc, 0x45, 0xfc, 0x25, 0xfc, 0x05, 0xfc, 0xe5, 0xfb,
  0xe6, 0xfb, 0xc5, 0xfb, 0xa5, 0xfb, 0xa5, 0xfb, 0xe5, 0xfb, 0x26, 0xfc, 0xc5, 0xfb, 0xa5, 0xfb,
  0xe5, 0xfb, 0x67, 0xfc, 0x05, 0xfc, 0x05, 0xfc, 0x05, 0xfc, 0x26, 0xfc, 0x46, 0xfc, 0xa5, 0xfb,
  0xc5, 0xfb, 0x26, 0xfc, 0x67, 0xfc, 0x87, 0xf4, 0x0e, 0xf6, 0x90, 0xff, 0xa9, 0xf5, 0x6c, 0xf6,
  0xc9, 0xed, 0xea, 0xf5, 0xe9, 0xf5, 0x27, 0xf5, 0x68, 0xed, 0x88, 0xf5, 0xa6, 0xec, 0x4b, 0xfe,
  0xa9, 0xfd, 0xe6, 0xf4, 0x09, 0xfe, 0xa7, 0xfd, 0x06, 0xf5, 0x26, 0xf5, 0xe6, 0xf4, 0xa5, 0xf4,
  0xe6, 0xf4, 0x06, 0xf5, 0xc6, 0xf4, 0x48, 0xf5, 0x07, 0xf5, 0x88, 0xf5, 0x27, 0xf5, 0x06, 0xf5,
  0xa2, 0xfa, 0xa2, 0xfa, 0xa2, 0xf2, 0x82, 0xf2, 0x61, 0xea, 0xa2, 0xf2, 0x61, 0xea, 0x41, 0xea,
  0x21, 0xea, 0x01, 0xe2, 0x21, 0xea, 0x82, 0xf2, 0x03, 0xfb, 0x83, 0xfb, 0xc4, 0xf3, 0x85, 0xfc,
  0xc6, 0xfc, 0xc5, 0xfc, 0xa5, 0xfc, 0xa5, 0xf4, 0xc5, 0xfc, 0x85, 0xfc, 0x85, 0xfc, 0xa5, 0xfc,
  0xa5, 0xfc, 0x43, 0xfc, 0x22, 0xfc, 0x42, 0xfc, 0xa3, 0xfc, 0x25, 0xfd, 0x45, 0xfd, 0xa6, 0xfd,
  0x06, 0xfe, 0x26, 0xfe, 0x28, 0xff, 0x49, 0xff, 0x69, 0xff, 0x8a, 0xff, 0x49, 0xff, 0x08, 0xff,
  0x4d, 0xff, 0xb1, 0xff, 0xf4, 0xff, 0xf8, 0xff, 0xfb, 0xff, 0xfd, 0xff, 0xff, 0xff, 0x73, 0xe6,
  0xeb, 0xf5, 0x6c, 0xfe, 0x2a, 0xfe, 0x66, 0xe4, 0x42, 0x9a, 0x62, 0x61, 0x43, 0x49, 0x84, 0x41,
  0x84, 0x41, 0x64, 0x41, 0x84, 0x41, 0x84, 0x41, 0x65, 0x41, 0x65, 0x41, 0x85, 0x49, 0x85, 0x49,
  0x64, 0x41, 0x64, 0x41, 0x65, 0x49, 0x84, 0x49, 0x84, 0x49, 0x84, 0x49, 0x64, 0x41, 0x64, 0x49,
  0x64, 0x49, 0xa4, 0x51, 0x01, 0x39, 0x43, 0x51, 0xc5, 0x69, 0xe5, 0x69, 0xa2, 0x71, 0x43, 0x9a,
  0xa4, 0xb2, 0x25, 0xcb, 0x88, 0xd3, 0x4c, 0xdc, 0xee, 0xdc, 0xb2, 0xe5, 0x52, 0xf6, 0x6b, 0xf6,
  0x48, 0xfe, 0x49, 0xfe, 0x88, 0xfe, 0xa8, 0xfe, 0x47, 0xfe, 0xa7, 0xfd, 0x67, 0xfd, 0x46, 0xfd,
  0x26, 0xfd, 0x06, 0xfd, 0x06, 0xfd, 0xe6, 0xfc, 0xe6, 0xfc, 0xc6, 0xfc, 0xc6, 0xfc, 0xc6, 0xfc,
  0xa6, 0xfc, 0x45, 0xfc, 0xe5, 0xfb, 0xc4, 0xfb, 0xa4, 0xfb, 0xa4, 0xfb, 0xc5, 0xfb, 0xc5, 0xfb,
  0xa5, 0xfb, 0xa5, 0xfb, 0x84, 0xfb, 0x84, 0xfb, 0xc5, 0xfb, 0x06, 0xfc, 0xe5, 0xfb, 0x06, 0xfc,
  0x26, 0xfc, 0xe5, 0xfb, 0xe5, 0xfb, 0x06, 0xfc, 0xe6, 0xfb, 0xc6, 0xfb, 0xc5, 0xfb, 0xa5, 0xfb,
  0xc5, 0xfb, 0x06, 0xfc, 0x46, 0xfc, 0x47, 0xf4, 0x0e, 0xf6, 0x4f, 0xff, 0xc6, 0xec, 0xeb, 0xf5,
  0xea, 0xfd, 0xe6, 0xf4, 0xc9, 0xfd, 0x89, 0xfd, 0xc9, 0xf5, 0x68, 0xf5, 0xa6, 0xf4, 0x88, 0xf5,
  0xc6, 0xec, 0xe6, 0xf4, 0x67, 0xfd, 0x06, 0xfd, 0x85, 0xf4, 0xe9, 0xf5, 0x0a, 0xfe, 0x27, 0xf5,
  0xe6, 0xf4, 0x48, 0xf5, 0xa8, 0xf5, 0x6a, 0xf6, 0xa9, 0xfd, 0x85, 0xfc, 0x65, 0xec, 0xc9, 0xfd,
  0x03, 0xfb, 0x03, 0xfb, 0x03, 0xfb, 0xe3, 0xfa, 0xe2, 0xfa, 0x03, 0xfb, 0xc2, 0xf2, 0x20, 0xe2,
  0x20, 0xe2, 0x00, 0xe2, 0x21, 0xea, 0x82, 0xf2, 0xe2, 0xf2, 0x02, 0xfb, 0x83, 0xfb, 0x65, 0xfc,
  0xa5, 0xfc, 0x65, 0xfc, 0x44, 0xfc, 0xa5, 0xfc, 0xe6, 0xfc, 0x85, 0xfc, 0x85, 0xfc, 0xa5, 0xfc,
  0xa4, 0xfc, 0x43, 0xfc, 0x43, 0xfc, 0x42, 0xfc, 0xa3, 0xfc, 0x45, 0xfd, 0xa6, 0xfd, 0xe6, 0xfd,
  0x06, 0xfe, 0x26, 0xfe, 0x08, 0xff, 0x69, 0xf7, 0x8a, 0xff, 0xed, 0xff, 0xce, 0xff, 0xef, 0xff,
  0xf0, 0xff, 0xf1, 0xff, 0xf2, 0xff, 0xf2, 0xff, 0xf5, 0xff, 0xf6, 0xff, 0x54, 0xef, 0xcb, 0xdd,
  0x6b, 0xfe, 0xea, 0xfd, 0xa4, 0xcb, 0xa1, 0x69, 0x43, 0x49, 0x64, 0x49, 0x64, 0x41, 0x84, 0x41,
  0x84, 0x41, 0x84, 0x41, 0x84, 0x41, 0x84, 0x41, 0x64, 0x41, 0x64, 0x41, 0x65, 0x49, 0x85, 0x49,
  0x64, 0x41, 0x85, 0x49, 0x85, 0x49, 0x84, 0x49, 0x84, 0x49, 0x84, 0x49, 0x44, 0x41, 0x64, 0x49,
  0x84, 0x49, 0x43, 0x41, 0xc1, 0x38, 0x43, 0x51, 0xc5, 0x61, 0xc5, 0x61, 0x82, 0x69, 0x24, 0x9a,
  0x84, 0xa2, 0x04, 0xab, 0x05, 0xab, 0x27, 0xb3, 0x27, 0xb3, 0xe9, 0xc3, 0x49, 0xd4, 0x46, 0xd4,
  0x64, 0xdc, 0xe5, 0xdc, 0x08, 0xfe, 0x68, 0xfe, 0x48, 0xfe, 0xc7, 0xfd, 0x67, 0xfd, 0x47, 0xfd,
  0x27, 0xfd, 0x27, 0xfd, 0x07, 0xfd, 0x06, 0xfd, 0xe6, 0xfc, 0xc6, 0xfc, 0xa6, 0xfc, 0x86, 0xfc,
  0xa6, 0xfc, 0x45, 0xfc, 0xa4, 0xfb, 0xa5, 0xfb, 0xe6, 0xfb, 0xe5, 0xfb, 0xe5, 0xfb, 0xe5, 0xfb,
  0xc5, 0xfb, 0xa5, 0xfb, 0xa5, 0xfb, 0xa5, 0xfb, 0xc5, 0xfb, 0xc5, 0xfb, 0xe5, 0xfb, 0xe6, 0xfb,
  0x06, 0xfc, 0xc6, 0xfb, 0x67, 0xfc, 0x88, 0xfc, 0xe6, 0xfb, 0x07, 0xfc, 0xc6, 0xf3, 0xc5, 0xf3,
  0xc5, 0xfb, 0xe6, 0xfb, 0x47, 0xfc, 0x87, 0xf4, 0x6f, 0xf6, 0x0d, 0xff, 0x27, 0xed, 0x4c, 0xf6,
  0x07, 0xf5, 0x86, 0xf4, 0xc9, 0xfd, 0xc9, 0xf5, 0x0b, 0xf6, 0x27, 0xf5, 0xc7, 0xf4, 0x27, 0xfd,
  0x65, 0xf4, 0x85, 0xf4, 0x26, 0xf5, 0x06, 0xf5, 0x44, 0xf4, 0x27, 0xf5, 0x68, 0xf5, 0xc9, 0xf5,
  0x68, 0xf5, 0x85, 0xf4, 0x07, 0xf5, 0xab, 0xf6, 0x0c, 0xff, 0xe6, 0xf4, 0x44, 0xfc, 0xa5, 0xf4,
  0x23, 0xfb, 0x23, 0xfb, 0x23, 0xfb, 0x23, 0xfb, 0x23, 0xfb, 0x43, 0xfb, 0x23, 0xfb, 0x81, 0xea,
  0x41, 0xea, 0x41, 0xea, 0x61, 0xea, 0xa1, 0xea, 0xe2, 0xf2, 0x22, 0xfb, 0xc4, 0xfb, 0x86, 0xfc,
  0x65, 0xfc, 0x24, 0xfc, 0x24, 0xfc, 0x27, 0xfd, 0xe6, 0xfc, 0x44, 0xfc, 0x85, 0xfc, 0x85, 0xfc,
  0x84, 0xfc, 0x43, 0xfc, 0x43, 0xfc, 0x63, 0xfc, 0xc3, 0xfc, 0x65, 0xfd, 0xc6, 0xfd, 0xe6, 0xfd,
  0x26, 0xfe, 0x46, 0xfe, 0xa7, 0xfe, 0x69, 0xff, 0x8b, 0xff, 0xf0, 0xff, 0xf0, 0xff, 0xf0, 0xff,
  0xee, 0xff, 0xed, 0xff, 0xeb, 0xff, 0xed, 0xff, 0xf2, 0xff, 0xf5, 0xff, 0x4d, 0xde, 0x2a, 0xf6,
  0xc9, 0xfd, 0x64, 0xc3, 0x61, 0x61, 0x63, 0x41, 0x84, 0x41, 0x84, 0x41, 0x64, 0x41, 0x84, 0x41,
  0x83, 0x41, 0x83, 0x41, 0x83, 0x41, 0x84, 0x41, 0x84, 0x49, 0x84, 0x49, 0x85, 0x49, 0x64, 0x41,
  0x43, 0x39, 0x85, 0x49, 0x85, 0x51, 0x84, 0x51, 0x85, 0x51, 0x64, 0x49, 0x44, 0x41, 0x85, 0x49,
  0x85, 0x49, 0xe2, 0x38, 0xa1, 0x30, 0x64, 0x51, 0xa4, 0x61, 0xc4, 0x61, 0x82, 0x69, 0x63, 0x9a,
  0xc9, 0xed, 0xca, 0xf6, 0x73, 0xf7, 0xbb, 0xf7, 0xbc, 0xff, 0xbc, 0xff, 0xbb, 0xff, 0xcf, 0xfe,
  0x29, 0xfe, 0x09, 0xfe, 0x29, 0xfe, 0x28, 0xfe, 0x28, 0xfe, 0xe8, 0xfd, 0x88, 0xfd, 0x67, 0xfd,
  0x47, 0xfd, 0x27, 0xfd, 0x27, 0xfd, 0x07, 0xfd, 0xe6, 0xfc, 0x65, 0xfc, 0x25, 0xfc, 0x25, 0xfc,
  0x66, 0xfc, 0x25, 0xfc, 0xa4, 0xfb, 0xa5, 0xfb, 0x06, 0xfc, 0x47, 0xfc, 0xc8, 0xfc, 0x87, 0xfc,
  0xe5, 0xfb, 0x85, 0xfb, 0xa4, 0xfb, 0xa4, 0xfb, 0xa4, 0xfb, 0xa5, 0xfb, 0xe6, 0xfb, 0xc5, 0xfb,
  0xe6, 0xfb, 0xa6, 0xfb, 0xe6, 0xfb, 0xe7, 0xf3, 0xc6, 0xfb, 0x27, 0xfc, 0x06, 0xfc, 0xe6, 0xfb,
  0x06, 0xfc, 0x27, 0xfc, 0x67, 0xfc, 0xa9, 0xf4, 0x90, 0xfe, 0xab, 0xf6, 0x47, 0xed, 0xad, 0xf6,
  0x07, 0xf5, 0xc6, 0xf4, 0x8c, 0xfe, 0x4f, 0xff, 0x8e, 0xf6, 0xc6, 0xf4, 0xc7, 0xfc, 0xe7, 0xfc,
  0xe6, 0xfc, 0xe6, 0xf4, 0x87, 0xfd, 0xc8, 0xfd, 0x07, 0xf5, 0x85, 0xf4, 0x85, 0xf4, 0x85, 0xf4,
  0x07, 0xf5, 0x07, 0xf5, 0x65, 0xfc, 0x65, 0xf4, 0x47, 0xf5, 0x06, 0xf5, 0x44, 0xf4, 0xa5, 0xfc,
  0x64, 0xfb, 0x43, 0xfb, 0x43, 0xfb, 0x43, 0xfb, 0x23, 0xfb, 0x23, 0xfb, 0x64, 0xfb, 0x23, 0xf3,
  0xa1, 0xf2, 0xa2, 0xf2, 0xa1, 0xea, 0xc2, 0xf2, 0x03, 0xfb, 0x43, 0xfb, 0x05, 0xfc, 0x86, 0xfc,
  0x24, 0xfc, 0x04, 0xfc, 0x65, 0xfc, 0x67, 0xfd, 0xa6, 0xfc, 0xc3, 0xfb, 0x24, 0xfc, 0x65, 0xfc,
  0x64, 0xfc, 0x23, 0xfc, 0x43, 0xfc, 0xa4, 0xfc, 0x05, 0xfd, 0x86, 0xfd, 0xc6, 0xfd, 0xe6, 0xfd,
  0x26, 0xfe, 0x46, 0xfe, 0x87, 0xfe, 0x69, 0xff, 0xad, 0xff, 0xf2, 0xff, 0xf2, 0xff, 0xf1, 0xff,
  0xee, 0xff, 0xec, 0xff, 0xec, 0xff, 0xf0, 0xff, 0xf5, 0xff, 0x53, 0xf7, 0xeb, 0xdd, 0x09, 0xfe,
  0x42, 0xbb, 0x62, 0x59, 0x64, 0x41, 0x64, 0x41, 0x64, 0x41, 0x64, 0x41, 0x64, 0x41, 0x63, 0x41,
  0x63, 0x49, 0x63, 0x49, 0x63, 0x49, 0x63, 0x49, 0x83, 0x49, 0x84, 0x49, 0xa5, 0x51, 0x43, 0x41,
  0x43, 0x39, 0xa5, 0x51, 0x85, 0x51, 0x85, 0x51, 0xa5, 0x51, 0x44, 0x41, 0x44, 0x41, 0x85, 0x49,
  0xa5, 0x49, 0x23, 0x41, 0xe1, 0x38, 0x84, 0x51, 0xc4, 0x59, 0xa4, 0x61, 0x62, 0x69, 0xc4, 0xaa,
  0x49, 0xfe, 0xe9, 0xfe, 0x72, 0xff, 0xfe, 0xff, 0xff, 0xff, 0xff, 0xff, 0xfb, 0xff, 0x10, 0xff,
  0x8a, 0xfe, 0x4a, 0xfe, 0x29, 0xfe, 0x09, 0xfe, 0x09, 0xfe, 0xc8, 0xfd, 0xa8, 0xfd, 0x68, 0xfd,
  0x68, 0xfd, 0x47, 0xfd, 0x27, 0xfd, 0xc6, 0xfc, 0x65, 0xfc, 0x25, 0xfc, 0x05, 0xfc, 0xe5, 0xfb,
  0xc4, 0xfb, 0x84, 0xfb, 0xc4, 0xfb, 0xe5, 0xfb, 0x26, 0xfc, 0x26, 0xfc, 0xc8, 0xfc, 0x46, 0xfc,
  0xa5, 0xfb, 0x84, 0xfb, 0x84, 0xfb, 0x84, 0xfb, 0xa4, 0xfb, 0xa5, 0xfb, 0xa5, 0xfb, 0xc5, 0xfb,
  0xa5, 0xfb, 0x85, 0xfb, 0x86, 0xfb, 0x86, 0xfb, 0xa6, 0xfb, 0xa6, 0xfb, 0xc6, 0xfb, 0xe6, 0xfb,
  0x27, 0xfc, 0x67, 0xfc, 0x86, 0xfc, 0x28, 0xf4, 0x8f, 0xfe, 0x8b, 0xfe, 0x07, 0xed, 0x4c, 0xf6,
  0x07, 0xf5, 0x48, 0xf5, 0xa9, 0xf5, 0x8e, 0xf6, 0x6e, 0xf6, 0xe6, 0xf4, 0x06, 0xfd, 0x06, 0xfd,
  0xc5, 0xf4, 0x26, 0xf5, 0x47, 0xfd, 0x67, 0xf5, 0x27, 0xf5, 0x85, 0xf4, 0x86, 0xfc, 0x25, 0xfc,
  0x25, 0xfc, 0x85, 0xf4, 0x48, 0xfd, 0xa6, 0xfc, 0x04, 0xfc, 0x24, 0xfc, 0x24, 0xf4, 0x45, 0xf4,
  0xa4, 0xfb, 0x64, 0xfb, 0x64, 0xfb, 0x43, 0xfb, 0x43, 0xfb, 0x23, 0xfb, 0x84, 0xfb, 0xc5, 0xfb,
  0x03, 0xf3, 0xc2, 0xf2, 0xc2, 0xf2, 0xe3, 0xfa, 0x43, 0xfb, 0xa4, 0xfb, 0x66, 0xfc, 0x45, 0xfc,
  0xe3, 0xf3, 0x04, 0xfc, 0x85, 0xfc, 0x88, 0xfd, 0x24, 0xec, 0x21, 0xf3, 0x83, 0xf3, 0x44, 0xfc,
  0x64, 0xfc, 0x23, 0xfc, 0x43, 0xfc, 0xc4, 0xfc, 0x66, 0xfd, 0xa6, 0xfd, 0xc6, 0xfd, 0x06, 0xfe,
  0x46, 0xfe, 0x67, 0xfe, 0x87, 0xfe, 0x49, 0xff, 0xce, 0xff, 0xf3, 0xff, 0xf3, 0xff, 0xf0, 0xff,
  0xee, 0xff, 0xec, 0xff, 0xed, 0xff, 0xd2, 0xff, 0xf5, 0xff, 0xaf, 0xee, 0xea, 0xf5, 0xe4, 0xcb,
  0x60, 0x61, 0x63, 0x41, 0x84, 0x41, 0x64, 0x41, 0x64, 0x41, 0x64, 0x41, 0x64, 0x49, 0x63, 0x49,
  0x63, 0x49, 0x63, 0x49, 0x63, 0x49, 0x83, 0x49, 0x83, 0x49, 0x84, 0x49, 0xa4, 0x51, 0x43, 0x41,
  0x43, 0x41, 0xa5, 0x51, 0x85, 0x51, 0xa5, 0x51, 0xa5, 0x51, 0x44, 0x41, 0x64, 0x49, 0x85, 0x49,
  0xa5, 0x49, 0x64, 0x49, 0x43, 0x49, 0xa4, 0x59, 0xc4, 0x59, 0x63, 0x59, 0x63, 0x71, 0x25, 0xb3,
  0x2a, 0xfe, 0x69, 0xfe, 0x0f, 0xff, 0xfd, 0xff, 0xff, 0xff, 0xbc, 0xff, 0x57, 0xff, 0x10, 0xff,
  0xcb, 0xfe, 0x6a, 0xfe, 0x29, 0xfe, 0x09, 0xfe, 0xe9, 0xfd, 0xc8, 0xfd, 0xa8, 0xfd, 0x68, 0xfd,
  0x68, 0xfd, 0x48, 0xfd, 0x27, 0xfd, 0xc6, 0xfc, 0x86, 0xfc, 0x66, 0xfc, 0x45, 0xfc, 0x05, 0xfc,
  0xe4, 0xfb, 0xe5, 0xfb, 0x26, 0xfc, 0x06, 0xfc, 0xe5, 0xfb, 0xe5, 0xfb, 0x06, 0xfc, 0x06, 0xfc,
  0xe6, 0xfb, 0xc5, 0xfb, 0xa5, 0xfb, 0xa5, 0xfb, 0xa5, 0xfb, 0xa5, 0xfb, 0x85, 0xfb, 0x85, 0xfb,
  0x65, 0xf3, 0x86, 0xf3, 0xe7, 0xfb, 0xc7, 0xfb, 0x47, 0xfc, 0xc6, 0xfb, 0xa5, 0xfb, 0xc5, 0xfb,
  0xa5, 0xfb, 0xc5, 0xfb, 0xe5, 0xf3, 0x48, 0xf4, 0xef, 0xfe, 0xc9, 0xf5, 0x08, 0xed, 0x8c, 0xfe,
  0x68, 0xf5, 0x48, 0xfd, 0xe7, 0xf4, 0xeb, 0xf5, 0x8f, 0xf6, 0x47, 0xf5, 0xa7, 0xfd, 0x26, 0xfd,
  0x84, 0xf4, 0xe6, 0xf4, 0x27, 0xfd, 0x85, 0xf4, 0x85, 0xf4, 0x65, 0xfc, 0x86, 0xfc, 0x45, 0xfc,
  0x05, 0xf4, 0x24, 0xf4, 0x65, 0xfc, 0x25, 0xf4, 0x04, 0xfc, 0xe4, 0xfb, 0xc6, 0xfc, 0x0a, 0xfe,
  0xe5, 0xfb, 0x64, 0xfb, 0x64, 0xfb, 0x64, 0xfb, 0x64, 0xfb, 0x64, 0xfb, 0x84, 0xfb, 0xe5, 0xfb,
  0xc4, 0xfb, 0x02, 0xf3, 0xe2, 0xf2, 0x03, 0xf3, 0x63, 0xfb, 0xe4, 0xfb, 0x65, 0xfc, 0x04, 0xfc,
  0xe4, 0xfb, 0x04, 0xfc, 0xa6, 0xfc, 0xa9, 0xfd, 0xc3, 0xe3, 0xe1, 0xea, 0x42, 0xeb, 0x24, 0xfc,
  0x64, 0xfc, 0x23, 0xfc, 0x63, 0xfc, 0xe5, 0xfc, 0x86, 0xfd, 0xc6, 0xfd, 0xe6, 0xfd, 0x47, 0xfe,
  0x67, 0xfe, 0x67, 0xfe, 0x87, 0xfe, 0x4a, 0xf7, 0xf0, 0xff, 0xf4, 0xff, 0xf2, 0xff, 0xf0, 0xff,
  0xee, 0xff, 0xec, 0xff, 0xef, 0xff, 0xf3, 0xff, 0xd3, 0xff, 0x0b, 0xe6, 0xc7, 0xf4, 0xe2, 0x81,
  0x63, 0x41, 0x64, 0x49, 0x63, 0x41, 0x63, 0x41, 0x63, 0x41, 0x63, 0x41, 0x63, 0x49, 0x83, 0x49,
  0x83, 0x49, 0x63, 0x49, 0x83, 0x51, 0x83, 0x49, 0x83, 0x49, 0x83, 0x51, 0xa4, 0x51, 0x43, 0x41,
  0x02, 0x39, 0xa5, 0x51, 0xa5, 0x51, 0xa5, 0x51, 0x85, 0x51, 0x24, 0x41, 0x64, 0x49, 0x85, 0x51,
  0x85, 0x51, 0x84, 0x51, 0x84, 0x51, 0xa5, 0x59, 0xa4, 0x59, 0x42, 0x51, 0xa3, 0x79, 0x86, 0xbb,
  0xeb, 0xfd, 0xe9, 0xfd, 0xed, 0xfe, 0xfb, 0xff, 0xbc, 0xff, 0x37, 0xf7, 0x15, 0xff, 0x10, 0xff,
  0xeb, 0xfe, 0xab, 0xfe, 0x2a, 0xfe, 0x09, 0xfe, 0xe9, 0xfd, 0xc8, 0xfd, 0x88, 0xfd, 0x68, 0xfd,
  0x68, 0xfd, 0x48, 0xfd, 0x48, 0xfd, 0x48, 0xfd, 0x07, 0xfd, 0xe7, 0xfc, 0xc7, 0xfc, 0x86, 0xfc,
  0x66, 0xfc, 0x46, 0xfc, 0xe5, 0xfb, 0xa5, 0xfb, 0xa5, 0xfb, 0xa5, 0xfb, 0xa5, 0xfb, 0xe5, 0xfb,
  0xe5, 0xfb, 0xe5, 0xf3, 0xc5, 0xfb, 0xc5, 0xfb, 0x85, 0xf3, 0x86, 0xeb, 0xe7, 0xeb, 0xc6, 0xdb,
  0x48, 0xdc, 0xa6, 0xdb, 0x48, 0xec, 0xc6, 0xeb, 0x27, 0xf4, 0x06, 0xec, 0x27, 0xfc, 0xa5, 0xf3,
  0x85, 0xf3, 0x27, 0xfc, 0x87, 0xfc, 0xca, 0xf4, 0xce, 0xfe, 0xc6, 0xf4, 0x49, 0xf5, 0xea, 0xfd,
  0xe7, 0xf4, 0xa6, 0xf4, 0x28, 0xfd, 0xeb, 0xf5, 0xd0, 0xf6, 0xa8, 0xfd, 0x66, 0xf5, 0xe5, 0xf4,
  0x85, 0xfc, 0xe6, 0xf4, 0x06, 0xf5, 0x65, 0xf4, 0xa6, 0xf4, 0x86, 0xfc, 0x86, 0xf4, 0x28, 0xfd,
  0x25, 0xfc, 0xe4, 0xfb, 0x04, 0xfc, 0x04, 0xfc, 0xe4, 0xfb, 0x05, 0xfc, 0x4b, 0xfe, 0x2a, 0xf6,
  0x66, 0xfc, 0xc4, 0xfb, 0x84, 0xfb, 0x84, 0xfb, 0x63, 0xfb, 0x02, 0xeb, 0x64, 0xfb, 0xc4, 0xfb,
  0x26, 0xfc, 0xa4, 0xfb, 0x63, 0xfb, 0x63, 0xfb, 0xa4, 0xfb, 0x05, 0xfc, 0x25, 0xfc, 0xe4, 0xfb,
  0x04, 0xfc, 0x24, 0xfc, 0x06, 0xfd, 0xe9, 0xfd, 0xa3, 0xe3, 0x01, 0xeb, 0x63, 0xf3, 0x85, 0xfc,
  0x64, 0xfc, 0x23, 0xfc, 0x63, 0xfc, 0x25, 0xfd, 0xa6, 0xfd, 0xc6, 0xfd, 0x06, 0xfe, 0x68, 0xfe,
  0x88, 0xfe, 0x67, 0xfe, 0xa8, 0xfe, 0x8b, 0xff, 0xf1, 0xff, 0xf4, 0xff, 0xf1, 0xff, 0xef, 0xff,
  0xed, 0xff, 0xed, 0xff, 0xf1, 0xff, 0xf5, 0xff, 0x93, 0xf7, 0xa9, 0xed, 0x03, 0xbb, 0xa3, 0x61,
  0x84, 0x49, 0x64, 0x49, 0x63, 0x41, 0x63, 0x41, 0x63, 0x41, 0x63, 0x41, 0x63, 0x49, 0x63, 0x49,
  0x63, 0x51, 0x63, 0x51, 0x83, 0x51, 0x83, 0x51, 0x83, 0x51, 0xa3, 0x51, 0xa3, 0x51, 0x83, 0x49,
  0xc1, 0x30, 0xa5, 0x49, 0xa5, 0x51, 0x85, 0x51, 0xa5, 0x51, 0x44, 0x49, 0x44, 0x49, 0x85, 0x49,
  0x85, 0x51, 0x84, 0x51, 0x64, 0x51, 0xa4, 0x51, 0x84, 0x51, 0x42, 0x59, 0x03, 0x82, 0x48, 0xcc,
  0xeb, 0xfd, 0x2a, 0xfe, 0xec, 0xfe, 0x55, 0xff, 0xf6, 0xfe, 0xf5, 0xfe, 0x16, 0xff, 0xf1, 0xfe,
  0xcb, 0xfe, 0xab, 0xfe, 0x2a, 0xfe, 0x09, 0xfe, 0xc9, 0xfd, 0xa8, 0xfd, 0x88, 0xfd, 0x68, 0xfd,
  0x47, 0xfd, 0x27, 0xfd, 0x27, 0xfd, 0x27, 0xfd, 0x07, 0xfd, 0x08, 0xfd, 0xe7, 0xfc, 0xa7, 0xfc,
  0x87, 0xfc, 0xe5, 0xfb, 0x84, 0xf3, 0x85, 0xfb, 0x85, 0xfb, 0x85, 0xf3, 0x64, 0xf3, 0xc5, 0xfb,
  0xe5, 0xf3, 0xc5, 0xf3, 0xc5, 0xf3, 0x84, 0xeb, 0x27, 0xdc, 0x4f, 0xee, 0x4e, 0xee, 0xcf, 0xee,
  0xf4, 0xff, 0x0e, 0xee, 0x4e, 0xf6, 0xa8, 0xe4, 0x24, 0xe3, 0xe6, 0xf3, 0x06, 0xf4, 0x85, 0xf3,
  0x85, 0xf3, 0x26, 0xf4, 0x67, 0xfc, 0x0a, 0xf5, 0x4c, 0xfe, 0x85, 0xf4, 0x28, 0xf5, 0xc6, 0xf4,
  0x65, 0xf4, 0xa6, 0xfc, 0x48, 0xfd, 0xaa, 0xfd, 0x12, 0xff, 0x0a, 0xee, 0x67, 0xfd, 0xa5, 0xf4,
  0xa6, 0xfc, 0xa6, 0xfc, 0x06, 0xf5, 0x65, 0xfc, 0x45, 0xfc, 0xa6, 0xf4, 0xa6, 0xf4, 0x4d, 0xfe,
  0x0c, 0xfe, 0x05, 0xf4, 0x04, 0xfc, 0x04, 0xfc, 0xe4, 0xfb, 0xe4, 0xf3, 0xc6, 0xf4, 0x68, 0xed,
  0x28, 0xfd, 0x86, 0xfc, 0xa4, 0xfb, 0xa4, 0xfb, 0x64, 0xfb, 0xe2, 0xea, 0x43, 0xf3, 0x84, 0xfb,
  0x25, 0xfc, 0x25, 0xfc, 0xa3, 0xfb, 0xe4, 0xfb, 0xe4, 0xfb, 0x25, 0xfc, 0x05, 0xfc, 0xc4, 0xfb,
  0xe4, 0xfb, 0x25, 0xfc, 0x47, 0xfd, 0x0a, 0xfe, 0x82, 0xe3, 0xe1, 0xea, 0xa3, 0xf3, 0xc6, 0xfc,
  0x84, 0xfc, 0x43, 0xfc, 0x63, 0xfc, 0x25, 0xfd, 0xc6, 0xfd, 0xc6, 0xfd, 0x07, 0xfe, 0x68, 0xfe,
  0x68, 0xfe, 0x88, 0xfe, 0x08, 0xff, 0xcd, 0xff, 0xf2, 0xff, 0xf3, 0xff, 0xf0, 0xff, 0xed, 0xff,
  0xec, 0xff, 0xef, 0xff, 0xf3, 0xff, 0xf5, 0xff, 0x52, 0xf7, 0xc7, 0xe4, 0x22, 0x92, 0x84, 0x61,
  0x63, 0x41, 0x63, 0x41, 0x64, 0x41, 0x63, 0x41, 0x63, 0x41, 0x63, 0x49, 0x63, 0x49, 0x62, 0x51,
  0x62, 0x51, 0x63, 0x51, 0x83, 0x51, 0x83, 0x51, 0xa3, 0x51, 0xa3, 0x51, 0xa3, 0x51, 0xa4, 0x51,
  0x02, 0x39, 0xe2, 0x28, 0xa5, 0x49, 0x85, 0x51, 0x85, 0x51, 0x64, 0x49, 0x44, 0x49, 0x65, 0x49,
  0xa5, 0x51, 0x84, 0x51, 0x64, 0x49, 0xa4, 0x59, 0x42, 0x49, 0x62, 0x61, 0xa6, 0x9a, 0x4b, 0xed,
  0x0b, 0xfe, 0x2b, 0xfe, 0x4b, 0xfe, 0xb1, 0xfe, 0xb5, 0xfe, 0xd5, 0xfe, 0xf6, 0xfe, 0xd2, 0xfe,
  0x8c, 0xfe, 0x6b, 0xfe, 0x0a, 0xfe, 0xea, 0xfd, 0xa9, 0xfd, 0x88, 0xfd, 0x67, 0xfd, 0x26, 0xfd,
  0xe5, 0xfc, 0xc5, 0xfc, 0xc5, 0xfc, 0x85, 0xf4, 0x86, 0xf4, 0xa7, 0xfc, 0xa7, 0xfc, 0x66, 0xfc,
  0xe5, 0xfb, 0x84, 0xfb, 0x84, 0xfb, 0x85, 0xfb, 0x85, 0xf3, 0x65, 0xf3, 0x65, 0xf3, 0x85, 0xf3,
  0x85, 0xf3, 0x45, 0xeb, 0xc5, 0xdb, 0xab, 0xe5, 0x52, 0xf7, 0xf5, 0xff, 0xcf, 0xee, 0xcf, 0xee,
  0xd3, 0xff, 0x52, 0xf7, 0x2d, 0xee, 0xea, 0xec, 0xc3, 0xd2, 0xa6, 0xeb, 0x85, 0xeb, 0x85, 0xeb,
  0x65, 0xeb, 0x85, 0xeb, 0x85, 0xeb, 0x4b, 0xf5, 0xea, 0xfd, 0xa5, 0xec, 0x67, 0xf5, 0xc6, 0xf4,
  0xa6, 0xfc, 0xc6, 0xfc, 0x07, 0xf5, 0x68, 0xf5, 0xf3, 0xf6, 0x6e, 0xf6, 0xe8, 0xfd, 0xa5, 0xfc,
  0xa6, 0xfc, 0x85, 0xfc, 0x68, 0xfd, 0x47, 0xfd, 0x25, 0xfc, 0x46, 0xf4, 0x45, 0xf4, 0xcc, 0xfd,
  0x8f, 0xfe, 0x06, 0xf4, 0xe4, 0xfb, 0xe4, 0xfb, 0x85, 0xf4, 0xe6, 0xf4, 0xea, 0xf5, 0x8f, 0xff,
  0x48, 0xfd, 0x07, 0xfd, 0xc4, 0xfb, 0xa4, 0xfb, 0x84, 0xfb, 0x64, 0xfb, 0x43, 0xfb, 0x44, 0xfb,
  0xe4, 0xfb, 0x65, 0xfc, 0xe3, 0xf3, 0x04, 0xfc, 0x04, 0xfc, 0x04, 0xfc, 0xe4, 0xfb, 0xa3, 0xfb,
  0x04, 0xfc, 0x45, 0xfc, 0x68, 0xfd, 0x09, 0xfe, 0x82, 0xeb, 0xe1, 0xea, 0xe4, 0xf3, 0xe6, 0xfc,
  0xa5, 0xfc, 0x63, 0xfc, 0x83, 0xfc, 0x25, 0xfd, 0xa6, 0xfd, 0xc6, 0xfd, 0x27, 0xfe, 0x68, 0xfe,
  0x68, 0xfe, 0xa8, 0xfe, 0x6b, 0xff, 0xf0, 0xff, 0xf3, 0xff, 0xf1, 0xff, 0xee, 0xff, 0xeb, 0xff,
  0xeb, 0xff, 0xf0, 0xff, 0xf4, 0xff, 0xf5, 0xff, 0x10, 0xf7, 0xa4, 0xcb, 0xa2, 0x79, 0xc5, 0x61,
  0x23, 0x41, 0x23, 0x39, 0x43, 0x39, 0x43, 0x39, 0x63, 0x41, 0x63, 0x49, 0x63, 0x49, 0x62, 0x51,
  0x62, 0x51, 0x83, 0x59, 0x83, 0x51, 0x83, 0x51, 0x83, 0x51, 0xa3, 0x51, 0xa3, 0x51, 0xa4, 0x51,
  0xa4, 0x49, 0xe2, 0x30, 0xe2, 0x30, 0x64, 0x49, 0xa5, 0x51, 0x85, 0x51, 0x44, 0x49, 0x44, 0x49,
  0xa5, 0x51, 0x85, 0x51, 0x64, 0x51, 0x84, 0x51, 0x01, 0x49, 0xa3, 0x69, 0xa9, 0xbb, 0x8c, 0xf5,
  0xea, 0xfd, 0xeb, 0xfd, 0x0b, 0xfe, 0x70, 0xfe, 0xb5, 0xfe, 0xd5, 0xfe, 0xd6, 0xfe, 0xd3, 0xfe,
  0x8d, 0xfe, 0x4b, 0xfe, 0xea, 0xfd, 0xa9, 0xfd, 0x68, 0xfd, 0x67, 0xfd, 0x26, 0xfd, 0x05, 0xfd,
  0xe5, 0xfc, 0xc5, 0xfc, 0xc5, 0xfc, 0x85, 0xfc, 0x45, 0xfc, 0x25, 0xfc, 0x05, 0xfc, 0xc5, 0xfb,
  0x84, 0xfb, 0x85, 0xfb, 0x85, 0xfb, 0x85, 0xf3, 0x65, 0xf3, 0x65, 0xf3, 0x45, 0xeb, 0x66, 0xeb,
  0x86, 0xeb, 0x28, 0xdc, 0x4e, 0xee, 0xd3, 0xff, 0xd4, 0xff, 0xb3, 0xff, 0x10, 0xf7, 0x10, 0xef,
  0xcf, 0xee, 0xd3, 0xff, 0xf0, 0xf6, 0x28, 0xe4, 0xa3, 0xca, 0x85, 0xe3, 0xa6, 0xeb, 0x65, 0xeb,
  0x65, 0xeb, 0x65, 0xf3, 0xa6, 0xeb, 0xcb, 0xfd, 0x47, 0xf5, 0xe6, 0xf4, 0x87, 0xfd, 0xe6, 0xfc,
  0xe7, 0xfc, 0xe6, 0xfc, 0xe6, 0xfc, 0xe7, 0xf4, 0xd1, 0xf6, 0xaf, 0xf6, 0x46, 0xf5, 0xe6, 0xfc,
  0xc6, 0xfc, 0xa5, 0xf4, 0x68, 0xf5, 0x89, 0xfd, 0x45, 0xfc, 0x45, 0xfc, 0x45, 0xfc, 0x66, 0xfc,
  0x45, 0xf4, 0x25, 0xf4, 0x66, 0xfc, 0x27, 0xf5, 0x2a, 0xf6, 0x6b, 0xfe, 0x6b, 0xfe, 0x89, 0xf5,
  0x07, 0xfd, 0xa9, 0xfd, 0x45, 0xfc, 0xc4, 0xfb, 0xa4, 0xfb, 0x64, 0xfb, 0x64, 0xfb, 0x43, 0xfb,
  0xa4, 0xf3, 0x45, 0xfc, 0x04, 0xfc, 0x04, 0xfc, 0x04, 0xfc, 0x04, 0xfc, 0xc3, 0xf3, 0x63, 0xf3,
  0xc4, 0xfb, 0x45, 0xfc, 0x47, 0xfd, 0xc9, 0xfd, 0x04, 0xf4, 0x82, 0xf3, 0x44, 0xfc, 0xa5, 0xfc,
  0xa5, 0xfc, 0xa4, 0xfc, 0xe4, 0xfc, 0x45, 0xfd, 0xa6, 0xfd, 0xe6, 0xfd, 0x48, 0xfe, 0x88, 0xfe,
  0x88, 0xfe, 0x09, 0xff, 0xce, 0xff, 0xf2, 0xff, 0xf2, 0xff, 0xee, 0xff, 0xed, 0xff, 0xec, 0xff,
  0xec, 0xff, 0xf1, 0xff, 0xf4, 0xff, 0xf4, 0xff, 0xef, 0xf6, 0x24, 0xbb, 0xa5, 0x9a, 0x86, 0x7a,
  0x43, 0x41, 0x43, 0x39, 0x43, 0x39, 0x43, 0x41, 0x42, 0x41, 0x43, 0x49, 0x63, 0x51, 0x82, 0x59,
  0xe2, 0x69, 0x04, 0x72, 0xc3, 0x61, 0x82, 0x51, 0xa3, 0x51, 0xa3, 0x51, 0xa3, 0x51, 0xa3, 0x51,
  0xa4, 0x51, 0xa5, 0x51, 0x02, 0x41, 0x23, 0x41, 0xa5, 0x51, 0x85, 0x51, 0x64, 0x49, 0x23, 0x41,
  0x85, 0x51, 0xa5, 0x59, 0x64, 0x51, 0x43, 0x51, 0xe1, 0x48, 0x45, 0x82, 0x4a, 0xd4, 0xab, 0xf5,
  0xcb, 0xfd, 0xeb, 0xfd, 0xeb, 0xfd, 0x4f, 0xfe, 0xb4, 0xfe, 0xb5, 0xfe, 0xd5, 0xfe, 0xd3, 0xfe,
  0x6d, 0xfe, 0x0a, 0xfe, 0x89, 0xfd, 0x48, 0xfd, 0x26, 0xfd, 0xe5, 0xf4, 0x05, 0xfd, 0x05, 0xfd,
  0x05, 0xfd, 0xe5, 0xfc, 0xc5, 0xfc, 0x85, 0xfc, 0x45, 0xfc, 0x25, 0xfc, 0xe5, 0xfb, 0xa5, 0xfb,
  0xa5, 0xfb, 0x85, 0xfb, 0x85, 0xf3, 0x85, 0xf3, 0x65, 0xf3, 0x45, 0xeb, 0x65, 0xf3, 0x04, 0xdb,
  0x27, 0xd4, 0x52, 0xff, 0x92, 0xff, 0x51, 0xf7, 0xb4, 0xff, 0x93, 0xf7, 0xf0, 0xf6, 0xf4, 0xff,
  0x10, 0xef, 0x30, 0xf7, 0x71, 0xff, 0xc7, 0xdb, 0x62, 0xc2, 0x24, 0xdb, 0xc6, 0xf3, 0x65, 0xeb,
  0x65, 0xeb, 0x25, 0xeb, 0x27, 0xec, 0xeb, 0xfd, 0x85, 0xf4, 0x47, 0xf5, 0xc7, 0xfd, 0xe6, 0xf4,
  0x48, 0xfd, 0x06, 0xfd, 0x06, 0xfd, 0x05, 0xfd, 0xb0, 0xf6, 0xd1, 0xf6, 0x06, 0xf5, 0x06, 0xfd,
  0xc5, 0xf4, 0x47, 0xfd, 0x27, 0xf5, 0x07, 0xf5, 0x86, 0xec, 0x66, 0xf4, 0x66, 0xfc, 0x45, 0xfc,
  0x45, 0xfc, 0x25, 0xfc, 0x89, 0xfd, 0x0d, 0xff, 0x68, 0xf5, 0x86, 0xf4, 0x46, 0xf4, 0xe4, 0xf3,
  0xe7, 0xf4, 0x6b, 0xfe, 0xe7, 0xfc, 0xe4, 0xfb, 0xc5, 0xfb, 0x84, 0xfb, 0x63, 0xfb, 0x63, 0xf3,
  0x83, 0xf3, 0x04, 0xfc, 0x25, 0xfc, 0x25, 0xfc, 0x04, 0xfc, 0x24, 0xfc, 0xc4, 0xf3, 0x42, 0xeb,
  0x63, 0xf3, 0xe4, 0xf3, 0xe6, 0xfc, 0x88, 0xfd, 0xe6, 0xfc, 0x65, 0xfc, 0x85, 0xfc, 0x85, 0xfc,
  0x85, 0xfc, 0xa4, 0xfc, 0x25, 0xfd, 0x86, 0xfd, 0xa6, 0xfd, 0xe7, 0xfd, 0x48, 0xfe, 0x68, 0xfe,
  0x88, 0xfe, 0x4b, 0xff, 0xf0, 0xff, 0xf4, 0xff, 0xf1, 0xff, 0xee, 0xff, 0xed, 0xff, 0xed, 0xff,
  0xef, 0xff, 0xf3, 0xff, 0xd4, 0xff, 0xf3, 0xff, 0xad, 0xee, 0xc5, 0xc3, 0xc6, 0x9a, 0x85, 0x61,
  0x64, 0x49, 0x44, 0x39, 0x64, 0x39, 0x64, 0x41, 0x63, 0x41, 0x42, 0x41, 0x42, 0x49, 0xe3, 0x69,
  0x23, 0x72, 0x03, 0x72, 0xa2, 0x59, 0xa2, 0x51, 0xa3, 0x51, 0x83, 0x51, 0x83, 0x51, 0x83, 0x51,
  0x84, 0x51, 0x84, 0x51, 0x02, 0x41, 0x43, 0x41, 0x64, 0x49, 0x84, 0x49, 0x64, 0x49, 0x23, 0x41,
  0x84, 0x51, 0x85, 0x59, 0x64, 0x59, 0xe1, 0x48, 0x83, 0x61, 0x49, 0xab, 0x4a, 0xd4, 0xab, 0xf5,
  0xab, 0xfd, 0xeb, 0xfd, 0x0b, 0xfe, 0x4e, 0xfe, 0x94, 0xfe, 0x95, 0xfe, 0xd7, 0xfe, 0x36, 0xff,
  0x6c, 0xfe, 0xa6, 0xfd, 0x05, 0xfd, 0xa4, 0xfc, 0x62, 0xf4, 0xa3, 0xfc, 0x25, 0xfd, 0x25, 0xfd,
  0x05, 0xfd, 0x05, 0xfd, 0xc5, 0xfc, 0x85, 0xfc, 0x45, 0xfc, 0x04, 0xfc, 0xe5, 0xfb, 0xa5, 0xf3,
  0x84, 0xf3, 0x85, 0xf3, 0x85, 0xf3, 0x85, 0xf3, 0x65, 0xeb, 0x65, 0xeb, 0x25, 0xeb, 0x44, 0xdb,
  0x6a, 0xe5, 0xd3, 0xff, 0xcf, 0xee, 0x72, 0xf7, 0xf5, 0xff, 0xb3, 0xff, 0x6e, 0xee, 0xd3, 0xff,
  0xd4, 0xff, 0xf0, 0xee, 0xaf, 0xf6, 0x25, 0xd3, 0xa3, 0xca, 0x45, 0xdb, 0xc6, 0xf3, 0x65, 0xeb,
  0x45, 0xeb, 0x45, 0xeb, 0xc9, 0xf4, 0x69, 0xfd, 0x04, 0xec, 0x67, 0xf5, 0x86, 0xfd, 0xc5, 0xfc,
  0xa6, 0xf4, 0xe5, 0xf4, 0xe5, 0xf4, 0x05, 0xf5, 0x91, 0xf6, 0x75, 0xff, 0xcb, 0xed, 0xec, 0xf5,
  0x0d, 0xf6, 0x6f, 0xf6, 0x6f, 0xf6, 0x2d, 0xee, 0x0d, 0xf6, 0xab, 0xf5, 0x29, 0xf5, 0x66, 0xf4,
  0x45, 0xf4, 0x45, 0xf4, 0xc7, 0xf4, 0x07, 0xf5, 0x45, 0xf4, 0xc4, 0xf3, 0xc4, 0xf3, 0x05, 0xf4,
  0xc6, 0xf4, 0xac, 0xfe, 0xa9, 0xfd, 0x25, 0xfc, 0xe5, 0xfb, 0xc4, 0xfb, 0x83, 0xfb, 0x84, 0xfb,
  0x63, 0xf3, 0xc4, 0xfb, 0x25, 0xfc, 0x24, 0xf4, 0x04, 0xf4, 0x04, 0xfc, 0xe4, 0xf3, 0x43, 0xeb,
  0x22, 0xeb, 0x62, 0xeb, 0x44, 0xf4, 0x68, 0xfd, 0x07, 0xfd, 0xa6, 0xfc, 0x85, 0xfc, 0x65, 0xfc,
  0x64, 0xfc, 0x84, 0xfc, 0x25, 0xfd, 0x66, 0xfd, 0xa6, 0xfd, 0xe7, 0xfd, 0x28, 0xfe, 0x48, 0xfe,
  0xa9, 0xfe, 0xad, 0xff, 0xf2, 0xff, 0xf3, 0xff, 0xf0, 0xff, 0xed, 0xff, 0xee, 0xff, 0xee, 0xff,
  0xf2, 0xff, 0xf4, 0xff, 0xf4, 0xff, 0xf1, 0xff, 0x8b, 0xee, 0xc4, 0xc3, 0xe3, 0x79, 0x85, 0x61,
  0x64, 0x51, 0x44, 0x39, 0x64, 0x39, 0x64, 0x41, 0x43, 0x41, 0x43, 0x49, 0x43, 0x49, 0xa3, 0x61,
  0x04, 0x72, 0xc3, 0x61, 0x83, 0x51, 0x83, 0x51, 0x83, 0x51, 0x83, 0x51, 0x83, 0x51, 0x83, 0x49,
  0x84, 0x49, 0x84, 0x49, 0xe1, 0x30, 0x43, 0x41, 0x22, 0x39, 0x43, 0x41, 0x44, 0x49, 0x43, 0x49,
  0x84, 0x51, 0xa5, 0x59, 0x23, 0x51, 0x43, 0x59, 0x09, 0x9b, 0x6a, 0xb3, 0x4a, 0xd4, 0xab, 0xfd,
  0xab, 0xfd, 0xcb, 0xfd, 0x0a, 0xf6, 0x4d, 0xf6, 0xd4, 0xf6, 0x5a, 0xff, 0xdd, 0xff, 0xdb, 0xff,
  0x29, 0xfe, 0x43, 0xfd, 0xe2, 0xfc, 0x61, 0xf4, 0xa2, 0xf4, 0x24, 0xfd, 0x45, 0xfd, 0x45, 0xfd,
  0x25, 0xfd, 0x05, 0xfd, 0xc5, 0xfc, 0x85, 0xfc, 0x24, 0xfc, 0xe4, 0xf3, 0xc4, 0xf3, 0xa4, 0xf3,
  0xa4, 0xf3, 0x84, 0xf3, 0xa5, 0xf3, 0xa5, 0xf3, 0x85, 0xeb, 0x04, 0xe3, 0xa6, 0xdb, 0x6a, 0xed,
  0x8a, 0xe5, 0xd3, 0xff, 0x6e, 0xe6, 0x71, 0xff, 0xf5, 0xff, 0xb4, 0xff, 0x2c, 0xe6, 0x31, 0xf7,
  0xd4, 0xff, 0xd3, 0xff, 0x0c, 0xee, 0x05, 0xd3, 0x05, 0xd3, 0xa6, 0xe3, 0xa5, 0xeb, 0x65, 0xeb,
  0x65, 0xe3, 0xc6, 0xe3, 0x4a, 0xfd, 0x86, 0xec, 0x24, 0xec, 0x47, 0xf5, 0xc9, 0xfd, 0x28, 0xf5,
  0x4a, 0xf5, 0xec, 0xf5, 0x8f, 0xf6, 0x13, 0xf7, 0x98, 0xff, 0xda, 0xff, 0x98, 0xff, 0x77, 0xff,
  0x34, 0xff, 0xb0, 0xf6, 0xee, 0xf5, 0x6a, 0xf5, 0x08, 0xf5, 0xa6, 0xf4, 0x66, 0xf4, 0x45, 0xf4,
  0x25, 0xf4, 0x86, 0xf4, 0x6c, 0xfe, 0x4b, 0xfe, 0x07, 0xf5, 0x48, 0xf5, 0x49, 0xf5, 0x69, 0xf5,
  0x85, 0xf4, 0xab, 0xfe, 0xac, 0xfe, 0xa6, 0xfc, 0x05, 0xfc, 0xe4, 0xfb, 0xa4, 0xfb, 0xa4, 0xfb,
  0x43, 0xeb, 0x83, 0xf3, 0x05, 0xfc, 0x04, 0xf4, 0xe4, 0xf3, 0xa3, 0xeb, 0xe4, 0xfb, 0xc4, 0xfb,
  0xa4, 0xfb, 0x83, 0xeb, 0xe3, 0xe3, 0xe6, 0xf4, 0xc6, 0xfc, 0x85, 0xfc, 0x24, 0xfc, 0x24, 0xfc,
  0x24, 0xfc, 0x84, 0xfc, 0x05, 0xfd, 0x66, 0xfd, 0xa6, 0xfd, 0xe7, 0xfd, 0xe7, 0xfd, 0x27, 0xfe,
  0xea, 0xfe, 0xd0, 0xff, 0xf3, 0xff, 0xf3, 0xff, 0xef, 0xff, 0xed, 0xff, 0xee, 0xff, 0xf0, 0xff,
  0xf4, 0xff, 0xf5, 0xff, 0xf3, 0xff, 0xef, 0xff, 0xca, 0xf6, 0xc4, 0xcb, 0xc2, 0x79, 0xa5, 0x61,
  0x64, 0x59, 0x44, 0x41, 0x64, 0x39, 0x44, 0x41, 0x43, 0x41, 0x63, 0x49, 0x63, 0x49, 0x63, 0x51,
  0xc4, 0x61, 0x63, 0x51, 0x83, 0x51, 0x83, 0x51, 0x83, 0x49, 0x83, 0x51, 0x83, 0x49, 0x83, 0x49,
  0x84, 0x49, 0x84, 0x41, 0xe1, 0x30, 0x22, 0x39, 0xe2, 0x30, 0x22, 0x39, 0x22, 0x41, 0x02, 0x41,
  0x84, 0x51, 0xa5, 0x59, 0x23, 0x49, 0x06, 0x72, 0xab, 0xab, 0x6a, 0xab, 0x67, 0xab, 0xcb, 0xf5,
  0xcb, 0xfd, 0xcb, 0xfd, 0x2b, 0xf6, 0x0e, 0xf7, 0xd7, 0xff, 0xff, 0xff, 0xfe, 0xff, 0xfa, 0xff,
  0x09, 0xf6, 0x23, 0xfd, 0xe2, 0xfc, 0xc2, 0xfc, 0x45, 0xfd, 0x86, 0xfd, 0x85, 0xfd, 0x45, 0xfd,
  0x25, 0xfd, 0x05, 0xfd, 0xc5, 0xfc, 0x85, 0xfc, 0x24, 0xfc, 0xe4, 0xf3, 0xa4, 0xf3, 0xa4, 0xeb,
  0xa4, 0xf3, 0xa4, 0xf3, 0xc5, 0xf3, 0xc6, 0xf3, 0xc5, 0xe3, 0x85, 0xd3, 0xcd, 0xed, 0xcf, 0xee,
  0xab, 0xe5, 0xf4, 0xff, 0xec, 0xe5, 0x10, 0xf7, 0xf5, 0xff, 0xd4, 0xff, 0xcf, 0xf6, 0xae, 0xee,
  0xd3, 0xff, 0xf5, 0xff, 0xad, 0xed, 0xc5, 0xd2, 0x25, 0xd3, 0xc6, 0xeb, 0xa5, 0xe3, 0x85, 0xe3,
  0x65, 0xe3, 0x87, 0xec, 0x48, 0xf5, 0x45, 0xe4, 0x28, 0xf5, 0x0d, 0xf6, 0xd1, 0xfe, 0x70, 0xf6,
  0x70, 0xf6, 0x91, 0xf6, 0xb1, 0xf6, 0x6f, 0xfe, 0xd2, 0xf6, 0xb8, 0xff, 0x2e, 0xf6, 0x89, 0xf5,
  0x07, 0xf5, 0xa5, 0xf4, 0x85, 0xf4, 0x85, 0xfc, 0x65, 0xfc, 0x65, 0xfc, 0x65, 0xf4, 0x45, 0xf4,
  0x25, 0xfc, 0x48, 0xfd, 0x0d, 0xff, 0x6b, 0xfe, 0xed, 0xfe, 0x6f, 0xff, 0x69, 0xf5, 0x46, 0xec,
  0x65, 0xfc, 0x4a, 0xfe, 0x2d, 0xff, 0x88, 0xf5, 0x65, 0xf4, 0x05, 0xfc, 0xc4, 0xfb, 0x84, 0xf3,
  0x63, 0xf3, 0x42, 0xeb, 0xe5, 0xfb, 0x25, 0xfc, 0x25, 0xfc, 0xc4, 0xf3, 0xc4, 0xf3, 0xe4, 0xfb,
  0x05, 0xfc, 0x05, 0xfc, 0x45, 0xf4, 0xe7, 0xf4, 0xa6, 0xfc, 0x65, 0xfc, 0xe3, 0xf3, 0xe3, 0xfb,
  0x24, 0xfc, 0xa4, 0xfc, 0x05, 0xfd, 0x46, 0xfd, 0x86, 0xfd, 0xc7, 0xfd, 0xe7, 0xfd, 0x28, 0xfe,
  0x2b, 0xf7, 0xf2, 0xff, 0xf4, 0xff, 0xf2, 0xff, 0xef, 0xff, 0xed, 0xff, 0xee, 0xff, 0xf0, 0xff,
  0xf4, 0xff, 0xf5, 0xff, 0xf3, 0xff, 0xee, 0xff, 0x4c, 0xf7, 0x05, 0xcc, 0xe3, 0x81, 0xa4, 0x59,
  0x84, 0x59, 0x44, 0x41, 0x44, 0x39, 0x44, 0x41, 0x43, 0x41, 0x43, 0x41, 0x63, 0x49, 0x63, 0x49,
  0xa4, 0x59, 0x83, 0x51, 0x63, 0x51, 0x63, 0x51, 0x83, 0x49, 0x63, 0x49, 0x63, 0x49, 0x83, 0x41,
  0x84, 0x41, 0x64, 0x41, 0xc1, 0x30, 0xe1, 0x30, 0xc1, 0x28, 0x43, 0x41, 0x43, 0x41, 0x02, 0x41,
  0x64, 0x51, 0xa5, 0x59, 0x23, 0x49, 0xe5, 0x69, 0x2a, 0x9b, 0x46, 0x82, 0xc3, 0x69, 0x49, 0xd5,
  0x4a, 0xfe, 0x6a, 0xf6, 0x4c, 0xff, 0xed, 0xff, 0xf5, 0xff, 0xfe, 0xff, 0xfd, 0xff, 0xfa, 0xff,
  0x0a, 0xf6, 0x23, 0xfd, 0x03, 0xfd, 0x44, 0xfd, 0xa6, 0xfd, 0xa6, 0xfd, 0x86, 0xfd, 0x65, 0xfd,
  0x45, 0xfd, 0x46, 0xfd, 0x05, 0xfd, 0x85, 0xfc, 0x24, 0xfc, 0xe4, 0xf3, 0xc4, 0xf3, 0xc4, 0xf3,
  0xc4, 0xf3, 0x05, 0xf4, 0x05, 0xf4, 0xe6, 0xe3, 0x2f, 0xee, 0x4f, 0xee, 0xf0, 0xf6, 0x10, 0xf7,
  0xcc, 0xe5, 0xf4, 0xff, 0x2e, 0xe6, 0x8f, 0xee, 0xf5, 0xff, 0xd3, 0xff, 0x71, 0xff, 0x10, 0xef,
  0x72, 0xf7, 0xd4, 0xff, 0x89, 0xdc, 0xa4, 0xca, 0x66, 0xe3, 0xc6, 0xeb, 0x85, 0xe3, 0xa4, 0xe3,
  0x45, 0xec, 0xc9, 0xfd, 0xa6, 0xec, 0x25, 0xe4, 0x86, 0xec, 0x67, 0xec, 0x67, 0xec, 0x86, 0xec,
  0xa6, 0xf4, 0xa6, 0xf4, 0xc6, 0xf4, 0xe6, 0xf4, 0x69, 0xf5, 0x76, 0xff, 0xcb, 0xf5, 0x06, 0xfd,
  0xe6, 0xfc, 0xc6, 0xfc, 0xa6, 0xfc, 0x85, 0xfc, 0xc6, 0xf4, 0xc6, 0xf4, 0x24, 0xf4, 0x27, 0xf5,
  0x0a, 0xfe, 0x07, 0xf5, 0xc6, 0xec, 0x0a, 0xfe, 0xed, 0xfe, 0x28, 0xf5, 0x25, 0xec, 0xe5, 0xeb,
  0x45, 0xf4, 0xe9, 0xfd, 0x6e, 0xff, 0x8b, 0xfe, 0x27, 0xfd, 0x25, 0xfc, 0x05, 0xfc, 0xc4, 0xf3,
  0xa4, 0xf3, 0x63, 0xf3, 0x83, 0xf3, 0x05, 0xfc, 0x45, 0xfc, 0x04, 0xfc, 0xc3, 0xf3, 0xe4, 0xfb,
  0x25, 0xfc, 0x45, 0xfc, 0x86, 0xf4, 0x28, 0xfd, 0xa6, 0xfc, 0x45, 0xf4, 0xe3, 0xf3, 0x04, 0xfc,
  0x64, 0xfc, 0xa4, 0xfc, 0x05, 0xfd, 0x46, 0xfd, 0x86, 0xfd, 0xc7, 0xfd, 0xe7, 0xfd, 0x68, 0xfe,
  0x8d, 0xff, 0xf3, 0xff, 0xf4, 0xff, 0xf1, 0xff, 0xee, 0xff, 0xed, 0xff, 0xee, 0xff, 0xf0, 0xff,
  0xf3, 0xff, 0xf4, 0xff, 0xf3, 0xff, 0xee, 0xff, 0xcc, 0xff, 0xe7, 0xd4, 0x23, 0x92, 0x84, 0x61,
  0xa4, 0x59, 0x64, 0x49, 0x44, 0x41, 0x44, 0x41, 0x44, 0x41, 0x44, 0x41, 0x43, 0x41, 0x43, 0x49,
  0x63, 0x49, 0x63, 0x49, 0x43, 0x49, 0x63, 0x49, 0x63, 0x49, 0x63, 0x49, 0x64, 0x49, 0x84, 0x41,
  0x84, 0x41, 0x63, 0x41, 0xa1, 0x28, 0xa1, 0x30, 0x22, 0x39, 0x64, 0x49, 0x64, 0x49, 0x43, 0x49,
  0x64, 0x51, 0x64, 0x51, 0x84, 0x59, 0x47, 0x72, 0xc4, 0x61, 0x83, 0x59, 0x42, 0x51, 0xe3, 0x8a,
  0xeb, 0xfe, 0x2a, 0xff, 0xab, 0xff, 0xab, 0xff, 0x70, 0xf7, 0xfc, 0xff, 0xfc, 0xff, 0xfa, 0xff,
  0x4b, 0xf6, 0x22, 0xfd, 0x23, 0xfd, 0x85, 0xfd, 0xa6, 0xfd, 0xa6, 0xfd, 0x86, 0xfd, 0x66, 0xfd,
  0x66, 0xfd, 0xa7, 0xfd, 0x26, 0xfd, 0x65, 0xfc, 0x44, 0xfc, 0x04, 0xf4, 0xe4, 0xf3, 0xe4, 0xf3,
  0x05, 0xf4, 0x46, 0xfc, 0x24, 0xf4, 0xa8, 0xdc, 0xf7, 0xff, 0xd2, 0xee, 0x51, 0xf7, 0x72, 0xff,
  0xcc, 0xe5, 0xf4, 0xff, 0xd0, 0xee, 0x6e, 0xe6, 0xf5, 0xff, 0xd4, 0xff, 0x30, 0xf7, 0xb2, 0xff,
  0x31, 0xf7, 0x8f, 0xee, 0xa7, 0xd3, 0x05, 0xd3, 0x65, 0xe3, 0xa5, 0xeb, 0x84, 0xe3, 0x25, 0xec,
  0xe8, 0xfd, 0x48, 0xfe, 0x85, 0xf4, 0xc4, 0xeb, 0xa4, 0xeb, 0xc4, 0xeb, 0xe5, 0xeb, 0x25, 0xf4,
  0x86, 0xfc, 0x66, 0xfc, 0xa6, 0xf4, 0xe6, 0xfc, 0x27, 0xfd, 0x13, 0xff, 0xcc, 0xf5, 0xe5, 0xf4,
  0xe6, 0xfc, 0xa5, 0xf4, 0xc5, 0xf4, 0xa6, 0xf5, 0xc7, 0xf5, 0xe6, 0xf4, 0x24, 0xf4, 0x48, 0xf5,
  0x69, 0xfd, 0x45, 0xf4, 0xc7, 0xf4, 0x28, 0xf5, 0xa6, 0xec, 0x45, 0xec, 0x45, 0xec, 0x07, 0xf5,
  0x45, 0xfc, 0x88, 0xfd, 0x6d, 0xff, 0x0d, 0xff, 0xa9, 0xfd, 0xa6, 0xfc, 0x65, 0xfc, 0x65, 0xfc,
  0x25, 0xfc, 0x05, 0xfc, 0xc4, 0xf3, 0xc4, 0xf3, 0xe4, 0xf3, 0x04, 0xfc, 0xe4, 0xfb, 0x04, 0xfc,
  0x65, 0xfc, 0x86, 0xfc, 0x07, 0xf5, 0x88, 0xfd, 0xa6, 0xfc, 0x24, 0xf4, 0xe4, 0xf3, 0x44, 0xfc,
  0x85, 0xfc, 0x84, 0xfc, 0xe5, 0xfc, 0x26, 0xfd, 0x66, 0xfd, 0xa7, 0xfd, 0xc7, 0xfd, 0xca, 0xfe,
  0xf0, 0xff, 0xf4, 0xff, 0xf4, 0xff, 0xf0, 0xff, 0xcd, 0xff, 0xab, 0xff, 0xcd, 0xff, 0xf1, 0xff,
  0xf3, 0xff, 0xf4, 0xff, 0xf1, 0xff, 0xac, 0xff, 0xaa, 0xff, 0x2a, 0xee, 0xe4, 0xaa, 0x83, 0x71,
  0xa4, 0x61, 0x84, 0x51, 0x44, 0x41, 0x44, 0x39, 0x44, 0x41, 0x44, 0x41, 0x44, 0x41, 0x43, 0x41,
  0x43, 0x41, 0x43, 0x49, 0x43, 0x49, 0x43, 0x49, 0x64, 0x41, 0x63, 0x49, 0x63, 0x49, 0x64, 0x41,
  0x64, 0x41, 0x63, 0x41, 0xa0, 0x28, 0xe1, 0x38, 0xa4, 0x51, 0x84, 0x49, 0x02, 0x41, 0x43, 0x49,
  0x84, 0x51, 0x43, 0x49, 0xc4, 0x59, 0xa4, 0x59, 0x63, 0x51, 0xa4, 0x59, 0x83, 0x59, 0x43, 0x82,
  0x4a, 0xe6, 0x2a, 0xff, 0x2a, 0xff, 0x67, 0xf6, 0x6a, 0xee, 0xda, 0xff, 0xfc, 0xff, 0xfa, 0xff,
  0x6c, 0xf6, 0x22, 0xfd, 0x24, 0xfd, 0xa5, 0xfd, 0xc6, 0xfd, 0xc6, 0xfd, 0xa6, 0xfd, 0x86, 0xfd,
  0x66, 0xfd, 0x46, 0xfd, 0xc5, 0xf4, 0x85, 0xfc, 0x65, 0xfc, 0x24, 0xf4, 0x04, 0xf4, 0x25, 0xf4,
  0x45, 0xf4, 0x85, 0xfc, 0x25, 0xe4, 0x0e, 0xe6, 0xf8, 0xff, 0xf2, 0xee, 0x51, 0xef, 0xd3, 0xff,
  0x4d, 0xe6, 0xd3, 0xff, 0x72, 0xf7, 0x6e, 0xe6, 0xd4, 0xff, 0xf4, 0xff, 0x10, 0xef, 0xb2, 0xff,
  0xb2, 0xff, 0x4b, 0xe5, 0x46, 0xdb, 0x04, 0xd3, 0x85, 0xeb, 0x85, 0xeb, 0x84, 0xe3, 0x66, 0xf4,
  0x08, 0xfe, 0xe6, 0xfd, 0x84, 0xf4, 0xa3, 0xe3, 0x84, 0xe3, 0xc4, 0xeb, 0xe5, 0xeb, 0xe5, 0xf3,
  0x05, 0xf4, 0x25, 0xf4, 0x45, 0xf4, 0x86, 0xf4, 0xa6, 0xf4, 0xb1, 0xf6, 0x0d, 0xf6, 0x67, 0xfd,
  0x66, 0xf5, 0x46, 0xf5, 0x28, 0xfe, 0xa6, 0xf5, 0xc5, 0xf4, 0x65, 0xf4, 0x45, 0xf4, 0x45, 0xf4,
  0x45, 0xf4, 0x45, 0xf4, 0x68, 0xf5, 0xc9, 0xf5, 0x89, 0xf5, 0xe7, 0xec, 0x64, 0xec, 0x0b, 0xfe,
  0x45, 0xfc, 0x07, 0xfd, 0xcc, 0xfe, 0x4d, 0xff, 0x29, 0xfe, 0x06, 0xfd, 0xa5, 0xfc, 0xa6, 0xfc,
  0x86, 0xfc, 0x86, 0xfc, 0x05, 0xfc, 0xc4, 0xfb, 0xe4, 0xf3, 0x25, 0xfc, 0x65, 0xfc, 0x65, 0xfc,
  0x85, 0xfc, 0xa6, 0xfc, 0x68, 0xfd, 0x0a, 0xfe, 0xe7, 0xfc, 0x25, 0xfc, 0x04, 0xf4, 0x65, 0xf4,
  0xa5, 0xfc, 0x85, 0xfc, 0xe5, 0xfc, 0x26, 0xfd, 0x66, 0xfd, 0x86, 0xfd, 0xe7, 0xfd, 0x2c, 0xff,
  0xf1, 0xff, 0xf4, 0xff, 0xf4, 0xff, 0xf1, 0xff, 0xab, 0xf6, 0x07, 0xee, 0x8c, 0xff, 0xf1, 0xff,
  0xf3, 0xff, 0xf3, 0xff, 0xef, 0xff, 0x8b, 0xff, 0x69, 0xff, 0x4b, 0xff, 0x66, 0xcc, 0x22, 0x8a,
  0x84, 0x61, 0xa5, 0x59, 0x64, 0x49, 0x44, 0x39, 0x44, 0x39, 0x44, 0x39, 0x44, 0x41, 0x44, 0x41,
  0x43, 0x41, 0x43, 0x41, 0x44, 0x41, 0x44, 0x41, 0x44, 0x41, 0x64, 0x41, 0x63, 0x41, 0x63, 0x41,
  0x64, 0x49, 0x43, 0x41, 0xc1, 0x30, 0xc5, 0x51, 0xc5, 0x59, 0x63, 0x49, 0x23, 0x49, 0x43, 0x49,
  0x42, 0x49, 0x43, 0x49, 0x84, 0x51, 0x84, 0x51, 0x84, 0x51, 0xa4, 0x59, 0xa4, 0x61, 0xa4, 0x69,
  0x24, 0x6a, 0xaa, 0xfe, 0x06, 0xfe, 0x43, 0xf5, 0xa6, 0xf5, 0xb7, 0xff, 0xfc, 0xff, 0xfb, 0xff,
  0x8d, 0xf6, 0x23, 0xf5, 0x85, 0xfd, 0x07, 0xfe, 0xe7, 0xfd, 0xc7, 0xfd, 0xa7, 0xfd, 0x86, 0xfd,
  0x66, 0xfd, 0x26, 0xfd, 0xe5, 0xfc, 0xc5, 0xfc, 0xc5, 0xfc, 0x85, 0xfc, 0x44, 0xf4, 0x44, 0xf4,
  0x64, 0xfc, 0x44, 0xf4, 0x6c, 0xe5, 0xb6, 0xff, 0xd7, 0xff, 0x33, 0xf7, 0x30, 0xf7, 0xf4, 0xff,
  0x51, 0xf7, 0xd3, 0xff, 0xd3, 0xff, 0x8e, 0xee, 0x92, 0xff, 0xf4, 0xff, 0x51, 0xf7, 0x51, 0xf7,
  0xf3, 0xff, 0xc9, 0xe4, 0x63, 0xc2, 0xe4, 0xd2, 0x24, 0xdb, 0x44, 0xe3, 0x64, 0xe3, 0x25, 0xec,
  0x06, 0xfd, 0x05, 0xfd, 0x24, 0xec, 0x63, 0xe3, 0x84, 0xe3, 0xa4, 0xe3, 0xa4, 0xe3, 0xa4, 0xe3,
  0xc4, 0xeb, 0xe4, 0xe3, 0x05, 0xec, 0x65, 0xf4, 0x44, 0xf4, 0x2e, 0xf6, 0x0e, 0xee, 0x67, 0xf5,
  0x28, 0xfe, 0x07, 0xfe, 0x26, 0xf5, 0x85, 0xf4, 0xa5, 0xec, 0x48, 0xf5, 0x08, 0xf5, 0x86, 0xec,
  0x66, 0xec, 0x86, 0xec, 0xc9, 0xf5, 0x8c, 0xfe, 0x48, 0xf5, 0x45, 0xec, 0x24, 0xec, 0x09, 0xed,
  0x45, 0xfc, 0xe7, 0xfc, 0x2a, 0xfe, 0x4d, 0xff, 0x8a, 0xfe, 0x47, 0xfd, 0x06, 0xfd, 0x68, 0xfd,
  0x06, 0xf5, 0xc6, 0xfc, 0x45, 0xfc, 0xe4, 0xfb, 0xe4, 0xf3, 0x44, 0xf4, 0xa6, 0xfc, 0xc6, 0xfc,
  0xe6, 0xfc, 0xc6, 0xfc, 0x88, 0xfd, 0x4b, 0xfe, 0x68, 0xfd, 0x85, 0xf4, 0x65, 0xec, 0x28, 0xfd,
  0xc6, 0xfc, 0x85, 0xfc, 0xc5, 0xfc, 0x05, 0xfd, 0x46, 0xfd, 0x86, 0xfd, 0x48, 0xfe, 0x8e, 0xff,
  0xf2, 0xff, 0xf4, 0xff, 0xf4, 0xff, 0x90, 0xff, 0x63, 0xc3, 0x42, 0xcb, 0xab, 0xfe, 0xf1, 0xff,
  0xf1, 0xff, 0xef, 0xff, 0xad, 0xff, 0x8b, 0xff, 0x6a, 0xff, 0xe9, 0xfe, 0x08, 0xee, 0x64, 0xb3,
  0xa2, 0x71, 0x64, 0x59, 0x85, 0x59, 0x44, 0x49, 0x24, 0x39, 0x24, 0x39, 0x44, 0x39, 0x43, 0x41,
  0x23, 0x39, 0x43, 0x41, 0x44, 0x41, 0x44, 0x41, 0x43, 0x41, 0x44, 0x41, 0x63, 0x49, 0x63, 0x49,
  0x64, 0x49, 0x23, 0x41, 0x22, 0x41, 0xe5, 0x59, 0x43, 0x49, 0x43, 0x49, 0xa4, 0x59, 0x43, 0x49,
  0x22, 0x49, 0x43, 0x49, 0x64, 0x49, 0xa5, 0x51, 0xa4, 0x51, 0x63, 0x51, 0x83, 0x59, 0x42, 0x51,
  0xe4, 0x71, 0x47, 0xd4, 0xe3, 0xf4, 0x03, 0xfd, 0x65, 0xfd, 0x73, 0xff, 0xfb, 0xff, 0xfb, 0xff,
  0xaf, 0xf6, 0xa5, 0xed, 0x68, 0xfe, 0x48, 0xfe, 0x07, 0xfe, 0xe7, 0xfd, 0xc7, 0xfd, 0xa7, 0xfd,
  0x86, 0xfd, 0x66, 0xfd, 0x26, 0xfd, 0xe5, 0xfc, 0xc5, 0xfc, 0xa5, 0xfc, 0x84, 0xfc, 0x64, 0xfc,
  0x84, 0xfc, 0x66, 0xe4, 0xf5, 0xf6, 0xd7, 0xff, 0xf7, 0xff, 0x53, 0xf7, 0x4e, 0xee, 0xf4, 0xff,
  0x72, 0xf7, 0xb3, 0xff, 0xf4, 0xff, 0xf0, 0xee, 0x51, 0xf7, 0xf4, 0xff, 0x72, 0xff, 0x31, 0xf7,
  0x92, 0xff, 0xe7, 0xd3, 0x22, 0xba, 0x04, 0xdb, 0x24, 0xdb, 0x24, 0xdb, 0x64, 0xe3, 0xc5, 0xeb,
  0xa4, 0xe3, 0x84, 0xe3, 0x63, 0xdb, 0x43, 0xdb, 0x64, 0xe3, 0x84, 0xe3, 0x83, 0xe3, 0x83, 0xe3,
  0xa4, 0xe3, 0xa4, 0xe3, 0xe4, 0xe3, 0x25, 0xf4, 0x24, 0xec, 0x8b, 0xf5, 0xed, 0xed, 0xc5, 0xec,
  0x26, 0xf5, 0xa5, 0xec, 0x65, 0xf4, 0x85, 0xf4, 0xc9, 0xf5, 0xc9, 0xf5, 0x68, 0xf5, 0x68, 0xf5,
  0x86, 0xec, 0xca, 0xf5, 0x0d, 0xff, 0x48, 0xf5, 0x04, 0xec, 0x25, 0xec, 0x25, 0xec, 0xe7, 0xec,
  0x65, 0xfc, 0x07, 0xfd, 0xe9, 0xfd, 0x4d, 0xff, 0x0c, 0xff, 0x87, 0xfd, 0x26, 0xfd, 0x6a, 0xfe,
  0xc8, 0xf5, 0x27, 0xfd, 0x85, 0xfc, 0x04, 0xfc, 0x04, 0xfc, 0x24, 0xfc, 0x65, 0xfc, 0xa6, 0xfc,
  0x27, 0xfd, 0x06, 0xfd, 0xa8, 0xfd, 0x8b, 0xfe, 0xc8, 0xfd, 0x68, 0xfd, 0x47, 0xf5, 0xe9, 0xfd,
  0xe6, 0xfc, 0x85, 0xfc, 0xa5, 0xfc, 0xc5, 0xfc, 0x06, 0xfd, 0x87, 0xfd, 0x69, 0xfe, 0xae, 0xff,
  0xf2, 0xff, 0xd4, 0xff, 0xd3, 0xff, 0xc8, 0xd4, 0xc0, 0xa9, 0x20, 0xba, 0xc3, 0xd3, 0xcd, 0xfe,
  0xef, 0xff, 0xcd, 0xff, 0x6a, 0xff, 0x6a, 0xff, 0xe9, 0xfe, 0x67, 0xfe, 0xa8, 0xfe, 0x88, 0xed,
  0x04, 0xa3, 0x83, 0x69, 0x45, 0x59, 0x65, 0x59, 0x64, 0x49, 0x24, 0x39, 0x24, 0x39, 0x23, 0x39,
  0x23, 0x39, 0x43, 0x41, 0x44, 0x41, 0x44, 0x41, 0x44, 0x41, 0x43, 0x41, 0x43, 0x41, 0x63, 0x49,
  0x64, 0x49, 0x23, 0x41, 0x02, 0x41, 0x22, 0x41, 0x43, 0x49, 0xe5, 0x59, 0x84, 0x51, 0x22, 0x49,
  0x22, 0x41, 0x02, 0x41, 0x84, 0x51, 0xe6, 0x59, 0xa4, 0x51, 0x42, 0x49, 0x83, 0x59, 0xa3, 0x59,
  0x84, 0x61, 0x01, 0x69, 0x84, 0xec, 0x22, 0xfd, 0x23, 0xf5, 0xf0, 0xfe, 0xfc, 0xff, 0xfd, 0xff,
  0x72, 0xff, 0xc9, 0xfe, 0x0a, 0xff, 0xe9, 0xfe, 0x48, 0xfe, 0xe7, 0xfd, 0xc7, 0xfd, 0xa7, 0xfd,
  0x86, 0xfd, 0x66, 0xfd, 0x25, 0xfd, 0x05, 0xfd, 0xe5, 0xfc, 0xa5, 0xfc, 0xa5, 0xfc, 0x85, 0xfc,
  0x23, 0xf4, 0xa9, 0xdc, 0xda, 0xff, 0xb7, 0xff, 0xf6, 0xf7, 0x94, 0xff, 0x2a, 0xdd, 0x72, 0xf7,
  0xb2, 0xf7, 0xb3, 0xff, 0xf4, 0xff, 0x92, 0xf7, 0x71, 0xf7, 0xf4, 0xff, 0xd3, 0xff, 0xb2, 0xff,
  0x6e, 0xf6, 0x65, 0xd3, 0xa4, 0xca, 0x04, 0xdb, 0x04, 0xdb, 0x44, 0xdb, 0x65, 0xe3, 0x64, 0xe3,
  0x23, 0xdb, 0x23, 0xdb, 0x24, 0xdb, 0x44, 0xe3, 0x44, 0xdb, 0x43, 0xdb, 0x43, 0xdb, 0x63, 0xdb,
  0x83, 0xdb, 0xa4, 0xe3, 0xe4, 0xe3, 0x25, 0xec, 0x24, 0xec, 0x09, 0xe5, 0xec, 0xf5, 0x65, 0xec,
  0x65, 0xf4, 0x65, 0xf4, 0x85, 0xf4, 0xc6, 0xec, 0x2a, 0xf6, 0x09, 0xf6, 0xea, 0xfd, 0x48, 0xed,
  0x69, 0xed, 0xce, 0xfe, 0x89, 0xed, 0x45, 0xec, 0x25, 0xec, 0x24, 0xec, 0x24, 0xe4, 0x65, 0xec,
  0x86, 0xfc, 0xe6, 0xfc, 0xc8, 0xfd, 0x0c, 0xff, 0x2d, 0xff, 0x07, 0xed, 0x07, 0xf5, 0xcc, 0xfe,
  0x6a, 0xf6, 0x88, 0xfd, 0xc6, 0xfc, 0x24, 0xfc, 0x24, 0xfc, 0x44, 0xfc, 0x45, 0xfc, 0x44, 0xf4,
  0x27, 0xfd, 0x88, 0xfd, 0x09, 0xfe, 0xab, 0xfe, 0x09, 0xfe, 0x09, 0xfe, 0x4a, 0xfe, 0x6b, 0xfe,
  0xc6, 0xf4, 0x85, 0xfc, 0xa5, 0xfc, 0xc5, 0xfc, 0x06, 0xfd, 0x67, 0xfd, 0x6a, 0xfe, 0xae, 0xff,
  0xd2, 0xff, 0xb3, 0xff, 0x4e, 0xee, 0x20, 0xa2, 0xe0, 0xa9, 0x00, 0xb2, 0x20, 0xb2, 0x44, 0xdc,
  0xcb, 0xfe, 0x8b, 0xff, 0xab, 0xff, 0x0a, 0xff, 0x88, 0xf6, 0x68, 0xfe, 0x68, 0xfe, 0xa8, 0xfe,
  0xc8, 0xe5, 0x65, 0xab, 0x23, 0x7a, 0x83, 0x59, 0x64, 0x51, 0x44, 0x49, 0x43, 0x39, 0x23, 0x39,
  0x23, 0x39, 0x43, 0x41, 0x23, 0x41, 0x44, 0x41, 0x44, 0x41, 0x43, 0x41, 0x43, 0x41, 0x64, 0x49,
  0x64, 0x49, 0xe2, 0x38, 0xc1, 0x30, 0x83, 0x51, 0x05, 0x62, 0xa4, 0x59, 0x43, 0x49, 0x22, 0x41,
  0x02, 0x41, 0xe1, 0x38, 0xa5, 0x51, 0xe6, 0x59, 0x63, 0x49, 0x83, 0x51, 0xa4, 0x59, 0x83, 0x59,
  0x22, 0x51, 0xa3, 0x71, 0xe4, 0xd3, 0x23, 0xf5, 0x23, 0xf5, 0x4d, 0xfe, 0xd5, 0xe6, 0x54, 0xd6,
  0x8f, 0xcd, 0xa9, 0xcc, 0x49, 0xdd, 0xc8, 0xe5, 0x69, 0xfe, 0x28, 0xfe, 0x86, 0xfd, 0x66, 0xfd,
  0x66, 0xfd, 0x46, 0xfd, 0x25, 0xfd, 0x05, 0xfd, 0xe5, 0xfc, 0xc5, 0xfc, 0xa5, 0xfc, 0x85, 0xfc,
  0xe5, 0xdb, 0x2c, 0xdd, 0xf9, 0xff, 0xb8, 0xff, 0xb6, 0xf7, 0xd5, 0xff, 0xa8, 0xdc, 0x49, 0xe5,
  0x91, 0xff, 0xd2, 0xff, 0xf4, 0xff, 0xd4, 0xff, 0x51, 0xf7, 0xd3, 0xff, 0xf3, 0xff, 0xd3, 0xff,
  0xa9, 0xdc, 0x82, 0xc2, 0xc3, 0xca, 0xe4, 0xda, 0x04, 0xdb, 0x24, 0xe3, 0x24, 0xe3, 0x03, 0xdb,
  0x03, 0xdb, 0x24, 0xdb, 0x23, 0xdb, 0x23, 0xdb, 0xa5, 0xe3, 0x05, 0xec, 0xe4, 0xe3, 0x24, 0xec,
  0x44, 0xec, 0x04, 0xec, 0x04, 0xe4, 0x05, 0xec, 0x24, 0xec, 0xa6, 0xe4, 0xcb, 0xed, 0x66, 0xec,
  0x65, 0xec, 0x65, 0xf4, 0x65, 0xf4, 0xe6, 0xec, 0x8b, 0xf6, 0x2a, 0xf6, 0x85, 0xec, 0x49, 0xed,
  0x73, 0xff, 0xcb, 0xed, 0xc6, 0xe4, 0x67, 0xed, 0xa7, 0xf5, 0x86, 0xf5, 0xc5, 0xec, 0x04, 0xec,
  0x07, 0xfd, 0xc6, 0xfc, 0x88, 0xfd, 0x0a, 0xfe, 0x87, 0xdc, 0x01, 0xa2, 0xc5, 0xcb, 0x2d, 0xff,
  0x0d, 0xff, 0xe9, 0xfd, 0x07, 0xfd, 0x65, 0xfc, 0x65, 0xfc, 0x85, 0xfc, 0xc6, 0xfc, 0x85, 0xfc,
  0x26, 0xfd, 0x88, 0xfd, 0x8b, 0xfe, 0x4d, 0xff, 0x8b, 0xfe, 0x49, 0xf6, 0xec, 0xfe, 0xac, 0xfe,
  0xc6, 0xf4, 0x65, 0xfc, 0x85, 0xfc, 0xa5, 0xfc, 0xe6, 0xfc, 0x67, 0xfd, 0x8b, 0xfe, 0xcf, 0xff,
  0x50, 0xff, 0xf0, 0xfe, 0x44, 0xb3, 0x60, 0x99, 0xc0, 0xa9, 0xe0, 0xa9, 0xe0, 0xa9, 0x20, 0xba,
  0x45, 0xe4, 0x2b, 0xff, 0xab, 0xff, 0xc9, 0xf6, 0xc9, 0xfe, 0xa8, 0xfe, 0x88, 0xfe, 0xa8, 0xf6,
  0x8c, 0xff, 0xed, 0xee, 0x68, 0xbc, 0xe4, 0xa2, 0xc2, 0x81, 0xe4, 0x79, 0xc4, 0x61, 0x02, 0x41,
  0x02, 0x41, 0x03, 0x39, 0x03, 0x39, 0x23, 0x39, 0x24, 0x41, 0x44, 0x41, 0x44, 0x41, 0x64, 0x49,
  0x23, 0x41, 0xa1, 0x30, 0xe1, 0x40, 0xc5, 0x59, 0xe5, 0x59, 0x22, 0x41, 0x22, 0x41, 0x22, 0x41,
  0x02, 0x39, 0x22, 0x41, 0xe5, 0x59, 0x84, 0x49, 0x84, 0x51, 0xa4, 0x51, 0xa4, 0x59, 0x42, 0x51,
  0xa3, 0x59, 0xe5, 0x79, 0x21, 0x61, 0x84, 0xe4, 0xc5, 0xf4, 0x86, 0xbb, 0x08, 0x9b, 0xe7, 0x9a,
  0xe7, 0xa2, 0xe8, 0xaa, 0x07, 0xab, 0x06, 0xa3, 0xe6, 0xbb, 0x48, 0xe5, 0x87, 0xfd, 0x66, 0xfd,
  0x66, 0xfd, 0x46, 0xfd, 0x25, 0xfd, 0x25, 0xfd, 0xe5, 0xfc, 0xa5, 0xfc, 0x85, 0xfc, 0x24, 0xf4,
  0x6c, 0xe5, 0x72, 0xee, 0xb8, 0xff, 0xd8, 0xff, 0x95, 0xf7, 0xf6, 0xff, 0x09, 0xe5, 0xc4, 0xe3,
  0x28, 0xed, 0x0f, 0xf7, 0xf3, 0xff, 0xf4, 0xff, 0x71, 0xf7, 0x51, 0xf7, 0xf3, 0xff, 0x51, 0xf7,
  0x03, 0xbb, 0x21, 0xba, 0xe4, 0xd2, 0xe3, 0xda, 0x04, 0xdb, 0x04, 0xdb, 0x03, 0xdb, 0x03, 0xdb,
  0x03, 0xdb, 0x85, 0xe3, 0x85, 0xe3, 0x63, 0xd3, 0xc7, 0xf4, 0x68, 0xfd, 0x67, 0xfd, 0x86, 0xfd,
  0x25, 0xfd, 0x64, 0xec, 0x04, 0xe4, 0x05, 0xe4, 0x24, 0xec, 0x45, 0xec, 0x69, 0xed, 0x66, 0xe4,
  0x45, 0xec, 0x45, 0xec, 0xc6, 0xec, 0x2a, 0xfe, 0x0a, 0xf6, 0xa6, 0xe4, 0x65, 0xec, 0xe7, 0xec,
  0x8a, 0xed, 0x0a, 0xee, 0x2b, 0xff, 0x4b, 0xff, 0xac, 0xff, 0x6b, 0xff, 0x47, 0xed, 0xa5, 0xec,
  0x68, 0xfd, 0x85, 0xfc, 0x05, 0xe4, 0xc2, 0xc2, 0x80, 0x99, 0x00, 0x91, 0xa3, 0xb2, 0x2e, 0xff,
  0xcf, 0xff, 0x2a, 0xfe, 0x27, 0xfd, 0x85, 0xfc, 0x65, 0xfc, 0xc5, 0xfc, 0x06, 0xfd, 0x06, 0xfd,
  0x67, 0xfd, 0xa8, 0xfd, 0x8a, 0xf6, 0xae, 0xff, 0x6e, 0xff, 0xcb, 0xfe, 0x6e, 0xff, 0xac, 0xfe,
  0xc6, 0xfc, 0x65, 0xfc, 0x85, 0xfc, 0x85, 0xfc, 0xe5, 0xfc, 0x87, 0xfd, 0xcc, 0xfe, 0x4f, 0xff,
  0x10, 0xff, 0x69, 0xcc, 0x40, 0x89, 0x80, 0x99, 0x80, 0x99, 0xa0, 0xa1, 0xc0, 0xa1, 0xc0, 0xa9,
  0xc1, 0xba, 0x89, 0xfe, 0x0a, 0xf7, 0x2a, 0xff, 0x2a, 0xff, 0xe9, 0xfe, 0xa8, 0xfe, 0x09, 0xff,
  0xcd, 0xff, 0xf0, 0xff, 0x8f, 0xff, 0x09, 0xde, 0xc6, 0xd4, 0xa9, 0xdc, 0x07, 0xc4, 0xe4, 0xa2,
  0x44, 0x92, 0x04, 0x82, 0xa2, 0x69, 0x62, 0x59, 0x42, 0x59, 0x42, 0x49, 0x43, 0x49, 0x22, 0x41,
  0xc1, 0x38, 0x63, 0x51, 0x47, 0x72, 0xc4, 0x59, 0x43, 0x49, 0x02, 0x41, 0x22, 0x41, 0x22, 0x41,
  0xe1, 0x38, 0x63, 0x49, 0x84, 0x49, 0x64, 0x49, 0xc5, 0x59, 0xc5, 0x59, 0x63, 0x51, 0x42, 0x51,
  0xc4, 0x59, 0x63, 0x59, 0xa2, 0x71, 0xa5, 0xcb, 0x06, 0xb3, 0xe7, 0xa2, 0x28, 0xab, 0x29, 0xb3,
  0x48, 0xb3, 0x48, 0xb3, 0x68, 0xb3, 0x48, 0xb3, 0x48, 0xb3, 0xa7, 0xbb, 0xe6, 0xe4, 0x66, 0xfd,
  0x46, 0xfd, 0x46, 0xfd, 0x46, 0xfd, 0x05, 0xfd, 0xc4, 0xfc, 0x85, 0xfc, 0x65, 0xfc, 0x05, 0xe4,
  0x14, 0xf7, 0x97, 0xff, 0x98, 0xff, 0xfb, 0xff, 0x75, 0xf7, 0xf6, 0xff, 0xed, 0xed, 0xc4, 0xe3,
  0xc3, 0xeb, 0x49, 0xed, 0xd2, 0xff, 0xf3, 0xff, 0xf3, 0xff, 0x92, 0xf7, 0xd2, 0xff, 0xec, 0xed,
  0x03, 0xcb, 0xa3, 0xca, 0xe4, 0xda, 0xe3, 0xda, 0x04, 0xdb, 0x03, 0xdb, 0x03, 0xdb, 0x03, 0xdb,
  0x03, 0xd3, 0x44, 0xdb, 0x64, 0xdb, 0x84, 0xdb, 0x86, 0xec, 0x06, 0xf5, 0xc5, 0xec, 0x84, 0xec,
  0x23, 0xe4, 0x04, 0xe4, 0x04, 0xe4, 0x04, 0xe4, 0x05, 0xec, 0x25, 0xe4, 0xa7, 0xec, 0x45, 0xec,
  0x65, 0xec, 0x88, 0xf5, 0x0c, 0xff, 0xec, 0xfe, 0xe6, 0xec, 0x65, 0xec, 0x85, 0xec, 0xc5, 0xec,
  0x8b, 0xf6, 0xee, 0xff, 0xcb, 0xff, 0x2a, 0xff, 0xee, 0xff, 0xa9, 0xee, 0x6a, 0xf6, 0x72, 0xff,
  0x07, 0xfd, 0x05, 0xf4, 0xa0, 0xa9, 0x40, 0x99, 0x60, 0x99, 0xe0, 0xb1, 0x82, 0xba, 0x8c, 0xf6,
  0xf0, 0xff, 0x8b, 0xfe, 0x27, 0xfd, 0x85, 0xfc, 0x65, 0xfc, 0xa5, 0xfc, 0x27, 0xfd, 0xc8, 0xfd,
  0x49, 0xfe, 0x49, 0xf6, 0x8a, 0xf6, 0xae, 0xff, 0xae, 0xff, 0x0c, 0xf7, 0xb0, 0xff, 0xed, 0xfe,
  0xe6, 0xfc, 0xa5, 0xfc, 0xa5, 0xfc, 0xc5, 0xfc, 0x26, 0xfd, 0xa8, 0xf5, 0xac, 0xfe, 0xf0, 0xfe,
  0xce, 0xed, 0xa1, 0x89, 0x40, 0x89, 0x80, 0x89, 0x60, 0x91, 0x80, 0x91, 0xa0, 0x99, 0xa0, 0xa1,
  0x00, 0xaa, 0xc5, 0xe4, 0xe9, 0xfe, 0xac, 0xff, 0x6b, 0xff, 0x0a, 0xff, 0xa9, 0xfe, 0x2b, 0xff,
  0xef, 0xff, 0xcf, 0xff, 0xed, 0xff, 0xcb, 0xff, 0xc9, 0xf6, 0xc7, 0xe5, 0xa8, 0xe5, 0x68, 0xe5,
  0x69, 0xe5, 0x28, 0xe5, 0xe8, 0xe4, 0xa8, 0xe4, 0x47, 0xdc, 0x66, 0xb3, 0x24, 0x7a, 0x62, 0x51,
  0x66, 0x7a, 0x87, 0x7a, 0xe5, 0x69, 0x43, 0x51, 0x02, 0x41, 0x02, 0x41, 0x42, 0x49, 0x01, 0x39,
  0xe1, 0x38, 0x22, 0x41, 0x64, 0x49, 0xc5, 0x59, 0xe5, 0x59, 0xa4, 0x51, 0x22, 0x49, 0xa4, 0x59,
  0x84, 0x59, 0x42, 0x51, 0xa5, 0x8a, 0xc7, 0xa2, 0xe8, 0xa2, 0x28, 0xa3, 0x28, 0xab, 0x28, 0xab,
  0x28, 0xb3, 0x48, 0xb3, 0x48, 0xb3, 0x48, 0xb3, 0x68, 0xb3, 0x88, 0xb3, 0x49, 0xcc, 0x06, 0xed,
  0x66, 0xfd, 0x46, 0xfd, 0x46, 0xfd, 0x25, 0xfd, 0x05, 0xfd, 0xa5, 0xfc, 0x44, 0xfc, 0xa9, 0xe4,
  0xb7, 0xff, 0xd9, 0xff, 0xb8, 0xf7, 0xfb, 0xff, 0xb8, 0xff, 0xb4, 0xff, 0xf0, 0xfe, 0x86, 0xec,
  0x44, 0xec, 0x24, 0xe4, 0x8d, 0xfe, 0xf3, 0xff, 0xd3, 0xff, 0xf3, 0xff, 0x71, 0xff, 0x68, 0xdc,
  0x45, 0xd3, 0xe3, 0xd2, 0xe4, 0xd2, 0xe3, 0xd2, 0x24, 0xdb, 0x44, 0xdb, 0x24, 0xdb, 0x03, 0xdb,
  0x23, 0xdb, 0x44, 0xdb, 0x64, 0xdb, 0xa4, 0xe3, 0xc4, 0xdb, 0xc4, 0xdb, 0xc4, 0xdb, 0xc4, 0xdb,
  0xe4, 0xe3, 0xe4, 0xe3, 0x04, 0xe4, 0x04, 0xe4, 0x04, 0xec, 0x05, 0xec, 0x25, 0xec, 0x25, 0xec,
  0xe7, 0xf4, 0x4d, 0xff, 0xef, 0xff, 0x29, 0xf6, 0x25, 0xed, 0xc7, 0xfd, 0xa6, 0xed, 0x29, 0xf6,
  0xf0, 0xff, 0xce, 0xff, 0x2b, 0xff, 0x89, 0xf6, 0x6b, 0xff, 0x8a, 0xff, 0xad, 0xff, 0xb1, 0xff,
  0xa6, 0xfc, 0xc5, 0xeb, 0x40, 0xa1, 0x40, 0x99, 0xe0, 0xa9, 0x64, 0xe3, 0xe5, 0xeb, 0xea, 0xf5,
  0xd0, 0xff, 0xab, 0xfe, 0x47, 0xfd, 0xa5, 0xfc, 0x85, 0xfc, 0xc6, 0xfc, 0x46, 0xf5, 0x8b, 0xfe,
  0x8e, 0xff, 0x0b, 0xff, 0x0b, 0xff, 0xce, 0xff, 0x4c, 0xff, 0xeb, 0xf6, 0xf1, 0xff, 0x0d, 0xff,
  0x26, 0xfd, 0xc5, 0xfc, 0xc5, 0xfc, 0x26, 0xfd, 0x09, 0xfe, 0x4b, 0xfe, 0x8e, 0xfe, 0x90, 0xfe,
  0x64, 0x8a, 0xe0, 0x70, 0x20, 0x81, 0x40, 0x81, 0x60, 0x89, 0x80, 0x89, 0x80, 0x91, 0x80, 0x99,
  0xa0, 0x99, 0xc1, 0xb2, 0x6a, 0xf6, 0xcd, 0xff, 0x6b, 0xff, 0xe9, 0xfe, 0x0a, 0xff, 0xae, 0xff,
  0xef, 0xff, 0xed, 0xff, 0xaa, 0xff, 0x08, 0xf7, 0xe8, 0xfe, 0xe8, 0xfe, 0x29, 0xff, 0x4b, 0xf7,
  0xec, 0xee, 0x8c, 0xe6, 0x09, 0xd6, 0x68, 0xd5, 0x27, 0xcd, 0xe8, 0xcc, 0x68, 0xd5, 0x89, 0xd5,
  0xe7, 0xab, 0x65, 0x82, 0x42, 0x51, 0xe1, 0x40, 0x22, 0x49, 0x63, 0x51, 0x01, 0x41, 0x42, 0x49,
  0x63, 0x49, 0x84, 0x51, 0xe5, 0x59, 0xc5, 0x59, 0xa5, 0x51, 0x63, 0x49, 0xa4, 0x59, 0xc4, 0x59,
  0x02, 0x49, 0x66, 0x72, 0x8c, 0xbc, 0x08, 0xa3, 0x08, 0xa3, 0x08, 0xa3, 0x28, 0xab, 0x28, 0xab,
  0x48, 0xab, 0x48, 0xb3, 0x48, 0xb3, 0x48, 0xb3, 0x48, 0xb3, 0x48, 0xb3, 0xc9, 0xbb, 0x09, 0xe5,
  0x26, 0xf5, 0x66, 0xfd, 0x45, 0xfd, 0x46, 0xfd, 0x05, 0xfd, 0xa5, 0xfc, 0x44, 0xfc, 0x2b, 0xed,
  0xd9, 0xff, 0xb8, 0xf7, 0x76, 0xef, 0xdb, 0xff, 0xf9, 0xff, 0x32, 0xf7, 0x0f, 0xf7, 0xca, 0xed,
  0x0a, 0xf6, 0x85, 0xe4, 0x28, 0xed, 0xb2, 0xff, 0xf4, 0xff, 0xf3, 0xff, 0x51, 0xff, 0xa5, 0xcb,
  0xc2, 0xc2, 0x04, 0xd3, 0x45, 0xdb, 0x23, 0xd3, 0x23, 0xdb, 0x64, 0xe3, 0x44, 0xdb, 0x44, 0xdb,
  0x84, 0xdb, 0x84, 0xe3, 0xa4, 0xe3, 0xc5, 0xe3, 0xe5, 0xe3, 0xe5, 0xe3, 0xe4, 0xe3, 0xe4, 0xe3,
  0xe4, 0xe3, 0x04, 0xe4, 0x04, 0xec, 0x04, 0xe4, 0x04, 0xe4, 0x25, 0xe4, 0x25, 0xec, 0x64, 0xec,
  0x87, 0xf5, 0x0b, 0xff, 0x6b, 0xfe, 0xe6, 0xec, 0xc5, 0xf5, 0xc8, 0xf6, 0xe8, 0xf6, 0x8c, 0xff,
  0x8e, 0xff, 0x6e, 0xff, 0x2a, 0xf6, 0xe6, 0xec, 0xe8, 0xf5, 0x48, 0xf6, 0x4a, 0xff, 0x68, 0xf6,
  0xa6, 0xfc, 0x64, 0xdb, 0x81, 0xa9, 0xc0, 0xa9, 0xc2, 0xca, 0x26, 0xf4, 0x25, 0xec, 0xe8, 0xec,
  0x4e, 0xff, 0xcb, 0xfe, 0x67, 0xfd, 0xa5, 0xfc, 0x85, 0xfc, 0xe6, 0xfc, 0x46, 0xfd, 0xcc, 0xfe,
  0xf0, 0xff, 0xae, 0xff, 0xad, 0xff, 0xef, 0xff, 0x6c, 0xf7, 0x4c, 0xf7, 0xf1, 0xff, 0x0d, 0xff,
  0x66, 0xfd, 0x05, 0xfd, 0x05, 0xfd, 0x88, 0xfd, 0x8d, 0xfe, 0x8e, 0xfe, 0xd0, 0xfe, 0xa7, 0xab,
  0xa0, 0x58, 0xe0, 0x68, 0xe0, 0x68, 0x00, 0x71, 0x20, 0x79, 0x60, 0x79, 0x60, 0x81, 0x60, 0x89,
  0xa0, 0x99, 0xa0, 0x91, 0x63, 0xbb, 0x29, 0xfe, 0xe9, 0xfe, 0x0a, 0xff, 0xcd, 0xff, 0xef, 0xff,
  0xed, 0xff, 0x8a, 0xff, 0xe8, 0xfe, 0xc7, 0xfe, 0xc7, 0xfe, 0x28, 0xff, 0xaa, 0xff, 0xec, 0xff,
  0xee, 0xff, 0xee, 0xff, 0xeb, 0xff, 0x68, 0xff, 0x28, 0xff, 0x28, 0xff, 0x48, 0xff, 0x09, 0xff,
  0x89, 0xe5, 0x68, 0x9b, 0xe1, 0x48, 0x22, 0x51, 0xa4, 0x59, 0x63, 0x51, 0x01, 0x49, 0x83, 0x51,
  0x63, 0x51, 0xa4, 0x51, 0xc5, 0x51, 0xa4, 0x51, 0xa4, 0x51, 0x06, 0x5a, 0xe5, 0x59, 0x22, 0x49,
  0xc3, 0x59, 0x52, 0xde, 0x0b, 0xb4, 0xc7, 0x9a, 0x08, 0xa3, 0x28, 0xa3, 0x28, 0xab, 0x28, 0xab,
  0x48, 0xab, 0x48, 0xb3, 0x48, 0xb3, 0x48, 0xb3, 0x48, 0xb3, 0x68, 0xb3, 0x47, 0xb3, 0x89, 0xcc,
  0x28, 0xed, 0x26, 0xfd, 0x25, 0xfd, 0x25, 0xfd, 0xe5, 0xfc, 0xa5, 0xfc, 0x64, 0xfc, 0x6b, 0xed,
  0xfa, 0xff, 0xfa, 0xff, 0xd8, 0xf7, 0xdb, 0xff, 0xfa, 0xff, 0xb6, 0xff, 0x6e, 0xe6, 0x28, 0xe5,
  0xad, 0xf6, 0x4f, 0xff, 0x69, 0xe5, 0x6d, 0xee, 0xf3, 0xff, 0xf3, 0xff, 0x4d, 0xee, 0x85, 0xd3,
  0xe3, 0xc2, 0x23, 0xd3, 0x64, 0xdb, 0x64, 0xdb, 0x43, 0xdb, 0x64, 0xdb, 0x64, 0xdb, 0x85, 0xdb,
  0xa5, 0xdb, 0xa5, 0xe3, 0xc5, 0xe3, 0xe5, 0xe3, 0x05, 0xe4, 0x05, 0xe4, 0xe4, 0xe3, 0xe4, 0xe3,
  0x04, 0xec, 0x25, 0xec, 0x25, 0xec, 0x05, 0xec, 0x25, 0xe4, 0xa5, 0xe4, 0xc6, 0xf5, 0x67, 0xf6,
  0x08, 0xff, 0xe9, 0xf6, 0x87, 0xf5, 0x67, 0xf5, 0xcb, 0xfe, 0xac, 0xff, 0x8a, 0xff, 0x69, 0xf6,
  0x88, 0xed, 0xea, 0xf5, 0xe7, 0xec, 0x24, 0xe4, 0x44, 0xe4, 0x08, 0xf6, 0x6a, 0xff, 0xe7, 0xf5,
  0x27, 0xfd, 0x64, 0xdb, 0x42, 0xba, 0xa5, 0xe3, 0x84, 0xdb, 0x06, 0xec, 0x26, 0xec, 0x87, 0xec,
  0xac, 0xfe, 0xec, 0xfe, 0x68, 0xfd, 0xc6, 0xfc, 0x85, 0xfc, 0xe6, 0xfc, 0x47, 0xfd, 0xcd, 0xfe,
  0xf1, 0xff, 0xf0, 0xff, 0xf0, 0xff, 0xf0, 0xff, 0xcf, 0xff, 0xd0, 0xff, 0xf1, 0xff, 0x4e, 0xff,
  0xa7, 0xfd, 0x46, 0xfd, 0x67, 0xfd, 0x2b, 0xfe, 0xaf, 0xfe, 0x4e, 0xfe, 0x68, 0xcc, 0x40, 0x69,
  0x00, 0x61, 0xe0, 0x60, 0xe0, 0x60, 0xe0, 0x60, 0x00, 0x69, 0x20, 0x69, 0x20, 0x71, 0x20, 0x79,
  0x60, 0x89, 0x80, 0x89, 0x80, 0x91, 0x63, 0xc3, 0xe8, 0xfd, 0x4b, 0xff, 0xed, 0xff, 0xee, 0xff,
  0xcc, 0xff, 0x09, 0xff, 0xa7, 0xfe, 0xc8, 0xfe, 0x28, 0xff, 0xca, 0xff, 0xec, 0xff, 0xec, 0xff,
  0xec, 0xff, 0xcb, 0xff, 0x48, 0xff, 0x27, 0xff, 0x07, 0xff, 0xe7, 0xfe, 0x07, 0xff, 0x88, 0xee,
  0xca, 0xed, 0xc5, 0x82, 0x22, 0x51, 0xc5, 0x61, 0xa4, 0x61, 0xe1, 0x40, 0x61, 0x51, 0xa3, 0x59,
  0x23, 0x49, 0x63, 0x49, 0xa4, 0x49, 0xc5, 0x51, 0x05, 0x52, 0xe6, 0x59, 0x83, 0x51, 0x82, 0x59,
  0x11, 0xd6, 0x92, 0xe6, 0xe7, 0x92, 0x08, 0xa3, 0x28, 0xa3, 0x28, 0xa3, 0x28, 0xab, 0x28, 0xab,
  0x48, 0xab, 0x48, 0xab, 0x48, 0xb3, 0x48, 0xb3, 0x48, 0xb3, 0x48, 0xb3, 0x68, 0xb3, 0xa7, 0xb3,
  0x29, 0xe5, 0x06, 0xf5, 0x25, 0xfd, 0x06, 0xfd, 0x05, 0xfd, 0xc5, 0xfc, 0x64, 0xfc, 0x6c, 0xed,
  0xfa, 0xff, 0xfb, 0xff, 0xd9, 0xff, 0x98, 0xff, 0xdb, 0xff, 0xf9, 0xff, 0x74, 0xff, 0xe8, 0xe4,
  0xe7, 0xe4, 0x91, 0xff, 0xd2, 0xff, 0xae, 0xf6, 0x50, 0xf7, 0xf3, 0xff, 0xe9, 0xdc, 0x86, 0xdb,
  0x44, 0xd3, 0x64, 0xdb, 0x84, 0xdb, 0xa5, 0xe3, 0x64, 0xdb, 0x64, 0xdb, 0x84, 0xdb, 0x84, 0xdb,
  0xc5, 0xe3, 0xc5, 0xe3, 0xe5, 0xe3, 0x05, 0xe4, 0x05, 0xe4, 0x05, 0xe4, 0xe4, 0xdb, 0x04, 0xe4,
  0x25, 0xec, 0x25, 0xec, 0x25, 0xe4, 0x25, 0xec, 0x24, 0xec, 0x87, 0xf5, 0x29, 0xff, 0xe8, 0xf6,
  0x28, 0xf7, 0x49, 0xff, 0x69, 0xf6, 0x4e, 0xff, 0xae, 0xff, 0x89, 0xf6, 0xc8, 0xf6, 0x25, 0xed,
  0x24, 0xe4, 0x66, 0xed, 0xca, 0xf6, 0x8c, 0xf6, 0x87, 0xf5, 0x46, 0xed, 0xc6, 0xec, 0x45, 0xe4,
  0x09, 0xfe, 0x47, 0xf5, 0x03, 0xc3, 0xe6, 0xeb, 0x06, 0xec, 0x06, 0xec, 0x26, 0xec, 0x26, 0xe4,
  0xca, 0xf5, 0x4e, 0xff, 0xa9, 0xfd, 0x07, 0xfd, 0xe6, 0xfc, 0xe5, 0xfc, 0x26, 0xf5, 0xac, 0xfe,
  0xf1, 0xff, 0xf0, 0xff, 0xf2, 0xff, 0xf2, 0xff, 0xf2, 0xff, 0xf3, 0xff, 0xf2, 0xff, 0x4e, 0xff,
  0xc8, 0xfd, 0xa8, 0xfd, 0x0a, 0xfe, 0xae, 0xfe, 0xcd, 0xf5, 0x25, 0xb3, 0x01, 0x9a, 0xc1, 0x91,
  0x40, 0x71, 0xe0, 0x68, 0xe0, 0x60, 0x00, 0x61, 0x00, 0x61, 0x00, 0x69, 0x00, 0x69, 0x00, 0x71,
  0x20, 0x71, 0x40, 0x79, 0x60, 0x81, 0xa0, 0x89, 0x05, 0xd4, 0x2b, 0xff, 0xed, 0xff, 0xac, 0xff,
  0x4a, 0xff, 0xa8, 0xfe, 0xa8, 0xfe, 0x29, 0xff, 0xca, 0xff, 0xec, 0xff, 0xed, 0xff, 0xed, 0xff,
  0xeb, 0xff, 0x89, 0xff, 0x28, 0xff, 0x07, 0xff, 0x07, 0xff, 0x07, 0xff, 0x27, 0xff, 0xa8, 0xf6,
  0x49, 0xdd, 0xa2, 0x61, 0x83, 0x61, 0x84, 0x59, 0xc1, 0x40, 0x40, 0x30, 0x06, 0x9c, 0x68, 0xac,
  0x22, 0x41, 0xa4, 0x51, 0xc5, 0x51, 0xe5, 0x51, 0xc4, 0x51, 0xa3, 0x59, 0xc3, 0x69, 0x8f, 0xcd,
  0xf7, 0xff, 0xac, 0xb4, 0xc7, 0x92, 0x08, 0xa3, 0x28, 0xa3, 0x28, 0xa3, 0x28, 0xa3, 0x28, 0xab,
  0x48, 0xab, 0x48, 0xab, 0x48, 0xab, 0x48, 0xb3, 0x48, 0xb3, 0x48, 0xb3, 0x68, 0xb3, 0x48, 0xb3,
  0xea, 0xd4, 0x47, 0xed, 0x05, 0xfd, 0x05, 0xfd, 0xe5, 0xfc, 0xa5, 0xfc, 0x23, 0xf4, 0x4b, 0xed,
  0xf9, 0xff, 0xfa, 0xff, 0xf4, 0xee, 0xce, 0xdd, 0xdb, 0xff, 0xda, 0xff, 0xf7, 0xff, 0x51, 0xff,
  0xe7, 0xe4, 0x69, 0xed, 0xd2, 0xff, 0xf4, 0xff, 0x92, 0xff, 0xf0, 0xfe, 0x07, 0xdc, 0x45, 0xd3,
  0x64, 0xdb, 0xc5, 0xe3, 0x26, 0xe4, 0xe5, 0xe3, 0x84, 0xe3, 0x84, 0xdb, 0xa5, 0xdb, 0xa5, 0xdb,
  0xe5, 0xe3, 0xe5, 0xe3, 0x05, 0xe4, 0x25, 0xec, 0x05, 0xe4, 0x05, 0xe4, 0x04, 0xe4, 0x05, 0xe4,
  0x44, 0xec, 0x85, 0xec, 0xc5, 0xf4, 0x84, 0xe4, 0xc5, 0xec, 0x06, 0xf5, 0x87, 0xf5, 0x86, 0xed,
  0x87, 0xfe, 0x46, 0xed, 0xa8, 0xf5, 0x4e, 0xff, 0xe8, 0xf5, 0xc4, 0xec, 0xe6, 0xf5, 0xa6, 0xed,
  0x87, 0xf5, 0xc6, 0xf5, 0x4b, 0xff, 0x4f, 0xff, 0x47, 0xed, 0x44, 0xe4, 0x05, 0xe4, 0x04, 0xe4,
  0xec, 0xfe, 0xab, 0xfe, 0x86, 0xe4, 0x84, 0xdb, 0x06, 0xec, 0x06, 0xec, 0x26, 0xec, 0xe6, 0xeb,
  0xc8, 0xec, 0x0e, 0xff, 0x2b, 0xfe, 0x47, 0xfd, 0x67, 0xfd, 0x06, 0xf5, 0x26, 0xf5, 0xcc, 0xfe,
  0xf0, 0xff, 0xf0, 0xff, 0xf2, 0xff, 0xf4, 0xff, 0xf4, 0xff, 0xf4, 0xff, 0xf3, 0xff, 0x4d, 0xff,
  0xc8, 0xf5, 0xeb, 0xfd, 0x8e, 0xfe, 0x2b, 0xe5, 0xa3, 0xaa, 0x01, 0xa2, 0x42, 0xaa, 0x42, 0xa2,
  0x01, 0x92, 0x81, 0x79, 0x00, 0x69, 0x00, 0x61, 0x00, 0x61, 0x00, 0x69, 0x00, 0x69, 0x20, 0x69,
  0x20, 0x71, 0x40, 0x71, 0x80, 0x79, 0x60, 0x81, 0x00, 0x9a, 0x06, 0xe5, 0x0b, 0xff, 0xea, 0xfe,
  0x88, 0xfe, 0xa8, 0xf6, 0x28, 0xff, 0xca, 0xff, 0xed, 0xff, 0xee, 0xff, 0xef, 0xff, 0xcc, 0xff,
  0x89, 0xff, 0x28, 0xff, 0x07, 0xff, 0x07, 0xff, 0x07, 0xff, 0x27, 0xff, 0x27, 0xff, 0x09, 0xff,
  0x27, 0xb4, 0xe1, 0x48, 0x01, 0x49, 0x21, 0x51, 0x42, 0x6a, 0x25, 0x9c, 0xaa, 0xff, 0x88, 0xde,
  0xa3, 0x51, 0xa3, 0x51, 0x84, 0x51, 0xa4, 0x51, 0xc4, 0x61, 0xa3, 0x69, 0xcc, 0xbc, 0xf7, 0xff,
  0x34, 0xef, 0x88, 0x93, 0xe7, 0x9a, 0x08, 0xa3, 0x28, 0xa3, 0x28, 0xa3, 0x28, 0xa3, 0x48, 0xab,
  0x28, 0xab, 0x48, 0xab, 0x48, 0xab, 0x48, 0xb3, 0x48, 0xb3, 0x48, 0xb3, 0x68, 0xb3, 0x48, 0xb3,
  0x6a, 0xcc, 0x8a, 0xed, 0xc5, 0xec, 0x05, 0xfd, 0xe5, 0xfc, 0xa5, 0xfc, 0x02, 0xec, 0xc9, 0xe4,
  0xd8, 0xff, 0xd9, 0xff, 0x56, 0xf7, 0x15, 0xf7, 0xda, 0xff, 0xfa, 0xff, 0xf7, 0xff, 0xf5, 0xff,
  0x71, 0xff, 0xca, 0xed, 0xeb, 0xed, 0xb2, 0xff, 0xf3, 0xff, 0xcf, 0xf6, 0x64, 0xcb, 0xe3, 0xc2,
  0x84, 0xdb, 0xe5, 0xe3, 0x26, 0xe4, 0xe5, 0xe3, 0xc5, 0xe3, 0xe6, 0xe3, 0x06, 0xe4, 0xe5, 0xe3,
  0xe5, 0xe3, 0x05, 0xe4, 0x25, 0xec, 0x25, 0xe4, 0x25, 0xe4, 0x25, 0xe4, 0x25, 0xe4, 0x24, 0xe4,
  0x44, 0xec, 0x66, 0xf5, 0xe6, 0xf4, 0xe5, 0xec, 0xa8, 0xf5, 0x84, 0xec, 0x05, 0xed, 0x67, 0xfe,
  0x47, 0xf6, 0xc5, 0xec, 0xc9, 0xf5, 0x6a, 0xf6, 0x06, 0xed, 0xa6, 0xf5, 0xa8, 0xfe, 0xe9, 0xfe,
  0x07, 0xee, 0xc4, 0xec, 0x46, 0xf5, 0x66, 0xed, 0x85, 0xec, 0x44, 0xe4, 0x45, 0xe4, 0x65, 0xe4,
  0x4e, 0xff, 0x2d, 0xff, 0x0a, 0xf6, 0x24, 0xdc, 0xe5, 0xe3, 0xe5, 0xeb, 0xe6, 0xe3, 0xc5, 0xe3,
  0x05, 0xdc, 0xeb, 0xf5, 0x6c, 0xfe, 0x67, 0xfd, 0x88, 0xfd, 0x26, 0xfd, 0x26, 0xf5, 0xcb, 0xfe,
  0xef, 0xff, 0xf0, 0xff, 0xf2, 0xff, 0xf4, 0xff, 0xf4, 0xff, 0xf4, 0xff, 0xf3, 0xff, 0x2c, 0xff,
  0x0a, 0xf6, 0x6e, 0xfe, 0x89, 0xdc, 0x62, 0xaa, 0x41, 0xaa, 0x62, 0xaa, 0x42, 0xaa, 0x42, 0xaa,
  0x42, 0xaa, 0x22, 0x9a, 0xa1, 0x81, 0x40, 0x71, 0x20, 0x69, 0x20, 0x69, 0x00, 0x69, 0x20, 0x69,
  0x20, 0x69, 0x40, 0x71, 0x80, 0x79, 0xa0, 0x81, 0x80, 0x89, 0xe4, 0xb3, 0x0b, 0xff, 0xa9, 0xfe,
  0x88, 0xfe, 0x09, 0xf7, 0xaa, 0xff, 0xec, 0xff, 0xee, 0xff, 0xee, 0xff, 0xcc, 0xff, 0x69, 0xff,
  0x08, 0xff, 0x07, 0xff, 0x07, 0xff, 0x07, 0xff, 0x07, 0xff, 0x27, 0xff, 0x07, 0xff, 0x28, 0xff,
  0x67, 0xb4, 0xe3, 0x69, 0xc5, 0x9b, 0x87, 0xd5, 0xe9, 0xfe, 0xc8, 0xff, 0xe8, 0xff, 0xe9, 0xff,
  0x24, 0x7b, 0x21, 0x41, 0xa2, 0x51, 0xe4, 0x61, 0xe4, 0x71, 0xc9, 0xab, 0x95, 0xff, 0xf6, 0xff,
  0x52, 0xde, 0xe7, 0x8a, 0x08, 0x9b, 0x08, 0xa3, 0x28, 0xa3, 0x28, 0xa3, 0x28, 0xa3, 0x48, 0xa3,
  0x28, 0xab, 0x48, 0xab, 0x48, 0xab, 0x48, 0xab, 0x48, 0xb3, 0x68, 0xb3, 0x68, 0xb3, 0x68, 0xb3,
  0x09, 0xc4, 0xec, 0xed, 0xe6, 0xec, 0xe5, 0xfc, 0xc5, 0xfc, 0xa5, 0xfc, 0x24, 0xf4, 0xe6, 0xd3,
  0x77, 0xf7, 0xfb, 0xff, 0xfb, 0xff, 0xfb, 0xff, 0xfb, 0xff, 0xfa, 0xff, 0xf8, 0xff, 0xd5, 0xff,
  0xf4, 0xff, 0xf3, 0xff, 0xef, 0xee, 0xce, 0xee, 0x70, 0xff, 0x0c, 0xe6, 0xe3, 0xca, 0xe2, 0xca,
  0xc4, 0xe3, 0xe4, 0xe3, 0xc4, 0xe3, 0xc4, 0xe3, 0xe5, 0xe3, 0x87, 0xf4, 0x26, 0xec, 0xe5, 0xe3,
  0x05, 0xe4, 0x05, 0xe4, 0x05, 0xe4, 0x05, 0xe4, 0x25, 0xe4, 0x45, 0xec, 0x45, 0xe4, 0xe5, 0xec,
  0xe7, 0xfd, 0x86, 0xf5, 0x65, 0xec, 0xa5, 0xec, 0xe5, 0xf4, 0xa7, 0xf5, 0x4a, 0xff, 0xca, 0xff,
  0xc6, 0xf5, 0x05, 0xf5, 0x07, 0xf6, 0xea, 0xf6, 0x68, 0xf6, 0x0a, 0xff, 0x49, 0xff, 0x27, 0xfe,
  0x46, 0xed, 0x85, 0xec, 0xc8, 0xf5, 0xeb, 0xfe, 0x88, 0xf5, 0xa6, 0xe4, 0x28, 0xed, 0xe7, 0xec,
  0xec, 0xfe, 0xae, 0xff, 0x8b, 0xfe, 0xa9, 0xed, 0xe4, 0xdb, 0xc5, 0xe3, 0xc6, 0xe3, 0xc5, 0xe3,
  0xa5, 0xe3, 0xe8, 0xec, 0x4c, 0xfe, 0xa8, 0xf5, 0xa8, 0xfd, 0x67, 0xfd, 0x26, 0xf5, 0x8b, 0xf6,
  0xef, 0xff, 0xf0, 0xff, 0xf2, 0xff, 0xf3, 0xff, 0xf4, 0xff, 0xf4, 0xff, 0xf2, 0xff, 0x2d, 0xf7,
  0x8d, 0xf6, 0x48, 0xd4, 0x41, 0xb2, 0x62, 0xb2, 0x62, 0xb2, 0x62, 0xb2, 0x62, 0xaa, 0x62, 0xaa,
  0x62, 0xaa, 0x62, 0xaa, 0x42, 0xa2, 0x02, 0x92, 0xa0, 0x79, 0x60, 0x71, 0x40, 0x71, 0x40, 0x71,
  0x40, 0x71, 0x60, 0x79, 0x80, 0x81, 0x60, 0x81, 0x81, 0xa2, 0xac, 0xee, 0x4d, 0xff, 0x68, 0xfe,
  0xc8, 0xfe, 0x4a, 0xf7, 0xcc, 0xff, 0xee, 0xff, 0xee, 0xff, 0xcc, 0xff, 0x68, 0xff, 0x07, 0xff,
  0xe7, 0xfe, 0xe7, 0xfe, 0x07, 0xff, 0x07, 0xff, 0x07, 0xff, 0x07, 0xff, 0x07, 0xff, 0x07, 0xff,
  0x08, 0xff, 0x08, 0xff, 0x49, 0xff, 0x48, 0xff, 0x07, 0xff, 0x27, 0xff, 0xe7, 0xf6, 0x89, 0xe6,
  0xe6, 0x93, 0xe4, 0x61, 0x04, 0x72, 0xc4, 0x81, 0x48, 0x9b, 0x34, 0xf7, 0xf7, 0xff, 0x74, 0xf7,
  0x2a, 0xa4, 0xe7, 0x92, 0x08, 0xa3, 0x08, 0xa3, 0x28, 0xa3, 0x28, 0xa3, 0x28, 0xa3, 0x48, 0xa3,
  0x28, 0xab, 0x48, 0xab, 0x48, 0xab, 0x48, 0xb3, 0x48, 0xb3, 0x68, 0xb3, 0x68, 0xb3, 0x68, 0xb3,
  0xc8, 0xbb, 0x2d, 0xf6, 0x06, 0xed, 0xa4, 0xfc, 0x84, 0xfc, 0x44, 0xf4, 0x04, 0xf4, 0x43, 0xcb,
  0xf0, 0xed, 0xfb, 0xff, 0xdc, 0xff, 0xdb, 0xff, 0x99, 0xff, 0xd3, 0xf6, 0x33, 0xf7, 0xf5, 0xff,
  0xf4, 0xff, 0xf4, 0xff, 0xf4, 0xff, 0xd2, 0xff, 0xb2, 0xff, 0x0c, 0xee, 0x24, 0xd3, 0x44, 0xdb,
  0xc4, 0xe3, 0xc4, 0xe3, 0xc4, 0xe3, 0xa4, 0xdb, 0x05, 0xe4, 0x46, 0xe4, 0xe5, 0xe3, 0x05, 0xe4,
  0x05, 0xdc, 0x05, 0xe4, 0x05, 0xe4, 0x05, 0xe4, 0x25, 0xe4, 0x45, 0xec, 0x86, 0xec, 0xa8, 0xfd,
  0xc7, 0xf5, 0xe8, 0xf5, 0xa5, 0xec, 0xa5, 0xec, 0xc8, 0xf5, 0xec, 0xfe, 0x0a, 0xff, 0x27, 0xf6,
  0x05, 0xed, 0x46, 0xf5, 0x48, 0xfe, 0x4a, 0xff, 0xc9, 0xf6, 0x08, 0xf6, 0xc7, 0xfd, 0xc4, 0xf4,
  0x84, 0xec, 0xe6, 0xec, 0x4a, 0xfe, 0xc8, 0xf5, 0x26, 0xed, 0xc9, 0xf5, 0xe6, 0xec, 0x27, 0xed,
  0x2a, 0xf6, 0xce, 0xff, 0x8b, 0xfe, 0x6b, 0xfe, 0x28, 0xe5, 0xc5, 0xe3, 0xe6, 0xe3, 0xc5, 0xe3,
  0xc5, 0xe3, 0x67, 0xe4, 0x6c, 0xfe, 0x6b, 0xfe, 0x09, 0xfe, 0xe9, 0xfd, 0xc8, 0xfd, 0xcc, 0xfe,
  0xef, 0xff, 0xf1, 0xff, 0xf3, 0xff, 0xf3, 0xff, 0xf3, 0xff, 0xf4, 0xff, 0xf2, 0xff, 0xcd, 0xfe,
  0x47, 0xcc, 0x83, 0xba, 0xa3, 0xc2, 0xa3, 0xba, 0x82, 0xba, 0x82, 0xb2, 0x82, 0xb2, 0x62, 0xb2,
  0x63, 0xb2, 0x83, 0xb2, 0x83, 0xb2, 0x83, 0xaa, 0x62, 0xa2, 0xe1, 0x91, 0x60, 0x81, 0x60, 0x79,
  0x60, 0x79, 0x60, 0x81, 0x80, 0x81, 0x00, 0x8a, 0xa9, 0xe5, 0x4d, 0xff, 0xef, 0xfe, 0x89, 0xf6,
  0x2a, 0xff, 0xad, 0xff, 0xef, 0xff, 0xee, 0xff, 0xed, 0xff, 0x6a, 0xff, 0x27, 0xf7, 0xe7, 0xfe,
  0xc7, 0xfe, 0xc7, 0xfe, 0xe7, 0xfe, 0xe7, 0xfe, 0x07, 0xff, 0x07, 0xff, 0x07, 0xff, 0x07, 0xff,
  0x07, 0xff, 0x07, 0xff, 0xe7, 0xfe, 0xe7, 0xfe, 0x08, 0xff, 0x47, 0xee, 0x0a, 0xde, 0x70, 0xee,
  0xcc, 0xd4, 0x85, 0x92, 0xc6, 0x92, 0x2d, 0xc5, 0x54, 0xf7, 0xf3, 0xee, 0x6e, 0xc5, 0xc8, 0x9b,
  0xe6, 0x8a, 0x08, 0x9b, 0x08, 0x9b, 0x08, 0xa3, 0x28, 0xa3, 0x28, 0xa3, 0x28, 0xa3, 0x28, 0xab,
  0x28, 0xab, 0x29, 0xab, 0x28, 0xab, 0x48, 0xb3, 0x48, 0xb3, 0x48, 0xb3, 0x68, 0xb3, 0x89, 0xb3,
  0xa8, 0xb3, 0x2c, 0xee, 0x07, 0xed, 0xa4, 0xfc, 0x64, 0xfc, 0x24, 0xf4, 0x04, 0xf4, 0x83, 0xdb,
  0xc5, 0xdb, 0xcf, 0xed, 0x58, 0xf7, 0xba, 0xff, 0xb4, 0xee, 0x6b, 0xe5, 0x4a, 0xed, 0x8f, 0xf6,
  0x92, 0xff, 0xd3, 0xff, 0xf3, 0xff, 0xf3, 0xff, 0xf3, 0xff, 0x8e, 0xf6, 0x64, 0xd3, 0x44, 0xdb,
  0xe4, 0xeb, 0xc4, 0xe3, 0xa4, 0xe3, 0xa4, 0xdb, 0x26, 0xe4, 0x46, 0xe4, 0xc5, 0xdb, 0xc8, 0xec,
  0x46, 0xe4, 0xe5, 0xe3, 0x05, 0xe4, 0x05, 0xe4, 0x25, 0xe4, 0x65, 0xec, 0x86, 0xec, 0xa5, 0xec,
  0xa4, 0xe4, 0xc4, 0xec, 0xa4, 0xec, 0xe5, 0xf4, 0x87, 0xf5, 0x08, 0xf6, 0xa6, 0xed, 0xa5, 0xed,
  0x25, 0xf5, 0xe6, 0xf4, 0xa8, 0xf5, 0xaa, 0xfe, 0xc8, 0xf5, 0xc5, 0xec, 0xa5, 0xec, 0x85, 0xec,
  0xc5, 0xf4, 0xa9, 0xfd, 0x47, 0xf5, 0xa5, 0xe4, 0xe9, 0xfd, 0x27, 0xed, 0x66, 0xe4, 0xc7, 0xe4,
  0xa9, 0xfd, 0x6e, 0xff, 0xcc, 0xfe, 0x0a, 0xfe, 0x6c, 0xf6, 0x26, 0xdc, 0xc6, 0xe3, 0xe6, 0xe3,
  0xe5, 0xe3, 0x46, 0xdc, 0xad, 0xf6, 0x6d, 0xff, 0xeb, 0xfe, 0x8a, 0xf6, 0x4a, 0xfe, 0x4d, 0xff,
  0xf0, 0xff, 0xf2, 0xff, 0xf4, 0xff, 0xf4, 0xff, 0xf4, 0xff, 0xf4, 0xff, 0xb1, 0xff, 0x86, 0xd4,
  0xc3, 0xc2, 0xc4, 0xca, 0xc3, 0xc2, 0xc3, 0xc2, 0xc3, 0xc2, 0xa3, 0xba, 0xa3, 0xba, 0x83, 0xba,
  0xa3, 0xba, 0xa3, 0xba, 0xa3, 0xb2, 0xa3, 0xb2, 0xc3, 0xb2, 0xa3, 0xb2, 0x41, 0xa2, 0xe0, 0x99,
  0xc0, 0x91, 0xc0, 0x99, 0x00, 0x9a, 0x48, 0xd5, 0x2b, 0xff, 0x6a, 0xf6, 0x30, 0xf7, 0x2c, 0xf7,
  0xce, 0xff, 0xef, 0xff, 0xef, 0xff, 0xcd, 0xff, 0x6a, 0xff, 0x28, 0xff, 0x08, 0xff, 0xc7, 0xfe,
  0xc7, 0xfe, 0xc7, 0xfe, 0xe7, 0xfe, 0xe7, 0xfe, 0x07, 0xff, 0x07, 0xff, 0x07, 0xff, 0x07, 0xff,
  0x07, 0xff, 0xe7, 0xfe, 0xe7, 0xfe, 0x28, 0xff, 0x68, 0xee, 0xeb, 0xdd, 0xcf, 0xe5, 0x47, 0xab,
  0x44, 0x8a, 0x8b, 0xb4, 0x52, 0xe6, 0x31, 0xd6, 0x2b, 0xac, 0x07, 0x93, 0xa6, 0x8a, 0xc7, 0x92,
  0x07, 0x93, 0x07, 0x9b, 0x08, 0x9b, 0x08, 0x9b, 0x08, 0xa3, 0x28, 0xa3, 0x28, 0xa3, 0x28, 0xa3,
  0x28, 0xa3, 0x48, 0xab, 0x48, 0xb3, 0x49, 0xb3, 0x48, 0xb3, 0x68, 0xb3, 0x89, 0xbb, 0xa9, 0xbb,
  0xc8, 0xbb, 0x4d, 0xf6, 0x28, 0xed, 0x84, 0xfc, 0x84, 0xfc, 0x44, 0xfc, 0x24, 0xf4, 0xa4, 0xe3,
  0x03, 0xd3, 0x26, 0xe4, 0x72, 0xf6, 0xfb, 0xff, 0xfa, 0xff, 0x98, 0xff, 0xf2, 0xfe, 0x10, 0xf7,
  0x71, 0xf7, 0xd2, 0xf7, 0xd3, 0xff, 0xb2, 0xff, 0xd2, 0xff, 0x0c, 0xe6, 0xc2, 0xc2, 0x23, 0xd3,
  0xe5, 0xeb, 0xc4, 0xe3, 0xa4, 0xe3, 0xa4, 0xe3, 0xa4, 0xe3, 0xc4, 0xdb, 0xc4, 0xdb, 0x46, 0xe4,
  0x25, 0xe4, 0xe4, 0xe3, 0x05, 0xe4, 0x05, 0xe4, 0x25, 0xe4, 0x65, 0xec, 0x66, 0xec, 0xc6, 0xf4,
  0x05, 0xed, 0x66, 0xf5, 0x47, 0xf6, 0x87, 0xf6, 0x67, 0xf6, 0x06, 0xf6, 0x46, 0xf6, 0x49, 0xff,
  0x27, 0xf6, 0xa5, 0xf4, 0x27, 0xfd, 0x0a, 0xf6, 0x46, 0xf5, 0xc4, 0xec, 0x85, 0xec, 0x85, 0xe4,
  0xe6, 0xec, 0x48, 0xfd, 0xa6, 0xec, 0x2a, 0xf6, 0xe9, 0xf5, 0x64, 0xe4, 0x4d, 0xee, 0xb0, 0xfe,
  0x89, 0xfd, 0x6e, 0xff, 0x4e, 0xff, 0xc9, 0xf5, 0xad, 0xfe, 0x69, 0xe5, 0xa5, 0xd3, 0xc6, 0xdb,
  0xa8, 0xe4, 0x8d, 0xf6, 0xd0, 0xff, 0xce, 0xff, 0xce, 0xff, 0x2c, 0xff, 0xab, 0xf6, 0x8e, 0xff,
  0xf1, 0xff, 0xf3, 0xff, 0xf4, 0xff, 0xf4, 0xff, 0xf4, 0xff, 0xf4, 0xff, 0xb0, 0xff, 0x68, 0xed,
  0xe5, 0xd3, 0x64, 0xcb, 0x04, 0xcb, 0x24, 0xc3, 0x04, 0xcb, 0xe3, 0xc2, 0xc3, 0xc2, 0xc3, 0xc2,
  0xc3, 0xba, 0xc3, 0xba, 0xc3, 0xba, 0xe3, 0xba, 0xe3, 0xba, 0xe4, 0xc2, 0x04, 0xc3, 0xc3, 0xba,
  0x42, 0xaa, 0x00, 0xa2, 0x66, 0xd4, 0xcb, 0xfe, 0x28, 0xf6, 0x49, 0xf6, 0x91, 0xff, 0xf0, 0xff,
  0xf1, 0xff, 0xf0, 0xff, 0xee, 0xff, 0xac, 0xff, 0x69, 0xff, 0x28, 0xff, 0xe8, 0xfe, 0xc7, 0xfe,
  0xc7, 0xfe, 0xc7, 0xfe, 0xe7, 0xfe, 0x07, 0xff, 0x07, 0xff, 0x07, 0xff, 0x07, 0xff, 0xe7, 0xfe,
  0x07, 0xff, 0x47, 0xff, 0x48, 0xff, 0x47, 0xee, 0x27, 0xbc, 0x67, 0xbb, 0x84, 0x9a, 0xc8, 0xab,
  0x2e, 0xc5, 0xcd, 0xc4, 0x48, 0x9b, 0x86, 0x82, 0xa6, 0x8a, 0xc7, 0x92, 0xe8, 0x92, 0xe8, 0x9a,
  0xe8, 0x9a, 0x07, 0x9b, 0x08, 0x9b, 0x08, 0x9b, 0x08, 0x9b, 0x28, 0xa3, 0x28, 0xa3, 0x28, 0xa3,
  0x49, 0xab, 0x08, 0xa3, 0xc6, 0xa2, 0xa6, 0x9a, 0x85, 0x9a, 0x65, 0x9a, 0x44, 0x92, 0x44, 0x92,
  0x84, 0x9a, 0x0b, 0xd5, 0xe8, 0xdc, 0xc5, 0xf4, 0xa5, 0xfc, 0x44, 0xfc, 0x45, 0xfc, 0x84, 0xe3,
  0x83, 0xc2, 0x43, 0xd3, 0xa9, 0xec, 0x15, 0xff, 0xfb, 0xff, 0xfa, 0xff, 0xf7, 0xff, 0xf6, 0xff,
  0xf4, 0xff, 0xf4, 0xff, 0xf3, 0xff, 0xd3, 0xff, 0xf3, 0xff, 0x8e, 0xf6, 0x64, 0xd3, 0x64, 0xdb,
  0x05, 0xec, 0xe4, 0xeb, 0xc4, 0xe3, 0xa4, 0xe3, 0xc4, 0xe3, 0x05, 0xe4, 0x46, 0xe4, 0x25, 0xe4,
  0x25, 0xe4, 0x25, 0xec, 0x45, 0xec, 0x45, 0xec, 0x66, 0xec, 0x07, 0xf5, 0x88, 0xfd, 0xa8, 0xfd,
  0xa7, 0xfd, 0xa9, 0xfe, 0x29, 0xf7, 0xa7, 0xf6, 0xe5, 0xf5, 0xc5, 0xf5, 0xa7, 0xf6, 0x29, 0xf7,
  0xc7, 0xf5, 0xa5, 0xf4, 0x06, 0xf5, 0xa7, 0xf5, 0x29, 0xf6, 0x29, 0xf6, 0x47, 0xf5, 0x68, 0xf5,
  0xe6, 0xf4, 0x65, 0xec, 0xe6, 0xec, 0xac, 0xfe, 0x68, 0xed, 0xc5, 0xe4, 0x4d, 0xf6, 0x0c, 0xf6,
  0x27, 0xfd, 0x0d, 0xff, 0xcf, 0xff, 0x4b, 0xf6, 0x0a, 0xf6, 0xad, 0xf6, 0xe8, 0xd4, 0x8b, 0xe5,
  0x10, 0xff, 0xd1, 0xff, 0xf0, 0xff, 0x8d, 0xf7, 0xad, 0xff, 0x8d, 0xff, 0x0b, 0xf7, 0xd0, 0xff,
  0xf3, 0xff, 0xf4, 0xff, 0xf4, 0xff, 0xf4, 0xff, 0xf4, 0xff, 0xf3, 0xff, 0xaf, 0xff, 0x8a, 0xfe,
  0x8b, 0xf6, 0x8c, 0xf6, 0x68, 0xdc, 0x45, 0xcb, 0x45, 0xcb, 0x24, 0xcb, 0x04, 0xcb, 0x04, 0xc3,
  0xe4, 0xc2, 0x04, 0xc3, 0x04, 0xc3, 0x04, 0xc3, 0x24, 0xc3, 0x25, 0xc3, 0x25, 0xc3, 0x25, 0xcb,
  0xa3, 0xba, 0x63, 0xc3, 0xea, 0xfd, 0x29, 0xfe, 0x48, 0xf6, 0xca, 0xfe, 0xb4, 0xff, 0xf3, 0xff,
  0xef, 0xff, 0xee, 0xff, 0xec, 0xff, 0xcb, 0xff, 0x69, 0xff, 0x08, 0xff, 0xa7, 0xfe, 0xa6, 0xfe,
  0xc6, 0xfe, 0xc7, 0xfe, 0xe7, 0xfe, 0xe7, 0xfe, 0x07, 0xff, 0xe7, 0xfe, 0x07, 0xff, 0x48, 0xff,
  0xe8, 0xfe, 0xc7, 0xe5, 0x66, 0xcc, 0xe4, 0xb2, 0x83, 0x91, 0x44, 0x92, 0x2b, 0xb4, 0x0b, 0xa4,
  0xe7, 0x8a, 0x66, 0x82, 0xa7, 0x8a, 0xe7, 0x92, 0xe7, 0x92, 0xe7, 0x92, 0xe8, 0x92, 0xe8, 0x9a,
  0xe8, 0x9a, 0x08, 0x9b, 0x08, 0x9b, 0x08, 0x9b, 0x08, 0x9b, 0x28, 0xa3, 0x28, 0xa3, 0x28, 0xa3,
  0x45, 0x8a, 0x61, 0x71, 0xa2, 0x81, 0x24, 0x8a, 0x03, 0x8a, 0x03, 0x8a, 0x81, 0x81, 0x61, 0x81,
  0x40, 0x79, 0x24, 0x8a, 0xed, 0xdc, 0xa5, 0xec, 0xa4, 0xfc, 0x44, 0xfc, 0x25, 0xfc, 0x23, 0xdb,
  0xa7, 0xd3, 0x44, 0xd3, 0x42, 0xdb, 0x26, 0xdc, 0x30, 0xee, 0x54, 0xff, 0xb5, 0xff, 0xd5, 0xff,
  0xf4, 0xff, 0xf4, 0xff, 0xf3, 0xff, 0xd2, 0xff, 0xb2, 0xff, 0x4d, 0xf6, 0x24, 0xd3, 0x64, 0xdb,
  0x25, 0xf4, 0xe4, 0xeb, 0xc5, 0xeb, 0xc4, 0xe3, 0xc4, 0xe3, 0x25, 0xe4, 0x66, 0xec, 0x25, 0xe4,
  0x25, 0xec, 0x45, 0xec, 0x45, 0xec, 0x65, 0xec, 0xa6, 0xec, 0xa8, 0xfd, 0x69, 0xfe, 0xe8, 0xfd,
  0x47, 0xf5, 0xc7, 0xf5, 0x68, 0xf6, 0xc7, 0xf5, 0x86, 0xf5, 0x88, 0xfe, 0x08, 0xff, 0x47, 0xf6,
  0x45, 0xf5, 0x25, 0xf5, 0x66, 0xfd, 0xa6, 0xf5, 0x6a, 0xfe, 0xab, 0xfe, 0xa8, 0xfd, 0x67, 0xf5,
  0xa5, 0xec, 0xa5, 0xf4, 0x85, 0xf4, 0x07, 0xed, 0x68, 0xf5, 0x0a, 0xfe, 0x48, 0xed, 0x44, 0xe4,
  0xe7, 0xfc, 0x8b, 0xfe, 0xef, 0xff, 0xcc, 0xfe, 0xc9, 0xf5, 0xed, 0xfe, 0x71, 0xff, 0xb3, 0xff,
  0xd3, 0xff, 0xd1, 0xff, 0xd0, 0xff, 0x8d, 0xf7, 0x8d, 0xff, 0x8d, 0xff, 0x2c, 0xff, 0xf0, 0xff,
  0xf5, 0xff, 0xf5, 0xff, 0xf4, 0xff, 0xf4, 0xff, 0xf4, 0xff, 0xf3, 0xff, 0xcf, 0xff, 0x6c, 0xff,
  0x8d, 0xff, 0xf0, 0xff, 0xac, 0xe5, 0x85, 0xcb, 0x65, 0xd3, 0x45, 0xcb, 0x45, 0xcb, 0x45, 0xd3,
  0x45, 0xcb, 0x44, 0xcb, 0x45, 0xcb, 0x65, 0xcb, 0x65, 0xcb, 0x45, 0xcb, 0x45, 0xc3, 0xa5, 0xcb,
  0x66, 0xdc, 0x08, 0xf6, 0xaa, 0xfe, 0x89, 0xfe, 0x0b, 0xff, 0xac, 0xff, 0xd5, 0xff, 0xd4, 0xff,
  0xcc, 0xff, 0xcb, 0xff, 0xaa, 0xf7, 0x6a, 0xff, 0x09, 0xff, 0xa8, 0xf6, 0xa8, 0xfe, 0xa7, 0xfe,
  0xc7, 0xfe, 0xc7, 0xfe, 0xe7, 0xfe, 0xe7, 0xfe, 0x07, 0xff, 0x48, 0xff, 0xe9, 0xf6, 0x27, 0xd5,
  0x85, 0xbb, 0xc5, 0xc2, 0x45, 0xb2, 0x23, 0x92, 0x88, 0xab, 0xca, 0xa3, 0xe8, 0x8a, 0x66, 0x82,
  0xa7, 0x8a, 0xc7, 0x92, 0xe7, 0x92, 0xe7, 0x92, 0xe8, 0x92, 0xe7, 0x92, 0xe8, 0x92, 0xe8, 0x9a,
  0x08, 0x9b, 0x08, 0x9b, 0x08, 0x9b, 0xc7, 0x92, 0x08, 0x9b, 0x08, 0xa3, 0x28, 0xa3, 0xe4, 0x79,
  0x00, 0x61, 0x20, 0x69, 0x61, 0x79, 0x24, 0x92, 0x44, 0x9a, 0x85, 0x9a, 0xe3, 0x89, 0x81, 0x81,
  0xc2, 0x89, 0x82, 0x89, 0xd0, 0xdc, 0x0a, 0xe5, 0xa5, 0xfc, 0x44, 0xfc, 0xe4, 0xf3, 0xe2, 0xca,
  0x10, 0xe6, 0xad, 0xe5, 0x01, 0xc3, 0x62, 0xd3, 0x25, 0xe4, 0x28, 0xed, 0x6d, 0xee, 0x71, 0xff,
  0x92, 0xff, 0x50, 0xf7, 0x0f, 0xef, 0xce, 0xee, 0x0e, 0xef, 0xcb, 0xed, 0x03, 0xd3, 0x64, 0xdb,
  0x45, 0xf4, 0x05, 0xf4, 0x25, 0xf4, 0x05, 0xec, 0xe4, 0xe3, 0xe5, 0xe3, 0x86, 0xec, 0x45, 0xec,
  0x25, 0xec, 0x45, 0xec, 0x65, 0xec, 0x65, 0xf4, 0x86, 0xf4, 0x06, 0xf5, 0x67, 0xfd, 0x67, 0xfd,
  0x47, 0xfd, 0x26, 0xf5, 0x06, 0xf5, 0xe6, 0xf4, 0xe5, 0xec, 0x46, 0xf5, 0xc6, 0xf5, 0x45, 0xf5,
  0xe5, 0xfc, 0x05, 0xfd, 0xe5, 0xf4, 0x26, 0xf5, 0xa8, 0xfd, 0x87, 0xf5, 0x26, 0xf5, 0xc6, 0xec,
  0x06, 0xf5, 0xe6, 0xfc, 0x85, 0xf4, 0xa5, 0xec, 0x2a, 0xfe, 0xe9, 0xf5, 0xa5, 0xe4, 0x65, 0xec,
  0xa6, 0xfc, 0xc9, 0xfd, 0x8e, 0xff, 0x4d, 0xff, 0x2a, 0xf6, 0x0d, 0xff, 0xb1, 0xff, 0x93, 0xff,
  0xb3, 0xff, 0xd3, 0xff, 0xd1, 0xff, 0xf0, 0xff, 0xce, 0xff, 0x4c, 0xff, 0x2b, 0xff, 0xd1, 0xff,
  0xf5, 0xff, 0xf5, 0xff, 0xf5, 0xff, 0xf4, 0xff, 0xf4, 0xff, 0xf2, 0xff, 0xef, 0xff, 0xcd, 0xff,
  0x8e, 0xff, 0xf2, 0xff, 0x31, 0xf7, 0x0a, 0xdd, 0xc6, 0xd3, 0x65, 0xd3, 0x85, 0xd3, 0x85, 0xd3,
  0x85, 0xd3, 0x85, 0xd3, 0x65, 0xd3, 0x64, 0xcb, 0xa5, 0xcb, 0x67, 0xd4, 0xea, 0xed, 0x8b, 0xf6,
  0xeb, 0xfe, 0x4c, 0xff, 0xa9, 0xf6, 0xa9, 0xf6, 0x6d, 0xff, 0xce, 0xff, 0xd6, 0xff, 0xb6, 0xff,
  0x6f, 0xf7, 0xb1, 0xff, 0xb1, 0xff, 0x70, 0xff, 0x4f, 0xff, 0x0c, 0xff, 0xca, 0xfe, 0xc8, 0xfe,
  0xc7, 0xfe, 0xc7, 0xfe, 0xe7, 0xfe, 0x28, 0xff, 0x49, 0xff, 0xc6, 0xdd, 0xa5, 0xc3, 0xa5, 0xba,
  0xa5, 0xc2, 0x23, 0xb2, 0x26, 0xab, 0xac, 0xbc, 0x8a, 0x9b, 0xa7, 0x82, 0xa7, 0x8a, 0xc8, 0x8a,
  0xc7, 0x8a, 0xc7, 0x8a, 0xe8, 0x92, 0xe8, 0x92, 0xe8, 0x92, 0x08, 0x93, 0x08, 0x9b, 0x08, 0x9b,
  0x08, 0x9b, 0x08, 0x9b, 0xe7, 0x9a, 0xa7, 0x92, 0xc7, 0x92, 0x29, 0xa3, 0x25, 0x82, 0x00, 0x61,
  0x41, 0x69, 0x61, 0x71, 0x61, 0x71, 0xe3, 0x89, 0x44, 0x92, 0x65, 0x9a, 0x24, 0x92, 0x81, 0x81,
  0xa2, 0x89, 0x40, 0x79, 0xaa, 0xb3, 0x33, 0xf6, 0xe9, 0xec, 0x44, 0xfc, 0xe4, 0xf3, 0xe3, 0xca,
  0xd4, 0xee, 0x75, 0xff, 0x87, 0xe4, 0xa3, 0xdb, 0x25, 0xec, 0xe6, 0xf4, 0x69, 0xed, 0xef, 0xf6,
  0xd1, 0xff, 0xd2, 0xff, 0xb1, 0xf7, 0x90, 0xf7, 0xf2, 0xff, 0x8d, 0xf6, 0x85, 0xd3, 0x64, 0xdb,
  0x45, 0xf4, 0x25, 0xf4, 0x66, 0xfc, 0x66, 0xf4, 0xe5, 0xeb, 0xe4, 0xe3, 0x46, 0xec, 0x25, 0xec,
  0x05, 0xec, 0x25, 0xec, 0x45, 0xf4, 0x65, 0xf4, 0x85, 0xf4, 0xa6, 0xf4, 0xe7, 0xfc, 0x27, 0xfd,
  0x47, 0xfd, 0x47, 0xfd, 0x47, 0xfd, 0x88, 0xfd, 0x0a, 0xfe, 0x47, 0xf5, 0x05, 0xf5, 0xc7, 0xfd,
  0x66, 0xfd, 0xe6, 0xfc, 0xe6, 0xf4, 0x88, 0xfd, 0x6a, 0xfe, 0x47, 0xf5, 0x06, 0xf5, 0x68, 0xfd,
  0x27, 0xfd, 0xa5, 0xf4, 0xa5, 0xf4, 0xc6, 0xf4, 0xa9, 0xfd, 0x06, 0xed, 0x85, 0xe4, 0x65, 0xec,
  0xe6, 0xfc, 0x47, 0xf5, 0xab, 0xfe, 0x2c, 0xff, 0xcb, 0xf6, 0x4f, 0xff, 0x91, 0xff, 0xb3, 0xff,
  0xb3, 0xff, 0xd3, 0xff, 0xd2, 0xff, 0xd1, 0xff, 0xef, 0xff, 0x8d, 0xff, 0x2c, 0xff, 0xd1, 0xff,
  0xf5, 0xff, 0xf5, 0xff, 0xf5, 0xff, 0xf4, 0xff, 0xf3, 0xff, 0xd0, 0xff, 0xad, 0xff, 0x0b, 0xf7,
  0x4e, 0xf7, 0xf4, 0xff, 0xf4, 0xff, 0x72, 0xff, 0xed, 0xed, 0x88, 0xdc, 0x26, 0xdc, 0x06, 0xdc,
  0x06, 0xd4, 0x07, 0xd4, 0x67, 0xd4, 0x49, 0xdd, 0xae, 0xf6, 0xb0, 0xff, 0xf0, 0xff, 0x8d, 0xff,
  0x2c, 0xf7, 0x0d, 0xf7, 0xaf, 0xee, 0x10, 0xf7, 0xd4, 0xff, 0xf7, 0xff, 0xdb, 0xff, 0xda, 0xff,
  0x95, 0xff, 0x73, 0xff, 0x71, 0xff, 0x4e, 0xff, 0xeb, 0xfe, 0xaa, 0xf6, 0xa8, 0xfe, 0xa7, 0xfe,
  0xa7, 0xfe, 0xc7, 0xfe, 0x48, 0xff, 0x68, 0xee, 0x05, 0xbc, 0xc4, 0xb2, 0xc6, 0xca, 0x43, 0xba,
  0xa1, 0x89, 0x09, 0xbc, 0xef, 0xdd, 0x08, 0x8b, 0x67, 0x82, 0xc7, 0x8a, 0xc8, 0x8a, 0xc8, 0x8a,
  0xc8, 0x8a, 0xc8, 0x8a, 0xe8, 0x92, 0xe8, 0x92, 0x08, 0x93, 0x08, 0x93, 0x08, 0x9b, 0x08, 0x9b,
  0x28, 0x9b, 0x28, 0x9b, 0xe8, 0x9a, 0x66, 0x8a, 0x45, 0x82, 0xa7, 0x92, 0x62, 0x69, 0x21, 0x61,
  0x62, 0x71, 0x61, 0x71, 0x61, 0x79, 0xa2, 0x81, 0x03, 0x8a, 0x24, 0x92, 0x03, 0x92, 0xa2, 0x81,
  0x81, 0x81, 0x60, 0x79, 0x45, 0x92, 0x56, 0xfe, 0x49, 0xdc, 0xa3, 0xe3, 0x83, 0xe3, 0x44, 0xcb,
  0x50, 0xee, 0x96, 0xff, 0xcc, 0xed, 0x08, 0xf5, 0xc7, 0xfc, 0x87, 0xe4, 0xab, 0xed, 0xef, 0xf6,
  0x91, 0xf7, 0x91, 0xf7, 0x90, 0xf7, 0xd1, 0xff, 0xf3, 0xff, 0xcb, 0xed, 0x44, 0xcb, 0x84, 0xdb,
  0x65, 0xfc, 0x45, 0xf4, 0x65, 0xf4, 0x25, 0xec, 0xe5, 0xeb, 0xe4, 0xeb, 0xe5, 0xeb, 0xe4, 0xeb,
  0xe4, 0xeb, 0x24, 0xec, 0x44, 0xf4, 0x65, 0xf4, 0x85, 0xf4, 0xa5, 0xfc, 0xe6, 0xfc, 0x06, 0xfd,
  0x47, 0xfd, 0x88, 0xf5, 0x67, 0xfd, 0x4a, 0xfe, 0xaf, 0xff, 0x2a, 0xfe, 0x26, 0xf5, 0xe7, 0xfd,
  0x87, 0xfd, 0x26, 0xfd, 0x88, 0xfd, 0xc9, 0xfd, 0x47, 0xf5, 0xa8, 0xfd, 0xe9, 0xfd, 0x67, 0xf5,
  0xc6, 0xf4, 0xc5, 0xf4, 0xc5, 0xf4, 0xc5, 0xec, 0x68, 0xed, 0x6c, 0xf6, 0xca, 0xf5, 0xa6, 0xec,
  0x6a, 0xfe, 0x4b, 0xfe, 0xec, 0xfe, 0x6e, 0xff, 0x4d, 0xf7, 0x70, 0xff, 0x93, 0xff, 0x93, 0xff,
  0xb3, 0xff, 0xd3, 0xff, 0xd3, 0xff, 0xd2, 0xff, 0xd0, 0xff, 0xcf, 0xff, 0x6e, 0xff, 0xf2, 0xff,
  0xf5, 0xff, 0xf5, 0xff, 0xf5, 0xff, 0xf4, 0xff, 0xd1, 0xff, 0x4d, 0xff, 0xcb, 0xf6, 0xaa, 0xee,
  0x8f, 0xf7, 0xf4, 0xff, 0xb4, 0xff, 0xb3, 0xff, 0x92, 0xff, 0xef, 0xfe, 0xeb, 0xed, 0xab, 0xe5,
  0x2d, 0xee, 0xf0, 0xf6, 0x71, 0xff, 0xf1, 0xff, 0xf1, 0xff, 0xf0, 0xff, 0xae, 0xff, 0x6d, 0xf7,
  0x70, 0xf7, 0x70, 0xff, 0x51, 0xff, 0x71, 0xff, 0x91, 0xff, 0x30, 0xff, 0x53, 0xf7, 0xb7, 0xff,
  0xac, 0xfe, 0x89, 0xfe, 0xa8, 0xfe, 0xa7, 0xfe, 0x87, 0xfe, 0x87, 0xfe, 0xa7, 0xfe, 0xa7, 0xf6,
  0xe8, 0xfe, 0x09, 0xff, 0x47, 0xd5, 0x46, 0xc3, 0xe6, 0xd2, 0x06, 0xd3, 0xa5, 0xba, 0x64, 0x9a,
  0x4c, 0xcd, 0x95, 0xff, 0xeb, 0xab, 0x67, 0x7a, 0xc8, 0x8a, 0xc8, 0x8a, 0xc8, 0x8a, 0xc8, 0x92,
  0xc8, 0x8a, 0xc8, 0x92, 0xe8, 0x92, 0xe8, 0x92, 0x08, 0x93, 0x08, 0x93, 0x08, 0x9b, 0x08, 0x9b,
  0x28, 0x9b, 0x28, 0x9b, 0xa7, 0x92, 0x04, 0x7a, 0xc3, 0x79, 0xe3, 0x79, 0x41, 0x69, 0x41, 0x69,
  0x61, 0x71, 0x61, 0x71, 0x41, 0x71, 0x41, 0x79, 0x03, 0x8a, 0x44, 0x9a, 0x44, 0x9a, 0xc2, 0x89,
  0x81, 0x81, 0x81, 0x89, 0xa2, 0x89, 0x72, 0xe5, 0x50, 0xed, 0x04, 0xe4, 0xa3, 0xe3, 0x27, 0xcc,
  0x73, 0xff, 0xd1, 0xee, 0x6d, 0xee, 0xec, 0xf5, 0x0d, 0xfe, 0xf1, 0xfe, 0xf5, 0xff, 0xf4, 0xff,
  0xf4, 0xff, 0xf3, 0xff, 0xf2, 0xff, 0xd1, 0xff, 0x30, 0xff, 0x47, 0xd4, 0x44, 0xcb, 0xa5, 0xe3,
  0x45, 0xf4, 0x25, 0xf4, 0x04, 0xf4, 0x25, 0xec, 0x08, 0xf5, 0x25, 0xec, 0x05, 0xec, 0x05, 0xec,
  0x05, 0xec, 0x45, 0xf4, 0x65, 0xf4, 0x85, 0xfc, 0xa6, 0xfc, 0xc6, 0xfc, 0xe6, 0xfc, 0xe6, 0xfc,
  0x67, 0xf5, 0x0a, 0xf6, 0x67, 0xf5, 0xa8, 0xfd, 0xac, 0xfe, 0xe9, 0xfd, 0x26, 0xfd, 0x06, 0xfd,
  0x27, 0xfd, 0xc9, 0xfd, 0xa9, 0xfd, 0x27, 0xfd, 0x26, 0xf5, 0x4a, 0xfe, 0xc8, 0xf5, 0xe6, 0xf4,
  0xe5, 0xf4, 0xc5, 0xf4, 0xc5, 0xf4, 0x06, 0xed, 0x2a, 0xf6, 0xd4, 0xff, 0xf6, 0xff, 0x8d, 0xf6,
  0x6e, 0xff, 0xaf, 0xff, 0xf1, 0xff, 0xb3, 0xff, 0x94, 0xff, 0x73, 0xff, 0x94, 0xff, 0x93, 0xff,
  0xb3, 0xff, 0xd4, 0xff, 0xd3, 0xff, 0xd2, 0xff, 0xd1, 0xff, 0xd0, 0xff, 0xaf, 0xff, 0xf3, 0xff,
  0xf5, 0xff, 0xd5, 0xff, 0xd5, 0xff, 0xf4, 0xff, 0xb0, 0xff, 0xeb, 0xfe, 0x8a, 0xfe, 0x2d, 0xff,
  0xf2, 0xff, 0xd4, 0xff, 0xb4, 0xff, 0x73, 0xff, 0x73, 0xff, 0x92, 0xff, 0xb1, 0xff, 0xd2, 0xff,
  0xf4, 0xff, 0xf4, 0xff, 0xf3, 0xff, 0xf1, 0xff, 0xf0, 0xff, 0xef, 0xff, 0xce, 0xff, 0xce, 0xff,
  0xad, 0xff, 0xca, 0xf6, 0x69, 0xfe, 0xea, 0xfe, 0xeb, 0xfe, 0x89, 0xfe, 0xcd, 0xfe, 0x95, 0xff,
  0x6a, 0xf6, 0x68, 0xfe, 0x68, 0xfe, 0x67, 0xfe, 0x87, 0xfe, 0xa7, 0xfe, 0x08, 0xff, 0xaa, 0xff,
  0xcb, 0xee, 0xc5, 0xbb, 0xa4, 0xba, 0x07, 0xdb, 0x27, 0xe3, 0xa5, 0xc2, 0xc2, 0x81, 0xae, 0xd5,
  0xf5, 0xff, 0xd0, 0xd5, 0x87, 0x7a, 0xc8, 0x8a, 0xc8, 0x8a, 0xc8, 0x8a, 0xc8, 0x8a, 0xc8, 0x8a,
  0xc8, 0x8a, 0xe8, 0x8a, 0xe8, 0x92, 0xe8, 0x92, 0x08, 0x93, 0x08, 0x9b, 0x08, 0x9b, 0x08, 0x9b,
  0x08, 0x93, 0x66, 0x82, 0xc3, 0x71, 0xe3, 0x79, 0xe4, 0x79, 0xa2, 0x71, 0x21, 0x61, 0x61, 0x69,
  0x61, 0x71, 0x61, 0x71, 0x61, 0x79, 0x41, 0x71, 0xc3, 0x89, 0x44, 0x9a, 0x44, 0x9a, 0xc2, 0x89,
  0x61, 0x81, 0xe2, 0x89, 0x61, 0x89, 0x0d, 0xc4, 0x35, 0xfe, 0x26, 0xe4, 0xa3, 0xe3, 0x0b, 0xd5,
  0xf6, 0xff, 0x73, 0xf7, 0xf1, 0xee, 0x12, 0xf7, 0x74, 0xff, 0xf4, 0xff, 0xd3, 0xff, 0xb3, 0xff,
  0x93, 0xff, 0x0f, 0xff, 0x8c, 0xf6, 0x8d, 0xf6, 0x4d, 0xf6, 0xe6, 0xd3, 0xa5, 0xd3, 0x84, 0xdb,
  0xc3, 0xeb, 0x62, 0xe3, 0x42, 0xdb, 0x42, 0xdb, 0x46, 0xdc, 0x84, 0xdb, 0x22, 0xdb, 0x63, 0xe3,
  0x83, 0xe3, 0xc3, 0xeb, 0x24, 0xf4, 0x65, 0xfc, 0xa5, 0xfc, 0xc6, 0xfc, 0xc6, 0xfc, 0x06, 0xfd,
  0x47, 0xfd, 0xc9, 0xfd, 0x67, 0xfd, 0x47, 0xfd, 0x47, 0xfd, 0x27, 0xfd, 0x47, 0xfd, 0x27, 0xfd,
  0x47, 0xfd, 0xa8, 0xfd, 0x27, 0xfd, 0xe6, 0xfc, 0x47, 0xfd, 0x88, 0xfd, 0x06, 0xf5, 0x26, 0xfd,
  0x09, 0xfe, 0xe8, 0xfd, 0x08, 0xf6, 0x2f, 0xff, 0xea, 0xf5, 0xec, 0xf5, 0x8f, 0xf6, 0xeb, 0xf5,
  0x8c, 0xee, 0xef, 0xff, 0xf0, 0xff, 0xd5, 0xff, 0xb8, 0xff, 0xb6, 0xff, 0x95, 0xff, 0xb4, 0xff,
  0xb4, 0xff, 0xd4, 0xff, 0xb3, 0xff, 0xb2, 0xff, 0xd2, 0xff, 0xd1, 0xff, 0xb1, 0xff, 0xb3, 0xff,
  0xb4, 0xff, 0x94, 0xff, 0x94, 0xff, 0xd4, 0xff, 0xb1, 0xff, 0xcb, 0xfe, 0x8b, 0xfe, 0xb0, 0xff,
  0xf4, 0xff, 0xf4, 0xff, 0xd3, 0xff, 0x92, 0xff, 0x71, 0xff, 0x6f, 0xff, 0x91, 0xff, 0xd3, 0xff,
  0xf5, 0xff, 0xf5, 0xff, 0xf3, 0xff, 0xef, 0xff, 0xf0, 0xff, 0xf0, 0xff, 0xf0, 0xff, 0xcf, 0xff,
  0x0b, 0xff, 0x8a, 0xfe, 0xeb, 0xfe, 0xaa, 0xfe, 0x69, 0xfe, 0x29, 0xfe, 0x2a, 0xfe, 0x33, 0xff,
  0x6b, 0xf6, 0x48, 0xfe, 0x48, 0xfe, 0x87, 0xf6, 0xe8, 0xf6, 0x69, 0xff, 0xec, 0xff, 0x8b, 0xe6,
  0x86, 0xc3, 0xc6, 0xd2, 0xe6, 0xe2, 0x07, 0xdb, 0xe7, 0xd2, 0x44, 0xa2, 0x2d, 0xcd, 0xd4, 0xff,
  0xb2, 0xf6, 0x69, 0x93, 0xa7, 0x82, 0xc8, 0x8a, 0xe8, 0x8a, 0xe8, 0x8a, 0xc8, 0x8a, 0xe8, 0x8a,
  0xe8, 0x8a, 0xe8, 0x92, 0xe8, 0x92, 0xe8, 0x92, 0x08, 0x93, 0x08, 0x9b, 0x08, 0x9b, 0x08, 0x9b,
  0xc7, 0x8a, 0x66, 0x82, 0xa7, 0x92, 0xc7, 0x92, 0xe7, 0x9a, 0x45, 0x82, 0x41, 0x69, 0x61, 0x69,
  0x62, 0x71, 0x41, 0x71, 0x41, 0x71, 0x41, 0x71, 0x82, 0x79, 0x23, 0x92, 0x24, 0x92, 0xe2, 0x89,
  0xa1, 0x81, 0xc2, 0x89, 0x81, 0x89, 0xe7, 0xa2, 0x76, 0xfe, 0xab, 0xec, 0x63, 0xd3, 0xce, 0xe5,
  0xf6, 0xff, 0xb5, 0xff, 0xf6, 0xff, 0xb5, 0xff, 0x93, 0xf7, 0x91, 0xf7, 0x6f, 0xef, 0x0e, 0xf7,
  0x6c, 0xf6, 0xe9, 0xed, 0x6c, 0xf6, 0x70, 0xff, 0x2d, 0xee, 0xa5, 0xcb, 0x65, 0xcb, 0x65, 0xec,
  0xe6, 0xfc, 0x64, 0xf4, 0x24, 0xf4, 0xe4, 0xeb, 0xa3, 0xe3, 0x83, 0xe3, 0x62, 0xe3, 0x42, 0xdb,
  0x42, 0xdb, 0x42, 0xdb, 0x61, 0xdb, 0x82, 0xe3, 0xa2, 0xe3, 0xc2, 0xeb, 0xe2, 0xeb, 0xe2, 0xeb,
  0x23, 0xf4, 0x44, 0xf4, 0x84, 0xf4, 0x84, 0xf4, 0x85, 0xf4, 0xc5, 0xfc, 0xe5, 0xfc, 0xe6, 0xfc,
  0x06, 0xfd, 0x06, 0xfd, 0x06, 0xfd, 0x26, 0xf5, 0x26, 0xfd, 0x26, 0xf5, 0x47, 0xfd, 0xc8, 0xfd,
  0x0b, 0xff, 0x8c, 0xff, 0xce, 0xff, 0x0d, 0xff, 0x48, 0xf5, 0x85, 0xec, 0x85, 0xec, 0xe7, 0xf4,
  0x4a, 0xf6, 0xce, 0xff, 0xef, 0xff, 0xf2, 0xff, 0xd6, 0xff, 0xd6, 0xff, 0xb5, 0xff, 0xb4, 0xff,
  0xb4, 0xff, 0xd4, 0xff, 0xd4, 0xff, 0xb3, 0xff, 0xd3, 0xff, 0xd3, 0xff, 0xb3, 0xff, 0xb3, 0xff,
  0x94, 0xff, 0x74, 0xff, 0x74, 0xff, 0xb3, 0xff, 0xd1, 0xff, 0xec, 0xfe, 0x29, 0xf6, 0x70, 0xff,
  0xf4, 0xff, 0xf4, 0xff, 0xf3, 0xff, 0xb0, 0xff, 0x8f, 0xff, 0x6e, 0xff, 0x91, 0xff, 0xd4, 0xff,
  0xf5, 0xff, 0xf6, 0xff, 0xf3, 0xff, 0xef, 0xff, 0xf0, 0xff, 0xf1, 0xff, 0xf0, 0xff, 0x0c, 0xf7,
  0x8a, 0xfe, 0x8a, 0xfe, 0x69, 0xfe, 0xe8, 0xfd, 0xc8, 0xf5, 0xc7, 0xf5, 0x09, 0xf6, 0x30, 0xff,
  0x8c, 0xf6, 0x48, 0xf6, 0x67, 0xfe, 0x09, 0xff, 0xab, 0xff, 0xee, 0xff, 0x6b, 0xe6, 0x05, 0xb3,
  0x06, 0xdb, 0xe6, 0xda, 0xa5, 0xd2, 0x06, 0xd3, 0x24, 0xb2, 0x88, 0xab, 0xb4, 0xff, 0x32, 0xff,
  0xea, 0xa3, 0x87, 0x7a, 0xc8, 0x8a, 0xc8, 0x8a, 0xe8, 0x8a, 0xe8, 0x8a, 0xc8, 0x8a, 0xe8, 0x8a,
  0xe8, 0x8a, 0xe8, 0x92, 0xe8, 0x92, 0xe8, 0x92, 0x08, 0x93, 0x08, 0x93, 0x08, 0x9b, 0x08, 0x9b,
  0x08, 0x9b, 0x08, 0x9b, 0x08, 0x9b, 0x08, 0x9b, 0x28, 0xa3, 0x29, 0xa3, 0xe4, 0x79, 0x41, 0x69,
  0x41, 0x69, 0x21, 0x69, 0x41, 0x71, 0x41, 0x71, 0x61, 0x79, 0x03, 0x92, 0x64, 0x9a, 0x03, 0x92,
  0xa1, 0x81, 0xc2, 0x91, 0xa2, 0x89, 0xc2, 0x89, 0xf5, 0xed, 0x71, 0xed, 0x84, 0xbb, 0x8f, 0xee,
  0x6f, 0xee, 0x4e, 0xee, 0x32, 0xff, 0xd5, 0xff, 0xd3, 0xff, 0x91, 0xff, 0xee, 0xfe, 0x4a, 0xf6,
  0x6a, 0xf6, 0x0c, 0xf7, 0x0e, 0xf7, 0x2f, 0xff, 0x08, 0xdd, 0x85, 0xd3, 0xc5, 0xcb, 0x06, 0xf5,
  0x26, 0xfd, 0xe6, 0xfc, 0xe6, 0xfc, 0xc6, 0xfc, 0xa6, 0xfc, 0xa5, 0xfc, 0x27, 0xfd, 0x27, 0xf5,
  0xe6, 0xf4, 0xc6, 0xfc, 0xa6, 0xf4, 0xe6, 0xfc, 0xa5, 0xf4, 0x64, 0xf4, 0x44, 0xf4, 0x24, 0xf4,
  0x03, 0xec, 0x02, 0xec, 0xe2, 0xeb, 0xe2, 0xeb, 0xa2, 0xeb, 0xc2, 0xeb, 0xc2, 0xeb, 0xc2, 0xeb,
  0xc2, 0xf3, 0xe3, 0xf3, 0x84, 0xec, 0xc5, 0xec, 0x64, 0xec, 0xa5, 0xf4, 0xa5, 0xf4, 0xe6, 0xf4,
  0x46, 0xf5, 0x6a, 0xfe, 0x6b, 0xfe, 0xe7, 0xf4, 0xc6, 0xfc, 0xc5, 0xf4, 0x27, 0xfd, 0x28, 0xfd,
  0x09, 0xf6, 0x4d, 0xff, 0xef, 0xff, 0xf0, 0xff, 0xf3, 0xff, 0xd5, 0xff, 0xd5, 0xff, 0xd4, 0xff,
  0xd4, 0xff, 0xd4, 0xff, 0xd4, 0xff, 0xd4, 0xff, 0xd4, 0xff, 0xd4, 0xff, 0xd4, 0xff, 0xd4, 0xff,
  0xb4, 0xff, 0x94, 0xff, 0x93, 0xff, 0xb3, 0xff, 0xd1, 0xff, 0x6d, 0xff, 0xca, 0xf6, 0x90, 0xff,
  0xf5, 0xff, 0xf5, 0xff, 0xf4, 0xff, 0xd1, 0xff, 0xaf, 0xff, 0x8f, 0xff, 0x92, 0xff, 0xb4, 0xff,
  0xf5, 0xff, 0xf6, 0xff, 0xf3, 0xff, 0xf1, 0xff, 0xf1, 0xff, 0xf1, 0xff, 0x2c, 0xf7, 0xca, 0xf6,
  0x6a, 0xfe, 0xe8, 0xfd, 0xa7, 0xf5, 0xc7, 0xfd, 0xe8, 0xf5, 0x69, 0xf6, 0x2c, 0xff, 0x90, 0xff,
  0xac, 0xee, 0x88, 0xf6, 0x2a, 0xff, 0xae, 0xff, 0xf0, 0xff, 0xef, 0xee, 0xe5, 0xba, 0xc5, 0xd2,
  0x06, 0xdb, 0x06, 0xdb, 0x06, 0xdb, 0x06, 0xcb, 0x84, 0x9a, 0x91, 0xee, 0x13, 0xf7, 0xe9, 0xa3,
  0x86, 0x7a, 0xc8, 0x82, 0xc8, 0x8a, 0xc8, 0x8a, 0xc8, 0x8a, 0xe8, 0x8a, 0xc8, 0x8a, 0xe8, 0x8a,
  0xe8, 0x8a, 0xe8, 0x92, 0xe8, 0x92, 0xe8, 0x92, 0x08, 0x93, 0x08, 0x93, 0x28, 0x9b, 0x08, 0x9b,
  0x08, 0x9b, 0x08, 0x9b, 0x08, 0x9b, 0x08, 0x9b, 0x08, 0x9b, 0x29, 0xa3, 0xa7, 0x92, 0x41, 0x69,
  0x21, 0x69, 0x41, 0x71, 0x41, 0x71, 0x41, 0x71, 0x41, 0x71, 0xe3, 0x89, 0x24, 0x92, 0xc2, 0x89,
  0x81, 0x81, 0xc2, 0x89, 0xa1, 0x89, 0x81, 0x89, 0xf1, 0xdc, 0x14, 0xf6, 0x28, 0xb4, 0x93, 0xff,
  0x6d, 0xee, 0x2b, 0xee, 0xea, 0xe5, 0x0a, 0xee, 0xea, 0xf5, 0xa9, 0xf5, 0x68, 0xf5, 0x68, 0xed,
  0x2a, 0xf6, 0xcd, 0xee, 0x30, 0xf7, 0xb1, 0xff, 0x87, 0xd4, 0x85, 0xd3, 0x26, 0xd4, 0x88, 0xfd,
  0x67, 0xfd, 0x26, 0xfd, 0xe5, 0xfc, 0xc5, 0xfc, 0xa5, 0xfc, 0xc5, 0xf4, 0x87, 0xf5, 0xa8, 0xf5,
  0xe6, 0xf4, 0xc6, 0xf4, 0xe7, 0xf4, 0x48, 0xfd, 0x69, 0xf5, 0xaa, 0xf5, 0xeb, 0xfd, 0x0c, 0xfe,
  0x0b, 0xf6, 0xc9, 0xfd, 0x66, 0xfd, 0x26, 0xfd, 0xe5, 0xfc, 0xc5, 0xfc, 0xa5, 0xfc, 0x84, 0xfc,
  0x84, 0xf4, 0x64, 0xf4, 0xa5, 0xf4, 0xe6, 0xf4, 0x64, 0xf4, 0x03, 0xf4, 0xc2, 0xeb, 0xc2, 0xeb,
  0xe3, 0xeb, 0x04, 0xf4, 0xc3, 0xeb, 0xc3, 0xeb, 0xe3, 0xeb, 0x03, 0xec, 0xa5, 0xf4, 0x44, 0xec,
  0x87, 0xf5, 0x6a, 0xfe, 0xcf, 0xff, 0xf0, 0xff, 0xf2, 0xff, 0xf4, 0xff, 0xf4, 0xff, 0xd4, 0xff,
  0xd4, 0xff, 0xd4, 0xff, 0xd4, 0xff, 0xd4, 0xff, 0xf4, 0xff, 0xf4, 0xff, 0xf4, 0xff, 0xf4, 0xff,
  0xf4, 0xff, 0xd4, 0xff, 0xd4, 0xff, 0xf3, 0xff, 0xf1, 0xff, 0xf0, 0xff, 0xaf, 0xff, 0xf2, 0xff,
  0xf5, 0xff, 0xf5, 0xff, 0xf4, 0xff, 0xd2, 0xff, 0xd1, 0xff, 0xb1, 0xff, 0xb3, 0xff, 0xd5, 0xff,
  0xf4, 0xff, 0xf5, 0xff, 0xf4, 0xff, 0xf2, 0xff, 0xf2, 0xff, 0xcf, 0xff, 0x0b, 0xff, 0xa9, 0xfe,
  0xe8, 0xf5, 0x87, 0xfd, 0xa7, 0xfd, 0x08, 0xfe, 0xeb, 0xfe, 0x8c, 0xff, 0xeb, 0xfe, 0xed, 0xfe,
  0x2d, 0xf7, 0x6b, 0xff, 0xed, 0xff, 0xf2, 0xff, 0xb4, 0xf7, 0x09, 0xbc, 0x85, 0xca, 0x27, 0xe3,
  0x47, 0xeb, 0x27, 0xe3, 0x27, 0xe3, 0xc5, 0xba, 0x06, 0x9b, 0x0e, 0xc5, 0x29, 0x93, 0x87, 0x82,
  0xc8, 0x8a, 0xa8, 0x82, 0xc8, 0x8a, 0xc8, 0x8a, 0xe8, 0x8a, 0xe8, 0x8a, 0xe8, 0x8a, 0xe8, 0x8a,
  0xe8, 0x8a, 0xe8, 0x92, 0xe8, 0x92, 0x08, 0x93, 0x08, 0x93, 0x08, 0x93, 0x08, 0x9b, 0x08, 0x9b,
  0x08, 0x9b, 0x08, 0x9b, 0x08, 0x9b, 0x08, 0x9b, 0x08, 0x9b, 0x28, 0xa3, 0x08, 0xa3, 0xa2, 0x79,
  0x21, 0x69, 0x41, 0x71, 0x41, 0x71, 0x41, 0x71, 0x61, 0x79, 0x82, 0x81, 0x82, 0x81, 0x81, 0x81,
  0x81, 0x81, 0x61, 0x81, 0x60, 0x81, 0x40, 0x81, 0xab, 0xbb, 0x56, 0xfe, 0x6e, 0xd5, 0xd5, 0xff,
  0xb3, 0xff, 0xb2, 0xff, 0x2f, 0xf7, 0xcd, 0xf6, 0x8d, 0xfe, 0xcd, 0xfe, 0x0e, 0xff, 0x4f, 0xff,
  0xd0, 0xff, 0xf1, 0xff, 0xf2, 0xff, 0x0f, 0xf7, 0x06, 0xdc, 0x85, 0xcb, 0xc9, 0xd4, 0x0b, 0xfe,
  0xc9, 0xf5, 0xca, 0xf5, 0xaa, 0xf5, 0x8a, 0xf5, 0xac, 0xf5, 0xce, 0xf5, 0x70, 0xf6, 0xb1, 0xfe,
  0x91, 0xf6, 0x93, 0xf6, 0xb3, 0xfe, 0x14, 0xff, 0x34, 0xff, 0x12, 0xff, 0xd0, 0xf6, 0x6e, 0xf6,
  0x0c, 0xf6, 0xa8, 0xf5, 0x66, 0xfd, 0x46, 0xfd, 0x26, 0xfd, 0x46, 0xfd, 0x26, 0xfd, 0x46, 0xfd,
  0x46, 0xfd, 0x26, 0xfd, 0x26, 0xfd, 0xc8, 0xfd, 0xa9, 0xfd, 0xe6, 0xfc, 0x27, 0xfd, 0x27, 0xfd,
  0xa5, 0xf4, 0xa5, 0xf4, 0xa5, 0xf4, 0x44, 0xf4, 0x23, 0xec, 0x84, 0xf4, 0x03, 0xec, 0x03, 0xec,
  0xa8, 0xf5, 0x4a, 0xf6, 0xaf, 0xff, 0xf2, 0xff, 0xf3, 0xff, 0xf4, 0xff, 0xf5, 0xff, 0xf4, 0xff,
  0xd4, 0xff, 0xd4, 0xff, 0xd5, 0xff, 0xf5, 0xff, 0xf5, 0xff, 0xf5, 0xff, 0xf4, 0xff, 0xf4, 0xff,
  0xf5, 0xff, 0xd5, 0xff, 0xd4, 0xff, 0xf3, 0xff, 0xf2, 0xff, 0xf2, 0xff, 0xf3, 0xff, 0xf4, 0xff,
  0xf5, 0xff, 0xf5, 0xff, 0xf3, 0xff, 0xf3, 0xff, 0xd2, 0xff, 0xd3, 0xff, 0xd5, 0xff, 0xf5, 0xff,
  0xf2, 0xff, 0xf5, 0xff, 0xf5, 0xff, 0xf2, 0xff, 0xf0, 0xff, 0xee, 0xff, 0x6c, 0xff, 0xa9, 0xf6,
  0x08, 0xfe, 0xe8, 0xfd, 0xa7, 0xfd, 0x49, 0xfe, 0xaa, 0xfe, 0x28, 0xfe, 0xe7, 0xf5, 0x6a, 0xf6,
  0x8d, 0xff, 0xed, 0xff, 0xd0, 0xff, 0x10, 0xe7, 0x8d, 0xcd, 0x06, 0xcb, 0x48, 0xeb, 0x47, 0xeb,
  0x06, 0xe3, 0x27, 0xe3, 0xa6, 0xc2, 0x24, 0x8a, 0x66, 0x82, 0x67, 0x7a, 0x88, 0x82, 0xc8, 0x8a,
  0xc8, 0x8a, 0xc8, 0x8a, 0xc8, 0x8a, 0xc8, 0x8a, 0xe8, 0x8a, 0xe8, 0x8a, 0xe8, 0x8a, 0xe8, 0x8a,
  0xe8, 0x8a, 0xe8, 0x92, 0xe8, 0x92, 0x08, 0x93, 0x08, 0x93, 0x08, 0x93, 0x08, 0x9b, 0x08, 0x9b,
  0x08, 0x9b, 0x08, 0x9b, 0x08, 0x9b, 0x08, 0x9b, 0x28, 0x9b, 0x28, 0xa3, 0x29, 0xa3, 0x04, 0x82,
  0x21, 0x69, 0x41, 0x71, 0x41, 0x71, 0x41, 0x71, 0x61, 0x79, 0x81, 0x79, 0x61, 0x79, 0x41, 0x79,
  0x41, 0x79, 0x61, 0x81, 0x61, 0x81, 0x20, 0x79, 0xc7, 0xa2, 0x35, 0xf6, 0xae, 0xdd, 0xf4, 0xff,
  0x51, 0xf7, 0x92, 0xff, 0xb2, 0xff, 0xd1, 0xff, 0x2f, 0xf7, 0xef, 0xf6, 0x0e, 0xf7, 0xee, 0xf6,
  0xce, 0xf6, 0x2f, 0xf7, 0xd0, 0xff, 0x4c, 0xee, 0xa5, 0xd3, 0x24, 0xc3, 0xf3, 0xdd, 0xbb, 0xff,
  0x79, 0xff, 0xba, 0xff, 0xbb, 0xff, 0xbb, 0xff, 0xba, 0xff, 0xbb, 0xff, 0x99, 0xff, 0x98, 0xff,
  0x56, 0xff, 0xb3, 0xfe, 0x30, 0xf6, 0xec, 0xf5, 0xaa, 0xf5, 0x67, 0xf5, 0x27, 0xf5, 0x06, 0xf5,
  0x26, 0xf5, 0x26, 0xf5, 0x26, 0xfd, 0x26, 0xfd, 0x25, 0xfd, 0x26, 0xfd, 0x26, 0xfd, 0x26, 0xfd,
  0x26, 0xfd, 0x25, 0xfd, 0x26, 0xfd, 0xc9, 0xfd, 0x68, 0xfd, 0x47, 0xfd, 0x88, 0xfd, 0x27, 0xf5,
  0x07, 0xfd, 0x48, 0xfd, 0x47, 0xfd, 0xc5, 0xfc, 0x27, 0xfd, 0x88, 0xfd, 0xe6, 0xf4, 0x88, 0xfd,
  0x2e, 0xff, 0x2d, 0xf7, 0xb0, 0xff, 0xf3, 0xff, 0xf5, 0xff, 0xf5, 0xff, 0xf5, 0xff, 0xf5, 0xff,
  0xf5, 0xff, 0xd5, 0xff, 0xb4, 0xf7, 0xf5, 0xff, 0xf5, 0xff, 0xf5, 0xff, 0xf5, 0xff, 0xf5, 0xff,
  0xf5, 0xff, 0xf5, 0xff, 0xf4, 0xff, 0xf3, 0xff, 0xf2, 0xff, 0xf2, 0xff, 0xf4, 0xff, 0xf5, 0xff,
  0xf5, 0xff, 0xf4, 0xff, 0xf2, 0xff, 0xf2, 0xff, 0xf4, 0xff, 0xf5, 0xff, 0xf5, 0xff, 0xf4, 0xff,
  0xf1, 0xff, 0xf5, 0xff, 0xf7, 0xff, 0xf1, 0xff, 0xae, 0xf7, 0xcd, 0xff, 0xad, 0xff, 0xea, 0xfe,
  0x89, 0xfe, 0x29, 0xfe, 0xc7, 0xfd, 0xa7, 0xfd, 0xc7, 0xfd, 0x07, 0xf6, 0x88, 0xfe, 0x0b, 0xff,
  0xce, 0xff, 0xcf, 0xff, 0x6f, 0xd6, 0x90, 0xde, 0x49, 0xcc, 0x28, 0xeb, 0x68, 0xf3, 0xe6, 0xda,
  0x26, 0xe3, 0xa5, 0xc2, 0x83, 0x89, 0xc4, 0x79, 0x87, 0x82, 0xc8, 0x82, 0xa8, 0x8a, 0xc8, 0x8a,
  0xc8, 0x8a, 0xc8, 0x8a, 0xc8, 0x8a, 0xc8, 0x8a, 0xe8, 0x8a, 0xe8, 0x8a, 0xe8, 0x8a, 0xe8, 0x8a,
  0xe8, 0x8a, 0xe8, 0x92, 0x08, 0x93, 0x08, 0x93, 0x08, 0x93, 0x08, 0x93, 0x08, 0x9b, 0x08, 0x9b,
  0x08, 0x9b, 0x09, 0x9b, 0x09, 0x9b, 0x08, 0x9b, 0x28, 0xa3, 0x28, 0xa3, 0x49, 0xa3, 0x24, 0x8a,
  0x20, 0x69, 0x41, 0x71, 0x41, 0x71, 0x61, 0x79, 0x82, 0x79, 0x61, 0x71, 0x61, 0x79, 0x61, 0x79,
  0x40, 0x79, 0x61, 0x79, 0x81, 0x81, 0x60, 0x79, 0x24, 0x92, 0xd3, 0xed, 0xee, 0xdd, 0x50, 0xf7,
  0x71, 0xf7, 0x91, 0xf7, 0xd2, 0xff, 0xf2, 0xff, 0xd2, 0xff, 0x70, 0xf7, 0x0f, 0xf7, 0xee, 0xf6,
  0x8d, 0xee, 0xce, 0xf6, 0xf2, 0xff, 0x0c, 0xee, 0x03, 0xc3, 0x24, 0xbb, 0xd8, 0xee, 0xff, 0xff,
  0xfd, 0xff, 0xdb, 0xff, 0x79, 0xff, 0xf5, 0xfe, 0x91, 0xf6, 0x0e, 0xf6, 0x8b, 0xf5, 0x69, 0xf5,
  0x48, 0xf5, 0xe5, 0xf4, 0x05, 0xf5, 0x65, 0xf5, 0xa6, 0xfd, 0x46, 0xfd, 0x26, 0xfd, 0x87, 0xfd,
  0xe7, 0xfd, 0x46, 0xfd, 0x26, 0xfd, 0x26, 0xfd, 0x26, 0xfd, 0x25, 0xfd, 0x26, 0xfd, 0x26, 0xfd,
  0x26, 0xfd, 0x26, 0xfd, 0x26, 0xfd, 0x27, 0xfd, 0x47, 0xf5, 0x09, 0xfe, 0x67, 0xfd, 0xe6, 0xf4,
  0x48, 0xfd, 0x47, 0xfd, 0x67, 0xfd, 0x06, 0xfd, 0x06, 0xfd, 0x88, 0xfd, 0x88, 0xfd, 0x67, 0xf5,
  0x6f, 0xff, 0xf1, 0xff, 0xd1, 0xff, 0xf3, 0xff, 0xf5, 0xff, 0xf5, 0xff, 0xf5, 0xff, 0xf5, 0xff,
  0xf5, 0xff, 0xf5, 0xff, 0x73, 0xf7, 0xd4, 0xff, 0xf5, 0xff, 0xf5, 0xff, 0xf5, 0xff, 0xf5, 0xff,
  0xf5, 0xff, 0xf5, 0xff, 0xf4, 0xff, 0xf3, 0xff, 0xf1, 0xff, 0xf1, 0xff, 0xf4, 0xff, 0xd4, 0xff,
  0xf4, 0xff, 0xf3, 0xff, 0xf2, 0xff, 0xf3, 0xff, 0xf4, 0xff, 0xf5, 0xff, 0xf5, 0xff, 0xf3, 0xff,
  0xf2, 0xff, 0xf6, 0xff, 0xf8, 0xff, 0xf0, 0xff, 0xce, 0xff, 0xad, 0xff, 0xea, 0xfe, 0x69, 0xfe,
  0x49, 0xfe, 0xc7, 0xfd, 0xa7, 0xf5, 0xc7, 0xfd, 0x48, 0xfe, 0x2a, 0xff, 0xcc, 0xff, 0xee, 0xff,
  0x8f, 0xf7, 0x4e, 0xd6, 0xf2, 0xee, 0x4a, 0xb4, 0xc6, 0xc2, 0x48, 0xeb, 0x27, 0xeb, 0x68, 0xeb,
  0xc5, 0xca, 0xc5, 0xba, 0xa7, 0xaa, 0x06, 0x82, 0xa7, 0x82, 0xc8, 0x82, 0xa8, 0x8a, 0xc8, 0x8a,
  0xc8, 0x8a, 0xc8, 0x8a, 0xc8, 0x8a, 0xc8, 0x8a, 0xe8, 0x8a, 0xe8, 0x8a, 0xe8, 0x8a, 0xe8, 0x8a,
  0xe8, 0x8a, 0x08, 0x93, 0x08, 0x93, 0x08, 0x93, 0x08, 0x93, 0x08, 0x93, 0x08, 0x9b, 0x08, 0x9b,
  0x08, 0x9b, 0x09, 0x9b, 0x09, 0x9b, 0x29, 0x9b, 0x29, 0xa3, 0x28, 0xa3, 0x48, 0xab, 0x65, 0x92,
  0x20, 0x69, 0x61, 0x71, 0x62, 0x71, 0x41, 0x71, 0x21, 0x71, 0x40, 0x71, 0x40, 0x71, 0x20, 0x71,
  0xa4, 0xa2, 0x48, 0xd4, 0xc6, 0xc3, 0x24, 0xbb, 0x05, 0xab, 0x2b, 0xc4, 0x70, 0xee, 0xd0, 0xee,
  0xd2, 0xff, 0xd2, 0xff, 0xb1, 0xf7, 0xd2, 0xff, 0xf2, 0xff, 0xf2, 0xff, 0xf2, 0xff, 0xf2, 0xff,
  0xd2, 0xff, 0xf2, 0xff, 0xf2, 0xff, 0x08, 0xdd, 0xe3, 0xc2, 0xc8, 0xcb, 0x59, 0xf7, 0x76, 0xff,
  0x6f, 0xf6, 0xec, 0xf5, 0x89, 0xf5, 0x26, 0xfd, 0x06, 0xfd, 0xe5, 0xfc, 0xe5, 0xfc, 0xe5, 0xfc,
  0xe5, 0xfc, 0xe6, 0xfc, 0x47, 0xfd, 0xe7, 0xfd, 0x47, 0xfe, 0xe7, 0xfd, 0x46, 0xfd, 0x49, 0xfe,
  0x69, 0xfe, 0x26, 0xfd, 0x26, 0xfd, 0x26, 0xfd, 0x46, 0xfd, 0x46, 0xfd, 0x26, 0xfd, 0x26, 0xfd,
  0x26, 0xfd, 0x26, 0xfd, 0x26, 0xfd, 0x06, 0xfd, 0x47, 0xfd, 0x29, 0xfe, 0x47, 0xf5, 0x68, 0xfd,
  0x88, 0xfd, 0xe6, 0xfc, 0x26, 0xf5, 0xe6, 0xfc, 0xc5, 0xfc, 0x06, 0xf5, 0x07, 0xf5, 0xe6, 0xf4,
  0x8f, 0xff, 0xf2, 0xff, 0xf4, 0xff, 0xd4, 0xff, 0xf5, 0xff, 0xf5, 0xff, 0xf5, 0xff, 0xf5, 0xff,
  0xf5, 0xff, 0xf5, 0xff, 0xf5, 0xff, 0xf5, 0xff, 0xf5, 0xff, 0xf5, 0xff, 0xf5, 0xff, 0xf5, 0xff,
  0xf5, 0xff, 0xf5, 0xff, 0xf4, 0xff, 0xf2, 0xff, 0xf0, 0xff, 0xf1, 0xff, 0xf4, 0xff, 0xf4, 0xff,
  0xf4, 0xff, 0xf3, 0xff, 0xf3, 0xff, 0xf4, 0xff, 0xf5, 0xff, 0xf5, 0xff, 0xf4, 0xff, 0xf2, 0xff,
  0xf2, 0xff, 0xf6, 0xff, 0xf9, 0xff, 0xd1, 0xff, 0xce, 0xf7, 0x0b, 0xf7, 0x08, 0xf6, 0xc7, 0xfd,
  0xc7, 0xfd, 0x87, 0xfd, 0xc7, 0xfd, 0x89, 0xfe, 0x2a, 0xff, 0x8b, 0xff, 0xab, 0xff, 0x0c, 0xf7,
  0xe7, 0xbb, 0x6a, 0xcc, 0x6a, 0xc4, 0x23, 0x92, 0x06, 0xdb, 0x06, 0xe3, 0xe6, 0xe2, 0x06, 0xe3,
  0xe6, 0xd2, 0xe7, 0xba, 0xc4, 0x81, 0x82, 0x59, 0xa7, 0x82, 0xa8, 0x82, 0xa8, 0x82, 0xc8, 0x8a,
  0xc8, 0x8a, 0xc8, 0x8a, 0xc8, 0x8a, 0xc8, 0x8a, 0xe8, 0x8a, 0xe8, 0x8a, 0xe8, 0x8a, 0x08, 0x93,
  0x08, 0x93, 0x08, 0x93, 0x08, 0x93, 0x08, 0x93, 0x08, 0x93, 0x08, 0x93, 0x08, 0x9b, 0x08, 0x9b,
  0x08, 0x9b, 0x09, 0x9b, 0x09, 0x9b, 0x28, 0x9b, 0x28, 0xa3, 0x28, 0xa3, 0x28, 0xab, 0x86, 0x9a,
  0x41, 0x69, 0x41, 0x71, 0x41, 0x71, 0x41, 0x71, 0x20, 0x69, 0x20, 0x71, 0x20, 0x69, 0x45, 0xab,
  0xac, 0xf5, 0x6d, 0xfe, 0x4d, 0xfe, 0x46, 0xcc, 0x47, 0xd4, 0x66, 0xc3, 0x4f, 0xe6, 0x51, 0xf7,
  0x71, 0xf7, 0xd2, 0xff, 0xf2, 0xff, 0xb1, 0xff, 0x70, 0xf7, 0x70, 0xf7, 0x90, 0xff, 0xd1, 0xff,
  0xf2, 0xff, 0xb1, 0xff, 0xef, 0xf6, 0xa7, 0xdc, 0x85, 0xcb, 0xa8, 0xc3, 0x7a, 0xff, 0x6e, 0xf6,
  0xe4, 0xec, 0xc5, 0xfc, 0x84, 0xfc, 0x64, 0xfc, 0x85, 0xfc, 0x85, 0xfc, 0xa5, 0xfc, 0xa5, 0xfc,
  0xa6, 0xfc, 0x07, 0xfd, 0x27, 0xfd, 0x46, 0xfd, 0xc6, 0xfd, 0x27, 0xfe, 0xe7, 0xf5, 0xca, 0xfe,
  0x69, 0xfe, 0x25, 0xfd, 0x06, 0xfd, 0x46, 0xf5, 0x29, 0xfe, 0x09, 0xfe, 0x47, 0xfd, 0x06, 0xfd,
  0x06, 0xfd, 0x26, 0xfd, 0x26, 0xfd, 0x06, 0xfd, 0x06, 0xfd, 0x06, 0xf5, 0x06, 0xfd, 0xa8, 0xfd,
  0x68, 0xfd, 0xc6, 0xfc, 0xe6, 0xf4, 0xc5, 0xfc, 0xc6, 0xfc, 0xc6, 0xfc, 0xe6, 0xfc, 0xa6, 0xf4,
  0xf0, 0xff, 0xf3, 0xff, 0xf5, 0xff, 0xf5, 0xff, 0xb4, 0xf7, 0xd4, 0xff, 0xf5, 0xff, 0xf5, 0xff,
  0xf5, 0xff, 0xf5, 0xff, 0xf5, 0xff, 0xf5, 0xff, 0xf5, 0xff, 0xf6, 0xff, 0xf5, 0xff, 0xf5, 0xff,
  0xf5, 0xff, 0xf5, 0xff, 0xf4, 0xff, 0xf2, 0xff, 0xf1, 0xff, 0xf2, 0xff, 0xf4, 0xff, 0xf5, 0xff,
  0xf5, 0xff, 0xf4, 0xff, 0xf4, 0xff, 0xf5, 0xff, 0xf5, 0xff, 0xf5, 0xff, 0xf4, 0xff, 0xf3, 0xff,
  0xf2, 0xff, 0xf5, 0xff, 0xfa, 0xff, 0xd2, 0xff, 0xef, 0xff, 0x6d, 0xff, 0x49, 0xfe, 0xc7, 0xfd,
  0xc7, 0xf5, 0x28, 0xfe, 0x2a, 0xff, 0xcc, 0xff, 0xcb, 0xff, 0xab, 0xff, 0xec, 0xf6, 0x85, 0xc3,
  0x06, 0xdb, 0x67, 0xeb, 0xe6, 0xca, 0xc5, 0xc2, 0x07, 0xdb, 0xc5, 0xca, 0xe6, 0xda, 0xe6, 0xca,
  0x65, 0x9a, 0x82, 0x61, 0x41, 0x51, 0x83, 0x51, 0x87, 0x82, 0xa8, 0x82, 0xa8, 0x82, 0xc8, 0x82,
  0xc8, 0x8a, 0xc8, 0x8a, 0xc8, 0x8a, 0xc8, 0x8a, 0xe8, 0x8a, 0xe8, 0x8a, 0xe8, 0x8a, 0xe8, 0x92,
  0x08, 0x93, 0x08, 0x93, 0x08, 0x93, 0x08, 0x93, 0x08, 0x93, 0x08, 0x9b, 0x08, 0x9b, 0x08, 0x9b,
  0x09, 0x9b, 0x29, 0x9b, 0x28, 0x9b, 0x28, 0x9b, 0x28, 0xa3, 0x28, 0xa3, 0x47, 0xab, 0x05, 0xab,
  0x21, 0x71, 0x21, 0x69, 0x20, 0x69, 0x20, 0x69, 0x41, 0x71, 0xe0, 0x68, 0x05, 0x9b, 0x8e, 0xfe,
  0x6d, 0xfe, 0x6d, 0xf6, 0xae, 0xfe, 0x09, 0xdd, 0x27, 0xd4, 0x65, 0xcb, 0x6f, 0xe6, 0xd2, 0xf7,
  0x51, 0xf7, 0x0f, 0xef, 0xb1, 0xf7, 0xd2, 0xff, 0xb1, 0xff, 0x91, 0xff, 0xd1, 0xff, 0xd2, 0xff,
  0x70, 0xf7, 0xef, 0xee, 0x0f, 0xf7, 0xc8, 0xdc, 0x85, 0xcb, 0xe9, 0xcb, 0x9a, 0xff, 0x90, 0xf6,
  0xc4, 0xf4, 0x84, 0xfc, 0x03, 0xf4, 0xc3, 0xf3, 0x82, 0xeb, 0x62, 0xe3, 0x62, 0xe3, 0x62, 0xe3,
  0x62, 0xe3, 0x03, 0xec, 0x03, 0xec, 0xe2, 0xeb, 0xa4, 0xf4, 0xa7, 0xf5, 0x28, 0xf6, 0xea, 0xfe,
  0x07, 0xf6, 0xc5, 0xf4, 0xe6, 0xfc, 0x47, 0xfd, 0x4a, 0xfe, 0x2a, 0xfe, 0x67, 0xfd, 0x27, 0xfd,
  0x26, 0xfd, 0x26, 0xfd, 0x26, 0xfd, 0x06, 0xfd, 0x26, 0xfd, 0x26, 0xfd, 0x06, 0xfd, 0x27, 0xfd,
  0x47, 0xfd, 0x47, 0xfd, 0x26, 0xfd, 0xc5, 0xfc, 0xe6, 0xfc, 0x27, 0xfd, 0xe6, 0xfc, 0x07, 0xfd,
  0x6f, 0xff, 0xf3, 0xff, 0xf5, 0xff, 0xf5, 0xff, 0x73, 0xf7, 0xb4, 0xf7, 0xf5, 0xff, 0xf5, 0xff,
  0xf5, 0xff, 0xf5, 0xff, 0xf5, 0xff, 0xf5, 0xff, 0xf6, 0xff, 0xf6, 0xff, 0xf5, 0xff, 0xf5, 0xff,
  0xf5, 0xff, 0xf5, 0xff, 0xf4, 0xff, 0xf3, 0xff, 0xf3, 0xff, 0xf4, 0xff, 0xf5, 0xff, 0xf5, 0xff,
  0xf5, 0xff, 0xf5, 0xff, 0xf5, 0xff, 0xf5, 0xff, 0xf6, 0xff, 0xf5, 0xff, 0xf4, 0xff, 0xf3, 0xff,
  0xf2, 0xff, 0xf4, 0xff, 0xfa, 0xff, 0xd4, 0xff, 0xcf, 0xff, 0x4c, 0xff, 0x49, 0xf6, 0xc8, 0xfd,
  0x09, 0xf6, 0x0c, 0xf7, 0xef, 0xff, 0xcf, 0xff, 0xcd, 0xff, 0xee, 0xff, 0xe8, 0xcc, 0x27, 0xe3,
  0xa8, 0xf3, 0x67, 0xdb, 0x84, 0xb2, 0xe6, 0xca, 0xc6, 0xc2, 0x85, 0xba, 0x66, 0xb2, 0xa3, 0x79,
  0x02, 0x49, 0x22, 0x49, 0x42, 0x49, 0x62, 0x51, 0x67, 0x7a, 0xc8, 0x8a, 0xa8, 0x82, 0xc8, 0x82,
  0xc8, 0x8a, 0xc8, 0x8a, 0xc8, 0x8a, 0xc8, 0x8a, 0xe8, 0x8a, 0xc8, 0x8a, 0xe8, 0x8a, 0xe8, 0x92,
  0x08, 0x93, 0x08, 0x93, 0x08, 0x93, 0x08, 0x93, 0x08, 0x93, 0x08, 0x9b, 0x08, 0x9b, 0x08, 0x9b,
  0x09, 0x9b, 0x29, 0x9b, 0x28, 0x9b, 0x28, 0x9b, 0x28, 0xa3, 0x28, 0xa3, 0x67, 0xb3, 0xa6, 0xc3,
  0x20, 0x69, 0x21, 0x69, 0x20, 0x69, 0x41, 0x71, 0xe0, 0x68, 0x64, 0x82, 0xd0, 0xf6, 0x50, 0xff,
  0xce, 0xf6, 0x8d, 0xf6, 0xce, 0xfe, 0x6a, 0xe5, 0xe6, 0xd3, 0xa2, 0xb2, 0x8f, 0xee, 0xf3, 0xff,
  0x71, 0xf7, 0xee, 0xee, 0x91, 0xff, 0xf2, 0xff, 0xf2, 0xff, 0xf2, 0xff, 0xf2, 0xff, 0xf2, 0xff,
  0xb1, 0xf7, 0xf2, 0xff, 0xd1, 0xff, 0xa7, 0xdc, 0x85, 0xcb, 0xe8, 0xc3, 0x79, 0xf7, 0xf3, 0xfe,
  0x46, 0xfd, 0x06, 0xfd, 0xc5, 0xfc, 0x65, 0xfc, 0x45, 0xfc, 0x24, 0xfc, 0x04, 0xf4, 0xe3, 0xf3,
  0xe3, 0xf3, 0xc3, 0xeb, 0xc2, 0xeb, 0xc2, 0xeb, 0x07, 0xf5, 0x0f, 0xff, 0xec, 0xf6, 0x0a, 0xf7,
  0x24, 0xed, 0xc1, 0xeb, 0xc2, 0xf3, 0x03, 0xf4, 0x44, 0xf4, 0xa5, 0xf4, 0xe5, 0xfc, 0x84, 0xfc,
  0x84, 0xfc, 0xa4, 0xfc, 0xa4, 0xfc, 0xc5, 0xfc, 0xc5, 0xfc, 0xe5, 0xfc, 0xe6, 0xfc, 0xe6, 0xfc,
  0x67, 0xfd, 0xc8, 0xfd, 0x26, 0xfd, 0xc6, 0xfc, 0x06, 0xfd, 0x06, 0xfd, 0xc6, 0xfc, 0x68, 0xfd,
  0x6c, 0xf6, 0xd2, 0xff, 0xf5, 0xff, 0xf5, 0xff, 0xf5, 0xff, 0xf5, 0xff, 0xf5, 0xff, 0xf5, 0xff,
  0xf5, 0xff, 0xf5, 0xff, 0xf5, 0xff, 0xf5, 0xff, 0xf6, 0xff, 0xf6, 0xff, 0xf5, 0xff, 0xf5, 0xff,
  0xf5, 0xff, 0xf5, 0xff, 0xf5, 0xff, 0xf5, 0xff, 0xf5, 0xff, 0xf5, 0xff, 0xf5, 0xff, 0xf5, 0xff,
  0xf5, 0xff, 0xf5, 0xff, 0xf5, 0xff, 0xf7, 0xff, 0xf7, 0xff, 0xf4, 0xff, 0xf3, 0xff, 0xf3, 0xff,
  0xf3, 0xff, 0xd5, 0xff, 0xdb, 0xff, 0xd8, 0xff, 0xb5, 0xff, 0x74, 0xf7, 0x53, 0xff, 0x54, 0xff,
  0x52, 0xff, 0xd3, 0xff, 0xf4, 0xff, 0xf3, 0xff, 0xef, 0xff, 0x6b, 0xe6, 0x25, 0xcb, 0x88, 0xf3,
  0x85, 0xb2, 0x62, 0x79, 0x86, 0xaa, 0xa5, 0xa2, 0x03, 0x92, 0x65, 0x9a, 0x83, 0x61, 0x22, 0x41,
  0x23, 0x49, 0x43, 0x49, 0x42, 0x49, 0x42, 0x49, 0x46, 0x7a, 0xc8, 0x8a, 0xa8, 0x82, 0xc8, 0x82,
  0xc8, 0x8a, 0xc8, 0x8a, 0xc8, 0x8a, 0xc8, 0x8a, 0xe8, 0x8a, 0xc8, 0x8a, 0xe8, 0x8a, 0x08, 0x93,
  0x08, 0x93, 0x08, 0x93, 0x09, 0x93, 0x09, 0x9b, 0x09, 0x9b, 0x08, 0x9b, 0x08, 0x9b, 0x29, 0x9b,
  0x28, 0x9b, 0x28, 0x9b, 0x28, 0x9b, 0x28, 0x9b, 0x29, 0xa3, 0x08, 0xa3, 0xc7, 0xc3, 0xe6, 0xc3,
  0x20, 0x69, 0x20, 0x69, 0x40, 0x69, 0x00, 0x61, 0xe3, 0x79, 0x71, 0xe6, 0xf3, 0xff, 0x91, 0xf7,
  0x6f, 0xff, 0x0f, 0xff, 0x30, 0xff, 0x0d, 0xf6, 0x85, 0xc3, 0xa2, 0xb2, 0xcc, 0xe5, 0xd3, 0xff,
  0xd2, 0xf7, 0x90, 0xf7, 0xad, 0xee, 0x50, 0xff, 0x4f, 0xf7, 0x8d, 0xf6, 0x8d, 0xf6, 0x0e, 0xf7,
  0x2e, 0xf7, 0xed, 0xf6, 0xad, 0xf6, 0xe5, 0xd3, 0x64, 0xcb, 0xa7, 0xc3, 0xf6, 0xee, 0x14, 0xff,
  0x47, 0xfd, 0x06, 0xfd, 0xc6, 0xfc, 0xa6, 0xfc, 0x85, 0xfc, 0x85, 0xfc, 0x85, 0xfc, 0x85, 0xfc,
  0x85, 0xfc, 0x85, 0xfc, 0xa5, 0xfc, 0xc5, 0xfc, 0x67, 0xfd, 0x8c, 0xfe, 0xec, 0xf6, 0x4b, 0xff,
  0x86, 0xf5, 0x83, 0xf4, 0x84, 0xf4, 0x84, 0xf4, 0x84, 0xf4, 0xa4, 0xf4, 0xa4, 0xf4, 0x23, 0xf4,
  0x23, 0xf4, 0x02, 0xf4, 0xe2, 0xf3, 0xe2, 0xf3, 0xe2, 0xf3, 0xe2, 0xf3, 0x02, 0xf4, 0x03, 0xf4,
  0x64, 0xfc, 0x84, 0xfc, 0x64, 0xf4, 0x65, 0xf4, 0xc6, 0xfc, 0xa5, 0xfc, 0xe6, 0xfc, 0x06, 0xfd,
  0xe9, 0xed, 0x91, 0xff, 0xf4, 0xff, 0xf5, 0xff, 0xf5, 0xff, 0xf5, 0xff, 0xf5, 0xff, 0xf5, 0xff,
  0xf5, 0xff, 0xf5, 0xff, 0xf5, 0xff, 0xf5, 0xff, 0xf5, 0xff, 0xf5, 0xff, 0xf5, 0xff, 0xf6, 0xff,
  0xf5, 0xff, 0xf5, 0xff, 0xf5, 0xff, 0xf5, 0xff, 0xf5, 0xff, 0xf5, 0xff, 0xf5, 0xff, 0xf5, 0xff,
  0xf6, 0xff, 0xf6, 0xff, 0xf7, 0xff, 0xf9, 0xff, 0xfa, 0xff, 0xf8, 0xff, 0xf8, 0xff, 0xf9, 0xff,
  0xfa, 0xff, 0xda, 0xff, 0xfc, 0xff, 0xfc, 0xff, 0xf9, 0xff, 0xf5, 0xff, 0x71, 0xff, 0x0e, 0xff,
  0xed, 0xf6, 0x8e, 0xff, 0xf0, 0xff, 0xee, 0xff, 0xcc, 0xff, 0x87, 0xc4, 0x68, 0xeb, 0x46, 0xdb,
  0x82, 0x79, 0xc4, 0x89, 0xa7, 0xb2, 0x82, 0x69, 0x25, 0x82, 0x83, 0x59, 0x22, 0x49, 0x43, 0x49,
  0x42, 0x49, 0x43, 0x49, 0x43, 0x49, 0x42, 0x49, 0xe5, 0x69, 0xc8, 0x8a, 0xa8, 0x82, 0xc8, 0x82,
  0xc8, 0x8a, 0xc8, 0x8a, 0xc8, 0x8a, 0xc8, 0x8a, 0xa8, 0x8a, 0xe8, 0x8a, 0x08, 0x93, 0x08, 0x93,
  0x08, 0x93, 0x09, 0x93, 0x09, 0x93, 0x09, 0x9b, 0x09, 0x9b, 0x08, 0x9b, 0x08, 0x9b, 0x29, 0x9b,
  0x28, 0x9b, 0x28, 0x9b, 0x28, 0x9b, 0x28, 0x9b, 0x29, 0xa3, 0xe8, 0xa2, 0x67, 0xd4, 0x46, 0xcc,
  0x41, 0x69, 0x00, 0x61, 0x20, 0x61, 0x06, 0x93, 0xb2, 0xee, 0x74, 0xff, 0x52, 0xf7, 0xb1, 0xff,
  0xb0, 0xff, 0x50, 0xff, 0x70, 0xff, 0x0d, 0xee, 0x65, 0xc3, 0xa6, 0xdb, 0xa5, 0xcb, 0xae, 0xf6,
  0x70, 0xef, 0xd1, 0xff, 0x2c, 0xee, 0x6c, 0xee, 0x6c, 0xee, 0x2c, 0xee, 0x4d, 0xee, 0x2c, 0xee,
  0x8d, 0xf6, 0xee, 0xf6, 0x0e, 0xff, 0x05, 0xdc, 0x86, 0xd3, 0x65, 0xcb, 0xf1, 0xe5, 0x35, 0xff,
  0x47, 0xfd, 0x06, 0xfd, 0xc6, 0xfc, 0xa6, 0xfc, 0x86, 0xfc, 0x85, 0xfc, 0x65, 0xfc, 0x65, 0xfc,
  0x65, 0xfc, 0x65, 0xfc, 0x85, 0xfc, 0xc5, 0xfc, 0xe5, 0xf4, 0x87, 0xfd, 0xcb, 0xf6, 0x4b, 0xff,
  0xa6, 0xf5, 0xa6, 0xfd, 0x68, 0xfe, 0xa8, 0xfe, 0x88, 0xfe, 0xe8, 0xfd, 0x46, 0xfd, 0xa7, 0xfd,
  0x87, 0xfd, 0xe5, 0xfc, 0xa4, 0xfc, 0x84, 0xfc, 0x84, 0xfc, 0x63, 0xfc, 0x43, 0xfc, 0x84, 0xf4,
  0x64, 0xf4, 0x03, 0xf4, 0x03, 0xf4, 0x03, 0xec, 0x03, 0xec, 0xe2, 0xeb, 0x03, 0xec, 0xe2, 0xeb,
  0xc9, 0xf5, 0x4e, 0xff, 0xf3, 0xff, 0xf4, 0xff, 0xf5, 0xff, 0xf5, 0xff, 0xf5, 0xff, 0xf5, 0xff,
  0xf5, 0xff, 0xf5, 0xff, 0xf5, 0xff, 0xf5, 0xff, 0xf5, 0xff, 0xf6, 0xff, 0xf6, 0xff, 0xf6, 0xff,
  0xf5, 0xff, 0xd4, 0xff, 0xf5, 0xff, 0xf5, 0xff, 0xf5, 0xff, 0xf5, 0xff, 0xf5, 0xff, 0xf6, 0xff,
  0xf6, 0xff, 0xf7, 0xff, 0xf9, 0xff, 0xfa, 0xff, 0xfb, 0xff, 0xfa, 0xff, 0xf7, 0xff, 0xf7, 0xff,
  0xf7, 0xff, 0xf6, 0xff, 0xfa, 0xff, 0xf8, 0xff, 0xcf, 0xff, 0x2b, 0xff, 0xca, 0xfe, 0xc9, 0xfe,
  0x6a, 0xff, 0xab, 0xff, 0x6a, 0xff, 0xab, 0xff, 0x4d, 0xf7, 0x85, 0xcb, 0x67, 0xeb, 0x67, 0xeb,
  0x26, 0xe3, 0x07, 0xd3, 0xa3, 0x81, 0x83, 0x69, 0x83, 0x59, 0x42, 0x41, 0x43, 0x49, 0x42, 0x49,
  0x42, 0x49, 0x42, 0x49, 0x43, 0x49, 0x42, 0x49, 0x63, 0x51, 0xa7, 0x82, 0xc8, 0x82, 0xc7, 0x82,
  0xc8, 0x82, 0xc8, 0x8a, 0xc8, 0x8a, 0x87, 0x82, 0xc8, 0x8a, 0x09, 0x93, 0x08, 0x93, 0x08, 0x93,
  0x08, 0x93, 0x08, 0x93, 0x08, 0x93, 0x08, 0x9b, 0x08, 0x9b, 0x08, 0x9b, 0x09, 0x9b, 0x09, 0x9b,
  0x28, 0x9b, 0x28, 0x9b, 0x28, 0x9b, 0x28, 0x9b, 0x08, 0x9b, 0x47, 0xb3, 0x07, 0xed, 0x45, 0xcc,
  0x00, 0x61, 0x61, 0x69, 0x49, 0xbc, 0x11, 0xf7, 0x54, 0xf7, 0x54, 0xf7, 0xb3, 0xff, 0xd1, 0xff,
  0xb1, 0xff, 0x30, 0xff, 0x71, 0xff, 0xe8, 0xcc, 0x2a, 0xdd, 0x0a, 0xed, 0xe2, 0xc2, 0xeb, 0xed,
  0xf1, 0xff, 0xb1, 0xff, 0x2f, 0xf7, 0xad, 0xf6, 0xb1, 0xff, 0x70, 0xf7, 0xd1, 0xff, 0xd1, 0xff,
  0xd2, 0xff, 0xf3, 0xff, 0xb1, 0xff, 0x47, 0xdc, 0x66, 0xd3, 0x45, 0xcb, 0xab, 0xd4, 0x34, 0xff,
  0x27, 0xfd, 0xe5, 0xfc, 0xa5, 0xfc, 0x85, 0xfc, 0x85, 0xfc, 0x85, 0xfc, 0x85, 0xfc, 0x85, 0xfc,
  0x85, 0xfc, 0x85, 0xfc, 0xa5, 0xfc, 0xc5, 0xfc, 0x26, 0xfd, 0x88, 0xf5, 0x08, 0xf6, 0xa9, 0xf6,
  0x85, 0xf5, 0x47, 0xfe, 0x89, 0xff, 0xca, 0xff, 0x6a, 0xff, 0x68, 0xf6, 0x87, 0xfd, 0x46, 0xfd,
  0x46, 0xfd, 0x25, 0xfd, 0x46, 0xfd, 0x25, 0xfd, 0x05, 0xfd, 0x05, 0xfd, 0xe5, 0xfc, 0x66, 0xfd,
  0x67, 0xfd, 0xe5, 0xfc, 0x26, 0xfd, 0x07, 0xfd, 0xa5, 0xfc, 0xe5, 0xfc, 0xa5, 0xfc, 0x64, 0xfc,
  0x8c, 0xfe, 0xb1, 0xff, 0xf4, 0xff, 0xf5, 0xff, 0xf5, 0xff, 0xf5, 0xff, 0xf5, 0xff, 0xf5, 0xff,
  0xf5, 0xff, 0xf5, 0xff, 0xf5, 0xff, 0xf5, 0xff, 0xf5, 0xff, 0xf6, 0xff, 0xf6, 0xff, 0xf6, 0xff,
  0xf5, 0xff, 0xd4, 0xff, 0xf5, 0xff, 0xf5, 0xff, 0xf5, 0xff, 0xf6, 0xff, 0xf6, 0xff, 0xf6, 0xff,
  0xf7, 0xff, 0xf7, 0xff, 0xf6, 0xff, 0xf7, 0xff, 0xfa, 0xff, 0xf5, 0xff, 0xf0, 0xff, 0xf2, 0xff,
  0xf5, 0xff, 0xf5, 0xff, 0xf9, 0xff, 0xf7, 0xff, 0x4c, 0xf7, 0xea, 0xfe, 0x0a, 0xff, 0x6a, 0xff,
  0xcb, 0xff, 0x6a, 0xff, 0x0a, 0xff, 0xd2, 0xff, 0x72, 0xe6, 0x26, 0xd3, 0x47, 0xeb, 0x47, 0xeb,
  0x87, 0xeb, 0x45, 0xa2, 0x22, 0x51, 0x63, 0x59, 0x22, 0x41, 0x43, 0x49, 0x43, 0x49, 0x42, 0x49,
  0x42, 0x49, 0x42, 0x49, 0x43, 0x49, 0x42, 0x49, 0x25, 0x92, 0x86, 0x8a, 0xc8, 0x82, 0xc8, 0x82,
  0xe8, 0x8a, 0xc8, 0x82, 0x46, 0x7a, 0x87, 0x82, 0xe9, 0x92, 0x08, 0x93, 0x08, 0x93, 0x08, 0x93,
  0x08, 0x93, 0x08, 0x93, 0x08, 0x93, 0x08, 0x9b, 0x08, 0x9b, 0x08, 0x9b, 0x09, 0x9b, 0x09, 0x9b,
  0x28, 0x9b, 0x28, 0x9b, 0x28, 0x9b, 0x48, 0x9b, 0x07, 0x9b, 0x48, 0xd4, 0x47, 0xed, 0x44, 0xb3,
  0xc2, 0x79, 0x4b, 0xdd, 0xaf, 0xfe, 0xd0, 0xf6, 0x74, 0xf7, 0xb5, 0xf7, 0xb3, 0xff, 0xf2, 0xff,
  0xb1, 0xff, 0x71, 0xff, 0xab, 0xe5, 0xe8, 0xcc, 0x71, 0xff, 0x8e, 0xfe, 0xc5, 0xd3, 0x45, 0xdc,
  0x70, 0xff, 0xd1, 0xff, 0xd1, 0xff, 0x70, 0xff, 0x90, 0xff, 0xb0, 0xff, 0xb1, 0xff, 0xd2, 0xff,
  0xb1, 0xff, 0xf2, 0xff, 0xb1, 0xff, 0x47, 0xdc, 0x86, 0xd3, 0xa6, 0xd3, 0x86, 0xc3, 0x2f, 0xee,
  0xe5, 0xf4, 0x63, 0xfc, 0x22, 0xfc, 0x02, 0xfc, 0xe2, 0xfb, 0x03, 0xfc, 0x23, 0xfc, 0x23, 0xfc,
  0x23, 0xfc, 0x43, 0xfc, 0x63, 0xfc, 0xa4, 0xfc, 0x66, 0xfd, 0x86, 0xf5, 0x66, 0xf5, 0x27, 0xf6,
  0xa5, 0xfd, 0xca, 0xfe, 0xcd, 0xff, 0xeb, 0xff, 0x89, 0xff, 0xc8, 0xfe, 0xa7, 0xfd, 0x06, 0xfd,
  0x06, 0xfd, 0x25, 0xfd, 0x46, 0xfd, 0x05, 0xfd, 0x05, 0xfd, 0xe5, 0xfc, 0xe5, 0xfc, 0xc5, 0xfc,
  0xe5, 0xfc, 0xe5, 0xfc, 0x47, 0xfd, 0x27, 0xfd, 0x27, 0xfd, 0x47, 0xfd, 0xe6, 0xfc, 0xe6, 0xfc,
  0x6d, 0xf6, 0xf3, 0xff, 0xf4, 0xff, 0xf5, 0xff, 0xf5, 0xff, 0xf5, 0xff, 0xf5, 0xff, 0xf5, 0xff,
  0xf5, 0xff, 0xf5, 0xff, 0xf5, 0xff, 0xf5, 0xff, 0xf5, 0xff, 0xf5, 0xff, 0xf5, 0xff, 0xf6, 0xff,
  0xf6, 0xff, 0xf5, 0xff, 0xf4, 0xff, 0xf5, 0xff, 0xf5, 0xff, 0xf6, 0xff, 0xf6, 0xff, 0xf6, 0xff,
  0xf6, 0xff, 0xf6, 0xff, 0xf3, 0xff, 0xf2, 0xff, 0xf8, 0xff, 0xf5, 0xff, 0xef, 0xff, 0xf3, 0xff,
  0xf4, 0xff, 0xd3, 0xff, 0xb5, 0xff, 0xb5, 0xff, 0xcb, 0xf6, 0xea, 0xfe, 0x09, 0xff, 0x09, 0xff,
  0x4a, 0xff, 0x2b, 0xff, 0x90, 0xff, 0xfa, 0xff, 0xf3, 0xdd, 0x06, 0xd3, 0x67, 0xf3, 0x47, 0xeb,
  0xc6, 0xc2, 0x21, 0x59, 0x23, 0x49, 0x43, 0x41, 0x43, 0x41, 0x43, 0x41, 0x43, 0x49, 0x43, 0x49,
  0x42, 0x49, 0x42, 0x49, 0x22, 0x49, 0x24, 0x82, 0x28, 0xd3, 0xa6, 0xa2, 0xc8, 0x82, 0xc7, 0x82,
  0x66, 0x7a, 0x25, 0x72, 0xa7, 0x82, 0xe8, 0x8a, 0xe8, 0x92, 0x08, 0x93, 0x08, 0x93, 0x08, 0x93,
  0x09, 0x93, 0x09, 0x93, 0x09, 0x9b, 0x09, 0x9b, 0x09, 0x9b, 0x08, 0x9b, 0x09, 0x9b, 0x09, 0x9b,
  0x08, 0x9b, 0x28, 0x9b, 0x48, 0xa3, 0xe8, 0x9a, 0xe8, 0xc3, 0x6a, 0xed, 0x27, 0xed, 0x24, 0xab,
  0x4c, 0xdd, 0xce, 0xfe, 0x4d, 0xfe, 0x10, 0xff, 0x73, 0xff, 0x73, 0xff, 0xb3, 0xff, 0xb2, 0xff,
  0xb1, 0xff, 0xcb, 0xdd, 0xc8, 0xcc, 0x0d, 0xf6, 0x91, 0xff, 0xce, 0xf6, 0x09, 0xe5, 0x04, 0xe4,
  0x4b, 0xf6, 0xf2, 0xff, 0xd1, 0xff, 0xf1, 0xff, 0xd1, 0xff, 0x6f, 0xf7, 0x70, 0xf7, 0xf2, 0xff,
  0xf2, 0xff, 0xf2, 0xff, 0xd2, 0xff, 0xa8, 0xdc, 0x24, 0xc3, 0x04, 0xbb, 0xe3, 0xba, 0x09, 0xdd,
  0x05, 0xfd, 0x42, 0xfc, 0x02, 0xfc, 0xc1, 0xfb, 0xa1, 0xfb, 0xa1, 0xfb, 0xa1, 0xfb, 0xa1, 0xfb,
  0xa1, 0xfb, 0xc1, 0xfb, 0xc1, 0xfb, 0x01, 0xfc, 0x42, 0xfc, 0x42, 0xf4, 0xc3, 0xf4, 0x45, 0xf5,
  0x24, 0xf5, 0x49, 0xfe, 0x88, 0xfe, 0xa7, 0xfe, 0xa6, 0xf6, 0xe5, 0xfd, 0x25, 0xfd, 0x45, 0xfd,
  0x45, 0xfd, 0x05, 0xfd, 0xe5, 0xfc, 0xe5, 0xfc, 0xe5, 0xfc, 0x05, 0xfd, 0x26, 0xfd, 0xe5, 0xfc,
  0xe5, 0xfc, 0xe5, 0xfc, 0x26, 0xfd, 0x46, 0xfd, 0x26, 0xfd, 0x06, 0xfd, 0x06, 0xfd, 0xa5, 0xf4,
  0xe9, 0xec, 0x50, 0xff, 0xf4, 0xff, 0xf5, 0xff, 0xf5, 0xff, 0xf5, 0xff, 0xf5, 0xff, 0xf5, 0xff,
  0xf5, 0xff, 0xf5, 0xff, 0xf5, 0xff, 0xf5, 0xff, 0xf5, 0xff, 0xf5, 0xff, 0xf5, 0xff, 0xf6, 0xff,
  0xf6, 0xff, 0xf5, 0xff, 0xf4, 0xff, 0xf5, 0xff, 0xf6, 0xff, 0xf6, 0xff, 0xf6, 0xff, 0xf6, 0xff,
  0xf6, 0xff, 0xf5, 0xff, 0xf2, 0xff, 0xce, 0xff, 0xb5, 0xff, 0xf8, 0xff, 0xf4, 0xff, 0xf3, 0xff,
  0xb0, 0xff, 0xeb, 0xfe, 0xcd, 0xf6, 0x94, 0xff, 0xab, 0xfe, 0x49, 0xfe, 0xaa, 0xf6, 0x0b, 0xf7,
  0x8e, 0xff, 0xf2, 0xff, 0xf4, 0xff, 0xf4, 0xff, 0xee, 0xdd, 0x44, 0xa2, 0x45, 0xa2, 0xe3, 0x89,
  0x21, 0x61, 0x42, 0x41, 0x43, 0x41, 0x43, 0x41, 0x22, 0x41, 0x23, 0x41, 0x23, 0x41, 0x43, 0x49,
  0x43, 0x49, 0x21, 0x41, 0x24, 0x92, 0x67, 0xe3, 0x68, 0xeb, 0x85, 0xa2, 0xe5, 0x69, 0xe4, 0x69,
  0x04, 0x6a, 0xc7, 0x82, 0xe8, 0x8a, 0xe8, 0x92, 0x08, 0x93, 0x08, 0x93, 0x08, 0x93, 0x08, 0x93,
  0x09, 0x93, 0x09, 0x93, 0x09, 0x9b, 0x09, 0x9b, 0x09, 0x9b, 0x08, 0x9b, 0x09, 0x9b, 0x09, 0x9b,
  0x08, 0x9b, 0x28, 0xa3, 0x08, 0xa3, 0x66, 0xab, 0x8a, 0xed, 0x47, 0xed, 0x06, 0xe5, 0x47, 0xcc,
  0x8e, 0xfe, 0x8d, 0xf6, 0x6d, 0xfe, 0x0f, 0xf7, 0x50, 0xf7, 0x91, 0xff, 0xb2, 0xff, 0xf2, 0xff,
  0xca, 0xd5, 0xe8, 0xcc, 0x2d, 0xf6, 0x8e, 0xf6, 0x91, 0xff, 0xce, 0xee, 0x8a, 0xe5, 0xc6, 0xec,
  0x27, 0xed, 0x0e, 0xff, 0xf1, 0xff, 0xb1, 0xff, 0xf2, 0xff, 0xf2, 0xff, 0x70, 0xff, 0x2f, 0xef,
  0x70, 0xf7, 0xb1, 0xff, 0x30, 0xf7, 0xe5, 0xc3, 0x82, 0xb2, 0x45, 0xc3, 0x66, 0xcb, 0xe6, 0xd3,
  0xe5, 0xfc, 0x62, 0xfc, 0x22, 0xfc, 0xe2, 0xfb, 0xc1, 0xfb, 0xc1, 0xfb, 0xc1, 0xfb, 0xc1, 0xfb,
  0xc1, 0xfb, 0xc1, 0xfb, 0xc1, 0xfb, 0xe1, 0xfb, 0x01, 0xfc, 0xe0, 0xf3, 0xe5, 0xec, 0xa9, 0xf5,
  0xa2, 0xf4, 0x85, 0xf5, 0x64, 0xf5, 0xe2, 0xf4, 0x81, 0xf4, 0x40, 0xf4, 0x02, 0xfd, 0x66, 0xfe,
  0x83, 0xfd, 0x41, 0xfc, 0x22, 0xfc, 0x22, 0xfc, 0x42, 0xfc, 0x83, 0xfc, 0xc4, 0xfc, 0xa4, 0xfc,
  0xa4, 0xfc, 0xa4, 0xfc, 0x05, 0xfd, 0x46, 0xfd, 0xe5, 0xfc, 0x26, 0xfd, 0xe5, 0xfc, 0xe5, 0xfc,
  0xe6, 0xd3, 0x8c, 0xf6, 0x90, 0xf7, 0xf3, 0xff, 0xf4, 0xff, 0xf5, 0xff, 0xf5, 0xff, 0xf5, 0xff,
  0xf5, 0xff, 0xf5, 0xff, 0xf5, 0xff, 0xf5, 0xff, 0xf5, 0xff, 0xf5, 0xff, 0xf5, 0xff, 0xf5, 0xff,
  0xf5, 0xff, 0xf5, 0xff, 0xf5, 0xff, 0xf5, 0xff, 0xf6, 0xff, 0xf6, 0xff, 0xf6, 0xff, 0xf5, 0xff,
  0xf6, 0xff, 0xf4, 0xff, 0xf1, 0xff, 0xaf, 0xff, 0xb5, 0xff, 0x98, 0xf7, 0x0f, 0xf7, 0xcf, 0xff,
  0xeb, 0xfe, 0x28, 0xfe, 0x4a, 0xf6, 0x52, 0xff, 0x8b, 0xf6, 0x68, 0xf6, 0x2b, 0xff, 0xce, 0xff,
  0x8e, 0xff, 0x6e, 0xff, 0x4c, 0xff, 0x6b, 0xff, 0x49, 0xdd, 0x82, 0x69, 0x01, 0x39, 0x02, 0x41,
  0x22, 0x41, 0x43, 0x41, 0x43, 0x41, 0x43, 0x41, 0x22, 0x41, 0x22, 0x41, 0x42, 0x41, 0x43, 0x49,
  0x22, 0x49, 0x24, 0x8a, 0x68, 0xe3, 0x47, 0xe3, 0x27, 0xdb, 0x65, 0xa2, 0x42, 0x59, 0xa3, 0x61,
  0xa7, 0x82, 0xe8, 0x8a, 0xe8, 0x8a, 0xe8, 0x92, 0x08, 0x93, 0x08, 0x93, 0x08, 0x93, 0x08, 0x93,
  0x09, 0x93, 0x09, 0x93, 0x09, 0x9b, 0x08, 0x9b, 0x08, 0x9b, 0x08, 0x9b, 0x08, 0x9b, 0x08, 0x9b,
  0x08, 0xa3, 0x07, 0xa3, 0x26, 0xab, 0x6a, 0xed, 0xa9, 0xed, 0x66, 0xed, 0x06, 0xed, 0x29, 0xe5,
  0xce, 0xfe, 0x8d, 0xfe, 0x8d, 0xfe, 0x2e, 0xff, 0x6f, 0xff, 0x90, 0xff, 0xf2, 0xff, 0xeb, 0xd5,
  0x08, 0xc5, 0x0d, 0xee, 0x0f, 0xf7, 0xb1, 0xff, 0x70, 0xff, 0x4f, 0xf7, 0x6d, 0xf6, 0x07, 0xed,
  0xc6, 0xf4, 0x48, 0xed, 0xb0, 0xff, 0xf1, 0xff, 0x70, 0xf7, 0x8d, 0xe6, 0xad, 0xe6, 0x70, 0xf7,
  0xb1, 0xff, 0xb1, 0xff, 0xef, 0xfe, 0x07, 0xd4, 0x45, 0xcb, 0xa6, 0xd3, 0x25, 0xcb, 0xe3, 0xc2,
  0x43, 0xf4, 0x82, 0xfc, 0x42, 0xfc, 0x02, 0xfc, 0xc1, 0xfb, 0xc1, 0xfb, 0xc1, 0xfb, 0xa1, 0xfb,
  0xc0, 0xfb, 0xe2, 0xeb, 0x22, 0xec, 0xc4, 0xf4, 0xa8, 0xf5, 0xa8, 0xed, 0x13, 0xff, 0x75, 0xff,
  0x26, 0xed, 0x86, 0xf5, 0x65, 0xf5, 0x81, 0xf4, 0x20, 0xfc, 0x40, 0xfc, 0x42, 0xfd, 0x25, 0xfe,
  0xa1, 0xfc, 0xe1, 0xfb, 0xe0, 0xf3, 0xc0, 0xfb, 0xc0, 0xfb, 0xe0, 0xfb, 0xe1, 0xfb, 0xe1, 0xfb,
  0xe1, 0xfb, 0xe1, 0xfb, 0x02, 0xfc, 0x02, 0xfc, 0x23, 0xf4, 0x63, 0xfc, 0x43, 0xfc, 0x63, 0xfc,
  0xa5, 0xaa, 0x6d, 0xf6, 0xf0, 0xff, 0xf2, 0xff, 0xf4, 0xff, 0xf4, 0xff, 0xf4, 0xff, 0xf4, 0xff,
  0xf4, 0xff, 0xf4, 0xff, 0xf5, 0xff, 0xf5, 0xff, 0xf5, 0xff, 0xf5, 0xff, 0xf5, 0xff, 0xf5, 0xff,
  0xf5, 0xff, 0xf5, 0xff, 0xf5, 0xff, 0xf5, 0xff, 0xf6, 0xff, 0xf6, 0xff, 0xf5, 0xff, 0xf4, 0xff,
  0xf2, 0xff, 0xf1, 0xff, 0xef, 0xff, 0xcf, 0xff, 0xd6, 0xff, 0x35, 0xf7, 0xc3, 0xcb, 0x06, 0xed,
  0xe8, 0xfd, 0x08, 0xfe, 0x29, 0xf6, 0x11, 0xff, 0xcc, 0xf6, 0x0a, 0xff, 0x2b, 0xff, 0xca, 0xfe,
  0x69, 0xf6, 0x28, 0xfe, 0x27, 0xfe, 0x48, 0xfe, 0xe8, 0xe4, 0xe7, 0xb2, 0x63, 0x51, 0x02, 0x41,
  0x22, 0x41, 0x43, 0x41, 0x43, 0x41, 0x23, 0x41, 0x22, 0x41, 0x42, 0x41, 0x43, 0x41, 0x22, 0x49,
  0x82, 0x71, 0xc6, 0xc2, 0x06, 0xd3, 0x26, 0xd3, 0x67, 0xe3, 0xc7, 0xba, 0x63, 0x59, 0x25, 0x72,
  0xe8, 0x8a, 0xe8, 0x8a, 0xe8, 0x92, 0xe8, 0x92, 0x08, 0x93, 0x08, 0x93, 0x08, 0x93, 0x08, 0x93,
  0x09, 0x93, 0x08, 0x9b, 0x09, 0x9b, 0x09, 0x9b, 0x08, 0x9b, 0x08, 0x9b, 0x08, 0x9b, 0x28, 0x9b,
  0x28, 0xa3, 0x26, 0xab, 0x29, 0xe5, 0x4b, 0xf6, 0x26, 0xe5, 0xc6, 0xfd, 0x06, 0xed, 0xaa, 0xed,
  0xee, 0xfe, 0x8d, 0xf6, 0xee, 0xfe, 0x70, 0xff, 0xb1, 0xff, 0xf2, 0xff, 0x6d, 0xde, 0xe8, 0xc4,
  0x4d, 0xf6, 0xaf, 0xf6, 0x50, 0xff, 0x91, 0xff, 0xb1, 0xff, 0x70, 0xff, 0x0f, 0xf7, 0xea, 0xed,
  0x65, 0xe4, 0xe7, 0xec, 0x6c, 0xee, 0xce, 0xee, 0x8d, 0xe6, 0xee, 0xee, 0xee, 0xee, 0x50, 0xf7,
  0xb1, 0xff, 0xf2, 0xff, 0x91, 0xff, 0x27, 0xd4, 0x45, 0xcb, 0x65, 0xd3, 0x45, 0xcb, 0x25, 0xcb,
  0xc3, 0xe3, 0x82, 0xfc, 0x42, 0xfc, 0x02, 0xfc, 0xe1, 0xfb, 0xe1, 0xfb, 0x22, 0xf4, 0x05, 0xf5,
  0x25, 0xf5, 0xcb, 0xf5, 0x12, 0xf7, 0xb4, 0xff, 0xf6, 0xff, 0xf7, 0xff, 0xfa, 0xff, 0x6e, 0xf6,
  0x04, 0xf5, 0x24, 0xfd, 0x44, 0xf5, 0x81, 0xec, 0xe2, 0xfc, 0x63, 0xfd, 0xa4, 0xfd, 0xa1, 0xf4,
  0x00, 0xf4, 0x00, 0xfc, 0x62, 0xf4, 0x82, 0xf4, 0x62, 0xf4, 0x21, 0xfc, 0xe0, 0xfb, 0xe0, 0xfb,
  0xe1, 0xfb, 0xc1, 0xfb, 0xc1, 0xfb, 0xa1, 0xfb, 0xc1, 0xf3, 0xa1, 0xfb, 0xa1, 0xfb, 0x80, 0xfb,
  0x23, 0x69, 0xe8, 0xd3, 0xcd, 0xfe, 0xd1, 0xff, 0xd3, 0xff, 0xf4, 0xff, 0xf4, 0xff, 0xd2, 0xff,
  0xd3, 0xff, 0xf4, 0xff, 0xf5, 0xff, 0xf5, 0xff, 0xf5, 0xff, 0xf5, 0xff, 0xf5, 0xff, 0xf5, 0xff,
  0xf5, 0xff, 0xf5, 0xff, 0xf5, 0xff, 0xf5, 0xff, 0xf6, 0xff, 0xf6, 0xff, 0xf6, 0xff, 0xf3, 0xff,
  0x6e, 0xf7, 0x6d, 0xf7, 0xef, 0xff, 0x0d, 0xf7, 0x6e, 0xee, 0xb6, 0xff, 0x05, 0xd4, 0x00, 0xd3,
  0xe5, 0xf4, 0x28, 0xfe, 0x69, 0xfe, 0x0f, 0xf7, 0xcc, 0xf6, 0x89, 0xf6, 0x68, 0xfe, 0x07, 0xfe,
  0xc7, 0xfd, 0x86, 0xfd, 0xe7, 0xfd, 0x67, 0xfe, 0xa7, 0xed, 0xe6, 0xba, 0x83, 0x61, 0x02, 0x39,
  0x43, 0x41, 0x43, 0x41, 0x43, 0x41, 0x23, 0x41, 0x42, 0x41, 0x43, 0x39, 0x22, 0x41, 0xc3, 0x71,
  0xa6, 0xba, 0xe7, 0xda, 0x47, 0xdb, 0x27, 0xd3, 0xa5, 0xaa, 0x04, 0x82, 0x63, 0x59, 0x87, 0x7a,
  0xe8, 0x8a, 0xe8, 0x8a, 0xe8, 0x92, 0xe8, 0x92, 0x08, 0x93, 0x08, 0x93, 0x08, 0x93, 0x08, 0x93,
  0x09, 0x93, 0x09, 0x9b, 0x09, 0x9b, 0x09, 0x9b, 0x08, 0x9b, 0x08, 0x9b, 0x28, 0x9b, 0x28, 0x9b,
  0x07, 0x9b, 0x06, 0xcc, 0x6c, 0xfe, 0x47, 0xe5, 0x66, 0xfd, 0xa6, 0xfd, 0x26, 0xed, 0x0b, 0xf6,
  0xee, 0xfe, 0xcd, 0xf6, 0x90, 0xff, 0xd1, 0xff, 0xf2, 0xff, 0x0f, 0xef, 0xc8, 0xc4, 0xcc, 0xed,
  0x8e, 0xfe, 0x91, 0xff, 0x50, 0xff, 0x91, 0xff, 0xd1, 0xff, 0xb1, 0xff, 0x0c, 0xee, 0x6c, 0xf6,
  0x07, 0xe5, 0x04, 0xd4, 0xeb, 0xed, 0xc7, 0xcc, 0xaa, 0xdd, 0xd2, 0xff, 0xf3, 0xff, 0xf2, 0xff,
  0xb1, 0xff, 0xf2, 0xff, 0x8b, 0xdd, 0x04, 0xbb, 0x86, 0xd3, 0xa7, 0xd3, 0xa7, 0xd3, 0xa7, 0xdb,
  0x62, 0xd3, 0x42, 0xf4, 0x42, 0xfc, 0x42, 0xfc, 0x83, 0xfc, 0x83, 0xec, 0x2b, 0xfe, 0xb4, 0xff,
  0xd6, 0xff, 0x31, 0xff, 0xf0, 0xfe, 0x51, 0xff, 0x70, 0xff, 0x92, 0xff, 0xaf, 0xf6, 0xc7, 0xed,
  0xa6, 0xf5, 0x04, 0xf5, 0xa2, 0xf4, 0x81, 0xf4, 0xc2, 0xf4, 0xe2, 0xfc, 0xc2, 0xfc, 0x20, 0xfc,
  0x20, 0xfc, 0x20, 0xfc, 0xe4, 0xfc, 0x24, 0xf5, 0x03, 0xf5, 0x21, 0xfc, 0xe0, 0xfb, 0xe0, 0xfb,
  0xe1, 0xfb, 0xe1, 0xfb, 0xc0, 0xfb, 0xc1, 0xfb, 0xc1, 0xfb, 0xc1, 0xfb, 0xc1, 0xfb, 0xa0, 0xfb,
  0x60, 0x38, 0x24, 0xa2, 0x27, 0xec, 0xed, 0xfe, 0xf2, 0xff, 0xf4, 0xff, 0xf3, 0xff, 0x70, 0xf7,
  0x70, 0xf7, 0xf4, 0xff, 0xf5, 0xff, 0xf4, 0xff, 0xf5, 0xff, 0xf5, 0xff, 0xf5, 0xff, 0xf5, 0xff,
  0xf5, 0xff, 0xf4, 0xff, 0xf4, 0xff, 0xf5, 0xff, 0xf6, 0xff, 0xf6, 0xff, 0xf5, 0xff, 0xf2, 0xff,
  0xef, 0xff, 0xeb, 0xfe, 0xc8, 0xed, 0x03, 0xd4, 0xa7, 0xd4, 0xf8, 0xff, 0xe8, 0xdc, 0x00, 0xd3,
  0x81, 0xdb, 0xc8, 0xfd, 0x69, 0xfe, 0x2e, 0xff, 0x4e, 0xff, 0x48, 0xfe, 0x25, 0xed, 0xe5, 0xf4,
  0x05, 0xf5, 0xe4, 0xec, 0xc6, 0xf5, 0xa9, 0xfe, 0x89, 0xf6, 0x86, 0xcb, 0x47, 0xcb, 0x82, 0x59,
  0x23, 0x39, 0x43, 0x41, 0x22, 0x41, 0x22, 0x41, 0x43, 0x41, 0x22, 0x41, 0xa3, 0x79, 0x07, 0xcb,
  0x07, 0xcb, 0x65, 0xaa, 0xe4, 0x81, 0x63, 0x61, 0x42, 0x49, 0x42, 0x49, 0x63, 0x59, 0xa7, 0x82,
  0xe8, 0x8a, 0xe8, 0x8a, 0xe8, 0x92, 0xe8, 0x92, 0x08, 0x93, 0x08, 0x93, 0x09, 0x93, 0x09, 0x9b,
  0x09, 0x9b, 0x09, 0x9b, 0x09, 0x9b, 0x08, 0x9b, 0x08, 0x9b, 0x28, 0xa3, 0x28, 0xa3, 0x28, 0xa3,
  0x06, 0xab, 0x6a, 0xed, 0xa9, 0xe5, 0x46, 0xed, 0x86, 0xfd, 0xa6, 0xfd, 0x06, 0xed, 0x4c, 0xf6,
  0xee, 0xfe, 0x2f, 0xff, 0xd1, 0xff, 0xd1, 0xff, 0xd2, 0xff, 0x49, 0xd5, 0x6b, 0xed, 0xec, 0xf5,
  0xcf, 0xf6, 0x91, 0xff, 0x50, 0xff, 0x6d, 0xf6, 0x91, 0xff, 0xf2, 0xff, 0x2c, 0xf6, 0xe8, 0xe4,
  0x8d, 0xf6, 0xad, 0xf6, 0x8c, 0xee, 0x08, 0xdd, 0xa1, 0xba, 0x63, 0xc3, 0x29, 0xdd, 0x8d, 0xee,
  0xd2, 0xff, 0x10, 0xf7, 0xa5, 0xc3, 0x68, 0xdc, 0xc6, 0xcb, 0x85, 0xcb, 0x86, 0xcb, 0x45, 0xcb,
  0x02, 0xc3, 0xe2, 0xeb, 0x42, 0xf4, 0xa1, 0xf4, 0xa9, 0xfe, 0x6f, 0xff, 0xf3, 0xff, 0xf4, 0xff,
  0x94, 0xff, 0xa9, 0xed, 0x22, 0xec, 0xa3, 0xec, 0x84, 0xfd, 0x84, 0xfd, 0x03, 0xed, 0x69, 0xf6,
  0x8b, 0xfe, 0x04, 0xf5, 0x81, 0xfc, 0x61, 0xfc, 0x40, 0xf4, 0x40, 0xf4, 0x40, 0xfc, 0x21, 0xfc,
  0x21, 0xfc, 0x21, 0xfc, 0xc3, 0xfc, 0x44, 0xf5, 0x41, 0xf4, 0x01, 0xfc, 0xe0, 0xfb, 0xe0, 0xfb,
  0xe0, 0xfb, 0xe1, 0xfb, 0xe1, 0xfb, 0xc1, 0xfb, 0x62, 0xfc, 0x22, 0xf4, 0xa1, 0xfb, 0xa0, 0xfb,
  0x60, 0x28, 0x22, 0x69, 0x65, 0xd3, 0xcd, 0xfe, 0xf3, 0xff, 0xf4, 0xff, 0xf4, 0xff, 0xd2, 0xff,
  0xf3, 0xff, 0xf4, 0xff, 0xf4, 0xff, 0xf4, 0xff, 0xf5, 0xff, 0xf5, 0xff, 0xf5, 0xff, 0xf5, 0xff,
  0xf5, 0xff, 0x93, 0xf7, 0x93, 0xf7, 0xf5, 0xff, 0xf5, 0xff, 0xf6, 0xff, 0xf4, 0xff, 0x8f, 0xff,
  0xae, 0xff, 0x4a, 0xf6, 0x21, 0xcb, 0x80, 0xc2, 0x05, 0xcc, 0xf8, 0xff, 0xab, 0xed, 0x61, 0xdb,
  0x61, 0xe3, 0xe5, 0xf4, 0xe8, 0xfd, 0x8b, 0xfe, 0x8b, 0xfe, 0x86, 0xf5, 0x66, 0xf5, 0x28, 0xfe,
  0xea, 0xfe, 0x0b, 0xff, 0x4c, 0xff, 0xce, 0xff, 0xed, 0xff, 0xc8, 0xcc, 0xe7, 0xd2, 0x04, 0x8a,
  0x02, 0x39, 0x43, 0x41, 0x22, 0x41, 0x43, 0x41, 0x02, 0x41, 0x83, 0x69, 0x08, 0xcb, 0xe7, 0xc2,
  0xc4, 0x71, 0x22, 0x49, 0x21, 0x41, 0x42, 0x49, 0x63, 0x49, 0x63, 0x49, 0x84, 0x59, 0x87, 0x7a,
  0xe8, 0x8a, 0xe8, 0x8a, 0xe8, 0x92, 0x08, 0x93, 0x08, 0x93, 0x08, 0x9b, 0x09, 0x93, 0x09, 0x9b,
  0x08, 0x9b, 0x08, 0x9b, 0x09, 0x9b, 0x09, 0x9b, 0x08, 0xa3, 0x28, 0xa3, 0x28, 0xa3, 0xe7, 0xa2,
  0xe7, 0xc3, 0x89, 0xed, 0x26, 0xe5, 0xc6, 0xfd, 0x86, 0xfd, 0x86, 0xfd, 0xc6, 0xdc, 0x6d, 0xf6,
  0x0f, 0xff, 0x90, 0xff, 0x70, 0xff, 0xf2, 0xff, 0x6d, 0xe6, 0xe9, 0xdc, 0x2d, 0xf6, 0x10, 0xff,
  0x50, 0xff, 0x6d, 0xf6, 0x6d, 0xee, 0xae, 0xf6, 0x2c, 0xee, 0x91, 0xff, 0xd1, 0xff, 0x6a, 0xe5,
  0x29, 0xe5, 0x2f, 0xff, 0xf2, 0xff, 0x90, 0xff, 0x4d, 0xee, 0xa8, 0xcc, 0xc4, 0xc3, 0x46, 0xd4,
  0xe9, 0xdc, 0x67, 0xcc, 0x67, 0xcc, 0x30, 0xff, 0xa8, 0xdc, 0x85, 0xcb, 0x85, 0xcb, 0x65, 0xcb,
  0x85, 0xd3, 0x63, 0xe3, 0xe4, 0xf4, 0x67, 0xfe, 0xe9, 0xfe, 0x6e, 0xff, 0xee, 0xf6, 0x66, 0xf5,
  0xc3, 0xf4, 0x21, 0xf4, 0xe1, 0xfb, 0x22, 0xfc, 0x61, 0xfc, 0x60, 0xfc, 0x61, 0xf4, 0x03, 0xf5,
  0xc7, 0xfd, 0x24, 0xfd, 0xc1, 0xfc, 0x42, 0xfd, 0x62, 0xfd, 0xe1, 0xf4, 0x61, 0xf4, 0xa2, 0xf4,
  0xc2, 0xf4, 0x01, 0xfc, 0x61, 0xf4, 0x03, 0xf5, 0x21, 0xfc, 0xe1, 0xfb, 0xe0, 0xfb, 0xe1, 0xfb,
  0xe1, 0xfb, 0xe1, 0xfb, 0xe1, 0xfb, 0xe1, 0xfb, 0x42, 0xfc, 0x21, 0xfc, 0xc1, 0xfb, 0xc0, 0xfb,
  0xc1, 0x30, 0x60, 0x38, 0x25, 0xb3, 0x70, 0xff, 0xf3, 0xff, 0xf4, 0xff, 0xf4, 0xff, 0xf4, 0xff,
  0xf4, 0xff, 0xf4, 0xff, 0xf4, 0xff, 0xf4, 0xff, 0xf5, 0xff, 0xf5, 0xff, 0xf5, 0xff, 0xf5, 0xff,
  0xf5, 0xff, 0xd4, 0xff, 0xd4, 0xff, 0xf5, 0xff, 0xf5, 0xff, 0xf6, 0xff, 0xf4, 0xff, 0x2e, 0xf7,
  0x4d, 0xf7, 0xec, 0xfe, 0xc3, 0xdb, 0xc0, 0xca, 0xc4, 0xcb, 0xd8, 0xff, 0x70, 0xf6, 0x40, 0xdb,
  0xa2, 0xf3, 0xc5, 0xfc, 0xe5, 0xfc, 0x26, 0xf5, 0x45, 0xfd, 0x05, 0xf5, 0x86, 0xfd, 0x68, 0xfe,
  0x2b, 0xff, 0x6c, 0xff, 0x4c, 0xff, 0x4c, 0xff, 0x09, 0xff, 0xa8, 0xe5, 0xa6, 0xba, 0x07, 0xcb,
  0x82, 0x51, 0x22, 0x39, 0x23, 0x41, 0x02, 0x41, 0x42, 0x51, 0x07, 0xc3, 0xe7, 0xc2, 0x82, 0x69,
  0x22, 0x41, 0x43, 0x51, 0xc2, 0x71, 0x24, 0x9a, 0xa6, 0xa2, 0xe3, 0x69, 0x62, 0x49, 0x66, 0x72,
  0xe8, 0x8a, 0xe8, 0x8a, 0xe8, 0x92, 0xe8, 0x92, 0xe8, 0x92, 0xe8, 0x9a, 0x09, 0x9b, 0x08, 0x9b,
  0x08, 0x9b, 0x08, 0x9b, 0x09, 0x9b, 0x09, 0x9b, 0x28, 0x9b, 0x29, 0xa3, 0x28, 0x9b, 0x46, 0xab,
  0x28, 0xe5, 0x27, 0xe5, 0xa7, 0xfd, 0xa6, 0xfd, 0x86, 0xfd, 0x86, 0xfd, 0xa5, 0xd4, 0x8e, 0xfe,
  0x50, 0xff, 0x90, 0xff, 0x91, 0xff, 0xd2, 0xff, 0x09, 0xcd, 0x2d, 0xf6, 0xef, 0xf6, 0x71, 0xff,
  0x6d, 0xf6, 0x6a, 0xe5, 0xce, 0xf6, 0xb1, 0xff, 0x0c, 0xf6, 0x0c, 0xee, 0xd1, 0xff, 0x0f, 0xf7,
  0x6d, 0xf6, 0x6a, 0xdd, 0x4c, 0xee, 0xb1, 0xff, 0xf3, 0xff, 0xf3, 0xff, 0xf3, 0xff, 0xac, 0xdd,
  0xe9, 0xd4, 0x88, 0xcc, 0x4d, 0xe6, 0xd1, 0xff, 0xed, 0xf5, 0xc6, 0xcb, 0x85, 0xcb, 0x86, 0xd3,
  0x45, 0xcb, 0xc1, 0xc2, 0x23, 0xe4, 0x0a, 0xff, 0x28, 0xf6, 0x83, 0xec, 0x23, 0xf4, 0xe1, 0xfb,
  0x01, 0xfc, 0x01, 0xfc, 0x01, 0xfc, 0x01, 0xfc, 0x21, 0xfc, 0x40, 0xfc, 0x61, 0xfc, 0x81, 0xf4,
  0x66, 0xf5, 0x45, 0xf5, 0x81, 0xfc, 0xe2, 0xfc, 0x83, 0xfd, 0x25, 0xfe, 0x46, 0xfe, 0x45, 0xf6,
  0x43, 0xed, 0x21, 0xf4, 0x01, 0xfc, 0xe0, 0xfb, 0xe0, 0xfb, 0xe0, 0xfb, 0xe0, 0xfb, 0xe1, 0xfb,
  0xe1, 0xfb, 0xe1, 0xfb, 0xe1, 0xfb, 0xe1, 0xfb, 0xe1, 0xfb, 0xe1, 0xfb, 0xc1, 0xfb, 0xc0, 0xfb,
  0x03, 0x39, 0x40, 0x28, 0xe2, 0x79, 0x8d, 0xee, 0xf3, 0xff, 0xf4, 0xff, 0xf4, 0xff, 0xf4, 0xff,
  0xf4, 0xff, 0xf4, 0xff, 0xf4, 0xff, 0xf5, 0xff, 0xf5, 0xff, 0xf5, 0xff, 0xf5, 0xff, 0xf5, 0xff,
  0xf5, 0xff, 0xf5, 0xff, 0xf5, 0xff, 0xf4, 0xff, 0xf5, 0xff, 0xf5, 0xff, 0xf4, 0xff, 0xf3, 0xff,
  0x2e, 0xff, 0x2a, 0xf6, 0x27, 0xfd, 0xc5, 0xec, 0x27, 0xe5, 0xb9, 0xff, 0x56, 0xf7, 0xa5, 0xe4,
  0xe5, 0xf4, 0x67, 0xf5, 0x46, 0xf5, 0xc4, 0xec, 0x87, 0xf5, 0x05, 0xf5, 0x43, 0xf4, 0x05, 0xf5,
  0xe7, 0xfd, 0x47, 0xfe, 0x67, 0xfe, 0x88, 0xfe, 0x47, 0xfe, 0x88, 0xfe, 0xc5, 0xc3, 0x07, 0xdb,
  0xa5, 0xaa, 0x42, 0x41, 0x22, 0x41, 0x02, 0x41, 0x87, 0x9a, 0x86, 0xaa, 0x42, 0x51, 0x02, 0x41,
  0xc4, 0x79, 0xc7, 0xb2, 0xe7, 0xba, 0x28, 0xdb, 0xc9, 0xf3, 0x69, 0xe3, 0x45, 0x92, 0x66, 0x7a,
  0x09, 0x93, 0x08, 0x93, 0x09, 0x93, 0x09, 0x93, 0x09, 0x9b, 0x09, 0x9b, 0x09, 0x9b, 0x08, 0x9b,
  0x08, 0x9b, 0x08, 0x9b, 0x08, 0x9b, 0x08, 0x9b, 0x28, 0x9b, 0x29, 0x9b, 0x07, 0xa3, 0x68, 0xd4,
  0x68, 0xe5, 0x86, 0xf5, 0xa6, 0xfd, 0xa6, 0xfd, 0x86, 0xfd, 0x66, 0xfd, 0xa6, 0xd4, 0xef, 0xfe,
  0x70, 0xff, 0x70, 0xff, 0xf2, 0xff, 0x6e, 0xe6, 0x09, 0xcd, 0x10, 0xff, 0xae, 0xf6, 0x0c, 0xfe,
  0x09, 0xf5, 0xae, 0xfe, 0xd2, 0xff, 0x50, 0xff, 0x6a, 0xed, 0x2c, 0xee, 0x2f, 0xf7, 0xee, 0xf6,
  0xf2, 0xff, 0x70, 0xf7, 0x0c, 0xe6, 0xae, 0xee, 0x50, 0xf7, 0x91, 0xff, 0x6c, 0xd5, 0x24, 0xab,
  0x2c, 0xe6, 0x06, 0xbc, 0x6e, 0xee, 0x70, 0xf7, 0x0f, 0xff, 0x2a, 0xed, 0x86, 0xcb, 0x25, 0xcb,
  0x45, 0xcb, 0xe3, 0xc2, 0xa0, 0xd2, 0x02, 0xec, 0xa4, 0xf4, 0xe2, 0xf3, 0xe1, 0xfb, 0xe2, 0xfb,
  0xe1, 0xfb, 0xe1, 0xfb, 0x01, 0xfc, 0x22, 0xfc, 0x21, 0xf4, 0x03, 0xfd, 0x23, 0xfd, 0x61, 0xf4,
  0xa7, 0xf5, 0xe7, 0xf5, 0x81, 0xf4, 0x82, 0xfc, 0x81, 0xfc, 0xe1, 0xf4, 0xa3, 0xfd, 0xc6, 0xfe,
  0x85, 0xfe, 0xc1, 0xf4, 0x00, 0xfc, 0xe0, 0xfb, 0xe0, 0xfb, 0xc0, 0xfb, 0xe0, 0xfb, 0xe1, 0xfb,
  0xe1, 0xfb, 0xe1, 0xfb, 0xe1, 0xfb, 0xe1, 0xfb, 0xe1, 0xfb, 0xe1, 0xfb, 0xe1, 0xfb, 0xc0, 0xfb,
  0x03, 0x41, 0xa1, 0x28, 0x00, 0x59, 0xc9, 0xd4, 0xf2, 0xff, 0xf4, 0xff, 0xf4, 0xff, 0xf4, 0xff,
  0xf4, 0xff, 0xf4, 0xff, 0xf4, 0xff, 0xd4, 0xff, 0xf4, 0xff, 0xf4, 0xff, 0xf4, 0xff, 0xf4, 0xff,
  0xf4, 0xff, 0xf4, 0xff, 0xf4, 0xff, 0xf4, 0xff, 0xf3, 0xff, 0xf2, 0xff, 0xf2, 0xff, 0xf3, 0xff,
  0xcc, 0xf6, 0x47, 0xf5, 0x68, 0xfd, 0xa8, 0xfd, 0x2b, 0xfe, 0xba, 0xff, 0xfc, 0xff, 0x70, 0xff,
  0x2b, 0xf7, 0xea, 0xf6, 0x2c, 0xff, 0x0b, 0xff, 0xaa, 0xf6, 0x46, 0xfd, 0x83, 0xf4, 0x84, 0xfc,
  0x45, 0xfd, 0xc6, 0xfd, 0x27, 0xfe, 0x47, 0xfe, 0x27, 0xfe, 0x47, 0xfe, 0x67, 0xe5, 0xc5, 0xc2,
  0x07, 0xdb, 0x45, 0xa2, 0x63, 0x51, 0xc4, 0x69, 0x06, 0x82, 0xe0, 0x48, 0x62, 0x59, 0x86, 0xa2,
  0x47, 0xd3, 0x65, 0xa2, 0x82, 0x79, 0x25, 0xa2, 0x44, 0xa2, 0x45, 0xba, 0x29, 0xe3, 0xc4, 0x71,
  0xe4, 0x69, 0xe4, 0x71, 0x05, 0x72, 0x25, 0x7a, 0x66, 0x82, 0xa7, 0x8a, 0xe8, 0x92, 0x08, 0x9b,
  0x29, 0x9b, 0x08, 0x9b, 0x08, 0x9b, 0x08, 0x9b, 0x08, 0x9b, 0x07, 0x9b, 0x87, 0xbb, 0x29, 0xed,
  0x66, 0xed, 0xc6, 0xfd, 0xa6, 0xfd, 0xa6, 0xfd, 0x86, 0xfd, 0x66, 0xfd, 0x86, 0xcc, 0x0f, 0xff,
  0x70, 0xff, 0xb1, 0xff, 0xf2, 0xff, 0x4a, 0xcd, 0x0d, 0xee, 0x30, 0xff, 0x0d, 0xf6, 0x0a, 0xf5,
  0xab, 0xfd, 0x30, 0xff, 0xd1, 0xff, 0x2d, 0xee, 0xcb, 0xed, 0xb1, 0xff, 0x70, 0xff, 0xce, 0xee,
  0x50, 0xff, 0xd2, 0xff, 0x0f, 0xf7, 0xb1, 0xff, 0xd2, 0xff, 0xc9, 0xd4, 0x43, 0xa2, 0x6a, 0xd5,
  0x4c, 0xe6, 0x84, 0xb3, 0x70, 0xff, 0xb1, 0xff, 0x10, 0xff, 0x67, 0xdc, 0xe3, 0xba, 0x45, 0xcb,
  0x86, 0xd3, 0xc2, 0xc2, 0xc2, 0xd2, 0x82, 0xf3, 0xe2, 0xfb, 0x02, 0xfc, 0x02, 0xfc, 0xe1, 0xfb,
  0xe1, 0xfb, 0xc1, 0xfb, 0x01, 0xfc, 0xc4, 0xfc, 0xe4, 0xf4, 0x64, 0xf5, 0x03, 0xfd, 0x61, 0xf4,
  0xa7, 0xf5, 0x8b, 0xf6, 0xe2, 0xf4, 0x03, 0xf5, 0x23, 0xf5, 0xa1, 0xf4, 0x81, 0xf4, 0xe1, 0xf4,
  0x44, 0xfe, 0x66, 0xfe, 0x81, 0xf4, 0xe0, 0xfb, 0xc0, 0xfb, 0xc0, 0xfb, 0xe0, 0xfb, 0xe0, 0xfb,
  0xe0, 0xfb, 0x00, 0xfc, 0x00, 0xfc, 0x01, 0xfc, 0xe1, 0xfb, 0xe1, 0xfb, 0x01, 0xfc, 0x21, 0xfc,
  0x03, 0x41, 0xc2, 0x30, 0xc0, 0x50, 0x25, 0xc3, 0x8a, 0xf5, 0x8d, 0xfe, 0x0e, 0xf7, 0x2f, 0xf7,
  0x91, 0xff, 0xf2, 0xff, 0xd2, 0xff, 0xd2, 0xff, 0xf3, 0xff, 0xf4, 0xff, 0xf4, 0xff, 0xf4, 0xff,
  0xf4, 0xff, 0xf4, 0xff, 0xf4, 0xff, 0xf3, 0xff, 0xf1, 0xff, 0x8f, 0xff, 0x4e, 0xf7, 0xf0, 0xff,
  0x6a, 0xf6, 0x47, 0xf5, 0xe9, 0xfd, 0x6a, 0xfe, 0xac, 0xfe, 0xba, 0xff, 0xfe, 0xff, 0x72, 0xf7,
  0x8e, 0xff, 0x6c, 0xff, 0x2b, 0xf7, 0x8c, 0xf7, 0x0b, 0xf7, 0x26, 0xf5, 0xc5, 0xfc, 0x83, 0xfc,
  0xa4, 0xf4, 0x45, 0xfd, 0xc7, 0xfd, 0x07, 0xfe, 0x27, 0xfe, 0x27, 0xfe, 0x47, 0xfe, 0xa5, 0xbb,
  0xa6, 0xca, 0x28, 0xe3, 0x45, 0x9a, 0x83, 0x61, 0x63, 0x61, 0x04, 0x8a, 0xa6, 0xc2, 0xe7, 0xd2,
  0xa6, 0xba, 0xe1, 0x58, 0x82, 0x81, 0xe6, 0xca, 0x61, 0x81, 0x85, 0xc2, 0x25, 0xaa, 0xc0, 0x48,
  0xe0, 0x50, 0xe0, 0x48, 0xe0, 0x50, 0xe0, 0x50, 0x01, 0x51, 0x21, 0x59, 0x42, 0x61, 0xa3, 0x69,
  0x45, 0x82, 0xc8, 0x92, 0x29, 0x9b, 0x29, 0x9b, 0x08, 0x9b, 0x26, 0xab, 0xc8, 0xdc, 0x46, 0xed,
  0xc6, 0xfd, 0xc6, 0xfd, 0xa6, 0xfd, 0xa6, 0xfd, 0x86, 0xfd, 0x66, 0xfd, 0xa5, 0xcc, 0x0f, 0xf7,
  0x90, 0xff, 0xf1, 0xff, 0x91, 0xff, 0x09, 0xcd, 0xf0, 0xfe, 0x8e, 0xfe, 0x6a, 0xed, 0x4d, 0xf6,
  0x8e, 0xf6, 0x50, 0xff, 0x0f, 0xf7, 0x0c, 0xe6, 0xb1, 0xff, 0x91, 0xff, 0xae, 0xfe, 0x8a, 0xe5,
  0x47, 0xdc, 0xe9, 0xd4, 0x8a, 0xdd, 0x4d, 0xf6, 0xac, 0xdd, 0x83, 0xa2, 0x83, 0xaa, 0xce, 0xf6,
  0x6a, 0xdd, 0x03, 0xb3, 0x6a, 0xe5, 0x8e, 0xf6, 0x4b, 0xed, 0xc2, 0xb2, 0x45, 0xc3, 0xa6, 0xd3,
  0xe4, 0xc2, 0x03, 0xc3, 0x85, 0xd3, 0xa3, 0xeb, 0xe2, 0xfb, 0x23, 0xfc, 0x03, 0xfc, 0xe2, 0xfb,
  0xe1, 0xfb, 0xe1, 0xfb, 0x23, 0xf4, 0x27, 0xfd, 0xc9, 0xfd, 0xc7, 0xfd, 0x82, 0xf4, 0x81, 0xfc,
  0x46, 0xf5, 0xee, 0xf6, 0x48, 0xf6, 0x84, 0xfd, 0x02, 0xf5, 0xc1, 0xfc, 0xa2, 0xf4, 0xc2, 0xf4,
  0xe2, 0xf4, 0x27, 0xf6, 0x24, 0xf5, 0x21, 0xfc, 0xc0, 0xfb, 0xc0, 0xfb, 0xe0, 0xfb, 0x00, 0xfc,
  0x20, 0xfc, 0x21, 0xfc, 0x00, 0xfc, 0x00, 0xfc, 0x01, 0xfc, 0x01, 0xfc, 0x41, 0xf4, 0x62, 0xfc,
  0x23, 0x41, 0x02, 0x39, 0xc0, 0x48, 0x63, 0xb2, 0x85, 0xe3, 0xa5, 0xeb, 0xe5, 0xe3, 0x65, 0xe4,
  0xe7, 0xec, 0x69, 0xf5, 0xaa, 0xf5, 0x6c, 0xf6, 0xef, 0xfe, 0x51, 0xff, 0xab, 0xdd, 0xa8, 0xc4,
  0x6e, 0xf6, 0xae, 0xfe, 0x8d, 0xfe, 0xce, 0xfe, 0x2e, 0xff, 0x8f, 0xff, 0x4e, 0xf7, 0x2d, 0xf7,
  0x2d, 0xff, 0x8b, 0xf6, 0x2c, 0xff, 0xae, 0xff, 0xd1, 0xff, 0xfa, 0xff, 0xfe, 0xff, 0xf6, 0xff,
  0xf1, 0xff, 0x8d, 0xff, 0xca, 0xfe, 0x0b, 0xff, 0x2c, 0xff, 0x87, 0xf5, 0x83, 0xf4, 0xa4, 0xfc,
  0x25, 0xfd, 0xa6, 0xfd, 0xe7, 0xfd, 0xe7, 0xfd, 0xe7, 0xfd, 0xc6, 0xfd, 0x07, 0xfe, 0x66, 0xd4,
  0x86, 0xc2, 0x07, 0xdb, 0xe4, 0x99, 0x05, 0x9a, 0x65, 0xaa, 0xc7, 0xc2, 0x62, 0x89, 0x25, 0xb2,
  0xa7, 0xba, 0x43, 0x81, 0xa6, 0xca, 0x44, 0xaa, 0xa2, 0x91, 0xc7, 0xd2, 0x41, 0x71, 0x22, 0x51,
  0x01, 0x51, 0x01, 0x51, 0x01, 0x51, 0x21, 0x51, 0x21, 0x59, 0x21, 0x59, 0x21, 0x59, 0x21, 0x59,
  0x21, 0x59, 0x62, 0x61, 0x04, 0x7a, 0xe8, 0x9a, 0x08, 0xa3, 0x27, 0xcc, 0x47, 0xed, 0xc6, 0xfd,
  0xc6, 0xfd, 0xa6, 0xfd, 0xa6, 0xfd, 0x86, 0xfd, 0x86, 0xfd, 0x66, 0xfd, 0x07, 0xdd, 0xce, 0xee,
  0xb0, 0xff, 0xf2, 0xff, 0x0f, 0xef, 0x4a, 0xd5, 0xf0, 0xfe, 0x2a, 0xed, 0xcc, 0xf5, 0xae, 0xfe,
  0xef, 0xfe, 0xb2, 0xff, 0xcf, 0xfe, 0x2f, 0xff, 0x71, 0xff, 0x2a, 0xcd, 0xe4, 0xaa, 0x42, 0x9a,
  0x62, 0x9a, 0xa4, 0x9a, 0x6e, 0xf6, 0x6a, 0xe5, 0x22, 0x92, 0x02, 0x9a, 0x07, 0xc4, 0x50, 0xff,
  0xa8, 0xcc, 0xa2, 0xaa, 0x6b, 0xf5, 0xcc, 0xf5, 0x04, 0xbb, 0xc4, 0xba, 0xa7, 0xd3, 0x24, 0xc3,
  0xa2, 0xba, 0x85, 0xd3, 0x65, 0xcb, 0xc2, 0xca, 0xe4, 0xfb, 0x64, 0xfc, 0x02, 0xfc, 0xc2, 0xfb,
  0xe1, 0xfb, 0xe1, 0xfb, 0x44, 0xfc, 0x49, 0xfd, 0x89, 0xfd, 0x6a, 0xfe, 0x44, 0xf5, 0x81, 0xfc,
  0x25, 0xf5, 0x51, 0xff, 0xcb, 0xf6, 0x84, 0xf5, 0x02, 0xfd, 0x01, 0xfd, 0xe3, 0xfc, 0xe4, 0xfc,
  0x82, 0xfc, 0x82, 0xf4, 0x64, 0xf5, 0xa2, 0xfc, 0xc0, 0xfb, 0xc0, 0xfb, 0x00, 0xfc, 0x03, 0xfd,
  0x23, 0xfd, 0x21, 0xfc, 0x21, 0xfc, 0x61, 0xf4, 0x04, 0xfd, 0xc3, 0xf4, 0x41, 0xf4, 0x21, 0xfc,
  0x23, 0x41, 0x03, 0x39, 0xe0, 0x48, 0x43, 0xa2, 0x05, 0xdc, 0xc6, 0xe4, 0xa8, 0xed, 0xa6, 0xec,
  0xc4, 0xeb, 0x25, 0xf4, 0x86, 0xf4, 0x66, 0xec, 0x86, 0xf4, 0x26, 0xe4, 0x00, 0x92, 0x80, 0x81,
  0x64, 0xd3, 0x86, 0xfc, 0x65, 0xfc, 0xa6, 0xf4, 0xe7, 0xf4, 0x68, 0xf5, 0xea, 0xf5, 0xcd, 0xf6,
  0x8e, 0xff, 0x6d, 0xf7, 0x2d, 0xf7, 0x0d, 0xef, 0xed, 0xee, 0x98, 0xf7, 0xff, 0xff, 0xd8, 0xff,
  0xef, 0xff, 0xcb, 0xfe, 0xa7, 0xf5, 0xe8, 0xf5, 0xc7, 0xfd, 0x66, 0xfd, 0x25, 0xfd, 0xe4, 0xfc,
  0x05, 0xf5, 0xa6, 0xfd, 0xc7, 0xfd, 0x86, 0xfd, 0x86, 0xfd, 0x65, 0xfd, 0xe4, 0xf4, 0x26, 0xf5,
  0x45, 0xbb, 0x44, 0xb2, 0x86, 0xba, 0x83, 0x81, 0x25, 0xaa, 0x45, 0xaa, 0x42, 0x71, 0x05, 0x9a,
  0x43, 0x69, 0xe1, 0x58, 0x22, 0x61, 0xc1, 0x48, 0xc1, 0x48, 0xe1, 0x48, 0xe1, 0x48, 0x21, 0x51,
  0x01, 0x51, 0x01, 0x51, 0x01, 0x51, 0x01, 0x51, 0x21, 0x59, 0x21, 0x59, 0x22, 0x59, 0x42, 0x61,
  0x42, 0x61, 0x41, 0x61, 0x21, 0x59, 0x82, 0x69, 0x06, 0xab, 0xe7, 0xe4, 0xa7, 0xfd, 0xc7, 0xfd,
  0xa6, 0xfd, 0xa6, 0xfd, 0x86, 0xfd, 0x86, 0xfd, 0x66, 0xfd, 0x67, 0xfd, 0x06, 0xe5, 0x6c, 0xee,
  0xd1, 0xff, 0xf2, 0xff, 0x6d, 0xde, 0x8b, 0xd5, 0xcf, 0xfe, 0x2a, 0xf5, 0x4d, 0xfe, 0x4d, 0xf6,
  0x30, 0xff, 0x71, 0xff, 0xab, 0xdd, 0xea, 0xc4, 0x05, 0x9b, 0xa1, 0x79, 0x03, 0x8a, 0xe6, 0xa2,
  0xe5, 0x9a, 0x07, 0xc4, 0x6a, 0xf5, 0xc4, 0xaa, 0x84, 0xa2, 0x25, 0xb3, 0x8e, 0xf6, 0xd1, 0xff,
  0xc6, 0xbb, 0xa3, 0xaa, 0x68, 0xd4, 0x65, 0xc3, 0x83, 0xaa, 0x46, 0xcb, 0x45, 0xcb, 0x82, 0xb2,
  0xe3, 0xba, 0x04, 0xcb, 0xc3, 0xba, 0xa2, 0xba, 0x22, 0xd3, 0x65, 0xfc, 0x03, 0xfc, 0xc2, 0xfb,
  0xc1, 0xfb, 0xc1, 0xfb, 0x44, 0xfc, 0x6a, 0xfd, 0xa9, 0xfd, 0xcc, 0xfe, 0x68, 0xfe, 0xc2, 0xf4,
  0x04, 0xf5, 0x52, 0xff, 0xe7, 0xed, 0x43, 0xf5, 0xe6, 0xfd, 0x88, 0xfe, 0xc5, 0xfd, 0xa7, 0xfd,
  0x05, 0xfd, 0xe4, 0xf4, 0x64, 0xf5, 0xa2, 0xfc, 0xe0, 0xfb, 0xe0, 0xfb, 0xe0, 0xf3, 0xc5, 0xfd,
  0xa9, 0xfe, 0x82, 0xf4, 0x21, 0xfc, 0x41, 0xfc, 0x82, 0xfc, 0xa2, 0xfc, 0x41, 0xfc, 0x41, 0xfc,
  0x23, 0x41, 0x23, 0x39, 0xc1, 0x40, 0xc3, 0xa2, 0xac, 0xfe, 0xee, 0xff, 0x8c, 0xff, 0xa8, 0xed,
  0xa9, 0xf5, 0x87, 0xec, 0xc4, 0xe3, 0x43, 0xd3, 0x44, 0xcb, 0x61, 0xaa, 0xe0, 0x91, 0xc0, 0x89,
  0x84, 0xd3, 0x86, 0xfc, 0x65, 0xfc, 0x66, 0xfc, 0x86, 0xfc, 0xe4, 0xeb, 0x46, 0xf4, 0x28, 0xf5,
  0xc9, 0xed, 0x6a, 0xe6, 0xf0, 0xff, 0xd1, 0xff, 0x90, 0xf7, 0xb8, 0xf7, 0xff, 0xff, 0xb9, 0xf7,
  0xeb, 0xf6, 0x69, 0xfe, 0xc7, 0xfd, 0xa7, 0xfd, 0x66, 0xfd, 0x66, 0xfd, 0x46, 0xfd, 0x25, 0xfd,
  0x45, 0xfd, 0x65, 0xfd, 0x66, 0xfd, 0x24, 0xf5, 0x45, 0xfd, 0x45, 0xfd, 0x25, 0xf5, 0x08, 0xfe,
  0xe4, 0xa2, 0x04, 0xaa, 0x87, 0xba, 0x42, 0x61, 0x63, 0x71, 0x22, 0x59, 0x00, 0x41, 0xe1, 0x40,
  0xc2, 0x38, 0xc1, 0x38, 0x01, 0x41, 0xe1, 0x40, 0xa0, 0x38, 0xa0, 0x38, 0xc0, 0x40, 0x01, 0x49,
  0x01, 0x51, 0x01, 0x51, 0x01, 0x51, 0x01, 0x51, 0x21, 0x59, 0x21, 0x59, 0x41, 0x59, 0x42, 0x61,
  0x42, 0x61, 0x42, 0x61, 0x61, 0x61, 0x00, 0x61, 0xc3, 0xa2, 0xc7, 0xfd, 0xc6, 0xfd, 0xc6, 0xfd,
  0xa6, 0xfd, 0xa6, 0xfd, 0x86, 0xfd, 0x66, 0xfd, 0x65, 0xfd, 0x86, 0xfd, 0xc6, 0xe4, 0xca, 0xdd,
  0xf1, 0xff, 0xf2, 0xff, 0x2d, 0xde, 0x0d, 0xe6, 0xcd, 0xf5, 0x27, 0xd4, 0x6c, 0xed, 0xec, 0xf5,
  0x8f, 0xee, 0x29, 0xb4, 0xc4, 0x92, 0x84, 0x92, 0xe3, 0x81, 0x65, 0x92, 0xe7, 0xa2, 0x84, 0x92,
  0xc3, 0xa2, 0xa8, 0xf4, 0x66, 0xc3, 0x23, 0x9a, 0xa4, 0xa2, 0xa7, 0xcc, 0xb1, 0xff, 0x90, 0xff,
  0x45, 0xb3, 0xe5, 0xba, 0x46, 0xc3, 0xe4, 0xb2, 0x05, 0xbb, 0x87, 0xcb, 0xe4, 0xba, 0x62, 0xb2,
  0xa2, 0xb2, 0xe4, 0xc2, 0x45, 0xcb, 0xa6, 0xd3, 0xc2, 0xba, 0x02, 0xd3, 0x04, 0xfc, 0xe3, 0xfb,
  0x44, 0xfc, 0x45, 0xf4, 0xc7, 0xfc, 0xaa, 0xfd, 0x2b, 0xf6, 0xec, 0xfe, 0x08, 0xf6, 0x03, 0xf5,
  0xe3, 0xec, 0x32, 0xff, 0xe9, 0xf5, 0x22, 0xfd, 0x06, 0xfe, 0x0a, 0xff, 0xca, 0xf6, 0x2a, 0xfe,
  0xc9, 0xf5, 0xa8, 0xf5, 0x66, 0xfd, 0xa3, 0xf4, 0x00, 0xfc, 0xc0, 0xfb, 0xc0, 0xf3, 0x81, 0xec,
  0x0b, 0xff, 0x65, 0xfd, 0x20, 0xfc, 0x20, 0xfc, 0x20, 0xfc, 0x00, 0xfc, 0x20, 0xfc, 0x00, 0xfc,
  0x03, 0x41, 0x03, 0x41, 0xc1, 0x40, 0x63, 0x92, 0xcd, 0xfe, 0xcf, 0xff, 0xcc, 0xee, 0xa9, 0xed,
  0x66, 0xe4, 0x64, 0xd3, 0xc2, 0xba, 0xa2, 0xba, 0xc3, 0xb2, 0x82, 0xa2, 0x00, 0x92, 0x21, 0x9a,
  0xc5, 0xe3, 0x66, 0xfc, 0x45, 0xfc, 0x66, 0xfc, 0x87, 0xfc, 0x03, 0xc3, 0xa4, 0xd3, 0xa6, 0xfc,
  0x83, 0xd3, 0x61, 0x9a, 0x2c, 0xee, 0xd1, 0xff, 0xf3, 0xff, 0xfa, 0xff, 0xff, 0xff, 0xfc, 0xff,
  0x8c, 0xf6, 0x08, 0xfe, 0xc7, 0xfd, 0xa7, 0xfd, 0x86, 0xfd, 0x66, 0xfd, 0x46, 0xfd, 0x66, 0xfd,
  0x66, 0xfd, 0x45, 0xfd, 0x25, 0xfd, 0x24, 0xf5, 0x45, 0xfd, 0x04, 0xf5, 0x66, 0xfd, 0xe6, 0xc3,
  0x83, 0x71, 0xa4, 0x81, 0x22, 0x61, 0xe0, 0x38, 0xe1, 0x38, 0xc1, 0x38, 0xc1, 0x48, 0xc1, 0x38,
  0x63, 0x69, 0x63, 0x71, 0xc1, 0x50, 0x05, 0x9a, 0x62, 0x61, 0xa0, 0x38, 0xc0, 0x40, 0x01, 0x49,
  0x01, 0x51, 0x01, 0x51, 0x01, 0x51, 0x01, 0x59, 0x21, 0x59, 0x21, 0x59, 0x41, 0x59, 0x41, 0x61,
  0x42, 0x61, 0x62, 0x61, 0x41, 0x61, 0x60, 0x79, 0xc7, 0xe4, 0xe7, 0xfd, 0xc6, 0xfd, 0xa6, 0xfd,
  0xa6, 0xfd, 0xa6, 0xfd, 0x86, 0xfd, 0x66, 0xfd, 0x66, 0xfd, 0x66, 0xfd, 0x06, 0xf5, 0x49, 0xdd,
  0xd1, 0xff, 0xf2, 0xff, 0x2d, 0xde, 0xe8, 0xab, 0xa5, 0x92, 0x64, 0x8a, 0x85, 0x9a, 0x06, 0xab,
  0x06, 0x9b, 0x44, 0x8a, 0xc6, 0xa2, 0x85, 0x9a, 0x44, 0x92, 0xc6, 0xa2, 0x63, 0x92, 0x04, 0x93,
  0x4b, 0xe5, 0xea, 0xf4, 0x83, 0x9a, 0x43, 0x9a, 0x45, 0xab, 0xae, 0xf6, 0xf2, 0xff, 0x70, 0xff,
  0x86, 0xbb, 0x26, 0xc3, 0x66, 0xc3, 0xc4, 0xb2, 0x45, 0xbb, 0x45, 0xc3, 0x82, 0xb2, 0x62, 0xb2,
  0x04, 0xc3, 0x25, 0xcb, 0x24, 0xc3, 0x65, 0xcb, 0x85, 0xd3, 0x82, 0xc2, 0xa1, 0xca, 0x05, 0xf4,
  0x29, 0xfd, 0x8a, 0xfd, 0xaa, 0xfd, 0xaa, 0xfd, 0x6c, 0xfe, 0x2d, 0xff, 0x0a, 0xfe, 0x4a, 0xfe,
  0x86, 0xe5, 0xf2, 0xf6, 0x8f, 0xf6, 0x66, 0xf5, 0xe8, 0xed, 0xab, 0xee, 0x0f, 0xf7, 0xd0, 0xfe,
  0x8f, 0xf6, 0x8e, 0xf6, 0x6c, 0xf6, 0xc8, 0xf5, 0xa4, 0xf4, 0x43, 0xfc, 0x22, 0xfc, 0x42, 0xf4,
  0xab, 0xfe, 0x28, 0xfe, 0x00, 0xfc, 0x00, 0xfc, 0x21, 0xfc, 0x21, 0xfc, 0x21, 0xfc, 0x00, 0xfc,
  0x02, 0x39, 0x03, 0x41, 0xc2, 0x40, 0xc2, 0x81, 0xc8, 0xdc, 0xc8, 0xdc, 0xa4, 0xd3, 0x23, 0xd3,
  0xa3, 0xba, 0x63, 0xaa, 0x01, 0x92, 0x80, 0x81, 0x80, 0x79, 0x83, 0x9a, 0xc2, 0xa2, 0x02, 0xbb,
  0x46, 0xf4, 0x46, 0xfc, 0x45, 0xfc, 0x46, 0xfc, 0xa7, 0xfc, 0x83, 0xaa, 0x63, 0xaa, 0x04, 0xf4,
  0x02, 0xcb, 0x20, 0x79, 0x23, 0xc3, 0xea, 0xfd, 0x0e, 0xf7, 0xb8, 0xff, 0xff, 0xff, 0xfd, 0xff,
  0x10, 0xff, 0x28, 0xfe, 0xe7, 0xfd, 0xa7, 0xfd, 0x86, 0xfd, 0x86, 0xfd, 0x86, 0xfd, 0x86, 0xfd,
  0xa6, 0xfd, 0x65, 0xfd, 0x25, 0xfd, 0x86, 0xfd, 0x86, 0xfd, 0xa6, 0xfd, 0xa5, 0xc3, 0x21, 0x61,
  0x01, 0x49, 0xa1, 0x40, 0xc0, 0x40, 0x21, 0x49, 0xc1, 0x40, 0xc4, 0x91, 0xa4, 0x89, 0x02, 0x61,
  0xe8, 0xd2, 0xc3, 0xa1, 0xe2, 0x99, 0x28, 0xdb, 0x22, 0x61, 0x01, 0x49, 0xe1, 0x48, 0xe1, 0x48,
  0xe1, 0x50, 0x01, 0x51, 0x01, 0x51, 0x01, 0x59, 0x21, 0x59, 0x21, 0x59, 0x41, 0x59, 0x41, 0x61,
  0x41, 0x61, 0x62, 0x69, 0x01, 0x69, 0x44, 0xb3, 0x08, 0xfe, 0xa6, 0xfd, 0xc6, 0xfd, 0xa6, 0xfd,
  0xa6, 0xfd, 0x86, 0xfd, 0x66, 0xfd, 0x66, 0xfd, 0x66, 0xfd, 0x45, 0xfd, 0x25, 0xfd, 0xc6, 0xdc,
  0x4f, 0xf7, 0xf2, 0xff, 0x29, 0xbd, 0xe6, 0xb3, 0x05, 0x9b, 0xc5, 0x92, 0xa5, 0x9a, 0x64, 0x9a,
  0x43, 0x92, 0x22, 0x92, 0x23, 0x92, 0x23, 0x92, 0xa5, 0xa2, 0x24, 0x92, 0x43, 0x92, 0x0e, 0xe6,
  0x4e, 0xfe, 0xe7, 0xcb, 0x42, 0x92, 0x64, 0xa2, 0xa9, 0xcc, 0x71, 0xff, 0xf2, 0xff, 0xee, 0xf6,
  0x86, 0xc3, 0x46, 0xc3, 0x25, 0xbb, 0xe4, 0xb2, 0x66, 0xc3, 0xc4, 0xb2, 0x21, 0xaa, 0xa3, 0xba,
  0xc3, 0xba, 0x24, 0xc3, 0x86, 0xd3, 0x24, 0xcb, 0xe3, 0xc2, 0xa2, 0xc2, 0x40, 0xba, 0xc1, 0xc2,
  0xa8, 0xec, 0x8b, 0xfd, 0x8a, 0xfd, 0x8b, 0xf5, 0x8d, 0xfe, 0x50, 0xff, 0xb0, 0xf6, 0x54, 0xff,
  0x34, 0xf7, 0x97, 0xff, 0xb9, 0xff, 0x97, 0xff, 0x97, 0xff, 0x96, 0xff, 0x54, 0xf7, 0x12, 0xf7,
  0xcf, 0xf6, 0x6d, 0xf6, 0xeb, 0xf5, 0xa9, 0xfd, 0x47, 0xfd, 0x06, 0xfd, 0xc5, 0xfc, 0xa4, 0xfc,
  0xc8, 0xfd, 0xaa, 0xfe, 0x41, 0xfc, 0x00, 0xfc, 0x21, 0xfc, 0x41, 0xfc, 0x21, 0xfc, 0x00, 0xfc,
  0x03, 0x39, 0x03, 0x39, 0xe2, 0x38, 0x82, 0x79, 0xc4, 0xc2, 0x25, 0xd3, 0xe4, 0xc2, 0x42, 0xaa,
  0xc1, 0x89, 0x61, 0x71, 0x00, 0x61, 0x00, 0x61, 0x00, 0x69, 0x40, 0x71, 0xa2, 0xa2, 0xa3, 0xcb,
  0x04, 0xec, 0x26, 0xfc, 0x46, 0xfc, 0x45, 0xfc, 0x66, 0xfc, 0x63, 0xaa, 0xa2, 0x81, 0x24, 0xcb,
  0x61, 0xa2, 0x20, 0x69, 0x01, 0x9a, 0x86, 0xf4, 0xa8, 0xf5, 0xd2, 0xf6, 0xff, 0xff, 0xfe, 0xff,
  0x53, 0xff, 0x48, 0xfe, 0x28, 0xfe, 0x08, 0xfe, 0xe7, 0xfd, 0xc7, 0xfd, 0xc7, 0xfd, 0xc7, 0xfd,
  0xc6, 0xfd, 0x85, 0xf5, 0x44, 0xed, 0x45, 0xf5, 0xc6, 0xfd, 0x67, 0xed, 0x62, 0x61, 0xa0, 0x30,
  0x01, 0x49, 0xc1, 0x40, 0xc5, 0x89, 0x25, 0x9a, 0x62, 0x81, 0x87, 0xd2, 0x82, 0x89, 0x65, 0xba,
  0xa6, 0xca, 0x41, 0x89, 0x07, 0xe3, 0xe5, 0x99, 0xe1, 0x48, 0x42, 0x59, 0xe1, 0x48, 0xe1, 0x48,
  0xe1, 0x50, 0x01, 0x51, 0x01, 0x51, 0x01, 0x59, 0x21, 0x59, 0x41, 0x59, 0x41, 0x59, 0x41, 0x59,
  0x41, 0x61, 0x21, 0x69, 0x81, 0x79, 0x27, 0xed, 0xe7, 0xfd, 0xa6, 0xfd, 0xa6, 0xfd, 0xa6, 0xfd,
  0x86, 0xfd, 0x86, 0xfd, 0x66, 0xfd, 0x66, 0xfd, 0x46, 0xfd, 0x45, 0xfd, 0x46, 0xfd, 0x65, 0xdc,
  0x8d, 0xee, 0xd1, 0xff, 0x4a, 0xcd, 0x30, 0xff, 0x2a, 0xcd, 0xa4, 0x92, 0xc5, 0x9a, 0xc5, 0x9a,
  0xc5, 0xa2, 0xe2, 0x89, 0x81, 0x79, 0x23, 0x92, 0x44, 0x92, 0x03, 0x8a, 0xc5, 0x9a, 0xa7, 0xbb,
  0x69, 0xd4, 0x25, 0xab, 0x43, 0x92, 0xc4, 0xa2, 0x6f, 0xee, 0x91, 0xff, 0xd2, 0xff, 0xae, 0xf6,
  0xa6, 0xcb, 0x26, 0xc3, 0xe5, 0xb2, 0x05, 0xbb, 0x46, 0xc3, 0x62, 0xaa, 0x42, 0xaa, 0x83, 0xb2,
  0x45, 0xc3, 0x66, 0xcb, 0x04, 0xc3, 0x04, 0xc3, 0xe4, 0xca, 0x81, 0xba, 0x60, 0xba, 0x40, 0xba,
  0xe2, 0xca, 0x67, 0xe4, 0x4f, 0xf6, 0xb3, 0xf6, 0x36, 0xff, 0x77, 0xff, 0x77, 0xff, 0x98, 0xf7,
  0x97, 0xf7, 0xd9, 0xff, 0x98, 0xff, 0x12, 0xf7, 0xd0, 0xfe, 0xae, 0xf6, 0x6c, 0xf6, 0x4b, 0xf6,
  0x2a, 0xfe, 0xe9, 0xfd, 0xc9, 0xfd, 0xa9, 0xfd, 0x68, 0xfd, 0x06, 0xfd, 0xe5, 0xfc, 0xc5, 0xfc,
  0x25, 0xf5, 0xc9, 0xfe, 0x43, 0xf5, 0x00, 0xf4, 0x21, 0xfc, 0x62, 0xfc, 0x21, 0xfc, 0x00, 0xfc,
  0x03, 0x39, 0x02, 0x39, 0xe2, 0x38, 0x63, 0x71, 0x85, 0xba, 0x02, 0xa2, 0xa1, 0x81, 0x20, 0x71,
  0x00, 0x69, 0x00, 0x69, 0x20, 0x69, 0x00, 0x69, 0x20, 0x71, 0x00, 0x71, 0x40, 0x71, 0xa2, 0xaa,
  0xa4, 0xdb, 0x06, 0xf4, 0x46, 0xfc, 0xe4, 0xf3, 0xc4, 0xf3, 0x63, 0xaa, 0x21, 0x69, 0x23, 0x9a,
  0x80, 0x79, 0x40, 0x69, 0x80, 0x81, 0xc5, 0xdb, 0x87, 0xfd, 0xb0, 0xfe, 0xfe, 0xff, 0xff, 0xff,
  0x75, 0xff, 0x69, 0xf6, 0x68, 0xfe, 0x69, 0xfe, 0x48, 0xf6, 0x48, 0xf6, 0x68, 0xfe, 0x88, 0xfe,
  0xa9, 0xfe, 0xeb, 0xfe, 0xca, 0xf6, 0x48, 0xf6, 0x47, 0xfe, 0xa4, 0xab, 0x60, 0x38, 0xa3, 0x79,
  0x46, 0xa2, 0x42, 0x81, 0xa7, 0xca, 0xa2, 0x91, 0x84, 0xca, 0xc3, 0xa9, 0x82, 0x89, 0x07, 0xdb,
  0x82, 0x99, 0x44, 0xba, 0xe7, 0xda, 0xc1, 0x58, 0x22, 0x59, 0x01, 0x51, 0xe0, 0x48, 0xe1, 0x48,
  0xe0, 0x50, 0xe0, 0x50, 0xe0, 0x50, 0x00, 0x59, 0x01, 0x59, 0x21, 0x59, 0x21, 0x59, 0x21, 0x59,
  0x21, 0x59, 0xe0, 0x58, 0x03, 0xa3, 0xe8, 0xfd, 0xc6, 0xfd, 0xa6, 0xfd, 0xa6, 0xfd, 0x86, 0xfd,
  0x86, 0xfd, 0x86, 0xfd, 0x66, 0xfd, 0x46, 0xfd, 0x46, 0xfd, 0x25, 0xfd, 0x25, 0xfd, 0xc6, 0xf4,
  0xeb, 0xe5, 0xee, 0xe6, 0x8b, 0xd5, 0x91, 0xff, 0xef, 0xfe, 0x86, 0xab, 0xa5, 0x92, 0xc6, 0x9a,
  0xc6, 0xa2, 0xa5, 0xa2, 0x61, 0x79, 0x81, 0x79, 0x43, 0x92, 0x43, 0x92, 0xc5, 0xa2, 0x85, 0x9a,
  0xa4, 0xa2, 0xe6, 0xaa, 0x02, 0x8a, 0xa9, 0xbc, 0x51, 0xff, 0x70, 0xf7, 0xb1, 0xff, 0x6d, 0xf6,
  0x07, 0xcc, 0x26, 0xbb, 0x05, 0xb3, 0x25, 0xbb, 0xe4, 0xb2, 0x21, 0xa2, 0x42, 0xaa, 0x25, 0xc3,
  0x66, 0xcb, 0xe4, 0xba, 0x45, 0xcb, 0x45, 0xcb, 0x62, 0xba, 0x20, 0xb2, 0x40, 0xba, 0x43, 0xdb,
  0x26, 0xf4, 0xa4, 0xe3, 0x06, 0xe4, 0xac, 0xf5, 0x0d, 0xf6, 0x0c, 0xf6, 0x2c, 0xfe, 0x6d, 0xfe,
  0x8d, 0xf6, 0x33, 0xff, 0x97, 0xff, 0x8d, 0xf6, 0x8b, 0xfe, 0x6b, 0xfe, 0x4b, 0xfe, 0x4b, 0xfe,
  0x2b, 0xfe, 0x0a, 0xfe, 0xea, 0xfd, 0xc9, 0xfd, 0x88, 0xfd, 0x47, 0xfd, 0x06, 0xfd, 0xe5, 0xfc,
  0xe5, 0xfc, 0x27, 0xf6, 0x67, 0xf6, 0x61, 0xf4, 0x41, 0xfc, 0x82, 0xfc, 0x41, 0xfc, 0x20, 0xfc,
  0x02, 0x39, 0x03, 0x39, 0xe2, 0x30, 0x22, 0x61, 0x24, 0xaa, 0x00, 0x71, 0xe0, 0x60, 0x00, 0x61,
  0x00, 0x69, 0x20, 0x69, 0x20, 0x71, 0x20, 0x71, 0x20, 0x71, 0x20, 0x71, 0x00, 0x61, 0x40, 0x71,
  0xe3, 0xba, 0xa4, 0xdb, 0xa5, 0xeb, 0xe3, 0xca, 0x03, 0xcb, 0xc4, 0xb2, 0xe0, 0x60, 0x81, 0x71,
  0x40, 0x69, 0x80, 0x79, 0xa0, 0x89, 0xe2, 0xca, 0x06, 0xfd, 0xaf, 0xfe, 0xfd, 0xff, 0xff, 0xff,
  0xb8, 0xff, 0xca, 0xfe, 0x89, 0xfe, 0x69, 0xfe, 0x68, 0xf6, 0x89, 0xfe, 0x2a, 0xff, 0xac, 0xff,
  0xef, 0xff, 0xf2, 0xff, 0xf1, 0xff, 0xee, 0xff, 0x0c, 0xef, 0xc2, 0x71, 0x42, 0x81, 0x08, 0xd3,
  0xc4, 0xa9, 0x05, 0xb2, 0x25, 0xba, 0xc3, 0xa1, 0xa6, 0xca, 0x41, 0x81, 0xa6, 0xca, 0x65, 0xc2,
  0x63, 0x99, 0x29, 0xeb, 0xa2, 0x79, 0x01, 0x51, 0x01, 0x51, 0xa0, 0x48, 0xc0, 0x48, 0x01, 0x51,
  0x62, 0x61, 0xa3, 0x69, 0xe4, 0x71, 0x25, 0x7a, 0x45, 0x7a, 0x26, 0x82, 0x45, 0x82, 0x04, 0x82,
  0x64, 0x8a, 0xe1, 0x79, 0xc7, 0xdc, 0xe7, 0xfd, 0xc6, 0xfd, 0xa6, 0xfd, 0xa6, 0xfd, 0x86, 0xfd,
  0x86, 0xfd, 0x86, 0xfd, 0x66, 0xfd, 0x46, 0xfd, 0x46, 0xfd, 0x25, 0xfd, 0x25, 0xfd, 0xc5, 0xfc,
  0x08, 0xdd, 0xeb, 0xcd, 0x2d, 0xe6, 0x50, 0xff, 0x71, 0xff, 0x09, 0xcd, 0x84, 0x92, 0xa6, 0x9a,
  0xa5, 0x9a, 0xc5, 0xa2, 0x64, 0x92, 0x20, 0x71, 0x61, 0x79, 0x02, 0x8a, 0x84, 0x9a, 0xa4, 0xa2,
  0xa4, 0xa2, 0xc5, 0xa2, 0xa4, 0x9a, 0x30, 0xf7, 0x71, 0xff, 0xb1, 0xff, 0xd1, 0xff, 0xce, 0xfe,
  0xa8, 0xd4, 0x05, 0xbb, 0x05, 0xb3, 0x46, 0xbb, 0x63, 0xaa, 0x01, 0xa2, 0xa3, 0xb2, 0x46, 0xc3,
  0xe4, 0xba, 0x66, 0xcb, 0x45, 0xcb, 0x61, 0xb2, 0x21, 0xb2, 0x61, 0xba, 0x84, 0xe3, 0x28, 0xfd,
  0x0a, 0xf6, 0xc6, 0xf4, 0xe3, 0xe3, 0xc3, 0xe3, 0x49, 0xfd, 0xeb, 0xfd, 0x0b, 0xfe, 0x4c, 0xfe,
  0x6c, 0xfe, 0xd1, 0xf6, 0xb8, 0xff, 0xaf, 0xf6, 0x6c, 0xfe, 0x6b, 0xfe, 0x4b, 0xfe, 0x2b, 0xfe,
  0x2b, 0xfe, 0x0a, 0xfe, 0x0a, 0xfe, 0xe9, 0xfd, 0xa9, 0xfd, 0x68, 0xfd, 0x47, 0xfd, 0x06, 0xfd,
  0xc4, 0xf4, 0x23, 0xed, 0x09, 0xff, 0x44, 0xf5, 0xa3, 0xf4, 0xc3, 0xfc, 0x41, 0xfc, 0x20, 0xfc,
  0x03, 0x39, 0x03, 0x39, 0xe2, 0x38, 0x01, 0x51, 0x04, 0x9a, 0x20, 0x71, 0xe0, 0x60, 0x00, 0x61,
  0x00, 0x69, 0x20, 0x71, 0x40, 0x71, 0x61, 0x79, 0x81, 0x81, 0x41, 0x71, 0xe0, 0x58, 0xc0, 0x50,
  0x80, 0x79, 0xc2, 0xb2, 0x23, 0xd3, 0xe1, 0x91, 0x80, 0x81, 0x43, 0x9a, 0x20, 0x69, 0x40, 0x71,
  0x80, 0x79, 0xc0, 0x89, 0x01, 0x9a, 0xc1, 0xc2, 0xa5, 0xf4, 0x6e, 0xfe, 0xfd, 0xff, 0xff, 0xff,
  0xdb, 0xff, 0x0c, 0xff, 0xc9, 0xfe, 0xc9, 0xfe, 0xc9, 0xf6, 0xaa, 0xf6, 0xca, 0xf6, 0x0c, 0xf7,
  0x4f, 0xf7, 0x91, 0xf7, 0xb3, 0xf7, 0xf5, 0xff, 0x4c, 0xc5, 0x83, 0x89, 0x85, 0xc2, 0x86, 0xc2,
  0x62, 0x91, 0x86, 0xc2, 0x62, 0x91, 0x86, 0xd2, 0xa3, 0x99, 0xe3, 0xa1, 0xe7, 0xe2, 0x61, 0x91,
  0x86, 0xda, 0x66, 0xba, 0xc0, 0x48, 0x42, 0x59, 0x01, 0x51, 0x63, 0x59, 0x05, 0x72, 0x87, 0x82,
  0xc8, 0x8a, 0xe8, 0x92, 0x08, 0x93, 0x08, 0x9b, 0x08, 0x9b, 0x09, 0x9b, 0xe8, 0xa2, 0x66, 0xb3,
  0xcc, 0xf5, 0x07, 0xe5, 0x87, 0xf5, 0xc7, 0xfd, 0xa6, 0xfd, 0xa6, 0xfd, 0x86, 0xfd, 0x86, 0xfd,
  0x86, 0xfd, 0x66, 0xfd, 0x66, 0xfd, 0x46, 0xfd, 0x26, 0xfd, 0x25, 0xfd, 0x05, 0xfd, 0x06, 0xfd,
  0xa6, 0xec, 0x4a, 0xcd, 0x8e, 0xee, 0x30, 0xff, 0x91, 0xff, 0xae, 0xee, 0xe4, 0x9a, 0x85, 0x92,
  0xa6, 0x9a, 0xc5, 0xa2, 0xe5, 0xa2, 0x42, 0x92, 0x00, 0x71, 0x20, 0x71, 0x22, 0x92, 0xa3, 0xa2,
  0x83, 0xa2, 0xc5, 0xaa, 0xc4, 0xa2, 0x2b, 0xd5, 0x2e, 0xee, 0x50, 0xff, 0x10, 0xf7, 0x4d, 0xee,
  0x68, 0xcc, 0xe5, 0xb2, 0x05, 0xb3, 0x25, 0xb3, 0x21, 0xa2, 0x42, 0xa2, 0x25, 0xbb, 0x05, 0xbb,
  0x45, 0xcb, 0x05, 0xc3, 0x41, 0xaa, 0x21, 0xaa, 0x41, 0xb2, 0x45, 0xd3, 0x47, 0xfc, 0x0b, 0xfe,
  0xf0, 0xff, 0xcf, 0xff, 0x0c, 0xff, 0xa5, 0xec, 0x83, 0xe3, 0x6a, 0xfd, 0x0b, 0xfe, 0x2c, 0xfe,
  0x6b, 0xfe, 0x8f, 0xf6, 0x77, 0xff, 0xaf, 0xf6, 0x6b, 0xfe, 0x4b, 0xfe, 0x4b, 0xfe, 0x4b, 0xfe,
  0x2b, 0xfe, 0x2a, 0xfe, 0x0a, 0xfe, 0xea, 0xfd, 0xc9, 0xfd, 0xa9, 0xfd, 0x88, 0xfd, 0x68, 0xfd,
  0x46, 0xfd, 0xa2, 0xf4, 0x67, 0xf6, 0x84, 0xf5, 0xe3, 0xf4, 0xe3, 0xfc, 0x61, 0xfc, 0x20, 0xfc,
  0x03, 0x39, 0x03, 0x39, 0x02, 0x39, 0xc1, 0x48, 0xe3, 0x89, 0x41, 0x71, 0xe0, 0x60, 0x20, 0x69,
  0x20, 0x69, 0x61, 0x71, 0xc2, 0x81, 0xc2, 0x81, 0x81, 0x79, 0x41, 0x61, 0xc0, 0x48, 0xc0, 0x50,
  0x00, 0x61, 0x60, 0x79, 0x42, 0x9a, 0x80, 0x79, 0x40, 0x71, 0x81, 0x81, 0xa1, 0x81, 0xc1, 0x89,
  0xc0, 0x91, 0xe0, 0x99, 0x21, 0xaa, 0xa1, 0xba, 0x44, 0xe4, 0x6f, 0xfe, 0xfe, 0xff, 0xff, 0xff,
  0xfd, 0xff, 0xb7, 0xf7, 0x95, 0xff, 0x96, 0xff, 0x97, 0xff, 0xb8, 0xff, 0xb9, 0xff, 0xda, 0xff,
  0xdb, 0xff, 0xdb, 0xff, 0xfd, 0xff, 0xdc, 0xff, 0x68, 0xb3, 0xc3, 0xa9, 0xc7, 0xda, 0xa2, 0x99,
  0x66, 0xba, 0xc3, 0xa1, 0x03, 0xb2, 0x86, 0xc2, 0x42, 0x89, 0xe7, 0xda, 0x03, 0xb2, 0xe3, 0xb1,
  0x28, 0xeb, 0x01, 0x69, 0x22, 0x49, 0xc4, 0x69, 0x67, 0x7a, 0xc8, 0x8a, 0xe8, 0x8a, 0xe8, 0x92,
  0xe8, 0x92, 0xe8, 0x92, 0xe8, 0x92, 0xe8, 0x92, 0xe8, 0x92, 0xe8, 0x9a, 0xc6, 0xa2, 0x88, 0xdc,
  0x2c, 0xfe, 0x26, 0xed, 0xa6, 0xfd, 0xa7, 0xfd, 0xa6, 0xfd, 0x86, 0xfd, 0x86, 0xfd, 0x66, 0xfd,
  0x66, 0xfd, 0x66, 0xfd, 0x46, 0xfd, 0x46, 0xfd, 0x26, 0xfd, 0x25, 0xfd, 0x05, 0xfd, 0x06, 0xfd,
  0xc6, 0xf4, 0xe6, 0xb3, 0x4d, 0xee, 0x0f, 0xff, 0x50, 0xff, 0x71, 0xff, 0x86, 0xab, 0xe3, 0x81,
  0x44, 0x8a, 0x43, 0x92, 0x83, 0x9a, 0xc4, 0xa2, 0x80, 0x81, 0x00, 0x71, 0x20, 0x71, 0xe1, 0x89,
  0xa3, 0xa2, 0xa4, 0xa2, 0x84, 0xa2, 0x84, 0xa2, 0xc4, 0xb2, 0x66, 0xbb, 0x66, 0xb3, 0x05, 0xb3,
  0x26, 0xbb, 0x05, 0xb3, 0x05, 0xb3, 0x25, 0xb3, 0x01, 0x9a, 0xa4, 0xb2, 0x25, 0xbb, 0x25, 0xbb,
  0x66, 0xcb, 0x62, 0xb2, 0x21, 0xaa, 0x62, 0xb2, 0xc3, 0xc2, 0xa6, 0xdb, 0x27, 0xec, 0xe8, 0xf4,
  0xea, 0xfd, 0x2d, 0xf7, 0xf0, 0xff, 0x4b, 0xf6, 0xe4, 0xe3, 0xa4, 0xdb, 0x8a, 0xfd, 0x0b, 0xfe,
  0x2c, 0xfe, 0x4d, 0xfe, 0x56, 0xff, 0xb0, 0xf6, 0x4b, 0xfe, 0x4c, 0xfe, 0x4c, 0xfe, 0xcd, 0xfe,
  0xad, 0xfe, 0x2b, 0xfe, 0x0a, 0xfe, 0x0a, 0xfe, 0xea, 0xfd, 0xe9, 0xfd, 0xc9, 0xfd, 0x0a, 0xfe,
  0x29, 0xfe, 0xa3, 0xf4, 0xa5, 0xf5, 0x26, 0xf6, 0x82, 0xf4, 0x45, 0xfd, 0x44, 0xf5, 0xa2, 0xf4,
  0x03, 0x39, 0x03, 0x39, 0xe2, 0x38, 0xa1, 0x38, 0x43, 0x69, 0x21, 0x61, 0xe0, 0x50, 0x01, 0x59,
  0x21, 0x61, 0x62, 0x69, 0x62, 0x69, 0x21, 0x61, 0x00, 0x59, 0x21, 0x51, 0x21, 0x59, 0x41, 0x59,
  0x61, 0x61, 0x40, 0x69, 0x60, 0x71, 0x60, 0x79, 0x80, 0x79, 0x80, 0x81, 0xa0, 0x89, 0x42, 0x9a,
  0xe4, 0xa2, 0x86, 0xb3, 0xcb, 0xd4, 0xcf, 0xe5, 0xd3, 0xf6, 0xb9, 0xff, 0xfe, 0xff, 0xff, 0xff,
  0xff, 0xff, 0xff, 0xff, 0xff, 0xff, 0xff, 0xff, 0xff, 0xff, 0xff, 0xff, 0xff, 0xff, 0xff, 0xff,
  0xff, 0xff, 0xfe, 0xff, 0xfd, 0xff, 0x14, 0xde, 0xa3, 0xa1, 0x66, 0xca, 0x45, 0xc2, 0x83, 0x99,
  0x65, 0xc2, 0x82, 0x99, 0xe7, 0xd2, 0x62, 0x91, 0x45, 0xca, 0x85, 0xd2, 0x62, 0x91, 0x27, 0xeb,
  0xe4, 0x99, 0xa1, 0x48, 0x84, 0x61, 0x87, 0x82, 0xc8, 0x82, 0xc8, 0x82, 0xc8, 0x8a, 0xc8, 0x8a,
  0xe8, 0x92, 0xe8, 0x92, 0xe8, 0x92, 0xe8, 0x92, 0xe8, 0x92, 0x08, 0x93, 0xe6, 0xa2, 0xc8, 0xec,
  0x2c, 0xfe, 0x26, 0xe5, 0x86, 0xfd, 0x87, 0xfd, 0x86, 0xfd, 0x86, 0xfd, 0x66, 0xfd, 0x66, 0xfd,
  0x66, 0xfd, 0x66, 0xfd, 0x46, 0xfd, 0x46, 0xfd, 0x25, 0xfd, 0x05, 0xfd, 0x05, 0xfd, 0x05, 0xfd,
  0x07, 0xfd, 0x85, 0xc3, 0x4e, 0xee, 0x6d, 0xee, 0x8e, 0xee, 0x91, 0xff, 0x0b, 0xd5, 0x85, 0x92,
  0xc5, 0x9a, 0xa5, 0x9a, 0x84, 0x9a, 0xe5, 0xaa, 0x23, 0x92, 0x20, 0x71, 0x20, 0x71, 0x20, 0x71,
  0xa1, 0x81, 0x84, 0xa2, 0x83, 0xa2, 0xc5, 0xaa, 0xc5, 0xaa, 0xe6, 0xaa, 0xe6, 0xaa, 0xc5, 0xaa,
  0x06, 0xbb, 0x05, 0xb3, 0x26, 0xbb, 0x05, 0xb3, 0x01, 0x9a, 0xe5, 0xba, 0x25, 0xbb, 0x66, 0xc3,
  0x04, 0xc3, 0x21, 0xaa, 0x82, 0xb2, 0x24, 0xc3, 0x65, 0xd3, 0xe6, 0xdb, 0x06, 0xe4, 0x47, 0xf4,
  0x87, 0xfc, 0x49, 0xf5, 0xf1, 0xff, 0xb1, 0xff, 0x49, 0xf5, 0xe4, 0xeb, 0x25, 0xe4, 0xeb, 0xfd,
  0x0c, 0xfe, 0x2c, 0xfe, 0x34, 0xff, 0xd0, 0xf6, 0x4b, 0xfe, 0x4c, 0xfe, 0x4c, 0xfe, 0xce, 0xfe,
  0xae, 0xfe, 0x2b, 0xfe, 0x0a, 0xfe, 0x0a, 0xfe, 0x0a, 0xfe, 0x0a, 0xfe, 0xea, 0xfd, 0xe9, 0xfd,
  0xe9, 0xfd, 0x05, 0xfd, 0x23, 0xed, 0x87, 0xf6, 0x44, 0xf5, 0xc6, 0xfd, 0xa9, 0xfe, 0xa9, 0xfe,
  0x03, 0x31, 0x03, 0x31, 0xe2, 0x30, 0xa1, 0x30, 0xa1, 0x40, 0xa1, 0x40, 0xc0, 0x48, 0xe1, 0x48,
  0xe1, 0x50, 0x01, 0x51, 0x01, 0x59, 0x21, 0x59, 0x21, 0x61, 0x21, 0x61, 0x41, 0x69, 0x41, 0x69,
  0x61, 0x71, 0x81, 0x79, 0xe2, 0x81, 0xc5, 0x9a, 0xa8, 0xab, 0x6b, 0xbc, 0x8f, 0xd5, 0x93, 0xee,
  0x56, 0xf7, 0xd8, 0xff, 0xf9, 0xff, 0xfa, 0xff, 0xfc, 0xff, 0xfe, 0xff, 0xff, 0xff, 0xff, 0xff,
  0xff, 0xff, 0xff, 0xff, 0xff, 0xff, 0xfe, 0xff, 0xfd, 0xff, 0xdb, 0xff, 0x98, 0xff, 0x55, 0xf7,
  0x31, 0xff, 0xee, 0xf6, 0xae, 0xfe, 0x45, 0xb3, 0xc4, 0xb1, 0xe7, 0xda, 0x81, 0x91, 0x86, 0xc2,
  0x62, 0xa1, 0x87, 0xca, 0x04, 0x9a, 0xc3, 0x99, 0x07, 0xe3, 0x42, 0x99, 0x66, 0xd2, 0xc6, 0xd2,
  0xc0, 0x48, 0x43, 0x51, 0x47, 0x7a, 0xa8, 0x82, 0xa8, 0x82, 0xc8, 0x82, 0xc8, 0x8a, 0xe8, 0x8a,
  0xe8, 0x92, 0xe8, 0x92, 0xe8, 0x92, 0xe8, 0x92, 0x08, 0x9b, 0xe8, 0x9a, 0xe8, 0xa2, 0x04, 0xb3,
  0x28, 0xe5, 0x27, 0xe5, 0x86, 0xfd, 0x87, 0xfd, 0x86, 0xfd, 0x66, 0xfd, 0x66, 0xfd, 0x66, 0xfd,
  0x66, 0xfd, 0x66, 0xfd, 0x46, 0xfd, 0x46, 0xfd, 0x25, 0xfd, 0x05, 0xfd, 0xe5, 0xfc, 0x05, 0xfd,
  0xa6, 0xf4, 0x25, 0xb3, 0x2e, 0xe6, 0x0f, 0xff, 0xef, 0xf6, 0x91, 0xff, 0x2e, 0xee, 0xc5, 0x9a,
  0xc6, 0x9a, 0xc6, 0x9a, 0x84, 0x92, 0xc4, 0xa2, 0x84, 0x9a, 0x40, 0x71, 0x20, 0x71, 0x40, 0x71,
  0x20, 0x71, 0x61, 0x79, 0x22, 0x92, 0x63, 0x9a, 0xa5, 0xa2, 0x26, 0xb3, 0x06, 0xab, 0xe5, 0xaa,
  0x26, 0xb3, 0x05, 0xb3, 0x26, 0xb3, 0xc4, 0xaa, 0x01, 0x9a, 0xe4, 0xb2, 0x05, 0xbb, 0x46, 0xc3,
  0xa3, 0xb2, 0x42, 0xaa, 0x45, 0xcb, 0x64, 0xd3, 0xe6, 0xeb, 0xe6, 0xeb, 0xe6, 0xf3, 0x06, 0xf4,
  0x06, 0xf4, 0x87, 0xf4, 0x4c, 0xf6, 0x4c, 0xf6, 0xe7, 0xf4, 0xe6, 0xfc, 0x04, 0xec, 0xa7, 0xec,
  0x2c, 0xfe, 0xeb, 0xf5, 0xd2, 0xf6, 0xd0, 0xf6, 0x6c, 0xfe, 0x6d, 0xfe, 0x4c, 0xfe, 0x4c, 0xfe,
  0x2c, 0xfe, 0x2b, 0xfe, 0x0b, 0xfe, 0x0b, 0xfe, 0x0a, 0xfe, 0x0a, 0xfe, 0xea, 0xfd, 0xe9, 0xfd,
  0xc9, 0xfd, 0x87, 0xfd, 0x44, 0xf5, 0x87, 0xf6, 0x67, 0xfe, 0xe6, 0xfd, 0x48, 0xfe, 0x89, 0xfe,
  0xe3, 0x30, 0x02, 0x31, 0xe2, 0x30, 0xc1, 0x30, 0xa1, 0x30, 0xc1, 0x38, 0x01, 0x41, 0xe1, 0x40,
  0xe0, 0x48, 0xe0, 0x48, 0xe0, 0x50, 0xe0, 0x58, 0x41, 0x61, 0xc3, 0x71, 0x86, 0x8a, 0xaa, 0xa3,
  0xee, 0xc4, 0xf1, 0xd5, 0xb4, 0xe6, 0xb8, 0xff, 0xfa, 0xff, 0xfb, 0xff, 0xfc, 0xff, 0xfc, 0xff,
  0xfb, 0xff, 0xfb, 0xff, 0xfb, 0xff, 0xfa, 0xff, 0xfa, 0xff, 0xdb, 0xff, 0xfd, 0xff, 0xff, 0xff,
  0xff, 0xff, 0xfc, 0xff, 0x95, 0xff, 0x51, 0xff, 0x0f, 0xff, 0xcc, 0xfe, 0x8a, 0xfe, 0x68, 0xfe,
  0x48, 0xfe, 0x68, 0xfe, 0xe7, 0xe4, 0xe2, 0xa1, 0xa6, 0xd2, 0xc3, 0xa9, 0x04, 0xaa, 0x04, 0xb2,
  0xc4, 0xb1, 0x86, 0xca, 0x42, 0x81, 0xc7, 0xda, 0xe3, 0xa9, 0xc3, 0xa9, 0x28, 0xf3, 0x42, 0x71,
  0x01, 0x49, 0x06, 0x72, 0xa8, 0x82, 0xa8, 0x82, 0xa8, 0x82, 0xc8, 0x82, 0xc8, 0x8a, 0xe8, 0x8a,
  0xe8, 0x92, 0xe8, 0x92, 0xe8, 0x92, 0xe8, 0x92, 0xe8, 0x9a, 0xe8, 0x9a, 0xe8, 0x9a, 0xc6, 0x9a,
  0x26, 0xc4, 0x68, 0xed, 0x26, 0xf5, 0x87, 0xfd, 0x66, 0xfd, 0x66, 0xfd, 0x66, 0xfd, 0x66, 0xfd,
  0x46, 0xfd, 0x46, 0xfd, 0x46, 0xfd, 0x46, 0xfd, 0x25, 0xfd, 0x05, 0xfd, 0x05, 0xfd, 0xa5, 0xf4,
  0xc9, 0xd4, 0x09, 0xbc, 0x49, 0xbc, 0x71, 0xff, 0x71, 0xff, 0x51, 0xff, 0xcf, 0xfe, 0x86, 0xab,
  0x64, 0x8a, 0xa5, 0x92, 0x85, 0x9a, 0xc4, 0xa2, 0xc4, 0xa2, 0xa1, 0x81, 0x20, 0x71, 0x40, 0x71,
  0x40, 0x71, 0x40, 0x71, 0x40, 0x79, 0x22, 0x92, 0x63, 0x9a, 0xe5, 0xaa, 0xe5, 0xaa, 0xe5, 0xaa,
  0x26, 0xb3, 0x05, 0xb3, 0x26, 0xb3, 0x43, 0xa2, 0x02, 0x9a, 0xa4, 0xb2, 0x25, 0xbb, 0x46, 0xc3,
  0x83, 0xaa, 0x05, 0xc3, 0x86, 0xd3, 0xa5, 0xe3, 0xc8, 0xec, 0xcb, 0xf5, 0x09, 0xed, 0xe6, 0xf3,
  0xe6, 0xf3, 0x26, 0xf4, 0x46, 0xf4, 0x86, 0xf4, 0xa8, 0xf5, 0xcc, 0xf6, 0xa8, 0xfd, 0xc3, 0xe3,
  0x08, 0xf5, 0xeb, 0xfd, 0x70, 0xf6, 0xd0, 0xf6, 0xae, 0xf6, 0xee, 0xfe, 0x4c, 0xfe, 0x2b, 0xfe,
  0x0b, 0xfe, 0x0b, 0xfe, 0x0b, 0xfe, 0x0b, 0xfe, 0xea, 0xfd, 0xea, 0xfd, 0xea, 0xfd, 0xe9, 0xfd,
  0xc9, 0xfd, 0xa8, 0xfd, 0x66, 0xfd, 0x68, 0xf6, 0x09, 0xff, 0xc6, 0xfd, 0xc6, 0xfd, 0xa6, 0xfd,
  0xe2, 0x38, 0xe2, 0x30, 0xc2, 0x30, 0xc1, 0x30, 0xc1, 0x38, 0xe1, 0x40, 0x01, 0x41, 0x41, 0x49,
  0xe3, 0x59, 0x08, 0x83, 0x2c, 0xa4, 0x0f, 0xbd, 0x94, 0xe6, 0x97, 0xff, 0xf9, 0xff, 0xfa, 0xff,
  0xfa, 0xff, 0xfa, 0xff, 0xf9, 0xff, 0x98, 0xff, 0x36, 0xf7, 0xb4, 0xe6, 0x32, 0xde, 0xf1, 0xdd,
  0xb0, 0xdd, 0x8f, 0xd5, 0x4e, 0xd5, 0xec, 0xd4, 0xaa, 0xd4, 0xa9, 0xdc, 0xb4, 0xf6, 0xff, 0xff,
  0xff, 0xff, 0xb7, 0xff, 0xca, 0xfe, 0xa9, 0xfe, 0x68, 0xfe, 0x48, 0xfe, 0x48, 0xfe, 0x28, 0xfe,
  0x08, 0xfe, 0xe9, 0xfd, 0xe4, 0xc2, 0x04, 0xba, 0x85, 0xc2, 0x62, 0x99, 0x65, 0xc2, 0x82, 0x99,
  0xa7, 0xd2, 0x61, 0x89, 0x46, 0xc2, 0x86, 0xc2, 0x41, 0x89, 0x28, 0xeb, 0x04, 0xa2, 0xc0, 0x40,
  0xc4, 0x69, 0x88, 0x82, 0x88, 0x82, 0xa7, 0x82, 0xa8, 0x82, 0xc8, 0x8a, 0xc8, 0x8a, 0xe8, 0x92,
  0xe8, 0x92, 0xe8, 0x92, 0xe8, 0x92, 0xe8, 0x92, 0xe8, 0x9a, 0xe8, 0x9a, 0x08, 0x9b, 0xe8, 0x9a,
  0x25, 0xab, 0x28, 0xed, 0x06, 0xed, 0x67, 0xfd, 0x66, 0xfd, 0x66, 0xfd, 0x66, 0xfd, 0x46, 0xfd,
  0x46, 0xfd, 0x46, 0xfd, 0x46, 0xfd, 0x26, 0xfd, 0x06, 0xfd, 0x05, 0xfd, 0x06, 0xfd, 0x25, 0xd4,
  0x90, 0xee, 0xce, 0xdd, 0x26, 0x9b, 0x51, 0xff, 0x0f, 0xf7, 0x30, 0xff, 0x0f, 0xff, 0xc9, 0xcc,
  0x85, 0x92, 0xc5, 0x9a, 0xc6, 0xa2, 0xc6, 0xa2, 0x44, 0x92, 0x60, 0x71, 0x20, 0x71, 0x40, 0x71,
  0x40, 0x71, 0x40, 0x79, 0x60, 0x79, 0x80, 0x81, 0x02, 0x92, 0x43, 0x9a, 0x06, 0xab, 0xe5, 0xaa,
  0x26, 0xb3, 0x05, 0xb3, 0xa4, 0xaa, 0xe1, 0x91, 0x42, 0xa2, 0xc4, 0xb2, 0x46, 0xc3, 0x05, 0xbb,
  0xc4, 0xb2, 0x87, 0xcb, 0x66, 0xd3, 0x43, 0xdb, 0xeb, 0xf5, 0xf1, 0xff, 0x2e, 0xff, 0x67, 0xf4,
  0xe6, 0xeb, 0x64, 0xdb, 0x06, 0xf4, 0xc6, 0xf4, 0x8b, 0xf6, 0xf0, 0xff, 0x2a, 0xf6, 0x85, 0xf4,
  0xe4, 0xeb, 0x29, 0xf5, 0x2e, 0xfe, 0x90, 0xfe, 0x6d, 0xf6, 0xce, 0xfe, 0x8d, 0xfe, 0x4c, 0xfe,
  0x2b, 0xfe, 0x0b, 0xfe, 0x0b, 0xfe, 0x0b, 0xfe, 0xea, 0xfd, 0xea, 0xfd, 0xea, 0xfd, 0xc9, 0xfd,
  0xc9, 0xfd, 0xa8, 0xfd, 0x87, 0xfd, 0xa9, 0xfe, 0x29, 0xff, 0xe6, 0xfd, 0xc6, 0xfd, 0x27, 0xfe,
  0x03, 0x49, 0xe2, 0x40, 0xe2, 0x38, 0xe2, 0x38, 0x23, 0x49, 0x26, 0x6a, 0xeb, 0x9b, 0x0f, 0xbd,
  0xf2, 0xd5, 0x74, 0xe6, 0x54, 0xde, 0xf2, 0xd5, 0x4f, 0xc5, 0xad, 0xb4, 0x4c, 0xb4, 0x0a, 0xac,
  0xa9, 0xab, 0x48, 0xab, 0x06, 0xa3, 0xe6, 0xa2, 0xc5, 0xa2, 0x84, 0xa2, 0x42, 0x9a, 0x01, 0x92,
  0x00, 0x9a, 0x21, 0x9a, 0x21, 0xa2, 0x61, 0xb2, 0xa2, 0xc2, 0x23, 0xdb, 0xae, 0xf5, 0xfe, 0xff,
  0xff, 0xff, 0x97, 0xff, 0xaa, 0xfe, 0x48, 0xfe, 0x08, 0xfe, 0xc7, 0xfd, 0xa7, 0xfd, 0x87, 0xf5,
  0xa8, 0xfd, 0xa7, 0xe4, 0xc2, 0xa9, 0xa7, 0xd2, 0x61, 0x99, 0x65, 0xc2, 0x82, 0xa1, 0x86, 0xc2,
  0xc4, 0xa1, 0xc3, 0xa1, 0xc7, 0xda, 0x21, 0x91, 0x86, 0xd2, 0xc7, 0xd2, 0xa0, 0x50, 0x63, 0x59,
  0x67, 0x7a, 0x88, 0x82, 0x87, 0x82, 0xa7, 0x82, 0xa7, 0x82, 0xc8, 0x8a, 0xc8, 0x8a, 0xe8, 0x92,
  0xe8, 0x92, 0xe8, 0x92, 0xe8, 0x92, 0xe8, 0x9a, 0xe8, 0x9a, 0x08, 0x9b, 0x08, 0x9b, 0x08, 0x9b,
  0xc6, 0x9a, 0x46, 0xcc, 0x47, 0xed, 0x46, 0xf5, 0x66, 0xfd, 0x66, 0xfd, 0x46, 0xfd, 0x45, 0xfd,
  0x45, 0xfd, 0x46, 0xfd, 0x26, 0xfd, 0x26, 0xfd, 0x06, 0xfd, 0x06, 0xfd, 0xc5, 0xf4, 0xa8, 0xcc,
  0x72, 0xff, 0xd0, 0xf6, 0x84, 0x8a, 0x0e, 0xe6, 0x70, 0xff, 0xcf, 0xfe, 0x8e, 0xee, 0xae, 0xf6,
  0x25, 0xab, 0x85, 0x9a, 0x44, 0x8a, 0x03, 0x8a, 0x03, 0x8a, 0x44, 0x92, 0xc1, 0x81, 0x40, 0x71,
  0x40, 0x71, 0x60, 0x79, 0x60, 0x79, 0x40, 0x79, 0x60, 0x79, 0x81, 0x81, 0x43, 0x9a, 0xe6, 0xb2,
  0x46, 0xbb, 0xa4, 0xaa, 0xc1, 0x89, 0xe1, 0x91, 0x42, 0xa2, 0xa3, 0xaa, 0x26, 0xbb, 0x05, 0xb3,
  0x26, 0xbb, 0x87, 0xcb, 0x04, 0xcb, 0x63, 0xdb, 0x49, 0xed, 0x4f, 0xf7, 0xeb, 0xf5, 0x67, 0xf4,
  0xe6, 0xdb, 0x44, 0xcb, 0xa5, 0xdb, 0x67, 0xf4, 0xe7, 0xf4, 0xc9, 0xf5, 0xe7, 0xfc, 0x86, 0xfc,
  0x04, 0xf4, 0x84, 0xdb, 0x8b, 0xf5, 0x4d, 0xfe, 0x0c, 0xfe, 0x6d, 0xfe, 0xae, 0xf6, 0x0f, 0xff,
  0x8c, 0xfe, 0x0b, 0xfe, 0xeb, 0xfd, 0xea, 0xfd, 0xca, 0xfd, 0xca, 0xfd, 0xc9, 0xfd, 0xc9, 0xfd,
  0xa8, 0xfd, 0xa8, 0xfd, 0x29, 0xfe, 0xa8, 0xfe, 0xe8, 0xfe, 0x06, 0xfe, 0x06, 0xfe, 0x69, 0xfe,
  0x84, 0x61, 0x43, 0x51, 0x02, 0x41, 0x02, 0x41, 0x22, 0x49, 0xa4, 0x51, 0xe4, 0x61, 0xc3, 0x61,
  0xa3, 0x61, 0x82, 0x61, 0x41, 0x61, 0x41, 0x61, 0x41, 0x69, 0x41, 0x71, 0x82, 0x81, 0xc2, 0x89,
  0xe2, 0x89, 0x02, 0x92, 0x03, 0x92, 0x23, 0x9a, 0x43, 0xa2, 0x63, 0xa2, 0x01, 0x92, 0xc0, 0x89,
  0xe1, 0x91, 0xe1, 0x91, 0x01, 0x9a, 0x41, 0xa2, 0x82, 0xba, 0xc2, 0xc2, 0xca, 0xdc, 0xdd, 0xff,
  0xff, 0xff, 0x98, 0xff, 0x8a, 0xfe, 0x28, 0xfe, 0xc7, 0xfd, 0xa7, 0xfd, 0x87, 0xfd, 0x67, 0xfd,
  0x89, 0xfd, 0xa3, 0xb2, 0x65, 0xc2, 0xe4, 0xa1, 0xe4, 0xa9, 0x04, 0xaa, 0xc4, 0xa9, 0x65, 0xb2,
  0x62, 0x89, 0xc8, 0xda, 0x82, 0x99, 0xe4, 0xb9, 0x28, 0xf3, 0x41, 0x71, 0x01, 0x51, 0x26, 0x72,
  0x88, 0x82, 0x87, 0x82, 0x87, 0x82, 0xa7, 0x82, 0xa7, 0x82, 0xc8, 0x8a, 0xc8, 0x8a, 0xe8, 0x92,
  0xe8, 0x92, 0xe8, 0x92, 0xe8, 0x92, 0xe8, 0x9a, 0xe8, 0x9a, 0xe8, 0x9a, 0x08, 0x9b, 0x08, 0x9b,
  0xc7, 0x9a, 0x45, 0xab, 0x28, 0xe5, 0x06, 0xed, 0x66, 0xfd, 0x46, 0xfd, 0x46, 0xfd, 0x26, 0xfd,
  0x25, 0xfd, 0x25, 0xfd, 0x25, 0xfd, 0x05, 0xfd, 0xe5, 0xfc, 0x06, 0xfd, 0x44, 0xdc, 0x6b, 0xd5,
  0x71, 0xff, 0x2e, 0xee, 0x23, 0x82, 0x48, 0xb4, 0x51, 0xff, 0xec, 0xe5, 0x10, 0xf7, 0x92, 0xff,
  0x28, 0xc4, 0xc1, 0x81, 0x63, 0x8a, 0xc5, 0x9a, 0xe5, 0xa2, 0xe5, 0xa2, 0xc5, 0xaa, 0x43, 0x9a,
  0x60, 0x79, 0x40, 0x79, 0x60, 0x79, 0x60, 0x79, 0x60, 0x79, 0x60, 0x79, 0x60, 0x81, 0x43, 0x9a,
  0x84, 0xa2, 0xa0, 0x89, 0x80, 0x89, 0x02, 0x9a, 0x42, 0xa2, 0x63, 0xa2, 0x26, 0xbb, 0x05, 0xbb,
  0x46, 0xc3, 0x25, 0xbb, 0x61, 0xb2, 0x84, 0xe3, 0xab, 0xfd, 0xf1, 0xff, 0xaa, 0xf5, 0x06, 0xec,
  0xe6, 0xdb, 0x85, 0xd3, 0x65, 0xd3, 0xa5, 0xeb, 0x25, 0xf4, 0x66, 0xfc, 0x46, 0xf4, 0x05, 0xf4,
  0xe5, 0xeb, 0x63, 0xe3, 0xa4, 0xdb, 0x8a, 0xfd, 0x0c, 0xfe, 0xeb, 0xfd, 0x8e, 0xfe, 0x30, 0xff,
  0x8d, 0xfe, 0xeb, 0xfd, 0xeb, 0xfd, 0xea, 0xfd, 0xca, 0xfd, 0xa9, 0xfd, 0x88, 0xfd, 0x88, 0xfd,
  0x88, 0xfd, 0x87, 0xfd, 0x28, 0xfe, 0x87, 0xfe, 0x46, 0xfe, 0xe5, 0xfd, 0xe5, 0xfd, 0x06, 0xfe,
  0xc5, 0x71, 0xc5, 0x69, 0x63, 0x59, 0x22, 0x49, 0xe2, 0x48, 0xe1, 0x40, 0xe1, 0x40, 0x01, 0x49,
  0x01, 0x51, 0x62, 0x61, 0x82, 0x69, 0xa3, 0x71, 0xc3, 0x79, 0xe3, 0x81, 0x04, 0x8a, 0x24, 0x92,
  0x24, 0x92, 0x23, 0x92, 0x24, 0x92, 0x24, 0x9a, 0x23, 0x92, 0x23, 0x92, 0xa1, 0x81, 0x60, 0x79,
  0x81, 0x79, 0x81, 0x79, 0x80, 0x81, 0xc1, 0x89, 0x21, 0xa2, 0x81, 0xb2, 0xe6, 0xd3, 0x9a, 0xff,
  0xff, 0xff, 0x99, 0xff, 0x4b, 0xfe, 0xe8, 0xfd, 0xa7, 0xfd, 0x87, 0xfd, 0x66, 0xfd, 0xa7, 0xfd,
  0x25, 0xd4, 0x03, 0xaa, 0x45, 0xba, 0xa3, 0x99, 0x66, 0xba, 0xa2, 0x99, 0x67, 0xc2, 0x62, 0x89,
  0xa6, 0xca, 0xe4, 0xa9, 0xa2, 0xa1, 0x29, 0xf3, 0xa4, 0x91, 0xc0, 0x48, 0x05, 0x6a, 0x88, 0x82,
  0x88, 0x7a, 0x87, 0x82, 0x87, 0x82, 0xa7, 0x82, 0xa7, 0x82, 0xc8, 0x8a, 0xc8, 0x8a, 0xe8, 0x92,
  0xe8, 0x92, 0xe8, 0x92, 0xc8, 0x92, 0xe8, 0x92, 0xe8, 0x9a, 0xe8, 0x9a, 0xe8, 0x9a, 0xe8, 0x9a,
  0xe8, 0x9a, 0xc6, 0x9a, 0x07, 0xc4, 0x07, 0xed, 0x26, 0xfd, 0x46, 0xfd, 0x26, 0xfd, 0x25, 0xfd,
  0x25, 0xfd, 0x25, 0xfd, 0x25, 0xfd, 0x05, 0xfd, 0xe5, 0xfc, 0xe6, 0xfc, 0x47, 0xdc, 0x6e, 0xee,
  0x4d, 0xee, 0x4e, 0xee, 0xe8, 0xab, 0xc5, 0x92, 0x0d, 0xee, 0x4a, 0xd5, 0x91, 0xff, 0xcf, 0xf6,
  0x87, 0xd4, 0xe4, 0x9a, 0xc5, 0x9a, 0xa5, 0x9a, 0x84, 0x9a, 0x84, 0x9a, 0x83, 0x9a, 0xe5, 0xaa,
  0xa4, 0xa2, 0xe2, 0x89, 0x60, 0x79, 0x40, 0x79, 0x60, 0x79, 0x60, 0x81, 0x60, 0x81, 0x60, 0x81,
  0x60, 0x81, 0x60, 0x81, 0xa0, 0x89, 0x22, 0x9a, 0x43, 0xa2, 0x42, 0xa2, 0x26, 0xbb, 0x26, 0xbb,
  0x26, 0xc3, 0x62, 0xaa, 0x21, 0xaa, 0xa5, 0xdb, 0x67, 0xec, 0x6a, 0xed, 0x87, 0xe4, 0xc5, 0xdb,
  0xa6, 0xd3, 0x86, 0xd3, 0x65, 0xd3, 0x23, 0xdb, 0x64, 0xe3, 0x84, 0xe3, 0xa5, 0xeb, 0xc5, 0xeb,
  0xc5, 0xeb, 0xa5, 0xeb, 0x43, 0xe3, 0x43, 0xd3, 0x4a, 0xf5, 0xec, 0xfd, 0xec, 0xfd, 0x2c, 0xfe,
  0x0b, 0xfe, 0xeb, 0xfd, 0xcb, 0xfd, 0x2c, 0xfe, 0xca, 0xfd, 0x68, 0xfd, 0x48, 0xfd, 0x47, 0xfd,
  0x47, 0xfd, 0x46, 0xfd, 0xe7, 0xfd, 0x47, 0xfe, 0x06, 0xfe, 0xc5, 0xfd, 0xe6, 0xfd, 0x06, 0xfe,
  0xc4, 0x71, 0xc4, 0x71, 0xa4, 0x69, 0x83, 0x69, 0x62, 0x59, 0x42, 0x51, 0x42, 0x51, 0x42, 0x59,
  0x62, 0x61, 0x83, 0x69, 0xa3, 0x71, 0xc3, 0x79, 0xe3, 0x81, 0xe3, 0x81, 0x04, 0x8a, 0x04, 0x8a,
  0x03, 0x8a, 0xe3, 0x89, 0xc2, 0x89, 0xe3, 0x89, 0xe3, 0x81, 0xe3, 0x81, 0x81, 0x71, 0x20, 0x69,
  0x40, 0x69, 0x40, 0x69, 0x60, 0x71, 0x80, 0x79, 0xe1, 0x91, 0x41, 0xaa, 0x23, 0xbb, 0x17, 0xf7,
  0xff, 0xff, 0x9a, 0xff, 0x2a, 0xf6, 0xc7, 0xfd, 0x66, 0xfd, 0x46, 0xfd, 0x46, 0xfd, 0x46, 0xf5,
  0x63, 0xb2, 0x86, 0xc2, 0xa3, 0x99, 0x86, 0xc2, 0xa3, 0x99, 0x66, 0xc2, 0x82, 0x99, 0x45, 0xba,
  0x45, 0xba, 0x61, 0x91, 0x08, 0xeb, 0x25, 0xaa, 0xc0, 0x40, 0xc4, 0x61, 0x87, 0x7a, 0x88, 0x7a,
  0x88, 0x7a, 0x87, 0x7a, 0x87, 0x82, 0x87, 0x82, 0xa7, 0x82, 0xc8, 0x8a, 0xc8, 0x8a, 0xe8, 0x92,
  0xc8, 0x92, 0xc8, 0x92, 0xe8, 0x92, 0xe8, 0x92, 0xe8, 0x9a, 0xe8, 0x9a, 0xe8, 0x9a, 0xe7, 0x9a,
  0xe8, 0x9a, 0xc8, 0x9a, 0x06, 0xa3, 0x87, 0xdc, 0xe7, 0xf4, 0x26, 0xfd, 0x25, 0xfd, 0x26, 0xfd,
  0x06, 0xfd, 0x05, 0xfd, 0x05, 0xfd, 0x05, 0xfd, 0xe5, 0xfc, 0xe6, 0xfc, 0xe7, 0xd3, 0x0e, 0xe6,
  0xf0, 0xfe, 0xb2, 0xff, 0x0e, 0xde, 0xe2, 0x79, 0x2c, 0xd5, 0xaf, 0xfe, 0x51, 0xff, 0xec, 0xe5,
  0xeb, 0xf5, 0xc5, 0xbb, 0x23, 0x8a, 0x23, 0x8a, 0x44, 0x92, 0xa6, 0xa2, 0xa5, 0xa2, 0xc4, 0xa2,
  0x05, 0xb3, 0xe5, 0xaa, 0x63, 0x9a, 0xa1, 0x81, 0x40, 0x79, 0x40, 0x79, 0x60, 0x81, 0x80, 0x81,
  0x60, 0x81, 0x80, 0x81, 0xa1, 0x89, 0x22, 0x9a, 0x63, 0xa2, 0xe1, 0x91, 0xe5, 0xb2, 0x46, 0xbb,
  0x05, 0xbb, 0x01, 0xa2, 0xa3, 0xb2, 0xa6, 0xd3, 0x44, 0xdb, 0x03, 0xd3, 0xe6, 0xe3, 0xc6, 0xdb,
  0x86, 0xd3, 0x45, 0xd3, 0x03, 0xcb, 0x44, 0xdb, 0x84, 0xdb, 0xa5, 0xe3, 0xa6, 0xeb, 0xa6, 0xeb,
  0x84, 0xe3, 0xa1, 0xda, 0x61, 0xda, 0x42, 0xdb, 0xa6, 0xdc, 0x49, 0xf5, 0xeb, 0xfd, 0xab, 0xfd,
  0xab, 0xfd, 0xcb, 0xfd, 0xcb, 0xfd, 0xeb, 0xfd, 0x89, 0xfd, 0x68, 0xfd, 0x47, 0xfd, 0x47, 0xfd,
  0x26, 0xfd, 0x46, 0xfd, 0xa6, 0xfd, 0x06, 0xfe, 0xe6, 0xfd, 0xc6, 0xfd, 0xe6, 0xfd, 0x06, 0xfe,
  0xc4, 0x71, 0xa4, 0x71, 0xa4, 0x71, 0xc4, 0x71, 0xc4, 0x69, 0xa3, 0x69, 0xa3, 0x69, 0xa3, 0x69,
  0xa3, 0x71, 0xc4, 0x79, 0xc4, 0x79, 0xe4, 0x79, 0xe4, 0x81, 0xe4, 0x81, 0x04, 0x8a, 0x04, 0x8a,
  0xe3, 0x89, 0xa2, 0x79, 0xa2, 0x79, 0xc2, 0x79, 0xc2, 0x79, 0xc3, 0x79, 0x61, 0x71, 0x00, 0x61,
  0x20, 0x61, 0x20, 0x61, 0x40, 0x69, 0x60, 0x71, 0xa0, 0x89, 0x21, 0xa2, 0xa1, 0xb2, 0x33, 0xee,
  0xff, 0xff, 0xba, 0xff, 0x2b, 0xf6, 0xa6, 0xfd, 0x46, 0xfd, 0x25, 0xfd, 0x47, 0xfd, 0x65, 0xcb,
  0x44, 0xb2, 0xc3, 0xa9, 0x66, 0xc2, 0xe4, 0xa9, 0x45, 0xba, 0xa3, 0xa1, 0xc3, 0xa1, 0x87, 0xba,
  0x42, 0x89, 0x86, 0xd2, 0x25, 0xb2, 0xe0, 0x50, 0x83, 0x59, 0x67, 0x7a, 0x67, 0x7a, 0x67, 0x7a,
  0x87, 0x7a, 0x87, 0x7a, 0x87, 0x82, 0x87, 0x82, 0xa7, 0x82, 0xc8, 0x8a, 0xc8, 0x8a, 0xe8, 0x92,
  0xc8, 0x92, 0xc8, 0x92, 0xe8, 0x92, 0xe8, 0x92, 0xe8, 0x92, 0xe8, 0x9a, 0xe8, 0x9a, 0xe7, 0x9a,
  0xe7, 0x9a, 0xe7, 0x9a, 0xc7, 0x9a, 0x86, 0xbb, 0x85, 0xec, 0x06, 0xfd, 0x25, 0xfd, 0x06, 0xfd,
  0x06, 0xfd, 0x05, 0xfd, 0xe5, 0xfc, 0xe5, 0xfc, 0xe5, 0xfc, 0xe6, 0xfc, 0x65, 0xc3, 0xac, 0xdd,
  0x92, 0xff, 0x51, 0xff, 0x11, 0xff, 0x84, 0x8a, 0xc7, 0xb3, 0x91, 0xff, 0xcf, 0xf6, 0xef, 0xfe,
  0x6a, 0xe5, 0x82, 0x9a, 0x43, 0x92, 0x02, 0x92, 0x22, 0x9a, 0x63, 0xaa, 0x63, 0xa2, 0x84, 0xaa,
  0xc5, 0xb2, 0xc5, 0xb2, 0xe5, 0xaa, 0x63, 0x9a, 0xc1, 0x89, 0x80, 0x81, 0x40, 0x81, 0x60, 0x81,
  0x60, 0x81, 0x60, 0x81, 0xc1, 0x91, 0x22, 0x9a, 0x02, 0x9a, 0x80, 0x89, 0x43, 0xa2, 0x66, 0xbb,
  0xa3, 0xaa, 0x22, 0xa2, 0x46, 0xc3, 0x66, 0xcb, 0xc3, 0xba, 0x24, 0xcb, 0xc6, 0xdb, 0xc6, 0xe3,
  0x65, 0xdb, 0xe3, 0xca, 0x85, 0xe3, 0x85, 0xe3, 0xc5, 0xe3, 0x47, 0xec, 0x23, 0xdb, 0x81, 0xda,
  0x61, 0xda, 0xc1, 0xe2, 0x26, 0xec, 0x6c, 0xfe, 0x2e, 0xff, 0xe4, 0xcb, 0x87, 0xec, 0xec, 0xfd,
  0xab, 0xfd, 0xcb, 0xfd, 0xca, 0xfd, 0xaa, 0xfd, 0x89, 0xfd, 0x48, 0xfd, 0x27, 0xfd, 0x26, 0xfd,
  0x26, 0xfd, 0x46, 0xfd, 0xa7, 0xfd, 0x28, 0xfe, 0x06, 0xfe, 0xc6, 0xfd, 0xe6, 0xfd, 0x06, 0xfe,
  0xa4, 0x71, 0xa4, 0x71, 0xc4, 0x71, 0xa4, 0x71, 0xa4, 0x71, 0xc4, 0x79, 0xc4, 0x79, 0xc4, 0x79,
  0xc4, 0x81, 0xc4, 0x81, 0xc4, 0x81, 0xe4, 0x89, 0x04, 0x8a, 0x24, 0x92, 0x24, 0x92, 0x24, 0x9a,
  0x03, 0x92, 0xc2, 0x89, 0x81, 0x79, 0xc2, 0x79, 0xe3, 0x79, 0xc3, 0x79, 0x61, 0x71, 0x00, 0x59,
  0x20, 0x59, 0x20, 0x61, 0x40, 0x61, 0x60, 0x71, 0x80, 0x81, 0x01, 0x9a, 0x61, 0xaa, 0x2d, 0xdd,
  0xff, 0xff, 0xdb, 0xff, 0x4c, 0xfe, 0xa7, 0xfd, 0x67, 0xfd, 0x47, 0xfd, 0xc7, 0xf4, 0x65, 0xba,
  0x04, 0xaa, 0xe3, 0xa9, 0x25, 0xaa, 0xc4, 0x99, 0xe4, 0xa1, 0x83, 0x99, 0x45, 0xba, 0x01, 0x89,
  0x87, 0xda, 0xe7, 0xda, 0xc1, 0x58, 0x22, 0x51, 0x67, 0x7a, 0x67, 0x7a, 0x67, 0x7a, 0x67, 0x7a,
  0x87, 0x7a, 0x87, 0x7a, 0x87, 0x82, 0x87, 0x82, 0xa7, 0x82, 0xc8, 0x8a, 0xc8, 0x8a, 0xe8, 0x92,
  0xc8, 0x92, 0xe8, 0x92, 0xe8, 0x92, 0xe8, 0x92, 0xe8, 0x92, 0xe8, 0x9a, 0xe8, 0x9a, 0xe7, 0x9a,
  0xe7, 0x9a, 0xe8, 0x9a, 0xc8, 0x9a, 0xe6, 0xa2, 0x05, 0xd4, 0xc5, 0xf4, 0x05, 0xfd, 0xe5, 0xfc,
  0xe5, 0xfc, 0xe5, 0xfc, 0xe5, 0xfc, 0xe5, 0xfc, 0xc5, 0xfc, 0xe6, 0xfc, 0xa5, 0xcb, 0xad, 0xdd,
  0x11, 0xff, 0x8e, 0xee, 0x52, 0xff, 0x26, 0xa3, 0x22, 0x82, 0xf0, 0xfe, 0x6d, 0xee, 0xae, 0xfe,
  0x85, 0xab, 0x84, 0x9a, 0x04, 0xb3, 0xe5, 0xcb, 0xa8, 0xe4, 0x09, 0xf5, 0x47, 0xe4, 0xc5, 0xd3,
  0x24, 0xc3, 0xa4, 0xb2, 0xc5, 0xaa, 0x83, 0xa2, 0x63, 0xa2, 0xc4, 0xaa, 0x22, 0x9a, 0xc1, 0x91,
  0x60, 0x81, 0x40, 0x81, 0x81, 0x89, 0xc1, 0x91, 0xc1, 0x91, 0xa0, 0x89, 0xe1, 0x91, 0x26, 0xbb,
  0x63, 0xaa, 0xa3, 0xb2, 0x46, 0xc3, 0x46, 0xc3, 0x83, 0xb2, 0x65, 0xd3, 0xa6, 0xdb, 0xc6, 0xeb,
  0x44, 0xe3, 0xe5, 0xeb, 0x47, 0xfc, 0x06, 0xf4, 0x64, 0xe3, 0xe2, 0xda, 0xa1, 0xda, 0xe5, 0xeb,
  0x84, 0xeb, 0x86, 0xf4, 0x4f, 0xff, 0xcd, 0xfe, 0xcd, 0xfe, 0x47, 0xe5, 0xe0, 0xba, 0xe4, 0xdb,
  0x8a, 0xfd, 0xcb, 0xfd, 0xaa, 0xfd, 0xaa, 0xfd, 0x89, 0xfd, 0x48, 0xfd, 0x27, 0xfd, 0x27, 0xfd,
  0x26, 0xfd, 0x46, 0xfd, 0xe8, 0xfd, 0xc9, 0xfe, 0x26, 0xfe, 0xe6, 0xfd, 0xe6, 0xfd, 0x06, 0xfe,
  0x84, 0x69, 0x83, 0x71, 0xc3, 0x79, 0xe3, 0x81, 0x03, 0x8a, 0x04, 0x92, 0x23, 0x92, 0x24, 0x92,
  0x24, 0x92, 0x23, 0x92, 0x03, 0x92, 0x23, 0x9a, 0x43, 0xa2, 0x63, 0xa2, 0x83, 0xaa, 0x83, 0xb2,
  0x63, 0xb2, 0x42, 0xa2, 0xa1, 0x81, 0xa2, 0x79, 0xc3, 0x79, 0xc3, 0x79, 0x82, 0x71, 0x20, 0x59,
  0x20, 0x59, 0x20, 0x59, 0x40, 0x61, 0x40, 0x69, 0x80, 0x79, 0x01, 0x92, 0x21, 0xaa, 0x69, 0xcc,
  0xfd, 0xff, 0xfd, 0xff, 0x4e, 0xfe, 0x87, 0xfd, 0x67, 0xfd, 0x67, 0xfd, 0x25, 0xcb, 0xe4, 0xa9,
  0xc3, 0xa9, 0x26, 0xb2, 0xc4, 0xa1, 0x45, 0xb2, 0xc3, 0x91, 0xa8, 0xca, 0xa4, 0xa1, 0x86, 0xd2,
  0x07, 0xe3, 0x21, 0x71, 0x22, 0x51, 0x47, 0x72, 0x67, 0x7a, 0x67, 0x7a, 0x67, 0x7a, 0x87, 0x7a,
  0x87, 0x7a, 0x87, 0x7a, 0x87, 0x82, 0x87, 0x82, 0xa7, 0x82, 0xc8, 0x8a, 0xc8, 0x8a, 0xe8, 0x92,
  0xc8, 0x92, 0xc8, 0x92, 0xe8, 0x92, 0xe8, 0x92, 0xe8, 0x92, 0xe8, 0x9a, 0xe8, 0x9a, 0xe7, 0x9a,
  0xe7, 0x9a, 0xe8, 0x9a, 0xe7, 0x9a, 0xc7, 0x9a, 0x45, 0xbb, 0x65, 0xec, 0xe5, 0xfc, 0xe5, 0xfc,
  0xe5, 0xfc, 0xe5, 0xfc, 0xc5, 0xfc, 0xc5, 0xfc, 0xa5, 0xfc, 0xc6, 0xfc, 0x06, 0xe4, 0xc7, 0xbb,
  0x6b, 0xdd, 0xcf, 0xf6, 0x4e, 0xee, 0xaa, 0xc4, 0x02, 0x7a, 0xce, 0xe5, 0x2c, 0xf6, 0xaa, 0xe5,
  0x83, 0x9a, 0x05, 0xb3, 0xea, 0xf4, 0x8b, 0xfd, 0xab, 0xfd, 0x29, 0xfd, 0x29, 0xfd, 0xab, 0xfd,
  0x49, 0xfd, 0x88, 0xec, 0x27, 0xdc, 0xe3, 0xba, 0x42, 0xaa, 0xa4, 0xb2, 0x83, 0xaa, 0xa4, 0xaa,
  0x02, 0x9a, 0xa1, 0x89, 0x80, 0x89, 0x60, 0x81, 0xa0, 0x89, 0xa0, 0x89, 0xa0, 0x89, 0x63, 0xaa,
  0x63, 0xaa, 0x05, 0xbb, 0xe4, 0xba, 0xa3, 0xb2, 0xc3, 0xba, 0xc6, 0xdb, 0xe6, 0xe3, 0x84, 0xe3,
  0xe6, 0xf3, 0x26, 0xf4, 0x26, 0xf4, 0xc5, 0xf3, 0x22, 0xe3, 0x02, 0xeb, 0xa4, 0xeb, 0xaa, 0xfd,
  0x83, 0xeb, 0x86, 0xec, 0x68, 0xed, 0x89, 0xed, 0xcd, 0xfe, 0x2e, 0xff, 0x8c, 0xf6, 0x65, 0xd4,
  0x62, 0xcb, 0xe8, 0xf4, 0xca, 0xfd, 0xaa, 0xfd, 0xaa, 0xfd, 0xa9, 0xfd, 0x69, 0xfd, 0x68, 0xfd,
  0x47, 0xfd, 0x47, 0xfd, 0x29, 0xfe, 0x68, 0xfe, 0xe6, 0xfd, 0xe6, 0xfd, 0x06, 0xfe, 0x27, 0xfe,
  0x83, 0x71, 0x82, 0x79, 0x03, 0x92, 0x83, 0xa2, 0x83, 0xaa, 0x84, 0xaa, 0x84, 0xb2, 0xa4, 0xb2,
  0xa4, 0xb2, 0xa4, 0xb2, 0xc4, 0xba, 0xc3, 0xba, 0xe3, 0xc2, 0x04, 0xc3, 0x04, 0xcb, 0x04, 0xd3,
  0x04, 0xd3, 0xe4, 0xc2, 0x02, 0x9a, 0xa2, 0x81, 0xc3, 0x79, 0xe3, 0x81, 0xa2, 0x79, 0x40, 0x61,
  0x20, 0x59, 0x20, 0x59, 0x20, 0x61, 0x40, 0x69, 0x80, 0x79, 0xe1, 0x91, 0x21, 0xa2, 0x85, 0xbb,
  0xba, 0xff, 0xfe, 0xff, 0x6e, 0xfe, 0x87, 0xfd, 0xa8, 0xfd, 0x66, 0xec, 0x45, 0xb2, 0xa4, 0x91,
  0x04, 0x9a, 0x62, 0x71, 0xc4, 0x81, 0x02, 0x61, 0x63, 0x71, 0x02, 0x69, 0xc2, 0x60, 0x05, 0x9a,
  0x62, 0x69, 0x02, 0x51, 0x26, 0x72, 0x67, 0x7a, 0x67, 0x7a, 0x67, 0x7a, 0x67, 0x7a, 0x67, 0x7a,
  0x87, 0x7a, 0x87, 0x7a, 0x87, 0x7a, 0x87, 0x82, 0xa7, 0x82, 0xc8, 0x8a, 0xc8, 0x8a, 0xe8, 0x92,
  0xc8, 0x92, 0xc8, 0x92, 0xe8, 0x92, 0xe8, 0x92, 0xe8, 0x92, 0xe8, 0x9a, 0xe8, 0x9a, 0xe7, 0x9a,
  0xe7, 0x9a, 0xe8, 0x9a, 0xe7, 0x9a, 0xc7, 0x9a, 0xe5, 0xaa, 0xe5, 0xdb, 0xa5, 0xfc, 0xe5, 0xfc,
  0xc5, 0xfc, 0xc5, 0xfc, 0xc5, 0xfc, 0xc5, 0xfc, 0xa5, 0xfc, 0xa6, 0xfc, 0x86, 0xf4, 0xa3, 0xaa,
  0xed, 0xed, 0x30, 0xff, 0x4d, 0xe6, 0xb0, 0xf6, 0xe3, 0x79, 0x87, 0xb3, 0xab, 0xfd, 0x26, 0xcc,
  0xe4, 0xb2, 0x27, 0xe4, 0xc8, 0xec, 0xc9, 0xf4, 0x88, 0xec, 0xa8, 0xec, 0x6b, 0xfd, 0x8b, 0xfd,
  0x4a, 0xfd, 0x8b, 0xfd, 0xab, 0xfd, 0x46, 0xe4, 0x46, 0xe4, 0x06, 0xdc, 0xe4, 0xc2, 0x83, 0xb2,
  0x01, 0x9a, 0x21, 0xa2, 0xe4, 0xb2, 0x42, 0xa2, 0xa0, 0x89, 0xa0, 0x89, 0x80, 0x89, 0xa0, 0x91,
  0x42, 0xa2, 0x25, 0xbb, 0xc4, 0xb2, 0x42, 0xaa, 0x24, 0xc3, 0x07, 0xe4, 0x27, 0xf4, 0xe5, 0xeb,
  0xab, 0xf5, 0xae, 0xfe, 0xc7, 0xec, 0x01, 0xdb, 0xc4, 0xf3, 0x84, 0xeb, 0x08, 0xf5, 0xc4, 0xeb,
  0x02, 0xe3, 0x86, 0xec, 0x4c, 0xf6, 0xce, 0xfe, 0x6f, 0xff, 0xd4, 0xff, 0x92, 0xff, 0x4e, 0xff,
  0x28, 0xe5, 0x01, 0xd3, 0x66, 0xec, 0xaa, 0xfd, 0x2c, 0xfe, 0xad, 0xfe, 0xca, 0xfd, 0x89, 0xfd,
  0xc9, 0xfd, 0x88, 0xfd, 0xa7, 0xfd, 0xe6, 0xfd, 0xe5, 0xfd, 0x06, 0xfe, 0x07, 0xfe, 0x47, 0xfe,
  0xe4, 0x91, 0x03, 0x9a, 0x63, 0xaa, 0xa4, 0xb2, 0xa4, 0xba, 0xc4, 0xba, 0xc4, 0xc2, 0xe5, 0xc2,
  0xe4, 0xca, 0x05, 0xcb, 0x05, 0xd3, 0x24, 0xd3, 0x44, 0xd3, 0x44, 0xdb, 0x65, 0xe3, 0x65, 0xe3,
  0x85, 0xe3, 0x86, 0xe3, 0xc4, 0xc2, 0xe2, 0x91, 0xe3, 0x81, 0xe3, 0x81, 0xc3, 0x79, 0x41, 0x61,
  0x20, 0x59, 0x20, 0x59, 0x20, 0x61, 0x40, 0x69, 0x80, 0x79, 0xa0, 0x89, 0x01, 0xa2, 0xc3, 0xaa,
  0x17, 0xf7, 0xfe, 0xff, 0x4e, 0xf6, 0x66, 0xfd, 0x07, 0xed, 0xc3, 0x79, 0x23, 0x61, 0xc2, 0x48,
  0xe1, 0x38, 0xa1, 0x30, 0xa1, 0x30, 0xa1, 0x30, 0x80, 0x28, 0x81, 0x28, 0x60, 0x30, 0x20, 0x20,
  0xe2, 0x40, 0x27, 0x72, 0x67, 0x7a, 0x67, 0x72, 0x67, 0x7a, 0x67, 0x7a, 0x67, 0x7a, 0x67, 0x7a,
  0x67, 0x7a, 0x87, 0x7a, 0x87, 0x7a, 0x87, 0x82, 0xa7, 0x82, 0xc8, 0x8a, 0xc8, 0x8a, 0xc8, 0x92,
  0xc8, 0x92, 0xc8, 0x92, 0xe8, 0x92, 0xe8, 0x92, 0xe8, 0x92, 0xe8, 0x9a, 0xe8, 0x9a, 0xe8, 0x9a,
  0xe7, 0x9a, 0xe8, 0x9a, 0xc7, 0x9a, 0xe7, 0x9a, 0xc6, 0xa2, 0x45, 0xc3, 0x05, 0xe4, 0xc6, 0xfc,
  0xc5, 0xfc, 0xa5, 0xfc, 0xa5, 0xfc, 0xa5, 0xfc, 0x85, 0xfc, 0x85, 0xfc, 0x86, 0xfc, 0x04, 0xbb,
  0x4f, 0xee, 0xaf, 0xf6, 0x30, 0xff, 0xaf, 0xf6, 0x02, 0x82, 0x02, 0x8a, 0x88, 0xe4, 0x23, 0xbb,
  0x07, 0xdc, 0x2a, 0xfd, 0xe5, 0xd3, 0xe5, 0xdb, 0x88, 0xec, 0x4a, 0xfd, 0x8b, 0xfd, 0x6a, 0xfd,
  0x29, 0xf5, 0x4a, 0xfd, 0x8b, 0xfd, 0x66, 0xe4, 0x6a, 0xfd, 0xcb, 0xfd, 0x88, 0xec, 0x27, 0xe4,
  0x82, 0xb2, 0x21, 0xa2, 0xe4, 0xb2, 0x83, 0xa2, 0x01, 0x9a, 0x42, 0xa2, 0x22, 0x9a, 0xa0, 0x91,
  0x42, 0xa2, 0x46, 0xc3, 0xa3, 0xb2, 0x63, 0xb2, 0x45, 0xcb, 0xa5, 0xdb, 0x63, 0xe3, 0x29, 0xf5,
  0xd2, 0xff, 0xf2, 0xff, 0x8f, 0xf7, 0xa5, 0xe4, 0xc4, 0xf3, 0x45, 0xec, 0x89, 0xf5, 0xa3, 0xeb,
  0x69, 0xf5, 0x89, 0xf5, 0x11, 0xff, 0x0e, 0xf7, 0xcd, 0xf6, 0xf0, 0xfe, 0x4b, 0xee, 0x84, 0xe4,
  0xe3, 0xf3, 0x82, 0xeb, 0xa2, 0xe3, 0x24, 0xe4, 0xaa, 0xf5, 0x4c, 0xfe, 0xaa, 0xfd, 0xa9, 0xfd,
  0x0a, 0xfe, 0xa8, 0xfd, 0xa7, 0xfd, 0xc6, 0xfd, 0xe6, 0xfd, 0x68, 0xfe, 0x88, 0xfe, 0x67, 0xfe,
  0x86, 0xba, 0x84, 0xba, 0x83, 0xb2, 0x84, 0xba, 0xa4, 0xc2, 0xa4, 0xc2, 0xc4, 0xca, 0xe4, 0xca,
  0xe4, 0xca, 0x04, 0xd3, 0x04, 0xd3, 0x24, 0xdb, 0x24, 0xdb, 0x24, 0xe3, 0x44, 0xe3, 0x64, 0xe3,
  0x84, 0xeb, 0x85, 0xeb, 0x45, 0xdb, 0x22, 0xa2, 0xe3, 0x89, 0xe3, 0x81, 0xe3, 0x81, 0x61, 0x69,
  0x20, 0x59, 0x20, 0x59, 0x20, 0x61, 0x40, 0x69, 0x80, 0x71, 0xa0, 0x81, 0x21, 0x9a, 0x62, 0xaa,
  0x33, 0xe6, 0xfe, 0xff, 0x90, 0xf6, 0xa8, 0xfd, 0x63, 0x82, 0x40, 0x28, 0xc1, 0x30, 0xc1, 0x38,
  0xc1, 0x30, 0x22, 0x49, 0x22, 0x51, 0xc1, 0x48, 0x83, 0x71, 0x42, 0x59, 0x80, 0x30, 0x80, 0x30,
  0xe5, 0x61, 0x87, 0x7a, 0x47, 0x72, 0x67, 0x72, 0x67, 0x72, 0x67, 0x7a, 0x67, 0x7a, 0x67, 0x7a,
  0x67, 0x7a, 0x87, 0x7a, 0x87, 0x7a, 0x87, 0x82, 0xa7, 0x82, 0xc8, 0x8a, 0xc8, 0x8a, 0xc8, 0x92,
  0xc8, 0x92, 0xc8, 0x92, 0xe8, 0x92, 0xe8, 0x92, 0xe8, 0x92, 0xe8, 0x9a, 0xe8, 0x9a, 0xe8, 0x9a,
  0xe7, 0x9a, 0xe8, 0x9a, 0xe8, 0x9a, 0xe7, 0x9a, 0xc7, 0x9a, 0xe6, 0xaa, 0x65, 0xcb, 0x66, 0xf4,
  0xa5, 0xfc, 0xa5, 0xfc, 0xa5, 0xfc, 0x85, 0xfc, 0x65, 0xfc, 0x65, 0xfc, 0x86, 0xfc, 0xc3, 0xb2,
  0x8c, 0xdd, 0x30, 0xff, 0x71, 0xff, 0xcc, 0xed, 0x05, 0xb3, 0x81, 0x81, 0x25, 0xbb, 0x62, 0xa2,
  0xc7, 0xcb, 0x0b, 0xfd, 0xe9, 0xf4, 0x2a, 0xfd, 0x6a, 0xfd, 0x6a, 0xfd, 0x4a, 0xf5, 0x29, 0xf5,
  0x6a, 0xfd, 0x8b, 0xfd, 0x4a, 0xf5, 0x87, 0xec, 0x09, 0xf5, 0xe8, 0xec, 0xa4, 0xd3, 0x09, 0xf5,
  0xc8, 0xec, 0xa6, 0xcb, 0x45, 0xc3, 0x21, 0xa2, 0x63, 0xaa, 0x26, 0xbb, 0x83, 0xaa, 0x63, 0xa2,
  0x21, 0x9a, 0x46, 0xc3, 0x83, 0xb2, 0x42, 0xb2, 0x85, 0xd3, 0xe5, 0xe3, 0x83, 0xe3, 0x8a, 0xf5,
  0xf1, 0xff, 0xb0, 0xff, 0xf0, 0xff, 0xe9, 0xf5, 0x42, 0xeb, 0x05, 0xec, 0x07, 0xed, 0xeb, 0xed,
  0xee, 0xf6, 0x0b, 0xee, 0x8e, 0xf6, 0x50, 0xff, 0x71, 0xff, 0x6c, 0xf6, 0xed, 0xfe, 0xee, 0xfe,
  0x6c, 0xfe, 0xac, 0xf6, 0x4d, 0xff, 0x4a, 0xf6, 0x03, 0xdc, 0x08, 0xf5, 0xcb, 0xfd, 0xea, 0xf5,
  0xc9, 0xf5, 0xa8, 0xfd, 0xa8, 0xfd, 0xc7, 0xfd, 0xe7, 0xfd, 0x88, 0xfe, 0x88, 0xfe, 0x88, 0xfe,
  0xc6, 0xd2, 0x84, 0xba, 0x83, 0xb2, 0x84, 0xba, 0xa4, 0xba, 0xa4, 0xc2, 0xc4, 0xc2, 0xc4, 0xca,
  0xe4, 0xca, 0x04, 0xcb, 0x04, 0xd3, 0x04, 0xd3, 0x24, 0xdb, 0x24, 0xdb, 0x44, 0xe3, 0x44, 0xe3,
  0x64, 0xe3, 0x85, 0xeb, 0x65, 0xe3, 0x83, 0xb2, 0xe2, 0x89, 0xe3, 0x89, 0xe3, 0x81, 0x81, 0x71,
  0x40, 0x61, 0x20, 0x61, 0x20, 0x61, 0x40, 0x69, 0x60, 0x71, 0xa0, 0x79, 0x21, 0x9a, 0x21, 0xa2,
  0x4e, 0xd5, 0xfe, 0xff, 0xf3, 0xfe, 0x66, 0xab, 0x80, 0x38, 0x83, 0x71, 0x22, 0x51, 0xa4, 0x81,
  0x42, 0x89, 0x46, 0xaa, 0x63, 0x89, 0x45, 0xc2, 0x07, 0xe3, 0x83, 0x71, 0x80, 0x30, 0xa4, 0x59,
  0x88, 0x72, 0x67, 0x72, 0x47, 0x72, 0x67, 0x72, 0x67, 0x72, 0x67, 0x72, 0x67, 0x72, 0x67, 0x72,
  0x67, 0x7a, 0x87, 0x7a, 0x87, 0x7a, 0x87, 0x82, 0xa8, 0x82, 0xc8, 0x8a, 0xc8, 0x8a, 0xc8, 0x8a,
  0xc8, 0x92, 0xc8, 0x92, 0xe8, 0x92, 0xe8, 0x92, 0xe8, 0x92, 0xe8, 0x9a, 0xe8, 0x9a, 0xe8, 0x9a,
  0xe7, 0x9a, 0xe8, 0x9a, 0xe8, 0x9a, 0xe8, 0x9a, 0xe7, 0x9a, 0xc6, 0xa2, 0x45, 0xc3, 0xe5, 0xe3,
  0xa5, 0xfc, 0x85, 0xfc, 0x85, 0xfc, 0x65, 0xfc, 0x65, 0xfc, 0x65, 0xfc, 0x66, 0xfc, 0x45, 0xcb,
  0x8c, 0xdd, 0x71, 0xff, 0x6e, 0xf6, 0x68, 0xdc, 0xa7, 0xc3, 0xe2, 0x89, 0xa2, 0x81, 0x03, 0x8a,
  0xa4, 0xa2, 0xa6, 0xcb, 0xc9, 0xec, 0x6a, 0xfd, 0x8a, 0xfd, 0x4a, 0xfd, 0x49, 0xfd, 0x6a, 0xfd,
  0x8a, 0xfd, 0xab, 0xfd, 0xe8, 0xe4, 0x4a, 0xf5, 0x6a, 0xfd, 0x66, 0xe4, 0x05, 0xd4, 0xc8, 0xec,
  0xec, 0xfd, 0x8a, 0xfd, 0xc7, 0xf4, 0xc2, 0xca, 0x82, 0xb2, 0x46, 0xc3, 0x42, 0xa2, 0x62, 0xa2,
  0xa4, 0xb2, 0x83, 0xaa, 0xc4, 0xba, 0x21, 0xaa, 0x44, 0xd3, 0x26, 0xec, 0xc4, 0xeb, 0x86, 0xf4,
  0xec, 0xf6, 0xef, 0xff, 0x8f, 0xff, 0x68, 0xf5, 0xa3, 0xeb, 0xa6, 0xec, 0x51, 0xff, 0xd5, 0xff,
  0xb3, 0xff, 0xae, 0xf6, 0xca, 0xf5, 0x6e, 0xfe, 0x90, 0xfe, 0xca, 0xf5, 0xad, 0xfe, 0xf1, 0xfe,
  0x8d, 0xfe, 0xac, 0xfe, 0xef, 0xff, 0x4d, 0xff, 0x82, 0xe3, 0x41, 0xe3, 0x07, 0xed, 0xcd, 0xfe,
  0x6c, 0xfe, 0xa9, 0xfd, 0xa8, 0xfd, 0xe7, 0xfd, 0x07, 0xfe, 0x27, 0xfe, 0x47, 0xfe, 0x88, 0xfe,
  0xa5, 0xca, 0x23, 0xb2, 0x63, 0xaa, 0x63, 0xb2, 0x83, 0xba, 0xa4, 0xba, 0xa4, 0xc2, 0xe4, 0xca,
  0xe4, 0xca, 0x04, 0xd3, 0x04, 0xd3, 0x24, 0xd3, 0x24, 0xdb, 0x24, 0xdb, 0x24, 0xe3, 0x44, 0xe3,
  0x44, 0xe3, 0x64, 0xeb, 0x65, 0xeb, 0xc4, 0xba, 0x03, 0x92, 0x03, 0x8a, 0x03, 0x8a, 0xa1, 0x71,
  0x40, 0x61, 0x20, 0x61, 0x40, 0x61, 0x40, 0x69, 0x60, 0x71, 0xa0, 0x79, 0x01, 0x92, 0x00, 0xa2,
  0x49, 0xc4, 0xfe, 0xff, 0xf2, 0xe5, 0x41, 0x79, 0xc5, 0x91, 0x05, 0xaa, 0xa4, 0x91, 0xc5, 0xa1,
  0x45, 0xba, 0x63, 0x99, 0x67, 0xda, 0x07, 0xeb, 0x42, 0x79, 0xc1, 0x48, 0xc4, 0x61, 0x67, 0x7a,
  0x67, 0x72, 0x47, 0x72, 0x47, 0x72, 0x47, 0x72, 0x67, 0x72, 0x67, 0x72, 0x67, 0x72, 0x67, 0x72,
  0x67, 0x7a, 0x87, 0x7a, 0x87, 0x7a, 0x87, 0x82, 0xa8, 0x8a, 0xc8, 0x8a, 0xc8, 0x8a, 0xc8, 0x8a,
  0xc8, 0x92, 0xc8, 0x92, 0xe8, 0x92, 0xe8, 0x92, 0xe8, 0x9a, 0xe8, 0x9a, 0xe8, 0x9a, 0xe8, 0x9a,
  0xe7, 0x9a, 0xe8, 0x9a, 0xe8, 0x9a, 0xe8, 0x9a, 0xe7, 0x9a, 0xc6, 0xa2, 0x25, 0xb3, 0xc6, 0xd3,
  0x65, 0xf4, 0x85, 0xfc, 0x65, 0xfc, 0x65, 0xfc, 0x45, 0xfc, 0x45, 0xfc, 0x05, 0xec, 0xe9, 0xe4,
  0xac, 0xdd, 0x51, 0xff, 0x2b, 0xe5, 0xe7, 0xd3, 0x26, 0xb3, 0x84, 0x92, 0x64, 0x92, 0xc1, 0x79,
  0xa1, 0x79, 0xe2, 0x89, 0xa3, 0xaa, 0xa5, 0xcb, 0x88, 0xe4, 0x6a, 0xfd, 0x8b, 0xfd, 0x6a, 0xfd,
  0x8a, 0xfd, 0x49, 0xf5, 0x09, 0xf5, 0xab, 0xfd, 0x6a, 0xfd, 0x8a, 0xfd, 0x08, 0xf5, 0xc4, 0xd3,
  0x49, 0xf5, 0x8a, 0xfd, 0x86, 0xec, 0x84, 0xeb, 0x44, 0xd3, 0x25, 0xc3, 0x63, 0xaa, 0xc4, 0xb2,
  0x26, 0xc3, 0x42, 0xa2, 0x22, 0xa2, 0x01, 0xb2, 0xc2, 0xca, 0x84, 0xe3, 0x42, 0xeb, 0x83, 0xeb,
  0x65, 0xec, 0xca, 0xf5, 0x48, 0xf5, 0x08, 0xfd, 0x05, 0xf4, 0xc6, 0xec, 0x8a, 0xf5, 0x86, 0xec,
  0x05, 0xe4, 0x25, 0xdc, 0x85, 0xe4, 0x04, 0xe4, 0xa6, 0xec, 0xe6, 0xf4, 0xa3, 0xeb, 0xc0, 0xea,
  0xe1, 0xea, 0x82, 0xeb, 0x27, 0xf5, 0x64, 0xf4, 0x03, 0xec, 0x67, 0xf5, 0xa8, 0xf5, 0x06, 0xed,
  0xca, 0xfd, 0xa8, 0xfd, 0xa8, 0xfd, 0xe7, 0xfd, 0x06, 0xfe, 0x27, 0xfe, 0x47, 0xfe, 0x68, 0xfe,
  0x64, 0xba, 0x02, 0xaa, 0x22, 0xaa, 0x22, 0xaa, 0x22, 0xaa, 0x22, 0xb2, 0x42, 0xb2, 0x62, 0xb2,
  0x82, 0xba, 0x82, 0xc2, 0xa3, 0xc2, 0xc3, 0xca, 0xe3, 0xca, 0x04, 0xd3, 0x04, 0xdb, 0x24, 0xdb,
  0x44, 0xe3, 0x64, 0xeb, 0x85, 0xeb, 0x05, 0xc3, 0x23, 0x9a, 0x03, 0x92, 0x23, 0x8a, 0xc1, 0x71,
  0x60, 0x61, 0x40, 0x61, 0x40, 0x69, 0x40, 0x69, 0x60, 0x71, 0x80, 0x79, 0xe1, 0x91, 0x01, 0xa2,
  0x86, 0xbb, 0xd7, 0xee, 0x87, 0x92, 0xc4, 0xa1, 0x05, 0xaa, 0x42, 0x91, 0xe4, 0xa9, 0x26, 0xb2,
  0x83, 0xa1, 0xa6, 0xe2, 0xe7, 0xe2, 0x41, 0x71, 0xe1, 0x48, 0xc6, 0x8a, 0x86, 0x7a, 0x46, 0x7a,
  0x66, 0x7a, 0x47, 0x72, 0x47, 0x72, 0x47, 0x72, 0x47, 0x72, 0x67, 0x72, 0x67, 0x72, 0x67, 0x72,
  0x67, 0x7a, 0x67, 0x7a, 0x87, 0x82, 0xa8, 0x82, 0xc8, 0x8a, 0xc8, 0x8a, 0xa8, 0x8a, 0xc8, 0x8a,
  0xc8, 0x92, 0xc8, 0x92, 0xc8, 0x92, 0xc8, 0x92, 0xe8, 0x9a, 0xe8, 0x9a, 0x08, 0x9b, 0x08, 0x9b,
  0x08, 0x9b, 0xe8, 0x9a, 0xe8, 0x9a, 0xe7, 0x9a, 0xe7, 0x9a, 0xc7, 0xa2, 0xc5, 0xaa, 0xe6, 0xd3,
  0x25, 0xdc, 0x85, 0xfc, 0x44, 0xfc, 0x45, 0xfc, 0x45, 0xfc, 0x25, 0xfc, 0x25, 0xec, 0x09, 0xdd,
  0xaa, 0xc4, 0x11, 0xff, 0xc9, 0xdc, 0x25, 0xb3, 0xc4, 0xa2, 0x66, 0xbb, 0x63, 0x9a, 0xc1, 0x81,
  0xe2, 0x89, 0x61, 0x79, 0x61, 0x71, 0xe2, 0x91, 0xc4, 0xaa, 0xa6, 0xc3, 0xa9, 0xe4, 0x6b, 0xfd,
  0x4a, 0xfd, 0xe8, 0xec, 0x6a, 0xfd, 0x8a, 0xfd, 0x49, 0xf5, 0x49, 0xf5, 0xc7, 0xe4, 0xe8, 0xec,
  0xe8, 0xec, 0x6a, 0xfd, 0x08, 0xf5, 0xa3, 0xdb, 0xa7, 0xf4, 0xa4, 0xd3, 0x83, 0xba, 0x26, 0xbb,
  0x05, 0xbb, 0x63, 0xa2, 0x01, 0xa2, 0x00, 0xb2, 0x23, 0xdb, 0x83, 0xe3, 0x82, 0xeb, 0xe4, 0xf3,
  0x87, 0xfc, 0x86, 0xf4, 0xe6, 0xf4, 0x28, 0xf5, 0xc4, 0xeb, 0x42, 0xeb, 0xc0, 0xea, 0x40, 0xe2,
  0x80, 0xda, 0x0b, 0xf6, 0x70, 0xff, 0xce, 0xfe, 0xe7, 0xf4, 0xa3, 0xf3, 0xa0, 0xf2, 0x80, 0xf2,
  0x62, 0xeb, 0x01, 0xf3, 0xc0, 0xea, 0x21, 0xf3, 0xc5, 0xec, 0x6e, 0xff, 0xaf, 0xff, 0x23, 0xe4,
  0x84, 0xec, 0xc8, 0xfd, 0xe8, 0xfd, 0x07, 0xfe, 0x06, 0xfe, 0x27, 0xfe, 0x47, 0xfe, 0x67, 0xfe,
  0x43, 0xaa, 0x63, 0xaa, 0x64, 0xb2, 0x84, 0xb2, 0x83, 0xb2, 0x83, 0xba, 0x83, 0xba, 0x83, 0xba,
  0xa3, 0xba, 0x83, 0xba, 0xa3, 0xc2, 0xa3, 0xc2, 0xa2, 0xc2, 0xa2, 0xca, 0xc3, 0xca, 0xc2, 0xca,
  0xe3, 0xd2, 0x03, 0xdb, 0x23, 0xdb, 0xc4, 0xc2, 0x43, 0xa2, 0x23, 0x92, 0x44, 0x92, 0xe2, 0x79,
  0x60, 0x69, 0x40, 0x69, 0x40, 0x69, 0x60, 0x69, 0x60, 0x69, 0x80, 0x79, 0xe1, 0x89, 0x21, 0x9a,
  0xc4, 0xaa, 0x85, 0x92, 0x83, 0x89, 0xc4, 0xa1, 0x43, 0x91, 0x05, 0xaa, 0x25, 0xaa, 0xa3, 0xa1,
  0xe8, 0xea, 0xc7, 0xda, 0x01, 0x69, 0xa0, 0x48, 0x89, 0xa3, 0x4a, 0xb4, 0x46, 0x72, 0x66, 0x7a,
  0x46, 0x7a, 0x47, 0x72, 0x26, 0x72, 0x47, 0x72, 0x47, 0x72, 0x47, 0x72, 0x67, 0x72, 0x67, 0x72,
  0x67, 0x7a, 0x87, 0x7a, 0xa8, 0x82, 0xc8, 0x82, 0xa8, 0x82, 0xc8, 0x8a, 0xa8, 0x8a, 0xc8, 0x8a,
  0xc8, 0x92, 0xc8, 0x92, 0xc8, 0x92, 0xe8, 0x9a, 0xe8, 0x9a, 0x08, 0x9b, 0x08, 0xa3, 0x08, 0xa3,
  0x08, 0x9b, 0xe8, 0x9a, 0xe8, 0x9a, 0xe8, 0x9a, 0xe7, 0x9a, 0xc7, 0x9a, 0xa5, 0x9a, 0x06, 0xcc,
  0x66, 0xd4, 0x26, 0xf4, 0x45, 0xfc, 0x24, 0xfc, 0x24, 0xfc, 0x05, 0xfc, 0xe5, 0xe3, 0x4b, 0xe5,
  0x89, 0xbc, 0xed, 0xed, 0xc9, 0xd4, 0x05, 0xb3, 0xaa, 0xec, 0xa8, 0xec, 0x23, 0xc3, 0xc5, 0xd3,
  0xe6, 0xd3, 0x83, 0xaa, 0xa1, 0x81, 0x82, 0x79, 0x61, 0x71, 0xe2, 0x89, 0xc4, 0xaa, 0xa5, 0xcb,
  0x87, 0xe4, 0x8b, 0xfd, 0x4a, 0xfd, 0xe8, 0xf4, 0x29, 0xf5, 0x49, 0xf5, 0x69, 0xf5, 0xab, 0xfd,
  0x49, 0xed, 0x8a, 0xf5, 0xeb, 0xfd, 0x86, 0xe4, 0x49, 0xf5, 0x46, 0xec, 0x82, 0xc2, 0x46, 0xc3,
  0xc4, 0xb2, 0x26, 0xbb, 0xe4, 0xba, 0x00, 0xb2, 0xe2, 0xd2, 0x26, 0xec, 0xad, 0xfe, 0xeb, 0xf5,
  0x25, 0xf4, 0xa3, 0xeb, 0xe9, 0xf5, 0xf0, 0xff, 0x49, 0xf5, 0x02, 0xfb, 0xc1, 0xea, 0x22, 0xe3,
  0x66, 0xec, 0xce, 0xfe, 0xd5, 0xff, 0x74, 0xff, 0xc4, 0xeb, 0x20, 0xf2, 0x40, 0xfa, 0x80, 0xf2,
  0x23, 0xec, 0x66, 0xf5, 0x26, 0xfd, 0xa1, 0xe3, 0x08, 0xf6, 0xef, 0xff, 0x0d, 0xff, 0xe2, 0xeb,
  0xe1, 0xeb, 0x25, 0xed, 0xa7, 0xf5, 0x07, 0xfe, 0x27, 0xfe, 0x27, 0xfe, 0x47, 0xfe, 0x68, 0xfe,
  0x43, 0xaa, 0x63, 0xaa, 0x63, 0xb2, 0x83, 0xb2, 0x83, 0xba, 0xa4, 0xba, 0xa4, 0xc2, 0xc4, 0xc2,
  0xe4, 0xc2, 0xe4, 0xca, 0xe4, 0xca, 0x04, 0xd3, 0x24, 0xd3, 0x24, 0xd3, 0x24, 0xdb, 0x24, 0xdb,
  0x24, 0xdb, 0x44, 0xdb, 0x44, 0xe3, 0x24, 0xd3, 0x83, 0xaa, 0x43, 0x92, 0x47, 0xab, 0x64, 0x8a,
  0x60, 0x69, 0x60, 0x69, 0x60, 0x69, 0x60, 0x69, 0x60, 0x69, 0x80, 0x71, 0xc0, 0x81, 0x22, 0x92,
  0xc2, 0x89, 0x83, 0x89, 0xc4, 0x91, 0x63, 0x91, 0x05, 0xb2, 0xa4, 0xa1, 0xe3, 0xa9, 0x08, 0xfb,
  0x66, 0xd2, 0xe1, 0x58, 0xa3, 0x59, 0x65, 0x7a, 0xab, 0xbc, 0x09, 0xac, 0x25, 0x72, 0x46, 0x7a,
  0x46, 0x72, 0x46, 0x72, 0x46, 0x72, 0x46, 0x72, 0x47, 0x72, 0x47, 0x72, 0x67, 0x72, 0x67, 0x7a,
  0x67, 0x7a, 0x87, 0x82, 0xc8, 0x8a, 0xa8, 0x82, 0xa8, 0x82, 0xa7, 0x8a, 0xa8, 0x8a, 0xc8, 0x8a,
  0xa8, 0x8a, 0xc8, 0x92, 0xc7, 0x92, 0xe8, 0x9a, 0x08, 0xa3, 0x08, 0xa3, 0x08, 0xa3, 0x08, 0xab,
  0x07, 0xab, 0x08, 0xa3, 0xe7, 0xa2, 0xe7, 0x9a, 0xe7, 0x9a, 0xe7, 0x9a, 0xa6, 0x9a, 0x86, 0xbb,
  0xab, 0xe5, 0xe6, 0xd3, 0x25, 0xfc, 0x24, 0xfc, 0x24, 0xfc, 0xe4, 0xfb, 0xc5, 0xdb, 0x8f, 0xfe,
  0xa9, 0xcc, 0xca, 0xd4, 0x27, 0xcc, 0xc6, 0xd3, 0x68, 0xec, 0x44, 0xcb, 0xa4, 0xd3, 0x08, 0xfd,
  0x4a, 0xfd, 0x27, 0xe4, 0x66, 0xcb, 0x04, 0xb3, 0x23, 0x92, 0x62, 0x79, 0x61, 0x79, 0x02, 0x9a,
  0xc3, 0xb2, 0x85, 0xc3, 0x06, 0xdc, 0xe9, 0xf4, 0x8a, 0xfd, 0xab, 0xfd, 0xab, 0xfd, 0x6a, 0xfd,
  0x6a, 0xf5, 0x08, 0xe5, 0xca, 0xfd, 0x28, 0xed, 0x08, 0xed, 0xa8, 0xf4, 0x61, 0xc2, 0x83, 0xb2,
  0x83, 0xaa, 0xe5, 0xba, 0xa3, 0xb2, 0xc3, 0xca, 0x60, 0xca, 0x69, 0xed, 0xf2, 0xff, 0xcf, 0xff,
  0x85, 0xec, 0x22, 0xeb, 0xc6, 0xf4, 0xad, 0xf6, 0xa7, 0xf4, 0x22, 0xfb, 0x60, 0xe2, 0xe7, 0xec,
  0x50, 0xff, 0x6d, 0xf6, 0xd1, 0xf6, 0x68, 0xec, 0x60, 0xe2, 0x60, 0xea, 0x01, 0xf3, 0x85, 0xfc,
  0x29, 0xfe, 0xeb, 0xfe, 0x26, 0xed, 0x64, 0xe4, 0xaa, 0xfe, 0xce, 0xff, 0x06, 0xf5, 0xe0, 0xf2,
  0x22, 0xf4, 0x61, 0xec, 0x62, 0xe4, 0x44, 0xed, 0xe7, 0xfd, 0x28, 0xfe, 0x88, 0xfe, 0xc8, 0xfe,
  0x43, 0xaa, 0x43, 0xaa, 0x63, 0xb2, 0x63, 0xb2, 0x83, 0xba, 0x83, 0xba, 0xa4, 0xba, 0xa3, 0xc2,
  0xc3, 0xc2, 0xc4, 0xc2, 0xe4, 0xca, 0xe4, 0xca, 0x04, 0xd3, 0x04, 0xd3, 0x24, 0xdb, 0x24, 0xdb,
  0x44, 0xe3, 0x64, 0xe3, 0x85, 0xeb, 0x86, 0xe3, 0xc4, 0xba, 0x63, 0x9a, 0xc9, 0xbb, 0x06, 0x9b,
  0x80, 0x71, 0x81, 0x71, 0x80, 0x71, 0x60, 0x69, 0x60, 0x69, 0x80, 0x71, 0xc0, 0x81, 0xa2, 0x81,
  0x63, 0x81, 0x63, 0x89, 0xc4, 0x99, 0x05, 0xa2, 0x63, 0x99, 0x05, 0xca, 0x29, 0xfb, 0x26, 0xb2,
  0xa0, 0x50, 0xa2, 0x61, 0xaf, 0xd5, 0xc6, 0x82, 0x6b, 0xb4, 0x09, 0xac, 0x25, 0x72, 0x46, 0x7a,
  0x46, 0x72, 0x46, 0x72, 0x46, 0x72, 0x46, 0x72, 0x46, 0x72, 0x47, 0x72, 0x67, 0x72, 0x67, 0x7a,
  0x67, 0x7a, 0x87, 0x82, 0xa8, 0x8a, 0xa8, 0x82, 0xa7, 0x82, 0xa7, 0x82, 0xa7, 0x8a, 0xa8, 0x8a,
  0xa8, 0x8a, 0xc8, 0x92, 0xc7, 0x9a, 0xe7, 0xa2, 0x07, 0xab, 0x48, 0xbb, 0x48, 0xbb, 0x48, 0xbb,
  0x48, 0xbb, 0x28, 0xb3, 0x07, 0xab, 0xe7, 0xa2, 0xe7, 0xa2, 0xe7, 0xa2, 0xc7, 0x9a, 0x05, 0xab,
  0x6c, 0xf6, 0xe9, 0xdc, 0xe5, 0xf3, 0x24, 0xfc, 0x04, 0xfc, 0xa3, 0xfb, 0xe5, 0xdb, 0x0d, 0xee,
  0x89, 0xc4, 0xca, 0xd4, 0x86, 0xbb, 0xc9, 0xf4, 0x07, 0xe4, 0x23, 0xbb, 0x67, 0xe4, 0x2a, 0xfd,
  0x4a, 0xfd, 0xe5, 0xd3, 0xa9, 0xec, 0xc9, 0xf4, 0x85, 0xc3, 0xc4, 0xb2, 0xc2, 0x91, 0x41, 0x81,
  0x81, 0x79, 0xc0, 0x81, 0xa3, 0xaa, 0x27, 0xd4, 0x6a, 0xf5, 0xab, 0xfd, 0x8a, 0xfd, 0x6a, 0xfd,
  0xab, 0xfd, 0x6a, 0xf5, 0x8a, 0xf5, 0x89, 0xf5, 0x28, 0xf5, 0x87, 0xf4, 0x21, 0xba, 0x21, 0xa2,
  0xc4, 0xb2, 0x42, 0xa2, 0xc3, 0xb2, 0x07, 0xf4, 0xe2, 0xda, 0xa6, 0xdc, 0xcf, 0xff, 0xce, 0xff,
  0x2a, 0xfe, 0xe4, 0xf3, 0xa3, 0xf3, 0x47, 0xf4, 0x84, 0xf3, 0xa1, 0xe2, 0x42, 0xe3, 0x69, 0xed,
  0xf4, 0xff, 0xb4, 0xff, 0x49, 0xf5, 0x40, 0xda, 0x40, 0xda, 0xc3, 0xeb, 0xa9, 0xfd, 0x2a, 0xfe,
  0x87, 0xf5, 0xe8, 0xf5, 0x25, 0xe5, 0x26, 0xf5, 0xaa, 0xfe, 0xca, 0xfe, 0xc2, 0xf3, 0xc0, 0xf2,
  0xe2, 0xf3, 0xc3, 0xf4, 0xc3, 0xec, 0xc7, 0xf5, 0xa6, 0xf5, 0xc6, 0xf5, 0xca, 0xfe, 0x2a, 0xff,
  0x43, 0xaa, 0x63, 0xaa, 0x63, 0xb2, 0x63, 0xb2, 0x83, 0xba, 0x83, 0xba, 0xa4, 0xba, 0xa4, 0xc2,
  0xc3, 0xc2, 0xc4, 0xc2, 0xe4, 0xca, 0xe4, 0xca, 0x04, 0xd3, 0x04, 0xd3, 0x24, 0xdb, 0x24, 0xdb,
  0x44, 0xdb, 0x45, 0xe3, 0x65, 0xeb, 0xa6, 0xeb, 0x25, 0xcb, 0xa4, 0xa2, 0xe9, 0xbb, 0xe9, 0xab,
  0xe1, 0x71, 0xe2, 0x79, 0xa1, 0x71, 0x81, 0x71, 0x81, 0x71, 0xa1, 0x71, 0x62, 0x79, 0x42, 0x79,
  0x42, 0x81, 0xc5, 0x99, 0xc5, 0xa1, 0x84, 0x99, 0x87, 0xda, 0x08, 0xfb, 0xc4, 0x99, 0xa0, 0x48,
  0xc2, 0x89, 0xa7, 0xcb, 0x4d, 0xcd, 0x24, 0x72, 0x4b, 0xb4, 0x0a, 0xac, 0x05, 0x72, 0x46, 0x72,
  0x26, 0x72, 0x26, 0x72, 0x26, 0x72, 0x26, 0x72, 0x46, 0x72, 0x47, 0x72, 0x67, 0x72, 0x67, 0x72,
  0x67, 0x7a, 0xa7, 0x82, 0xa8, 0x82, 0xa8, 0x82, 0xa7, 0x82, 0xa7, 0x82, 0xa7, 0x8a, 0xa8, 0x8a,
  0xa8, 0x8a, 0xc8, 0x92, 0xe8, 0x9a, 0x08, 0xab, 0x28, 0xbb, 0x88, 0xd3, 0x09, 0xe4, 0xe9, 0xdb,
  0x88, 0xcb, 0x48, 0xcb, 0x28, 0xbb, 0x08, 0xab, 0xe7, 0xa2, 0xe7, 0xa2, 0xc7, 0x9a, 0xe5, 0xaa,
  0x68, 0xed, 0x49, 0xdd, 0x85, 0xdb, 0x25, 0xfc, 0x04, 0xfc, 0xa4, 0xfb, 0xc5, 0xeb, 0x0d, 0xf6,
  0x4c, 0xdd, 0xc7, 0xbb, 0x85, 0xbb, 0xca, 0xf4, 0x85, 0xcb, 0x84, 0xcb, 0x09, 0xfd, 0x4a, 0xfd,
  0x4b, 0xfd, 0x24, 0xbb, 0x67, 0xe4, 0x4a, 0xfd, 0x43, 0xc3, 0x68, 0xe4, 0x27, 0xdc, 0x83, 0xaa,
  0xc1, 0x89, 0x81, 0x79, 0x61, 0x79, 0x02, 0x92, 0xc4, 0xaa, 0xa5, 0xc3, 0x68, 0xe4, 0x6a, 0xfd,
  0x0b, 0xfe, 0xcb, 0xfd, 0x49, 0xf5, 0xeb, 0xfd, 0xaa, 0xfd, 0xc5, 0xe3, 0x00, 0xba, 0x21, 0xaa,
  0x62, 0xaa, 0xe4, 0xb2, 0x66, 0xcb, 0x65, 0xd3, 0x44, 0xe3, 0x82, 0xdb, 0x2b, 0xf7, 0xee, 0xff,
  0xc9, 0xf5, 0xa3, 0xeb, 0xa4, 0xeb, 0x06, 0xec, 0x03, 0xe3, 0xc1, 0xd2, 0x6c, 0xfe, 0xee, 0xfe,
  0x31, 0xf7, 0xb0, 0xf6, 0x43, 0xe3, 0x60, 0xda, 0x86, 0xec, 0x2b, 0xfe, 0x6b, 0xfe, 0x27, 0xf5,
  0x84, 0xec, 0x67, 0xf5, 0xe7, 0xed, 0x45, 0xf5, 0x66, 0xf5, 0x03, 0xec, 0x20, 0xf3, 0xa2, 0xf3,
  0x05, 0xf5, 0x28, 0xfe, 0xa6, 0xed, 0x89, 0xfe, 0x48, 0xfe, 0xe4, 0xec, 0x86, 0xed, 0x89, 0xfe,
  0x43, 0xaa, 0x43, 0xaa, 0x63, 0xb2, 0x63, 0xb2, 0x83, 0xb2, 0x83, 0xba, 0x84, 0xba, 0xa4, 0xba,
  0xc4, 0xc2, 0xc4, 0xc2, 0xc4, 0xca, 0xe4, 0xca, 0xe4, 0xd2, 0x04, 0xd3, 0x04, 0xd3, 0x24, 0xdb,
  0x24, 0xdb, 0x44, 0xe3, 0x65, 0xeb, 0xc6, 0xeb, 0x85, 0xd3, 0xe4, 0xaa, 0x09, 0xbc, 0xed, 0xc4,
  0xe1, 0x79, 0xc1, 0x71, 0x80, 0x71, 0xa1, 0x71, 0x81, 0x71, 0x01, 0x61, 0xe2, 0x68, 0x63, 0x79,
  0xe5, 0x91, 0x84, 0x91, 0xc3, 0xb1, 0xe7, 0xf2, 0xc7, 0xe2, 0x62, 0x79, 0x80, 0x48, 0xa4, 0xa2,
  0xe4, 0xf3, 0xa5, 0xe3, 0xc8, 0xb3, 0x04, 0x6a, 0xea, 0xab, 0x0a, 0xb4, 0x05, 0x72, 0x26, 0x72,
  0x26, 0x72, 0x26, 0x72, 0x26, 0x72, 0x26, 0x72, 0x46, 0x72, 0x46, 0x72, 0x67, 0x72, 0x67, 0x72,
  0x67, 0x7a, 0xa8, 0x82, 0xa8, 0x82, 0xa8, 0x82, 0xa7, 0x82, 0xa7, 0x82, 0xa7, 0x8a, 0xa8, 0x8a,
  0xa8, 0x8a, 0xc8, 0x92, 0xe8, 0xa2, 0x27, 0xb3, 0x68, 0xcb, 0x29, 0xec, 0x0a, 0xfd, 0x6b, 0xfd,
  0xca, 0xec, 0xa7, 0xdb, 0x67, 0xd3, 0x28, 0xbb, 0x08, 0xab, 0xe7, 0xa2, 0xc7, 0x9a, 0xa6, 0xa2,
  0xe5, 0xb2, 0xe5, 0xaa, 0x04, 0xbb, 0x04, 0xfc, 0x04, 0xfc, 0xa4, 0xfb, 0xa5, 0xeb, 0x0e, 0xfe,
  0x2c, 0xdd, 0x02, 0x8a, 0x26, 0xb3, 0x28, 0xe4, 0x24, 0xc3, 0x88, 0xec, 0x29, 0xfd, 0x6a, 0xfd,
  0x06, 0xdc, 0x82, 0xaa, 0xa8, 0xec, 0x6a, 0xfd, 0xc1, 0xaa, 0xa1, 0xaa, 0xc9, 0xec, 0x88, 0xec,
  0xe3, 0xc2, 0x62, 0xaa, 0xe1, 0x91, 0x60, 0x81, 0x41, 0x79, 0x42, 0x92, 0x04, 0xb3, 0x45, 0xc3,
  0xa5, 0xd3, 0x05, 0xdc, 0x46, 0xec, 0x09, 0xfd, 0xcb, 0xfd, 0xc5, 0xe3, 0x62, 0xc2, 0xc4, 0xba,
  0x25, 0xc3, 0x67, 0xcb, 0x25, 0xc3, 0xa2, 0xba, 0xc5, 0xeb, 0xe5, 0xf3, 0x24, 0xe4, 0xa8, 0xf5,
  0x45, 0xf4, 0xa4, 0xf3, 0x44, 0xe3, 0xc6, 0xe3, 0x24, 0xdb, 0x42, 0xd3, 0x8f, 0xff, 0xf3, 0xff,
  0x50, 0xf7, 0x45, 0xec, 0x40, 0xda, 0x45, 0xec, 0xed, 0xfe, 0x6b, 0xfe, 0x07, 0xed, 0xe6, 0xec,
  0x67, 0xf5, 0xe9, 0xfd, 0x87, 0xf5, 0x07, 0xfe, 0x86, 0xfd, 0x81, 0xf3, 0xa5, 0xfc, 0xa4, 0xf4,
  0x26, 0xf5, 0x29, 0xfe, 0xa7, 0xf5, 0xa7, 0xf5, 0xc7, 0xfd, 0xa4, 0xf4, 0xc3, 0xec, 0x05, 0xf6,
  0x43, 0xaa, 0x43, 0xaa, 0x63, 0xaa, 0x63, 0xb2, 0x83, 0xb2, 0x83, 0xba, 0xa4, 0xba, 0xa4, 0xba,
  0xc4, 0xc2, 0xc4, 0xc2, 0xc4, 0xca, 0xc4, 0xca, 0xe4, 0xca, 0xe4, 0xd2, 0x04, 0xd3, 0x04, 0xdb,
  0x24, 0xdb, 0x44, 0xe3, 0x44, 0xeb, 0xa5, 0xeb, 0xa5, 0xdb, 0x24, 0xb3, 0x09, 0xb4, 0xf1, 0xd5,
  0x46, 0x93, 0x26, 0x93, 0x26, 0x93, 0x64, 0x7a, 0xe0, 0x50, 0xc1, 0x58, 0x84, 0x81, 0xa4, 0x91,
  0x84, 0x91, 0x66, 0xca, 0x48, 0xf3, 0x25, 0xc2, 0xc0, 0x60, 0x00, 0x61, 0x25, 0xc3, 0x46, 0xfc,
  0xa3, 0xf3, 0x43, 0xdb, 0xe6, 0xa2, 0x05, 0x72, 0x28, 0x93, 0xea, 0xab, 0x05, 0x72, 0x26, 0x72,
  0x26, 0x72, 0x26, 0x72, 0x26, 0x72, 0x26, 0x6a, 0x46, 0x72, 0x46, 0x72, 0x67, 0x72, 0x67, 0x72,
  0x67, 0x7a, 0xa7, 0x82, 0xa8, 0x82, 0xa8, 0x82, 0xa8, 0x82, 0xa8, 0x8a, 0xa7, 0x8a, 0xa8, 0x8a,
  0xa8, 0x8a, 0xc8, 0x92, 0xe8, 0xa2, 0x08, 0xb3, 0x88, 0xcb, 0xaa, 0xf4, 0x6d, 0xfe, 0x6f, 0xff,
  0x0e, 0xff, 0x2a, 0xf5, 0x86, 0xdb, 0x67, 0xcb, 0x27, 0xbb, 0xe7, 0xaa, 0xa6, 0x9a, 0xc7, 0xa2,
  0xe7, 0xa2, 0xe7, 0xa2, 0x83, 0xa2, 0x64, 0xe3, 0x05, 0xfc, 0xc4, 0xfb, 0x63, 0xe3, 0x4b, 0xed,
  0x2b, 0xe5, 0x44, 0x92, 0x65, 0x9a, 0xe4, 0xb2, 0x27, 0xdc, 0x4a, 0xfd, 0x2a, 0xfd, 0x27, 0xdc,
  0xc2, 0xb2, 0xc2, 0xb2, 0xe9, 0xf4, 0x4a, 0xfd, 0xc5, 0xcb, 0x84, 0xc3, 0x26, 0xdc, 0x29, 0xf5,
  0xe9, 0xf4, 0x47, 0xdc, 0x85, 0xc3, 0xe3, 0xb2, 0x22, 0x9a, 0x81, 0x81, 0xe2, 0x89, 0x43, 0xa2,
  0x22, 0xa2, 0x61, 0xb2, 0xc3, 0xc2, 0x03, 0xcb, 0xc6, 0xdb, 0x23, 0xcb, 0xc3, 0xba, 0x25, 0xc3,
  0xe4, 0xba, 0xe4, 0xb2, 0xa3, 0xb2, 0x45, 0xcb, 0xc6, 0xeb, 0x84, 0xeb, 0x43, 0xf3, 0x60, 0xda,
  0x23, 0xeb, 0x84, 0xeb, 0x03, 0xdb, 0x64, 0xdb, 0xc2, 0xd2, 0x62, 0xdb, 0x4f, 0xff, 0xf5, 0xff,
  0x51, 0xff, 0xa3, 0xeb, 0x05, 0xec, 0xcc, 0xfe, 0x8b, 0xfe, 0xa6, 0xec, 0xe6, 0xec, 0xc9, 0xfd,
  0x27, 0xf5, 0xe6, 0xf4, 0x23, 0xf4, 0xc4, 0xfc, 0x02, 0xf4, 0x43, 0xf4, 0xa7, 0xfd, 0x05, 0xf5,
  0xe5, 0xf4, 0xa8, 0xfd, 0x26, 0xfd, 0x02, 0xf4, 0xe1, 0xeb, 0xe2, 0xf3, 0x22, 0xf4, 0xa5, 0xfe,
  0x43, 0xaa, 0x43, 0xaa, 0x63, 0xaa, 0x63, 0xb2, 0x83, 0xb2, 0x83, 0xb2, 0x83, 0xba, 0xa4, 0xba,
  0xa4, 0xc2, 0xa4, 0xc2, 0xc4, 0xc2, 0xc4, 0xca, 0xe4, 0xca, 0xe4, 0xd2, 0xe4, 0xd2, 0x04, 0xd3,
  0x24, 0xdb, 0x44, 0xdb, 0xc6, 0xe3, 0x89, 0xec, 0x0b, 0xe5, 0x6e, 0xd5, 0x12, 0xde, 0x38, 0xf7,
  0x90, 0xcd, 0xac, 0xb4, 0x48, 0x8b, 0x43, 0x51, 0x02, 0x61, 0xa5, 0x89, 0xa4, 0x89, 0xa5, 0xa9,
  0xe8, 0xea, 0xa7, 0xda, 0x43, 0x81, 0x80, 0x48, 0xc2, 0x81, 0xe6, 0xe3, 0x66, 0xfc, 0x05, 0xfc,
  0x83, 0xfb, 0x43, 0xe3, 0x85, 0x92, 0x05, 0x72, 0xa6, 0x82, 0xa9, 0xa3, 0x26, 0x72, 0x26, 0x72,
  0x26, 0x72, 0x26, 0x72, 0x26, 0x72, 0x26, 0x72, 0x46, 0x72, 0x46, 0x72, 0x67, 0x72, 0x67, 0x72,
  0x67, 0x7a, 0xa7, 0x82, 0xa8, 0x82, 0xa8, 0x82, 0xa8, 0x8a, 0xa8, 0x8a, 0xa7, 0x8a, 0xa8, 0x8a,
  0xa8, 0x8a, 0xa8, 0x92, 0xc8, 0x9a, 0x08, 0xb3, 0x48, 0xcb, 0xaa, 0xec, 0x50, 0xff, 0xf1, 0xff,
  0xf2, 0xff, 0x70, 0xff, 0xe9, 0xec, 0x66, 0xdb, 0x46, 0xcb, 0x27, 0xbb, 0x27, 0xab, 0x07, 0xa3,
  0xc6, 0xa2, 0xc4, 0xa2, 0x87, 0xd4, 0xa6, 0xcb, 0xc5, 0xfb, 0xc4, 0xfb, 0x84, 0xf3, 0x48, 0xdc,
  0xee, 0xfd, 0xa7, 0xbb, 0xa2, 0x81, 0xe3, 0x89, 0xe5, 0xaa, 0x07, 0xd4, 0x27, 0xdc, 0x03, 0xbb,
  0x44, 0xc3, 0x23, 0xc3, 0x2a, 0xfd, 0xe9, 0xf4, 0xe9, 0xf4, 0xac, 0xfd, 0x8b, 0xfd, 0x6b, 0xfd,
  0x8b, 0xfd, 0xab, 0xfd, 0x4a, 0xfd, 0x87, 0xe4, 0x85, 0xcb, 0x84, 0xaa, 0x60, 0x89, 0x40, 0x81,
  0xc1, 0x91, 0xc5, 0xaa, 0xe5, 0xb2, 0x84, 0xaa, 0x05, 0xc3, 0x26, 0xc3, 0x83, 0xaa, 0x83, 0xaa,
  0x42, 0xa2, 0x62, 0xaa, 0xc3, 0xb2, 0xc3, 0xba, 0x04, 0xd3, 0x03, 0xe3, 0xc6, 0xfb, 0x44, 0xeb,
  0x61, 0xd2, 0x23, 0xdb, 0x03, 0xdb, 0xe6, 0xeb, 0x06, 0xec, 0xa2, 0xe3, 0xad, 0xf6, 0xd3, 0xff,
  0x88, 0xed, 0x80, 0xe3, 0x29, 0xfe, 0x6e, 0xff, 0x06, 0xe5, 0xa5, 0xe4, 0x2a, 0xfe, 0x29, 0xfe,
  0x84, 0xec, 0x82, 0xf3, 0xe0, 0xea, 0x41, 0xeb, 0x20, 0xeb, 0xa3, 0xec, 0x49, 0xfe, 0xc8, 0xfd,
  0x27, 0xfd, 0x43, 0xf4, 0x61, 0xfb, 0x00, 0xfb, 0xe3, 0xfb, 0x67, 0xfd, 0xc7, 0xfd, 0xa8, 0xf6,
  0x43, 0xa2, 0x63, 0xaa, 0x63, 0xaa, 0x63, 0xb2, 0x83, 0xb2, 0x83, 0xb2, 0x84, 0xba, 0xa4, 0xba,
  0xa4, 0xc2, 0xa4, 0xc2, 0xa4, 0xc2, 0xc4, 0xca, 0xc4, 0xca, 0xe4, 0xca, 0xe4, 0xd2, 0x04, 0xd3,
  0x04, 0xd3, 0x44, 0xdb, 0x07, 0xe4, 0x89, 0xec, 0xa9, 0xe4, 0x49, 0xd4, 0x09, 0xbc, 0x52, 0xe6,
  0xe7, 0x92, 0x01, 0x61, 0xc1, 0x50, 0x24, 0x71, 0xa4, 0x91, 0x84, 0x99, 0x67, 0xd2, 0xe9, 0xf2,
  0x05, 0xaa, 0xe1, 0x58, 0x61, 0x51, 0xa4, 0x8a, 0x07, 0xf4, 0x66, 0xfc, 0x05, 0xfc, 0xc5, 0xfb,
  0x63, 0xf3, 0x64, 0xe3, 0x44, 0x92, 0x25, 0x72, 0x66, 0x7a, 0x68, 0x9b, 0x26, 0x72, 0x26, 0x72,
  0x26, 0x72, 0x26, 0x72, 0x26, 0x72, 0x26, 0x72, 0x26, 0x72, 0x46, 0x72, 0x46, 0x72, 0x47, 0x7a,
  0x67, 0x7a, 0x88, 0x82, 0xa8, 0x82, 0xa8, 0x82, 0xc8, 0x8a, 0xa8, 0x8a, 0xa7, 0x8a, 0xa7, 0x8a,
  0xa8, 0x8a, 0xa7, 0x92, 0xc8, 0xa2, 0x08, 0xb3, 0x47, 0xcb, 0x08, 0xe4, 0xae, 0xfe, 0xf1, 0xff,
  0xf2, 0xff, 0xf3, 0xff, 0x30, 0xff, 0xe9, 0xf4, 0xa7, 0xdb, 0x47, 0xc3, 0x07, 0xb3, 0xc6, 0xa2,
  0xc6, 0xa2, 0xa4, 0xa2, 0xca, 0xf5, 0x29, 0xd5, 0x44, 0xdb, 0xe4, 0xfb, 0x83, 0xf3, 0x07, 0xec,
  0x8c, 0xf5, 0xcd, 0xfd, 0x4a, 0xcc, 0xc3, 0x81, 0x03, 0x8a, 0xe3, 0x89, 0xc1, 0x89, 0x25, 0xc3,
  0x24, 0xc3, 0xc5, 0xd3, 0x6b, 0xfd, 0x87, 0xe4, 0xe6, 0xd3, 0x47, 0xe4, 0xe6, 0xdb, 0xa4, 0xcb,
  0xc4, 0xd3, 0xc8, 0xec, 0x46, 0xdc, 0x02, 0xbb, 0xa1, 0xb2, 0x41, 0xa2, 0x21, 0xa2, 0x80, 0x89,
  0x60, 0x81, 0x80, 0x81, 0xe1, 0x91, 0xc0, 0x91, 0xa4, 0xb2, 0x46, 0xbb, 0xc4, 0xb2, 0xe4, 0xba,
  0x25, 0xc3, 0xc4, 0xba, 0xe4, 0xba, 0x04, 0xc3, 0x04, 0xd3, 0x65, 0xdb, 0x85, 0xe3, 0xc6, 0xf3,
  0x04, 0xe3, 0x41, 0xc2, 0xc3, 0xd2, 0x27, 0xf4, 0x67, 0xfc, 0x84, 0xec, 0x73, 0xff, 0xf8, 0xff,
  0x8b, 0xf6, 0xa6, 0xed, 0xae, 0xff, 0x2a, 0xee, 0xa5, 0xdc, 0x2a, 0xfe, 0xc9, 0xfd, 0x43, 0xe4,
  0xe6, 0xfc, 0x64, 0xfc, 0x81, 0xeb, 0xa4, 0xf4, 0xc4, 0xf4, 0x25, 0xed, 0x8a, 0xfe, 0xaf, 0xff,
  0x29, 0xf6, 0x02, 0xf4, 0xe0, 0xfa, 0x20, 0xf3, 0xc5, 0xfc, 0xc8, 0xfd, 0x6d, 0xff, 0xc9, 0xf6,
  0xc1, 0x99, 0xe1, 0x99, 0xe1, 0x99, 0x02, 0xa2, 0x22, 0xaa, 0x42, 0xaa, 0x43, 0xaa, 0x63, 0xb2,
  0x83, 0xba, 0xa3, 0xba, 0xa3, 0xc2, 0xc4, 0xc2, 0xc4, 0xca, 0xe4, 0xca, 0xe4, 0xd2, 0x04, 0xd3,
  0x24, 0xd3, 0x44, 0xdb, 0x45, 0xdb, 0x44, 0xe3, 0x85, 0xeb, 0xc6, 0xdb, 0x47, 0xbb, 0x8a, 0xa3,
  0x83, 0x69, 0x23, 0x71, 0x84, 0x89, 0xa4, 0xa9, 0x25, 0xca, 0xc9, 0xea, 0x46, 0xca, 0x02, 0x79,
  0xc0, 0x48, 0xe0, 0x48, 0x2a, 0xb4, 0x69, 0xc4, 0x64, 0xe3, 0x25, 0xfc, 0xe5, 0xfb, 0xa4, 0xfb,
  0x63, 0xeb, 0x64, 0xe3, 0x03, 0x82, 0xc4, 0x61, 0x45, 0x7a, 0x07, 0x8b, 0x26, 0x72, 0x06, 0x72,
  0x26, 0x72, 0x26, 0x72, 0x26, 0x72, 0x26, 0x72, 0x26, 0x72, 0x46, 0x72, 0x46, 0x72, 0x47, 0x7a,
  0x67, 0x7a, 0x88, 0x82, 0xa8, 0x82, 0xa8, 0x82, 0xc8, 0x8a, 0xc8, 0x8a, 0xc8, 0x8a, 0xa8, 0x8a,
  0xa7, 0x8a, 0xa7, 0x92, 0xa8, 0x9a, 0xe7, 0xaa, 0x27, 0xbb, 0x66, 0xd3, 0x2a, 0xed, 0x70, 0xff,
  0xf2, 0xff, 0xf2, 0xff, 0xf2, 0xff, 0x0f, 0xff, 0x0a, 0xf5, 0xa7, 0xdb, 0x27, 0xcb, 0x07, 0xbb,
  0xe6, 0xaa, 0x85, 0xa2, 0xa5, 0xbb, 0x2c, 0xf6, 0xa5, 0xcb, 0xc3, 0xfb, 0xc4, 0xfb, 0x64, 0xe3,
  0x4b, 0xed, 0x2f, 0xfe, 0x09, 0xc4, 0xc2, 0x81, 0x81, 0x79, 0x61, 0x79, 0x23, 0x92, 0x23, 0x9a,
  0xc0, 0x91, 0x86, 0xcb, 0xea, 0xfc, 0xc9, 0xf4, 0xa8, 0xec, 0xe5, 0xd3, 0x67, 0xe4, 0x46, 0xdc,
  0x25, 0xd4, 0x29, 0xfd, 0x87, 0xec, 0xa5, 0xd3, 0xa8, 0xec, 0xa8, 0xec, 0xe5, 0xd3, 0xc5, 0xd3,
  0x64, 0xcb, 0xe1, 0x91, 0x60, 0x81, 0xa0, 0x89, 0x01, 0x9a, 0x05, 0xbb, 0xe5, 0xb2, 0x63, 0xaa,
  0x25, 0xc3, 0x25, 0xc3, 0x05, 0xc3, 0x04, 0xc3, 0x24, 0xd3, 0x65, 0xdb, 0x85, 0xe3, 0x86, 0xeb,
  0xa6, 0xfb, 0xe4, 0xda, 0x00, 0xba, 0x43, 0xdb, 0x43, 0xf3, 0xe6, 0xf4, 0xb5, 0xff, 0xf8, 0xff,
  0xcf, 0xff, 0xce, 0xff, 0xf0, 0xff, 0x47, 0xe5, 0xc8, 0xf5, 0x4a, 0xfe, 0xe9, 0xf5, 0xa5, 0xf4,
  0xc5, 0xfc, 0x84, 0xec, 0xc4, 0xf4, 0xc4, 0xec, 0x88, 0xf5, 0xca, 0xf5, 0xec, 0xfe, 0xac, 0xff,
  0x05, 0xee, 0x43, 0xec, 0xc2, 0xf3, 0xc2, 0xf3, 0x46, 0xfd, 0xa4, 0xf4, 0x06, 0xf5, 0xe3, 0xec,
  0x02, 0xa2, 0x02, 0xa2, 0x02, 0xa2, 0x02, 0xa2, 0x02, 0xa2, 0x22, 0xa2, 0x22, 0xa2, 0x21, 0xa2,
  0x21, 0xaa, 0x21, 0xaa, 0x21, 0xaa, 0x22, 0xb2, 0x42, 0xba, 0x62, 0xba, 0x82, 0xba, 0xa3, 0xc2,
  0xc3, 0xca, 0x03, 0xd3, 0x44, 0xdb, 0x65, 0xdb, 0xa6, 0xeb, 0x26, 0xc3, 0xa2, 0x79, 0xe2, 0x68,
  0x65, 0x89, 0xa5, 0x99, 0xc6, 0xa9, 0x88, 0xda, 0xa7, 0xda, 0x84, 0x89, 0xa1, 0x48, 0xa0, 0x40,
  0x61, 0x61, 0x60, 0x69, 0x26, 0x9b, 0xc7, 0xbb, 0xc2, 0xca, 0x05, 0xfc, 0xc5, 0xfb, 0x84, 0xf3,
  0x43, 0xeb, 0x64, 0xdb, 0xa4, 0x8a, 0xe4, 0x61, 0xe5, 0x69, 0x86, 0x7a, 0x26, 0x72, 0x26, 0x72,
  0x26, 0x72, 0x26, 0x72, 0x26, 0x72, 0x26, 0x72, 0x26, 0x72, 0x26, 0x72, 0x46, 0x72, 0x67, 0x7a,
  0x67, 0x7a, 0x88, 0x82, 0xa8, 0x82, 0xa8, 0x82, 0xa8, 0x82, 0xc8, 0x8a, 0xa8, 0x8a, 0xa7, 0x8a,
  0x87, 0x82, 0x87, 0x82, 0xa7, 0x8a, 0xc7, 0x9a, 0x07, 0xb3, 0x27, 0xc3, 0xa7, 0xd3, 0xc9, 0xe4,
  0x8e, 0xfe, 0xf1, 0xff, 0xf2, 0xff, 0xf2, 0xff, 0x71, 0xff, 0x8b, 0xf5, 0xa6, 0xdb, 0x26, 0xc3,
  0xe6, 0xb2, 0xc6, 0xaa, 0xa4, 0xaa, 0x88, 0xed, 0x88, 0xdc, 0x64, 0xf3, 0xe4, 0xfb, 0x64, 0xe3,
  0xaa, 0xe4, 0xaa, 0xd4, 0x03, 0x8a, 0x65, 0x9a, 0xe3, 0x91, 0xa2, 0x89, 0xa2, 0x81, 0x61, 0x81,
  0xa2, 0x89, 0x83, 0xa2, 0x62, 0xa2, 0x24, 0xbb, 0xe9, 0xf4, 0x09, 0xfd, 0x4a, 0xfd, 0x8a, 0xfd,
  0x28, 0xf5, 0xe8, 0xf4, 0x4a, 0xfd, 0x87, 0xe4, 0x29, 0xf5, 0x09, 0xf5, 0x49, 0xf5, 0xcb, 0xfd,
  0x09, 0xf5, 0xa2, 0xba, 0xa0, 0x99, 0xa0, 0x91, 0x22, 0xa2, 0xa4, 0xaa, 0xc4, 0xaa, 0x41, 0xa2,
  0x62, 0xaa, 0x62, 0xaa, 0x82, 0xb2, 0x24, 0xcb, 0x65, 0xd3, 0x64, 0xdb, 0x65, 0xdb, 0x86, 0xeb,
  0xa6, 0xeb, 0xe7, 0xfb, 0x03, 0xdb, 0xa1, 0xd2, 0x83, 0xf3, 0x44, 0xf4, 0xca, 0xed, 0xd2, 0xff,
  0x0b, 0xf7, 0xee, 0xff, 0xec, 0xf6, 0x06, 0xe5, 0xec, 0xfe, 0x27, 0xed, 0xc5, 0xe4, 0xa7, 0xfd,
  0xc5, 0xec, 0x67, 0xfd, 0x26, 0xfd, 0x03, 0xec, 0x6c, 0xfe, 0x2e, 0xff, 0x47, 0xf6, 0x21, 0xf6,
  0x06, 0xff, 0xcb, 0xfe, 0x26, 0xf5, 0x43, 0xf4, 0xe8, 0xfd, 0x87, 0xfd, 0x60, 0xeb, 0xe1, 0xf4,
  0x43, 0xa2, 0x43, 0xaa, 0x63, 0xaa, 0x63, 0xaa, 0x63, 0xb2, 0x83, 0xb2, 0x83, 0xb2, 0x83, 0xb2,
  0x83, 0xb2, 0x83, 0xba, 0x83, 0xba, 0x63, 0xba, 0x62, 0xba, 0x82, 0xba, 0x82, 0xba, 0x82, 0xba,
  0x82, 0xba, 0xa2, 0xc2, 0xe4, 0xca, 0x83, 0xb2, 0x82, 0x71, 0x80, 0x38, 0xc1, 0x40, 0xe3, 0x58,
  0xe6, 0xa9, 0xa8, 0xea, 0xa8, 0xda, 0x83, 0x89, 0xe0, 0x58, 0xa0, 0x40, 0xe1, 0x50, 0x41, 0x61,
  0x81, 0x69, 0x40, 0x69, 0x01, 0x82, 0xe5, 0xa2, 0x41, 0xaa, 0xc5, 0xfb, 0xc5, 0xfb, 0x63, 0xf3,
  0x43, 0xe3, 0x44, 0xd3, 0x26, 0x9b, 0xc8, 0x82, 0x67, 0x7a, 0x26, 0x72, 0x05, 0x6a, 0x05, 0x6a,
  0x05, 0x6a, 0x05, 0x6a, 0x05, 0x6a, 0x06, 0x72, 0x06, 0x72, 0x26, 0x72, 0xe5, 0x69, 0xa4, 0x61,
  0x83, 0x59, 0xa4, 0x61, 0xe4, 0x69, 0x05, 0x72, 0x66, 0x7a, 0x87, 0x82, 0x87, 0x82, 0xa7, 0x8a,
  0xc8, 0x8a, 0xa7, 0x8a, 0xa7, 0x92, 0xa7, 0x92, 0xa7, 0x9a, 0xe7, 0xb2, 0x07, 0xc3, 0x66, 0xd3,
  0x28, 0xe4, 0x0c, 0xf6, 0x91, 0xff, 0xf2, 0xff, 0xf2, 0xff, 0x90, 0xff, 0x8b, 0xf5, 0xa7, 0xdb,
  0x06, 0xcb, 0x06, 0xbb, 0xa4, 0xaa, 0x25, 0xcc, 0x4a, 0xed, 0x44, 0xdb, 0xe4, 0xfb, 0xa4, 0xf3,
  0x86, 0xd3, 0xc4, 0xaa, 0x62, 0x9a, 0x45, 0xbb, 0x45, 0xc3, 0x86, 0xcb, 0x84, 0xaa, 0x60, 0x81,
  0x81, 0x81, 0xe2, 0x89, 0x60, 0x81, 0xe2, 0x91, 0xe4, 0xb2, 0xa5, 0xcb, 0xc8, 0xec, 0x69, 0xfd,
  0x29, 0xfd, 0xa7, 0xe4, 0x2a, 0xfd, 0xa8, 0xec, 0x4a, 0xfd, 0x8a, 0xfd, 0xab, 0xfd, 0xe8, 0xf4,
  0x02, 0xc3, 0x81, 0xba, 0x82, 0xba, 0x41, 0xaa, 0x63, 0xaa, 0xc4, 0xb2, 0xe4, 0xba, 0x04, 0xbb,
  0x04, 0xc3, 0xa3, 0xba, 0x24, 0xcb, 0xa5, 0xdb, 0x06, 0xec, 0x06, 0xec, 0x06, 0xec, 0xc5, 0xeb,
  0xa6, 0xeb, 0xc6, 0xf3, 0x07, 0xfc, 0x23, 0xe3, 0xa0, 0xd2, 0xe4, 0xf3, 0xe6, 0xec, 0xed, 0xf6,
  0xa8, 0xe5, 0xf0, 0xff, 0x0a, 0xf6, 0x47, 0xf5, 0xac, 0xfe, 0x27, 0xe5, 0x26, 0xf5, 0x66, 0xed,
  0x67, 0xfd, 0x87, 0xfd, 0x03, 0xec, 0x44, 0xec, 0xec, 0xfe, 0x4d, 0xff, 0xa5, 0xed, 0x24, 0xf6,
  0xee, 0xff, 0x6e, 0xff, 0x06, 0xf5, 0x06, 0xf5, 0x63, 0xec, 0xc1, 0xeb, 0x41, 0xf4, 0x42, 0xf5,
  0x23, 0xa2, 0x43, 0xaa, 0x63, 0xaa, 0x63, 0xaa, 0x63, 0xb2, 0x83, 0xb2, 0x83, 0xb2, 0x83, 0xba,
  0x83, 0xba, 0xa3, 0xba, 0xa3, 0xba, 0xa4, 0xc2, 0xa4, 0xc2, 0xc4, 0xc2, 0xc4, 0xca, 0x04, 0xd3,
  0x04, 0xcb, 0xc4, 0xb2, 0x82, 0x71, 0x60, 0x38, 0x80, 0x30, 0x80, 0x30, 0x60, 0x20, 0x20, 0x18,
  0xe2, 0x48, 0xe5, 0x91, 0x22, 0x59, 0xa0, 0x38, 0xe0, 0x48, 0x20, 0x59, 0x41, 0x61, 0x41, 0x61,
  0x40, 0x69, 0x60, 0x69, 0x80, 0x71, 0xe2, 0x79, 0xe1, 0x91, 0x44, 0xe3, 0x64, 0xf3, 0x42, 0xeb,
  0x23, 0xe3, 0x45, 0xd3, 0x26, 0xa3, 0xe8, 0x82, 0xc8, 0x82, 0xa7, 0x7a, 0x67, 0x72, 0x46, 0x72,
  0x26, 0x72, 0x26, 0x72, 0x26, 0x72, 0x26, 0x72, 0x26, 0x72, 0x26, 0x72, 0x05, 0x6a, 0xe5, 0x69,
  0x05, 0x6a, 0x26, 0x72, 0x46, 0x72, 0x67, 0x7a, 0xa7, 0x82, 0xa7, 0x82, 0xa7, 0x8a, 0x87, 0x8a,
  0x87, 0x8a, 0x87, 0x8a, 0x87, 0x8a, 0xa7, 0x92, 0xc8, 0x9a, 0xc8, 0xa2, 0xc7, 0xaa, 0x07, 0xb3,
  0x46, 0xc3, 0xe7, 0xdb, 0x0a, 0xed, 0xf0, 0xfe, 0xd2, 0xff, 0xf1, 0xff, 0x90, 0xff, 0xab, 0xed,
  0x86, 0xdb, 0x06, 0xcb, 0xe6, 0xb2, 0x05, 0xb3, 0x29, 0xe5, 0x84, 0xcb, 0xc3, 0xfb, 0xc4, 0xfb,
  0x25, 0xd3, 0xe2, 0x91, 0xa5, 0xcb, 0x67, 0xe4, 0x88, 0xe4, 0x0a, 0xfd, 0xc6, 0xd3, 0x45, 0xc3,
  0x02, 0xa2, 0x61, 0x81, 0x40, 0x71, 0xc3, 0x89, 0x85, 0xa2, 0x83, 0x9a, 0xe4, 0xaa, 0xa6, 0xcb,
  0xa8, 0xec, 0xa7, 0xec, 0x29, 0xf5, 0xc8, 0xec, 0xe8, 0xf4, 0xe8, 0xf4, 0x05, 0xdc, 0x01, 0xc3,
  0x42, 0xcb, 0x67, 0xe4, 0x4a, 0xfd, 0xc4, 0xd3, 0x62, 0xaa, 0x62, 0xaa, 0x82, 0xb2, 0xe4, 0xba,
  0xc3, 0xba, 0x24, 0xcb, 0x45, 0xd3, 0x44, 0xd3, 0x85, 0xdb, 0xa5, 0xe3, 0xa5, 0xe3, 0xa5, 0xe3,
  0xa6, 0xeb, 0xc6, 0xf3, 0xe7, 0xfb, 0x07, 0xfc, 0xc2, 0xda, 0xc1, 0xd2, 0x25, 0xec, 0xc9, 0xf5,
  0x67, 0xed, 0x2e, 0xff, 0xa8, 0xe5, 0x6a, 0xfe, 0x85, 0xdc, 0x27, 0xed, 0x26, 0xf5, 0x26, 0xf5,
  0xe8, 0xfd, 0x8a, 0xfe, 0x24, 0xec, 0x64, 0xec, 0x6d, 0xff, 0xe8, 0xf5, 0xc0, 0xe3, 0x2b, 0xf7,
  0xf2, 0xff, 0x4d, 0xff, 0x83, 0xe4, 0x25, 0xf5, 0xc3, 0xf5, 0x81, 0xf4, 0x00, 0xec, 0x25, 0xf6,
  0x43, 0xa2, 0x43, 0xaa, 0x43, 0xaa, 0x63, 0xaa, 0x63, 0xb2, 0x83, 0xb2, 0x83, 0xb2, 0x83, 0xb2,
  0x83, 0xba, 0x83, 0xba, 0x83, 0xba, 0xa3, 0xc2, 0xc4, 0xca, 0xe5, 0xc2, 0x85, 0xb2, 0x04, 0x9a,
  0x63, 0x81, 0xe1, 0x60, 0x02, 0x61, 0xe5, 0x91, 0xa8, 0xd2, 0x47, 0xb2, 0x40, 0x28, 0x20, 0x18,
  0x40, 0x10, 0xe0, 0x28, 0x01, 0x49, 0x01, 0x59, 0x20, 0x61, 0x20, 0x61, 0x20, 0x61, 0x20, 0x61,
  0x40, 0x61, 0x40, 0x69, 0x60, 0x69, 0x60, 0x69, 0xa0, 0x79, 0xa2, 0xca, 0x03, 0xeb, 0x02, 0xe3,
  0x23, 0xe3, 0x24, 0xd3, 0xc8, 0xb3, 0x08, 0x8b, 0xe8, 0x82, 0xe8, 0x82, 0xa7, 0x7a, 0x67, 0x72,
  0x47, 0x72, 0x47, 0x72, 0x67, 0x72, 0x67, 0x7a, 0x67, 0x7a, 0x67, 0x7a, 0x87, 0x7a, 0x87, 0x7a,
  0x87, 0x82, 0xa7, 0x82, 0xa7, 0x82, 0xa7, 0x82, 0xa7, 0x82, 0x87, 0x82, 0x66, 0x82, 0x87, 0x82,
  0x87, 0x8a, 0x87, 0x8a, 0xa7, 0x8a, 0xa7, 0x92, 0xa7, 0x92, 0xc7, 0x92, 0xa7, 0x9a, 0xc7, 0xaa,
  0x07, 0xb3, 0x47, 0xc3, 0x67, 0xdb, 0x89, 0xe4, 0xef, 0xfe, 0xf1, 0xff, 0xf1, 0xff, 0x90, 0xff,
  0x2a, 0xed, 0x46, 0xd3, 0x06, 0xc3, 0xa4, 0xaa, 0xe8, 0xdc, 0xa7, 0xe4, 0x63, 0xeb, 0xc4, 0xfb,
  0x85, 0xe3, 0xe2, 0x99, 0x48, 0xdc, 0x47, 0xdc, 0x88, 0xec, 0x68, 0xe4, 0x85, 0xcb, 0xeb, 0xf4,
  0x24, 0xc3, 0x04, 0xbb, 0x22, 0x9a, 0x20, 0x79, 0x81, 0x89, 0x43, 0x9a, 0xc5, 0xa2, 0x85, 0xa2,
  0xc4, 0xaa, 0x65, 0xc3, 0x68, 0xec, 0xe8, 0xf4, 0xe8, 0xf4, 0xc8, 0xf4, 0xe5, 0xdb, 0x05, 0xdc,
  0x6a, 0xfd, 0x6a, 0xfd, 0x8a, 0xfd, 0x09, 0xf5, 0x03, 0xc3, 0xe4, 0xba, 0x45, 0xcb, 0x04, 0xc3,
  0xe3, 0xc2, 0x44, 0xcb, 0x44, 0xd3, 0x24, 0xd3, 0x24, 0xd3, 0x44, 0xd3, 0x65, 0xdb, 0xa5, 0xe3,
  0x09, 0xf5, 0xc9, 0xf4, 0x07, 0xfc, 0x07, 0xfc, 0x27, 0xfc, 0xc2, 0xd2, 0x81, 0xc2, 0x07, 0xf5,
  0x47, 0xed, 0x0a, 0xf6, 0xe6, 0xdc, 0xac, 0xfe, 0x26, 0xe5, 0xe7, 0xf5, 0x66, 0xf5, 0xc8, 0xfd,
  0x87, 0xfd, 0xa8, 0xf5, 0xc2, 0xe3, 0x84, 0xec, 0x8d, 0xff, 0x06, 0xed, 0x26, 0xed, 0xf0, 0xff,
  0xf0, 0xff, 0x6c, 0xff, 0xa1, 0xe4, 0xc2, 0xf5, 0xa6, 0xff, 0x22, 0xf5, 0xe2, 0xec, 0x8c, 0xff,
  0x43, 0xa2, 0x43, 0xaa, 0x43, 0xaa, 0x63, 0xaa, 0x63, 0xaa, 0x83, 0xb2, 0x83, 0xb2, 0x83, 0xba,
  0xa3, 0xba, 0xc4, 0xc2, 0xa4, 0xba, 0x44, 0xaa, 0xe4, 0x91, 0x23, 0x69, 0xe2, 0x58, 0xe2, 0x68,
  0xe5, 0xa9, 0x67, 0xd2, 0xe8, 0xea, 0xa7, 0xe2, 0x25, 0xba, 0x63, 0x71, 0x61, 0x28, 0xa1, 0x30,
  0x43, 0x59, 0xa3, 0x69, 0x41, 0x69, 0x20, 0x61, 0x00, 0x61, 0x20, 0x61, 0x20, 0x61, 0x20, 0x61,
  0x20, 0x61, 0x40, 0x61, 0x40, 0x69, 0x40, 0x61, 0x60, 0x71, 0x82, 0xc2, 0x44, 0xeb, 0x02, 0xe3,
  0x23, 0xdb, 0x04, 0xcb, 0x69, 0xcc, 0x88, 0x93, 0xa7, 0x7a, 0xe8, 0x82, 0xe8, 0x82, 0x67, 0x72,
  0x47, 0x72, 0x67, 0x72, 0x67, 0x72, 0x67, 0x7a, 0x67, 0x7a, 0x67, 0x7a, 0x67, 0x7a, 0x67, 0x7a,
  0x67, 0x7a, 0x87, 0x82, 0x87, 0x82, 0x87, 0x82, 0x66, 0x7a, 0x46, 0x7a, 0x67, 0x82, 0x87, 0x82,
  0x87, 0x8a, 0x87, 0x8a, 0x87, 0x8a, 0xa7, 0x8a, 0xa7, 0x8a, 0xc7, 0x8a, 0xa7, 0x92, 0xc7, 0x9a,
  0xe7, 0xa2, 0x07, 0xb3, 0x27, 0xbb, 0x67, 0xcb, 0x88, 0xe4, 0x8e, 0xfe, 0xd1, 0xff, 0xf1, 0xff,
  0x2f, 0xff, 0xc9, 0xe4, 0x45, 0xc3, 0xa4, 0xb2, 0x25, 0xcc, 0x07, 0xed, 0x84, 0xeb, 0xc4, 0xfb,
  0xe4, 0xf3, 0x23, 0xaa, 0x26, 0xbb, 0x47, 0xdc, 0x88, 0xec, 0xe6, 0xd3, 0x85, 0xcb, 0xa9, 0xec,
  0x23, 0xc3, 0x06, 0xdc, 0x07, 0xdc, 0x83, 0xb2, 0xc2, 0x99, 0x60, 0x91, 0xa1, 0x89, 0x84, 0x9a,
  0xc5, 0xa2, 0xa4, 0xa2, 0xc3, 0xb2, 0x24, 0xc3, 0x26, 0xe4, 0xc9, 0xf4, 0xc8, 0xf4, 0x6a, 0xfd,
  0xc8, 0xec, 0xa3, 0xcb, 0x86, 0xec, 0x09, 0xf5, 0xc6, 0xdb, 0xc3, 0xba, 0x24, 0xcb, 0x44, 0xcb,
  0xc5, 0xdb, 0xe5, 0xe3, 0xe5, 0xe3, 0x84, 0xdb, 0x84, 0xdb, 0xc5, 0xe3, 0x06, 0xec, 0x47, 0xf4,
  0x4a, 0xfd, 0xe9, 0xf4, 0x06, 0xf4, 0x27, 0xfc, 0x48, 0xfc, 0x48, 0xfc, 0x82, 0xca, 0x64, 0xdb,
  0x28, 0xed, 0x0a, 0xf6, 0xca, 0xf5, 0xa9, 0xf5, 0xc5, 0xe4, 0x8a, 0xfe, 0xe7, 0xf5, 0x08, 0xfe,
  0x6a, 0xfe, 0xe5, 0xec, 0x64, 0xe4, 0x6a, 0xfe, 0x67, 0xf5, 0x63, 0xec, 0x2e, 0xff, 0xf2, 0xff,
  0xef, 0xff, 0x88, 0xf7, 0x24, 0xff, 0xc7, 0xff, 0xea, 0xff, 0x65, 0xf6, 0xe9, 0xfe, 0xf1, 0xff,
  0x43, 0xaa, 0x43, 0xaa, 0x63, 0xb2, 0x84, 0xb2, 0xa4, 0xb2, 0x84, 0xaa, 0x64, 0xaa, 0x64, 0x9a,
  0x03, 0x8a, 0xa3, 0x81, 0x63, 0x81, 0x63, 0x81, 0x84, 0x91, 0x06, 0xba, 0xa8, 0xda, 0xe8, 0xea,
  0xc8, 0xe2, 0x25, 0xba, 0x62, 0x79, 0xc0, 0x50, 0xc1, 0x48, 0x22, 0x61, 0x24, 0x92, 0xc4, 0xaa,
  0x44, 0xa2, 0xa2, 0x81, 0x40, 0x61, 0x20, 0x59, 0x20, 0x61, 0x20, 0x61, 0x20, 0x61, 0x20, 0x61,
  0x20, 0x61, 0x40, 0x61, 0x40, 0x61, 0x40, 0x61, 0x40, 0x69, 0x22, 0xaa, 0x04, 0xe3, 0xe2, 0xda,
  0x03, 0xd3, 0x04, 0xcb, 0x08, 0xc4, 0x67, 0x93, 0x25, 0x6a, 0xe9, 0x8a, 0xe9, 0x82, 0xa7, 0x7a,
  0x66, 0x72, 0x67, 0x72, 0x67, 0x72, 0x67, 0x72, 0x67, 0x7a, 0x67, 0x7a, 0x67, 0x7a, 0x67, 0x7a,
  0x67, 0x7a, 0x87, 0x7a, 0x67, 0x7a, 0x46, 0x72, 0x46, 0x7a, 0x66, 0x7a, 0x67, 0x82, 0x87, 0x82,
  0x87, 0x8a, 0x87, 0x8a, 0x87, 0x8a, 0x87, 0x8a, 0xa7, 0x8a, 0xa7, 0x8a, 0xa7, 0x92, 0xc7, 0x92,
  0xc7, 0x92, 0xe7, 0xa2, 0x07, 0xab, 0x07, 0xbb, 0x46, 0xcb, 0x28, 0xdc, 0x0d, 0xf6, 0x8f, 0xff,
  0xef, 0xff, 0x8c, 0xfe, 0x48, 0xdc, 0xe5, 0xba, 0xa5, 0xc3, 0x48, 0xed, 0x83, 0xe3, 0xa4, 0xfb,
  0xc3, 0xfb, 0x04, 0xd3, 0xe2, 0x91, 0xc4, 0xb2, 0x28, 0xe4, 0x27, 0xdc, 0x68, 0xe4, 0x68, 0xe4,
  0x67, 0xe4, 0x47, 0xe4, 0x89, 0xec, 0x27, 0xe4, 0x04, 0xc3, 0xe4, 0xba, 0xc0, 0x91, 0x40, 0x81,
  0x03, 0x9a, 0x85, 0xaa, 0xa5, 0xaa, 0x63, 0xa2, 0x63, 0xaa, 0x82, 0xb2, 0x63, 0xcb, 0x05, 0xdc,
  0x46, 0xdc, 0xe8, 0xec, 0xe7, 0xf4, 0xe8, 0xf4, 0x06, 0xdc, 0x03, 0xc3, 0x45, 0xcb, 0xc3, 0xc2,
  0xe3, 0xca, 0x03, 0xcb, 0x44, 0xd3, 0x44, 0xd3, 0x64, 0xd3, 0x85, 0xdb, 0xa5, 0xdb, 0xc5, 0xe3,
  0xc5, 0xe3, 0xe6, 0xeb, 0x06, 0xec, 0x07, 0xf4, 0x48, 0xfc, 0x68, 0xfc, 0x48, 0xfc, 0x03, 0xd3,
  0x05, 0xdc, 0xca, 0xf5, 0x2b, 0xf6, 0x88, 0xed, 0x84, 0xe4, 0x69, 0xf6, 0x88, 0xf6, 0x08, 0xfe,
  0x6a, 0xfe, 0x84, 0xe4, 0xc8, 0xed, 0xef, 0xff, 0x84, 0xec, 0xa2, 0xeb, 0x90, 0xff, 0xf2, 0xff,
  0xed, 0xff, 0xe5, 0xff, 0xe4, 0xff, 0xe9, 0xff, 0xeb, 0xff, 0xca, 0xff, 0xee, 0xff, 0xf1, 0xff,
  0x43, 0xa2, 0x23, 0x9a, 0xe4, 0x91, 0xc3, 0x81, 0x62, 0x79, 0x22, 0x79, 0x02, 0x71, 0x43, 0x79,
  0xa4, 0x99, 0x26, 0xba, 0xa7, 0xda, 0xc7, 0xea, 0xc7, 0xea, 0x86, 0xca, 0x05, 0xaa, 0x63, 0x79,
  0xc2, 0x48, 0x81, 0x38, 0xc1, 0x48, 0xa3, 0x79, 0x85, 0xaa, 0xe5, 0xc2, 0x04, 0xd3, 0xc4, 0xba,
  0x43, 0x9a, 0xa2, 0x81, 0x20, 0x61, 0x20, 0x59, 0x20, 0x61, 0x20, 0x61, 0x20, 0x61, 0x20, 0x59,
  0x20, 0x61, 0x20, 0x61, 0x20, 0x61, 0x20, 0x61, 0x20, 0x69, 0xc1, 0x91, 0xe3, 0xca, 0xe2, 0xd2,
  0x03, 0xd3, 0x04, 0xcb, 0xa7, 0xc3, 0x68, 0x9b, 0xc4, 0x61, 0x87, 0x7a, 0xc8, 0x82, 0xc8, 0x82,
  0x67, 0x72, 0x66, 0x72, 0x67, 0x72, 0x67, 0x72, 0x67, 0x7a, 0x67, 0x7a, 0x67, 0x7a, 0x67, 0x7a,
  0x67, 0x7a, 0x47, 0x7a, 0x26, 0x72, 0x46, 0x7a, 0x67, 0x7a, 0x67, 0x7a, 0x67, 0x82, 0x87, 0x82,
  0x87, 0x82, 0x87, 0x8a, 0x87, 0x8a, 0x87, 0x8a, 0xa7, 0x8a, 0xa7, 0x8a, 0xa7, 0x8a, 0xa7, 0x92,
  0xa7, 0x92, 0xa7, 0x9a, 0xc7, 0xa2, 0xe7, 0xaa, 0x27, 0xbb, 0x47, 0xc3, 0xc7, 0xd3, 0x8b, 0xf5,
  0xcd, 0xfe, 0xce, 0xfe, 0x8b, 0xf5, 0x87, 0xcb, 0x85, 0xbb, 0xa9, 0xf5, 0xa3, 0xe3, 0xa4, 0xfb,
  0x83, 0xf3, 0xa4, 0xfb, 0xc4, 0xd2, 0x60, 0x89, 0x43, 0xa2, 0x65, 0xc3, 0xe6, 0xdb, 0xe6, 0xdb,
  0xa5, 0xcb, 0x06, 0xdc, 0xc5, 0xd3, 0xe2, 0xba, 0x07, 0xdc, 0xca, 0xfc, 0x65, 0xcb, 0x42, 0xaa,
  0x60, 0x91, 0xa1, 0x91, 0x64, 0xa2, 0xc5, 0xaa, 0xa5, 0xa2, 0xa4, 0xaa, 0xc3, 0xaa, 0x82, 0xaa,
  0x04, 0xbb, 0x45, 0xc3, 0x65, 0xc3, 0x45, 0xc3, 0xe3, 0xba, 0x45, 0xcb, 0x65, 0xcb, 0xa2, 0xba,
  0xc3, 0xc2, 0xe3, 0xca, 0x04, 0xcb, 0x24, 0xd3, 0x44, 0xd3, 0x65, 0xdb, 0x85, 0xdb, 0x85, 0xdb,
  0xa5, 0xe3, 0xe6, 0xeb, 0xe6, 0xeb, 0x07, 0xf4, 0x27, 0xf4, 0x47, 0xfc, 0x88, 0xfc, 0xa8, 0xfc,
  0x84, 0xdb, 0xa3, 0xd3, 0x6c, 0xfe, 0xe6, 0xe4, 0x23, 0xe4, 0xc8, 0xf5, 0x68, 0xf6, 0x89, 0xee,
  0x2a, 0xf6, 0x82, 0xd3, 0x6a, 0xf6, 0xce, 0xff, 0x44, 0xec, 0x02, 0xec, 0x2e, 0xff, 0xf3, 0xff,
  0xee, 0xff, 0xe4, 0xff, 0xc5, 0xff, 0xe8, 0xff, 0xe9, 0xff, 0xed, 0xff, 0xf0, 0xff, 0xf0, 0xff,
  0x21, 0x71, 0x01, 0x79, 0x63, 0x89, 0xa5, 0xa1, 0xe5, 0xb1, 0x46, 0xca, 0x87, 0xe2, 0xa7, 0xe2,
  0xc7, 0xda, 0x66, 0xca, 0x04, 0xaa, 0xa3, 0x89, 0x02, 0x61, 0xa1, 0x40, 0x80, 0x38, 0xa0, 0x48,
  0x63, 0x61, 0x24, 0x92, 0xa4, 0xba, 0xc5, 0xca, 0xc3, 0xca, 0xa3, 0xca, 0xa4, 0xc2, 0xc4, 0xba,
  0x43, 0xa2, 0xa2, 0x81, 0x40, 0x61, 0x20, 0x59, 0x00, 0x59, 0x00, 0x59, 0x00, 0x59, 0x00, 0x59,
  0x20, 0x59, 0x20, 0x59, 0x20, 0x61, 0x20, 0x61, 0x20, 0x61, 0x80, 0x81, 0xa2, 0xba, 0xe2, 0xd2,
  0x03, 0xd3, 0x04, 0xcb, 0xa7, 0xcb, 0x68, 0xa3, 0xa4, 0x61, 0xe5, 0x69, 0xa7, 0x7a, 0xc8, 0x82,
  0x87, 0x7a, 0x46, 0x72, 0x46, 0x72, 0x46, 0x72, 0x67, 0x7a, 0x67, 0x7a, 0x67, 0x7a, 0x67, 0x7a,
  0x46, 0x7a, 0x06, 0x72, 0x26, 0x7a, 0x47, 0x7a, 0x46, 0x7a, 0x67, 0x82, 0x67, 0x82, 0x87, 0x82,
  0x87, 0x82, 0x87, 0x8a, 0x87, 0x8a, 0x87, 0x8a, 0x87, 0x8a, 0x87, 0x8a, 0xa7, 0x92, 0xa7, 0x92,
  0xa7, 0x92, 0xa6, 0x92, 0xa7, 0x92, 0xc7, 0x9a, 0xe7, 0xa2, 0x07, 0xb3, 0x26, 0xbb, 0x86, 0xcb,
  0xa9, 0xe4, 0xac, 0xfd, 0xab, 0xfd, 0x29, 0xdc, 0x86, 0xbb, 0x89, 0xed, 0xa4, 0xe3, 0x84, 0xfb,
  0x83, 0xf3, 0x84, 0xf3, 0x84, 0xfb, 0xe4, 0xda, 0x82, 0x91, 0x81, 0x79, 0x04, 0xbb, 0x48, 0xe4,
  0x85, 0xcb, 0xa8, 0xec, 0xa5, 0xd3, 0x23, 0xc3, 0x88, 0xec, 0x68, 0xec, 0x47, 0xec, 0x27, 0xe4,
  0x04, 0xc3, 0xa1, 0x99, 0x81, 0x91, 0x43, 0x9a, 0xa4, 0xa2, 0xe5, 0xaa, 0xc4, 0xa2, 0xc4, 0xa2,
  0xe5, 0xaa, 0xc5, 0xaa, 0xc5, 0xaa, 0xc4, 0xaa, 0xc4, 0xba, 0x45, 0xcb, 0x05, 0xcb, 0xc3, 0xc2,
  0xe4, 0xca, 0x04, 0xd3, 0x24, 0xd3, 0x24, 0xd3, 0x65, 0xdb, 0x85, 0xdb, 0x85, 0xdb, 0x85, 0xdb,
  0xa5, 0xe3, 0xe6, 0xe3, 0xe6, 0xeb, 0x07, 0xec, 0x47, 0xf4, 0xa8, 0xfc, 0x08, 0xfd, 0x49, 0xfd,
  0xe9, 0xfc, 0x63, 0xdb, 0x89, 0xed, 0xac, 0xf6, 0x26, 0xed, 0xa7, 0xfd, 0x08, 0xfe, 0xaa, 0xfe,
  0x8e, 0xff, 0x03, 0xdc, 0x26, 0xed, 0x29, 0xf6, 0x61, 0xeb, 0x66, 0xf5, 0xac, 0xf6, 0xf3, 0xff,
  0xed, 0xff, 0xc5, 0xff, 0xe8, 0xff, 0xea, 0xff, 0xea, 0xff, 0xef, 0xff, 0xf1, 0xff, 0xf1, 0xff,
  0x45, 0xba, 0x67, 0xd2, 0x87, 0xd2, 0x66, 0xca, 0x46, 0xc2, 0xe5, 0xa1, 0x83, 0x89, 0x43, 0x71,
  0x02, 0x59, 0xc1, 0x40, 0x81, 0x38, 0x81, 0x30, 0xa1, 0x38, 0x02, 0x59, 0xe4, 0x89, 0x65, 0xaa,
  0xa4, 0xc2, 0xa4, 0xc2, 0x83, 0xc2, 0x84, 0xc2, 0xa4, 0xc2, 0xa3, 0xc2, 0xa4, 0xca, 0xc4, 0xc2,
  0x63, 0xa2, 0xc2, 0x81, 0x41, 0x69, 0x00, 0x59, 0x00, 0x59, 0x00, 0x59, 0x00, 0x59, 0x00, 0x59,
  0x00, 0x59, 0x00, 0x59, 0x00, 0x59, 0x20, 0x61, 0x20, 0x61, 0x60, 0x79, 0x41, 0xaa, 0xe2, 0xca,
  0x04, 0xd3, 0x05, 0xcb, 0x87, 0xcb, 0x47, 0xa3, 0xe5, 0x69, 0xc5, 0x69, 0x05, 0x6a, 0xc8, 0x82,
  0x87, 0x7a, 0x46, 0x72, 0x46, 0x72, 0x46, 0x72, 0x67, 0x7a, 0x67, 0x7a, 0x67, 0x7a, 0x67, 0x7a,
  0x26, 0x72, 0x26, 0x72, 0x26, 0x7a, 0x46, 0x7a, 0x46, 0x7a, 0x67, 0x82, 0x67, 0x82, 0x87, 0x82,
  0x87, 0x82, 0x87, 0x8a, 0x87, 0x8a, 0x87, 0x8a, 0x87, 0x8a, 0x87, 0x8a, 0x87, 0x8a, 0x87, 0x8a,
  0xa7, 0x92, 0xa7, 0x92, 0xa7, 0x92, 0xa7, 0x92, 0xc7, 0x9a, 0xc7, 0xa2, 0xe7, 0xaa, 0x06, 0xb3,
  0x47, 0xbb, 0xe8, 0xcb, 0x89, 0xdc, 0x08, 0xcc, 0x86, 0xbb, 0x69, 0xed, 0xc4, 0xe3, 0x84, 0xfb,
  0x84, 0xfb, 0x84, 0xf3, 0x63, 0xf3, 0x63, 0xf3, 0x25, 0xe3, 0xe4, 0xa1, 0x61, 0x81, 0x63, 0xa2,
  0xa7, 0xd3, 0x48, 0xe4, 0x43, 0xc3, 0x64, 0xcb, 0x48, 0xec, 0xe6, 0xdb, 0xa9, 0xf4, 0x88, 0xf4,
  0x07, 0xe4, 0xc3, 0xba, 0x80, 0x91, 0xa1, 0x89, 0x43, 0x9a, 0x43, 0x9a, 0x22, 0x92, 0x83, 0xa2,
  0xa4, 0xa2, 0xc5, 0xaa, 0x05, 0xab, 0xe4, 0xaa, 0x83, 0xaa, 0xc4, 0xca, 0xc4, 0xd2, 0xe4, 0xd2,
  0xe3, 0xd2, 0xe3, 0xd2, 0xe3, 0xd2, 0x04, 0xdb, 0x24, 0xdb, 0x44, 0xdb, 0x65, 0xdb, 0xa5, 0xdb,
  0xa5, 0xdb, 0xc6, 0xe3, 0xc6, 0xe3, 0x07, 0xec, 0x88, 0xf4, 0x29, 0xfd, 0x4c, 0xfe, 0x4c, 0xfe,
  0x69, 0xfd, 0x49, 0xfd, 0xa7, 0xf4, 0xc6, 0xec, 0x83, 0xe4, 0x87, 0xf5, 0x08, 0xfe, 0x2a, 0xfe,
  0xc8, 0xed, 0x46, 0xed, 0x49, 0xfe, 0x84, 0xec, 0xc2, 0xeb, 0xcb, 0xfe, 0xea, 0xfe, 0xad, 0xff,
  0xea, 0xff, 0xe6, 0xff, 0xea, 0xff, 0xec, 0xff, 0xed, 0xff, 0xf1, 0xff, 0xf2, 0xff, 0xf2, 0xff,
  0x43, 0x71, 0x02, 0x61, 0x01, 0x59, 0xe1, 0x48, 0xa1, 0x40, 0xc1, 0x40, 0xc1, 0x30, 0x81, 0x28,
  0x80, 0x28, 0x80, 0x30, 0x02, 0x51, 0xa2, 0x79, 0x44, 0x9a, 0xa4, 0xb2, 0xa4, 0xba, 0x83, 0xba,
  0x63, 0xba, 0x63, 0xba, 0x63, 0xba, 0x83, 0xba, 0x83, 0xba, 0x83, 0xc2, 0x83, 0xc2, 0xa4, 0xba,
  0x43, 0xa2, 0xc2, 0x81, 0x41, 0x69, 0x00, 0x59, 0x00, 0x59, 0x00, 0x59, 0x00, 0x59, 0x00, 0x59,
  0x00, 0x59, 0x00, 0x59, 0x00, 0x59, 0x20, 0x59, 0x20, 0x61, 0x40, 0x71, 0x01, 0xa2, 0xc2, 0xca,
  0x04, 0xcb, 0x25, 0xcb, 0x46, 0xc3, 0x06, 0xa3, 0xe5, 0x71, 0x05, 0x6a, 0xc4, 0x61, 0x66, 0x72,
  0x87, 0x7a, 0x46, 0x72, 0x46, 0x72, 0x46, 0x72, 0x47, 0x72, 0x47, 0x7a, 0x47, 0x7a, 0x26, 0x72,
  0x06, 0x72, 0x26, 0x72, 0x26, 0x72, 0x46, 0x7a, 0x46, 0x7a, 0x66, 0x7a, 0x67, 0x82, 0x67, 0x82,
  0x67, 0x82, 0x67, 0x82, 0x87, 0x8a, 0x87, 0x8a, 0x87, 0x8a, 0x87, 0x8a, 0x86, 0x8a, 0x86, 0x8a,
  0xa7, 0x92, 0xa7, 0x92, 0xa7, 0x92, 0xa7, 0x92, 0xc7, 0x92, 0xc7, 0x9a, 0xc7, 0xa2, 0xc7, 0xa2,
  0xe7, 0xaa, 0x07, 0xab, 0x67, 0xbb, 0x67, 0xbb, 0x65, 0xbb, 0x69, 0xed, 0xc4, 0xeb, 0x63, 0xfb,
  0x84, 0xf3, 0x63, 0xf3, 0x63, 0xf3, 0x43, 0xf3, 0x43, 0xeb, 0x23, 0xeb, 0x83, 0xba, 0xc2, 0x91,
  0xa2, 0x91, 0xe3, 0x91, 0x63, 0xaa, 0x85, 0xcb, 0x68, 0xec, 0x47, 0xe4, 0xea, 0xfc, 0x68, 0xec,
  0x43, 0xcb, 0xa5, 0xdb, 0x66, 0xd3, 0x43, 0xa2, 0x22, 0x92, 0x22, 0x92, 0x43, 0x9a, 0x83, 0x9a,
  0xa4, 0xaa, 0xa4, 0xa2, 0xc4, 0xaa, 0x83, 0xb2, 0xc4, 0xba, 0x24, 0xd3, 0x45, 0xdb, 0x25, 0xd3,
  0x86, 0xd3, 0xe8, 0xd3, 0x8a, 0xdc, 0xeb, 0xe4, 0x2c, 0xe5, 0x4c, 0xe5, 0x2b, 0xe5, 0x89, 0xdc,
  0x06, 0xdc, 0xc6, 0xdb, 0xc6, 0xe3, 0xe7, 0xeb, 0x47, 0xf4, 0xc8, 0xf4, 0x0c, 0xfe, 0xae, 0xfe,
  0x2c, 0xf6, 0x29, 0xf5, 0x09, 0xfd, 0xe4, 0xeb, 0xa0, 0xd2, 0xe6, 0xf4, 0xe9, 0xfd, 0x6a, 0xf6,
  0xe9, 0xf5, 0xa7, 0xed, 0xef, 0xff, 0x84, 0xec, 0x23, 0xec, 0x0b, 0xff, 0x89, 0xf6, 0x0a, 0xf7,
  0xe7, 0xff, 0xe7, 0xff, 0xeb, 0xff, 0xeb, 0xff, 0xee, 0xff, 0xf1, 0xff, 0xf2, 0xff, 0xf3, 0xff,
  0xa2, 0x40, 0xc2, 0x38, 0xc2, 0x38, 0xa1, 0x30, 0x81, 0x30, 0x81, 0x28, 0x81, 0x30, 0xe2, 0x40,
  0x83, 0x69, 0x03, 0x92, 0x84, 0xaa, 0xa4, 0xb2, 0x83, 0xb2, 0x63, 0xaa, 0x43, 0xaa, 0x63, 0xb2,
  0x63, 0xb2, 0x63, 0xb2, 0x63, 0xb2, 0x63, 0xba, 0x63, 0xba, 0x83, 0xba, 0x83, 0xba, 0x83, 0xba,
  0x43, 0xa2, 0xc2, 0x81, 0x41, 0x69, 0x00, 0x59, 0x00, 0x59, 0x00, 0x59, 0x00, 0x59, 0x00, 0x59,
  0x00, 0x59, 0x00, 0x59, 0x00, 0x59, 0x20, 0x59, 0x20, 0x61, 0x20, 0x69, 0xc0, 0x91, 0xc2, 0xc2,
  0x04, 0xcb, 0x45, 0xcb, 0x26, 0xcb, 0x07, 0xab, 0x04, 0x72, 0x05, 0x6a, 0x05, 0x62, 0xe5, 0x61,
  0x46, 0x72, 0x46, 0x72, 0x46, 0x72, 0x46, 0x72, 0x46, 0x72, 0x47, 0x7a, 0x46, 0x72, 0x05, 0x72,
  0x26, 0x72, 0x26, 0x72, 0x26, 0x72, 0x46, 0x72, 0x46, 0x7a, 0x66, 0x7a, 0x67, 0x82, 0x67, 0x82,
  0x67, 0x82, 0x67, 0x82, 0x87, 0x8a, 0x87, 0x8a, 0x87, 0x8a, 0x86, 0x8a, 0x86, 0x8a, 0x86, 0x8a,
  0x86, 0x8a, 0xa7, 0x92, 0xa7, 0x92, 0xa7, 0x92, 0xa7, 0x92, 0xa7, 0x92, 0xc7, 0x92, 0xc7, 0x9a,
  0xc7, 0xa2, 0xc7, 0xa2, 0xe7, 0xa2, 0xe7, 0xa2, 0x25, 0xab, 0xe8, 0xe4, 0x83, 0xe3, 0x63, 0xf3,
  0x64, 0xf3, 0x63, 0xf3, 0x63, 0xf3, 0x43, 0xf3, 0x23, 0xeb, 0x03, 0xe3, 0x03, 0xdb, 0xe3, 0xd2,
  0x42, 0xba, 0x82, 0x91, 0x82, 0x91, 0x63, 0xaa, 0x46, 0xc3, 0x68, 0xec, 0xe9, 0xfc, 0xc5, 0xdb,
  0x64, 0xd3, 0x88, 0xf4, 0x68, 0xec, 0x45, 0xc3, 0x83, 0xa2, 0x43, 0x9a, 0x43, 0x9a, 0xa4, 0xa2,
  0xa4, 0xaa, 0x42, 0x9a, 0xc8, 0xbb, 0xf2, 0xe5, 0x74, 0xf6, 0xf4, 0xf6, 0x15, 0xf7, 0x15, 0xf7,
  0xf4, 0xf6, 0xd3, 0xf6, 0x92, 0xee, 0xcf, 0xed, 0x2c, 0xe5, 0xca, 0xdc, 0x48, 0xdc, 0xc6, 0xe3,
  0xc5, 0xe3, 0xc6, 0xe3, 0xc6, 0xe3, 0x07, 0xec, 0x47, 0xf4, 0x68, 0xfc, 0xc8, 0xf4, 0x0c, 0xfe,
  0x8d, 0xfe, 0xe9, 0xfc, 0xc8, 0xfc, 0x09, 0xfd, 0xe5, 0xeb, 0xe4, 0xe3, 0xe9, 0xfd, 0xcb, 0xfe,
  0xab, 0xfe, 0x64, 0xe4, 0x8d, 0xff, 0xc5, 0xec, 0x23, 0xec, 0xe8, 0xf5, 0x29, 0xfe, 0x48, 0xfe,
  0x66, 0xff, 0xe9, 0xff, 0xec, 0xff, 0xeb, 0xff, 0xee, 0xff, 0xf2, 0xff, 0xf2, 0xff, 0xf3, 0xff,
  0xa2, 0x30, 0x81, 0x28, 0x61, 0x20, 0x60, 0x20, 0xc1, 0x30, 0x42, 0x59, 0xe4, 0x81, 0x64, 0xa2,
  0x84, 0xb2, 0x84, 0xb2, 0x64, 0xb2, 0x63, 0xaa, 0x43, 0xaa, 0x43, 0xaa, 0x43, 0xaa, 0x42, 0xb2,
  0x42, 0xb2, 0x43, 0xb2, 0x43, 0xb2, 0x43, 0xb2, 0x63, 0xb2, 0x63, 0xba, 0x63, 0xba, 0x63, 0xba,
  0x23, 0xa2, 0xa1, 0x81, 0x21, 0x61, 0xe0, 0x58, 0xe0, 0x58, 0x00, 0x59, 0x00, 0x59, 0x00, 0x59,
  0x00, 0x59, 0x00, 0x59, 0x00, 0x59, 0x20, 0x59, 0x20, 0x61, 0x40, 0x61, 0xa0, 0x81, 0xc2, 0xba,
  0x84, 0xd3, 0x44, 0xcb, 0x46, 0xcb, 0x67, 0xb3, 0x24, 0x7a, 0xe5, 0x69, 0x05, 0x6a, 0xe5, 0x61,
  0xe5, 0x69, 0x46, 0x72, 0x46, 0x72, 0x46, 0x72, 0x46, 0x72, 0x47, 0x7a, 0x26, 0x72, 0xe5, 0x69,
  0xe5, 0x69, 0x26, 0x72, 0x26, 0x72, 0x46, 0x72, 0x46, 0x7a, 0x66, 0x7a, 0x67, 0x82, 0x67, 0x82,
  0x67, 0x82, 0x67, 0x82, 0x87, 0x8a, 0x87, 0x8a, 0x87, 0x8a, 0x87, 0x8a, 0x86, 0x8a, 0x87, 0x8a,
  0xa7, 0x8a, 0xa7, 0x92, 0xa7, 0x92, 0xa7, 0x92, 0xa7, 0x92, 0xa7, 0x92, 0xa7, 0x92, 0xc7, 0x92,
  0xc7, 0x9a, 0xa6, 0x9a, 0xc7, 0xa2, 0xa7, 0xa2, 0xe5, 0xaa, 0xc7, 0xe4, 0x83, 0xe3, 0x63, 0xf3,
  0x63, 0xf3, 0x63, 0xf3, 0x43, 0xf3, 0x44, 0xf3, 0x43, 0xeb, 0x23, 0xeb, 0xe2, 0xe2, 0xc2, 0xda,
  0xc3, 0xda, 0xa3, 0xca, 0x63, 0xb2, 0x82, 0x91, 0xa2, 0x99, 0x83, 0xaa, 0xe5, 0xba, 0x85, 0xcb,
  0xa8, 0xf4, 0xe5, 0xe3, 0xe6, 0xe3, 0x68, 0xec, 0xe5, 0xb2, 0x23, 0x9a, 0x23, 0x9a, 0xc5, 0xaa,
  0x83, 0xaa, 0x09, 0xc4, 0x57, 0xf7, 0xfa, 0xff, 0x37, 0xff, 0x93, 0xf6, 0xd0, 0xed, 0x0c, 0xed,
  0xe7, 0xdb, 0x66, 0xd3, 0x25, 0xdb, 0xe3, 0xda, 0x03, 0xdb, 0x84, 0xe3, 0xe5, 0xeb, 0x06, 0xf4,
  0x06, 0xec, 0xe6, 0xeb, 0xe6, 0xeb, 0x07, 0xf4, 0x47, 0xfc, 0x68, 0xfc, 0xa8, 0xfc, 0xe9, 0xfc,
  0x09, 0xfd, 0xc8, 0xfc, 0xc8, 0xfc, 0xe9, 0xfc, 0xe9, 0xfc, 0x25, 0xec, 0x06, 0xf5, 0xca, 0xfe,
  0xe8, 0xf5, 0x81, 0xe3, 0x87, 0xf5, 0x84, 0xec, 0x26, 0xf5, 0xc8, 0xf5, 0xa6, 0xf5, 0x85, 0xf5,
  0xc3, 0xed, 0xeb, 0xff, 0xec, 0xff, 0xec, 0xff, 0xf0, 0xff, 0xf2, 0xff, 0xf3, 0xff, 0xf4, 0xff,
  0x61, 0x18, 0x81, 0x28, 0x02, 0x49, 0xa3, 0x71, 0x23, 0x92, 0x64, 0xa2, 0x64, 0xaa, 0x63, 0xaa,
  0x63, 0xaa, 0x63, 0xaa, 0x63, 0xaa, 0x43, 0xaa, 0x43, 0xaa, 0x23, 0xaa, 0x23, 0xaa, 0x22, 0xaa,
  0x22, 0xaa, 0x22, 0xb2, 0x22, 0xb2, 0x42, 0xb2, 0x42, 0xb2, 0x42, 0xb2, 0x63, 0xb2, 0x63, 0xb2,
  0x02, 0x9a, 0x81, 0x79, 0x20, 0x61, 0xe0, 0x58, 0xe0, 0x50, 0xe0, 0x50, 0xe0, 0x50, 0x00, 0x51,
  0x00, 0x59, 0x00, 0x59, 0x00, 0x59, 0x00, 0x59, 0x20, 0x59, 0x40, 0x61, 0xa0, 0x81, 0xc3, 0xba,
  0x47, 0xdc, 0x45, 0xcb, 0x46, 0xcb, 0x45, 0xbb, 0x65, 0x82, 0xe4, 0x69, 0x05, 0x6a, 0xe5, 0x69,
  0xc5, 0x61, 0x06, 0x6a, 0x26, 0x72, 0x46, 0x72, 0x46, 0x72, 0x46, 0x7a, 0x05, 0x72, 0xc5, 0x69,
  0x05, 0x72, 0x26, 0x72, 0x26, 0x72, 0x26, 0x72, 0x46, 0x7a, 0x46, 0x7a, 0x66, 0x82, 0x67, 0x82,
  0x67, 0x82, 0x67, 0x82, 0x67, 0x82, 0x86, 0x82, 0x87, 0x8a, 0x87, 0x8a, 0x87, 0x8a, 0x87, 0x8a,
  0x87, 0x8a, 0x87, 0x8a, 0x87, 0x92, 0x87, 0x92, 0xa7, 0x92, 0x87, 0x92, 0xa7, 0x92, 0xa7, 0x92,
  0xa7, 0x9a, 0xa6, 0x9a, 0xa7, 0x9a, 0xa6, 0x9a, 0xe5, 0xa2, 0x87, 0xdc, 0x63, 0xe3, 0x43, 0xf3,
  0x43, 0xf3, 0x64, 0xf3, 0x64, 0xf3, 0x64, 0xf3, 0x44, 0xf3, 0x23, 0xeb, 0x03, 0xe3, 0xe3, 0xda,
  0xc3, 0xda, 0xa2, 0xd2, 0x82, 0xc2, 0x63, 0xba, 0x02, 0xaa, 0xc2, 0x91, 0xe2, 0x89, 0x43, 0xa2,
  0xc4, 0xba, 0xc3, 0xba, 0x45, 0xc3, 0xe4, 0xb2, 0x63, 0xa2, 0x43, 0x9a, 0xa5, 0xaa, 0xc4, 0xba,
  0x04, 0xcb, 0x6a, 0xec, 0xf5, 0xf6, 0xf6, 0xf6, 0xe7, 0xeb, 0x44, 0xeb, 0x04, 0xe3, 0xe3, 0xda,
  0xe3, 0xda, 0xe3, 0xda, 0x04, 0xdb, 0x24, 0xe3, 0x44, 0xe3, 0x65, 0xe3, 0x65, 0xe3, 0x64, 0xdb,
  0x85, 0xe3, 0xa6, 0xeb, 0x07, 0xf4, 0xc9, 0xfc, 0xe9, 0xfc, 0x88, 0xfc, 0x88, 0xfc, 0xa8, 0xfc,
  0xc8, 0xfc, 0xc8, 0xfc, 0xc8, 0xfc, 0xc8, 0xfc, 0xc8, 0xfc, 0xe8, 0xfc, 0xa5, 0xec, 0x08, 0xee,
  0x8a, 0xf6, 0xe4, 0xec, 0xa7, 0xf5, 0x02, 0xe4, 0xe7, 0xfd, 0x4a, 0xfe, 0x28, 0xfe, 0x87, 0xfd,
  0xc3, 0xec, 0xad, 0xff, 0xed, 0xff, 0xec, 0xff, 0xf1, 0xff, 0xf3, 0xff, 0xf5, 0xff, 0xf6, 0xff,
  0x01, 0x49, 0xc3, 0x79, 0x64, 0x9a, 0x64, 0xa2, 0x43, 0xa2, 0x43, 0xa2, 0x43, 0xa2, 0x63, 0xaa,
  0x63, 0xaa, 0x43, 0xaa, 0x43, 0xaa, 0x43, 0xaa, 0x43, 0xaa, 0x43, 0xaa, 0x23, 0xaa, 0x22, 0xaa,
  0x22, 0xaa, 0x22, 0xaa, 0x22, 0xaa, 0x22, 0xaa, 0x42, 0xb2, 0x42, 0xb2, 0x42, 0xb2, 0x63, 0xb2,
  0x02, 0x9a, 0x82, 0x79, 0x21, 0x61, 0xe0, 0x50, 0xe0, 0x50, 0xe0, 0x50, 0xe0, 0x50, 0xe0, 0x50,
  0x00, 0x51, 0x00, 0x51, 0x00, 0x59, 0x00, 0x59, 0x20, 0x59, 0x20, 0x61, 0x60, 0x71, 0x83, 0xa2,
  0x2c, 0xe5, 0xc7, 0xcb, 0x87, 0xcb, 0x87, 0xc3, 0x64, 0x8a, 0xe4, 0x69, 0x05, 0x6a, 0xe5, 0x61,
  0xe5, 0x61, 0xe5, 0x69, 0x26, 0x72, 0x46, 0x72, 0x46, 0x72, 0x46, 0x72, 0x05, 0x6a, 0xe5, 0x69,
  0x26, 0x72, 0x26, 0x72, 0x26, 0x72, 0x26, 0x72, 0x46, 0x7a, 0x46, 0x7a, 0x46, 0x82, 0x67, 0x82,
  0x66, 0x82, 0x66, 0x82, 0x67, 0x82, 0x86, 0x8a, 0x87, 0x8a, 0x87, 0x8a, 0x86, 0x8a, 0x87, 0x8a,
  0x87, 0x8a, 0x87, 0x8a, 0x86, 0x92, 0x86, 0x92, 0x87, 0x92, 0x87, 0x92, 0xa7, 0x92, 0xa7, 0x92,
  0xa7, 0x92, 0xa6, 0x92, 0xa7, 0x9a, 0xa6, 0x9a, 0xc5, 0xa2, 0x67, 0xdc, 0x43, 0xe3, 0x43, 0xf3,
  0x44, 0xf3, 0x63, 0xf3, 0x63, 0xf3, 0x64, 0xf3, 0x43, 0xeb, 0x23, 0xeb, 0x23, 0xeb, 0x03, 0xe3,
  0xe3, 0xda, 0xa2, 0xd2, 0x62, 0xca, 0x62, 0xc2, 0x63, 0xc2, 0x63, 0xb2, 0x43, 0xa2, 0xc2, 0x89,
  0xa1, 0x91, 0x03, 0x9a, 0x43, 0x9a, 0x63, 0xa2, 0x84, 0xaa, 0xe5, 0xb2, 0xa4, 0xb2, 0xc3, 0xc2,
  0x65, 0xe3, 0x24, 0xeb, 0xd0, 0xf5, 0x15, 0xff, 0xc6, 0xe3, 0x44, 0xeb, 0x24, 0xe3, 0x04, 0xdb,
  0x04, 0xd3, 0xe3, 0xd2, 0xe3, 0xd2, 0xc3, 0xd2, 0xc3, 0xd2, 0xc3, 0xd2, 0xe4, 0xd2, 0x04, 0xdb,
  0x44, 0xdb, 0x85, 0xeb, 0x27, 0xf4, 0xce, 0xfe, 0xae, 0xfe, 0x67, 0xfc, 0x67, 0xfc, 0x88, 0xfc,
  0x88, 0xfc, 0x88, 0xfc, 0x87, 0xfc, 0xa7, 0xfc, 0xc8, 0xfc, 0x28, 0xfd, 0xca, 0xfd, 0x8f, 0xff,
  0x2d, 0xff, 0x63, 0xe4, 0xaa, 0xfe, 0x63, 0xe4, 0xc4, 0xf4, 0x29, 0xfe, 0x29, 0xfe, 0x26, 0xf5,
  0x63, 0xec, 0x8d, 0xff, 0xec, 0xff, 0xed, 0xff, 0xf2, 0xff, 0xf4, 0xff, 0xf5, 0xff, 0xf6, 0xff,
  0xe1, 0x89, 0xe1, 0x91, 0xe1, 0x91, 0xe2, 0x91, 0xe1, 0x91, 0x01, 0x9a, 0x02, 0x9a, 0x02, 0x9a,
  0x22, 0x9a, 0x22, 0xa2, 0x22, 0xa2, 0x22, 0xa2, 0x23, 0xa2, 0x23, 0xa2, 0x23, 0xa2, 0x22, 0xaa,
  0x22, 0xaa, 0x22, 0xaa, 0x22, 0xaa, 0x22, 0xaa, 0x42, 0xaa, 0x42, 0xaa, 0x42, 0xb2, 0x63, 0xaa,
  0x02, 0x9a, 0x82, 0x79, 0x21, 0x61, 0xe0, 0x50, 0xe0, 0x50, 0xe0, 0x50, 0xe0, 0x50, 0xe0, 0x50,
  0x00, 0x51, 0x00, 0x51, 0x00, 0x59, 0x00, 0x59, 0x20, 0x59, 0x81, 0x69, 0xa4, 0x8a, 0x8a, 0xbc,
  0x13, 0xf7, 0x30, 0xe6, 0x2d, 0xdd, 0x0a, 0xd4, 0x64, 0x92, 0xe4, 0x69, 0x05, 0x6a, 0xe5, 0x61,
  0xe5, 0x61, 0xc5, 0x61, 0xe5, 0x69, 0x46, 0x72, 0x26, 0x72, 0x46, 0x72, 0xe5, 0x69, 0x05, 0x72,
  0x26, 0x72, 0x26, 0x72, 0x26, 0x72, 0x26, 0x72, 0x46, 0x7a, 0x46, 0x7a, 0x46, 0x82, 0x66, 0x82,
  0x66, 0x82, 0x67, 0x82, 0x67, 0x8a, 0x66, 0x8a, 0x66, 0x82, 0x86, 0x8a, 0x66, 0x8a, 0x86, 0x8a,
  0x87, 0x8a, 0x87, 0x8a, 0x86, 0x8a, 0x86, 0x8a, 0x86, 0x92, 0x86, 0x8a, 0x87, 0x92, 0xa7, 0x92,
  0xa7, 0x92, 0xa6, 0x92, 0xa7, 0x92, 0xa6, 0x9a, 0xc5, 0xaa, 0x46, 0xdc, 0x43, 0xe3, 0x43, 0xf3,
  0x43, 0xf3, 0x43, 0xf3, 0x43, 0xf3, 0x43, 0xf3, 0x43, 0xeb, 0x23, 0xeb, 0x23, 0xeb, 0x23, 0xe3,
  0x03, 0xdb, 0xe3, 0xda, 0xa3, 0xca, 0x62, 0xca, 0x63, 0xc2, 0x42, 0xb2, 0x02, 0xa2, 0x22, 0xa2,
  0x23, 0xa2, 0x02, 0x9a, 0x22, 0xa2, 0x42, 0xa2, 0x84, 0xaa, 0x63, 0xaa, 0x42, 0xaa, 0xc4, 0xc2,
  0x24, 0xd3, 0xe4, 0xda, 0xcc, 0xec, 0x16, 0xff, 0xc7, 0xdb, 0x04, 0xdb, 0xe4, 0xda, 0xe4, 0xd2,
  0xe3, 0xca, 0xc3, 0xca, 0xa3, 0xca, 0xc3, 0xca, 0xc3, 0xca, 0xe3, 0xca, 0xe4, 0xd2, 0x04, 0xd3,
  0x24, 0xd3, 0x45, 0xe3, 0xe7, 0xf3, 0x4a, 0xf5, 0x49, 0xf5, 0x47, 0xfc, 0x47, 0xfc, 0x27, 0xfc,
  0x27, 0xfc, 0x47, 0xfc, 0x67, 0xfc, 0x87, 0xfc, 0xa7, 0xfc, 0xe8, 0xfc, 0xaa, 0xfd, 0x70, 0xff,
  0x0a, 0xf6, 0x20, 0xeb, 0x84, 0xf4, 0xe2, 0xeb, 0x81, 0xeb, 0x46, 0xf5, 0x46, 0xf5, 0xa4, 0xec,
  0xa3, 0xe4, 0x8c, 0xff, 0xec, 0xff, 0xed, 0xff, 0xf2, 0xff, 0xf4, 0xff, 0xf6, 0xff, 0xf7, 0xff,
  0xa0, 0x81, 0xa1, 0x81, 0xa1, 0x89, 0xc0, 0x89, 0xc0, 0x89, 0xc0, 0x89, 0xc0, 0x89, 0xc0, 0x89,
  0xc0, 0x89, 0xc1, 0x91, 0xc1, 0x91, 0xe1, 0x91, 0xe1, 0x91, 0xe1, 0x91, 0xe1, 0x99, 0xe1, 0x99,
  0xe1, 0x99, 0xe1, 0xa1, 0x01, 0xa2, 0x01, 0xa2, 0x02, 0xa2, 0x22, 0xa2, 0x22, 0xaa, 0x43, 0xaa,
  0x02, 0x9a, 0x82, 0x79, 0x21, 0x61, 0xe0, 0x50, 0xe0, 0x50, 0xe0, 0x50, 0xe0, 0x50, 0xe0, 0x50,
  0xe0, 0x50, 0xe0, 0x50, 0x00, 0x51, 0x00, 0x51, 0x20, 0x59, 0x03, 0x72, 0xa5, 0x8a, 0x66, 0xa3,
  0xee, 0xdd, 0xca, 0xd4, 0x66, 0xc3, 0x47, 0xc3, 0x85, 0xa2, 0xc4, 0x71, 0xe5, 0x69, 0xe5, 0x69,
  0xe5, 0x69, 0xe5, 0x69, 0xc4, 0x61, 0xa4, 0x61, 0x06, 0x72, 0x46, 0x7a, 0xe5, 0x71, 0x26, 0x72,
  0x26, 0x72, 0x06, 0x72, 0x26, 0x72, 0x26, 0x72, 0x26, 0x7a, 0x46, 0x7a, 0x46, 0x82, 0x46, 0x82,
  0x66, 0x82, 0x66, 0x82, 0x66, 0x82, 0x66, 0x82, 0x66, 0x82, 0x66, 0x82, 0x66, 0x8a, 0x66, 0x8a,
  0x86, 0x8a, 0x86, 0x8a, 0x86, 0x8a, 0x86, 0x8a, 0x86, 0x8a, 0x86, 0x8a, 0x86, 0x92, 0x87, 0x92,
  0xa7, 0x92, 0xa6, 0x92, 0xa7, 0x92, 0xa6, 0x9a, 0xc5, 0xaa, 0x26, 0xdc, 0x43, 0xe3, 0x43, 0xf3,
  0x43, 0xeb, 0x43, 0xeb, 0x43, 0xeb, 0x43, 0xeb, 0x23, 0xeb, 0x23, 0xeb, 0x23, 0xe3, 0x03, 0xe3,
  0x03, 0xdb, 0x03, 0xdb, 0xc3, 0xd2, 0x82, 0xca, 0x83, 0xc2, 0x83, 0xba, 0x22, 0xaa, 0x02, 0xaa,
  0x02, 0xaa, 0x22, 0xaa, 0x43, 0xaa, 0x22, 0xaa, 0x02, 0xa2, 0x22, 0xa2, 0x43, 0xaa, 0x63, 0xb2,
  0xa3, 0xc2, 0xa3, 0xc2, 0xe9, 0xdb, 0xf5, 0xfe, 0xa7, 0xd3, 0xc3, 0xca, 0xc3, 0xca, 0xa3, 0xc2,
  0xa3, 0xc2, 0x82, 0xba, 0x82, 0xba, 0xa3, 0xc2, 0xa3, 0xc2, 0xa3, 0xc2, 0xc3, 0xca, 0xe4, 0xd2,
  0x04, 0xd3, 0x24, 0xdb, 0x85, 0xe3, 0xa6, 0xf3, 0xe6, 0xfb, 0x06, 0xfc, 0xe6, 0xfb, 0xe6, 0xfb,
  0x06, 0xfc, 0x47, 0xfc, 0x68, 0xfc, 0x87, 0xfc, 0x87, 0xfc, 0xa8, 0xfc, 0x08, 0xfd, 0x69, 0xfd,
  0x49, 0xfd, 0x24, 0xec, 0x23, 0xec, 0x84, 0xf4, 0x84, 0xfc, 0x87, 0xfd, 0x66, 0xf5, 0xe6, 0xf5,
  0x46, 0xee, 0xec, 0xff, 0xec, 0xff, 0xed, 0xff, 0xf3, 0xff, 0xf5, 0xff, 0xf7, 0xff, 0xf8, 0xff,
  0xe2, 0x91, 0xe2, 0x91, 0xe2, 0x91, 0xe2, 0x91, 0xe1, 0x91, 0xe1, 0x89, 0xe1, 0x89, 0xc1, 0x89,
  0xc1, 0x89, 0xc1, 0x89, 0xc0, 0x89, 0xc0, 0x89, 0xc0, 0x89, 0xc0, 0x89, 0xa0, 0x91, 0xa0, 0x91,
  0xa0, 0x91, 0xa0, 0x91, 0xa0, 0x91, 0xc1, 0x99, 0xc1, 0x99, 0xc1, 0x99, 0xe1, 0x99, 0x01, 0x9a,
  0xe2, 0x91, 0x81, 0x79, 0x21, 0x61, 0xe0, 0x50, 0xe0, 0x50, 0xe0, 0x50, 0xe0, 0x50, 0xe0, 0x50,
  0xe0, 0x50, 0xe0, 0x50, 0xe0, 0x50, 0x00, 0x51, 0x00, 0x59, 0x20, 0x59, 0x20, 0x61, 0x80, 0x71,
  0xe7, 0xb3, 0xe6, 0xcb, 0xe4, 0xba, 0x26, 0xc3, 0xc5, 0xaa, 0x04, 0x7a, 0xc4, 0x69, 0xe5, 0x69,
  0xe5, 0x69, 0xe5, 0x69, 0xe5, 0x69, 0x84, 0x61, 0x43, 0x59, 0xe5, 0x69, 0xe5, 0x69, 0x87, 0x82,
  0x26, 0x72, 0x06, 0x72, 0x06, 0x72, 0x25, 0x72, 0x26, 0x7a, 0x26, 0x7a, 0x46, 0x82, 0x46, 0x82,
  0x66, 0x82, 0x66, 0x82, 0x66, 0x82, 0x66, 0x82, 0x66, 0x82, 0x66, 0x82, 0x66, 0x82, 0x66, 0x82,
  0x86, 0x8a, 0x86, 0x8a, 0x86, 0x8a, 0x86, 0x8a, 0x86, 0x8a, 0x86, 0x8a, 0x86, 0x92, 0x87, 0x92,
  0xa7, 0x92, 0xa6, 0x92, 0xa7, 0x92, 0xa6, 0x92, 0xc5, 0xaa, 0x26, 0xdc, 0x43, 0xe3, 0x23, 0xf3,
  0x43, 0xeb, 0x43, 0xeb, 0x23, 0xeb, 0x23, 0xeb, 0x23, 0xeb, 0x03, 0xe3, 0x03, 0xe3, 0x03, 0xdb,
  0x03, 0xdb, 0xe3, 0xda, 0xc3, 0xd2, 0xa3, 0xca, 0xa3, 0xca, 0x83, 0xc2, 0x62, 0xba, 0x42, 0xb2,
  0x22, 0xaa, 0x22, 0xaa, 0x23, 0xaa, 0x22, 0xa2, 0x02, 0xa2, 0x02, 0xa2, 0x23, 0xa2, 0x22, 0xaa,
  0x63, 0xb2, 0x63, 0xba, 0x06, 0xc3, 0x94, 0xfe, 0xc8, 0xcb, 0x62, 0xc2, 0x83, 0xba, 0x62, 0xba,
  0x62, 0xb2, 0x62, 0xb2, 0x62, 0xb2, 0x83, 0xba, 0xa3, 0xba, 0xa3, 0xc2, 0xc3, 0xc2, 0xe4, 0xca,
  0x04, 0xcb, 0x24, 0xd3, 0x44, 0xdb, 0x65, 0xe3, 0x86, 0xeb, 0xc6, 0xf3, 0xc6, 0xf3, 0xc6, 0xfb,
  0xe6, 0xfb, 0x67, 0xfc, 0xe9, 0xfc, 0x87, 0xfc, 0x87, 0xfc, 0x87, 0xfc, 0xc8, 0xfc, 0xe8, 0xfc,
  0x08, 0xfd, 0x08, 0xfd, 0x85, 0xec, 0x43, 0xec, 0x23, 0xf4, 0xe8, 0xfd, 0xc9, 0xfe, 0x67, 0xff,
  0xa8, 0xff, 0xed, 0xff, 0xec, 0xff, 0xed, 0xff, 0xf3, 0xff, 0xf5, 0xff, 0xf7, 0xff, 0xf8, 0xff,
  0xe2, 0x91, 0xe2, 0x91, 0x02, 0x92, 0x03, 0x92, 0x03, 0x92, 0xe2, 0x91, 0xe2, 0x91, 0xe2, 0x91,
  0xe2, 0x91, 0x02, 0x92, 0x02, 0x92, 0x02, 0x92, 0x01, 0x92, 0xe1, 0x91, 0xc1, 0x91, 0xc1, 0x91,
  0xc1, 0x91, 0xc1, 0x91, 0xc1, 0x91, 0xa0, 0x91, 0xa0, 0x91, 0xa0, 0x91, 0xc0, 0x91, 0xc1, 0x91,
  0xa1, 0x91, 0x81, 0x79, 0x41, 0x69, 0xe0, 0x58, 0xe0, 0x50, 0xe0, 0x50, 0xc0, 0x50, 0xc0, 0x50,
  0xc0, 0x50, 0xe0, 0x50, 0xe0, 0x50, 0xe0, 0x50, 0xe0, 0x50, 0x20, 0x59, 0x40, 0x61, 0x80, 0x69,
  0xc3, 0xa2, 0x64, 0xc3, 0xc3, 0xb2, 0xe4, 0xba, 0xc4, 0xb2, 0x23, 0x8a, 0xc4, 0x69, 0xe5, 0x69,
  0xe5, 0x69, 0xe5, 0x69, 0xe5, 0x69, 0xe5, 0x69, 0x63, 0x59, 0x01, 0x51, 0x22, 0x59, 0xc8, 0x8a,
  0x46, 0x7a, 0x05, 0x72, 0x06, 0x72, 0x26, 0x72, 0x26, 0x7a, 0x26, 0x7a, 0x26, 0x82, 0x46, 0x82,
  0x66, 0x82, 0x66, 0x82, 0x46, 0x82, 0x46, 0x82, 0x66, 0x82, 0x66, 0x82, 0x66, 0x82, 0x66, 0x82,
  0x86, 0x8a, 0x86, 0x8a, 0x66, 0x8a, 0x86, 0x8a, 0x86, 0x8a, 0x86, 0x8a, 0x86, 0x92, 0x87, 0x92,
  0xa6, 0x92, 0xa6, 0x92, 0xa7, 0x92, 0x86, 0x92, 0x06, 0xb3, 0x87, 0xe4, 0x03, 0xdb, 0x23, 0xf3,
  0x23, 0xeb, 0x23, 0xeb, 0x23, 0xeb, 0x23, 0xe3, 0x03, 0xe3, 0x03, 0xe3, 0x03, 0xdb, 0xe3, 0xda,
  0xe3, 0xda, 0xe3, 0xda, 0xc3, 0xd2, 0xa3, 0xca, 0xa3, 0xca, 0x82, 0xc2, 0x82, 0xba, 0x62, 0xba,
  0x42, 0xb2, 0x22, 0xaa, 0x22, 0xaa, 0x02, 0xa2, 0xe2, 0xa1, 0xe2, 0x99, 0xe2, 0xa1, 0x02, 0xa2,
  0x22, 0xaa, 0x63, 0xb2, 0x84, 0xb2, 0xf1, 0xed, 0xe9, 0xcb, 0x21, 0xba, 0x83, 0xba, 0x63, 0xb2,
  0x62, 0xaa, 0x42, 0xaa, 0x62, 0xaa, 0x83, 0xb2, 0xa3, 0xb2, 0xc3, 0xba, 0xc3, 0xba, 0xe4, 0xc2,
  0x04, 0xcb, 0x24, 0xcb, 0x45, 0xd3, 0x66, 0xdb, 0x86, 0xe3, 0xa6, 0xeb, 0xa6, 0xf3, 0xc6, 0xf3,
  0xe6, 0xfb, 0x88, 0xfc, 0xac, 0xf5, 0x88, 0xfc, 0x88, 0xfc, 0x88, 0xfc, 0xa7, 0xfc, 0xa8, 0xfc,
  0xa8, 0xfc, 0x29, 0xfd, 0x8d, 0xfe, 0xa8, 0xf5, 0xc1, 0xdb, 0x63, 0xed, 0xe8, 0xff, 0xa5, 0xff,
  0xa6, 0xff, 0xed, 0xff, 0xec, 0xff, 0xed, 0xff, 0xf3, 0xff, 0xf5, 0xff, 0xf7, 0xff, 0xf8, 0xff,
  0xe2, 0x91, 0xe2, 0x91, 0x02, 0x92, 0x02, 0x92, 0x03, 0x92, 0xe2, 0x91, 0xe2, 0x91, 0xe3, 0x91,
  0xe2, 0x91, 0xe2, 0x91, 0x02, 0x92, 0xe2, 0x99, 0xe2, 0x91, 0xe2, 0x99, 0xe2, 0x99, 0xe1, 0x91,
  0xe1, 0x91, 0xe1, 0x91, 0xe1, 0x91, 0xe1, 0x99, 0xe2, 0x99, 0xe2, 0x99, 0x01, 0x9a, 0x01, 0x9a,
  0x01, 0xa2, 0xa1, 0x89, 0x41, 0x71, 0x00, 0x69, 0xe0, 0x60, 0xe0, 0x58, 0xc0, 0x50, 0xc0, 0x50,
  0xa0, 0x48, 0xc0, 0x48, 0xc0, 0x48, 0xe0, 0x50, 0xe0, 0x50, 0xe0, 0x50, 0xe0, 0x58, 0x40, 0x61,
  0x01, 0x82, 0xa2, 0xaa, 0xa2, 0xb2, 0xa3, 0xb2, 0xa4, 0xb2, 0x64, 0x9a, 0xc3, 0x71, 0xc5, 0x69,
  0xc5, 0x61, 0xc5, 0x69, 0xe5, 0x69, 0xe5, 0x69, 0xc5, 0x69, 0x42, 0x59, 0xe1, 0x50, 0x46, 0x7a,
  0xa8, 0x8a, 0xe5, 0x71, 0x06, 0x72, 0x26, 0x72, 0x26, 0x7a, 0x26, 0x7a, 0x26, 0x7a, 0x46, 0x82,
  0x46, 0x82, 0x46, 0x82, 0x46, 0x82, 0x46, 0x82, 0x66, 0x82, 0x66, 0x82, 0x66, 0x82, 0x66, 0x8a,
  0x66, 0x8a, 0x66, 0x8a, 0x66, 0x8a, 0x86, 0x8a, 0x86, 0x8a, 0x86, 0x92, 0x86, 0x92, 0xa6, 0x92,
  0xa6, 0x9a, 0xa6, 0x9a, 0xc6, 0x9a, 0x86, 0x9a, 0x26, 0xbb, 0x4a, 0xf5, 0x23, 0xdb, 0x23, 0xeb,
  0x23, 0xeb, 0x23, 0xeb, 0x23, 0xe3, 0x03, 0xe3, 0x03, 0xe3, 0x03, 0xdb, 0xe3, 0xda, 0xe3, 0xd2,
  0xe3, 0xd2, 0xc3, 0xd2, 0xa3, 0xca, 0xa2, 0xca, 0x82, 0xc2, 0x82, 0xc2, 0x82, 0xc2, 0x62, 0xba,
  0x62, 0xba, 0x42, 0xb2, 0x22, 0xaa, 0xe2, 0xa1, 0xe2, 0x99, 0xe2, 0x99, 0xe2, 0x99, 0x02, 0x9a,
  0x02, 0xa2, 0x43, 0xaa, 0x22, 0xaa, 0x4e, 0xdd, 0x09, 0xcc, 0x22, 0xb2, 0x83, 0xba, 0x62, 0xb2,
  0x42, 0xaa, 0x42, 0xaa, 0x42, 0xaa, 0x83, 0xb2, 0xa3, 0xb2, 0xa3, 0xba, 0xc3, 0xba, 0xc4, 0xc2,
  0xe4, 0xc2, 0x04, 0xcb, 0x45, 0xcb, 0x66, 0xd3, 0x85, 0xdb, 0x86, 0xe3, 0xa6, 0xeb, 0xc6, 0xf3,
  0xc6, 0xfb, 0x88, 0xf4, 0x4f, 0xf6, 0xc9, 0xf4, 0x87, 0xfc, 0x88, 0xfc, 0x88, 0xfc, 0xa8, 0xfc,
  0xa8, 0xfc, 0x09, 0xfd, 0xae, 0xf6, 0xee, 0xfe, 0xe7, 0xf5, 0xe7, 0xf6, 0xc9, 0xf7, 0xc9, 0xff,
  0xc9, 0xff, 0xee, 0xff, 0xee, 0xff, 0xed, 0xff, 0xf3, 0xff, 0xf6, 0xff, 0xf7, 0xff, 0xf8, 0xff,
  0xe3, 0x91, 0xe3, 0x89, 0xe3, 0x89, 0x03, 0x92, 0x03, 0x92, 0xe2, 0x91, 0xc2, 0x91, 0xc2, 0x91,
  0xc2, 0x91, 0xe2, 0x91, 0xc2, 0x91, 0xc2, 0x91, 0xc2, 0x91, 0xc2, 0x91, 0xc2, 0x91, 0xe2, 0x91,
  0xe2, 0x91, 0xe2, 0x91, 0xe2, 0x91, 0xe2, 0x99, 0xe2, 0x99, 0xe2, 0x99, 0x02, 0x9a, 0x21, 0xa2,
  0x42, 0xaa, 0xe1, 0x99, 0x61, 0x89, 0x20, 0x79, 0x00, 0x69, 0xe0, 0x60, 0xe0, 0x58, 0xc0, 0x50,
  0xc0, 0x48, 0xc0, 0x48, 0xc0, 0x48, 0xc0, 0x48, 0xc0, 0x48, 0xe0, 0x50, 0xe0, 0x50, 0x00, 0x59,
  0x80, 0x71, 0x22, 0xa2, 0x83, 0xaa, 0x84, 0xaa, 0xa4, 0xaa, 0x84, 0xa2, 0x04, 0x82, 0xa4, 0x69,
  0xc5, 0x61, 0xc5, 0x69, 0xc5, 0x69, 0xc5, 0x69, 0xe5, 0x69, 0xa4, 0x61, 0x02, 0x51, 0x84, 0x61,
  0xc8, 0x92, 0xe5, 0x71, 0x06, 0x72, 0x26, 0x72, 0x26, 0x7a, 0x26, 0x7a, 0x26, 0x7a, 0x46, 0x7a,
  0x46, 0x82, 0x46, 0x82, 0x46, 0x82, 0x46, 0x82, 0x46, 0x82, 0x46, 0x82, 0x66, 0x82, 0x66, 0x8a,
  0x66, 0x8a, 0x66, 0x8a, 0x66, 0x8a, 0x86, 0x8a, 0x86, 0x8a, 0x86, 0x92, 0x86, 0x92, 0xa6, 0x9a,
  0xa6, 0xa2, 0xa6, 0xa2, 0xa6, 0xa2, 0x85, 0xa2, 0x25, 0xbb, 0xaa, 0xf5, 0x84, 0xdb, 0x03, 0xe3,
  0x23, 0xe3, 0x03, 0xe3, 0x03, 0xe3, 0x03, 0xe3, 0x03, 0xe3, 0xe3, 0xda, 0xe3, 0xda, 0xc3, 0xd2,
  0xc3, 0xd2, 0xa2, 0xca, 0x82, 0xca, 0x82, 0xc2, 0x82, 0xc2, 0x62, 0xc2, 0x62, 0xba, 0x62, 0xba,
  0x62, 0xba, 0x62, 0xb2, 0x22, 0xaa, 0xe2, 0xa1, 0xe2, 0x99, 0xc2, 0x99, 0xc1, 0x99, 0xe2, 0x99,
  0x02, 0xa2, 0x43, 0xaa, 0x02, 0xaa, 0xab, 0xd4, 0x6b, 0xcc, 0x22, 0xaa, 0x63, 0xaa, 0x42, 0xaa,
  0x42, 0xaa, 0x42, 0xaa, 0x42, 0xaa, 0x63, 0xb2, 0x83, 0xb2, 0x83, 0xb2, 0xc3, 0xba, 0xe4, 0xba,
  0xe4, 0xc2, 0x04, 0xc3, 0x25, 0xcb, 0x65, 0xd3, 0x85, 0xdb, 0x85, 0xdb, 0xa6, 0xeb, 0xc6, 0xf3,
  0x06, 0xfc, 0xa8, 0xf4, 0xd2, 0xf6, 0x6b, 0xf5, 0x86, 0xfc, 0x87, 0xfc, 0x88, 0xfc, 0xa8, 0xfc,
  0xc8, 0xfc, 0xe7, 0xfc, 0x08, 0xf5, 0x4a, 0xfd, 0x48, 0xf5, 0xa9, 0xfe, 0xeb, 0xff, 0xea, 0xff,
  0xc9, 0xff, 0xed, 0xff, 0xef, 0xff, 0xef, 0xff, 0xf3, 0xff, 0xf6, 0xff, 0xf7, 0xff, 0xf9, 0xff,
  0x44, 0x9a, 0x24, 0x92, 0xe3, 0x91, 0xe2, 0x89, 0xe3, 0x91, 0xc2, 0x89, 0xa2, 0x89, 0xa2, 0x89,
  0xa2, 0x89, 0xc2, 0x89, 0xc2, 0x91, 0xc2, 0x91, 0xc2, 0x91, 0xc2, 0x91, 0xc1, 0x91, 0xc2, 0x91,
  0xc2, 0x91, 0xc2, 0x91, 0xe2, 0x91, 0xe2, 0x91, 0xe2, 0x91, 0xe2, 0x99, 0x02, 0xa2, 0x22, 0xaa,
  0x62, 0xb2, 0x42, 0xaa, 0xe1, 0xa1, 0xc0, 0x99, 0x60, 0x81, 0x20, 0x71, 0x00, 0x69, 0xe0, 0x58,
  0xc0, 0x50, 0xc0, 0x48, 0xc0, 0x40, 0xc0, 0x48, 0xc0, 0x48, 0xc0, 0x48, 0xe0, 0x50, 0xe0, 0x58,
  0x20, 0x69, 0xe2, 0x91, 0x64, 0xaa, 0x64, 0xaa, 0x63, 0xaa, 0x84, 0xaa, 0x24, 0x9a, 0xc4, 0x69,
  0xc5, 0x61, 0xc5, 0x69, 0xc5, 0x69, 0xc5, 0x69, 0xe5, 0x69, 0xe5, 0x69, 0x83, 0x59, 0x02, 0x51,
  0x87, 0x8a, 0x26, 0x82, 0x05, 0x72, 0x26, 0x72, 0x26, 0x7a, 0x26, 0x7a, 0x26, 0x7a, 0x26, 0x7a,
  0x26, 0x82, 0x26, 0x82, 0x46, 0x82, 0x46, 0x82, 0x46, 0x82, 0x46, 0x82, 0x46, 0x82, 0x66, 0x8a,
  0x66, 0x8a, 0x66, 0x8a, 0x66, 0x8a, 0x86, 0x8a, 0x86, 0x8a, 0x86, 0x92, 0xa6, 0x9a, 0xa6, 0xa2,
  0xa6, 0xaa, 0xc6, 0xb2, 0xc6, 0xb2, 0xc6, 0xb2, 0x04, 0xc3, 0x89, 0xf5, 0xe4, 0xe3, 0xe2, 0xe2,
  0x23, 0xe3, 0x03, 0xe3, 0x03, 0xe3, 0x03, 0xdb, 0xe3, 0xda, 0xe3, 0xda, 0xc3, 0xd2, 0xc3, 0xd2,
  0xa2, 0xca, 0x82, 0xca, 0x82, 0xc2, 0x62, 0xc2, 0x62, 0xba, 0x62, 0xba, 0x62, 0xba, 0x62, 0xba,
  0x62, 0xba, 0x82, 0xba, 0x43, 0xb2, 0xe2, 0xa1, 0xe2, 0x99, 0xc2, 0x99, 0xc1, 0x91, 0xe2, 0x99,
  0x02, 0xa2, 0x23, 0xa2, 0xe2, 0xa1, 0xe9, 0xc3, 0xab, 0xd4, 0x02, 0xa2, 0x43, 0xaa, 0x43, 0xaa,
  0x42, 0xaa, 0x22, 0xa2, 0x42, 0xaa, 0x63, 0xaa, 0x83, 0xb2, 0x83, 0xb2, 0xa3, 0xb2, 0xc4, 0xba,
  0xe4, 0xc2, 0xe4, 0xc2, 0x05, 0xcb, 0x45, 0xcb, 0x65, 0xd3, 0x85, 0xdb, 0xa6, 0xe3, 0xe6, 0xf3,
  0x46, 0xf4, 0xa8, 0xf4, 0x14, 0xff, 0x2f, 0xf6, 0x08, 0xf5, 0x2a, 0xf5, 0x2b, 0xf5, 0x0a, 0xfd,
  0xe9, 0xfc, 0xe8, 0xfc, 0xe8, 0xfc, 0xe8, 0xfc, 0xe8, 0xfc, 0x07, 0xf5, 0x89, 0xf6, 0x46, 0xf7,
  0x43, 0xf7, 0xeb, 0xff, 0xef, 0xff, 0xef, 0xff, 0xf4, 0xff, 0xf6, 0xff, 0xf7, 0xff, 0xf9, 0xff,
  0xa6, 0x9a, 0xa6, 0xa2, 0x65, 0x9a, 0x23, 0x92, 0xc2, 0x89, 0xa2, 0x89, 0x82, 0x89, 0x81, 0x89,
  0x81, 0x89, 0x82, 0x89, 0xa2, 0x89, 0xa2, 0x89, 0xa2, 0x89, 0xa1, 0x89, 0xa2, 0x89, 0xc2, 0x89,
  0xc2, 0x89, 0xc2, 0x91, 0xc2, 0x91, 0xc2, 0x91, 0xc2, 0x91, 0xe2, 0x91, 0xe2, 0x99, 0x22, 0xaa,
  0x62, 0xba, 0xa2, 0xc2, 0xe2, 0xca, 0xe2, 0xca, 0x60, 0xb2, 0x60, 0x89, 0x00, 0x71, 0x00, 0x61,
  0xe0, 0x50, 0xc0, 0x48, 0xa0, 0x40, 0xa0, 0x48, 0xa0, 0x48, 0xc0, 0x48, 0xc0, 0x50, 0xc0, 0x58,
  0x20, 0x69, 0xa1, 0x89, 0x23, 0xa2, 0x63, 0xaa, 0x63, 0xaa, 0x63, 0xaa, 0x23, 0xa2, 0xc3, 0x79,
  0xa4, 0x69, 0xc5, 0x69, 0xc5, 0x69, 0xc5, 0x69, 0xe5, 0x69, 0xe5, 0x69, 0xe5, 0x69, 0x02, 0x51,
  0xe5, 0x71, 0x87, 0x8a, 0xe5, 0x71, 0x05, 0x72, 0x26, 0x7a, 0x06, 0x7a, 0x06, 0x7a, 0x26, 0x7a,
  0x26, 0x82, 0x26, 0x82, 0x46, 0x82, 0x46, 0x82, 0x46, 0x82, 0x46, 0x82, 0x46, 0x82, 0x66, 0x8a,
  0x66, 0x8a, 0x66, 0x8a, 0x66, 0x8a, 0x86, 0x8a, 0x86, 0x92, 0xa6, 0xa2, 0xc6, 0xaa, 0xc6, 0xb2,
  0xe6, 0xc2, 0x06, 0xcb, 0x07, 0xcb, 0x06, 0xcb, 0xe4, 0xca, 0x49, 0xf5, 0x45, 0xe4, 0x02, 0xeb,
  0x23, 0xf3, 0x03, 0xeb, 0x03, 0xe3, 0x03, 0xe3, 0xe3, 0xe2, 0xe3, 0xda, 0xc3, 0xd2, 0xc3, 0xd2,
  0x82, 0xca, 0x82, 0xc2, 0x62, 0xc2, 0x62, 0xc2, 0x62, 0xba, 0x62, 0xba, 0x62, 0xba, 0x62, 0xba,
  0x62, 0xba, 0x82, 0xc2, 0x63, 0xba, 0x02, 0xaa, 0xe2, 0x99, 0xc2, 0x99, 0xc2, 0x99, 0xe2, 0x99,
  0xe2, 0x99, 0x02, 0xa2, 0xe2, 0xa1, 0x26, 0xb3, 0xab, 0xd4, 0x02, 0xa2, 0x23, 0xaa, 0x22, 0xaa,
  0x22, 0xa2, 0x22, 0xa2, 0x22, 0xaa, 0x42, 0xaa, 0x63, 0xaa, 0x83, 0xb2, 0x83, 0xb2, 0xa3, 0xba,
  0xc4, 0xba, 0xe4, 0xc2, 0x05, 0xc3, 0x25, 0xcb, 0x65, 0xd3, 0xa6, 0xdb, 0x28, 0xe4, 0xcb, 0xec,
  0xae, 0xf5, 0x92, 0xf6, 0xb9, 0xff, 0x98, 0xff, 0x35, 0xff, 0xf2, 0xf6, 0x2f, 0xf6, 0x8c, 0xfd,
  0x09, 0xfd, 0xe8, 0xfc, 0xe8, 0xfc, 0xe8, 0xfc, 0xe8, 0xfc, 0xc8, 0xfc, 0x28, 0xf5, 0xa8, 0xf6,
  0x25, 0xf7, 0xc9, 0xff, 0xed, 0xff, 0xee, 0xff, 0xf2, 0xff, 0xf6, 0xff, 0xf7, 0xff, 0xf9, 0xff,
  0xa6, 0x9a, 0xa6, 0x9a, 0xa6, 0xa2, 0x86, 0x9a, 0x45, 0x9a, 0xe3, 0x89, 0x82, 0x81, 0x61, 0x81,
  0x61, 0x81, 0x61, 0x81, 0x81, 0x89, 0x82, 0x89, 0xa2, 0x89, 0xa2, 0x89, 0xa2, 0x89, 0xa2, 0x89,
  0xc2, 0x89, 0xc2, 0x89, 0xc2, 0x89, 0xc2, 0x89, 0xc2, 0x89, 0xc2, 0x91, 0xe2, 0x99, 0x22, 0xaa,
  0x62, 0xba, 0xe3, 0xd2, 0x04, 0xec, 0x06, 0xf5, 0x06, 0xed, 0xc1, 0xb2, 0x40, 0x81, 0x20, 0x69,
  0xe0, 0x58, 0xc0, 0x48, 0xa0, 0x40, 0xa0, 0x48, 0xc0, 0x48, 0xc0, 0x48, 0xc0, 0x48, 0xe0, 0x58,
  0x41, 0x69, 0x81, 0x81, 0x02, 0xa2, 0x43, 0xaa, 0x43, 0xaa, 0x22, 0xaa, 0x42, 0xaa, 0xe3, 0x89,
  0xa5, 0x69, 0xc5, 0x69, 0xc5, 0x69, 0xc5, 0x69, 0xe5, 0x69, 0xe5, 0x69, 0xe5, 0x69, 0xa4, 0x61,
  0x63, 0x61, 0xa7, 0x8a, 0x05, 0x7a, 0x05, 0x72, 0x26, 0x7a, 0x06, 0x7a, 0x06, 0x7a, 0x26, 0x7a,
  0x26, 0x7a, 0x26, 0x82, 0x46, 0x82, 0x46, 0x82, 0x46, 0x82, 0x46, 0x82, 0x46, 0x82, 0x66, 0x82,
  0x66, 0x82, 0x66, 0x8a, 0x66, 0x8a, 0x66, 0x92, 0x86, 0xa2, 0xc6, 0xaa, 0xe6, 0xba, 0x06, 0xcb,
  0x46, 0xd3, 0x45, 0xdb, 0x46, 0xdb, 0x46, 0xdb, 0xe4, 0xda, 0x07, 0xed, 0xc6, 0xec, 0x22, 0xf3,
  0x43, 0xfb, 0x23, 0xfb, 0x03, 0xf3, 0xe3, 0xea, 0x03, 0xe3, 0xe3, 0xe2, 0xc2, 0xda, 0xc3, 0xd2,
  0xa3, 0xca, 0x82, 0xc2, 0x62, 0xc2, 0x42, 0xba, 0x62, 0xba, 0x62, 0xba, 0x62, 0xba, 0x62, 0xc2,
  0x82, 0xc2, 0x82, 0xc2, 0x82, 0xba, 0x42, 0xb2, 0xe1, 0xa1, 0xc2, 0x99, 0xc2, 0x99, 0xe2, 0x99,
  0xe2, 0x99, 0xe2, 0x99, 0xe2, 0xa1, 0x84, 0xa2, 0x6a, 0xcc, 0x22, 0xa2, 0x22, 0xa2, 0x22, 0xa2,
  0x22, 0xa2, 0x02, 0xa2, 0xa4, 0xb2, 0xa4, 0xb2, 0x63, 0xaa, 0x83, 0xb2, 0x83, 0xb2, 0xa3, 0xb2,
  0xa3, 0xb2, 0xc4, 0xba, 0xe4, 0xc2, 0x04, 0xc3, 0x25, 0xcb, 0x08, 0xdc, 0x0b, 0xed, 0x8e, 0xf5,
  0xef, 0xf5, 0x0f, 0xf6, 0x15, 0xf7, 0x36, 0xf7, 0x6c, 0xed, 0xe9, 0xf4, 0xa8, 0xf4, 0xc8, 0xfc,
  0xe8, 0xfc, 0xe8, 0xfc, 0xe8, 0xfc, 0xe8, 0xfc, 0xe8, 0xfc, 0xe8, 0xfc, 0xc8, 0xf4, 0x08, 0xf5,
  0x87, 0xed, 0x88, 0xee, 0xac, 0xff, 0xed, 0xff, 0xd0, 0xff, 0xf6, 0xff, 0xf7, 0xff, 0xf9, 0xff,
  0x65, 0x92, 0xa6, 0x92, 0x86, 0x92, 0x86, 0x92, 0x66, 0x92, 0x65, 0x92, 0xe4, 0x89, 0x82, 0x81,
  0x61, 0x81, 0x61, 0x81, 0x61, 0x81, 0x82, 0x81, 0x82, 0x81, 0x82, 0x81, 0xa2, 0x81, 0xa2, 0x81,
  0xa2, 0x81, 0xc2, 0x81, 0xc2, 0x89, 0xc2, 0x89, 0xc2, 0x89, 0xc2, 0x89, 0xe2, 0x91, 0x22, 0xaa,
  0x62, 0xba, 0xc2, 0xd2, 0x06, 0xf5, 0x2b, 0xff, 0xac, 0xff, 0xc8, 0xed, 0x20, 0x9a, 0x20, 0x71,
  0xe0, 0x60, 0xc0, 0x50, 0xa0, 0x40, 0xa0, 0x40, 0xa0, 0x40, 0xa0, 0x40, 0xc0, 0x48, 0x21, 0x61,
  0x20, 0x69, 0x20, 0x71, 0xc1, 0x91, 0xe1, 0x99, 0x01, 0xa2, 0x02, 0xaa, 0x22, 0xaa, 0x03, 0x9a,
  0xc4, 0x71, 0xa5, 0x61, 0xc5, 0x69, 0xc4, 0x69, 0xe5, 0x69, 0xe5, 0x69, 0xe5, 0x69, 0xe5, 0x71,
  0x84, 0x61, 0x67, 0x82, 0x46, 0x82, 0x05, 0x72, 0x06, 0x72, 0x06, 0x7a, 0x06, 0x7a, 0x26, 0x7a,
  0x26, 0x7a, 0x26, 0x82, 0x46, 0x82, 0x46, 0x82, 0x46, 0x82, 0x46, 0x82, 0x46, 0x82, 0x66, 0x82,
  0x66, 0x82, 0x66, 0x8a, 0x66, 0x8a, 0x66, 0x9a, 0xa6, 0xaa, 0xe6, 0xba, 0x06, 0xd3, 0x67, 0xe3,
  0xa7, 0xeb, 0xe7, 0xf3, 0xe7, 0xf3, 0xa6, 0xf3, 0x45, 0xf3, 0xe6, 0xf4, 0x87, 0xf5, 0x42, 0xf3,
  0x43, 0xfb, 0x43, 0xfb, 0x23, 0xfb, 0x22, 0xfb, 0x02, 0xf3, 0x02, 0xeb, 0xe2, 0xda, 0xc3, 0xd2,
  0xa3, 0xca, 0x82, 0xc2, 0x62, 0xc2, 0x62, 0xc2, 0x62, 0xba, 0x62, 0xba, 0x62, 0xba, 0x62, 0xba,
  0x82, 0xc2, 0x82, 0xc2, 0x82, 0xba, 0x62, 0xb2, 0x01, 0xa2, 0x02, 0xa2, 0x02, 0xa2, 0xe2, 0xa1,
  0xe2, 0xa1, 0xe2, 0x99, 0xe1, 0x99, 0x22, 0x9a, 0xa8, 0xc3, 0x42, 0xa2, 0x02, 0xa2, 0x02, 0xa2,
  0x02, 0xa2, 0x02, 0xa2, 0xc8, 0xcb, 0x09, 0xcc, 0x62, 0xaa, 0x83, 0xb2, 0x83, 0xaa, 0x83, 0xb2,
  0x83, 0xb2, 0xa3, 0xb2, 0xc4, 0xba, 0xe4, 0xc2, 0x05, 0xc3, 0x45, 0xd3, 0xa7, 0xdb, 0xe7, 0xe3,
  0x27, 0xec, 0x46, 0xec, 0xce, 0xf5, 0xd2, 0xf6, 0xa7, 0xf4, 0x88, 0xfc, 0x88, 0xfc, 0x88, 0xfc,
  0xa8, 0xfc, 0xc8, 0xfc, 0xc8, 0xfc, 0xc8, 0xfc, 0xe8, 0xfc, 0x49, 0xfd, 0x49, 0xf5, 0xe8, 0xf4,
  0xc8, 0xec, 0xa7, 0xe4, 0x68, 0xed, 0x2a, 0xf7, 0xee, 0xff, 0xf4, 0xff, 0xf7, 0xff, 0xf8, 0xff,
  0xa3, 0x79, 0x25, 0x8a, 0x86, 0x8a, 0x66, 0x8a, 0x46, 0x8a, 0x46, 0x8a, 0x25, 0x8a, 0xc4, 0x89,
  0x82, 0x81, 0x61, 0x81, 0x61, 0x81, 0x61, 0x81, 0x82, 0x81, 0x82, 0x81, 0x82, 0x81, 0xa2, 0x81,
  0xa2, 0x81, 0xa2, 0x81, 0xa2, 0x81, 0xa2, 0x81, 0xa2, 0x81, 0xa2, 0x89, 0xc2, 0x91, 0x02, 0xa2,
  0x41, 0xba, 0x41, 0xba, 0x64, 0xe4, 0xcb, 0xff, 0xec, 0xff, 0x6c, 0xff, 0xc4, 0xbb, 0x20, 0x79,
  0x01, 0x61, 0xc0, 0x50, 0xa0, 0x40, 0xa0, 0x40, 0xa0, 0x40, 0xc0, 0x48, 0xc0, 0x48, 0x41, 0x61,
  0x41, 0x69, 0x20, 0x69, 0xc1, 0x91, 0xc1, 0x99, 0xe1, 0xa1, 0x02, 0xa2, 0x02, 0xaa, 0x22, 0xaa,
  0x04, 0x8a, 0xc5, 0x71, 0xc5, 0x69, 0xc5, 0x69, 0xc5, 0x69, 0xc5, 0x69, 0xe5, 0x69, 0xe5, 0x69,
  0xc4, 0x69, 0xe5, 0x71, 0xa7, 0x8a, 0xe5, 0x71, 0x06, 0x72, 0x06, 0x7a, 0x06, 0x7a, 0x26, 0x7a,
  0x26, 0x7a, 0x26, 0x7a, 0x46, 0x82, 0x46, 0x82, 0x46, 0x82, 0x46, 0x82, 0x46, 0x82, 0x46, 0x82,
  0x66, 0x82, 0x46, 0x8a, 0x66, 0x92, 0x86, 0xa2, 0xc6, 0xb2, 0x06, 0xcb, 0x46, 0xdb, 0xe7, 0xf3,
  0xa8, 0xfc, 0xe9, 0xfc, 0x09, 0xfd, 0xa8, 0xfc, 0xe6, 0xfb, 0x85, 0xf4, 0x09, 0xfe, 0xa3, 0xf3,
  0x83, 0xfb, 0x83, 0xfb, 0x63, 0xfb, 0x43, 0xfb, 0x43, 0xfb, 0x22, 0xf3, 0x03, 0xe3, 0xe3, 0xda,
  0xa3, 0xca, 0x82, 0xc2, 0x82, 0xc2, 0x62, 0xc2, 0x62, 0xba, 0x62, 0xba, 0x62, 0xba, 0x62, 0xba,
  0x62, 0xba, 0x62, 0xba, 0x62, 0xba, 0x42, 0xba, 0x42, 0xb2, 0x42, 0xaa, 0x42, 0xaa, 0x22, 0xaa,
  0x02, 0xa2, 0xe2, 0x99, 0xe2, 0x99, 0xe2, 0x99, 0x84, 0xaa, 0x22, 0xa2, 0x02, 0x9a, 0x02, 0x9a,
  0x02, 0xa2, 0x02, 0xaa, 0x08, 0xcc, 0x4e, 0xe5, 0x83, 0xba, 0x83, 0xb2, 0x63, 0xaa, 0x63, 0xaa,
  0x83, 0xb2, 0x83, 0xb2, 0xa4, 0xba, 0xc4, 0xba, 0xe4, 0xc2, 0x05, 0xcb, 0x46, 0xd3, 0x86, 0xdb,
  0xe6, 0xe3, 0x47, 0xf4, 0x4b, 0xfd, 0x90, 0xf6, 0x88, 0xf4, 0x67, 0xfc, 0x67, 0xfc, 0x87, 0xfc,
  0xa7, 0xfc, 0xc8, 0xfc, 0xc8, 0xfc, 0xc8, 0xfc, 0xe8, 0xfc, 0x2c, 0xfe, 0x2c, 0xfe, 0x28, 0xf5,
  0xe8, 0xf4, 0xa8, 0xf4, 0xe7, 0xec, 0x68, 0xee, 0x8a, 0xf7, 0xb0, 0xff, 0xf6, 0xff, 0xf7, 0xff,
  0x82, 0x79, 0xa3, 0x79, 0x04, 0x82, 0x66, 0x8a, 0x46, 0x8a, 0x46, 0x8a, 0x05, 0x82, 0xc4, 0x81,
  0xc4, 0x81, 0xc3, 0x81, 0x62, 0x81, 0x41, 0x79, 0x61, 0x79, 0x82, 0x81, 0x82, 0x81, 0xa2, 0x81,
  0xa2, 0x81, 0xa2, 0x81, 0xa2, 0x79, 0xa2, 0x81, 0xa2, 0x81, 0xa2, 0x81, 0xc2, 0x89, 0xe1, 0x99,
  0x01, 0xaa, 0x21, 0xba, 0xa1, 0xba, 0x28, 0xee, 0x8b, 0xff, 0xeb, 0xfe, 0xa6, 0xdc, 0x80, 0x81,
  0xe0, 0x60, 0xc0, 0x50, 0xa0, 0x40, 0xa0, 0x40, 0xa0, 0x40, 0xa0, 0x48, 0xc0, 0x48, 0xe0, 0x58,
  0x21, 0x59, 0x00, 0x61, 0xa0, 0x89, 0xc0, 0x99, 0xe1, 0xa1, 0x02, 0xa2, 0x02, 0xa2, 0x22, 0xaa,
  0x03, 0x9a, 0x05, 0x82, 0xc4, 0x69, 0xc5, 0x69, 0xc5, 0x69, 0xc5, 0x69, 0xe5, 0x69, 0xe5, 0x69,
  0xe5, 0x69, 0xa4, 0x69, 0x87, 0x8a, 0x26, 0x7a, 0x06, 0x72, 0x06, 0x7a, 0x06, 0x7a, 0x25, 0x7a,
  0x26, 0x7a, 0x26, 0x7a, 0x26, 0x82, 0x46, 0x82, 0x46, 0x82, 0x46, 0x82, 0x46, 0x82, 0x46, 0x82,
  0x46, 0x82, 0x46, 0x8a, 0x66, 0x9a, 0xa6, 0xa2, 0xe6, 0xba, 0x06, 0xd3, 0x66, 0xeb, 0x68, 0xfc,
  0xeb, 0xfd, 0xac, 0xfe, 0xed, 0xfe, 0xac, 0xfe, 0x89, 0xfd, 0xc5, 0xe4, 0x69, 0xfe, 0x43, 0xf4,
  0x23, 0xfc, 0x03, 0xfc, 0xa3, 0xfb, 0x83, 0xfb, 0x63, 0xfb, 0x43, 0xfb, 0x23, 0xeb, 0x03, 0xe3,
  0xa3, 0xd2, 0x82, 0xca, 0x82, 0xc2, 0x62, 0xc2, 0x62, 0xba, 0x62, 0xba, 0x62, 0xba, 0x62, 0xba,
  0x62, 0xba, 0x62, 0xba, 0x62, 0xba, 0x62, 0xba, 0x83, 0xba, 0x83, 0xba, 0x63, 0xb2, 0x63, 0xb2,
  0x23, 0xaa, 0x02, 0xa2, 0xe2, 0x99, 0xe2, 0x99, 0xe2, 0x99, 0xe2, 0x99, 0xe2, 0x99, 0xe2, 0x99,
  0x02, 0xa2, 0x22, 0xaa, 0xc8, 0xcb, 0x52, 0xf6, 0x04, 0xc3, 0x83, 0xb2, 0x63, 0xaa, 0x63, 0xaa,
  0x83, 0xaa, 0x83, 0xb2, 0x83, 0xb2, 0xa4, 0xba, 0xc4, 0xba, 0xe4, 0xc2, 0x25, 0xc3, 0x85, 0xd3,
  0x07, 0xe4, 0x27, 0xec, 0x68, 0xec, 0xee, 0xf5, 0x88, 0xf4, 0x47, 0xfc, 0x67, 0xfc, 0x68, 0xfc,
  0xa8, 0xfc, 0xa8, 0xfc, 0xa8, 0xfc, 0xa8, 0xfc, 0xe9, 0xfc, 0x6a, 0xf5, 0x8b, 0xfd, 0x29, 0xfd,
  0xe8, 0xf4, 0x48, 0xf5, 0x4a, 0xf6, 0xca, 0xf6, 0x8b, 0xff, 0xae, 0xff, 0xf3, 0xff, 0xf5, 0xff,
  0x61, 0x71, 0x82, 0x71, 0xa2, 0x71, 0xe4, 0x79, 0x25, 0x82, 0x25, 0x82, 0x05, 0x82, 0xe5, 0x79,
  0xc4, 0x79, 0xc4, 0x81, 0xc3, 0x89, 0x82, 0x81, 0x61, 0x79, 0x61, 0x79, 0x81, 0x79, 0x82, 0x79,
  0x82, 0x79, 0xa2, 0x79, 0x82, 0x79, 0x82, 0x79, 0xa2, 0x79, 0xa2, 0x81, 0xa2, 0x81, 0xc1, 0x89,
  0xe1, 0xa1, 0x02, 0xaa, 0x80, 0x99, 0x02, 0xb3, 0x87, 0xed, 0x87, 0xed, 0xe5, 0xc3, 0xa0, 0x81,
  0xc0, 0x60, 0xc0, 0x50, 0xa0, 0x40, 0xa0, 0x40, 0xa0, 0x40, 0xa0, 0x48, 0xc0, 0x48, 0xc0, 0x50,
  0xc0, 0x48, 0xe0, 0x58, 0x80, 0x81, 0xa0, 0x91, 0xe1, 0x99, 0x02, 0xa2, 0x02, 0xa2, 0x02, 0xa2,
  0x02, 0xa2, 0x04, 0x8a, 0x05, 0x7a, 0xc4, 0x69, 0xc5, 0x69, 0xc5, 0x69, 0xc5, 0x69, 0xe5, 0x69,
  0xe5, 0x71, 0xc4, 0x69, 0x26, 0x7a, 0x87, 0x8a, 0xe5, 0x71, 0x06, 0x7a, 0x06, 0x7a, 0x05, 0x7a,
  0x25, 0x7a, 0x26, 0x7a, 0x26, 0x82, 0x26, 0x82, 0x26, 0x82, 0x26, 0x82, 0x46, 0x82, 0x46, 0x82,
  0x46, 0x82, 0x66, 0x8a, 0x66, 0x9a, 0xa6, 0xaa, 0xe6, 0xba, 0x06, 0xdb, 0x66, 0xeb, 0xa8, 0xfc,
  0x0d, 0xff, 0xef, 0xff, 0xf0, 0xff, 0xf0, 0xff, 0xae, 0xff, 0x68, 0xf6, 0xa9, 0xf6, 0x04, 0xed,
  0xe4, 0xfc, 0x04, 0xfd, 0x84, 0xfc, 0xe3, 0xfb, 0x63, 0xfb, 0x43, 0xfb, 0x23, 0xf3, 0x03, 0xe3,
  0xa2, 0xd2, 0xa2, 0xca, 0x82, 0xc2, 0x62, 0xc2, 0x62, 0xba, 0x62, 0xba, 0x62, 0xba, 0x62, 0xba,
  0x62, 0xba, 0x62, 0xba, 0x62, 0xba, 0x62, 0xba, 0x62, 0xba, 0x83, 0xba, 0x82, 0xba, 0x62, 0xb2,
  0x43, 0xaa, 0x02, 0xa2, 0xe2, 0x99, 0xc1, 0x99, 0xc2, 0x99, 0xc2, 0x99, 0xe2, 0x99, 0xe2, 0x99,
  0xe2, 0x99, 0x22, 0xaa, 0xa7, 0xcb, 0x15, 0xff, 0xc8, 0xd3, 0x83, 0xba, 0x63, 0xaa, 0x62, 0xaa,
  0x63, 0xaa, 0x63, 0xaa, 0x83, 0xb2, 0xa4, 0xb2, 0xc4, 0xba, 0xe4, 0xba, 0x25, 0xc3, 0xa6, 0xd3,
  0xa6, 0xdb, 0x85, 0xdb, 0xc6, 0xeb, 0x0b, 0xf5, 0x88, 0xf4, 0x47, 0xfc, 0x67, 0xfc, 0x88, 0xfc,
  0xc8, 0xfc, 0xa8, 0xfc, 0xa8, 0xfc, 0xa8, 0xfc, 0xc9, 0xfc, 0x09, 0xfd, 0x2a, 0xfd, 0x29, 0xfd,
  0xe9, 0xfc, 0x08, 0xfd, 0xc9, 0xf5, 0xca, 0xf6, 0xac, 0xff, 0xee, 0xff, 0xf0, 0xff, 0xf3, 0xff,
  0x41, 0x71, 0x61, 0x71, 0x82, 0x71, 0x82, 0x71, 0xa3, 0x71, 0x05, 0x7a, 0xe5, 0x79, 0xc4, 0x79,
  0xc4, 0x79, 0xa4, 0x79, 0xa4, 0x81, 0x04, 0x9a, 0xc2, 0x89, 0x61, 0x71, 0x81, 0x71, 0x61, 0x71,
  0x81, 0x71, 0x81, 0x79, 0x81, 0x79, 0x81, 0x79, 0x81, 0x79, 0x81, 0x79, 0xa1, 0x79, 0xa1, 0x81,
  0xa1, 0x91, 0xc1, 0x99, 0x60, 0x89, 0x80, 0x81, 0x61, 0x92, 0x22, 0xab, 0x62, 0x92, 0x40, 0x71,
  0xc0, 0x58, 0xa0, 0x48, 0xa0, 0x40, 0xa0, 0x40, 0xa0, 0x40, 0xc0, 0x48, 0x82, 0x61, 0xe0, 0x50,
  0xc0, 0x50, 0xe0, 0x50, 0x80, 0x79, 0xa0, 0x91, 0xe1, 0x99, 0xe1, 0xa1, 0x02, 0xa2, 0x02, 0xa2,
  0x02, 0xa2, 0xe2, 0x91, 0x24, 0x8a, 0xc4, 0x71, 0xc5, 0x69, 0xc5, 0x69, 0xc5, 0x69, 0xe5, 0x69,
  0xe5, 0x71, 0xe5, 0x69, 0xe4, 0x71, 0x87, 0x8a, 0x05, 0x72, 0x06, 0x72, 0x06, 0x7a, 0x05, 0x7a,
  0x05, 0x7a, 0x25, 0x7a, 0x26, 0x82, 0x26, 0x82, 0x26, 0x82, 0x26, 0x82, 0x26, 0x82, 0x26, 0x82,
  0x46, 0x82, 0x46, 0x8a, 0x66, 0x9a, 0xa6, 0xaa, 0xe6, 0xc2, 0x26, 0xdb, 0x66, 0xeb, 0x88, 0xf4,
  0x4f, 0xff, 0xf1, 0xff, 0xf2, 0xff, 0xf2, 0xff, 0xf1, 0xff, 0xae, 0xff, 0x8c, 0xff, 0xc6, 0xed,
  0xc5, 0xfd, 0x67, 0xfe, 0x47, 0xfe, 0x45, 0xfd, 0xe3, 0xf3, 0x43, 0xfb, 0x23, 0xf3, 0x03, 0xeb,
  0xc2, 0xda, 0xa2, 0xca, 0x82, 0xc2, 0x62, 0xc2, 0x62, 0xba, 0x62, 0xba, 0x42, 0xba, 0x42, 0xb2,
  0x42, 0xba, 0x42, 0xba, 0x62, 0xba, 0x62, 0xba, 0x62, 0xba, 0x82, 0xba, 0x82, 0xba, 0x82, 0xb2,
  0x43, 0xaa, 0xe2, 0xa1, 0xc2, 0x99, 0xc1, 0x99, 0xc2, 0x99, 0xc2, 0x91, 0xc2, 0x91, 0xc2, 0x91,
  0xe2, 0x99, 0x22, 0xaa, 0x67, 0xcb, 0x56, 0xff, 0xcb, 0xdc, 0x83, 0xba, 0x62, 0xaa, 0x42, 0xa2,
  0x63, 0xaa, 0x63, 0xaa, 0x83, 0xb2, 0xa3, 0xb2, 0xa3, 0xb2, 0xa3, 0xba, 0xe4, 0xba, 0x04, 0xc3,
  0x24, 0xcb, 0x44, 0xd3, 0xa5, 0xeb, 0x47, 0xf4, 0x67, 0xfc, 0x46, 0xfc, 0x87, 0xfc, 0xa8, 0xfc,
  0xa8, 0xfc, 0xa8, 0xfc, 0xa8, 0xfc, 0xa8, 0xfc, 0xe9, 0xfc, 0x2a, 0xfd, 0x2a, 0xfd, 0x09, 0xfd,
  0xe9, 0xfc, 0x08, 0xfd, 0x68, 0xfd, 0x69, 0xf6, 0xab, 0xff, 0xed, 0xff, 0xef, 0xff, 0xf1, 0xff,
  0x41, 0x71, 0x61, 0x71, 0x61, 0x69, 0x62, 0x69, 0x62, 0x69, 0xa3, 0x71, 0xa4, 0x71, 0xa4, 0x71,
  0xa4, 0x79, 0xa4, 0x79, 0x84, 0x79, 0xe4, 0x89, 0x85, 0xa2, 0x03, 0x8a, 0x61, 0x71, 0x61, 0x71,
  0x61, 0x71, 0x61, 0x71, 0x61, 0x71, 0x61, 0x71, 0x61, 0x71, 0x81, 0x79, 0x81, 0x79, 0x81, 0x81,
  0x81, 0x81, 0xa2, 0x89, 0x41, 0x79, 0x20, 0x69, 0x00, 0x61, 0x40, 0x69, 0x20, 0x69, 0xe0, 0x58,
  0xc0, 0x48, 0x80, 0x48, 0x80, 0x48, 0xa0, 0x40, 0xc0, 0x48, 0xa0, 0x48, 0x28, 0x93, 0x82, 0x61,
  0xa0, 0x50, 0xe0, 0x50, 0x60, 0x79, 0xa0, 0x91, 0xc1, 0x91, 0xe1, 0x99, 0xe2, 0xa1, 0x02, 0xa2,
  0x01, 0xa2, 0x02, 0xa2, 0x03, 0x92, 0x05, 0x7a, 0xc5, 0x69, 0xc5, 0x69, 0xc5, 0x69, 0xe5, 0x69,
  0xe5, 0x69, 0xe5, 0x69, 0xc4, 0x69, 0x46, 0x82, 0x46, 0x82, 0x05, 0x72, 0x05, 0x7a, 0x05, 0x7a,
  0x05, 0x7a, 0x25, 0x7a, 0x26, 0x82, 0x26, 0x82, 0x26, 0x82, 0x26, 0x82, 0x26, 0x82, 0x26, 0x82,
  0x46, 0x82, 0x46, 0x8a, 0x66, 0x92, 0xa6, 0xaa, 0xe6, 0xba, 0x06, 0xdb, 0x46, 0xeb, 0x06, 0xec,
  0xee, 0xfe, 0xf2, 0xff, 0xd3, 0xff, 0xf3, 0xff, 0xf2, 0xff, 0xf0, 0xff, 0xef, 0xff, 0x89, 0xf6,
  0x87, 0xfe, 0x8a, 0xff, 0xea, 0xff, 0x6a, 0xff, 0x25, 0xfd, 0x62, 0xfb, 0x23, 0xfb, 0x03, 0xeb,
  0xc2, 0xda, 0xa2, 0xca, 0x82, 0xc2, 0x82, 0xc2, 0x62, 0xc2, 0x62, 0xba, 0xc1, 0xa1, 0xc1, 0xa1,
  0x42, 0xba, 0x22, 0xb2, 0x22, 0xb2, 0x42, 0xba, 0x62, 0xba, 0x62, 0xba, 0x62, 0xba, 0x62, 0xb2,
  0x42, 0xaa, 0x02, 0xa2, 0xe2, 0x99, 0xc1, 0x99, 0xc1, 0x99, 0xc1, 0x91, 0xc2, 0x91, 0xc2, 0x91,
  0xe2, 0x99, 0x22, 0xaa, 0x46, 0xcb, 0x56, 0xff, 0xef, 0xed, 0xa3, 0xc2, 0x43, 0xb2, 0x42, 0xa2,
  0x43, 0xaa, 0x63, 0xaa, 0x63, 0xaa, 0x83, 0xb2, 0xa3, 0xb2, 0xa3, 0xb2, 0xa3, 0xba, 0xc3, 0xba,
  0x04, 0xc3, 0x44, 0xd3, 0xa5, 0xeb, 0x06, 0xfc, 0x06, 0xfc, 0x46, 0xf4, 0xa7, 0xf4, 0xc7, 0xfc,
  0xe7, 0xfc, 0xc8, 0xfc, 0xc8, 0xfc, 0xc8, 0xfc, 0xe9, 0xfc, 0x0a, 0xfd, 0x0a, 0xfd, 0xe9, 0xfc,
  0xe9, 0xfc, 0x08, 0xfd, 0x88, 0xfd, 0x69, 0xfe, 0x6a, 0xff, 0xcb, 0xff, 0xed, 0xff, 0xef, 0xff,
  0x41, 0x71, 0x41, 0x69, 0x41, 0x69, 0x41, 0x69, 0x41, 0x69, 0x42, 0x61, 0x42, 0x61, 0x83, 0x69,
  0xa4, 0x71, 0xa4, 0x71, 0xa4, 0x79, 0xa4, 0x79, 0x25, 0x8a, 0x85, 0x9a, 0x24, 0x92, 0x82, 0x79,
  0x41, 0x71, 0x61, 0x71, 0x62, 0x71, 0x61, 0x71, 0x61, 0x71, 0x82, 0x71, 0x81, 0x79, 0x81, 0x79,
  0x81, 0x79, 0x82, 0x79, 0x20, 0x69, 0xe0, 0x58, 0xc0, 0x50, 0xc0, 0x50, 0xc0, 0x50, 0xa0, 0x48,
  0xa0, 0x48, 0xa0, 0x48, 0xa0, 0x48, 0xc0, 0x48, 0xe0, 0x50, 0xa0, 0x48, 0xeb, 0xab, 0x24, 0x7a,
  0xa0, 0x50, 0xe0, 0x58, 0x60, 0x79, 0x80, 0x89, 0xc1, 0x91, 0xe1, 0x99, 0xe2, 0x99, 0xe1, 0x99,
  0xe2, 0x99, 0x02, 0xa2, 0xe2, 0x91, 0x24, 0x8a, 0x05, 0x72, 0xc5, 0x69, 0xe5, 0x69, 0xe5, 0x69,
  0xe5, 0x69, 0xe5, 0x69, 0xe5, 0x71, 0xe4, 0x71, 0x67, 0x8a, 0x05, 0x72, 0x05, 0x7a, 0x05, 0x7a,
  0x05, 0x7a, 0x05, 0x7a, 0x26, 0x7a, 0x26, 0x7a, 0x26, 0x82, 0x26, 0x82, 0x26, 0x82, 0x26, 0x82,
  0x26, 0x82, 0x46, 0x82, 0x46, 0x92, 0x86, 0xaa, 0xe6, 0xba, 0x06, 0xd3, 0x46, 0xeb, 0x85, 0xf3,
  0x8a, 0xf5, 0xd2, 0xff, 0xf3, 0xff, 0xf2, 0xff, 0xf2, 0xff, 0xf1, 0xff, 0xf0, 0xff, 0x2b, 0xff,
  0x08, 0xff, 0xea, 0xff, 0xea, 0xff, 0xeb, 0xff, 0xa9, 0xfe, 0x03, 0xfc, 0x23, 0xfb, 0x03, 0xf3,
  0xc2, 0xe2, 0xa2, 0xd2, 0x82, 0xc2, 0x82, 0xc2, 0x62, 0xba, 0x63, 0xba, 0x41, 0x89, 0x81, 0x91,
  0x22, 0xb2, 0x02, 0xaa, 0x02, 0xaa, 0x01, 0xaa, 0x22, 0xb2, 0x42, 0xb2, 0x62, 0xb2, 0x62, 0xb2,
  0x42, 0xb2, 0x22, 0xaa, 0xe2, 0xa1, 0xe1, 0x99, 0xc1, 0x99, 0xc1, 0x99, 0xc2, 0x91, 0xc2, 0x91,
  0xe2, 0x99, 0x22, 0xaa, 0x25, 0xcb, 0x16, 0xff, 0x15, 0xff, 0x25, 0xcb, 0x63, 0xb2, 0x23, 0xa2,
  0x43, 0xa2, 0x43, 0xaa, 0x43, 0xaa, 0x63, 0xaa, 0x83, 0xb2, 0x83, 0xb2, 0xa3, 0xb2, 0xc3, 0xba,
  0x04, 0xc3, 0x44, 0xd3, 0xa5, 0xeb, 0xe6, 0xfb, 0xc8, 0xf4, 0xae, 0xf6, 0x30, 0xff, 0xeb, 0xf5,
  0x08, 0xfd, 0x29, 0xfd, 0x09, 0xfd, 0xe9, 0xfc, 0xe9, 0xfc, 0xe9, 0xfc, 0xe9, 0xfc, 0xe9, 0xfc,
  0xe9, 0xfc, 0x08, 0xfd, 0x88, 0xfd, 0x28, 0xfe, 0xe9, 0xfe, 0x0a, 0xff, 0x2a, 0xff, 0x8c, 0xff,
  0x40, 0x79, 0x41, 0x71, 0x41, 0x69, 0x21, 0x61, 0x21, 0x61, 0x21, 0x61, 0x21, 0x61, 0x42, 0x61,
  0x83, 0x71, 0xa4, 0x71, 0xa4, 0x71, 0xa4, 0x71, 0xa4, 0x71, 0xc4, 0x79, 0x05, 0x82, 0xe4, 0x79,
  0xc3, 0x71, 0xa3, 0x71, 0x62, 0x69, 0x61, 0x69, 0x61, 0x69, 0x61, 0x71, 0x61, 0x71, 0x61, 0x71,
  0x61, 0x71, 0x81, 0x71, 0x00, 0x59, 0xc0, 0x48, 0xa0, 0x40, 0x80, 0x40, 0x80, 0x40, 0x80, 0x40,
  0xa0, 0x48, 0xa0, 0x48, 0xc0, 0x50, 0xc0, 0x58, 0xe1, 0x60, 0xa0, 0x58, 0xea, 0xa3, 0xe7, 0x8a,
  0x80, 0x50, 0xe0, 0x58, 0x40, 0x71, 0xa0, 0x89, 0xa1, 0x91, 0xc1, 0x91, 0xc1, 0x91, 0xc1, 0x99,
  0xe2, 0x99, 0xe2, 0x99, 0x02, 0x9a, 0xe3, 0x91, 0x26, 0x82, 0xc5, 0x69, 0xe5, 0x69, 0xe5, 0x69,
  0xe5, 0x69, 0xe5, 0x69, 0x05, 0x72, 0xc4, 0x71, 0x26, 0x82, 0x26, 0x7a, 0x05, 0x7a, 0x05, 0x7a,
  0x05, 0x7a, 0x05, 0x7a, 0x06, 0x7a, 0x26, 0x7a, 0x26, 0x7a, 0x26, 0x82, 0x26, 0x82, 0x26, 0x82,
  0x26, 0x82, 0x26, 0x82, 0x46, 0x8a, 0x66, 0xa2, 0xc6, 0xb2, 0xe6, 0xca, 0x26, 0xdb, 0x45, 0xf3,
  0x06, 0xf4, 0xef, 0xfe, 0xf2, 0xff, 0xf2, 0xff, 0xf2, 0xff, 0xf1, 0xff, 0xf0, 0xff, 0x6c, 0xff,
  0x28, 0xff, 0xca, 0xff, 0xea, 0xff, 0xeb, 0xff, 0x2b, 0xff, 0x84, 0xfc, 0x23, 0xfb, 0x03, 0xeb,
  0xa2, 0xda, 0x82, 0xca, 0x62, 0xc2, 0x62, 0xba, 0x62, 0xba, 0x63, 0xb2, 0x00, 0x71, 0x82, 0x89,
  0x02, 0xa2, 0xe1, 0xa1, 0xe1, 0x99, 0xe1, 0xa1, 0x02, 0xaa, 0x42, 0xb2, 0x62, 0xb2, 0x62, 0xb2,
  0x42, 0xb2, 0x22, 0xaa, 0x02, 0xa2, 0xe2, 0xa1, 0xe1, 0x99, 0xe2, 0x99, 0xe2, 0x99, 0xc2, 0x99,
  0xe2, 0x99, 0x42, 0xaa, 0x25, 0xcb, 0xd5, 0xf6, 0xba, 0xff, 0xe9, 0xdb, 0x63, 0xba, 0x23, 0xa2,
  0x23, 0xa2, 0x43, 0xa2, 0x43, 0xa2, 0x42, 0xaa, 0x63, 0xaa, 0x83, 0xaa, 0xa4, 0xb2, 0xc4, 0xba,
  0x04, 0xc3, 0x65, 0xdb, 0xa5, 0xeb, 0x06, 0xf4, 0xef, 0xfe, 0xf3, 0xff, 0xf3, 0xff, 0xb2, 0xff,
  0x2c, 0xf6, 0x69, 0xf5, 0x4a, 0xfd, 0x09, 0xfd, 0xc9, 0xfc, 0xc9, 0xfc, 0xc9, 0xfc, 0xc9, 0xfc,
  0xe9, 0xfc, 0x09, 0xfd, 0x89, 0xfd, 0x49, 0xfe, 0xaa, 0xfe, 0x49, 0xfe, 0x28, 0xfe, 0x69, 0xfe,
  0x60, 0x89, 0x41, 0x79, 0x41, 0x69, 0x21, 0x61, 0x21, 0x61, 0x21, 0x61, 0x21, 0x61, 0x21, 0x59,
  0x42, 0x61, 0x63, 0x69, 0x84, 0x69, 0xa4, 0x69, 0xa4, 0x71, 0xc5, 0x71, 0xc5, 0x69, 0xc5, 0x71,
  0xe5, 0x71, 0xc3, 0x71, 0x82, 0x69, 0x61, 0x69, 0x61, 0x69, 0x61, 0x69, 0x61, 0x71, 0x61, 0x71,
  0x61, 0x71, 0x61, 0x71, 0x00, 0x59, 0xa0, 0x40, 0x80, 0x38, 0x80, 0x38, 0x80, 0x38, 0x80, 0x40,
  0x80, 0x48, 0xc0, 0x50, 0xe0, 0x60, 0x00, 0x71, 0x40, 0x79, 0xc0, 0x68, 0xc9, 0xab, 0x2b, 0xac,
  0xc0, 0x58, 0x00, 0x61, 0x40, 0x71, 0x80, 0x81, 0xa1, 0x89, 0xc1, 0x91, 0xc1, 0x91, 0xc2, 0x91,
  0xe2, 0x99, 0xe2, 0x99, 0xe2, 0x99, 0xe3, 0x91, 0x04, 0x8a, 0x46, 0x82, 0xc5, 0x69, 0xe5, 0x69,
  0xe5, 0x69, 0xe5, 0x69, 0xe5, 0x71, 0xc5, 0x71, 0xe5, 0x71, 0x67, 0x82, 0x05, 0x7a, 0x05, 0x7a,
  0x05, 0x7a, 0x05, 0x7a, 0x05, 0x7a, 0x05, 0x7a, 0x06, 0x7a, 0x26, 0x82, 0x26, 0x82, 0x26, 0x82,
  0x26, 0x82, 0x26, 0x82, 0x26, 0x8a, 0x46, 0x92, 0x86, 0xaa, 0xc6, 0xba, 0xe6, 0xca, 0x26, 0xe3,
  0x65, 0xeb, 0xe8, 0xf4, 0x6f, 0xff, 0xf1, 0xff, 0xf1, 0xff, 0xf0, 0xff, 0xef, 0xff, 0x6c, 0xff,
  0x46, 0xf6, 0x28, 0xff, 0xca, 0xff, 0xcb, 0xff, 0xc9, 0xfe, 0x85, 0xfc, 0x23, 0xfb, 0xe2, 0xe2,
  0xa2, 0xca, 0x62, 0xc2, 0x42, 0xb2, 0x21, 0xb2, 0x42, 0xb2, 0xe2, 0x99, 0xc0, 0x60, 0x61, 0x81,
  0xe2, 0x99, 0xc1, 0x91, 0xc1, 0x91, 0xc1, 0x99, 0x22, 0xa2, 0x42, 0xaa, 0x42, 0xaa, 0x42, 0xaa,
  0x22, 0xaa, 0x22, 0xa2, 0x22, 0xa2, 0x02, 0xa2, 0x02, 0xa2, 0xe2, 0x99, 0xe2, 0x99, 0xe1, 0x99,
  0x02, 0x9a, 0x43, 0xaa, 0x24, 0xcb, 0x93, 0xf6, 0xfb, 0xff, 0xed, 0xe4, 0xa3, 0xc2, 0x43, 0xaa,
  0x22, 0xa2, 0x23, 0xa2, 0x43, 0xa2, 0x43, 0xaa, 0x63, 0xaa, 0x83, 0xaa, 0xa4, 0xb2, 0xc4, 0xba,
  0x24, 0xc3, 0x65, 0xdb, 0x85, 0xeb, 0x47, 0xf4, 0x50, 0xff, 0xf3, 0xff, 0xd3, 0xff, 0xf2, 0xff,
  0xf1, 0xff, 0xad, 0xfe, 0x69, 0xfd, 0x09, 0xfd, 0xa8, 0xfc, 0xa8, 0xfc, 0xa9, 0xfc, 0xa9, 0xfc,
  0xc9, 0xfc, 0xe8, 0xfc, 0x69, 0xfd, 0x6a, 0xfe, 0x8a, 0xfe, 0x09, 0xfe, 0xc8, 0xfd, 0xc8, 0xfd,
  0x01, 0xa2, 0x41, 0x81, 0x41, 0x71, 0x21, 0x61, 0x21, 0x61, 0x01, 0x59, 0x01, 0x59, 0x01, 0x59,
  0x02, 0x59, 0x43, 0x61, 0x84, 0x69, 0xa4, 0x69, 0xa4, 0x69, 0xc5, 0x69, 0xe5, 0x69, 0xe5, 0x69,
  0xc4, 0x69, 0xc3, 0x71, 0xa3, 0x71, 0x62, 0x69, 0x61, 0x69, 0x62, 0x69, 0x61, 0x69, 0x61, 0x69,
  0x61, 0x69, 0x61, 0x69, 0x00, 0x59, 0xa0, 0x40, 0x80, 0x38, 0x80, 0x38, 0x80, 0x38, 0x80, 0x40,
  0xa0, 0x50, 0x00, 0x69, 0x60, 0x81, 0xc0, 0x91, 0x01, 0x9a, 0x40, 0x89, 0x67, 0xab, 0x6e, 0xcd,
  0x20, 0x69, 0x20, 0x69, 0x20, 0x71, 0x80, 0x81, 0x81, 0x89, 0xa1, 0x91, 0xc1, 0x91, 0xc2, 0x91,
  0xc2, 0x91, 0xc2, 0x91, 0xc2, 0x91, 0xe2, 0x99, 0xe3, 0x91, 0x65, 0x92, 0x25, 0x7a, 0xc4, 0x69,
  0xe5, 0x69, 0xe5, 0x69, 0xe5, 0x71, 0xe5, 0x71, 0xc4, 0x71, 0x26, 0x82, 0x06, 0x7a, 0x05, 0x7a,
  0x05, 0x7a, 0x05, 0x7a, 0x05, 0x7a, 0x05, 0x7a, 0x06, 0x7a, 0x26, 0x82, 0x26, 0x82, 0x26, 0x82,
  0x26, 0x82, 0x26, 0x82, 0x26, 0x82, 0x45, 0x8a, 0x86, 0x9a, 0xa6, 0xb2, 0xc6, 0xc2, 0x06, 0xd3,
  0x46, 0xe3, 0x86, 0xe3, 0x29, 0xf5, 0x6e, 0xff, 0xcf, 0xff, 0x6d, 0xff, 0x6c, 0xff, 0x6b, 0xff,
  0x25, 0xed, 0x65, 0xfd, 0x68, 0xfe, 0x88, 0xfe, 0xc7, 0xfd, 0x24, 0xfc, 0x22, 0xf3, 0xa2, 0xda,
  0x62, 0xba, 0x22, 0xaa, 0x02, 0xa2, 0xe2, 0xa1, 0x02, 0x9a, 0x41, 0x79, 0xc0, 0x60, 0x61, 0x81,
  0xa2, 0x91, 0xa1, 0x91, 0xa1, 0x91, 0xc1, 0x91, 0x02, 0x9a, 0x02, 0x9a, 0x01, 0xa2, 0x02, 0xa2,
  0x02, 0xa2, 0x02, 0xa2, 0x02, 0xa2, 0x22, 0xa2, 0x02, 0xa2, 0xe2, 0xa1, 0xe2, 0x99, 0x02, 0xa2,
  0x22, 0xa2, 0x63, 0xaa, 0x04, 0xcb, 0x52, 0xf6, 0xfc, 0xff, 0xf1, 0xf5, 0xe4, 0xca, 0x63, 0xb2,
  0x23, 0xa2, 0x23, 0xa2, 0x23, 0xa2, 0x63, 0xaa, 0x84, 0xaa, 0x84, 0xaa, 0xa4, 0xb2, 0xe4, 0xba,
  0x25, 0xc3, 0x45, 0xdb, 0xa5, 0xeb, 0x06, 0xf4, 0xec, 0xf5, 0xf3, 0xff, 0xd3, 0xff, 0xb2, 0xff,
  0xf1, 0xff, 0x2e, 0xff, 0x6a, 0xfd, 0x09, 0xfd, 0xa8, 0xfc, 0x88, 0xfc, 0x88, 0xfc, 0x89, 0xfc,
  0xa9, 0xfc, 0xc9, 0xfc, 0x69, 0xfd, 0x6a, 0xfe, 0x4a, 0xfe, 0xe8, 0xfd, 0xa8, 0xfd, 0xa8, 0xfd,
  0xa4, 0xcb, 0xe1, 0x91, 0x40, 0x71, 0x41, 0x69, 0x22, 0x61, 0x22, 0x59, 0x01, 0x59, 0x02, 0x59,
  0x02, 0x59, 0x22, 0x59, 0x84, 0x61, 0xa4, 0x69, 0xa4, 0x69, 0xc5, 0x69, 0xc5, 0x69, 0xc5, 0x69,
  0xe5, 0x69, 0x05, 0x7a, 0x45, 0x8a, 0xc3, 0x79, 0x82, 0x69, 0x62, 0x69, 0x41, 0x69, 0x41, 0x69,
  0x61, 0x69, 0x61, 0x69, 0x00, 0x59, 0xa0, 0x40, 0x80, 0x38, 0x80, 0x30, 0x80, 0x38, 0xa0, 0x40,
  0xe0, 0x58, 0x60, 0x79, 0x20, 0xa2, 0x02, 0xbb, 0x83, 0xd3, 0xa0, 0xba, 0x45, 0xb3, 0x10, 0xde,
  0x80, 0x79, 0x40, 0x69, 0x40, 0x71, 0x80, 0x81, 0x81, 0x89, 0xa1, 0x89, 0xa1, 0x89, 0xc2, 0x89,
  0xc2, 0x91, 0xc2, 0x91, 0xc2, 0x91, 0xc2, 0x91, 0xe2, 0x91, 0xe3, 0x89, 0x86, 0x92, 0x05, 0x72,
  0xe5, 0x69, 0xe5, 0x71, 0xe5, 0x71, 0xe5, 0x71, 0xc5, 0x71, 0xe5, 0x79, 0x46, 0x82, 0x05, 0x72,
  0x05, 0x7a, 0x05, 0x7a, 0x05, 0x7a, 0x05, 0x7a, 0x06, 0x7a, 0x06, 0x7a, 0x26, 0x82, 0x26, 0x82,
  0x25, 0x82, 0x25, 0x82, 0x25, 0x82, 0x45, 0x8a, 0x65, 0x92, 0x85, 0xa2, 0xa5, 0xb2, 0xe5, 0xc2,
  0x06, 0xd3, 0x26, 0xdb, 0x85, 0xe3, 0x09, 0xf5, 0x4c, 0xfe, 0x0a, 0xfe, 0xc9, 0xf5, 0xca, 0xf6,
  0x44, 0xec, 0xc3, 0xfb, 0x85, 0xfc, 0xe5, 0xfc, 0x65, 0xfc, 0x83, 0xf3, 0xc2, 0xe2, 0x62, 0xca,
  0x22, 0xb2, 0x02, 0xa2, 0xe2, 0x99, 0xe3, 0x99, 0xa2, 0x89, 0xc0, 0x60, 0xc0, 0x60, 0x61, 0x81,
  0xa1, 0x89, 0x81, 0x89, 0xa1, 0x91, 0xa1, 0x89, 0xc1, 0x91, 0xc1, 0x91, 0xe1, 0x99, 0xe1, 0x99,
  0xe2, 0x99, 0xe2, 0x99, 0x02, 0xa2, 0x02, 0xa2, 0x02, 0xa2, 0x02, 0xa2, 0x02, 0xa2, 0x22, 0xa2,
  0x22, 0xa2, 0x62, 0xaa, 0xe4, 0xca, 0x12, 0xee, 0xfc, 0xff, 0xf5, 0xf6, 0x66, 0xcb, 0x63, 0xb2,
  0x23, 0xa2, 0x23, 0xa2, 0x43, 0xa2, 0x63, 0xaa, 0x84, 0xaa, 0x84, 0xaa, 0xa4, 0xb2, 0xe5, 0xba,
  0x25, 0xc3, 0x45, 0xd3, 0xa5, 0xe3, 0xe6, 0xeb, 0x67, 0xf4, 0xab, 0xfd, 0xab, 0xf5, 0x8b, 0xf5,
  0x2c, 0xf6, 0xaa, 0xf5, 0x09, 0xfd, 0xc8, 0xfc, 0x68, 0xf4, 0x68, 0xf4, 0x68, 0xf4, 0x88, 0xf4,
  0x89, 0xfc, 0xa9, 0xfc, 0x49, 0xfd, 0x2a, 0xfe, 0xe8, 0xfd, 0xa8, 0xfd, 0xa8, 0xfd, 0xa8, 0xfd,
  0x68, 0xf5, 0x23, 0xbb, 0x81, 0x79, 0x42, 0x71, 0x62, 0x61, 0x63, 0x61, 0x43, 0x61, 0x22, 0x59,
  0x42, 0x59, 0x42, 0x59, 0x63, 0x61, 0x84, 0x61, 0xa4, 0x61, 0xc5, 0x69, 0xc5, 0x69, 0xc5, 0x69,
  0xe5, 0x71, 0x46, 0x82, 0x45, 0x82, 0x05, 0x7a, 0xe4, 0x71, 0x62, 0x69, 0x41, 0x69, 0x41, 0x69,
  0x41, 0x69, 0x41, 0x69, 0x00, 0x59, 0xa0, 0x40, 0x80, 0x38, 0x80, 0x30, 0x80, 0x38, 0xa0, 0x48,
  0x62, 0x69, 0x42, 0x9a, 0x22, 0xbb, 0xe6, 0xec, 0x08, 0xfe, 0xa6, 0xf5, 0x26, 0xc4, 0xb3, 0xee,
  0x63, 0x92, 0x40, 0x79, 0x40, 0x79, 0x60, 0x81, 0x81, 0x89, 0xa1, 0x89, 0xa1, 0x89, 0xa1, 0x89,
  0xc2, 0x89, 0xc2, 0x91, 0xc2, 0x91, 0xc2, 0x91, 0x02, 0x92, 0x24, 0x92, 0x04, 0x8a, 0xa6, 0x92,
  0xe4, 0x71, 0xe5, 0x71, 0xe5, 0x71, 0xe5, 0x71, 0xe5, 0x71, 0xc4, 0x71, 0x46, 0x82, 0x05, 0x7a,
  0x05, 0x7a, 0x05, 0x7a, 0x05, 0x7a, 0x05, 0x7a, 0x05, 0x7a, 0x26, 0x7a, 0x26, 0x82, 0x26, 0x82,
  0x25, 0x82, 0x25, 0x8a, 0x45, 0x8a, 0x45, 0x8a, 0x45, 0x92, 0x65, 0x9a, 0x85, 0xa2, 0xa5, 0xb2,
  0xc6, 0xc2, 0x06, 0xcb, 0x06, 0xd3, 0x46, 0xe3, 0x28, 0xf4, 0x47, 0xf4, 0xe5, 0xeb, 0xa8, 0xf5,
  0xc4, 0xf3, 0x02, 0xfb, 0x43, 0xfb, 0x63, 0xfb, 0x22, 0xf3, 0xc2, 0xe2, 0xa2, 0xd2, 0x62, 0xc2,
  0x22, 0xb2, 0x02, 0xa2, 0xe2, 0x99, 0xc2, 0x91, 0xe0, 0x68, 0xc0, 0x58, 0xc0, 0x60, 0x41, 0x81,
  0x81, 0x89, 0x81, 0x89, 0x81, 0x89, 0x81, 0x89, 0xa1, 0x89, 0xa1, 0x91, 0xa2, 0x91, 0xa1, 0x91,
  0xc2, 0x99, 0xc2, 0x99, 0xe2, 0x99, 0x02, 0xa2, 0x02, 0xa2, 0x02, 0xa2, 0x02, 0xa2, 0x22, 0xa2,
  0x22, 0xaa, 0x42, 0xaa, 0xa3, 0xc2, 0xf0, 0xed, 0xfb, 0xff, 0x98, 0xff, 0x29, 0xdc, 0x83, 0xba,
  0x23, 0xa2, 0x03, 0xa2, 0x23, 0xa2, 0x44, 0xa2, 0x84, 0xaa, 0xa4, 0xaa, 0xa4, 0xb2, 0xc5, 0xb2,
  0x05, 0xbb, 0x45, 0xcb, 0x86, 0xdb, 0xc6, 0xe3, 0x06, 0xec, 0x26, 0xf4, 0x87, 0xf4, 0xa8, 0xfc,
  0xa8, 0xf4, 0xc8, 0xfc, 0xa8, 0xfc, 0x68, 0xf4, 0x28, 0xec, 0x28, 0xec, 0x68, 0xf4, 0x68, 0xf4,
  0x68, 0xf4, 0x88, 0xfc, 0x09, 0xfd, 0xa9, 0xfd, 0x68, 0xfd, 0x68, 0xfd, 0x88, 0xfd, 0x88, 0xfd,
  0x86, 0xe4, 0x64, 0xbb, 0x23, 0x8a, 0x62, 0x71, 0x63, 0x61, 0x63, 0x61, 0x63, 0x61, 0x63, 0x61,
  0x63, 0x61, 0x84, 0x61, 0x64, 0x59, 0x84, 0x61, 0xa4, 0x61, 0xa4, 0x61, 0xc4, 0x61, 0xc5, 0x69,
  0xc5, 0x69, 0xe5, 0x69, 0xc5, 0x69, 0xc5, 0x69, 0xc4, 0x69, 0xa3, 0x71, 0x41, 0x61, 0x41, 0x61,
  0x41, 0x61, 0x41, 0x61, 0x00, 0x59, 0xa0, 0x40, 0x80, 0x30, 0x80, 0x30, 0x80, 0x38, 0x60, 0x48,
  0x81, 0x69, 0x25, 0xb3, 0x63, 0xbb, 0xca, 0xfe, 0xcc, 0xff, 0xcc, 0xff, 0x29, 0xe6, 0x55, 0xff,
  0x87, 0xab, 0x60, 0x81, 0x60, 0x79, 0x81, 0x81, 0xa1, 0x89, 0xa1, 0x89, 0xa1, 0x89, 0xc2, 0x89,
  0xc2, 0x89, 0xc2, 0x91, 0xe2, 0x91, 0xe2, 0x91, 0x23, 0x92, 0x64, 0x9a, 0x03, 0x8a, 0x45, 0x8a,
  0x87, 0x8a, 0xc4, 0x69, 0xc5, 0x71, 0xc5, 0x71, 0xe5, 0x71, 0xc4, 0x71, 0x05, 0x7a, 0x46, 0x82,
  0xe5, 0x71, 0x05, 0x7a, 0x05, 0x7a, 0x05, 0x7a, 0x05, 0x7a, 0x26, 0x7a, 0x26, 0x82, 0x25, 0x8a,
  0x45, 0x92, 0x45, 0x92, 0x65, 0x92, 0x45, 0x92, 0x45, 0x92, 0x65, 0x9a, 0x65, 0x9a, 0x86, 0xa2,
  0xa6, 0xb2, 0xc6, 0xba, 0xe6, 0xc2, 0x06, 0xcb, 0x26, 0xd3, 0x25, 0xd3, 0xe4, 0xd2, 0x07, 0xf5,
  0xc4, 0xeb, 0xa2, 0xea, 0xc2, 0xea, 0xa2, 0xea, 0xa2, 0xda, 0x82, 0xd2, 0x82, 0xc2, 0x62, 0xba,
  0x22, 0xb2, 0x02, 0xa2, 0xe2, 0x91, 0x21, 0x71, 0xa0, 0x58, 0xc0, 0x58, 0xc0, 0x60, 0x61, 0x81,
  0xa1, 0x89, 0xa1, 0x89, 0xa1, 0x89, 0xa1, 0x89, 0x81, 0x89, 0x81, 0x89, 0xa1, 0x89, 0xa1, 0x91,
  0xa1, 0x91, 0xa1, 0x91, 0xc2, 0x99, 0xe2, 0x99, 0x02, 0xa2, 0x01, 0xa2, 0x02, 0xa2, 0x22, 0xa2,
  0x22, 0xaa, 0x42, 0xaa, 0x82, 0xc2, 0xaf, 0xed, 0xfb, 0xff, 0xdb, 0xff, 0xec, 0xe4, 0xa3, 0xba,
  0x22, 0xa2, 0x02, 0xa2, 0x23, 0xa2, 0x43, 0xa2, 0x64, 0xa2, 0xa4, 0xaa, 0xc5, 0xaa, 0xc5, 0xaa,
  0x05, 0xb3, 0x25, 0xc3, 0x66, 0xcb, 0xa6, 0xd3, 0xc6, 0xdb, 0x06, 0xec, 0x27, 0xf4, 0x47, 0xf4,
  0x48, 0xf4, 0x48, 0xf4, 0x48, 0xf4, 0x08, 0xe4, 0x08, 0xe4, 0x08, 0xe4, 0x28, 0xe4, 0x48, 0xec,
  0x68, 0xf4, 0x68, 0xf4, 0xc8, 0xfc, 0x48, 0xfd, 0x48, 0xfd, 0x48, 0xfd, 0x68, 0xfd, 0x68, 0xfd,
  0xc5, 0xaa, 0x43, 0x92, 0xe3, 0x81, 0xc4, 0x79, 0x63, 0x69, 0x63, 0x61, 0x63, 0x61, 0x63, 0x59,
  0x83, 0x59, 0x84, 0x59, 0xa4, 0x61, 0xa4, 0x59, 0xa4, 0x61, 0xc5, 0x61, 0xc5, 0x61, 0xa4, 0x61,
  0xa4, 0x61, 0xc5, 0x69, 0xc5, 0x69, 0xc5, 0x69, 0xc4, 0x69, 0xa3, 0x69, 0x62, 0x61, 0x21, 0x61,
  0x41, 0x61, 0x41, 0x61, 0x21, 0x59, 0xc0, 0x40, 0x80, 0x30, 0x60, 0x30, 0xc0, 0x40, 0xa3, 0x61,
  0x47, 0x93, 0xae, 0xdd, 0xa8, 0xd4, 0x0b, 0xff, 0xec, 0xff, 0xec, 0xff, 0x4c, 0xf7, 0xd8, 0xff,
  0x2e, 0xdd, 0x83, 0xba, 0x22, 0xa2, 0xc1, 0x91, 0xa1, 0x89, 0xc1, 0x89, 0xc2, 0x89, 0xe2, 0x89,
  0xe2, 0x91, 0xe2, 0x89, 0xe2, 0x91, 0x03, 0x92, 0x43, 0x9a, 0x43, 0x9a, 0x23, 0x9a, 0xe3, 0x89,
  0x66, 0x92, 0x47, 0x82, 0xc4, 0x69, 0xe5, 0x71, 0xe5, 0x71, 0xe4, 0x71, 0xc4, 0x71, 0x66, 0x82,
  0xe5, 0x71, 0xe5, 0x79, 0x05, 0x7a, 0x05, 0x7a, 0x05, 0x7a, 0x25, 0x82, 0x25, 0x8a, 0x25, 0x92,
  0x65, 0x9a, 0x85, 0xa2, 0x85, 0xa2, 0x85, 0xa2, 0x65, 0xa2, 0x45, 0xa2, 0x65, 0xa2, 0x65, 0xa2,
  0x86, 0xa2, 0x86, 0xaa, 0xa6, 0xb2, 0xc6, 0xb2, 0xc6, 0xba, 0xc5, 0xc2, 0xa4, 0xc2, 0xa7, 0xe4,
  0xe4, 0xdb, 0x42, 0xd2, 0x82, 0xd2, 0x82, 0xca, 0x82, 0xc2, 0x62, 0xba, 0x42, 0xba, 0x42, 0xaa,
  0x23, 0xaa, 0x03, 0x92, 0x21, 0x69, 0xc0, 0x50, 0xc0, 0x58, 0xc0, 0x58, 0xc0, 0x60, 0x81, 0x81,
  0xa1, 0x89, 0xa1, 0x89, 0xa1, 0x89, 0xa1, 0x89, 0xa1, 0x89, 0x81, 0x89, 0x81, 0x89, 0x81, 0x89,
  0x81, 0x89, 0x81, 0x91, 0xa2, 0x91, 0xc2, 0x91, 0x02, 0x9a, 0x02, 0xa2, 0x02, 0xa2, 0x02, 0xa2,
  0x02, 0xa2, 0x22, 0xaa, 0xa3, 0xc2, 0x8e, 0xed, 0xfb, 0xff, 0xfc, 0xff, 0x10, 0xee, 0xc3, 0xc2,
  0x22, 0xa2, 0xe2, 0x99, 0x03, 0x9a, 0x23, 0x9a, 0x43, 0xa2, 0x84, 0xa2, 0xa5, 0xaa, 0xc5, 0xaa,
  0xe5, 0xb2, 0x05, 0xbb, 0x46, 0xc3, 0x66, 0xcb, 0x86, 0xcb, 0x86, 0xd3, 0xa6, 0xdb, 0xa6, 0xdb,
  0xa7, 0xdb, 0xa7, 0xdb, 0xc7, 0xd3, 0xc7, 0xdb, 0xe7, 0xdb, 0x08, 0xdc, 0x08, 0xdc, 0x28, 0xe4,
  0x28, 0xec, 0x68, 0xf4, 0xa9, 0xfc, 0x08, 0xfd, 0x27, 0xfd, 0x28, 0xfd, 0x48, 0xfd, 0x48, 0xfd,
  0xc4, 0x79, 0xa3, 0x79, 0x62, 0x71, 0x83, 0x79, 0xa4, 0x71, 0x63, 0x61, 0x63, 0x59, 0x83, 0x59,
  0x84, 0x59, 0x84, 0x59, 0xa4, 0x59, 0xa5, 0x61, 0xa5, 0x61, 0xc5, 0x61, 0x05, 0x6a, 0x05, 0x72,
  0xc4, 0x69, 0xa4, 0x61, 0xa4, 0x61, 0xa4, 0x61, 0xa4, 0x61, 0xa4, 0x61, 0xa4, 0x69, 0x83, 0x71,
  0x41, 0x69, 0x41, 0x61, 0x41, 0x61, 0xe1, 0x48, 0x80, 0x30, 0x80, 0x30, 0xa1, 0x40, 0xa3, 0x61,
  0x44, 0x7a, 0x6a, 0xbc, 0x61, 0x92, 0xc5, 0xdc, 0x8b, 0xff, 0xeb, 0xff, 0x6c, 0xf7, 0xd9, 0xff,
  0x74, 0xf6, 0xc7, 0xe3, 0xc3, 0xc2, 0x63, 0xaa, 0x23, 0xa2, 0xe2, 0x91, 0xe2, 0x89, 0x03, 0x92,
  0x03, 0x92, 0x03, 0x92, 0x24, 0x9a, 0x64, 0x9a, 0x64, 0x9a, 0x23, 0x9a, 0x03, 0x9a, 0x03, 0x92,
  0xe3, 0x89, 0x86, 0x92, 0x46, 0x82, 0xc4, 0x69, 0xe5, 0x71, 0xe5, 0x71, 0xc4, 0x71, 0x25, 0x7a,
  0x26, 0x82, 0xe5, 0x79, 0xe5, 0x79, 0x05, 0x7a, 0x05, 0x7a, 0x25, 0x82, 0x25, 0x92, 0x45, 0xa2,
  0xa6, 0xb2, 0x05, 0xc3, 0x06, 0xc3, 0xe5, 0xba, 0xa5, 0xb2, 0x85, 0xaa, 0x65, 0xaa, 0x65, 0xa2,
  0x66, 0x9a, 0x65, 0x9a, 0x66, 0x9a, 0x86, 0xa2, 0x86, 0xaa, 0xa5, 0xaa, 0x64, 0xaa, 0x26, 0xdc,
  0x25, 0xdc, 0x21, 0xba, 0x82, 0xc2, 0x62, 0xba, 0x42, 0xb2, 0x42, 0xb2, 0x22, 0xb2, 0x43, 0xaa,
  0x03, 0x92, 0x00, 0x61, 0xa0, 0x50, 0xc0, 0x50, 0xc0, 0x58, 0xa0, 0x58, 0xe0, 0x68, 0xa2, 0x89,
  0xa2, 0x89, 0xa2, 0x89, 0xa2, 0x89, 0xa1, 0x89, 0xa2, 0x89, 0xa1, 0x89, 0x81, 0x89, 0x81, 0x89,
  0x81, 0x89, 0x81, 0x89, 0x81, 0x89, 0xa1, 0x91, 0xe2, 0x99, 0x01, 0xa2, 0xe2, 0xa1, 0x02, 0xa2,
  0x02, 0xa2, 0x22, 0xaa, 0xa3, 0xc2, 0x6e, 0xed, 0xfb, 0xff, 0xfd, 0xff, 0x14, 0xf7, 0x44, 0xcb,
  0x22, 0xaa, 0xe2, 0x99, 0xe3, 0x99, 0x03, 0x9a, 0x23, 0xa2, 0x64, 0xa2, 0x84, 0xa2, 0xa5, 0xaa,
  0xc5, 0xaa, 0xe5, 0xb2, 0x26, 0xbb, 0x46, 0xbb, 0x46, 0xc3, 0x46, 0xc3, 0x46, 0xcb, 0x46, 0xcb,
  0x46, 0xcb, 0x66, 0xcb, 0x67, 0xcb, 0x87, 0xd3, 0xa7, 0xd3, 0xc7, 0xdb, 0xe7, 0xdb, 0x07, 0xe4,
  0x07, 0xe4, 0x28, 0xec, 0x88, 0xf4, 0xc8, 0xfc, 0x08, 0xfd, 0x08, 0xfd, 0x28, 0xfd, 0x48, 0xfd,
  0x63, 0x69, 0x63, 0x69, 0x43, 0x61, 0x43, 0x69, 0x84, 0x71, 0x63, 0x61, 0x63, 0x59, 0x84, 0x59,
  0x84, 0x59, 0x84, 0x59, 0xa5, 0x59, 0xa5, 0x61, 0xa5, 0x61, 0xa5, 0x59, 0xa5, 0x59, 0xc5, 0x69,
  0x25, 0x7a, 0x05, 0x7a, 0xa4, 0x69, 0x84, 0x61, 0xa4, 0x61, 0xa4, 0x61, 0xa4, 0x61, 0xe4, 0x79,
  0x24, 0x82, 0x82, 0x69, 0x41, 0x61, 0x01, 0x49, 0xa0, 0x30, 0x80, 0x30, 0x60, 0x38, 0x60, 0x38,
  0x80, 0x48, 0x65, 0x8a, 0xa0, 0x81, 0x60, 0xa2, 0x26, 0xed, 0xa9, 0xfe, 0xeb, 0xfe, 0xb8, 0xff,
  0x58, 0xff, 0xc8, 0xf4, 0x23, 0xcb, 0xc4, 0xba, 0xe5, 0xba, 0x44, 0x9a, 0x24, 0x92, 0x64, 0x9a,
  0xa5, 0xa2, 0xa6, 0xa2, 0xe7, 0xaa, 0xc6, 0xaa, 0x44, 0xa2, 0x24, 0x9a, 0x03, 0x92, 0xe3, 0x91,
  0xe3, 0x91, 0xc2, 0x89, 0x66, 0x92, 0x46, 0x82, 0xc4, 0x69, 0xe4, 0x71, 0xc4, 0x71, 0xc4, 0x71,
  0x67, 0x8a, 0xe5, 0x79, 0xe5, 0x79, 0x05, 0x7a, 0x05, 0x7a, 0x05, 0x82, 0x45, 0x92, 0x85, 0xaa,
  0x06, 0xc3, 0xe7, 0xe3, 0x68, 0xec, 0x27, 0xe4, 0x65, 0xcb, 0xa5, 0xb2, 0x85, 0xaa, 0x66, 0xa2,
  0x65, 0x9a, 0x46, 0x92, 0x66, 0x92, 0x66, 0x9a, 0x65, 0x9a, 0x65, 0x9a, 0x44, 0x9a, 0x86, 0xcb,
  0x26, 0xdc, 0x21, 0xaa, 0x62, 0xb2, 0x42, 0xb2, 0x42, 0xaa, 0x42, 0xaa, 0x43, 0xaa, 0xa3, 0x81,
  0xc0, 0x58, 0xa0, 0x50, 0xc0, 0x50, 0xc0, 0x50, 0xc0, 0x58, 0xa0, 0x58, 0x21, 0x71, 0xc2, 0x89,
  0xa2, 0x89, 0xa2, 0x89, 0xa2, 0x89, 0xa1, 0x89, 0xa2, 0x89, 0x81, 0x89, 0x81, 0x81, 0x61, 0x81,
  0x61, 0x89, 0x61, 0x89, 0x61, 0x89, 0x81, 0x89, 0xa1, 0x91, 0xe1, 0x99, 0xe2, 0x99, 0xe2, 0xa1,
  0x02, 0xa2, 0x22, 0xaa, 0xa3, 0xba, 0x4d, 0xe5, 0xfb, 0xff, 0xfc, 0xff, 0x98, 0xff, 0xe8, 0xd3,
  0x22, 0xaa, 0xe2, 0x99, 0xe2, 0x99, 0xe3, 0x99, 0x03, 0x9a, 0x44, 0xa2, 0x64, 0xa2, 0x84, 0xa2,
  0xa5, 0xaa, 0xc5, 0xaa, 0xe5, 0xb2, 0x06, 0xb3, 0x06, 0xbb, 0x26, 0xbb, 0x26, 0xbb, 0x06, 0xbb,
  0x06, 0xc3, 0x26, 0xc3, 0x46, 0xc3, 0x66, 0xcb, 0x87, 0xcb, 0xa7, 0xd3, 0xc7, 0xd3, 0xe7, 0xdb,
  0x07, 0xdc, 0x28, 0xe4, 0x48, 0xec, 0xa8, 0xf4, 0xe8, 0xfc, 0xe8, 0xfc, 0x07, 0xfd, 0x48, 0xfd,
  0x43, 0x59, 0x43, 0x59, 0x43, 0x59, 0x43, 0x59, 0x84, 0x69, 0x84, 0x69, 0x63, 0x59, 0x84, 0x51,
  0xa4, 0x59, 0xa4, 0x59, 0xc5, 0x59, 0xc5, 0x59, 0xa5, 0x59, 0xa5, 0x59, 0xc5, 0x59, 0xa4, 0x59,
  0xc4, 0x61, 0x25, 0x82, 0x05, 0x82, 0xc4, 0x69, 0x84, 0x61, 0xa4, 0x61, 0x84, 0x61, 0xe4, 0x71,
  0xa6, 0x92, 0xe3, 0x79, 0x61, 0x61, 0x00, 0x51, 0xa0, 0x38, 0x80, 0x38, 0x80, 0x38, 0xa0, 0x40,
  0xc0, 0x50, 0x41, 0x69, 0x61, 0x81, 0xe0, 0x99, 0x22, 0xcb, 0x06, 0xf5, 0x6a, 0xfe, 0xb8, 0xff,
  0xdc, 0xff, 0x8e, 0xfe, 0xe8, 0xec, 0xa6, 0xdb, 0x47, 0xcb, 0x07, 0xbb, 0xe6, 0xaa, 0xe6, 0xa2,
  0x07, 0xab, 0x27, 0xb3, 0x47, 0xbb, 0xc5, 0xaa, 0x23, 0x92, 0x03, 0x92, 0x03, 0x92, 0xe3, 0x91,
  0xe3, 0x91, 0xc2, 0x91, 0x82, 0x81, 0x86, 0x92, 0x46, 0x82, 0xa4, 0x69, 0xc4, 0x71, 0xa4, 0x71,
  0x26, 0x82, 0x46, 0x82, 0xe4, 0x79, 0xe5, 0x79, 0x05, 0x7a, 0x05, 0x82, 0x45, 0x9a, 0x85, 0xaa,
  0x87, 0xd3, 0x2a, 0xf5, 0x2b, 0xfe, 0x6c, 0xfe, 0x6a, 0xed, 0x65, 0xc3, 0x85, 0xb2, 0x85, 0xa2,
  0x65, 0x9a, 0x46, 0x92, 0x46, 0x92, 0x66, 0x92, 0x46, 0x92, 0x66, 0x92, 0x45, 0x92, 0x25, 0xbb,
  0x27, 0xd4, 0x22, 0xa2, 0x42, 0xaa, 0x22, 0xa2, 0x22, 0xa2, 0x42, 0xa2, 0x81, 0x79, 0xa0, 0x50,
  0x80, 0x48, 0xa0, 0x50, 0xa0, 0x50, 0xc0, 0x50, 0xc0, 0x58, 0xa0, 0x58, 0x62, 0x79, 0xc2, 0x89,
  0xa1, 0x89, 0xa2, 0x89, 0xa2, 0x89, 0xa2, 0x89, 0xa2, 0x89, 0xa2, 0x89, 0x82, 0x81, 0x61, 0x81,
  0x61, 0x81, 0x61, 0x81, 0x61, 0x89, 0x81, 0x89, 0x81, 0x91, 0xc1, 0x91, 0xc1, 0x99, 0xe1, 0x99,
  0xe1, 0xa1, 0x02, 0xa2, 0x83, 0xba, 0xec, 0xe4, 0xfa, 0xff, 0xdc, 0xff, 0xfb, 0xff, 0xec, 0xe4,
  0x41, 0xb2, 0xe2, 0x99, 0xc2, 0x91, 0xe2, 0x99, 0x03, 0x9a, 0x03, 0x9a, 0x23, 0x9a, 0x64, 0xa2,
  0x84, 0xa2, 0xa4, 0xaa, 0xc5, 0xaa, 0xe5, 0xb2, 0xe6, 0xb2, 0x06, 0xbb, 0xe6, 0xb2, 0xe5, 0xba,
  0xe5, 0xba, 0x05, 0xbb, 0x05, 0xbb, 0x25, 0xbb, 0x66, 0xcb, 0x86, 0xcb, 0xa7, 0xd3, 0xc7, 0xd3,
  0xe7, 0xdb, 0x08, 0xdc, 0x27, 0xe4, 0x67, 0xf4, 0xc7, 0xfc, 0xe7, 0xfc, 0xe7, 0xfc, 0x28, 0xfd,
  0x22, 0x51, 0x43, 0x59, 0x43, 0x59, 0x43, 0x51, 0x63, 0x61, 0xa4, 0x69, 0x64, 0x59, 0x83, 0x51,
  0x84, 0x51, 0xa4, 0x59, 0xc5, 0x59, 0xc5, 0x59, 0xc5, 0x59, 0xc5, 0x59, 0xc5, 0x59, 0xc5, 0x59,
  0xa4, 0x59, 0xe4, 0x71, 0x24, 0x8a, 0x25, 0x7a, 0xc4, 0x69, 0xa4, 0x61, 0xa4, 0x61, 0x45, 0x7a,
  0x65, 0x8a, 0x45, 0x8a, 0xe3, 0x79, 0x41, 0x61, 0xa0, 0x40, 0xa0, 0x38, 0xa0, 0x38, 0x80, 0x38,
  0xc0, 0x50, 0x62, 0x71, 0x44, 0x92, 0xc5, 0xb2, 0x45, 0xcb, 0x26, 0xec, 0x89, 0xf5, 0x77, 0xff,
  0xfe, 0xff, 0xd5, 0xff, 0x0e, 0xff, 0xc9, 0xec, 0xc7, 0xd3, 0x67, 0xbb, 0x48, 0xab, 0x68, 0xab,
  0xa9, 0xb3, 0x4b, 0xcc, 0x8c, 0xd4, 0x0b, 0xc4, 0xcb, 0xbb, 0xaa, 0xbb, 0xa6, 0xa2, 0xc2, 0x89,
  0xa2, 0x89, 0xa1, 0x89, 0x81, 0x89, 0x81, 0x81, 0x86, 0x92, 0x66, 0x8a, 0xa4, 0x71, 0xc4, 0x71,
  0xc4, 0x71, 0xa8, 0x92, 0x05, 0x7a, 0xe4, 0x79, 0x05, 0x7a, 0x25, 0x82, 0x45, 0x9a, 0x65, 0xaa,
  0x67, 0xd3, 0x4c, 0xfe, 0xcf, 0xff, 0xef, 0xff, 0xaf, 0xff, 0x6a, 0xed, 0xe5, 0xc2, 0x85, 0xaa,
  0x65, 0x9a, 0x46, 0x92, 0x45, 0x8a, 0x45, 0x8a, 0x45, 0x8a, 0x45, 0x8a, 0x25, 0x8a, 0xa4, 0xa2,
  0x27, 0xd4, 0x42, 0xa2, 0x01, 0xa2, 0x22, 0xa2, 0x23, 0x9a, 0x41, 0x71, 0x80, 0x48, 0xa0, 0x48,
  0xa0, 0x50, 0xa0, 0x50, 0xa0, 0x50, 0xa0, 0x50, 0xa0, 0x50, 0xc0, 0x60, 0xa2, 0x81, 0xc2, 0x89,
  0xa2, 0x89, 0xc2, 0x89, 0xc2, 0x89, 0xc2, 0x89, 0xa2, 0x89, 0xa2, 0x81, 0x82, 0x81, 0x61, 0x81,
  0x61, 0x81, 0x61, 0x81, 0x61, 0x81, 0x81, 0x89, 0x81, 0x89, 0xa1, 0x91, 0xa1, 0x91, 0xc1, 0x91,
  0xc1, 0x99, 0xc1, 0x99, 0x42, 0xb2, 0xab, 0xdc, 0xda, 0xff, 0xfb, 0xff, 0xfc, 0xff, 0xd1, 0xed,
  0x82, 0xb2, 0xe1, 0x99, 0xa2, 0x91, 0xc2, 0x91, 0xc2, 0x91, 0xc2, 0x91, 0xe2, 0x91, 0x03, 0x9a,
  0x43, 0xa2, 0x84, 0xa2, 0x84, 0xaa, 0xa5, 0xaa, 0xc5, 0xaa, 0xc5, 0xb2, 0xc5, 0xb2, 0xc5, 0xb2,
  0xc4, 0xb2, 0xc5, 0xb2, 0xe5, 0xb2, 0x05, 0xbb, 0x05, 0xbb, 0x46, 0xc3, 0x66, 0xcb, 0xa7, 0xd3,
  0xc7, 0xd3, 0xe7, 0xd3, 0xe7, 0xdb, 0x07, 0xe4, 0x67, 0xf4, 0xc8, 0xfc, 0xe7, 0xfc, 0x27, 0xfd,
  0x22, 0x51, 0x22, 0x51, 0x23, 0x51, 0x22, 0x51, 0x63, 0x61, 0xa4, 0x69, 0x84, 0x61, 0x63, 0x51,
  0x64, 0x51, 0x84, 0x51, 0xa4, 0x51, 0xa5, 0x51, 0xc5, 0x59, 0xc5, 0x59, 0xc5, 0x59, 0xc5, 0x59,
  0xc5, 0x59, 0xc5, 0x69, 0x25, 0x82, 0x25, 0x82, 0x04, 0x72, 0xa3, 0x59, 0xc4, 0x61, 0xe5, 0x69,
  0xc4, 0x69, 0x05, 0x72, 0x46, 0x8a, 0xc4, 0x79, 0xe1, 0x50, 0xc1, 0x40, 0xa0, 0x40, 0xc0, 0x40,
  0x20, 0x61, 0xe3, 0x79, 0x64, 0x92, 0xc4, 0xaa, 0x46, 0xcb, 0x68, 0xec, 0x8b, 0xed, 0x57, 0xff,
  0xfe, 0xff, 0xfa, 0xff, 0xd7, 0xff, 0xf5, 0xf6, 0x75, 0xf6, 0x96, 0xee, 0x97, 0xee, 0x97, 0xee,
  0xb7, 0xf6, 0x76, 0xf6, 0xd3, 0xed, 0x10, 0xd5, 0x6d, 0xc4, 0x89, 0xb3, 0x44, 0x9a, 0xa2, 0x89,
  0xa1, 0x89, 0xa1, 0x89, 0xa1, 0x89, 0x81, 0x89, 0x81, 0x81, 0x66, 0x92, 0x87, 0x92, 0xc4, 0x71,
  0xa4, 0x69, 0x46, 0x82, 0x67, 0x8a, 0xc4, 0x71, 0xe5, 0x79, 0x05, 0x82, 0x45, 0x9a, 0x65, 0xaa,
  0xe5, 0xba, 0xaa, 0xed, 0xd0, 0xff, 0xef, 0xff, 0xef, 0xff, 0xce, 0xfe, 0xe7, 0xd3, 0xa5, 0xaa,
  0x65, 0x9a, 0x46, 0x92, 0x65, 0x8a, 0x45, 0x8a, 0x45, 0x8a, 0x45, 0x8a, 0x25, 0x8a, 0x44, 0x9a,
  0x26, 0xd4, 0x42, 0xaa, 0x02, 0xa2, 0x03, 0x9a, 0x21, 0x69, 0x80, 0x48, 0xa0, 0x48, 0xa0, 0x48,
  0xa0, 0x48, 0xa0, 0x50, 0xa0, 0x50, 0xa0, 0x50, 0xa0, 0x50, 0x01, 0x69, 0xc2, 0x81, 0xc2, 0x89,
  0xa2, 0x89, 0xa2, 0x89, 0xa2, 0x89, 0xa2, 0x81, 0xa2, 0x81, 0x82, 0x81, 0x82, 0x81, 0x61, 0x81,
  0x61, 0x81, 0x61, 0x81, 0x61, 0x81, 0x61, 0x89, 0x81, 0x89, 0x81, 0x89, 0x81, 0x91, 0x81, 0x91,
  0x81, 0x91, 0xa1, 0x91, 0x22, 0xaa, 0x29, 0xd4, 0xd9, 0xff, 0xfb, 0xff, 0xfc, 0xff, 0xd6, 0xf6,
  0x04, 0xc3, 0xe1, 0xa1, 0x82, 0x91, 0xa2, 0x91, 0xa2, 0x91, 0xa2, 0x91, 0xc2, 0x91, 0xe2, 0x99,
  0x02, 0x9a, 0x43, 0xa2, 0x63, 0xa2, 0x84, 0xa2, 0xa4, 0xaa, 0x84, 0xaa, 0x84, 0xaa, 0xa4, 0xaa,
  0xa4, 0xb2, 0xc4, 0xb2, 0xc4, 0xb2, 0xe5, 0xba, 0x05, 0xbb, 0x25, 0xc3, 0x46, 0xc3, 0x66, 0xcb,
  0xa7, 0xcb, 0xc7, 0xd3, 0xc8, 0xd3, 0xe7, 0xdb, 0x27, 0xec, 0xa8, 0xfc, 0xc7, 0xfc, 0x08, 0xfd,
  0x42, 0x59, 0x22, 0x51, 0x22, 0x51, 0x22, 0x51, 0x22, 0x59, 0x63, 0x61, 0xa4, 0x61, 0x84, 0x59,
  0x63, 0x51, 0x64, 0x49, 0x84, 0x49, 0x84, 0x51, 0xa5, 0x51, 0xa5, 0x51, 0xa5, 0x51, 0xc5, 0x59,
  0xc5, 0x51, 0xe5, 0x69, 0x25, 0x82, 0x24, 0x82, 0x04, 0x7a, 0xa4, 0x61, 0xa4, 0x61, 0xc5, 0x69,
  0xc5, 0x69, 0xe5, 0x69, 0x05, 0x72, 0x05, 0x82, 0x83, 0x69, 0xe0, 0x48, 0x80, 0x40, 0xe0, 0x48,
  0xa2, 0x61, 0xe7, 0x8a, 0xcc, 0xab, 0xcf, 0xc4, 0x14, 0xe6, 0x38, 0xff, 0xbb, 0xff, 0xfd, 0xff,
  0xfe, 0xff, 0xfe, 0xff, 0xfe, 0xff, 0xfc, 0xff, 0x7a, 0xff, 0xd8, 0xee, 0xf5, 0xe5, 0x0f, 0xdd,
  0xac, 0xdc, 0x4a, 0xd4, 0x88, 0xbb, 0xe6, 0x9a, 0xa5, 0x92, 0xe2, 0x89, 0xa2, 0x89, 0xa2, 0x89,
  0x81, 0x89, 0x81, 0x89, 0x81, 0x89, 0x81, 0x89, 0x81, 0x89, 0x61, 0x81, 0x45, 0x92, 0xc8, 0x9a,
  0xc4, 0x71, 0xc3, 0x71, 0xa7, 0x92, 0x05, 0x7a, 0xe5, 0x79, 0xe5, 0x79, 0x25, 0x92, 0x65, 0xa2,
  0x84, 0xb2, 0xa6, 0xcb, 0x2c, 0xf6, 0x0d, 0xff, 0xed, 0xfe, 0x0c, 0xfe, 0x28, 0xdc, 0xc5, 0xb2,
  0x65, 0xa2, 0x66, 0x92, 0x65, 0x92, 0x45, 0x8a, 0x45, 0x8a, 0x45, 0x8a, 0x25, 0x8a, 0x24, 0x92,
  0x06, 0xcc, 0x83, 0xaa, 0xc3, 0x91, 0xe1, 0x60, 0x80, 0x48, 0xa0, 0x48, 0xa0, 0x48, 0xa0, 0x48,
  0xa0, 0x48, 0xa0, 0x48, 0xa0, 0x48, 0xa0, 0x50, 0x80, 0x50, 0x62, 0x71, 0xe2, 0x89, 0xc2, 0x89,
  0xc2, 0x89, 0xa2, 0x81, 0xa2, 0x81, 0xa1, 0x81, 0xa2, 0x81, 0x82, 0x81, 0x82, 0x81, 0x61, 0x81,
  0x61, 0x81, 0x61, 0x81, 0x61, 0x81, 0x61, 0x81, 0x81, 0x89, 0x81, 0x89, 0x61, 0x89, 0x60, 0x89,
  0x61, 0x89, 0x81, 0x91, 0xc1, 0x99, 0xc8, 0xc3, 0xb9, 0xff, 0xfb, 0xff, 0xfc, 0xff, 0xb9, 0xff,
  0xe8, 0xd3, 0xe1, 0xa9, 0x82, 0x99, 0x81, 0x91, 0xa1, 0x99, 0xa2, 0x99, 0xc2, 0x99, 0xc2, 0x99,
  0xe2, 0x99, 0x42, 0xa2, 0x63, 0xaa, 0x83, 0xaa, 0xa4, 0xb2, 0xa4, 0xb2, 0xc4, 0xb2, 0xc4, 0xba,
  0xe4, 0xba, 0xe4, 0xc2, 0x05, 0xc3, 0x25, 0xc3, 0x25, 0xcb, 0x46, 0xcb, 0x46, 0xc3, 0x66, 0xc3,
  0x86, 0xcb, 0x87, 0xcb, 0xa7, 0xcb, 0xa8, 0xd3, 0xe7, 0xe3, 0x67, 0xf4, 0x87, 0xfc, 0xe7, 0xfc,
  0x23, 0x51, 0x43, 0x59, 0x63, 0x59, 0x43, 0x59, 0x22, 0x51, 0x02, 0x51, 0x43, 0x59, 0xa4, 0x61,
  0x84, 0x59, 0x63, 0x49, 0x64, 0x49, 0x84, 0x49, 0x84, 0x49, 0xa4, 0x51, 0xa5, 0x51, 0xa5, 0x51,
  0xa5, 0x51, 0xe6, 0x69, 0x05, 0x82, 0x04, 0x82, 0x04, 0x82, 0xe4, 0x71, 0xc4, 0x69, 0xc4, 0x69,
  0xc5, 0x69, 0xe5, 0x69, 0xe5, 0x69, 0x05, 0x72, 0x86, 0x8a, 0x07, 0x83, 0xea, 0x9b, 0xee, 0xac,
  0x75, 0xde, 0x5a, 0xf7, 0xbc, 0xff, 0xfe, 0xff, 0xfd, 0xff, 0xbc, 0xff, 0x7b, 0xff, 0x9b, 0xff,
  0xfe, 0xff, 0xdc, 0xff, 0xd4, 0xfe, 0x6d, 0xed, 0x29, 0xcc, 0x87, 0xb3, 0x06, 0xab, 0xe6, 0xaa,
  0x27, 0xb3, 0x86, 0xc3, 0x67, 0xc3, 0xe6, 0xaa, 0x85, 0x9a, 0xe3, 0x91, 0xc2, 0x89, 0xa2, 0x89,
  0x81, 0x89, 0x81, 0x89, 0x81, 0x89, 0x81, 0x89, 0x81, 0x89, 0x81, 0x89, 0x61, 0x81, 0x45, 0x8a,
  0xe7, 0x9a, 0xe4, 0x71, 0x45, 0x82, 0xa6, 0x8a, 0xc4, 0x71, 0xe5, 0x79, 0x05, 0x8a, 0x45, 0x9a,
  0x85, 0xaa, 0xa5, 0xba, 0x86, 0xd3, 0xca, 0xec, 0x0a, 0xf5, 0x89, 0xe4, 0x66, 0xcb, 0xa5, 0xb2,
  0x65, 0xa2, 0x65, 0x9a, 0x65, 0x9a, 0x66, 0x9a, 0x45, 0x92, 0x45, 0x8a, 0x45, 0x8a, 0x03, 0x92,
  0xc6, 0xcb, 0x43, 0x92, 0xa0, 0x58, 0x60, 0x48, 0xa0, 0x48, 0xa0, 0x48, 0xa0, 0x48, 0xa0, 0x48,
  0xa0, 0x48, 0xa0, 0x48, 0xa0, 0x48, 0xa0, 0x50, 0xa0, 0x58, 0xa2, 0x81, 0xc2, 0x89, 0xc2, 0x81,
  0xc2, 0x81, 0xc2, 0x81, 0xa2, 0x81, 0xa2, 0x81, 0xa2, 0x81, 0x82, 0x81, 0x82, 0x81, 0x82, 0x81,
  0x61, 0x81, 0x61, 0x81, 0x61, 0x81, 0x61, 0x81, 0x81, 0x89, 0x61, 0x89, 0x61, 0x89, 0x61, 0x89,
  0x61, 0x89, 0x61, 0x89, 0xc1, 0x99, 0x87, 0xc3, 0x78, 0xff, 0xfc, 0xff, 0xfb, 0xff, 0xfb, 0xff,
  0x0d, 0xe5, 0x82, 0xc2, 0x23, 0xaa, 0x23, 0xaa, 0x23, 0xaa, 0x43, 0xb2, 0x43, 0xb2, 0x63, 0xb2,
  0x83, 0xba, 0xc3, 0xc2, 0xe4, 0xc2, 0x05, 0xcb, 0x45, 0xcb, 0x86, 0xcb, 0xa6, 0xd3, 0xc7, 0xd3,
  0xc7, 0xd3, 0xc7, 0xdb, 0xe8, 0xdb, 0xe8, 0xd3, 0x09, 0xd4, 0x29, 0xd4, 0x29, 0xd4, 0x87, 0xc3,
  0x66, 0xc3, 0x67, 0xc3, 0x87, 0xcb, 0x87, 0xcb, 0xa7, 0xdb, 0x27, 0xec, 0x66, 0xf4, 0xc7, 0xf4
#endif
};

const lv_img_dsc_t dianjuren1 = {
  {
    LV_IMG_CF_TRUE_COLOR,  // cf (color format)
    0,                            // always_zero
    0,                            // reserved
    160,                          // w (width)
    160                           // h (height)
  },
  25600 * LV_COLOR_SIZE / 8,  // data_size
  dianjuren1_map,                      // data
};