/**
 * gaoda - LVGL图片数据
 *
 * 尺寸: 160x160px
 * 格式: RGB565 (16-bit color)
 *
 * 由图片转C数组工具生成
 */

#include <lvgl.h>

#ifndef LV_ATTRIBUTE_MEM_ALIGN
#define LV_ATTRIBUTE_MEM_ALIGN
#endif

#ifndef LV_ATTRIBUTE_IMG_GAODA
#define LV_ATTRIBUTE_IMG_GAODA
#endif

const LV_ATTRIBUTE_MEM_ALIGN LV_ATTRIBUTE_LARGE_CONST LV_ATTRIBUTE_IMG_GAODA uint8_t gaoda_map[] = {
#if LV_COLOR_DEPTH == 16 && LV_COLOR_16_SWAP == 0
  /*Pixel format: Red: 5 bit, Green: 6 bit, Blue: 5 bit*/
  0xed, 0x01, 0xcc, 0x01, 0xcc, 0x01, 0xcc, 0x01, 0xcd, 0x01, 0xed, 0x01, 0xed, 0x01, 0xcd, 0x01,
  0xcc, 0x09, 0xac, 0x09, 0xac, 0x09, 0x8b, 0x09, 0xab, 0x19, 0xae, 0x52, 0xd1, 0x83, 0xb4, 0xa4,
  0x95, 0xb5, 0x96, 0xb5, 0x95, 0xb5, 0x96, 0xb5, 0x96, 0xb5, 0x96, 0xb5, 0x96, 0xb5, 0xb6, 0xb5,
  0xb6, 0xb5, 0xd6, 0xbd, 0xd6, 0xbd, 0xf7, 0xbd, 0xf7, 0xbd, 0xf7, 0xbd, 0xf7, 0xbd, 0xf7, 0xbd,
  0xf7, 0xbd, 0xf7, 0xbd, 0xf7, 0xbd, 0xf7, 0xbd, 0x17, 0xc6, 0x17, 0xc6, 0x17, 0xc6, 0x17, 0xc6,
  0xf7, 0xbd, 0xf7, 0xbd, 0xf7, 0xbd, 0xf7, 0xbd, 0xf7, 0xbd, 0xd6, 0xbd, 0xf7, 0xbd, 0x58, 0xce,
  0xba, 0xd6, 0xfa, 0xde, 0x1b, 0xe7, 0x1b, 0xe7, 0xfb, 0xde, 0xfb, 0xde, 0xfb, 0xde, 0xfb, 0xde,
  0xfb, 0xde, 0xfb, 0xde, 0x1b, 0xe7, 0x5c, 0xe7, 0x9d, 0xef, 0xbe, 0xf7, 0xde, 0xff, 0xde, 0xff,
  0xbe, 0xf7, 0xbe, 0xf7, 0x5c, 0xef, 0x3c, 0xe7, 0x3c, 0xe7, 0x3b, 0xe7, 0x1b, 0xe7, 0xfb, 0xde,
  0xfb, 0xde, 0xfb, 0xde, 0xfb, 0xde, 0xfa, 0xde, 0xda, 0xde, 0xda, 0xde, 0xda, 0xde, 0xda, 0xde,
  0xda, 0xde, 0xda, 0xd6, 0xda, 0xde, 0xda, 0xde, 0xfb, 0xde, 0x5c, 0xef, 0xde, 0xf7, 0xff, 0xff,
  0xff, 0xff, 0xff, 0xff, 0xbe, 0xf7, 0x5c, 0xe7, 0x3b, 0xe7, 0x1b, 0xe7, 0x1b, 0xe7, 0x1b, 0xe7,
  0xfb, 0xde, 0xfa, 0xde, 0xda, 0xde, 0xba, 0xd6, 0xba, 0xd6, 0xda, 0xd6, 0xda, 0xd6, 0xda, 0xde,
  0xda, 0xd6, 0xda, 0xd6, 0xda, 0xd6, 0xda, 0xd6, 0xda, 0xde, 0xda, 0xde, 0xfb, 0xde, 0x1b, 0xe7,
  0x5c, 0xef, 0x7d, 0xef, 0x7d, 0xef, 0x5d, 0xef, 0x1c, 0xe7, 0x1b, 0xe7, 0x1b, 0xe7, 0x1b, 0xe7,
  0xfb, 0xde, 0xfb, 0xde, 0xfb, 0xde, 0xfb, 0xde, 0xfb, 0xde, 0xda, 0xde, 0xda, 0xde, 0xda, 0xde,
  0xda, 0xde, 0xda, 0xde, 0xda, 0xd6, 0xba, 0xd6, 0xba, 0xd6, 0xba, 0xd6, 0xba, 0xd6, 0x99, 0xd6,
  0x99, 0xd6, 0x79, 0xce, 0x79, 0xce, 0x79, 0xce, 0x99, 0xd6, 0xba, 0xd6, 0xba, 0xd6, 0xba, 0xd6,
  0xba, 0xd6, 0xba, 0xd6, 0xba, 0xd6, 0xba, 0xd6, 0x99, 0xce, 0x38, 0xc6, 0xd7, 0xbd, 0xd4, 0x9c,
  0xb1, 0x6b, 0x6d, 0x32, 0xcb, 0x01, 0xec, 0x01, 0xed, 0x01, 0xed, 0x01, 0xed, 0x01, 0xcc, 0x09,
  0xed, 0x01, 0xcc, 0x01, 0xac, 0x01, 0xac, 0x01, 0xcd, 0x01, 0xcc, 0x01, 0xed, 0x01, 0xcd, 0x01,
  0xcc, 0x09, 0xac, 0x09, 0xac, 0x09, 0xab, 0x09, 0xab, 0x19, 0xae, 0x52, 0xd2, 0x83, 0xd4, 0xa4,
  0x95, 0xb5, 0xb6, 0xb5, 0xb6, 0xb5, 0xd6, 0xb5, 0xd6, 0xb5, 0xd6, 0xb5, 0xd6, 0xbd, 0xd6, 0xbd,
  0xd7, 0xbd, 0xd7, 0xbd, 0xf7, 0xbd, 0xf7, 0xbd, 0x17, 0xc6, 0x17, 0xc6, 0x17, 0xc6, 0x17, 0xbe,
  0xf7, 0xbd, 0xf7, 0xbd, 0xf7, 0xbd, 0xf7, 0xbd, 0x17, 0xc6, 0x17, 0xc6, 0x17, 0xc6, 0x17, 0xc6,
  0xf7, 0xbd, 0xf7, 0xbd, 0xf6, 0xbd, 0xf7, 0xbd, 0xd6, 0xbd, 0xd6, 0xbd, 0xf7, 0xbd, 0x58, 0xce,
  0x99, 0xd6, 0xda, 0xde, 0xfb, 0xde, 0xfb, 0xde, 0xfb, 0xde, 0xfa, 0xde, 0xfa, 0xde, 0xfb, 0xde,
  0xfb, 0xde, 0xfb, 0xde, 0x1b, 0xe7, 0x1b, 0xe7, 0x5c, 0xe7, 0x7d, 0xef, 0x9d, 0xf7, 0xbd, 0xf7,
  0x9d, 0xf7, 0x5d, 0xef, 0x3c, 0xe7, 0x3c, 0xe7, 0x3c, 0xe7, 0x3c, 0xe7, 0x1b, 0xe7, 0x1b, 0xe7,
  0x1b, 0xdf, 0xfb, 0xde, 0xfb, 0xde, 0xfb, 0xde, 0xfa, 0xde, 0xda, 0xde, 0xda, 0xde, 0xda, 0xde,
  0xda, 0xde, 0xda, 0xde, 0xda, 0xde, 0xda, 0xde, 0xda, 0xde, 0xfb, 0xde, 0x3b, 0xe7, 0x5c, 0xef,
  0x5c, 0xef, 0x7c, 0xef, 0x5c, 0xe7, 0x3b, 0xe7, 0x3c, 0xe7, 0x3c, 0xe7, 0x3c, 0xe7, 0x3c, 0xe7,
  0x1b, 0xe7, 0xfb, 0xde, 0xda, 0xde, 0xda, 0xde, 0xda, 0xde, 0xda, 0xde, 0xda, 0xde, 0xda, 0xde,
  0xda, 0xde, 0xda, 0xde, 0xda, 0xde, 0xda, 0xde, 0xda, 0xde, 0xfa, 0xde, 0xda, 0xde, 0xfb, 0xde,
  0xfb, 0xde, 0xfb, 0xde, 0x1b, 0xe7, 0x1b, 0xe7, 0x1c, 0xe7, 0x3c, 0xe7, 0x3c, 0xe7, 0x1c, 0xe7,
  0x1b, 0xe7, 0xfb, 0xde, 0xfb, 0xde, 0xfb, 0xde, 0xda, 0xde, 0xda, 0xde, 0xda, 0xd6, 0xba, 0xd6,
  0xda, 0xd6, 0xba, 0xd6, 0xba, 0xd6, 0xba, 0xd6, 0xba, 0xd6, 0xb9, 0xd6, 0x99, 0xd6, 0x99, 0xd6,
  0x99, 0xd6, 0x99, 0xce, 0x79, 0xce, 0x79, 0xce, 0x99, 0xd6, 0x99, 0xd6, 0x99, 0xd6, 0x99, 0xd6,
  0x99, 0xd6, 0xba, 0xd6, 0xb9, 0xd6, 0x99, 0xd6, 0x79, 0xce, 0x38, 0xc6, 0xb7, 0xbd, 0xd4, 0x94,
  0x90, 0x6b, 0x6d, 0x32, 0xab, 0x01, 0xec, 0x01, 0xec, 0x01, 0xec, 0x01, 0xcc, 0x01, 0xcb, 0x09,
  0xed, 0x01, 0xac, 0x01, 0xac, 0x01, 0xac, 0x01, 0xcc, 0x01, 0xed, 0x01, 0xed, 0x01, 0xed, 0x01,
  0xcd, 0x09, 0xcc, 0x09, 0xac, 0x09, 0xab, 0x09, 0xcb, 0x19, 0xce, 0x52, 0xf2, 0x83, 0xd4, 0xa4,
  0xb6, 0xb5, 0xd6, 0xbd, 0xd6, 0xbd, 0xd6, 0xbd, 0xd6, 0xbd, 0xd6, 0xbd, 0xd6, 0xbd, 0xf7, 0xbd,
  0xf7, 0xbd, 0xf7, 0xbd, 0xf7, 0xbd, 0x17, 0xc6, 0x17, 0xc6, 0x17, 0xc6, 0x17, 0xc6, 0x17, 0xbe,
  0xf7, 0xbd, 0xf7, 0xbd, 0xf7, 0xbd, 0xf7, 0xbd, 0x17, 0xc6, 0x17, 0xc6, 0x17, 0xc6, 0x17, 0xc6,
  0xf7, 0xbd, 0xf7, 0xbd, 0xf6, 0xbd, 0xd6, 0xbd, 0xd6, 0xbd, 0xd6, 0xb5, 0xf6, 0xbd, 0x38, 0xc6,
  0x99, 0xd6, 0xda, 0xde, 0xfb, 0xde, 0xfb, 0xde, 0xfb, 0xde, 0xfb, 0xde, 0xfb, 0xde, 0xfb, 0xde,
  0xfb, 0xde, 0xfb, 0xde, 0x1b, 0xdf, 0x1b, 0xe7, 0x1b, 0xe7, 0x3b, 0xe7, 0x3b, 0xe7, 0x3b, 0xe7,
  0x3c, 0xe7, 0x3c, 0xe7, 0x5c, 0xef, 0x5c, 0xe7, 0x3c, 0xe7, 0x3c, 0xe7, 0x3c, 0xe7, 0x1b, 0xe7,
  0x1b, 0xe7, 0x1b, 0xdf, 0xfb, 0xde, 0xfb, 0xde, 0xfb, 0xde, 0xfb, 0xde, 0xfa, 0xde, 0xda, 0xde,
  0xda, 0xde, 0xda, 0xde, 0xda, 0xde, 0xda, 0xde, 0xda, 0xde, 0xfa, 0xde, 0xfb, 0xde, 0x1b, 0xe7,
  0x1b, 0xe7, 0x3b, 0xe7, 0x3b, 0xe7, 0x3b, 0xe7, 0x3c, 0xe7, 0x3c, 0xe7, 0x3c, 0xe7, 0x3c, 0xe7,
  0x1b, 0xe7, 0xfb, 0xde, 0xda, 0xde, 0xba, 0xd6, 0xba, 0xd6, 0xba, 0xd6, 0xda, 0xd6, 0xda, 0xde,
  0xba, 0xd6, 0xba, 0xd6, 0xba, 0xd6, 0xda, 0xd6, 0xda, 0xd6, 0xda, 0xde, 0xda, 0xd6, 0xdb, 0xde,
  0xfb, 0xde, 0x1b, 0xdf, 0x1b, 0xe7, 0x1b, 0xe7, 0x1b, 0xe7, 0x1c, 0xe7, 0x1c, 0xe7, 0x1b, 0xe7,
  0xfb, 0xde, 0xdb, 0xde, 0xda, 0xde, 0xda, 0xde, 0xba, 0xd6, 0xb9, 0xd6, 0xb9, 0xd6, 0xb9, 0xd6,
  0x99, 0xd6, 0x99, 0xd6, 0x99, 0xd6, 0x99, 0xd6, 0x99, 0xd6, 0x99, 0xd6, 0x99, 0xce, 0x79, 0xce,
  0x79, 0xce, 0x79, 0xce, 0x79, 0xce, 0x78, 0xce, 0x79, 0xce, 0x99, 0xd6, 0x99, 0xce, 0x99, 0xd6,
  0x99, 0xd6, 0x99, 0xd6, 0x99, 0xd6, 0x99, 0xce, 0x79, 0xce, 0x38, 0xc6, 0xb6, 0xb5, 0xb3, 0x94,
  0x90, 0x6b, 0x4c, 0x32, 0x8a, 0x09, 0xcb, 0x01, 0xcc, 0x09, 0xcc, 0x09, 0xab, 0x09, 0xab, 0x09,
  0xed, 0x01, 0xac, 0x01, 0xab, 0x01, 0xab, 0x01, 0xac, 0x01, 0xcc, 0x01, 0xcd, 0x01, 0xcd, 0x01,
  0xcd, 0x09, 0xcc, 0x09, 0xcc, 0x09, 0xab, 0x09, 0xcb, 0x19, 0xef, 0x52, 0x12, 0x84, 0xf5, 0xac,
  0xb6, 0xb5, 0xd6, 0xbd, 0xd6, 0xbd, 0xf6, 0xbd, 0xd6, 0xbd, 0xd6, 0xbd, 0xf7, 0xbd, 0xf7, 0xbd,
  0xf7, 0xbd, 0xf7, 0xbd, 0xf7, 0xbd, 0x17, 0xbe, 0x17, 0xbe, 0x17, 0xbe, 0x17, 0xbe, 0xf7, 0xbd,
  0xf7, 0xbd, 0xf7, 0xbd, 0xf7, 0xbd, 0xf7, 0xbd, 0x17, 0xc6, 0x17, 0xc6, 0xf7, 0xbd, 0xf7, 0xbd,
  0xf7, 0xbd, 0xf7, 0xbd, 0xd6, 0xbd, 0xd6, 0xbd, 0xd6, 0xb5, 0xb6, 0xb5, 0xd6, 0xbd, 0x37, 0xc6,
  0x79, 0xce, 0xba, 0xd6, 0xda, 0xde, 0xda, 0xde, 0xda, 0xde, 0xda, 0xde, 0xda, 0xde, 0xda, 0xde,
  0xda, 0xde, 0xda, 0xde, 0xda, 0xde, 0xfb, 0xde, 0xfb, 0xde, 0x1b, 0xe7, 0x1b, 0xe7, 0x1b, 0xe7,
  0x3c, 0xe7, 0x3c, 0xe7, 0x5c, 0xe7, 0x3c, 0xe7, 0x3c, 0xe7, 0x3c, 0xe7, 0x1b, 0xe7, 0x1b, 0xe7,
  0xfb, 0xe6, 0xfb, 0xde, 0xfb, 0xde, 0xda, 0xde, 0xda, 0xde, 0xda, 0xde, 0xda, 0xde, 0xda, 0xde,
  0xda, 0xde, 0xda, 0xde, 0xda, 0xde, 0xda, 0xde, 0xda, 0xde, 0xda, 0xde, 0xfb, 0xde, 0x1b, 0xe7,
  0x1b, 0xe7, 0x3b, 0xe7, 0x3c, 0xe7, 0x3c, 0xe7, 0x3c, 0xe7, 0x3c, 0xe7, 0x3c, 0xe7, 0x1b, 0xe7,
  0xfb, 0xde, 0xda, 0xde, 0xba, 0xd6, 0xb9, 0xd6, 0x99, 0xd6, 0xb9, 0xd6, 0xba, 0xd6, 0xba, 0xd6,
  0xba, 0xd6, 0x9a, 0xd6, 0xba, 0xd6, 0xda, 0xd6, 0xdb, 0xde, 0xfb, 0xde, 0xfb, 0xde, 0xdb, 0xde,
  0xdb, 0xde, 0xfb, 0xde, 0x1b, 0xe7, 0x1b, 0xe7, 0x1b, 0xe7, 0x1b, 0xe7, 0x1b, 0xe7, 0xfb, 0xde,
  0xfb, 0xde, 0xda, 0xde, 0xda, 0xde, 0xda, 0xde, 0xba, 0xd6, 0xba, 0xd6, 0xba, 0xd6, 0x99, 0xd6,
  0x99, 0xd6, 0x99, 0xd6, 0x99, 0xd6, 0x99, 0xd6, 0x99, 0xd6, 0x79, 0xd6, 0x99, 0xce, 0x79, 0xce,
  0x79, 0xce, 0x58, 0xce, 0x58, 0xce, 0x58, 0xce, 0x79, 0xce, 0x79, 0xce, 0x99, 0xce, 0x99, 0xce,
  0x99, 0xce, 0x99, 0xce, 0x99, 0xd6, 0x79, 0xce, 0x59, 0xce, 0x38, 0xc6, 0xb6, 0xb5, 0xb3, 0x94,
  0x6f, 0x6b, 0x2c, 0x32, 0x6a, 0x09, 0x8a, 0x09, 0x8b, 0x11, 0xab, 0x09, 0xab, 0x09, 0x8b, 0x09,
  0xed, 0x01, 0xcc, 0x01, 0xac, 0x01, 0xac, 0x01, 0xac, 0x01, 0xcc, 0x09, 0xcc, 0x09, 0xcd, 0x09,
  0xcd, 0x09, 0xcc, 0x09, 0xcc, 0x09, 0xab, 0x09, 0xec, 0x19, 0xef, 0x52, 0x13, 0x8c, 0x15, 0xad,
  0xb6, 0xbd, 0xd6, 0xbd, 0xf6, 0xbd, 0xf6, 0xbd, 0xf6, 0xbd, 0xf6, 0xbd, 0xf7, 0xbd, 0xf7, 0xbd,
  0xf7, 0xbd, 0xf7, 0xbd, 0xf7, 0xbd, 0x17, 0xbe, 0x17, 0xbe, 0x17, 0xbe, 0x17, 0xbe, 0xf7, 0xbd,
  0xf7, 0xbd, 0xf7, 0xbd, 0xf7, 0xbd, 0xf7, 0xbd, 0x17, 0xc6, 0x17, 0xc6, 0xf7, 0xbd, 0xf7, 0xbd,
  0xd6, 0xbd, 0xd6, 0xbd, 0xf6, 0xbd, 0xd6, 0xb5, 0xb6, 0xb5, 0xb6, 0xb5, 0xb6, 0xb5, 0x17, 0xc6,
  0x78, 0xce, 0x99, 0xd6, 0xda, 0xd6, 0xda, 0xde, 0xda, 0xde, 0xda, 0xd6, 0xda, 0xde, 0xda, 0xde,
  0xda, 0xde, 0xda, 0xde, 0xda, 0xde, 0xfb, 0xde, 0xfb, 0xde, 0xfb, 0xde, 0x1b, 0xe7, 0x3c, 0xe7,
  0x3c, 0xe7, 0x3c, 0xe7, 0x3c, 0xe7, 0x3c, 0xe7, 0x1b, 0xe7, 0x1b, 0xe7, 0x1b, 0xe7, 0x1b, 0xe7,
  0x1b, 0xe7, 0xfb, 0xe6, 0xfa, 0xde, 0xfb, 0xde, 0xfa, 0xde, 0xda, 0xde, 0xda, 0xde, 0xda, 0xde,
  0xda, 0xde, 0xda, 0xde, 0xda, 0xde, 0xda, 0xde, 0xfa, 0xde, 0xfb, 0xde, 0xfb, 0xde, 0x1b, 0xe7,
  0x1b, 0xe7, 0x3b, 0xe7, 0x3c, 0xe7, 0x3c, 0xe7, 0x3c, 0xe7, 0x1b, 0xe7, 0x3b, 0xe7, 0x1b, 0xe7,
  0xfb, 0xde, 0xda, 0xd6, 0xba, 0xd6, 0xba, 0xd6, 0x99, 0xd6, 0xba, 0xd6, 0xba, 0xd6, 0xba, 0xd6,
  0x99, 0xd6, 0x79, 0xd6, 0x9a, 0xd6, 0xdb, 0xd6, 0x1c, 0xdf, 0x3c, 0xe7, 0x3c, 0xe7, 0x1c, 0xdf,
  0xfb, 0xde, 0xfb, 0xde, 0x1b, 0xe7, 0x1b, 0xe7, 0x3c, 0xe7, 0x1b, 0xe7, 0xfb, 0xde, 0xda, 0xde,
  0xda, 0xde, 0xba, 0xde, 0xda, 0xde, 0xda, 0xde, 0xba, 0xd6, 0xba, 0xd6, 0xb9, 0xd6, 0x99, 0xd6,
  0xb9, 0xd6, 0xba, 0xd6, 0xb9, 0xd6, 0xb9, 0xd6, 0x99, 0xd6, 0x99, 0xd6, 0x99, 0xce, 0x79, 0xce,
  0x58, 0xce, 0x58, 0xc6, 0x58, 0xc6, 0x58, 0xc6, 0x58, 0xce, 0x79, 0xce, 0x99, 0xce, 0x99, 0xce,
  0x99, 0xce, 0x99, 0xce, 0x99, 0xd6, 0x79, 0xce, 0x58, 0xce, 0x18, 0xc6, 0xb6, 0xb5, 0xb3, 0x94,
  0x4f, 0x63, 0x0b, 0x32, 0x69, 0x09, 0x69, 0x09, 0x8a, 0x11, 0x8a, 0x09, 0x8a, 0x09, 0x8a, 0x11,
  0x0e, 0x02, 0xcd, 0x01, 0xac, 0x01, 0xac, 0x01, 0xac, 0x01, 0xac, 0x09, 0xac, 0x09, 0xcc, 0x09,
  0xcc, 0x09, 0xcc, 0x09, 0xac, 0x09, 0xab, 0x09, 0xcc, 0x21, 0xef, 0x5a, 0x33, 0x8c, 0x15, 0xad,
  0xd6, 0xbd, 0xf6, 0xbd, 0xf7, 0xbd, 0xf7, 0xbd, 0xf7, 0xbd, 0xf7, 0xbd, 0xf7, 0xbd, 0xf7, 0xbd,
  0xf7, 0xbd, 0xf7, 0xbd, 0xf7, 0xbd, 0x17, 0xbe, 0x17, 0xbe, 0x17, 0xbe, 0x17, 0xbe, 0xf7, 0xbd,
  0xf7, 0xbd, 0xf7, 0xbd, 0xf7, 0xbd, 0xf7, 0xbd, 0x17, 0xc6, 0x17, 0xbe, 0xf7, 0xbd, 0x58, 0xce,
  0xba, 0xd6, 0x17, 0xc6, 0xb6, 0xb5, 0xb6, 0xb5, 0xb6, 0xb5, 0xb6, 0xb5, 0xb6, 0xb5, 0x17, 0xc6,
  0x58, 0xce, 0x99, 0xd6, 0xba, 0xd6, 0xba, 0xd6, 0xba, 0xd6, 0xba, 0xd6, 0xba, 0xd6, 0xba, 0xd6,
  0xda, 0xde, 0xda, 0xde, 0xfa, 0xde, 0xfb, 0xde, 0x1b, 0xe7, 0x1b, 0xe7, 0x3b, 0xe7, 0x3c, 0xe7,
  0x3c, 0xe7, 0x3c, 0xe7, 0x3c, 0xe7, 0xfa, 0xde, 0xda, 0xde, 0xda, 0xde, 0xda, 0xde, 0xda, 0xde,
  0xda, 0xde, 0xda, 0xde, 0xda, 0xde, 0xda, 0xde, 0xda, 0xde, 0xda, 0xde, 0xba, 0xd6, 0xba, 0xd6,
  0xba, 0xd6, 0xda, 0xd6, 0xda, 0xde, 0xda, 0xde, 0xda, 0xde, 0xfa, 0xde, 0xfb, 0xde, 0x1b, 0xdf,
  0x1b, 0xe7, 0x1b, 0xe7, 0x3b, 0xe7, 0x3b, 0xe7, 0x3b, 0xe7, 0x1b, 0xe7, 0x1b, 0xe7, 0x1b, 0xe7,
  0xfb, 0xde, 0xda, 0xd6, 0xba, 0xd6, 0x99, 0xd6, 0x99, 0xd6, 0xba, 0xd6, 0xba, 0xd6, 0xb9, 0xd6,
  0x79, 0xce, 0x79, 0xce, 0x9a, 0xce, 0xdb, 0xd6, 0x3c, 0xdf, 0x5d, 0xe7, 0x5d, 0xe7, 0x5c, 0xe7,
  0x1b, 0xdf, 0x1b, 0xdf, 0x1b, 0xe7, 0x3c, 0xe7, 0x1c, 0xe7, 0xfb, 0xe6, 0xda, 0xde, 0xba, 0xde,
  0x99, 0xd6, 0x99, 0xd6, 0xba, 0xd6, 0xba, 0xd6, 0xba, 0xd6, 0xba, 0xd6, 0xb9, 0xd6, 0x99, 0xd6,
  0xba, 0xd6, 0xb9, 0xce, 0xb9, 0xce, 0x99, 0xce, 0x99, 0xce, 0x99, 0xce, 0x79, 0xce, 0x79, 0xce,
  0x58, 0xce, 0x38, 0xc6, 0x38, 0xc6, 0x38, 0xc6, 0x58, 0xce, 0x79, 0xce, 0x99, 0xce, 0x99, 0xce,
  0x99, 0xce, 0x99, 0xce, 0x99, 0xd6, 0x79, 0xce, 0x58, 0xce, 0x18, 0xc6, 0xb6, 0xb5, 0x93, 0x94,
  0x4f, 0x63, 0x0a, 0x32, 0x69, 0x11, 0x69, 0x11, 0x69, 0x11, 0x8a, 0x11, 0x8a, 0x11, 0x8a, 0x11,
  0x0e, 0x02, 0xed, 0x01, 0xcc, 0x01, 0xac, 0x01, 0x8c, 0x09, 0xab, 0x09, 0xac, 0x09, 0xac, 0x09,
  0xac, 0x09, 0xac, 0x09, 0xac, 0x09, 0x8b, 0x09, 0xcc, 0x21, 0x10, 0x5b, 0x33, 0x8c, 0x15, 0xad,
  0xd6, 0xbd, 0xf6, 0xbd, 0xf7, 0xbd, 0xf7, 0xbd, 0xf7, 0xbd, 0xf7, 0xbd, 0xf7, 0xbd, 0xf7, 0xbd,
  0xf7, 0xbd, 0xf7, 0xbd, 0x17, 0xbe, 0x17, 0xbe, 0x17, 0xc6, 0x17, 0xbe, 0x17, 0xbe, 0xf7, 0xbd,
  0xf7, 0xbd, 0xf7, 0xbd, 0xf7, 0xbd, 0xf7, 0xbd, 0x17, 0xc6, 0x17, 0xbe, 0xf7, 0xbd, 0xf7, 0xbd,
  0x58, 0xce, 0xfb, 0xde, 0x99, 0xd6, 0xd6, 0xbd, 0x95, 0xb5, 0xb5, 0xb5, 0xb6, 0xb5, 0xf7, 0xbd,
  0x38, 0xc6, 0x79, 0xce, 0x99, 0xd6, 0x99, 0xd6, 0x99, 0xd6, 0x99, 0xd6, 0x99, 0xd6, 0x99, 0xd6,
  0xb9, 0xd6, 0xba, 0xd6, 0xda, 0xde, 0xfb, 0xde, 0x1b, 0xe7, 0x1b, 0xe7, 0x1b, 0xe7, 0x1c, 0xe7,
  0x1b, 0xe7, 0x1c, 0xe7, 0xfb, 0xe6, 0xba, 0xde, 0xba, 0xde, 0xb9, 0xde, 0xb9, 0xde, 0xb9, 0xde,
  0xb9, 0xde, 0xb9, 0xde, 0xba, 0xde, 0xda, 0xde, 0xda, 0xde, 0xda, 0xde, 0xb9, 0xd6, 0xb9, 0xd6,
  0xb9, 0xd6, 0xb9, 0xd6, 0xba, 0xd6, 0xba, 0xd6, 0xda, 0xd6, 0xda, 0xde, 0xfb, 0xde, 0x1b, 0xdf,
  0x1b, 0xe7, 0x1b, 0xe7, 0x3c, 0xe7, 0x3c, 0xe7, 0x1b, 0xe7, 0x1b, 0xe7, 0x1b, 0xe7, 0xfb, 0xde,
  0xfa, 0xde, 0xda, 0xde, 0xba, 0xd6, 0x99, 0xd6, 0x99, 0xd6, 0xba, 0xd6, 0xba, 0xd6, 0x99, 0xd6,
  0x38, 0xc6, 0x37, 0xc6, 0x79, 0xce, 0xfc, 0xd6, 0x5d, 0xe7, 0x7d, 0xe7, 0x9d, 0xef, 0x9d, 0xef,
  0x5c, 0xef, 0x1b, 0xe7, 0x1b, 0xe7, 0xda, 0xde, 0xba, 0xde, 0x99, 0xde, 0x79, 0xd6, 0x38, 0xce,
  0x38, 0xce, 0x58, 0xce, 0x99, 0xd6, 0xba, 0xd6, 0xb9, 0xd6, 0x99, 0xd6, 0x99, 0xd6, 0x99, 0xd6,
  0x9a, 0xd6, 0x99, 0xce, 0x79, 0xc6, 0x79, 0xc6, 0x79, 0xce, 0x79, 0xce, 0x79, 0xce, 0x79, 0xce,
  0x58, 0xce, 0x17, 0xc6, 0x38, 0xc6, 0x38, 0xc6, 0x58, 0xce, 0x79, 0xce, 0x99, 0xce, 0x99, 0xce,
  0x99, 0xd6, 0x99, 0xce, 0x99, 0xd6, 0x99, 0xce, 0x58, 0xce, 0x17, 0xc6, 0xb6, 0xb5, 0x93, 0x94,
  0x4f, 0x63, 0xea, 0x31, 0x69, 0x11, 0x69, 0x11, 0x69, 0x11, 0x69, 0x11, 0x8a, 0x11, 0x8a, 0x11,
  0x0f, 0x02, 0xee, 0x01, 0xcd, 0x01, 0xac, 0x01, 0xac, 0x09, 0x8c, 0x09, 0xac, 0x09, 0xac, 0x09,
  0xac, 0x09, 0xac, 0x09, 0x8b, 0x11, 0x8b, 0x09, 0xcc, 0x21, 0xf0, 0x5a, 0x33, 0x8c, 0x15, 0xad,
  0xb6, 0xbd, 0xf6, 0xbd, 0xf7, 0xbd, 0xf7, 0xbd, 0xf7, 0xbd, 0xf7, 0xbd, 0xf7, 0xbd, 0xf7, 0xbd,
  0xf7, 0xbd, 0x17, 0xbe, 0x17, 0xc6, 0x17, 0xc6, 0x17, 0xc6, 0x17, 0xc6, 0x17, 0xc6, 0xf7, 0xbd,
  0xf7, 0xbd, 0xf7, 0xbd, 0x17, 0xbe, 0x17, 0xc6, 0x17, 0xc6, 0x17, 0xc6, 0x17, 0xbe, 0xf7, 0xbd,
  0xf7, 0xbd, 0x38, 0xc6, 0xba, 0xde, 0x1b, 0xe7, 0x78, 0xce, 0xb6, 0xb5, 0x95, 0xb5, 0xd6, 0xbd,
  0x17, 0xc6, 0x38, 0xce, 0x79, 0xce, 0x79, 0xce, 0x79, 0xce, 0x79, 0xce, 0x79, 0xce, 0x99, 0xce,
  0x99, 0xd6, 0xb9, 0xd6, 0xba, 0xd6, 0xda, 0xde, 0xfb, 0xde, 0xfb, 0xde, 0xfb, 0xde, 0x1b, 0xdf,
  0x1b, 0xdf, 0xfb, 0xde, 0xda, 0xde, 0xba, 0xde, 0xda, 0xde, 0xfb, 0xe6, 0xfb, 0xe6, 0xfb, 0xe6,
  0x1b, 0xe7, 0x1a, 0xe7, 0xfb, 0xe6, 0xfa, 0xde, 0xd9, 0xde, 0xba, 0xde, 0xba, 0xd6, 0xba, 0xd6,
  0xba, 0xd6, 0x99, 0xd6, 0x99, 0xd6, 0xba, 0xd6, 0xba, 0xd6, 0xda, 0xde, 0xda, 0xde, 0xfb, 0xde,
  0x1b, 0xdf, 0x1b, 0xe7, 0x1c, 0xe7, 0x3c, 0xe7, 0x1c, 0xe7, 0x3b, 0xe7, 0x1b, 0xe7, 0x1b, 0xdf,
  0xfb, 0xde, 0xda, 0xde, 0xba, 0xd6, 0x99, 0xd6, 0x99, 0xd6, 0xba, 0xd6, 0xba, 0xd6, 0x79, 0xce,
  0xf7, 0xbd, 0xf7, 0xbd, 0x39, 0xc6, 0xfc, 0xce, 0x7e, 0xe7, 0x9e, 0xef, 0x7e, 0xef, 0x5c, 0xe7,
  0x1b, 0xe7, 0xba, 0xd6, 0x79, 0xd6, 0x99, 0xd6, 0xb9, 0xde, 0x38, 0xd6, 0xb6, 0xbd, 0x55, 0xb5,
  0x95, 0xbd, 0x17, 0xc6, 0x78, 0xce, 0xb9, 0xd6, 0x99, 0xd6, 0x99, 0xd6, 0x79, 0xce, 0x79, 0xce,
  0x79, 0xce, 0x59, 0xc6, 0x38, 0xbe, 0x58, 0xbe, 0x58, 0xc6, 0x58, 0xce, 0x59, 0xce, 0x79, 0xce,
  0x58, 0xc6, 0x37, 0xc6, 0x38, 0xc6, 0x38, 0xc6, 0x58, 0xce, 0x79, 0xce, 0x99, 0xce, 0x99, 0xce,
  0x99, 0xd6, 0x99, 0xd6, 0x99, 0xd6, 0x99, 0xd6, 0x58, 0xce, 0x18, 0xc6, 0x96, 0xb5, 0x92, 0x8c,
  0x2f, 0x63, 0xea, 0x29, 0x49, 0x11, 0x69, 0x11, 0x69, 0x11, 0x69, 0x11, 0x69, 0x11, 0x8a, 0x11,
  0x0e, 0x02, 0xee, 0x01, 0xed, 0x01, 0xcd, 0x01, 0xcd, 0x09, 0xcc, 0x09, 0xac, 0x09, 0xac, 0x09,
  0x8c, 0x09, 0x8c, 0x09, 0x8b, 0x11, 0x8b, 0x09, 0xab, 0x21, 0x0f, 0x5b, 0x33, 0x8c, 0x15, 0xb5,
  0xd6, 0xbd, 0xf7, 0xbd, 0xf7, 0xbd, 0xf7, 0xbd, 0xf7, 0xbd, 0xf7, 0xbd, 0xf7, 0xbd, 0xf7, 0xbd,
  0x17, 0xc6, 0x17, 0xc6, 0x17, 0xc6, 0x17, 0xc6, 0x38, 0xc6, 0x37, 0xc6, 0x17, 0xc6, 0x17, 0xc6,
  0x17, 0xc6, 0x17, 0xc6, 0x17, 0xc6, 0x17, 0xc6, 0x17, 0xc6, 0x17, 0xc6, 0x17, 0xbe, 0xf7, 0xbd,
  0xf7, 0xbd, 0xf7, 0xbd, 0x17, 0xc6, 0x79, 0xd6, 0x1b, 0xe7, 0xfb, 0xe6, 0x38, 0xce, 0xd6, 0xbd,
  0xf7, 0xbd, 0x38, 0xc6, 0x58, 0xce, 0x58, 0xce, 0x58, 0xce, 0x58, 0xce, 0x58, 0xce, 0x58, 0xce,
  0x79, 0xce, 0x79, 0xce, 0x99, 0xd6, 0xba, 0xd6, 0xda, 0xde, 0xda, 0xde, 0xfa, 0xde, 0xfb, 0xde,
  0xda, 0xde, 0xda, 0xd6, 0xba, 0xde, 0xb9, 0xde, 0xd6, 0xcd, 0x13, 0xcd, 0x33, 0xcd, 0xf2, 0xc4,
  0xf3, 0xc4, 0x33, 0xc5, 0x95, 0xd5, 0xd6, 0xd5, 0xd9, 0xde, 0xba, 0xd6, 0xba, 0xd6, 0xba, 0xd6,
  0xba, 0xd6, 0xba, 0xd6, 0x99, 0xd6, 0x99, 0xd6, 0x79, 0xce, 0x99, 0xd6, 0x99, 0xd6, 0xba, 0xd6,
  0xba, 0xd6, 0xda, 0xde, 0xfb, 0xde, 0x1c, 0xe7, 0x3c, 0xe7, 0x3c, 0xe7, 0x3c, 0xe7, 0x1b, 0xe7,
  0xfb, 0xde, 0xda, 0xde, 0xba, 0xd6, 0x99, 0xd6, 0x99, 0xd6, 0xba, 0xd6, 0xb9, 0xd6, 0x58, 0xce,
  0xd6, 0xbd, 0x95, 0xb5, 0xf7, 0xb5, 0xdb, 0xce, 0x3d, 0xe7, 0x1c, 0xdf, 0xfb, 0xde, 0x99, 0xd6,
  0x79, 0xce, 0x99, 0xd6, 0xda, 0xde, 0xba, 0xde, 0x38, 0xce, 0x96, 0xbd, 0xd3, 0xa4, 0x71, 0x9c,
  0xf3, 0xa4, 0xd6, 0xbd, 0x38, 0xc6, 0x79, 0xce, 0x99, 0xd6, 0x79, 0xce, 0x58, 0xce, 0x38, 0xc6,
  0x18, 0xbe, 0x17, 0xb6, 0xf7, 0xb5, 0xf7, 0xad, 0x17, 0xbe, 0x18, 0xc6, 0x38, 0xc6, 0x59, 0xce,
  0x38, 0xc6, 0x37, 0xc6, 0x38, 0xc6, 0x38, 0xc6, 0x58, 0xce, 0x79, 0xce, 0x99, 0xce, 0x99, 0xd6,
  0x99, 0xd6, 0x99, 0xd6, 0x99, 0xd6, 0x99, 0xd6, 0x59, 0xce, 0x18, 0xc6, 0x96, 0xb5, 0x72, 0x8c,
  0x2e, 0x63, 0xea, 0x29, 0x48, 0x11, 0x69, 0x11, 0x69, 0x11, 0x69, 0x11, 0x69, 0x11, 0x8a, 0x11,
  0xee, 0x01, 0xee, 0x01, 0xed, 0x01, 0xed, 0x01, 0xee, 0x01, 0xed, 0x01, 0xed, 0x09, 0xcd, 0x09,
  0xac, 0x09, 0xac, 0x09, 0xab, 0x11, 0x8b, 0x09, 0xcb, 0x21, 0x0f, 0x5b, 0x33, 0x94, 0x15, 0xb5,
  0xd7, 0xbd, 0xf7, 0xbd, 0x17, 0xbe, 0x17, 0xbe, 0xf7, 0xbd, 0xf7, 0xbd, 0x17, 0xbe, 0x17, 0xc6,
  0x17, 0xc6, 0x17, 0xc6, 0x38, 0xc6, 0x38, 0xc6, 0x38, 0xc6, 0x38, 0xc6, 0x38, 0xc6, 0x17, 0xc6,
  0x17, 0xc6, 0x17, 0xc6, 0x37, 0xc6, 0x38, 0xc6, 0x38, 0xc6, 0x38, 0xc6, 0x17, 0xc6, 0x17, 0xbe,
  0xf7, 0xbd, 0xf7, 0xbd, 0xd6, 0xbd, 0x17, 0xc6, 0x58, 0xce, 0xda, 0xde, 0x1b, 0xe7, 0xfa, 0xde,
  0x78, 0xce, 0x17, 0xc6, 0x38, 0xce, 0x58, 0xce, 0x58, 0xce, 0x58, 0xce, 0x58, 0xce, 0x58, 0xce,
  0x58, 0xce, 0x58, 0xce, 0x78, 0xce, 0x79, 0xce, 0x99, 0xd6, 0x99, 0xd6, 0xba, 0xd6, 0xba, 0xd6,
  0x99, 0xd6, 0x79, 0xce, 0xba, 0xde, 0xb6, 0xcd, 0x28, 0x9a, 0x66, 0x99, 0x45, 0x99, 0x46, 0x99,
  0x05, 0x99, 0x05, 0x99, 0x46, 0xa1, 0xe4, 0x88, 0x10, 0xb4, 0x1b, 0xdf, 0x9a, 0xd6, 0xba, 0xd6,
  0xba, 0xd6, 0xba, 0xd6, 0xba, 0xd6, 0xba, 0xd6, 0x79, 0xce, 0x37, 0xc6, 0x38, 0xc6, 0x58, 0xce,
  0x79, 0xce, 0x99, 0xd6, 0xda, 0xde, 0x3c, 0xe7, 0x5c, 0xef, 0x5c, 0xef, 0x5c, 0xef, 0x3c, 0xe7,
  0xfb, 0xde, 0xda, 0xde, 0xba, 0xd6, 0xba, 0xd6, 0x99, 0xd6, 0xba, 0xd6, 0x99, 0xd6, 0x38, 0xc6,
  0x17, 0xc6, 0x78, 0xce, 0xda, 0xde, 0xfb, 0xde, 0xba, 0xde, 0x99, 0xd6, 0x79, 0xce, 0xba, 0xd6,
  0x5c, 0xe7, 0x9d, 0xef, 0x5c, 0xef, 0xda, 0xde, 0xd6, 0xc5, 0x91, 0x9c, 0xcf, 0x8b, 0x8e, 0x83,
  0x71, 0x94, 0x74, 0xad, 0xf7, 0xbd, 0x58, 0xce, 0x79, 0xce, 0x58, 0xce, 0x37, 0xc6, 0xf7, 0xbd,
  0xd6, 0xb5, 0xb6, 0xad, 0x95, 0xa5, 0x95, 0xa5, 0xb6, 0xad, 0xd6, 0xbd, 0x17, 0xc6, 0x58, 0xce,
  0x38, 0xc6, 0x17, 0xc6, 0x17, 0xc6, 0x38, 0xc6, 0x58, 0xce, 0x79, 0xce, 0x99, 0xd6, 0x99, 0xd6,
  0x99, 0xd6, 0x99, 0xd6, 0x99, 0xd6, 0x99, 0xd6, 0x79, 0xce, 0x38, 0xc6, 0x96, 0xb5, 0x72, 0x8c,
  0x2e, 0x5b, 0xeb, 0x29, 0x49, 0x11, 0x69, 0x11, 0x69, 0x11, 0x69, 0x11, 0x8a, 0x11, 0x8a, 0x11,
  0xcc, 0x01, 0xed, 0x01, 0x0e, 0x02, 0x2e, 0x02, 0x2f, 0x02, 0x2f, 0x02, 0x0f, 0x02, 0xee, 0x01,
  0xed, 0x09, 0xcd, 0x09, 0xac, 0x11, 0xab, 0x09, 0xcc, 0x21, 0x10, 0x5b, 0x33, 0x94, 0x35, 0xb5,
  0xf7, 0xbd, 0x17, 0xc6, 0x17, 0xc6, 0x17, 0xbe, 0x17, 0xbe, 0x17, 0xbe, 0x17, 0xc6, 0x17, 0xc6,
  0x38, 0xc6, 0x38, 0xc6, 0x58, 0xc6, 0x58, 0xce, 0x58, 0xce, 0x58, 0xce, 0x58, 0xc6, 0x38, 0xc6,
  0x38, 0xc6, 0x38, 0xc6, 0x38, 0xc6, 0x58, 0xc6, 0x58, 0xc6, 0x58, 0xc6, 0x38, 0xc6, 0x17, 0xc6,
  0x17, 0xbe, 0xf7, 0xbd, 0xd6, 0xbd, 0xd6, 0xbd, 0xf7, 0xc5, 0x58, 0xce, 0x99, 0xde, 0xfa, 0xde,
  0x1b, 0xe7, 0xda, 0xde, 0x99, 0xd6, 0x58, 0xce, 0x58, 0xce, 0x58, 0xce, 0x58, 0xce, 0x58, 0xc6,
  0x58, 0xc6, 0x58, 0xc6, 0x58, 0xc6, 0x58, 0xce, 0x58, 0xce, 0x58, 0xce, 0x79, 0xce, 0x79, 0xce,
  0x78, 0xce, 0x58, 0xce, 0xfa, 0xde, 0xb2, 0xbc, 0x67, 0xa9, 0x6a, 0xca, 0x0c, 0xcb, 0xab, 0xd2,
  0xa5, 0xb0, 0x26, 0xb9, 0x4a, 0xc2, 0x29, 0xba, 0x4a, 0x9a, 0xfb, 0xe6, 0xba, 0xd6, 0xba, 0xd6,
  0xba, 0xd6, 0xba, 0xd6, 0xba, 0xd6, 0xba, 0xd6, 0x99, 0xd6, 0x17, 0xc6, 0x17, 0xc6, 0x38, 0xc6,
  0x79, 0xce, 0x9a, 0xd6, 0xdb, 0xde, 0x5c, 0xef, 0x7d, 0xef, 0x9d, 0xf7, 0x9d, 0xf7, 0x5c, 0xef,
  0xfb, 0xde, 0xda, 0xd6, 0xba, 0xd6, 0x99, 0xd6, 0xba, 0xd6, 0xda, 0xde, 0xda, 0xde, 0xfa, 0xde,
  0x1b, 0xe7, 0xfb, 0xde, 0xba, 0xd6, 0xb9, 0xd6, 0xb9, 0xd6, 0x99, 0xd6, 0xfb, 0xde, 0x9d, 0xef,
  0xbe, 0xf7, 0x9d, 0xef, 0x5c, 0xe7, 0xda, 0xde, 0xf7, 0xc5, 0xae, 0x83, 0x0c, 0x73, 0x2c, 0x73,
  0xef, 0x8b, 0x13, 0xa5, 0xd6, 0xbd, 0x38, 0xc6, 0x58, 0xce, 0x38, 0xc6, 0x17, 0xbe, 0xb6, 0xb5,
  0x75, 0xad, 0x54, 0xa5, 0x34, 0x9d, 0x33, 0x95, 0x75, 0xa5, 0xb6, 0xb5, 0xf7, 0xbd, 0x38, 0xc6,
  0x17, 0xc6, 0x17, 0xc6, 0x17, 0xc6, 0x38, 0xc6, 0x58, 0xce, 0x79, 0xce, 0x99, 0xd6, 0x99, 0xd6,
  0x99, 0xd6, 0x99, 0xd6, 0x99, 0xd6, 0x99, 0xd6, 0x79, 0xce, 0x38, 0xc6, 0x96, 0xb5, 0x52, 0x8c,
  0x2f, 0x5b, 0xeb, 0x29, 0x69, 0x11, 0x6a, 0x11, 0x6a, 0x11, 0x8a, 0x11, 0x8a, 0x11, 0xab, 0x11,
  0xab, 0x01, 0xcc, 0x01, 0xee, 0x01, 0x2f, 0x02, 0x50, 0x02, 0x50, 0x02, 0x50, 0x02, 0x2f, 0x02,
  0x2f, 0x02, 0x0e, 0x0a, 0xcd, 0x09, 0xac, 0x09, 0xed, 0x21, 0x30, 0x63, 0x54, 0x94, 0x35, 0xb5,
  0xf7, 0xc5, 0x17, 0xc6, 0x17, 0xc6, 0x17, 0xc6, 0x17, 0xc6, 0x17, 0xc6, 0x17, 0xc6, 0x38, 0xc6,
  0x58, 0xc6, 0x58, 0xce, 0x58, 0xce, 0x79, 0xce, 0x79, 0xce, 0x59, 0xce, 0x58, 0xce, 0x58, 0xce,
  0x58, 0xce, 0x58, 0xce, 0x58, 0xce, 0x58, 0xce, 0x58, 0xce, 0x58, 0xce, 0x58, 0xce, 0x38, 0xc6,
  0x37, 0xc6, 0xf7, 0xbd, 0xf6, 0xbd, 0xd6, 0xbd, 0xd6, 0xbd, 0xf7, 0xc5, 0x38, 0xce, 0x79, 0xd6,
  0xba, 0xde, 0xfb, 0xe6, 0x1b, 0xe7, 0xda, 0xde, 0x79, 0xd6, 0x38, 0xce, 0x58, 0xce, 0x58, 0xce,
  0x58, 0xc6, 0x58, 0xc6, 0x58, 0xc6, 0x58, 0xc6, 0x58, 0xce, 0x58, 0xce, 0x79, 0xce, 0x99, 0xce,
  0x78, 0xce, 0x78, 0xce, 0xfa, 0xde, 0x8e, 0xb3, 0x84, 0xa0, 0x29, 0xc2, 0x8a, 0xc2, 0x8a, 0xc2,
  0x67, 0xb9, 0xc5, 0xb0, 0x87, 0xb9, 0x67, 0xb9, 0xc8, 0x99, 0x9a, 0xde, 0xbb, 0xd6, 0xba, 0xd6,
  0xba, 0xd6, 0xba, 0xd6, 0xba, 0xd6, 0xba, 0xd6, 0xba, 0xd6, 0x17, 0xc6, 0xf7, 0xbd, 0x38, 0xc6,
  0x79, 0xce, 0x99, 0xd6, 0xfb, 0xde, 0x7d, 0xef, 0xbe, 0xf7, 0xbe, 0xf7, 0xbe, 0xf7, 0x7d, 0xef,
  0x1b, 0xe7, 0xda, 0xde, 0xda, 0xde, 0xda, 0xde, 0xfb, 0xde, 0xfb, 0xde, 0xfa, 0xde, 0xda, 0xde,
  0x9a, 0xd6, 0x99, 0xde, 0xba, 0xde, 0x59, 0xc6, 0xd7, 0xad, 0x7a, 0xc6, 0x1b, 0xdf, 0x7d, 0xef,
  0x9d, 0xef, 0x9d, 0xef, 0x3c, 0xe7, 0xba, 0xd6, 0xf7, 0xc5, 0x6d, 0x73, 0xaa, 0x62, 0xeb, 0x6a,
  0xae, 0x7b, 0xf3, 0xa4, 0xb6, 0xb5, 0x17, 0xc6, 0x58, 0xce, 0x17, 0xc6, 0xf6, 0xbd, 0x95, 0xb5,
  0x34, 0xa5, 0x13, 0x9d, 0xf3, 0x94, 0xf3, 0x94, 0x34, 0x9d, 0x75, 0xb5, 0xf6, 0xbd, 0x17, 0xc6,
  0x17, 0xc6, 0x17, 0xc6, 0x17, 0xc6, 0x38, 0xc6, 0x58, 0xce, 0x79, 0xce, 0x99, 0xd6, 0x99, 0xd6,
  0x99, 0xd6, 0x99, 0xd6, 0x99, 0xd6, 0x99, 0xd6, 0x79, 0xce, 0x18, 0xc6, 0x96, 0xb5, 0x52, 0x8c,
  0x2f, 0x5b, 0x0b, 0x22, 0x6a, 0x09, 0x8a, 0x11, 0x8a, 0x11, 0xab, 0x11, 0xab, 0x11, 0xab, 0x09,
  0x6b, 0x09, 0xac, 0x09, 0xed, 0x01, 0x0f, 0x02, 0x50, 0x02, 0x70, 0x02, 0x71, 0x02, 0x70, 0x02,
  0x50, 0x02, 0x2f, 0x02, 0x0e, 0x02, 0xed, 0x01, 0x2d, 0x22, 0x51, 0x63, 0x74, 0x9c, 0x36, 0xb5,
  0xf7, 0xc5, 0x17, 0xc6, 0x17, 0xc6, 0x17, 0xc6, 0x17, 0xc6, 0x17, 0xc6, 0x18, 0xc6, 0x38, 0xc6,
  0x58, 0xce, 0x79, 0xce, 0x79, 0xce, 0x99, 0xd6, 0x99, 0xd6, 0x99, 0xd6, 0x79, 0xce, 0x79, 0xce,
  0x58, 0xce, 0x79, 0xce, 0x79, 0xce, 0x79, 0xce, 0x79, 0xce, 0x79, 0xce, 0x59, 0xce, 0x58, 0xce,
  0x38, 0xc6, 0x17, 0xbe, 0xf7, 0xbd, 0xd6, 0xbd, 0xd6, 0xb5, 0xb6, 0xb5, 0xf6, 0xc5, 0x78, 0xce,
  0x79, 0xd6, 0xb9, 0xde, 0xda, 0xe6, 0xfb, 0xe6, 0xfb, 0xe6, 0xda, 0xde, 0x58, 0xce, 0x17, 0xc6,
  0x38, 0xc6, 0x38, 0xc6, 0x38, 0xc6, 0x38, 0xc6, 0x38, 0xc6, 0x58, 0xce, 0x79, 0xce, 0x99, 0xce,
  0x79, 0xce, 0x99, 0xd6, 0xb9, 0xde, 0x6a, 0xa2, 0xe5, 0xb0, 0xe9, 0xc1, 0x29, 0xc2, 0x49, 0xba,
  0xcb, 0xca, 0xcb, 0xd2, 0x67, 0xb9, 0xc5, 0xb0, 0x67, 0xa1, 0x39, 0xde, 0xdb, 0xd6, 0x9a, 0xd6,
  0xba, 0xd6, 0xba, 0xd6, 0xba, 0xd6, 0xda, 0xd6, 0xba, 0xd6, 0x58, 0xce, 0xf7, 0xbd, 0x79, 0xce,
  0xba, 0xd6, 0x9a, 0xd6, 0xfb, 0xde, 0x9e, 0xf7, 0xdf, 0xff, 0xde, 0xff, 0xbe, 0xf7, 0x7d, 0xef,
  0x1b, 0xe7, 0xfb, 0xde, 0xfb, 0xde, 0xfb, 0xde, 0xda, 0xde, 0xba, 0xd6, 0x99, 0xd6, 0x99, 0xd6,
  0xba, 0xde, 0x79, 0xd6, 0x75, 0xad, 0x52, 0x84, 0x93, 0x84, 0x39, 0xbe, 0xfb, 0xde, 0x3c, 0xe7,
  0x9d, 0xf7, 0x9d, 0xf7, 0x3c, 0xe7, 0xda, 0xde, 0xb6, 0xbd, 0x2c, 0x6b, 0xca, 0x62, 0xea, 0x6a,
  0x8d, 0x7b, 0xd2, 0xa4, 0x95, 0xb5, 0x17, 0xc6, 0x38, 0xce, 0x17, 0xc6, 0xd6, 0xbd, 0x75, 0xb5,
  0x13, 0xa5, 0x13, 0x9d, 0xf2, 0x94, 0xd2, 0x8c, 0x13, 0x9d, 0x75, 0xb5, 0xd6, 0xbd, 0x38, 0xc6,
  0x37, 0xc6, 0x17, 0xbe, 0x17, 0xc6, 0x38, 0xc6, 0x58, 0xce, 0x99, 0xce, 0x99, 0xd6, 0x99, 0xd6,
  0xb9, 0xd6, 0xba, 0xd6, 0xba, 0xd6, 0xba, 0xd6, 0x79, 0xce, 0x38, 0xc6, 0x96, 0xb5, 0x53, 0x8c,
  0x2f, 0x5b, 0x0c, 0x22, 0xaa, 0x09, 0xab, 0x09, 0xab, 0x09, 0xcb, 0x09, 0xcb, 0x09, 0xcb, 0x09,
  0x6a, 0x09, 0x8b, 0x09, 0xcc, 0x01, 0xee, 0x01, 0x2f, 0x02, 0x50, 0x02, 0x71, 0x02, 0x71, 0x02,
  0x70, 0x02, 0x50, 0x02, 0x2f, 0x02, 0x0e, 0x02, 0x4e, 0x22, 0x92, 0x6b, 0x95, 0x9c, 0x56, 0xbd,
  0xf7, 0xc5, 0x17, 0xc6, 0x17, 0xc6, 0x17, 0xc6, 0x18, 0xc6, 0x18, 0xc6, 0x38, 0xc6, 0x58, 0xc6,
  0x59, 0xce, 0x79, 0xce, 0x99, 0xd6, 0x9a, 0xd6, 0xba, 0xd6, 0xb9, 0xd6, 0x99, 0xd6, 0x79, 0xce,
  0x79, 0xce, 0x79, 0xce, 0x99, 0xce, 0x9a, 0xd6, 0x9a, 0xd6, 0x99, 0xd6, 0x79, 0xce, 0x59, 0xce,
  0x38, 0xc6, 0x18, 0xc6, 0xf7, 0xbd, 0xd7, 0xbd, 0xd6, 0xbd, 0xb6, 0xb5, 0xd6, 0xbd, 0x17, 0xc6,
  0x58, 0xce, 0x79, 0xd6, 0x99, 0xd6, 0xda, 0xde, 0xfa, 0xe6, 0xfb, 0xe6, 0xfa, 0xe6, 0x99, 0xd6,
  0x38, 0xc6, 0x17, 0xc6, 0x17, 0xbe, 0x37, 0xc6, 0x38, 0xc6, 0x58, 0xc6, 0x79, 0xce, 0x79, 0xce,
  0x79, 0xce, 0xb9, 0xd6, 0xf7, 0xcd, 0xe7, 0x99, 0x87, 0xb9, 0x29, 0xba, 0xc8, 0xb9, 0x8a, 0xc2,
  0xcb, 0xc2, 0x0c, 0xcb, 0x4c, 0xd3, 0xab, 0xca, 0x46, 0x99, 0xb7, 0xd5, 0xdb, 0xde, 0x9a, 0xd6,
  0xba, 0xd6, 0xdb, 0xde, 0xdb, 0xde, 0xdb, 0xde, 0xba, 0xd6, 0xb9, 0xd6, 0x9a, 0xd6, 0xfb, 0xde,
  0x3c, 0xe7, 0x1c, 0xe7, 0x3c, 0xe7, 0x9e, 0xf7, 0x9d, 0xf7, 0x5c, 0xef, 0x3b, 0xe7, 0x1b, 0xe7,
  0xfb, 0xde, 0xfb, 0xde, 0xda, 0xde, 0xba, 0xd6, 0x99, 0xd6, 0x99, 0xd6, 0x99, 0xd6, 0x99, 0xd6,
  0xf7, 0xc5, 0xd2, 0x9c, 0x30, 0x84, 0x10, 0x7c, 0x31, 0x7c, 0x96, 0xad, 0x9a, 0xce, 0x1b, 0xe7,
  0x5d, 0xef, 0x7d, 0xef, 0x1b, 0xe7, 0x79, 0xce, 0xd2, 0x9c, 0x0b, 0x6b, 0x0b, 0x6b, 0xca, 0x62,
  0x8d, 0x7b, 0xd2, 0x9c, 0x75, 0xb5, 0xf7, 0xbd, 0x38, 0xce, 0x17, 0xc6, 0xd6, 0xbd, 0x75, 0xad,
  0xf3, 0x9c, 0xd2, 0x94, 0xd2, 0x94, 0xd2, 0x8c, 0x33, 0x9d, 0x75, 0xad, 0xd6, 0xbd, 0x17, 0xc6,
  0x17, 0xc6, 0x17, 0xbe, 0x17, 0xc6, 0x38, 0xc6, 0x78, 0xce, 0x99, 0xd6, 0x99, 0xd6, 0xb9, 0xd6,
  0xba, 0xd6, 0xba, 0xd6, 0xba, 0xd6, 0xba, 0xd6, 0x79, 0xce, 0x38, 0xc6, 0x96, 0xb5, 0x52, 0x84,
  0x2f, 0x5b, 0x0d, 0x22, 0xcb, 0x01, 0xec, 0x01, 0xed, 0x01, 0xed, 0x01, 0x0d, 0x02, 0xec, 0x01,
  0x6a, 0x09, 0x8a, 0x09, 0xab, 0x09, 0xcd, 0x09, 0xee, 0x01, 0x2f, 0x02, 0x50, 0x02, 0x70, 0x02,
  0x70, 0x02, 0x70, 0x02, 0x4f, 0x02, 0x2f, 0x02, 0x6f, 0x22, 0xb2, 0x6b, 0x95, 0x9c, 0x57, 0xbd,
  0xf7, 0xc5, 0x17, 0xc6, 0x17, 0xc6, 0x18, 0xc6, 0x38, 0xc6, 0x38, 0xc6, 0x38, 0xc6, 0x59, 0xce,
  0x79, 0xce, 0x99, 0xd6, 0xba, 0xd6, 0xba, 0xd6, 0xba, 0xd6, 0xba, 0xd6, 0xba, 0xd6, 0x99, 0xd6,
  0x99, 0xce, 0x99, 0xd6, 0x9a, 0xd6, 0xba, 0xd6, 0xba, 0xd6, 0x9a, 0xd6, 0x99, 0xd6, 0x79, 0xce,
  0x58, 0xce, 0x38, 0xc6, 0x17, 0xc6, 0xf7, 0xbd, 0xd7, 0xbd, 0xd6, 0xbd, 0xd6, 0xbd, 0xf7, 0xbd,
  0x37, 0xc6, 0x78, 0xce, 0x79, 0xd6, 0x78, 0xd6, 0xb9, 0xde, 0xda, 0xde, 0xfa, 0xe6, 0xfb, 0xe6,
  0xda, 0xde, 0x99, 0xd6, 0x37, 0xc6, 0x17, 0xbe, 0x38, 0xc6, 0x58, 0xc6, 0x59, 0xce, 0x79, 0xce,
  0x79, 0xce, 0xda, 0xde, 0x34, 0xbd, 0x45, 0x91, 0xc8, 0xb9, 0x4a, 0xc2, 0x84, 0xa0, 0xc8, 0xb9,
  0xeb, 0xca, 0xeb, 0xca, 0xcb, 0xc2, 0x69, 0xc2, 0x26, 0xa9, 0x14, 0xc5, 0xfb, 0xde, 0x9a, 0xd6,
  0xba, 0xd6, 0xdb, 0xde, 0xdb, 0xde, 0xdb, 0xde, 0xda, 0xde, 0xba, 0xd6, 0x1b, 0xdf, 0x5c, 0xef,
  0x7d, 0xef, 0x5c, 0xe7, 0x1b, 0xe7, 0x1b, 0xe7, 0x1b, 0xdf, 0xfb, 0xde, 0xfb, 0xde, 0xda, 0xde,
  0xba, 0xd6, 0xb9, 0xd6, 0x99, 0xd6, 0x99, 0xd6, 0x99, 0xd6, 0x99, 0xd6, 0x99, 0xd6, 0x38, 0xc6,
  0x75, 0xad, 0x91, 0x94, 0x30, 0x84, 0xf0, 0x7b, 0x11, 0x7c, 0x55, 0xa5, 0x38, 0xc6, 0x79, 0xce,
  0xba, 0xd6, 0x99, 0xd6, 0x38, 0xc6, 0x95, 0xb5, 0x71, 0x94, 0x4c, 0x73, 0x0b, 0x6b, 0x69, 0x5a,
  0x4c, 0x73, 0xb2, 0x9c, 0x75, 0xb5, 0x17, 0xc6, 0x58, 0xce, 0x17, 0xc6, 0xb6, 0xbd, 0x54, 0xad,
  0x92, 0x94, 0x50, 0x8c, 0x50, 0x8c, 0x91, 0x8c, 0x33, 0x9d, 0x95, 0xad, 0xf7, 0xbd, 0x37, 0xc6,
  0x17, 0xc6, 0x17, 0xbe, 0x17, 0xc6, 0x38, 0xc6, 0x79, 0xce, 0x99, 0xd6, 0xba, 0xd6, 0xba, 0xd6,
  0xba, 0xd6, 0xda, 0xd6, 0xda, 0xd6, 0xba, 0xd6, 0x79, 0xce, 0x38, 0xc6, 0x96, 0xb5, 0x52, 0x84,
  0x2f, 0x5b, 0x4d, 0x22, 0xec, 0x01, 0x0d, 0x02, 0x0e, 0x02, 0x0e, 0x02, 0x0e, 0x02, 0xed, 0x01,
  0x6a, 0x09, 0x6a, 0x09, 0x8a, 0x09, 0xac, 0x09, 0xcd, 0x09, 0x0e, 0x02, 0x50, 0x02, 0x50, 0x02,
  0x50, 0x02, 0x70, 0x02, 0x50, 0x02, 0x2f, 0x02, 0x6f, 0x22, 0x93, 0x73, 0x95, 0xa4, 0x77, 0xbd,
  0x18, 0xc6, 0x38, 0xc6, 0x38, 0xc6, 0x38, 0xc6, 0x38, 0xc6, 0x38, 0xc6, 0x58, 0xce, 0x79, 0xce,
  0x99, 0xce, 0x9a, 0xd6, 0xba, 0xd6, 0xba, 0xd6, 0xda, 0xd6, 0xda, 0xd6, 0xba, 0xd6, 0x9a, 0xd6,
  0x99, 0xd6, 0x9a, 0xd6, 0xba, 0xd6, 0xba, 0xd6, 0xda, 0xd6, 0xba, 0xd6, 0x9a, 0xd6, 0x79, 0xce,
  0x79, 0xce, 0x38, 0xc6, 0x18, 0xc6, 0xf7, 0xbd, 0xf7, 0xbd, 0xd6, 0xbd, 0xd7, 0xbd, 0x17, 0xc6,
  0x17, 0xc6, 0x58, 0xce, 0x78, 0xce, 0x78, 0xd6, 0x78, 0xd6, 0x99, 0xd6, 0xda, 0xde, 0xfb, 0xe6,
  0xfa, 0xe6, 0xfb, 0xe6, 0xfa, 0xde, 0x99, 0xce, 0x38, 0xc6, 0x58, 0xc6, 0x79, 0xce, 0x99, 0xd6,
  0x99, 0xd6, 0xda, 0xde, 0x0f, 0xa4, 0xa6, 0x99, 0x8a, 0xca, 0x08, 0xba, 0x86, 0xb1, 0xe8, 0xb9,
  0xaa, 0xc2, 0x8a, 0xc2, 0xe8, 0xb1, 0x66, 0xb1, 0x46, 0xa9, 0x72, 0xb4, 0x1c, 0xdf, 0x9a, 0xd6,
  0xba, 0xd6, 0xba, 0xd6, 0xdb, 0xde, 0xdb, 0xde, 0xda, 0xd6, 0xda, 0xde, 0x1b, 0xe7, 0x1b, 0xe7,
  0x1b, 0xe7, 0x1b, 0xe7, 0x1b, 0xdf, 0x1b, 0xdf, 0xfa, 0xde, 0xda, 0xd6, 0xba, 0xd6, 0x99, 0xd6,
  0x99, 0xd6, 0x99, 0xd6, 0x99, 0xd6, 0x99, 0xd6, 0xba, 0xd6, 0xba, 0xd6, 0x99, 0xd6, 0x38, 0xc6,
  0x95, 0xb5, 0x71, 0x8c, 0xae, 0x73, 0x8d, 0x73, 0xef, 0x7b, 0x55, 0xad, 0x18, 0xc6, 0x79, 0xce,
  0x9a, 0xd6, 0x99, 0xce, 0x17, 0xc6, 0x95, 0xb5, 0x91, 0x9c, 0x4c, 0x73, 0xca, 0x62, 0x28, 0x4a,
  0x2c, 0x6b, 0xb2, 0x9c, 0x75, 0xb5, 0x17, 0xc6, 0x58, 0xce, 0x17, 0xc6, 0x95, 0xb5, 0xf3, 0x9c,
  0x30, 0x84, 0xae, 0x73, 0xae, 0x73, 0xef, 0x7b, 0xd2, 0x94, 0x75, 0xad, 0xf6, 0xbd, 0x38, 0xc6,
  0x17, 0xc6, 0x17, 0xc6, 0x17, 0xc6, 0x38, 0xc6, 0x79, 0xce, 0x99, 0xd6, 0xba, 0xd6, 0xba, 0xd6,
  0xda, 0xd6, 0xda, 0xde, 0xda, 0xde, 0xba, 0xd6, 0x99, 0xd6, 0x38, 0xc6, 0x76, 0xb5, 0x32, 0x84,
  0x2f, 0x5b, 0x2d, 0x22, 0xed, 0x01, 0x2e, 0x02, 0x2e, 0x02, 0x2e, 0x02, 0x0e, 0x02, 0x0d, 0x02,
  0x6a, 0x09, 0x6a, 0x09, 0x8a, 0x09, 0x8b, 0x09, 0xac, 0x09, 0xee, 0x09, 0x2f, 0x02, 0x50, 0x02,
  0x30, 0x02, 0x2f, 0x02, 0x2f, 0x02, 0x0e, 0x02, 0x6f, 0x22, 0x72, 0x73, 0x75, 0xa4, 0x77, 0xbd,
  0x18, 0xc6, 0x38, 0xc6, 0x38, 0xc6, 0x38, 0xc6, 0x38, 0xc6, 0x58, 0xc6, 0x59, 0xce, 0x79, 0xce,
  0x9a, 0xd6, 0xba, 0xd6, 0xba, 0xd6, 0xda, 0xde, 0xda, 0xde, 0xda, 0xde, 0xba, 0xd6, 0xba, 0xd6,
  0x9a, 0xd6, 0xba, 0xd6, 0xba, 0xd6, 0xda, 0xd6, 0xda, 0xde, 0xba, 0xd6, 0x9a, 0xd6, 0x99, 0xd6,
  0x79, 0xce, 0x58, 0xce, 0x18, 0xc6, 0xf7, 0xbd, 0xf7, 0xbd, 0xd6, 0xbd, 0xd7, 0xbd, 0x17, 0xbe,
  0x37, 0xc6, 0x38, 0xc6, 0x58, 0xce, 0x58, 0xce, 0x78, 0xce, 0x78, 0xd6, 0x78, 0xd6, 0xb9, 0xde,
  0xfa, 0xe6, 0xfa, 0xde, 0xfb, 0xe6, 0x1b, 0xe7, 0xfa, 0xde, 0xba, 0xd6, 0x99, 0xd6, 0xba, 0xd6,
  0xb9, 0xd6, 0x99, 0xd6, 0x6d, 0xab, 0xea, 0xc2, 0x4c, 0xcb, 0x2b, 0xcb, 0x2b, 0xcb, 0xea, 0xca,
  0xea, 0xca, 0xa9, 0xc2, 0xa3, 0x90, 0x83, 0x98, 0xc4, 0xa0, 0xaf, 0xab, 0xfb, 0xde, 0x59, 0xce,
  0x99, 0xd6, 0xda, 0xde, 0xfb, 0xde, 0xfb, 0xde, 0xfb, 0xde, 0x1b, 0xe7, 0x1b, 0xe7, 0xfb, 0xde,
  0xfb, 0xde, 0xfb, 0xde, 0xda, 0xde, 0xba, 0xd6, 0x9a, 0xd6, 0x9a, 0xd6, 0x9a, 0xd6, 0xba, 0xd6,
  0x99, 0xd6, 0x99, 0xd6, 0xba, 0xd6, 0xba, 0xde, 0xda, 0xde, 0xda, 0xde, 0x99, 0xd6, 0x38, 0xc6,
  0x75, 0xb5, 0x50, 0x8c, 0x4c, 0x6b, 0x0b, 0x63, 0xae, 0x73, 0x54, 0xa5, 0x17, 0xbe, 0x79, 0xce,
  0xba, 0xd6, 0x99, 0xce, 0x38, 0xc6, 0x95, 0xb5, 0x71, 0x94, 0x2c, 0x6b, 0x69, 0x52, 0xe7, 0x49,
  0x0b, 0x6b, 0x91, 0x9c, 0x75, 0xad, 0x17, 0xc6, 0x58, 0xce, 0x17, 0xc6, 0x75, 0xb5, 0xb2, 0x94,
  0x8d, 0x73, 0xca, 0x5a, 0xca, 0x52, 0x2c, 0x63, 0x50, 0x8c, 0x34, 0xa5, 0xd6, 0xbd, 0x37, 0xc6,
  0x17, 0xc6, 0x17, 0xc6, 0x17, 0xc6, 0x38, 0xc6, 0x79, 0xce, 0x99, 0xd6, 0xba, 0xd6, 0xda, 0xd6,
  0xda, 0xde, 0xda, 0xde, 0xda, 0xde, 0xda, 0xd6, 0x99, 0xd6, 0x38, 0xc6, 0x96, 0xb5, 0x32, 0x84,
  0x0f, 0x53, 0x0d, 0x1a, 0xed, 0x01, 0x2e, 0x02, 0x2e, 0x02, 0x0e, 0x02, 0x2e, 0x02, 0x0d, 0x02,
  0x6a, 0x09, 0x6a, 0x09, 0x6a, 0x09, 0x8a, 0x09, 0xac, 0x09, 0xcc, 0x09, 0x0d, 0x0a, 0x0e, 0x02,
  0x0e, 0x0a, 0x0e, 0x0a, 0xed, 0x09, 0xed, 0x09, 0x4e, 0x2a, 0x71, 0x73, 0x74, 0xa4, 0x76, 0xbd,
  0x18, 0xc6, 0x38, 0xc6, 0x38, 0xc6, 0x38, 0xc6, 0x58, 0xce, 0x59, 0xce, 0x79, 0xce, 0x99, 0xd6,
  0x9a, 0xd6, 0xba, 0xd6, 0xda, 0xde, 0xdb, 0xde, 0xdb, 0xde, 0xdb, 0xde, 0xda, 0xde, 0xba, 0xd6,
  0xba, 0xd6, 0xba, 0xd6, 0xda, 0xd6, 0xda, 0xde, 0xdb, 0xde, 0xda, 0xde, 0xba, 0xd6, 0x99, 0xd6,
  0x79, 0xce, 0x59, 0xce, 0x38, 0xc6, 0x17, 0xc6, 0xf7, 0xbd, 0xd6, 0xbd, 0xf7, 0xbd, 0x17, 0xbe,
  0x38, 0xc6, 0x38, 0xc6, 0x38, 0xc6, 0x17, 0xc6, 0x38, 0xc6, 0x79, 0xce, 0x78, 0xce, 0x78, 0xd6,
  0x99, 0xd6, 0xda, 0xde, 0xfa, 0xde, 0xfa, 0xde, 0xfb, 0xe6, 0xfb, 0xe6, 0xfb, 0xde, 0xda, 0xde,
  0xda, 0xd6, 0xf7, 0xd5, 0x8d, 0xc3, 0x2b, 0xcb, 0x4b, 0xcb, 0x2b, 0xcb, 0x2b, 0xcb, 0x2b, 0xcb,
  0x2b, 0xd3, 0x0b, 0xd3, 0xa3, 0x88, 0x00, 0x80, 0x00, 0x80, 0xec, 0x9a, 0xfa, 0xde, 0xb9, 0xd6,
  0xfa, 0xde, 0x1b, 0xe7, 0x1b, 0xe7, 0x1b, 0xdf, 0x1b, 0xe7, 0x1b, 0xe7, 0xfb, 0xde, 0xdb, 0xde,
  0xba, 0xd6, 0xba, 0xd6, 0x9a, 0xd6, 0x9a, 0xd6, 0xba, 0xd6, 0xba, 0xd6, 0x9a, 0xd6, 0xb9, 0xd6,
  0xda, 0xde, 0xda, 0xde, 0xda, 0xde, 0xda, 0xde, 0xba, 0xde, 0xba, 0xde, 0x99, 0xd6, 0x17, 0xc6,
  0x75, 0xb5, 0x50, 0x8c, 0x2c, 0x6b, 0xea, 0x5a, 0x8d, 0x73, 0x33, 0xa5, 0xf7, 0xbd, 0x59, 0xce,
  0xba, 0xd6, 0x79, 0xce, 0x17, 0xc6, 0x75, 0xb5, 0x30, 0x8c, 0xca, 0x62, 0x07, 0x4a, 0xc6, 0x41,
  0x0b, 0x6b, 0xb2, 0x9c, 0x75, 0xb5, 0x17, 0xc6, 0x58, 0xce, 0xf7, 0xbd, 0x54, 0xad, 0x71, 0x94,
  0x0b, 0x63, 0x07, 0x42, 0x07, 0x42, 0x89, 0x52, 0xcf, 0x7b, 0xf3, 0x9c, 0xb6, 0xb5, 0x17, 0xc6,
  0x17, 0xc6, 0x17, 0xc6, 0x17, 0xc6, 0x38, 0xc6, 0x79, 0xce, 0xba, 0xd6, 0xba, 0xd6, 0xda, 0xde,
  0xda, 0xde, 0xda, 0xde, 0xda, 0xde, 0xda, 0xde, 0x99, 0xd6, 0x38, 0xc6, 0x96, 0xb5, 0x32, 0x84,
  0x0f, 0x53, 0x0d, 0x1a, 0xed, 0x01, 0x0e, 0x02, 0x0e, 0x02, 0x0e, 0x02, 0x2e, 0x02, 0x0e, 0x02,
  0x6a, 0x09, 0x6a, 0x09, 0x6a, 0x09, 0x8b, 0x09, 0xab, 0x09, 0xab, 0x09, 0xcc, 0x09, 0xcc, 0x09,
  0xcc, 0x09, 0xcc, 0x11, 0xcc, 0x11, 0xab, 0x11, 0x0d, 0x2a, 0x71, 0x6b, 0x74, 0xa4, 0x56, 0xbd,
  0x18, 0xc6, 0x38, 0xc6, 0x58, 0xc6, 0x58, 0xce, 0x58, 0xce, 0x79, 0xce, 0x79, 0xce, 0x9a, 0xd6,
  0x9a, 0xd6, 0xba, 0xd6, 0xdb, 0xde, 0xdb, 0xde, 0xdb, 0xde, 0xdb, 0xde, 0xdb, 0xde, 0xba, 0xd6,
  0xba, 0xd6, 0xba, 0xd6, 0xdb, 0xde, 0xdb, 0xde, 0xdb, 0xde, 0xdb, 0xde, 0xba, 0xd6, 0x9a, 0xd6,
  0x79, 0xce, 0x59, 0xce, 0x38, 0xc6, 0x17, 0xc6, 0xf7, 0xbd, 0xd6, 0xbd, 0xd6, 0xbd, 0x17, 0xbe,
  0x17, 0xc6, 0x38, 0xc6, 0x17, 0xc6, 0xf6, 0xbd, 0xb6, 0xb5, 0x17, 0xc6, 0x78, 0xce, 0x78, 0xce,
  0x78, 0xce, 0x79, 0xd6, 0xba, 0xde, 0xfa, 0xe6, 0xfa, 0xe6, 0xfa, 0xde, 0xfb, 0xde, 0xfa, 0xde,
  0x1a, 0xdf, 0x74, 0xd5, 0x2b, 0xc3, 0x4b, 0xcb, 0x4b, 0xc3, 0x4b, 0xcb, 0x4b, 0xcb, 0x4b, 0xcb,
  0x4b, 0xcb, 0x4b, 0xd3, 0x86, 0x91, 0x86, 0x89, 0x6e, 0xbb, 0xf7, 0xd5, 0x1b, 0xdf, 0x1b, 0xe7,
  0x1b, 0xe7, 0x1b, 0xe7, 0x1b, 0xe7, 0xfb, 0xde, 0xfb, 0xde, 0xda, 0xde, 0xba, 0xd6, 0x9a, 0xd6,
  0x9a, 0xd6, 0x9a, 0xd6, 0x9a, 0xd6, 0xba, 0xd6, 0x9a, 0xd6, 0xba, 0xd6, 0xfb, 0xde, 0x7d, 0xef,
  0x3b, 0xe7, 0xda, 0xde, 0xba, 0xde, 0xba, 0xde, 0xba, 0xde, 0xba, 0xd6, 0x99, 0xce, 0x17, 0xc6,
  0x75, 0xad, 0x50, 0x8c, 0x2c, 0x6b, 0xca, 0x62, 0x6d, 0x73, 0x13, 0xa5, 0xf6, 0xbd, 0x58, 0xce,
  0x99, 0xd6, 0x79, 0xce, 0x17, 0xbe, 0x54, 0xad, 0xee, 0x83, 0x48, 0x4a, 0xa6, 0x39, 0xa6, 0x39,
  0x2b, 0x6b, 0xb2, 0x9c, 0x95, 0xb5, 0x17, 0xc6, 0x38, 0xce, 0xf7, 0xc5, 0x54, 0xad, 0x51, 0x94,
  0xeb, 0x62, 0xe7, 0x41, 0xc6, 0x39, 0x28, 0x42, 0xae, 0x73, 0xf3, 0x9c, 0xb6, 0xb5, 0x17, 0xc6,
  0x17, 0xc6, 0x17, 0xc6, 0x17, 0xc6, 0x58, 0xce, 0x99, 0xd6, 0xba, 0xd6, 0xda, 0xde, 0xda, 0xde,
  0xda, 0xde, 0xfb, 0xde, 0xfb, 0xde, 0xda, 0xde, 0x99, 0xd6, 0x58, 0xce, 0x96, 0xb5, 0x32, 0x84,
  0x0f, 0x53, 0xec, 0x21, 0xcc, 0x01, 0x0d, 0x02, 0x0e, 0x02, 0x2e, 0x02, 0x2e, 0x02, 0x2e, 0x02,
  0x69, 0x09, 0x6a, 0x09, 0x6a, 0x09, 0x8b, 0x09, 0x8b, 0x09, 0x8b, 0x11, 0xab, 0x11, 0xab, 0x11,
  0xab, 0x11, 0x8b, 0x11, 0x8a, 0x11, 0x8a, 0x11, 0xec, 0x29, 0x51, 0x6b, 0x54, 0xa4, 0x56, 0xbd,
  0x18, 0xc6, 0x38, 0xc6, 0x58, 0xc6, 0x58, 0xce, 0x58, 0xce, 0x79, 0xce, 0x79, 0xce, 0x9a, 0xd6,
  0xba, 0xd6, 0xba, 0xd6, 0xdb, 0xde, 0xdb, 0xde, 0xdb, 0xde, 0xdb, 0xde, 0xdb, 0xde, 0xba, 0xd6,
  0xba, 0xd6, 0xba, 0xd6, 0xdb, 0xde, 0xdb, 0xde, 0xdb, 0xde, 0xdb, 0xde, 0xba, 0xd6, 0x9a, 0xd6,
  0x79, 0xce, 0x58, 0xce, 0x38, 0xc6, 0x17, 0xc6, 0xf7, 0xbd, 0xd6, 0xbd, 0xd6, 0xbd, 0x17, 0xbe,
  0x38, 0xc6, 0x38, 0xc6, 0xf7, 0xbd, 0xd6, 0xbd, 0xb6, 0xb5, 0xf7, 0xbd, 0x58, 0xce, 0x79, 0xce,
  0x79, 0xd6, 0x78, 0xd6, 0x78, 0xd6, 0xb9, 0xde, 0xfa, 0xe6, 0xfa, 0xe6, 0xfa, 0xe6, 0xfa, 0xe6,
  0xfa, 0xe6, 0x6f, 0xc4, 0x2b, 0xcb, 0x4b, 0xcb, 0x2b, 0xcb, 0x2b, 0xcb, 0x4b, 0xcb, 0x4b, 0xcb,
  0x4b, 0xcb, 0x4b, 0xc3, 0x74, 0xdd, 0x1a, 0xe7, 0x5c, 0xef, 0x3b, 0xef, 0xfb, 0xde, 0x1b, 0xe7,
  0x1b, 0xe7, 0xfb, 0xde, 0xfa, 0xde, 0xda, 0xde, 0xba, 0xd6, 0x9a, 0xd6, 0x9a, 0xd6, 0x9a, 0xd6,
  0x9a, 0xd6, 0x9a, 0xd6, 0x9a, 0xd6, 0x9a, 0xd6, 0xfb, 0xde, 0x9e, 0xf7, 0xdf, 0xff, 0xde, 0xff,
  0x1b, 0xe7, 0xba, 0xde, 0xba, 0xd6, 0xba, 0xd6, 0xba, 0xd6, 0xba, 0xd6, 0x79, 0xce, 0x17, 0xc6,
  0x75, 0xad, 0x50, 0x8c, 0x2c, 0x6b, 0xca, 0x62, 0x4c, 0x73, 0x13, 0xa5, 0xd6, 0xbd, 0x38, 0xc6,
  0x99, 0xce, 0x78, 0xce, 0xf6, 0xbd, 0x13, 0xa5, 0x8d, 0x73, 0xa6, 0x39, 0x85, 0x31, 0xe7, 0x41,
  0x4c, 0x6b, 0xd2, 0x9c, 0x95, 0xb5, 0x17, 0xc6, 0x38, 0xce, 0xd7, 0xbd, 0x54, 0xad, 0x71, 0x94,
  0x2b, 0x63, 0x28, 0x4a, 0x28, 0x42, 0x48, 0x4a, 0xce, 0x7b, 0xf3, 0x9c, 0xb6, 0xb5, 0x17, 0xc6,
  0x17, 0xc6, 0x17, 0xc6, 0x37, 0xc6, 0x58, 0xce, 0x99, 0xd6, 0xda, 0xd6, 0xda, 0xde, 0xfb, 0xde,
  0xfb, 0xde, 0xfb, 0xde, 0xfb, 0xde, 0xfb, 0xde, 0xba, 0xd6, 0x58, 0xce, 0x96, 0xb5, 0x31, 0x84,
  0xee, 0x52, 0xcc, 0x21, 0xcc, 0x01, 0x0d, 0x02, 0x0e, 0x02, 0x2f, 0x02, 0x2e, 0x02, 0x2e, 0x02,
  0x6a, 0x09, 0x6a, 0x09, 0x6a, 0x09, 0x8b, 0x09, 0x8b, 0x11, 0xab, 0x11, 0xaa, 0x11, 0x8a, 0x11,
  0x8a, 0x11, 0x8a, 0x11, 0x8a, 0x11, 0x8a, 0x11, 0xeb, 0x29, 0x31, 0x6b, 0x34, 0xa4, 0x56, 0xc5,
  0x18, 0xc6, 0x38, 0xc6, 0x58, 0xc6, 0x58, 0xce, 0x59, 0xce, 0x79, 0xce, 0x79, 0xce, 0x9a, 0xd6,
  0x9a, 0xd6, 0xba, 0xd6, 0xdb, 0xde, 0xdb, 0xde, 0xdb, 0xde, 0xdb, 0xde, 0xdb, 0xde, 0xba, 0xd6,
  0xba, 0xd6, 0xba, 0xd6, 0xdb, 0xde, 0xdb, 0xde, 0xdb, 0xde, 0xdb, 0xde, 0xba, 0xd6, 0x9a, 0xd6,
  0x79, 0xce, 0x59, 0xce, 0x38, 0xc6, 0x17, 0xc6, 0xf7, 0xbd, 0xd6, 0xbd, 0xf6, 0xbd, 0x17, 0xc6,
  0x38, 0xc6, 0x38, 0xc6, 0xf7, 0xbd, 0xd6, 0xbd, 0xb7, 0xbd, 0xf7, 0xbd, 0x59, 0xce, 0x99, 0xd6,
  0x59, 0xd6, 0x79, 0xd6, 0x78, 0xd6, 0x78, 0xd6, 0x99, 0xd6, 0xda, 0xde, 0xda, 0xe6, 0x1b, 0xe7,
  0xb5, 0xd5, 0x4b, 0xcb, 0x4b, 0xd3, 0x4b, 0xcb, 0x2b, 0xcb, 0x2a, 0xd3, 0x2b, 0xd3, 0x2b, 0xcb,
  0x4b, 0xd3, 0x0a, 0xcb, 0xd5, 0xdd, 0x3b, 0xe7, 0xda, 0xde, 0xdb, 0xe6, 0xfb, 0xde, 0xfa, 0xde,
  0xda, 0xde, 0xba, 0xd6, 0x9a, 0xd6, 0x9a, 0xd6, 0x9a, 0xd6, 0x9a, 0xd6, 0x9a, 0xd6, 0x9a, 0xd6,
  0x9a, 0xd6, 0x9a, 0xd6, 0x9a, 0xd6, 0x3c, 0xe7, 0xff, 0xff, 0xff, 0xff, 0xff, 0xff, 0xbe, 0xf7,
  0x1b, 0xe7, 0xba, 0xde, 0xba, 0xd6, 0x99, 0xd6, 0x99, 0xd6, 0x99, 0xd6, 0x79, 0xce, 0x17, 0xc6,
  0x74, 0xad, 0x30, 0x8c, 0x2c, 0x63, 0xaa, 0x5a, 0x4c, 0x6b, 0xf3, 0xa4, 0xd6, 0xbd, 0x38, 0xc6,
  0x99, 0xd6, 0x78, 0xce, 0xd6, 0xbd, 0xf3, 0x9c, 0x2b, 0x63, 0x44, 0x29, 0x65, 0x31, 0x28, 0x42,
  0x8d, 0x73, 0xf2, 0x9c, 0x95, 0xb5, 0x17, 0xc6, 0x38, 0xc6, 0xd6, 0xbd, 0x54, 0xad, 0x91, 0x94,
  0x6d, 0x6b, 0xaa, 0x52, 0xaa, 0x52, 0xeb, 0x5a, 0x30, 0x84, 0x13, 0xa5, 0xb6, 0xb5, 0x17, 0xc6,
  0x17, 0xc6, 0x17, 0xc6, 0x37, 0xc6, 0x58, 0xce, 0x99, 0xd6, 0xda, 0xde, 0xfa, 0xde, 0xfb, 0xde,
  0xfb, 0xde, 0x1b, 0xe7, 0x1b, 0xe7, 0xfb, 0xde, 0xba, 0xd6, 0x59, 0xce, 0x96, 0xb5, 0x31, 0x84,
  0xee, 0x52, 0xcb, 0x21, 0xcb, 0x01, 0x0d, 0x02, 0x0e, 0x02, 0x2e, 0x02, 0x2e, 0x02, 0x2e, 0x02,
  0x6a, 0x09, 0x6a, 0x09, 0x8a, 0x09, 0x8b, 0x09, 0xac, 0x11, 0xab, 0x11, 0x8b, 0x11, 0xaa, 0x11,
  0x8b, 0x11, 0x8b, 0x11, 0x8b, 0x11, 0x6a, 0x11, 0xec, 0x29, 0x30, 0x6b, 0x33, 0xa4, 0x56, 0xc5,
  0x18, 0xc6, 0x38, 0xc6, 0x58, 0xce, 0x58, 0xce, 0x59, 0xce, 0x79, 0xce, 0x79, 0xce, 0x99, 0xd6,
  0x9a, 0xd6, 0xba, 0xd6, 0xda, 0xd6, 0xda, 0xd6, 0xdb, 0xde, 0xdb, 0xde, 0xba, 0xd6, 0xba, 0xd6,
  0xba, 0xd6, 0xba, 0xd6, 0xba, 0xd6, 0xdb, 0xde, 0xdb, 0xde, 0xdb, 0xde, 0xba, 0xd6, 0x9a, 0xd6,
  0x79, 0xce, 0x59, 0xce, 0x38, 0xc6, 0x17, 0xc6, 0xf7, 0xbd, 0xd7, 0xbd, 0xf7, 0xbd, 0x37, 0xc6,
  0x58, 0xc6, 0x58, 0xc6, 0x37, 0xc6, 0x17, 0xc6, 0x18, 0xc6, 0x38, 0xc6, 0x99, 0xd6, 0xdb, 0xde,
  0xba, 0xde, 0x58, 0xd6, 0x79, 0xd6, 0x79, 0xd6, 0x78, 0xd6, 0x78, 0xd6, 0xda, 0xde, 0xb9, 0xde,
  0xce, 0xc3, 0x4b, 0xd3, 0x6b, 0xcb, 0x4b, 0xcb, 0x2b, 0xcb, 0x2b, 0xcb, 0x2b, 0xd3, 0x2b, 0xd3,
  0x4b, 0xd3, 0x0a, 0xcb, 0x33, 0xcd, 0x5c, 0xe7, 0xfb, 0xde, 0xdb, 0xde, 0xba, 0xd6, 0x9a, 0xd6,
  0x9a, 0xd6, 0x9a, 0xd6, 0x9a, 0xd6, 0x9a, 0xd6, 0x9a, 0xd6, 0x9a, 0xd6, 0x9a, 0xd6, 0x99, 0xd6,
  0x99, 0xd6, 0xda, 0xde, 0x1b, 0xe7, 0x1c, 0xe7, 0xbe, 0xf7, 0xff, 0xff, 0xff, 0xff, 0xbe, 0xf7,
  0x1b, 0xe7, 0xba, 0xd6, 0xba, 0xd6, 0xba, 0xd6, 0x99, 0xd6, 0x99, 0xd6, 0x79, 0xce, 0xf7, 0xbd,
  0x54, 0xad, 0x0f, 0x84, 0x0b, 0x63, 0xaa, 0x5a, 0x4c, 0x6b, 0xf3, 0x9c, 0xb6, 0xb5, 0x38, 0xc6,
  0x99, 0xd6, 0x58, 0xce, 0xd6, 0xb5, 0xf2, 0x9c, 0x0b, 0x63, 0x65, 0x29, 0xc7, 0x39, 0xaa, 0x52,
  0xef, 0x7b, 0xf3, 0xa4, 0x95, 0xb5, 0x17, 0xc6, 0x37, 0xc6, 0xd6, 0xbd, 0x54, 0xad, 0xb2, 0x9c,
  0xef, 0x83, 0x4c, 0x6b, 0x4c, 0x6b, 0xae, 0x73, 0x91, 0x94, 0x34, 0xa5, 0xd6, 0xbd, 0x17, 0xc6,
  0x17, 0xc6, 0x17, 0xc6, 0x17, 0xc6, 0x58, 0xce, 0xba, 0xd6, 0xda, 0xde, 0xfb, 0xde, 0xfb, 0xde,
  0x1b, 0xe7, 0x1c, 0xe7, 0x1b, 0xe7, 0xfb, 0xde, 0xba, 0xd6, 0x79, 0xce, 0x96, 0xb5, 0x11, 0x84,
  0xee, 0x52, 0xcb, 0x21, 0xcb, 0x01, 0x0d, 0x02, 0x0d, 0x02, 0x0e, 0x02, 0x0e, 0x02, 0x0e, 0x0a,
  0x4a, 0x09, 0x6a, 0x09, 0xab, 0x09, 0xab, 0x09, 0xac, 0x09, 0xab, 0x11, 0x8b, 0x11, 0xab, 0x11,
  0x8b, 0x11, 0x8b, 0x11, 0x8b, 0x11, 0x8a, 0x11, 0x0c, 0x2a, 0x30, 0x73, 0x34, 0xa4, 0x56, 0xbd,
  0x18, 0xc6, 0x38, 0xc6, 0x58, 0xc6, 0x58, 0xce, 0x59, 0xce, 0x79, 0xce, 0x79, 0xce, 0x99, 0xd6,
  0x9a, 0xd6, 0xba, 0xd6, 0xba, 0xd6, 0xba, 0xd6, 0xda, 0xd6, 0xba, 0xd6, 0xba, 0xd6, 0x9a, 0xd6,
  0x9a, 0xd6, 0xba, 0xd6, 0xba, 0xd6, 0xba, 0xd6, 0xba, 0xd6, 0xba, 0xd6, 0x9a, 0xd6, 0x9a, 0xd6,
  0x79, 0xce, 0x58, 0xce, 0x38, 0xc6, 0x17, 0xc6, 0xf7, 0xbd, 0xd7, 0xbd, 0xf7, 0xbd, 0x38, 0xc6,
  0x58, 0xce, 0x79, 0xce, 0x78, 0xce, 0x58, 0xce, 0x58, 0xce, 0x99, 0xd6, 0xda, 0xde, 0x1b, 0xe7,
  0x3c, 0xef, 0xfb, 0xde, 0x58, 0xce, 0x79, 0xd6, 0x79, 0xd6, 0x79, 0xd6, 0x99, 0xd6, 0xd2, 0xd4,
  0x4b, 0xcb, 0x8c, 0xd3, 0x8c, 0xd3, 0x8c, 0xd3, 0x6b, 0xd3, 0x6b, 0xd3, 0x6b, 0xd3, 0x6b, 0xd3,
  0x6c, 0xd3, 0x6c, 0xd3, 0xb1, 0xcc, 0xfb, 0xde, 0xba, 0xd6, 0x9a, 0xd6, 0x9a, 0xd6, 0x9a, 0xd6,
  0xba, 0xd6, 0x9a, 0xd6, 0x9a, 0xd6, 0x9a, 0xd6, 0x9a, 0xd6, 0x9a, 0xd6, 0x9a, 0xd6, 0xda, 0xde,
  0x1b, 0xdf, 0x1b, 0xe7, 0xfb, 0xde, 0xfb, 0xde, 0xfb, 0xde, 0x9e, 0xf7, 0xff, 0xff, 0xbe, 0xf7,
  0x1b, 0xe7, 0xba, 0xd6, 0xba, 0xd6, 0xba, 0xde, 0xba, 0xd6, 0xb9, 0xd6, 0x79, 0xce, 0xf7, 0xbd,
  0x34, 0xa5, 0xef, 0x7b, 0x0b, 0x63, 0xcb, 0x5a, 0x4d, 0x6b, 0xf3, 0x9c, 0xb6, 0xb5, 0x38, 0xc6,
  0x79, 0xce, 0x58, 0xce, 0xb6, 0xb5, 0xd2, 0x9c, 0x2c, 0x63, 0xc7, 0x39, 0x69, 0x4a, 0x2c, 0x63,
  0x51, 0x8c, 0x34, 0xa5, 0xb6, 0xb5, 0x17, 0xc6, 0x17, 0xc6, 0xd6, 0xbd, 0x75, 0xad, 0xf3, 0x9c,
  0x50, 0x8c, 0xef, 0x7b, 0xef, 0x7b, 0x30, 0x84, 0xd3, 0x9c, 0x75, 0xad, 0xf6, 0xbd, 0x37, 0xc6,
  0x17, 0xc6, 0x17, 0xbe, 0x37, 0xc6, 0x78, 0xce, 0xba, 0xd6, 0xda, 0xde, 0xfb, 0xde, 0x1b, 0xe7,
  0x1b, 0xe7, 0x3c, 0xe7, 0x3b, 0xe7, 0xfb, 0xde, 0xba, 0xd6, 0x79, 0xce, 0x96, 0xb5, 0x32, 0x84,
  0x0f, 0x53, 0xec, 0x19, 0xcc, 0x01, 0x0d, 0x02, 0x0d, 0x0a, 0x0d, 0x0a, 0xec, 0x09, 0xcc, 0x09,
  0x6a, 0x09, 0x8a, 0x09, 0xab, 0x09, 0xcc, 0x09, 0xcc, 0x09, 0xab, 0x11, 0x8b, 0x11, 0x8a, 0x11,
  0x8b, 0x11, 0x8b, 0x11, 0x8b, 0x11, 0x8a, 0x11, 0x0c, 0x2a, 0x31, 0x73, 0x54, 0xa4, 0x56, 0xbd,
  0x18, 0xc6, 0x38, 0xc6, 0x58, 0xc6, 0x58, 0xce, 0x59, 0xce, 0x59, 0xce, 0x79, 0xce, 0x99, 0xd6,
  0x9a, 0xd6, 0x9a, 0xd6, 0x9a, 0xd6, 0xba, 0xd6, 0xba, 0xd6, 0xba, 0xd6, 0xba, 0xd6, 0x9a, 0xd6,
  0x9a, 0xd6, 0x9a, 0xd6, 0xba, 0xd6, 0xba, 0xd6, 0xba, 0xd6, 0xba, 0xd6, 0x9a, 0xd6, 0x79, 0xce,
  0x79, 0xce, 0x58, 0xc6, 0x38, 0xc6, 0x17, 0xc6, 0xf7, 0xbd, 0xd6, 0xbd, 0xf7, 0xbd, 0x38, 0xc6,
  0x79, 0xce, 0x99, 0xd6, 0x99, 0xd6, 0x99, 0xd6, 0x99, 0xd6, 0xda, 0xd6, 0x1b, 0xdf, 0x5c, 0xe7,
  0x5c, 0xe7, 0x7d, 0xef, 0x1b, 0xe7, 0x79, 0xd6, 0x78, 0xd6, 0x99, 0xd6, 0x17, 0xd6, 0xeb, 0xb2,
  0x8c, 0xdb, 0x8c, 0xd3, 0x8c, 0xd3, 0x8c, 0xd3, 0x8c, 0xd3, 0x8c, 0xd3, 0x8c, 0xd3, 0x8c, 0xd3,
  0xcd, 0xdb, 0x88, 0xba, 0x2c, 0xa3, 0xba, 0xde, 0x99, 0xd6, 0x9a, 0xd6, 0xba, 0xd6, 0xba, 0xd6,
  0xba, 0xd6, 0x9a, 0xd6, 0x9a, 0xd6, 0x9a, 0xd6, 0xba, 0xd6, 0xba, 0xd6, 0xfb, 0xde, 0x1b, 0xe7,
  0x1b, 0xe7, 0x1b, 0xe7, 0x1b, 0xdf, 0xfb, 0xde, 0xfb, 0xde, 0x1a, 0xdf, 0x9d, 0xf7, 0xbe, 0xf7,
  0xfb, 0xde, 0xba, 0xd6, 0xda, 0xde, 0xda, 0xde, 0xba, 0xde, 0xba, 0xd6, 0x79, 0xce, 0xf7, 0xbd,
  0x13, 0xa5, 0xce, 0x7b, 0x2c, 0x63, 0xeb, 0x62, 0x4d, 0x6b, 0xf4, 0xa4, 0xd6, 0xbd, 0x58, 0xce,
  0x99, 0xd6, 0x79, 0xce, 0xd6, 0xbd, 0xf3, 0x9c, 0x6d, 0x6b, 0x49, 0x4a, 0x0c, 0x5b, 0xae, 0x73,
  0xb2, 0x94, 0x54, 0xad, 0xb6, 0xb5, 0x17, 0xbe, 0x17, 0xc6, 0xf6, 0xbd, 0x75, 0xb5, 0x13, 0xa5,
  0x91, 0x94, 0x50, 0x8c, 0x71, 0x8c, 0xb2, 0x94, 0x14, 0xa5, 0x95, 0xad, 0xf7, 0xbd, 0x38, 0xc6,
  0x17, 0xc6, 0x17, 0xbe, 0x37, 0xc6, 0x79, 0xce, 0xba, 0xd6, 0xfa, 0xde, 0xfb, 0xde, 0x1b, 0xe7,
  0x3c, 0xe7, 0x3c, 0xe7, 0x3c, 0xe7, 0x1b, 0xe7, 0xda, 0xd6, 0x79, 0xce, 0xb7, 0xb5, 0x32, 0x84,
  0x0f, 0x53, 0xec, 0x19, 0xcc, 0x01, 0x0d, 0x02, 0xec, 0x09, 0xec, 0x09, 0xcb, 0x09, 0xab, 0x11,
  0x6a, 0x09, 0xab, 0x09, 0xac, 0x09, 0xac, 0x09, 0xac, 0x09, 0xab, 0x11, 0x8b, 0x11, 0x8a, 0x11,
  0x8a, 0x11, 0x8a, 0x11, 0x8a, 0x19, 0x6a, 0x11, 0x0c, 0x32, 0x71, 0x73, 0x75, 0xa4, 0x77, 0xbd,
  0x18, 0xc6, 0x38, 0xc6, 0x58, 0xc6, 0x58, 0xce, 0x58, 0xce, 0x59, 0xce, 0x79, 0xce, 0x79, 0xce,
  0x99, 0xd6, 0x99, 0xd6, 0x99, 0xd6, 0x9a, 0xd6, 0x9a, 0xd6, 0xba, 0xd6, 0x9a, 0xd6, 0x99, 0xd6,
  0x99, 0xce, 0x9a, 0xd6, 0x9a, 0xd6, 0xba, 0xd6, 0xba, 0xd6, 0x9a, 0xd6, 0x79, 0xce, 0x79, 0xce,
  0x59, 0xce, 0x38, 0xc6, 0x38, 0xc6, 0x17, 0xc6, 0xf7, 0xbd, 0xd7, 0xbd, 0xf7, 0xbd, 0x58, 0xc6,
  0x99, 0xce, 0xba, 0xd6, 0xba, 0xd6, 0xda, 0xde, 0xdb, 0xde, 0xfb, 0xde, 0x3c, 0xdf, 0x7d, 0xe7,
  0x9d, 0xe7, 0x9d, 0xef, 0xbe, 0xf7, 0xfa, 0xde, 0x38, 0xd6, 0x79, 0xd6, 0x58, 0xde, 0x69, 0x9a,
  0xca, 0xc2, 0xad, 0xdb, 0x8c, 0xd3, 0xac, 0xd3, 0xac, 0xdb, 0x8c, 0xd3, 0xcc, 0xdb, 0x8c, 0xd3,
  0x07, 0xaa, 0xa3, 0x80, 0xc7, 0x89, 0x38, 0xd6, 0xba, 0xd6, 0x99, 0xd6, 0xba, 0xd6, 0xba, 0xd6,
  0xba, 0xd6, 0x9a, 0xd6, 0x9a, 0xd6, 0xba, 0xd6, 0xfa, 0xde, 0xfa, 0xde, 0xfb, 0xde, 0xfb, 0xde,
  0xda, 0xde, 0xda, 0xde, 0x1b, 0xdf, 0x1b, 0xdf, 0x1b, 0xe7, 0x1b, 0xdf, 0x1b, 0xdf, 0x7d, 0xef,
  0x1b, 0xe7, 0xba, 0xd6, 0xda, 0xd6, 0xda, 0xd6, 0xba, 0xd6, 0x99, 0xd6, 0x58, 0xce, 0xd6, 0xbd,
  0x13, 0x9d, 0xef, 0x7b, 0x4d, 0x6b, 0xec, 0x5a, 0x6e, 0x6b, 0x55, 0xa5, 0x38, 0xc6, 0x9a, 0xd6,
  0xfb, 0xde, 0xda, 0xde, 0x58, 0xce, 0x95, 0xb5, 0x30, 0x84, 0xeb, 0x5a, 0x8e, 0x6b, 0x10, 0x84,
  0xd3, 0x94, 0x54, 0xa5, 0xb6, 0xb5, 0xf7, 0xbd, 0x17, 0xc6, 0xd6, 0xbd, 0x75, 0xad, 0x13, 0xa5,
  0xd2, 0x94, 0xb1, 0x94, 0xd2, 0x94, 0xf2, 0x9c, 0x54, 0xa5, 0xb6, 0xb5, 0x17, 0xc6, 0x38, 0xc6,
  0x17, 0xc6, 0x17, 0xc6, 0x38, 0xc6, 0x79, 0xce, 0xba, 0xd6, 0xfb, 0xde, 0x1b, 0xe7, 0x1c, 0xe7,
  0x3c, 0xe7, 0x3c, 0xe7, 0x3c, 0xe7, 0x1b, 0xe7, 0xba, 0xd6, 0x79, 0xce, 0xb7, 0xb5, 0x32, 0x84,
  0x0f, 0x53, 0x0c, 0x1a, 0xcc, 0x01, 0xcc, 0x09, 0xcb, 0x09, 0xab, 0x09, 0xab, 0x09, 0x8a, 0x11,
  0x8a, 0x09, 0x8b, 0x09, 0xab, 0x09, 0xab, 0x09, 0xab, 0x11, 0xab, 0x11, 0x8a, 0x11, 0x8a, 0x11,
  0x8a, 0x11, 0x8a, 0x11, 0x8a, 0x19, 0x6a, 0x11, 0x0c, 0x32, 0x91, 0x7b, 0x95, 0xa4, 0x97, 0xc5,
  0x38, 0xce, 0x38, 0xc6, 0x58, 0xce, 0x58, 0xce, 0x58, 0xce, 0x58, 0xce, 0x59, 0xce, 0x79, 0xce,
  0x79, 0xce, 0x79, 0xce, 0x99, 0xce, 0x99, 0xd6, 0x99, 0xd6, 0x99, 0xd6, 0x99, 0xce, 0x79, 0xce,
  0x79, 0xce, 0x99, 0xce, 0x99, 0xd6, 0x9a, 0xd6, 0x99, 0xd6, 0x99, 0xce, 0x79, 0xce, 0x59, 0xce,
  0x58, 0xc6, 0x38, 0xc6, 0x17, 0xc6, 0xf7, 0xbd, 0xf7, 0xbd, 0xd7, 0xbd, 0xf7, 0xbd, 0x58, 0xce,
  0x99, 0xd6, 0xda, 0xde, 0xfb, 0xde, 0xfb, 0xde, 0xfb, 0xde, 0x3c, 0xe7, 0x5d, 0xe7, 0x7d, 0xef,
  0x9e, 0xef, 0xbe, 0xef, 0xbe, 0xf7, 0x36, 0xd6, 0xf5, 0xcd, 0x99, 0xde, 0x79, 0xde, 0xea, 0xaa,
  0x85, 0x99, 0x4c, 0xd3, 0xcc, 0xdb, 0x8c, 0xd3, 0xac, 0xdb, 0xcd, 0xe3, 0x0b, 0xcb, 0x65, 0x91,
  0xc3, 0x80, 0x04, 0x91, 0xe4, 0x88, 0xf3, 0xc4, 0xda, 0xd6, 0x99, 0xd6, 0xba, 0xd6, 0xba, 0xd6,
  0xba, 0xd6, 0x9a, 0xd6, 0x99, 0xd6, 0xba, 0xd6, 0xfa, 0xde, 0xfa, 0xde, 0xda, 0xd6, 0x79, 0xce,
  0x58, 0xce, 0x17, 0xce, 0x53, 0xb5, 0xd5, 0xc5, 0x99, 0xd6, 0x1b, 0xdf, 0xfa, 0xde, 0x1b, 0xdf,
  0xfb, 0xde, 0xba, 0xd6, 0xba, 0xd6, 0x99, 0xd6, 0x99, 0xce, 0x79, 0xce, 0x38, 0xc6, 0xb5, 0xb5,
  0xd3, 0x9c, 0xef, 0x7b, 0x6e, 0x6b, 0xec, 0x5a, 0xaf, 0x6b, 0x76, 0xa5, 0x38, 0xc6, 0x99, 0xd6,
  0xdb, 0xde, 0xda, 0xde, 0x59, 0xce, 0xb6, 0xb5, 0xd2, 0x94, 0x8d, 0x6b, 0xf0, 0x73, 0x51, 0x84,
  0xd3, 0x94, 0x54, 0xa5, 0x95, 0xb5, 0xf6, 0xbd, 0x17, 0xbe, 0xd6, 0xbd, 0x75, 0xad, 0x13, 0xa5,
  0xd2, 0x9c, 0xd2, 0x94, 0xd2, 0x94, 0xf3, 0x9c, 0x54, 0xa5, 0xb6, 0xb5, 0x17, 0xbe, 0x38, 0xc6,
  0x17, 0xc6, 0x17, 0xc6, 0x38, 0xc6, 0x79, 0xce, 0xba, 0xd6, 0xfb, 0xde, 0x1b, 0xe7, 0x1c, 0xe7,
  0x3c, 0xe7, 0x3c, 0xe7, 0x3c, 0xe7, 0x1b, 0xe7, 0xba, 0xd6, 0x79, 0xce, 0x96, 0xb5, 0x32, 0x84,
  0x0f, 0x53, 0xeb, 0x19, 0x8b, 0x09, 0xab, 0x11, 0xaa, 0x11, 0x8a, 0x11, 0x8a, 0x11, 0x8a, 0x11,
  0x8a, 0x09, 0x8b, 0x09, 0xab, 0x09, 0x8b, 0x11, 0x8b, 0x11, 0x8a, 0x11, 0x8a, 0x11, 0x8a, 0x11,
  0x6a, 0x11, 0x8a, 0x11, 0x8a, 0x19, 0x8a, 0x11, 0x2c, 0x32, 0xb2, 0x7b, 0xb5, 0xac, 0x97, 0xc5,
  0x38, 0xce, 0x38, 0xc6, 0x38, 0xc6, 0x58, 0xce, 0x58, 0xc6, 0x58, 0xce, 0x58, 0xce, 0x58, 0xce,
  0x59, 0xce, 0x79, 0xce, 0x79, 0xce, 0x79, 0xce, 0x99, 0xce, 0x79, 0xce, 0x79, 0xce, 0x79, 0xce,
  0x79, 0xce, 0x79, 0xce, 0x79, 0xce, 0x79, 0xce, 0x79, 0xce, 0x79, 0xce, 0x59, 0xce, 0x58, 0xc6,
  0x38, 0xc6, 0x18, 0xc6, 0xf7, 0xbd, 0xf7, 0xbd, 0xf7, 0xbd, 0xd6, 0xbd, 0xf7, 0xbd, 0x58, 0xce,
  0xba, 0xd6, 0xfb, 0xde, 0x1b, 0xe7, 0x1b, 0xe7, 0x3c, 0xe7, 0x7d, 0xef, 0x9e, 0xef, 0xbe, 0xf7,
  0xbe, 0xf7, 0xdf, 0xff, 0x3b, 0xef, 0x4e, 0xd5, 0x35, 0xde, 0x58, 0xd6, 0x99, 0xde, 0x8d, 0xb3,
  0x65, 0x99, 0xe7, 0xb1, 0x8c, 0xdb, 0xcd, 0xdb, 0xad, 0xdb, 0x48, 0xb2, 0xe3, 0x88, 0xc3, 0x88,
  0xe4, 0x90, 0x04, 0x89, 0xa3, 0x80, 0xae, 0xab, 0xfb, 0xde, 0xba, 0xd6, 0xba, 0xd6, 0x38, 0xc6,
  0x38, 0xc6, 0xba, 0xd6, 0xb9, 0xd6, 0xb9, 0xd6, 0xda, 0xd6, 0xda, 0xde, 0x99, 0xce, 0x79, 0xce,
  0x17, 0xce, 0x2c, 0xa4, 0x28, 0xb4, 0x0d, 0xcd, 0xf5, 0xcd, 0xfa, 0xde, 0xfa, 0xde, 0xfa, 0xde,
  0xfa, 0xde, 0xba, 0xd6, 0xb9, 0xd6, 0x99, 0xd6, 0x99, 0xce, 0x79, 0xce, 0x38, 0xc6, 0x95, 0xb5,
  0xb2, 0x94, 0xf0, 0x7b, 0x6e, 0x6b, 0x0d, 0x5b, 0xd0, 0x6b, 0x76, 0xa5, 0x38, 0xc6, 0xba, 0xd6,
  0xfb, 0xde, 0xba, 0xd6, 0x79, 0xce, 0xd6, 0xbd, 0x13, 0x9d, 0xef, 0x73, 0x31, 0x84, 0x72, 0x84,
  0xd3, 0x94, 0x34, 0xa5, 0x95, 0xb5, 0xf6, 0xbd, 0xf7, 0xbd, 0xd6, 0xbd, 0x75, 0xad, 0x13, 0xa5,
  0xd2, 0x94, 0xd2, 0x94, 0xd2, 0x94, 0xf3, 0x9c, 0x54, 0xa5, 0xb6, 0xb5, 0x17, 0xbe, 0x37, 0xc6,
  0x17, 0xc6, 0x17, 0xc6, 0x38, 0xc6, 0x79, 0xce, 0xba, 0xd6, 0xfb, 0xde, 0x1b, 0xe7, 0x1c, 0xe7,
  0x3c, 0xe7, 0x3c, 0xe7, 0x3c, 0xe7, 0x1b, 0xe7, 0xda, 0xd6, 0x79, 0xce, 0x96, 0xb5, 0x12, 0x7c,
  0xee, 0x52, 0xca, 0x19, 0x6a, 0x09, 0x8a, 0x11, 0x8a, 0x11, 0x8a, 0x11, 0x8a, 0x11, 0x8a, 0x11,
  0x8a, 0x09, 0x8b, 0x09, 0x8b, 0x11, 0x8a, 0x11, 0x8a, 0x11, 0x8a, 0x11, 0x8a, 0x11, 0x6a, 0x11,
  0x6a, 0x11, 0x6a, 0x11, 0x8a, 0x19, 0x6a, 0x11, 0x2c, 0x32, 0xd2, 0x7b, 0xd6, 0xac, 0xb7, 0xc5,
  0x38, 0xce, 0x38, 0xc6, 0x38, 0xc6, 0x38, 0xc6, 0x38, 0xc6, 0x58, 0xce, 0x38, 0xc6, 0x58, 0xc6,
  0x58, 0xce, 0x59, 0xce, 0x79, 0xce, 0x79, 0xce, 0x79, 0xce, 0x79, 0xce, 0x59, 0xce, 0x59, 0xce,
  0x59, 0xce, 0x59, 0xce, 0x79, 0xce, 0x79, 0xce, 0x79, 0xce, 0x59, 0xce, 0x38, 0xc6, 0x38, 0xc6,
  0x18, 0xc6, 0x17, 0xc6, 0xf7, 0xbd, 0xf7, 0xbd, 0xd7, 0xbd, 0xd6, 0xbd, 0xf7, 0xbd, 0x78, 0xce,
  0xda, 0xde, 0x1b, 0xe7, 0x3c, 0xe7, 0x5c, 0xef, 0x7d, 0xef, 0xbe, 0xf7, 0xbe, 0xf7, 0xdf, 0xf7,
  0xff, 0xff, 0xdf, 0xff, 0x96, 0xde, 0xb0, 0xd5, 0x78, 0xde, 0x57, 0xce, 0x57, 0xd6, 0xee, 0xbb,
  0xa6, 0xa1, 0xa6, 0xa1, 0x28, 0xba, 0x0b, 0xd3, 0x85, 0xa1, 0xa2, 0x88, 0xe3, 0x88, 0xe4, 0x88,
  0xe4, 0x88, 0xe4, 0x90, 0xc3, 0x88, 0x49, 0x92, 0xb9, 0xd6, 0x38, 0xc6, 0xb6, 0xbd, 0xf7, 0xbd,
  0x37, 0xc6, 0xb9, 0xd6, 0xda, 0xde, 0xda, 0xde, 0xda, 0xd6, 0xda, 0xd6, 0x99, 0xd6, 0x99, 0xd6,
  0x32, 0xb5, 0xe7, 0xab, 0x47, 0xed, 0x67, 0xdd, 0xf3, 0xd5, 0xfa, 0xde, 0xfa, 0xde, 0xfa, 0xde,
  0xfa, 0xde, 0xd9, 0xd6, 0xb9, 0xd6, 0x99, 0xd6, 0x79, 0xce, 0x79, 0xce, 0x17, 0xc6, 0x75, 0xad,
  0xb2, 0x94, 0xcf, 0x7b, 0x4e, 0x6b, 0x0d, 0x5b, 0xaf, 0x6b, 0x55, 0xa5, 0x18, 0xc6, 0xba, 0xd6,
  0xfb, 0xde, 0xda, 0xde, 0x79, 0xce, 0xd7, 0xbd, 0xd2, 0x94, 0xef, 0x7b, 0x71, 0x8c, 0x92, 0x8c,
  0xd3, 0x94, 0x55, 0xa5, 0xb5, 0xb5, 0xf6, 0xbd, 0xf7, 0xbd, 0xd6, 0xbd, 0x75, 0xad, 0x13, 0xa5,
  0xd2, 0x94, 0xd2, 0x94, 0xf2, 0x94, 0x13, 0x9d, 0x54, 0xa5, 0xb5, 0xb5, 0xf7, 0xbd, 0x17, 0xc6,
  0x17, 0xbe, 0x17, 0xbe, 0x38, 0xc6, 0x79, 0xce, 0xda, 0xde, 0xfb, 0xde, 0x1b, 0xe7, 0x1c, 0xe7,
  0x3c, 0xe7, 0x3c, 0xe7, 0x5c, 0xe7, 0x1c, 0xe7, 0xda, 0xd6, 0x79, 0xce, 0x96, 0xb5, 0x11, 0x84,
  0xce, 0x52, 0xaa, 0x19, 0x69, 0x09, 0x89, 0x11, 0x89, 0x11, 0x89, 0x11, 0x89, 0x11, 0x89, 0x11,
  0x8b, 0x09, 0x8b, 0x09, 0x8a, 0x09, 0x8a, 0x11, 0x8a, 0x11, 0x8a, 0x11, 0x6a, 0x11, 0x6a, 0x11,
  0x6a, 0x11, 0x6a, 0x11, 0x8a, 0x11, 0x69, 0x11, 0x2c, 0x32, 0xd2, 0x7b, 0xd6, 0xac, 0xb7, 0xc5,
  0x38, 0xce, 0x38, 0xc6, 0x38, 0xc6, 0x38, 0xc6, 0x38, 0xc6, 0x38, 0xc6, 0x38, 0xc6, 0x38, 0xc6,
  0x38, 0xc6, 0x58, 0xce, 0x58, 0xce, 0x58, 0xce, 0x59, 0xce, 0x58, 0xce, 0x58, 0xc6, 0x58, 0xc6,
  0x58, 0xc6, 0x58, 0xce, 0x58, 0xce, 0x59, 0xce, 0x58, 0xce, 0x38, 0xc6, 0x38, 0xc6, 0x18, 0xc6,
  0x17, 0xc6, 0xf7, 0xbd, 0xf7, 0xbd, 0xd7, 0xbd, 0xd6, 0xbd, 0xb6, 0xb5, 0xf7, 0xbd, 0x79, 0xce,
  0xda, 0xde, 0x3c, 0xe7, 0x5d, 0xef, 0x9d, 0xef, 0xbe, 0xf7, 0xbe, 0xf7, 0xdf, 0xff, 0xdf, 0xff,
  0xff, 0xff, 0x5d, 0xef, 0x98, 0xd6, 0x98, 0xde, 0xba, 0xde, 0x79, 0xd6, 0x99, 0xd6, 0x71, 0xbc,
  0xa6, 0x99, 0xe6, 0xa9, 0xa6, 0xa9, 0xe3, 0x90, 0xa3, 0x88, 0xe4, 0x90, 0xe4, 0x90, 0xe4, 0x90,
  0xe4, 0x88, 0x04, 0x91, 0xc4, 0x88, 0x86, 0x81, 0x95, 0xb5, 0x17, 0xc6, 0x58, 0xce, 0x79, 0xce,
  0x79, 0xce, 0x99, 0xd6, 0xfb, 0xde, 0x1b, 0xdf, 0xda, 0xde, 0x79, 0xce, 0xba, 0xd6, 0xba, 0xde,
  0x94, 0xbd, 0x46, 0x93, 0xc6, 0xd4, 0xa6, 0xcc, 0xd2, 0xcd, 0x1a, 0xdf, 0xda, 0xde, 0xfa, 0xde,
  0xfa, 0xde, 0xda, 0xd6, 0xba, 0xd6, 0x99, 0xd6, 0x79, 0xce, 0x79, 0xce, 0x17, 0xc6, 0x75, 0xad,
  0xb1, 0x94, 0xae, 0x73, 0x2d, 0x63, 0xec, 0x52, 0xaf, 0x63, 0x35, 0x9d, 0xf7, 0xbd, 0x79, 0xce,
  0xba, 0xd6, 0x9a, 0xd6, 0x38, 0xc6, 0x95, 0xb5, 0x71, 0x8c, 0xef, 0x7b, 0x92, 0x8c, 0xb2, 0x94,
  0xf3, 0x9c, 0x75, 0xad, 0xb6, 0xb5, 0xf7, 0xbd, 0x17, 0xc6, 0xd6, 0xbd, 0x75, 0xad, 0x13, 0xa5,
  0xd2, 0x94, 0xb2, 0x94, 0xd2, 0x94, 0xf3, 0x9c, 0x54, 0xa5, 0xb5, 0xb5, 0xf7, 0xbd, 0x17, 0xc6,
  0xf7, 0xbd, 0x17, 0xc6, 0x38, 0xc6, 0x99, 0xce, 0xda, 0xde, 0xfb, 0xde, 0x1b, 0xe7, 0x1c, 0xe7,
  0x3c, 0xe7, 0x3c, 0xe7, 0x5c, 0xe7, 0x1c, 0xe7, 0xba, 0xd6, 0x79, 0xce, 0x96, 0xb5, 0x11, 0x84,
  0xce, 0x4a, 0xaa, 0x19, 0x89, 0x09, 0x89, 0x11, 0x89, 0x11, 0x8a, 0x11, 0x8a, 0x11, 0x8a, 0x11,
  0x8a, 0x09, 0x8a, 0x09, 0x8a, 0x11, 0x8a, 0x11, 0x69, 0x11, 0x6a, 0x11, 0x6a, 0x11, 0x6a, 0x11,
  0x6a, 0x11, 0x6a, 0x11, 0x6a, 0x11, 0x69, 0x11, 0x2c, 0x32, 0xf2, 0x7b, 0xf6, 0xac, 0xb8, 0xc5,
  0x58, 0xce, 0x38, 0xc6, 0x38, 0xc6, 0x38, 0xc6, 0x38, 0xc6, 0x38, 0xc6, 0x38, 0xc6, 0x38, 0xc6,
  0x38, 0xc6, 0x38, 0xc6, 0x38, 0xc6, 0x38, 0xc6, 0x38, 0xc6, 0x38, 0xc6, 0x38, 0xc6, 0x38, 0xc6,
  0x38, 0xc6, 0x38, 0xc6, 0x38, 0xc6, 0x58, 0xce, 0x38, 0xc6, 0x38, 0xc6, 0x18, 0xc6, 0x17, 0xc6,
  0xf7, 0xbd, 0xf7, 0xbd, 0xd7, 0xbd, 0xd6, 0xbd, 0xd6, 0xbd, 0xb6, 0xb5, 0x17, 0xc6, 0x79, 0xce,
  0xda, 0xde, 0x3c, 0xe7, 0x7d, 0xef, 0x9e, 0xf7, 0xbe, 0xf7, 0xdf, 0xff, 0xdf, 0xff, 0xff, 0xff,
  0xdf, 0xff, 0xda, 0xde, 0x99, 0xde, 0x9a, 0xd6, 0x79, 0xd6, 0x79, 0xd6, 0x99, 0xde, 0x17, 0xd6,
  0x89, 0x9a, 0xc6, 0xa9, 0xa7, 0xa9, 0xe4, 0x98, 0xc3, 0x90, 0xe4, 0x90, 0xe4, 0x90, 0xe4, 0x90,
  0x05, 0x91, 0xe4, 0x88, 0x45, 0x79, 0x70, 0xac, 0xb9, 0xd6, 0xfb, 0xe6, 0xfb, 0xde, 0x99, 0xd6,
  0x99, 0xd6, 0x79, 0xce, 0xda, 0xde, 0xfb, 0xde, 0x99, 0xd6, 0x78, 0xce, 0x79, 0xce, 0xba, 0xd6,
  0xfb, 0xde, 0x52, 0xb5, 0xcf, 0xac, 0xf4, 0xd5, 0xfa, 0xde, 0xda, 0xde, 0xda, 0xde, 0xda, 0xde,
  0xda, 0xde, 0xda, 0xde, 0xda, 0xde, 0xba, 0xd6, 0x99, 0xd6, 0x99, 0xd6, 0x38, 0xc6, 0x95, 0xb5,
  0xb1, 0x94, 0x6d, 0x6b, 0xec, 0x5a, 0xcc, 0x52, 0xaf, 0x6b, 0x35, 0xa5, 0xd7, 0xbd, 0x58, 0xce,
  0x9a, 0xd6, 0x79, 0xce, 0xf7, 0xbd, 0x75, 0xad, 0xb2, 0x94, 0x10, 0x84, 0x71, 0x8c, 0xb2, 0x94,
  0x34, 0xa5, 0x95, 0xad, 0xd6, 0xbd, 0x17, 0xc6, 0x38, 0xc6, 0xf7, 0xbd, 0x95, 0xb5, 0x34, 0xa5,
  0xd2, 0x94, 0xb1, 0x94, 0xd2, 0x94, 0xf3, 0x9c, 0x54, 0xa5, 0xb6, 0xb5, 0xf7, 0xbd, 0x17, 0xc6,
  0x17, 0xc6, 0x17, 0xc6, 0x58, 0xce, 0x99, 0xd6, 0xda, 0xde, 0xfb, 0xde, 0x1b, 0xe7, 0x1c, 0xe7,
  0x3c, 0xe7, 0x3c, 0xe7, 0x5c, 0xe7, 0x1b, 0xe7, 0xba, 0xd6, 0x79, 0xce, 0x96, 0xb5, 0x11, 0x7c,
  0xcd, 0x4a, 0xaa, 0x19, 0x89, 0x11, 0x8a, 0x11, 0x8a, 0x11, 0x8a, 0x11, 0x8a, 0x11, 0x8a, 0x11,
  0x8a, 0x09, 0x6a, 0x11, 0x6a, 0x11, 0x6a, 0x11, 0x6a, 0x11, 0x69, 0x11, 0x6a, 0x11, 0x69, 0x11,
  0x6a, 0x11, 0x69, 0x11, 0x6a, 0x11, 0x69, 0x11, 0x2c, 0x3a, 0xf3, 0x83, 0xf6, 0xac, 0xb8, 0xc5,
  0x38, 0xce, 0x38, 0xc6, 0x17, 0xc6, 0x17, 0xc6, 0x17, 0xc6, 0x17, 0xc6, 0x17, 0xc6, 0x17, 0xc6,
  0x17, 0xc6, 0x18, 0xc6, 0x18, 0xc6, 0x18, 0xc6, 0x18, 0xc6, 0x18, 0xc6, 0x38, 0xc6, 0x18, 0xc6,
  0x18, 0xc6, 0x38, 0xc6, 0x38, 0xc6, 0x38, 0xc6, 0x18, 0xc6, 0x18, 0xc6, 0x17, 0xc6, 0xf7, 0xbd,
  0xf7, 0xbd, 0xd7, 0xbd, 0xd6, 0xbd, 0xb6, 0xb5, 0xb6, 0xb5, 0xb6, 0xb5, 0xf7, 0xbd, 0x79, 0xce,
  0xda, 0xde, 0x3c, 0xe7, 0x7c, 0xef, 0x9d, 0xef, 0xbe, 0xf7, 0xbe, 0xf7, 0xde, 0xff, 0xff, 0xff,
  0x9d, 0xf7, 0x79, 0xd6, 0x79, 0xde, 0x99, 0xde, 0x99, 0xd6, 0x99, 0xde, 0x99, 0xde, 0xb9, 0xde,
  0xb1, 0xbc, 0xa6, 0x99, 0xa7, 0xb1, 0x05, 0x99, 0xc3, 0x90, 0xe4, 0x90, 0x04, 0x91, 0x04, 0x91,
  0xa3, 0x88, 0xe7, 0x89, 0x74, 0xc5, 0xfa, 0xe6, 0xfa, 0xe6, 0xda, 0xde, 0x99, 0xd6, 0x99, 0xd6,
  0x99, 0xd6, 0x99, 0xd6, 0xba, 0xd6, 0x99, 0xd6, 0x79, 0xce, 0x79, 0xce, 0x79, 0xce, 0xba, 0xd6,
  0xba, 0xd6, 0x1b, 0xe7, 0x1b, 0xdf, 0xfb, 0xde, 0xda, 0xde, 0xd9, 0xde, 0xda, 0xd6, 0xba, 0xd6,
  0xda, 0xde, 0xda, 0xde, 0xda, 0xde, 0xda, 0xd6, 0x99, 0xd6, 0x99, 0xd6, 0x78, 0xce, 0x95, 0xb5,
  0xb2, 0x94, 0x6d, 0x6b, 0xab, 0x5a, 0xab, 0x52, 0xd0, 0x73, 0x55, 0xad, 0x17, 0xc6, 0x79, 0xce,
  0xba, 0xd6, 0x99, 0xd6, 0x38, 0xc6, 0xb5, 0xb5, 0x13, 0x9d, 0x70, 0x8c, 0x91, 0x94, 0xb2, 0x94,
  0x55, 0xa5, 0xb6, 0xb5, 0xf7, 0xbd, 0x38, 0xc6, 0x38, 0xc6, 0xf7, 0xbd, 0xb6, 0xb5, 0x54, 0xa5,
  0xd2, 0x9c, 0x91, 0x94, 0xb2, 0x94, 0xf3, 0x9c, 0x54, 0xad, 0xb6, 0xb5, 0xf7, 0xbd, 0x17, 0xc6,
  0x17, 0xc6, 0x17, 0xc6, 0x58, 0xce, 0x99, 0xd6, 0xda, 0xde, 0xfb, 0xde, 0x1b, 0xe7, 0x1c, 0xe7,
  0x3c, 0xe7, 0x3c, 0xe7, 0x3c, 0xe7, 0x1b, 0xdf, 0xba, 0xd6, 0x79, 0xce, 0x76, 0xad, 0x11, 0x7c,
  0xad, 0x4a, 0x8a, 0x19, 0x8a, 0x11, 0xab, 0x09, 0xab, 0x11, 0xab, 0x11, 0xab, 0x11, 0xab, 0x11,
  0x6a, 0x09, 0x6a, 0x11, 0x6a, 0x11, 0x6a, 0x11, 0x6a, 0x11, 0x6a, 0x11, 0x6a, 0x11, 0x6a, 0x11,
  0x8a, 0x11, 0x8a, 0x11, 0x8a, 0x11, 0x8a, 0x19, 0x2d, 0x3a, 0x13, 0x84, 0x16, 0xad, 0xb8, 0xc5,
  0x38, 0xce, 0x38, 0xc6, 0x17, 0xc6, 0x17, 0xbe, 0xf7, 0xbd, 0xf7, 0xbd, 0xf7, 0xbd, 0xf7, 0xbd,
  0xf7, 0xbd, 0xf7, 0xbd, 0x17, 0xbe, 0x17, 0xc6, 0x17, 0xc6, 0x17, 0xbe, 0x17, 0xc6, 0xf7, 0xbd,
  0xf7, 0xbd, 0x17, 0xc6, 0x17, 0xc6, 0x17, 0xc6, 0x17, 0xbe, 0xf7, 0xbd, 0xf7, 0xbd, 0xd7, 0xbd,
  0xd6, 0xbd, 0xd6, 0xbd, 0xb6, 0xb5, 0xb6, 0xb5, 0xb6, 0xb5, 0x96, 0xb5, 0xf7, 0xbd, 0x58, 0xce,
  0xba, 0xd6, 0x1b, 0xdf, 0x3c, 0xe7, 0x7c, 0xef, 0x9d, 0xef, 0x9d, 0xf7, 0xbe, 0xf7, 0xde, 0xff,
  0x1b, 0xe7, 0x58, 0xd6, 0x79, 0xd6, 0x79, 0xd6, 0xba, 0xde, 0xfa, 0xe6, 0xda, 0xde, 0x99, 0xde,
  0xd9, 0xe6, 0x4c, 0xab, 0x86, 0xa1, 0x25, 0xa1, 0xe4, 0x90, 0xe4, 0x98, 0xe4, 0x98, 0xc4, 0x80,
  0xab, 0x92, 0xf6, 0xcd, 0xda, 0xde, 0x99, 0xd6, 0x99, 0xd6, 0x78, 0xce, 0x78, 0xce, 0x99, 0xd6,
  0x99, 0xd6, 0xb9, 0xd6, 0xba, 0xd6, 0x78, 0xce, 0x79, 0xce, 0x79, 0xce, 0x79, 0xce, 0xba, 0xd6,
  0x58, 0xce, 0x79, 0xce, 0xda, 0xde, 0xba, 0xd6, 0xda, 0xde, 0xda, 0xde, 0xba, 0xd6, 0xba, 0xd6,
  0xba, 0xd6, 0xda, 0xde, 0xda, 0xde, 0xba, 0xd6, 0x99, 0xd6, 0x99, 0xd6, 0x79, 0xce, 0xb6, 0xb5,
  0xf2, 0x9c, 0xef, 0x7b, 0xeb, 0x5a, 0xcb, 0x5a, 0x92, 0x8c, 0x96, 0xb5, 0x18, 0xc6, 0x99, 0xd6,
  0xba, 0xd6, 0xba, 0xd6, 0x58, 0xce, 0xf7, 0xbd, 0x75, 0xad, 0xf2, 0x9c, 0xb2, 0x94, 0x14, 0x9d,
  0x75, 0xad, 0xd6, 0xb5, 0x17, 0xc6, 0x38, 0xc6, 0x58, 0xc6, 0x17, 0xc6, 0xb6, 0xb5, 0x54, 0xad,
  0xf3, 0x9c, 0xb2, 0x94, 0xb2, 0x94, 0xf3, 0x9c, 0x54, 0xad, 0xb6, 0xb5, 0x17, 0xc6, 0x17, 0xc6,
  0x17, 0xc6, 0x17, 0xc6, 0x58, 0xce, 0x99, 0xd6, 0xda, 0xde, 0xfb, 0xde, 0x1b, 0xe7, 0x1b, 0xe7,
  0x1c, 0xe7, 0x3c, 0xe7, 0x3c, 0xe7, 0x1b, 0xdf, 0xba, 0xd6, 0x79, 0xce, 0x75, 0xad, 0x11, 0x7c,
  0xad, 0x4a, 0xab, 0x19, 0xab, 0x09, 0xcc, 0x09, 0xed, 0x09, 0xec, 0x09, 0xec, 0x09, 0xec, 0x09,
  0x6a, 0x09, 0x6a, 0x11, 0x6a, 0x11, 0x6a, 0x11, 0x6a, 0x11, 0x6a, 0x11, 0x6a, 0x11, 0x8a, 0x11,
  0x8a, 0x11, 0x8a, 0x11, 0x8a, 0x19, 0x8a, 0x19, 0x4d, 0x3a, 0x13, 0x84, 0x16, 0xb5, 0xb8, 0xcd,
  0x38, 0xce, 0x17, 0xc6, 0xf7, 0xbd, 0xf7, 0xbd, 0xf7, 0xbd, 0xf7, 0xbd, 0xf7, 0xbd, 0xf7, 0xbd,
  0xf7, 0xbd, 0xf7, 0xbd, 0xf7, 0xbd, 0xf7, 0xbd, 0xf7, 0xbd, 0xf7, 0xbd, 0xf7, 0xbd, 0xf7, 0xbd,
  0xf7, 0xbd, 0xf7, 0xbd, 0xf7, 0xbd, 0xf7, 0xbd, 0xf7, 0xbd, 0xd7, 0xbd, 0xd6, 0xbd, 0xd6, 0xbd,
  0xb6, 0xb5, 0xb6, 0xb5, 0xb6, 0xb5, 0x96, 0xb5, 0x96, 0xb5, 0x96, 0xb5, 0xd6, 0xbd, 0x38, 0xc6,
  0x99, 0xce, 0xda, 0xde, 0xfb, 0xde, 0x1b, 0xdf, 0x1b, 0xe7, 0x3c, 0xe7, 0x5c, 0xef, 0x5c, 0xef,
  0x99, 0xde, 0x79, 0xd6, 0x79, 0xd6, 0x79, 0xd6, 0xfa, 0xe6, 0xba, 0xde, 0x79, 0xd6, 0x58, 0xd6,
  0x98, 0xd6, 0xf6, 0xdd, 0x08, 0xa2, 0x25, 0x99, 0x04, 0x99, 0xc4, 0x90, 0xc4, 0x88, 0x8e, 0xa3,
  0x59, 0xd6, 0x79, 0xce, 0x38, 0xce, 0x99, 0xd6, 0xda, 0xde, 0xda, 0xde, 0x99, 0xd6, 0x99, 0xce,
  0x99, 0xd6, 0x79, 0xce, 0xba, 0xd6, 0xba, 0xd6, 0x79, 0xce, 0x79, 0xce, 0x79, 0xce, 0xba, 0xd6,
  0x79, 0xce, 0x58, 0xce, 0x99, 0xce, 0xda, 0xde, 0xda, 0xd6, 0xba, 0xd6, 0xba, 0xd6, 0xba, 0xd6,
  0xba, 0xd6, 0xda, 0xd6, 0xda, 0xde, 0xda, 0xd6, 0x99, 0xd6, 0xb9, 0xd6, 0x79, 0xce, 0xf7, 0xbd,
  0x34, 0xa5, 0xb2, 0x9c, 0x50, 0x8c, 0x71, 0x8c, 0x54, 0xad, 0xd6, 0xbd, 0x58, 0xce, 0x99, 0xd6,
  0xba, 0xd6, 0xba, 0xd6, 0x99, 0xd6, 0x58, 0xc6, 0xf7, 0xbd, 0x95, 0xb5, 0x75, 0xad, 0x96, 0xb5,
  0xd6, 0xbd, 0x17, 0xc6, 0x38, 0xc6, 0x58, 0xce, 0x58, 0xce, 0x38, 0xc6, 0xf6, 0xbd, 0x95, 0xb5,
  0x34, 0xa5, 0xf3, 0x9c, 0xf3, 0x9c, 0x34, 0xa5, 0x75, 0xad, 0xd6, 0xbd, 0x17, 0xc6, 0x18, 0xc6,
  0x17, 0xc6, 0x17, 0xc6, 0x58, 0xce, 0x99, 0xd6, 0xda, 0xde, 0xfb, 0xde, 0x1b, 0xe7, 0x1b, 0xe7,
  0x1c, 0xe7, 0x1c, 0xe7, 0x3c, 0xe7, 0x1b, 0xdf, 0xba, 0xd6, 0x58, 0xce, 0x75, 0xad, 0x11, 0x7c,
  0xce, 0x4a, 0xcb, 0x11, 0xcc, 0x09, 0xed, 0x01, 0x0e, 0x02, 0x0e, 0x02, 0x0e, 0x02, 0x0e, 0x02,
  0x6a, 0x09, 0x6a, 0x11, 0x6a, 0x11, 0x6a, 0x11, 0x6a, 0x11, 0x8a, 0x11, 0x8a, 0x11, 0x8a, 0x11,
  0x8a, 0x19, 0x8a, 0x19, 0x8b, 0x19, 0xab, 0x11, 0x6e, 0x3a, 0x33, 0x84, 0x16, 0xb5, 0xb7, 0xc5,
  0x18, 0xc6, 0x17, 0xc6, 0xf6, 0xbd, 0xd6, 0xbd, 0xd7, 0xbd, 0xd6, 0xbd, 0xd6, 0xbd, 0xd6, 0xbd,
  0xd6, 0xbd, 0xd6, 0xbd, 0xd6, 0xbd, 0xd6, 0xbd, 0xd6, 0xbd, 0xd6, 0xbd, 0xd6, 0xbd, 0xd6, 0xbd,
  0xd6, 0xbd, 0xd6, 0xbd, 0xd6, 0xbd, 0xd6, 0xbd, 0xb6, 0xb5, 0xb6, 0xb5, 0xb6, 0xb5, 0xb6, 0xb5,
  0x96, 0xb5, 0x95, 0xb5, 0x95, 0xb5, 0x95, 0xb5, 0x95, 0xb5, 0x95, 0xb5, 0xd6, 0xbd, 0x17, 0xc6,
  0x78, 0xce, 0x99, 0xd6, 0xba, 0xd6, 0xba, 0xd6, 0xba, 0xd6, 0xba, 0xd6, 0xba, 0xd6, 0x9a, 0xd6,
  0x79, 0xd6, 0x79, 0xd6, 0x58, 0xd6, 0xba, 0xde, 0x99, 0xd6, 0x58, 0xce, 0x58, 0xce, 0x58, 0xd6,
  0x58, 0xce, 0xd9, 0xe6, 0x13, 0xcd, 0x25, 0x99, 0xa3, 0x90, 0x66, 0x89, 0x71, 0xb4, 0x79, 0xd6,
  0x59, 0xd6, 0x79, 0xd6, 0xba, 0xde, 0xfb, 0xde, 0xda, 0xde, 0x79, 0xd6, 0x79, 0xce, 0x79, 0xce,
  0x99, 0xce, 0x79, 0xce, 0x79, 0xce, 0xda, 0xde, 0x79, 0xce, 0x58, 0xce, 0x99, 0xd6, 0x79, 0xce,
  0x58, 0xce, 0x58, 0xce, 0x58, 0xce, 0x99, 0xd6, 0xda, 0xde, 0xba, 0xd6, 0xba, 0xd6, 0xba, 0xd6,
  0xba, 0xd6, 0xba, 0xd6, 0xda, 0xd6, 0xba, 0xd6, 0x99, 0xd6, 0xba, 0xd6, 0x99, 0xd6, 0x17, 0xc6,
  0xb5, 0xb5, 0x74, 0xad, 0x54, 0xad, 0x75, 0xad, 0xd6, 0xbd, 0x38, 0xc6, 0x79, 0xce, 0xba, 0xd6,
  0xba, 0xd6, 0xda, 0xde, 0xba, 0xd6, 0x99, 0xd6, 0x58, 0xce, 0x37, 0xc6, 0x17, 0xc6, 0x18, 0xc6,
  0x38, 0xc6, 0x58, 0xc6, 0x58, 0xce, 0x58, 0xce, 0x58, 0xce, 0x38, 0xc6, 0x17, 0xc6, 0xb6, 0xb5,
  0x95, 0xad, 0x54, 0xad, 0x34, 0xa5, 0x74, 0xad, 0x95, 0xb5, 0xf6, 0xbd, 0x37, 0xc6, 0x38, 0xc6,
  0x17, 0xc6, 0x17, 0xc6, 0x58, 0xce, 0x99, 0xd6, 0xda, 0xde, 0xfb, 0xde, 0xfb, 0xde, 0x1b, 0xe7,
  0x1b, 0xe7, 0x1b, 0xe7, 0x1c, 0xe7, 0xfb, 0xde, 0xba, 0xd6, 0x58, 0xce, 0x55, 0xad, 0x11, 0x7c,
  0xcd, 0x4a, 0xab, 0x11, 0xac, 0x09, 0x0d, 0x0a, 0x2e, 0x02, 0x2e, 0x02, 0x0e, 0x02, 0x0e, 0x02,
  0x8a, 0x09, 0x8a, 0x09, 0x8a, 0x11, 0x8a, 0x11, 0x8b, 0x11, 0x8a, 0x11, 0x8a, 0x11, 0x8b, 0x11,
  0x8b, 0x11, 0x8b, 0x11, 0x8b, 0x11, 0xab, 0x11, 0x6e, 0x3a, 0x34, 0x84, 0x36, 0xb5, 0xd8, 0xc5,
  0x38, 0xc6, 0x17, 0xbe, 0xd6, 0xbd, 0xd6, 0xbd, 0xd6, 0xbd, 0xd6, 0xbd, 0xb6, 0xb5, 0xb6, 0xb5,
  0xb6, 0xb5, 0xb6, 0xb5, 0xb6, 0xb5, 0xb6, 0xb5, 0xb6, 0xb5, 0xb6, 0xb5, 0xb6, 0xb5, 0xb6, 0xb5,
  0xb6, 0xb5, 0xb6, 0xb5, 0xb6, 0xb5, 0xb6, 0xb5, 0xb6, 0xb5, 0x96, 0xb5, 0x95, 0xb5, 0x95, 0xb5,
  0x75, 0xad, 0x75, 0xad, 0x75, 0xad, 0x75, 0xad, 0x75, 0xad, 0x75, 0xad, 0xb6, 0xb5, 0x17, 0xc6,
  0x78, 0xce, 0x99, 0xd6, 0xb9, 0xd6, 0x99, 0xd6, 0x99, 0xd6, 0x79, 0xce, 0x79, 0xce, 0x58, 0xce,
  0x78, 0xd6, 0x58, 0xd6, 0x58, 0xd6, 0xfb, 0xe6, 0xfb, 0xe6, 0xba, 0xde, 0xba, 0xde, 0xba, 0xde,
  0x99, 0xde, 0x99, 0xd6, 0xda, 0xde, 0x2c, 0xa3, 0xe8, 0x89, 0xd6, 0xd5, 0xb9, 0xd6, 0x37, 0xc6,
  0x58, 0xce, 0x58, 0xce, 0x99, 0xd6, 0xba, 0xde, 0x99, 0xd6, 0x79, 0xce, 0x79, 0xd6, 0x79, 0xd6,
  0x79, 0xd6, 0x79, 0xd6, 0x79, 0xce, 0x79, 0xd6, 0xda, 0xde, 0xba, 0xd6, 0xda, 0xde, 0x99, 0xd6,
  0x99, 0xd6, 0x99, 0xce, 0x79, 0xce, 0x79, 0xce, 0xba, 0xd6, 0xba, 0xd6, 0xba, 0xd6, 0xba, 0xd6,
  0xba, 0xd6, 0xba, 0xd6, 0xba, 0xd6, 0xba, 0xd6, 0x99, 0xd6, 0x99, 0xd6, 0x99, 0xd6, 0x58, 0xc6,
  0x17, 0xbe, 0xf6, 0xbd, 0xf6, 0xbd, 0x17, 0xc6, 0x38, 0xc6, 0x79, 0xce, 0xb9, 0xd6, 0xda, 0xd6,
  0xda, 0xd6, 0xda, 0xde, 0xda, 0xde, 0xba, 0xd6, 0x99, 0xd6, 0x99, 0xce, 0x79, 0xce, 0x79, 0xce,
  0x79, 0xce, 0x79, 0xce, 0x99, 0xce, 0x79, 0xce, 0x58, 0xce, 0x58, 0xce, 0x38, 0xc6, 0xf7, 0xbd,
  0xb6, 0xb5, 0x95, 0xb5, 0x95, 0xb5, 0xb5, 0xb5, 0xb6, 0xb5, 0xf7, 0xbd, 0x38, 0xc6, 0x38, 0xc6,
  0x17, 0xc6, 0x17, 0xc6, 0x58, 0xce, 0x99, 0xd6, 0xda, 0xde, 0xfb, 0xde, 0xfb, 0xde, 0xfb, 0xde,
  0x1b, 0xe7, 0x1b, 0xe7, 0x1c, 0xe7, 0xfb, 0xde, 0xba, 0xd6, 0x58, 0xce, 0x55, 0xad, 0xf0, 0x7b,
  0xad, 0x4a, 0xab, 0x11, 0xac, 0x09, 0x0d, 0x02, 0x0e, 0x02, 0x2e, 0x02, 0x2e, 0x02, 0x2e, 0x02,
  0x8b, 0x09, 0x8a, 0x11, 0x8a, 0x11, 0x8a, 0x11, 0x8b, 0x11, 0x8b, 0x11, 0x8b, 0x11, 0x8a, 0x11,
  0x8a, 0x11, 0x8a, 0x11, 0xab, 0x11, 0xab, 0x11, 0x8e, 0x3a, 0x54, 0x84, 0x37, 0xad, 0xb8, 0xc5,
  0x18, 0xc6, 0xf7, 0xbd, 0xd6, 0xb5, 0xb6, 0xb5, 0xb6, 0xb5, 0xb6, 0xb5, 0xb6, 0xb5, 0xb6, 0xb5,
  0xb6, 0xb5, 0xb6, 0xb5, 0xb6, 0xb5, 0xb6, 0xb5, 0xb6, 0xb5, 0xb6, 0xb5, 0xb6, 0xb5, 0xb6, 0xb5,
  0xb6, 0xb5, 0xb6, 0xb5, 0x96, 0xb5, 0x96, 0xb5, 0x95, 0xb5, 0x95, 0xb5, 0x75, 0xad, 0x75, 0xad,
  0x75, 0xad, 0x75, 0xad, 0x75, 0xad, 0x75, 0xad, 0x75, 0xad, 0x75, 0xad, 0xb6, 0xb5, 0x17, 0xc6,
  0x79, 0xce, 0x99, 0xd6, 0x99, 0xd6, 0x99, 0xd6, 0x99, 0xd6, 0x99, 0xd6, 0x78, 0xce, 0x58, 0xce,
  0x17, 0xc6, 0x58, 0xd6, 0x58, 0xd6, 0x95, 0xbd, 0xf3, 0xa4, 0x94, 0xbd, 0xd5, 0xcd, 0xf6, 0xcd,
  0x16, 0xce, 0x37, 0xce, 0x58, 0xd6, 0x58, 0xd6, 0x58, 0xd6, 0x3b, 0xe7, 0x99, 0xde, 0xb9, 0xde,
  0xba, 0xde, 0xba, 0xde, 0xda, 0xde, 0xda, 0xde, 0x99, 0xd6, 0x79, 0xde, 0x99, 0xde, 0x99, 0xd6,
  0x79, 0xd6, 0x79, 0xd6, 0x78, 0xd6, 0x58, 0xd6, 0x58, 0xce, 0x58, 0xce, 0x38, 0xce, 0x99, 0xd6,
  0x99, 0xd6, 0x99, 0xd6, 0x79, 0xce, 0x38, 0xc6, 0x79, 0xce, 0xba, 0xd6, 0x9a, 0xd6, 0x9a, 0xd6,
  0xba, 0xd6, 0xda, 0xde, 0xda, 0xde, 0xfb, 0xde, 0xba, 0xd6, 0x79, 0xce, 0x99, 0xce, 0x78, 0xce,
  0x58, 0xce, 0x58, 0xc6, 0x58, 0xce, 0x78, 0xce, 0x79, 0xce, 0x99, 0xd6, 0xba, 0xd6, 0xba, 0xd6,
  0xda, 0xde, 0xda, 0xde, 0xda, 0xde, 0xda, 0xde, 0xda, 0xde, 0xda, 0xde, 0xba, 0xd6, 0xba, 0xd6,
  0xb9, 0xd6, 0xba, 0xd6, 0x99, 0xd6, 0x99, 0xce, 0x78, 0xce, 0x58, 0xce, 0x38, 0xc6, 0x17, 0xc6,
  0xd6, 0xbd, 0xd6, 0xb5, 0xd6, 0xb5, 0xd6, 0xbd, 0xf6, 0xbd, 0x17, 0xc6, 0x38, 0xc6, 0x38, 0xc6,
  0x17, 0xc6, 0x17, 0xc6, 0x58, 0xce, 0x99, 0xd6, 0xda, 0xde, 0xfb, 0xde, 0xfb, 0xde, 0xfb, 0xde,
  0xfb, 0xde, 0x1b, 0xe7, 0x1b, 0xe7, 0xfb, 0xde, 0x9a, 0xd6, 0x58, 0xce, 0x55, 0xad, 0xf0, 0x7b,
  0xad, 0x4a, 0xaa, 0x11, 0xab, 0x09, 0xec, 0x01, 0x0d, 0x02, 0x2e, 0x02, 0x2e, 0x02, 0x2e, 0x02,
  0x8a, 0x09, 0x8a, 0x09, 0x6a, 0x11, 0x8a, 0x11, 0x8a, 0x11, 0x8a, 0x11, 0x8b, 0x11, 0x8a, 0x11,
  0x8a, 0x11, 0x8a, 0x11, 0xaa, 0x19, 0xab, 0x11, 0x8d, 0x3a, 0x54, 0x84, 0x36, 0xad, 0xb8, 0xc5,
  0x18, 0xc6, 0xf7, 0xbd, 0xb6, 0xb5, 0xb6, 0xb5, 0x96, 0xb5, 0x95, 0xb5, 0x95, 0xb5, 0x95, 0xb5,
  0x95, 0xb5, 0x95, 0xb5, 0x96, 0xb5, 0x96, 0xb5, 0x96, 0xb5, 0x96, 0xb5, 0x96, 0xb5, 0x95, 0xb5,
  0x95, 0xb5, 0x95, 0xb5, 0x95, 0xb5, 0x75, 0xad, 0x75, 0xad, 0x75, 0xad, 0x55, 0xad, 0x55, 0xad,
  0x54, 0xad, 0x54, 0xad, 0x54, 0xad, 0x54, 0xad, 0x55, 0xad, 0x54, 0xad, 0xb6, 0xb5, 0x17, 0xc6,
  0x78, 0xce, 0x99, 0xd6, 0xba, 0xd6, 0xb9, 0xd6, 0x99, 0xd6, 0x99, 0xd6, 0xb9, 0xd6, 0xda, 0xde,
  0x17, 0xce, 0x58, 0xd6, 0x99, 0xde, 0x6c, 0x73, 0x80, 0x20, 0xa7, 0x93, 0xe7, 0xa3, 0x86, 0x9b,
  0x86, 0x9b, 0xc8, 0xa3, 0x26, 0x62, 0xe7, 0x41, 0x48, 0x4a, 0x28, 0x4a, 0x28, 0x4a, 0x28, 0x4a,
  0x28, 0x4a, 0x28, 0x4a, 0x08, 0x42, 0x47, 0x52, 0xc9, 0x93, 0x09, 0x9c, 0x09, 0x9c, 0xe9, 0x9b,
  0xe9, 0x9b, 0xc8, 0x93, 0xa8, 0x8b, 0xa8, 0x8b, 0x28, 0x7b, 0x03, 0x29, 0x07, 0x42, 0x79, 0xd6,
  0x58, 0xce, 0x79, 0xce, 0xf7, 0xbd, 0xd6, 0xbd, 0xf7, 0xbd, 0x17, 0xc6, 0x38, 0xc6, 0x99, 0xce,
  0xfb, 0xde, 0x3c, 0xe7, 0x3c, 0xe7, 0x3c, 0xe7, 0x3c, 0xe7, 0xda, 0xde, 0x79, 0xce, 0x58, 0xce,
  0x58, 0xce, 0x58, 0xce, 0x79, 0xce, 0x79, 0xce, 0x99, 0xd6, 0xba, 0xd6, 0xba, 0xd6, 0xba, 0xd6,
  0xda, 0xde, 0xda, 0xde, 0xda, 0xde, 0xda, 0xde, 0xda, 0xde, 0xda, 0xde, 0xda, 0xde, 0xda, 0xde,
  0xba, 0xd6, 0xba, 0xd6, 0x99, 0xd6, 0x99, 0xce, 0x79, 0xce, 0x58, 0xce, 0x38, 0xc6, 0x17, 0xc6,
  0xf7, 0xbd, 0xf6, 0xbd, 0xd6, 0xbd, 0xd6, 0xbd, 0xf7, 0xbd, 0x17, 0xc6, 0x38, 0xc6, 0x38, 0xc6,
  0x17, 0xc6, 0x17, 0xc6, 0x58, 0xce, 0x99, 0xd6, 0xba, 0xd6, 0xfb, 0xde, 0xfb, 0xde, 0xfb, 0xde,
  0xfb, 0xde, 0x1b, 0xdf, 0x1b, 0xe7, 0xdb, 0xde, 0x99, 0xd6, 0x58, 0xc6, 0x55, 0xad, 0xf0, 0x7b,
  0x8d, 0x42, 0x8a, 0x11, 0x8b, 0x09, 0xcc, 0x09, 0xed, 0x01, 0x2e, 0x02, 0x2e, 0x02, 0x2e, 0x02,
  0x8a, 0x09, 0x6a, 0x09, 0x6a, 0x11, 0x6a, 0x11, 0x8a, 0x11, 0x8a, 0x11, 0x6a, 0x11, 0x6a, 0x11,
  0x6a, 0x11, 0x6a, 0x11, 0x8a, 0x11, 0x8b, 0x11, 0x6d, 0x3a, 0x53, 0x84, 0x36, 0xad, 0xb7, 0xc5,
  0x17, 0xc6, 0xd6, 0xbd, 0xb5, 0xb5, 0x95, 0xb5, 0x95, 0xb5, 0x75, 0xad, 0x75, 0xad, 0x75, 0xad,
  0x75, 0xad, 0x75, 0xad, 0x75, 0xad, 0x75, 0xad, 0x75, 0xad, 0x75, 0xad, 0x75, 0xad, 0x75, 0xad,
  0x75, 0xad, 0x75, 0xad, 0x75, 0xad, 0x75, 0xad, 0x55, 0xad, 0x54, 0xad, 0x54, 0xad, 0x54, 0xa5,
  0x34, 0xa5, 0x34, 0xa5, 0x34, 0xa5, 0x34, 0xa5, 0x34, 0xa5, 0x34, 0xa5, 0x95, 0xb5, 0x17, 0xc6,
  0x79, 0xce, 0x99, 0xd6, 0xba, 0xd6, 0xfa, 0xde, 0xfb, 0xde, 0xda, 0xde, 0xf7, 0xbd, 0xd2, 0x9c,
  0xf7, 0xc5, 0x59, 0xd6, 0xba, 0xe6, 0xae, 0x83, 0xc3, 0x51, 0xc9, 0xcc, 0xa7, 0xcc, 0x86, 0xc4,
  0x04, 0xbc, 0xe9, 0xd4, 0x47, 0x93, 0x60, 0x10, 0x40, 0x08, 0x20, 0x08, 0x00, 0x00, 0x00, 0x00,
  0x40, 0x00, 0x20, 0x00, 0x40, 0x08, 0xe5, 0x7a, 0xe8, 0xc4, 0x88, 0xbc, 0x67, 0xbc, 0x87, 0xc4,
  0xa7, 0xc4, 0xa7, 0xc4, 0xa8, 0xc4, 0x88, 0xbc, 0xc9, 0xc4, 0x64, 0x6a, 0x07, 0x52, 0xba, 0xd6,
  0x79, 0xd6, 0x79, 0xce, 0xf7, 0xbd, 0x17, 0xc6, 0x99, 0xd6, 0x79, 0xce, 0x9a, 0xd6, 0x1b, 0xe7,
  0x5c, 0xef, 0x1b, 0xe7, 0x1b, 0xe7, 0x1b, 0xe7, 0x1b, 0xe7, 0x1b, 0xe7, 0xba, 0xd6, 0x58, 0xce,
  0x58, 0xce, 0x79, 0xce, 0x79, 0xce, 0x99, 0xd6, 0xb9, 0xd6, 0xb9, 0xd6, 0xba, 0xd6, 0xda, 0xd6,
  0xda, 0xde, 0xda, 0xde, 0xda, 0xde, 0xda, 0xde, 0xda, 0xde, 0xda, 0xde, 0xda, 0xde, 0xda, 0xde,
  0xda, 0xd6, 0xba, 0xd6, 0xba, 0xd6, 0x99, 0xd6, 0x79, 0xce, 0x58, 0xce, 0x38, 0xc6, 0x17, 0xc6,
  0x17, 0xbe, 0xf7, 0xbd, 0xd6, 0xbd, 0xd6, 0xbd, 0xf7, 0xbd, 0x17, 0xc6, 0x38, 0xc6, 0x38, 0xc6,
  0x17, 0xc6, 0x37, 0xc6, 0x58, 0xce, 0x99, 0xd6, 0xba, 0xd6, 0xfb, 0xde, 0xfb, 0xde, 0xfb, 0xde,
  0xfb, 0xde, 0x1b, 0xdf, 0x1b, 0xe7, 0xdb, 0xde, 0xb9, 0xd6, 0x38, 0xc6, 0x55, 0xad, 0xd0, 0x7b,
  0x8c, 0x42, 0x8a, 0x11, 0x8b, 0x09, 0xac, 0x09, 0xed, 0x01, 0x2e, 0x02, 0x2e, 0x02, 0x2e, 0x02,
  0x6a, 0x09, 0x6a, 0x09, 0x49, 0x09, 0x6a, 0x11, 0x6a, 0x11, 0x6a, 0x11, 0x6a, 0x11, 0x6a, 0x11,
  0x69, 0x11, 0x69, 0x11, 0x8a, 0x11, 0x8a, 0x11, 0x6d, 0x3a, 0x53, 0x84, 0x36, 0xad, 0xb7, 0xc5,
  0x17, 0xc6, 0xd6, 0xbd, 0x95, 0xb5, 0x75, 0xad, 0x75, 0xad, 0x75, 0xad, 0x75, 0xad, 0x75, 0xad,
  0x75, 0xad, 0x75, 0xad, 0x55, 0xad, 0x55, 0xad, 0x75, 0xad, 0x55, 0xad, 0x55, 0xad, 0x55, 0xad,
  0x55, 0xad, 0x55, 0xad, 0x55, 0xad, 0x54, 0xad, 0x54, 0xa5, 0x34, 0xa5, 0x34, 0xa5, 0x34, 0xa5,
  0x14, 0xa5, 0x14, 0xa5, 0x14, 0xa5, 0x34, 0xa5, 0x34, 0xa5, 0x34, 0xa5, 0xf6, 0xbd, 0x99, 0xd6,
  0xba, 0xde, 0xda, 0xe6, 0x1b, 0xe7, 0x5c, 0xe7, 0x5c, 0xe7, 0x5c, 0xef, 0xef, 0x7b, 0x81, 0x10,
  0xd6, 0xc5, 0x79, 0xde, 0x9a, 0xde, 0xce, 0x83, 0x02, 0x31, 0x69, 0xbc, 0xe8, 0xcc, 0x86, 0xc4,
  0xc7, 0xd4, 0x0a, 0xd5, 0x06, 0x83, 0xe1, 0x20, 0x81, 0x18, 0xa2, 0x38, 0x82, 0x40, 0x61, 0x20,
  0x81, 0x08, 0x81, 0x08, 0xe2, 0x28, 0x88, 0x8b, 0xea, 0xc4, 0x4a, 0xd5, 0x08, 0xcd, 0xe8, 0xc4,
  0xe8, 0xcc, 0xe8, 0xc4, 0xe8, 0xc4, 0x09, 0xcd, 0x4a, 0xd5, 0x45, 0x8b, 0x2a, 0x73, 0xba, 0xde,
  0x79, 0xd6, 0x99, 0xd6, 0xf7, 0xbd, 0x78, 0xce, 0x99, 0xd6, 0x38, 0xc6, 0x96, 0xb5, 0x13, 0xa5,
  0x54, 0xad, 0xba, 0xd6, 0xba, 0xd6, 0x79, 0xce, 0x38, 0xc6, 0x79, 0xce, 0xb9, 0xd6, 0x59, 0xce,
  0x78, 0xce, 0x79, 0xce, 0xb9, 0xd6, 0xba, 0xd6, 0xba, 0xd6, 0x99, 0xd6, 0x79, 0xce, 0x79, 0xce,
  0x99, 0xd6, 0xda, 0xde, 0xda, 0xde, 0xda, 0xde, 0xda, 0xde, 0xda, 0xde, 0xda, 0xde, 0xda, 0xde,
  0xba, 0xd6, 0xb9, 0xd6, 0x79, 0xce, 0x58, 0xce, 0x38, 0xc6, 0x17, 0xc6, 0xf7, 0xbd, 0xd6, 0xbd,
  0xb6, 0xb5, 0xb6, 0xb5, 0x95, 0xb5, 0x95, 0xb5, 0xb6, 0xb5, 0xf7, 0xbd, 0x38, 0xc6, 0x38, 0xc6,
  0x17, 0xc6, 0x17, 0xc6, 0x58, 0xce, 0x99, 0xd6, 0xba, 0xd6, 0xfb, 0xde, 0xfb, 0xde, 0xfb, 0xde,
  0xfb, 0xde, 0x1b, 0xdf, 0x1b, 0xe7, 0xdb, 0xde, 0x99, 0xd6, 0x38, 0xc6, 0x35, 0xa5, 0xd0, 0x73,
  0x8d, 0x42, 0xaa, 0x11, 0xab, 0x09, 0xcc, 0x01, 0x0d, 0x02, 0x2e, 0x02, 0x2e, 0x02, 0x2e, 0x02,
  0x6a, 0x09, 0x49, 0x09, 0x49, 0x11, 0x6a, 0x11, 0x6a, 0x11, 0x6a, 0x11, 0x6a, 0x11, 0x6a, 0x11,
  0x69, 0x11, 0x69, 0x11, 0x69, 0x11, 0x6a, 0x11, 0x6d, 0x42, 0x53, 0x8c, 0x36, 0xad, 0xb8, 0xc5,
  0x17, 0xc6, 0xb6, 0xb5, 0x75, 0xad, 0x54, 0xad, 0x55, 0xad, 0x55, 0xad, 0x55, 0xad, 0x55, 0xad,
  0x55, 0xad, 0x54, 0xad, 0x54, 0xad, 0x54, 0xad, 0x54, 0xad, 0x54, 0xad, 0x54, 0xad, 0x54, 0xa5,
  0x54, 0xa5, 0x54, 0xa5, 0x34, 0xa5, 0x34, 0xa5, 0x34, 0xa5, 0x14, 0xa5, 0x13, 0xa5, 0xf3, 0x9c,
  0xf3, 0x9c, 0xf3, 0x9c, 0x13, 0x9d, 0x13, 0xa5, 0x13, 0xa5, 0x54, 0xad, 0x79, 0xd6, 0xba, 0xde,
  0xdb, 0xe6, 0x1c, 0xe7, 0x7d, 0xef, 0x9d, 0xef, 0x7d, 0xe7, 0x7d, 0xef, 0x0f, 0x84, 0x00, 0x00,
  0x95, 0xbd, 0x99, 0xde, 0xba, 0xde, 0xce, 0x83, 0x00, 0x00, 0xc4, 0x49, 0xea, 0xcc, 0x08, 0xdd,
  0xa6, 0xa3, 0x42, 0x41, 0x40, 0x10, 0xa2, 0x38, 0x04, 0x61, 0x05, 0x81, 0xc4, 0x88, 0xc4, 0x78,
  0xa3, 0x50, 0x61, 0x28, 0x40, 0x10, 0x40, 0x08, 0x02, 0x29, 0xe5, 0x7a, 0x88, 0xbc, 0x49, 0xd5,
  0x49, 0xd5, 0x28, 0xcd, 0x29, 0xcd, 0x89, 0xb4, 0xc6, 0x6a, 0x60, 0x10, 0xcb, 0x62, 0xba, 0xde,
  0x79, 0xd6, 0x79, 0xd6, 0xf6, 0xbd, 0x58, 0xce, 0xf7, 0xbd, 0x96, 0xb5, 0x96, 0xb5, 0x6d, 0x73,
  0x45, 0x29, 0xba, 0xd6, 0xba, 0xd6, 0x59, 0xce, 0x58, 0xc6, 0x59, 0xce, 0x79, 0xce, 0x18, 0xc6,
  0x17, 0xc6, 0x58, 0xce, 0x79, 0xce, 0x79, 0xce, 0x58, 0xce, 0x38, 0xc6, 0xf7, 0xbd, 0x17, 0xc6,
  0x99, 0xd6, 0x99, 0xce, 0xba, 0xd6, 0xda, 0xde, 0xda, 0xde, 0xda, 0xde, 0xda, 0xde, 0xda, 0xd6,
  0x99, 0xd6, 0x58, 0xce, 0xf7, 0xbd, 0xb6, 0xb5, 0x95, 0xb5, 0x75, 0xad, 0x54, 0xad, 0x34, 0xa5,
  0x13, 0xa5, 0x13, 0x9d, 0xf3, 0x9c, 0x13, 0xa5, 0x54, 0xad, 0xb5, 0xb5, 0x17, 0xc6, 0x38, 0xc6,
  0x17, 0xc6, 0x17, 0xc6, 0x58, 0xce, 0x99, 0xce, 0xba, 0xd6, 0xfa, 0xde, 0xfb, 0xde, 0xfb, 0xde,
  0xfb, 0xde, 0xfb, 0xde, 0xfb, 0xde, 0xda, 0xde, 0x99, 0xd6, 0x38, 0xc6, 0x14, 0xa5, 0xb0, 0x73,
  0x8d, 0x42, 0xab, 0x11, 0xcc, 0x01, 0xed, 0x01, 0x0e, 0x02, 0x2e, 0x02, 0x2e, 0x02, 0x0e, 0x02,
  0x6a, 0x09, 0x49, 0x11, 0x49, 0x11, 0x6a, 0x11, 0x6a, 0x11, 0x6a, 0x11, 0x6a, 0x11, 0x6a, 0x11,
  0x49, 0x11, 0x69, 0x11, 0x69, 0x11, 0x6a, 0x11, 0x6d, 0x3a, 0x53, 0x84, 0x36, 0xad, 0xb7, 0xbd,
  0x17, 0xc6, 0xb6, 0xb5, 0x54, 0xad, 0x54, 0xa5, 0x54, 0xad, 0x34, 0xa5, 0x34, 0xa5, 0x34, 0xa5,
  0x34, 0xa5, 0x34, 0xa5, 0x34, 0xa5, 0x34, 0xa5, 0x34, 0xa5, 0x34, 0xa5, 0x34, 0xa5, 0x34, 0xa5,
  0x34, 0xa5, 0x34, 0xa5, 0x14, 0xa5, 0x13, 0xa5, 0xf3, 0x9c, 0xf3, 0x9c, 0xf3, 0x9c, 0xd3, 0x9c,
  0xd3, 0x9c, 0xf3, 0x9c, 0xf3, 0x9c, 0xf3, 0x9c, 0xf3, 0x9c, 0x55, 0xad, 0x9a, 0xde, 0xdb, 0xe6,
  0x1c, 0xef, 0x7d, 0xef, 0xbe, 0xf7, 0xbe, 0xef, 0xbe, 0xef, 0x7d, 0xef, 0xd6, 0xbd, 0x50, 0x8c,
  0x17, 0xce, 0x99, 0xde, 0xb9, 0xe6, 0xce, 0x83, 0x00, 0x10, 0x00, 0x10, 0xe4, 0x59, 0x44, 0x6a,
  0x40, 0x10, 0xc2, 0x30, 0x65, 0x71, 0x25, 0x89, 0xe4, 0x88, 0xa3, 0x80, 0xa2, 0x78, 0xc3, 0x80,
  0x05, 0x89, 0x25, 0x81, 0x04, 0x69, 0xa2, 0x40, 0x40, 0x10, 0x20, 0x00, 0xc1, 0x18, 0x44, 0x62,
  0x28, 0xac, 0x47, 0xac, 0x64, 0x62, 0xe1, 0x20, 0x20, 0x10, 0x00, 0x00, 0x6d, 0x73, 0xda, 0xde,
  0x99, 0xd6, 0x99, 0xd6, 0xf7, 0xbd, 0x99, 0xd6, 0x17, 0xc6, 0x95, 0xb5, 0xb6, 0xb5, 0xaa, 0x52,
  0x65, 0x31, 0xfb, 0xde, 0x99, 0xd6, 0x58, 0xce, 0x79, 0xce, 0xb6, 0xbd, 0xf6, 0xc5, 0xf7, 0xbd,
  0xd6, 0xbd, 0x38, 0xc6, 0x17, 0xc6, 0xf7, 0xbd, 0xd6, 0xbd, 0x95, 0xb5, 0x54, 0xa5, 0xba, 0xd6,
  0x5c, 0xe7, 0x1b, 0xdf, 0xba, 0xd6, 0xda, 0xde, 0xda, 0xde, 0xda, 0xde, 0xda, 0xde, 0xda, 0xde,
  0x99, 0xd6, 0x58, 0xc6, 0xd6, 0xb5, 0x54, 0xad, 0x13, 0xa5, 0xf3, 0x9c, 0xb2, 0x94, 0x71, 0x8c,
  0x50, 0x8c, 0x0f, 0x84, 0xae, 0x73, 0x0f, 0x84, 0xb2, 0x94, 0x34, 0xa5, 0xd6, 0xbd, 0x17, 0xc6,
  0x17, 0xc6, 0x17, 0xc6, 0x58, 0xce, 0x79, 0xce, 0xba, 0xd6, 0xda, 0xde, 0xfb, 0xde, 0xfb, 0xde,
  0xfb, 0xde, 0xfb, 0xde, 0xfb, 0xde, 0xda, 0xde, 0x99, 0xce, 0x37, 0xc6, 0x14, 0xa5, 0xb0, 0x73,
  0x8e, 0x3a, 0xcc, 0x09, 0xcd, 0x01, 0x0d, 0x02, 0x0e, 0x02, 0x2e, 0x02, 0x2e, 0x02, 0x0e, 0x02,
  0x69, 0x09, 0x49, 0x09, 0x49, 0x09, 0x69, 0x11, 0x6a, 0x11, 0x6a, 0x11, 0x6a, 0x11, 0x6a, 0x11,
  0x49, 0x11, 0x69, 0x11, 0x69, 0x11, 0x69, 0x11, 0x6d, 0x3a, 0x53, 0x84, 0x36, 0xad, 0xb7, 0xbd,
  0xf7, 0xbd, 0xb6, 0xb5, 0x54, 0xad, 0x34, 0xa5, 0x34, 0xa5, 0x34, 0xa5, 0x34, 0xa5, 0x34, 0xa5,
  0x34, 0xa5, 0x14, 0xa5, 0x14, 0xa5, 0x13, 0xa5, 0x13, 0xa5, 0x13, 0xa5, 0x13, 0xa5, 0x13, 0xa5,
  0x13, 0xa5, 0xf3, 0x9c, 0xf3, 0x9c, 0xf3, 0x9c, 0xd3, 0x9c, 0xd2, 0x9c, 0xd2, 0x9c, 0xb2, 0x94,
  0xb2, 0x94, 0xd2, 0x94, 0xd2, 0x9c, 0xd2, 0x9c, 0xd2, 0x9c, 0x75, 0xad, 0xbb, 0xe6, 0xfc, 0xee,
  0x5d, 0xef, 0x9e, 0xf7, 0xbf, 0xf7, 0xbf, 0xf7, 0xdf, 0xf7, 0x7d, 0xef, 0x38, 0xce, 0x54, 0xad,
  0x37, 0xce, 0xb9, 0xe6, 0x99, 0xde, 0x54, 0xb5, 0xe3, 0x30, 0xe2, 0x48, 0xa2, 0x48, 0x82, 0x30,
  0x45, 0x69, 0x65, 0x89, 0x24, 0x81, 0x45, 0x81, 0x49, 0x8a, 0xae, 0xab, 0x4c, 0x9b, 0xe7, 0x79,
  0x45, 0x71, 0xc4, 0x78, 0xe4, 0x80, 0x25, 0x89, 0x25, 0x79, 0x04, 0x59, 0x61, 0x28, 0x20, 0x10,
  0x81, 0x20, 0x81, 0x30, 0x21, 0x28, 0xa3, 0x48, 0x41, 0x40, 0x65, 0x59, 0xb6, 0xc5, 0x99, 0xde,
  0xba, 0xde, 0x79, 0xce, 0x79, 0xce, 0x58, 0xce, 0x17, 0xc6, 0x38, 0xc6, 0x99, 0xd6, 0x34, 0xa5,
  0xd3, 0x9c, 0xda, 0xde, 0x99, 0xd6, 0x59, 0xce, 0x59, 0xc6, 0x54, 0xb5, 0xb4, 0xc5, 0xd6, 0xbd,
  0xb5, 0xb5, 0xf6, 0xbd, 0xd6, 0xbd, 0xb6, 0xb5, 0x75, 0xad, 0x91, 0x94, 0xb5, 0xb5, 0xfa, 0xde,
  0xda, 0xde, 0xda, 0xde, 0xda, 0xde, 0xdb, 0xde, 0xfb, 0xde, 0xfb, 0xde, 0xfb, 0xde, 0xfb, 0xde,
  0xda, 0xde, 0xba, 0xd6, 0x59, 0xce, 0xf7, 0xbd, 0x95, 0xb5, 0x54, 0xad, 0xd2, 0x9c, 0x50, 0x8c,
  0x0f, 0x84, 0x8d, 0x73, 0xeb, 0x5a, 0x0b, 0x63, 0x0f, 0x84, 0xf3, 0x9c, 0x95, 0xb5, 0xd6, 0xbd,
  0xd6, 0xbd, 0xf7, 0xbd, 0x38, 0xc6, 0x79, 0xce, 0xba, 0xd6, 0xda, 0xde, 0xdb, 0xde, 0xdb, 0xde,
  0xfb, 0xde, 0xfb, 0xde, 0xfb, 0xde, 0xba, 0xd6, 0x79, 0xce, 0x17, 0xc6, 0xf4, 0x9c, 0x90, 0x73,
  0x8e, 0x3a, 0xcc, 0x09, 0x0d, 0x02, 0x0e, 0x02, 0x0e, 0x02, 0x2e, 0x02, 0x2e, 0x02, 0x2e, 0x02,
  0x49, 0x09, 0x49, 0x09, 0x69, 0x09, 0x69, 0x09, 0x6a, 0x11, 0x6a, 0x11, 0x6a, 0x11, 0x6a, 0x11,
  0x69, 0x11, 0x69, 0x11, 0x69, 0x11, 0x69, 0x11, 0x6d, 0x3a, 0x53, 0x84, 0x36, 0xad, 0x97, 0xbd,
  0xf7, 0xbd, 0x95, 0xb5, 0x34, 0xa5, 0x34, 0xa5, 0x34, 0xa5, 0x14, 0xa5, 0x13, 0xa5, 0x13, 0xa5,
  0x13, 0xa5, 0x13, 0x9d, 0xf3, 0x9c, 0xf3, 0x9c, 0xf3, 0x9c, 0xf3, 0x9c, 0xf3, 0x9c, 0xf3, 0x9c,
  0xf3, 0x9c, 0xf3, 0x9c, 0xd3, 0x9c, 0xd2, 0x9c, 0xd2, 0x9c, 0xb2, 0x94, 0x92, 0x94, 0x91, 0x94,
  0x92, 0x94, 0x92, 0x94, 0xb2, 0x94, 0xd2, 0x94, 0xb2, 0x94, 0x54, 0xad, 0xdb, 0xe6, 0x3c, 0xef,
  0x7d, 0xef, 0xbe, 0xf7, 0xbf, 0xf7, 0xbf, 0xf7, 0xbf, 0xef, 0xbe, 0xf7, 0x71, 0x94, 0x00, 0x00,
  0xf2, 0xa4, 0x3b, 0xef, 0x99, 0xde, 0x78, 0xd6, 0xb2, 0xa4, 0xce, 0x9b, 0x89, 0x92, 0xa6, 0x89,
  0xe7, 0x89, 0xea, 0x92, 0x50, 0xac, 0x95, 0xcd, 0x99, 0xe6, 0x5b, 0xef, 0x1a, 0xe7, 0x37, 0xce,
  0x75, 0xc5, 0x50, 0xac, 0xcb, 0x8a, 0xc7, 0x81, 0x45, 0x79, 0x24, 0x81, 0xe4, 0x80, 0xe3, 0x68,
  0xe4, 0x60, 0x45, 0x71, 0x28, 0x8a, 0x8a, 0x8a, 0x8e, 0x93, 0x37, 0xd6, 0xb9, 0xde, 0x79, 0xd6,
  0x79, 0xd6, 0x18, 0xc6, 0x38, 0xc6, 0x58, 0xc6, 0xf7, 0xbd, 0xb6, 0xb5, 0xb5, 0xb5, 0x75, 0xad,
  0x38, 0xc6, 0xba, 0xd6, 0x99, 0xd6, 0x79, 0xce, 0x38, 0xc6, 0x53, 0xb5, 0x73, 0xbd, 0xb6, 0xbd,
  0x95, 0xad, 0x74, 0xad, 0x74, 0xad, 0x74, 0xad, 0x91, 0x94, 0x50, 0x8c, 0xba, 0xd6, 0xda, 0xde,
  0xda, 0xd6, 0xba, 0xd6, 0xba, 0xd6, 0x9a, 0xd6, 0xba, 0xd6, 0xfb, 0xde, 0xfb, 0xde, 0xfb, 0xde,
  0xda, 0xde, 0x9a, 0xd6, 0x59, 0xce, 0xf7, 0xbd, 0xb6, 0xb5, 0x75, 0xad, 0xf3, 0x9c, 0x91, 0x8c,
  0x30, 0x84, 0xef, 0x7b, 0x6d, 0x6b, 0x2c, 0x63, 0xef, 0x7b, 0xd2, 0x9c, 0x75, 0xad, 0x95, 0xb5,
  0x95, 0xb5, 0xd6, 0xb5, 0x17, 0xc6, 0x59, 0xce, 0xb9, 0xd6, 0xda, 0xde, 0xdb, 0xde, 0xdb, 0xde,
  0xdb, 0xde, 0xfb, 0xde, 0xfb, 0xde, 0xba, 0xd6, 0x79, 0xce, 0x17, 0xc6, 0xd4, 0x9c, 0x90, 0x6b,
  0x8e, 0x3a, 0xec, 0x09, 0x0d, 0x02, 0x0e, 0x02, 0x0e, 0x02, 0x2e, 0x02, 0x2e, 0x02, 0x0e, 0x02,
  0x4a, 0x09, 0x69, 0x09, 0x49, 0x09, 0x6a, 0x09, 0x6a, 0x11, 0x8a, 0x11, 0x6a, 0x11, 0x6a, 0x11,
  0x69, 0x11, 0x69, 0x11, 0x69, 0x11, 0x6a, 0x11, 0x6d, 0x42, 0x53, 0x84, 0x36, 0xad, 0x97, 0xbd,
  0xd6, 0xbd, 0x75, 0xad, 0x14, 0xa5, 0x13, 0xa5, 0x13, 0xa5, 0x13, 0x9d, 0xf3, 0x9c, 0xf3, 0x9c,
  0xf3, 0x9c, 0xf3, 0x9c, 0xf3, 0x9c, 0xd3, 0x9c, 0xd2, 0x9c, 0xd2, 0x9c, 0xd2, 0x94, 0xd2, 0x9c,
  0xb2, 0x94, 0xb2, 0x94, 0xb2, 0x94, 0x92, 0x94, 0x92, 0x94, 0x91, 0x94, 0x91, 0x8c, 0x71, 0x8c,
  0x91, 0x8c, 0x91, 0x8c, 0x91, 0x94, 0x91, 0x94, 0x91, 0x94, 0x54, 0xad, 0xfb, 0xde, 0x3d, 0xe7,
  0x7d, 0xef, 0x9e, 0xef, 0xbf, 0xef, 0xbf, 0xef, 0xbf, 0xef, 0x7d, 0xe7, 0x38, 0xc6, 0x91, 0x94,
  0x16, 0xc6, 0xfa, 0xe6, 0xb9, 0xde, 0xba, 0xe6, 0xf6, 0xc5, 0x17, 0xce, 0x37, 0xd6, 0x54, 0xc5,
  0xd6, 0xcd, 0xb9, 0xe6, 0xfb, 0xe6, 0x3c, 0xef, 0x79, 0xd6, 0x91, 0x94, 0x95, 0xb5, 0x1c, 0xe7,
  0x3c, 0xef, 0xfb, 0xe6, 0xba, 0xd6, 0x58, 0xd6, 0x74, 0xbd, 0x50, 0xac, 0xef, 0xab, 0x91, 0xb4,
  0x33, 0xbd, 0xd6, 0xc5, 0x17, 0xc6, 0x78, 0xce, 0xda, 0xde, 0xba, 0xd6, 0x99, 0xd6, 0x58, 0xce,
  0x38, 0xc6, 0x17, 0xbe, 0x17, 0xbe, 0x37, 0xc6, 0x17, 0xbe, 0xb6, 0xb5, 0x71, 0x8c, 0x00, 0x00,
  0x6d, 0x6b, 0x1c, 0xe7, 0x99, 0xd6, 0x79, 0xce, 0x18, 0xc6, 0x33, 0xb5, 0x52, 0xbd, 0xf7, 0xbd,
  0xd6, 0xb5, 0xb5, 0xb5, 0x74, 0xad, 0x34, 0xa5, 0xb2, 0x94, 0x17, 0xc6, 0xfa, 0xde, 0xda, 0xd6,
  0xda, 0xd6, 0xba, 0xd6, 0x9a, 0xd6, 0x99, 0xd6, 0xba, 0xd6, 0xda, 0xde, 0xdb, 0xde, 0xfb, 0xde,
  0xda, 0xde, 0xba, 0xd6, 0x79, 0xce, 0x58, 0xce, 0x17, 0xc6, 0xf6, 0xbd, 0xb6, 0xb5, 0x54, 0xad,
  0xf3, 0x9c, 0xd2, 0x9c, 0x92, 0x94, 0x71, 0x8c, 0x91, 0x94, 0x13, 0xa5, 0x95, 0xad, 0x95, 0xb5,
  0x95, 0xb5, 0xb6, 0xb5, 0xf7, 0xbd, 0x58, 0xce, 0xba, 0xd6, 0xda, 0xde, 0xdb, 0xde, 0xdb, 0xde,
  0xdb, 0xde, 0xfb, 0xde, 0xfb, 0xde, 0xba, 0xd6, 0x78, 0xce, 0xf7, 0xbd, 0xb4, 0x9c, 0x90, 0x6b,
  0x8e, 0x3a, 0xed, 0x09, 0x2d, 0x02, 0x0e, 0x02, 0x0e, 0x02, 0x2e, 0x02, 0x2e, 0x02, 0x2e, 0x02,
  0x4a, 0x09, 0x69, 0x09, 0x49, 0x09, 0x4a, 0x11, 0x6a, 0x11, 0x8a, 0x11, 0x6a, 0x11, 0x69, 0x11,
  0x69, 0x11, 0x6a, 0x11, 0x6a, 0x11, 0x69, 0x11, 0x6d, 0x42, 0x53, 0x8c, 0x36, 0xad, 0x97, 0xbd,
  0xd6, 0xbd, 0x75, 0xad, 0x13, 0x9d, 0xf3, 0x9c, 0xf3, 0x9c, 0xf3, 0x9c, 0xf3, 0x9c, 0xd3, 0x9c,
  0xd3, 0x9c, 0xd2, 0x9c, 0xd2, 0x9c, 0xd2, 0x94, 0xb2, 0x94, 0xb2, 0x94, 0xb2, 0x94, 0xb2, 0x94,
  0xb2, 0x94, 0x92, 0x94, 0x91, 0x94, 0x91, 0x94, 0x71, 0x8c, 0x71, 0x8c, 0x71, 0x8c, 0x71, 0x8c,
  0x71, 0x8c, 0x71, 0x8c, 0x71, 0x8c, 0x91, 0x8c, 0x71, 0x8c, 0x54, 0xa5, 0xfb, 0xde, 0x3c, 0xdf,
  0x7d, 0xe7, 0x7e, 0xe7, 0x9e, 0xe7, 0x7e, 0xe7, 0x5e, 0xdf, 0x3c, 0xdf, 0x58, 0xc6, 0x6d, 0x6b,
  0x54, 0xad, 0xfa, 0xe6, 0xb9, 0xde, 0xda, 0xe6, 0x37, 0xce, 0xb6, 0xbd, 0xb9, 0xde, 0xb9, 0xd6,
  0x99, 0xde, 0x79, 0xde, 0xb6, 0xc5, 0x0c, 0x63, 0x65, 0x31, 0x44, 0x29, 0xa2, 0x18, 0x86, 0x31,
  0xef, 0x83, 0x38, 0xce, 0xba, 0xd6, 0xba, 0xd6, 0xda, 0xd6, 0xda, 0xde, 0xfb, 0xde, 0xfb, 0xde,
  0xfb, 0xd6, 0xb9, 0xce, 0x58, 0xce, 0x9a, 0xd6, 0xba, 0xde, 0xba, 0xde, 0x79, 0xd6, 0x18, 0xc6,
  0x59, 0xce, 0x18, 0xc6, 0x17, 0xbe, 0xf6, 0xbd, 0x17, 0xbe, 0xba, 0xd6, 0x79, 0xce, 0x50, 0x8c,
  0xd6, 0xbd, 0xda, 0xde, 0x99, 0xd6, 0x59, 0xce, 0x38, 0xc6, 0x32, 0xad, 0x31, 0xb5, 0x18, 0xc6,
  0x17, 0xbe, 0xf7, 0xbd, 0xd6, 0xbd, 0xb5, 0xb5, 0xd6, 0xbd, 0xda, 0xde, 0xba, 0xd6, 0xda, 0xde,
  0xba, 0xd6, 0x99, 0xd6, 0x99, 0xd6, 0x99, 0xd6, 0xba, 0xd6, 0xba, 0xd6, 0xdb, 0xde, 0xfb, 0xde,
  0xfb, 0xde, 0xda, 0xde, 0xba, 0xd6, 0x99, 0xd6, 0x79, 0xce, 0x58, 0xce, 0x37, 0xc6, 0xd6, 0xbd,
  0xb6, 0xb5, 0x95, 0xad, 0x54, 0xad, 0x54, 0xad, 0x54, 0xad, 0x75, 0xad, 0xb5, 0xb5, 0xb6, 0xb5,
  0xb6, 0xb5, 0xb6, 0xb5, 0xf7, 0xbd, 0x59, 0xce, 0xba, 0xd6, 0xda, 0xde, 0xdb, 0xde, 0xdb, 0xde,
  0xdb, 0xde, 0xdb, 0xde, 0xfb, 0xde, 0xba, 0xd6, 0x78, 0xce, 0xf7, 0xbd, 0xb3, 0x94, 0x70, 0x63,
  0x8e, 0x32, 0xec, 0x09, 0x0d, 0x02, 0x0d, 0x02, 0x0d, 0x02, 0x0e, 0x02, 0x0e, 0x02, 0x0e, 0x02,
  0x4a, 0x09, 0x4a, 0x09, 0x4a, 0x09, 0x6a, 0x11, 0x6a, 0x11, 0x8a, 0x11, 0x6a, 0x11, 0x6a, 0x11,
  0x69, 0x11, 0x6a, 0x11, 0x6a, 0x11, 0x6a, 0x11, 0x8d, 0x42, 0x53, 0x8c, 0x36, 0xad, 0x97, 0xbd,
  0xb6, 0xb5, 0x55, 0xad, 0xf3, 0x9c, 0xd3, 0x9c, 0xd3, 0x9c, 0xd2, 0x9c, 0xd2, 0x9c, 0xd2, 0x9c,
  0xd2, 0x94, 0xb2, 0x94, 0xb2, 0x94, 0xb2, 0x94, 0xb2, 0x94, 0xb2, 0x94, 0x92, 0x94, 0x92, 0x94,
  0x92, 0x94, 0x91, 0x94, 0x91, 0x8c, 0x91, 0x94, 0x71, 0x8c, 0x71, 0x8c, 0x71, 0x8c, 0x71, 0x8c,
  0x71, 0x8c, 0x71, 0x8c, 0x71, 0x8c, 0x91, 0x8c, 0x71, 0x8c, 0x54, 0xa5, 0xfb, 0xd6, 0x3c, 0xdf,
  0x5d, 0xe7, 0x7d, 0xe7, 0x5d, 0xdf, 0x1c, 0xd7, 0xfb, 0xc6, 0xfb, 0xd6, 0xf6, 0xbd, 0x00, 0x00,
  0xee, 0x83, 0x1b, 0xef, 0xb9, 0xde, 0xda, 0xde, 0x37, 0xce, 0xd6, 0xbd, 0x99, 0xde, 0x79, 0xd6,
  0x99, 0xd6, 0xda, 0xe6, 0x0f, 0x8c, 0xca, 0x5a, 0xb6, 0xbd, 0x79, 0xd6, 0xd6, 0xbd, 0xef, 0x83,
  0x65, 0x29, 0x8d, 0x73, 0x1b, 0xe7, 0x79, 0xd6, 0x99, 0xd6, 0x99, 0xd6, 0x99, 0xd6, 0x99, 0xd6,
  0x99, 0xd6, 0x58, 0xce, 0x79, 0xd6, 0xba, 0xde, 0xda, 0xde, 0x79, 0xd6, 0x58, 0xce, 0x17, 0xc6,
  0x38, 0xc6, 0x18, 0xbe, 0x37, 0xc6, 0xf7, 0xbd, 0xf6, 0xbd, 0xb6, 0xb5, 0xce, 0x7b, 0x13, 0xa5,
  0x1b, 0xe7, 0x99, 0xce, 0x99, 0xd6, 0x79, 0xce, 0x38, 0xc6, 0x32, 0xad, 0x11, 0xb5, 0x38, 0xc6,
  0x17, 0xbe, 0x17, 0xbe, 0x17, 0xbe, 0xf7, 0xbd, 0x78, 0xce, 0xba, 0xd6, 0xb9, 0xd6, 0x99, 0xd6,
  0x99, 0xd6, 0x99, 0xd6, 0x79, 0xce, 0x79, 0xce, 0x79, 0xce, 0x79, 0xce, 0x99, 0xce, 0x99, 0xd6,
  0x9a, 0xd6, 0x99, 0xd6, 0x99, 0xce, 0x79, 0xce, 0x59, 0xce, 0x38, 0xc6, 0x17, 0xc6, 0xf7, 0xbd,
  0xf6, 0xbd, 0xd6, 0xbd, 0xd6, 0xbd, 0xd6, 0xbd, 0xd6, 0xbd, 0xd6, 0xbd, 0xf7, 0xbd, 0xf6, 0xbd,
  0xb6, 0xb5, 0xd6, 0xbd, 0x17, 0xc6, 0x79, 0xce, 0xb9, 0xd6, 0xda, 0xde, 0xda, 0xde, 0xda, 0xde,
  0xda, 0xde, 0xdb, 0xde, 0xfb, 0xde, 0xba, 0xd6, 0x78, 0xce, 0xd6, 0xbd, 0x73, 0x94, 0x2f, 0x63,
  0x4d, 0x32, 0xab, 0x09, 0xec, 0x01, 0xcc, 0x01, 0xcc, 0x01, 0xcc, 0x01, 0xcc, 0x01, 0xcc, 0x01,
  0x6a, 0x09, 0x6a, 0x09, 0x6a, 0x09, 0x6a, 0x11, 0x6a, 0x11, 0x8a, 0x11, 0x6a, 0x11, 0x4a, 0x11,
  0x69, 0x11, 0x6a, 0x11, 0x8a, 0x09, 0x8a, 0x11, 0x8e, 0x42, 0x53, 0x84, 0x15, 0xad, 0x76, 0xbd,
  0xb6, 0xb5, 0x54, 0xad, 0xd3, 0x9c, 0xd2, 0x9c, 0xd2, 0x9c, 0xd2, 0x94, 0xd2, 0x94, 0xd2, 0x94,
  0xb2, 0x94, 0xb2, 0x94, 0xb2, 0x94, 0xb2, 0x94, 0x92, 0x94, 0x92, 0x94, 0x91, 0x94, 0x91, 0x94,
  0x91, 0x94, 0x91, 0x8c, 0x71, 0x8c, 0x71, 0x8c, 0x71, 0x8c, 0x71, 0x8c, 0x71, 0x8c, 0x71, 0x8c,
  0x71, 0x8c, 0x71, 0x8c, 0x71, 0x8c, 0x91, 0x8c, 0x70, 0x8c, 0x54, 0xa5, 0xfa, 0xd6, 0x3c, 0xdf,
  0x5c, 0xdf, 0x7d, 0xe7, 0x3c, 0xdf, 0xdb, 0xce, 0x7a, 0xbe, 0x59, 0xc6, 0xba, 0xde, 0x58, 0xce,
  0x37, 0xce, 0x79, 0xd6, 0xda, 0xde, 0xda, 0xde, 0x58, 0xce, 0xd6, 0xbd, 0xb9, 0xde, 0x99, 0xd6,
  0x99, 0xde, 0x99, 0xd6, 0x58, 0xce, 0x13, 0xa5, 0x2c, 0x6b, 0xa6, 0x39, 0x07, 0x42, 0xce, 0x7b,
  0x75, 0xb5, 0x38, 0xce, 0xba, 0xd6, 0x99, 0xd6, 0x99, 0xd6, 0x99, 0xd6, 0xba, 0xd6, 0xba, 0xd6,
  0xba, 0xd6, 0x58, 0xce, 0x99, 0xd6, 0xda, 0xde, 0xda, 0xde, 0x79, 0xce, 0x58, 0xce, 0x38, 0xc6,
  0x38, 0xc6, 0x18, 0xbe, 0x78, 0xce, 0x17, 0xbe, 0xf6, 0xbd, 0x33, 0xa5, 0x03, 0x21, 0xae, 0x73,
  0x1b, 0xe7, 0x79, 0xd6, 0x99, 0xce, 0x38, 0xc6, 0x38, 0xc6, 0xf1, 0xa4, 0x12, 0xb5, 0x38, 0xce,
  0x37, 0xc6, 0x37, 0xc6, 0x17, 0xc6, 0x38, 0xc6, 0xb9, 0xd6, 0xba, 0xd6, 0xb9, 0xd6, 0x99, 0xd6,
  0x79, 0xce, 0x79, 0xce, 0x79, 0xce, 0x79, 0xce, 0x79, 0xce, 0x79, 0xce, 0x79, 0xce, 0x79, 0xce,
  0x79, 0xce, 0x59, 0xce, 0x58, 0xce, 0x58, 0xce, 0x38, 0xc6, 0x38, 0xc6, 0x17, 0xc6, 0x17, 0xbe,
  0x17, 0xbe, 0xf7, 0xbd, 0xf7, 0xbd, 0xf7, 0xbd, 0x17, 0xbe, 0x17, 0xc6, 0x38, 0xc6, 0x37, 0xc6,
  0xf7, 0xbd, 0xf7, 0xbd, 0x38, 0xc6, 0x59, 0xce, 0x99, 0xd6, 0xda, 0xde, 0xda, 0xde, 0xda, 0xd6,
  0xda, 0xd6, 0xda, 0xde, 0xda, 0xde, 0x9a, 0xd6, 0x58, 0xce, 0xd6, 0xbd, 0x52, 0x8c, 0x0e, 0x5b,
  0x2c, 0x32, 0x8a, 0x09, 0xab, 0x01, 0xab, 0x01, 0xab, 0x09, 0xab, 0x09, 0xab, 0x09, 0xab, 0x09,
  0x4a, 0x09, 0x4a, 0x09, 0x6a, 0x09, 0x6a, 0x09, 0x6a, 0x09, 0x8a, 0x09, 0x6a, 0x11, 0x6a, 0x11,
  0x6a, 0x11, 0x8a, 0x11, 0x8a, 0x11, 0x8a, 0x09, 0xaf, 0x42, 0x53, 0x84, 0x15, 0xad, 0x76, 0xbd,
  0x95, 0xb5, 0x54, 0xa5, 0xd2, 0x9c, 0xb2, 0x94, 0xb2, 0x94, 0xb2, 0x94, 0xb2, 0x94, 0xb2, 0x94,
  0xb2, 0x94, 0xb2, 0x94, 0xb2, 0x94, 0x92, 0x94, 0x92, 0x94, 0x91, 0x94, 0x91, 0x94, 0x91, 0x8c,
  0x91, 0x8c, 0x91, 0x8c, 0x71, 0x8c, 0x71, 0x8c, 0x71, 0x8c, 0x71, 0x8c, 0x71, 0x8c, 0x71, 0x8c,
  0x71, 0x8c, 0x71, 0x8c, 0x71, 0x8c, 0x91, 0x8c, 0x71, 0x8c, 0x13, 0x9d, 0xda, 0xd6, 0x5c, 0xdf,
  0x7d, 0xe7, 0x9d, 0xe7, 0x5d, 0xe7, 0xda, 0xce, 0x58, 0xbe, 0x79, 0xce, 0x99, 0xd6, 0x71, 0x94,
  0x33, 0xad, 0x79, 0xd6, 0xda, 0xde, 0xda, 0xde, 0x78, 0xd6, 0xb5, 0xbd, 0xb9, 0xde, 0x99, 0xde,
  0x99, 0xd6, 0xfa, 0xe6, 0x10, 0x8c, 0x85, 0x31, 0xcf, 0x83, 0xb6, 0xbd, 0xb2, 0x9c, 0x69, 0x52,
  0xe3, 0x20, 0x6d, 0x73, 0xfb, 0xde, 0x99, 0xd6, 0xba, 0xd6, 0xba, 0xd6, 0xba, 0xd6, 0xba, 0xd6,
  0xba, 0xd6, 0x58, 0xce, 0x99, 0xd6, 0xda, 0xde, 0xda, 0xde, 0x79, 0xce, 0x58, 0xce, 0x58, 0xc6,
  0x38, 0xc6, 0x38, 0xc6, 0x99, 0xce, 0x17, 0xc6, 0x79, 0xce, 0x1b, 0xdf, 0x17, 0xbe, 0xba, 0xd6,
  0x99, 0xd6, 0x99, 0xd6, 0x38, 0xc6, 0x38, 0xc6, 0x38, 0xc6, 0xb0, 0xac, 0x53, 0xbd, 0xba, 0xde,
  0xfb, 0xde, 0xfa, 0xde, 0x99, 0xd6, 0x99, 0xce, 0xb9, 0xd6, 0xb9, 0xd6, 0xb9, 0xd6, 0x99, 0xd6,
  0x79, 0xce, 0x79, 0xce, 0x79, 0xce, 0x79, 0xce, 0x79, 0xce, 0x79, 0xce, 0x79, 0xce, 0x79, 0xce,
  0x79, 0xce, 0x58, 0xce, 0x58, 0xce, 0x58, 0xce, 0x58, 0xce, 0x38, 0xc6, 0x38, 0xc6, 0x17, 0xc6,
  0x17, 0xc6, 0x17, 0xc6, 0x17, 0xc6, 0x17, 0xbe, 0x17, 0xc6, 0x17, 0xc6, 0x38, 0xc6, 0x38, 0xc6,
  0x17, 0xbe, 0x17, 0xc6, 0x38, 0xc6, 0x58, 0xc6, 0x99, 0xd6, 0xba, 0xd6, 0xba, 0xd6, 0xba, 0xd6,
  0xba, 0xd6, 0xba, 0xd6, 0xba, 0xd6, 0x99, 0xd6, 0x38, 0xc6, 0xb6, 0xb5, 0x52, 0x8c, 0xed, 0x5a,
  0x0b, 0x32, 0x69, 0x11, 0x8a, 0x09, 0x8a, 0x09, 0x8a, 0x09, 0x8a, 0x09, 0x8a, 0x09, 0x8a, 0x09,
  0x49, 0x09, 0x49, 0x09, 0x4a, 0x09, 0x4a, 0x09, 0x4a, 0x09, 0x6a, 0x11, 0x6a, 0x11, 0x6a, 0x11,
  0x6a, 0x11, 0x8a, 0x11, 0x8b, 0x11, 0x8b, 0x11, 0xaf, 0x42, 0x53, 0x84, 0xf5, 0xa4, 0x56, 0xb5,
  0x95, 0xb5, 0x34, 0xa5, 0xb2, 0x94, 0xb2, 0x94, 0xb2, 0x94, 0x92, 0x94, 0xb2, 0x94, 0x92, 0x94,
  0xb2, 0x94, 0x92, 0x94, 0x92, 0x94, 0x92, 0x94, 0x91, 0x94, 0x91, 0x94, 0x91, 0x94, 0x91, 0x8c,
  0x91, 0x8c, 0x91, 0x8c, 0x91, 0x8c, 0x91, 0x8c, 0x91, 0x8c, 0x71, 0x8c, 0x71, 0x8c, 0x71, 0x8c,
  0x71, 0x8c, 0x71, 0x8c, 0x71, 0x8c, 0x91, 0x8c, 0x71, 0x8c, 0xb2, 0x94, 0xba, 0xd6, 0x7d, 0xe7,
  0x5d, 0xe7, 0x5c, 0xe7, 0x5c, 0xe7, 0xda, 0xd6, 0x79, 0xd6, 0xb9, 0xde, 0x58, 0xce, 0x81, 0x10,
  0xad, 0x7b, 0xda, 0xde, 0xba, 0xde, 0xda, 0xde, 0x79, 0xd6, 0x95, 0xb5, 0xb9, 0xde, 0x99, 0xde,
  0x99, 0xde, 0xb9, 0xde, 0x58, 0xce, 0xba, 0xde, 0xfb, 0xe6, 0xba, 0xde, 0xfb, 0xe6, 0x1c, 0xef,
  0x38, 0xce, 0x75, 0xb5, 0xba, 0xde, 0xba, 0xd6, 0xba, 0xd6, 0xba, 0xd6, 0xba, 0xd6, 0xba, 0xd6,
  0xba, 0xd6, 0x58, 0xce, 0xba, 0xd6, 0xda, 0xde, 0xda, 0xde, 0x99, 0xd6, 0x38, 0xc6, 0x37, 0xc6,
  0x38, 0xc6, 0x58, 0xce, 0x78, 0xce, 0xf7, 0xbd, 0x75, 0xad, 0xb1, 0x94, 0x17, 0xbe, 0xda, 0xde,
  0x99, 0xd6, 0x99, 0xd6, 0x17, 0xc6, 0x38, 0xc6, 0xf7, 0xbd, 0x6e, 0xa4, 0xd4, 0xcd, 0x1b, 0xe7,
  0x1b, 0xe7, 0x3b, 0xe7, 0xfb, 0xde, 0xb9, 0xd6, 0xd9, 0xd6, 0xb9, 0xd6, 0x99, 0xd6, 0x99, 0xd6,
  0x79, 0xce, 0x58, 0xce, 0x58, 0xce, 0x58, 0xce, 0x58, 0xce, 0x58, 0xce, 0x58, 0xce, 0x38, 0xc6,
  0x38, 0xc6, 0x38, 0xc6, 0x58, 0xce, 0x58, 0xce, 0x58, 0xc6, 0x38, 0xc6, 0x38, 0xc6, 0x17, 0xc6,
  0xf7, 0xbd, 0x17, 0xbe, 0x17, 0xc6, 0x17, 0xc6, 0x17, 0xc6, 0x17, 0xc6, 0x38, 0xc6, 0x37, 0xc6,
  0x17, 0xbe, 0x17, 0xc6, 0x17, 0xc6, 0x17, 0xc6, 0x78, 0xce, 0x99, 0xd6, 0x99, 0xd6, 0x99, 0xd6,
  0x99, 0xd6, 0x99, 0xd6, 0x99, 0xd6, 0x59, 0xce, 0x17, 0xc6, 0x75, 0xad, 0x31, 0x84, 0xcd, 0x52,
  0xeb, 0x29, 0x69, 0x11, 0x69, 0x11, 0x69, 0x11, 0x69, 0x11, 0x89, 0x11, 0x89, 0x11, 0x89, 0x11,
  0x49, 0x01, 0x49, 0x09, 0x49, 0x09, 0x4a, 0x09, 0x4a, 0x11, 0x6a, 0x09, 0x6a, 0x09, 0x6a, 0x09,
  0x8a, 0x09, 0x8b, 0x09, 0xab, 0x09, 0x8a, 0x09, 0x8e, 0x3a, 0x33, 0x84, 0xf5, 0xa4, 0x56, 0xb5,
  0x75, 0xb5, 0x13, 0xa5, 0x92, 0x94, 0x91, 0x94, 0x92, 0x94, 0x91, 0x94, 0x92, 0x94, 0x91, 0x94,
  0x91, 0x94, 0x91, 0x94, 0x91, 0x94, 0x91, 0x94, 0x91, 0x8c, 0x91, 0x8c, 0x91, 0x8c, 0x91, 0x8c,
  0x91, 0x8c, 0x91, 0x8c, 0x91, 0x94, 0x91, 0x94, 0x91, 0x94, 0x91, 0x94, 0x91, 0x94, 0x91, 0x94,
  0x91, 0x94, 0x91, 0x94, 0x91, 0x94, 0x71, 0x8c, 0x71, 0x8c, 0x71, 0x8c, 0x38, 0xc6, 0x3c, 0xe7,
  0x3c, 0xe7, 0x3b, 0xe7, 0x3b, 0xe7, 0xda, 0xde, 0x99, 0xde, 0x99, 0xde, 0x99, 0xd6, 0x03, 0x21,
  0x6d, 0x73, 0xfa, 0xe6, 0xba, 0xde, 0xda, 0xde, 0x99, 0xd6, 0x53, 0xad, 0x99, 0xd6, 0x99, 0xde,
  0x99, 0xde, 0x99, 0xde, 0xba, 0xde, 0x9a, 0xde, 0x79, 0xd6, 0x58, 0xce, 0x99, 0xd6, 0xba, 0xde,
  0x9a, 0xde, 0xda, 0xde, 0x99, 0xd6, 0xba, 0xd6, 0xba, 0xd6, 0xba, 0xd6, 0xba, 0xd6, 0xba, 0xd6,
  0xba, 0xd6, 0x38, 0xc6, 0xba, 0xd6, 0xda, 0xde, 0xda, 0xde, 0x79, 0xce, 0x17, 0xc6, 0x38, 0xc6,
  0x17, 0xc6, 0x38, 0xc6, 0xf7, 0xbd, 0xf7, 0xbd, 0x13, 0xa5, 0x65, 0x29, 0x0f, 0x7c, 0x1b, 0xe7,
  0x99, 0xce, 0x99, 0xd6, 0x38, 0xc6, 0x58, 0xc6, 0xb5, 0xb5, 0x0d, 0xa4, 0xb4, 0xcd, 0x1b, 0xe7,
  0x1b, 0xe7, 0xfb, 0xde, 0xba, 0xd6, 0x99, 0xce, 0x99, 0xd6, 0x99, 0xd6, 0x99, 0xd6, 0x79, 0xce,
  0x38, 0xc6, 0x17, 0xc6, 0x37, 0xc6, 0x17, 0xc6, 0x17, 0xc6, 0x17, 0xbe, 0x17, 0xbe, 0x17, 0xbe,
  0xf7, 0xbd, 0x17, 0xc6, 0x17, 0xc6, 0x17, 0xc6, 0x17, 0xc6, 0x17, 0xc6, 0x17, 0xbe, 0xf7, 0xbd,
  0xd6, 0xbd, 0xd6, 0xbd, 0xf7, 0xbd, 0xf7, 0xbd, 0xf7, 0xbd, 0x17, 0xbe, 0x17, 0xbe, 0xf7, 0xbd,
  0xf6, 0xbd, 0xf6, 0xbd, 0xf6, 0xbd, 0xf7, 0xbd, 0x37, 0xc6, 0x58, 0xce, 0x58, 0xce, 0x58, 0xce,
  0x38, 0xc6, 0x58, 0xce, 0x58, 0xce, 0x18, 0xc6, 0xd7, 0xbd, 0x34, 0xa5, 0xf0, 0x7b, 0xcd, 0x52,
  0xea, 0x29, 0x68, 0x09, 0x69, 0x09, 0x69, 0x11, 0x69, 0x11, 0x69, 0x11, 0x69, 0x11, 0x69, 0x11,
  0x49, 0x01, 0x49, 0x09, 0x49, 0x09, 0x49, 0x09, 0x4a, 0x11, 0x6a, 0x09, 0x6a, 0x09, 0x6a, 0x09,
  0x8a, 0x09, 0x8b, 0x09, 0x8b, 0x09, 0x8a, 0x09, 0x6e, 0x3a, 0x12, 0x7c, 0xd5, 0xa4, 0x35, 0xb5,
  0x75, 0xad, 0xf3, 0x9c, 0x91, 0x94, 0x91, 0x94, 0x71, 0x8c, 0x71, 0x8c, 0x91, 0x8c, 0x91, 0x8c,
  0x71, 0x8c, 0x71, 0x8c, 0x71, 0x8c, 0x71, 0x8c, 0x71, 0x8c, 0x71, 0x8c, 0x71, 0x8c, 0x71, 0x8c,
  0x71, 0x8c, 0x91, 0x8c, 0x91, 0x8c, 0x91, 0x8c, 0x91, 0x94, 0x91, 0x94, 0x91, 0x94, 0x91, 0x94,
  0x91, 0x94, 0x91, 0x8c, 0x71, 0x8c, 0x71, 0x8c, 0x71, 0x8c, 0x71, 0x8c, 0x34, 0xa5, 0xda, 0xde,
  0x3c, 0xef, 0x5c, 0xe7, 0x3b, 0xe7, 0x78, 0xde, 0x58, 0xd6, 0x99, 0xde, 0xb9, 0xde, 0x28, 0x4a,
  0xae, 0x7b, 0x99, 0xde, 0xba, 0xde, 0xda, 0xde, 0xba, 0xde, 0x13, 0xa5, 0x78, 0xd6, 0xb9, 0xde,
  0x99, 0xde, 0x99, 0xd6, 0x99, 0xde, 0xba, 0xde, 0xb6, 0xc5, 0x51, 0x9c, 0xcf, 0x9b, 0x75, 0xc5,
  0xda, 0xde, 0x79, 0xd6, 0xba, 0xd6, 0xba, 0xd6, 0xba, 0xd6, 0xba, 0xd6, 0xb9, 0xd6, 0xb9, 0xd6,
  0x99, 0xd6, 0x17, 0xc6, 0xba, 0xde, 0xda, 0xde, 0xfb, 0xde, 0x58, 0xce, 0x17, 0xc6, 0x58, 0xc6,
  0x17, 0xbe, 0xf7, 0xbd, 0x38, 0xc6, 0x17, 0xbe, 0xf3, 0x9c, 0xc6, 0x39, 0x13, 0x9d, 0x1b, 0xdf,
  0x99, 0xd6, 0x9a, 0xd6, 0x17, 0xc6, 0x59, 0xce, 0x34, 0xad, 0x2d, 0xa4, 0x56, 0xd6, 0x3c, 0xe7,
  0x1b, 0xe7, 0xda, 0xde, 0x99, 0xd6, 0xb9, 0xd6, 0xb9, 0xd6, 0xb9, 0xd6, 0x99, 0xd6, 0x58, 0xce,
  0xf7, 0xbd, 0xf6, 0xbd, 0xd6, 0xbd, 0xd6, 0xb5, 0xb6, 0xb5, 0xb6, 0xb5, 0xb6, 0xb5, 0xb6, 0xb5,
  0xd6, 0xb5, 0xb6, 0xb5, 0xd6, 0xbd, 0xf7, 0xbd, 0xf7, 0xbd, 0xd6, 0xbd, 0xd6, 0xbd, 0xb6, 0xb5,
  0xb6, 0xb5, 0xb6, 0xb5, 0xb6, 0xb5, 0xb6, 0xb5, 0xb6, 0xb5, 0xd6, 0xbd, 0xd6, 0xbd, 0xd6, 0xb5,
  0xb6, 0xb5, 0x95, 0xb5, 0x95, 0xb5, 0xb6, 0xb5, 0xd6, 0xbd, 0xf7, 0xbd, 0xf7, 0xbd, 0xf7, 0xbd,
  0xf7, 0xbd, 0xb6, 0xb5, 0xb6, 0xb5, 0x96, 0xb5, 0x75, 0xad, 0xd2, 0x9c, 0xd0, 0x7b, 0xcd, 0x52,
  0xea, 0x29, 0x68, 0x09, 0x69, 0x09, 0x69, 0x11, 0x69, 0x11, 0x69, 0x11, 0x69, 0x11, 0x69, 0x11,
  0x29, 0x01, 0x29, 0x09, 0x49, 0x09, 0x49, 0x09, 0x49, 0x09, 0x4a, 0x09, 0x6a, 0x09, 0x6a, 0x09,
  0x8a, 0x09, 0x8a, 0x09, 0x8a, 0x09, 0x6a, 0x09, 0x4d, 0x3a, 0xf2, 0x7b, 0xb4, 0x9c, 0x15, 0xad,
  0x54, 0xad, 0xd3, 0x9c, 0x71, 0x8c, 0x71, 0x8c, 0x71, 0x8c, 0x71, 0x8c, 0x71, 0x8c, 0x71, 0x8c,
  0x71, 0x8c, 0x71, 0x8c, 0x71, 0x8c, 0x71, 0x8c, 0x71, 0x8c, 0x71, 0x8c, 0x71, 0x8c, 0x71, 0x8c,
  0x71, 0x8c, 0x91, 0x94, 0x91, 0x8c, 0x91, 0x8c, 0x91, 0x94, 0x91, 0x94, 0x91, 0x94, 0x91, 0x94,
  0x91, 0x94, 0x91, 0x94, 0x91, 0x94, 0x71, 0x8c, 0x71, 0x8c, 0x71, 0x8c, 0xb2, 0x94, 0x54, 0xad,
  0x17, 0xc6, 0x58, 0xce, 0x17, 0xc6, 0xb5, 0xc5, 0xd5, 0xc5, 0x58, 0xd6, 0x99, 0xde, 0x1b, 0xe7,
  0x79, 0xd6, 0x17, 0xce, 0xda, 0xe6, 0xda, 0xde, 0xda, 0xe6, 0xf2, 0xa4, 0xd6, 0xc5, 0xb9, 0xde,
  0x99, 0xd6, 0x79, 0xd6, 0x99, 0xde, 0xf7, 0xc5, 0x08, 0x62, 0x01, 0x58, 0x01, 0x68, 0x41, 0x48,
  0xb1, 0xac, 0xfa, 0xde, 0x99, 0xd6, 0xba, 0xd6, 0xba, 0xd6, 0xba, 0xd6, 0xb9, 0xd6, 0xb9, 0xd6,
  0x78, 0xce, 0xf7, 0xbd, 0xda, 0xde, 0xda, 0xde, 0xfb, 0xde, 0x58, 0xce, 0x17, 0xc6, 0x58, 0xc6,
  0x17, 0xc6, 0x17, 0xbe, 0xf7, 0xbd, 0x79, 0xce, 0x74, 0xad, 0x28, 0x42, 0xf7, 0xbd, 0xfa, 0xde,
  0xba, 0xd6, 0x79, 0xce, 0x38, 0xc6, 0x79, 0xce, 0xd2, 0xa4, 0x6d, 0xac, 0x56, 0xce, 0xda, 0xde,
  0xfa, 0xde, 0x99, 0xd6, 0x99, 0xd6, 0xb9, 0xd6, 0xb9, 0xd6, 0xb9, 0xd6, 0x99, 0xce, 0xf7, 0xbd,
  0xb6, 0xb5, 0xb6, 0xb5, 0x95, 0xb5, 0x75, 0xad, 0x74, 0xad, 0x75, 0xad, 0x75, 0xad, 0x75, 0xad,
  0x75, 0xad, 0x75, 0xad, 0x95, 0xb5, 0xb6, 0xb5, 0xb6, 0xb5, 0x95, 0xb5, 0x95, 0xb5, 0x95, 0xb5,
  0x75, 0xad, 0x75, 0xad, 0x95, 0xad, 0x75, 0xad, 0x95, 0xb5, 0x95, 0xb5, 0x95, 0xb5, 0x95, 0xb5,
  0x75, 0xad, 0x75, 0xad, 0x75, 0xad, 0x95, 0xb5, 0xb6, 0xb5, 0xb6, 0xb5, 0xb6, 0xb5, 0x95, 0xb5,
  0x95, 0xb5, 0x75, 0xad, 0x54, 0xa5, 0x34, 0xa5, 0x13, 0xa5, 0x92, 0x94, 0xd0, 0x7b, 0xcd, 0x52,
  0xeb, 0x29, 0x69, 0x09, 0x69, 0x09, 0x69, 0x09, 0x69, 0x11, 0x69, 0x11, 0x69, 0x11, 0x69, 0x11,
  0x29, 0x09, 0x29, 0x09, 0x29, 0x09, 0x49, 0x09, 0x49, 0x09, 0x4a, 0x09, 0x6a, 0x09, 0x6a, 0x09,
  0x6a, 0x09, 0x6a, 0x09, 0x6a, 0x09, 0x69, 0x09, 0x2c, 0x3a, 0xd1, 0x7b, 0x94, 0x9c, 0x15, 0xad,
  0x54, 0xa5, 0xd2, 0x94, 0x71, 0x8c, 0x51, 0x8c, 0x50, 0x8c, 0x50, 0x8c, 0x51, 0x8c, 0x51, 0x8c,
  0x51, 0x8c, 0x51, 0x8c, 0x51, 0x8c, 0x51, 0x8c, 0x51, 0x8c, 0x51, 0x8c, 0x51, 0x8c, 0x71, 0x8c,
  0x71, 0x8c, 0x71, 0x8c, 0x71, 0x8c, 0x91, 0x8c, 0x91, 0x94, 0x91, 0x94, 0x91, 0x94, 0x91, 0x94,
  0x71, 0x8c, 0x50, 0x8c, 0x51, 0x8c, 0x50, 0x8c, 0x50, 0x8c, 0x71, 0x8c, 0xd2, 0x94, 0xf3, 0x9c,
  0x13, 0xa5, 0x13, 0x9d, 0x34, 0xad, 0xb5, 0xc5, 0xb5, 0xc5, 0xd5, 0xc5, 0x99, 0xd6, 0x8d, 0x73,
  0xee, 0x7b, 0x99, 0xd6, 0xda, 0xde, 0xda, 0xde, 0xda, 0xe6, 0x54, 0xad, 0x74, 0xb5, 0x99, 0xde,
  0x78, 0xd6, 0x79, 0xd6, 0x79, 0xde, 0x91, 0xa4, 0x86, 0x81, 0xa6, 0xb9, 0x66, 0xb9, 0x41, 0x78,
  0xe3, 0x50, 0x58, 0xd6, 0xba, 0xd6, 0x99, 0xd6, 0x99, 0xd6, 0x99, 0xd6, 0xb9, 0xd6, 0x99, 0xd6,
  0x37, 0xc6, 0xf6, 0xbd, 0xfb, 0xde, 0xda, 0xde, 0xda, 0xde, 0x38, 0xce, 0x17, 0xc6, 0x17, 0xc6,
  0x17, 0xc6, 0xf7, 0xbd, 0x58, 0xce, 0xba, 0xd6, 0xda, 0xde, 0xba, 0xd6, 0xba, 0xd6, 0x99, 0xd6,
  0x9a, 0xd6, 0x99, 0xce, 0x17, 0xbe, 0x79, 0xc6, 0xd1, 0xa4, 0x4c, 0xac, 0xf4, 0xcd, 0x16, 0xc6,
  0x99, 0xd6, 0x99, 0xd6, 0xb9, 0xd6, 0xb9, 0xd6, 0xb9, 0xd6, 0xb9, 0xd6, 0x58, 0xce, 0xb6, 0xb5,
  0x95, 0xb5, 0x75, 0xad, 0x54, 0xad, 0x54, 0xad, 0x34, 0xa5, 0x34, 0xa5, 0x54, 0xa5, 0x54, 0xa5,
  0x54, 0xad, 0x75, 0xad, 0x74, 0xad, 0x54, 0xad, 0x34, 0xa5, 0x54, 0xad, 0x54, 0xad, 0x54, 0xad,
  0x34, 0xa5, 0x33, 0xa5, 0x34, 0xa5, 0x54, 0xad, 0x54, 0xad, 0x34, 0xa5, 0x34, 0xa5, 0x54, 0xa5,
  0x54, 0xad, 0x54, 0xad, 0x54, 0xad, 0x75, 0xad, 0x95, 0xad, 0x95, 0xb5, 0x95, 0xad, 0x75, 0xad,
  0x54, 0xad, 0x34, 0xa5, 0x13, 0xa5, 0x13, 0xa5, 0xf3, 0x9c, 0x91, 0x94, 0xaf, 0x7b, 0xed, 0x52,
  0xeb, 0x29, 0x6a, 0x09, 0x8a, 0x09, 0x6a, 0x09, 0x6a, 0x11, 0x69, 0x11, 0x69, 0x11, 0x69, 0x11,
  0x28, 0x01, 0x29, 0x09, 0x49, 0x09, 0x49, 0x09, 0x49, 0x09, 0x49, 0x09, 0x49, 0x09, 0x49, 0x09,
  0x4a, 0x09, 0x4a, 0x09, 0x4a, 0x09, 0x69, 0x09, 0x2c, 0x3a, 0xb1, 0x73, 0x73, 0x9c, 0xf4, 0xa4,
  0x34, 0xa5, 0xb2, 0x94, 0x50, 0x8c, 0x50, 0x8c, 0x50, 0x8c, 0x50, 0x8c, 0x50, 0x8c, 0x50, 0x8c,
  0x50, 0x8c, 0x50, 0x8c, 0x50, 0x8c, 0x50, 0x8c, 0x50, 0x8c, 0x51, 0x8c, 0x71, 0x8c, 0x71, 0x8c,
  0x71, 0x8c, 0x71, 0x8c, 0x71, 0x8c, 0x71, 0x8c, 0x71, 0x8c, 0x91, 0x94, 0x91, 0x94, 0x51, 0x8c,
  0x54, 0xa5, 0xb6, 0xb5, 0x55, 0xad, 0x34, 0xa5, 0xf3, 0x9c, 0xb2, 0x94, 0x92, 0x94, 0x91, 0x94,
  0x92, 0x94, 0x91, 0x94, 0x33, 0xad, 0xb4, 0xc5, 0x94, 0xc5, 0xb4, 0xbd, 0xb9, 0xde, 0xa6, 0x31,
  0x07, 0x42, 0xfa, 0xe6, 0xb9, 0xde, 0xb9, 0xde, 0xb9, 0xde, 0x48, 0x4a, 0x45, 0x29, 0x34, 0xad,
  0xda, 0xde, 0x58, 0xd6, 0x99, 0xd6, 0x2f, 0x9c, 0x28, 0xb2, 0x28, 0xd2, 0xc7, 0xc1, 0x45, 0xa9,
  0x00, 0x48, 0x71, 0xa4, 0xfb, 0xde, 0x79, 0xd6, 0x99, 0xd6, 0x99, 0xd6, 0x78, 0xce, 0x58, 0xce,
  0xd6, 0xbd, 0xd6, 0xbd, 0xda, 0xe6, 0xba, 0xde, 0xba, 0xde, 0x38, 0xce, 0xf7, 0xc5, 0xf7, 0xbd,
  0xf7, 0xbd, 0xf6, 0xbd, 0x99, 0xd6, 0x95, 0xb5, 0x30, 0x84, 0xb2, 0x94, 0xba, 0xd6, 0xba, 0xd6,
  0x9a, 0xd6, 0x59, 0xce, 0xf7, 0xbd, 0x99, 0xce, 0x70, 0x9c, 0x0d, 0xa4, 0x15, 0xce, 0x57, 0xce,
  0x99, 0xd6, 0xb9, 0xd6, 0xb9, 0xd6, 0xb9, 0xd6, 0x99, 0xce, 0x78, 0xce, 0xd6, 0xbd, 0x75, 0xad,
  0x54, 0xad, 0x34, 0xa5, 0x34, 0xa5, 0x33, 0xa5, 0x33, 0xa5, 0x34, 0xa5, 0x33, 0xa5, 0x34, 0xa5,
  0x54, 0xad, 0x54, 0xad, 0x13, 0xa5, 0xf3, 0x9c, 0xf3, 0x9c, 0xf3, 0x9c, 0xf3, 0xa4, 0xf3, 0x9c,
  0xf3, 0x9c, 0xf3, 0x9c, 0xf3, 0x9c, 0x13, 0xa5, 0x13, 0xa5, 0xf3, 0x9c, 0xf3, 0x9c, 0x13, 0x9d,
  0x33, 0xa5, 0x34, 0xa5, 0x54, 0xad, 0x74, 0xad, 0x74, 0xad, 0x75, 0xad, 0x75, 0xad, 0x34, 0xa5,
  0x34, 0xa5, 0x33, 0xa5, 0x13, 0x9d, 0xf3, 0x9c, 0xd2, 0x9c, 0x91, 0x94, 0xaf, 0x73, 0xcd, 0x52,
  0xeb, 0x29, 0x6a, 0x09, 0x8a, 0x09, 0x8a, 0x09, 0x6a, 0x09, 0x69, 0x09, 0x69, 0x11, 0x69, 0x11,
  0x28, 0x01, 0x29, 0x09, 0x49, 0x09, 0x49, 0x09, 0x49, 0x09, 0x49, 0x09, 0x49, 0x09, 0x49, 0x09,
  0x49, 0x09, 0x49, 0x09, 0x49, 0x09, 0x49, 0x11, 0x2c, 0x3a, 0xb0, 0x73, 0x73, 0x94, 0xf4, 0xa4,
  0x13, 0xa5, 0x91, 0x94, 0x50, 0x8c, 0x30, 0x84, 0x30, 0x84, 0x30, 0x84, 0x50, 0x84, 0x50, 0x8c,
  0x50, 0x8c, 0x50, 0x8c, 0x50, 0x8c, 0x50, 0x8c, 0x50, 0x8c, 0x51, 0x8c, 0x71, 0x8c, 0x71, 0x8c,
  0x71, 0x8c, 0x71, 0x8c, 0x71, 0x8c, 0x91, 0x8c, 0x91, 0x94, 0x91, 0x94, 0x71, 0x8c, 0xb6, 0xb5,
  0xfb, 0xde, 0x1b, 0xe7, 0x1b, 0xe7, 0x1b, 0xe7, 0xfb, 0xde, 0xfb, 0xde, 0xba, 0xd6, 0x58, 0xce,
  0xf7, 0xbd, 0x55, 0xad, 0x13, 0xa5, 0x53, 0xb5, 0x32, 0xb5, 0x12, 0xad, 0xb9, 0xde, 0x89, 0x5a,
  0x24, 0x29, 0x99, 0xd6, 0x37, 0xce, 0x78, 0xd6, 0x74, 0xb5, 0x60, 0x08, 0x00, 0x00, 0x65, 0x31,
  0xf6, 0xc5, 0xb9, 0xde, 0x78, 0xd6, 0x30, 0xb4, 0x86, 0xb1, 0xc7, 0xc1, 0x86, 0xb9, 0x66, 0xa1,
  0x21, 0x58, 0x8a, 0x6a, 0xda, 0xde, 0x79, 0xd6, 0x99, 0xd6, 0x78, 0xd6, 0x37, 0xce, 0x17, 0xc6,
  0x17, 0xc6, 0x74, 0xb5, 0x99, 0xde, 0xda, 0xde, 0x58, 0xd6, 0x17, 0xc6, 0xf6, 0xbd, 0xf7, 0xbd,
  0xf7, 0xbd, 0xf7, 0xbd, 0x99, 0xd6, 0x74, 0xad, 0xeb, 0x5a, 0x07, 0x42, 0xda, 0xde, 0x99, 0xd6,
  0x9a, 0xd6, 0x38, 0xc6, 0xf7, 0xc5, 0x79, 0xce, 0x96, 0xb5, 0x74, 0xb5, 0x98, 0xd6, 0x99, 0xd6,
  0x98, 0xce, 0xb9, 0xd6, 0xb9, 0xd6, 0x99, 0xce, 0xba, 0xd6, 0x99, 0xce, 0x58, 0xce, 0x58, 0xce,
  0x58, 0xce, 0x79, 0xd6, 0x1b, 0xe7, 0xba, 0xd6, 0x34, 0xa5, 0x33, 0xa5, 0x34, 0xa5, 0x54, 0xa5,
  0x54, 0xad, 0x34, 0xa5, 0xf3, 0xa4, 0xf3, 0xa4, 0xb2, 0x9c, 0x91, 0x94, 0xb2, 0x94, 0xb2, 0x94,
  0xd2, 0x9c, 0xf2, 0x9c, 0xf3, 0x9c, 0xf3, 0x9c, 0xf3, 0x9c, 0xf3, 0x9c, 0xd2, 0x9c, 0xb2, 0x94,
  0xd2, 0x9c, 0x13, 0xa5, 0x54, 0xad, 0x74, 0xad, 0x74, 0xad, 0x74, 0xad, 0x54, 0xad, 0x34, 0xa5,
  0x54, 0xad, 0x54, 0xad, 0x33, 0xa5, 0xf3, 0x9c, 0xf3, 0x9c, 0x91, 0x94, 0xaf, 0x73, 0xcd, 0x52,
  0xcb, 0x21, 0x6a, 0x09, 0x8a, 0x09, 0x8a, 0x09, 0x8a, 0x09, 0x8a, 0x09, 0x6a, 0x09, 0x6a, 0x11,
  0x08, 0x01, 0x29, 0x01, 0x49, 0x09, 0x49, 0x09, 0x49, 0x09, 0x49, 0x09, 0x49, 0x09, 0x49, 0x09,
  0x49, 0x09, 0x49, 0x09, 0x49, 0x09, 0x49, 0x09, 0x0c, 0x3a, 0x90, 0x73, 0x53, 0x94, 0xd4, 0xa4,
  0xf3, 0x9c, 0x91, 0x94, 0x30, 0x84, 0x30, 0x84, 0x30, 0x84, 0x30, 0x84, 0x30, 0x84, 0x30, 0x84,
  0x30, 0x84, 0x30, 0x84, 0x30, 0x84, 0x50, 0x84, 0x50, 0x8c, 0x50, 0x8c, 0x51, 0x8c, 0x71, 0x8c,
  0x71, 0x8c, 0x71, 0x8c, 0x91, 0x94, 0x91, 0x94, 0x91, 0x94, 0x71, 0x8c, 0x34, 0xa5, 0x37, 0xc6,
  0x4c, 0x6b, 0x99, 0xd6, 0x99, 0xd6, 0x79, 0xd6, 0x79, 0xd6, 0x99, 0xd6, 0x9a, 0xde, 0xba, 0xde,
  0xfb, 0xe6, 0x1b, 0xe7, 0xfa, 0xde, 0xb9, 0xde, 0x98, 0xde, 0x36, 0xce, 0x98, 0xde, 0x74, 0xb5,
  0xce, 0x7b, 0x38, 0xce, 0x37, 0xc6, 0x58, 0xd6, 0x68, 0x52, 0x00, 0x00, 0x40, 0x08, 0x40, 0x08,
  0x03, 0x29, 0x95, 0xb5, 0xda, 0xde, 0x4c, 0xab, 0xe4, 0x90, 0x45, 0xa9, 0x45, 0xa9, 0x45, 0x99,
  0xc3, 0x80, 0xe4, 0x50, 0x38, 0xce, 0x79, 0xd6, 0x58, 0xce, 0x38, 0xce, 0x78, 0xd6, 0xf6, 0xc5,
  0xee, 0x83, 0x04, 0x21, 0xe7, 0x41, 0x74, 0xb5, 0x78, 0xd6, 0x37, 0xce, 0xf6, 0xc5, 0xd6, 0xbd,
  0xb6, 0xb5, 0x37, 0xc6, 0xf7, 0xbd, 0x54, 0xad, 0x28, 0x42, 0x2c, 0x63, 0x1b, 0xe7, 0x79, 0xce,
  0x99, 0xd6, 0x38, 0xc6, 0x17, 0xc6, 0x18, 0xc6, 0x38, 0xc6, 0x59, 0xce, 0x58, 0xc6, 0xb9, 0xd6,
  0xda, 0xd6, 0xfa, 0xde, 0xfb, 0xde, 0xfb, 0xde, 0xfb, 0xde, 0x1a, 0xdf, 0xda, 0xde, 0xba, 0xde,
  0xba, 0xde, 0xba, 0xde, 0x30, 0x84, 0x38, 0xce, 0xba, 0xde, 0x75, 0xad, 0x95, 0xad, 0x95, 0xad,
  0x95, 0xad, 0x54, 0xad, 0x13, 0xa5, 0xf3, 0xa4, 0x91, 0x94, 0x50, 0x8c, 0x50, 0x8c, 0x71, 0x8c,
  0x91, 0x94, 0xd2, 0x94, 0xf2, 0x9c, 0xd2, 0x9c, 0xb2, 0x94, 0xb2, 0x94, 0x91, 0x94, 0x70, 0x8c,
  0x91, 0x94, 0xd2, 0x9c, 0x34, 0xa5, 0x74, 0xad, 0x74, 0xad, 0x75, 0xad, 0x75, 0xad, 0x95, 0xb5,
  0x95, 0xb5, 0x95, 0xad, 0x74, 0xad, 0x34, 0xa5, 0xf3, 0x9c, 0x91, 0x94, 0xaf, 0x73, 0xad, 0x4a,
  0xaa, 0x21, 0x6a, 0x09, 0x8a, 0x09, 0xaa, 0x09, 0xaa, 0x09, 0x8a, 0x09, 0x8a, 0x09, 0x8a, 0x09,
  0x28, 0x01, 0x29, 0x01, 0x29, 0x09, 0x49, 0x09, 0x49, 0x09, 0x29, 0x09, 0x29, 0x09, 0x49, 0x09,
  0x49, 0x09, 0x49, 0x09, 0x49, 0x09, 0x49, 0x09, 0x2c, 0x3a, 0x70, 0x6b, 0x33, 0x8c, 0xb4, 0xa4,
  0xf3, 0x9c, 0x71, 0x8c, 0x30, 0x84, 0x30, 0x84, 0x30, 0x84, 0x30, 0x84, 0x30, 0x84, 0x30, 0x84,
  0x30, 0x84, 0x30, 0x84, 0x30, 0x84, 0x50, 0x84, 0x50, 0x8c, 0x50, 0x8c, 0x51, 0x8c, 0x71, 0x8c,
  0x71, 0x8c, 0x91, 0x8c, 0x91, 0x8c, 0x91, 0x94, 0x92, 0x94, 0x71, 0x8c, 0x75, 0xad, 0x95, 0xb5,
  0x48, 0x52, 0xda, 0xde, 0x99, 0xd6, 0x99, 0xd6, 0xda, 0xde, 0x99, 0xd6, 0x59, 0xd6, 0x59, 0xd6,
  0x9a, 0xde, 0x79, 0xd6, 0x78, 0xd6, 0x78, 0xd6, 0x98, 0xd6, 0xd9, 0xe6, 0x99, 0xde, 0xd6, 0xc5,
  0xb9, 0xde, 0xd6, 0xc5, 0xd5, 0xcd, 0x94, 0xc5, 0xad, 0x8b, 0x6c, 0x7b, 0x4c, 0x6b, 0xca, 0x5a,
  0xe7, 0x41, 0x69, 0x52, 0x17, 0xc6, 0x6d, 0xb3, 0xe4, 0x90, 0x65, 0xa1, 0x45, 0x99, 0x24, 0x91,
  0x65, 0x91, 0x41, 0x58, 0xb2, 0xac, 0xfb, 0xe6, 0x79, 0xd6, 0xd6, 0xbd, 0xef, 0x83, 0x65, 0x31,
  0x00, 0x00, 0x00, 0x00, 0x00, 0x00, 0x61, 0x10, 0x4c, 0x73, 0xf6, 0xc5, 0x99, 0xd6, 0x58, 0xce,
  0x58, 0xce, 0x78, 0xce, 0xd6, 0xb5, 0x95, 0xad, 0x8d, 0x73, 0x54, 0xad, 0xda, 0xde, 0x99, 0xce,
  0xb9, 0xd6, 0x17, 0xc6, 0x58, 0xc6, 0x79, 0xce, 0xba, 0xd6, 0xba, 0xd6, 0xda, 0xde, 0xfb, 0xde,
  0xfb, 0xde, 0xfb, 0xde, 0x99, 0xd6, 0x79, 0xce, 0x79, 0xce, 0x78, 0xd6, 0x78, 0xce, 0xb9, 0xde,
  0xda, 0xde, 0xd6, 0xbd, 0xc2, 0x18, 0x54, 0xad, 0xfb, 0xe6, 0x37, 0xc6, 0xd6, 0xbd, 0xb6, 0xbd,
  0xb5, 0xb5, 0x95, 0xb5, 0x54, 0xad, 0xf3, 0xa4, 0x71, 0x8c, 0x30, 0x84, 0xef, 0x7b, 0xef, 0x7b,
  0x50, 0x84, 0x91, 0x94, 0xd2, 0x9c, 0xf3, 0x9c, 0xd2, 0x9c, 0x91, 0x94, 0x50, 0x84, 0x0f, 0x84,
  0x50, 0x8c, 0x91, 0x94, 0x13, 0x9d, 0x74, 0xad, 0x75, 0xad, 0x95, 0xb5, 0xd6, 0xbd, 0xf7, 0xbd,
  0xf7, 0xbd, 0xd6, 0xbd, 0xb6, 0xb5, 0x75, 0xad, 0x13, 0xa5, 0x92, 0x94, 0xaf, 0x73, 0xac, 0x4a,
  0xaa, 0x21, 0x6a, 0x09, 0xab, 0x09, 0xab, 0x09, 0xab, 0x09, 0xab, 0x09, 0xaa, 0x09, 0x8a, 0x09,
  0x08, 0x01, 0x29, 0x01, 0x29, 0x01, 0x49, 0x01, 0x49, 0x09, 0x29, 0x09, 0x49, 0x09, 0x49, 0x09,
  0x49, 0x09, 0x49, 0x09, 0x49, 0x09, 0x49, 0x09, 0x0c, 0x3a, 0x6f, 0x6b, 0x32, 0x8c, 0x93, 0x9c,
  0xd3, 0x9c, 0x50, 0x8c, 0x0f, 0x84, 0x10, 0x84, 0x10, 0x84, 0x10, 0x84, 0x30, 0x84, 0x30, 0x84,
  0x30, 0x84, 0x30, 0x84, 0x30, 0x84, 0x30, 0x84, 0x50, 0x84, 0x50, 0x8c, 0x51, 0x8c, 0x71, 0x8c,
  0x71, 0x8c, 0x91, 0x8c, 0x91, 0x94, 0x91, 0x94, 0xb2, 0x94, 0x71, 0x8c, 0x13, 0xa5, 0x58, 0xce,
  0xf2, 0xa4, 0xba, 0xde, 0x99, 0xd6, 0xb9, 0xde, 0xfa, 0xde, 0xba, 0xde, 0x99, 0xde, 0xba, 0xde,
  0xba, 0xde, 0xfa, 0xe6, 0xb9, 0xde, 0xda, 0xde, 0xb9, 0xde, 0x58, 0xce, 0x99, 0xde, 0xae, 0x7b,
  0x6c, 0x83, 0xd5, 0xdd, 0x94, 0xdd, 0x95, 0xdd, 0xf6, 0xe5, 0x99, 0xe6, 0xda, 0xde, 0x99, 0xd6,
  0x37, 0xce, 0x13, 0xad, 0x8d, 0x73, 0xe7, 0x89, 0x24, 0xa1, 0x45, 0xa1, 0x65, 0x99, 0x04, 0x89,
  0x25, 0x99, 0xa3, 0x70, 0xaa, 0x6a, 0xf3, 0xa4, 0x8a, 0x52, 0xa2, 0x18, 0x00, 0x00, 0x00, 0x00,
  0x61, 0x10, 0x20, 0x08, 0x00, 0x00, 0x00, 0x00, 0x00, 0x00, 0x24, 0x29, 0x8d, 0x73, 0x30, 0x8c,
  0xd2, 0x9c, 0xf3, 0x9c, 0xd6, 0xbd, 0x79, 0xd6, 0x79, 0xce, 0x58, 0xce, 0x17, 0xc6, 0x37, 0xc6,
  0x74, 0xad, 0x75, 0xad, 0x1b, 0xe7, 0xfa, 0xde, 0x1b, 0xe7, 0x1b, 0xe7, 0x99, 0xd6, 0xba, 0xde,
  0x1b, 0xe7, 0xda, 0xde, 0xda, 0xde, 0xba, 0xde, 0xba, 0xde, 0x78, 0xd6, 0xb9, 0xde, 0x99, 0xd6,
  0xfb, 0xe6, 0x4c, 0x6b, 0xc6, 0x39, 0xda, 0xde, 0x78, 0xce, 0x78, 0xce, 0x58, 0xce, 0x38, 0xce,
  0x17, 0xc6, 0xd6, 0xbd, 0x75, 0xb5, 0xd2, 0x9c, 0xef, 0x83, 0xae, 0x7b, 0x6d, 0x6b, 0x6d, 0x6b,
  0x0f, 0x84, 0x71, 0x8c, 0xb2, 0x94, 0xf3, 0x9c, 0xd2, 0x9c, 0x50, 0x8c, 0xae, 0x73, 0x8d, 0x6b,
  0xae, 0x73, 0x0f, 0x84, 0xd2, 0x9c, 0x54, 0xad, 0x95, 0xb5, 0xd6, 0xbd, 0x17, 0xc6, 0x38, 0xc6,
  0x38, 0xc6, 0x37, 0xc6, 0x17, 0xc6, 0xb6, 0xb5, 0x34, 0xa5, 0xb2, 0x94, 0xb0, 0x73, 0xad, 0x4a,
  0xca, 0x21, 0x6a, 0x09, 0x8b, 0x09, 0xab, 0x09, 0x8b, 0x09, 0x8a, 0x09, 0x8a, 0x09, 0x8a, 0x09,
  0x08, 0x01, 0x29, 0x01, 0x29, 0x01, 0x49, 0x01, 0x49, 0x09, 0x49, 0x09, 0x49, 0x09, 0x49, 0x09,
  0x49, 0x09, 0x48, 0x09, 0x48, 0x09, 0x48, 0x09, 0x0b, 0x32, 0x6f, 0x6b, 0x32, 0x8c, 0x93, 0x9c,
  0xd3, 0x9c, 0x50, 0x8c, 0x0f, 0x7c, 0x0f, 0x84, 0x10, 0x84, 0x10, 0x84, 0x30, 0x84, 0x30, 0x84,
  0x30, 0x84, 0x30, 0x84, 0x30, 0x84, 0x30, 0x84, 0x50, 0x8c, 0x50, 0x8c, 0x51, 0x8c, 0x71, 0x8c,
  0x71, 0x8c, 0x91, 0x8c, 0x91, 0x94, 0x92, 0x94, 0xb2, 0x94, 0x91, 0x94, 0xf3, 0x9c, 0x78, 0xce,
  0x54, 0xad, 0x99, 0xd6, 0x9a, 0xde, 0xda, 0xde, 0x99, 0xd6, 0x58, 0xce, 0xd6, 0xbd, 0xd6, 0xc5,
  0x95, 0xbd, 0x90, 0x94, 0x37, 0xce, 0x0e, 0x84, 0xb1, 0x9c, 0x99, 0xd6, 0x99, 0xd6, 0x71, 0x94,
  0xa6, 0x41, 0xb1, 0xb4, 0x16, 0xde, 0xd5, 0xdd, 0xf6, 0xdd, 0x37, 0xd6, 0x58, 0xd6, 0x17, 0xce,
  0x13, 0xad, 0x6c, 0x73, 0x24, 0x29, 0x04, 0x69, 0xc7, 0xb1, 0x86, 0xa9, 0xa6, 0xa9, 0x45, 0x99,
  0xc3, 0x70, 0x41, 0x30, 0x20, 0x08, 0x00, 0x00, 0x00, 0x00, 0x00, 0x00, 0x60, 0x08, 0x81, 0x10,
  0x81, 0x10, 0x40, 0x08, 0x00, 0x00, 0x00, 0x00, 0x20, 0x00, 0x00, 0x00, 0x00, 0x00, 0x00, 0x00,
  0x00, 0x00, 0x20, 0x08, 0xe7, 0x41, 0x49, 0x52, 0x28, 0x4a, 0x28, 0x42, 0x49, 0x4a, 0xca, 0x5a,
  0x0e, 0x84, 0x79, 0xce, 0xb9, 0xd6, 0xd9, 0xde, 0x54, 0xad, 0x48, 0x52, 0x64, 0x31, 0xc6, 0x41,
  0x33, 0xad, 0xfa, 0xe6, 0xda, 0xde, 0xfa, 0xe6, 0xda, 0xde, 0x78, 0xd6, 0x99, 0xd6, 0x99, 0xd6,
  0x99, 0xd6, 0x71, 0x94, 0xf3, 0x9c, 0xda, 0xde, 0x58, 0xce, 0x99, 0xd6, 0x99, 0xd6, 0xb9, 0xd6,
  0x99, 0xd6, 0x99, 0xd6, 0x58, 0xce, 0xf6, 0xbd, 0x13, 0xa5, 0x4c, 0x6b, 0x69, 0x4a, 0x0b, 0x5b,
  0xce, 0x7b, 0x50, 0x8c, 0xb1, 0x94, 0xf2, 0x9c, 0xb1, 0x94, 0x0f, 0x84, 0x6d, 0x6b, 0x0b, 0x63,
  0x0b, 0x5b, 0x6d, 0x6b, 0x91, 0x94, 0x34, 0xa5, 0x95, 0xb5, 0xf7, 0xbd, 0x37, 0xc6, 0x58, 0xc6,
  0x58, 0xce, 0x58, 0xce, 0x18, 0xc6, 0xb6, 0xb5, 0x54, 0xad, 0xb2, 0x9c, 0xb0, 0x73, 0xad, 0x4a,
  0xca, 0x21, 0x6a, 0x09, 0x8a, 0x09, 0xaa, 0x09, 0x8a, 0x09, 0x8a, 0x09, 0x8a, 0x09, 0x6a, 0x09,
  0x08, 0x01, 0x28, 0x01, 0x28, 0x01, 0x29, 0x01, 0x29, 0x09, 0x49, 0x09, 0x49, 0x09, 0x49, 0x09,
  0x28, 0x09, 0x28, 0x09, 0x28, 0x09, 0x48, 0x09, 0x0c, 0x32, 0x70, 0x6b, 0x32, 0x8c, 0x93, 0x9c,
  0xb2, 0x9c, 0x50, 0x8c, 0x0f, 0x7c, 0x0f, 0x84, 0x0f, 0x84, 0x0f, 0x84, 0x10, 0x84, 0x10, 0x84,
  0x10, 0x84, 0x30, 0x84, 0x30, 0x84, 0x30, 0x84, 0x50, 0x8c, 0x50, 0x8c, 0x71, 0x8c, 0x71, 0x8c,
  0x71, 0x8c, 0x71, 0x8c, 0x91, 0x8c, 0x91, 0x94, 0xb2, 0x94, 0x92, 0x94, 0xd2, 0x9c, 0x58, 0xc6,
  0x0f, 0x84, 0x58, 0xce, 0xda, 0xde, 0x34, 0xad, 0xaa, 0x5a, 0x91, 0x94, 0x89, 0x52, 0x30, 0x8c,
  0xaa, 0x5a, 0x89, 0x5a, 0x8d, 0x7b, 0xe7, 0x41, 0x95, 0xb5, 0xb9, 0xde, 0x79, 0xd6, 0x50, 0x8c,
  0x64, 0x29, 0x27, 0x4a, 0x74, 0xc5, 0x37, 0xe6, 0x37, 0xd6, 0x57, 0xd6, 0x58, 0xd6, 0xb1, 0x9c,
  0xa5, 0x39, 0x20, 0x00, 0x00, 0x00, 0x62, 0x28, 0xa3, 0x40, 0x83, 0x40, 0xa3, 0x48, 0x62, 0x38,
  0x00, 0x08, 0x00, 0x00, 0x00, 0x00, 0x00, 0x00, 0x00, 0x00, 0x00, 0x00, 0x00, 0x00, 0x00, 0x00,
  0x00, 0x00, 0x00, 0x00, 0x00, 0x00, 0x00, 0x00, 0x00, 0x00, 0x00, 0x00, 0x00, 0x00, 0x00, 0x00,
  0x00, 0x00, 0x00, 0x00, 0x00, 0x00, 0x00, 0x00, 0x00, 0x00, 0x00, 0x00, 0x00, 0x00, 0x00, 0x00,
  0x0a, 0x63, 0xdb, 0xde, 0x79, 0xce, 0xb5, 0xb5, 0x23, 0x21, 0x44, 0x29, 0xe6, 0x39, 0xc2, 0x18,
  0x65, 0x29, 0xd7, 0xc5, 0xb9, 0xd6, 0xfa, 0xde, 0xfa, 0xe6, 0xba, 0xde, 0x79, 0xd6, 0x99, 0xd6,
  0xf6, 0xc5, 0x8d, 0x73, 0x58, 0xce, 0x99, 0xd6, 0x58, 0xce, 0xb9, 0xd6, 0xb9, 0xd6, 0xb9, 0xd6,
  0x99, 0xd6, 0x99, 0xd6, 0x99, 0xd6, 0xda, 0xde, 0xda, 0xde, 0xd7, 0xbd, 0x8d, 0x6b, 0x89, 0x4a,
  0x6d, 0x6b, 0x30, 0x84, 0xb1, 0x94, 0xf2, 0x9c, 0x91, 0x94, 0xef, 0x7b, 0x2c, 0x63, 0xaa, 0x52,
  0x0b, 0x63, 0x0f, 0x84, 0xf2, 0x9c, 0x54, 0xad, 0xb6, 0xb5, 0xf7, 0xbd, 0x37, 0xc6, 0x58, 0xce,
  0x79, 0xce, 0x79, 0xce, 0x38, 0xc6, 0xd7, 0xbd, 0x75, 0xad, 0xd2, 0x9c, 0xaf, 0x73, 0xac, 0x4a,
  0xca, 0x21, 0x69, 0x09, 0x8a, 0x09, 0x8a, 0x09, 0x6a, 0x09, 0x6a, 0x09, 0x6a, 0x09, 0x6a, 0x09,
  0x08, 0x01, 0x28, 0x01, 0x28, 0x01, 0x28, 0x01, 0x28, 0x09, 0x49, 0x09, 0x49, 0x09, 0x28, 0x09,
  0x28, 0x09, 0x28, 0x09, 0x28, 0x09, 0x49, 0x09, 0x0c, 0x32, 0x70, 0x6b, 0x32, 0x8c, 0x93, 0x9c,
  0xb2, 0x9c, 0x50, 0x84, 0xef, 0x7b, 0x0f, 0x84, 0x0f, 0x84, 0x0f, 0x84, 0x10, 0x84, 0x10, 0x84,
  0x10, 0x84, 0x30, 0x84, 0x2f, 0x84, 0x30, 0x84, 0x30, 0x84, 0x50, 0x8c, 0x50, 0x8c, 0x50, 0x8c,
  0x70, 0x8c, 0x71, 0x8c, 0x71, 0x8c, 0x91, 0x8c, 0x91, 0x94, 0x91, 0x94, 0xd2, 0x94, 0x17, 0xc6,
  0x07, 0x42, 0xd6, 0xbd, 0x1c, 0xe7, 0xce, 0x7b, 0x0b, 0x63, 0x54, 0xad, 0x49, 0x4a, 0xb6, 0xbd,
  0xe7, 0x41, 0xb2, 0x9c, 0x71, 0x94, 0xa6, 0x39, 0x79, 0xd6, 0xfb, 0xe6, 0x78, 0xd6, 0x0f, 0x7c,
  0x65, 0x29, 0xe3, 0x18, 0x89, 0x5a, 0xb5, 0xcd, 0x71, 0xd5, 0x88, 0xa3, 0xc8, 0xab, 0x06, 0x93,
  0x84, 0x82, 0x84, 0x82, 0x64, 0x82, 0x44, 0x7a, 0x23, 0x72, 0x03, 0x72, 0xe3, 0x69, 0x03, 0x6a,
  0xe3, 0x69, 0xe3, 0x69, 0xe3, 0x61, 0xc3, 0x61, 0xa3, 0x59, 0xa3, 0x59, 0x83, 0x51, 0x83, 0x51,
  0x83, 0x49, 0x63, 0x41, 0x43, 0x41, 0x42, 0x39, 0x02, 0x31, 0xe1, 0x30, 0x83, 0x41, 0xc3, 0x51,
  0x01, 0x39, 0xa0, 0x28, 0x80, 0x18, 0x80, 0x18, 0xa0, 0x20, 0x81, 0x41, 0x25, 0x52, 0x81, 0x10,
  0x0f, 0x84, 0xfb, 0xe6, 0x99, 0xd6, 0x69, 0x4a, 0x8d, 0x73, 0xf6, 0xbd, 0x54, 0xad, 0xe6, 0x39,
  0x81, 0x10, 0x8d, 0x73, 0xfb, 0xe6, 0xda, 0xde, 0xba, 0xde, 0x99, 0xd6, 0x99, 0xd6, 0x99, 0xd6,
  0x75, 0xb5, 0xd2, 0x9c, 0x79, 0xd6, 0x58, 0xce, 0x78, 0xce, 0xb9, 0xde, 0xb8, 0xd6, 0xb9, 0xd6,
  0x99, 0xde, 0x79, 0xde, 0xb9, 0xde, 0xfa, 0xe6, 0xda, 0xde, 0xda, 0xde, 0xda, 0xde, 0x75, 0xad,
  0xae, 0x73, 0xce, 0x7b, 0x91, 0x94, 0xd2, 0x9c, 0x71, 0x8c, 0xce, 0x7b, 0xca, 0x5a, 0xca, 0x5a,
  0xce, 0x7b, 0xb2, 0x94, 0x54, 0xad, 0xd6, 0xbd, 0xf7, 0xbd, 0x17, 0xc6, 0x38, 0xc6, 0x79, 0xce,
  0x79, 0xce, 0x58, 0xce, 0x38, 0xc6, 0xf7, 0xbd, 0x95, 0xad, 0xb2, 0x94, 0x8f, 0x73, 0xac, 0x42,
  0xaa, 0x19, 0x4a, 0x09, 0x6a, 0x09, 0x6a, 0x09, 0x6a, 0x09, 0x69, 0x09, 0x69, 0x09, 0x69, 0x09,
  0x08, 0x01, 0x08, 0x01, 0x28, 0x01, 0x28, 0x01, 0x28, 0x01, 0x29, 0x09, 0x28, 0x09, 0x28, 0x09,
  0x28, 0x09, 0x28, 0x09, 0x28, 0x09, 0x49, 0x11, 0x2c, 0x3a, 0x70, 0x6b, 0x32, 0x8c, 0x93, 0x9c,
  0xb2, 0x9c, 0x30, 0x84, 0xef, 0x7b, 0xef, 0x7b, 0xef, 0x7b, 0xef, 0x7b, 0x0f, 0x84, 0x10, 0x84,
  0x10, 0x84, 0x0f, 0x84, 0x0f, 0x84, 0x0f, 0x84, 0x30, 0x84, 0x50, 0x84, 0x50, 0x8c, 0x50, 0x8c,
  0x50, 0x8c, 0x71, 0x8c, 0x71, 0x8c, 0x71, 0x8c, 0x91, 0x94, 0x91, 0x94, 0x91, 0x94, 0x38, 0xc6,
  0x68, 0x4a, 0x75, 0xb5, 0x3c, 0xef, 0x4d, 0x6b, 0x8d, 0x73, 0x91, 0x94, 0xaa, 0x5a, 0xb6, 0xbd,
  0x50, 0x94, 0xe7, 0x41, 0x2c, 0x6b, 0xcf, 0x83, 0x1b, 0xe7, 0xba, 0xde, 0x38, 0xce, 0x6c, 0x6b,
  0x04, 0x19, 0x25, 0x19, 0x45, 0x29, 0x2c, 0xa4, 0x4a, 0xe5, 0x25, 0xcc, 0xa3, 0xbb, 0x45, 0xcc,
  0x45, 0xd4, 0x45, 0xd4, 0x05, 0xd4, 0xe5, 0xcb, 0xc4, 0xcb, 0xa4, 0xc3, 0x84, 0xbb, 0x84, 0xbb,
  0x43, 0xb3, 0x43, 0xb3, 0x43, 0xbb, 0x63, 0xb3, 0x84, 0xbb, 0xa4, 0xbb, 0xc5, 0xbb, 0xe5, 0xc3,
  0x06, 0xc4, 0x26, 0xc4, 0x26, 0xc4, 0x25, 0xc4, 0x46, 0xcc, 0xa8, 0xd4, 0x08, 0xdd, 0xc7, 0xdc,
  0x25, 0xcc, 0xc4, 0xb3, 0xa4, 0x82, 0xa3, 0x41, 0x43, 0x29, 0xe3, 0x20, 0x45, 0x29, 0xa2, 0x08,
  0x71, 0x94, 0xfb, 0xe6, 0xd6, 0xbd, 0x85, 0x29, 0x89, 0x52, 0x2f, 0x84, 0xe6, 0x39, 0x02, 0x19,
  0xe2, 0x18, 0x89, 0x52, 0xfb, 0xde, 0x79, 0xce, 0x79, 0xce, 0x58, 0xce, 0x78, 0xd6, 0x99, 0xd6,
  0xc6, 0x39, 0x0f, 0x84, 0xda, 0xde, 0x17, 0xc6, 0x99, 0xd6, 0xb9, 0xd6, 0xb9, 0xd6, 0x1a, 0xdf,
  0xf3, 0xc4, 0x28, 0x82, 0xaa, 0x82, 0x2b, 0x8b, 0x12, 0xb5, 0xda, 0xde, 0xfb, 0xde, 0xfa, 0xde,
  0xb9, 0xd6, 0x95, 0xad, 0xb2, 0x94, 0x71, 0x8c, 0x30, 0x84, 0x6d, 0x6b, 0xaa, 0x52, 0xca, 0x5a,
  0xee, 0x7b, 0xf3, 0x9c, 0x75, 0xad, 0xd6, 0xbd, 0x17, 0xc6, 0x38, 0xc6, 0x79, 0xce, 0x79, 0xce,
  0x79, 0xce, 0x79, 0xce, 0x38, 0xc6, 0xf7, 0xbd, 0x54, 0xad, 0x92, 0x94, 0x8f, 0x73, 0xad, 0x42,
  0xcb, 0x19, 0x6a, 0x01, 0x8a, 0x01, 0x8a, 0x09, 0x6a, 0x09, 0x89, 0x09, 0x69, 0x09, 0x69, 0x09,
  0x07, 0x01, 0x08, 0x01, 0x28, 0x01, 0x28, 0x01, 0x28, 0x01, 0x28, 0x09, 0x28, 0x09, 0x28, 0x09,
  0x28, 0x09, 0x28, 0x09, 0x28, 0x09, 0x49, 0x11, 0x4c, 0x3a, 0x90, 0x6b, 0x32, 0x8c, 0x93, 0x9c,
  0xb2, 0x94, 0x30, 0x84, 0xee, 0x7b, 0xef, 0x7b, 0xef, 0x7b, 0xef, 0x7b, 0xef, 0x7b, 0x0f, 0x84,
  0x0f, 0x84, 0x10, 0x84, 0x0f, 0x84, 0x0f, 0x84, 0x30, 0x84, 0x30, 0x84, 0x30, 0x84, 0x30, 0x84,
  0x50, 0x84, 0x50, 0x8c, 0x51, 0x8c, 0x70, 0x8c, 0x71, 0x8c, 0x91, 0x8c, 0x71, 0x8c, 0x58, 0xce,
  0x69, 0x4a, 0xf3, 0xa4, 0x3c, 0xef, 0x48, 0x4a, 0xd2, 0x9c, 0x6d, 0x73, 0xf3, 0xa4, 0x75, 0xb5,
  0xa6, 0x39, 0xce, 0x7b, 0xce, 0x83, 0x34, 0xad, 0x3c, 0xe7, 0xda, 0xde, 0x17, 0xc6, 0xca, 0x52,
  0x2e, 0x53, 0x6c, 0x32, 0x87, 0x21, 0xca, 0xcc, 0x69, 0xed, 0x28, 0xe5, 0x25, 0xc4, 0x46, 0xcc,
  0x66, 0xd4, 0x46, 0xcc, 0x46, 0xcc, 0x26, 0xcc, 0x26, 0xcc, 0x06, 0xc4, 0xc6, 0xc3, 0xc5, 0xbb,
  0xa5, 0xbb, 0xa5, 0xc3, 0xa5, 0xc3, 0xc5, 0xc3, 0xc5, 0xc3, 0xe5, 0xc3, 0x05, 0xc4, 0x25, 0xcc,
  0x24, 0xcc, 0x24, 0xc4, 0x04, 0xc4, 0x65, 0xcc, 0x07, 0xdd, 0x48, 0xe5, 0x48, 0xe5, 0x67, 0xe5,
  0x48, 0xdd, 0xa8, 0x8b, 0xa7, 0x21, 0xcb, 0x11, 0x2c, 0x0a, 0xcb, 0x09, 0x27, 0x01, 0xa3, 0x00,
  0xf3, 0xa4, 0xda, 0xe6, 0xd6, 0xbd, 0x44, 0x21, 0x2c, 0x63, 0x37, 0xc6, 0x89, 0x52, 0x50, 0x8c,
  0x70, 0x8c, 0x0b, 0x63, 0x99, 0xd6, 0x58, 0xce, 0x79, 0xce, 0x58, 0xce, 0x99, 0xd6, 0x34, 0xad,
  0x03, 0x21, 0xf6, 0xbd, 0x78, 0xce, 0x37, 0xc6, 0x98, 0xce, 0x98, 0xd6, 0x78, 0xd6, 0x3a, 0xdf,
  0xae, 0xa3, 0xe3, 0x60, 0x64, 0x69, 0x23, 0x61, 0x23, 0x61, 0xca, 0x9a, 0x95, 0xcd, 0xfa, 0xde,
  0xfa, 0xde, 0xdb, 0xde, 0xba, 0xd6, 0xb5, 0xb5, 0x50, 0x8c, 0xae, 0x73, 0x4c, 0x6b, 0x0b, 0x63,
  0x50, 0x8c, 0x34, 0xa5, 0x95, 0xad, 0xf7, 0xbd, 0x58, 0xce, 0x99, 0xd6, 0x99, 0xce, 0x79, 0xce,
  0x79, 0xce, 0x78, 0xce, 0x38, 0xc6, 0xf7, 0xbd, 0x54, 0xad, 0x92, 0x94, 0x8f, 0x6b, 0xad, 0x42,
  0xcb, 0x19, 0x8b, 0x01, 0xab, 0x01, 0xab, 0x01, 0x8b, 0x01, 0x8a, 0x01, 0x8a, 0x01, 0x8a, 0x09,
  0x07, 0x01, 0x08, 0x01, 0x28, 0x01, 0x28, 0x01, 0x28, 0x01, 0x28, 0x09, 0x28, 0x09, 0x28, 0x09,
  0x28, 0x09, 0x28, 0x09, 0x28, 0x09, 0x49, 0x11, 0x4c, 0x3a, 0x90, 0x6b, 0x32, 0x8c, 0x93, 0x9c,
  0x92, 0x94, 0x0f, 0x84, 0xce, 0x7b, 0xef, 0x7b, 0xef, 0x7b, 0xef, 0x7b, 0xef, 0x7b, 0xef, 0x7b,
  0xef, 0x7b, 0x0f, 0x84, 0x0f, 0x84, 0x0f, 0x84, 0x0f, 0x84, 0x10, 0x84, 0x30, 0x84, 0x30, 0x84,
  0x30, 0x84, 0x30, 0x84, 0x30, 0x84, 0x50, 0x8c, 0x50, 0x8c, 0x71, 0x8c, 0x50, 0x8c, 0x78, 0xce,
  0xca, 0x5a, 0x91, 0x94, 0xfb, 0xe6, 0xce, 0x7b, 0x8d, 0x73, 0x51, 0x8c, 0x13, 0xa5, 0xb6, 0xbd,
  0xb2, 0x9c, 0x95, 0xb5, 0x34, 0xad, 0xb2, 0x9c, 0x99, 0xd6, 0xfb, 0xde, 0x75, 0xad, 0xd0, 0x6b,
  0x94, 0x74, 0x0e, 0x4b, 0x05, 0x11, 0x64, 0x31, 0xa8, 0x9b, 0x6a, 0xed, 0xe8, 0xdc, 0x45, 0xcc,
  0xa7, 0xd4, 0xa6, 0xd4, 0x66, 0xcc, 0x25, 0xcc, 0x05, 0xc4, 0xe5, 0xc3, 0xc4, 0xbb, 0xc4, 0xbb,
  0xa4, 0xbb, 0xa4, 0xc3, 0xc4, 0xc3, 0xe5, 0xc3, 0xe5, 0xc3, 0x05, 0xc4, 0x45, 0xcc, 0x66, 0xcc,
  0x86, 0xd4, 0xa6, 0xd4, 0x27, 0xe5, 0x88, 0xed, 0x88, 0xe5, 0xe8, 0xcc, 0x08, 0xac, 0xe7, 0x72,
  0x69, 0x2a, 0xca, 0x01, 0xaf, 0x0a, 0x94, 0x2b, 0xf4, 0x3b, 0xf0, 0x22, 0x48, 0x01, 0x41, 0x00,
  0x13, 0xa5, 0xda, 0xde, 0xb6, 0xb5, 0x44, 0x29, 0x44, 0x29, 0xca, 0x5a, 0xc7, 0x39, 0xf2, 0x9c,
  0x0f, 0x7c, 0x2c, 0x63, 0xda, 0xde, 0x99, 0xd6, 0x79, 0xd6, 0x58, 0xce, 0xda, 0xde, 0x6c, 0x6b,
  0xe7, 0x41, 0xb9, 0xd6, 0x17, 0xc6, 0x38, 0xc6, 0x99, 0xd6, 0x99, 0xd6, 0x78, 0xd6, 0xb9, 0xde,
  0xca, 0x9a, 0x44, 0x61, 0xa5, 0x71, 0x64, 0x61, 0x65, 0x71, 0x29, 0x9a, 0x08, 0x8a, 0x4d, 0x9b,
  0x17, 0xd6, 0x1b, 0xe7, 0xfb, 0xde, 0xfb, 0xde, 0x79, 0xce, 0xb2, 0x94, 0x30, 0x84, 0x0f, 0x84,
  0xd2, 0x94, 0x95, 0xb5, 0xf7, 0xbd, 0x58, 0xce, 0x99, 0xd6, 0xba, 0xd6, 0xba, 0xd6, 0x79, 0xce,
  0x58, 0xce, 0x58, 0xc6, 0x38, 0xc6, 0xd6, 0xb5, 0x54, 0xad, 0xb2, 0x94, 0x8f, 0x73, 0xae, 0x42,
  0xec, 0x19, 0x8b, 0x01, 0xcc, 0x01, 0xec, 0x01, 0xcd, 0x01, 0xcc, 0x01, 0xcc, 0x01, 0xac, 0x01,
  0x07, 0x01, 0x08, 0x01, 0x28, 0x01, 0x28, 0x01, 0x28, 0x01, 0x28, 0x09, 0x28, 0x09, 0x28, 0x09,
  0x28, 0x09, 0x28, 0x09, 0x28, 0x09, 0x69, 0x11, 0x4c, 0x3a, 0x70, 0x6b, 0x32, 0x8c, 0x73, 0x9c,
  0x91, 0x94, 0x0f, 0x84, 0xce, 0x7b, 0xce, 0x7b, 0xcf, 0x7b, 0xcf, 0x7b, 0xef, 0x7b, 0xef, 0x7b,
  0xef, 0x7b, 0xef, 0x7b, 0xef, 0x7b, 0xef, 0x7b, 0xef, 0x7b, 0x0f, 0x84, 0x0f, 0x84, 0x0f, 0x84,
  0x0f, 0x84, 0x10, 0x84, 0x10, 0x84, 0x30, 0x84, 0x50, 0x84, 0x50, 0x8c, 0x2f, 0x84, 0x58, 0xce,
  0x2b, 0x63, 0x50, 0x8c, 0x3c, 0xef, 0x75, 0xb5, 0xd2, 0x9c, 0xb2, 0x9c, 0x51, 0x94, 0xef, 0x83,
  0xb2, 0x9c, 0x75, 0xb5, 0x71, 0x94, 0xd2, 0x9c, 0x58, 0xce, 0xda, 0xde, 0x55, 0xa5, 0xf1, 0x6b,
  0xf5, 0x8c, 0xf4, 0x9c, 0x29, 0x42, 0xc4, 0x10, 0x82, 0x08, 0x86, 0x5a, 0x2b, 0xcd, 0x89, 0xe5,
  0x69, 0xe5, 0x69, 0xe5, 0x29, 0xdd, 0x08, 0xdd, 0x08, 0xd5, 0x09, 0xd5, 0xe8, 0xd4, 0xc8, 0xd4,
  0xe8, 0xd4, 0xe8, 0xdc, 0x09, 0xdd, 0x29, 0xdd, 0x49, 0xe5, 0x49, 0xe5, 0x69, 0xed, 0x88, 0xed,
  0xa9, 0xed, 0xca, 0xed, 0x29, 0xcd, 0x66, 0x93, 0xc3, 0x49, 0xc2, 0x20, 0x62, 0x08, 0xa5, 0x08,
  0xcb, 0x09, 0x71, 0x2b, 0x14, 0x44, 0x56, 0x5c, 0x51, 0x3b, 0xab, 0x01, 0xc6, 0x00, 0x41, 0x00,
  0x54, 0xad, 0xba, 0xd6, 0x17, 0xc6, 0xa5, 0x31, 0xe3, 0x18, 0x49, 0x4a, 0x2c, 0x63, 0xaa, 0x52,
  0x48, 0x4a, 0x69, 0x4a, 0x99, 0xd6, 0xfb, 0xde, 0xba, 0xd6, 0x79, 0xce, 0x79, 0xd6, 0x65, 0x31,
  0x2f, 0x8c, 0xba, 0xde, 0xf6, 0xbd, 0x17, 0xc6, 0x99, 0xd6, 0x99, 0xd6, 0x99, 0xd6, 0x17, 0xe6,
  0x69, 0xb2, 0x64, 0x71, 0x64, 0x61, 0x43, 0x61, 0x28, 0x82, 0x78, 0xe6, 0x78, 0xde, 0xcf, 0xa3,
  0x09, 0x82, 0x6e, 0xab, 0x58, 0xde, 0x3b, 0xdf, 0x1b, 0xdf, 0xf3, 0x9c, 0x2f, 0x84, 0x71, 0x8c,
  0xb1, 0x94, 0x34, 0xa5, 0xb6, 0xb5, 0x58, 0xce, 0x58, 0xce, 0x78, 0xce, 0x99, 0xd6, 0x79, 0xce,
  0x38, 0xc6, 0x17, 0xc6, 0xf7, 0xbd, 0xb5, 0xb5, 0x34, 0xa5, 0x92, 0x94, 0x8f, 0x6b, 0xad, 0x42,
  0xeb, 0x19, 0xab, 0x01, 0xcc, 0x01, 0xec, 0x01, 0xed, 0x01, 0xed, 0x01, 0xed, 0x01, 0xed, 0x01,
  0x07, 0x01, 0x07, 0x01, 0x08, 0x09, 0x28, 0x09, 0x28, 0x09, 0x28, 0x09, 0x28, 0x09, 0x28, 0x09,
  0x28, 0x09, 0x28, 0x09, 0x29, 0x09, 0x69, 0x11, 0x4d, 0x3a, 0x70, 0x6b, 0x32, 0x8c, 0x72, 0x9c,
  0x71, 0x94, 0xef, 0x7b, 0xae, 0x73, 0xae, 0x73, 0xae, 0x73, 0xae, 0x73, 0xce, 0x7b, 0xce, 0x7b,
  0xce, 0x7b, 0xce, 0x7b, 0xcf, 0x7b, 0xef, 0x7b, 0xef, 0x7b, 0xef, 0x7b, 0xef, 0x7b, 0xef, 0x7b,
  0xef, 0x7b, 0x0f, 0x84, 0x0f, 0x84, 0x0f, 0x84, 0x30, 0x84, 0x50, 0x84, 0x0f, 0x7c, 0x37, 0xc6,
  0xad, 0x73, 0x30, 0x84, 0x3c, 0xef, 0xd6, 0xbd, 0x95, 0xb5, 0x17, 0xc6, 0x79, 0xd6, 0x58, 0xce,
  0x59, 0xce, 0x99, 0xd6, 0xba, 0xde, 0xb9, 0xde, 0x99, 0xd6, 0xba, 0xde, 0xb3, 0x8c, 0x8f, 0x63,
  0x14, 0x9d, 0xd3, 0x9c, 0x11, 0x7c, 0x2f, 0x4b, 0x0f, 0x43, 0xae, 0x32, 0x0d, 0x4b, 0xad, 0x6b,
  0x46, 0x4a, 0xc4, 0x41, 0xe5, 0x41, 0x06, 0x42, 0xe7, 0x39, 0x85, 0x31, 0x23, 0x29, 0x23, 0x31,
  0x43, 0x29, 0xc5, 0x31, 0x28, 0x42, 0x67, 0x4a, 0xe9, 0x52, 0x8a, 0x63, 0xa9, 0x73, 0x2b, 0x8c,
  0x0a, 0x9c, 0xa6, 0x6a, 0xa7, 0x31, 0xe6, 0x18, 0x84, 0x08, 0xe5, 0x10, 0x46, 0x19, 0x25, 0x11,
  0x4b, 0x32, 0x74, 0x54, 0x75, 0x54, 0xb3, 0x43, 0x0c, 0x0a, 0xaa, 0x01, 0xa5, 0x00, 0x82, 0x08,
  0xb5, 0xb5, 0x99, 0xd6, 0x79, 0xce, 0x07, 0x42, 0xc2, 0x18, 0x49, 0x4a, 0xaa, 0x52, 0xeb, 0x5a,
  0x27, 0x42, 0xca, 0x5a, 0x99, 0xd6, 0xfb, 0xde, 0x79, 0xd6, 0xba, 0xd6, 0x34, 0xad, 0x03, 0x29,
  0xb6, 0xbd, 0x58, 0xce, 0xb6, 0xb5, 0xb6, 0xbd, 0x99, 0xd6, 0x79, 0xd6, 0xda, 0xde, 0x34, 0xcd,
  0xe7, 0xa9, 0x28, 0xaa, 0x63, 0x69, 0x43, 0x51, 0x69, 0x7a, 0x99, 0xde, 0xb9, 0xd6, 0xdb, 0xe6,
  0x17, 0xd6, 0x2d, 0x9b, 0xe8, 0x89, 0xcf, 0xb3, 0x99, 0xe6, 0x13, 0xa5, 0xee, 0x7b, 0x50, 0x8c,
  0xb1, 0x94, 0xd2, 0x94, 0x54, 0xad, 0x17, 0xc6, 0x38, 0xc6, 0x58, 0xc6, 0x58, 0xce, 0x38, 0xc6,
  0xd6, 0xbd, 0xb6, 0xb5, 0xb6, 0xb5, 0x75, 0xad, 0x33, 0xa5, 0x92, 0x94, 0x6f, 0x6b, 0x8c, 0x42,
  0xab, 0x19, 0x8a, 0x01, 0xab, 0x01, 0xcc, 0x01, 0xec, 0x01, 0xed, 0x01, 0xed, 0x01, 0x0d, 0x02,
  0x07, 0x01, 0x07, 0x01, 0x08, 0x09, 0x28, 0x09, 0x28, 0x09, 0x28, 0x09, 0x28, 0x09, 0x28, 0x09,
  0x28, 0x09, 0x28, 0x09, 0x49, 0x09, 0x6a, 0x09, 0x2c, 0x3a, 0x70, 0x6b, 0x11, 0x8c, 0x52, 0x94,
  0x71, 0x8c, 0xcf, 0x7b, 0x8d, 0x73, 0x8e, 0x73, 0x8e, 0x73, 0xae, 0x73, 0xae, 0x73, 0xae, 0x73,
  0xae, 0x73, 0xae, 0x73, 0xce, 0x7b, 0xce, 0x7b, 0xce, 0x7b, 0xcf, 0x7b, 0xcf, 0x7b, 0xef, 0x7b,
  0xef, 0x7b, 0xef, 0x7b, 0xef, 0x7b, 0x0f, 0x7c, 0x0f, 0x84, 0x30, 0x84, 0xee, 0x7b, 0xf6, 0xbd,
  0xef, 0x7b, 0xef, 0x7b, 0xde, 0xff, 0x1b, 0xe7, 0xfb, 0xe6, 0xba, 0xde, 0x99, 0xd6, 0x99, 0xd6,
  0x99, 0xd6, 0x99, 0xd6, 0x79, 0xd6, 0x99, 0xd6, 0xb9, 0xde, 0x99, 0xd6, 0xd0, 0x73, 0xec, 0x52,
  0xcf, 0x7b, 0x8e, 0x6b, 0xf0, 0x6b, 0x6f, 0x53, 0x8b, 0x42, 0xe9, 0x31, 0x46, 0x19, 0x47, 0x19,
  0x47, 0x11, 0xa4, 0x08, 0x83, 0x08, 0x83, 0x00, 0x43, 0x00, 0x63, 0x00, 0x42, 0x00, 0x43, 0x00,
  0x43, 0x00, 0xa5, 0x00, 0xcc, 0x01, 0xec, 0x01, 0x4e, 0x02, 0x69, 0x01, 0x27, 0x01, 0x4c, 0x12,
  0xe6, 0x08, 0x43, 0x00, 0xa9, 0x21, 0x26, 0x11, 0xc5, 0x10, 0x05, 0x19, 0x87, 0x21, 0xc8, 0x29,
  0x2a, 0x32, 0x13, 0x54, 0x35, 0x54, 0x6d, 0x12, 0xeb, 0x09, 0x69, 0x01, 0x84, 0x00, 0x82, 0x10,
  0xd6, 0xbd, 0x79, 0xd6, 0x99, 0xd6, 0xae, 0x73, 0x61, 0x08, 0xc6, 0x39, 0xeb, 0x5a, 0xc6, 0x39,
  0x2c, 0x63, 0x38, 0xce, 0xda, 0xde, 0xfa, 0xde, 0x99, 0xd6, 0xda, 0xde, 0x0b, 0x63, 0x07, 0x42,
  0xb9, 0xd6, 0xf6, 0xbd, 0x33, 0xa5, 0xf6, 0xbd, 0xba, 0xde, 0x79, 0xd6, 0xda, 0xde, 0x91, 0xb4,
  0x44, 0x71, 0xe7, 0xa1, 0x08, 0xaa, 0x44, 0x61, 0x89, 0x7a, 0xda, 0xee, 0xb6, 0xbd, 0x91, 0x9c,
  0x58, 0xce, 0x1b, 0xe7, 0xb5, 0xcd, 0xab, 0x9a, 0xe8, 0x79, 0x70, 0x8c, 0x0f, 0x7c, 0x30, 0x84,
  0x91, 0x94, 0xd2, 0x9c, 0x34, 0xa5, 0xd6, 0xbd, 0x58, 0xc6, 0x58, 0xce, 0x38, 0xc6, 0xb6, 0xb5,
  0x75, 0xad, 0x74, 0xad, 0x54, 0xad, 0x34, 0xa5, 0x13, 0xa5, 0x71, 0x94, 0x6e, 0x6b, 0x6b, 0x42,
  0x8a, 0x19, 0x49, 0x01, 0x8a, 0x01, 0xab, 0x01, 0xcc, 0x01, 0xec, 0x01, 0x0d, 0x02, 0x0d, 0x02,
  0x07, 0x01, 0x07, 0x01, 0x08, 0x09, 0x28, 0x09, 0x28, 0x09, 0x28, 0x09, 0x28, 0x09, 0x28, 0x09,
  0x28, 0x09, 0x49, 0x09, 0x49, 0x09, 0x6a, 0x09, 0x2c, 0x3a, 0x4f, 0x6b, 0xf1, 0x83, 0x52, 0x94,
  0x51, 0x8c, 0xce, 0x7b, 0x8d, 0x6b, 0x6d, 0x73, 0x8d, 0x73, 0x8d, 0x73, 0x8d, 0x73, 0x8e, 0x73,
  0x8e, 0x73, 0x8e, 0x73, 0xae, 0x73, 0xae, 0x73, 0xae, 0x73, 0xae, 0x73, 0xce, 0x7b, 0xce, 0x7b,
  0xce, 0x7b, 0xce, 0x7b, 0xce, 0x7b, 0xce, 0x7b, 0xef, 0x7b, 0x0f, 0x84, 0xce, 0x73, 0xb5, 0xb5,
  0xd2, 0x9c, 0x44, 0x29, 0x10, 0x84, 0x75, 0xb5, 0x99, 0xd6, 0xfb, 0xe6, 0xfb, 0xe6, 0xba, 0xde,
  0x99, 0xd6, 0x79, 0xd6, 0x79, 0xd6, 0xda, 0xde, 0xfa, 0xde, 0x18, 0xc6, 0x6f, 0x63, 0x0d, 0x5b,
  0x0c, 0x5b, 0x0c, 0x5b, 0x0d, 0x53, 0xcb, 0x4a, 0xe8, 0x39, 0xa7, 0x31, 0x66, 0x29, 0x05, 0x19,
  0xc8, 0x21, 0x46, 0x19, 0x83, 0x10, 0x26, 0x19, 0x2a, 0x2a, 0xa7, 0x19, 0x83, 0x08, 0x83, 0x08,
  0x62, 0x08, 0x62, 0x00, 0x0c, 0x12, 0x92, 0x2b, 0x0b, 0x12, 0x84, 0x10, 0x06, 0x21, 0xe9, 0x29,
  0x05, 0x19, 0x46, 0x21, 0xe9, 0x29, 0xc9, 0x29, 0x46, 0x19, 0x46, 0x19, 0x67, 0x21, 0xe8, 0x29,
  0x8c, 0x32, 0x35, 0x5c, 0xf0, 0x22, 0x2c, 0x0a, 0xeb, 0x09, 0x48, 0x01, 0x42, 0x00, 0xc2, 0x10,
  0x17, 0xc6, 0x79, 0xd6, 0x58, 0xce, 0x79, 0xd6, 0x0f, 0x84, 0x48, 0x4a, 0x44, 0x29, 0x2c, 0x63,
  0xba, 0xd6, 0x1b, 0xe7, 0xda, 0xde, 0xfa, 0xde, 0xfa, 0xde, 0x99, 0xd6, 0x45, 0x29, 0x30, 0x8c,
  0xb9, 0xd6, 0x95, 0xb5, 0xd1, 0x9c, 0x98, 0xd6, 0xda, 0xde, 0x79, 0xd6, 0xda, 0xe6, 0x6d, 0x9b,
  0x03, 0x69, 0xe7, 0x91, 0x6a, 0xc2, 0xc7, 0xa1, 0x28, 0x8a, 0x17, 0xde, 0xd9, 0xde, 0x74, 0xb5,
  0x71, 0x9c, 0xf2, 0xa4, 0x37, 0xc6, 0xda, 0xe6, 0x54, 0xb5, 0xef, 0x7b, 0x2c, 0x63, 0x6d, 0x6b,
  0x0f, 0x84, 0x91, 0x94, 0x13, 0xa5, 0x75, 0xad, 0xb6, 0xb5, 0xd6, 0xbd, 0xb6, 0xb5, 0x74, 0xad,
  0x54, 0xad, 0x34, 0xa5, 0x13, 0xa5, 0x13, 0xa5, 0xf3, 0x9c, 0x51, 0x8c, 0x4e, 0x6b, 0x4b, 0x3a,
  0x69, 0x19, 0x49, 0x09, 0x6a, 0x01, 0x8a, 0x01, 0xcb, 0x01, 0xec, 0x01, 0x0c, 0x02, 0x0d, 0x02,
  0x08, 0x01, 0x08, 0x01, 0x08, 0x01, 0x28, 0x01, 0x28, 0x01, 0x28, 0x09, 0x28, 0x09, 0x29, 0x09,
  0x49, 0x09, 0x49, 0x01, 0x4a, 0x01, 0x6a, 0x09, 0x2c, 0x3a, 0x2f, 0x6b, 0xd1, 0x83, 0x51, 0x94,
  0x51, 0x8c, 0xae, 0x73, 0x6d, 0x6b, 0x6d, 0x6b, 0x6d, 0x6b, 0x6d, 0x6b, 0x6d, 0x6b, 0x6d, 0x6b,
  0x8d, 0x73, 0x8d, 0x73, 0x8d, 0x73, 0x8e, 0x73, 0x8e, 0x73, 0xae, 0x73, 0xae, 0x73, 0xae, 0x73,
  0xae, 0x73, 0xae, 0x73, 0xae, 0x73, 0xae, 0x73, 0xcf, 0x7b, 0xef, 0x7b, 0xae, 0x73, 0x33, 0xa5,
  0xfa, 0xde, 0x50, 0x8c, 0xa9, 0x52, 0xc6, 0x41, 0xe7, 0x41, 0x2c, 0x73, 0x51, 0x94, 0xb6, 0xbd,
  0xba, 0xde, 0x1b, 0xe7, 0xfb, 0xe6, 0xda, 0xde, 0xfa, 0xde, 0xd7, 0xb5, 0x0d, 0x5b, 0x92, 0x8c,
  0x91, 0x8c, 0x92, 0x8c, 0x71, 0x7c, 0x4e, 0x5b, 0xed, 0x4a, 0x87, 0x29, 0x46, 0x29, 0x46, 0x21,
  0xc9, 0x21, 0x6c, 0x32, 0xef, 0x3a, 0x72, 0x43, 0xa9, 0x21, 0xe5, 0x10, 0xa8, 0x11, 0x46, 0x09,
  0x62, 0x00, 0x63, 0x00, 0x68, 0x19, 0x69, 0x19, 0x06, 0x19, 0x67, 0x29, 0x2a, 0x3a, 0x6b, 0x3a,
  0xe9, 0x31, 0xe8, 0x31, 0x09, 0x32, 0x2d, 0x53, 0xab, 0x42, 0xcc, 0x4a, 0xcc, 0x4a, 0x8c, 0x3a,
  0xb1, 0x4b, 0xb3, 0x3b, 0x0c, 0x0a, 0x2c, 0x12, 0xca, 0x09, 0x06, 0x01, 0x00, 0x00, 0x27, 0x42,
  0x99, 0xd6, 0x59, 0xd6, 0x58, 0xce, 0x79, 0xd6, 0xda, 0xde, 0x99, 0xd6, 0x38, 0xce, 0xda, 0xde,
  0xba, 0xd6, 0x99, 0xd6, 0xb9, 0xd6, 0x99, 0xd6, 0x1b, 0xe7, 0x34, 0xa5, 0x24, 0x29, 0x17, 0xc6,
  0x38, 0xce, 0x33, 0xa5, 0xf2, 0x9c, 0xd9, 0xde, 0x1a, 0xe7, 0xda, 0xde, 0x99, 0xde, 0x89, 0x8a,
  0x65, 0x79, 0xa6, 0x89, 0xc6, 0x91, 0x23, 0x61, 0xe3, 0x48, 0x86, 0x71, 0x0f, 0xac, 0x78, 0xd6,
  0xda, 0xde, 0x74, 0xad, 0xa5, 0x39, 0xce, 0x7b, 0xdb, 0xde, 0x91, 0x94, 0x89, 0x52, 0x2c, 0x63,
  0xce, 0x73, 0x50, 0x8c, 0xf3, 0x9c, 0x74, 0xad, 0x95, 0xb5, 0x95, 0xb5, 0x95, 0xb5, 0x54, 0xa5,
  0x34, 0xa5, 0x34, 0xa5, 0x13, 0xa5, 0x13, 0xa5, 0xf3, 0xa4, 0x51, 0x8c, 0x4e, 0x6b, 0x4b, 0x42,
  0x69, 0x19, 0x28, 0x01, 0x69, 0x01, 0x8a, 0x01, 0xab, 0x01, 0xcc, 0x01, 0xec, 0x01, 0xed, 0x01,
  0x29, 0x01, 0x29, 0x01, 0x28, 0x01, 0x28, 0x01, 0x28, 0x01, 0x28, 0x01, 0x49, 0x01, 0x49, 0x01,
  0x6a, 0x01, 0x6a, 0x01, 0x6a, 0x01, 0x8a, 0x09, 0x2c, 0x32, 0x0f, 0x6b, 0xb0, 0x83, 0x51, 0x94,
  0x51, 0x8c, 0xae, 0x73, 0x4d, 0x6b, 0x4d, 0x6b, 0x4d, 0x6b, 0x4d, 0x6b, 0x4d, 0x6b, 0x6d, 0x6b,
  0x6d, 0x6b, 0x6d, 0x6b, 0x6d, 0x6b, 0x6d, 0x6b, 0x8d, 0x73, 0x8e, 0x73, 0xae, 0x73, 0x8e, 0x73,
  0x8e, 0x73, 0x8e, 0x73, 0x8e, 0x73, 0xae, 0x73, 0xce, 0x7b, 0xcf, 0x7b, 0xce, 0x7b, 0x70, 0x8c,
  0xba, 0xde, 0x1b, 0xef, 0xfb, 0xe6, 0x58, 0xd6, 0xf3, 0xa4, 0xae, 0x7b, 0x48, 0x52, 0x85, 0x39,
  0x08, 0x4a, 0x0b, 0x63, 0x91, 0x94, 0x17, 0xc6, 0xda, 0xde, 0x14, 0x9d, 0x4f, 0x5b, 0x93, 0x84,
  0x92, 0x84, 0xd3, 0x8c, 0xd3, 0x8c, 0xf4, 0x9c, 0x10, 0x74, 0x4d, 0x5b, 0x10, 0x7c, 0x0d, 0x53,
  0x71, 0x4b, 0x96, 0x6c, 0x70, 0x4b, 0x4b, 0x2a, 0x8c, 0x42, 0xef, 0x42, 0x0b, 0x22, 0x05, 0x19,
  0xc4, 0x10, 0x46, 0x19, 0x8c, 0x42, 0x67, 0x21, 0x87, 0x31, 0x49, 0x42, 0x72, 0x84, 0xf0, 0x73,
  0x92, 0x8c, 0xd3, 0x94, 0x14, 0xa5, 0x75, 0xa5, 0x18, 0xbe, 0x31, 0x84, 0x8c, 0x42, 0x70, 0x43,
  0x14, 0x4c, 0x6e, 0x12, 0x2c, 0x0a, 0x0b, 0x0a, 0xaa, 0x01, 0xa4, 0x00, 0x41, 0x08, 0x0f, 0x7c,
  0xba, 0xd6, 0x58, 0xce, 0x79, 0xd6, 0xba, 0xd6, 0x79, 0xce, 0x58, 0xce, 0x79, 0xce, 0x79, 0xd6,
  0x79, 0xd6, 0x79, 0xd6, 0xba, 0xde, 0xda, 0xde, 0xfa, 0xde, 0xaa, 0x52, 0x69, 0x4a, 0x99, 0xd6,
  0xd6, 0xbd, 0x74, 0xad, 0x33, 0xad, 0x1b, 0xe7, 0xfa, 0xde, 0x3b, 0xe7, 0x17, 0xde, 0x85, 0x81,
  0x44, 0x81, 0x44, 0x79, 0x45, 0x71, 0x03, 0x51, 0x02, 0x39, 0xe3, 0x50, 0x83, 0x60, 0xc7, 0x79,
  0x30, 0xac, 0x99, 0xe6, 0x95, 0xb5, 0x91, 0x94, 0x38, 0xce, 0x92, 0x94, 0x8d, 0x73, 0x0f, 0x84,
  0x70, 0x8c, 0xb1, 0x94, 0x13, 0x9d, 0x74, 0xad, 0x95, 0xb5, 0xb5, 0xb5, 0x95, 0xad, 0x54, 0xa5,
  0x34, 0xa5, 0x34, 0xa5, 0x34, 0xa5, 0x54, 0xa5, 0x34, 0xa5, 0x71, 0x94, 0x4e, 0x6b, 0x6b, 0x3a,
  0x89, 0x19, 0x49, 0x01, 0x69, 0x01, 0x8a, 0x01, 0xaa, 0x01, 0xab, 0x01, 0xcc, 0x01, 0xcc, 0x01,
  0x29, 0x01, 0x29, 0x01, 0x29, 0x01, 0x29, 0x01, 0x29, 0x01, 0x49, 0x01, 0x6a, 0x01, 0x8a, 0x01,
  0x8b, 0x01, 0x8b, 0x01, 0x8b, 0x01, 0x8a, 0x09, 0x2c, 0x32, 0x0f, 0x63, 0xb0, 0x83, 0x31, 0x94,
  0x30, 0x84, 0x8d, 0x73, 0x4c, 0x6b, 0x2c, 0x63, 0x2c, 0x63, 0x4c, 0x63, 0x4c, 0x63, 0x4c, 0x6b,
  0x4c, 0x6b, 0x4d, 0x6b, 0x4d, 0x6b, 0x6d, 0x6b, 0x6d, 0x6b, 0x6d, 0x6b, 0x8e, 0x73, 0x8e, 0x73,
  0x8d, 0x73, 0x8d, 0x73, 0x8d, 0x73, 0x8d, 0x73, 0xae, 0x73, 0xae, 0x73, 0xcf, 0x7b, 0xae, 0x73,
  0x91, 0x94, 0x58, 0xd6, 0x79, 0xd6, 0xba, 0xde, 0xfb, 0xe6, 0x3c, 0xef, 0xfa, 0xe6, 0x17, 0xce,
  0xd2, 0x9c, 0x0b, 0x63, 0x85, 0x31, 0x2c, 0x6b, 0xfa, 0xde, 0x93, 0x8c, 0xce, 0x3a, 0xad, 0x2a,
  0x0f, 0x3b, 0x2f, 0x3b, 0x91, 0x4b, 0x12, 0x5c, 0x73, 0x6c, 0x36, 0x85, 0xb9, 0x95, 0xd6, 0x74,
  0x95, 0x6c, 0xcc, 0x42, 0x66, 0x21, 0xab, 0x42, 0x90, 0x53, 0x50, 0x53, 0xc9, 0x31, 0x46, 0x21,
  0x46, 0x21, 0x05, 0x21, 0x09, 0x32, 0x70, 0x53, 0xad, 0x42, 0x8f, 0x5b, 0x39, 0xbe, 0xb6, 0xb5,
  0xb2, 0x94, 0x75, 0xa5, 0x72, 0x84, 0x15, 0x8d, 0xf9, 0xad, 0x32, 0x74, 0xed, 0x3a, 0x76, 0x4c,
  0x11, 0x23, 0x0b, 0x02, 0x2b, 0x0a, 0xcb, 0x01, 0x89, 0x01, 0x83, 0x00, 0xe4, 0x18, 0xf2, 0x9c,
  0x99, 0xd6, 0x79, 0xd6, 0x79, 0xd6, 0x99, 0xd6, 0x79, 0xd6, 0x99, 0xd6, 0xda, 0xde, 0xfb, 0xe6,
  0xda, 0xde, 0xd6, 0xbd, 0xb2, 0x9c, 0x8d, 0x73, 0x07, 0x42, 0xe3, 0x20, 0x13, 0xa5, 0x58, 0xce,
  0xb5, 0xbd, 0xb5, 0xb5, 0xd6, 0xbd, 0xfa, 0xde, 0x79, 0xd6, 0xda, 0xd6, 0xf2, 0xd4, 0x45, 0xb1,
  0xa7, 0xc9, 0xe7, 0xb1, 0x65, 0x71, 0x24, 0x61, 0x86, 0x71, 0x24, 0x51, 0xa1, 0x38, 0xe4, 0x68,
  0xa3, 0x60, 0xc7, 0x79, 0xd2, 0xbc, 0xda, 0xde, 0xfb, 0xe6, 0x71, 0x8c, 0xce, 0x7b, 0x50, 0x8c,
  0x70, 0x8c, 0x91, 0x94, 0x13, 0xa5, 0x74, 0xad, 0x95, 0xad, 0x95, 0xb5, 0x95, 0xb5, 0x54, 0xad,
  0x34, 0xa5, 0x54, 0xad, 0x34, 0xa5, 0x34, 0xad, 0x34, 0xa5, 0x92, 0x94, 0x6e, 0x63, 0x6b, 0x3a,
  0x89, 0x19, 0x49, 0x01, 0x6a, 0x01, 0x8a, 0x01, 0x8a, 0x01, 0xab, 0x01, 0xab, 0x01, 0xab, 0x01,
  0x29, 0x01, 0x29, 0x01, 0x49, 0x01, 0x29, 0x01, 0x49, 0x01, 0x4a, 0x01, 0x8a, 0x01, 0xab, 0x01,
  0xac, 0x01, 0xab, 0x01, 0x8b, 0x01, 0x8a, 0x09, 0x2c, 0x3a, 0x0f, 0x63, 0xb0, 0x83, 0x31, 0x94,
  0x30, 0x84, 0x8d, 0x73, 0x2c, 0x63, 0x2c, 0x63, 0x2c, 0x63, 0x2c, 0x63, 0x2c, 0x63, 0x2c, 0x63,
  0x2c, 0x63, 0x2c, 0x63, 0x4c, 0x63, 0x4c, 0x6b, 0x4d, 0x6b, 0x6d, 0x6b, 0x8d, 0x73, 0x8d, 0x73,
  0x8d, 0x6b, 0x6d, 0x6b, 0x6d, 0x6b, 0x6d, 0x6b, 0x8e, 0x73, 0xae, 0x73, 0xae, 0x73, 0xae, 0x73,
  0x0f, 0x84, 0x58, 0xce, 0x58, 0xd6, 0x58, 0xce, 0x38, 0xce, 0x58, 0xce, 0x79, 0xd6, 0xba, 0xde,
  0x1b, 0xe7, 0x1b, 0xef, 0xb9, 0xde, 0x78, 0xd6, 0x99, 0xd6, 0x6f, 0x63, 0x07, 0x09, 0x43, 0x31,
  0xe4, 0x51, 0xc4, 0x49, 0xe6, 0x39, 0xe8, 0x31, 0x2a, 0x2a, 0x4c, 0x2a, 0x6d, 0x22, 0x34, 0x5c,
  0x4f, 0x4b, 0x87, 0x29, 0x4a, 0x42, 0x4f, 0x53, 0xf2, 0x5b, 0x8c, 0x3a, 0xc8, 0x31, 0xc8, 0x31,
  0xe9, 0x31, 0x4a, 0x42, 0x4e, 0x5b, 0x13, 0x64, 0x14, 0x54, 0x13, 0x54, 0xb1, 0x53, 0x70, 0x4b,
  0x4f, 0x4b, 0xee, 0x42, 0xed, 0x42, 0xad, 0x32, 0x8c, 0x2a, 0x6c, 0x2a, 0x10, 0x23, 0x72, 0x2b,
  0x2d, 0x0a, 0x0b, 0x0a, 0xeb, 0x09, 0xca, 0x01, 0x89, 0x01, 0x63, 0x00, 0x05, 0x21, 0x34, 0xa5,
  0x99, 0xd6, 0x9a, 0xd6, 0xda, 0xde, 0xda, 0xde, 0x79, 0xd6, 0x95, 0xb5, 0x71, 0x94, 0x2c, 0x6b,
  0xc6, 0x39, 0x24, 0x29, 0x85, 0x31, 0x69, 0x4a, 0x8d, 0x73, 0x96, 0xbd, 0x99, 0xd6, 0xd6, 0xbd,
  0xb5, 0xbd, 0xd6, 0xbd, 0x58, 0xce, 0xb9, 0xd6, 0x79, 0xd6, 0xda, 0xd6, 0xce, 0xc3, 0x04, 0xb9,
  0x66, 0xc9, 0xa7, 0xb1, 0x03, 0x41, 0x45, 0x61, 0x45, 0x69, 0x82, 0x38, 0x28, 0x62, 0xe7, 0x69,
  0xc3, 0x48, 0x82, 0x40, 0xa2, 0x50, 0x49, 0x82, 0x0f, 0x94, 0xad, 0x73, 0xce, 0x73, 0x0f, 0x84,
  0x2f, 0x84, 0x70, 0x8c, 0xd3, 0x9c, 0x33, 0xa5, 0x54, 0xad, 0x95, 0xb5, 0x95, 0xb5, 0x54, 0xad,
  0x54, 0xad, 0x54, 0xad, 0x34, 0xa5, 0x34, 0xa5, 0x34, 0xa5, 0x92, 0x94, 0x6f, 0x63, 0x6b, 0x3a,
  0x89, 0x11, 0x69, 0x09, 0x6a, 0x01, 0x8a, 0x01, 0x6a, 0x01, 0x8a, 0x01, 0x8a, 0x01, 0x8a, 0x01,
  0x29, 0x01, 0x49, 0x01, 0x49, 0x01, 0x49, 0x01, 0x49, 0x01, 0x6a, 0x01, 0x8b, 0x01, 0xab, 0x01,
  0xcc, 0x01, 0xcc, 0x01, 0xab, 0x01, 0x8b, 0x09, 0x2c, 0x3a, 0x2f, 0x63, 0xb0, 0x83, 0x31, 0x8c,
  0x30, 0x84, 0x6d, 0x6b, 0x2c, 0x63, 0x2c, 0x63, 0x0c, 0x63, 0x0c, 0x63, 0x0c, 0x63, 0x2c, 0x63,
  0x2c, 0x63, 0x2c, 0x63, 0x2c, 0x63, 0x2c, 0x63, 0x4c, 0x6b, 0x4d, 0x6b, 0x6d, 0x6b, 0x6d, 0x6b,
  0x6d, 0x6b, 0x6d, 0x6b, 0x6d, 0x6b, 0x6d, 0x6b, 0x8d, 0x73, 0x8e, 0x73, 0xae, 0x73, 0x8e, 0x73,
  0xd6, 0xbd, 0xba, 0xde, 0x58, 0xd6, 0x79, 0xd6, 0x58, 0xd6, 0x38, 0xce, 0x38, 0xce, 0x38, 0xce,
  0x38, 0xce, 0x58, 0xd6, 0x99, 0xd6, 0x79, 0xd6, 0x37, 0xce, 0xf0, 0x73, 0xa7, 0x31, 0x28, 0xc4,
  0x67, 0xdc, 0x26, 0xcc, 0xc5, 0xc3, 0x85, 0xb3, 0x44, 0xab, 0x06, 0x8b, 0x87, 0x29, 0x70, 0x3b,
  0x0d, 0x4b, 0x88, 0x31, 0x0a, 0x3a, 0xee, 0x52, 0xcd, 0x4a, 0x49, 0x3a, 0x0c, 0x5b, 0xaf, 0x73,
  0x73, 0x84, 0x36, 0x9d, 0xf6, 0x7c, 0x4d, 0x12, 0x6e, 0x1a, 0xe8, 0x29, 0x45, 0x52, 0x85, 0x6a,
  0x85, 0x72, 0xa5, 0x7a, 0xc4, 0x8a, 0xe4, 0x92, 0x04, 0x93, 0xe4, 0x92, 0xa8, 0x62, 0x2c, 0x0a,
  0xeb, 0x01, 0xeb, 0x09, 0xcb, 0x01, 0xaa, 0x01, 0x89, 0x01, 0x83, 0x00, 0xe4, 0x20, 0x33, 0xa5,
  0xba, 0xd6, 0xb6, 0xbd, 0x71, 0x94, 0xaa, 0x5a, 0xa6, 0x39, 0x44, 0x29, 0x65, 0x31, 0x89, 0x52,
  0x30, 0x8c, 0x75, 0xb5, 0x79, 0xd6, 0xfb, 0xde, 0xda, 0xde, 0x79, 0xd6, 0xb6, 0xbd, 0x94, 0xb5,
  0xb5, 0xbd, 0xd6, 0xbd, 0x99, 0xd6, 0xb9, 0xd6, 0x98, 0xd6, 0x99, 0xde, 0xaa, 0xb2, 0x25, 0xb9,
  0x86, 0xc9, 0xc7, 0x99, 0x61, 0x08, 0x62, 0x30, 0xcb, 0x82, 0xcb, 0x8a, 0x2d, 0x93, 0x8e, 0x8b,
  0x28, 0x62, 0x65, 0x49, 0xe3, 0x38, 0xc2, 0x38, 0xc2, 0x38, 0x89, 0x62, 0x8d, 0x73, 0xce, 0x7b,
  0xef, 0x7b, 0x0f, 0x84, 0x92, 0x94, 0xf3, 0x9c, 0x54, 0xa5, 0x95, 0xb5, 0x95, 0xb5, 0x75, 0xad,
  0x54, 0xad, 0x54, 0xad, 0x34, 0xa5, 0x54, 0xad, 0x34, 0xa5, 0x92, 0x8c, 0x6e, 0x63, 0x6b, 0x3a,
  0x89, 0x11, 0x49, 0x01, 0x6a, 0x09, 0x69, 0x01, 0x69, 0x01, 0x6a, 0x01, 0x6a, 0x01, 0x6a, 0x01,
  0x29, 0x01, 0x49, 0x01, 0x69, 0x01, 0x69, 0x01, 0x69, 0x01, 0x6a, 0x01, 0x8b, 0x01, 0xac, 0x01,
  0xcc, 0x01, 0xcc, 0x01, 0xac, 0x01, 0xab, 0x09, 0x4d, 0x3a, 0x2f, 0x6b, 0xd0, 0x83, 0x31, 0x8c,
  0x10, 0x84, 0x6d, 0x6b, 0x2c, 0x63, 0x2c, 0x63, 0x0c, 0x63, 0x0c, 0x63, 0x0c, 0x63, 0x0c, 0x63,
  0x0c, 0x63, 0x2c, 0x63, 0x2c, 0x63, 0x2c, 0x63, 0x4c, 0x63, 0x4d, 0x6b, 0x6d, 0x6b, 0x6d, 0x6b,
  0x6d, 0x6b, 0x4d, 0x6b, 0x4d, 0x6b, 0x4d, 0x6b, 0x6d, 0x6b, 0x8d, 0x73, 0x8e, 0x73, 0x8e, 0x73,
  0xd6, 0xbd, 0xda, 0xe6, 0xba, 0xde, 0x99, 0xd6, 0x78, 0xd6, 0x79, 0xd6, 0x59, 0xd6, 0x38, 0xce,
  0x38, 0xce, 0x38, 0xce, 0x38, 0xce, 0x17, 0xc6, 0x17, 0xce, 0x75, 0xad, 0x66, 0x21, 0x44, 0x72,
  0xe6, 0xc3, 0x26, 0xd4, 0x67, 0xd4, 0x87, 0xdc, 0xa7, 0xdc, 0xe7, 0xec, 0x68, 0x9b, 0xed, 0x32,
  0x4f, 0x4b, 0x88, 0x29, 0x09, 0x3a, 0x2a, 0x42, 0xac, 0x4a, 0x8f, 0x6b, 0x52, 0x84, 0x14, 0x9d,
  0x95, 0xad, 0xd7, 0xad, 0x6c, 0x1a, 0xeb, 0x01, 0x6d, 0x1a, 0x27, 0x7b, 0xc7, 0xdc, 0xa7, 0xdc,
  0xa7, 0xe4, 0xc7, 0xe4, 0xc7, 0xe4, 0xe8, 0xe4, 0x08, 0xe5, 0x07, 0xe5, 0xa8, 0xd4, 0xab, 0x3a,
  0xcb, 0x01, 0xeb, 0x09, 0xca, 0x01, 0x89, 0x01, 0x68, 0x01, 0x84, 0x00, 0x83, 0x10, 0x54, 0xa5,
  0x95, 0xb5, 0x24, 0x29, 0xa6, 0x39, 0xaa, 0x5a, 0x71, 0x94, 0xd6, 0xbd, 0x99, 0xd6, 0xfb, 0xe6,
  0xfb, 0xe6, 0xba, 0xde, 0x58, 0xce, 0x17, 0xc6, 0xb6, 0xbd, 0x75, 0xb5, 0xf3, 0xa4, 0x54, 0xad,
  0xb5, 0xbd, 0xf7, 0xbd, 0xb9, 0xd6, 0x99, 0xd6, 0xf9, 0xde, 0x17, 0xde, 0xe7, 0xa1, 0x66, 0xc1,
  0xa7, 0xd9, 0xc7, 0xa1, 0xa1, 0x20, 0xa2, 0x30, 0xab, 0x8a, 0x10, 0xac, 0xae, 0x8b, 0xec, 0x7a,
  0x0c, 0x83, 0x6d, 0x83, 0xc6, 0x51, 0xe3, 0x38, 0x24, 0x49, 0x08, 0x5a, 0xca, 0x5a, 0x4c, 0x63,
  0x6d, 0x6b, 0xae, 0x73, 0x51, 0x8c, 0xb2, 0x9c, 0x34, 0xa5, 0xb5, 0xb5, 0xb5, 0xb5, 0x75, 0xad,
  0x54, 0xad, 0x34, 0xa5, 0x13, 0xa5, 0x34, 0xa5, 0x14, 0xa5, 0x71, 0x8c, 0x4e, 0x63, 0x4b, 0x3a,
  0x89, 0x11, 0x49, 0x01, 0x49, 0x01, 0x49, 0x09, 0x49, 0x09, 0x49, 0x01, 0x49, 0x01, 0x49, 0x09,
  0x29, 0x01, 0x49, 0x01, 0x49, 0x01, 0x49, 0x01, 0x49, 0x01, 0x6a, 0x01, 0x8b, 0x01, 0xab, 0x01,
  0xcc, 0x01, 0xcc, 0x01, 0xac, 0x01, 0xab, 0x09, 0x6d, 0x3a, 0x50, 0x6b, 0xd0, 0x83, 0x31, 0x8c,
  0x10, 0x84, 0x6d, 0x6b, 0x2c, 0x63, 0x0b, 0x63, 0x0b, 0x63, 0x0b, 0x63, 0x0b, 0x63, 0x0c, 0x63,
  0x0c, 0x63, 0x2c, 0x63, 0x2c, 0x63, 0x2c, 0x63, 0x4c, 0x6b, 0x4d, 0x6b, 0x6d, 0x6b, 0x6d, 0x6b,
  0x6d, 0x6b, 0x4d, 0x6b, 0x4c, 0x6b, 0x4d, 0x6b, 0x6d, 0x6b, 0x8d, 0x73, 0xae, 0x73, 0x8d, 0x73,
  0x30, 0x84, 0xba, 0xde, 0xba, 0xde, 0x99, 0xde, 0xb9, 0xde, 0x79, 0xd6, 0x79, 0xd6, 0x59, 0xce,
  0x58, 0xce, 0x58, 0xce, 0x38, 0xce, 0x17, 0xc6, 0x38, 0xce, 0x96, 0xad, 0x65, 0x19, 0x46, 0x9b,
  0x66, 0xdc, 0x66, 0xdc, 0x66, 0xdc, 0x66, 0xdc, 0x46, 0xd4, 0x46, 0xdc, 0xa6, 0xb3, 0xcb, 0x3a,
  0xf6, 0x7c, 0x4f, 0x5b, 0xed, 0x52, 0x6e, 0x5b, 0x11, 0x6c, 0x93, 0x7c, 0x14, 0x95, 0x54, 0xa5,
  0x17, 0xb6, 0x6f, 0x43, 0x89, 0x01, 0xcb, 0x09, 0x6d, 0x1a, 0xc5, 0x39, 0xc5, 0xc3, 0x46, 0xcc,
  0x46, 0xcc, 0x66, 0xd4, 0x46, 0xd4, 0x46, 0xd4, 0x46, 0xd4, 0x26, 0xd4, 0x05, 0xd4, 0xea, 0x6a,
  0xcc, 0x01, 0xeb, 0x09, 0xca, 0x09, 0x89, 0x01, 0x68, 0x01, 0xc4, 0x00, 0x22, 0x08, 0x91, 0x94,
  0x79, 0xce, 0x75, 0xb5, 0x99, 0xd6, 0xfb, 0xde, 0xda, 0xde, 0x99, 0xd6, 0x58, 0xce, 0x37, 0xc6,
  0x17, 0xc6, 0xf7, 0xc5, 0xf7, 0xc5, 0xf7, 0xc5, 0xd6, 0xc5, 0xd6, 0xc5, 0xf7, 0xc5, 0xf7, 0xc5,
  0xf6, 0xbd, 0x38, 0xc6, 0xba, 0xd6, 0x99, 0xd6, 0x1a, 0xdf, 0x54, 0xbd, 0xe3, 0x60, 0xe3, 0x80,
  0x61, 0x88, 0x04, 0x91, 0xa6, 0x79, 0x86, 0x61, 0x87, 0x81, 0x45, 0x61, 0x6d, 0x83, 0x31, 0xa4,
  0x10, 0x9c, 0x0c, 0x83, 0x09, 0x6a, 0x82, 0x30, 0x24, 0x51, 0x08, 0x5a, 0x68, 0x4a, 0x0b, 0x5b,
  0x2c, 0x63, 0x8d, 0x73, 0x30, 0x8c, 0xb2, 0x9c, 0x34, 0xa5, 0xb5, 0xb5, 0x95, 0xb5, 0x75, 0xad,
  0x54, 0xad, 0x34, 0xa5, 0x13, 0xa5, 0x33, 0xa5, 0x14, 0xa5, 0x71, 0x8c, 0x4e, 0x63, 0x6b, 0x3a,
  0x69, 0x11, 0x49, 0x01, 0x69, 0x09, 0x49, 0x09, 0x49, 0x09, 0x49, 0x01, 0x49, 0x09, 0x49, 0x09,
  0x28, 0x01, 0x29, 0x01, 0x49, 0x01, 0x29, 0x01, 0x49, 0x01, 0x69, 0x01, 0x6a, 0x01, 0x8b, 0x01,
  0xac, 0x01, 0xac, 0x01, 0xac, 0x01, 0x8b, 0x09, 0x6d, 0x3a, 0x50, 0x63, 0xd0, 0x83, 0x31, 0x8c,
  0x10, 0x84, 0x6d, 0x6b, 0x2c, 0x63, 0x2b, 0x63, 0x0b, 0x63, 0x0b, 0x63, 0x0b, 0x63, 0x0c, 0x63,
  0x0c, 0x63, 0x2c, 0x63, 0x2c, 0x63, 0x2c, 0x63, 0x4c, 0x6b, 0x4d, 0x6b, 0x6d, 0x6b, 0x6d, 0x6b,
  0x4d, 0x6b, 0x4d, 0x6b, 0x4c, 0x6b, 0x4d, 0x6b, 0x6d, 0x6b, 0x8e, 0x73, 0x6d, 0x6b, 0x8e, 0x73,
  0x8d, 0x73, 0x13, 0xa5, 0xba, 0xde, 0x99, 0xd6, 0x79, 0xd6, 0x99, 0xde, 0x79, 0xd6, 0x79, 0xd6,
  0x59, 0xce, 0x78, 0xd6, 0xf7, 0xc5, 0x75, 0xb5, 0x17, 0xc6, 0xf7, 0xbd, 0xc8, 0x29, 0x65, 0x72,
  0xe5, 0xc3, 0x26, 0xcc, 0x86, 0xd4, 0xa7, 0xd4, 0xc7, 0xdc, 0xc7, 0xdc, 0xa8, 0xd4, 0x48, 0x42,
  0x6b, 0x32, 0xac, 0x42, 0x0e, 0x53, 0x4f, 0x5b, 0xaf, 0x6b, 0x31, 0x74, 0x93, 0x84, 0x34, 0x9d,
  0x32, 0x64, 0xab, 0x01, 0xca, 0x01, 0xaa, 0x01, 0x4d, 0x1a, 0x47, 0x52, 0xc8, 0xdc, 0xc7, 0xe4,
  0xe8, 0xe4, 0x08, 0xe5, 0x08, 0xe5, 0x08, 0xe5, 0x08, 0xe5, 0xe8, 0xe4, 0x08, 0xed, 0x89, 0x9b,
  0xeb, 0x09, 0xeb, 0x11, 0xca, 0x11, 0xc9, 0x09, 0xa9, 0x11, 0x46, 0x11, 0x04, 0x19, 0x6a, 0x4a,
  0xb2, 0x94, 0xba, 0xde, 0xb9, 0xd6, 0x78, 0xd6, 0x38, 0xc6, 0xf7, 0xc5, 0xf7, 0xc5, 0x17, 0xc6,
  0x17, 0xc6, 0x38, 0xce, 0x58, 0xce, 0x58, 0xce, 0x38, 0xce, 0x37, 0xc6, 0x58, 0xce, 0x37, 0xc6,
  0xb5, 0xb5, 0x78, 0xce, 0xda, 0xde, 0x79, 0xd6, 0xda, 0xe6, 0x0f, 0xac, 0x24, 0x71, 0xc7, 0xa9,
  0x82, 0x88, 0x00, 0x70, 0x66, 0x91, 0x44, 0x61, 0x03, 0x59, 0x86, 0x71, 0xe3, 0x48, 0x65, 0x41,
  0xce, 0x8b, 0x72, 0xac, 0xab, 0x72, 0xe7, 0x49, 0xe4, 0x48, 0x29, 0x72, 0xea, 0x62, 0x4c, 0x63,
  0x4c, 0x6b, 0xce, 0x7b, 0x71, 0x8c, 0xd2, 0x9c, 0x54, 0xad, 0xb5, 0xb5, 0x95, 0xb5, 0x54, 0xad,
  0x54, 0xa5, 0x34, 0xa5, 0x33, 0xa5, 0x34, 0xa5, 0x34, 0xa5, 0x71, 0x8c, 0x4e, 0x63, 0x4c, 0x3a,
  0x6a, 0x11, 0x69, 0x01, 0x69, 0x01, 0x69, 0x01, 0x49, 0x09, 0x49, 0x01, 0x49, 0x09, 0x48, 0x09,
  0x08, 0x01, 0x28, 0x01, 0x28, 0x01, 0x28, 0x01, 0x28, 0x01, 0x49, 0x01, 0x6a, 0x01, 0x8a, 0x01,
  0x8b, 0x01, 0x8b, 0x01, 0x8b, 0x01, 0x8b, 0x09, 0x4c, 0x3a, 0x2f, 0x63, 0xd0, 0x83, 0x31, 0x8c,
  0x10, 0x84, 0x6d, 0x6b, 0x2c, 0x63, 0x2c, 0x63, 0x0b, 0x63, 0x0c, 0x63, 0x0c, 0x63, 0x0c, 0x63,
  0x0c, 0x63, 0x2c, 0x63, 0x2c, 0x63, 0x2c, 0x63, 0x4c, 0x6b, 0x4d, 0x6b, 0x6d, 0x6b, 0x6d, 0x6b,
  0x4d, 0x6b, 0x4d, 0x6b, 0x4c, 0x6b, 0x4d, 0x6b, 0x6c, 0x6b, 0x4c, 0x6b, 0x50, 0x8c, 0x50, 0x8c,
  0xce, 0x7b, 0xae, 0x73, 0x91, 0x94, 0x75, 0xad, 0x58, 0xce, 0x58, 0xce, 0x79, 0xd6, 0x79, 0xd6,
  0x79, 0xd6, 0x58, 0xce, 0x95, 0xb5, 0x54, 0xad, 0xf6, 0xc5, 0x99, 0xd6, 0x4a, 0x3a, 0x64, 0x7a,
  0x46, 0xd4, 0x25, 0xd4, 0x25, 0xd4, 0x25, 0xd4, 0x05, 0xd4, 0xe5, 0xcb, 0xe5, 0xcb, 0x87, 0x5a,
  0xea, 0x19, 0x8d, 0x32, 0xee, 0x3a, 0xcd, 0x32, 0x8d, 0x2a, 0xce, 0x3a, 0xce, 0x3a, 0xce, 0x32,
  0x0c, 0x0a, 0xca, 0x01, 0xca, 0x01, 0x8a, 0x01, 0x4d, 0x12, 0xe8, 0x31, 0xa4, 0x8a, 0xe5, 0xcb,
  0xe4, 0xcb, 0x05, 0xcc, 0x05, 0xcc, 0x05, 0xcc, 0x05, 0xcc, 0xe5, 0xc3, 0xe5, 0xc3, 0x87, 0xab,
  0x2a, 0x22, 0xeb, 0x11, 0xea, 0x19, 0xea, 0x11, 0x0a, 0x22, 0x09, 0x2a, 0x45, 0x19, 0x25, 0x19,
  0x25, 0x19, 0x0c, 0x5b, 0x99, 0xce, 0xb9, 0xd6, 0x37, 0xc6, 0x17, 0xc6, 0x38, 0xce, 0x58, 0xce,
  0x58, 0xce, 0x58, 0xd6, 0x58, 0xd6, 0x58, 0xce, 0x58, 0xce, 0x17, 0xc6, 0x17, 0xc6, 0x53, 0xad,
  0x53, 0xad, 0xb9, 0xde, 0xfa, 0xe6, 0xda, 0xde, 0x1b, 0xe7, 0xce, 0xcb, 0xe7, 0xc1, 0x08, 0xc2,
  0xe7, 0xb9, 0x86, 0xb1, 0xa7, 0xa9, 0x03, 0x51, 0x23, 0x59, 0x87, 0x79, 0xe3, 0x48, 0xe2, 0x38,
  0xe3, 0x50, 0x28, 0x82, 0xae, 0x93, 0x34, 0xb5, 0xe8, 0x61, 0x45, 0x59, 0x49, 0x5a, 0x4c, 0x6b,
  0x6d, 0x6b, 0x0f, 0x84, 0xb2, 0x94, 0xf3, 0x9c, 0x74, 0xad, 0xb5, 0xb5, 0x75, 0xad, 0x34, 0xa5,
  0x34, 0xa5, 0x34, 0xa5, 0x34, 0xa5, 0x54, 0xad, 0x34, 0xa5, 0x91, 0x94, 0x6f, 0x6b, 0x4c, 0x3a,
  0x8a, 0x11, 0x6a, 0x01, 0x8a, 0x01, 0x6a, 0x01, 0x6a, 0x09, 0x49, 0x09, 0x49, 0x09, 0x48, 0x09,
  0x28, 0x01, 0x28, 0x01, 0x28, 0x01, 0x28, 0x01, 0x28, 0x01, 0x49, 0x01, 0x6a, 0x01, 0x6a, 0x01,
  0x6a, 0x01, 0x6a, 0x01, 0x6a, 0x01, 0x6a, 0x09, 0x2c, 0x3a, 0x2f, 0x63, 0xd0, 0x83, 0x31, 0x8c,
  0x0f, 0x84, 0x6d, 0x6b, 0x2c, 0x63, 0x2c, 0x63, 0x2c, 0x63, 0x2c, 0x63, 0x2c, 0x63, 0x2c, 0x63,
  0x2c, 0x63, 0x2c, 0x63, 0x2c, 0x63, 0x2c, 0x63, 0x4d, 0x6b, 0x6d, 0x6b, 0x6d, 0x6b, 0x6d, 0x6b,
  0x4d, 0x6b, 0x4d, 0x6b, 0x4d, 0x6b, 0x4c, 0x6b, 0x6c, 0x6b, 0x33, 0xa5, 0x5c, 0xe7, 0x1b, 0xe7,
  0x78, 0xce, 0xb5, 0xb5, 0xc6, 0x39, 0x20, 0x00, 0xef, 0x7b, 0xf6, 0xbd, 0xf6, 0xbd, 0x78, 0xce,
  0x58, 0xce, 0xf7, 0xc5, 0x54, 0xad, 0xb5, 0xbd, 0xf6, 0xc5, 0xb9, 0xde, 0xae, 0x6b, 0x24, 0x5a,
  0x06, 0x8b, 0x66, 0x93, 0xc8, 0xab, 0x28, 0xbc, 0x69, 0xc4, 0xa8, 0xcc, 0xe9, 0xe4, 0x68, 0x83,
  0x8e, 0x22, 0xcb, 0x11, 0xe5, 0x08, 0x06, 0x09, 0x28, 0x09, 0x28, 0x09, 0x48, 0x11, 0xcf, 0x32,
  0x6d, 0x12, 0xaa, 0x01, 0xaa, 0x01, 0x8a, 0x01, 0x0c, 0x0a, 0xc9, 0x21, 0x87, 0xab, 0xc8, 0xec,
  0xc7, 0xe4, 0xc7, 0xe4, 0xc8, 0xe4, 0xe8, 0xe4, 0xe8, 0xe4, 0xc8, 0xe4, 0xc7, 0xe4, 0xc9, 0xd4,
  0x8a, 0x42, 0xca, 0x09, 0x0a, 0x1a, 0x0a, 0x22, 0x4a, 0x32, 0xab, 0x42, 0xe8, 0x29, 0x04, 0x09,
  0x67, 0x19, 0xc8, 0x29, 0x95, 0xad, 0xb9, 0xde, 0xd5, 0xbd, 0x58, 0xce, 0x38, 0xce, 0x58, 0xce,
  0x38, 0xce, 0x58, 0xd6, 0x58, 0xd6, 0x38, 0xce, 0x17, 0xce, 0x17, 0xc6, 0x74, 0xb5, 0xf2, 0xa4,
  0xd5, 0xbd, 0xda, 0xde, 0xd9, 0xde, 0xb9, 0xde, 0x99, 0xde, 0x68, 0x92, 0xc7, 0xb9, 0x28, 0xca,
  0x28, 0xca, 0x49, 0xca, 0x08, 0xba, 0x23, 0x59, 0x24, 0x59, 0x86, 0x69, 0xe3, 0x38, 0x45, 0x59,
  0x86, 0x71, 0x86, 0x79, 0xe4, 0x50, 0xe7, 0x59, 0x86, 0x49, 0x40, 0x20, 0xa6, 0x59, 0x6d, 0x73,
  0x8d, 0x73, 0x50, 0x8c, 0xb2, 0x94, 0x13, 0xa5, 0x75, 0xad, 0x95, 0xb5, 0x75, 0xad, 0x34, 0xa5,
  0x34, 0xa5, 0x33, 0xa5, 0x34, 0xa5, 0x54, 0xad, 0x54, 0xad, 0x92, 0x94, 0x6f, 0x6b, 0x6c, 0x3a,
  0x8a, 0x11, 0x6a, 0x01, 0x8a, 0x01, 0x8a, 0x01, 0x8a, 0x01, 0x6a, 0x09, 0x69, 0x09, 0x49, 0x09,
  0x28, 0x01, 0x28, 0x01, 0x28, 0x01, 0x28, 0x01, 0x28, 0x09, 0x49, 0x01, 0x49, 0x01, 0x6a, 0x01,
  0x69, 0x01, 0x69, 0x01, 0x49, 0x01, 0x49, 0x11, 0x0b, 0x3a, 0x0e, 0x63, 0xd0, 0x83, 0x31, 0x8c,
  0x10, 0x84, 0x8d, 0x6b, 0x2c, 0x63, 0x2c, 0x63, 0x2c, 0x63, 0x2c, 0x63, 0x2c, 0x63, 0x2c, 0x63,
  0x2c, 0x63, 0x2c, 0x63, 0x2c, 0x63, 0x4c, 0x6b, 0x4d, 0x6b, 0x6d, 0x6b, 0x6d, 0x6b, 0x6d, 0x6b,
  0x6d, 0x6b, 0x6d, 0x6b, 0x6d, 0x6b, 0x0c, 0x63, 0x74, 0xad, 0x9d, 0xf7, 0x3b, 0xe7, 0xfa, 0xde,
  0xb8, 0xd6, 0xfa, 0xde, 0x13, 0xa5, 0xc6, 0x39, 0x0b, 0x63, 0x4c, 0x6b, 0xe6, 0x39, 0x91, 0x94,
  0xba, 0xde, 0xf7, 0xc5, 0xd5, 0xbd, 0x16, 0xc6, 0x17, 0xc6, 0xda, 0xde, 0xb6, 0xb5, 0xc5, 0x08,
  0x24, 0x00, 0x43, 0x00, 0x62, 0x00, 0x81, 0x00, 0xa2, 0x10, 0xe2, 0x20, 0x43, 0x31, 0x25, 0x29,
  0xaf, 0x2a, 0x89, 0x11, 0x43, 0x00, 0x83, 0x00, 0x84, 0x00, 0xa4, 0x00, 0x64, 0x00, 0x2c, 0x22,
  0xae, 0x22, 0xaa, 0x01, 0xaa, 0x01, 0x8a, 0x01, 0xeb, 0x09, 0x2b, 0x22, 0xc5, 0x49, 0x04, 0x5a,
  0xe4, 0x59, 0xe4, 0x59, 0x04, 0x5a, 0x04, 0x5a, 0x04, 0x5a, 0x04, 0x5a, 0x04, 0x5a, 0x04, 0x52,
  0xc9, 0x21, 0xaa, 0x11, 0xc9, 0x19, 0xea, 0x21, 0x4a, 0x32, 0x6b, 0x3a, 0x8a, 0x42, 0x6a, 0x42,
  0xec, 0x4a, 0xf3, 0x94, 0x98, 0xd6, 0xb9, 0xde, 0xd6, 0xbd, 0x37, 0xce, 0x58, 0xce, 0x58, 0xce,
  0x38, 0xce, 0x38, 0xce, 0x37, 0xce, 0x79, 0xd6, 0x79, 0xd6, 0x75, 0xb5, 0x2f, 0x8c, 0x0f, 0x84,
  0x94, 0xb5, 0xb9, 0xde, 0x78, 0xd6, 0xb9, 0xde, 0xb5, 0xcd, 0xa5, 0x71, 0xc6, 0x99, 0x28, 0xba,
  0xe7, 0xa9, 0x28, 0xba, 0x49, 0xba, 0x65, 0x71, 0xe3, 0x40, 0x04, 0x49, 0x03, 0x41, 0x65, 0x61,
  0xe2, 0x38, 0x24, 0x51, 0x66, 0x69, 0xc3, 0x40, 0xe3, 0x28, 0x81, 0x18, 0xc7, 0x61, 0x8d, 0x73,
  0xce, 0x7b, 0x71, 0x8c, 0xd2, 0x9c, 0x34, 0xa5, 0x75, 0xad, 0x95, 0xb5, 0x54, 0xad, 0x34, 0xa5,
  0x13, 0xa5, 0x33, 0xa5, 0x34, 0xa5, 0x54, 0xad, 0x54, 0xad, 0x92, 0x94, 0x6f, 0x6b, 0x4b, 0x3a,
  0x69, 0x11, 0x69, 0x01, 0x8a, 0x09, 0x8a, 0x01, 0x8a, 0x01, 0x6a, 0x01, 0x6a, 0x01, 0x6a, 0x01,
  0x28, 0x01, 0x28, 0x01, 0x28, 0x01, 0x28, 0x09, 0x28, 0x09, 0x29, 0x09, 0x49, 0x09, 0x49, 0x01,
  0x49, 0x01, 0x49, 0x09, 0x28, 0x09, 0x48, 0x11, 0x0a, 0x3a, 0x0e, 0x63, 0xb0, 0x83, 0x31, 0x8c,
  0x30, 0x84, 0x8d, 0x6b, 0x2c, 0x63, 0x2c, 0x63, 0x2c, 0x63, 0x2c, 0x63, 0x2c, 0x63, 0x2c, 0x63,
  0x2c, 0x63, 0x2c, 0x63, 0x4c, 0x6b, 0x4c, 0x6b, 0x4d, 0x6b, 0x6d, 0x6b, 0x6d, 0x6b, 0x6d, 0x6b,
  0x6d, 0x6b, 0x6d, 0x6b, 0x2c, 0x63, 0x71, 0x8c, 0x5c, 0xef, 0x1b, 0xe7, 0xfb, 0xde, 0xfa, 0xde,
  0x78, 0xce, 0xd9, 0xde, 0xf6, 0xc5, 0xb1, 0x9c, 0x90, 0x94, 0xe6, 0x39, 0x40, 0x08, 0xa2, 0x18,
  0xce, 0x7b, 0xb6, 0xbd, 0x16, 0xc6, 0x16, 0xc6, 0x37, 0xce, 0x74, 0xad, 0xd6, 0xbd, 0x51, 0x7c,
  0xc8, 0x19, 0x88, 0x11, 0x88, 0x09, 0x88, 0x11, 0x88, 0x11, 0x68, 0x09, 0x28, 0x09, 0x69, 0x09,
  0xce, 0x2a, 0x2c, 0x22, 0x85, 0x00, 0xe5, 0x00, 0xe6, 0x00, 0xe6, 0x00, 0xa5, 0x00, 0xeb, 0x19,
  0x10, 0x2b, 0xaa, 0x01, 0xaa, 0x01, 0x8a, 0x01, 0xaa, 0x01, 0x6d, 0x22, 0x48, 0x09, 0xc5, 0x00,
  0xc5, 0x00, 0xc5, 0x00, 0xc5, 0x00, 0xc5, 0x00, 0xe5, 0x00, 0xe6, 0x00, 0xc7, 0x00, 0x27, 0x01,
  0x0b, 0x1a, 0x8c, 0x2a, 0xed, 0x42, 0x0e, 0x4b, 0xaf, 0x63, 0x51, 0x7c, 0x92, 0x8c, 0x14, 0x9d,
  0xd6, 0xbd, 0x98, 0xd6, 0x78, 0xde, 0xb9, 0xe6, 0x37, 0xce, 0xf7, 0xc5, 0x58, 0xd6, 0x58, 0xd6,
  0x58, 0xd6, 0x99, 0xde, 0x79, 0xd6, 0x33, 0xa5, 0xca, 0x5a, 0xe3, 0x20, 0xe3, 0x20, 0x61, 0x08,
  0x50, 0x8c, 0xfa, 0xe6, 0x78, 0xd6, 0xfa, 0xe6, 0xf2, 0xbc, 0x65, 0x71, 0xa5, 0x81, 0x84, 0x69,
  0x43, 0x59, 0x64, 0x69, 0xc7, 0x99, 0x86, 0x89, 0xc3, 0x40, 0xe3, 0x40, 0x04, 0x51, 0x45, 0x51,
  0xe3, 0x40, 0xe3, 0x40, 0x45, 0x69, 0x24, 0x49, 0x24, 0x39, 0x86, 0x51, 0xc7, 0x61, 0x8d, 0x73,
  0x0f, 0x84, 0xb1, 0x94, 0x13, 0x9d, 0x54, 0xad, 0x95, 0xb5, 0x95, 0xb5, 0x54, 0xad, 0x34, 0xa5,
  0x13, 0xa5, 0x34, 0xa5, 0x54, 0xa5, 0x74, 0xad, 0x54, 0xad, 0xb2, 0x94, 0x6f, 0x6b, 0x4b, 0x3a,
  0x69, 0x11, 0x49, 0x09, 0x69, 0x09, 0x6a, 0x09, 0x8a, 0x01, 0x8a, 0x01, 0x6a, 0x01, 0x6a, 0x01,
  0x28, 0x01, 0x28, 0x01, 0x28, 0x01, 0x28, 0x09, 0x28, 0x09, 0x29, 0x09, 0x49, 0x09, 0x49, 0x01,
  0x49, 0x09, 0x29, 0x09, 0x28, 0x09, 0x48, 0x11, 0x0a, 0x3a, 0x0e, 0x63, 0xb0, 0x83, 0x31, 0x8c,
  0x30, 0x84, 0x8d, 0x6b, 0x2c, 0x63, 0x2c, 0x63, 0x2c, 0x63, 0x2c, 0x63, 0x2c, 0x63, 0x2c, 0x63,
  0x2c, 0x63, 0x2c, 0x63, 0x4c, 0x6b, 0x4c, 0x6b, 0x4d, 0x6b, 0x6d, 0x6b, 0x6d, 0x6b, 0x6d, 0x6b,
  0x6d, 0x6b, 0x4d, 0x6b, 0xae, 0x73, 0xda, 0xde, 0x5c, 0xef, 0xda, 0xde, 0xba, 0xde, 0x1b, 0xe7,
  0x3b, 0xef, 0xf2, 0xa4, 0xcd, 0x7b, 0x4f, 0x8c, 0xca, 0x5a, 0x24, 0x21, 0x40, 0x08, 0x03, 0x21,
  0x44, 0x29, 0x91, 0x94, 0x37, 0xc6, 0x57, 0xce, 0xb5, 0xb5, 0x71, 0x94, 0x50, 0x8c, 0xb2, 0x94,
  0x51, 0x8c, 0xef, 0x73, 0x10, 0x7c, 0x8b, 0x4a, 0xa8, 0x31, 0xa8, 0x31, 0xa7, 0x31, 0x67, 0x29,
  0x0b, 0x32, 0x8e, 0x2a, 0xe7, 0x00, 0x08, 0x01, 0x48, 0x01, 0x48, 0x01, 0x07, 0x01, 0xaa, 0x09,
  0x30, 0x33, 0xcb, 0x01, 0x8a, 0x01, 0xaa, 0x01, 0x8a, 0x01, 0x0c, 0x12, 0x4c, 0x22, 0x6c, 0x22,
  0x6d, 0x22, 0x6d, 0x2a, 0x6d, 0x2a, 0x8d, 0x2a, 0xae, 0x2a, 0xae, 0x2a, 0x8e, 0x2a, 0x6d, 0x2a,
  0x2b, 0x22, 0xab, 0x42, 0xcb, 0x4a, 0x0f, 0x7c, 0xd2, 0x9c, 0xd2, 0x9c, 0x33, 0xad, 0xb5, 0xbd,
  0x37, 0xce, 0x57, 0xd6, 0x78, 0xde, 0x99, 0xde, 0x99, 0xde, 0xf6, 0xc5, 0x58, 0xce, 0x78, 0xd6,
  0x58, 0xce, 0xb2, 0x9c, 0x48, 0x4a, 0xa1, 0x10, 0x40, 0x00, 0x81, 0x10, 0xc2, 0x18, 0x68, 0x52,
  0x38, 0xce, 0x99, 0xde, 0x78, 0xd6, 0xda, 0xe6, 0xae, 0x9b, 0x23, 0x59, 0xc5, 0x71, 0x23, 0x59,
  0x44, 0x59, 0x44, 0x59, 0xe2, 0x48, 0xe8, 0x99, 0x66, 0x79, 0x04, 0x49, 0x86, 0x61, 0x45, 0x59,
  0x03, 0x39, 0xe3, 0x40, 0x24, 0x59, 0x24, 0x49, 0xe3, 0x40, 0x66, 0x61, 0xa6, 0x51, 0xae, 0x73,
  0x30, 0x84, 0xb2, 0x94, 0x13, 0xa5, 0x74, 0xad, 0x95, 0xb5, 0x95, 0xb5, 0x54, 0xad, 0x34, 0xa5,
  0x33, 0xa5, 0x34, 0xa5, 0x54, 0xa5, 0x74, 0xad, 0x54, 0xa5, 0xb2, 0x94, 0x6e, 0x6b, 0x4b, 0x3a,
  0x69, 0x11, 0x48, 0x09, 0x49, 0x09, 0x69, 0x09, 0x69, 0x01, 0x69, 0x01, 0x6a, 0x01, 0x6a, 0x01,
  0x28, 0x09, 0x28, 0x01, 0x28, 0x01, 0x28, 0x01, 0x28, 0x09, 0x49, 0x09, 0x49, 0x09, 0x49, 0x09,
  0x29, 0x09, 0x29, 0x09, 0x28, 0x09, 0x48, 0x11, 0x0a, 0x3a, 0x2e, 0x6b, 0xd0, 0x83, 0x31, 0x8c,
  0x30, 0x84, 0x8d, 0x73, 0x4c, 0x6b, 0x4c, 0x6b, 0x4c, 0x63, 0x4c, 0x63, 0x2c, 0x63, 0x2c, 0x63,
  0x2c, 0x63, 0x2c, 0x63, 0x4c, 0x6b, 0x4c, 0x6b, 0x4d, 0x6b, 0x6d, 0x6b, 0x6d, 0x6b, 0x6d, 0x6b,
  0x6d, 0x6b, 0x4c, 0x6b, 0x37, 0xc6, 0x7c, 0xef, 0xda, 0xe6, 0xda, 0xde, 0x78, 0xd6, 0x33, 0xad,
  0x74, 0xb5, 0x6c, 0x73, 0xcd, 0x7b, 0x4b, 0x6b, 0x65, 0x29, 0x82, 0x10, 0x40, 0x08, 0x30, 0x84,
  0xb1, 0x94, 0x4c, 0x6b, 0x74, 0xad, 0x16, 0xc6, 0xd2, 0x9c, 0xb1, 0x94, 0x91, 0x94, 0x91, 0x8c,
  0x71, 0x8c, 0x91, 0x94, 0xf3, 0x9c, 0x0c, 0x7b, 0x82, 0x58, 0xa3, 0x60, 0xa2, 0x60, 0x62, 0x68,
  0x26, 0x51, 0xce, 0x2a, 0x8a, 0x09, 0xcb, 0x09, 0x0b, 0x0a, 0x0c, 0x12, 0xeb, 0x09, 0xeb, 0x09,
  0x51, 0x3b, 0xeb, 0x09, 0x8a, 0x01, 0xaa, 0x01, 0x8a, 0x01, 0xe6, 0x00, 0xe3, 0x28, 0x24, 0x59,
  0x46, 0x61, 0x65, 0x59, 0x45, 0x59, 0x65, 0x59, 0x45, 0x59, 0xa3, 0x40, 0xa2, 0x30, 0x24, 0x31,
  0x66, 0x49, 0x07, 0x5a, 0x0a, 0x7b, 0x4f, 0x9c, 0xcd, 0x8b, 0x0e, 0x94, 0x33, 0xb5, 0xb5, 0xc5,
  0x17, 0xce, 0x78, 0xd6, 0x98, 0xd6, 0x99, 0xde, 0xb9, 0xde, 0x37, 0xce, 0xf6, 0xc5, 0x95, 0xb5,
  0x89, 0x52, 0x40, 0x08, 0x41, 0x08, 0x82, 0x08, 0xa2, 0x10, 0x40, 0x08, 0x00, 0x00, 0x33, 0xad,
  0xda, 0xde, 0x78, 0xd6, 0x99, 0xd6, 0x99, 0xde, 0x88, 0x7a, 0xa5, 0x81, 0x08, 0x8a, 0xc6, 0x81,
  0xa6, 0x79, 0x85, 0x69, 0x44, 0x69, 0xe8, 0xa1, 0x86, 0x79, 0x24, 0x51, 0x45, 0x59, 0x24, 0x51,
  0x03, 0x41, 0x03, 0x41, 0x04, 0x51, 0x04, 0x59, 0xc2, 0x40, 0x84, 0x41, 0x6c, 0x73, 0xce, 0x7b,
  0x70, 0x8c, 0xf3, 0x9c, 0x34, 0xa5, 0x75, 0xad, 0x95, 0xb5, 0x95, 0xad, 0x54, 0xad, 0x33, 0xa5,
  0x34, 0xa5, 0x34, 0xa5, 0x54, 0xa5, 0x74, 0xad, 0x54, 0xa5, 0xb2, 0x94, 0x6e, 0x6b, 0x4b, 0x3a,
  0x69, 0x11, 0x48, 0x09, 0x49, 0x09, 0x48, 0x09, 0x49, 0x01, 0x49, 0x01, 0x69, 0x09, 0x6a, 0x09,
  0x08, 0x01, 0x08, 0x01, 0x28, 0x09, 0x28, 0x09, 0x28, 0x09, 0x49, 0x09, 0x49, 0x09, 0x49, 0x09,
  0x49, 0x09, 0x29, 0x09, 0x28, 0x09, 0x48, 0x11, 0x0b, 0x3a, 0x2e, 0x6b, 0xd0, 0x83, 0x51, 0x94,
  0x30, 0x84, 0x8d, 0x73, 0x4c, 0x6b, 0x4c, 0x6b, 0x4c, 0x6b, 0x4c, 0x6b, 0x4c, 0x63, 0x2c, 0x63,
  0x2c, 0x63, 0x2c, 0x63, 0x4c, 0x6b, 0x4d, 0x6b, 0x6d, 0x6b, 0x6d, 0x6b, 0x6d, 0x6b, 0x8d, 0x73,
  0x2c, 0x63, 0x54, 0xad, 0x7d, 0xef, 0xfa, 0xe6, 0xba, 0xde, 0xfa, 0xe6, 0xf2, 0xa4, 0xcd, 0x7b,
  0x4f, 0x8c, 0x4c, 0x6b, 0x23, 0x21, 0x64, 0x29, 0xc2, 0x18, 0x20, 0x08, 0x69, 0x52, 0x58, 0xce,
  0x58, 0xce, 0x13, 0xa5, 0x70, 0x8c, 0xd2, 0x9c, 0xd2, 0x9c, 0xb1, 0x94, 0x91, 0x94, 0x71, 0x8c,
  0x50, 0x8c, 0x70, 0x8c, 0x91, 0x8c, 0x50, 0x94, 0x65, 0x61, 0x61, 0x58, 0x61, 0x60, 0x41, 0x60,
  0xc4, 0x50, 0xce, 0x3a, 0x2c, 0x1a, 0x0b, 0x1a, 0x4c, 0x1a, 0x4c, 0x1a, 0x4d, 0x1a, 0x2c, 0x1a,
  0x30, 0x33, 0x4d, 0x12, 0x6a, 0x01, 0xaa, 0x01, 0x89, 0x01, 0xe5, 0x00, 0x04, 0x39, 0x45, 0x89,
  0x66, 0x89, 0x85, 0x89, 0x65, 0x81, 0x65, 0x81, 0x24, 0x89, 0x21, 0x68, 0x40, 0x50, 0x85, 0x59,
  0x27, 0x6a, 0x2b, 0x83, 0x70, 0xac, 0x12, 0xbd, 0x90, 0xa4, 0x32, 0xad, 0xb4, 0xbd, 0xf5, 0xc5,
  0x37, 0xce, 0x77, 0xd6, 0x98, 0xd6, 0x98, 0xde, 0x99, 0xde, 0x99, 0xd6, 0x17, 0xc6, 0x37, 0xce,
  0x2f, 0x8c, 0x61, 0x10, 0xa2, 0x10, 0x20, 0x00, 0x00, 0x00, 0x03, 0x21, 0xca, 0x5a, 0x38, 0xce,
  0x99, 0xd6, 0x78, 0xd6, 0xda, 0xde, 0x38, 0xde, 0x27, 0x82, 0xa6, 0x81, 0x44, 0x61, 0x64, 0x61,
  0x85, 0x69, 0xc6, 0x79, 0x65, 0x71, 0x03, 0x51, 0xa2, 0x30, 0x04, 0x51, 0x04, 0x51, 0x45, 0x51,
  0x03, 0x41, 0x03, 0x41, 0x45, 0x61, 0x25, 0x61, 0x86, 0x81, 0x07, 0x6a, 0xce, 0x7b, 0xef, 0x7b,
  0x91, 0x94, 0x13, 0x9d, 0x34, 0xa5, 0x95, 0xad, 0x95, 0xb5, 0x75, 0xad, 0x54, 0xad, 0x33, 0xa5,
  0x34, 0xa5, 0x34, 0xa5, 0x54, 0xad, 0x75, 0xad, 0x54, 0xad, 0xb3, 0x94, 0x6f, 0x6b, 0x4b, 0x3a,
  0x48, 0x11, 0x49, 0x09, 0x49, 0x09, 0x49, 0x09, 0x49, 0x09, 0x49, 0x09, 0x49, 0x09, 0x49, 0x09,
  0x28, 0x01, 0x28, 0x09, 0x28, 0x09, 0x28, 0x09, 0x28, 0x09, 0x49, 0x09, 0x49, 0x09, 0x49, 0x09,
  0x49, 0x09, 0x49, 0x09, 0x28, 0x09, 0x48, 0x11, 0x2b, 0x42, 0x2e, 0x6b, 0xd0, 0x83, 0x51, 0x94,
  0x30, 0x84, 0x8e, 0x73, 0x4d, 0x6b, 0x4d, 0x6b, 0x4d, 0x6b, 0x4c, 0x6b, 0x4c, 0x6b, 0x4c, 0x6b,
  0x4c, 0x6b, 0x2c, 0x63, 0x4c, 0x6b, 0x4d, 0x6b, 0x6d, 0x6b, 0x6d, 0x6b, 0x8d, 0x73, 0x2c, 0x63,
  0x91, 0x94, 0x7d, 0xef, 0x1b, 0xe7, 0xfa, 0xe6, 0xfb, 0xe6, 0x74, 0xb5, 0xee, 0x83, 0x4f, 0x8c,
  0x2f, 0x8c, 0x03, 0x21, 0x60, 0x08, 0x81, 0x10, 0xc2, 0x18, 0x40, 0x08, 0xd2, 0x9c, 0x79, 0xce,
  0x17, 0xc6, 0x74, 0xad, 0xd2, 0x9c, 0x54, 0xad, 0x54, 0xad, 0xb1, 0x94, 0x91, 0x94, 0x71, 0x8c,
  0x71, 0x8c, 0x71, 0x8c, 0x71, 0x8c, 0xb1, 0x94, 0xee, 0x8b, 0x24, 0x49, 0x00, 0x30, 0x00, 0x38,
  0x21, 0x30, 0x8c, 0x32, 0x69, 0x09, 0x45, 0x00, 0xa6, 0x00, 0xc6, 0x00, 0xe7, 0x00, 0xa7, 0x00,
  0x8e, 0x22, 0xce, 0x22, 0x69, 0x01, 0xaa, 0x01, 0x89, 0x01, 0xe6, 0x00, 0x82, 0x28, 0x82, 0x60,
  0xa2, 0x60, 0x82, 0x60, 0x61, 0x60, 0x61, 0x60, 0x41, 0x58, 0x00, 0x50, 0x20, 0x40, 0x82, 0x38,
  0xa1, 0x30, 0xc2, 0x30, 0xcd, 0x93, 0x74, 0xc5, 0x32, 0xad, 0x94, 0xbd, 0xd5, 0xc5, 0x16, 0xc6,
  0x36, 0xce, 0x57, 0xce, 0x77, 0xd6, 0x98, 0xd6, 0x98, 0xde, 0x98, 0xde, 0xb9, 0xde, 0xf6, 0xc5,
  0xd2, 0x9c, 0x86, 0x31, 0x61, 0x08, 0x28, 0x42, 0x50, 0x8c, 0x58, 0xce, 0xfb, 0xe6, 0xda, 0xde,
  0xda, 0xde, 0xb9, 0xde, 0x1a, 0xdf, 0x33, 0xbd, 0x44, 0x61, 0x64, 0x61, 0x64, 0x61, 0x64, 0x59,
  0x64, 0x59, 0x44, 0x59, 0x85, 0x71, 0x86, 0x81, 0x69, 0x8a, 0x49, 0x6a, 0xc2, 0x38, 0x65, 0x59,
  0x03, 0x41, 0xe3, 0x38, 0x65, 0x61, 0xc7, 0x81, 0xa8, 0xa1, 0x69, 0x92, 0xce, 0x73, 0x0f, 0x84,
  0xb2, 0x94, 0x13, 0xa5, 0x54, 0xad, 0x95, 0xb5, 0x95, 0xb5, 0x75, 0xad, 0x54, 0xad, 0x34, 0xa5,
  0x34, 0xa5, 0x34, 0xa5, 0x54, 0xad, 0x75, 0xad, 0x54, 0xa5, 0xb2, 0x94, 0x6f, 0x6b, 0x4a, 0x3a,
  0x48, 0x11, 0x49, 0x09, 0x48, 0x09, 0x48, 0x09, 0x48, 0x09, 0x49, 0x09, 0x49, 0x09, 0x49, 0x09,
  0x28, 0x01, 0x28, 0x09, 0x28, 0x09, 0x28, 0x09, 0x48, 0x09, 0x49, 0x09, 0x49, 0x09, 0x4a, 0x09,
  0x49, 0x09, 0x49, 0x09, 0x48, 0x09, 0x48, 0x11, 0x2b, 0x42, 0x2e, 0x6b, 0xd0, 0x83, 0x51, 0x94,
  0x30, 0x84, 0xae, 0x73, 0x6d, 0x6b, 0x4d, 0x6b, 0x4d, 0x6b, 0x4d, 0x6b, 0x4d, 0x6b, 0x4c, 0x6b,
  0x4c, 0x6b, 0x4c, 0x6b, 0x4c, 0x6b, 0x4d, 0x6b, 0x6d, 0x6b, 0x6d, 0x6b, 0x6d, 0x6b, 0x50, 0x84,
  0x1b, 0xe7, 0xfa, 0xe6, 0xfa, 0xde, 0x7c, 0xf7, 0x16, 0xc6, 0x0e, 0x84, 0x4f, 0x8c, 0x90, 0x94,
  0xc5, 0x39, 0x81, 0x10, 0xc2, 0x18, 0x24, 0x21, 0x81, 0x10, 0x89, 0x52, 0x95, 0xb5, 0x38, 0xc6,
  0x17, 0xc6, 0xb5, 0xb5, 0xd6, 0xbd, 0xf6, 0xbd, 0x54, 0xad, 0xb1, 0x94, 0x91, 0x94, 0x50, 0x8c,
  0x0f, 0x84, 0x30, 0x84, 0x50, 0x8c, 0x50, 0x84, 0x91, 0x94, 0x86, 0x59, 0x20, 0x30, 0x21, 0x30,
  0x00, 0x28, 0x2b, 0x32, 0x0a, 0x12, 0x63, 0x00, 0xa5, 0x00, 0xc6, 0x00, 0x07, 0x01, 0xe6, 0x00,
  0x0b, 0x1a, 0xef, 0x2a, 0x8a, 0x01, 0x8a, 0x01, 0x89, 0x01, 0xe6, 0x00, 0x41, 0x10, 0x00, 0x28,
  0x00, 0x30, 0x00, 0x30, 0x00, 0x30, 0x00, 0x30, 0x00, 0x30, 0x00, 0x28, 0x00, 0x20, 0x20, 0x20,
  0x62, 0x28, 0x45, 0x41, 0x8d, 0x83, 0x53, 0xbd, 0x94, 0xbd, 0xb4, 0xbd, 0xf5, 0xc5, 0xf5, 0xc5,
  0x16, 0xce, 0x36, 0xce, 0x77, 0xd6, 0x78, 0xd6, 0x98, 0xd6, 0x98, 0xd6, 0x94, 0xb5, 0xf2, 0xa4,
  0x95, 0xbd, 0x54, 0xb5, 0x75, 0xb5, 0xb9, 0xde, 0xda, 0xe6, 0x99, 0xde, 0x99, 0xd6, 0xb9, 0xde,
  0xd9, 0xde, 0xb9, 0xd6, 0xfa, 0xde, 0xee, 0xab, 0x02, 0x61, 0x84, 0x61, 0x84, 0x59, 0x84, 0x61,
  0x64, 0x61, 0x65, 0x61, 0xe7, 0x91, 0x87, 0xa9, 0x14, 0xd5, 0x95, 0xbd, 0xe2, 0x38, 0x65, 0x59,
  0x03, 0x41, 0xe3, 0x40, 0x04, 0x51, 0x09, 0x9a, 0xa7, 0xa1, 0x69, 0x92, 0xce, 0x7b, 0x30, 0x8c,
  0xb2, 0x9c, 0x13, 0xa5, 0x54, 0xad, 0x95, 0xb5, 0x95, 0xb5, 0x75, 0xad, 0x54, 0xa5, 0x33, 0xa5,
  0x33, 0xa5, 0x34, 0xa5, 0x54, 0xad, 0x54, 0xad, 0x34, 0xa5, 0x92, 0x94, 0x6e, 0x6b, 0x2a, 0x3a,
  0x48, 0x11, 0x49, 0x09, 0x48, 0x09, 0x48, 0x09, 0x48, 0x09, 0x49, 0x09, 0x49, 0x09, 0x49, 0x09,
  0x28, 0x01, 0x28, 0x09, 0x28, 0x09, 0x28, 0x09, 0x48, 0x09, 0x48, 0x09, 0x49, 0x09, 0x4a, 0x09,
  0x49, 0x09, 0x69, 0x09, 0x69, 0x09, 0x69, 0x11, 0x4c, 0x42, 0x4f, 0x6b, 0xd0, 0x83, 0x51, 0x94,
  0x30, 0x84, 0xae, 0x73, 0x6d, 0x6b, 0x6d, 0x6b, 0x6d, 0x6b, 0x6d, 0x6b, 0x4d, 0x6b, 0x4d, 0x6b,
  0x4d, 0x6b, 0x4d, 0x6b, 0x4d, 0x6b, 0x4d, 0x6b, 0x6d, 0x6b, 0x6d, 0x6b, 0x4c, 0x6b, 0xf6, 0xbd,
  0x79, 0xd6, 0xb6, 0xbd, 0xd6, 0xbd, 0xf6, 0xbd, 0x70, 0x94, 0x2e, 0x84, 0xb1, 0x9c, 0xa9, 0x5a,
  0xa1, 0x10, 0xa1, 0x10, 0x23, 0x21, 0xe2, 0x18, 0x69, 0x4a, 0x33, 0xa5, 0x54, 0xad, 0xf7, 0xc5,
  0x17, 0xc6, 0xf6, 0xbd, 0xf6, 0xbd, 0x54, 0xa5, 0xb2, 0x9c, 0x91, 0x94, 0x50, 0x8c, 0xb2, 0x9c,
  0x95, 0xb5, 0x38, 0xce, 0x37, 0xc6, 0xb5, 0xbd, 0x30, 0x9c, 0x42, 0x40, 0x21, 0x48, 0x41, 0x48,
  0x21, 0x50, 0xa9, 0x49, 0x4c, 0x22, 0x83, 0x00, 0xa5, 0x00, 0x07, 0x01, 0x48, 0x09, 0x48, 0x01,
  0xa9, 0x11, 0xf0, 0x32, 0xcb, 0x01, 0xaa, 0x01, 0x47, 0x01, 0x42, 0x08, 0x20, 0x20, 0xa3, 0x48,
  0xe4, 0x60, 0xe4, 0x60, 0xe4, 0x60, 0xe4, 0x60, 0xe3, 0x60, 0xa3, 0x58, 0x62, 0x40, 0xc3, 0x38,
  0x66, 0x49, 0x69, 0x6a, 0x2c, 0x7b, 0x74, 0xbd, 0x16, 0xce, 0xd5, 0xc5, 0xf5, 0xc5, 0xf5, 0xc5,
  0x16, 0xc6, 0x36, 0xce, 0x57, 0xce, 0x57, 0xce, 0x77, 0xd6, 0x57, 0xce, 0xf6, 0xc5, 0x79, 0xd6,
  0x78, 0xd6, 0x99, 0xde, 0x99, 0xd6, 0x78, 0xd6, 0x58, 0xd6, 0x78, 0xd6, 0xb9, 0xde, 0x98, 0xd6,
  0x78, 0xd6, 0x98, 0xd6, 0xb9, 0xde, 0xeb, 0x9a, 0xa6, 0x81, 0x64, 0x61, 0x84, 0x59, 0x64, 0x61,
  0x85, 0x61, 0x24, 0x51, 0xe2, 0x48, 0x28, 0xa2, 0x10, 0xbc, 0x51, 0xb4, 0x07, 0x62, 0x24, 0x51,
  0x03, 0x41, 0x03, 0x41, 0xa2, 0x30, 0x66, 0x79, 0xc8, 0xa9, 0x49, 0x8a, 0xee, 0x7b, 0x51, 0x8c,
  0xd3, 0x9c, 0x33, 0xa5, 0x74, 0xad, 0x95, 0xb5, 0x95, 0xb5, 0x75, 0xad, 0x54, 0xa5, 0x13, 0xa5,
  0x13, 0xa5, 0x34, 0xa5, 0x34, 0xa5, 0x54, 0xad, 0x34, 0xa5, 0x92, 0x94, 0x6e, 0x6b, 0x4a, 0x3a,
  0x48, 0x11, 0x49, 0x09, 0x48, 0x09, 0x49, 0x09, 0x49, 0x09, 0x49, 0x09, 0x49, 0x09, 0x49, 0x09,
  0x48, 0x01, 0x28, 0x09, 0x28, 0x09, 0x28, 0x09, 0x28, 0x09, 0x48, 0x09, 0x49, 0x09, 0x49, 0x09,
  0x69, 0x09, 0x6a, 0x09, 0x6a, 0x09, 0x8a, 0x11, 0x6d, 0x42, 0x4f, 0x6b, 0xf0, 0x83, 0x51, 0x94,
  0x30, 0x84, 0xae, 0x73, 0x6d, 0x6b, 0x6d, 0x6b, 0x6d, 0x6b, 0x6d, 0x6b, 0x6d, 0x6b, 0x4d, 0x6b,
  0x4d, 0x6b, 0x6d, 0x6b, 0x4d, 0x6b, 0x6d, 0x6b, 0x4c, 0x6b, 0x2c, 0x63, 0x0f, 0x84, 0x58, 0xce,
  0x17, 0xc6, 0x17, 0xc6, 0x53, 0xad, 0x2f, 0x8c, 0x0e, 0x84, 0x90, 0x94, 0x6c, 0x73, 0xc2, 0x18,
  0x61, 0x08, 0x03, 0x21, 0x03, 0x21, 0xa2, 0x10, 0x70, 0x8c, 0x74, 0xb5, 0x95, 0xb5, 0x17, 0xce,
  0xf6, 0xc5, 0xf6, 0xc5, 0x33, 0xa5, 0xb1, 0x94, 0x50, 0x8c, 0x0f, 0x84, 0xd2, 0x9c, 0x99, 0xd6,
  0xba, 0xde, 0xba, 0xde, 0xb9, 0xde, 0x17, 0xce, 0x8d, 0x8b, 0x00, 0x38, 0x21, 0x48, 0x41, 0x48,
  0x41, 0x50, 0x05, 0x49, 0xa9, 0x29, 0x02, 0x00, 0x02, 0x00, 0x23, 0x00, 0x43, 0x00, 0x43, 0x00,
  0x64, 0x00, 0x0b, 0x1a, 0x89, 0x01, 0xc5, 0x00, 0x20, 0x00, 0x00, 0x18, 0x62, 0x40, 0x04, 0x61,
  0x25, 0x71, 0x45, 0x71, 0x45, 0x71, 0x25, 0x71, 0x05, 0x69, 0xc4, 0x60, 0x42, 0x40, 0x62, 0x30,
  0xc3, 0x30, 0x45, 0x41, 0xc7, 0x51, 0xeb, 0x72, 0x8d, 0x83, 0x33, 0xb5, 0x57, 0xd6, 0x16, 0xce,
  0x17, 0xc6, 0x37, 0xc6, 0x37, 0xce, 0x57, 0xce, 0x57, 0xce, 0x37, 0xce, 0xfa, 0xe6, 0xb9, 0xde,
  0x78, 0xd6, 0x78, 0xd6, 0x58, 0xd6, 0x78, 0xd6, 0x58, 0xd6, 0x98, 0xd6, 0xb9, 0xde, 0x99, 0xd6,
  0x98, 0xd6, 0x98, 0xd6, 0x58, 0xd6, 0x07, 0x6a, 0x84, 0x69, 0xc6, 0x81, 0x64, 0x59, 0x64, 0x61,
  0x84, 0x61, 0x44, 0x51, 0xc2, 0x40, 0x28, 0x9a, 0xf0, 0xbb, 0x8f, 0xa3, 0xeb, 0x7a, 0xa2, 0x38,
  0x23, 0x41, 0xe2, 0x38, 0xeb, 0x72, 0xab, 0x8a, 0xe3, 0x60, 0xa6, 0x59, 0x0f, 0x84, 0x71, 0x8c,
  0xf3, 0x9c, 0x34, 0xa5, 0x75, 0xad, 0x95, 0xad, 0x95, 0xb5, 0x75, 0xad, 0x34, 0xa5, 0x13, 0x9d,
  0x13, 0xa5, 0x13, 0xa5, 0x34, 0xa5, 0x54, 0xa5, 0x34, 0xa5, 0x72, 0x8c, 0x4e, 0x63, 0x2a, 0x32,
  0x48, 0x11, 0x49, 0x09, 0x48, 0x09, 0x49, 0x09, 0x49, 0x09, 0x49, 0x09, 0x49, 0x09, 0x69, 0x09,
  0x49, 0x09, 0x28, 0x09, 0x28, 0x09, 0x28, 0x09, 0x48, 0x09, 0x48, 0x09, 0x48, 0x09, 0x49, 0x09,
  0x6a, 0x09, 0x6a, 0x09, 0x8b, 0x01, 0xab, 0x11, 0x6d, 0x42, 0x70, 0x73, 0xf1, 0x8b, 0x51, 0x94,
  0x30, 0x84, 0xae, 0x73, 0x8d, 0x73, 0x8d, 0x73, 0x6d, 0x6b, 0x6d, 0x6b, 0x6d, 0x6b, 0x6d, 0x6b,
  0x6d, 0x6b, 0x6d, 0x6b, 0x6d, 0x6b, 0x4c, 0x6b, 0xce, 0x7b, 0x17, 0xc6, 0x3b, 0xe7, 0xd5, 0xbd,
  0xb5, 0xb5, 0x4f, 0x8c, 0x2f, 0x8c, 0x2f, 0x8c, 0x4f, 0x8c, 0x0f, 0x84, 0x44, 0x29, 0x60, 0x08,
  0xa2, 0x10, 0x24, 0x21, 0xc2, 0x18, 0x03, 0x21, 0xd1, 0x9c, 0xb4, 0xb5, 0xf6, 0xbd, 0x37, 0xce,
  0x58, 0xd6, 0x37, 0xce, 0x90, 0x94, 0x2f, 0x8c, 0x10, 0x8c, 0xce, 0x7b, 0x54, 0xb5, 0x79, 0xd6,
  0x17, 0xc6, 0xf7, 0xc5, 0x18, 0xce, 0x50, 0x94, 0x07, 0x52, 0x04, 0x51, 0x00, 0x40, 0x00, 0x38,
  0x00, 0x38, 0x82, 0x48, 0xd0, 0x8b, 0x51, 0x94, 0x10, 0x7c, 0xaf, 0x73, 0x6e, 0x6b, 0x6e, 0x6b,
  0x6e, 0x6b, 0xaf, 0x6b, 0xaf, 0x6b, 0xef, 0x7b, 0xca, 0x62, 0x20, 0x20, 0x83, 0x48, 0xe4, 0x58,
  0xe4, 0x58, 0xc3, 0x58, 0x82, 0x50, 0x82, 0x50, 0x82, 0x48, 0x61, 0x48, 0x82, 0x40, 0x24, 0x49,
  0xc7, 0x51, 0x48, 0x5a, 0x89, 0x5a, 0x2c, 0x73, 0xd2, 0xa4, 0x78, 0xd6, 0x99, 0xd6, 0x37, 0xc6,
  0x17, 0xc6, 0x37, 0xc6, 0x36, 0xce, 0x37, 0xce, 0x57, 0xce, 0x37, 0xce, 0xb9, 0xde, 0x99, 0xde,
  0x58, 0xd6, 0x79, 0xd6, 0x58, 0xd6, 0x78, 0xd6, 0x58, 0xd6, 0x98, 0xd6, 0xb9, 0xde, 0x99, 0xde,
  0x99, 0xde, 0xd9, 0xde, 0x17, 0xd6, 0xa4, 0x79, 0x85, 0x89, 0xc7, 0x91, 0x43, 0x51, 0x64, 0x59,
  0x84, 0x61, 0x44, 0x51, 0xe2, 0x48, 0x08, 0x92, 0xd6, 0xd5, 0xba, 0xde, 0x8a, 0x82, 0xc3, 0x48,
  0x03, 0x41, 0x44, 0x49, 0xba, 0xde, 0x91, 0xac, 0x61, 0x38, 0x07, 0x62, 0xd2, 0x9c, 0x13, 0xa5,
  0x34, 0xa5, 0x75, 0xad, 0xb5, 0xb5, 0xb6, 0xb5, 0x95, 0xb5, 0x75, 0xad, 0x13, 0xa5, 0xd2, 0x9c,
  0xf2, 0x9c, 0xf3, 0x9c, 0x13, 0xa5, 0x34, 0xa5, 0x14, 0xa5, 0x71, 0x8c, 0x4e, 0x63, 0x2a, 0x32,
  0x48, 0x09, 0x49, 0x09, 0x48, 0x09, 0x49, 0x09, 0x49, 0x09, 0x49, 0x09, 0x49, 0x09, 0x69, 0x09,
  0x49, 0x09, 0x28, 0x09, 0x28, 0x09, 0x28, 0x09, 0x28, 0x09, 0x48, 0x09, 0x48, 0x09, 0x49, 0x09,
  0x6a, 0x09, 0x8b, 0x01, 0xab, 0x01, 0xcb, 0x11, 0xae, 0x42, 0x90, 0x73, 0xf1, 0x8b, 0x71, 0x94,
  0x30, 0x84, 0xae, 0x73, 0x8d, 0x73, 0x8d, 0x73, 0x8d, 0x6b, 0x6d, 0x6b, 0x6d, 0x6b, 0x6d, 0x6b,
  0x6d, 0x6b, 0x6d, 0x6b, 0x6d, 0x6b, 0x2c, 0x63, 0xd7, 0xbd, 0xbe, 0xf7, 0xba, 0xd6, 0xcd, 0x73,
  0x2b, 0x63, 0x6c, 0x6b, 0x2f, 0x8c, 0x4f, 0x8c, 0x90, 0x94, 0xe6, 0x41, 0x61, 0x10, 0x61, 0x08,
  0xa5, 0x31, 0x23, 0x21, 0xc2, 0x18, 0x07, 0x42, 0xb5, 0xbd, 0xf5, 0xbd, 0x16, 0xc6, 0x57, 0xce,
  0xf6, 0xc5, 0x53, 0xad, 0x70, 0x94, 0x2f, 0x8c, 0x50, 0x8c, 0x51, 0x94, 0xf7, 0xc5, 0x58, 0xce,
  0x38, 0xce, 0xd7, 0xc5, 0x34, 0xb5, 0x54, 0xbd, 0x75, 0xbd, 0x74, 0xbd, 0xf2, 0xb4, 0xce, 0x93,
  0x08, 0x62, 0x8a, 0x72, 0xba, 0xe6, 0xf7, 0xd5, 0xb7, 0xd5, 0xd7, 0xd5, 0x37, 0xe6, 0x17, 0xe6,
  0xd6, 0xdd, 0xf6, 0xdd, 0xda, 0xee, 0x98, 0xde, 0xd2, 0xa4, 0x00, 0x18, 0x21, 0x30, 0xc3, 0x48,
  0x65, 0x59, 0x07, 0x6a, 0xaa, 0x7a, 0x6c, 0x93, 0x0f, 0xa4, 0x91, 0xac, 0x33, 0xbd, 0x57, 0xd6,
  0x78, 0xd6, 0x78, 0xd6, 0x78, 0xd6, 0x17, 0xc6, 0xda, 0xde, 0xb9, 0xd6, 0x79, 0xd6, 0x37, 0xc6,
  0xf7, 0xbd, 0x17, 0xc6, 0x37, 0xce, 0x36, 0xce, 0xd5, 0xbd, 0x16, 0xc6, 0x78, 0xd6, 0x78, 0xd6,
  0x58, 0xd6, 0x78, 0xd6, 0x78, 0xd6, 0x78, 0xd6, 0x78, 0xd6, 0x98, 0xd6, 0x99, 0xde, 0x58, 0xd6,
  0x99, 0xde, 0x1b, 0xe7, 0xf6, 0xdd, 0x87, 0xb9, 0xa6, 0xb9, 0xa6, 0xa9, 0xc2, 0x50, 0xe2, 0x48,
  0x03, 0x49, 0x03, 0x49, 0x65, 0x69, 0xa6, 0x71, 0x37, 0xce, 0xb9, 0xd6, 0xe7, 0x89, 0x66, 0x99,
  0x82, 0x50, 0x68, 0x62, 0xb3, 0xc4, 0xae, 0x9b, 0xc3, 0x40, 0x08, 0x6a, 0x54, 0xad, 0xb6, 0xb5,
  0xf7, 0xbd, 0x17, 0xbe, 0x18, 0xc6, 0x17, 0xc6, 0xd6, 0xbd, 0x96, 0xb5, 0x34, 0xa5, 0xd2, 0x9c,
  0xb2, 0x94, 0xf2, 0x9c, 0x13, 0xa5, 0x34, 0xa5, 0x13, 0xa5, 0x51, 0x8c, 0x4e, 0x63, 0x0a, 0x32,
  0x48, 0x09, 0x49, 0x09, 0x49, 0x09, 0x49, 0x09, 0x49, 0x09, 0x49, 0x09, 0x69, 0x09, 0x69, 0x09,
  0x28, 0x09, 0x28, 0x09, 0x28, 0x09, 0x28, 0x09, 0x28, 0x09, 0x48, 0x09, 0x49, 0x09, 0x69, 0x09,
  0x8a, 0x09, 0xab, 0x01, 0xac, 0x01, 0xec, 0x11, 0xae, 0x4a, 0x90, 0x73, 0x11, 0x8c, 0x72, 0x94,
  0x50, 0x8c, 0xce, 0x7b, 0xad, 0x73, 0x8d, 0x73, 0x8d, 0x73, 0x8d, 0x73, 0x8d, 0x6b, 0x8d, 0x6b,
  0x8d, 0x6b, 0x8d, 0x73, 0x4c, 0x6b, 0x71, 0x8c, 0x5c, 0xe7, 0x1b, 0xe7, 0xee, 0x7b, 0x64, 0x29,
  0x4c, 0x6b, 0xb1, 0x9c, 0x2f, 0x8c, 0xb1, 0x94, 0x89, 0x52, 0xa2, 0x18, 0x61, 0x08, 0x44, 0x29,
  0xc6, 0x39, 0x24, 0x21, 0xa5, 0x31, 0xd2, 0x9c, 0x17, 0xc6, 0x17, 0xce, 0x16, 0xce, 0x78, 0xd6,
  0xb1, 0x9c, 0xad, 0x7b, 0x4f, 0x8c, 0x70, 0x94, 0xb2, 0x9c, 0xf3, 0xa4, 0x58, 0xce, 0x58, 0xce,
  0x38, 0xce, 0xf4, 0xcd, 0x70, 0xc5, 0x50, 0xc5, 0x2f, 0xbd, 0x70, 0xbd, 0x56, 0xde, 0xb3, 0xcd,
  0x16, 0xd6, 0x38, 0xd6, 0x17, 0xd6, 0xa7, 0x89, 0x84, 0x91, 0x25, 0x9a, 0x03, 0x79, 0x63, 0x81,
  0x26, 0xa2, 0x24, 0x81, 0xd6, 0xd5, 0x57, 0xce, 0x54, 0xb5, 0x71, 0x9c, 0xb2, 0xa4, 0x13, 0xb5,
  0x75, 0xc5, 0xb6, 0xcd, 0xf7, 0xcd, 0xf7, 0xcd, 0xf7, 0xcd, 0xf6, 0xcd, 0x78, 0xd6, 0xb9, 0xde,
  0x99, 0xd6, 0x37, 0xce, 0x37, 0xce, 0xb5, 0xbd, 0xf6, 0xbd, 0x99, 0xd6, 0x79, 0xd6, 0x57, 0xce,
  0xd6, 0xbd, 0xd6, 0xbd, 0x78, 0xce, 0x4f, 0x8c, 0x63, 0x31, 0xee, 0x83, 0x99, 0xde, 0x78, 0xd6,
  0x78, 0xd6, 0x98, 0xd6, 0x78, 0xd6, 0x99, 0xde, 0x99, 0xd6, 0x78, 0xd6, 0xb9, 0xde, 0xb9, 0xde,
  0xda, 0xde, 0xfb, 0xe6, 0xb6, 0xd5, 0x66, 0xb1, 0x86, 0xb1, 0xa7, 0xb9, 0x65, 0x91, 0xc2, 0x48,
  0xa1, 0x38, 0x45, 0x69, 0x45, 0x69, 0xa2, 0x38, 0xf2, 0xa4, 0x6c, 0x7b, 0xc3, 0x68, 0x07, 0xba,
  0x04, 0x8a, 0xa9, 0x72, 0x10, 0xbc, 0x0c, 0x93, 0x24, 0x51, 0xe7, 0x69, 0x95, 0xb5, 0xf7, 0xbd,
  0x38, 0xc6, 0x58, 0xce, 0x59, 0xce, 0x59, 0xce, 0x79, 0xce, 0x79, 0xce, 0x59, 0xce, 0xf7, 0xbd,
  0x95, 0xb5, 0x54, 0xad, 0x34, 0xa5, 0x34, 0xa5, 0x13, 0xa5, 0x51, 0x8c, 0x2d, 0x5b, 0x0a, 0x32,
  0x48, 0x09, 0x49, 0x09, 0x49, 0x09, 0x49, 0x09, 0x49, 0x09, 0x49, 0x09, 0x69, 0x09, 0x69, 0x09,
  0x28, 0x09, 0x28, 0x09, 0x28, 0x09, 0x28, 0x09, 0x48, 0x09, 0x49, 0x09, 0x69, 0x09, 0x8a, 0x01,
  0xab, 0x01, 0xac, 0x01, 0xcc, 0x01, 0xec, 0x11, 0xae, 0x4a, 0x91, 0x73, 0x11, 0x8c, 0x72, 0x9c,
  0x51, 0x8c, 0xce, 0x7b, 0xae, 0x73, 0xae, 0x73, 0xad, 0x73, 0x8d, 0x73, 0x8d, 0x73, 0x8d, 0x73,
  0x8d, 0x73, 0x8d, 0x73, 0x6d, 0x6b, 0x58, 0xce, 0x9d, 0xf7, 0x94, 0xad, 0xc6, 0x39, 0x2b, 0x6b,
  0xb1, 0x9c, 0x4f, 0x8c, 0x70, 0x94, 0x4c, 0x6b, 0xe2, 0x18, 0x61, 0x08, 0xe2, 0x18, 0x64, 0x29,
  0x44, 0x29, 0x23, 0x21, 0x68, 0x4a, 0x54, 0xad, 0x37, 0xce, 0x37, 0xce, 0x37, 0xce, 0x78, 0xd6,
  0x4f, 0x8c, 0xee, 0x83, 0x51, 0x94, 0x91, 0x94, 0xb2, 0x9c, 0x55, 0xb5, 0x58, 0xce, 0x38, 0xc6,
  0x15, 0xd6, 0x6c, 0xdd, 0x2a, 0xe5, 0x6a, 0xe5, 0x6a, 0xe5, 0xaa, 0xe5, 0xaa, 0xe5, 0xc8, 0xcc,
  0x89, 0xcc, 0xf5, 0xd5, 0x17, 0xd6, 0x46, 0x89, 0x22, 0x89, 0xa9, 0xdc, 0x46, 0xcc, 0xc8, 0xdc,
  0xe6, 0xb2, 0xc4, 0x80, 0x17, 0xd6, 0x57, 0xce, 0xf6, 0xc5, 0x99, 0xd6, 0x38, 0xd6, 0xf1, 0xd5,
  0xf0, 0xd5, 0xaf, 0xd5, 0xaf, 0xd5, 0xaf, 0xd5, 0xaf, 0xdd, 0xaf, 0xd5, 0xf0, 0xe5, 0x54, 0xde,
  0x98, 0xd6, 0x78, 0xd6, 0x37, 0xce, 0x17, 0xc6, 0xf6, 0xbd, 0xb9, 0xd6, 0x99, 0xd6, 0x78, 0xce,
  0xf7, 0xc5, 0xd6, 0xbd, 0x57, 0xce, 0x07, 0x42, 0x23, 0x21, 0x4c, 0x6b, 0xb9, 0xde, 0x78, 0xd6,
  0x78, 0xd6, 0x78, 0xd6, 0x98, 0xd6, 0x99, 0xde, 0x78, 0xd6, 0x78, 0xd6, 0xb9, 0xde, 0xda, 0xde,
  0xda, 0xde, 0x1b, 0xe7, 0x54, 0xd5, 0x46, 0xa9, 0xa6, 0xb1, 0x86, 0xb9, 0xa7, 0xb9, 0x86, 0xa1,
  0x46, 0x91, 0x45, 0x71, 0xa1, 0x30, 0xe3, 0x30, 0xe3, 0x38, 0xe3, 0x30, 0xa2, 0x30, 0xa6, 0x92,
  0xa8, 0xcb, 0xe9, 0x89, 0xba, 0xe6, 0x54, 0xcd, 0x66, 0x79, 0xc6, 0x61, 0xb5, 0xbd, 0xf7, 0xc5,
  0x38, 0xc6, 0x58, 0xce, 0x59, 0xce, 0x99, 0xd6, 0xba, 0xd6, 0xdb, 0xde, 0xfb, 0xde, 0xda, 0xde,
  0xba, 0xd6, 0x58, 0xce, 0xd6, 0xbd, 0x54, 0xad, 0x13, 0xa5, 0x51, 0x8c, 0x2d, 0x5b, 0x0a, 0x32,
  0x48, 0x09, 0x49, 0x09, 0x49, 0x09, 0x49, 0x09, 0x49, 0x09, 0x49, 0x09, 0x69, 0x09, 0x69, 0x09,
  0x48, 0x09, 0x48, 0x09, 0x28, 0x09, 0x48, 0x09, 0x49, 0x09, 0x6a, 0x09, 0x8a, 0x01, 0xab, 0x01,
  0xcc, 0x01, 0xcc, 0x01, 0xcc, 0x01, 0x0c, 0x12, 0xae, 0x4a, 0x91, 0x7b, 0x31, 0x94, 0x92, 0x9c,
  0x71, 0x8c, 0xef, 0x7b, 0xce, 0x7b, 0xce, 0x73, 0xae, 0x73, 0xae, 0x73, 0xae, 0x73, 0xae, 0x73,
  0xce, 0x7b, 0x6d, 0x6b, 0xf2, 0x9c, 0x5c, 0xef, 0x1b, 0xe7, 0xb9, 0xd6, 0xd2, 0x9c, 0xf2, 0x9c,
  0x70, 0x8c, 0x70, 0x8c, 0x4f, 0x8c, 0x65, 0x31, 0x60, 0x10, 0xa2, 0x10, 0x24, 0x21, 0xe2, 0x18,
  0xa2, 0x10, 0x41, 0x08, 0xa2, 0x10, 0x0b, 0x63, 0xb9, 0xde, 0x37, 0xce, 0x57, 0xce, 0xd5, 0xc5,
  0xee, 0x83, 0x30, 0x8c, 0x91, 0x94, 0xb2, 0x9c, 0xd2, 0x9c, 0xd6, 0xbd, 0x78, 0xce, 0xf7, 0xbd,
  0x11, 0xde, 0x65, 0xc3, 0x87, 0xaa, 0x4e, 0xd4, 0x0c, 0xc4, 0x87, 0xb2, 0xe7, 0xd3, 0x27, 0xe5,
  0x83, 0xb3, 0x50, 0xc5, 0x38, 0xd6, 0x46, 0x91, 0x41, 0x78, 0x24, 0xa2, 0x8a, 0xf5, 0x27, 0xcc,
  0xa1, 0x78, 0x45, 0x89, 0x17, 0xd6, 0x36, 0xce, 0xd5, 0xc5, 0x57, 0xce, 0x12, 0xde, 0x48, 0xdd,
  0xea, 0xdc, 0xc9, 0xdc, 0xc9, 0xdc, 0xea, 0xdc, 0xc9, 0xdc, 0x88, 0xe5, 0x67, 0xdd, 0x2b, 0xd5,
  0x57, 0xd6, 0x99, 0xd6, 0x37, 0xce, 0x37, 0xc6, 0xb5, 0xb5, 0x78, 0xce, 0xb9, 0xd6, 0x99, 0xd6,
  0x17, 0xc6, 0x17, 0xc6, 0x37, 0xc6, 0xcd, 0x7b, 0x24, 0x29, 0x2c, 0x6b, 0xb9, 0xde, 0x58, 0xd6,
  0x57, 0xce, 0x78, 0xd6, 0x58, 0xd6, 0x78, 0xd6, 0x79, 0xd6, 0xb9, 0xde, 0xb9, 0xde, 0xda, 0xde,
  0xba, 0xde, 0x1b, 0xe7, 0x34, 0xd5, 0x46, 0xc1, 0x87, 0xc1, 0x67, 0xc1, 0x66, 0xc1, 0x87, 0xc9,
  0xa8, 0xc9, 0xe3, 0x60, 0xc2, 0x30, 0xe3, 0x30, 0x61, 0x18, 0x81, 0x10, 0x62, 0x00, 0x65, 0x72,
  0xa8, 0xab, 0x25, 0x69, 0x17, 0xce, 0x95, 0xbd, 0x66, 0x81, 0xa6, 0x61, 0xb5, 0xb5, 0x18, 0xc6,
  0x38, 0xc6, 0x58, 0xc6, 0x58, 0xce, 0x99, 0xd6, 0xda, 0xde, 0xda, 0xde, 0xda, 0xde, 0xfb, 0xde,
  0xba, 0xd6, 0x79, 0xce, 0x58, 0xc6, 0xb6, 0xb5, 0x13, 0xa5, 0x31, 0x84, 0x0d, 0x5b, 0x0a, 0x32,
  0x48, 0x09, 0x49, 0x09, 0x69, 0x09, 0x49, 0x09, 0x49, 0x09, 0x69, 0x09, 0x69, 0x09, 0x69, 0x09,
  0x48, 0x09, 0x48, 0x09, 0x28, 0x09, 0x49, 0x09, 0x69, 0x09, 0x6a, 0x09, 0x8b, 0x01, 0xcc, 0x01,
  0xcd, 0x01, 0xed, 0x01, 0xed, 0x01, 0x0d, 0x12, 0xcf, 0x4a, 0xb1, 0x7b, 0x32, 0x94, 0xb2, 0x9c,
  0x71, 0x8c, 0x0f, 0x7c, 0xce, 0x7b, 0xce, 0x7b, 0xce, 0x7b, 0xce, 0x7b, 0xce, 0x7b, 0xce, 0x7b,
  0xce, 0x73, 0xef, 0x7b, 0xda, 0xd6, 0x1b, 0xe7, 0x5c, 0xef, 0x50, 0x8c, 0x68, 0x4a, 0xcd, 0x73,
  0x70, 0x8c, 0x12, 0xa5, 0x90, 0x94, 0x24, 0x29, 0x61, 0x10, 0x23, 0x21, 0xc2, 0x18, 0x81, 0x10,
  0x40, 0x00, 0x00, 0x00, 0x81, 0x08, 0x82, 0x10, 0x6c, 0x73, 0x37, 0xce, 0x77, 0xce, 0x70, 0x94,
  0x0f, 0x84, 0x71, 0x94, 0x91, 0x94, 0xb2, 0x94, 0xd2, 0x9c, 0xf7, 0xc5, 0x78, 0xce, 0xf6, 0xbd,
  0xf0, 0xdd, 0xe8, 0xe4, 0x68, 0xdc, 0x89, 0xdc, 0x89, 0xd4, 0xc7, 0xcb, 0xa8, 0xe4, 0xc7, 0xdc,
  0x63, 0xb3, 0x71, 0xcd, 0xf7, 0xd5, 0x25, 0x89, 0xa2, 0x80, 0x82, 0x70, 0x47, 0xbb, 0x84, 0x89,
  0x62, 0x78, 0xa6, 0x91, 0x37, 0xde, 0x16, 0xce, 0xb5, 0xc5, 0x58, 0xd6, 0x2f, 0xe6, 0xe6, 0xd3,
  0xac, 0xc3, 0x0d, 0xcc, 0x2e, 0xd4, 0xed, 0xc3, 0x28, 0xb3, 0xe9, 0xdc, 0x68, 0xdd, 0x88, 0xc4,
  0x16, 0xce, 0xb9, 0xde, 0x37, 0xce, 0x37, 0xc6, 0xd5, 0xb5, 0x17, 0xbe, 0xba, 0xd6, 0x99, 0xd6,
  0x38, 0xce, 0xf7, 0xbd, 0x37, 0xce, 0x4f, 0x8c, 0x24, 0x21, 0x0b, 0x63, 0xb9, 0xde, 0x58, 0xce,
  0x58, 0xd6, 0x78, 0xd6, 0x78, 0xd6, 0x58, 0xd6, 0x79, 0xd6, 0xba, 0xde, 0xb9, 0xd6, 0xfa, 0xde,
  0xba, 0xde, 0x1b, 0xe7, 0x14, 0xcd, 0x25, 0xa1, 0x66, 0xa9, 0x87, 0xb9, 0x86, 0xc1, 0x86, 0xc1,
  0x87, 0xb9, 0xc3, 0x58, 0xe3, 0x28, 0x60, 0x08, 0xc6, 0x31, 0xf2, 0x9c, 0xf3, 0x9c, 0x8e, 0xd5,
  0x66, 0x83, 0x00, 0x10, 0x0c, 0x73, 0x30, 0x94, 0x25, 0x71, 0xe7, 0x79, 0x74, 0xad, 0xd6, 0xbd,
  0xd6, 0xbd, 0xf6, 0xbd, 0x17, 0xbe, 0x58, 0xce, 0xba, 0xd6, 0xda, 0xde, 0xdb, 0xde, 0xfb, 0xde,
  0xba, 0xd6, 0x99, 0xd6, 0x59, 0xce, 0x17, 0xc6, 0x54, 0xa5, 0x30, 0x84, 0x0d, 0x5b, 0x0a, 0x32,
  0x48, 0x09, 0x49, 0x09, 0x69, 0x09, 0x69, 0x09, 0x69, 0x09, 0x69, 0x09, 0x69, 0x09, 0x69, 0x09,
  0x48, 0x09, 0x48, 0x09, 0x48, 0x09, 0x49, 0x09, 0x6a, 0x09, 0x8b, 0x01, 0xac, 0x01, 0xcd, 0x01,
  0xed, 0x01, 0xed, 0x01, 0xed, 0x01, 0x0d, 0x12, 0xcf, 0x52, 0xb1, 0x7b, 0x52, 0x94, 0xb3, 0x9c,
  0x91, 0x94, 0x2f, 0x84, 0xef, 0x7b, 0xef, 0x7b, 0xef, 0x7b, 0xef, 0x7b, 0xee, 0x7b, 0xef, 0x7b,
  0x8d, 0x73, 0xd2, 0x9c, 0xda, 0xde, 0x5b, 0xe7, 0xfa, 0xde, 0x85, 0x31, 0x60, 0x08, 0x23, 0x21,
  0xa5, 0x31, 0xea, 0x5a, 0x48, 0x4a, 0xc2, 0x18, 0x03, 0x21, 0xc2, 0x18, 0xa1, 0x10, 0x40, 0x08,
  0x00, 0x00, 0x40, 0x08, 0xe3, 0x18, 0x24, 0x21, 0xc2, 0x18, 0x74, 0xad, 0x74, 0xad, 0xee, 0x7b,
  0x50, 0x8c, 0x70, 0x8c, 0x50, 0x8c, 0x71, 0x8c, 0x50, 0x94, 0xd6, 0xbd, 0x57, 0xce, 0xf6, 0xbd,
  0xcf, 0xdd, 0x88, 0xed, 0xa9, 0xed, 0xa8, 0xed, 0xa8, 0xed, 0xc9, 0xed, 0xc9, 0xf5, 0xa6, 0xd4,
  0x84, 0xb3, 0x92, 0xcd, 0x18, 0xde, 0x46, 0x99, 0xa3, 0x90, 0xc4, 0x88, 0xa3, 0x80, 0xc3, 0x80,
  0xa3, 0x88, 0x87, 0x91, 0x78, 0xde, 0x16, 0xce, 0x94, 0xc5, 0x58, 0xd6, 0xef, 0xe5, 0x68, 0xed,
  0x69, 0xe5, 0x6a, 0xed, 0x6a, 0xed, 0x49, 0xe5, 0x6a, 0xed, 0xab, 0xf5, 0x27, 0xdd, 0xa8, 0xc4,
  0xd5, 0xc5, 0xb9, 0xd6, 0x58, 0xce, 0x37, 0xc6, 0x16, 0xbe, 0xb5, 0xb5, 0x99, 0xd6, 0x99, 0xd6,
  0x17, 0xc6, 0xb5, 0xb5, 0x57, 0xce, 0x4f, 0x8c, 0x24, 0x29, 0xeb, 0x62, 0x79, 0xd6, 0x38, 0xce,
  0x58, 0xd6, 0x98, 0xd6, 0x98, 0xd6, 0x99, 0xde, 0xba, 0xde, 0xda, 0xde, 0xb9, 0xde, 0xda, 0xde,
  0xba, 0xde, 0xfb, 0xe6, 0x92, 0xb4, 0x81, 0x48, 0xc2, 0x50, 0xe3, 0x68, 0xa7, 0xb9, 0xc8, 0xd1,
  0x86, 0xa9, 0xc3, 0x40, 0x81, 0x10, 0x07, 0x3a, 0xf7, 0xc5, 0x95, 0xcd, 0xa9, 0x7a, 0x6b, 0xd5,
  0x6e, 0xc5, 0xc7, 0x39, 0x81, 0x18, 0x24, 0x39, 0x03, 0x59, 0x28, 0x8a, 0x33, 0xb5, 0xb5, 0xb5,
  0x95, 0xb5, 0x95, 0xb5, 0xb5, 0xb5, 0xd6, 0xb5, 0x17, 0xc6, 0x59, 0xce, 0x99, 0xd6, 0x9a, 0xd6,
  0x99, 0xd6, 0x79, 0xce, 0x59, 0xce, 0x17, 0xbe, 0x75, 0xad, 0x51, 0x8c, 0xed, 0x52, 0x0a, 0x32,
  0x48, 0x09, 0x49, 0x09, 0x69, 0x09, 0x69, 0x09, 0x69, 0x09, 0x49, 0x09, 0x49, 0x09, 0x49, 0x09,
  0x28, 0x09, 0x48, 0x09, 0x48, 0x09, 0x49, 0x09, 0x6a, 0x01, 0xab, 0x01, 0xcc, 0x01, 0xed, 0x01,
  0xed, 0x01, 0xed, 0x01, 0xed, 0x01, 0x0d, 0x12, 0xef, 0x52, 0xd2, 0x83, 0x72, 0x9c, 0xd3, 0xa4,
  0x91, 0x94, 0x50, 0x84, 0x0f, 0x84, 0x0f, 0x84, 0x0f, 0x84, 0x0f, 0x84, 0x0f, 0x84, 0xae, 0x73,
  0xeb, 0x62, 0x6c, 0x73, 0x8d, 0x73, 0x30, 0x8c, 0x2f, 0x84, 0xa1, 0x10, 0x64, 0x29, 0x89, 0x52,
  0xa2, 0x10, 0x00, 0x00, 0x24, 0x21, 0x44, 0x29, 0xe2, 0x18, 0x82, 0x10, 0x61, 0x08, 0x00, 0x00,
  0x00, 0x00, 0xa1, 0x10, 0x44, 0x29, 0xe7, 0x39, 0x03, 0x21, 0x6c, 0x6b, 0xb2, 0x94, 0x91, 0x94,
  0xd2, 0x9c, 0xd2, 0x9c, 0xd2, 0x9c, 0xd2, 0x9c, 0x71, 0x94, 0x54, 0xad, 0x37, 0xc6, 0xd6, 0xc5,
  0xce, 0xdd, 0x88, 0xe5, 0x89, 0xe5, 0x88, 0xe5, 0x88, 0xe5, 0x88, 0xe5, 0xa9, 0xed, 0xa6, 0xcc,
  0xc5, 0xbb, 0x56, 0xde, 0xf3, 0xcc, 0x05, 0xa1, 0xc4, 0xa0, 0xe4, 0xa0, 0xe4, 0xa0, 0x04, 0xa9,
  0x83, 0x98, 0x2d, 0xbb, 0xb9, 0xe6, 0xd5, 0xcd, 0xb5, 0xc5, 0x37, 0xd6, 0xef, 0xdd, 0xa8, 0xed,
  0xc9, 0xed, 0xc9, 0xe5, 0xc9, 0xed, 0xc9, 0xed, 0xc9, 0xed, 0xc9, 0xed, 0x27, 0xdd, 0xa8, 0xc4,
  0x16, 0xce, 0xba, 0xde, 0x79, 0xd6, 0x37, 0xc6, 0x17, 0xc6, 0x75, 0xad, 0x78, 0xd6, 0x58, 0xce,
  0x95, 0xb5, 0x34, 0xad, 0x17, 0xc6, 0x90, 0x94, 0x24, 0x29, 0xaa, 0x5a, 0x78, 0xd6, 0x79, 0xd6,
  0x99, 0xd6, 0xb9, 0xde, 0xda, 0xde, 0xfa, 0xe6, 0xda, 0xe6, 0x78, 0xd6, 0x58, 0xce, 0xda, 0xe6,
  0xb9, 0xde, 0xba, 0xde, 0x91, 0xac, 0xa2, 0x40, 0x03, 0x49, 0xe2, 0x40, 0x44, 0x79, 0x45, 0x99,
  0x85, 0x91, 0xa2, 0x28, 0x24, 0x19, 0x54, 0xad, 0xad, 0x8b, 0xe3, 0x68, 0xe2, 0x80, 0xc7, 0xd4,
  0x0c, 0xc5, 0x55, 0xad, 0xe3, 0x20, 0xc2, 0x28, 0x61, 0x38, 0xe8, 0x89, 0x75, 0xbd, 0x95, 0xb5,
  0x95, 0xb5, 0x95, 0xb5, 0x95, 0xb5, 0x95, 0xb5, 0x75, 0xad, 0x34, 0xa5, 0x13, 0xa5, 0x13, 0xa5,
  0xb6, 0xb5, 0x17, 0xc6, 0xf7, 0xbd, 0xb6, 0xb5, 0x95, 0xad, 0x71, 0x8c, 0xec, 0x52, 0xea, 0x29,
  0x48, 0x09, 0x49, 0x09, 0x49, 0x09, 0x49, 0x09, 0x49, 0x09, 0x69, 0x09, 0x69, 0x09, 0x69, 0x09,
  0x48, 0x09, 0x48, 0x09, 0x49, 0x09, 0x6a, 0x09, 0x8b, 0x01, 0xcc, 0x01, 0xcc, 0x01, 0xed, 0x01,
  0xed, 0x01, 0xed, 0x01, 0xed, 0x01, 0x2d, 0x1a, 0x10, 0x5b, 0xf2, 0x83, 0x93, 0x9c, 0xd3, 0xa4,
  0xb2, 0x94, 0x50, 0x8c, 0x30, 0x84, 0x50, 0x84, 0x30, 0x84, 0x30, 0x84, 0x30, 0x84, 0xad, 0x73,
  0xce, 0x7b, 0x50, 0x8c, 0x50, 0x8c, 0x4c, 0x6b, 0xc6, 0x39, 0x03, 0x21, 0x68, 0x52, 0xe7, 0x39,
  0x40, 0x08, 0x20, 0x08, 0x24, 0x21, 0x44, 0x29, 0xc2, 0x18, 0x61, 0x08, 0x00, 0x00, 0x00, 0x00,
  0x00, 0x00, 0xc2, 0x18, 0x64, 0x29, 0x07, 0x42, 0xe2, 0x18, 0xa9, 0x52, 0x13, 0xa5, 0x13, 0xa5,
  0x75, 0xad, 0x75, 0xb5, 0x75, 0xb5, 0x75, 0xb5, 0x54, 0xad, 0x33, 0xa5, 0x17, 0xc6, 0x37, 0xce,
  0xae, 0xd5, 0x88, 0xe5, 0xa8, 0xe5, 0xa8, 0xe5, 0xa8, 0xe5, 0xa8, 0xe5, 0xa9, 0xed, 0x85, 0xcc,
  0x4f, 0xd5, 0xfa, 0xe6, 0xd2, 0xc4, 0x4d, 0xc3, 0x6d, 0xc3, 0x4d, 0xc3, 0x2c, 0xbb, 0x0c, 0xbb,
  0x4d, 0xbb, 0x37, 0xe6, 0x57, 0xd6, 0xf5, 0xcd, 0xd5, 0xc5, 0x38, 0xd6, 0xef, 0xdd, 0xa8, 0xed,
  0xa9, 0xed, 0xc9, 0xed, 0xc9, 0xed, 0xc9, 0xed, 0xa9, 0xed, 0xc9, 0xed, 0x27, 0xdd, 0xa8, 0xc4,
  0xf5, 0xc5, 0x79, 0xd6, 0x99, 0xd6, 0x37, 0xc6, 0x17, 0xc6, 0x95, 0xb5, 0xb6, 0xbd, 0xf6, 0xbd,
  0x95, 0xb5, 0x95, 0xb5, 0xb5, 0xb5, 0xd1, 0x9c, 0x65, 0x31, 0x89, 0x52, 0x78, 0xd6, 0xda, 0xde,
  0xfa, 0xe6, 0xda, 0xe6, 0x78, 0xd6, 0xf6, 0xc5, 0x54, 0xad, 0x50, 0x94, 0x95, 0xbd, 0xfb, 0xe6,
  0x79, 0xd6, 0xba, 0xde, 0x71, 0xac, 0x82, 0x40, 0xe3, 0x48, 0xe3, 0x48, 0xc2, 0x40, 0xe2, 0x58,
  0x44, 0x61, 0x60, 0x08, 0x8e, 0x73, 0x14, 0xcd, 0x04, 0x59, 0x61, 0x60, 0x05, 0xb2, 0xca, 0xfd,
  0xc7, 0xb3, 0x34, 0xb5, 0xab, 0x5a, 0x82, 0x20, 0xe3, 0x50, 0x8a, 0x92, 0xd5, 0xb5, 0x95, 0xb5,
  0x95, 0xb5, 0x95, 0xb5, 0x95, 0xb5, 0x95, 0xb5, 0x54, 0xad, 0xf3, 0x9c, 0xb2, 0x94, 0x71, 0x8c,
  0xf3, 0x9c, 0xb6, 0xb5, 0xb6, 0xb5, 0x95, 0xb5, 0x75, 0xad, 0x51, 0x8c, 0xcc, 0x52, 0xea, 0x29,
  0x48, 0x09, 0x49, 0x09, 0x49, 0x09, 0x49, 0x09, 0x49, 0x09, 0x69, 0x09, 0x69, 0x09, 0x69, 0x09,
  0x49, 0x09, 0x69, 0x09, 0x6a, 0x09, 0x8b, 0x09, 0xab, 0x01, 0xcc, 0x01, 0xed, 0x01, 0x0d, 0x02,
  0xed, 0x01, 0xed, 0x01, 0xed, 0x01, 0x2d, 0x1a, 0x10, 0x5b, 0x12, 0x84, 0xb3, 0x9c, 0xf3, 0xa4,
  0xd2, 0x9c, 0x71, 0x8c, 0x50, 0x8c, 0x50, 0x8c, 0x50, 0x8c, 0x50, 0x8c, 0x4c, 0x6b, 0x2c, 0x6b,
  0xee, 0x7b, 0x50, 0x8c, 0xce, 0x7b, 0xca, 0x5a, 0x27, 0x42, 0x44, 0x29, 0xc6, 0x39, 0xe3, 0x18,
  0x20, 0x00, 0x00, 0x00, 0xe3, 0x18, 0x65, 0x29, 0xc2, 0x18, 0x00, 0x00, 0x00, 0x00, 0x00, 0x00,
  0x20, 0x00, 0x40, 0x08, 0x44, 0x29, 0x68, 0x4a, 0xc6, 0x39, 0x89, 0x4a, 0x54, 0xad, 0x54, 0xad,
  0xb5, 0xb5, 0xb6, 0xb5, 0xb6, 0xb5, 0xb6, 0xb5, 0xb5, 0xb5, 0x34, 0xad, 0xb5, 0xb5, 0x37, 0xce,
  0x8d, 0xd5, 0xa8, 0xed, 0x88, 0xed, 0xa8, 0xe5, 0xa8, 0xe5, 0xa9, 0xe5, 0xa9, 0xed, 0x85, 0xcc,
  0xf4, 0xdd, 0xdb, 0xde, 0xfa, 0xe6, 0x1b, 0xe7, 0xfa, 0xe6, 0xfa, 0xe6, 0xfa, 0xe6, 0xfa, 0xe6,
  0x1a, 0xe7, 0x98, 0xd6, 0x16, 0xce, 0x36, 0xce, 0xd5, 0xc5, 0x58, 0xd6, 0x0f, 0xde, 0xa7, 0xed,
  0xc9, 0xe5, 0xc9, 0xed, 0xc9, 0xed, 0xc9, 0xed, 0xa9, 0xed, 0xca, 0xed, 0x08, 0xdd, 0xa8, 0xc4,
  0xf5, 0xc5, 0x58, 0xce, 0x99, 0xd6, 0x38, 0xce, 0xf7, 0xc5, 0xd6, 0xbd, 0x50, 0x8c, 0x75, 0xad,
  0xd6, 0xbd, 0x95, 0xb5, 0x16, 0xc6, 0x12, 0xa5, 0x24, 0x21, 0x48, 0x4a, 0xda, 0xde, 0x79, 0xd6,
  0x95, 0xbd, 0x91, 0x94, 0x8d, 0x73, 0x69, 0x52, 0x47, 0x4a, 0xe6, 0x41, 0xf3, 0xa4, 0xfb, 0xe6,
  0x58, 0xce, 0xba, 0xde, 0x0f, 0x9c, 0x82, 0x40, 0xe3, 0x48, 0xe3, 0x48, 0xc3, 0x40, 0x24, 0x69,
  0x82, 0x48, 0x44, 0x21, 0x13, 0xb5, 0x29, 0x9a, 0x03, 0x59, 0x81, 0x58, 0xc5, 0xba, 0x2a, 0xfe,
  0x46, 0xc3, 0x4a, 0x8a, 0xd3, 0x9c, 0x82, 0x18, 0xc3, 0x50, 0x4d, 0x9b, 0xb5, 0xb5, 0x54, 0xad,
  0x74, 0xad, 0x75, 0xad, 0x95, 0xb5, 0x95, 0xb5, 0x54, 0xad, 0xf3, 0x9c, 0x91, 0x94, 0x91, 0x8c,
  0xf3, 0x9c, 0x95, 0xad, 0xb6, 0xb5, 0xb6, 0xb5, 0x34, 0xa5, 0x0f, 0x7c, 0xcc, 0x52, 0xca, 0x29,
  0x48, 0x09, 0x49, 0x09, 0x49, 0x09, 0x49, 0x09, 0x49, 0x09, 0x69, 0x09, 0x69, 0x09, 0x69, 0x09,
  0x6a, 0x09, 0x8a, 0x09, 0x8b, 0x09, 0xab, 0x09, 0xcc, 0x01, 0xed, 0x01, 0xed, 0x01, 0x0d, 0x02,
  0x0d, 0x02, 0x0d, 0x02, 0xed, 0x01, 0x2d, 0x1a, 0x10, 0x5b, 0x12, 0x8c, 0xb3, 0xa4, 0x14, 0xa5,
  0xd2, 0x9c, 0x91, 0x94, 0x71, 0x8c, 0x70, 0x8c, 0x51, 0x8c, 0xc9, 0x6a, 0xa8, 0x93, 0x89, 0xb4,
  0x49, 0x9c, 0x8a, 0x7b, 0xaa, 0x5a, 0x07, 0x42, 0x85, 0x29, 0x44, 0x29, 0x03, 0x21, 0x61, 0x08,
  0x00, 0x00, 0x00, 0x00, 0xc2, 0x18, 0x65, 0x29, 0x61, 0x08, 0x00, 0x00, 0x00, 0x00, 0x82, 0x10,
  0xe3, 0x18, 0xc2, 0x10, 0xe7, 0x39, 0x0b, 0x63, 0x24, 0x21, 0xc6, 0x39, 0x54, 0xad, 0x75, 0xad,
  0xd6, 0xbd, 0xd6, 0xbd, 0xf6, 0xbd, 0xf7, 0xbd, 0xd6, 0xbd, 0x74, 0xad, 0xd6, 0xbd, 0x17, 0xce,
  0x91, 0xcd, 0x8b, 0xe5, 0x89, 0xed, 0xa8, 0xe5, 0xa8, 0xe5, 0xa8, 0xed, 0x67, 0xe5, 0xa6, 0xcc,
  0xd4, 0xd5, 0x58, 0xd6, 0x58, 0xce, 0x78, 0xce, 0x57, 0xce, 0x57, 0xce, 0x57, 0xce, 0x58, 0xce,
  0xb9, 0xde, 0x98, 0xd6, 0x37, 0xd6, 0x16, 0xce, 0xd5, 0xc5, 0x78, 0xd6, 0x11, 0xde, 0xa8, 0xed,
  0xc9, 0xed, 0xc9, 0xed, 0xc9, 0xed, 0xc9, 0xed, 0xc9, 0xed, 0xca, 0xed, 0x28, 0xdd, 0xa9, 0xc4,
  0x56, 0xce, 0x9a, 0xd6, 0x99, 0xd6, 0x58, 0xce, 0x17, 0xc6, 0xf7, 0xc5, 0x54, 0xad, 0x0f, 0x84,
  0x54, 0xad, 0xb5, 0xbd, 0x17, 0xce, 0x53, 0xad, 0xe2, 0x18, 0xa5, 0x31, 0xce, 0x7b, 0x30, 0x8c,
  0x91, 0x94, 0x50, 0x8c, 0xa9, 0x5a, 0x8d, 0x73, 0xce, 0x7b, 0x6c, 0x6b, 0x74, 0xb5, 0xba, 0xde,
  0x58, 0xce, 0xba, 0xde, 0xcf, 0x93, 0x82, 0x40, 0x03, 0x49, 0xc3, 0x40, 0xc3, 0x50, 0x86, 0x81,
  0xc2, 0x38, 0x68, 0x42, 0xb1, 0xac, 0xa1, 0x38, 0x60, 0x30, 0xc2, 0x70, 0xc7, 0xd3, 0x4a, 0xfe,
  0x46, 0xb3, 0x65, 0x61, 0x71, 0x94, 0x24, 0x21, 0x82, 0x28, 0xef, 0x93, 0x95, 0xbd, 0x34, 0xad,
  0x54, 0xad, 0x75, 0xad, 0x75, 0xad, 0x75, 0xad, 0x34, 0xa5, 0xf3, 0x9c, 0x91, 0x94, 0xb1, 0x94,
  0x13, 0x9d, 0x54, 0xad, 0x75, 0xad, 0x54, 0xad, 0xd2, 0x9c, 0xcf, 0x7b, 0xcc, 0x52, 0xca, 0x29,
  0x48, 0x09, 0x49, 0x09, 0x49, 0x09, 0x49, 0x09, 0x49, 0x09, 0x69, 0x09, 0x69, 0x09, 0x89, 0x09,
  0xab, 0x01, 0xac, 0x01, 0xcc, 0x01, 0xcc, 0x01, 0xed, 0x01, 0xed, 0x01, 0x0d, 0x02, 0x0e, 0x02,
  0x0e, 0x02, 0xed, 0x01, 0xec, 0x01, 0x2d, 0x1a, 0x0f, 0x5b, 0x12, 0x8c, 0xb3, 0xa4, 0x14, 0xa5,
  0xf3, 0x9c, 0xb1, 0x94, 0x91, 0x94, 0xd2, 0x94, 0x6d, 0x6b, 0x46, 0x93, 0x0a, 0xfe, 0xc9, 0xed,
  0xa9, 0xed, 0x49, 0xdd, 0x87, 0x8b, 0x44, 0x31, 0x45, 0x29, 0x03, 0x21, 0x24, 0x21, 0xe3, 0x18,
  0x61, 0x10, 0x20, 0x08, 0x04, 0x21, 0x24, 0x21, 0x00, 0x00, 0x20, 0x00, 0x82, 0x10, 0x24, 0x21,
  0xe3, 0x18, 0x82, 0x10, 0x89, 0x52, 0x89, 0x4a, 0x81, 0x08, 0x27, 0x42, 0x34, 0xa5, 0x75, 0xad,
  0xd6, 0xbd, 0xf6, 0xbd, 0xf6, 0xbd, 0xf7, 0xbd, 0xd6, 0xbd, 0x95, 0xb5, 0x17, 0xc6, 0xf6, 0xc5,
  0x98, 0xd6, 0x13, 0xd6, 0x4d, 0xcd, 0x6c, 0xd5, 0x6a, 0xd5, 0x6a, 0xdd, 0x2a, 0xdd, 0xc9, 0xcc,
  0x15, 0xd6, 0xba, 0xde, 0x58, 0xce, 0x98, 0xd6, 0x78, 0xce, 0x78, 0xd6, 0x78, 0xce, 0x78, 0xd6,
  0xda, 0xde, 0x99, 0xd6, 0x57, 0xce, 0x36, 0xce, 0xf5, 0xc5, 0x37, 0xce, 0xd4, 0xcd, 0xac, 0xdd,
  0x89, 0xed, 0xa8, 0xe5, 0xa8, 0xe5, 0xa8, 0xe5, 0xa8, 0xe5, 0x89, 0xe5, 0xe8, 0xd4, 0xec, 0xc4,
  0xf6, 0xc5, 0x78, 0xd6, 0x99, 0xd6, 0x78, 0xce, 0x17, 0xc6, 0xf6, 0xbd, 0xf6, 0xbd, 0x33, 0xad,
  0x70, 0x94, 0xf6, 0xc5, 0x16, 0xce, 0xea, 0x62, 0xc6, 0x39, 0x07, 0x42, 0xa5, 0x31, 0xe6, 0x39,
  0xaa, 0x5a, 0xaa, 0x5a, 0x65, 0x31, 0x78, 0xce, 0x5c, 0xef, 0x3b, 0xef, 0xba, 0xde, 0x79, 0xd6,
  0x58, 0xd6, 0xda, 0xde, 0xce, 0x93, 0x61, 0x40, 0xe3, 0x50, 0xc2, 0x40, 0x04, 0x61, 0x04, 0x69,
  0xa2, 0x28, 0x50, 0x8c, 0xc5, 0x49, 0x61, 0x30, 0xc3, 0x60, 0x28, 0xa2, 0x47, 0xcc, 0x4a, 0xfe,
  0x87, 0xa3, 0x40, 0x28, 0x13, 0xad, 0xe7, 0x41, 0xa3, 0x28, 0xb1, 0x9c, 0x54, 0xa5, 0x33, 0xa5,
  0x34, 0xa5, 0x54, 0xad, 0x75, 0xad, 0x75, 0xad, 0x13, 0xa5, 0xd2, 0x9c, 0x91, 0x8c, 0xd2, 0x94,
  0x34, 0xa5, 0x74, 0xad, 0x75, 0xad, 0x54, 0xad, 0xd2, 0x94, 0xaf, 0x73, 0xcc, 0x52, 0xca, 0x29,
  0x48, 0x09, 0x48, 0x09, 0x49, 0x09, 0x69, 0x09, 0x6a, 0x09, 0x6a, 0x09, 0x8a, 0x09, 0xaa, 0x01,
  0xed, 0x01, 0xed, 0x01, 0x0d, 0x02, 0x0d, 0x02, 0x0e, 0x02, 0x0e, 0x02, 0x0e, 0x02, 0x0e, 0x02,
  0xee, 0x01, 0xed, 0x01, 0xec, 0x01, 0x2c, 0x22, 0x0f, 0x63, 0x12, 0x8c, 0xb4, 0xa4, 0x34, 0xa5,
  0xf3, 0x9c, 0xd2, 0x94, 0x91, 0x94, 0xf3, 0x9c, 0x0a, 0x5b, 0x08, 0xac, 0xc9, 0xed, 0x68, 0xe5,
  0x68, 0xe5, 0x27, 0xdd, 0xa9, 0xed, 0x67, 0x93, 0xe3, 0x18, 0x24, 0x21, 0x85, 0x31, 0x65, 0x29,
  0x03, 0x21, 0xa2, 0x10, 0x45, 0x29, 0x03, 0x21, 0x40, 0x08, 0xc3, 0x18, 0x04, 0x21, 0x65, 0x29,
  0x61, 0x08, 0x20, 0x00, 0x48, 0x4a, 0x45, 0x29, 0xc2, 0x18, 0x2b, 0x63, 0x33, 0xa5, 0x33, 0xa5,
  0x75, 0xad, 0x95, 0xb5, 0x95, 0xb5, 0x95, 0xb5, 0x95, 0xb5, 0x95, 0xb5, 0x37, 0xce, 0xe6, 0x41,
  0x89, 0x52, 0x12, 0xa5, 0x94, 0xc5, 0x73, 0xc5, 0x52, 0xbd, 0x52, 0xbd, 0x52, 0xc5, 0x32, 0xbd,
  0x37, 0xce, 0xda, 0xe6, 0x99, 0xd6, 0x78, 0xd6, 0x78, 0xce, 0x78, 0xd6, 0x78, 0xd6, 0x78, 0xd6,
  0xb9, 0xd6, 0x99, 0xd6, 0x57, 0xce, 0x37, 0xce, 0x36, 0xce, 0x57, 0xce, 0xd5, 0xbd, 0xd4, 0xcd,
  0x6e, 0xcd, 0x6d, 0xcd, 0x6d, 0xcd, 0x6d, 0xcd, 0x8d, 0xd5, 0x8e, 0xcd, 0x4f, 0xc5, 0x15, 0xce,
  0xb9, 0xde, 0xb9, 0xde, 0x79, 0xd6, 0x78, 0xce, 0xf7, 0xc5, 0xd6, 0xbd, 0x95, 0xb5, 0x95, 0xb5,
  0x95, 0xb5, 0x78, 0xd6, 0x32, 0xad, 0xa1, 0x18, 0x85, 0x31, 0x27, 0x42, 0x28, 0x4a, 0x07, 0x3a,
  0xa5, 0x31, 0x85, 0x29, 0xe6, 0x39, 0x57, 0xce, 0xb9, 0xde, 0x99, 0xde, 0x79, 0xd6, 0x79, 0xd6,
  0x58, 0xd6, 0xda, 0xde, 0x4c, 0x83, 0x61, 0x50, 0x66, 0x81, 0xa2, 0x40, 0x24, 0x61, 0xc3, 0x58,
  0x03, 0x21, 0x33, 0xad, 0xa6, 0x59, 0x62, 0x60, 0xef, 0xbb, 0xb2, 0xd5, 0x28, 0xd5, 0x2a, 0xf6,
  0x87, 0xa3, 0x41, 0x30, 0x0f, 0x94, 0x49, 0x4a, 0x46, 0x49, 0x13, 0xb5, 0x12, 0x9d, 0xf3, 0xa4,
  0x33, 0xa5, 0x54, 0xa5, 0x74, 0xad, 0x54, 0xad, 0x13, 0xa5, 0xb2, 0x94, 0x71, 0x8c, 0xf3, 0x9c,
  0x75, 0xad, 0x95, 0xb5, 0xb5, 0xb5, 0x95, 0xad, 0xf3, 0x9c, 0xaf, 0x73, 0xcc, 0x4a, 0xca, 0x29,
  0x48, 0x09, 0x49, 0x09, 0x69, 0x09, 0x8a, 0x09, 0xaa, 0x01, 0xab, 0x09, 0xab, 0x09, 0xab, 0x09,
  0xed, 0x01, 0x0d, 0x02, 0x0e, 0x02, 0x0e, 0x02, 0x0e, 0x02, 0x0e, 0x02, 0x0e, 0x02, 0x0e, 0x02,
  0xed, 0x01, 0xed, 0x09, 0xeb, 0x01, 0x0c, 0x22, 0xef, 0x62, 0x12, 0x8c, 0xd4, 0xa4, 0x34, 0xa5,
  0x13, 0xa5, 0xd2, 0x9c, 0xd2, 0x94, 0x13, 0x9d, 0x8d, 0x6b, 0x06, 0x83, 0xea, 0xf5, 0x68, 0xe5,
  0x68, 0xe5, 0x48, 0xe5, 0x47, 0xe5, 0x89, 0xe5, 0x44, 0x52, 0x45, 0x21, 0x07, 0x42, 0x45, 0x29,
  0xe3, 0x18, 0x03, 0x21, 0x86, 0x31, 0xa2, 0x10, 0x82, 0x10, 0x45, 0x29, 0x65, 0x29, 0x04, 0x21,
  0x41, 0x08, 0x20, 0x00, 0x24, 0x21, 0x03, 0x21, 0xa6, 0x31, 0xb1, 0x94, 0x13, 0xa5, 0x13, 0xa5,
  0x54, 0xad, 0x54, 0xad, 0x54, 0xad, 0x54, 0xad, 0x75, 0xb5, 0x54, 0xad, 0xd6, 0xbd, 0x13, 0xa5,
  0x69, 0x4a, 0x81, 0x10, 0xea, 0x62, 0x34, 0xad, 0x95, 0xbd, 0xf6, 0xcd, 0x74, 0xbd, 0x54, 0xb5,
  0x58, 0xd6, 0xda, 0xde, 0x99, 0xd6, 0x58, 0xd6, 0x78, 0xd6, 0x58, 0xd6, 0x79, 0xd6, 0x58, 0xd6,
  0x99, 0xd6, 0xb9, 0xde, 0x57, 0xce, 0x37, 0xce, 0x37, 0xce, 0x98, 0xd6, 0x78, 0xd6, 0x79, 0xd6,
  0xd6, 0xc5, 0x75, 0xbd, 0x95, 0xbd, 0xd6, 0xc5, 0x58, 0xd6, 0x79, 0xde, 0x18, 0xce, 0xd2, 0x9c,
  0xeb, 0x62, 0x07, 0x4a, 0xf6, 0xbd, 0x58, 0xce, 0xd6, 0xbd, 0xd5, 0xbd, 0xd5, 0xbd, 0xf6, 0xbd,
  0x16, 0xc6, 0xcd, 0x7b, 0x47, 0x4a, 0xe2, 0x18, 0xa1, 0x10, 0x48, 0x4a, 0x48, 0x4a, 0x64, 0x29,
  0x44, 0x21, 0x24, 0x21, 0xa5, 0x31, 0x78, 0xce, 0xb9, 0xde, 0x99, 0xde, 0x99, 0xd6, 0x79, 0xd6,
  0x58, 0xd6, 0xda, 0xde, 0x2c, 0x9b, 0x25, 0xa1, 0x86, 0xa1, 0x82, 0x40, 0x24, 0x61, 0xc3, 0x58,
  0x07, 0x4a, 0x8e, 0x8b, 0x82, 0x40, 0x44, 0x71, 0x13, 0xb5, 0x07, 0x73, 0x89, 0xe5, 0x0a, 0xf6,
  0xe8, 0xbb, 0x00, 0x30, 0xce, 0x83, 0x2c, 0x63, 0xc7, 0x59, 0x54, 0xbd, 0xd2, 0x9c, 0xd2, 0x9c,
  0x33, 0xa5, 0x54, 0xad, 0x75, 0xad, 0x34, 0xa5, 0xf3, 0x9c, 0xb1, 0x94, 0x50, 0x8c, 0xd2, 0x9c,
  0x75, 0xad, 0x95, 0xb5, 0x95, 0xb5, 0x75, 0xad, 0x13, 0xa5, 0xcf, 0x7b, 0xcc, 0x4a, 0xea, 0x29,
  0x69, 0x09, 0x8a, 0x09, 0x8a, 0x01, 0x8b, 0x01, 0xab, 0x01, 0xcb, 0x09, 0xcb, 0x09, 0xab, 0x09,
  0xed, 0x01, 0x0e, 0x02, 0x0e, 0x02, 0x0e, 0x02, 0x0e, 0x02, 0x0e, 0x02, 0x0e, 0x02, 0x0d, 0x02,
  0xed, 0x09, 0xed, 0x09, 0xcb, 0x09, 0xeb, 0x29, 0xee, 0x62, 0x12, 0x94, 0xd4, 0xa4, 0x54, 0xad,
  0x34, 0xa5, 0x13, 0x9d, 0xf2, 0x9c, 0xf2, 0x9c, 0xf3, 0x9c, 0x27, 0x5a, 0x87, 0xc4, 0xc8, 0xf5,
  0x47, 0xdd, 0x48, 0xe5, 0x47, 0xdd, 0x88, 0xed, 0xc7, 0xa3, 0xc6, 0x39, 0xe6, 0x39, 0x03, 0x21,
  0x03, 0x21, 0x44, 0x29, 0x86, 0x31, 0xa2, 0x10, 0x04, 0x21, 0x85, 0x31, 0x85, 0x31, 0x24, 0x21,
  0x24, 0x21, 0xa6, 0x31, 0xe3, 0x18, 0x65, 0x29, 0xce, 0x73, 0x13, 0xa5, 0xf3, 0xa4, 0x33, 0xa5,
  0x54, 0xad, 0x54, 0xad, 0x54, 0xad, 0x54, 0xad, 0x74, 0xad, 0x74, 0xad, 0x54, 0xad, 0x37, 0xce,
  0xfb, 0xe6, 0x95, 0xb5, 0xb2, 0x9c, 0x8a, 0x5a, 0x03, 0x21, 0xad, 0x7b, 0xb5, 0xbd, 0x37, 0xd6,
  0x58, 0xd6, 0x99, 0xd6, 0x58, 0xd6, 0x78, 0xd6, 0x58, 0xd6, 0x78, 0xd6, 0x99, 0xde, 0x99, 0xd6,
  0x99, 0xd6, 0xb9, 0xd6, 0x57, 0xce, 0x37, 0xce, 0x37, 0xce, 0x98, 0xd6, 0x37, 0xce, 0x16, 0xce,
  0x37, 0xce, 0x37, 0xd6, 0x37, 0xce, 0x54, 0xb5, 0xb1, 0x9c, 0x14, 0xad, 0x45, 0x31, 0x44, 0x29,
  0x69, 0x52, 0x50, 0x8c, 0x37, 0xce, 0x38, 0xce, 0x38, 0xce, 0x57, 0xce, 0x57, 0xce, 0xfa, 0xe6,
  0x8c, 0x7b, 0xe2, 0x18, 0x27, 0x42, 0x07, 0x42, 0xc2, 0x18, 0x44, 0x29, 0xe3, 0x20, 0x81, 0x10,
  0xa2, 0x10, 0x81, 0x10, 0x65, 0x29, 0x99, 0xd6, 0xb9, 0xde, 0x99, 0xde, 0x78, 0xd6, 0x78, 0xd6,
  0x79, 0xd6, 0xda, 0xde, 0x4f, 0xc3, 0x26, 0xc9, 0xa6, 0xb9, 0xa3, 0x60, 0xa2, 0x48, 0xa3, 0x60,
  0x4d, 0x7b, 0x6d, 0x83, 0x00, 0x20, 0xa9, 0x82, 0x88, 0x62, 0x43, 0x72, 0xea, 0xf5, 0x0a, 0xee,
  0xc7, 0xb3, 0xa3, 0x68, 0x8e, 0x93, 0xaa, 0x52, 0x8a, 0x5a, 0xb5, 0xb5, 0xf2, 0x9c, 0xf3, 0x9c,
  0x34, 0xa5, 0x75, 0xad, 0x75, 0xad, 0x54, 0xa5, 0xf3, 0x9c, 0x91, 0x94, 0x30, 0x84, 0x71, 0x8c,
  0xf3, 0x9c, 0x13, 0xa5, 0x13, 0xa5, 0x34, 0xa5, 0xf3, 0x9c, 0xf0, 0x7b, 0xed, 0x52, 0x0c, 0x22,
  0x8b, 0x01, 0xab, 0x01, 0xab, 0x01, 0xab, 0x01, 0xcc, 0x01, 0xcb, 0x01, 0xab, 0x09, 0xab, 0x09,
  0xed, 0x01, 0xee, 0x01, 0x0e, 0x02, 0x0e, 0x02, 0x0e, 0x02, 0x0e, 0x02, 0x0e, 0x02, 0x0d, 0x0a,
  0xed, 0x09, 0xcc, 0x09, 0xab, 0x11, 0xeb, 0x29, 0x0e, 0x63, 0x32, 0x94, 0xf4, 0xac, 0x75, 0xad,
  0x54, 0xad, 0x33, 0xa5, 0x13, 0xa5, 0x13, 0xa5, 0x33, 0xa5, 0x71, 0x94, 0x05, 0x52, 0x67, 0xbc,
  0xc9, 0xf5, 0x88, 0xed, 0x67, 0xe5, 0xc9, 0xf5, 0xc8, 0xa3, 0xc6, 0x39, 0x24, 0x21, 0x03, 0x21,
  0x04, 0x21, 0x86, 0x31, 0x45, 0x29, 0xe3, 0x18, 0x65, 0x29, 0xe7, 0x39, 0xa5, 0x31, 0x44, 0x29,
  0x44, 0x29, 0x30, 0x84, 0x07, 0x42, 0xae, 0x73, 0x33, 0xa5, 0xf3, 0x9c, 0x33, 0xa5, 0x34, 0xad,
  0x54, 0xad, 0x74, 0xad, 0x75, 0xad, 0x75, 0xb5, 0x75, 0xb5, 0x75, 0xb5, 0x75, 0xb5, 0x54, 0xad,
  0x54, 0xad, 0x37, 0xce, 0xda, 0xde, 0x38, 0xce, 0xef, 0x83, 0x86, 0x31, 0x04, 0x21, 0xce, 0x7b,
  0x37, 0xce, 0x78, 0xd6, 0x58, 0xd6, 0x78, 0xd6, 0x78, 0xd6, 0x78, 0xd6, 0x99, 0xde, 0x99, 0xde,
  0x99, 0xd6, 0xb9, 0xde, 0x57, 0xce, 0x37, 0xc6, 0x37, 0xc6, 0x99, 0xd6, 0x78, 0xd6, 0x17, 0xce,
  0x13, 0xad, 0x6c, 0x73, 0x07, 0x42, 0xe3, 0x20, 0x49, 0x4a, 0x95, 0xb5, 0xd3, 0x9c, 0x79, 0xd6,
  0xfa, 0xe6, 0x99, 0xd6, 0xd6, 0xbd, 0xb5, 0xb5, 0x58, 0xce, 0xb9, 0xde, 0xda, 0xde, 0xd5, 0xbd,
  0xa5, 0x39, 0x45, 0x29, 0xe7, 0x39, 0x65, 0x29, 0xe3, 0x20, 0xe3, 0x18, 0x82, 0x10, 0xa2, 0x10,
  0xa2, 0x10, 0x00, 0x00, 0x85, 0x31, 0xda, 0xde, 0xb9, 0xde, 0x99, 0xde, 0x78, 0xd6, 0x58, 0xd6,
  0x58, 0xd6, 0xba, 0xde, 0xab, 0x8a, 0x05, 0x91, 0xa8, 0xb9, 0x86, 0xa9, 0x66, 0xa1, 0xe4, 0x78,
  0xad, 0x8b, 0x07, 0x8a, 0x00, 0x48, 0x2f, 0xb4, 0x23, 0x41, 0xa6, 0xbb, 0xea, 0xf5, 0x0a, 0xee,
  0x29, 0xc4, 0xa3, 0x80, 0x4d, 0xab, 0xeb, 0x62, 0x6d, 0x6b, 0xd6, 0xbd, 0x34, 0xa5, 0x54, 0xad,
  0x74, 0xad, 0x75, 0xad, 0x75, 0xad, 0x34, 0xa5, 0xf3, 0x9c, 0x91, 0x94, 0xef, 0x7b, 0xae, 0x7b,
  0xef, 0x7b, 0x30, 0x84, 0x91, 0x94, 0xb2, 0x94, 0x91, 0x94, 0xf0, 0x7b, 0xef, 0x52, 0x0c, 0x22,
  0xab, 0x01, 0xcc, 0x01, 0xcc, 0x01, 0xcc, 0x01, 0xcc, 0x01, 0xab, 0x01, 0xaa, 0x09, 0x8a, 0x09,
  0xed, 0x01, 0xed, 0x01, 0x0e, 0x02, 0x2e, 0x02, 0x2e, 0x02, 0x2e, 0x02, 0x0e, 0x02, 0x0d, 0x0a,
  0xed, 0x09, 0xcc, 0x11, 0x8a, 0x11, 0xeb, 0x29, 0x0f, 0x6b, 0x52, 0x94, 0x14, 0xad, 0x95, 0xad,
  0x75, 0xad, 0x54, 0xad, 0x33, 0xa5, 0x34, 0xa5, 0x13, 0xa5, 0x54, 0xad, 0xb2, 0x94, 0x27, 0x52,
  0xe6, 0x7a, 0x48, 0xb4, 0xc9, 0xcc, 0xc7, 0xa3, 0xe4, 0x51, 0x45, 0x29, 0x04, 0x19, 0x24, 0x21,
  0x44, 0x29, 0x65, 0x31, 0xa2, 0x10, 0x03, 0x19, 0x44, 0x29, 0x24, 0x21, 0x03, 0x21, 0x81, 0x10,
  0x04, 0x21, 0xf3, 0x9c, 0x95, 0xad, 0x54, 0xad, 0x34, 0xa5, 0x34, 0xad, 0x54, 0xad, 0x54, 0xad,
  0x74, 0xad, 0x95, 0xb5, 0x95, 0xb5, 0x95, 0xb5, 0x95, 0xb5, 0x95, 0xb5, 0xb5, 0xb5, 0xb5, 0xb5,
  0xb6, 0xbd, 0xb5, 0xb5, 0xb6, 0xbd, 0x58, 0xd6, 0xda, 0xe6, 0xba, 0xde, 0xb2, 0x9c, 0xca, 0x62,
  0xd6, 0xc5, 0x79, 0xd6, 0x58, 0xd6, 0x78, 0xd6, 0x58, 0xd6, 0x78, 0xd6, 0x99, 0xde, 0x58, 0xd6,
  0x99, 0xd6, 0xb9, 0xde, 0x58, 0xce, 0x17, 0xc6, 0x78, 0xce, 0x74, 0xad, 0x6c, 0x6b, 0xef, 0x83,
  0xe3, 0x20, 0xe7, 0x41, 0xae, 0x7b, 0x75, 0xb5, 0x99, 0xde, 0x99, 0xde, 0xda, 0xde, 0xf7, 0xc5,
  0x13, 0xa5, 0x91, 0x94, 0xf2, 0x9c, 0x74, 0xad, 0x37, 0xce, 0x1a, 0xef, 0x70, 0x94, 0x84, 0x31,
  0x03, 0x19, 0x45, 0x29, 0xe4, 0x18, 0x82, 0x10, 0x82, 0x10, 0xc3, 0x18, 0xa2, 0x10, 0x82, 0x10,
  0x41, 0x08, 0x00, 0x00, 0x07, 0x42, 0xfa, 0xde, 0xb9, 0xde, 0xb9, 0xde, 0x78, 0xd6, 0x58, 0xd6,
  0x58, 0xd6, 0xba, 0xde, 0x89, 0x72, 0x61, 0x40, 0xe3, 0x50, 0xc3, 0x68, 0x87, 0xc1, 0x25, 0x89,
  0xec, 0xab, 0x69, 0xdc, 0x87, 0xc3, 0x6a, 0xbc, 0x45, 0x9b, 0x09, 0xe5, 0xc9, 0xe5, 0x09, 0xee,
  0x08, 0xc4, 0x82, 0x78, 0x71, 0xc4, 0xeb, 0x5a, 0x50, 0x8c, 0xd6, 0xbd, 0x74, 0xad, 0x95, 0xad,
  0x95, 0xb5, 0x75, 0xad, 0x74, 0xad, 0x34, 0xa5, 0xf3, 0x9c, 0x71, 0x8c, 0xae, 0x7b, 0x2c, 0x63,
  0x0b, 0x63, 0x2c, 0x63, 0xef, 0x7b, 0x71, 0x8c, 0x50, 0x8c, 0xd0, 0x7b, 0x0f, 0x5b, 0x2d, 0x2a,
  0xcc, 0x01, 0xec, 0x01, 0xec, 0x01, 0xcc, 0x01, 0xab, 0x01, 0x8b, 0x09, 0x8a, 0x09, 0x6a, 0x09,
  0xcc, 0x09, 0xed, 0x09, 0x0d, 0x0a, 0x0e, 0x02, 0x2e, 0x02, 0x2e, 0x02, 0x0e, 0x0a, 0xed, 0x09,
  0xcc, 0x09, 0xab, 0x11, 0x8a, 0x11, 0xea, 0x29, 0x2f, 0x6b, 0x53, 0x9c, 0x55, 0xad, 0x95, 0xb5,
  0x75, 0xad, 0x54, 0xad, 0x54, 0xad, 0x54, 0xad, 0x34, 0xa5, 0x54, 0xad, 0x54, 0xad, 0xae, 0x73,
  0x04, 0x21, 0x81, 0x10, 0xe2, 0x20, 0xc2, 0x18, 0x04, 0x21, 0x04, 0x19, 0x04, 0x21, 0x45, 0x29,
  0xc7, 0x39, 0x82, 0x10, 0x20, 0x00, 0x41, 0x08, 0x61, 0x08, 0x81, 0x10, 0x24, 0x21, 0x64, 0x29,
  0x44, 0x29, 0x50, 0x8c, 0xb6, 0xb5, 0x54, 0xad, 0x54, 0xad, 0x54, 0xad, 0x54, 0xad, 0x54, 0xad,
  0x75, 0xad, 0x95, 0xb5, 0x95, 0xb5, 0xb5, 0xb5, 0xb6, 0xbd, 0xd6, 0xbd, 0xd6, 0xbd, 0xf6, 0xbd,
  0x17, 0xc6, 0x17, 0xc6, 0x17, 0xc6, 0x38, 0xce, 0x17, 0xce, 0x38, 0xce, 0xba, 0xe6, 0xba, 0xde,
  0x78, 0xd6, 0x78, 0xd6, 0x78, 0xd6, 0x58, 0xce, 0x58, 0xce, 0x78, 0xd6, 0x78, 0xd6, 0x58, 0xd6,
  0x99, 0xd6, 0xb9, 0xde, 0x58, 0xce, 0x17, 0xc6, 0x99, 0xd6, 0x6c, 0x6b, 0x48, 0x4a, 0x74, 0xb5,
  0x95, 0xb5, 0xba, 0xde, 0xfa, 0xe6, 0xb9, 0xde, 0x38, 0xce, 0x37, 0xce, 0x37, 0xce, 0xb6, 0xbd,
  0x33, 0xad, 0x13, 0xa5, 0x34, 0xad, 0x74, 0xad, 0x58, 0xce, 0x16, 0xce, 0x44, 0x31, 0x64, 0x31,
  0xa5, 0x31, 0xe3, 0x18, 0xa3, 0x10, 0x62, 0x08, 0x82, 0x10, 0xc3, 0x18, 0x82, 0x10, 0x62, 0x08,
  0x00, 0x00, 0x00, 0x00, 0x4c, 0x6b, 0x1a, 0xdf, 0xb9, 0xde, 0xb9, 0xde, 0x78, 0xd6, 0x78, 0xd6,
  0x58, 0xd6, 0xba, 0xde, 0x49, 0x6a, 0x81, 0x38, 0xe3, 0x40, 0xc2, 0x50, 0x46, 0xb1, 0xa6, 0x99,
  0x8c, 0xa3, 0x67, 0xbb, 0xca, 0xed, 0xe9, 0xf5, 0xea, 0xf5, 0xea, 0xf5, 0xe9, 0xed, 0x2a, 0xf6,
  0x49, 0xcc, 0x62, 0x80, 0xab, 0x9a, 0xea, 0x5a, 0x54, 0xa5, 0xf6, 0xbd, 0x95, 0xb5, 0x95, 0xb5,
  0xb5, 0xb5, 0x95, 0xb5, 0x75, 0xad, 0x54, 0xad, 0x13, 0xa5, 0xb2, 0x94, 0x0f, 0x84, 0x8d, 0x73,
  0x2c, 0x63, 0xaa, 0x5a, 0x6c, 0x6b, 0x30, 0x84, 0x70, 0x8c, 0x10, 0x7c, 0x2f, 0x5b, 0x2d, 0x2a,
  0xcc, 0x01, 0xec, 0x01, 0xec, 0x01, 0xec, 0x01, 0xab, 0x01, 0x8a, 0x09, 0x6a, 0x09, 0x69, 0x11,
  0xab, 0x09, 0xcc, 0x09, 0xed, 0x09, 0x0d, 0x0a, 0x2e, 0x0a, 0x2e, 0x0a, 0x0d, 0x0a, 0xec, 0x09,
  0xcc, 0x09, 0xab, 0x11, 0x89, 0x11, 0xeb, 0x29, 0x4f, 0x73, 0x73, 0x9c, 0x55, 0xb5, 0xb6, 0xb5,
  0x95, 0xb5, 0x74, 0xad, 0x74, 0xad, 0x74, 0xad, 0x74, 0xad, 0x54, 0xad, 0x0b, 0x63, 0x07, 0x42,
  0xe3, 0x20, 0x20, 0x00, 0x41, 0x08, 0xe3, 0x20, 0xe3, 0x18, 0xe4, 0x18, 0x04, 0x21, 0xe7, 0x39,
  0x65, 0x29, 0x41, 0x08, 0x24, 0x21, 0x65, 0x29, 0xa6, 0x31, 0x85, 0x31, 0x65, 0x29, 0x85, 0x31,
  0x03, 0x21, 0x50, 0x84, 0xb6, 0xb5, 0x75, 0xad, 0x75, 0xad, 0x75, 0xad, 0x74, 0xad, 0x74, 0xad,
  0x95, 0xb5, 0x95, 0xb5, 0xb6, 0xbd, 0xd6, 0xbd, 0xf7, 0xbd, 0x17, 0xc6, 0x37, 0xc6, 0x38, 0xce,
  0x58, 0xce, 0x58, 0xce, 0x38, 0xce, 0x58, 0xd6, 0x58, 0xd6, 0x58, 0xd6, 0x18, 0xce, 0x17, 0xce,
  0x78, 0xd6, 0x78, 0xd6, 0x78, 0xd6, 0x58, 0xd6, 0x58, 0xce, 0x58, 0xce, 0x58, 0xce, 0x78, 0xd6,
  0xb9, 0xde, 0xb9, 0xd6, 0x58, 0xce, 0x37, 0xce, 0x58, 0xce, 0x99, 0xd6, 0xfb, 0xe6, 0xda, 0xde,
  0xba, 0xde, 0x58, 0xce, 0x17, 0xc6, 0x17, 0xc6, 0x38, 0xce, 0x78, 0xd6, 0x99, 0xd6, 0x58, 0xce,
  0xb6, 0xbd, 0x54, 0xad, 0x74, 0xad, 0x74, 0xad, 0x58, 0xce, 0xee, 0x83, 0xe2, 0x20, 0x64, 0x31,
  0xc6, 0x39, 0x86, 0x31, 0x24, 0x21, 0x04, 0x21, 0x04, 0x21, 0x82, 0x10, 0x61, 0x08, 0x00, 0x00,
  0x61, 0x08, 0xad, 0x73, 0xb9, 0xd6, 0xb9, 0xde, 0xb9, 0xde, 0xb9, 0xde, 0x58, 0xd6, 0x78, 0xd6,
  0x79, 0xd6, 0x99, 0xde, 0x28, 0x6a, 0xa2, 0x48, 0xc2, 0x58, 0x86, 0xa9, 0xa7, 0xc1, 0x07, 0x92,
  0x6e, 0x9b, 0x00, 0x40, 0x89, 0x9b, 0x4a, 0xdd, 0xa9, 0xed, 0x88, 0xe5, 0xa9, 0xed, 0x0a, 0xf6,
  0x49, 0xcc, 0x62, 0x70, 0xf0, 0xab, 0x2c, 0x63, 0xb5, 0xb5, 0xd6, 0xb5, 0xb6, 0xb5, 0xb5, 0xb5,
  0xb5, 0xb5, 0x95, 0xb5, 0x95, 0xad, 0x54, 0xad, 0x34, 0xad, 0xf3, 0x9c, 0xb2, 0x94, 0x50, 0x8c,
  0xef, 0x7b, 0x8d, 0x73, 0xef, 0x7b, 0x71, 0x8c, 0xb1, 0x94, 0x31, 0x84, 0x2f, 0x5b, 0x4d, 0x22,
  0xec, 0x01, 0x0d, 0x02, 0xec, 0x01, 0xeb, 0x01, 0xaa, 0x09, 0x89, 0x09, 0x69, 0x09, 0x69, 0x11,
  0x8a, 0x09, 0xab, 0x09, 0xcc, 0x09, 0xed, 0x09, 0x0d, 0x0a, 0x0d, 0x0a, 0xed, 0x09, 0xec, 0x11,
  0xcb, 0x11, 0xab, 0x11, 0x89, 0x11, 0x0b, 0x32, 0x70, 0x73, 0xb4, 0x9c, 0x75, 0xad, 0xd6, 0xb5,
  0xb6, 0xb5, 0x95, 0xad, 0x75, 0xad, 0x75, 0xad, 0x95, 0xb5, 0x0b, 0x5b, 0x61, 0x08, 0x00, 0x08,
  0x41, 0x08, 0x41, 0x08, 0xc3, 0x18, 0x03, 0x21, 0xe3, 0x18, 0xe4, 0x18, 0xc7, 0x39, 0x28, 0x42,
  0xe3, 0x18, 0xc2, 0x18, 0x65, 0x29, 0xa6, 0x31, 0xc6, 0x39, 0xa6, 0x31, 0x24, 0x21, 0xa2, 0x10,
  0x82, 0x10, 0x51, 0x8c, 0xd6, 0xbd, 0x75, 0xad, 0x75, 0xad, 0x75, 0xad, 0x75, 0xad, 0xb6, 0xb5,
  0xd6, 0xbd, 0xf6, 0xbd, 0x17, 0xc6, 0x38, 0xc6, 0x38, 0xc6, 0x58, 0xce, 0x79, 0xce, 0x78, 0xce,
  0x99, 0xd6, 0x99, 0xd6, 0x38, 0xce, 0x78, 0xd6, 0x78, 0xd6, 0x58, 0xd6, 0x58, 0xd6, 0x58, 0xd6,
  0x58, 0xd6, 0x58, 0xce, 0x58, 0xce, 0x58, 0xce, 0x79, 0xd6, 0x78, 0xce, 0x78, 0xd6, 0xba, 0xde,
  0xda, 0xde, 0x99, 0xd6, 0x78, 0xce, 0x37, 0xce, 0x37, 0xce, 0x78, 0xd6, 0x37, 0xce, 0x17, 0xc6,
  0x17, 0xc6, 0x37, 0xce, 0x58, 0xce, 0x78, 0xd6, 0x99, 0xd6, 0x99, 0xd6, 0x99, 0xd6, 0x79, 0xce,
  0xf7, 0xbd, 0x95, 0xb5, 0x75, 0xad, 0x54, 0xad, 0x58, 0xce, 0xee, 0x83, 0xe3, 0x20, 0x65, 0x29,
  0x24, 0x21, 0x03, 0x21, 0xe3, 0x18, 0xc3, 0x18, 0xa2, 0x10, 0x81, 0x10, 0x20, 0x00, 0xca, 0x5a,
  0xf7, 0xbd, 0xfa, 0xde, 0xb9, 0xd6, 0xb9, 0xde, 0xd9, 0xde, 0xb9, 0xde, 0x78, 0xd6, 0x58, 0xd6,
  0x79, 0xd6, 0x99, 0xde, 0x28, 0x72, 0xa2, 0x40, 0xe3, 0x60, 0xc7, 0xc1, 0xc3, 0x78, 0xc6, 0x59,
  0x69, 0x72, 0xe8, 0x71, 0x0b, 0x6b, 0xe1, 0x40, 0xa8, 0xd4, 0x88, 0xe5, 0x68, 0xe5, 0x67, 0xe5,
  0x0d, 0xf6, 0x8d, 0xcc, 0x8c, 0x93, 0x4c, 0x6b, 0x16, 0xbe, 0xd6, 0xb5, 0xd6, 0xbd, 0xd6, 0xb5,
  0xb6, 0xb5, 0x95, 0xb5, 0x95, 0xb5, 0x75, 0xad, 0x54, 0xad, 0x34, 0xad, 0x13, 0xa5, 0xd2, 0x9c,
  0x91, 0x94, 0x71, 0x94, 0x91, 0x94, 0xb2, 0x9c, 0xd2, 0x9c, 0x31, 0x84, 0x2f, 0x5b, 0x4d, 0x22,
  0xed, 0x01, 0xed, 0x01, 0xec, 0x01, 0xcb, 0x01, 0x8a, 0x09, 0x69, 0x09, 0x69, 0x09, 0x69, 0x11,
  0x8a, 0x11, 0xab, 0x11, 0xcb, 0x11, 0xcc, 0x11, 0xec, 0x11, 0xec, 0x11, 0xec, 0x11, 0xcc, 0x11,
  0xab, 0x11, 0xab, 0x19, 0x89, 0x11, 0x2b, 0x32, 0x90, 0x7b, 0xd4, 0xa4, 0x95, 0xb5, 0xb6, 0xb5,
  0xb5, 0xb5, 0x95, 0xad, 0x75, 0xad, 0x75, 0xad, 0x75, 0xad, 0x28, 0x4a, 0x85, 0x31, 0xa2, 0x10,
  0x00, 0x00, 0x00, 0x00, 0x61, 0x10, 0xe3, 0x20, 0xc3, 0x18, 0x86, 0x31, 0x89, 0x52, 0x85, 0x31,
  0xe2, 0x18, 0x81, 0x10, 0xa2, 0x10, 0xc2, 0x18, 0xe3, 0x18, 0xc2, 0x18, 0xe3, 0x18, 0x24, 0x21,
  0xe3, 0x18, 0x0f, 0x84, 0xd6, 0xbd, 0x74, 0xad, 0x75, 0xad, 0x95, 0xb5, 0xb6, 0xb5, 0xf7, 0xbd,
  0x38, 0xc6, 0x58, 0xce, 0x78, 0xce, 0x79, 0xce, 0x99, 0xd6, 0x99, 0xd6, 0xb9, 0xd6, 0xb9, 0xd6,
  0x99, 0xd6, 0xf7, 0xc5, 0x38, 0xce, 0x79, 0xd6, 0x78, 0xd6, 0x78, 0xd6, 0x58, 0xd6, 0x58, 0xd6,
  0x58, 0xd6, 0x58, 0xce, 0x99, 0xd6, 0x99, 0xd6, 0x99, 0xd6, 0xba, 0xde, 0xda, 0xde, 0xba, 0xde,
  0xda, 0xde, 0xb9, 0xd6, 0x99, 0xd6, 0x78, 0xce, 0xb9, 0xd6, 0xb9, 0xd6, 0x99, 0xd6, 0x99, 0xd6,
  0x99, 0xd6, 0x78, 0xd6, 0x79, 0xd6, 0x79, 0xd6, 0x99, 0xd6, 0x99, 0xd6, 0x99, 0xd6, 0x79, 0xd6,
  0x17, 0xc6, 0xb6, 0xb5, 0x95, 0xb5, 0x34, 0xa5, 0xb6, 0xbd, 0x2c, 0x6b, 0xe3, 0x20, 0x45, 0x29,
  0x03, 0x21, 0xe3, 0x20, 0xc3, 0x18, 0xc3, 0x18, 0x81, 0x10, 0xe2, 0x18, 0xd2, 0x9c, 0x1a, 0xe7,
  0xda, 0xde, 0x99, 0xd6, 0xb9, 0xd6, 0xb9, 0xde, 0xd9, 0xde, 0xb9, 0xd6, 0x58, 0xd6, 0x58, 0xd6,
  0x58, 0xd6, 0x79, 0xd6, 0xc6, 0x59, 0x81, 0x38, 0xe3, 0x60, 0xa7, 0xb1, 0x61, 0x48, 0x85, 0x49,
  0x89, 0x6a, 0xaa, 0x72, 0xc1, 0x30, 0x61, 0x50, 0xa4, 0x92, 0x88, 0xe5, 0x48, 0xe5, 0xa9, 0xed,
  0x09, 0xd5, 0x2d, 0xd5, 0xcf, 0xbc, 0x50, 0x94, 0x37, 0xc6, 0xd6, 0xbd, 0xd6, 0xbd, 0xd6, 0xbd,
  0xd6, 0xb5, 0xb6, 0xb5, 0xb6, 0xb5, 0x95, 0xb5, 0x95, 0xad, 0x75, 0xad, 0x75, 0xad, 0x34, 0xa5,
  0xf3, 0xa4, 0xd2, 0x9c, 0xd2, 0x9c, 0xd2, 0x9c, 0xd2, 0x9c, 0x31, 0x84, 0x2f, 0x5b, 0x4d, 0x22,
  0xec, 0x01, 0xcc, 0x01, 0xcc, 0x01, 0xab, 0x09, 0x8a, 0x09, 0x6a, 0x09, 0x69, 0x09, 0x69, 0x11,
  0x8a, 0x11, 0x8a, 0x11, 0xab, 0x11, 0xab, 0x11, 0xcb, 0x11, 0xcb, 0x11, 0xcb, 0x11, 0xcb, 0x19,
  0xab, 0x19, 0xaa, 0x19, 0x89, 0x11, 0x2b, 0x32, 0xd1, 0x7b, 0xf4, 0xa4, 0x95, 0xb5, 0xb6, 0xb5,
  0xb5, 0xb5, 0x95, 0xad, 0x75, 0xad, 0x95, 0xb5, 0xf3, 0x9c, 0x2b, 0x6b, 0x6c, 0x73, 0xa5, 0x39,
  0x61, 0x08, 0x41, 0x08, 0x00, 0x00, 0x82, 0x10, 0x45, 0x29, 0xaa, 0x52, 0x69, 0x4a, 0x85, 0x31,
  0xe3, 0x18, 0xa2, 0x10, 0x03, 0x19, 0x23, 0x21, 0x44, 0x21, 0x24, 0x21, 0x03, 0x21, 0x65, 0x29,
  0x24, 0x21, 0x71, 0x8c, 0x95, 0xb5, 0x54, 0xad, 0x54, 0xad, 0x95, 0xb5, 0xf7, 0xbd, 0x58, 0xc6,
  0x99, 0xd6, 0xb9, 0xd6, 0xba, 0xd6, 0xba, 0xd6, 0xda, 0xde, 0xda, 0xde, 0xda, 0xde, 0xfa, 0xde,
  0x58, 0xce, 0xb6, 0xbd, 0xf7, 0xc5, 0xd6, 0xbd, 0xd6, 0xc5, 0x17, 0xce, 0x58, 0xce, 0x58, 0xd6,
  0x58, 0xd6, 0x58, 0xce, 0x78, 0xd6, 0x99, 0xd6, 0xda, 0xde, 0x1b, 0xe7, 0x1b, 0xe7, 0x1b, 0xe7,
  0x1b, 0xe7, 0xfb, 0xe6, 0xfb, 0xde, 0x3c, 0xe7, 0x5c, 0xef, 0x5c, 0xef, 0x5c, 0xef, 0x5c, 0xef,
  0x5c, 0xef, 0x99, 0xd6, 0x79, 0xd6, 0x79, 0xd6, 0x99, 0xd6, 0x99, 0xd6, 0x99, 0xd6, 0x99, 0xd6,
  0x58, 0xce, 0xf7, 0xbd, 0x95, 0xb5, 0xf3, 0x9c, 0xea, 0x5a, 0x44, 0x29, 0x65, 0x31, 0x04, 0x21,
  0xe3, 0x20, 0xe3, 0x18, 0xe3, 0x18, 0xa2, 0x10, 0x61, 0x08, 0x33, 0xa5, 0x5b, 0xef, 0x98, 0xd6,
  0x99, 0xd6, 0xb9, 0xde, 0xda, 0xde, 0xd9, 0xde, 0xd9, 0xde, 0xb9, 0xd6, 0x78, 0xd6, 0x99, 0xd6,
  0x99, 0xd6, 0x58, 0xce, 0xa6, 0x51, 0x61, 0x38, 0x24, 0x79, 0xc7, 0xc9, 0x66, 0xa9, 0xa3, 0x58,
  0xca, 0x72, 0xc6, 0x51, 0xa1, 0x60, 0xc1, 0x78, 0x45, 0xa3, 0x89, 0xed, 0x68, 0xe5, 0x8a, 0xdd,
  0x09, 0x93, 0xa2, 0x40, 0x6c, 0x83, 0x74, 0xad, 0x58, 0xce, 0x17, 0xc6, 0xf7, 0xbd, 0xf6, 0xbd,
  0xd6, 0xbd, 0xd6, 0xbd, 0xb6, 0xb5, 0xb6, 0xb5, 0xb6, 0xb5, 0x95, 0xb5, 0x75, 0xad, 0x54, 0xad,
  0x13, 0xa5, 0xd2, 0x9c, 0xb2, 0x9c, 0xd2, 0x9c, 0xb2, 0x9c, 0x31, 0x84, 0x2f, 0x5b, 0x4c, 0x22,
  0xcc, 0x01, 0xcc, 0x01, 0xab, 0x09, 0x8a, 0x09, 0x6a, 0x09, 0x69, 0x09, 0x69, 0x09, 0x69, 0x11,
  0x8a, 0x11, 0xaa, 0x11, 0xab, 0x11, 0xab, 0x11, 0xcb, 0x11, 0xcb, 0x19, 0xcb, 0x19, 0xab, 0x19,
  0x8b, 0x19, 0xaa, 0x19, 0x89, 0x11, 0x4c, 0x32, 0xf1, 0x7b, 0xf5, 0xa4, 0xb6, 0xb5, 0xd6, 0xb5,
  0x95, 0xb5, 0x75, 0xad, 0x75, 0xad, 0x75, 0xad, 0x4c, 0x6b, 0x4c, 0x6b, 0xee, 0x83, 0xaa, 0x5a,
  0xe3, 0x20, 0xc3, 0x18, 0x41, 0x08, 0x81, 0x10, 0x27, 0x42, 0x0b, 0x63, 0xaa, 0x52, 0xa6, 0x31,
  0xe3, 0x18, 0x44, 0x29, 0xa6, 0x31, 0xa5, 0x31, 0xc6, 0x39, 0xa6, 0x31, 0x24, 0x21, 0x24, 0x21,
  0x4d, 0x6b, 0x75, 0xad, 0x34, 0xa5, 0x34, 0xa5, 0x34, 0xa5, 0xb6, 0xb5, 0x37, 0xc6, 0x79, 0xce,
  0xba, 0xd6, 0xda, 0xde, 0xda, 0xde, 0xfb, 0xde, 0xfb, 0xde, 0xfb, 0xde, 0xfb, 0xde, 0xfa, 0xde,
  0x37, 0xc6, 0x99, 0xd6, 0xb9, 0xd6, 0x17, 0xc6, 0xb5, 0xbd, 0x74, 0xb5, 0x75, 0xb5, 0xd6, 0xbd,
  0x38, 0xce, 0x58, 0xce, 0x37, 0xce, 0xb5, 0xb5, 0x99, 0xd6, 0x5c, 0xef, 0x3c, 0xe7, 0x3c, 0xef,
  0x5c, 0xef, 0x5c, 0xef, 0x5c, 0xef, 0x5c, 0xef, 0x5c, 0xe7, 0x5c, 0xe7, 0x3c, 0xe7, 0x3c, 0xe7,
  0x5c, 0xef, 0xba, 0xde, 0x58, 0xce, 0x58, 0xce, 0x38, 0xce, 0x37, 0xce, 0x38, 0xce, 0x58, 0xce,
  0x38, 0xc6, 0x17, 0xc6, 0x34, 0xa5, 0xf2, 0x9c, 0x0b, 0x63, 0x44, 0x29, 0x24, 0x21, 0xe3, 0x18,
  0x03, 0x21, 0xa2, 0x18, 0xa2, 0x10, 0x60, 0x08, 0x50, 0x8c, 0x3b, 0xe7, 0xb9, 0xd6, 0xb9, 0xd6,
  0xb9, 0xd6, 0xba, 0xde, 0xda, 0xde, 0xda, 0xde, 0xd9, 0xde, 0xb9, 0xde, 0xda, 0xde, 0xda, 0xde,
  0xfa, 0xde, 0x58, 0xd6, 0x45, 0x69, 0x04, 0x81, 0xa8, 0xc1, 0x87, 0xd1, 0x87, 0xd1, 0xe4, 0x88,
  0xe7, 0x59, 0x44, 0x51, 0x02, 0x79, 0xc2, 0x68, 0x06, 0xb4, 0xa8, 0xed, 0xc9, 0xf5, 0x68, 0xb4,
  0x28, 0x62, 0x85, 0x59, 0xce, 0x83, 0xf7, 0xc5, 0x78, 0xce, 0x58, 0xce, 0x38, 0xc6, 0x17, 0xc6,
  0xd6, 0xbd, 0xd6, 0xb5, 0xb6, 0xb5, 0xb6, 0xb5, 0xb6, 0xb5, 0x95, 0xb5, 0x75, 0xb5, 0x54, 0xad,
  0x14, 0xa5, 0xd2, 0x9c, 0xb2, 0x9c, 0xd2, 0x9c, 0xd2, 0x9c, 0x31, 0x84, 0x2f, 0x5b, 0x4c, 0x22,
  0xcb, 0x01, 0xcc, 0x01, 0xab, 0x09, 0x8a, 0x09, 0x69, 0x09, 0x69, 0x09, 0x69, 0x11, 0x69, 0x11,
  0xab, 0x11, 0xab, 0x11, 0xaa, 0x11, 0xaa, 0x11, 0xab, 0x11, 0xcb, 0x19, 0xcb, 0x19, 0xcb, 0x19,
  0xab, 0x19, 0xaa, 0x19, 0x8a, 0x11, 0x6c, 0x3a, 0xf1, 0x7b, 0x15, 0xa5, 0xb6, 0xb5, 0xd6, 0xb5,
  0x95, 0xb5, 0x54, 0xad, 0x95, 0xb5, 0x50, 0x8c, 0xea, 0x62, 0x0f, 0x84, 0xce, 0x7b, 0x69, 0x4a,
  0x65, 0x31, 0x04, 0x21, 0xc3, 0x18, 0xe3, 0x18, 0x89, 0x52, 0x2b, 0x63, 0x44, 0x29, 0xc6, 0x39,
  0x44, 0x29, 0xa2, 0x10, 0x44, 0x29, 0x85, 0x31, 0x65, 0x29, 0x65, 0x29, 0x44, 0x21, 0xe3, 0x18,
  0x2c, 0x63, 0x54, 0xad, 0xf3, 0x9c, 0xf3, 0x9c, 0x13, 0xa5, 0xb6, 0xb5, 0x58, 0xc6, 0x99, 0xd6,
  0xfa, 0xde, 0xfb, 0xde, 0xfb, 0xde, 0x1b, 0xe7, 0x1b, 0xe7, 0x1b, 0xe7, 0x1b, 0xe7, 0xba, 0xd6,
  0x79, 0xce, 0xda, 0xde, 0xba, 0xde, 0xfb, 0xe6, 0xda, 0xde, 0x79, 0xd6, 0xf7, 0xc5, 0x95, 0xb5,
  0x95, 0xb5, 0x37, 0xc6, 0xb5, 0xb5, 0xf2, 0x9c, 0x34, 0xad, 0x58, 0xce, 0x3c, 0xe7, 0x3b, 0xe7,
  0x3b, 0xe7, 0x3c, 0xe7, 0x3c, 0xe7, 0x3c, 0xe7, 0x3c, 0xe7, 0x3c, 0xe7, 0x3c, 0xe7, 0x5c, 0xe7,
  0x7c, 0xef, 0x1b, 0xe7, 0x37, 0xc6, 0xf7, 0xc5, 0x17, 0xc6, 0x38, 0xce, 0x79, 0xd6, 0xb9, 0xde,
  0x58, 0xce, 0x38, 0xce, 0x34, 0xa5, 0xd6, 0xbd, 0x50, 0x84, 0x44, 0x29, 0x65, 0x29, 0xe3, 0x18,
  0xa2, 0x18, 0x03, 0x21, 0x03, 0x21, 0xad, 0x7b, 0x7b, 0xef, 0xb8, 0xd6, 0xb9, 0xde, 0x98, 0xd6,
  0x99, 0xd6, 0xb9, 0xd6, 0xda, 0xde, 0xda, 0xde, 0xda, 0xde, 0xb9, 0xde, 0x79, 0xd6, 0xb9, 0xd6,
  0x1b, 0xdf, 0x58, 0xde, 0xc8, 0xc9, 0x87, 0xd1, 0xa7, 0xd1, 0xa7, 0xd1, 0xa7, 0xc9, 0x65, 0xa9,
  0x24, 0x69, 0xc3, 0x60, 0x02, 0x69, 0xe2, 0x68, 0x68, 0xcc, 0xa8, 0xed, 0xea, 0xf5, 0x05, 0x8b,
  0xa6, 0x49, 0x48, 0x6a, 0x8d, 0x7b, 0x79, 0xd6, 0x79, 0xd6, 0x79, 0xce, 0x58, 0xce, 0x17, 0xc6,
  0xd6, 0xbd, 0xb6, 0xb5, 0xb5, 0xb5, 0x95, 0xb5, 0x95, 0xb5, 0x95, 0xb5, 0x75, 0xad, 0x54, 0xad,
  0x13, 0xa5, 0xd2, 0x9c, 0xd2, 0x9c, 0xf2, 0x9c, 0xd2, 0x9c, 0x31, 0x84, 0x2f, 0x5b, 0x2c, 0x22,
  0xaa, 0x01, 0xab, 0x09, 0x8a, 0x09, 0x69, 0x09, 0x69, 0x09, 0x69, 0x11, 0x69, 0x11, 0x69, 0x11,
  0xab, 0x11, 0xcb, 0x19, 0xaa, 0x19, 0xaa, 0x11, 0xaa, 0x19, 0xcb, 0x19, 0xcb, 0x19, 0xcb, 0x19,
  0xaa, 0x19, 0xaa, 0x19, 0x8a, 0x19, 0x6c, 0x3a, 0x12, 0x84, 0x35, 0xad, 0xb6, 0xb5, 0xb6, 0xb5,
  0x95, 0xad, 0x74, 0xad, 0x13, 0xa5, 0x0b, 0x63, 0xad, 0x7b, 0x2f, 0x84, 0xca, 0x5a, 0x85, 0x31,
  0x45, 0x29, 0x04, 0x21, 0x65, 0x29, 0x85, 0x29, 0x0b, 0x5b, 0x27, 0x42, 0x03, 0x19, 0xaa, 0x52,
  0xe2, 0x18, 0x24, 0x21, 0x03, 0x21, 0x65, 0x29, 0x65, 0x29, 0x65, 0x29, 0xc2, 0x18, 0x44, 0x29,
  0x30, 0x84, 0xd2, 0x94, 0x91, 0x94, 0xb2, 0x94, 0xf3, 0x9c, 0xb6, 0xb5, 0x38, 0xc6, 0x99, 0xd6,
  0xda, 0xde, 0xfb, 0xde, 0xfb, 0xde, 0x1b, 0xe7, 0x1b, 0xe7, 0x1b, 0xe7, 0x1b, 0xe7, 0xba, 0xde,
  0xb9, 0xd6, 0xfa, 0xde, 0x17, 0xc6, 0x70, 0x8c, 0x79, 0xd6, 0xda, 0xe6, 0xda, 0xe6, 0x99, 0xd6,
  0x17, 0xc6, 0xd6, 0xbd, 0x54, 0xad, 0xd6, 0xbd, 0xb5, 0xb5, 0x17, 0xc6, 0xfb, 0xe6, 0x3c, 0xe7,
  0x3b, 0xe7, 0x3b, 0xe7, 0x3c, 0xe7, 0x3c, 0xe7, 0x3c, 0xe7, 0x3c, 0xe7, 0x3c, 0xe7, 0x3c, 0xe7,
  0x5c, 0xef, 0x99, 0xd6, 0x37, 0xce, 0x38, 0xce, 0x99, 0xd6, 0x3b, 0xef, 0xfa, 0xe6, 0xfa, 0xe6,
  0x99, 0xd6, 0x58, 0xce, 0x58, 0xce, 0x17, 0xc6, 0x74, 0xad, 0x85, 0x31, 0xa6, 0x31, 0xe3, 0x18,
  0x00, 0x00, 0xb1, 0x9c, 0xfa, 0xe6, 0x78, 0xd6, 0xd5, 0xbd, 0xf9, 0xe6, 0x3a, 0xe7, 0xf9, 0xde,
  0x1b, 0xe7, 0x1b, 0xe7, 0x1b, 0xe7, 0xfa, 0xe6, 0xda, 0xde, 0xb9, 0xd6, 0x58, 0xce, 0x99, 0xd6,
  0x1b, 0xdf, 0x37, 0xde, 0xc8, 0xb9, 0x87, 0xd1, 0xc8, 0xd1, 0xa8, 0xc9, 0x45, 0x99, 0x24, 0x89,
  0x65, 0x99, 0x24, 0x89, 0xa0, 0x50, 0x01, 0x61, 0xe9, 0xdc, 0xa8, 0xe5, 0xaa, 0xf5, 0x04, 0x7a,
  0x28, 0x5a, 0x68, 0x62, 0x6c, 0x73, 0xda, 0xde, 0x99, 0xd6, 0x99, 0xd6, 0x79, 0xce, 0x37, 0xc6,
  0xd6, 0xbd, 0x95, 0xb5, 0x95, 0xb5, 0x95, 0xb5, 0x95, 0xb5, 0x95, 0xb5, 0x75, 0xad, 0x54, 0xad,
  0x13, 0xa5, 0xd2, 0x9c, 0xd2, 0x9c, 0xf3, 0x9c, 0xd2, 0x9c, 0x31, 0x84, 0x2f, 0x5b, 0x0b, 0x22,
  0x8a, 0x09, 0x8a, 0x09, 0x6a, 0x09, 0x69, 0x09, 0x69, 0x11, 0x69, 0x11, 0x89, 0x11, 0x89, 0x11,
  0xaa, 0x11, 0xcb, 0x19, 0xcb, 0x19, 0xcb, 0x19, 0xca, 0x19, 0xab, 0x19, 0xab, 0x19, 0xab, 0x19,
  0xaa, 0x19, 0xaa, 0x19, 0xaa, 0x19, 0x8c, 0x42, 0x32, 0x84, 0x35, 0xad, 0xb5, 0xb5, 0xb6, 0xb5,
  0x74, 0xad, 0x74, 0xad, 0xee, 0x7b, 0x2b, 0x6b, 0x70, 0x8c, 0x4c, 0x6b, 0xc6, 0x39, 0x64, 0x29,
  0x04, 0x21, 0xa6, 0x31, 0x48, 0x4a, 0xe7, 0x39, 0x2b, 0x63, 0xe3, 0x18, 0x24, 0x21, 0x8d, 0x73,
  0xeb, 0x5a, 0x2b, 0x63, 0xeb, 0x5a, 0xc6, 0x39, 0xa6, 0x31, 0xa6, 0x31, 0x65, 0x29, 0x4c, 0x6b,
  0xb1, 0x94, 0x70, 0x8c, 0x91, 0x94, 0xb2, 0x94, 0x14, 0xa5, 0xb6, 0xb5, 0x38, 0xc6, 0x99, 0xd6,
  0xda, 0xd6, 0xda, 0xde, 0xfb, 0xde, 0xfb, 0xde, 0xfb, 0xde, 0xfb, 0xde, 0xfb, 0xde, 0xba, 0xd6,
  0x99, 0xd6, 0xda, 0xde, 0x99, 0xde, 0x8d, 0x73, 0x68, 0x4a, 0x79, 0xd6, 0x99, 0xd6, 0x99, 0xd6,
  0x58, 0xce, 0x38, 0xc6, 0xd6, 0xbd, 0x17, 0xc6, 0x37, 0xc6, 0x58, 0xce, 0xfb, 0xde, 0x1b, 0xe7,
  0x1b, 0xe7, 0x1b, 0xe7, 0x1b, 0xe7, 0x1b, 0xe7, 0x1b, 0xe7, 0x1b, 0xe7, 0x1b, 0xe7, 0x1b, 0xe7,
  0x1b, 0xe7, 0x58, 0xce, 0x58, 0xce, 0x38, 0xd6, 0x17, 0xce, 0x71, 0x94, 0x58, 0xd6, 0x1a, 0xe7,
  0xb9, 0xd6, 0x58, 0xce, 0x58, 0xce, 0x17, 0xc6, 0x58, 0xce, 0xca, 0x5a, 0x44, 0x29, 0xe3, 0x18,
  0x40, 0x08, 0x0f, 0x84, 0x78, 0xd6, 0x8d, 0x7b, 0x20, 0x00, 0x07, 0x42, 0x53, 0xad, 0xb1, 0x94,
  0x71, 0x94, 0x33, 0xa5, 0xb6, 0xbd, 0x37, 0xc6, 0x99, 0xd6, 0xda, 0xde, 0x58, 0xce, 0x79, 0xd6,
  0xba, 0xd6, 0xd6, 0xc5, 0x03, 0x59, 0xe3, 0x68, 0x45, 0x79, 0xe2, 0x60, 0x81, 0x40, 0x60, 0x30,
  0x65, 0x91, 0xa6, 0xb9, 0xe2, 0x78, 0x82, 0x71, 0x69, 0xe5, 0xa8, 0xe5, 0x49, 0xe5, 0x84, 0x69,
  0x69, 0x62, 0x24, 0x39, 0x71, 0x9c, 0xda, 0xde, 0x99, 0xd6, 0xba, 0xd6, 0x79, 0xce, 0x17, 0xc6,
  0x95, 0xb5, 0x34, 0xa5, 0x54, 0xad, 0x75, 0xb5, 0x55, 0xad, 0x54, 0xad, 0x54, 0xad, 0x14, 0xa5,
  0xf3, 0x9c, 0xd2, 0x9c, 0xd2, 0x9c, 0xf3, 0x9c, 0xd2, 0x9c, 0x51, 0x84, 0x2f, 0x5b, 0x0b, 0x2a,
  0x6a, 0x09, 0x8a, 0x09, 0x89, 0x09, 0x69, 0x09, 0x69, 0x11, 0x89, 0x11, 0x89, 0x11, 0x89, 0x11,
  0xaa, 0x11, 0xca, 0x19, 0xcb, 0x19, 0xcb, 0x19, 0xcb, 0x19, 0xab, 0x19, 0xab, 0x19, 0xab, 0x19,
  0xca, 0x19, 0xca, 0x19, 0xaa, 0x19, 0x8d, 0x42, 0x32, 0x84, 0x35, 0xad, 0x95, 0xb5, 0x95, 0xb5,
  0x95, 0xad, 0xd2, 0x94, 0xeb, 0x62, 0x0e, 0x84, 0xee, 0x7b, 0x07, 0x42, 0x44, 0x29, 0x03, 0x21,
  0x45, 0x29, 0xeb, 0x5a, 0x89, 0x52, 0xa9, 0x52, 0x69, 0x52, 0xe3, 0x18, 0x45, 0x29, 0xee, 0x7b,
  0x13, 0x9d, 0xb2, 0x94, 0x91, 0x94, 0x0f, 0x84, 0xef, 0x7b, 0xef, 0x7b, 0x50, 0x84, 0x71, 0x8c,
  0x50, 0x8c, 0x91, 0x94, 0xd2, 0x9c, 0xf3, 0x9c, 0x34, 0xa5, 0xb6, 0xb5, 0x17, 0xc6, 0x79, 0xce,
  0x99, 0xd6, 0xba, 0xd6, 0xda, 0xd6, 0xda, 0xde, 0xda, 0xde, 0xda, 0xde, 0xda, 0xde, 0x99, 0xd6,
  0xb9, 0xd6, 0xda, 0xde, 0x99, 0xde, 0xf2, 0xa4, 0x0b, 0x6b, 0xf7, 0xc5, 0x58, 0xce, 0x78, 0xce,
  0x58, 0xce, 0x58, 0xce, 0x37, 0xc6, 0x58, 0xce, 0x38, 0xc6, 0x38, 0xc6, 0xda, 0xde, 0xda, 0xde,
  0xfa, 0xde, 0xfa, 0xde, 0xfa, 0xde, 0xda, 0xde, 0xda, 0xde, 0xfb, 0xde, 0xfb, 0xde, 0xfb, 0xde,
  0xfa, 0xde, 0x79, 0xce, 0x79, 0xd6, 0xd6, 0xc5, 0xe7, 0x41, 0xce, 0x7b, 0xda, 0xde, 0x99, 0xd6,
  0x99, 0xd6, 0x99, 0xd6, 0x58, 0xce, 0x38, 0xc6, 0x58, 0xce, 0x34, 0xa5, 0x85, 0x29, 0x81, 0x10,
  0x20, 0x00, 0x00, 0x00, 0xa2, 0x18, 0x24, 0x21, 0x00, 0x00, 0x00, 0x00, 0x44, 0x29, 0x23, 0x21,
  0x81, 0x10, 0xc2, 0x18, 0x03, 0x21, 0x64, 0x29, 0x85, 0x31, 0x50, 0x8c, 0xb9, 0xd6, 0x78, 0xce,
  0x9a, 0xd6, 0x95, 0xc5, 0x03, 0x49, 0xa2, 0x40, 0xa1, 0x38, 0xa2, 0x40, 0xc3, 0x50, 0xc2, 0x58,
  0x65, 0x99, 0xe2, 0x60, 0x80, 0x50, 0x64, 0x8a, 0xa9, 0xed, 0xc8, 0xed, 0x27, 0xb4, 0x81, 0x38,
  0x23, 0x31, 0x44, 0x49, 0x75, 0xbd, 0xba, 0xd6, 0x99, 0xd6, 0x99, 0xd6, 0x58, 0xce, 0xd6, 0xbd,
  0x54, 0xad, 0xd2, 0x9c, 0xf3, 0xa4, 0x34, 0xad, 0x34, 0xa5, 0x13, 0xa5, 0xf3, 0x9c, 0xb2, 0x9c,
  0x71, 0x94, 0x50, 0x8c, 0x91, 0x94, 0xf2, 0x9c, 0xf2, 0x9c, 0x31, 0x84, 0x2f, 0x5b, 0x0b, 0x2a,
  0x69, 0x11, 0x89, 0x09, 0x89, 0x09, 0x89, 0x11, 0x69, 0x11, 0x89, 0x11, 0x8a, 0x11, 0x8a, 0x11,
  0xaa, 0x19, 0xca, 0x19, 0xcb, 0x19, 0xcb, 0x19, 0xcb, 0x19, 0xab, 0x19, 0xab, 0x19, 0xab, 0x19,
  0xca, 0x19, 0xca, 0x19, 0xaa, 0x19, 0x8d, 0x42, 0x52, 0x84, 0x35, 0xad, 0x95, 0xb5, 0x95, 0xb5,
  0x95, 0xad, 0x8d, 0x73, 0x6c, 0x73, 0x70, 0x8c, 0x88, 0x52, 0x45, 0x29, 0x24, 0x21, 0x24, 0x29,
  0x2c, 0x6b, 0xf3, 0x9c, 0xea, 0x5a, 0x68, 0x4a, 0x48, 0x4a, 0x82, 0x10, 0xc6, 0x39, 0x0f, 0x84,
  0x2f, 0x84, 0xef, 0x7b, 0xef, 0x7b, 0x2f, 0x84, 0x30, 0x84, 0x50, 0x8c, 0x71, 0x8c, 0x91, 0x94,
  0xb2, 0x94, 0xf3, 0x9c, 0x13, 0xa5, 0x34, 0xa5, 0x54, 0xad, 0x95, 0xb5, 0xf7, 0xbd, 0x17, 0xc6,
  0x58, 0xce, 0x58, 0xce, 0x79, 0xce, 0x99, 0xd6, 0x99, 0xd6, 0xb9, 0xd6, 0x99, 0xd6, 0xb9, 0xd6,
  0xda, 0xde, 0xba, 0xde, 0x58, 0xd6, 0x78, 0xd6, 0x79, 0xd6, 0x58, 0xd6, 0x58, 0xce, 0x78, 0xd6,
  0x58, 0xce, 0x58, 0xce, 0x38, 0xce, 0x78, 0xce, 0xd6, 0xbd, 0x38, 0xc6, 0xba, 0xd6, 0x99, 0xd6,
  0xba, 0xd6, 0xba, 0xd6, 0xba, 0xd6, 0xba, 0xd6, 0xba, 0xd6, 0xba, 0xd6, 0xba, 0xd6, 0xda, 0xd6,
  0xda, 0xd6, 0x58, 0xce, 0x79, 0xd6, 0x54, 0xb5, 0x28, 0x4a, 0xd6, 0xbd, 0xfb, 0xe6, 0x58, 0xce,
  0x99, 0xd6, 0x99, 0xd6, 0x58, 0xce, 0x38, 0xc6, 0x17, 0xc6, 0x78, 0xce, 0xd2, 0x9c, 0xca, 0x5a,
  0x61, 0x08, 0xa2, 0x10, 0xe3, 0x18, 0xe3, 0x18, 0x44, 0x29, 0xa6, 0x39, 0xa6, 0x39, 0x65, 0x31,
  0x24, 0x21, 0x03, 0x21, 0xe3, 0x20, 0xa2, 0x18, 0x40, 0x08, 0x2c, 0x6b, 0x1b, 0xe7, 0x99, 0xd6,
  0xba, 0xd6, 0x54, 0xbd, 0x04, 0x59, 0xc3, 0x50, 0x45, 0x79, 0x46, 0x91, 0x04, 0x89, 0xc7, 0xb1,
  0xc3, 0x68, 0x80, 0x38, 0xa0, 0x40, 0x04, 0x9b, 0xc9, 0xed, 0xe8, 0xf5, 0xe5, 0x8a, 0x82, 0x30,
  0xc2, 0x38, 0xc6, 0x59, 0x17, 0xc6, 0x79, 0xce, 0x79, 0xce, 0x79, 0xce, 0x17, 0xc6, 0x75, 0xad,
  0xf3, 0x9c, 0x71, 0x8c, 0x50, 0x8c, 0xb2, 0x94, 0xb2, 0x94, 0x71, 0x8c, 0x30, 0x84, 0xef, 0x7b,
  0x8d, 0x73, 0x8d, 0x73, 0x0f, 0x84, 0xb2, 0x94, 0xd2, 0x9c, 0x31, 0x84, 0x0e, 0x53, 0xea, 0x21,
  0x69, 0x11, 0x89, 0x11, 0x89, 0x11, 0x89, 0x11, 0x89, 0x11, 0x8a, 0x11, 0x8a, 0x11, 0x8a, 0x11,
  0xcb, 0x19, 0xcb, 0x19, 0xab, 0x19, 0xcb, 0x19, 0xcb, 0x19, 0xcb, 0x19, 0xcb, 0x19, 0xcb, 0x21,
  0xcb, 0x21, 0xcb, 0x21, 0xcb, 0x21, 0xae, 0x42, 0x73, 0x8c, 0x55, 0xad, 0x95, 0xb5, 0xd6, 0xb5,
  0x91, 0x8c, 0x0b, 0x63, 0x50, 0x8c, 0x2b, 0x63, 0x65, 0x29, 0x24, 0x21, 0x44, 0x29, 0xca, 0x5a,
  0x91, 0x94, 0xf3, 0x9c, 0xeb, 0x5a, 0x28, 0x42, 0x28, 0x42, 0x24, 0x21, 0x89, 0x52, 0x2f, 0x84,
  0x2f, 0x84, 0x30, 0x84, 0x50, 0x8c, 0x91, 0x8c, 0x91, 0x94, 0xd2, 0x9c, 0xf3, 0x9c, 0x13, 0xa5,
  0x33, 0xa5, 0x34, 0xa5, 0x54, 0xad, 0x75, 0xb5, 0x95, 0xb5, 0x95, 0xb5, 0xb6, 0xbd, 0xd6, 0xbd,
  0xf7, 0xbd, 0xf7, 0xc5, 0x17, 0xc6, 0x37, 0xc6, 0x38, 0xc6, 0x58, 0xce, 0x78, 0xce, 0xb9, 0xd6,
  0x78, 0xd6, 0x58, 0xce, 0x58, 0xce, 0x58, 0xd6, 0x99, 0xde, 0x78, 0xd6, 0x58, 0xce, 0x79, 0xd6,
  0x78, 0xce, 0x78, 0xce, 0x58, 0xce, 0x58, 0xce, 0xb6, 0xb5, 0x58, 0xce, 0x79, 0xce, 0x79, 0xce,
  0x79, 0xce, 0x79, 0xce, 0x79, 0xce, 0x79, 0xce, 0x79, 0xce, 0x79, 0xce, 0x99, 0xd6, 0x79, 0xce,
  0x99, 0xce, 0x78, 0xce, 0x58, 0xce, 0x99, 0xd6, 0x79, 0xd6, 0x58, 0xce, 0x38, 0xce, 0x37, 0xce,
  0x79, 0xd6, 0xb9, 0xd6, 0x38, 0xc6, 0x38, 0xc6, 0x38, 0xc6, 0x17, 0xbe, 0xf6, 0xbd, 0xba, 0xd6,
  0xeb, 0x5a, 0x81, 0x08, 0x44, 0x29, 0x85, 0x29, 0xa5, 0x31, 0xa6, 0x31, 0xa6, 0x31, 0x65, 0x31,
  0x03, 0x21, 0x24, 0x21, 0x85, 0x31, 0x85, 0x31, 0x81, 0x10, 0x8d, 0x73, 0x1b, 0xe7, 0x79, 0xce,
  0xba, 0xd6, 0x34, 0xb5, 0xa2, 0x40, 0x66, 0x89, 0x09, 0xd2, 0xe8, 0xc9, 0x65, 0x99, 0xc2, 0x60,
  0x60, 0x30, 0xc1, 0x38, 0xc0, 0x48, 0xa6, 0xb3, 0xe8, 0xf5, 0xa9, 0xed, 0xe4, 0x69, 0xa2, 0x38,
  0xa1, 0x38, 0x69, 0x6a, 0x79, 0xce, 0x38, 0xc6, 0x58, 0xce, 0x58, 0xce, 0xb6, 0xbd, 0xf3, 0x9c,
  0x30, 0x84, 0x8d, 0x73, 0x6d, 0x73, 0xce, 0x7b, 0xce, 0x7b, 0x6d, 0x73, 0x0b, 0x63, 0xa9, 0x52,
  0x48, 0x4a, 0x89, 0x52, 0x4c, 0x6b, 0x50, 0x8c, 0xb2, 0x94, 0x30, 0x84, 0x0d, 0x53, 0xea, 0x21,
  0x69, 0x11, 0x89, 0x11, 0x89, 0x11, 0x89, 0x11, 0x89, 0x11, 0x89, 0x11, 0x8a, 0x11, 0x8a, 0x11,
  0xcb, 0x19, 0xcb, 0x19, 0xcb, 0x19, 0xcb, 0x19, 0xcb, 0x21, 0xcb, 0x21, 0xcb, 0x21, 0xcb, 0x21,
  0xeb, 0x21, 0xeb, 0x21, 0xeb, 0x21, 0xce, 0x4a, 0x73, 0x8c, 0x75, 0xad, 0xd6, 0xb5, 0x74, 0xa5,
  0x4f, 0x84, 0xcd, 0x7b, 0x8d, 0x73, 0xc6, 0x39, 0x24, 0x21, 0x24, 0x29, 0x69, 0x4a, 0x30, 0x84,
  0x71, 0x94, 0x91, 0x94, 0x0b, 0x5b, 0xe7, 0x39, 0xca, 0x52, 0x03, 0x21, 0xca, 0x5a, 0xb2, 0x9c,
  0x91, 0x94, 0xd2, 0x9c, 0xf3, 0x9c, 0x13, 0xa5, 0x34, 0xa5, 0x54, 0xad, 0x54, 0xad, 0x74, 0xad,
  0x75, 0xad, 0x95, 0xad, 0x95, 0xb5, 0x95, 0xb5, 0x95, 0xb5, 0x95, 0xb5, 0x95, 0xb5, 0x95, 0xb5,
  0xb6, 0xb5, 0xb6, 0xb5, 0xb6, 0xbd, 0xd6, 0xbd, 0xf6, 0xbd, 0x17, 0xc6, 0x78, 0xce, 0x78, 0xce,
  0x37, 0xce, 0x58, 0xd6, 0x78, 0xd6, 0x99, 0xde, 0x78, 0xd6, 0x38, 0xce, 0x78, 0xd6, 0x78, 0xd6,
  0x79, 0xce, 0x78, 0xce, 0x78, 0xce, 0x58, 0xce, 0x38, 0xc6, 0x58, 0xce, 0x58, 0xc6, 0x58, 0xc6,
  0x38, 0xc6, 0x38, 0xc6, 0x38, 0xc6, 0x38, 0xc6, 0x38, 0xc6, 0x58, 0xc6, 0x58, 0xce, 0x58, 0xc6,
  0x38, 0xc6, 0x99, 0xd6, 0xfa, 0xe6, 0x79, 0xd6, 0x38, 0xce, 0x38, 0xce, 0x38, 0xce, 0x38, 0xce,
  0x79, 0xd6, 0xb9, 0xde, 0x58, 0xc6, 0x38, 0xc6, 0x38, 0xc6, 0x37, 0xc6, 0x58, 0xc6, 0x99, 0xd6,
  0x17, 0xc6, 0x85, 0x31, 0xe2, 0x18, 0x85, 0x31, 0x85, 0x31, 0xa6, 0x31, 0x45, 0x29, 0x65, 0x31,
  0x85, 0x31, 0xc6, 0x31, 0xc7, 0x39, 0x07, 0x3a, 0xe3, 0x18, 0xef, 0x7b, 0xfb, 0xde, 0x38, 0xce,
  0xda, 0xde, 0xf3, 0xb4, 0x81, 0x38, 0x45, 0x89, 0xc8, 0xc9, 0xc3, 0x60, 0xa2, 0x38, 0xc2, 0x40,
  0xc2, 0x50, 0xc1, 0x48, 0xe0, 0x48, 0x47, 0xc4, 0x08, 0xf6, 0xe9, 0xd4, 0x02, 0x49, 0xe3, 0x40,
  0x81, 0x38, 0x6c, 0x83, 0x79, 0xce, 0xf7, 0xbd, 0x17, 0xc6, 0xf7, 0xbd, 0x95, 0xb5, 0xd2, 0x94,
  0xce, 0x7b, 0x4c, 0x6b, 0x4c, 0x6b, 0x4c, 0x6b, 0x0b, 0x63, 0x69, 0x52, 0xe7, 0x39, 0x85, 0x31,
  0x24, 0x21, 0xa6, 0x31, 0xea, 0x5a, 0x0f, 0x84, 0xb2, 0x94, 0x30, 0x84, 0xed, 0x52, 0xca, 0x21,
  0x69, 0x11, 0x89, 0x11, 0x89, 0x11, 0x89, 0x11, 0x89, 0x11, 0x89, 0x11, 0x8a, 0x11, 0x8a, 0x11,
  0xcb, 0x19, 0xcb, 0x21, 0xcb, 0x19, 0xcb, 0x19, 0xcb, 0x21, 0xeb, 0x21, 0xeb, 0x21, 0xeb, 0x21,
  0xeb, 0x21, 0xeb, 0x21, 0xec, 0x21, 0xef, 0x4a, 0x93, 0x8c, 0x75, 0xad, 0x0f, 0x84, 0x0e, 0x7c,
  0x90, 0x94, 0xca, 0x5a, 0x86, 0x31, 0x24, 0x29, 0x24, 0x29, 0x89, 0x52, 0xad, 0x73, 0x71, 0x8c,
  0x30, 0x8c, 0x91, 0x94, 0x08, 0x42, 0x85, 0x31, 0xe6, 0x39, 0xc2, 0x18, 0x70, 0x8c, 0x33, 0xa5,
  0x33, 0xa5, 0x54, 0xad, 0x54, 0xad, 0x75, 0xad, 0x95, 0xb5, 0x95, 0xb5, 0xb5, 0xb5, 0xb5, 0xb5,
  0xb5, 0xb5, 0xb5, 0xb5, 0xb5, 0xb5, 0x95, 0xb5, 0x95, 0xb5, 0x95, 0xb5, 0x95, 0xb5, 0x95, 0xb5,
  0x95, 0xb5, 0x95, 0xb5, 0xb6, 0xb5, 0xb6, 0xb5, 0xd6, 0xbd, 0xf7, 0xc5, 0x99, 0xd6, 0x58, 0xce,
  0x37, 0xce, 0x78, 0xd6, 0x99, 0xde, 0x99, 0xd6, 0x58, 0xd6, 0x58, 0xce, 0x98, 0xd6, 0x78, 0xd6,
  0x79, 0xd6, 0x79, 0xce, 0x37, 0xc6, 0x37, 0xc6, 0x38, 0xce, 0x37, 0xc6, 0x38, 0xc6, 0x38, 0xc6,
  0x37, 0xc6, 0x37, 0xc6, 0x37, 0xc6, 0x37, 0xc6, 0x17, 0xc6, 0x17, 0xc6, 0x37, 0xc6, 0x37, 0xc6,
  0x17, 0xc6, 0x58, 0xce, 0xba, 0xde, 0x38, 0xce, 0x38, 0xce, 0x58, 0xce, 0x58, 0xce, 0x58, 0xce,
  0x79, 0xd6, 0x99, 0xd6, 0x58, 0xce, 0x38, 0xc6, 0x37, 0xc6, 0x78, 0xce, 0x78, 0xce, 0x37, 0xc6,
  0x58, 0xce, 0xf6, 0xbd, 0x48, 0x4a, 0x03, 0x19, 0x85, 0x31, 0xa6, 0x31, 0x03, 0x21, 0xa6, 0x39,
  0x08, 0x42, 0x08, 0x42, 0xe7, 0x39, 0x65, 0x29, 0xe3, 0x18, 0x91, 0x94, 0xda, 0xde, 0x58, 0xce,
  0xda, 0xde, 0xb2, 0xa4, 0x61, 0x38, 0x45, 0x81, 0x86, 0xb1, 0x61, 0x48, 0xa2, 0x38, 0xc2, 0x48,
  0xa7, 0xa9, 0x03, 0x71, 0x00, 0x49, 0xe8, 0xd4, 0x29, 0xf6, 0xe7, 0xab, 0x81, 0x38, 0xe3, 0x40,
  0xa1, 0x30, 0x50, 0x94, 0x38, 0xc6, 0xf6, 0xbd, 0xd6, 0xbd, 0xb6, 0xb5, 0x95, 0xad, 0x13, 0xa5,
  0x70, 0x8c, 0xee, 0x7b, 0xce, 0x7b, 0x8d, 0x73, 0x0b, 0x63, 0x69, 0x52, 0x07, 0x42, 0xa5, 0x31,
  0x44, 0x29, 0xe6, 0x39, 0x2c, 0x63, 0x30, 0x84, 0xb2, 0x94, 0x30, 0x84, 0xed, 0x52, 0xea, 0x21,
  0x69, 0x11, 0x89, 0x11, 0x8a, 0x11, 0x8a, 0x11, 0x8a, 0x11, 0x8a, 0x11, 0x8a, 0x11, 0xaa, 0x11,
  0xcb, 0x19, 0xcb, 0x19, 0xcb, 0x19, 0xcb, 0x21, 0xeb, 0x21, 0xeb, 0x21, 0x0b, 0x22, 0x0c, 0x22,
  0xec, 0x21, 0x0c, 0x22, 0x0c, 0x22, 0x0f, 0x4b, 0xd4, 0x94, 0x0f, 0x84, 0xea, 0x5a, 0x70, 0x8c,
  0x2f, 0x84, 0x27, 0x42, 0x44, 0x29, 0x44, 0x29, 0x48, 0x4a, 0x50, 0x8c, 0x71, 0x94, 0x50, 0x8c,
  0x91, 0x94, 0xb2, 0x9c, 0x45, 0x29, 0xe7, 0x39, 0xe7, 0x39, 0x4c, 0x6b, 0x95, 0xb5, 0x74, 0xad,
  0x95, 0xb5, 0x95, 0xb5, 0xb6, 0xb5, 0xb6, 0xb5, 0xb6, 0xb5, 0xd6, 0xb5, 0xd6, 0xbd, 0xd6, 0xb5,
  0xb6, 0xb5, 0xb6, 0xb5, 0xb6, 0xb5, 0xb6, 0xbd, 0xb6, 0xbd, 0x96, 0xbd, 0x95, 0xb5, 0xb6, 0xb5,
  0xb6, 0xb5, 0xb6, 0xb5, 0xb6, 0xbd, 0xb6, 0xbd, 0xb6, 0xbd, 0x17, 0xc6, 0x99, 0xd6, 0x78, 0xd6,
  0x37, 0xce, 0x57, 0xce, 0x99, 0xd6, 0x78, 0xd6, 0x37, 0xce, 0x78, 0xce, 0x98, 0xd6, 0x78, 0xce,
  0x79, 0xd6, 0x38, 0xce, 0x17, 0xc6, 0x37, 0xc6, 0x37, 0xc6, 0x37, 0xc6, 0x37, 0xc6, 0x37, 0xc6,
  0x17, 0xc6, 0x17, 0xc6, 0x17, 0xc6, 0x17, 0xc6, 0xf7, 0xc5, 0xf7, 0xc5, 0x17, 0xc6, 0x17, 0xc6,
  0x17, 0xc6, 0x38, 0xc6, 0x78, 0xd6, 0x57, 0xce, 0x58, 0xd6, 0x58, 0xd6, 0x98, 0xd6, 0x78, 0xd6,
  0x98, 0xd6, 0xba, 0xde, 0x58, 0xce, 0x38, 0xc6, 0x58, 0xc6, 0x58, 0xce, 0x58, 0xce, 0x58, 0xce,
  0x38, 0xc6, 0x79, 0xd6, 0x17, 0xc6, 0x89, 0x52, 0x65, 0x29, 0xa6, 0x31, 0xc7, 0x39, 0x24, 0x29,
  0xc2, 0x18, 0xe3, 0x18, 0x44, 0x21, 0xa5, 0x31, 0xa5, 0x31, 0xd2, 0x9c, 0xba, 0xde, 0x58, 0xce,
  0xda, 0xde, 0x92, 0xac, 0x61, 0x40, 0x86, 0x99, 0xc7, 0xb9, 0x24, 0x71, 0x04, 0x59, 0x03, 0x59,
  0x86, 0xa9, 0xe3, 0x78, 0x41, 0x59, 0x69, 0xe5, 0x0a, 0xf6, 0xc5, 0x82, 0xa1, 0x30, 0xe3, 0x48,
  0x44, 0x51, 0x33, 0xad, 0x17, 0xc6, 0xf6, 0xbd, 0xf6, 0xbd, 0xd6, 0xbd, 0x95, 0xb5, 0x54, 0xad,
  0x13, 0xa5, 0xd2, 0x9c, 0x71, 0x8c, 0x30, 0x84, 0xef, 0x7b, 0xae, 0x73, 0x4c, 0x6b, 0x0b, 0x63,
  0xca, 0x5a, 0x0b, 0x63, 0x0f, 0x84, 0xb2, 0x94, 0xd2, 0x94, 0x51, 0x84, 0x0e, 0x53, 0xea, 0x29,
  0x89, 0x11, 0x8a, 0x11, 0x8a, 0x11, 0x8a, 0x19, 0xaa, 0x19, 0xaa, 0x19, 0xaa, 0x19, 0xaa, 0x11,
  0xeb, 0x29, 0xeb, 0x29, 0xca, 0x21, 0xca, 0x21, 0xca, 0x21, 0xca, 0x21, 0xca, 0x21, 0xcb, 0x21,
  0xcb, 0x21, 0xeb, 0x21, 0xeb, 0x21, 0x0f, 0x53, 0x72, 0x8c, 0x0b, 0x63, 0xee, 0x7b, 0x91, 0x94,
  0xea, 0x5a, 0xc6, 0x31, 0x44, 0x29, 0xc6, 0x39, 0xae, 0x7b, 0xb1, 0x94, 0xb1, 0x94, 0xd2, 0x9c,
  0x54, 0xad, 0x70, 0x8c, 0xe3, 0x18, 0x2c, 0x63, 0x95, 0xad, 0xb6, 0xb5, 0x95, 0xb5, 0xb5, 0xb5,
  0xb6, 0xb5, 0xb6, 0xb5, 0xd6, 0xbd, 0xd6, 0xbd, 0xd6, 0xbd, 0xd6, 0xbd, 0xd6, 0xbd, 0xd6, 0xbd,
  0xd6, 0xb5, 0xd6, 0xb5, 0xb6, 0xbd, 0xb6, 0xbd, 0xb6, 0xbd, 0xb6, 0xbd, 0xb6, 0xbd, 0xd6, 0xbd,
  0xd6, 0xbd, 0xd6, 0xbd, 0xd6, 0xbd, 0xf6, 0xbd, 0xf6, 0xbd, 0x38, 0xc6, 0x78, 0xce, 0x57, 0xce,
  0x57, 0xce, 0x37, 0xce, 0x37, 0xce, 0x57, 0xce, 0x37, 0xce, 0x78, 0xce, 0x98, 0xd6, 0x78, 0xce,
  0x58, 0xce, 0x37, 0xc6, 0x38, 0xce, 0x58, 0xce, 0x58, 0xce, 0x38, 0xc6, 0x38, 0xc6, 0x37, 0xc6,
  0x37, 0xc6, 0x37, 0xc6, 0x37, 0xc6, 0x17, 0xc6, 0x17, 0xc6, 0x17, 0xc6, 0x17, 0xc6, 0x17, 0xc6,
  0x17, 0xc6, 0x17, 0xc6, 0x58, 0xce, 0x58, 0xce, 0x58, 0xce, 0x78, 0xd6, 0xb9, 0xde, 0x78, 0xd6,
  0x78, 0xd6, 0xda, 0xde, 0x58, 0xce, 0x38, 0xc6, 0x58, 0xce, 0x78, 0xce, 0x58, 0xce, 0x58, 0xce,
  0x58, 0xc6, 0x37, 0xc6, 0x37, 0xc6, 0x17, 0xc6, 0x50, 0x84, 0x8d, 0x6b, 0xeb, 0x5a, 0x23, 0x21,
  0x85, 0x31, 0x64, 0x29, 0x48, 0x42, 0x48, 0x4a, 0xa6, 0x39, 0x13, 0xa5, 0xda, 0xde, 0x79, 0xce,
  0xfb, 0xde, 0x51, 0xa4, 0x04, 0x81, 0xc8, 0xb9, 0x81, 0x50, 0xc3, 0x48, 0xc3, 0x40, 0x60, 0x30,
  0x64, 0x91, 0xc2, 0x70, 0xa2, 0x69, 0xc9, 0xed, 0xaa, 0xed, 0x83, 0x69, 0x82, 0x38, 0xa2, 0x48,
  0x89, 0x92, 0xd6, 0xc5, 0xd7, 0xbd, 0xf6, 0xbd, 0xf6, 0xbd, 0xd6, 0xbd, 0xb6, 0xbd, 0x95, 0xb5,
  0x75, 0xad, 0x34, 0xad, 0x13, 0xa5, 0xf3, 0x9c, 0xd2, 0x9c, 0x91, 0x94, 0x71, 0x8c, 0x50, 0x8c,
  0x50, 0x8c, 0x50, 0x8c, 0xb2, 0x94, 0x13, 0xa5, 0x13, 0x9d, 0x71, 0x8c, 0x0e, 0x5b, 0xea, 0x29,
  0x89, 0x11, 0xaa, 0x11, 0x8a, 0x19, 0x8a, 0x19, 0xaa, 0x19, 0xa9, 0x19, 0xa9, 0x19, 0xaa, 0x11,
  0x12, 0x74, 0xf1, 0x73, 0xd1, 0x6b, 0xb0, 0x63, 0x90, 0x63, 0x6f, 0x5b, 0x2f, 0x53, 0x2e, 0x53,
  0xee, 0x4a, 0xce, 0x4a, 0xad, 0x3a, 0xd1, 0x6b, 0x6e, 0x73, 0x6c, 0x6b, 0xf2, 0x94, 0x8d, 0x6b,
  0xe7, 0x39, 0x65, 0x29, 0x24, 0x21, 0xaa, 0x52, 0x34, 0xa5, 0x33, 0xa5, 0x54, 0xad, 0x75, 0xad,
  0xf7, 0xbd, 0x2c, 0x63, 0x24, 0x21, 0x54, 0xad, 0x17, 0xc6, 0xd6, 0xbd, 0xf7, 0xbd, 0xf7, 0xbd,
  0xf7, 0xbd, 0xf7, 0xbd, 0xf7, 0xbd, 0xf6, 0xbd, 0xf7, 0xbd, 0xf7, 0xbd, 0xf7, 0xbd, 0xf7, 0xbd,
  0xf7, 0xbd, 0xf7, 0xbd, 0xf7, 0xbd, 0xf7, 0xbd, 0xf7, 0xbd, 0xf7, 0xbd, 0xf7, 0xbd, 0xf7, 0xc5,
  0x17, 0xc6, 0x17, 0xc6, 0x17, 0xc6, 0x37, 0xc6, 0x17, 0xc6, 0x58, 0xce, 0x78, 0xd6, 0x16, 0xc6,
  0x58, 0xce, 0x99, 0xd6, 0x99, 0xde, 0x99, 0xd6, 0x78, 0xd6, 0x99, 0xd6, 0x78, 0xd6, 0x79, 0xd6,
  0x58, 0xce, 0x37, 0xc6, 0x38, 0xce, 0x58, 0xce, 0x78, 0xce, 0x58, 0xce, 0x58, 0xce, 0x38, 0xc6,
  0x38, 0xc6, 0x38, 0xc6, 0x38, 0xc6, 0x17, 0xc6, 0x17, 0xc6, 0x17, 0xc6, 0x17, 0xc6, 0x17, 0xc6,
  0x17, 0xc6, 0x17, 0xc6, 0x37, 0xc6, 0x37, 0xce, 0x58, 0xce, 0x99, 0xd6, 0xb9, 0xde, 0x99, 0xde,
  0x58, 0xce, 0xb9, 0xde, 0x79, 0xce, 0x38, 0xc6, 0x78, 0xce, 0x78, 0xce, 0x58, 0xce, 0x58, 0xce,
  0x58, 0xc6, 0x38, 0xc6, 0x37, 0xc6, 0xf7, 0xc5, 0x17, 0xc6, 0x37, 0xc6, 0x17, 0xc6, 0xd1, 0x9c,
  0xca, 0x5a, 0xe6, 0x39, 0x07, 0x42, 0x85, 0x31, 0x44, 0x29, 0x54, 0xad, 0xba, 0xde, 0x58, 0xce,
  0xfb, 0xde, 0xae, 0x8b, 0x61, 0x48, 0xa7, 0xa9, 0x25, 0x71, 0x25, 0x61, 0xc2, 0x48, 0xe3, 0x58,
  0xc6, 0xb9, 0xe3, 0x88, 0x24, 0x82, 0x0a, 0xf6, 0xe9, 0xe4, 0x44, 0x79, 0x04, 0x51, 0x24, 0x61,
  0x4c, 0xab, 0xf6, 0xc5, 0xb6, 0xbd, 0xd6, 0xbd, 0xd6, 0xbd, 0xd6, 0xbd, 0xb6, 0xbd, 0xb5, 0xb5,
  0x95, 0xb5, 0x75, 0xb5, 0x74, 0xad, 0x54, 0xad, 0x34, 0xad, 0x34, 0xad, 0x14, 0xa5, 0x13, 0xa5,
  0x13, 0xa5, 0x13, 0xa5, 0x34, 0xa5, 0x54, 0xad, 0x34, 0xa5, 0x71, 0x8c, 0x2e, 0x5b, 0xeb, 0x29,
  0xaa, 0x11, 0xaa, 0x11, 0xaa, 0x19, 0xaa, 0x19, 0xaa, 0x19, 0xa9, 0x19, 0xaa, 0x19, 0xaa, 0x19,
  0xd7, 0xb5, 0xd7, 0xb5, 0xd7, 0xb5, 0xb7, 0xb5, 0x97, 0xb5, 0x96, 0xad, 0x96, 0xad, 0x76, 0xad,
  0x76, 0xad, 0x35, 0xa5, 0x76, 0xa5, 0xd3, 0x94, 0xea, 0x62, 0x70, 0x8c, 0x4f, 0x84, 0x48, 0x42,
  0x85, 0x29, 0x65, 0x29, 0x45, 0x29, 0x30, 0x84, 0xf7, 0xbd, 0xd6, 0xb5, 0xf7, 0xbd, 0xf7, 0xbd,
  0x17, 0xc6, 0x75, 0xad, 0x33, 0xa5, 0x38, 0xc6, 0x17, 0xc6, 0x37, 0xc6, 0x38, 0xc6, 0x38, 0xc6,
  0x37, 0xc6, 0x17, 0xc6, 0x17, 0xc6, 0x17, 0xc6, 0x17, 0xc6, 0x17, 0xc6, 0x38, 0xc6, 0x38, 0xc6,
  0x38, 0xc6, 0x38, 0xc6, 0x38, 0xc6, 0x38, 0xc6, 0x38, 0xc6, 0x37, 0xc6, 0x38, 0xc6, 0x38, 0xc6,
  0x38, 0xc6, 0x38, 0xc6, 0x58, 0xc6, 0x58, 0xce, 0x58, 0xce, 0x79, 0xd6, 0x99, 0xd6, 0x37, 0xce,
  0x37, 0xce, 0x78, 0xd6, 0xda, 0xde, 0xda, 0xde, 0xb9, 0xde, 0x79, 0xd6, 0x79, 0xce, 0x78, 0xce,
  0x58, 0xce, 0x58, 0xce, 0x58, 0xce, 0x78, 0xce, 0x79, 0xd6, 0x78, 0xce, 0x58, 0xce, 0x58, 0xce,
  0x58, 0xc6, 0x38, 0xc6, 0x38, 0xc6, 0x38, 0xc6, 0x38, 0xc6, 0x37, 0xc6, 0x17, 0xc6, 0x17, 0xc6,
  0x17, 0xc6, 0x17, 0xc6, 0x17, 0xc6, 0x37, 0xce, 0x58, 0xd6, 0x99, 0xd6, 0x78, 0xd6, 0x78, 0xd6,
  0x58, 0xce, 0xb9, 0xd6, 0x58, 0xce, 0x58, 0xce, 0x79, 0xce, 0x79, 0xce, 0x58, 0xce, 0x58, 0xc6,
  0x58, 0xc6, 0x58, 0xc6, 0x58, 0xc6, 0x17, 0xc6, 0xf6, 0xbd, 0xf6, 0xbd, 0xd6, 0xbd, 0x17, 0xc6,
  0xf6, 0xbd, 0x30, 0x84, 0x07, 0x42, 0x44, 0x29, 0xc6, 0x39, 0xb6, 0xbd, 0x99, 0xd6, 0x58, 0xce,
  0xfa, 0xde, 0x6d, 0x8b, 0x61, 0x40, 0x45, 0x71, 0xe3, 0x58, 0xc2, 0x48, 0xa6, 0x91, 0xe8, 0xb9,
  0xa6, 0xc9, 0x45, 0xb1, 0xe6, 0xb2, 0x6b, 0xf6, 0xc6, 0xb3, 0xa2, 0x50, 0xe3, 0x48, 0x04, 0x59,
  0x8d, 0x93, 0xd7, 0xbd, 0x95, 0xb5, 0x95, 0xb5, 0x95, 0xb5, 0x95, 0xb5, 0x95, 0xb5, 0x95, 0xb5,
  0x75, 0xb5, 0x95, 0xb5, 0x95, 0xb5, 0x75, 0xb5, 0x75, 0xb5, 0x75, 0xb5, 0x75, 0xb5, 0x75, 0xb5,
  0x75, 0xb5, 0x75, 0xad, 0x75, 0xad, 0x95, 0xad, 0x34, 0xa5, 0x71, 0x8c, 0x2e, 0x5b, 0x0b, 0x2a,
  0xaa, 0x11, 0xaa, 0x19, 0xaa, 0x19, 0xaa, 0x19, 0xaa, 0x19, 0xaa, 0x19, 0xaa, 0x19, 0xaa, 0x19,
  0x59, 0xce, 0x59, 0xce, 0x79, 0xce, 0x79, 0xce, 0x59, 0xce, 0x59, 0xce, 0x58, 0xce, 0x59, 0xce,
  0x59, 0xce, 0x79, 0xce, 0x79, 0xce, 0x8d, 0x73, 0xcd, 0x73, 0xb1, 0x94, 0xca, 0x52, 0xa5, 0x31,
  0x65, 0x29, 0x44, 0x21, 0xca, 0x5a, 0x38, 0xc6, 0x38, 0xc6, 0x58, 0xc6, 0x58, 0xce, 0x78, 0xce,
  0x58, 0xce, 0x79, 0xce, 0x99, 0xce, 0x38, 0xc6, 0x58, 0xce, 0x58, 0xce, 0x58, 0xce, 0x58, 0xce,
  0x58, 0xce, 0x58, 0xc6, 0x58, 0xce, 0x58, 0xce, 0x58, 0xce, 0x58, 0xce, 0x78, 0xce, 0x78, 0xce,
  0x78, 0xce, 0x78, 0xce, 0x78, 0xce, 0x78, 0xce, 0x58, 0xce, 0x58, 0xce, 0x58, 0xce, 0x78, 0xce,
  0x78, 0xce, 0x78, 0xce, 0x79, 0xce, 0x79, 0xce, 0x99, 0xce, 0x99, 0xd6, 0x99, 0xd6, 0x17, 0xce,
  0x16, 0xce, 0x78, 0xce, 0xda, 0xde, 0xb9, 0xde, 0x99, 0xd6, 0x78, 0xd6, 0x79, 0xd6, 0x78, 0xce,
  0x58, 0xce, 0x58, 0xce, 0x78, 0xce, 0x79, 0xd6, 0x99, 0xd6, 0x79, 0xce, 0x79, 0xce, 0x58, 0xce,
  0x58, 0xce, 0x58, 0xce, 0x58, 0xc6, 0x58, 0xc6, 0x58, 0xc6, 0x58, 0xc6, 0x38, 0xc6, 0x38, 0xc6,
  0x38, 0xc6, 0x38, 0xce, 0x38, 0xce, 0x37, 0xce, 0x37, 0xce, 0x37, 0xce, 0x57, 0xce, 0x37, 0xce,
  0x99, 0xd6, 0xba, 0xde, 0x79, 0xce, 0x58, 0xce, 0x99, 0xce, 0x79, 0xce, 0x58, 0xce, 0x58, 0xc6,
  0x58, 0xc6, 0x78, 0xce, 0x78, 0xce, 0x38, 0xc6, 0x17, 0xc6, 0x17, 0xc6, 0xf6, 0xc5, 0xd6, 0xbd,
  0xf6, 0xbd, 0x37, 0xc6, 0x95, 0xb5, 0xae, 0x73, 0xb2, 0x9c, 0x79, 0xd6, 0x79, 0xce, 0x78, 0xce,
  0xfa, 0xde, 0x0c, 0x83, 0x82, 0x40, 0xe3, 0x40, 0xe2, 0x40, 0xa2, 0x40, 0x25, 0x81, 0xe7, 0xb1,
  0xa5, 0x99, 0xc3, 0x80, 0x87, 0xc3, 0x4a, 0xfe, 0x64, 0x7a, 0x81, 0x28, 0xe3, 0x48, 0x04, 0x51,
  0x0f, 0x8c, 0xd6, 0xbd, 0x54, 0xad, 0x74, 0xb5, 0x74, 0xb5, 0x74, 0xb5, 0x74, 0xb5, 0x74, 0xb5,
  0x74, 0xad, 0x75, 0xad, 0x95, 0xb5, 0x95, 0xb5, 0x95, 0xb5, 0x95, 0xb5, 0x95, 0xb5, 0x95, 0xb5,
  0x95, 0xb5, 0x95, 0xb5, 0x95, 0xb5, 0x95, 0xb5, 0x54, 0xad, 0x92, 0x8c, 0x4e, 0x5b, 0x0b, 0x2a,
  0x8a, 0x11, 0xab, 0x19, 0xca, 0x19, 0xca, 0x19, 0xca, 0x19, 0xca, 0x19, 0xca, 0x19, 0xcb, 0x19,
  0xba, 0xd6, 0xba, 0xd6, 0xba, 0xd6, 0xba, 0xd6, 0xba, 0xd6, 0xba, 0xd6, 0xba, 0xd6, 0xba, 0xd6,
  0x99, 0xd6, 0xfb, 0xde, 0x13, 0xa5, 0x0b, 0x63, 0xb1, 0x94, 0x8c, 0x6b, 0xc6, 0x39, 0x85, 0x29,
  0x65, 0x29, 0x07, 0x42, 0xf7, 0xc5, 0x99, 0xd6, 0x79, 0xce, 0x99, 0xd6, 0x99, 0xd6, 0x99, 0xd6,
  0x99, 0xd6, 0x79, 0xce, 0x79, 0xce, 0x79, 0xce, 0x79, 0xce, 0x99, 0xce, 0x79, 0xce, 0x79, 0xce,
  0x79, 0xce, 0x79, 0xce, 0x79, 0xce, 0x79, 0xce, 0x79, 0xce, 0x79, 0xce, 0x99, 0xce, 0x99, 0xce,
  0x99, 0xd6, 0x99, 0xd6, 0x99, 0xd6, 0x99, 0xd6, 0x99, 0xd6, 0x99, 0xd6, 0x99, 0xd6, 0x99, 0xd6,
  0x99, 0xd6, 0x99, 0xd6, 0x99, 0xd6, 0x99, 0xd6, 0xb9, 0xd6, 0xb9, 0xd6, 0xb9, 0xd6, 0x17, 0xd6,
  0x91, 0xb4, 0x34, 0xc5, 0x99, 0xde, 0xb9, 0xde, 0x78, 0xce, 0x78, 0xce, 0x78, 0xce, 0x78, 0xce,
  0x58, 0xce, 0x58, 0xce, 0x78, 0xce, 0x99, 0xd6, 0x99, 0xd6, 0x99, 0xd6, 0x99, 0xd6, 0x79, 0xce,
  0x79, 0xce, 0x79, 0xce, 0x58, 0xce, 0x78, 0xce, 0x79, 0xce, 0x58, 0xce, 0x58, 0xce, 0x58, 0xce,
  0x58, 0xce, 0x58, 0xce, 0x78, 0xce, 0x58, 0xce, 0x58, 0xce, 0x58, 0xce, 0x98, 0xd6, 0xb9, 0xde,
  0xda, 0xde, 0xba, 0xde, 0x79, 0xce, 0x58, 0xce, 0x99, 0xce, 0x79, 0xce, 0x58, 0xce, 0x58, 0xce,
  0x58, 0xce, 0x79, 0xce, 0x78, 0xce, 0x58, 0xc6, 0x37, 0xc6, 0x17, 0xc6, 0x17, 0xc6, 0xf7, 0xbd,
  0xf7, 0xbd, 0xd6, 0xbd, 0xf7, 0xc5, 0x38, 0xc6, 0x17, 0xc6, 0x99, 0xd6, 0x79, 0xce, 0x58, 0xce,
  0xda, 0xe6, 0xcb, 0x7a, 0x81, 0x40, 0x44, 0x61, 0xe3, 0x48, 0xa2, 0x40, 0x04, 0x69, 0xa2, 0x50,
  0xc1, 0x40, 0x80, 0x48, 0x48, 0xc4, 0xeb, 0xf5, 0x82, 0x59, 0x03, 0x51, 0x85, 0x69, 0x44, 0x49,
  0xf2, 0xa4, 0x95, 0xb5, 0x54, 0xad, 0x54, 0xad, 0x54, 0xad, 0x54, 0xad, 0x54, 0xad, 0x54, 0xad,
  0x54, 0xad, 0x54, 0xad, 0x75, 0xad, 0x75, 0xb5, 0x75, 0xb5, 0x75, 0xb5, 0x95, 0xb5, 0x95, 0xb5,
  0x95, 0xb5, 0x95, 0xb5, 0xb5, 0xb5, 0xb5, 0xb5, 0x55, 0xad, 0xb2, 0x94, 0x4e, 0x5b, 0xeb, 0x29,
  0xaa, 0x11, 0xcb, 0x19, 0xcb, 0x19, 0xeb, 0x19, 0xcb, 0x19, 0xcb, 0x19, 0xcb, 0x19, 0xcb, 0x19,
  0xdb, 0xde, 0xdb, 0xde, 0xdb, 0xde, 0xdb, 0xde, 0xdb, 0xde, 0xdb, 0xde, 0xdb, 0xde, 0xda, 0xde,
  0xfb, 0xde, 0x99, 0xce, 0x6c, 0x6b, 0x50, 0x8c, 0x30, 0x84, 0x48, 0x42, 0x85, 0x31, 0x65, 0x29,
  0xc6, 0x39, 0xf6, 0xbd, 0xda, 0xde, 0x99, 0xd6, 0xba, 0xd6, 0xba, 0xd6, 0xba, 0xd6, 0xba, 0xd6,
  0xba, 0xd6, 0xb9, 0xd6, 0x99, 0xd6, 0x99, 0xd6, 0x99, 0xd6, 0x99, 0xd6, 0x99, 0xd6, 0x99, 0xd6,
  0x99, 0xd6, 0x99, 0xd6, 0x99, 0xd6, 0x99, 0xd6, 0x99, 0xd6, 0x99, 0xd6, 0x99, 0xd6, 0x99, 0xd6,
  0xba, 0xd6, 0xba, 0xd6, 0xba, 0xd6, 0xba, 0xd6, 0xba, 0xd6, 0xba, 0xd6, 0xba, 0xd6, 0xba, 0xd6,
  0xba, 0xd6, 0xba, 0xd6, 0xba, 0xd6, 0xba, 0xd6, 0xba, 0xd6, 0xba, 0xd6, 0x99, 0xd6, 0x38, 0xd6,
  0x30, 0xb4, 0x91, 0xbc, 0x78, 0xde, 0x99, 0xd6, 0x58, 0xce, 0x79, 0xce, 0x78, 0xce, 0x58, 0xce,
  0x58, 0xce, 0x58, 0xce, 0x79, 0xce, 0xb9, 0xd6, 0xba, 0xd6, 0xba, 0xd6, 0xba, 0xd6, 0xb9, 0xd6,
  0x99, 0xd6, 0x99, 0xd6, 0x99, 0xd6, 0x99, 0xd6, 0x99, 0xd6, 0x99, 0xce, 0x99, 0xce, 0x79, 0xce,
  0x79, 0xce, 0x79, 0xce, 0x79, 0xce, 0x99, 0xd6, 0x58, 0xce, 0x17, 0xc6, 0x98, 0xde, 0xb9, 0xe6,
  0x17, 0xce, 0x99, 0xd6, 0x79, 0xce, 0x58, 0xce, 0x99, 0xd6, 0x58, 0xce, 0x79, 0xce, 0x78, 0xce,
  0x79, 0xce, 0x99, 0xd6, 0x79, 0xce, 0x58, 0xc6, 0x38, 0xc6, 0x17, 0xc6, 0x17, 0xc6, 0x17, 0xc6,
  0xf7, 0xbd, 0xf7, 0xc5, 0xf7, 0xbd, 0xf7, 0xbd, 0xf7, 0xbd, 0x79, 0xce, 0x79, 0xce, 0x58, 0xce,
  0xda, 0xe6, 0x89, 0x6a, 0xa2, 0x58, 0xa6, 0x91, 0x44, 0x69, 0xa1, 0x40, 0x65, 0x71, 0xe3, 0x60,
  0x81, 0x38, 0xe1, 0x50, 0x09, 0xdd, 0xe9, 0xd4, 0xa1, 0x40, 0xe7, 0x89, 0xc2, 0x48, 0xc6, 0x51,
  0x94, 0xb5, 0x95, 0xad, 0x75, 0xad, 0x75, 0xad, 0x54, 0xad, 0x54, 0xad, 0x54, 0xad, 0x54, 0xad,
  0x75, 0xad, 0x75, 0xad, 0x75, 0xb5, 0x75, 0xb5, 0x95, 0xb5, 0x95, 0xb5, 0x95, 0xb5, 0x95, 0xb5,
  0xb5, 0xbd, 0x95, 0xb5, 0xb6, 0xb5, 0xb6, 0xb5, 0x75, 0xad, 0xb2, 0x94, 0x4f, 0x5b, 0xea, 0x29,
  0xaa, 0x19, 0xcb, 0x19, 0xeb, 0x19, 0xeb, 0x19, 0xeb, 0x19, 0xcb, 0x19, 0xcb, 0x19, 0xcb, 0x19,
  0xdb, 0xde, 0xdb, 0xde, 0xdb, 0xde, 0xdb, 0xde, 0xdb, 0xde, 0xdb, 0xde, 0xdb, 0xde, 0xda, 0xde,
  0x1b, 0xe7, 0x50, 0x8c, 0x2b, 0x63, 0xb1, 0x94, 0xea, 0x5a, 0xa5, 0x31, 0xa6, 0x31, 0x85, 0x31,
  0x95, 0xb5, 0x1b, 0xe7, 0xb9, 0xd6, 0xda, 0xd6, 0xda, 0xd6, 0xba, 0xd6, 0xba, 0xd6, 0xba, 0xd6,
  0xba, 0xd6, 0xba, 0xd6, 0x99, 0xd6, 0x99, 0xd6, 0x99, 0xd6, 0x99, 0xd6, 0x99, 0xd6, 0x99, 0xd6,
  0x99, 0xd6, 0x99, 0xd6, 0x99, 0xd6, 0x99, 0xd6, 0x99, 0xd6, 0x99, 0xd6, 0x99, 0xd6, 0xba, 0xd6,
  0xba, 0xd6, 0xba, 0xd6, 0xda, 0xd6, 0xda, 0xde, 0xda, 0xde, 0xda, 0xde, 0xda, 0xde, 0xda, 0xde,
  0xda, 0xde, 0xda, 0xde, 0xda, 0xde, 0xda, 0xde, 0xda, 0xde, 0xda, 0xde, 0x99, 0xd6, 0x79, 0xd6,
  0x34, 0xc5, 0xd6, 0xcd, 0xb9, 0xde, 0x17, 0xc6, 0x58, 0xce, 0x78, 0xce, 0x58, 0xce, 0x58, 0xce,
  0x38, 0xc6, 0x58, 0xce, 0xb9, 0xd6, 0xda, 0xde, 0xda, 0xde, 0xda, 0xd6, 0xba, 0xd6, 0xba, 0xd6,
  0xba, 0xd6, 0xba, 0xd6, 0xba, 0xd6, 0xba, 0xd6, 0xba, 0xd6, 0xba, 0xd6, 0xba, 0xd6, 0xba, 0xd6,
  0xba, 0xd6, 0x99, 0xd6, 0x99, 0xd6, 0xba, 0xd6, 0x99, 0xd6, 0x58, 0xce, 0x95, 0xcd, 0xd3, 0xcc,
  0x13, 0xc5, 0x99, 0xde, 0x58, 0xce, 0x79, 0xce, 0x99, 0xd6, 0x58, 0xc6, 0x58, 0xce, 0x58, 0xce,
  0x79, 0xce, 0x99, 0xd6, 0x79, 0xce, 0x58, 0xce, 0x58, 0xce, 0x38, 0xc6, 0x38, 0xc6, 0x38, 0xc6,
  0x38, 0xc6, 0x38, 0xc6, 0x38, 0xc6, 0x38, 0xc6, 0x38, 0xc6, 0x79, 0xce, 0x99, 0xd6, 0x79, 0xd6,
  0xb9, 0xde, 0x28, 0x6a, 0x04, 0x79, 0xc7, 0xa9, 0x86, 0x89, 0xc2, 0x40, 0x03, 0x59, 0x45, 0x71,
  0xc2, 0x48, 0x21, 0x51, 0xaa, 0xed, 0x66, 0xab, 0x04, 0x79, 0xa6, 0x81, 0xc2, 0x50, 0x4d, 0x9b,
  0xd6, 0xbd, 0x95, 0xb5, 0x95, 0xb5, 0x95, 0xb5, 0x75, 0xad, 0x75, 0xad, 0x75, 0xb5, 0x75, 0xb5,
  0x75, 0xb5, 0x75, 0xb5, 0x95, 0xb5, 0x95, 0xb5, 0x95, 0xb5, 0x95, 0xb5, 0xb5, 0xbd, 0xb5, 0xbd,
  0xb5, 0xbd, 0xb6, 0xb5, 0xd6, 0xb5, 0xb6, 0xb5, 0x75, 0xad, 0xb2, 0x94, 0x4f, 0x63, 0xea, 0x29,
  0xaa, 0x19, 0xcb, 0x19, 0xeb, 0x19, 0xeb, 0x19, 0xec, 0x19, 0xeb, 0x19, 0xec, 0x21, 0xec, 0x21,
  0xdb, 0xde, 0xdb, 0xde, 0xda, 0xde, 0xda, 0xde, 0xda, 0xde, 0xda, 0xde, 0xda, 0xde, 0xda, 0xde,
  0xfa, 0xde, 0x2c, 0x63, 0xe3, 0x18, 0x07, 0x42, 0x27, 0x42, 0xa6, 0x31, 0x44, 0x29, 0x13, 0xa5,
  0x1b, 0xe7, 0xba, 0xd6, 0xda, 0xde, 0xda, 0xde, 0xda, 0xde, 0xda, 0xd6, 0xba, 0xd6, 0xba, 0xd6,
  0xba, 0xd6, 0xba, 0xd6, 0xba, 0xd6, 0xba, 0xd6, 0x99, 0xd6, 0xb9, 0xd6, 0x99, 0xd6, 0x99, 0xd6,
  0xba, 0xd6, 0x99, 0xd6, 0x99, 0xd6, 0x99, 0xd6, 0x99, 0xd6, 0xba, 0xd6, 0xba, 0xd6, 0xba, 0xd6,
  0xba, 0xd6, 0xba, 0xd6, 0xda, 0xde, 0xda, 0xde, 0xda, 0xde, 0xda, 0xde, 0xda, 0xde, 0xda, 0xde,
  0xda, 0xde, 0xda, 0xde, 0xda, 0xde, 0xda, 0xde, 0xda, 0xde, 0xda, 0xde, 0x58, 0xce, 0x38, 0xc6,
  0xf7, 0xc5, 0x17, 0xce, 0xd6, 0xbd, 0x38, 0xce, 0x79, 0xce, 0x38, 0xce, 0x38, 0xc6, 0x37, 0xc6,
  0x38, 0xce, 0xba, 0xde, 0xfb, 0xde, 0xfa, 0xde, 0xda, 0xde, 0xda, 0xde, 0xda, 0xde, 0xda, 0xde,
  0xda, 0xde, 0xda, 0xde, 0xda, 0xd6, 0xda, 0xd6, 0xda, 0xd6, 0xda, 0xd6, 0xda, 0xd6, 0xda, 0xd6,
  0xda, 0xd6, 0xba, 0xd6, 0xba, 0xd6, 0xba, 0xd6, 0xda, 0xd6, 0x99, 0xd6, 0x17, 0xde, 0x71, 0xc4,
  0xf3, 0xcc, 0xb9, 0xde, 0x38, 0xc6, 0x79, 0xd6, 0x99, 0xd6, 0x38, 0xc6, 0x58, 0xc6, 0x58, 0xce,
  0x79, 0xce, 0xba, 0xd6, 0x99, 0xd6, 0x99, 0xce, 0x79, 0xce, 0x79, 0xce, 0x79, 0xce, 0x79, 0xce,
  0x79, 0xce, 0x79, 0xce, 0x79, 0xce, 0x59, 0xce, 0x79, 0xd6, 0x79, 0xd6, 0x79, 0xce, 0x99, 0xd6,
  0x78, 0xd6, 0x4a, 0x92, 0x05, 0x89, 0xa7, 0xa9, 0x04, 0x71, 0x03, 0x51, 0xe2, 0x48, 0xc2, 0x50,
  0x44, 0x71, 0x82, 0x69, 0xab, 0xed, 0xa6, 0xaa, 0xc8, 0xb1, 0x23, 0x69, 0x65, 0x79, 0xef, 0xab,
  0x17, 0xc6, 0xb6, 0xb5, 0xb5, 0xb5, 0x95, 0xb5, 0x95, 0xb5, 0x95, 0xb5, 0x95, 0xb5, 0x95, 0xb5,
  0xb6, 0xb5, 0xb6, 0xb5, 0xb6, 0xb5, 0xb6, 0xbd, 0xb6, 0xbd, 0xb6, 0xbd, 0xb6, 0xbd, 0xb6, 0xbd,
  0xb6, 0xbd, 0xb6, 0xbd, 0xd6, 0xbd, 0xb6, 0xb5, 0x75, 0xad, 0xb3, 0x94, 0x4f, 0x63, 0xea, 0x29,
  0xaa, 0x19, 0xcb, 0x19, 0xeb, 0x19, 0xeb, 0x19, 0x0c, 0x22, 0x0c, 0x22, 0x0c, 0x22, 0x0c, 0x22,
  0xdb, 0xde, 0xda, 0xde, 0xda, 0xde, 0xda, 0xde, 0xda, 0xde, 0xda, 0xde, 0xda, 0xde, 0xda, 0xde,
  0xda, 0xde, 0x89, 0x52, 0x00, 0x00, 0x20, 0x00, 0xc6, 0x39, 0x44, 0x29, 0x91, 0x8c, 0x1b, 0xe7,
  0x99, 0xd6, 0xda, 0xde, 0xda, 0xde, 0xda, 0xde, 0xda, 0xde, 0xda, 0xd6, 0xba, 0xd6, 0xba, 0xd6,
  0xba, 0xd6, 0xba, 0xd6, 0xba, 0xd6, 0xba, 0xd6, 0xba, 0xd6, 0xba, 0xd6, 0xba, 0xd6, 0xba, 0xd6,
  0xb9, 0xd6, 0x99, 0xd6, 0x99, 0xd6, 0x99, 0xd6, 0x99, 0xd6, 0xba, 0xd6, 0xba, 0xd6, 0xba, 0xd6,
  0xba, 0xd6, 0xda, 0xd6, 0xda, 0xde, 0xda, 0xde, 0xda, 0xde, 0xda, 0xde, 0xda, 0xde, 0xda, 0xde,
  0xda, 0xde, 0x1b, 0xe7, 0x3c, 0xe7, 0x3c, 0xe7, 0x1b, 0xe7, 0xda, 0xde, 0x79, 0xce, 0x38, 0xce,
  0xb5, 0xbd, 0x75, 0xb5, 0x95, 0xb5, 0xf7, 0xc5, 0xf7, 0xc5, 0xf7, 0xbd, 0x17, 0xc6, 0x17, 0xc6,
  0xb9, 0xd6, 0x1b, 0xe7, 0xfa, 0xde, 0xfb, 0xde, 0xfa, 0xde, 0xda, 0xde, 0xda, 0xde, 0xda, 0xde,
  0xda, 0xde, 0xda, 0xde, 0xda, 0xde, 0xda, 0xde, 0xda, 0xde, 0xda, 0xde, 0xda, 0xde, 0xda, 0xd6,
  0xda, 0xde, 0xda, 0xd6, 0xda, 0xd6, 0xba, 0xd6, 0xda, 0xde, 0xba, 0xd6, 0x58, 0xce, 0x95, 0xc5,
  0xb6, 0xcd, 0x58, 0xce, 0x17, 0xc6, 0x99, 0xd6, 0x79, 0xce, 0x38, 0xc6, 0x38, 0xc6, 0x38, 0xc6,
  0x78, 0xce, 0xba, 0xd6, 0xba, 0xd6, 0xba, 0xd6, 0xb9, 0xd6, 0xb9, 0xd6, 0xb9, 0xd6, 0xba, 0xd6,
  0xb9, 0xd6, 0x99, 0xd6, 0x99, 0xd6, 0x99, 0xd6, 0x99, 0xd6, 0x59, 0xce, 0x58, 0xce, 0x99, 0xd6,
  0x78, 0xd6, 0x29, 0x92, 0xe4, 0x68, 0xe3, 0x58, 0xe3, 0x48, 0x24, 0x51, 0xe3, 0x50, 0xa5, 0x69,
  0x04, 0x61, 0x23, 0x82, 0xaa, 0xed, 0xe6, 0xa9, 0x25, 0x89, 0x84, 0x71, 0x85, 0x71, 0xb1, 0xa4,
  0x38, 0xce, 0xf6, 0xbd, 0xf6, 0xbd, 0xd6, 0xbd, 0xd6, 0xbd, 0xd6, 0xbd, 0xd6, 0xbd, 0xd6, 0xbd,
  0xd6, 0xbd, 0xd6, 0xbd, 0xd6, 0xbd, 0xd6, 0xbd, 0xd6, 0xbd, 0xd6, 0xbd, 0xd6, 0xbd, 0xd6, 0xbd,
  0xd6, 0xbd, 0xb6, 0xbd, 0xd6, 0xbd, 0xb6, 0xb5, 0x75, 0xad, 0xb3, 0x94, 0x4f, 0x63, 0xea, 0x29,
  0xaa, 0x19, 0xeb, 0x19, 0xeb, 0x19, 0x0b, 0x22, 0x0c, 0x22, 0x0c, 0x22, 0x0c, 0x22, 0x0c, 0x22,
  0xda, 0xde, 0xda, 0xd6, 0xda, 0xde, 0xda, 0xde, 0xda, 0xde, 0xda, 0xde, 0xda, 0xde, 0xba, 0xd6,
  0xda, 0xde, 0xb5, 0xb5, 0xa6, 0x31, 0x40, 0x08, 0xa2, 0x10, 0x0f, 0x84, 0x1b, 0xe7, 0x99, 0xd6,
  0xda, 0xd6, 0xda, 0xde, 0xda, 0xde, 0xda, 0xde, 0xba, 0xd6, 0xba, 0xd6, 0xba, 0xd6, 0xba, 0xd6,
  0xba, 0xd6, 0xba, 0xd6, 0xba, 0xd6, 0xba, 0xd6, 0xba, 0xd6, 0xb9, 0xd6, 0xb9, 0xd6, 0xba, 0xd6,
  0xda, 0xde, 0xfb, 0xde, 0xfb, 0xde, 0xfb, 0xde, 0xfb, 0xde, 0xfa, 0xde, 0xfa, 0xde, 0xda, 0xde,
  0xda, 0xde, 0xda, 0xde, 0xda, 0xde, 0xda, 0xde, 0xda, 0xde, 0xda, 0xde, 0xdb, 0xde, 0xda, 0xde,
  0xfa, 0xde, 0x34, 0xa5, 0x91, 0x94, 0xd2, 0x9c, 0xd6, 0xbd, 0xda, 0xd6, 0x17, 0xc6, 0x37, 0xc6,
  0x98, 0xce, 0xb9, 0xd6, 0x98, 0xd6, 0x38, 0xc6, 0xd6, 0xbd, 0x75, 0xb5, 0x95, 0xb5, 0x17, 0xc6,
  0xfa, 0xde, 0x1b, 0xe7, 0xfb, 0xde, 0xfb, 0xde, 0xfb, 0xde, 0xfa, 0xde, 0xfb, 0xde, 0xfa, 0xde,
  0xda, 0xde, 0xda, 0xde, 0xda, 0xde, 0xda, 0xde, 0xda, 0xde, 0xda, 0xde, 0xda, 0xde, 0xda, 0xde,
  0xda, 0xde, 0xda, 0xde, 0xda, 0xde, 0xda, 0xde, 0xda, 0xde, 0xda, 0xde, 0x38, 0xce, 0x38, 0xce,
  0xf7, 0xc5, 0xf7, 0xc5, 0x38, 0xc6, 0x79, 0xd6, 0x79, 0xce, 0x17, 0xc6, 0x17, 0xc6, 0x38, 0xc6,
  0x58, 0xc6, 0xba, 0xd6, 0xfa, 0xde, 0xda, 0xde, 0xda, 0xde, 0xda, 0xd6, 0xda, 0xd6, 0xda, 0xde,
  0xba, 0xd6, 0xba, 0xd6, 0xba, 0xd6, 0xba, 0xd6, 0xb9, 0xd6, 0x58, 0xce, 0x58, 0xce, 0x99, 0xd6,
  0x38, 0xd6, 0x64, 0x51, 0xe3, 0x50, 0x45, 0x71, 0x24, 0x69, 0x23, 0x61, 0x64, 0x71, 0x03, 0x59,
  0x40, 0x38, 0x25, 0xab, 0x0a, 0xe5, 0x65, 0xa1, 0xe3, 0x60, 0x86, 0x71, 0xe7, 0x81, 0xd5, 0xc5,
  0x38, 0xce, 0x17, 0xc6, 0x17, 0xc6, 0x17, 0xc6, 0x17, 0xc6, 0x17, 0xc6, 0x17, 0xc6, 0x17, 0xc6,
  0x17, 0xbe, 0x17, 0xbe, 0x17, 0xbe, 0xf7, 0xbd, 0xf6, 0xbd, 0xf6, 0xbd, 0xd6, 0xbd, 0xd6, 0xbd,
  0xd6, 0xbd, 0xb6, 0xbd, 0xd6, 0xbd, 0xb6, 0xb5, 0x75, 0xad, 0xb3, 0x94, 0x4f, 0x63, 0x0a, 0x2a,
  0xca, 0x19, 0xeb, 0x19, 0xeb, 0x19, 0x0b, 0x22, 0x0c, 0x22, 0x0c, 0x22, 0x0c, 0x22, 0x0c, 0x22,
  0xba, 0xd6, 0xba, 0xd6, 0xba, 0xd6, 0xda, 0xd6, 0xda, 0xd6, 0xda, 0xd6, 0xda, 0xd6, 0xba, 0xd6,
  0xba, 0xd6, 0xda, 0xde, 0x79, 0xce, 0xf3, 0x9c, 0x75, 0xad, 0xda, 0xde, 0xba, 0xd6, 0xba, 0xd6,
  0xba, 0xd6, 0xda, 0xd6, 0xda, 0xd6, 0xda, 0xd6, 0xba, 0xd6, 0xba, 0xd6, 0xba, 0xd6, 0xba, 0xd6,
  0xb9, 0xd6, 0xba, 0xd6, 0xba, 0xd6, 0x99, 0xd6, 0xba, 0xd6, 0xda, 0xde, 0xfb, 0xde, 0x3c, 0xe7,
  0x5d, 0xef, 0x5d, 0xef, 0x7d, 0xef, 0x7d, 0xef, 0x7d, 0xef, 0x7d, 0xef, 0x5d, 0xef, 0x5c, 0xef,
  0x5d, 0xef, 0x5d, 0xef, 0x5d, 0xef, 0x5c, 0xef, 0x5c, 0xef, 0x5c, 0xef, 0x3c, 0xe7, 0x7d, 0xef,
  0x95, 0xb5, 0x2c, 0x63, 0xae, 0x7b, 0x0b, 0x63, 0xca, 0x5a, 0x13, 0xa5, 0x27, 0x42, 0x68, 0x4a,
  0xc9, 0x52, 0x8c, 0x6b, 0x78, 0xce, 0xb9, 0xd6, 0x99, 0xd6, 0x58, 0xce, 0xf7, 0xbd, 0xf6, 0xbd,
  0xfb, 0xde, 0x3b, 0xe7, 0xfb, 0xde, 0xfb, 0xde, 0x1b, 0xe7, 0xfb, 0xde, 0xfb, 0xde, 0xfb, 0xde,
  0xfb, 0xde, 0xfb, 0xde, 0xfb, 0xde, 0xfb, 0xde, 0xfb, 0xde, 0xfb, 0xde, 0xfa, 0xde, 0xda, 0xde,
  0xfa, 0xde, 0xda, 0xde, 0xda, 0xde, 0xfa, 0xde, 0xda, 0xde, 0xfb, 0xde, 0x58, 0xce, 0xf7, 0xc5,
  0xf6, 0xc5, 0xd6, 0xbd, 0xf7, 0xc5, 0x38, 0xce, 0x17, 0xc6, 0xb6, 0xbd, 0xf7, 0xbd, 0x38, 0xc6,
  0x38, 0xc6, 0xba, 0xd6, 0x1b, 0xdf, 0xfa, 0xde, 0xfa, 0xde, 0xfa, 0xde, 0xfa, 0xde, 0xfa, 0xde,
  0xda, 0xde, 0xda, 0xde, 0xda, 0xde, 0xda, 0xde, 0xba, 0xd6, 0x58, 0xce, 0x79, 0xce, 0x99, 0xd6,
  0x58, 0xd6, 0x28, 0x6a, 0x25, 0x69, 0xa2, 0x50, 0xa3, 0x68, 0x66, 0xa9, 0x86, 0x91, 0x46, 0x99,
  0xa3, 0x80, 0x08, 0xd4, 0x09, 0xdc, 0x04, 0x91, 0x02, 0x49, 0x24, 0x61, 0xeb, 0x9a, 0x98, 0xce,
  0x58, 0xce, 0x58, 0xce, 0x58, 0xce, 0x58, 0xce, 0x58, 0xce, 0x58, 0xce, 0x58, 0xce, 0x58, 0xce,
  0x38, 0xc6, 0x38, 0xc6, 0x38, 0xc6, 0x37, 0xc6, 0x17, 0xc6, 0x17, 0xc6, 0xf7, 0xbd, 0xf6, 0xbd,
  0xf6, 0xbd, 0xd6, 0xbd, 0xd6, 0xbd, 0xb6, 0xb5, 0x75, 0xad, 0xb3, 0x94, 0x4f, 0x5b, 0xeb, 0x21,
  0xcb, 0x19, 0x0b, 0x1a, 0xeb, 0x19, 0x0b, 0x1a, 0x0c, 0x22, 0x0c, 0x22, 0x0c, 0x22, 0x0c, 0x22,
  0xba, 0xd6, 0xba, 0xd6, 0xba, 0xd6, 0xba, 0xd6, 0xba, 0xd6, 0xba, 0xd6, 0xba, 0xd6, 0xba, 0xd6,
  0xba, 0xd6, 0x99, 0xd6, 0xba, 0xd6, 0xfb, 0xde, 0xda, 0xde, 0xba, 0xd6, 0xba, 0xd6, 0xba, 0xd6,
  0xba, 0xd6, 0xba, 0xd6, 0xba, 0xd6, 0xba, 0xd6, 0xba, 0xd6, 0xba, 0xd6, 0xba, 0xd6, 0x99, 0xd6,
  0x99, 0xd6, 0x99, 0xd6, 0xba, 0xd6, 0xda, 0xde, 0x1b, 0xe7, 0x3c, 0xe7, 0x5d, 0xef, 0x5d, 0xef,
  0x5d, 0xef, 0x5d, 0xef, 0x5d, 0xef, 0x5d, 0xef, 0x5d, 0xef, 0x7d, 0xef, 0x7d, 0xef, 0x7d, 0xef,
  0x7d, 0xef, 0x7d, 0xef, 0x9e, 0xf7, 0x7d, 0xef, 0x7d, 0xef, 0x7d, 0xef, 0x9e, 0xf7, 0x7d, 0xef,
  0x70, 0x8c, 0xba, 0xd6, 0x7c, 0xf7, 0x58, 0xce, 0x6c, 0x73, 0x6c, 0x6b, 0xd6, 0xbd, 0x99, 0xd6,
  0x78, 0xce, 0x8d, 0x73, 0xd2, 0x9c, 0xda, 0xde, 0x37, 0xce, 0xf7, 0xc5, 0x38, 0xce, 0x17, 0xc6,
  0x17, 0xc6, 0xba, 0xd6, 0x1b, 0xe7, 0x1b, 0xe7, 0x79, 0xce, 0x99, 0xd6, 0xba, 0xd6, 0xba, 0xd6,
  0xda, 0xde, 0xfb, 0xde, 0xfb, 0xde, 0xfb, 0xde, 0xfa, 0xde, 0xfa, 0xde, 0xfa, 0xde, 0xfa, 0xde,
  0xfa, 0xde, 0xda, 0xde, 0xfb, 0xde, 0xfa, 0xde, 0xda, 0xde, 0xba, 0xd6, 0x79, 0xce, 0x79, 0xce,
  0xba, 0xde, 0xda, 0xde, 0xda, 0xde, 0xba, 0xde, 0xba, 0xde, 0x79, 0xd6, 0x79, 0xce, 0x38, 0xc6,
  0x38, 0xc6, 0xb9, 0xd6, 0x3b, 0xe7, 0xfb, 0xde, 0xfb, 0xde, 0xfb, 0xde, 0xfb, 0xde, 0xfb, 0xde,
  0xfa, 0xde, 0xda, 0xde, 0xda, 0xde, 0xda, 0xde, 0xba, 0xd6, 0x58, 0xce, 0x79, 0xce, 0x99, 0xce,
  0xb9, 0xd6, 0x58, 0xd6, 0xd7, 0xcd, 0xd2, 0xac, 0xae, 0xab, 0x29, 0xaa, 0xe3, 0x60, 0xa2, 0x78,
  0xc4, 0xa8, 0x6a, 0xe4, 0xe8, 0xca, 0x04, 0x79, 0x23, 0x49, 0xc7, 0x89, 0x2f, 0xac, 0xd9, 0xd6,
  0x79, 0xce, 0x79, 0xce, 0x79, 0xce, 0x79, 0xce, 0x79, 0xce, 0x79, 0xce, 0x79, 0xce, 0x78, 0xce,
  0x78, 0xce, 0x58, 0xce, 0x58, 0xce, 0x58, 0xc6, 0x38, 0xc6, 0x38, 0xc6, 0x38, 0xc6, 0x17, 0xc6,
  0x17, 0xc6, 0xf7, 0xbd, 0xf7, 0xbd, 0xd6, 0xbd, 0x95, 0xad, 0xf4, 0x9c, 0xf1, 0x6b, 0xad, 0x3a,
  0x4d, 0x32, 0x4d, 0x2a, 0x2d, 0x2a, 0x2c, 0x2a, 0x0c, 0x22, 0x0b, 0x22, 0xeb, 0x21, 0xeb, 0x19,
  0x99, 0xd6, 0x99, 0xd6, 0x99, 0xd6, 0xb9, 0xd6, 0xba, 0xd6, 0xba, 0xd6, 0xba, 0xd6, 0xba, 0xd6,
  0xba, 0xd6, 0xba, 0xd6, 0x99, 0xd6, 0x99, 0xd6, 0x99, 0xd6, 0xba, 0xd6, 0xba, 0xd6, 0xba, 0xd6,
  0xba, 0xd6, 0xba, 0xd6, 0xba, 0xd6, 0xba, 0xd6, 0xb9, 0xd6, 0x99, 0xd6, 0x99, 0xd6, 0x99, 0xd6,
  0xba, 0xd6, 0xfb, 0xde, 0x3c, 0xe7, 0x3c, 0xe7, 0x3c, 0xe7, 0x3c, 0xe7, 0x3c, 0xe7, 0x5c, 0xef,
  0x5c, 0xef, 0x5c, 0xef, 0x5c, 0xe7, 0x5c, 0xe7, 0x5c, 0xe7, 0x5c, 0xef, 0x5c, 0xef, 0x5c, 0xef,
  0x5d, 0xef, 0x5d, 0xef, 0x5d, 0xef, 0x5d, 0xef, 0x5d, 0xef, 0x5d, 0xef, 0x9e, 0xf7, 0x58, 0xc6,
  0xaa, 0x52, 0x0f, 0x8c, 0x2f, 0x8c, 0x4c, 0x6b, 0x70, 0x94, 0x0a, 0x5b, 0xd6, 0xbd, 0x37, 0xc6,
  0xfa, 0xde, 0x0f, 0x84, 0x33, 0xa5, 0xda, 0xde, 0x58, 0xce, 0xd6, 0xbd, 0x95, 0xb5, 0xb6, 0xb5,
  0xb5, 0xb5, 0x95, 0xb5, 0x38, 0xc6, 0x78, 0xce, 0xf7, 0xc5, 0x18, 0xc6, 0x17, 0xc6, 0x34, 0xad,
  0x37, 0xc6, 0x5c, 0xef, 0x5c, 0xef, 0x5c, 0xef, 0x5c, 0xe7, 0x3c, 0xe7, 0x3c, 0xe7, 0x3c, 0xe7,
  0x3c, 0xe7, 0x3c, 0xe7, 0xfb, 0xde, 0x99, 0xd6, 0x34, 0xa5, 0xca, 0x5a, 0x0b, 0x63, 0xeb, 0x5a,
  0x4c, 0x6b, 0x99, 0xde, 0xef, 0x83, 0x0b, 0x63, 0x8e, 0x73, 0x8d, 0x73, 0x92, 0x94, 0x79, 0xce,
  0x38, 0xce, 0x58, 0xce, 0xda, 0xde, 0x3b, 0xe7, 0x1b, 0xe7, 0xfb, 0xde, 0xfb, 0xde, 0xfb, 0xde,
  0xfb, 0xde, 0xda, 0xde, 0xda, 0xde, 0xda, 0xde, 0xba, 0xd6, 0x58, 0xce, 0x79, 0xce, 0x79, 0xce,
  0x78, 0xce, 0x79, 0xd6, 0x99, 0xd6, 0xba, 0xde, 0x1b, 0xe7, 0x58, 0xd6, 0x33, 0xad, 0xae, 0x8b,
  0x4a, 0xa2, 0x67, 0xb2, 0x44, 0xa9, 0xc3, 0x80, 0x02, 0x41, 0x44, 0x59, 0xf2, 0xac, 0xda, 0xd6,
  0x79, 0xce, 0x79, 0xce, 0x99, 0xce, 0x99, 0xce, 0x79, 0xce, 0x99, 0xce, 0x99, 0xce, 0x79, 0xce,
  0x79, 0xce, 0x79, 0xce, 0x79, 0xce, 0x78, 0xce, 0x78, 0xce, 0x58, 0xce, 0x58, 0xce, 0x58, 0xce,
  0x58, 0xce, 0x38, 0xc6, 0x37, 0xc6, 0x17, 0xc6, 0xd6, 0xbd, 0xb6, 0xb5, 0x75, 0xa5, 0xd4, 0x8c,
  0x94, 0x84, 0x73, 0x7c, 0x53, 0x7c, 0x12, 0x74, 0xf2, 0x6b, 0xd1, 0x6b, 0x90, 0x63, 0x6f, 0x5b,
  0x79, 0xce, 0x79, 0xce, 0x99, 0xce, 0x99, 0xce, 0x99, 0xd6, 0x99, 0xd6, 0x99, 0xd6, 0x99, 0xd6,
  0x99, 0xd6, 0x99, 0xd6, 0x99, 0xd6, 0x99, 0xd6, 0x99, 0xd6, 0x99, 0xd6, 0xba, 0xd6, 0xba, 0xd6,
  0xba, 0xd6, 0xba, 0xd6, 0x99, 0xd6, 0x99, 0xd6, 0x99, 0xd6, 0x9a, 0xd6, 0xda, 0xde, 0xfb, 0xde,
  0x1c, 0xe7, 0x3c, 0xe7, 0x3c, 0xe7, 0x3c, 0xe7, 0x3c, 0xe7, 0x3c, 0xe7, 0x3c, 0xe7, 0x3c, 0xe7,
  0x3c, 0xe7, 0x3c, 0xe7, 0x3c, 0xe7, 0x3c, 0xe7, 0x3c, 0xe7, 0x3c, 0xe7, 0x3c, 0xe7, 0x3c, 0xe7,
  0x3c, 0xe7, 0x3c, 0xe7, 0x5c, 0xef, 0x5d, 0xef, 0x5d, 0xef, 0x5c, 0xef, 0x9d, 0xf7, 0x91, 0x94,
  0x2f, 0x84, 0x13, 0xa5, 0x70, 0x94, 0xca, 0x5a, 0xd2, 0x9c, 0x68, 0x4a, 0x6c, 0x6b, 0x2b, 0x63,
  0x2b, 0x63, 0x68, 0x4a, 0x16, 0xc6, 0x99, 0xde, 0x37, 0xce, 0x17, 0xc6, 0xd6, 0xbd, 0xb6, 0xbd,
  0x95, 0xb5, 0x54, 0xad, 0x33, 0xa5, 0x95, 0xb5, 0x38, 0xce, 0x38, 0xce, 0xd6, 0xbd, 0x75, 0xb5,
  0xf7, 0xbd, 0xfb, 0xde, 0xbd, 0xf7, 0x9d, 0xf7, 0x9e, 0xf7, 0x9e, 0xf7, 0x9e, 0xf7, 0x9e, 0xf7,
  0x9e, 0xf7, 0xbe, 0xf7, 0xba, 0xd6, 0x58, 0xce, 0xae, 0x73, 0xf7, 0xc5, 0x79, 0xd6, 0x99, 0xd6,
  0x6d, 0x73, 0x70, 0x94, 0xae, 0x7b, 0xf6, 0xc5, 0x54, 0xb5, 0x54, 0xad, 0x89, 0x52, 0x54, 0xad,
  0x58, 0xce, 0x58, 0xce, 0x38, 0xc6, 0x58, 0xce, 0xda, 0xde, 0x3c, 0xe7, 0xfb, 0xde, 0xfa, 0xde,
  0xfa, 0xde, 0xda, 0xde, 0xda, 0xde, 0xda, 0xde, 0x99, 0xd6, 0x58, 0xce, 0x58, 0xce, 0x79, 0xce,
  0x79, 0xce, 0x79, 0xd6, 0x79, 0xd6, 0x78, 0xd6, 0x99, 0xde, 0x99, 0xce, 0x99, 0xd6, 0xda, 0xd6,
  0x99, 0xde, 0x75, 0xcd, 0x30, 0xc4, 0xaa, 0xa2, 0x24, 0x49, 0x03, 0x41, 0x95, 0xbd, 0xb9, 0xd6,
  0x79, 0xce, 0x99, 0xce, 0x99, 0xce, 0x99, 0xce, 0x99, 0xce, 0x99, 0xd6, 0x99, 0xd6, 0x99, 0xd6,
  0x99, 0xce, 0x79, 0xce, 0x99, 0xce, 0x99, 0xd6, 0x99, 0xd6, 0x99, 0xce, 0x79, 0xce, 0x79, 0xce,
  0x79, 0xce, 0x79, 0xce, 0x78, 0xce, 0x58, 0xce, 0x38, 0xc6, 0x37, 0xc6, 0x17, 0xc6, 0xf7, 0xbd,
  0xf7, 0xbd, 0xf7, 0xbd, 0xd7, 0xbd, 0xd7, 0xb5, 0xb7, 0xb5, 0xb7, 0xb5, 0x96, 0xad, 0x76, 0xad,
  0x58, 0xce, 0x58, 0xce, 0x79, 0xce, 0x79, 0xce, 0x79, 0xce, 0x79, 0xce, 0x79, 0xce, 0x79, 0xce,
  0x99, 0xce, 0x99, 0xce, 0x99, 0xd6, 0x99, 0xd6, 0x99, 0xd6, 0x99, 0xd6, 0x99, 0xd6, 0x99, 0xd6,
  0x99, 0xd6, 0x99, 0xd6, 0x99, 0xd6, 0xba, 0xd6, 0xfb, 0xde, 0x1b, 0xe7, 0x3c, 0xe7, 0x3c, 0xe7,
  0x3c, 0xe7, 0x3c, 0xe7, 0x3c, 0xe7, 0x3c, 0xe7, 0x3c, 0xe7, 0x3c, 0xe7, 0x3c, 0xe7, 0x3c, 0xe7,
  0x3c, 0xe7, 0x3c, 0xe7, 0x3c, 0xe7, 0x3c, 0xe7, 0x3c, 0xe7, 0x3c, 0xe7, 0x3c, 0xe7, 0x3c, 0xe7,
  0x3c, 0xe7, 0x3c, 0xe7, 0x3c, 0xe7, 0x5c, 0xe7, 0x5c, 0xef, 0x7d, 0xef, 0xfb, 0xde, 0xee, 0x7b,
  0x58, 0xce, 0xda, 0xde, 0x1b, 0xe7, 0xee, 0x83, 0x2c, 0x6b, 0x74, 0xb5, 0x3b, 0xe7, 0xb9, 0xd6,
  0x17, 0xc6, 0x2b, 0x63, 0x78, 0xce, 0x99, 0xde, 0x16, 0xc6, 0xf6, 0xbd, 0x17, 0xc6, 0xb6, 0xbd,
  0x95, 0xb5, 0x95, 0xb5, 0x34, 0xad, 0x95, 0xb5, 0x58, 0xce, 0x58, 0xce, 0xb6, 0xb5, 0xd6, 0xbd,
  0xb6, 0xbd, 0x99, 0xd6, 0x9d, 0xf7, 0x7d, 0xef, 0x9d, 0xf7, 0x9d, 0xf7, 0x9e, 0xf7, 0x9e, 0xf7,
  0x9e, 0xf7, 0x7d, 0xef, 0x99, 0xd6, 0xd6, 0xbd, 0xce, 0x7b, 0xba, 0xde, 0x38, 0xce, 0xf7, 0xc5,
  0x8d, 0x73, 0x2f, 0x8c, 0x13, 0xa5, 0x5c, 0xf7, 0xda, 0xde, 0x7c, 0xf7, 0xee, 0x7b, 0x13, 0xa5,
  0xf6, 0xbd, 0x37, 0xc6, 0x79, 0xce, 0x17, 0xc6, 0x38, 0xc6, 0xba, 0xd6, 0xfa, 0xde, 0xb9, 0xd6,
  0xba, 0xd6, 0x99, 0xce, 0xba, 0xd6, 0x5c, 0xe7, 0xfb, 0xde, 0x99, 0xd6, 0x79, 0xce, 0x58, 0xce,
  0x58, 0xce, 0x58, 0xce, 0x58, 0xce, 0x79, 0xd6, 0x78, 0xd6, 0x38, 0xce, 0x58, 0xce, 0x58, 0xce,
  0x58, 0xce, 0x79, 0xce, 0xfa, 0xd6, 0xda, 0xde, 0x95, 0xc5, 0x91, 0x9c, 0x58, 0xce, 0x99, 0xd6,
  0x99, 0xd6, 0x99, 0xce, 0x79, 0xce, 0x79, 0xce, 0x79, 0xce, 0x99, 0xce, 0x99, 0xd6, 0x99, 0xd6,
  0x99, 0xd6, 0x99, 0xd6, 0x99, 0xd6, 0xba, 0xd6, 0xba, 0xd6, 0xb9, 0xd6, 0x99, 0xd6, 0x99, 0xd6,
  0x99, 0xd6, 0x99, 0xd6, 0x99, 0xd6, 0x99, 0xd6, 0x99, 0xd6, 0x99, 0xce, 0x79, 0xce, 0x79, 0xce,
  0x59, 0xce, 0x59, 0xce, 0x58, 0xce, 0x58, 0xce, 0x58, 0xce, 0x58, 0xc6, 0x38, 0xc6, 0x38, 0xc6,
  0x58, 0xce, 0x58, 0xce, 0x58, 0xce, 0x58, 0xce, 0x58, 0xce, 0x58, 0xce, 0x58, 0xce, 0x58, 0xce,
  0x79, 0xce, 0x79, 0xce, 0x79, 0xce, 0x79, 0xce, 0x79, 0xce, 0x79, 0xce, 0x79, 0xce, 0x79, 0xce,
  0x99, 0xd6, 0xda, 0xde, 0x1b, 0xe7, 0x1c, 0xe7, 0x3c, 0xe7, 0x3c, 0xe7, 0x1c, 0xe7, 0x1c, 0xe7,
  0x1c, 0xe7, 0x3c, 0xe7, 0x1c, 0xe7, 0x1c, 0xe7, 0x1c, 0xe7, 0x1c, 0xe7, 0x1c, 0xe7, 0x3c, 0xe7,
  0x3c, 0xe7, 0x3c, 0xe7, 0x3c, 0xe7, 0x3c, 0xe7, 0x3c, 0xe7, 0x3c, 0xe7, 0x3c, 0xe7, 0x3c, 0xe7,
  0x3c, 0xe7, 0x3c, 0xe7, 0x3c, 0xe7, 0x3c, 0xe7, 0x3c, 0xe7, 0x3c, 0xe7, 0xba, 0xd6, 0x91, 0x94,
  0xce, 0x7b, 0xce, 0x7b, 0x4b, 0x6b, 0x50, 0x8c, 0xb1, 0x94, 0x37, 0xce, 0xb9, 0xd6, 0x99, 0xd6,
  0x17, 0xc6, 0x6c, 0x6b, 0xd9, 0xde, 0x78, 0xd6, 0x37, 0xc6, 0x17, 0xc6, 0x37, 0xc6, 0xd6, 0xbd,
  0xb5, 0xbd, 0x95, 0xb5, 0x34, 0xad, 0x95, 0xb5, 0x58, 0xce, 0x58, 0xce, 0x95, 0xb5, 0xf7, 0xbd,
  0x95, 0xb5, 0x79, 0xce, 0x7d, 0xef, 0x7d, 0xef, 0x7d, 0xef, 0x9d, 0xf7, 0x9e, 0xf7, 0x9e, 0xf7,
  0x9e, 0xf7, 0x3c, 0xe7, 0xda, 0xde, 0x13, 0xa5, 0xaa, 0x52, 0xef, 0x83, 0xef, 0x83, 0x69, 0x52,
  0x91, 0x94, 0x2f, 0x8c, 0xca, 0x5a, 0xad, 0x7b, 0xce, 0x7b, 0x50, 0x8c, 0x0b, 0x63, 0xb6, 0xb5,
  0x17, 0xc6, 0xb5, 0xb5, 0x78, 0xce, 0x58, 0xce, 0x38, 0xc6, 0x37, 0xc6, 0x99, 0xd6, 0x99, 0xd6,
  0x99, 0xd6, 0x58, 0xc6, 0x99, 0xd6, 0xbe, 0xf7, 0xbe, 0xf7, 0xbe, 0xf7, 0x7d, 0xf7, 0x5c, 0xef,
  0x3c, 0xe7, 0x1b, 0xe7, 0xba, 0xde, 0xba, 0xd6, 0x38, 0xce, 0x17, 0xc6, 0x17, 0xc6, 0x38, 0xce,
  0x58, 0xce, 0x37, 0xc6, 0x37, 0xc6, 0xb9, 0xd6, 0xda, 0xde, 0x99, 0xd6, 0xd9, 0xd6, 0xba, 0xde,
  0x99, 0xd6, 0x99, 0xd6, 0x79, 0xce, 0x79, 0xce, 0x79, 0xce, 0x79, 0xce, 0x79, 0xce, 0x79, 0xce,
  0x79, 0xce, 0x99, 0xd6, 0x99, 0xd6, 0x99, 0xd6, 0xba, 0xd6, 0xba, 0xd6, 0xba, 0xd6, 0xba, 0xd6,
  0xba, 0xd6, 0xba, 0xd6, 0xba, 0xd6, 0xba, 0xd6, 0xba, 0xd6, 0xba, 0xd6, 0xba, 0xd6, 0xba, 0xd6,
  0xba, 0xd6, 0xba, 0xd6, 0xba, 0xd6, 0xba, 0xd6, 0xba, 0xd6, 0xb9, 0xd6, 0x99, 0xce, 0x99, 0xce,
  0x38, 0xc6, 0x38, 0xc6, 0x38, 0xc6, 0x38, 0xc6, 0x38, 0xc6, 0x38, 0xc6, 0x38, 0xc6, 0x38, 0xc6,
  0x38, 0xc6, 0x38, 0xc6, 0x38, 0xc6, 0x38, 0xc6, 0x38, 0xc6, 0x58, 0xce, 0x99, 0xd6, 0xfb, 0xde,
  0x1b, 0xe7, 0x3c, 0xe7, 0x3c, 0xe7, 0x1c, 0xe7, 0x1b, 0xe7, 0x1b, 0xe7, 0x1b, 0xe7, 0x1c, 0xe7,
  0x1b, 0xe7, 0x1c, 0xe7, 0x1c, 0xe7, 0x1c, 0xe7, 0x1b, 0xe7, 0x1b, 0xe7, 0x1b, 0xe7, 0x1b, 0xe7,
  0x1c, 0xe7, 0x1c, 0xe7, 0x1c, 0xe7, 0x1c, 0xe7, 0x1c, 0xe7, 0x1c, 0xe7, 0x1c, 0xe7, 0x1c, 0xe7,
  0x3c, 0xe7, 0x3c, 0xe7, 0x3c, 0xe7, 0x1c, 0xe7, 0x3c, 0xe7, 0x1b, 0xe7, 0xb9, 0xd6, 0xb9, 0xd6,
  0x78, 0xd6, 0x58, 0xce, 0xf7, 0xc5, 0x99, 0xde, 0xba, 0xde, 0x99, 0xd6, 0x99, 0xd6, 0xda, 0xe6,
  0x58, 0xce, 0xf6, 0xc5, 0x1b, 0xef, 0xda, 0xde, 0x78, 0xd6, 0x17, 0xc6, 0x17, 0xc6, 0xb6, 0xbd,
  0x95, 0xb5, 0x95, 0xb5, 0xb6, 0xbd, 0xf7, 0xc5, 0x58, 0xce, 0x58, 0xce, 0xb6, 0xb5, 0x17, 0xc6,
  0x75, 0xb5, 0x79, 0xce, 0x7d, 0xef, 0x7d, 0xef, 0x7d, 0xef, 0x7d, 0xef, 0x7d, 0xef, 0x7d, 0xef,
  0x9e, 0xf7, 0xfb, 0xde, 0xda, 0xde, 0x50, 0x8c, 0x58, 0xce, 0xbd, 0xf7, 0xbd, 0xf7, 0xf7, 0xc5,
  0xef, 0x83, 0xef, 0x83, 0x13, 0xad, 0x17, 0xc6, 0xd6, 0xbd, 0x94, 0xb5, 0x2b, 0x63, 0xd6, 0xbd,
  0x37, 0xc6, 0x95, 0xb5, 0xf7, 0xbd, 0x99, 0xce, 0x58, 0xc6, 0x37, 0xc6, 0x78, 0xce, 0x79, 0xce,
  0x99, 0xce, 0x38, 0xc6, 0x78, 0xce, 0x9d, 0xf7, 0x9e, 0xf7, 0xbe, 0xf7, 0xbe, 0xf7, 0xbe, 0xf7,
  0xbe, 0xf7, 0xbe, 0xf7, 0xbe, 0xf7, 0x9e, 0xf7, 0x5c, 0xef, 0x1b, 0xe7, 0x99, 0xd6, 0x78, 0xce,
  0x58, 0xce, 0x17, 0xc6, 0x58, 0xc6, 0xba, 0xd6, 0x38, 0xce, 0x78, 0xce, 0x9d, 0xef, 0x7d, 0xef,
  0x7d, 0xef, 0x7d, 0xef, 0x5d, 0xef, 0x5c, 0xef, 0x3c, 0xe7, 0x3c, 0xe7, 0x1c, 0xe7, 0x1b, 0xe7,
  0x1b, 0xdf, 0xfb, 0xde, 0xfb, 0xde, 0xfb, 0xde, 0xfb, 0xde, 0xdb, 0xde, 0xda, 0xde, 0xda, 0xde,
  0xda, 0xd6, 0xba, 0xd6, 0xba, 0xd6, 0xba, 0xd6, 0xb9, 0xd6, 0xb9, 0xd6, 0xb9, 0xd6, 0xb9, 0xd6,
  0xba, 0xd6, 0xba, 0xd6, 0xba, 0xd6, 0xba, 0xd6, 0xda, 0xd6, 0xba, 0xd6, 0xba, 0xd6, 0xda, 0xd6,
  0x17, 0xc6, 0x17, 0xc6, 0x17, 0xc6, 0x17, 0xc6, 0x17, 0xc6, 0x17, 0xc6, 0x17, 0xc6, 0x17, 0xc6,
  0x17, 0xc6, 0xf7, 0xbd, 0x17, 0xc6, 0x58, 0xce, 0xba, 0xd6, 0xfb, 0xde, 0x3c, 0xe7, 0x3c, 0xe7,
  0x3c, 0xe7, 0x1c, 0xe7, 0x1c, 0xe7, 0x1c, 0xe7, 0x1b, 0xe7, 0x1b, 0xe7, 0x1b, 0xe7, 0x1b, 0xe7,
  0x1b, 0xe7, 0x1b, 0xe7, 0x1b, 0xe7, 0x1b, 0xe7, 0x1b, 0xe7, 0x1b, 0xe7, 0x1b, 0xe7, 0x1b, 0xe7,
  0x1c, 0xe7, 0x1c, 0xe7, 0x1c, 0xe7, 0x1c, 0xe7, 0x1c, 0xe7, 0x1c, 0xe7, 0x1c, 0xe7, 0x1c, 0xe7,
  0x1c, 0xe7, 0x1c, 0xe7, 0x1c, 0xe7, 0x1c, 0xe7, 0x1c, 0xe7, 0x3c, 0xe7, 0x3c, 0xe7, 0xda, 0xde,
  0x95, 0xbd, 0x54, 0xb5, 0x75, 0xbd, 0x54, 0xbd, 0x75, 0xb5, 0x75, 0xbd, 0xb6, 0xbd, 0xd6, 0xc5,
  0xf7, 0xc5, 0x78, 0xd6, 0x99, 0xd6, 0x99, 0xd6, 0x78, 0xd6, 0x78, 0xd6, 0x17, 0xce, 0xf6, 0xc5,
  0xf7, 0xc5, 0xd6, 0xbd, 0x58, 0xce, 0xd6, 0xbd, 0xd6, 0xc5, 0x58, 0xce, 0xf6, 0xbd, 0xd7, 0xbd,
  0x75, 0xb5, 0x99, 0xd6, 0x7d, 0xef, 0x5c, 0xef, 0x5c, 0xef, 0x5c, 0xef, 0x5d, 0xef, 0x5d, 0xef,
  0x7d, 0xef, 0xfb, 0xde, 0xba, 0xde, 0x8e, 0x7b, 0x50, 0x8c, 0xd2, 0x9c, 0x34, 0xad, 0x50, 0x8c,
  0x30, 0x8c, 0xce, 0x83, 0x37, 0xce, 0xfb, 0xe6, 0xfa, 0xe6, 0x5c, 0xef, 0x6c, 0x6b, 0xb5, 0xb5,
  0x58, 0xce, 0xb6, 0xb5, 0xb6, 0xb5, 0x58, 0xce, 0x99, 0xd6, 0x37, 0xc6, 0x58, 0xc6, 0x78, 0xce,
  0x58, 0xce, 0x58, 0xc6, 0x58, 0xce, 0x9d, 0xf7, 0x9e, 0xf7, 0x9e, 0xf7, 0x9e, 0xf7, 0x9e, 0xf7,
  0x9e, 0xf7, 0x9e, 0xf7, 0x9e, 0xf7, 0x9e, 0xf7, 0x9e, 0xf7, 0xbe, 0xf7, 0xbe, 0xf7, 0x7d, 0xef,
  0x3b, 0xe7, 0xda, 0xd6, 0xb9, 0xd6, 0x38, 0xc6, 0xd6, 0xbd, 0xba, 0xd6, 0xbe, 0xf7, 0x9e, 0xef,
  0x9e, 0xf7, 0x9e, 0xf7, 0x9e, 0xf7, 0x9e, 0xf7, 0x9e, 0xf7, 0x9e, 0xf7, 0x9e, 0xf7, 0x9d, 0xf7,
  0x9d, 0xef, 0x9d, 0xef, 0x7d, 0xef, 0x7d, 0xef, 0x7d, 0xef, 0x7d, 0xef, 0x7d, 0xef, 0x7c, 0xef,
  0x5c, 0xef, 0x5c, 0xe7, 0x3c, 0xe7, 0x3c, 0xe7, 0x1b, 0xe7, 0x1b, 0xe7, 0x1b, 0xe7, 0xfb, 0xde,
  0xfb, 0xde, 0xda, 0xde, 0xda, 0xde, 0xda, 0xde, 0xda, 0xde, 0xda, 0xde, 0xda, 0xde, 0xda, 0xde,
  0xf7, 0xbd, 0xf7, 0xbd, 0xf7, 0xbd, 0xf7, 0xbd, 0xf7, 0xbd, 0xf7, 0xbd, 0xd6, 0xbd, 0xd6, 0xbd,
  0xf7, 0xbd, 0x58, 0xce, 0xda, 0xde, 0x1c, 0xe7, 0x3c, 0xe7, 0x3c, 0xe7, 0x3c, 0xe7, 0x3c, 0xe7,
  0x1c, 0xe7, 0x1b, 0xe7, 0x1b, 0xe7, 0x1b, 0xe7, 0x1b, 0xe7, 0x1b, 0xdf, 0x1b, 0xe7, 0x1b, 0xe7,
  0xfb, 0xde, 0x1b, 0xe7, 0x1b, 0xe7, 0x1b, 0xe7, 0x1b, 0xe7, 0x1b, 0xe7, 0x1b, 0xe7, 0x1b, 0xe7,
  0x1b, 0xe7, 0x1b, 0xe7, 0x1b, 0xe7, 0x1b, 0xe7, 0x1b, 0xe7, 0x1b, 0xe7, 0x1b, 0xe7, 0x1b, 0xe7,
  0x1c, 0xe7, 0x1c, 0xe7, 0x1c, 0xe7, 0x1b, 0xe7, 0x1b, 0xe7, 0x3c, 0xe7, 0x9d, 0xef, 0x3b, 0xe7,
  0x58, 0xce, 0x38, 0xc6, 0xf7, 0xc5, 0xd6, 0xc5, 0xb6, 0xc5, 0x96, 0xbd, 0x95, 0xbd, 0x75, 0xbd,
  0x95, 0xbd, 0x54, 0xb5, 0x74, 0xb5, 0xb6, 0xbd, 0xd6, 0xbd, 0xf6, 0xc5, 0x17, 0xce, 0x37, 0xce,
  0x58, 0xd6, 0x58, 0xd6, 0x58, 0xd6, 0x95, 0xbd, 0x95, 0xbd, 0x38, 0xce, 0x17, 0xc6, 0x95, 0xb5,
  0xb6, 0xb5, 0x1b, 0xdf, 0x5c, 0xef, 0x3c, 0xe7, 0x5c, 0xef, 0x5c, 0xef, 0x5d, 0xef, 0x5d, 0xef,
  0x7d, 0xef, 0x99, 0xd6, 0x78, 0xce, 0xd6, 0xbd, 0xb1, 0x9c, 0xb2, 0x9c, 0x91, 0x9c, 0xb1, 0x9c,
  0xba, 0xde, 0x38, 0xce, 0xb9, 0xde, 0xb9, 0xde, 0xb9, 0xde, 0xb9, 0xde, 0x70, 0x8c, 0x37, 0xce,
  0x58, 0xce, 0x17, 0xc6, 0xf7, 0xbd, 0x17, 0xc6, 0x99, 0xce, 0x78, 0xce, 0x37, 0xc6, 0x78, 0xce,
  0x58, 0xce, 0x38, 0xc6, 0x38, 0xc6, 0x9d, 0xf7, 0x9e, 0xf7, 0x9e, 0xf7, 0x9e, 0xf7, 0x9e, 0xf7,
  0x9e, 0xf7, 0x9e, 0xf7, 0x9e, 0xf7, 0x9e, 0xf7, 0x7d, 0xef, 0x7d, 0xef, 0x9d, 0xef, 0x9d, 0xef,
  0x9e, 0xf7, 0xbe, 0xf7, 0x7d, 0xef, 0x79, 0xce, 0x79, 0xd6, 0x1c, 0xe7, 0x9e, 0xf7, 0x9d, 0xef,
  0x7d, 0xef, 0x7d, 0xef, 0x7d, 0xef, 0x7d, 0xef, 0x7d, 0xef, 0x7d, 0xef, 0x7d, 0xef, 0x7d, 0xef,
  0x7d, 0xef, 0x7d, 0xef, 0x7d, 0xef, 0x7d, 0xef, 0x7d, 0xef, 0x7d, 0xef, 0x7d, 0xef, 0x7d, 0xef,
  0x7d, 0xef, 0x7d, 0xef, 0x7d, 0xef, 0x5c, 0xef, 0x5c, 0xef, 0x5c, 0xef, 0x5c, 0xef, 0x5c, 0xef,
  0x5c, 0xef, 0x5c, 0xe7, 0x5c, 0xef, 0x5c, 0xef, 0x5c, 0xef, 0x5c, 0xe7, 0x3c, 0xe7, 0x3c, 0xe7,
  0xd6, 0xbd, 0xd6, 0xbd, 0xd6, 0xbd, 0xd6, 0xb5, 0xb6, 0xb5, 0xd6, 0xbd, 0x17, 0xc6, 0x79, 0xce,
  0xfb, 0xde, 0x1c, 0xe7, 0x1c, 0xe7, 0x1c, 0xe7, 0x1c, 0xe7, 0x1c, 0xe7, 0x1c, 0xe7, 0x1c, 0xe7,
  0x1b, 0xe7, 0x1b, 0xe7, 0x1b, 0xe7, 0x1b, 0xe7, 0x1b, 0xe7, 0x1b, 0xe7, 0xfb, 0xde, 0xfb, 0xde,
  0xfb, 0xde, 0xfb, 0xde, 0xfb, 0xde, 0xfb, 0xde, 0x1b, 0xdf, 0x1b, 0xdf, 0x1b, 0xdf, 0x1b, 0xdf,
  0x1b, 0xdf, 0x1b, 0xdf, 0x1b, 0xdf, 0x1b, 0xdf, 0x1b, 0xdf, 0x1b, 0xdf, 0x1b, 0xdf, 0x1b, 0xdf,
  0x1b, 0xe7, 0x1b, 0xe7, 0x1b, 0xdf, 0xfb, 0xde, 0x1b, 0xe7, 0x99, 0xe6, 0xd5, 0xd5, 0x13, 0xc5,
  0x13, 0xc5, 0x34, 0xc5, 0xb5, 0xcd, 0x17, 0xd6, 0x57, 0xd6, 0x58, 0xd6, 0x99, 0xd6, 0x99, 0xd6,
  0xb9, 0xd6, 0x99, 0xd6, 0x78, 0xce, 0x38, 0xce, 0xf7, 0xc5, 0xd7, 0xc5, 0xb6, 0xbd, 0xb5, 0xbd,
  0xb6, 0xbd, 0xb6, 0xbd, 0x75, 0xb5, 0x75, 0xb5, 0x95, 0xbd, 0xb5, 0xbd, 0x17, 0xc6, 0xb6, 0xbd,
  0x78, 0xce, 0x5c, 0xe7, 0x3c, 0xe7, 0x3c, 0xe7, 0x3c, 0xe7, 0x3c, 0xe7, 0x3c, 0xe7, 0x5d, 0xef,
  0x5d, 0xef, 0xda, 0xde, 0x78, 0xd6, 0xf6, 0xc5, 0x17, 0xce, 0x17, 0xce, 0x37, 0xce, 0x58, 0xd6,
  0x38, 0xce, 0x78, 0xd6, 0x78, 0xd6, 0x58, 0xd6, 0x78, 0xd6, 0x79, 0xd6, 0xb9, 0xde, 0xb9, 0xde,
  0x79, 0xce, 0x17, 0xc6, 0xf7, 0xbd, 0x17, 0xbe, 0x78, 0xce, 0x79, 0xce, 0x17, 0xc6, 0x58, 0xce,
  0x58, 0xce, 0x38, 0xc6, 0x38, 0xc6, 0x9e, 0xf7, 0x7d, 0xef, 0x7d, 0xef, 0x9e, 0xf7, 0x9e, 0xf7,
  0x9e, 0xf7, 0x9e, 0xf7, 0x7d, 0xef, 0x7d, 0xef, 0x7d, 0xef, 0x7d, 0xef, 0x7d, 0xef, 0x7d, 0xef,
  0x7d, 0xef, 0x7d, 0xef, 0x7d, 0xef, 0x5d, 0xef, 0x7d, 0xef, 0x9e, 0xf7, 0x7d, 0xef, 0x9d, 0xef,
  0x7d, 0xef, 0x7d, 0xef, 0x7d, 0xef, 0x7d, 0xef, 0x7d, 0xef, 0x7d, 0xef, 0x7d, 0xef, 0x7d, 0xef,
  0x7d, 0xef, 0x5d, 0xef, 0x5d, 0xef, 0x5d, 0xef, 0x5d, 0xef, 0x5d, 0xef, 0x5d, 0xef, 0x5d, 0xef,
  0x5d, 0xef, 0x5d, 0xef, 0x5d, 0xef, 0x5c, 0xef, 0x5c, 0xef, 0x5c, 0xef, 0x5c, 0xef, 0x5c, 0xef,
  0x5c, 0xef, 0x5c, 0xef, 0x3c, 0xe7, 0x3c, 0xe7, 0x3c, 0xe7, 0x3c, 0xe7, 0x3c, 0xe7, 0x5c, 0xef,
  0xb6, 0xb5, 0x95, 0xb5, 0x95, 0xb5, 0xd6, 0xbd, 0x58, 0xce, 0xba, 0xd6, 0x1b, 0xe7, 0x1c, 0xe7,
  0x1c, 0xe7, 0x1b, 0xe7, 0x1b, 0xe7, 0x1b, 0xe7, 0x1c, 0xe7, 0x1c, 0xe7, 0x1b, 0xe7, 0x1b, 0xe7,
  0x1b, 0xe7, 0x1b, 0xe7, 0x1b, 0xe7, 0x1b, 0xe7, 0x1b, 0xe7, 0x1b, 0xdf, 0xfb, 0xde, 0xfb, 0xde,
  0xfb, 0xde, 0xfb, 0xde, 0xfb, 0xde, 0xfb, 0xde, 0xfb, 0xde, 0xfb, 0xde, 0xfb, 0xde, 0xfb, 0xde,
  0xfb, 0xde, 0xfb, 0xde, 0xfb, 0xde, 0xfb, 0xde, 0xfb, 0xde, 0xfb, 0xde, 0xfb, 0xde, 0xfb, 0xde,
  0xfb, 0xde, 0xfb, 0xde, 0xfb, 0xde, 0x1b, 0xdf, 0xb9, 0xe6, 0xce, 0xbb, 0xca, 0xb2, 0x68, 0xaa,
  0xe7, 0x99, 0xa6, 0x99, 0xc6, 0x99, 0x28, 0xa2, 0x89, 0xaa, 0xaa, 0xaa, 0x2c, 0xb3, 0xae, 0xbb,
  0x10, 0xbc, 0x71, 0xc4, 0xf2, 0xc4, 0xd6, 0xcd, 0x59, 0xd6, 0x79, 0xd6, 0x58, 0xce, 0xf7, 0xc5,
  0xd6, 0xc5, 0xb6, 0xbd, 0x34, 0xb5, 0x0f, 0x8c, 0xd2, 0xa4, 0x75, 0xbd, 0xd6, 0xc5, 0xda, 0xe6,
  0x3b, 0xe7, 0x1b, 0xe7, 0x1c, 0xe7, 0x3c, 0xe7, 0x3c, 0xe7, 0x3c, 0xe7, 0x3c, 0xe7, 0x3c, 0xe7,
  0x3c, 0xe7, 0x3b, 0xe7, 0xda, 0xde, 0x54, 0xb5, 0x33, 0xad, 0x33, 0xad, 0x13, 0xad, 0xf3, 0xa4,
  0xd2, 0xa4, 0xd2, 0xa4, 0xf3, 0xa4, 0x13, 0xa5, 0x13, 0xad, 0x34, 0xad, 0x34, 0xad, 0x75, 0xb5,
  0xf7, 0xc5, 0x38, 0xc6, 0x38, 0xc6, 0x38, 0xc6, 0x58, 0xce, 0x99, 0xd6, 0xf6, 0xbd, 0x17, 0xc6,
  0x58, 0xce, 0x17, 0xc6, 0x78, 0xce, 0x9e, 0xf7, 0x7d, 0xef, 0x7d, 0xef, 0x7d, 0xef, 0x7d, 0xef,
  0x7d, 0xef, 0x7d, 0xef, 0x7d, 0xef, 0x7d, 0xef, 0x7d, 0xef, 0x7d, 0xef, 0x7d, 0xef, 0x7d, 0xef,
  0x7d, 0xef, 0x5d, 0xef, 0x7d, 0xef, 0x7d, 0xef, 0x7d, 0xef, 0x7d, 0xef, 0x7d, 0xef, 0x7d, 0xef,
  0x7d, 0xef, 0x5d, 0xef, 0x5d, 0xef, 0x5d, 0xef, 0x5d, 0xef, 0x5d, 0xef, 0x5d, 0xef, 0x5d, 0xef,
  0x5d, 0xef, 0x5d, 0xef, 0x5d, 0xef, 0x5d, 0xef, 0x5d, 0xef, 0x5d, 0xef, 0x5d, 0xef, 0x5d, 0xef,
  0x5d, 0xef, 0x5d, 0xef, 0x5d, 0xef, 0x5d, 0xef, 0x5d, 0xef, 0x5d, 0xef, 0x5d, 0xef, 0x3c, 0xe7,
  0x3c, 0xe7, 0x3c, 0xe7, 0x3c, 0xe7, 0x3c, 0xe7, 0x3c, 0xe7, 0x3c, 0xe7, 0x3c, 0xe7, 0x3c, 0xe7,
  0xb6, 0xb5, 0xf7, 0xbd, 0x99, 0xd6, 0xfb, 0xde, 0x1b, 0xe7, 0x1c, 0xe7, 0x1b, 0xe7, 0x1b, 0xe7,
  0x1b, 0xe7, 0x1b, 0xe7, 0x1b, 0xe7, 0x1b, 0xe7, 0x1b, 0xe7, 0x1b, 0xe7, 0x1b, 0xe7, 0x1b, 0xe7,
  0x1b, 0xe7, 0x1b, 0xe7, 0x1b, 0xe7, 0x1b, 0xe7, 0x1b, 0xdf, 0xfb, 0xde, 0xfb, 0xde, 0xfb, 0xde,
  0xfb, 0xde, 0xfb, 0xde, 0xfb, 0xde, 0xfb, 0xde, 0xfb, 0xde, 0xfb, 0xde, 0xfb, 0xde, 0xfb, 0xde,
  0xfb, 0xde, 0xfb, 0xde, 0xfb, 0xde, 0xfb, 0xde, 0xfb, 0xde, 0xfb, 0xde, 0xfb, 0xde, 0xfb, 0xde,
  0xfb, 0xde, 0xfb, 0xde, 0xfb, 0xde, 0xfb, 0xe6, 0x50, 0xbc, 0x0a, 0xb3, 0x0a, 0xbb, 0xea, 0xba,
  0xea, 0xc2, 0xca, 0xba, 0x89, 0xba, 0x68, 0xb2, 0x28, 0xba, 0x07, 0xb2, 0xc6, 0xa9, 0xa6, 0xb1,
  0xc6, 0xa9, 0x86, 0xa9, 0x24, 0x91, 0xe7, 0x91, 0xeb, 0x9a, 0x50, 0xb4, 0xb5, 0xc5, 0x38, 0xce,
  0x38, 0xce, 0x17, 0xce, 0x37, 0xce, 0x75, 0xb5, 0x71, 0x94, 0x8d, 0x8b, 0x0e, 0xac, 0xb5, 0xcd,
  0x3b, 0xe7, 0x1b, 0xe7, 0x1c, 0xe7, 0x3c, 0xe7, 0x3c, 0xe7, 0x3c, 0xe7, 0x3c, 0xe7, 0x3c, 0xe7,
  0x3c, 0xe7, 0x3c, 0xe7, 0x9d, 0xef, 0xfa, 0xde, 0x99, 0xce, 0xb9, 0xd6, 0x99, 0xd6, 0x78, 0xce,
  0x58, 0xce, 0x37, 0xce, 0x17, 0xc6, 0xf7, 0xc5, 0xd6, 0xc5, 0xd6, 0xbd, 0xd6, 0xbd, 0xd6, 0xbd,
  0x17, 0xc6, 0x58, 0xce, 0x58, 0xce, 0x38, 0xc6, 0x58, 0xce, 0x58, 0xce, 0x38, 0xc6, 0x17, 0xc6,
  0x37, 0xc6, 0x17, 0xc6, 0xda, 0xde, 0x9d, 0xf7, 0x7d, 0xef, 0x7d, 0xef, 0x7d, 0xef, 0x7d, 0xef,
  0x7d, 0xef, 0x7d, 0xef, 0x5d, 0xef, 0x5d, 0xef, 0x5d, 0xef, 0x5d, 0xef, 0x5d, 0xef, 0x5d, 0xef,
  0x5d, 0xef, 0x5d, 0xef, 0x5d, 0xef, 0x5d, 0xef, 0x5d, 0xef, 0x5d, 0xef, 0x5d, 0xef, 0x5d, 0xef,
  0x5d, 0xef, 0x5d, 0xef, 0x5d, 0xef, 0x5d, 0xef, 0x5d, 0xef, 0x5d, 0xef, 0x5d, 0xef, 0x5d, 0xef,
  0x5d, 0xef, 0x3c, 0xe7, 0x5d, 0xef, 0x5d, 0xef, 0x5d, 0xef, 0x5d, 0xef, 0x5d, 0xef, 0x5d, 0xef,
  0x5d, 0xef, 0x5d, 0xef, 0x5d, 0xef, 0x5d, 0xef, 0x3c, 0xe7, 0x3c, 0xe7, 0x3c, 0xe7, 0x3c, 0xe7,
  0x3c, 0xe7, 0x3c, 0xe7, 0x1c, 0xe7, 0x1c, 0xe7, 0x1c, 0xe7, 0x1c, 0xe7, 0x1c, 0xe7, 0x1c, 0xe7,
  0xdb, 0xde, 0x1c, 0xe7, 0x3c, 0xe7, 0x1c, 0xe7, 0x1b, 0xe7, 0x1b, 0xe7, 0x1b, 0xe7, 0x1b, 0xe7,
  0x1b, 0xe7, 0x1b, 0xe7, 0x1b, 0xe7, 0x1b, 0xe7, 0x1b, 0xe7, 0x1b, 0xe7, 0x1b, 0xe7, 0x1b, 0xe7,
  0x1b, 0xe7, 0x1b, 0xe7, 0x1b, 0xe7, 0xfb, 0xde, 0xfb, 0xde, 0xfb, 0xde, 0xfb, 0xde, 0xfb, 0xde,
  0xfb, 0xde, 0xfb, 0xde, 0xfb, 0xde, 0xfb, 0xde, 0xfb, 0xde, 0xfb, 0xde, 0xfb, 0xde, 0xfb, 0xde,
  0xfb, 0xde, 0xfb, 0xde, 0xfb, 0xde, 0xfb, 0xde, 0xfb, 0xde, 0xfb, 0xde, 0xfb, 0xde, 0xfb, 0xde,
  0xfb, 0xde, 0xfa, 0xde, 0x1b, 0xe7, 0xf2, 0xc4, 0xeb, 0xb2, 0x0a, 0xbb, 0xe9, 0xba, 0xea, 0xba,
  0xc9, 0xba, 0xa9, 0xb2, 0x88, 0xb2, 0xa9, 0xba, 0xa9, 0xba, 0xa9, 0xba, 0x89, 0xba, 0x88, 0xba,
  0x68, 0xba, 0xc6, 0xa9, 0x24, 0x99, 0x04, 0x91, 0x04, 0x89, 0x04, 0x89, 0xa6, 0x89, 0xcb, 0x9a,
  0x50, 0xbc, 0x54, 0xc5, 0xb2, 0xac, 0x49, 0x6a, 0x24, 0x59, 0xc6, 0x71, 0x4b, 0x9b, 0x13, 0xcd,
  0x3b, 0xe7, 0x1b, 0xe7, 0x1b, 0xe7, 0x1c, 0xe7, 0x1c, 0xe7, 0x1c, 0xe7, 0x1c, 0xe7, 0x1c, 0xe7,
  0x1c, 0xe7, 0x5c, 0xef, 0xf7, 0xd5, 0x51, 0xbc, 0x92, 0xc4, 0x13, 0xcd, 0x54, 0xd5, 0x95, 0xd5,
  0xb6, 0xd5, 0xd6, 0xd5, 0xf8, 0xd5, 0x38, 0xd6, 0x59, 0xde, 0x79, 0xde, 0x9a, 0xde, 0x99, 0xd6,
  0x99, 0xce, 0x99, 0xce, 0x79, 0xce, 0x59, 0xce, 0x79, 0xce, 0xd6, 0xbd, 0x95, 0xb5, 0x17, 0xc6,
  0x99, 0xd6, 0xba, 0xd6, 0x5c, 0xef, 0x7d, 0xef, 0x7d, 0xef, 0x7d, 0xef, 0x5d, 0xef, 0x5d, 0xef,
  0x5d, 0xef, 0x5d, 0xef, 0x5d, 0xef, 0x5d, 0xef, 0x5d, 0xef, 0x5d, 0xef, 0x5d, 0xef, 0x5d, 0xef,
  0x5d, 0xef, 0x5d, 0xef, 0x5d, 0xef, 0x5d, 0xef, 0x5d, 0xef, 0x5d, 0xef, 0x5d, 0xef, 0x5d, 0xef,
  0x5d, 0xef, 0x5d, 0xef, 0x5d, 0xef, 0x5d, 0xef, 0x5d, 0xef, 0x5d, 0xef, 0x5d, 0xef, 0x5d, 0xef,
  0x5d, 0xef, 0x3c, 0xe7, 0x3c, 0xe7, 0x3c, 0xe7, 0x5d, 0xef, 0x5d, 0xef, 0x3c, 0xe7, 0x3c, 0xe7,
  0x3c, 0xe7, 0x3c, 0xe7, 0x3c, 0xe7, 0x3c, 0xe7, 0x3c, 0xe7, 0x3c, 0xe7, 0x3c, 0xe7, 0x3c, 0xe7,
  0x1c, 0xe7, 0x1c, 0xe7, 0x1c, 0xe7, 0x1c, 0xe7, 0x1c, 0xe7, 0x1c, 0xe7, 0x1c, 0xe7, 0x1c, 0xe7,
  0x1c, 0xe7, 0x1c, 0xe7, 0x1c, 0xe7, 0x1c, 0xe7, 0x1c, 0xe7, 0x1b, 0xe7, 0x1b, 0xe7, 0x1b, 0xe7,
  0x1b, 0xe7, 0x1b, 0xe7, 0x1b, 0xe7, 0x1b, 0xe7, 0x1b, 0xe7, 0x1b, 0xe7, 0x1b, 0xe7, 0x1b, 0xe7,
  0x1b, 0xe7, 0xfb, 0xde, 0xfb, 0xde, 0xfb, 0xde, 0xfb, 0xde, 0xfb, 0xde, 0xfb, 0xde, 0xfb, 0xde,
  0xfb, 0xde, 0xfb, 0xde, 0xfb, 0xde, 0xfb, 0xde, 0xfb, 0xde, 0xfb, 0xde, 0xfb, 0xde, 0xdb, 0xde,
  0xdb, 0xde, 0xdb, 0xde, 0xfb, 0xde, 0xfb, 0xde, 0xfb, 0xde, 0xfb, 0xde, 0xfb, 0xde, 0xfb, 0xde,
  0xda, 0xde, 0x3b, 0xdf, 0x55, 0xd5, 0xeb, 0xb2, 0x0a, 0xc3, 0x0a, 0xbb, 0xc9, 0xba, 0xa9, 0xb2,
  0x89, 0xb2, 0x88, 0xba, 0x88, 0xba, 0x89, 0xba, 0xa9, 0xc2, 0x89, 0xba, 0x88, 0xba, 0x48, 0xba,
  0x48, 0xb2, 0x65, 0x99, 0x45, 0x91, 0x45, 0x99, 0x45, 0x99, 0x45, 0x99, 0x25, 0x91, 0xe4, 0x88,
  0x25, 0x91, 0x86, 0x91, 0x86, 0x81, 0xa6, 0x81, 0x07, 0x92, 0xc6, 0x81, 0x6c, 0xab, 0xf2, 0xc4,
  0x1a, 0xe7, 0x1b, 0xe7, 0x1b, 0xe7, 0x1b, 0xe7, 0x1c, 0xe7, 0x1c, 0xe7, 0x1b, 0xe7, 0xfb, 0xe6,
  0x3c, 0xe7, 0xf7, 0xd5, 0xe7, 0xa1, 0xa5, 0xa9, 0x86, 0xa1, 0x86, 0xa1, 0x86, 0xa1, 0x86, 0xa1,
  0xa6, 0xa1, 0xe7, 0xa1, 0xe7, 0xa1, 0x28, 0xa2, 0x69, 0xaa, 0xaa, 0xaa, 0xcb, 0xaa, 0x0c, 0xab,
  0x71, 0xb4, 0xf6, 0xc5, 0x78, 0xce, 0xba, 0xd6, 0x99, 0xce, 0xba, 0xd6, 0xd6, 0xc5, 0x18, 0xd6,
  0x5c, 0xef, 0x7d, 0xef, 0x7c, 0xef, 0x5c, 0xef, 0x5d, 0xef, 0x7d, 0xef, 0x5d, 0xef, 0x5d, 0xef,
  0x5d, 0xef, 0x5d, 0xef, 0x5d, 0xef, 0x5d, 0xef, 0x5d, 0xef, 0x5d, 0xef, 0x5d, 0xef, 0x5d, 0xef,
  0x5d, 0xef, 0x5d, 0xef, 0x5d, 0xef, 0x5d, 0xef, 0x5d, 0xef, 0x5d, 0xef, 0x5d, 0xef, 0x5d, 0xef,
  0x5d, 0xef, 0x5d, 0xef, 0x5d, 0xef, 0x5d, 0xef, 0x5d, 0xef, 0x5d, 0xef, 0x5d, 0xef, 0x3c, 0xe7,
  0x3c, 0xe7, 0x3c, 0xe7, 0x3c, 0xe7, 0x3c, 0xe7, 0x3c, 0xe7, 0x3c, 0xe7, 0x3c, 0xe7, 0x3c, 0xe7,
  0x3c, 0xe7, 0x3c, 0xe7, 0x3c, 0xe7, 0x3c, 0xe7, 0x3c, 0xe7, 0x3c, 0xe7, 0x3c, 0xe7, 0x1c, 0xe7,
  0x1c, 0xe7, 0x1c, 0xe7, 0x1c, 0xe7, 0x1c, 0xe7, 0x1c, 0xe7, 0x1c, 0xe7, 0x1c, 0xe7, 0x1c, 0xe7,
  0x1b, 0xe7, 0x1c, 0xe7, 0x1c, 0xe7, 0x1c, 0xe7, 0x1b, 0xe7, 0x1b, 0xe7, 0x1b, 0xe7, 0x1b, 0xe7,
  0x1b, 0xe7, 0x1b, 0xe7, 0x1b, 0xe7, 0x1b, 0xe7, 0x1b, 0xe7, 0x1b, 0xe7, 0x1b, 0xe7, 0x1b, 0xe7,
  0x1b, 0xdf, 0xfb, 0xde, 0xfb, 0xde, 0xfb, 0xde, 0xfb, 0xde, 0xfb, 0xde, 0xfb, 0xde, 0xfb, 0xde,
  0xfb, 0xde, 0xdb, 0xde, 0xdb, 0xde, 0xdb, 0xde, 0xdb, 0xde, 0xdb, 0xde, 0xdb, 0xde, 0xda, 0xde,
  0xda, 0xde, 0xda, 0xde, 0xda, 0xde, 0xda, 0xde, 0xda, 0xde, 0xdb, 0xde, 0xda, 0xde, 0xda, 0xd6,
  0x1b, 0xdf, 0xf6, 0xd5, 0x2b, 0xb3, 0x2b, 0xc3, 0x2a, 0xc3, 0xea, 0xc2, 0x89, 0xba, 0x89, 0xb2,
  0xa9, 0xba, 0x89, 0xba, 0xa9, 0xc2, 0xa9, 0xc2, 0xa9, 0xc2, 0x89, 0xc2, 0x68, 0xba, 0x68, 0xba,
  0x07, 0xb2, 0x44, 0x99, 0x45, 0x99, 0x45, 0x99, 0x25, 0x91, 0x24, 0x91, 0x25, 0x91, 0x25, 0x91,
  0x45, 0x91, 0x25, 0x89, 0x45, 0x89, 0x08, 0x92, 0x28, 0x92, 0xc7, 0x81, 0x6d, 0xab, 0x71, 0xbc,
  0xda, 0xde, 0x1b, 0xe7, 0xfb, 0xde, 0x1b, 0xe7, 0x1b, 0xdf, 0xfb, 0xde, 0xfb, 0xde, 0xfb, 0xde,
  0x3c, 0xe7, 0x8e, 0xbb, 0xa6, 0xa9, 0x27, 0xb2, 0x07, 0xb2, 0x07, 0xb2, 0x07, 0xb2, 0xe6, 0xa9,
  0xc6, 0xa9, 0xc6, 0xa9, 0xa6, 0xa9, 0xa5, 0xa9, 0x85, 0xa9, 0x85, 0xa9, 0x65, 0xa1, 0xe3, 0x98,
  0xa6, 0x91, 0x89, 0x92, 0x4c, 0x9b, 0xd2, 0xb4, 0x58, 0xd6, 0x58, 0xce, 0x6d, 0x7b, 0x4d, 0x83,
  0x79, 0xd6, 0x5c, 0xef, 0x3c, 0xe7, 0x5c, 0xef, 0x5c, 0xef, 0x5c, 0xef, 0x5d, 0xef, 0x5d, 0xef,
  0x5d, 0xef, 0x5d, 0xef, 0x5d, 0xef, 0x5d, 0xef, 0x5d, 0xef, 0x5d, 0xef, 0x5d, 0xef, 0x5d, 0xef,
  0x5d, 0xef, 0x5d, 0xef, 0x5d, 0xef, 0x5d, 0xef, 0x5d, 0xef, 0x3c, 0xe7, 0x3c, 0xe7, 0x3c, 0xe7,
  0x3c, 0xe7, 0x3c, 0xe7, 0x3c, 0xe7, 0x3c, 0xe7, 0x3c, 0xe7, 0x3c, 0xe7, 0x3c, 0xe7, 0x3c, 0xe7,
  0x3c, 0xe7, 0x3c, 0xe7, 0x3c, 0xe7, 0x3c, 0xe7, 0x1c, 0xe7, 0x1c, 0xe7, 0x1c, 0xe7, 0x1c, 0xe7,
  0x3c, 0xe7, 0x1c, 0xe7, 0x1c, 0xe7, 0x1c, 0xe7, 0x1c, 0xe7, 0x1c, 0xe7, 0x1c, 0xe7, 0x1c, 0xe7,
  0x1c, 0xe7, 0x1c, 0xe7, 0x1c, 0xe7, 0x1c, 0xe7, 0x1c, 0xe7, 0x1c, 0xe7, 0x1c, 0xe7, 0x1c, 0xe7,
  0xfb, 0xde, 0xfb, 0xde, 0xfb, 0xde, 0xfb, 0xde, 0xfb, 0xde, 0xfb, 0xde, 0xfb, 0xde, 0xfb, 0xde,
  0xfb, 0xde, 0xfb, 0xde, 0xfb, 0xde, 0x1b, 0xdf, 0x1b, 0xdf, 0x1b, 0xdf, 0x1b, 0xdf, 0x1b, 0xdf,
  0xfb, 0xde, 0xfb, 0xde, 0xfb, 0xde, 0xfb, 0xde, 0xfb, 0xde, 0xfb, 0xde, 0xfb, 0xde, 0xfb, 0xde,
  0xdb, 0xde, 0xdb, 0xde, 0xdb, 0xde, 0xdb, 0xde, 0xda, 0xde, 0xda, 0xde, 0xda, 0xd6, 0xda, 0xd6,
  0xda, 0xd6, 0xba, 0xd6, 0xba, 0xd6, 0xba, 0xd6, 0xba, 0xd6, 0xba, 0xd6, 0xba, 0xd6, 0xdb, 0xd6,
  0xd6, 0xcd, 0xca, 0xb2, 0xa9, 0xc2, 0x0a, 0xc3, 0x0a, 0xcb, 0xea, 0xca, 0xa9, 0xc2, 0xa9, 0xc2,
  0xca, 0xc2, 0xc9, 0xc2, 0xc9, 0xc2, 0xca, 0xc2, 0xc9, 0xc2, 0x89, 0xc2, 0x48, 0xba, 0x68, 0xc2,
  0xa6, 0xa1, 0x44, 0x99, 0x45, 0x99, 0x45, 0x99, 0x45, 0x99, 0x24, 0x91, 0x25, 0x91, 0x04, 0x91,
  0x24, 0x91, 0x25, 0x91, 0x86, 0x91, 0x08, 0x92, 0x07, 0x92, 0xc7, 0x89, 0x0b, 0xa3, 0x90, 0xb4,
  0xda, 0xde, 0xfb, 0xde, 0x1b, 0xdf, 0x1b, 0xdf, 0xfb, 0xde, 0xfb, 0xde, 0xfb, 0xde, 0x3c, 0xe7,
  0xd6, 0xd5, 0x27, 0xaa, 0x27, 0xba, 0x28, 0xb2, 0x07, 0xba, 0x07, 0xba, 0x07, 0xb2, 0xe7, 0xb1,
  0xe7, 0xb1, 0xe7, 0xb1, 0xe7, 0xb1, 0xe6, 0xb1, 0xc6, 0xb1, 0xe7, 0xb1, 0xc6, 0xa9, 0x65, 0xa1,
  0x28, 0x9a, 0x69, 0x92, 0x08, 0x8a, 0x08, 0x8a, 0xcc, 0x9a, 0x2c, 0x93, 0xaa, 0x7a, 0x6d, 0x93,
  0xf7, 0xd5, 0x7d, 0xef, 0x3c, 0xe7, 0x5c, 0xef, 0x5d, 0xef, 0x5d, 0xef, 0x5d, 0xef, 0x5d, 0xef,
  0x5d, 0xef, 0x5d, 0xef, 0x5d, 0xef, 0x5d, 0xef, 0x5d, 0xef, 0x5d, 0xef, 0x5d, 0xef, 0x3c, 0xe7,
  0x3c, 0xe7, 0x3c, 0xe7, 0x3c, 0xe7, 0x3c, 0xe7, 0x3c, 0xe7, 0x3c, 0xe7, 0x3c, 0xe7, 0x3c, 0xe7,
  0x3c, 0xe7, 0x3c, 0xe7, 0x3c, 0xe7, 0x3c, 0xe7, 0x3c, 0xe7, 0x3c, 0xe7, 0x3c, 0xe7, 0x3c, 0xe7,
  0x3c, 0xe7, 0x3c, 0xe7, 0x3c, 0xe7, 0x3c, 0xe7, 0x1c, 0xe7, 0x1c, 0xe7, 0x1c, 0xe7, 0x1c, 0xe7,
  0x1c, 0xe7, 0x1c, 0xe7, 0x1c, 0xe7, 0x1c, 0xe7, 0x1c, 0xe7, 0x1c, 0xe7, 0x1c, 0xe7, 0x1c, 0xe7,
  0x1c, 0xe7, 0x1c, 0xe7, 0x1c, 0xe7, 0x1c, 0xe7, 0x1c, 0xe7, 0x1c, 0xe7, 0x1c, 0xe7, 0x1c, 0xe7,
  0xfb, 0xde, 0xfb, 0xde, 0xfb, 0xde, 0xfb, 0xde, 0xfb, 0xde, 0xfb, 0xde, 0xfb, 0xde, 0xfb, 0xde,
  0xfb, 0xde, 0xfb, 0xde, 0xfb, 0xde, 0xfb, 0xde, 0xfb, 0xde, 0xfb, 0xde, 0xfb, 0xde, 0xfb, 0xde,
  0xfb, 0xde, 0xfb, 0xde, 0xfb, 0xde, 0xfb, 0xde, 0xfb, 0xde, 0xfb, 0xde, 0xfb, 0xde, 0xdb, 0xde,
  0xdb, 0xde, 0xda, 0xde, 0xda, 0xde, 0xda, 0xd6, 0xda, 0xd6, 0xda, 0xd6, 0xba, 0xd6, 0xba, 0xd6,
  0xba, 0xd6, 0xba, 0xd6, 0xba, 0xd6, 0x9a, 0xd6, 0x9a, 0xd6, 0x9a, 0xd6, 0x99, 0xd6, 0xba, 0xd6,
  0x95, 0xcd, 0x68, 0xaa, 0xe7, 0xb1, 0xe7, 0xb1, 0x07, 0xba, 0x08, 0xc2, 0x28, 0xca, 0x28, 0xca,
  0x48, 0xca, 0x69, 0xca, 0x89, 0xca, 0xa9, 0xca, 0x89, 0xca, 0x69, 0xc2, 0x69, 0xc2, 0x28, 0xc2,
  0x65, 0xa1, 0x45, 0x99, 0x45, 0x99, 0x45, 0x99, 0x25, 0x99, 0x25, 0x99, 0x25, 0x91, 0x24, 0x91,
  0x24, 0x91, 0x25, 0x91, 0xc7, 0x99, 0x48, 0x92, 0x07, 0x8a, 0x44, 0x69, 0xca, 0x82, 0x74, 0xbd,
  0xba, 0xd6, 0xba, 0xd6, 0xda, 0xde, 0xda, 0xde, 0xdb, 0xde, 0xda, 0xde, 0xda, 0xde, 0x1c, 0xe7,
  0x8d, 0xb3, 0xe7, 0xb1, 0x48, 0xb2, 0x28, 0xba, 0x28, 0xba, 0x27, 0xba, 0x27, 0xba, 0x07, 0xb2,
  0x07, 0xb2, 0x07, 0xb2, 0x07, 0xb2, 0xe7, 0xb1, 0xe7, 0xb1, 0xe7, 0xb1, 0xc6, 0xb1, 0x85, 0xa1,
  0x49, 0xa2, 0x8a, 0x9a, 0x69, 0x9a, 0x49, 0x9a, 0x09, 0x92, 0x29, 0x92, 0x4d, 0xa3, 0xd2, 0xbc,
  0x17, 0xd6, 0x5d, 0xef, 0x3c, 0xe7, 0x5c, 0xe7, 0x5d, 0xef, 0x5d, 0xef, 0x3c, 0xe7, 0x3c, 0xe7,
  0x3c, 0xe7, 0x3c, 0xe7, 0x5d, 0xef, 0x5d, 0xef, 0x3c, 0xe7, 0x3c, 0xe7, 0x3c, 0xe7, 0x3c, 0xe7,
  0x3c, 0xe7, 0x3c, 0xe7, 0x3c, 0xe7, 0x1c, 0xe7, 0x1c, 0xe7, 0x1c, 0xe7, 0x1c, 0xe7, 0x1c, 0xe7,
  0x1c, 0xe7, 0x1c, 0xe7, 0x1c, 0xe7, 0x1c, 0xe7, 0x1c, 0xe7, 0x1c, 0xe7, 0x1c, 0xe7, 0x1c, 0xe7,
  0x1c, 0xe7, 0x1c, 0xe7, 0x1c, 0xe7, 0x1c, 0xe7, 0x1b, 0xe7, 0x1b, 0xe7, 0x1b, 0xe7, 0x1c, 0xe7,
  0x1b, 0xe7, 0x1c, 0xe7, 0x1c, 0xe7, 0x1c, 0xe7, 0x1c, 0xe7, 0x1c, 0xe7, 0x1c, 0xe7, 0x1c, 0xe7,
  0x1c, 0xe7, 0x1c, 0xe7, 0x1c, 0xe7, 0x1c, 0xe7, 0x1c, 0xe7, 0x1c, 0xe7, 0x1c, 0xe7, 0x1c, 0xe7,
  0xfb, 0xde, 0xfb, 0xde, 0xfb, 0xde, 0xfb, 0xde, 0xfb, 0xde, 0xfb, 0xde, 0xfb, 0xde, 0xfb, 0xde,
  0xfb, 0xde, 0xfb, 0xde, 0xfb, 0xde, 0xfb, 0xde, 0xfb, 0xde, 0xfb, 0xde, 0xfb, 0xde, 0xfb, 0xde,
  0xfb, 0xde, 0xfb, 0xde, 0xfb, 0xde, 0xfb, 0xde, 0xfb, 0xde, 0xdb, 0xde, 0xdb, 0xde, 0xdb, 0xde,
  0xda, 0xde, 0xda, 0xde, 0xda, 0xde, 0xda, 0xd6, 0xda, 0xd6, 0xda, 0xde, 0xda, 0xd6, 0xba, 0xd6,
  0xba, 0xd6, 0xba, 0xd6, 0xba, 0xd6, 0xba, 0xd6, 0xba, 0xd6, 0xba, 0xd6, 0x9a, 0xd6, 0x99, 0xce,
  0xda, 0xd6, 0xd2, 0xb4, 0xe7, 0x81, 0x45, 0x79, 0x24, 0x81, 0x04, 0x89, 0x05, 0x91, 0x45, 0x99,
  0x65, 0xa1, 0x86, 0xa9, 0xa6, 0xb1, 0xc7, 0xb9, 0x07, 0xc2, 0x28, 0xca, 0x69, 0xd2, 0x08, 0xc2,
  0x45, 0xa9, 0x24, 0xa1, 0x25, 0x99, 0x25, 0x99, 0x25, 0x99, 0x25, 0x99, 0x24, 0x91, 0x24, 0x91,
  0x45, 0x99, 0x66, 0x99, 0xc7, 0x89, 0x85, 0x69, 0xe6, 0x59, 0x6d, 0x7b, 0x75, 0xb5, 0x58, 0xce,
  0x79, 0xce, 0x99, 0xd6, 0x99, 0xd6, 0x99, 0xd6, 0x99, 0xd6, 0x99, 0xd6, 0xfb, 0xd6, 0x74, 0xcd,
  0x27, 0xaa, 0x69, 0xba, 0x48, 0xba, 0x07, 0xba, 0x27, 0xba, 0x27, 0xba, 0x27, 0xba, 0x07, 0xb2,
  0x07, 0xba, 0x07, 0xb2, 0x07, 0xb2, 0x07, 0xba, 0xe7, 0xb9, 0xe7, 0xb9, 0xc6, 0xb1, 0x85, 0xa9,
  0x89, 0xaa, 0xca, 0xa2, 0x89, 0x9a, 0x69, 0x9a, 0x69, 0x9a, 0x8a, 0x92, 0x4c, 0x9b, 0xb2, 0xbc,
  0xd5, 0xcd, 0x5c, 0xef, 0x3c, 0xe7, 0x3c, 0xe7, 0x3c, 0xe7, 0x3c, 0xe7, 0x3c, 0xe7, 0x3c, 0xe7,
  0x3c, 0xe7, 0x3c, 0xe7, 0x3c, 0xe7, 0x3c, 0xe7, 0x3c, 0xe7, 0x3c, 0xe7, 0x3c, 0xe7, 0x3c, 0xe7,
  0x3c, 0xe7, 0x3c, 0xe7, 0x1c, 0xe7, 0x1c, 0xe7, 0x1c, 0xe7, 0x1c, 0xe7, 0x1c, 0xe7, 0x1c, 0xe7,
  0x1c, 0xe7, 0x1c, 0xe7, 0x1c, 0xe7, 0x1c, 0xe7, 0x1c, 0xe7, 0x1c, 0xe7, 0x1c, 0xe7, 0x1c, 0xe7,
  0x1c, 0xe7, 0x1c, 0xe7, 0x1c, 0xe7, 0x1c, 0xe7, 0x1b, 0xe7, 0x1b, 0xe7, 0x1b, 0xe7, 0x1b, 0xe7,
  0x1b, 0xe7, 0x1c, 0xe7, 0x1c, 0xe7, 0x1c, 0xe7, 0x1c, 0xe7, 0x1c, 0xe7, 0x1c, 0xe7, 0x1c, 0xe7,
  0x1c, 0xe7, 0x1c, 0xe7, 0x1c, 0xe7, 0x1c, 0xe7, 0x1c, 0xe7, 0x1c, 0xe7, 0x1c, 0xe7, 0x1c, 0xe7,
  0xfb, 0xde, 0xfb, 0xde, 0xfb, 0xde, 0xfb, 0xde, 0xfb, 0xde, 0xfb, 0xde, 0xfb, 0xde, 0xfb, 0xde,
  0xfb, 0xde, 0xfb, 0xde, 0xfb, 0xde, 0xfb, 0xde, 0xfb, 0xde, 0xfb, 0xde, 0xfb, 0xde, 0xfb, 0xde,
  0xfb, 0xde, 0xfb, 0xde, 0xfb, 0xde, 0xdb, 0xde, 0xdb, 0xde, 0xdb, 0xde, 0xda, 0xde, 0xda, 0xde,
  0xda, 0xd6, 0xda, 0xde, 0xda, 0xde, 0xba, 0xd6, 0xba, 0xd6, 0xba, 0xd6, 0xba, 0xd6, 0xba, 0xd6,
  0xba, 0xd6, 0x9a, 0xd6, 0x99, 0xd6, 0x9a, 0xd6, 0x99, 0xd6, 0x99, 0xd6, 0x99, 0xd6, 0x79, 0xce,
  0xba, 0xd6, 0x79, 0xd6, 0xaa, 0x72, 0x81, 0x30, 0x61, 0x30, 0x41, 0x38, 0x20, 0x38, 0x20, 0x40,
  0x21, 0x48, 0x41, 0x50, 0x62, 0x58, 0x82, 0x60, 0xa3, 0x78, 0xc4, 0x88, 0x04, 0x99, 0x66, 0xa9,
  0xc7, 0xb9, 0xc7, 0xb1, 0x86, 0xa9, 0x45, 0xa1, 0x45, 0xa1, 0x45, 0xa1, 0x25, 0xa1, 0x05, 0x99,
  0x04, 0x79, 0x45, 0x69, 0x68, 0x6a, 0xef, 0x8b, 0x95, 0xad, 0x58, 0xc6, 0x58, 0xce, 0x79, 0xce,
  0x99, 0xd6, 0x99, 0xd6, 0x99, 0xd6, 0x9a, 0xd6, 0x99, 0xd6, 0x9a, 0xd6, 0x99, 0xde, 0x0b, 0xb3,
  0x48, 0xba, 0xa9, 0xc2, 0x68, 0xc2, 0x27, 0xba, 0x28, 0xba, 0x27, 0xba, 0x28, 0xba, 0x28, 0xba,
  0x07, 0xba, 0x07, 0xba, 0x07, 0xba, 0xe7, 0xb9, 0xe7, 0xb9, 0xe7, 0xb9, 0xc6, 0xb1, 0xa6, 0xa9,
  0xca, 0xaa, 0xeb, 0xa2, 0xaa, 0xa2, 0xaa, 0xa2, 0x6a, 0x9a, 0x8a, 0x9a, 0x8d, 0xab, 0xb2, 0xbc,
  0x95, 0xc5, 0x3b, 0xe7, 0x1b, 0xdf, 0x3c, 0xe7, 0x3c, 0xe7, 0x3c, 0xe7, 0x3c, 0xe7, 0x3c, 0xe7,
  0x3c, 0xe7, 0x3c, 0xe7, 0x3c, 0xe7, 0x3c, 0xe7, 0x3c, 0xe7, 0x3c, 0xe7, 0x3c, 0xe7, 0x1c, 0xe7,
  0x1c, 0xe7, 0x1c, 0xe7, 0x1b, 0xe7, 0x1b, 0xe7, 0x1b, 0xe7, 0x1b, 0xe7, 0x1b, 0xe7, 0x1b, 0xe7,
  0x1b, 0xe7, 0x1b, 0xe7, 0x1b, 0xe7, 0x1b, 0xe7, 0x1b, 0xe7, 0x1b, 0xe7, 0x1b, 0xe7, 0x1b, 0xe7,
  0x1b, 0xe7, 0x1b, 0xe7, 0x1b, 0xe7, 0x1b, 0xe7, 0x1b, 0xe7, 0x1b, 0xe7, 0x1b, 0xe7, 0x1b, 0xe7,
  0x1b, 0xe7, 0x1b, 0xe7, 0x1b, 0xdf, 0x1b, 0xdf, 0x1b, 0xe7, 0x1b, 0xe7, 0x1b, 0xe7, 0x1c, 0xe7,
  0x1c, 0xe7, 0x1c, 0xe7, 0x1c, 0xe7, 0x1c, 0xe7, 0x1c, 0xe7, 0x1c, 0xe7, 0x1c, 0xe7, 0x1c, 0xe7,
  0xfb, 0xde, 0xfb, 0xde, 0xfb, 0xde, 0xfb, 0xde, 0xfb, 0xde, 0xfb, 0xde, 0xfb, 0xde, 0xfb, 0xde,
  0xfb, 0xde, 0xfb, 0xde, 0xfb, 0xde, 0xfb, 0xde, 0xfb, 0xde, 0xfb, 0xde, 0xdb, 0xde, 0xdb, 0xde,
  0xdb, 0xde, 0xdb, 0xde, 0xdb, 0xde, 0xda, 0xde, 0xda, 0xde, 0xda, 0xd6, 0xba, 0xd6, 0xba, 0xd6,
  0xba, 0xd6, 0xba, 0xd6, 0xba, 0xd6, 0xba, 0xd6, 0x9a, 0xd6, 0x9a, 0xd6, 0x9a, 0xd6, 0x99, 0xd6,
  0x99, 0xd6, 0x99, 0xd6, 0x79, 0xce, 0x79, 0xce, 0x79, 0xce, 0x79, 0xce, 0x59, 0xce, 0x58, 0xce,
  0x58, 0xc6, 0x54, 0xa5, 0x6c, 0x73, 0x27, 0x42, 0xa6, 0x31, 0x44, 0x29, 0xe3, 0x20, 0xc2, 0x20,
  0x82, 0x20, 0x61, 0x20, 0x61, 0x20, 0x41, 0x20, 0x21, 0x28, 0x20, 0x30, 0x21, 0x38, 0x01, 0x48,
  0x41, 0x50, 0xe3, 0x68, 0x65, 0x89, 0x65, 0xa1, 0x45, 0xa1, 0x24, 0x89, 0x45, 0x79, 0x28, 0x7a,
  0x6d, 0x7b, 0xf2, 0x9c, 0x37, 0xc6, 0x99, 0xce, 0x38, 0xce, 0x38, 0xc6, 0x58, 0xce, 0x99, 0xce,
  0xba, 0xd6, 0xba, 0xd6, 0xba, 0xd6, 0xba, 0xd6, 0xba, 0xd6, 0xfb, 0xde, 0xb5, 0xcd, 0x28, 0xaa,
  0x48, 0xba, 0x68, 0xc2, 0x48, 0xc2, 0x48, 0xc2, 0x28, 0xc2, 0x28, 0xc2, 0x48, 0xc2, 0x28, 0xc2,
  0x28, 0xba, 0x28, 0xc2, 0x48, 0xc2, 0x28, 0xc2, 0x28, 0xc2, 0x28, 0xc2, 0xc6, 0xb1, 0xc6, 0xa9,
  0xeb, 0xb2, 0xeb, 0xaa, 0xcb, 0xa2, 0xaa, 0xa2, 0xaa, 0xa2, 0xaa, 0xa2, 0x8d, 0xab, 0x51, 0xac,
  0x95, 0xbd, 0xfb, 0xde, 0xfb, 0xde, 0x1c, 0xe7, 0x1c, 0xe7, 0x1c, 0xe7, 0x1c, 0xe7, 0x1c, 0xe7,
  0x1c, 0xe7, 0x1c, 0xe7, 0x1c, 0xe7, 0x1c, 0xe7, 0x1c, 0xe7, 0x1c, 0xe7, 0x1c, 0xe7, 0x1c, 0xe7,
  0x1c, 0xe7, 0x1c, 0xe7, 0x1b, 0xe7, 0x1b, 0xe7, 0xfb, 0xde, 0xfb, 0xde, 0x1b, 0xdf, 0x1b, 0xe7,
  0x1b, 0xe7, 0x1b, 0xe7, 0x1b, 0xe7, 0x1b, 0xe7, 0x1b, 0xe7, 0x1b, 0xe7, 0x1b, 0xe7, 0x1b, 0xe7,
  0x1b, 0xe7, 0x1b, 0xe7, 0x1b, 0xe7, 0x1b, 0xe7, 0x1b, 0xe7, 0x1b, 0xe7, 0x1b, 0xe7, 0x1b, 0xe7,
  0x1b, 0xe7, 0xfb, 0xde, 0xfb, 0xde, 0xfb, 0xde, 0x1b, 0xdf, 0x1b, 0xe7, 0x1b, 0xe7, 0x1c, 0xe7,
  0x1c, 0xe7, 0x1c, 0xe7, 0x1c, 0xe7, 0x1c, 0xe7, 0x1c, 0xe7, 0x1c, 0xe7, 0x1c, 0xe7, 0x1c, 0xe7,
  0xfb, 0xde, 0xfb, 0xde, 0xfb, 0xde, 0xfb, 0xde, 0xfb, 0xde, 0xfb, 0xde, 0xfb, 0xde, 0xfb, 0xde,
  0xfb, 0xde, 0xfb, 0xde, 0xfb, 0xde, 0xdb, 0xde, 0xdb, 0xde, 0xdb, 0xde, 0xdb, 0xde, 0xdb, 0xde,
  0xdb, 0xde, 0xda, 0xde, 0xda, 0xd6, 0xba, 0xd6, 0xba, 0xd6, 0xba, 0xd6, 0x9a, 0xd6, 0x9a, 0xd6,
  0x9a, 0xd6, 0x99, 0xd6, 0x99, 0xd6, 0x99, 0xd6, 0x99, 0xd6, 0x99, 0xd6, 0x99, 0xd6, 0x99, 0xce,
  0x99, 0xce, 0x79, 0xce, 0x79, 0xce, 0x79, 0xce, 0x79, 0xce, 0x79, 0xce, 0x79, 0xce, 0x79, 0xce,
  0x58, 0xc6, 0x95, 0xb5, 0xf3, 0xa4, 0xd2, 0x9c, 0x50, 0x8c, 0xef, 0x83, 0x8e, 0x73, 0x2c, 0x6b,
  0xeb, 0x5a, 0x8a, 0x52, 0x49, 0x4a, 0x08, 0x42, 0xc7, 0x41, 0x86, 0x39, 0x65, 0x31, 0x24, 0x29,
  0xe4, 0x28, 0xc3, 0x20, 0x04, 0x31, 0x86, 0x51, 0x8a, 0x7a, 0xae, 0x8b, 0x13, 0xad, 0x18, 0xc6,
  0x79, 0xce, 0x59, 0xce, 0x18, 0xc6, 0xf7, 0xc5, 0x17, 0xc6, 0x17, 0xc6, 0x38, 0xc6, 0x79, 0xce,
  0x9a, 0xd6, 0xba, 0xd6, 0xba, 0xd6, 0xda, 0xde, 0xba, 0xd6, 0xfb, 0xde, 0x95, 0xcd, 0xca, 0xaa,
  0xc6, 0x91, 0xa5, 0x91, 0x85, 0x91, 0x85, 0x99, 0x85, 0x99, 0x85, 0x99, 0x85, 0x99, 0x85, 0xa1,
  0xa6, 0xa1, 0xc6, 0xa9, 0xe7, 0xa9, 0x07, 0xb2, 0x08, 0xba, 0x28, 0xba, 0xe7, 0xb1, 0x07, 0xaa,
  0x2c, 0xb3, 0xeb, 0xaa, 0xeb, 0xaa, 0xcb, 0xa2, 0xca, 0xa2, 0xca, 0xa2, 0x6c, 0x9b, 0x91, 0xa4,
  0x79, 0xd6, 0xfb, 0xde, 0xfb, 0xde, 0xfb, 0xde, 0xfb, 0xde, 0xfb, 0xde, 0xfb, 0xde, 0xfb, 0xde,
  0xfb, 0xde, 0xfb, 0xde, 0xfb, 0xde, 0xfb, 0xde, 0x1b, 0xe7, 0x1c, 0xe7, 0x1c, 0xe7, 0x1b, 0xe7,
  0x1b, 0xe7, 0x1c, 0xe7, 0x1b, 0xe7, 0x1b, 0xe7, 0xfb, 0xde, 0xfb, 0xde, 0xfb, 0xde, 0xfb, 0xde,
  0xfb, 0xde, 0xfb, 0xde, 0xfb, 0xde, 0xfb, 0xde, 0xfb, 0xde, 0xfb, 0xde, 0x1b, 0xe7, 0x1b, 0xe7,
  0x1b, 0xe7, 0xfb, 0xde, 0xfb, 0xde, 0x1b, 0xe7, 0x1b, 0xe7, 0x1b, 0xe7, 0x1b, 0xe7, 0x1b, 0xe7,
  0x1b, 0xe7, 0x1b, 0xe7, 0x1b, 0xe7, 0x1b, 0xe7, 0x1b, 0xe7, 0x1b, 0xe7, 0x1b, 0xe7, 0x1c, 0xe7,
  0x1c, 0xe7, 0x1c, 0xe7, 0x1c, 0xe7, 0x1c, 0xe7, 0x1c, 0xe7, 0x1c, 0xe7, 0x1c, 0xe7, 0x1c, 0xe7,
  0xfb, 0xde, 0xfb, 0xde, 0xfb, 0xde, 0xfb, 0xde, 0xfb, 0xde, 0xfb, 0xde, 0xfb, 0xde, 0xfb, 0xde,
  0xfb, 0xde, 0xfb, 0xde, 0xfb, 0xde, 0xfb, 0xde, 0xdb, 0xde, 0xdb, 0xde, 0xda, 0xde, 0xda, 0xde,
  0xda, 0xde, 0xda, 0xd6, 0xba, 0xd6, 0xba, 0xd6, 0xba, 0xd6, 0x9a, 0xd6, 0x9a, 0xd6, 0x9a, 0xd6,
  0x99, 0xd6, 0x99, 0xce, 0x79, 0xce, 0x79, 0xce, 0x79, 0xce, 0x79, 0xce, 0x79, 0xce, 0x79, 0xce,
  0x79, 0xce, 0x79, 0xce, 0x79, 0xce, 0x99, 0xce, 0x99, 0xce, 0x79, 0xce, 0x99, 0xd6, 0x99, 0xce,
  0x78, 0xce, 0x58, 0xce, 0x58, 0xc6, 0x58, 0xce, 0x58, 0xce, 0x58, 0xce, 0x38, 0xc6, 0x17, 0xc6,
  0xf7, 0xc5, 0xb6, 0xbd, 0x75, 0xb5, 0x14, 0xa5, 0xd3, 0x9c, 0x92, 0x94, 0x92, 0x94, 0x92, 0x94,
  0xb2, 0x9c, 0x14, 0xa5, 0x96, 0xb5, 0xf7, 0xbd, 0x58, 0xce, 0x79, 0xce, 0x59, 0xce, 0x38, 0xc6,
  0x18, 0xc6, 0x18, 0xc6, 0x38, 0xc6, 0x38, 0xc6, 0x38, 0xc6, 0x58, 0xc6, 0x79, 0xce, 0x9a, 0xd6,
  0xba, 0xd6, 0xda, 0xd6, 0xda, 0xd6, 0xda, 0xde, 0xba, 0xd6, 0xfb, 0xde, 0xd2, 0xb4, 0xe3, 0x58,
  0x62, 0x50, 0x61, 0x48, 0x41, 0x48, 0x61, 0x48, 0x61, 0x48, 0x61, 0x50, 0x81, 0x58, 0x82, 0x58,
  0xa2, 0x60, 0xa2, 0x68, 0xa3, 0x70, 0xc3, 0x70, 0xe3, 0x78, 0x24, 0x81, 0x65, 0x89, 0xe6, 0x91,
  0x89, 0xaa, 0x0b, 0xb3, 0x0c, 0xb3, 0xeb, 0xaa, 0xcb, 0xa2, 0xca, 0x92, 0x50, 0xa4, 0xf7, 0xc5,
  0x79, 0xce, 0x9a, 0xd6, 0xda, 0xde, 0xda, 0xde, 0xdb, 0xde, 0xdb, 0xde, 0xdb, 0xde, 0xdb, 0xde,
  0xdb, 0xde, 0xdb, 0xde, 0xfb, 0xde, 0xfb, 0xde, 0xfb, 0xde, 0xfb, 0xde, 0xfb, 0xde, 0xfb, 0xde,
  0xfb, 0xde, 0x1b, 0xdf, 0x1b, 0xe7, 0x1b, 0xdf, 0xfb, 0xde, 0xfb, 0xde, 0xfb, 0xde, 0xfb, 0xde,
  0xfb, 0xde, 0xfb, 0xde, 0xfb, 0xde, 0xfb, 0xde, 0xfb, 0xde, 0xfb, 0xde, 0xfb, 0xde, 0xfb, 0xde,
  0xfb, 0xde, 0xfb, 0xde, 0xfb, 0xde, 0xfb, 0xde, 0x1b, 0xe7, 0x1b, 0xe7, 0x1b, 0xe7, 0x1b, 0xe7,
  0x1b, 0xe7, 0x1b, 0xe7, 0x1b, 0xe7, 0x1b, 0xe7, 0x1b, 0xe7, 0x1b, 0xe7, 0x1b, 0xe7, 0x1c, 0xe7,
  0x1c, 0xe7, 0x1c, 0xe7, 0x1c, 0xe7, 0x1c, 0xe7, 0x1c, 0xe7, 0xfb, 0xde, 0xfb, 0xde, 0xfb, 0xde,
  0xfb, 0xde, 0xfb, 0xde, 0xfb, 0xde, 0xfb, 0xde, 0xfb, 0xde, 0xfb, 0xde, 0xfb, 0xde, 0xfb, 0xde,
  0xfb, 0xde, 0xfb, 0xde, 0xfb, 0xde, 0xdb, 0xde, 0xdb, 0xde, 0xda, 0xde, 0xda, 0xd6, 0xda, 0xd6,
  0xda, 0xd6, 0xba, 0xd6, 0xba, 0xd6, 0xba, 0xd6, 0x9a, 0xd6, 0x9a, 0xd6, 0x9a, 0xd6, 0x99, 0xd6,
  0x99, 0xd6, 0x79, 0xce, 0x79, 0xce, 0x79, 0xce, 0x79, 0xce, 0x79, 0xce, 0x79, 0xce, 0x79, 0xce,
  0x59, 0xce, 0x59, 0xce, 0x59, 0xce, 0x79, 0xce, 0x59, 0xce, 0x79, 0xce, 0x79, 0xce, 0x79, 0xce,
  0x58, 0xce, 0x58, 0xce, 0x58, 0xce, 0x58, 0xc6, 0x58, 0xc6, 0x38, 0xc6, 0x38, 0xc6, 0x38, 0xce,
  0x38, 0xce, 0x58, 0xce, 0x59, 0xce, 0x59, 0xce, 0x59, 0xce, 0x59, 0xce, 0x59, 0xce, 0x59, 0xce,
  0x59, 0xce, 0x59, 0xce, 0x58, 0xce, 0x38, 0xce, 0x38, 0xc6, 0x18, 0xc6, 0x18, 0xc6, 0x38, 0xc6,
  0x38, 0xce, 0x38, 0xce, 0x58, 0xce, 0x58, 0xce, 0x58, 0xce, 0x99, 0xd6, 0xba, 0xd6, 0xba, 0xd6,
  0xda, 0xde, 0xda, 0xde, 0xda, 0xde, 0xdb, 0xde, 0xda, 0xde, 0xfb, 0xde, 0x14, 0xad, 0xc7, 0x41,
  0x25, 0x31, 0x04, 0x29, 0xc3, 0x20, 0xa2, 0x20, 0x82, 0x20, 0x61, 0x20, 0x41, 0x20, 0x41, 0x20,
  0x21, 0x20, 0x20, 0x20, 0x01, 0x28, 0x21, 0x30, 0x21, 0x30, 0x41, 0x38, 0x41, 0x38, 0x41, 0x40,
  0xa2, 0x58, 0x86, 0x71, 0x49, 0x92, 0xaa, 0x9a, 0x8d, 0x9b, 0x33, 0xb5, 0x59, 0xce, 0x59, 0xce,
  0x38, 0xc6, 0x38, 0xc6, 0xba, 0xd6, 0xfb, 0xde, 0xfb, 0xde, 0xdb, 0xde, 0xdb, 0xde, 0xdb, 0xde,
  0xdb, 0xde, 0xdb, 0xde, 0xdb, 0xde, 0xdb, 0xde, 0xdb, 0xde, 0xdb, 0xde, 0xdb, 0xde, 0xdb, 0xde,
  0xfb, 0xde, 0xfb, 0xde, 0xfb, 0xde, 0xfb, 0xde, 0xfb, 0xde, 0x1b, 0xdf, 0xfb, 0xde, 0xfb, 0xde,
  0xfb, 0xde, 0xfb, 0xde, 0xfb, 0xde, 0xfb, 0xde, 0xfb, 0xde, 0xfb, 0xde, 0x1b, 0xe7, 0x1b, 0xe7,
  0x1b, 0xe7, 0x1b, 0xe7, 0x1b, 0xe7, 0x1b, 0xe7, 0x1b, 0xe7, 0x1b, 0xe7, 0x1b, 0xe7, 0x1b, 0xe7,
  0x1b, 0xe7, 0x1b, 0xe7, 0x1b, 0xe7, 0x1b, 0xe7, 0x1b, 0xe7, 0x1b, 0xe7, 0x1b, 0xe7, 0x1c, 0xe7,
  0x1c, 0xe7, 0x1c, 0xe7, 0x1c, 0xe7, 0x1c, 0xe7, 0x1c, 0xe7, 0xfb, 0xde, 0xfb, 0xde, 0xfb, 0xde,
  0xfb, 0xde, 0xfb, 0xde, 0xfb, 0xde, 0xfb, 0xde, 0xfb, 0xde, 0xfb, 0xde, 0xfb, 0xde, 0xfb, 0xde,
  0xdb, 0xde, 0xdb, 0xde, 0xdb, 0xde, 0xda, 0xde, 0xda, 0xde, 0xda, 0xd6, 0xda, 0xd6, 0xba, 0xd6,
  0xba, 0xd6, 0xba, 0xd6, 0xba, 0xd6, 0x9a, 0xd6, 0x9a, 0xd6, 0x99, 0xd6, 0x99, 0xd6, 0x99, 0xd6,
  0x99, 0xce, 0x99, 0xce, 0x99, 0xce, 0x99, 0xce, 0x99, 0xce, 0x99, 0xce, 0x99, 0xce, 0x79, 0xce,
  0x79, 0xce, 0x79, 0xce, 0x79, 0xce, 0x99, 0xd6, 0x99, 0xd6, 0x99, 0xd6, 0x99, 0xd6, 0x99, 0xd6,
  0x79, 0xce, 0x59, 0xce, 0x58, 0xce, 0x58, 0xce, 0x58, 0xce, 0x58, 0xce, 0x58, 0xce, 0x58, 0xce,
  0x58, 0xce, 0x58, 0xce, 0x58, 0xce, 0x38, 0xc6, 0x58, 0xce, 0x38, 0xc6, 0x38, 0xc6, 0x38, 0xc6,
  0x38, 0xc6, 0x38, 0xc6, 0x58, 0xc6, 0x58, 0xce, 0x58, 0xce, 0x58, 0xce, 0x58, 0xce, 0x58, 0xce,
  0x58, 0xce, 0x58, 0xce, 0x59, 0xce, 0x79, 0xce, 0x79, 0xce, 0x99, 0xd6, 0xba, 0xd6, 0xda, 0xd6,
  0xda, 0xde, 0xdb, 0xde, 0xdb, 0xde, 0xdb, 0xde, 0xdb, 0xde, 0xda, 0xde, 0x17, 0xc6, 0x13, 0x9d,
  0x10, 0x84, 0xae, 0x73, 0x6d, 0x6b, 0x2c, 0x63, 0xea, 0x5a, 0xaa, 0x52, 0x69, 0x4a, 0x28, 0x42,
  0xe7, 0x39, 0xc6, 0x39, 0xa6, 0x39, 0x85, 0x31, 0x65, 0x31, 0x24, 0x31, 0x04, 0x29, 0x04, 0x29,
  0x04, 0x29, 0x24, 0x31, 0x08, 0x5a, 0x50, 0x9c, 0x17, 0xce, 0x79, 0xd6, 0x59, 0xce, 0x59, 0xce,
  0x79, 0xce, 0x79, 0xce, 0xdb, 0xde, 0x1b, 0xe7, 0x1b, 0xe7, 0x1b, 0xe7, 0x1b, 0xdf, 0x1b, 0xdf,
  0xfb, 0xde, 0xfb, 0xde, 0xfb, 0xde, 0xfb, 0xde, 0xfb, 0xde, 0xfb, 0xde, 0xfb, 0xde, 0xdb, 0xde,
  0xdb, 0xde, 0xdb, 0xde, 0xdb, 0xde, 0xfb, 0xde, 0xfb, 0xde, 0xfb, 0xde, 0xfb, 0xde, 0xfb, 0xde,
  0xfb, 0xde, 0xfb, 0xde, 0xfb, 0xde, 0xfb, 0xde, 0xfb, 0xde, 0xfb, 0xde, 0x1b, 0xe7, 0x1b, 0xe7,
  0x1b, 0xe7, 0x1b, 0xe7, 0x1b, 0xe7, 0x1b, 0xe7, 0x1b, 0xe7, 0x1b, 0xe7, 0x1b, 0xe7, 0x1b, 0xe7,
  0x1b, 0xe7, 0x1b, 0xe7, 0x1b, 0xe7, 0x1b, 0xe7, 0x1b, 0xe7, 0x1b, 0xe7, 0x1b, 0xe7, 0x1b, 0xe7,
  0x1c, 0xe7, 0x1c, 0xe7, 0x1c, 0xe7, 0x1c, 0xe7, 0x1c, 0xe7, 0x1c, 0xe7, 0xfb, 0xde, 0x1c, 0xe7,
  0xfb, 0xde, 0xfb, 0xde, 0xfb, 0xde, 0xfb, 0xde, 0xfb, 0xde, 0xdb, 0xde, 0xdb, 0xde, 0xdb, 0xde,
  0xda, 0xde, 0xda, 0xde, 0xba, 0xd6, 0xba, 0xd6, 0xba, 0xd6, 0xba, 0xd6, 0xba, 0xd6, 0xba, 0xd6,
  0xba, 0xd6, 0xba, 0xd6, 0x9a, 0xd6, 0x9a, 0xd6, 0x99, 0xd6, 0x99, 0xce, 0x99, 0xd6, 0x99, 0xd6,
  0x99, 0xce, 0x99, 0xd6, 0x99, 0xd6, 0x99, 0xd6, 0x99, 0xd6, 0x9a, 0xd6, 0x9a, 0xd6, 0x9a, 0xd6,
  0x9a, 0xd6, 0xba, 0xd6, 0xba, 0xd6, 0xba, 0xd6, 0xba, 0xd6, 0xba, 0xd6, 0xba, 0xd6, 0xba, 0xd6,
  0x9a, 0xd6, 0x9a, 0xd6, 0x99, 0xd6, 0x99, 0xce, 0x99, 0xd6, 0x99, 0xd6, 0x79, 0xce, 0x99, 0xce,
  0x99, 0xce, 0x99, 0xd6, 0x79, 0xce, 0x79, 0xce, 0x79, 0xce, 0x78, 0xce, 0x58, 0xce, 0x58, 0xce,
  0x58, 0xce, 0x58, 0xce, 0x58, 0xce, 0x58, 0xce, 0x58, 0xce, 0x79, 0xce, 0x79, 0xce, 0x99, 0xd6,
  0x99, 0xce, 0x99, 0xd6, 0x9a, 0xd6, 0x9a, 0xd6, 0xba, 0xd6, 0xba, 0xd6, 0xda, 0xd6, 0xda, 0xde,
  0xdb, 0xde, 0xdb, 0xde, 0xfb, 0xde, 0xfb, 0xde, 0xfb, 0xde, 0xdb, 0xde, 0x59, 0xce, 0x38, 0xce,
  0x58, 0xce, 0x38, 0xc6, 0x17, 0xc6, 0x17, 0xc6, 0xf7, 0xbd, 0xf6, 0xbd, 0xb6, 0xb5, 0x75, 0xad,
  0x54, 0xa5, 0x13, 0xa5, 0xd2, 0x9c, 0xb2, 0x94, 0x91, 0x94, 0x51, 0x94, 0x51, 0x94, 0x71, 0x94,
  0xf3, 0x9c, 0xb6, 0xbd, 0x38, 0xc6, 0x79, 0xce, 0x58, 0xce, 0x38, 0xc6, 0x58, 0xce, 0x58, 0xce,
  0x38, 0xc6, 0x59, 0xce, 0xfb, 0xde, 0xfb, 0xde, 0xfb, 0xde, 0xfb, 0xde, 0xfb, 0xde, 0xfb, 0xde,
  0xfb, 0xde, 0xfb, 0xde, 0xfb, 0xde, 0xfb, 0xde, 0xfb, 0xde, 0xfb, 0xde, 0xdb, 0xde, 0xdb, 0xde,
  0xfb, 0xde, 0xfb, 0xde, 0xfb, 0xde, 0xfb, 0xde, 0xfb, 0xde, 0x1b, 0xe7, 0x1b, 0xe7, 0x1b, 0xe7,
  0x1b, 0xe7, 0x1b, 0xe7, 0x1b, 0xe7, 0x1b, 0xe7, 0x1b, 0xe7, 0x1b, 0xe7, 0x1b, 0xe7, 0x1b, 0xe7,
  0x1b, 0xe7, 0x1b, 0xe7, 0x1b, 0xe7, 0x1b, 0xe7, 0x1b, 0xe7, 0x1b, 0xe7, 0x1b, 0xe7, 0x1b, 0xe7,
  0x1b, 0xe7, 0x1b, 0xe7, 0x1b, 0xe7, 0x1b, 0xe7, 0x1b, 0xe7, 0x1b, 0xe7, 0x1b, 0xe7, 0x1b, 0xe7,
  0x1b, 0xe7, 0x1b, 0xe7, 0x1c, 0xe7, 0x1c, 0xe7, 0x1c, 0xe7, 0x1c, 0xe7, 0x1c, 0xe7, 0x1c, 0xe7,
  0xfb, 0xde, 0xfb, 0xde, 0xfb, 0xde, 0xfb, 0xde, 0xfb, 0xde, 0xdb, 0xde, 0xda, 0xde, 0xda, 0xde,
  0xda, 0xd6, 0xba, 0xd6, 0xba, 0xd6, 0xba, 0xd6, 0x9a, 0xd6, 0x9a, 0xd6, 0x9a, 0xd6, 0x9a, 0xd6,
  0x99, 0xd6, 0x99, 0xd6, 0x99, 0xce, 0x79, 0xce, 0x79, 0xce, 0x99, 0xce, 0x79, 0xce, 0x79, 0xce,
  0x79, 0xce, 0x99, 0xce, 0x99, 0xd6, 0x9a, 0xd6, 0x9a, 0xd6, 0xba, 0xd6, 0xba, 0xd6, 0xba, 0xd6,
  0xba, 0xd6, 0xba, 0xd6, 0xda, 0xd6, 0xda, 0xd6, 0xda, 0xd6, 0xda, 0xd6, 0xda, 0xde, 0xda, 0xde,
  0xba, 0xd6, 0xba, 0xd6, 0xba, 0xd6, 0x99, 0xd6, 0x99, 0xd6, 0x99, 0xd6, 0x99, 0xd6, 0x99, 0xd6,
  0x99, 0xd6, 0x99, 0xd6, 0x99, 0xd6, 0x99, 0xd6, 0x99, 0xd6, 0x99, 0xd6, 0x79, 0xce, 0x79, 0xce,
  0x79, 0xce, 0x79, 0xce, 0x79, 0xce, 0x79, 0xce, 0x79, 0xce, 0x99, 0xd6, 0x99, 0xd6, 0x99, 0xd6,
  0x9a, 0xd6, 0xba, 0xd6, 0xba, 0xd6, 0xba, 0xd6, 0xba, 0xd6, 0xba, 0xd6, 0xda, 0xd6, 0xda, 0xde,
  0xdb, 0xde, 0xfb, 0xde, 0xfb, 0xde, 0xfb, 0xde, 0xfb, 0xde, 0xfb, 0xde, 0x79, 0xce, 0x38, 0xc6,
  0x58, 0xce, 0x58, 0xc6, 0x58, 0xc6, 0x38, 0xc6, 0x58, 0xc6, 0x58, 0xce, 0x58, 0xce, 0x58, 0xce,
  0x58, 0xce, 0x58, 0xce, 0x58, 0xce, 0x78, 0xce, 0x58, 0xce, 0x58, 0xce, 0x58, 0xce, 0x58, 0xce,
  0x58, 0xce, 0x58, 0xce, 0x38, 0xce, 0x38, 0xc6, 0x38, 0xc6, 0x38, 0xc6, 0x58, 0xc6, 0x58, 0xc6,
  0x38, 0xc6, 0x99, 0xd6, 0xfb, 0xde, 0xdb, 0xde, 0xfb, 0xde, 0xfb, 0xde, 0xda, 0xde, 0xda, 0xde,
  0xda, 0xde, 0xda, 0xde, 0xda, 0xd6, 0xda, 0xd6, 0xdb, 0xde, 0xdb, 0xde, 0xfb, 0xde, 0xfb, 0xde,
  0xfb, 0xde, 0xfb, 0xde, 0xfb, 0xde, 0xfb, 0xde, 0xfb, 0xde, 0xfb, 0xde, 0x1b, 0xe7, 0x1b, 0xe7,
  0x1b, 0xe7, 0x1b, 0xe7, 0x1b, 0xe7, 0x1b, 0xe7, 0x1b, 0xe7, 0x1b, 0xe7, 0x1b, 0xdf, 0x1b, 0xdf,
  0x1b, 0xe7, 0x1b, 0xe7, 0x1b, 0xe7, 0x1b, 0xe7, 0x1b, 0xe7, 0x1b, 0xe7, 0x1b, 0xe7, 0x1b, 0xe7,
  0x1b, 0xe7, 0xfb, 0xde, 0xfb, 0xde, 0xfb, 0xde, 0xfb, 0xde, 0xfb, 0xde, 0xfb, 0xde, 0xfb, 0xde,
  0xfb, 0xde, 0xfb, 0xde, 0x1c, 0xe7, 0x1c, 0xe7, 0x1c, 0xe7, 0x1c, 0xe7, 0x1c, 0xe7, 0x1c, 0xe7,
  0xfb, 0xde, 0xfb, 0xde, 0xfb, 0xde, 0xfb, 0xde, 0xfb, 0xde, 0xdb, 0xde, 0xdb, 0xde, 0xda, 0xde,
  0xda, 0xd6, 0xba, 0xd6, 0xba, 0xd6, 0xba, 0xd6, 0xba, 0xd6, 0x9a, 0xd6, 0x9a, 0xd6, 0x9a, 0xd6,
  0x9a, 0xd6, 0x99, 0xd6, 0x99, 0xce, 0x79, 0xce, 0x79, 0xce, 0x99, 0xce, 0x79, 0xce, 0x99, 0xce,
  0x99, 0xd6, 0x9a, 0xd6, 0xba, 0xd6, 0xba, 0xd6, 0xba, 0xd6, 0xba, 0xd6, 0xba, 0xd6, 0xba, 0xd6,
  0xba, 0xd6, 0xda, 0xde, 0xda, 0xde, 0xda, 0xde, 0xda, 0xde, 0xda, 0xde, 0xda, 0xde, 0xda, 0xde,
  0xda, 0xd6, 0xba, 0xd6, 0xba, 0xd6, 0xba, 0xd6, 0xba, 0xd6, 0xba, 0xd6, 0xba, 0xd6, 0xba, 0xd6,
  0x9a, 0xd6, 0xba, 0xd6, 0x99, 0xd6, 0x99, 0xd6, 0x99, 0xd6, 0x99, 0xd6, 0x99, 0xd6, 0x99, 0xce,
  0x79, 0xce, 0x79, 0xce, 0x79, 0xce, 0x99, 0xd6, 0x99, 0xd6, 0x99, 0xd6, 0xb9, 0xd6, 0xba, 0xd6,
  0x9a, 0xd6, 0xba, 0xd6, 0xba, 0xd6, 0xba, 0xd6, 0xda, 0xd6, 0xda, 0xde, 0xda, 0xde, 0xda, 0xde,
  0xdb, 0xde, 0xfb, 0xde, 0x1b, 0xdf, 0xfb, 0xde, 0x1b, 0xdf, 0xfb, 0xde, 0xba, 0xd6, 0x79, 0xce,
  0x79, 0xce, 0x79, 0xce, 0x79, 0xce, 0x78, 0xce, 0x58, 0xce, 0x58, 0xc6, 0x38, 0xc6, 0x58, 0xc6,
  0x58, 0xc6, 0x38, 0xc6, 0x38, 0xc6, 0x38, 0xc6, 0x38, 0xc6, 0x38, 0xc6, 0x58, 0xc6, 0x38, 0xc6,
  0x38, 0xce, 0x38, 0xce, 0x38, 0xce, 0x58, 0xce, 0x79, 0xce, 0x99, 0xd6, 0x9a, 0xd6, 0x99, 0xd6,
  0xba, 0xd6, 0xfb, 0xde, 0xfb, 0xde, 0x1b, 0xe7, 0x1b, 0xe7, 0x1b, 0xe7, 0x1b, 0xe7, 0x1b, 0xe7,
  0x1b, 0xe7, 0xfb, 0xde, 0xfb, 0xde, 0xfb, 0xde, 0xfb, 0xde, 0xfb, 0xde, 0xfb, 0xde, 0xfb, 0xde,
  0x1b, 0xdf, 0x1b, 0xe7, 0x1c, 0xe7, 0x1b, 0xe7, 0x1b, 0xe7, 0x1b, 0xe7, 0x1b, 0xe7, 0x1c, 0xe7,
  0x1c, 0xe7, 0x1c, 0xe7, 0x1c, 0xe7, 0x1c, 0xe7, 0x1b, 0xe7, 0x1b, 0xe7, 0x1b, 0xe7, 0x1b, 0xe7,
  0x1b, 0xe7, 0x1b, 0xe7, 0x1b, 0xe7, 0x1b, 0xdf, 0xfb, 0xde, 0xfb, 0xde, 0xfb, 0xde, 0xfb, 0xde,
  0xfb, 0xde, 0xfb, 0xde, 0xfb, 0xde, 0xfb, 0xde, 0xfb, 0xde, 0xfb, 0xde, 0xfb, 0xde, 0x1b, 0xdf,
  0xfb, 0xde, 0x1b, 0xdf, 0x1c, 0xe7, 0x1c, 0xe7, 0x1c, 0xe7, 0x1c, 0xe7, 0x1c, 0xe7, 0x1c, 0xe7,
  0xfb, 0xde, 0xfb, 0xde, 0xfb, 0xde, 0xfb, 0xde, 0xfb, 0xde, 0xfb, 0xde, 0xdb, 0xde, 0xdb, 0xde,
  0xdb, 0xde, 0xda, 0xde, 0xda, 0xde, 0xba, 0xd6, 0xba, 0xd6, 0xba, 0xd6, 0xba, 0xd6, 0xba, 0xd6,
  0xba, 0xd6, 0x9a, 0xd6, 0x9a, 0xd6, 0x9a, 0xd6, 0x9a, 0xd6, 0x9a, 0xd6, 0xba, 0xd6, 0xba, 0xd6,
  0xba, 0xd6, 0xba, 0xd6, 0xba, 0xd6, 0xda, 0xde, 0xda, 0xde, 0xda, 0xde, 0xda, 0xde, 0xda, 0xde,
  0xda, 0xde, 0xda, 0xde, 0xda, 0xd6, 0xda, 0xd6, 0xda, 0xd6, 0xda, 0xd6, 0xda, 0xd6, 0xda, 0xd6,
  0xda, 0xd6, 0xda, 0xd6, 0xda, 0xd6, 0xba, 0xd6, 0xba, 0xd6, 0xba, 0xd6, 0xba, 0xd6, 0xba, 0xd6,
  0xba, 0xd6, 0x9a, 0xd6, 0x9a, 0xd6, 0x9a, 0xd6, 0x9a, 0xd6, 0x9a, 0xd6, 0x99, 0xd6, 0x99, 0xd6,
  0x99, 0xce, 0x79, 0xce, 0x79, 0xce, 0x99, 0xce, 0x99, 0xd6, 0x9a, 0xd6, 0x9a, 0xd6, 0xba, 0xd6,
  0xba, 0xd6, 0xba, 0xd6, 0xba, 0xd6, 0xda, 0xd6, 0xda, 0xde, 0xdb, 0xde, 0xdb, 0xde, 0xdb, 0xde,
  0xdb, 0xde, 0xfb, 0xde, 0xfb, 0xde, 0xfb, 0xde, 0xfb, 0xde, 0xfb, 0xde, 0xda, 0xde, 0x9a, 0xd6,
  0x99, 0xd6, 0x99, 0xd6, 0x79, 0xce, 0x79, 0xce, 0x79, 0xce, 0x79, 0xce, 0x79, 0xce, 0x79, 0xce,
  0x59, 0xce, 0x58, 0xce, 0x58, 0xce, 0x58, 0xce, 0x58, 0xce, 0x58, 0xce, 0x58, 0xce, 0x58, 0xce,
  0x58, 0xce, 0x58, 0xce, 0x58, 0xce, 0xba, 0xd6, 0xfb, 0xde, 0xfb, 0xde, 0xfb, 0xde, 0xfb, 0xde,
  0xfb, 0xde, 0xfb, 0xde, 0x1b, 0xe7, 0x1c, 0xe7, 0x1c, 0xe7, 0x1c, 0xe7, 0x1b, 0xe7, 0x1b, 0xe7,
  0x1b, 0xe7, 0x1c, 0xe7, 0x1c, 0xe7, 0x1c, 0xe7, 0x1c, 0xe7, 0x3c, 0xe7, 0x1c, 0xe7, 0x1c, 0xe7,
  0x1c, 0xe7, 0x1c, 0xe7, 0x1c, 0xe7, 0x1c, 0xe7, 0x1c, 0xe7, 0x1b, 0xe7, 0x1b, 0xe7, 0x1b, 0xe7,
  0x1b, 0xe7, 0x1b, 0xe7, 0x1b, 0xe7, 0x1b, 0xe7, 0x1b, 0xe7, 0x1b, 0xe7, 0x1b, 0xe7, 0x1b, 0xe7,
  0x1b, 0xe7, 0x1b, 0xe7, 0x1b, 0xe7, 0x1b, 0xdf, 0xfb, 0xde, 0xfb, 0xde, 0xfb, 0xde, 0xfb, 0xde,
  0xfb, 0xde, 0xfb, 0xde, 0xfb, 0xde, 0xfb, 0xde, 0xfb, 0xde, 0xfb, 0xde, 0xfb, 0xde, 0x1b, 0xe7,
  0x1b, 0xe7, 0x1c, 0xe7, 0x1c, 0xe7, 0x1c, 0xe7, 0x1c, 0xe7, 0x1c, 0xe7, 0x1c, 0xe7, 0x1c, 0xe7,
  0xfb, 0xde, 0xfb, 0xde, 0xfb, 0xde, 0xfb, 0xde, 0xfb, 0xde, 0xfb, 0xde, 0xfb, 0xde, 0xfb, 0xde,
  0xdb, 0xde, 0xdb, 0xde, 0xdb, 0xde, 0xdb, 0xde, 0xdb, 0xde, 0xdb, 0xde, 0xdb, 0xde, 0xda, 0xde,
  0xda, 0xde, 0xba, 0xd6, 0xba, 0xd6, 0xba, 0xd6, 0xba, 0xd6, 0xda, 0xd6, 0xda, 0xd6, 0xda, 0xde,
  0xda, 0xde, 0xda, 0xde, 0xda, 0xde, 0xdb, 0xde, 0xdb, 0xde, 0xdb, 0xde, 0xdb, 0xde, 0xdb, 0xde,
  0xdb, 0xde, 0xdb, 0xde, 0xdb, 0xde, 0xdb, 0xde, 0xdb, 0xde, 0xdb, 0xde, 0xdb, 0xde, 0xdb, 0xde,
  0xda, 0xde, 0xda, 0xde, 0xda, 0xde, 0xda, 0xd6, 0xda, 0xd6, 0xda, 0xd6, 0xba, 0xd6, 0xba, 0xd6,
  0xba, 0xd6, 0xba, 0xd6, 0xba, 0xd6, 0xba, 0xd6, 0xba, 0xd6, 0xba, 0xd6, 0xba, 0xd6, 0x9a, 0xd6,
  0x99, 0xd6, 0x99, 0xd6, 0x99, 0xce, 0x99, 0xd6, 0x9a, 0xd6, 0xba, 0xd6, 0xba, 0xd6, 0xba, 0xd6,
  0xda, 0xd6, 0xda, 0xde, 0xda, 0xde, 0xdb, 0xde, 0xfb, 0xde, 0xdb, 0xde, 0xfb, 0xde, 0xfb, 0xde,
  0xfb, 0xde, 0xfb, 0xde, 0xfb, 0xde, 0xfb, 0xde, 0xfb, 0xde, 0xfb, 0xde, 0xda, 0xde, 0xba, 0xd6,
  0x9a, 0xd6, 0x99, 0xd6, 0x79, 0xce, 0x79, 0xce, 0x79, 0xce, 0x79, 0xce, 0x79, 0xce, 0x79, 0xce,
  0x79, 0xce, 0x79, 0xce, 0x59, 0xce, 0x59, 0xce, 0x59, 0xce, 0x59, 0xce, 0x58, 0xce, 0x58, 0xce,
  0x58, 0xce, 0x38, 0xce, 0xba, 0xd6, 0xfb, 0xde, 0xfb, 0xde, 0xfb, 0xde, 0xfb, 0xde, 0xfb, 0xde,
  0xfb, 0xde, 0x1b, 0xe7, 0x1b, 0xe7, 0x1c, 0xe7, 0x1c, 0xe7, 0x1c, 0xe7, 0x1c, 0xe7, 0x1c, 0xe7,
  0x1c, 0xe7, 0x1c, 0xe7, 0x1c, 0xe7, 0x1c, 0xe7, 0x3c, 0xe7, 0x3c, 0xe7, 0x1c, 0xe7, 0x1c, 0xe7,
  0x1c, 0xe7, 0x1c, 0xe7, 0x1c, 0xe7, 0x1c, 0xe7, 0x1c, 0xe7, 0x1c, 0xe7, 0x1c, 0xe7, 0x1c, 0xe7,
  0x1b, 0xe7, 0x1b, 0xe7, 0x1b, 0xe7, 0x1b, 0xe7, 0x1b, 0xe7, 0x1b, 0xe7, 0x1b, 0xe7, 0x1b, 0xe7,
  0x1b, 0xe7, 0x1b, 0xe7, 0x1b, 0xe7, 0x1b, 0xdf, 0xfb, 0xde, 0xfb, 0xde, 0xfb, 0xde, 0xfb, 0xde,
  0xfb, 0xde, 0xfb, 0xde, 0xfb, 0xde, 0xfb, 0xde, 0xfb, 0xde, 0xfb, 0xde, 0xfb, 0xde, 0x1b, 0xe7,
  0x1b, 0xe7, 0x1c, 0xe7, 0x1c, 0xe7, 0x1c, 0xe7, 0x1c, 0xe7, 0x1c, 0xe7, 0x1c, 0xe7, 0x1c, 0xe7,
  0xfb, 0xde, 0xfb, 0xde, 0xfb, 0xde, 0xfb, 0xde, 0xfb, 0xde, 0xfb, 0xde, 0xfb, 0xde, 0xfb, 0xde,
  0xdb, 0xde, 0xdb, 0xde, 0xdb, 0xde, 0xdb, 0xde, 0xdb, 0xde, 0xdb, 0xde, 0xdb, 0xde, 0xda, 0xde,
  0xda, 0xde, 0xdb, 0xde, 0xdb, 0xde, 0xdb, 0xde, 0xdb, 0xde, 0xda, 0xde, 0xda, 0xde, 0xdb, 0xde,
  0xdb, 0xde, 0xdb, 0xde, 0xdb, 0xde, 0xdb, 0xde, 0xdb, 0xde, 0xdb, 0xde, 0xdb, 0xde, 0xfb, 0xde,
  0xfb, 0xde, 0xfb, 0xde, 0xfb, 0xde, 0xfb, 0xde, 0xfb, 0xde, 0xfb, 0xde, 0xfb, 0xde, 0xfb, 0xde,
  0xdb, 0xde, 0xdb, 0xde, 0xdb, 0xde, 0xdb, 0xde, 0xdb, 0xde, 0xdb, 0xde, 0xda, 0xde, 0xda, 0xd6,
  0xda, 0xd6, 0xba, 0xd6, 0xba, 0xd6, 0xba, 0xd6, 0xba, 0xd6, 0xba, 0xd6, 0xba, 0xd6, 0xba, 0xd6,
  0xba, 0xd6, 0xba, 0xd6, 0x9a, 0xd6, 0xba, 0xd6, 0xba, 0xd6, 0xda, 0xd6, 0xda, 0xd6, 0xda, 0xde,
  0xda, 0xde, 0xdb, 0xde, 0xdb, 0xde, 0xdb, 0xde, 0xfb, 0xde, 0xfb, 0xde, 0xfb, 0xde, 0xfb, 0xde,
  0xfb, 0xde, 0x1b, 0xe7, 0x1b, 0xe7, 0x1b, 0xe7, 0x1b, 0xe7, 0x1b, 0xe7, 0xfb, 0xde, 0xda, 0xde,
  0xda, 0xd6, 0xba, 0xd6, 0xba, 0xd6, 0x9a, 0xd6, 0x9a, 0xd6, 0x9a, 0xd6, 0x9a, 0xd6, 0x9a, 0xd6,
  0x99, 0xd6, 0x99, 0xce, 0x79, 0xce, 0x79, 0xce, 0x79, 0xce, 0x79, 0xce, 0x79, 0xce, 0x59, 0xce,
  0x59, 0xce, 0xba, 0xde, 0xfb, 0xde, 0xfb, 0xde, 0xfb, 0xde, 0xfb, 0xde, 0xfb, 0xde, 0x1b, 0xe7,
  0x1b, 0xe7, 0x1b, 0xe7, 0x1b, 0xe7, 0x1c, 0xe7, 0x1c, 0xe7, 0x1c, 0xe7, 0x1c, 0xe7, 0x1c, 0xe7,
  0x1c, 0xe7, 0x3c, 0xe7, 0x3c, 0xe7, 0x3c, 0xe7, 0x3c, 0xe7, 0x3c, 0xe7, 0x3c, 0xe7, 0x3c, 0xe7,
  0x1c, 0xe7, 0x1c, 0xe7, 0x1c, 0xe7, 0x1c, 0xe7, 0x1c, 0xe7, 0x1c, 0xe7, 0x1c, 0xe7, 0x1c, 0xe7,
  0x1b, 0xe7, 0x1b, 0xe7, 0x1b, 0xe7, 0x1b, 0xe7, 0x1b, 0xe7, 0x1b, 0xe7, 0x1b, 0xe7, 0x1b, 0xe7,
  0x1b, 0xe7, 0x1b, 0xe7, 0x1b, 0xe7, 0x1b, 0xe7, 0xfb, 0xde, 0xfb, 0xde, 0xfb, 0xde, 0xfb, 0xde,
  0xfb, 0xde, 0xfb, 0xde, 0xfb, 0xde, 0xfb, 0xde, 0xfb, 0xde, 0xfb, 0xde, 0xfb, 0xde, 0x1b, 0xe7,
  0x1b, 0xe7, 0x1c, 0xe7, 0x1c, 0xe7, 0x1c, 0xe7, 0x1c, 0xe7, 0x1c, 0xe7, 0x1c, 0xe7, 0x1c, 0xe7,
  0xfb, 0xde, 0xfb, 0xde, 0xfb, 0xde, 0xfb, 0xde, 0xfb, 0xde, 0xfb, 0xde, 0xfb, 0xde, 0xdb, 0xde,
  0xdb, 0xde, 0xdb, 0xde, 0xdb, 0xde, 0xdb, 0xde, 0xdb, 0xde, 0xdb, 0xde, 0xdb, 0xde, 0xdb, 0xde,
  0xdb, 0xde, 0xdb, 0xde, 0xdb, 0xde, 0xdb, 0xde, 0xdb, 0xde, 0xdb, 0xde, 0xfb, 0xde, 0xfb, 0xde,
  0xdb, 0xde, 0xdb, 0xde, 0xdb, 0xde, 0xdb, 0xde, 0xdb, 0xde, 0xdb, 0xde, 0xdb, 0xde, 0xfb, 0xde,
  0xfb, 0xde, 0xfb, 0xde, 0xfb, 0xde, 0xfb, 0xde, 0xfb, 0xde, 0xfb, 0xde, 0xfb, 0xde, 0xfb, 0xde,
  0xdb, 0xde, 0xdb, 0xde, 0xdb, 0xde, 0xdb, 0xde, 0xdb, 0xde, 0xdb, 0xde, 0xda, 0xde, 0xda, 0xde,
  0xda, 0xde, 0xda, 0xd6, 0xda, 0xd6, 0xda, 0xd6, 0xda, 0xd6, 0xda, 0xd6, 0xda, 0xd6, 0xda, 0xd6,
  0xda, 0xd6, 0xda, 0xd6, 0xba, 0xd6, 0xda, 0xde, 0xda, 0xde, 0xda, 0xde, 0xda, 0xde, 0xdb, 0xde,
  0xdb, 0xde, 0xdb, 0xde, 0xfb, 0xde, 0xfb, 0xde, 0xfb, 0xde, 0xfb, 0xde, 0xfb, 0xde, 0xfb, 0xde,
  0xfb, 0xde, 0x1b, 0xe7, 0x1b, 0xe7, 0x1b, 0xe7, 0x1c, 0xe7, 0x1b, 0xe7, 0xfb, 0xde, 0xda, 0xde,
  0xdb, 0xde, 0xda, 0xde, 0xda, 0xd6, 0xba, 0xd6, 0xba, 0xd6, 0xba, 0xd6, 0xba, 0xd6, 0xba, 0xd6,
  0xba, 0xd6, 0xba, 0xd6, 0xba, 0xd6, 0xba, 0xd6, 0xba, 0xd6, 0xba, 0xd6, 0x9a, 0xd6, 0xba, 0xd6,
  0xdb, 0xde, 0xfb, 0xe6, 0xfb, 0xde, 0xfb, 0xde, 0x1b, 0xe7, 0x1b, 0xe7, 0x1b, 0xe7, 0x1b, 0xe7,
  0x1b, 0xe7, 0x1b, 0xe7, 0x1c, 0xe7, 0x1c, 0xe7, 0x1c, 0xe7, 0x1c, 0xe7, 0x3c, 0xe7, 0x3c, 0xe7,
  0x3c, 0xe7, 0x3c, 0xe7, 0x3c, 0xe7, 0x3c, 0xe7, 0x3c, 0xe7, 0x3c, 0xe7, 0x3c, 0xe7, 0x3c, 0xe7,
  0x3c, 0xe7, 0x3c, 0xe7, 0x3c, 0xe7, 0x1c, 0xe7, 0x1c, 0xe7, 0x3c, 0xe7, 0x3c, 0xe7, 0x3c, 0xe7,
  0x1b, 0xe7, 0x1b, 0xe7, 0x1b, 0xe7, 0x1b, 0xe7, 0x1b, 0xe7, 0x1b, 0xe7, 0x1b, 0xe7, 0x1b, 0xe7,
  0x1b, 0xe7, 0x1b, 0xe7, 0x1b, 0xe7, 0x1b, 0xe7, 0x1b, 0xe7, 0x1b, 0xe7, 0xfb, 0xde, 0xfb, 0xde,
  0xfb, 0xde, 0xfb, 0xde, 0xfb, 0xde, 0xfb, 0xde, 0xfb, 0xde, 0xfb, 0xde, 0xfb, 0xde, 0x1b, 0xe7,
  0x1b, 0xe7, 0x1b, 0xe7, 0x1b, 0xe7, 0x1c, 0xe7, 0x1c, 0xe7, 0x1c, 0xe7, 0x1c, 0xe7, 0x1c, 0xe7
#endif
};

const lv_img_dsc_t gaoda = {
  {
    LV_IMG_CF_TRUE_COLOR,  // cf (color format)
    0,                            // always_zero
    0,                            // reserved
    160,                          // w (width)
    160                           // h (height)
  },
  25600 * LV_COLOR_SIZE / 8,  // data_size
  gaoda_map,                      // data
};