/**
 * labubu - LVGL图片数据
 *
 * 尺寸: 160x160px
 * 格式: RGB565 (16-bit color)
 *
 * 由图片转C数组工具生成
 */

#include <lvgl.h>

#ifndef LV_ATTRIBUTE_MEM_ALIGN
#define LV_ATTRIBUTE_MEM_ALIGN
#endif

#ifndef LV_ATTRIBUTE_IMG_LABUBU
#define LV_ATTRIBUTE_IMG_LABUBU
#endif

const LV_ATTRIBUTE_MEM_ALIGN LV_ATTRIBUTE_LARGE_CONST LV_ATTRIBUTE_IMG_LABUBU uint8_t labubu_map[] = {
#if LV_COLOR_DEPTH == 16 && LV_COLOR_16_SWAP == 0
  /*Pixel format: Red: 5 bit, Green: 6 bit, Blue: 5 bit*/
  0x5a, 0xf7, 0x5a, 0xf7, 0x5a, 0xf7, 0x5a, 0xf7, 0x5a, 0xf7, 0x59, 0xf7, 0x59, 0xf7, 0x59, 0xf7,
  0x39, 0xf7, 0x39, 0xf7, 0x39, 0xf7, 0x39, 0xf7, 0x38, 0xf7, 0x38, 0xf7, 0x38, 0xf7, 0x38, 0xf7,
  0x18, 0xf7, 0x18, 0xf7, 0x18, 0xf7, 0x18, 0xf7, 0x18, 0xf7, 0x18, 0xf7, 0x18, 0xf7, 0x18, 0xf7,
  0x17, 0xf7, 0x17, 0xef, 0x17, 0xef, 0x17, 0xef, 0xf7, 0xee, 0xf7, 0xf6, 0xf7, 0xf6, 0xf7, 0xf6,
  0xf7, 0xf6, 0xf7, 0xf6, 0xf7, 0xf6, 0xf7, 0xf6, 0xf6, 0xf6, 0xf7, 0xf6, 0xf6, 0xf6, 0xf6, 0xee,
  0xf6, 0xee, 0xf6, 0xee, 0xf6, 0xee, 0xf6, 0xee, 0xd6, 0xee, 0xd6, 0xee, 0xd6, 0xee, 0xd6, 0xee,
  0xd6, 0xee, 0xd6, 0xee, 0xd6, 0xee, 0xb5, 0xee, 0xd6, 0xee, 0x37, 0xff, 0xd5, 0xee, 0x71, 0xbd,
  0x6c, 0x83, 0xe6, 0x49, 0x64, 0x39, 0x65, 0x39, 0x45, 0x39, 0x44, 0x39, 0x45, 0x39, 0x65, 0x41,
  0x85, 0x41, 0xa5, 0x41, 0xa5, 0x41, 0x85, 0x41, 0x65, 0x39, 0x44, 0x39, 0x45, 0x39, 0x45, 0x39,
  0x85, 0x41, 0xaf, 0xac, 0x16, 0xff, 0xb5, 0xee, 0xb5, 0xee, 0xd5, 0xee, 0xd5, 0xee, 0xd5, 0xee,
  0xd5, 0xee, 0xd5, 0xee, 0xd5, 0xee, 0xd5, 0xee, 0xd5, 0xee, 0xd5, 0xee, 0xd5, 0xee, 0xd5, 0xee,
  0xd5, 0xee, 0xd5, 0xee, 0xd5, 0xee, 0xd5, 0xee, 0xd5, 0xee, 0xd5, 0xee, 0xd5, 0xee, 0xd5, 0xee,
  0xd5, 0xee, 0xd5, 0xee, 0xd5, 0xee, 0xd5, 0xee, 0xd6, 0xee, 0xd6, 0xee, 0xd6, 0xee, 0xd6, 0xee,
  0xd6, 0xee, 0xd6, 0xee, 0xd6, 0xee, 0xb5, 0xee, 0x16, 0xf7, 0x37, 0xff, 0xd6, 0xee, 0x72, 0xbd,
  0xa8, 0x62, 0x44, 0x39, 0x65, 0x39, 0x45, 0x39, 0xc5, 0x49, 0x27, 0x52, 0x47, 0x5a, 0x27, 0x5a,
  0x06, 0x52, 0xe6, 0x49, 0xc6, 0x49, 0xc6, 0x49, 0xc5, 0x49, 0xc5, 0x49, 0xc5, 0x49, 0xc6, 0x49,
  0x06, 0x52, 0x06, 0x52, 0xe6, 0x51, 0xe6, 0x49, 0xa5, 0x41, 0x65, 0x39, 0x65, 0x41, 0x24, 0x31,
  0x6f, 0x9c, 0x79, 0xff, 0x18, 0xf7, 0x18, 0xf7, 0x38, 0xf7, 0x38, 0xf7, 0x38, 0xf7, 0x39, 0xf7,
  0x39, 0xf7, 0x39, 0xf7, 0x39, 0xf7, 0x39, 0xf7, 0x39, 0xf7, 0x39, 0xf7, 0x59, 0xf7, 0x5a, 0xf7,
  0x5a, 0xf7, 0x5a, 0xf7, 0x5a, 0xf7, 0x5a, 0xf7, 0x5a, 0xf7, 0x7a, 0xf7, 0x7a, 0xf7, 0x7b, 0xf7,
  0x5a, 0xf7, 0x5a, 0xf7, 0x59, 0xf7, 0x5a, 0xf7, 0x59, 0xf7, 0x59, 0xf7, 0x39, 0xf7, 0x39, 0xf7,
  0x39, 0xf7, 0x39, 0xf7, 0x38, 0xf7, 0x38, 0xf7, 0x39, 0xf7, 0x38, 0xf7, 0x38, 0xf7, 0x18, 0xf7,
  0x18, 0xf7, 0x18, 0xf7, 0x18, 0xf7, 0x18, 0xf7, 0x18, 0xf7, 0x18, 0xf7, 0x17, 0xf7, 0x17, 0xf7,
  0x17, 0xef, 0x17, 0xef, 0x17, 0xef, 0x17, 0xf7, 0xf7, 0xf6, 0x17, 0xf7, 0x17, 0xef, 0xf7, 0xf6,
  0xf7, 0xf6, 0xf6, 0xee, 0xf6, 0xee, 0xf6, 0xf6, 0xf6, 0xf6, 0xf6, 0xf6, 0xf6, 0xee, 0xf6, 0xee,
  0xf6, 0xee, 0xf6, 0xee, 0xf6, 0xee, 0xf6, 0xee, 0xd6, 0xee, 0xd6, 0xee, 0xd6, 0xee, 0xd6, 0xee,
  0xd6, 0xee, 0xd6, 0xee, 0xb5, 0xee, 0x37, 0xf7, 0xb5, 0xe6, 0x6e, 0xa4, 0x68, 0x5a, 0x45, 0x39,
  0x04, 0x31, 0x44, 0x39, 0x45, 0x39, 0x44, 0x39, 0x85, 0x41, 0xc6, 0x49, 0x06, 0x52, 0x27, 0x52,
  0x47, 0x5a, 0x47, 0x5a, 0x47, 0x5a, 0x27, 0x5a, 0x27, 0x52, 0xe6, 0x49, 0x85, 0x41, 0x64, 0x39,
  0x44, 0x39, 0x24, 0x39, 0xed, 0x93, 0x16, 0xf7, 0xd5, 0xee, 0xb5, 0xee, 0xd5, 0xee, 0xd5, 0xee,
  0xd5, 0xee, 0xd5, 0xee, 0xd5, 0xee, 0xd5, 0xee, 0xd5, 0xee, 0xb5, 0xee, 0xb5, 0xee, 0xd5, 0xee,
  0xd5, 0xee, 0xd5, 0xee, 0xd5, 0xee, 0xd5, 0xee, 0xd5, 0xee, 0xd5, 0xee, 0xd5, 0xee, 0xd5, 0xee,
  0xd5, 0xee, 0xd5, 0xee, 0xd5, 0xee, 0xd5, 0xee, 0xd5, 0xee, 0xd5, 0xee, 0xd5, 0xee, 0xd5, 0xee,
  0xd5, 0xee, 0xd5, 0xee, 0xd5, 0xee, 0x37, 0xf7, 0x13, 0xd6, 0xac, 0x8b, 0x27, 0x5a, 0x44, 0x39,
  0x24, 0x39, 0x45, 0x39, 0x65, 0x39, 0x06, 0x52, 0x47, 0x5a, 0x06, 0x52, 0xa5, 0x41, 0x85, 0x41,
  0x85, 0x41, 0x64, 0x39, 0x44, 0x39, 0x44, 0x31, 0x44, 0x39, 0x65, 0x39, 0x85, 0x41, 0x85, 0x41,
  0xc6, 0x49, 0x26, 0x52, 0x47, 0x5a, 0x47, 0x5a, 0x47, 0x5a, 0x06, 0x52, 0x65, 0x41, 0x45, 0x39,
  0x65, 0x41, 0x14, 0xd6, 0x59, 0xff, 0x18, 0xf7, 0x18, 0xf7, 0x18, 0xf7, 0x18, 0xf7, 0x38, 0xf7,
  0x38, 0xf7, 0x39, 0xf7, 0x39, 0xf7, 0x39, 0xf7, 0x39, 0xf7, 0x39, 0xf7, 0x39, 0xf7, 0x59, 0xf7,
  0x59, 0xf7, 0x59, 0xf7, 0x59, 0xf7, 0x5a, 0xf7, 0x5a, 0xf7, 0x5a, 0xf7, 0x5a, 0xf7, 0x5b, 0xf7,
  0x5a, 0xf7, 0x5a, 0xf7, 0x59, 0xf7, 0x59, 0xf7, 0x59, 0xf7, 0x39, 0xf7, 0x39, 0xf7, 0x39, 0xf7,
  0x39, 0xf7, 0x39, 0xf7, 0x39, 0xf7, 0x38, 0xf7, 0x18, 0xf7, 0x18, 0xf7, 0x18, 0xf7, 0x18, 0xf7,
  0x18, 0xf7, 0x18, 0xf7, 0x18, 0xf7, 0x17, 0xf7, 0x18, 0xf7, 0x17, 0xef, 0x17, 0xef, 0x17, 0xef,
  0xf7, 0xee, 0x17, 0xf7, 0xf7, 0xf6, 0xf7, 0xf6, 0xf7, 0xf6, 0xf7, 0xf6, 0xf7, 0xf6, 0xf7, 0xf6,
  0xf6, 0xf6, 0xf6, 0xf6, 0xf6, 0xf6, 0xf6, 0xee, 0xf6, 0xee, 0xf6, 0xee, 0xd6, 0xee, 0xd6, 0xee,
  0xd6, 0xee, 0xd6, 0xee, 0xd6, 0xee, 0xd6, 0xee, 0xd6, 0xee, 0xd6, 0xee, 0xd5, 0xee, 0xd6, 0xee,
  0xd5, 0xee, 0xd5, 0xee, 0x37, 0xf7, 0x30, 0xb5, 0x06, 0x52, 0xe4, 0x30, 0x24, 0x31, 0x65, 0x39,
  0x65, 0x41, 0x85, 0x41, 0xc6, 0x49, 0x06, 0x52, 0x47, 0x5a, 0x47, 0x5a, 0x47, 0x5a, 0x47, 0x5a,
  0x46, 0x5a, 0x46, 0x5a, 0x27, 0x5a, 0x47, 0x5a, 0x47, 0x5a, 0x47, 0x5a, 0x47, 0x5a, 0xe6, 0x49,
  0x65, 0x41, 0x65, 0x39, 0xe3, 0x30, 0xcc, 0x8b, 0x16, 0xf7, 0xb5, 0xee, 0xb5, 0xee, 0xb5, 0xee,
  0xb5, 0xee, 0xb5, 0xee, 0xb5, 0xee, 0xb5, 0xee, 0xb5, 0xee, 0xb5, 0xee, 0xb5, 0xee, 0xb5, 0xee,
  0xb5, 0xee, 0xb5, 0xee, 0xb5, 0xee, 0xd5, 0xee, 0xd5, 0xee, 0xd5, 0xee, 0xd5, 0xee, 0xd5, 0xee,
  0xd5, 0xee, 0xd5, 0xee, 0xd5, 0xee, 0xd5, 0xee, 0xd5, 0xee, 0xd5, 0xee, 0xd5, 0xee, 0xd5, 0xee,
  0xd5, 0xee, 0xd5, 0xee, 0x16, 0xf7, 0xaf, 0xac, 0x65, 0x41, 0xe3, 0x30, 0x24, 0x31, 0x65, 0x39,
  0x65, 0x41, 0xa5, 0x41, 0x47, 0x5a, 0x26, 0x52, 0x85, 0x41, 0x65, 0x39, 0x44, 0x39, 0x03, 0x31,
  0x04, 0x31, 0x65, 0x39, 0xc6, 0x49, 0xe7, 0x49, 0xc6, 0x49, 0x65, 0x39, 0x03, 0x31, 0x04, 0x31,
  0x44, 0x39, 0x64, 0x41, 0xc5, 0x49, 0x47, 0x5a, 0x47, 0x5a, 0x47, 0x5a, 0x06, 0x52, 0x65, 0x41,
  0x03, 0x31, 0x6b, 0x7b, 0x79, 0xff, 0x18, 0xef, 0x18, 0xf7, 0x18, 0xf7, 0x38, 0xf7, 0x38, 0xf7,
  0x38, 0xf7, 0x38, 0xf7, 0x39, 0xf7, 0x39, 0xf7, 0x39, 0xf7, 0x39, 0xf7, 0x39, 0xf7, 0x39, 0xf7,
  0x59, 0xf7, 0x59, 0xf7, 0x59, 0xf7, 0x5a, 0xf7, 0x5a, 0xf7, 0x5a, 0xf7, 0x5a, 0xf7, 0x7a, 0xf7,
  0x5a, 0xf7, 0x59, 0xf7, 0x59, 0xf7, 0x59, 0xf7, 0x59, 0xf7, 0x39, 0xf7, 0x39, 0xf7, 0x39, 0xf7,
  0x38, 0xf7, 0x39, 0xf7, 0x38, 0xf7, 0x38, 0xf7, 0x18, 0xf7, 0x38, 0xf7, 0x18, 0xf7, 0x18, 0xf7,
  0x18, 0xf7, 0x18, 0xf7, 0x17, 0xf7, 0x17, 0xef, 0x17, 0xef, 0xf7, 0xee, 0xf7, 0xee, 0xf7, 0xee,
  0xf7, 0xf6, 0xf7, 0xf6, 0xf7, 0xee, 0xf7, 0xee, 0xf7, 0xf6, 0xf7, 0xf6, 0xf7, 0xf6, 0xf6, 0xee,
  0xf6, 0xee, 0xf6, 0xee, 0xf6, 0xee, 0xd6, 0xee, 0xd6, 0xee, 0xd6, 0xee, 0xd6, 0xee, 0xd6, 0xee,
  0xd6, 0xee, 0xd6, 0xee, 0xd6, 0xee, 0xd6, 0xee, 0xd6, 0xee, 0xd6, 0xee, 0xd5, 0xee, 0xd5, 0xee,
  0xf6, 0xee, 0xf6, 0xf6, 0xcc, 0x8b, 0x04, 0x31, 0x24, 0x39, 0x65, 0x41, 0x85, 0x41, 0xc6, 0x49,
  0x06, 0x52, 0x47, 0x5a, 0x47, 0x5a, 0x47, 0x5a, 0x47, 0x5a, 0x47, 0x5a, 0x47, 0x5a, 0x47, 0x5a,
  0x47, 0x5a, 0x46, 0x5a, 0x46, 0x5a, 0x47, 0x5a, 0x47, 0x5a, 0x27, 0x5a, 0x47, 0x5a, 0x67, 0x5a,
  0x06, 0x52, 0x85, 0x41, 0x65, 0x41, 0xe3, 0x30, 0x6e, 0xa4, 0x16, 0xf7, 0xb5, 0xee, 0xb5, 0xee,
  0xb4, 0xee, 0xb5, 0xee, 0xb5, 0xee, 0xb5, 0xee, 0xb5, 0xee, 0xb5, 0xee, 0xb5, 0xee, 0xb5, 0xee,
  0xb5, 0xee, 0xb5, 0xee, 0xb5, 0xee, 0xb5, 0xee, 0xb5, 0xee, 0xb5, 0xee, 0xb5, 0xee, 0xb5, 0xee,
  0xb5, 0xee, 0xb5, 0xee, 0xd5, 0xee, 0xd5, 0xee, 0xd5, 0xee, 0xd5, 0xee, 0xd5, 0xee, 0xd5, 0xee,
  0xd5, 0xee, 0x36, 0xf7, 0xcf, 0xac, 0x04, 0x31, 0x45, 0x39, 0x65, 0x41, 0xa5, 0x41, 0xc6, 0x49,
  0x26, 0x52, 0x47, 0x5a, 0xc5, 0x49, 0x64, 0x39, 0x65, 0x39, 0x04, 0x31, 0xa5, 0x41, 0x4b, 0x7b,
  0x11, 0xb5, 0x15, 0xde, 0x97, 0xee, 0xb7, 0xee, 0x97, 0xee, 0x15, 0xde, 0xd1, 0xb4, 0xea, 0x72,
  0x44, 0x39, 0x24, 0x31, 0x65, 0x41, 0x85, 0x41, 0x26, 0x52, 0x47, 0x5a, 0x47, 0x5a, 0xa5, 0x41,
  0x44, 0x39, 0x85, 0x41, 0x75, 0xde, 0x58, 0xf7, 0x18, 0xf7, 0x18, 0xf7, 0x18, 0xf7, 0x38, 0xf7,
  0x18, 0xf7, 0x38, 0xf7, 0x38, 0xf7, 0x39, 0xf7, 0x39, 0xf7, 0x39, 0xf7, 0x39, 0xf7, 0x39, 0xf7,
  0x39, 0xf7, 0x39, 0xf7, 0x59, 0xf7, 0x59, 0xf7, 0x5a, 0xf7, 0x5a, 0xf7, 0x5a, 0xf7, 0x7a, 0xf7,
  0x59, 0xf7, 0x59, 0xf7, 0x59, 0xf7, 0x39, 0xf7, 0x39, 0xf7, 0x39, 0xf7, 0x39, 0xf7, 0x39, 0xf7,
  0x38, 0xf7, 0x38, 0xf7, 0x38, 0xf7, 0x18, 0xf7, 0x18, 0xf7, 0x38, 0xf7, 0x18, 0xf7, 0x18, 0xf7,
  0x18, 0xf7, 0x18, 0xf7, 0x17, 0xef, 0x17, 0xef, 0x17, 0xef, 0xf7, 0xee, 0xf7, 0xee, 0xf7, 0xee,
  0xf7, 0xf6, 0xf7, 0xf6, 0xf7, 0xf6, 0xf7, 0xf6, 0xf7, 0xee, 0xf6, 0xee, 0xf6, 0xee, 0xf6, 0xee,
  0xf6, 0xee, 0xd6, 0xee, 0xd6, 0xee, 0xd6, 0xee, 0xd6, 0xee, 0xd6, 0xee, 0xd6, 0xee, 0xd6, 0xee,
  0xd6, 0xee, 0xd6, 0xee, 0xd6, 0xee, 0xd6, 0xee, 0xd6, 0xee, 0xd5, 0xee, 0xd5, 0xee, 0xd5, 0xee,
  0xf6, 0xee, 0x2a, 0x7b, 0xe3, 0x30, 0x65, 0x39, 0x65, 0x41, 0xc6, 0x49, 0x26, 0x5a, 0x47, 0x5a,
  0x47, 0x5a, 0x47, 0x5a, 0x47, 0x5a, 0x47, 0x5a, 0x06, 0x52, 0xe5, 0x49, 0xc5, 0x49, 0xa6, 0x49,
  0xa6, 0x49, 0xa5, 0x49, 0xe5, 0x49, 0x26, 0x52, 0x47, 0x5a, 0x47, 0x5a, 0x47, 0x5a, 0x47, 0x5a,
  0x66, 0x5a, 0x06, 0x52, 0x65, 0x41, 0x44, 0x39, 0x64, 0x41, 0xd1, 0xcd, 0xf5, 0xf6, 0xb4, 0xee,
  0xb4, 0xee, 0xb4, 0xee, 0xb4, 0xee, 0xb4, 0xee, 0xb4, 0xee, 0xb4, 0xee, 0xb4, 0xee, 0xb4, 0xee,
  0xb4, 0xee, 0xb5, 0xee, 0xb4, 0xee, 0xb5, 0xee, 0xb5, 0xee, 0xb5, 0xee, 0xb5, 0xee, 0xb5, 0xee,
  0xb5, 0xee, 0xb5, 0xee, 0xb5, 0xee, 0xb5, 0xee, 0xb5, 0xee, 0xd5, 0xee, 0xd5, 0xee, 0xb5, 0xee,
  0xf6, 0xf6, 0x33, 0xde, 0x85, 0x41, 0x45, 0x39, 0x85, 0x41, 0xe6, 0x51, 0x47, 0x5a, 0x47, 0x5a,
  0x47, 0x5a, 0xa5, 0x41, 0x65, 0x39, 0x25, 0x39, 0x45, 0x41, 0xcd, 0x93, 0x96, 0xe6, 0x7a, 0xff,
  0x7a, 0xff, 0x7a, 0xff, 0x9a, 0xff, 0x9a, 0xff, 0x9b, 0xff, 0x9b, 0xff, 0x7a, 0xff, 0x59, 0xff,
  0xd4, 0xcd, 0x69, 0x62, 0x03, 0x31, 0x65, 0x39, 0x85, 0x41, 0x26, 0x52, 0x66, 0x5a, 0x06, 0x52,
  0x65, 0x41, 0x04, 0x31, 0x6c, 0x7b, 0x79, 0xff, 0x17, 0xef, 0x18, 0xf7, 0x18, 0xf7, 0x18, 0xf7,
  0x18, 0xf7, 0x38, 0xf7, 0x38, 0xf7, 0x39, 0xf7, 0x39, 0xf7, 0x39, 0xf7, 0x39, 0xf7, 0x39, 0xf7,
  0x39, 0xf7, 0x39, 0xf7, 0x39, 0xf7, 0x59, 0xf7, 0x59, 0xf7, 0x5a, 0xf7, 0x5a, 0xf7, 0x5a, 0xf7,
  0x39, 0xf7, 0x39, 0xf7, 0x39, 0xf7, 0x39, 0xf7, 0x39, 0xf7, 0x39, 0xf7, 0x39, 0xf7, 0x38, 0xf7,
  0x38, 0xf7, 0x18, 0xf7, 0x38, 0xf7, 0x38, 0xf7, 0x18, 0xf7, 0x18, 0xf7, 0x18, 0xf7, 0x18, 0xf7,
  0x18, 0xf7, 0x17, 0xef, 0x17, 0xef, 0x17, 0xef, 0x17, 0xf7, 0x17, 0xf7, 0x17, 0xf7, 0xf7, 0xf6,
  0xf7, 0xf6, 0xf6, 0xf6, 0xf6, 0xf6, 0xf7, 0xf6, 0xf6, 0xee, 0xf6, 0xee, 0xf6, 0xee, 0xf6, 0xee,
  0xf6, 0xee, 0xd6, 0xee, 0xd6, 0xee, 0xd6, 0xee, 0xd6, 0xee, 0xd6, 0xee, 0xd6, 0xee, 0xd5, 0xee,
  0xd6, 0xee, 0xd6, 0xee, 0xd5, 0xee, 0xd5, 0xee, 0xd5, 0xee, 0xd5, 0xee, 0xd5, 0xee, 0x16, 0xf7,
  0x4a, 0x7b, 0xe4, 0x30, 0x65, 0x41, 0x85, 0x41, 0x06, 0x52, 0x47, 0x5a, 0x46, 0x5a, 0x46, 0x5a,
  0x47, 0x5a, 0x26, 0x52, 0xe5, 0x49, 0x85, 0x41, 0x65, 0x41, 0x45, 0x39, 0x24, 0x39, 0x04, 0x31,
  0x04, 0x31, 0x24, 0x39, 0x45, 0x39, 0x65, 0x41, 0xa5, 0x41, 0x26, 0x52, 0x47, 0x5a, 0x47, 0x5a,
  0x47, 0x5a, 0x47, 0x5a, 0xe6, 0x51, 0x65, 0x41, 0x04, 0x31, 0xa9, 0x6a, 0xd5, 0xee, 0xb4, 0xee,
  0xb4, 0xee, 0xb4, 0xee, 0xb4, 0xee, 0xb4, 0xee, 0xb4, 0xee, 0xb4, 0xee, 0xb4, 0xee, 0xb4, 0xee,
  0xb4, 0xee, 0xb4, 0xee, 0xb4, 0xee, 0xb4, 0xee, 0xb4, 0xee, 0xb4, 0xee, 0xb4, 0xee, 0xb4, 0xee,
  0xb4, 0xee, 0xb4, 0xee, 0xb5, 0xee, 0xb5, 0xee, 0xb5, 0xee, 0xb5, 0xee, 0xb5, 0xee, 0xb5, 0xee,
  0x36, 0xff, 0xac, 0x8b, 0xe4, 0x30, 0x65, 0x41, 0xe6, 0x49, 0x46, 0x5a, 0x27, 0x5a, 0x47, 0x5a,
  0xa5, 0x49, 0x65, 0x39, 0x24, 0x39, 0x07, 0x5a, 0xf4, 0xd5, 0x9a, 0xff, 0x59, 0xff, 0x39, 0xff,
  0x7a, 0xff, 0x19, 0xff, 0x15, 0xde, 0xb4, 0xcd, 0xd4, 0xd5, 0xb8, 0xee, 0x7a, 0xff, 0x39, 0xff,
  0x7a, 0xff, 0x39, 0xff, 0x6c, 0x83, 0x03, 0x31, 0x65, 0x41, 0x85, 0x41, 0x26, 0x5a, 0x47, 0x5a,
  0xa5, 0x41, 0x65, 0x39, 0x24, 0x31, 0x4f, 0x9c, 0x79, 0xff, 0x17, 0xef, 0x18, 0xf7, 0x18, 0xf7,
  0x18, 0xf7, 0x38, 0xf7, 0x18, 0xf7, 0x38, 0xf7, 0x38, 0xf7, 0x39, 0xf7, 0x39, 0xf7, 0x39, 0xf7,
  0x39, 0xf7, 0x39, 0xf7, 0x39, 0xf7, 0x59, 0xf7, 0x59, 0xf7, 0x59, 0xf7, 0x5a, 0xf7, 0x5a, 0xf7,
  0x39, 0xf7, 0x39, 0xf7, 0x39, 0xf7, 0x39, 0xf7, 0x38, 0xf7, 0x38, 0xf7, 0x18, 0xf7, 0x18, 0xf7,
  0x18, 0xf7, 0x18, 0xf7, 0x18, 0xf7, 0x18, 0xf7, 0x18, 0xf7, 0x18, 0xf7, 0x17, 0xf7, 0x17, 0xef,
  0x17, 0xef, 0x17, 0xef, 0x17, 0xf7, 0x17, 0xf7, 0xf7, 0xf6, 0xf7, 0xf6, 0xf7, 0xf6, 0xf6, 0xf6,
  0xf6, 0xf6, 0xf6, 0xf6, 0xf7, 0xf6, 0xf6, 0xf6, 0xd6, 0xee, 0xd6, 0xee, 0xd6, 0xee, 0xd6, 0xee,
  0xd6, 0xee, 0xd6, 0xee, 0xd6, 0xee, 0xd6, 0xee, 0xd6, 0xee, 0xd6, 0xee, 0xd6, 0xee, 0xd5, 0xee,
  0xd6, 0xee, 0xd6, 0xee, 0xd5, 0xee, 0xd5, 0xee, 0xd5, 0xee, 0xb5, 0xee, 0x36, 0xf7, 0x0d, 0x94,
  0xe3, 0x30, 0x65, 0x39, 0x85, 0x41, 0x27, 0x52, 0x47, 0x5a, 0x47, 0x5a, 0x47, 0x5a, 0x47, 0x5a,
  0xc6, 0x49, 0x85, 0x41, 0x65, 0x39, 0x24, 0x39, 0x03, 0x31, 0x44, 0x39, 0xe7, 0x49, 0x68, 0x5a,
  0x69, 0x62, 0xe7, 0x51, 0x24, 0x39, 0x04, 0x31, 0x65, 0x39, 0x65, 0x41, 0x06, 0x52, 0x47, 0x5a,
  0x47, 0x5a, 0x46, 0x5a, 0x46, 0x5a, 0xa5, 0x49, 0x65, 0x39, 0x04, 0x31, 0x10, 0xb5, 0xf5, 0xf6,
  0x94, 0xee, 0xb4, 0xee, 0xb4, 0xee, 0xb4, 0xee, 0xb4, 0xee, 0xb4, 0xee, 0xb4, 0xee, 0xb4, 0xee,
  0xb4, 0xee, 0xb4, 0xee, 0xb4, 0xee, 0xb4, 0xee, 0xb4, 0xee, 0xb4, 0xee, 0xb4, 0xee, 0xb4, 0xee,
  0xb4, 0xee, 0xb4, 0xee, 0xb5, 0xee, 0xb5, 0xee, 0xb5, 0xee, 0xb5, 0xee, 0xb4, 0xee, 0xd5, 0xee,
  0x74, 0xe6, 0xe6, 0x51, 0x24, 0x39, 0x85, 0x41, 0x47, 0x5a, 0x26, 0x5a, 0x47, 0x5a, 0xe6, 0x49,
  0x65, 0x39, 0x24, 0x39, 0x48, 0x5a, 0xd7, 0xee, 0x9a, 0xff, 0x19, 0xff, 0x59, 0xff, 0x59, 0xff,
  0xd1, 0xb4, 0x28, 0x5a, 0x65, 0x41, 0x44, 0x39, 0x44, 0x39, 0xc6, 0x49, 0x6c, 0x83, 0x56, 0xe6,
  0x7a, 0xff, 0x39, 0xff, 0x7a, 0xff, 0x8d, 0x8b, 0x03, 0x31, 0x65, 0x41, 0xa5, 0x41, 0x47, 0x5a,
  0x26, 0x52, 0x84, 0x41, 0x65, 0x39, 0x03, 0x31, 0x6f, 0x9c, 0x79, 0xff, 0xf7, 0xee, 0x18, 0xf7,
  0x18, 0xf7, 0x18, 0xf7, 0x18, 0xf7, 0x18, 0xf7, 0x18, 0xf7, 0x38, 0xf7, 0x38, 0xf7, 0x39, 0xf7,
  0x39, 0xf7, 0x39, 0xf7, 0x39, 0xf7, 0x59, 0xf7, 0x59, 0xf7, 0x59, 0xf7, 0x59, 0xf7, 0x59, 0xf7,
  0x39, 0xf7, 0x39, 0xf7, 0x39, 0xf7, 0x39, 0xf7, 0x38, 0xf7, 0x38, 0xf7, 0x18, 0xf7, 0x18, 0xf7,
  0x18, 0xf7, 0x18, 0xf7, 0x18, 0xf7, 0x18, 0xf7, 0x18, 0xf7, 0x17, 0xf7, 0x17, 0xf7, 0x17, 0xf7,
  0x17, 0xf7, 0x17, 0xf7, 0x17, 0xf7, 0xf7, 0xf6, 0xf7, 0xee, 0xf7, 0xf6, 0xf6, 0xf6, 0xf6, 0xf6,
  0xf6, 0xee, 0xf6, 0xee, 0xf6, 0xf6, 0xf6, 0xf6, 0xd6, 0xee, 0xd6, 0xee, 0xd6, 0xee, 0xd6, 0xee,
  0xd6, 0xee, 0xd6, 0xee, 0xd6, 0xee, 0xd6, 0xee, 0xd5, 0xee, 0xd5, 0xee, 0xd5, 0xee, 0xd5, 0xee,
  0xd5, 0xee, 0xd5, 0xee, 0xd5, 0xee, 0xd5, 0xee, 0xb5, 0xee, 0x16, 0xff, 0x30, 0xb5, 0x24, 0x39,
  0x65, 0x39, 0x84, 0x41, 0x27, 0x52, 0x47, 0x5a, 0x46, 0x5a, 0x47, 0x5a, 0x06, 0x52, 0x85, 0x41,
  0x65, 0x41, 0x44, 0x39, 0x04, 0x31, 0x48, 0x5a, 0x4f, 0x9c, 0xf5, 0xd5, 0xd8, 0xf6, 0x19, 0xff,
  0x39, 0xff, 0xd8, 0xf6, 0xb4, 0xcd, 0x0b, 0x7b, 0x04, 0x31, 0x65, 0x39, 0x65, 0x41, 0x06, 0x52,
  0x46, 0x5a, 0x46, 0x5a, 0x46, 0x5a, 0x26, 0x52, 0x65, 0x41, 0x04, 0x31, 0xa8, 0x62, 0xd5, 0xee,
  0xb4, 0xee, 0xb4, 0xee, 0xb4, 0xee, 0xb4, 0xee, 0xb4, 0xee, 0xb4, 0xee, 0xb4, 0xee, 0xb4, 0xee,
  0xb4, 0xee, 0xb4, 0xee, 0xb4, 0xee, 0xb4, 0xee, 0xb4, 0xee, 0xb4, 0xee, 0xb4, 0xee, 0xb4, 0xee,
  0xb4, 0xee, 0xb4, 0xee, 0xb4, 0xee, 0xb4, 0xee, 0xb4, 0xee, 0xb4, 0xee, 0xb4, 0xee, 0xf5, 0xf6,
  0x71, 0xc5, 0x44, 0x39, 0x44, 0x39, 0xe6, 0x49, 0x47, 0x5a, 0x46, 0x5a, 0x26, 0x52, 0x64, 0x39,
  0x24, 0x39, 0xc7, 0x49, 0x97, 0xe6, 0x7a, 0xff, 0x19, 0xff, 0x5a, 0xff, 0xf8, 0xf6, 0xea, 0x72,
  0xe3, 0x30, 0x04, 0x31, 0x24, 0x31, 0x24, 0x31, 0x24, 0x31, 0x24, 0x31, 0x03, 0x31, 0xa5, 0x41,
  0x32, 0xbd, 0x7a, 0xff, 0x19, 0xff, 0x59, 0xff, 0xc9, 0x6a, 0x24, 0x31, 0x65, 0x41, 0xe6, 0x49,
  0x67, 0x5a, 0x06, 0x52, 0x64, 0x39, 0x65, 0x39, 0x04, 0x31, 0x51, 0xbd, 0x58, 0xff, 0xf7, 0xee,
  0x18, 0xf7, 0x18, 0xf7, 0x18, 0xf7, 0x18, 0xf7, 0x18, 0xf7, 0x38, 0xf7, 0x38, 0xf7, 0x38, 0xf7,
  0x39, 0xf7, 0x39, 0xf7, 0x39, 0xf7, 0x39, 0xf7, 0x59, 0xf7, 0x59, 0xf7, 0x59, 0xf7, 0x59, 0xf7,
  0x39, 0xf7, 0x39, 0xf7, 0x39, 0xf7, 0x38, 0xf7, 0x38, 0xf7, 0x38, 0xf7, 0x38, 0xf7, 0x18, 0xf7,
  0x18, 0xf7, 0x18, 0xf7, 0x18, 0xf7, 0x18, 0xf7, 0x18, 0xf7, 0x17, 0xef, 0x17, 0xef, 0x17, 0xf7,
  0x17, 0xf7, 0xf7, 0xf6, 0xf7, 0xf6, 0xf6, 0xf6, 0xf6, 0xee, 0xf6, 0xf6, 0xf6, 0xf6, 0xf6, 0xee,
  0xf6, 0xee, 0xf6, 0xee, 0xf6, 0xee, 0xf6, 0xee, 0xd6, 0xee, 0xd6, 0xee, 0xd6, 0xee, 0xd6, 0xee,
  0xd6, 0xee, 0xd6, 0xee, 0xd5, 0xee, 0xd6, 0xee, 0xd5, 0xee, 0xd5, 0xee, 0xd5, 0xee, 0xd5, 0xee,
  0xd5, 0xee, 0xd5, 0xee, 0xd5, 0xee, 0xb5, 0xee, 0xf5, 0xf6, 0x13, 0xde, 0xa6, 0x49, 0x44, 0x39,
  0x65, 0x41, 0x06, 0x52, 0x47, 0x5a, 0x46, 0x5a, 0x47, 0x5a, 0x06, 0x52, 0x65, 0x41, 0x65, 0x39,
  0x03, 0x31, 0xe7, 0x51, 0xf1, 0xb4, 0x18, 0xf7, 0x9a, 0xff, 0x7a, 0xff, 0x39, 0xff, 0x39, 0xff,
  0x39, 0xff, 0x39, 0xff, 0x7a, 0xff, 0x9a, 0xff, 0x4f, 0xa4, 0x24, 0x39, 0x65, 0x39, 0x85, 0x41,
  0x46, 0x5a, 0x46, 0x5a, 0x27, 0x5a, 0x47, 0x5a, 0xc6, 0x49, 0x45, 0x39, 0x45, 0x39, 0x91, 0xc5,
  0xf5, 0xf6, 0x94, 0xee, 0xb4, 0xee, 0xb4, 0xee, 0xb4, 0xee, 0xb4, 0xee, 0xb4, 0xee, 0xb4, 0xee,
  0xb4, 0xee, 0xb4, 0xee, 0xb4, 0xee, 0xb4, 0xee, 0xb4, 0xee, 0xb4, 0xee, 0xb4, 0xee, 0xb4, 0xee,
  0xb4, 0xee, 0xb4, 0xee, 0xb4, 0xee, 0xb4, 0xee, 0xb4, 0xee, 0xb4, 0xee, 0x94, 0xee, 0x16, 0xff,
  0x6e, 0xa4, 0x04, 0x31, 0x65, 0x41, 0x06, 0x52, 0x47, 0x5a, 0x47, 0x5a, 0xa5, 0x49, 0x65, 0x39,
  0x04, 0x39, 0x53, 0xc5, 0x9b, 0xff, 0x19, 0xff, 0x39, 0xff, 0x19, 0xf7, 0x89, 0x6a, 0xe3, 0x30,
  0x45, 0x39, 0xc5, 0x49, 0x49, 0x93, 0x0b, 0xb4, 0xaa, 0xa3, 0x67, 0x6a, 0x64, 0x39, 0x44, 0x39,
  0x23, 0x31, 0x11, 0xb5, 0x7a, 0xff, 0x59, 0xff, 0x76, 0xe6, 0xa5, 0x41, 0x45, 0x39, 0x85, 0x41,
  0x46, 0x52, 0x47, 0x5a, 0x06, 0x52, 0x65, 0x41, 0x24, 0x39, 0xe6, 0x49, 0xd6, 0xe6, 0x38, 0xf7,
  0x18, 0xf7, 0x18, 0xf7, 0x18, 0xf7, 0x18, 0xf7, 0x38, 0xf7, 0x38, 0xf7, 0x38, 0xf7, 0x38, 0xf7,
  0x39, 0xf7, 0x39, 0xf7, 0x39, 0xf7, 0x39, 0xf7, 0x39, 0xf7, 0x39, 0xf7, 0x39, 0xf7, 0x59, 0xf7,
  0x39, 0xf7, 0x39, 0xf7, 0x38, 0xf7, 0x38, 0xf7, 0x18, 0xf7, 0x18, 0xf7, 0x18, 0xf7, 0x18, 0xf7,
  0x18, 0xf7, 0x18, 0xf7, 0x18, 0xf7, 0x18, 0xf7, 0x17, 0xef, 0xf7, 0xee, 0xf7, 0xee, 0xf7, 0xee,
  0xf7, 0xf6, 0xf6, 0xee, 0xf6, 0xee, 0xf7, 0xf6, 0xf6, 0xf6, 0xf6, 0xf6, 0xf6, 0xf6, 0xf6, 0xee,
  0xf6, 0xee, 0xd6, 0xee, 0xd6, 0xee, 0xd6, 0xee, 0xd6, 0xee, 0xd6, 0xee, 0xd6, 0xee, 0xd6, 0xee,
  0xd6, 0xee, 0xd6, 0xee, 0xd5, 0xee, 0xd5, 0xee, 0xd5, 0xee, 0xd5, 0xee, 0xd5, 0xee, 0xd5, 0xee,
  0xd5, 0xee, 0xd5, 0xee, 0xb5, 0xee, 0xd5, 0xee, 0x94, 0xe6, 0x47, 0x5a, 0x24, 0x31, 0x65, 0x39,
  0xe6, 0x49, 0x47, 0x5a, 0x47, 0x5a, 0x47, 0x5a, 0xe6, 0x49, 0x64, 0x39, 0x45, 0x39, 0x04, 0x31,
  0x8d, 0x8b, 0xd8, 0xf6, 0x9a, 0xff, 0x39, 0xff, 0x18, 0xff, 0x19, 0xff, 0x19, 0xff, 0x39, 0xff,
  0x39, 0xff, 0x19, 0xff, 0x19, 0xff, 0x19, 0xff, 0x9b, 0xff, 0x8c, 0x83, 0x03, 0x31, 0x65, 0x41,
  0xe6, 0x51, 0x47, 0x5a, 0x47, 0x5a, 0x47, 0x5a, 0x06, 0x52, 0x65, 0x41, 0x04, 0x31, 0xec, 0x93,
  0xf5, 0xf6, 0x94, 0xee, 0xb4, 0xee, 0xb4, 0xee, 0xb4, 0xee, 0xb4, 0xee, 0xb4, 0xee, 0xb4, 0xee,
  0xb4, 0xee, 0xb4, 0xee, 0xb4, 0xee, 0xb4, 0xee, 0xb4, 0xee, 0xb4, 0xee, 0xb4, 0xee, 0xb4, 0xee,
  0xb4, 0xee, 0xb4, 0xee, 0xb4, 0xee, 0xb4, 0xee, 0xb4, 0xee, 0xb4, 0xee, 0x94, 0xee, 0x15, 0xf7,
  0x8b, 0x83, 0x03, 0x31, 0x85, 0x41, 0x26, 0x52, 0x46, 0x5a, 0x06, 0x52, 0x65, 0x41, 0x03, 0x31,
  0x0a, 0x7b, 0x7a, 0xff, 0x19, 0xff, 0x19, 0xff, 0x9a, 0xff, 0xac, 0x8b, 0xe3, 0x30, 0x45, 0x39,
  0x67, 0x6a, 0x0d, 0xe5, 0xaf, 0xfd, 0xaf, 0xfd, 0xaf, 0xfd, 0x8f, 0xf5, 0xcb, 0xab, 0x64, 0x41,
  0x45, 0x39, 0x44, 0x39, 0xf5, 0xd5, 0x5a, 0xff, 0x9a, 0xff, 0x4f, 0x9c, 0xe3, 0x30, 0x65, 0x41,
  0xe6, 0x49, 0x46, 0x5a, 0x47, 0x5a, 0xe6, 0x49, 0x85, 0x41, 0x04, 0x31, 0x4f, 0x9c, 0x79, 0xff,
  0xf7, 0xee, 0x18, 0xf7, 0x18, 0xf7, 0x18, 0xf7, 0x18, 0xf7, 0x18, 0xf7, 0x18, 0xf7, 0x38, 0xf7,
  0x38, 0xf7, 0x38, 0xf7, 0x38, 0xf7, 0x39, 0xf7, 0x39, 0xf7, 0x39, 0xf7, 0x39, 0xf7, 0x59, 0xf7,
  0x39, 0xf7, 0x38, 0xf7, 0x38, 0xf7, 0x18, 0xf7, 0x18, 0xf7, 0x18, 0xf7, 0x18, 0xf7, 0x18, 0xf7,
  0x18, 0xf7, 0x18, 0xf7, 0x17, 0xf7, 0x17, 0xef, 0x17, 0xf7, 0xf7, 0xf6, 0xf7, 0xf6, 0xf7, 0xf6,
  0xf7, 0xf6, 0xf6, 0xf6, 0xf6, 0xf6, 0xf7, 0xf6, 0xf6, 0xf6, 0xf6, 0xee, 0xf6, 0xee, 0xf6, 0xee,
  0xf6, 0xee, 0xd6, 0xee, 0xd6, 0xee, 0xd6, 0xee, 0xd6, 0xee, 0xd6, 0xee, 0xd5, 0xee, 0xd5, 0xee,
  0xd5, 0xee, 0xd5, 0xee, 0xd5, 0xee, 0xd5, 0xee, 0xd5, 0xee, 0xd5, 0xee, 0xd5, 0xee, 0xb5, 0xee,
  0xb5, 0xee, 0xb5, 0xee, 0xd5, 0xee, 0xd5, 0xee, 0xc9, 0x6a, 0x04, 0x31, 0x65, 0x41, 0xc6, 0x49,
  0x47, 0x5a, 0x47, 0x5a, 0x47, 0x5a, 0xe6, 0x49, 0x64, 0x39, 0x44, 0x39, 0x44, 0x39, 0xd1, 0xb4,
  0x9a, 0xff, 0x39, 0xff, 0x19, 0xff, 0x39, 0xff, 0x39, 0xff, 0x39, 0xff, 0x39, 0xff, 0x39, 0xff,
  0x39, 0xff, 0x39, 0xff, 0x39, 0xff, 0x19, 0xff, 0x59, 0xff, 0xb7, 0xee, 0xa5, 0x49, 0x44, 0x39,
  0xa5, 0x41, 0x47, 0x5a, 0x47, 0x5a, 0x47, 0x5a, 0x47, 0x5a, 0x85, 0x41, 0x04, 0x31, 0x68, 0x62,
  0xb4, 0xee, 0xb4, 0xee, 0xb4, 0xee, 0xb4, 0xee, 0xb4, 0xee, 0xb4, 0xee, 0xb4, 0xee, 0xb4, 0xee,
  0xb4, 0xee, 0xb4, 0xee, 0xb4, 0xee, 0xb4, 0xee, 0xb4, 0xee, 0xb4, 0xee, 0xb4, 0xee, 0xb4, 0xee,
  0xb4, 0xee, 0xb4, 0xee, 0xb4, 0xee, 0xb4, 0xee, 0xb4, 0xee, 0xb4, 0xee, 0x94, 0xee, 0xf5, 0xf6,
  0x09, 0x73, 0x03, 0x31, 0x85, 0x41, 0x27, 0x5a, 0x47, 0x5a, 0xc5, 0x49, 0x45, 0x39, 0x44, 0x31,
  0xb3, 0xcd, 0x7a, 0xff, 0x18, 0xff, 0x7a, 0xff, 0xb4, 0xcd, 0x24, 0x39, 0x44, 0x31, 0x26, 0x62,
  0x4e, 0xed, 0x8e, 0xf5, 0x4e, 0xed, 0x4e, 0xed, 0x4e, 0xed, 0x4e, 0xed, 0xcf, 0xfd, 0x0b, 0xac,
  0x44, 0x39, 0x24, 0x31, 0x48, 0x5a, 0x39, 0xff, 0x59, 0xff, 0xd8, 0xee, 0xe6, 0x49, 0x24, 0x39,
  0x85, 0x41, 0x46, 0x5a, 0x47, 0x5a, 0x27, 0x5a, 0x85, 0x41, 0x24, 0x31, 0x48, 0x5a, 0xf7, 0xee,
  0x17, 0xf7, 0x17, 0xef, 0x18, 0xf7, 0x18, 0xf7, 0x18, 0xf7, 0x18, 0xf7, 0x18, 0xf7, 0x38, 0xf7,
  0x38, 0xf7, 0x38, 0xf7, 0x38, 0xf7, 0x39, 0xf7, 0x39, 0xf7, 0x39, 0xf7, 0x39, 0xf7, 0x59, 0xf7,
  0x38, 0xf7, 0x38, 0xf7, 0x18, 0xf7, 0x18, 0xf7, 0x18, 0xf7, 0x18, 0xf7, 0x18, 0xf7, 0x18, 0xf7,
  0x18, 0xf7, 0x17, 0xf7, 0x17, 0xef, 0x17, 0xef, 0x17, 0xf7, 0xf7, 0xf6, 0xf7, 0xf6, 0xf7, 0xf6,
  0xf7, 0xf6, 0xf6, 0xf6, 0xf6, 0xf6, 0xf6, 0xf6, 0xf6, 0xf6, 0xd6, 0xee, 0xf6, 0xee, 0xf6, 0xee,
  0xd6, 0xee, 0xd6, 0xee, 0xd6, 0xee, 0xd6, 0xee, 0xd6, 0xee, 0xd6, 0xee, 0xd5, 0xee, 0xd5, 0xee,
  0xd5, 0xee, 0xd5, 0xee, 0xd5, 0xee, 0xb5, 0xee, 0xb5, 0xee, 0xb5, 0xee, 0xb5, 0xee, 0xb5, 0xee,
  0xb5, 0xee, 0xb4, 0xee, 0xf6, 0xf6, 0x4b, 0x7b, 0x04, 0x31, 0x65, 0x41, 0x85, 0x41, 0x47, 0x5a,
  0x46, 0x5a, 0x47, 0x5a, 0xe6, 0x51, 0x64, 0x39, 0x44, 0x39, 0x65, 0x41, 0x93, 0xc5, 0x9b, 0xff,
  0x19, 0xff, 0x19, 0xff, 0x39, 0xff, 0x39, 0xff, 0x39, 0xff, 0x39, 0xff, 0x39, 0xff, 0x39, 0xff,
  0x39, 0xff, 0x39, 0xff, 0x39, 0xff, 0x39, 0xff, 0x19, 0xff, 0x9a, 0xff, 0xad, 0x8b, 0x03, 0x31,
  0x85, 0x41, 0x26, 0x52, 0x46, 0x5a, 0x27, 0x5a, 0x47, 0x5a, 0xc6, 0x49, 0x44, 0x39, 0x85, 0x41,
  0x12, 0xd6, 0xb4, 0xee, 0x94, 0xee, 0x94, 0xee, 0x94, 0xee, 0x94, 0xee, 0x94, 0xee, 0x94, 0xee,
  0x94, 0xee, 0x94, 0xee, 0x94, 0xee, 0xb4, 0xee, 0xb4, 0xee, 0xb4, 0xee, 0xb4, 0xee, 0xb4, 0xee,
  0xb4, 0xee, 0xb4, 0xee, 0xb4, 0xee, 0xb4, 0xee, 0xb4, 0xee, 0xb4, 0xee, 0x94, 0xee, 0xd4, 0xee,
  0x88, 0x62, 0x04, 0x31, 0xa5, 0x41, 0x46, 0x5a, 0x47, 0x5a, 0x85, 0x41, 0x24, 0x31, 0x68, 0x5a,
  0x39, 0xff, 0x39, 0xff, 0x19, 0xff, 0x7a, 0xff, 0xea, 0x72, 0x04, 0x31, 0x65, 0x41, 0xac, 0xcc,
  0x8e, 0xf5, 0x4e, 0xed, 0x6e, 0xed, 0x6e, 0xed, 0x6e, 0xed, 0x6e, 0xed, 0x4e, 0xed, 0xaf, 0xfd,
  0x29, 0x8b, 0x45, 0x31, 0x04, 0x31, 0xb0, 0xac, 0x7a, 0xff, 0x9a, 0xff, 0x0e, 0x94, 0x03, 0x31,
  0x65, 0x41, 0x06, 0x52, 0x47, 0x5a, 0x47, 0x5a, 0xc6, 0x49, 0x45, 0x39, 0x85, 0x41, 0x14, 0xd6,
  0x38, 0xf7, 0xf7, 0xee, 0x17, 0xf7, 0x18, 0xf7, 0x18, 0xf7, 0x18, 0xf7, 0x18, 0xf7, 0x38, 0xf7,
  0x18, 0xf7, 0x38, 0xf7, 0x38, 0xf7, 0x39, 0xf7, 0x39, 0xf7, 0x39, 0xf7, 0x39, 0xf7, 0x59, 0xf7,
  0x38, 0xf7, 0x18, 0xf7, 0x18, 0xf7, 0x18, 0xf7, 0x38, 0xf7, 0x18, 0xf7, 0x18, 0xf7, 0x18, 0xf7,
  0x17, 0xf7, 0x17, 0xef, 0xf7, 0xee, 0xf7, 0xf6, 0x17, 0xf7, 0xf7, 0xf6, 0xf7, 0xee, 0xf6, 0xf6,
  0xf6, 0xf6, 0xf6, 0xf6, 0xf6, 0xee, 0xf6, 0xee, 0xf6, 0xee, 0xf6, 0xee, 0xd6, 0xee, 0xd6, 0xee,
  0xd6, 0xee, 0xd6, 0xee, 0xd6, 0xee, 0xb5, 0xee, 0xd5, 0xee, 0xd5, 0xee, 0xd5, 0xee, 0xd5, 0xee,
  0xd5, 0xee, 0xd5, 0xee, 0xb5, 0xee, 0xb5, 0xee, 0xb5, 0xee, 0xb5, 0xee, 0xb5, 0xee, 0xb5, 0xee,
  0x94, 0xee, 0x15, 0xf7, 0x4d, 0x9c, 0xe3, 0x30, 0x65, 0x39, 0x85, 0x41, 0x26, 0x52, 0x46, 0x5a,
  0x47, 0x5a, 0x26, 0x52, 0x65, 0x41, 0x45, 0x39, 0x44, 0x39, 0x73, 0xc5, 0x9a, 0xff, 0x19, 0xff,
  0x39, 0xff, 0x39, 0xff, 0x39, 0xff, 0x39, 0xff, 0x19, 0xff, 0x19, 0xff, 0x19, 0xff, 0x19, 0xff,
  0x39, 0xff, 0x39, 0xff, 0x39, 0xff, 0x39, 0xff, 0x19, 0xff, 0x7a, 0xff, 0x73, 0xc5, 0x24, 0x31,
  0x65, 0x39, 0xe6, 0x49, 0x47, 0x5a, 0x27, 0x5a, 0x47, 0x5a, 0xe6, 0x51, 0x65, 0x39, 0x24, 0x39,
  0x0f, 0xbd, 0xf4, 0xf6, 0x93, 0xee, 0x94, 0xee, 0x94, 0xee, 0x94, 0xee, 0x94, 0xee, 0x94, 0xee,
  0x94, 0xee, 0x94, 0xee, 0xb4, 0xee, 0xb4, 0xee, 0x94, 0xee, 0x94, 0xee, 0x94, 0xee, 0x94, 0xee,
  0x94, 0xee, 0x94, 0xee, 0xb4, 0xee, 0xb4, 0xee, 0xb4, 0xee, 0x94, 0xee, 0xf5, 0xf6, 0x13, 0xde,
  0xc6, 0x49, 0x44, 0x39, 0xa5, 0x49, 0x47, 0x5a, 0x26, 0x52, 0x85, 0x41, 0xe3, 0x30, 0xce, 0x93,
  0x9a, 0xff, 0x18, 0xff, 0x7a, 0xff, 0x16, 0xde, 0x65, 0x41, 0x04, 0x31, 0xe8, 0x7a, 0xaf, 0xfd,
  0x4e, 0xed, 0x6e, 0xed, 0x6e, 0xed, 0x6e, 0xed, 0x6e, 0xed, 0x6e, 0xed, 0x6e, 0xed, 0x6e, 0xf5,
  0x4e, 0xe5, 0xc5, 0x51, 0x04, 0x31, 0x27, 0x5a, 0xf9, 0xf6, 0x7a, 0xff, 0x15, 0xde, 0x64, 0x39,
  0x64, 0x39, 0xc6, 0x49, 0x47, 0x5a, 0x47, 0x5a, 0x06, 0x52, 0x65, 0x39, 0x24, 0x39, 0x51, 0xbd,
  0x58, 0xff, 0xf7, 0xee, 0x17, 0xef, 0x18, 0xf7, 0x18, 0xf7, 0x18, 0xf7, 0x18, 0xf7, 0x38, 0xf7,
  0x18, 0xf7, 0x18, 0xf7, 0x18, 0xf7, 0x38, 0xf7, 0x38, 0xf7, 0x38, 0xf7, 0x39, 0xf7, 0x39, 0xf7,
  0x18, 0xf7, 0x18, 0xf7, 0x18, 0xf7, 0x18, 0xf7, 0x18, 0xf7, 0x18, 0xf7, 0x17, 0xef, 0x17, 0xef,
  0x17, 0xef, 0xf7, 0xf6, 0xf7, 0xf6, 0x17, 0xf7, 0xf7, 0xf6, 0xf7, 0xf6, 0xf6, 0xee, 0xf6, 0xf6,
  0xf6, 0xee, 0xf6, 0xee, 0xf6, 0xee, 0xf6, 0xee, 0xd6, 0xee, 0xd6, 0xee, 0xd6, 0xee, 0xd6, 0xee,
  0xd5, 0xee, 0xd5, 0xee, 0xd5, 0xee, 0xd5, 0xee, 0xd5, 0xee, 0xd5, 0xee, 0xd5, 0xee, 0xd5, 0xee,
  0xb5, 0xee, 0xb5, 0xee, 0xb5, 0xee, 0xb5, 0xee, 0xb5, 0xee, 0xb5, 0xee, 0xb4, 0xee, 0xb4, 0xee,
  0xf5, 0xf6, 0xb1, 0xc5, 0x44, 0x39, 0x65, 0x39, 0x85, 0x41, 0x27, 0x52, 0x47, 0x5a, 0x46, 0x5a,
  0x47, 0x5a, 0x85, 0x41, 0x65, 0x39, 0x04, 0x31, 0xd1, 0xb4, 0xbb, 0xff, 0x19, 0xff, 0x39, 0xff,
  0x39, 0xff, 0x39, 0xff, 0x19, 0xff, 0x19, 0xff, 0x59, 0xff, 0x7a, 0xff, 0x5a, 0xff, 0x39, 0xff,
  0x19, 0xff, 0x39, 0xff, 0x39, 0xff, 0x39, 0xff, 0x19, 0xff, 0x59, 0xff, 0x97, 0xee, 0xa6, 0x49,
  0x44, 0x39, 0xc6, 0x49, 0x47, 0x5a, 0x27, 0x5a, 0x47, 0x5a, 0x06, 0x52, 0x65, 0x41, 0x04, 0x31,
  0x2c, 0x9c, 0xf4, 0xf6, 0x93, 0xee, 0x94, 0xee, 0x94, 0xee, 0x93, 0xee, 0x93, 0xee, 0x93, 0xee,
  0x93, 0xee, 0x93, 0xee, 0x93, 0xee, 0x94, 0xee, 0x94, 0xee, 0x94, 0xee, 0x94, 0xee, 0x94, 0xee,
  0x94, 0xee, 0x94, 0xee, 0x94, 0xee, 0x94, 0xee, 0x94, 0xee, 0xd4, 0xf6, 0x91, 0xc5, 0xe6, 0x51,
  0x44, 0x39, 0x64, 0x39, 0xe6, 0x49, 0x47, 0x5a, 0x06, 0x52, 0x65, 0x39, 0x04, 0x31, 0x32, 0xbd,
  0x9a, 0xff, 0xf8, 0xfe, 0x9b, 0xff, 0x4f, 0xa4, 0x03, 0x31, 0x64, 0x39, 0x6c, 0xc4, 0x8f, 0xf5,
  0x4e, 0xed, 0x6e, 0xed, 0x6e, 0xed, 0x6e, 0xed, 0x6e, 0xed, 0x6e, 0xed, 0x6e, 0xed, 0x4e, 0xed,
  0xaf, 0xfd, 0x69, 0x9b, 0x24, 0x31, 0x24, 0x39, 0x73, 0xc5, 0x7a, 0xff, 0x19, 0xff, 0x88, 0x62,
  0x24, 0x31, 0xa5, 0x41, 0x47, 0x5a, 0x47, 0x5a, 0x26, 0x52, 0x65, 0x41, 0x03, 0x31, 0xaf, 0xa4,
  0x58, 0xff, 0xf6, 0xee, 0x17, 0xef, 0x17, 0xef, 0x17, 0xef, 0x17, 0xf7, 0x18, 0xf7, 0x18, 0xf7,
  0x18, 0xf7, 0x18, 0xf7, 0x18, 0xf7, 0x18, 0xf7, 0x39, 0xf7, 0x39, 0xf7, 0x39, 0xf7, 0x39, 0xf7,
  0x18, 0xf7, 0x18, 0xf7, 0x18, 0xf7, 0x18, 0xf7, 0x18, 0xf7, 0x17, 0xef, 0x17, 0xef, 0x17, 0xf7,
  0x17, 0xf7, 0xf7, 0xf6, 0x17, 0xf7, 0xf7, 0xf6, 0xf6, 0xf6, 0xf6, 0xee, 0xf6, 0xee, 0xf6, 0xf6,
  0xf6, 0xee, 0xf6, 0xee, 0xf6, 0xee, 0xd6, 0xee, 0xd6, 0xee, 0xd6, 0xee, 0xd6, 0xee, 0xd6, 0xee,
  0xd6, 0xee, 0xd5, 0xee, 0xd5, 0xee, 0xd5, 0xee, 0xd5, 0xee, 0xd5, 0xee, 0xb5, 0xee, 0xb5, 0xee,
  0xb5, 0xee, 0xb5, 0xee, 0xb5, 0xee, 0xb5, 0xee, 0xb5, 0xee, 0xb4, 0xee, 0xb4, 0xee, 0xb4, 0xee,
  0xd5, 0xee, 0x88, 0x62, 0x24, 0x31, 0x65, 0x41, 0x06, 0x52, 0x47, 0x5a, 0x27, 0x5a, 0x47, 0x5a,
  0xc5, 0x49, 0x64, 0x39, 0x03, 0x31, 0x8d, 0x8b, 0x9a, 0xff, 0x19, 0xff, 0x39, 0xff, 0x39, 0xff,
  0x39, 0xff, 0x19, 0xff, 0x5a, 0xff, 0x7a, 0xff, 0xb7, 0xee, 0xf5, 0xdd, 0x15, 0xde, 0xf8, 0xf6,
  0x9a, 0xff, 0x19, 0xff, 0x39, 0xff, 0x39, 0xff, 0x39, 0xff, 0x39, 0xff, 0x39, 0xff, 0x68, 0x62,
  0x24, 0x31, 0xa5, 0x49, 0x47, 0x5a, 0x47, 0x5a, 0x47, 0x5a, 0x26, 0x5a, 0x85, 0x41, 0x04, 0x31,
  0x6b, 0x83, 0xf5, 0xf6, 0x93, 0xee, 0x93, 0xee, 0x94, 0xee, 0x93, 0xee, 0x93, 0xee, 0x93, 0xee,
  0x93, 0xee, 0x93, 0xee, 0x93, 0xee, 0x93, 0xee, 0x94, 0xee, 0x94, 0xee, 0x94, 0xee, 0x94, 0xee,
  0x94, 0xee, 0x94, 0xee, 0x94, 0xee, 0x94, 0xee, 0x94, 0xee, 0x73, 0xe6, 0x06, 0x52, 0x04, 0x31,
  0x65, 0x39, 0xa5, 0x41, 0x27, 0x5a, 0x47, 0x5a, 0xe6, 0x49, 0x45, 0x39, 0x65, 0x39, 0x35, 0xde,
  0x5a, 0xff, 0x19, 0xff, 0x5a, 0xff, 0xc9, 0x6a, 0xe4, 0x28, 0x06, 0x5a, 0x4e, 0xed, 0x6e, 0xf5,
  0x6e, 0xed, 0x6e, 0xed, 0x6e, 0xed, 0x6e, 0xed, 0x6e, 0xed, 0x6e, 0xed, 0x6e, 0xed, 0x4e, 0xed,
  0x8e, 0xf5, 0xed, 0xd4, 0x85, 0x41, 0xe3, 0x28, 0x6c, 0x83, 0x7a, 0xff, 0x7a, 0xff, 0xed, 0x93,
  0x03, 0x31, 0x85, 0x41, 0x26, 0x52, 0x47, 0x5a, 0x26, 0x52, 0x65, 0x41, 0xe3, 0x30, 0x6f, 0xa4,
  0x58, 0xff, 0xf7, 0xee, 0x17, 0xef, 0x17, 0xef, 0x17, 0xef, 0x17, 0xef, 0x17, 0xef, 0x18, 0xf7,
  0x18, 0xf7, 0x18, 0xf7, 0x18, 0xf7, 0x18, 0xf7, 0x38, 0xf7, 0x38, 0xf7, 0x38, 0xf7, 0x39, 0xf7,
  0x18, 0xf7, 0x18, 0xf7, 0x18, 0xf7, 0x18, 0xf7, 0x17, 0xef, 0x17, 0xef, 0x17, 0xef, 0xf7, 0xf6,
  0xf7, 0xf6, 0x17, 0xf7, 0xf7, 0xf6, 0xf7, 0xf6, 0xf6, 0xf6, 0xf6, 0xee, 0xf6, 0xee, 0xf6, 0xf6,
  0xf6, 0xee, 0xf6, 0xee, 0xd6, 0xee, 0xd6, 0xee, 0xd6, 0xee, 0xd6, 0xee, 0xd6, 0xee, 0xd5, 0xee,
  0xd6, 0xee, 0xd5, 0xee, 0xd5, 0xee, 0xd5, 0xee, 0xd5, 0xee, 0xb5, 0xee, 0xb5, 0xee, 0xb5, 0xee,
  0xb5, 0xee, 0xb5, 0xee, 0xb5, 0xee, 0xb4, 0xee, 0xb4, 0xee, 0xb4, 0xee, 0xb4, 0xee, 0x15, 0xf7,
  0xcf, 0xac, 0x24, 0x31, 0x65, 0x41, 0xa6, 0x49, 0x47, 0x5a, 0x27, 0x5a, 0x47, 0x5a, 0x27, 0x52,
  0x64, 0x39, 0x24, 0x31, 0x28, 0x5a, 0xf8, 0xf6, 0x39, 0xff, 0x39, 0xff, 0x39, 0xff, 0x39, 0xff,
  0x19, 0xff, 0x9a, 0xff, 0x56, 0xde, 0x6c, 0x83, 0xc6, 0x49, 0x65, 0x39, 0x65, 0x39, 0x07, 0x52,
  0xd0, 0xac, 0x7a, 0xff, 0x19, 0xff, 0x39, 0xff, 0x39, 0xff, 0x19, 0xff, 0x7a, 0xff, 0x0b, 0x73,
  0x04, 0x31, 0xa5, 0x41, 0x47, 0x5a, 0x47, 0x5a, 0x47, 0x5a, 0x47, 0x5a, 0xa5, 0x41, 0x24, 0x31,
  0xe9, 0x72, 0xd4, 0xf6, 0x93, 0xee, 0x93, 0xee, 0x93, 0xee, 0x93, 0xee, 0x93, 0xee, 0x93, 0xee,
  0x93, 0xee, 0x93, 0xee, 0x93, 0xee, 0x93, 0xee, 0x93, 0xee, 0x93, 0xee, 0x93, 0xee, 0x93, 0xee,
  0x93, 0xee, 0x94, 0xee, 0x93, 0xee, 0x73, 0xe6, 0xd4, 0xf6, 0xf0, 0xbc, 0x04, 0x31, 0x85, 0x41,
  0xc6, 0x49, 0x47, 0x5a, 0x27, 0x5a, 0x47, 0x5a, 0xc6, 0x49, 0x24, 0x39, 0xc6, 0x49, 0xb7, 0xee,
  0x39, 0xff, 0x39, 0xff, 0xd7, 0xf6, 0xe6, 0x49, 0x04, 0x31, 0xc8, 0x7a, 0x8f, 0xfd, 0x4e, 0xed,
  0x6e, 0xed, 0x6e, 0xed, 0x6e, 0xed, 0x6e, 0xed, 0x6e, 0xed, 0x6e, 0xed, 0x6e, 0xed, 0x6e, 0xed,
  0x4e, 0xed, 0x8e, 0xf5, 0x87, 0x6a, 0x04, 0x29, 0x07, 0x52, 0xd8, 0xf6, 0x9b, 0xff, 0x32, 0xbd,
  0x04, 0x31, 0x65, 0x39, 0x06, 0x52, 0x67, 0x5a, 0x26, 0x52, 0x85, 0x41, 0x04, 0x31, 0x8f, 0xa4,
  0x58, 0xff, 0xf6, 0xee, 0x17, 0xef, 0x17, 0xef, 0x17, 0xef, 0x17, 0xef, 0x17, 0xef, 0x18, 0xf7,
  0x18, 0xf7, 0x18, 0xf7, 0x18, 0xf7, 0x18, 0xf7, 0x18, 0xf7, 0x38, 0xf7, 0x38, 0xf7, 0x39, 0xf7,
  0x18, 0xf7, 0x18, 0xf7, 0x18, 0xf7, 0x17, 0xf7, 0x17, 0xef, 0x17, 0xef, 0xf7, 0xee, 0xf7, 0xf6,
  0x17, 0xf7, 0xf7, 0xf6, 0xf7, 0xf6, 0xf6, 0xf6, 0xf6, 0xf6, 0xf6, 0xee, 0xf6, 0xee, 0xf6, 0xee,
  0xf6, 0xee, 0xd6, 0xee, 0xd6, 0xee, 0xd6, 0xee, 0xd6, 0xee, 0xd6, 0xee, 0xd5, 0xee, 0xd5, 0xee,
  0xd5, 0xee, 0xd5, 0xee, 0xd5, 0xee, 0xb5, 0xee, 0xb5, 0xee, 0xb5, 0xee, 0xb5, 0xee, 0xb5, 0xee,
  0xb4, 0xee, 0xb4, 0xee, 0xb4, 0xee, 0xb4, 0xee, 0xb4, 0xee, 0xb4, 0xee, 0xb4, 0xee, 0xd4, 0xee,
  0x67, 0x62, 0x24, 0x39, 0x85, 0x41, 0x27, 0x52, 0x47, 0x5a, 0x46, 0x5a, 0x47, 0x5a, 0xa5, 0x49,
  0x65, 0x39, 0x24, 0x31, 0x73, 0xc5, 0x7a, 0xff, 0x19, 0xff, 0x39, 0xff, 0x19, 0xff, 0x19, 0xff,
  0x7a, 0xff, 0x12, 0xb5, 0x65, 0x41, 0x03, 0x31, 0x24, 0x31, 0x24, 0x31, 0x25, 0x31, 0x24, 0x31,
  0xe3, 0x30, 0x2f, 0x9c, 0x7a, 0xff, 0x19, 0xff, 0x39, 0xff, 0x19, 0xff, 0x9a, 0xff, 0xad, 0x8b,
  0x03, 0x31, 0x85, 0x41, 0x27, 0x5a, 0x47, 0x5a, 0x47, 0x5a, 0x47, 0x5a, 0xa5, 0x41, 0x24, 0x31,
  0x88, 0x62, 0x94, 0xee, 0x93, 0xee, 0x93, 0xee, 0x93, 0xee, 0x93, 0xee, 0x93, 0xee, 0x93, 0xee,
  0x93, 0xee, 0x93, 0xee, 0x93, 0xee, 0x93, 0xee, 0x93, 0xee, 0x93, 0xee, 0x93, 0xee, 0x93, 0xee,
  0x93, 0xee, 0x93, 0xee, 0x93, 0xee, 0x93, 0xe6, 0xf4, 0xf6, 0x6e, 0xa4, 0x04, 0x31, 0x65, 0x41,
  0x07, 0x52, 0x47, 0x5a, 0x26, 0x5a, 0x47, 0x5a, 0xa6, 0x49, 0x24, 0x31, 0x07, 0x52, 0xf9, 0xfe,
  0x39, 0xff, 0x5a, 0xff, 0x15, 0xde, 0x65, 0x39, 0x24, 0x31, 0xaa, 0x9b, 0xae, 0xfd, 0x4e, 0xed,
  0x6e, 0xed, 0x6e, 0xed, 0x6e, 0xed, 0x6e, 0xed, 0x6e, 0xed, 0x6e, 0xed, 0x6e, 0xed, 0x6e, 0xed,
  0x4e, 0xed, 0xaf, 0xfd, 0x8a, 0x9b, 0x04, 0x31, 0x64, 0x41, 0xf4, 0xd5, 0xbb, 0xff, 0x36, 0xde,
  0x65, 0x41, 0x44, 0x39, 0xe6, 0x49, 0x47, 0x5a, 0x26, 0x52, 0x65, 0x41, 0x04, 0x31, 0xd0, 0xac,
  0x58, 0xff, 0xf6, 0xee, 0xf6, 0xf6, 0xf7, 0xf6, 0xf7, 0xf6, 0x17, 0xef, 0x17, 0xef, 0x18, 0xf7,
  0x18, 0xf7, 0x18, 0xf7, 0x18, 0xf7, 0x38, 0xf7, 0x38, 0xf7, 0x38, 0xf7, 0x18, 0xf7, 0x39, 0xf7,
  0x18, 0xf7, 0x18, 0xf7, 0x17, 0xf7, 0x17, 0xef, 0x17, 0xef, 0x17, 0xef, 0x17, 0xf7, 0xf7, 0xf6,
  0xf7, 0xee, 0xf6, 0xf6, 0xf6, 0xf6, 0xf6, 0xee, 0xf6, 0xee, 0xd6, 0xee, 0xf6, 0xee, 0xf6, 0xee,
  0xd6, 0xee, 0xd6, 0xee, 0xd6, 0xee, 0xd6, 0xee, 0xd6, 0xee, 0xd5, 0xee, 0xd5, 0xee, 0xd5, 0xee,
  0xd5, 0xee, 0xd5, 0xee, 0xb5, 0xee, 0xb5, 0xee, 0xb5, 0xee, 0xb5, 0xee, 0xb5, 0xee, 0xb4, 0xee,
  0xb4, 0xee, 0xb4, 0xee, 0xb4, 0xee, 0xb4, 0xee, 0xb4, 0xee, 0x94, 0xee, 0xf5, 0xf6, 0x50, 0xbd,
  0x24, 0x39, 0x65, 0x39, 0xc5, 0x49, 0x47, 0x5a, 0x26, 0x5a, 0x46, 0x5a, 0x06, 0x52, 0x64, 0x39,
  0x04, 0x31, 0x0b, 0x73, 0x7a, 0xff, 0x18, 0xff, 0x39, 0xff, 0x39, 0xff, 0x19, 0xff, 0x9a, 0xff,
  0x90, 0xa4, 0x03, 0x31, 0x44, 0x39, 0x44, 0x39, 0x87, 0x72, 0xca, 0xa3, 0x8a, 0x9b, 0xa5, 0x49,
  0x45, 0x39, 0x24, 0x39, 0xf4, 0xd5, 0x79, 0xff, 0x19, 0xff, 0x19, 0xff, 0x9a, 0xff, 0x2e, 0x9c,
  0x03, 0x31, 0x85, 0x41, 0x27, 0x5a, 0x47, 0x5a, 0x47, 0x5a, 0x47, 0x5a, 0xa5, 0x41, 0x24, 0x31,
  0x67, 0x62, 0x73, 0xee, 0x93, 0xee, 0x93, 0xee, 0x93, 0xee, 0x93, 0xee, 0x93, 0xee, 0x93, 0xee,
  0x93, 0xee, 0x93, 0xee, 0x93, 0xee, 0x93, 0xee, 0x93, 0xee, 0x93, 0xee, 0x93, 0xee, 0x93, 0xee,
  0x93, 0xee, 0x93, 0xee, 0x93, 0xee, 0x73, 0xee, 0xf4, 0xf6, 0xae, 0xac, 0x03, 0x31, 0x65, 0x41,
  0x06, 0x52, 0x47, 0x5a, 0x46, 0x5a, 0x46, 0x5a, 0xa6, 0x49, 0x24, 0x31, 0x48, 0x5a, 0x19, 0xff,
  0x19, 0xff, 0x7a, 0xff, 0x53, 0xc5, 0x24, 0x31, 0x44, 0x39, 0x2b, 0xb4, 0x8f, 0xfd, 0x4e, 0xed,
  0x6e, 0xed, 0x6e, 0xed, 0x6e, 0xed, 0x6e, 0xed, 0x6e, 0xed, 0x6e, 0xed, 0x6e, 0xed, 0x6e, 0xed,
  0x4e, 0xed, 0x8e, 0xf5, 0x4c, 0xc4, 0x45, 0x39, 0x03, 0x31, 0xf1, 0xb4, 0xbb, 0xff, 0xb8, 0xee,
  0xe7, 0x51, 0x44, 0x39, 0xc5, 0x49, 0x47, 0x5a, 0x06, 0x52, 0x65, 0x39, 0x24, 0x39, 0x51, 0xbd,
  0x37, 0xff, 0xf6, 0xee, 0xf6, 0xf6, 0xf7, 0xf6, 0xf7, 0xf6, 0xf7, 0xee, 0xf7, 0xee, 0x17, 0xef,
  0x17, 0xef, 0x17, 0xf7, 0x18, 0xf7, 0x18, 0xf7, 0x18, 0xf7, 0x18, 0xf7, 0x18, 0xf7, 0x38, 0xf7,
  0x18, 0xf7, 0x18, 0xf7, 0x17, 0xef, 0x17, 0xef, 0x17, 0xf7, 0xf7, 0xf6, 0xf7, 0xf6, 0xf7, 0xf6,
  0xf6, 0xee, 0xf6, 0xf6, 0xf6, 0xf6, 0xf6, 0xf6, 0xd6, 0xee, 0xd6, 0xee, 0xd6, 0xee, 0xd6, 0xee,
  0xd6, 0xee, 0xd6, 0xee, 0xd6, 0xee, 0xd6, 0xee, 0xd5, 0xee, 0xd5, 0xee, 0xd5, 0xee, 0xd5, 0xee,
  0xd5, 0xee, 0xb5, 0xee, 0xb5, 0xee, 0xb5, 0xee, 0xb5, 0xee, 0xb5, 0xee, 0xb5, 0xee, 0xb4, 0xee,
  0xb4, 0xee, 0xb4, 0xee, 0xb4, 0xee, 0xb4, 0xee, 0xb4, 0xee, 0x94, 0xee, 0xf5, 0xf6, 0x4a, 0x7b,
  0x04, 0x31, 0x65, 0x41, 0x06, 0x52, 0x46, 0x5a, 0x26, 0x5a, 0x47, 0x5a, 0xa5, 0x49, 0x45, 0x39,
  0x45, 0x39, 0xf5, 0xd5, 0x7a, 0xff, 0x19, 0xff, 0x39, 0xff, 0x19, 0xff, 0x9a, 0xff, 0x52, 0xbd,
  0x04, 0x31, 0x44, 0x39, 0x65, 0x41, 0xeb, 0xb3, 0xaf, 0xf5, 0x8e, 0xfd, 0xcf, 0xfd, 0x6c, 0xc4,
  0x65, 0x41, 0x04, 0x31, 0x2b, 0x7b, 0x7a, 0xff, 0x19, 0xff, 0x19, 0xff, 0x9a, 0xff, 0xb0, 0xac,
  0x03, 0x31, 0x85, 0x41, 0x26, 0x52, 0x46, 0x5a, 0x27, 0x5a, 0x47, 0x5a, 0xa5, 0x49, 0x24, 0x31,
  0x47, 0x5a, 0x73, 0xe6, 0x93, 0xee, 0x93, 0xee, 0x93, 0xee, 0x93, 0xee, 0x93, 0xee, 0x93, 0xee,
  0x93, 0xee, 0x93, 0xee, 0x93, 0xee, 0x93, 0xee, 0x93, 0xee, 0x93, 0xee, 0x93, 0xee, 0x93, 0xee,
  0x93, 0xee, 0x93, 0xee, 0x93, 0xee, 0x73, 0xee, 0xd4, 0xf6, 0x50, 0xc5, 0x44, 0x39, 0x65, 0x39,
  0xe6, 0x49, 0x47, 0x5a, 0x27, 0x5a, 0x47, 0x5a, 0xa6, 0x49, 0x24, 0x31, 0x48, 0x5a, 0x19, 0xff,
  0x19, 0xff, 0x9a, 0xff, 0xf1, 0xb4, 0x04, 0x31, 0x64, 0x39, 0x6c, 0xcc, 0x8f, 0xf5, 0x4e, 0xed,
  0x6e, 0xed, 0x6e, 0xed, 0x6e, 0xed, 0x6e, 0xed, 0x6e, 0xed, 0x6e, 0xed, 0x6e, 0xed, 0x6e, 0xed,
  0x4e, 0xed, 0x6e, 0xf5, 0xed, 0xdc, 0xa5, 0x41, 0xe3, 0x28, 0x0e, 0x94, 0x9b, 0xff, 0x19, 0xff,
  0x68, 0x62, 0x24, 0x31, 0xa5, 0x41, 0x47, 0x5a, 0xe6, 0x49, 0x65, 0x39, 0x45, 0x39, 0xd3, 0xcd,
  0x37, 0xf7, 0xd6, 0xee, 0xf6, 0xf6, 0xf7, 0xee, 0xf7, 0xf6, 0xf7, 0xf6, 0x17, 0xf7, 0xf7, 0xee,
  0x17, 0xef, 0x17, 0xf7, 0x18, 0xf7, 0x18, 0xf7, 0x18, 0xf7, 0x18, 0xf7, 0x38, 0xf7, 0x38, 0xf7,
  0x18, 0xf7, 0x17, 0xef, 0x17, 0xef, 0x17, 0xf7, 0x17, 0xf7, 0xf7, 0xf6, 0xf7, 0xf6, 0xf6, 0xf6,
  0xf6, 0xf6, 0xf6, 0xf6, 0xf6, 0xf6, 0xf6, 0xee, 0xd6, 0xee, 0xd6, 0xee, 0xd6, 0xee, 0xd6, 0xee,
  0xd6, 0xee, 0xd6, 0xee, 0xd5, 0xee, 0xd5, 0xee, 0xd5, 0xee, 0xd5, 0xee, 0xd5, 0xee, 0xb5, 0xee,
  0xb5, 0xee, 0xb5, 0xee, 0xb5, 0xee, 0xb5, 0xee, 0xb5, 0xee, 0xb4, 0xee, 0xb4, 0xee, 0xb4, 0xee,
  0xb4, 0xee, 0xb4, 0xee, 0xb4, 0xee, 0xb4, 0xee, 0xb4, 0xee, 0xb4, 0xee, 0x53, 0xe6, 0xe6, 0x51,
  0x24, 0x39, 0x86, 0x49, 0x47, 0x5a, 0x46, 0x5a, 0x47, 0x5a, 0x26, 0x52, 0x65, 0x41, 0x03, 0x31,
  0x2b, 0x7b, 0x7a, 0xff, 0x19, 0xff, 0x19, 0xff, 0x19, 0xff, 0x5a, 0xff, 0x97, 0xe6, 0xa5, 0x49,
  0x44, 0x39, 0x65, 0x41, 0x4c, 0xbc, 0xaf, 0xfd, 0x4e, 0xed, 0x4e, 0xed, 0x4e, 0xed, 0xaf, 0xfd,
  0xa7, 0x72, 0x04, 0x31, 0xc6, 0x51, 0xb7, 0xee, 0x59, 0xff, 0x19, 0xff, 0x9a, 0xff, 0xf2, 0xb4,
  0x03, 0x31, 0x65, 0x41, 0x06, 0x52, 0x47, 0x5a, 0x47, 0x5a, 0x47, 0x5a, 0xa5, 0x49, 0x24, 0x31,
  0x47, 0x5a, 0x73, 0xe6, 0x93, 0xee, 0x93, 0xee, 0x93, 0xee, 0x93, 0xee, 0x93, 0xee, 0x93, 0xee,
  0x93, 0xee, 0x93, 0xee, 0x93, 0xee, 0x93, 0xee, 0x93, 0xee, 0x93, 0xee, 0x93, 0xee, 0x93, 0xee,
  0x93, 0xee, 0x93, 0xee, 0x93, 0xee, 0x93, 0xee, 0xb4, 0xee, 0x12, 0xde, 0xa5, 0x49, 0x44, 0x39,
  0xc6, 0x49, 0x47, 0x5a, 0x47, 0x5a, 0x47, 0x5a, 0xa5, 0x49, 0x24, 0x31, 0x48, 0x5a, 0x19, 0xff,
  0x19, 0xff, 0x9a, 0xff, 0xb0, 0xac, 0xe3, 0x30, 0x85, 0x41, 0xac, 0xd4, 0x8e, 0xf5, 0x6e, 0xed,
  0x6e, 0xed, 0x6e, 0xed, 0x6e, 0xed, 0x6e, 0xed, 0x6e, 0xed, 0x6e, 0xed, 0x6e, 0xed, 0x6e, 0xed,
  0x6e, 0xed, 0x6e, 0xf5, 0x4e, 0xed, 0x06, 0x52, 0xe3, 0x28, 0x4b, 0x7b, 0x7a, 0xff, 0x59, 0xff,
  0xca, 0x6a, 0x03, 0x31, 0xa5, 0x41, 0x47, 0x5a, 0xc6, 0x49, 0x45, 0x39, 0xa6, 0x49, 0x54, 0xde,
  0x17, 0xf7, 0xf6, 0xee, 0xf6, 0xf6, 0xf7, 0xee, 0xf6, 0xf6, 0xf7, 0xf6, 0x17, 0xf7, 0xf7, 0xf6,
  0x17, 0xef, 0x17, 0xef, 0x18, 0xf7, 0x17, 0xf7, 0x18, 0xf7, 0x18, 0xf7, 0x18, 0xf7, 0x38, 0xf7,
  0x17, 0xf7, 0x17, 0xef, 0x17, 0xf7, 0xf7, 0xf6, 0x17, 0xf7, 0xf7, 0xf6, 0xf6, 0xf6, 0xf6, 0xf6,
  0xf6, 0xee, 0xf6, 0xee, 0xf6, 0xee, 0xd6, 0xee, 0xd6, 0xee, 0xd6, 0xee, 0xd6, 0xee, 0xd6, 0xee,
  0xd5, 0xee, 0xd6, 0xee, 0xd6, 0xee, 0xd5, 0xee, 0xd5, 0xee, 0xd5, 0xee, 0xb5, 0xee, 0xb5, 0xee,
  0xb4, 0xee, 0xb5, 0xee, 0xb5, 0xee, 0xb5, 0xee, 0xb4, 0xee, 0xb4, 0xee, 0xb4, 0xee, 0xb4, 0xee,
  0xb4, 0xee, 0xb4, 0xee, 0xb4, 0xee, 0xb4, 0xee, 0x94, 0xee, 0xf5, 0xf6, 0x30, 0xbd, 0x24, 0x39,
  0x44, 0x39, 0xe6, 0x49, 0x47, 0x5a, 0x26, 0x5a, 0x47, 0x5a, 0xe6, 0x49, 0x65, 0x39, 0x24, 0x31,
  0x93, 0xc5, 0x7a, 0xff, 0x19, 0xff, 0x39, 0xff, 0x19, 0xff, 0x7a, 0xff, 0x4b, 0x7b, 0x03, 0x31,
  0x25, 0x39, 0xca, 0xa3, 0xaf, 0xfd, 0x4e, 0xed, 0x4e, 0xed, 0x4e, 0xed, 0x4e, 0xed, 0xae, 0xf5,
  0xca, 0xa3, 0x24, 0x31, 0x44, 0x39, 0xb4, 0xcd, 0x7a, 0xff, 0xf8, 0xfe, 0x7a, 0xff, 0x53, 0xc5,
  0x24, 0x31, 0x65, 0x41, 0x06, 0x52, 0x47, 0x5a, 0x47, 0x5a, 0x47, 0x5a, 0xc5, 0x41, 0x24, 0x31,
  0x47, 0x5a, 0x93, 0xee, 0x93, 0xee, 0x93, 0xee, 0x93, 0xee, 0x93, 0xee, 0x93, 0xee, 0x93, 0xee,
  0x93, 0xee, 0x93, 0xee, 0x93, 0xee, 0x93, 0xee, 0x93, 0xee, 0x93, 0xee, 0x93, 0xee, 0x93, 0xee,
  0x93, 0xee, 0x93, 0xee, 0x93, 0xee, 0x93, 0xee, 0x73, 0xee, 0xb3, 0xee, 0x88, 0x62, 0x24, 0x31,
  0x85, 0x41, 0x27, 0x5a, 0x46, 0x5a, 0x46, 0x5a, 0xc6, 0x49, 0x24, 0x31, 0x07, 0x52, 0xf8, 0xfe,
  0x19, 0xff, 0x9a, 0xff, 0x8f, 0xa4, 0xe3, 0x30, 0x85, 0x41, 0xcd, 0xd4, 0x8e, 0xf5, 0x6e, 0xed,
  0x6e, 0xed, 0x6e, 0xed, 0x6e, 0xed, 0x6e, 0xed, 0x6e, 0xed, 0x6e, 0xed, 0x6e, 0xed, 0x6e, 0xed,
  0x6e, 0xed, 0x6e, 0xed, 0x6e, 0xf5, 0x47, 0x62, 0xe3, 0x28, 0xca, 0x6a, 0x39, 0xff, 0x7a, 0xff,
  0x2b, 0x7b, 0x03, 0x31, 0xa5, 0x41, 0x47, 0x5a, 0xa5, 0x41, 0x24, 0x39, 0x27, 0x5a, 0xd5, 0xee,
  0xf6, 0xee, 0xf6, 0xee, 0xf6, 0xf6, 0xf7, 0xf6, 0xf6, 0xf6, 0xf6, 0xf6, 0xf7, 0xf6, 0x17, 0xf7,
  0xf7, 0xee, 0xf7, 0xee, 0x17, 0xef, 0x17, 0xef, 0x17, 0xf7, 0x18, 0xf7, 0x18, 0xf7, 0x18, 0xf7,
  0x17, 0xef, 0x17, 0xf7, 0xf7, 0xf6, 0xf7, 0xf6, 0xf7, 0xf6, 0xf6, 0xf6, 0xf6, 0xf6, 0xf6, 0xee,
  0xf6, 0xee, 0xf6, 0xee, 0xd6, 0xee, 0xd6, 0xee, 0xd6, 0xee, 0xd6, 0xee, 0xd6, 0xee, 0xd5, 0xee,
  0xd5, 0xee, 0xd5, 0xee, 0xd5, 0xee, 0xd5, 0xee, 0xb5, 0xee, 0xb5, 0xee, 0xb5, 0xee, 0xb4, 0xee,
  0xb4, 0xee, 0xb4, 0xee, 0xb4, 0xee, 0xb4, 0xee, 0xb4, 0xee, 0xb4, 0xee, 0xb4, 0xee, 0xb4, 0xee,
  0xb4, 0xee, 0xb4, 0xee, 0xb4, 0xee, 0xb4, 0xee, 0x94, 0xee, 0xf5, 0xf6, 0xec, 0x93, 0x04, 0x31,
  0x85, 0x41, 0x26, 0x52, 0x47, 0x5a, 0x46, 0x5a, 0x46, 0x5a, 0x85, 0x41, 0x24, 0x31, 0x48, 0x5a,
  0x19, 0xff, 0x39, 0xff, 0x39, 0xff, 0x19, 0xff, 0x7a, 0xff, 0xb4, 0xcd, 0x24, 0x39, 0x24, 0x39,
  0x87, 0x72, 0x8e, 0xf5, 0x4e, 0xed, 0x6e, 0xed, 0x6e, 0xed, 0x6e, 0xed, 0x4e, 0xed, 0x8e, 0xf5,
  0x6c, 0xc4, 0x45, 0x39, 0x04, 0x31, 0x11, 0xbd, 0x9a, 0xff, 0x18, 0xf7, 0x7a, 0xff, 0x93, 0xcd,
  0x24, 0x31, 0x65, 0x39, 0xe6, 0x51, 0x47, 0x5a, 0x47, 0x5a, 0x47, 0x5a, 0xa5, 0x41, 0x24, 0x31,
  0x68, 0x62, 0x93, 0xee, 0x93, 0xee, 0x93, 0xee, 0x93, 0xee, 0x93, 0xee, 0x93, 0xee, 0x93, 0xee,
  0x93, 0xee, 0x93, 0xee, 0x93, 0xee, 0x93, 0xee, 0x93, 0xee, 0x93, 0xee, 0x93, 0xee, 0x93, 0xee,
  0x93, 0xee, 0x93, 0xee, 0x93, 0xee, 0x93, 0xee, 0x73, 0xee, 0xf4, 0xf6, 0xec, 0x93, 0x04, 0x31,
  0x65, 0x41, 0x06, 0x52, 0x46, 0x5a, 0x47, 0x5a, 0xc6, 0x49, 0x44, 0x39, 0xc6, 0x49, 0xb7, 0xee,
  0x39, 0xff, 0x9a, 0xff, 0x90, 0xa4, 0xe3, 0x30, 0x85, 0x41, 0xad, 0xd4, 0x8e, 0xf5, 0x6e, 0xed,
  0x6e, 0xed, 0x6e, 0xed, 0x6e, 0xed, 0x6e, 0xed, 0x6e, 0xed, 0x6e, 0xed, 0x6e, 0xed, 0x6e, 0xed,
  0x6e, 0xed, 0x4e, 0xed, 0x8e, 0xf5, 0xa7, 0x72, 0xe3, 0x28, 0x68, 0x62, 0x19, 0xff, 0x9a, 0xff,
  0x6c, 0x83, 0x03, 0x31, 0xa5, 0x41, 0x47, 0x5a, 0xa5, 0x41, 0x04, 0x31, 0xa9, 0x6a, 0x17, 0xf7,
  0xd6, 0xee, 0xf6, 0xee, 0xf6, 0xee, 0xf6, 0xee, 0xf6, 0xee, 0xf6, 0xf6, 0xf6, 0xf6, 0xf6, 0xee,
  0xf7, 0xee, 0x17, 0xf7, 0x17, 0xf7, 0x17, 0xef, 0x17, 0xef, 0x17, 0xef, 0x18, 0xf7, 0x18, 0xf7,
  0x17, 0xf7, 0x17, 0xf7, 0xf7, 0xee, 0xf7, 0xee, 0xf6, 0xee, 0xf6, 0xf6, 0xd6, 0xee, 0xf6, 0xee,
  0xf6, 0xee, 0xd6, 0xee, 0xd6, 0xee, 0xd6, 0xee, 0xd6, 0xee, 0xd6, 0xee, 0xd6, 0xee, 0xd5, 0xee,
  0xd5, 0xee, 0xd5, 0xee, 0xd5, 0xee, 0xb5, 0xee, 0xb5, 0xee, 0xb5, 0xee, 0xb4, 0xee, 0xb4, 0xee,
  0xb5, 0xee, 0xb4, 0xee, 0xb4, 0xee, 0xb4, 0xee, 0xb4, 0xee, 0xb4, 0xee, 0xb4, 0xee, 0xb4, 0xee,
  0xb4, 0xee, 0xb4, 0xee, 0xb4, 0xee, 0x94, 0xee, 0x94, 0xee, 0xb5, 0xf6, 0xa8, 0x6a, 0x24, 0x31,
  0xa5, 0x41, 0x27, 0x5a, 0x47, 0x5a, 0x47, 0x5a, 0x06, 0x52, 0x65, 0x41, 0xe3, 0x30, 0x2e, 0x9c,
  0x9a, 0xff, 0x18, 0xff, 0x39, 0xff, 0x19, 0xff, 0x7a, 0xff, 0x2b, 0x7b, 0x04, 0x31, 0x65, 0x41,
  0xac, 0xcc, 0x8e, 0xf5, 0x4e, 0xed, 0x6e, 0xed, 0x6e, 0xed, 0x6e, 0xed, 0x4e, 0xed, 0x8e, 0xf5,
  0xcd, 0xd4, 0x85, 0x41, 0xe4, 0x30, 0x90, 0xa4, 0x9a, 0xff, 0x18, 0xff, 0x7a, 0xff, 0xd4, 0xd5,
  0x44, 0x39, 0x65, 0x39, 0xe6, 0x51, 0x47, 0x5a, 0x47, 0x5a, 0x47, 0x5a, 0xa5, 0x41, 0x04, 0x31,
  0xc9, 0x6a, 0xb3, 0xee, 0x73, 0xee, 0x73, 0xee, 0x73, 0xee, 0x73, 0xee, 0x73, 0xee, 0x93, 0xee,
  0x93, 0xee, 0x93, 0xee, 0x93, 0xee, 0x93, 0xee, 0x93, 0xee, 0x93, 0xee, 0x93, 0xee, 0x93, 0xee,
  0x93, 0xee, 0x93, 0xee, 0x93, 0xee, 0x93, 0xee, 0x73, 0xee, 0xd4, 0xf6, 0x70, 0xc5, 0x44, 0x39,
  0x65, 0x39, 0xc6, 0x49, 0x47, 0x5a, 0x47, 0x5a, 0xe6, 0x49, 0x64, 0x39, 0x65, 0x39, 0x36, 0xde,
  0x39, 0xff, 0x9a, 0xff, 0xb0, 0xac, 0x03, 0x31, 0x65, 0x41, 0xac, 0xcc, 0x8f, 0xf5, 0x6e, 0xed,
  0x6e, 0xed, 0x6e, 0xed, 0x6e, 0xed, 0x6e, 0xed, 0x6e, 0xed, 0x6e, 0xed, 0x6e, 0xed, 0x6e, 0xed,
  0x6e, 0xed, 0x4e, 0xed, 0x8e, 0xf5, 0xc8, 0x7a, 0x04, 0x29, 0x28, 0x5a, 0xf8, 0xf6, 0x9a, 0xff,
  0x6c, 0x83, 0x03, 0x29, 0xa5, 0x41, 0x27, 0x52, 0xa5, 0x41, 0x03, 0x31, 0x2a, 0x7b, 0x37, 0xf7,
  0xd6, 0xee, 0xd6, 0xee, 0xd6, 0xee, 0xf6, 0xee, 0xf6, 0xee, 0xf6, 0xf6, 0xf6, 0xf6, 0xf6, 0xee,
  0xf6, 0xf6, 0x17, 0xf7, 0x17, 0xf7, 0x17, 0xf7, 0x17, 0xef, 0x17, 0xef, 0x18, 0xf7, 0x18, 0xf7,
  0xf7, 0xf6, 0xf7, 0xf6, 0xf7, 0xee, 0xf6, 0xee, 0xf6, 0xee, 0xf6, 0xf6, 0xd6, 0xee, 0xf6, 0xee,
  0xf6, 0xee, 0xd6, 0xee, 0xd6, 0xee, 0xd6, 0xee, 0xd6, 0xee, 0xd5, 0xee, 0xd5, 0xee, 0xd5, 0xee,
  0xd5, 0xee, 0xd5, 0xee, 0xb5, 0xee, 0xb5, 0xee, 0xb5, 0xee, 0xb5, 0xee, 0xb4, 0xee, 0xb4, 0xee,
  0xb5, 0xee, 0xb4, 0xee, 0xb4, 0xee, 0xb4, 0xee, 0xb4, 0xee, 0xb4, 0xee, 0xb4, 0xee, 0xb4, 0xee,
  0xb4, 0xee, 0x94, 0xee, 0x94, 0xee, 0x94, 0xee, 0xb4, 0xee, 0x33, 0xe6, 0xc6, 0x49, 0x44, 0x39,
  0xc5, 0x49, 0x47, 0x5a, 0x26, 0x5a, 0x47, 0x5a, 0xc6, 0x49, 0x44, 0x39, 0x44, 0x39, 0x15, 0xd6,
  0x7a, 0xff, 0x19, 0xff, 0x19, 0xff, 0x5a, 0xff, 0x56, 0xe6, 0x85, 0x41, 0x24, 0x31, 0xc8, 0x72,
  0xaf, 0xf5, 0x4e, 0xed, 0x4e, 0xed, 0x6e, 0xed, 0x6e, 0xed, 0x6e, 0xed, 0x4e, 0xed, 0x8e, 0xf5,
  0xed, 0xd4, 0x85, 0x41, 0xe3, 0x30, 0x4f, 0x9c, 0x9a, 0xff, 0x18, 0xff, 0x7a, 0xff, 0xf5, 0xd5,
  0x44, 0x39, 0x45, 0x39, 0xe6, 0x51, 0x47, 0x5a, 0x47, 0x5a, 0x27, 0x5a, 0x85, 0x41, 0x04, 0x31,
  0x4a, 0x7b, 0xd3, 0xf6, 0x72, 0xe6, 0x73, 0xee, 0x73, 0xee, 0x73, 0xee, 0x73, 0xee, 0x73, 0xee,
  0x93, 0xee, 0x93, 0xee, 0x93, 0xee, 0x93, 0xee, 0x93, 0xee, 0x93, 0xee, 0x93, 0xee, 0x93, 0xee,
  0x93, 0xee, 0x93, 0xee, 0x93, 0xee, 0x93, 0xee, 0x93, 0xee, 0x93, 0xee, 0x73, 0xe6, 0x27, 0x5a,
  0x24, 0x31, 0xa5, 0x41, 0x47, 0x5a, 0x47, 0x5a, 0x06, 0x52, 0x65, 0x39, 0x24, 0x31, 0x94, 0xcd,
  0x5a, 0xff, 0x7a, 0xff, 0x12, 0xbd, 0x04, 0x31, 0x64, 0x39, 0x6c, 0xbc, 0x8f, 0xf5, 0x4e, 0xed,
  0x6e, 0xed, 0x6e, 0xed, 0x6e, 0xed, 0x6e, 0xed, 0x6e, 0xed, 0x6e, 0xed, 0x6e, 0xed, 0x6e, 0xed,
  0x6e, 0xed, 0x4e, 0xed, 0x8e, 0xfd, 0xe8, 0x82, 0xe4, 0x28, 0x27, 0x52, 0xd8, 0xf6, 0x9a, 0xff,
  0x6c, 0x83, 0x03, 0x31, 0x85, 0x41, 0x27, 0x52, 0xa5, 0x41, 0x03, 0x31, 0x4b, 0x7b, 0x37, 0xf7,
  0xd6, 0xee, 0xd6, 0xee, 0xd6, 0xee, 0xf6, 0xee, 0xf6, 0xee, 0xf6, 0xf6, 0xf6, 0xf6, 0xf6, 0xf6,
  0xf6, 0xf6, 0x17, 0xf7, 0x17, 0xf7, 0x17, 0xf7, 0x17, 0xf7, 0x17, 0xef, 0x17, 0xf7, 0x18, 0xf7,
  0xf7, 0xf6, 0xf7, 0xf6, 0xf7, 0xf6, 0xf7, 0xf6, 0xf6, 0xf6, 0xf6, 0xee, 0xf6, 0xee, 0xf6, 0xee,
  0xd6, 0xee, 0xd6, 0xee, 0xd6, 0xee, 0xd5, 0xee, 0xd5, 0xee, 0xd5, 0xee, 0xd5, 0xee, 0xd5, 0xee,
  0xd5, 0xee, 0xb5, 0xee, 0xb5, 0xee, 0xb5, 0xee, 0xb4, 0xee, 0xb5, 0xee, 0xb5, 0xee, 0xb4, 0xee,
  0xb4, 0xee, 0xb4, 0xee, 0xb4, 0xee, 0xb4, 0xee, 0xb4, 0xee, 0x94, 0xee, 0x94, 0xee, 0x94, 0xee,
  0x94, 0xee, 0x94, 0xee, 0x94, 0xee, 0x93, 0xe6, 0xd4, 0xf6, 0x91, 0xcd, 0x44, 0x39, 0x45, 0x39,
  0xe6, 0x49, 0x47, 0x5a, 0x26, 0x5a, 0x47, 0x5a, 0xa5, 0x41, 0x04, 0x31, 0x48, 0x5a, 0x19, 0xff,
  0x39, 0xff, 0x39, 0xff, 0x19, 0xff, 0x9a, 0xff, 0x6f, 0xa4, 0x03, 0x31, 0x45, 0x39, 0x4c, 0xbc,
  0x8f, 0xfd, 0x4e, 0xed, 0x6e, 0xed, 0x6e, 0xed, 0x6e, 0xed, 0x6e, 0xed, 0x4e, 0xed, 0x6e, 0xf5,
  0xcd, 0xd4, 0x85, 0x41, 0xe3, 0x30, 0x4f, 0xa4, 0x9a, 0xff, 0x18, 0xff, 0x5a, 0xff, 0x35, 0xde,
  0x65, 0x39, 0x44, 0x39, 0xe6, 0x49, 0x47, 0x5a, 0x47, 0x5a, 0x26, 0x52, 0x85, 0x39, 0x04, 0x31,
  0xeb, 0x93, 0xd3, 0xf6, 0x72, 0xe6, 0x73, 0xee, 0x73, 0xee, 0x73, 0xee, 0x73, 0xee, 0x73, 0xee,
  0x73, 0xee, 0x73, 0xee, 0x73, 0xee, 0x73, 0xee, 0x73, 0xee, 0x93, 0xee, 0x93, 0xee, 0x93, 0xee,
  0x93, 0xee, 0x93, 0xee, 0x93, 0xee, 0x93, 0xee, 0x93, 0xee, 0x73, 0xe6, 0x15, 0xff, 0xcc, 0x8b,
  0xe4, 0x30, 0x85, 0x41, 0x26, 0x52, 0x47, 0x5a, 0x06, 0x52, 0x65, 0x41, 0x03, 0x31, 0xb0, 0xac,
  0x7a, 0xff, 0x5a, 0xff, 0x94, 0xcd, 0x24, 0x39, 0x44, 0x31, 0x0b, 0xb4, 0xaf, 0xfd, 0x4e, 0xed,
  0x6e, 0xed, 0x6e, 0xed, 0x6e, 0xed, 0x6e, 0xed, 0x6e, 0xed, 0x6e, 0xed, 0x6e, 0xed, 0x6e, 0xed,
  0x6e, 0xed, 0x4e, 0xed, 0x8f, 0xfd, 0xe9, 0x82, 0x04, 0x29, 0x27, 0x52, 0xd8, 0xf6, 0x9a, 0xff,
  0x2b, 0x7b, 0x03, 0x31, 0xa5, 0x41, 0x27, 0x5a, 0xa5, 0x41, 0x04, 0x31, 0xea, 0x72, 0x17, 0xf7,
  0xd5, 0xee, 0xd6, 0xee, 0xd6, 0xee, 0xf6, 0xee, 0xf6, 0xee, 0xf6, 0xee, 0xf6, 0xf6, 0xf6, 0xf6,
  0xf6, 0xf6, 0xf6, 0xf6, 0xf6, 0xf6, 0x17, 0xf7, 0x17, 0xf7, 0x17, 0xef, 0x17, 0xf7, 0x18, 0xf7,
  0xf7, 0xf6, 0xf7, 0xf6, 0xf6, 0xf6, 0xf6, 0xee, 0xf6, 0xf6, 0xf6, 0xee, 0xf6, 0xee, 0xf6, 0xee,
  0xd6, 0xee, 0xd6, 0xee, 0xd5, 0xee, 0xd5, 0xee, 0xd5, 0xee, 0xd5, 0xee, 0xd5, 0xee, 0xb5, 0xee,
  0xb5, 0xee, 0xb5, 0xee, 0xb5, 0xee, 0xb4, 0xee, 0xb4, 0xee, 0xb4, 0xee, 0xb4, 0xee, 0xb4, 0xee,
  0xb4, 0xee, 0xb4, 0xee, 0xb4, 0xee, 0xb4, 0xee, 0x94, 0xee, 0x94, 0xee, 0xb4, 0xee, 0x94, 0xee,
  0x94, 0xee, 0x94, 0xee, 0x93, 0xee, 0x73, 0xe6, 0xd5, 0xf6, 0xce, 0xac, 0x03, 0x31, 0x65, 0x39,
  0x06, 0x52, 0x47, 0x5a, 0x47, 0x5a, 0x26, 0x5a, 0x85, 0x41, 0x03, 0x31, 0x8c, 0x83, 0x7a, 0xff,
  0x18, 0xff, 0x39, 0xff, 0x19, 0xff, 0x5a, 0xff, 0xa9, 0x6a, 0x04, 0x31, 0x06, 0x5a, 0x4e, 0xed,
  0x6e, 0xf5, 0x6e, 0xf5, 0x6e, 0xed, 0x6e, 0xed, 0x6e, 0xed, 0x6e, 0xed, 0x4e, 0xed, 0x8e, 0xf5,
  0xcc, 0xd4, 0x85, 0x41, 0x03, 0x31, 0x90, 0xa4, 0x9a, 0xff, 0x18, 0xff, 0x5a, 0xff, 0x36, 0xe6,
  0x65, 0x41, 0x44, 0x39, 0xe6, 0x49, 0x47, 0x5a, 0x47, 0x5a, 0x06, 0x52, 0x65, 0x39, 0x04, 0x31,
  0xce, 0xb4, 0xd3, 0xf6, 0x72, 0xe6, 0x73, 0xee, 0x73, 0xee, 0x73, 0xee, 0x73, 0xee, 0x73, 0xee,
  0x73, 0xee, 0x73, 0xee, 0x73, 0xee, 0x73, 0xee, 0x73, 0xee, 0x73, 0xee, 0x73, 0xee, 0x73, 0xee,
  0x73, 0xee, 0x73, 0xee, 0x93, 0xee, 0x93, 0xee, 0x73, 0xee, 0xb4, 0xf6, 0xf2, 0xd5, 0x67, 0x62,
  0x24, 0x39, 0x65, 0x39, 0x06, 0x52, 0x47, 0x5a, 0x27, 0x5a, 0x85, 0x41, 0x03, 0x31, 0x8c, 0x83,
  0x7a, 0xff, 0x59, 0xff, 0x36, 0xde, 0x65, 0x39, 0x24, 0x31, 0x8a, 0x9b, 0xaf, 0xfd, 0x4e, 0xed,
  0x6e, 0xed, 0x6e, 0xed, 0x6e, 0xed, 0x6e, 0xed, 0x6e, 0xed, 0x6e, 0xed, 0x6e, 0xed, 0x6e, 0xed,
  0x6e, 0xed, 0x4e, 0xed, 0x8f, 0xfd, 0xe8, 0x7a, 0x04, 0x29, 0x27, 0x52, 0xf8, 0xf6, 0x7a, 0xff,
  0xea, 0x72, 0x03, 0x31, 0xa5, 0x41, 0x47, 0x5a, 0xa5, 0x41, 0x24, 0x31, 0x68, 0x5a, 0xd6, 0xee,
  0xd5, 0xee, 0xd6, 0xee, 0xd6, 0xee, 0xd6, 0xee, 0xd6, 0xee, 0xf6, 0xee, 0xf6, 0xee, 0xf6, 0xf6,
  0xf6, 0xf6, 0xf6, 0xf6, 0xf6, 0xf6, 0xf7, 0xf6, 0x17, 0xf7, 0x17, 0xf7, 0x17, 0xef, 0x17, 0xef,
  0xf7, 0xf6, 0xf6, 0xf6, 0xf6, 0xf6, 0xf6, 0xee, 0xf6, 0xf6, 0xf6, 0xee, 0xd6, 0xee, 0xd6, 0xee,
  0xd6, 0xee, 0xd5, 0xee, 0xd5, 0xee, 0xd5, 0xee, 0xd5, 0xee, 0xd5, 0xee, 0xd5, 0xee, 0xb5, 0xee,
  0xb5, 0xee, 0xb5, 0xee, 0xb5, 0xee, 0xb4, 0xee, 0xb4, 0xee, 0xb4, 0xee, 0xb4, 0xee, 0xb4, 0xee,
  0xb4, 0xee, 0xb4, 0xee, 0xb4, 0xee, 0xb4, 0xee, 0x94, 0xee, 0x94, 0xee, 0x94, 0xee, 0x94, 0xee,
  0x94, 0xee, 0x93, 0xee, 0x93, 0xee, 0x73, 0xe6, 0xf5, 0xf6, 0xec, 0x93, 0x03, 0x31, 0x85, 0x41,
  0x26, 0x52, 0x47, 0x5a, 0x47, 0x5a, 0x06, 0x52, 0x65, 0x41, 0x03, 0x31, 0xd1, 0xb4, 0x7a, 0xff,
  0x18, 0xff, 0x19, 0xff, 0x5a, 0xff, 0x76, 0xee, 0xa5, 0x49, 0x04, 0x31, 0x09, 0x83, 0x8f, 0xfd,
  0x4e, 0xed, 0x6e, 0xed, 0x6e, 0xed, 0x6e, 0xed, 0x6e, 0xed, 0x6e, 0xed, 0x4e, 0xed, 0x8e, 0xf5,
  0x8c, 0xc4, 0x45, 0x39, 0x03, 0x31, 0xf1, 0xb4, 0x9a, 0xff, 0x18, 0xff, 0x5a, 0xff, 0x56, 0xe6,
  0x85, 0x41, 0x44, 0x39, 0xe6, 0x49, 0x47, 0x5a, 0x47, 0x5a, 0xc6, 0x49, 0x44, 0x39, 0x65, 0x41,
  0xb1, 0xcd, 0xb3, 0xf6, 0x72, 0xee, 0x73, 0xee, 0x73, 0xee, 0x73, 0xee, 0x73, 0xee, 0x73, 0xee,
  0x72, 0xee, 0x52, 0xee, 0x72, 0xee, 0x93, 0xee, 0x93, 0xee, 0x72, 0xe6, 0x73, 0xee, 0x73, 0xee,
  0x73, 0xee, 0x72, 0xee, 0x73, 0xee, 0x73, 0xe6, 0x73, 0xee, 0x93, 0xee, 0x88, 0x62, 0xe3, 0x28,
  0x65, 0x39, 0x85, 0x41, 0x27, 0x5a, 0x47, 0x5a, 0x47, 0x5a, 0xa5, 0x41, 0x24, 0x31, 0x69, 0x62,
  0x19, 0xff, 0x39, 0xff, 0xd7, 0xf6, 0xe6, 0x49, 0x03, 0x31, 0x08, 0x83, 0xaf, 0xf5, 0x4e, 0xed,
  0x6e, 0xed, 0x6e, 0xed, 0x6e, 0xed, 0x6e, 0xed, 0x6e, 0xed, 0x6e, 0xed, 0x6e, 0xed, 0x6e, 0xed,
  0x6e, 0xed, 0x4e, 0xed, 0x8e, 0xf5, 0xa8, 0x72, 0xe3, 0x28, 0x48, 0x5a, 0x19, 0xff, 0x5a, 0xff,
  0xa9, 0x6a, 0x03, 0x31, 0xa5, 0x41, 0x47, 0x5a, 0xc6, 0x49, 0x45, 0x39, 0xa5, 0x49, 0x33, 0xde,
  0xf6, 0xf6, 0xd5, 0xee, 0xd6, 0xee, 0xd6, 0xee, 0xd6, 0xee, 0xd6, 0xee, 0xf6, 0xee, 0xf6, 0xf6,
  0xf6, 0xf6, 0xf6, 0xf6, 0xf6, 0xf6, 0xf7, 0xf6, 0xf7, 0xf6, 0xf7, 0xf6, 0x17, 0xf7, 0x17, 0xf7,
  0xf7, 0xf6, 0xf6, 0xee, 0xf6, 0xee, 0xf6, 0xee, 0xd6, 0xee, 0xd6, 0xee, 0xd6, 0xee, 0xd6, 0xee,
  0xd5, 0xee, 0xd5, 0xee, 0xd5, 0xee, 0xd5, 0xee, 0xd5, 0xee, 0xd5, 0xee, 0xb5, 0xee, 0xb5, 0xee,
  0xb5, 0xee, 0xb5, 0xee, 0xb4, 0xee, 0xb4, 0xee, 0xb4, 0xee, 0xb4, 0xee, 0xb4, 0xee, 0xb4, 0xee,
  0xb4, 0xee, 0xb4, 0xee, 0x94, 0xee, 0x94, 0xee, 0x94, 0xee, 0x94, 0xee, 0x94, 0xee, 0x93, 0xee,
  0x94, 0xee, 0x94, 0xee, 0x93, 0xee, 0x93, 0xee, 0xf4, 0xf6, 0x4a, 0x7b, 0x04, 0x31, 0x85, 0x41,
  0x47, 0x5a, 0x47, 0x5a, 0x47, 0x5a, 0xe6, 0x49, 0x44, 0x39, 0x44, 0x39, 0xf5, 0xd5, 0x5a, 0xff,
  0x19, 0xff, 0x19, 0xff, 0x7a, 0xff, 0x73, 0xc5, 0x23, 0x31, 0x24, 0x39, 0x0b, 0xb4, 0xaf, 0xf5,
  0x4e, 0xed, 0x6e, 0xed, 0x6e, 0xed, 0x6e, 0xed, 0x6e, 0xed, 0x6e, 0xed, 0x4e, 0xed, 0xae, 0xf5,
  0x2b, 0xb4, 0x24, 0x39, 0x24, 0x39, 0x53, 0xc5, 0x7a, 0xff, 0x19, 0xff, 0x5a, 0xff, 0x56, 0xe6,
  0x85, 0x41, 0x44, 0x39, 0xe6, 0x49, 0x47, 0x5a, 0x46, 0x5a, 0xa5, 0x41, 0x24, 0x31, 0x27, 0x5a,
  0x52, 0xe6, 0x73, 0xee, 0x73, 0xee, 0x73, 0xee, 0x72, 0xee, 0x72, 0xee, 0x52, 0xe6, 0x72, 0xee,
  0x93, 0xee, 0xd3, 0xf6, 0xb3, 0xf6, 0x52, 0xe6, 0x52, 0xe6, 0xb3, 0xf6, 0x72, 0xe6, 0x72, 0xe6,
  0x73, 0xee, 0x93, 0xee, 0xd4, 0xf6, 0xd4, 0xf6, 0xd3, 0xf6, 0xb0, 0xcd, 0x65, 0x41, 0x45, 0x39,
  0x85, 0x41, 0x26, 0x52, 0x46, 0x5a, 0x27, 0x5a, 0x47, 0x5a, 0xc5, 0x49, 0x44, 0x39, 0x85, 0x41,
  0x76, 0xe6, 0x5a, 0xff, 0x39, 0xff, 0x89, 0x62, 0xe3, 0x28, 0x67, 0x6a, 0x6e, 0xf5, 0x6e, 0xed,
  0x6e, 0xed, 0x6e, 0xed, 0x6e, 0xed, 0x6e, 0xed, 0x6e, 0xed, 0x6e, 0xed, 0x6e, 0xed, 0x6e, 0xed,
  0x6e, 0xed, 0x4e, 0xed, 0x8e, 0xf5, 0x87, 0x72, 0xe3, 0x28, 0x89, 0x62, 0x39, 0xff, 0x19, 0xff,
  0x48, 0x5a, 0x24, 0x39, 0xa5, 0x49, 0x47, 0x5a, 0xe6, 0x51, 0x65, 0x39, 0x24, 0x39, 0x50, 0xbd,
  0x17, 0xf7, 0xd5, 0xee, 0xd5, 0xee, 0xd6, 0xee, 0xd6, 0xee, 0xd6, 0xee, 0xd6, 0xee, 0xf6, 0xee,
  0xf6, 0xf6, 0xf6, 0xf6, 0xf6, 0xf6, 0xf6, 0xf6, 0xf6, 0xf6, 0xf7, 0xf6, 0x17, 0xf7, 0x17, 0xf7,
  0xf6, 0xee, 0xf6, 0xf6, 0xf6, 0xee, 0xd6, 0xee, 0xd6, 0xee, 0xd6, 0xee, 0xd6, 0xee, 0xd6, 0xee,
  0xd5, 0xee, 0xd5, 0xee, 0xd5, 0xee, 0xd5, 0xee, 0xd5, 0xee, 0xb5, 0xee, 0xb5, 0xee, 0xb5, 0xee,
  0xb5, 0xee, 0xb4, 0xee, 0xb4, 0xee, 0xb4, 0xee, 0xb4, 0xee, 0xb4, 0xee, 0xb4, 0xee, 0xb4, 0xee,
  0xb4, 0xee, 0x94, 0xee, 0x94, 0xee, 0x94, 0xee, 0x94, 0xee, 0x94, 0xee, 0x93, 0xee, 0x93, 0xee,
  0x93, 0xee, 0x93, 0xee, 0x93, 0xee, 0x93, 0xee, 0xd4, 0xf6, 0xc9, 0x6a, 0x04, 0x31, 0x85, 0x41,
  0x46, 0x5a, 0x47, 0x5a, 0x47, 0x5a, 0xc6, 0x49, 0x24, 0x39, 0xc6, 0x49, 0xb7, 0xee, 0x39, 0xff,
  0x19, 0xff, 0x19, 0xff, 0x9a, 0xff, 0x4f, 0xa4, 0xe3, 0x30, 0x85, 0x41, 0xac, 0xd4, 0x8e, 0xf5,
  0x4e, 0xed, 0x6e, 0xed, 0x6e, 0xed, 0x6e, 0xed, 0x6e, 0xed, 0x6e, 0xed, 0x4e, 0xed, 0xaf, 0xfd,
  0xaa, 0xa3, 0x04, 0x31, 0x65, 0x39, 0xf5, 0xd5, 0x7a, 0xff, 0x19, 0xff, 0x5a, 0xff, 0x56, 0xe6,
  0x85, 0x41, 0x44, 0x39, 0xe6, 0x49, 0x67, 0x5a, 0x06, 0x52, 0x64, 0x41, 0x04, 0x31, 0x8a, 0x83,
  0x14, 0xff, 0xb3, 0xee, 0x52, 0xe6, 0x73, 0xee, 0x93, 0xee, 0x92, 0xee, 0xd3, 0xf6, 0xb3, 0xee,
  0xf1, 0xd5, 0x6d, 0xa4, 0xe9, 0x72, 0x07, 0x52, 0xc6, 0x49, 0x2c, 0x9c, 0xf4, 0xf6, 0xd3, 0xf6,
  0x73, 0xee, 0xf1, 0xd5, 0xee, 0xb4, 0xcc, 0x8b, 0xc9, 0x6a, 0xc6, 0x51, 0x64, 0x39, 0x44, 0x39,
  0xc6, 0x49, 0x47, 0x5a, 0x26, 0x5a, 0x47, 0x5a, 0x47, 0x5a, 0x06, 0x52, 0x65, 0x41, 0x04, 0x31,
  0x12, 0xbd, 0x7a, 0xff, 0x7a, 0xff, 0x8c, 0x83, 0xe3, 0x28, 0xc6, 0x51, 0x0d, 0xe5, 0x6e, 0xf5,
  0x4e, 0xed, 0x6e, 0xed, 0x6e, 0xed, 0x6e, 0xed, 0x6e, 0xed, 0x6e, 0xed, 0x6e, 0xed, 0x6e, 0xed,
  0x6e, 0xed, 0x6e, 0xed, 0x6e, 0xf5, 0x46, 0x62, 0xe3, 0x28, 0xea, 0x72, 0x7a, 0xff, 0xb7, 0xee,
  0xc6, 0x51, 0x24, 0x39, 0xc5, 0x49, 0x47, 0x5a, 0x06, 0x52, 0x65, 0x41, 0x04, 0x31, 0x6e, 0x9c,
  0x36, 0xff, 0xb5, 0xee, 0xd5, 0xee, 0xd6, 0xee, 0xd6, 0xee, 0xd6, 0xee, 0xd6, 0xee, 0xd6, 0xee,
  0xf6, 0xee, 0xf6, 0xee, 0xf6, 0xee, 0xf6, 0xf6, 0xf6, 0xf6, 0x17, 0xf7, 0x17, 0xef, 0x17, 0xef,
  0xf6, 0xee, 0xf6, 0xee, 0xd6, 0xee, 0xd6, 0xee, 0xd6, 0xee, 0xd5, 0xee, 0xd5, 0xee, 0xd5, 0xee,
  0xd5, 0xee, 0xd5, 0xee, 0xd5, 0xee, 0xd5, 0xee, 0xb5, 0xee, 0xb5, 0xee, 0xb5, 0xee, 0xb5, 0xee,
  0xb5, 0xee, 0xb4, 0xee, 0xb4, 0xee, 0xb4, 0xee, 0xb4, 0xee, 0xb4, 0xee, 0xb4, 0xee, 0x94, 0xee,
  0x94, 0xee, 0x94, 0xee, 0x94, 0xee, 0x94, 0xee, 0x93, 0xee, 0x93, 0xee, 0x94, 0xee, 0x93, 0xee,
  0x93, 0xee, 0x93, 0xee, 0x93, 0xee, 0x93, 0xee, 0x93, 0xee, 0x67, 0x62, 0x24, 0x31, 0xa5, 0x49,
  0x47, 0x5a, 0x47, 0x5a, 0x47, 0x5a, 0xa5, 0x41, 0x24, 0x31, 0x68, 0x62, 0x39, 0xff, 0x39, 0xff,
  0x39, 0xff, 0x19, 0xff, 0x7a, 0xff, 0x6c, 0x83, 0xe3, 0x28, 0xe6, 0x51, 0x2e, 0xe5, 0x6e, 0xf5,
  0x4e, 0xed, 0x6e, 0xed, 0x6e, 0xed, 0x6e, 0xed, 0x6e, 0xed, 0x6e, 0xed, 0x4e, 0xed, 0xaf, 0xfd,
  0x28, 0x8b, 0x04, 0x31, 0xa6, 0x49, 0x97, 0xee, 0x59, 0xff, 0x19, 0xff, 0x5a, 0xff, 0x56, 0xe6,
  0x85, 0x41, 0x44, 0x39, 0xe6, 0x49, 0x67, 0x5a, 0xc6, 0x49, 0x44, 0x39, 0x44, 0x39, 0x0f, 0xb5,
  0x0e, 0xb5, 0xe9, 0x72, 0xe6, 0x51, 0x67, 0x62, 0xf1, 0xd5, 0x52, 0xe6, 0x8d, 0xac, 0xc9, 0x72,
  0x85, 0x49, 0x04, 0x31, 0x04, 0x31, 0x24, 0x39, 0x44, 0x39, 0x44, 0x39, 0x8b, 0x83, 0x2a, 0x7b,
  0x47, 0x62, 0x85, 0x41, 0x24, 0x31, 0x04, 0x31, 0x24, 0x31, 0x44, 0x39, 0x65, 0x39, 0x65, 0x39,
  0x65, 0x41, 0x27, 0x52, 0x47, 0x5a, 0x47, 0x5a, 0x46, 0x5a, 0x26, 0x52, 0x85, 0x41, 0x03, 0x31,
  0x6c, 0x83, 0x7a, 0xff, 0x7a, 0xff, 0xb0, 0xac, 0x03, 0x31, 0x65, 0x39, 0x6c, 0xc4, 0x8f, 0xf5,
  0x4e, 0xed, 0x6e, 0xed, 0x6e, 0xed, 0x6e, 0xed, 0x6e, 0xed, 0x6e, 0xed, 0x6e, 0xed, 0x6e, 0xed,
  0x6e, 0xed, 0x6e, 0xf5, 0x4e, 0xed, 0x06, 0x52, 0xe3, 0x28, 0x4b, 0x7b, 0xbb, 0xff, 0x36, 0xe6,
  0x65, 0x41, 0x44, 0x39, 0xe6, 0x49, 0x47, 0x5a, 0x26, 0x52, 0x85, 0x41, 0x04, 0x31, 0xcc, 0x8b,
  0x36, 0xff, 0xb5, 0xee, 0xd5, 0xee, 0xd5, 0xee, 0xd5, 0xee, 0xd6, 0xee, 0xd6, 0xee, 0xd6, 0xee,
  0xf6, 0xee, 0xf6, 0xee, 0xf6, 0xee, 0xf6, 0xee, 0xf6, 0xf6, 0xf6, 0xf6, 0xf7, 0xf6, 0xf7, 0xf6,
  0xf6, 0xee, 0xd6, 0xee, 0xd6, 0xee, 0xd6, 0xee, 0xd6, 0xee, 0xd5, 0xee, 0xd5, 0xee, 0xd5, 0xee,
  0xd5, 0xee, 0xd5, 0xee, 0xd5, 0xee, 0xb5, 0xee, 0xb5, 0xee, 0xb5, 0xee, 0xb4, 0xee, 0xb5, 0xee,
  0xb4, 0xee, 0xb4, 0xee, 0xb4, 0xee, 0xb4, 0xee, 0xb4, 0xee, 0xb4, 0xee, 0x94, 0xee, 0x94, 0xee,
  0x94, 0xee, 0x94, 0xee, 0x94, 0xee, 0x93, 0xee, 0x93, 0xee, 0x93, 0xee, 0x93, 0xee, 0x93, 0xee,
  0x93, 0xee, 0x93, 0xee, 0x93, 0xee, 0x93, 0xee, 0x73, 0xe6, 0x07, 0x52, 0x24, 0x31, 0xa5, 0x49,
  0x47, 0x5a, 0x47, 0x5a, 0x47, 0x5a, 0x85, 0x41, 0x03, 0x31, 0x0b, 0x73, 0x7a, 0xff, 0x19, 0xff,
  0x39, 0xff, 0x19, 0xff, 0x5a, 0xff, 0xa9, 0x6a, 0xe3, 0x28, 0x47, 0x62, 0x6e, 0xed, 0x6e, 0xed,
  0x6e, 0xed, 0x6e, 0xed, 0x6e, 0xed, 0x6e, 0xed, 0x6e, 0xed, 0x6e, 0xed, 0x4e, 0xed, 0x8e, 0xf5,
  0x87, 0x72, 0xe4, 0x28, 0x28, 0x5a, 0x18, 0xff, 0x39, 0xff, 0x19, 0xff, 0x5a, 0xff, 0x35, 0xde,
  0x65, 0x39, 0x44, 0x39, 0xe6, 0x49, 0x47, 0x5a, 0x65, 0x41, 0x44, 0x39, 0xa5, 0x41, 0x27, 0x52,
  0x24, 0x31, 0x04, 0x31, 0x25, 0x39, 0x04, 0x31, 0x26, 0x52, 0xe7, 0x51, 0x04, 0x31, 0x04, 0x31,
  0x44, 0x39, 0x65, 0x41, 0x85, 0x41, 0xa6, 0x49, 0x65, 0x41, 0x65, 0x39, 0x04, 0x31, 0x04, 0x31,
  0x24, 0x31, 0x45, 0x39, 0x65, 0x39, 0x85, 0x41, 0xa5, 0x41, 0xc6, 0x49, 0xa5, 0x49, 0x65, 0x39,
  0x65, 0x39, 0xa5, 0x49, 0x47, 0x5a, 0x27, 0x5a, 0x46, 0x5a, 0x47, 0x5a, 0xa5, 0x49, 0x44, 0x39,
  0xe6, 0x49, 0xd8, 0xee, 0x9b, 0xff, 0xd4, 0xd5, 0x44, 0x41, 0x24, 0x31, 0xaa, 0x9b, 0xaf, 0xfd,
  0x4e, 0xed, 0x6e, 0xed, 0x6e, 0xed, 0x6e, 0xed, 0x6e, 0xed, 0x6e, 0xed, 0x6e, 0xed, 0x6e, 0xed,
  0x4e, 0xed, 0x6e, 0xf5, 0x0d, 0xdd, 0xc5, 0x49, 0xe3, 0x30, 0xcd, 0x8b, 0xdb, 0xff, 0x94, 0xcd,
  0x24, 0x39, 0x65, 0x39, 0xe6, 0x51, 0x47, 0x5a, 0x26, 0x5a, 0x85, 0x41, 0x04, 0x31, 0x8b, 0x83,
  0x16, 0xff, 0xb5, 0xee, 0xd5, 0xee, 0xd5, 0xee, 0xd5, 0xee, 0xd6, 0xee, 0xd6, 0xee, 0xd6, 0xee,
  0xd6, 0xee, 0xf6, 0xee, 0xf6, 0xee, 0xf6, 0xee, 0xf6, 0xf6, 0xf6, 0xf6, 0xf7, 0xf6, 0xf7, 0xf6,
  0xf6, 0xee, 0xd6, 0xee, 0xd6, 0xee, 0xd6, 0xee, 0xd6, 0xee, 0xd5, 0xee, 0xd5, 0xee, 0xd5, 0xee,
  0xd5, 0xee, 0xd5, 0xee, 0xb5, 0xee, 0xb5, 0xee, 0xb5, 0xee, 0xb4, 0xee, 0xb4, 0xee, 0xb5, 0xee,
  0xb4, 0xee, 0xb4, 0xee, 0xb4, 0xee, 0xb4, 0xee, 0xb4, 0xee, 0x94, 0xee, 0x94, 0xee, 0x94, 0xee,
  0x94, 0xee, 0x94, 0xee, 0x94, 0xee, 0x93, 0xee, 0x94, 0xee, 0x93, 0xee, 0x93, 0xee, 0x93, 0xee,
  0x93, 0xee, 0x93, 0xee, 0x93, 0xee, 0x94, 0xee, 0x52, 0xe6, 0xe6, 0x49, 0x24, 0x39, 0xc6, 0x49,
  0x47, 0x5a, 0x47, 0x5a, 0x27, 0x5a, 0x85, 0x41, 0xe3, 0x30, 0xad, 0x8b, 0x9a, 0xff, 0x19, 0xff,
  0x39, 0xff, 0x39, 0xff, 0x19, 0xff, 0x47, 0x5a, 0xe4, 0x28, 0x88, 0x72, 0x8e, 0xf5, 0x4e, 0xed,
  0x6e, 0xed, 0x6e, 0xed, 0x6e, 0xed, 0x6e, 0xed, 0x6e, 0xed, 0x6e, 0xed, 0x6e, 0xed, 0x4e, 0xed,
  0x06, 0x5a, 0xe3, 0x28, 0xea, 0x72, 0x7a, 0xff, 0x19, 0xff, 0x19, 0xff, 0x7a, 0xff, 0xf4, 0xd5,
  0x44, 0x39, 0x44, 0x39, 0x06, 0x4a, 0xe5, 0x49, 0x44, 0x39, 0x65, 0x39, 0x45, 0x39, 0x24, 0x39,
  0x45, 0x39, 0x85, 0x41, 0x65, 0x39, 0x65, 0x41, 0x24, 0x39, 0x24, 0x39, 0x65, 0x39, 0x85, 0x41,
  0xa5, 0x49, 0x06, 0x52, 0x27, 0x5a, 0x67, 0x5a, 0xe6, 0x49, 0x65, 0x41, 0x85, 0x41, 0x85, 0x41,
  0xa5, 0x41, 0xe5, 0x49, 0x06, 0x52, 0x26, 0x52, 0x47, 0x5a, 0x47, 0x5a, 0x47, 0x5a, 0x85, 0x41,
  0x65, 0x39, 0x64, 0x39, 0xe6, 0x49, 0x47, 0x5a, 0x26, 0x5a, 0x47, 0x5a, 0xe6, 0x49, 0x65, 0x39,
  0x03, 0x31, 0xf1, 0xb4, 0x9b, 0xff, 0xd8, 0xf6, 0x07, 0x52, 0x04, 0x31, 0xa8, 0x72, 0x8f, 0xf5,
  0x4e, 0xed, 0x6e, 0xed, 0x6e, 0xed, 0x6e, 0xed, 0x6e, 0xed, 0x6e, 0xed, 0x6e, 0xed, 0x6e, 0xed,
  0x4e, 0xed, 0x8e, 0xf5, 0xac, 0xcc, 0x65, 0x41, 0xe3, 0x30, 0x90, 0xa4, 0xfc, 0xff, 0xd1, 0xac,
  0x03, 0x31, 0x65, 0x41, 0x06, 0x52, 0x46, 0x5a, 0x26, 0x5a, 0x85, 0x41, 0x04, 0x31, 0xac, 0x8b,
  0x16, 0xff, 0xb5, 0xee, 0xd5, 0xee, 0xd5, 0xee, 0xd5, 0xee, 0xd6, 0xee, 0xd6, 0xee, 0xd6, 0xee,
  0xd6, 0xee, 0xd6, 0xee, 0xf6, 0xee, 0xf6, 0xee, 0xf6, 0xf6, 0xf6, 0xee, 0xf6, 0xee, 0xf7, 0xf6,
  0xd6, 0xee, 0xd6, 0xee, 0xd6, 0xee, 0xd6, 0xee, 0xd5, 0xee, 0xd5, 0xee, 0xd5, 0xee, 0xd5, 0xee,
  0xd5, 0xee, 0xb5, 0xee, 0xb5, 0xee, 0xb5, 0xee, 0xb4, 0xee, 0xb5, 0xee, 0xb5, 0xee, 0xb4, 0xee,
  0xb4, 0xee, 0xb4, 0xee, 0xb4, 0xee, 0xb4, 0xee, 0x94, 0xee, 0x94, 0xee, 0x94, 0xee, 0x94, 0xee,
  0x94, 0xee, 0x93, 0xee, 0x93, 0xee, 0x93, 0xee, 0x93, 0xee, 0x93, 0xee, 0x93, 0xee, 0x93, 0xee,
  0x93, 0xee, 0x93, 0xee, 0x73, 0xee, 0xb4, 0xee, 0x32, 0xde, 0xc6, 0x49, 0x24, 0x39, 0xa6, 0x49,
  0x47, 0x5a, 0x47, 0x5a, 0x27, 0x52, 0x85, 0x41, 0xe3, 0x30, 0x2f, 0x9c, 0x9b, 0xff, 0x19, 0xff,
  0x19, 0xff, 0x39, 0xff, 0xd8, 0xf6, 0xe6, 0x51, 0x04, 0x31, 0xe8, 0x82, 0xaf, 0xf5, 0x4e, 0xed,
  0x6e, 0xed, 0x6e, 0xed, 0x6e, 0xed, 0x6e, 0xed, 0x6e, 0xed, 0x4e, 0xed, 0x8e, 0xf5, 0xed, 0xdc,
  0xa5, 0x49, 0xe3, 0x28, 0xee, 0x93, 0x9a, 0xff, 0x18, 0xff, 0x19, 0xff, 0x7a, 0xff, 0x93, 0xcd,
  0x24, 0x31, 0x65, 0x39, 0xc6, 0x49, 0x65, 0x41, 0x65, 0x39, 0x45, 0x39, 0x44, 0x39, 0x85, 0x41,
  0xc6, 0x49, 0x27, 0x52, 0x85, 0x41, 0x64, 0x39, 0x85, 0x41, 0xa5, 0x41, 0xe6, 0x49, 0x27, 0x5a,
  0x47, 0x5a, 0x47, 0x5a, 0x46, 0x5a, 0x46, 0x5a, 0x47, 0x5a, 0x27, 0x5a, 0x27, 0x5a, 0x27, 0x5a,
  0x47, 0x5a, 0x47, 0x5a, 0x47, 0x5a, 0x46, 0x5a, 0x46, 0x5a, 0x47, 0x5a, 0x47, 0x5a, 0x06, 0x52,
  0x65, 0x39, 0x65, 0x39, 0x65, 0x41, 0xe6, 0x49, 0x47, 0x5a, 0x47, 0x5a, 0x26, 0x52, 0x85, 0x41,
  0x24, 0x31, 0xa9, 0x6a, 0x39, 0xff, 0x7a, 0xff, 0x4b, 0x7b, 0x04, 0x31, 0xc6, 0x49, 0x2d, 0xdd,
  0x6e, 0xf5, 0x4e, 0xed, 0x6e, 0xed, 0x6e, 0xed, 0x6e, 0xed, 0x6e, 0xed, 0x6e, 0xed, 0x6e, 0xed,
  0x4e, 0xed, 0x8e, 0xfd, 0x2b, 0xbc, 0x44, 0x39, 0x24, 0x39, 0x52, 0xbd, 0xdb, 0xff, 0xee, 0x93,
  0x03, 0x31, 0x85, 0x41, 0x27, 0x52, 0x47, 0x5a, 0x26, 0x52, 0x65, 0x41, 0x04, 0x31, 0x4e, 0xa4,
  0x16, 0xff, 0xb4, 0xee, 0xd5, 0xee, 0xd5, 0xee, 0xd5, 0xee, 0xd5, 0xee, 0xd5, 0xee, 0xd5, 0xee,
  0xd6, 0xee, 0xd6, 0xee, 0xd6, 0xee, 0xd6, 0xee, 0xf6, 0xee, 0xf6, 0xee, 0xf6, 0xee, 0xf6, 0xf6,
  0xd6, 0xee, 0xd6, 0xee, 0xd6, 0xee, 0xd6, 0xee, 0xd5, 0xee, 0xd5, 0xee, 0xd5, 0xee, 0xd5, 0xee,
  0xb5, 0xee, 0xb5, 0xee, 0xb5, 0xee, 0xb5, 0xee, 0xb4, 0xee, 0xb5, 0xee, 0xb4, 0xee, 0xb4, 0xee,
  0xb4, 0xee, 0x94, 0xee, 0x94, 0xee, 0x94, 0xee, 0x94, 0xee, 0x94, 0xee, 0x94, 0xee, 0x94, 0xee,
  0x94, 0xee, 0x93, 0xee, 0x93, 0xee, 0x93, 0xee, 0x93, 0xee, 0x93, 0xee, 0x93, 0xee, 0x93, 0xee,
  0x93, 0xee, 0x93, 0xee, 0x73, 0xee, 0xb3, 0xee, 0x12, 0xde, 0xa5, 0x49, 0x44, 0x39, 0xc5, 0x49,
  0x47, 0x5a, 0x47, 0x5a, 0x26, 0x52, 0x85, 0x41, 0xe3, 0x30, 0x90, 0xac, 0x9a, 0xff, 0x19, 0xff,
  0x19, 0xff, 0x59, 0xff, 0xb7, 0xee, 0xa6, 0x49, 0x04, 0x31, 0x29, 0x8b, 0xaf, 0xfd, 0x4e, 0xed,
  0x6e, 0xed, 0x6e, 0xed, 0x6e, 0xed, 0x6e, 0xed, 0x6e, 0xed, 0x4e, 0xed, 0x8e, 0xf5, 0x4b, 0xbc,
  0x44, 0x39, 0x24, 0x31, 0x11, 0xb5, 0x9a, 0xff, 0x18, 0xff, 0x19, 0xff, 0x9a, 0xff, 0xf1, 0xb4,
  0x03, 0x31, 0x65, 0x41, 0x65, 0x39, 0x65, 0x39, 0x45, 0x39, 0x65, 0x41, 0xe6, 0x49, 0x27, 0x5a,
  0x47, 0x5a, 0x47, 0x5a, 0x26, 0x52, 0x06, 0x52, 0x26, 0x52, 0x47, 0x5a, 0x47, 0x5a, 0x46, 0x5a,
  0x47, 0x5a, 0x47, 0x5a, 0x47, 0x5a, 0x47, 0x5a, 0x47, 0x5a, 0x47, 0x5a, 0x47, 0x5a, 0x47, 0x5a,
  0x47, 0x5a, 0x47, 0x5a, 0x47, 0x5a, 0x47, 0x5a, 0x47, 0x5a, 0x47, 0x5a, 0x47, 0x5a, 0x47, 0x5a,
  0x06, 0x4a, 0x65, 0x39, 0x65, 0x39, 0x64, 0x39, 0xa5, 0x49, 0x27, 0x5a, 0x47, 0x5a, 0xc5, 0x49,
  0x65, 0x39, 0x24, 0x39, 0x93, 0xcd, 0xdb, 0xff, 0xd1, 0xac, 0x04, 0x31, 0x45, 0x39, 0x2b, 0xb4,
  0xae, 0xfd, 0x4e, 0xed, 0x6e, 0xed, 0x6e, 0xed, 0x6e, 0xed, 0x6e, 0xed, 0x6e, 0xed, 0x6e, 0xed,
  0x4e, 0xed, 0xae, 0xfd, 0x89, 0x9b, 0x04, 0x31, 0x65, 0x41, 0xf5, 0xd5, 0x9b, 0xff, 0x0b, 0x73,
  0x04, 0x31, 0xa5, 0x41, 0x47, 0x5a, 0x47, 0x5a, 0xe6, 0x49, 0x65, 0x39, 0x44, 0x39, 0x51, 0xc5,
  0xf5, 0xf6, 0xb5, 0xee, 0xb5, 0xee, 0xd5, 0xee, 0xd5, 0xee, 0xd5, 0xee, 0xd5, 0xee, 0xd5, 0xee,
  0xd6, 0xee, 0xd6, 0xee, 0xd6, 0xee, 0xd6, 0xee, 0xf6, 0xee, 0xf6, 0xee, 0xf6, 0xee, 0xf7, 0xf6,
  0xd6, 0xee, 0xd6, 0xee, 0xd6, 0xee, 0xd5, 0xee, 0xd5, 0xee, 0xb5, 0xee, 0xb5, 0xee, 0xb5, 0xee,
  0xb5, 0xee, 0xb5, 0xee, 0xb5, 0xee, 0xb5, 0xee, 0xb4, 0xee, 0xb4, 0xee, 0xb4, 0xee, 0xb4, 0xee,
  0x94, 0xee, 0x94, 0xee, 0x94, 0xee, 0x94, 0xee, 0x94, 0xee, 0x94, 0xee, 0x94, 0xee, 0x93, 0xee,
  0x93, 0xee, 0x93, 0xee, 0x93, 0xee, 0x93, 0xee, 0x93, 0xee, 0x93, 0xee, 0x93, 0xee, 0x93, 0xee,
  0x93, 0xee, 0x93, 0xee, 0x73, 0xee, 0xb3, 0xee, 0x12, 0xde, 0xa5, 0x49, 0x44, 0x39, 0xc5, 0x49,
  0x47, 0x5a, 0x47, 0x5a, 0x06, 0x52, 0x65, 0x41, 0x04, 0x31, 0xf1, 0xb4, 0x7a, 0xff, 0x19, 0xff,
  0x19, 0xff, 0x59, 0xff, 0xb7, 0xee, 0xa6, 0x49, 0x04, 0x31, 0x49, 0x8b, 0xaf, 0xfd, 0x4e, 0xed,
  0x6e, 0xed, 0x6e, 0xed, 0x6e, 0xed, 0x6e, 0xed, 0x6e, 0xed, 0x4e, 0xed, 0xaf, 0xfd, 0x8a, 0x9b,
  0x24, 0x31, 0x65, 0x41, 0x15, 0xd6, 0x7a, 0xff, 0x19, 0xff, 0x19, 0xff, 0x9a, 0xff, 0x2f, 0x9c,
  0x03, 0x31, 0x65, 0x41, 0x45, 0x39, 0x65, 0x39, 0xc6, 0x49, 0x27, 0x52, 0x47, 0x5a, 0x47, 0x5a,
  0x47, 0x5a, 0x47, 0x5a, 0x47, 0x5a, 0x47, 0x5a, 0x47, 0x5a, 0x47, 0x5a, 0x47, 0x5a, 0x47, 0x5a,
  0x47, 0x5a, 0x47, 0x5a, 0x47, 0x5a, 0x47, 0x5a, 0x47, 0x5a, 0x47, 0x5a, 0x47, 0x5a, 0x47, 0x5a,
  0x47, 0x5a, 0x47, 0x5a, 0x47, 0x5a, 0x47, 0x5a, 0x47, 0x5a, 0x47, 0x5a, 0x47, 0x5a, 0x47, 0x5a,
  0x47, 0x5a, 0xe6, 0x51, 0x64, 0x39, 0x64, 0x39, 0x44, 0x39, 0xe6, 0x51, 0x47, 0x5a, 0x26, 0x52,
  0x85, 0x41, 0x24, 0x31, 0xa9, 0x62, 0x9a, 0xff, 0x77, 0xe6, 0xa5, 0x41, 0x24, 0x31, 0xc8, 0x7a,
  0x8f, 0xf5, 0x4e, 0xed, 0x6e, 0xed, 0x6e, 0xed, 0x6e, 0xed, 0x6e, 0xed, 0x6e, 0xed, 0x6e, 0xed,
  0x4e, 0xed, 0xae, 0xf5, 0xe8, 0x7a, 0x04, 0x31, 0xc6, 0x49, 0xd8, 0xf6, 0x19, 0xff, 0x27, 0x5a,
  0x24, 0x31, 0xa5, 0x49, 0x47, 0x5a, 0x47, 0x5a, 0xa5, 0x41, 0x24, 0x39, 0x06, 0x52, 0x74, 0xe6,
  0xd5, 0xee, 0xb5, 0xee, 0xb5, 0xee, 0xb5, 0xee, 0xd5, 0xee, 0xd5, 0xee, 0xd5, 0xee, 0xd5, 0xee,
  0xd6, 0xee, 0xd6, 0xee, 0xd6, 0xee, 0xd6, 0xee, 0xf6, 0xee, 0xf6, 0xee, 0xf6, 0xee, 0xf7, 0xf6,
  0xd6, 0xee, 0xd5, 0xee, 0xd5, 0xee, 0xd5, 0xee, 0xd5, 0xee, 0xb5, 0xee, 0xb5, 0xee, 0xb5, 0xee,
  0xb5, 0xee, 0xb4, 0xee, 0xb5, 0xee, 0xb5, 0xee, 0xb4, 0xee, 0xb4, 0xee, 0xb4, 0xee, 0x94, 0xee,
  0x94, 0xee, 0x94, 0xee, 0x94, 0xee, 0x94, 0xee, 0x94, 0xee, 0x94, 0xee, 0x93, 0xee, 0x93, 0xee,
  0x93, 0xee, 0x93, 0xee, 0x93, 0xee, 0x93, 0xee, 0x93, 0xee, 0x93, 0xee, 0x93, 0xee, 0x93, 0xee,
  0x93, 0xee, 0x93, 0xee, 0x73, 0xee, 0x93, 0xee, 0x32, 0xde, 0xc6, 0x49, 0x44, 0x39, 0xc5, 0x49,
  0x47, 0x5a, 0x47, 0x5a, 0x06, 0x52, 0x65, 0x41, 0x04, 0x31, 0x12, 0xbd, 0x7a, 0xff, 0x19, 0xff,
  0x19, 0xff, 0x59, 0xff, 0x97, 0xee, 0xa6, 0x49, 0x04, 0x31, 0x29, 0x8b, 0xaf, 0xfd, 0x4e, 0xed,
  0x6e, 0xed, 0x6e, 0xed, 0x6e, 0xed, 0x6e, 0xed, 0x6e, 0xed, 0x4e, 0xed, 0x8e, 0xf5, 0xc8, 0x72,
  0x04, 0x29, 0x07, 0x52, 0xd8, 0xf6, 0x39, 0xff, 0x19, 0xff, 0x19, 0xff, 0x7a, 0xff, 0x0b, 0x73,
  0x03, 0x31, 0x85, 0x41, 0xe6, 0x49, 0x26, 0x52, 0x47, 0x5a, 0x47, 0x5a, 0x46, 0x5a, 0x46, 0x5a,
  0x47, 0x5a, 0x47, 0x5a, 0x47, 0x5a, 0x47, 0x5a, 0x47, 0x5a, 0x47, 0x5a, 0x47, 0x5a, 0x47, 0x5a,
  0x47, 0x5a, 0x47, 0x5a, 0x47, 0x5a, 0x47, 0x5a, 0x47, 0x5a, 0x47, 0x5a, 0x47, 0x5a, 0x47, 0x5a,
  0x47, 0x5a, 0x47, 0x5a, 0x47, 0x5a, 0x47, 0x5a, 0x47, 0x5a, 0x47, 0x5a, 0x47, 0x5a, 0x47, 0x5a,
  0x46, 0x5a, 0x47, 0x5a, 0x26, 0x52, 0xa5, 0x49, 0xa5, 0x49, 0x26, 0x52, 0x47, 0x5a, 0x47, 0x5a,
  0xc6, 0x49, 0x65, 0x41, 0x03, 0x31, 0x2e, 0x9c, 0xdc, 0xff, 0xea, 0x72, 0xe3, 0x30, 0xc6, 0x51,
  0x0d, 0xdd, 0x6e, 0xf5, 0x4e, 0xed, 0x6e, 0xed, 0x6e, 0xed, 0x6e, 0xed, 0x6e, 0xed, 0x6e, 0xed,
  0x6e, 0xed, 0x6e, 0xf5, 0x46, 0x62, 0xe4, 0x28, 0x89, 0x62, 0x7a, 0xff, 0x56, 0xe6, 0x65, 0x41,
  0x44, 0x39, 0xc6, 0x49, 0x47, 0x5a, 0x26, 0x52, 0x65, 0x41, 0x04, 0x31, 0x6b, 0x83, 0x15, 0xf7,
  0xb4, 0xee, 0xb5, 0xee, 0xb5, 0xee, 0xb5, 0xee, 0xb5, 0xee, 0xd5, 0xee, 0xd5, 0xee, 0xd5, 0xee,
  0xd5, 0xee, 0xd6, 0xee, 0xd6, 0xee, 0xd6, 0xee, 0xd6, 0xee, 0xd6, 0xee, 0xf6, 0xee, 0xf6, 0xf6,
  0xd6, 0xee, 0xd5, 0xee, 0xd5, 0xee, 0xd5, 0xee, 0xb5, 0xee, 0xb5, 0xee, 0xb5, 0xee, 0xb5, 0xee,
  0xb4, 0xee, 0xb4, 0xee, 0xb4, 0xee, 0xb4, 0xee, 0xb4, 0xee, 0xb4, 0xee, 0xb4, 0xee, 0x94, 0xee,
  0xb4, 0xee, 0x94, 0xee, 0x94, 0xee, 0x94, 0xee, 0x93, 0xee, 0x93, 0xee, 0x93, 0xee, 0x93, 0xee,
  0x93, 0xee, 0x93, 0xee, 0x93, 0xee, 0x93, 0xee, 0x93, 0xee, 0x93, 0xee, 0x93, 0xee, 0x93, 0xee,
  0x93, 0xee, 0x73, 0xee, 0x73, 0xe6, 0x93, 0xee, 0x32, 0xde, 0xc6, 0x49, 0x44, 0x39, 0xc5, 0x49,
  0x47, 0x5a, 0x47, 0x5a, 0x06, 0x52, 0x65, 0x41, 0x03, 0x31, 0x32, 0xbd, 0x9a, 0xff, 0x19, 0xff,
  0x19, 0xff, 0x59, 0xff, 0xb7, 0xee, 0xc6, 0x49, 0x03, 0x31, 0x29, 0x8b, 0xaf, 0xfd, 0x4e, 0xed,
  0x6e, 0xed, 0x6e, 0xed, 0x6e, 0xed, 0x6e, 0xed, 0x6e, 0xed, 0x6e, 0xed, 0x4e, 0xed, 0xe6, 0x59,
  0xe3, 0x30, 0xea, 0x72, 0x5a, 0xff, 0x19, 0xff, 0x19, 0xff, 0x39, 0xff, 0xb7, 0xee, 0xc6, 0x49,
  0x24, 0x39, 0xa5, 0x41, 0x47, 0x5a, 0x47, 0x5a, 0x26, 0x5a, 0x47, 0x5a, 0x47, 0x5a, 0x47, 0x5a,
  0x47, 0x5a, 0x47, 0x5a, 0x47, 0x5a, 0x47, 0x5a, 0x47, 0x5a, 0x47, 0x5a, 0x47, 0x5a, 0x47, 0x5a,
  0x47, 0x5a, 0x47, 0x5a, 0x47, 0x5a, 0x47, 0x5a, 0x47, 0x5a, 0x47, 0x5a, 0x47, 0x5a, 0x47, 0x5a,
  0x47, 0x5a, 0x47, 0x5a, 0x47, 0x5a, 0x47, 0x5a, 0x47, 0x5a, 0x47, 0x5a, 0x47, 0x5a, 0x47, 0x5a,
  0x47, 0x5a, 0x47, 0x5a, 0x47, 0x5a, 0x47, 0x5a, 0x47, 0x5a, 0x47, 0x5a, 0x47, 0x5a, 0x47, 0x5a,
  0x27, 0x52, 0x85, 0x41, 0x65, 0x39, 0x03, 0x31, 0xd1, 0xb4, 0x52, 0xbd, 0x23, 0x31, 0x24, 0x39,
  0xeb, 0xab, 0xaf, 0xfd, 0x4e, 0xed, 0x6e, 0xed, 0x6e, 0xed, 0x6e, 0xed, 0x6e, 0xed, 0x4e, 0xed,
  0x6e, 0xf5, 0x0d, 0xdd, 0xa5, 0x49, 0xe3, 0x28, 0x8c, 0x83, 0xdb, 0xff, 0x32, 0xbd, 0x23, 0x31,
  0x65, 0x41, 0x06, 0x52, 0x67, 0x5a, 0xe6, 0x49, 0x45, 0x39, 0x24, 0x39, 0x51, 0xbd, 0xf5, 0xf6,
  0xb4, 0xee, 0xb5, 0xee, 0xb5, 0xee, 0xb5, 0xee, 0xb5, 0xee, 0xd5, 0xee, 0xd5, 0xee, 0xd5, 0xee,
  0xd5, 0xee, 0xd6, 0xee, 0xd6, 0xee, 0xd6, 0xee, 0xd6, 0xee, 0xd6, 0xee, 0xd6, 0xee, 0xf6, 0xee,
  0xd5, 0xee, 0xd5, 0xee, 0xd5, 0xee, 0xd5, 0xee, 0xb5, 0xee, 0xb5, 0xee, 0xb5, 0xee, 0xb5, 0xee,
  0xb4, 0xee, 0xb4, 0xee, 0xb4, 0xee, 0xb4, 0xee, 0xb4, 0xee, 0xb4, 0xee, 0xb4, 0xee, 0x94, 0xee,
  0x94, 0xee, 0x94, 0xee, 0x94, 0xee, 0x93, 0xee, 0x93, 0xee, 0x93, 0xee, 0x93, 0xee, 0x93, 0xee,
  0x93, 0xee, 0x93, 0xee, 0x93, 0xee, 0x93, 0xee, 0x93, 0xee, 0x93, 0xee, 0x93, 0xee, 0x93, 0xee,
  0x73, 0xee, 0x73, 0xee, 0x73, 0xee, 0x93, 0xee, 0x52, 0xe6, 0x06, 0x52, 0x24, 0x39, 0xc6, 0x49,
  0x47, 0x5a, 0x47, 0x5a, 0x06, 0x52, 0x65, 0x41, 0x03, 0x31, 0x32, 0xbd, 0x9a, 0xff, 0x19, 0xff,
  0x19, 0xff, 0x39, 0xff, 0xd8, 0xf6, 0xe7, 0x51, 0x04, 0x31, 0xe9, 0x82, 0xae, 0xf5, 0x4e, 0xed,
  0x6e, 0xed, 0x6e, 0xed, 0x6e, 0xed, 0x6e, 0xed, 0x4e, 0xed, 0x8e, 0xf5, 0xac, 0xd4, 0x65, 0x41,
  0x03, 0x31, 0x2e, 0x9c, 0x9a, 0xff, 0x19, 0xff, 0x19, 0xff, 0x9b, 0xff, 0x8f, 0xa4, 0x04, 0x31,
  0x65, 0x39, 0xe6, 0x49, 0x47, 0x5a, 0x27, 0x5a, 0x47, 0x5a, 0x47, 0x5a, 0x47, 0x5a, 0x47, 0x5a,
  0x47, 0x5a, 0x47, 0x5a, 0x47, 0x5a, 0x47, 0x5a, 0x47, 0x5a, 0x47, 0x5a, 0x47, 0x5a, 0x47, 0x5a,
  0x47, 0x5a, 0x47, 0x5a, 0x47, 0x5a, 0x47, 0x5a, 0x47, 0x5a, 0x47, 0x5a, 0x47, 0x5a, 0x47, 0x5a,
  0x47, 0x5a, 0x47, 0x5a, 0x47, 0x5a, 0x47, 0x5a, 0x47, 0x5a, 0x47, 0x5a, 0x47, 0x5a, 0x47, 0x5a,
  0x47, 0x5a, 0x47, 0x5a, 0x47, 0x5a, 0x47, 0x5a, 0x47, 0x5a, 0x47, 0x5a, 0x47, 0x5a, 0x46, 0x5a,
  0x47, 0x5a, 0x07, 0x52, 0x65, 0x41, 0x65, 0x39, 0x24, 0x31, 0xca, 0x6a, 0xa6, 0x41, 0x24, 0x31,
  0x47, 0x62, 0x8e, 0xf5, 0x4e, 0xed, 0x6e, 0xed, 0x6e, 0xed, 0x6e, 0xed, 0x6e, 0xed, 0x4e, 0xed,
  0x8e, 0xf5, 0x4c, 0xc4, 0x45, 0x39, 0x03, 0x31, 0xb0, 0xac, 0xfc, 0xff, 0xed, 0x8b, 0x03, 0x31,
  0x85, 0x41, 0x26, 0x52, 0x47, 0x5a, 0xc6, 0x49, 0x24, 0x39, 0xc6, 0x49, 0x53, 0xe6, 0xd4, 0xf6,
  0xb4, 0xee, 0xb4, 0xee, 0xb5, 0xee, 0xb5, 0xee, 0xb5, 0xee, 0xb5, 0xee, 0xd5, 0xee, 0xd5, 0xee,
  0xd5, 0xee, 0xd5, 0xee, 0xd6, 0xee, 0xd6, 0xee, 0xd6, 0xee, 0xd6, 0xee, 0xd6, 0xee, 0xf6, 0xee,
  0xd5, 0xee, 0xd5, 0xee, 0xd5, 0xee, 0xd5, 0xee, 0xb5, 0xee, 0xb5, 0xee, 0xb5, 0xee, 0xb4, 0xee,
  0xb4, 0xee, 0xb4, 0xee, 0xb4, 0xee, 0xb4, 0xee, 0xb4, 0xee, 0xb4, 0xee, 0xb4, 0xee, 0x94, 0xee,
  0x94, 0xee, 0x94, 0xee, 0x94, 0xee, 0x93, 0xee, 0x93, 0xee, 0x93, 0xee, 0x93, 0xee, 0x93, 0xee,
  0x93, 0xee, 0x93, 0xee, 0x93, 0xee, 0x93, 0xee, 0x93, 0xee, 0x93, 0xee, 0x93, 0xee, 0x93, 0xee,
  0x73, 0xee, 0x73, 0xee, 0x73, 0xee, 0x73, 0xee, 0x73, 0xee, 0x47, 0x5a, 0x24, 0x31, 0xa6, 0x41,
  0x46, 0x5a, 0x46, 0x5a, 0x06, 0x52, 0x65, 0x41, 0xe3, 0x30, 0xf1, 0xb4, 0x9a, 0xff, 0x19, 0xff,
  0x19, 0xff, 0x39, 0xff, 0x18, 0xff, 0x28, 0x5a, 0xe4, 0x30, 0xa8, 0x7a, 0x8e, 0xf5, 0x4e, 0xed,
  0x6e, 0xed, 0x6e, 0xed, 0x6e, 0xed, 0x6e, 0xed, 0x4e, 0xed, 0xaf, 0xfd, 0xca, 0xab, 0x24, 0x31,
  0x24, 0x39, 0x93, 0xcd, 0x7a, 0xff, 0xf8, 0xfe, 0x5a, 0xff, 0x77, 0xe6, 0xa6, 0x49, 0x44, 0x39,
  0x85, 0x41, 0x26, 0x5a, 0x47, 0x5a, 0x47, 0x5a, 0x47, 0x5a, 0x47, 0x5a, 0x47, 0x5a, 0x47, 0x5a,
  0x47, 0x5a, 0x47, 0x5a, 0x47, 0x5a, 0x47, 0x5a, 0x47, 0x5a, 0x47, 0x5a, 0x47, 0x5a, 0x47, 0x5a,
  0x47, 0x5a, 0x47, 0x5a, 0x47, 0x5a, 0x47, 0x5a, 0x47, 0x5a, 0x47, 0x5a, 0x47, 0x5a, 0x47, 0x5a,
  0x47, 0x5a, 0x47, 0x5a, 0x47, 0x5a, 0x47, 0x5a, 0x47, 0x5a, 0x47, 0x5a, 0x47, 0x5a, 0x47, 0x5a,
  0x47, 0x5a, 0x47, 0x5a, 0x47, 0x5a, 0x47, 0x5a, 0x47, 0x5a, 0x47, 0x5a, 0x47, 0x5a, 0x47, 0x5a,
  0x47, 0x5a, 0x47, 0x5a, 0x06, 0x52, 0x64, 0x41, 0x65, 0x39, 0x24, 0x31, 0x65, 0x39, 0x65, 0x41,
  0x24, 0x31, 0x4b, 0xbc, 0xcf, 0xfd, 0x4e, 0xed, 0x4e, 0xed, 0x4e, 0xed, 0x6e, 0xed, 0x4e, 0xed,
  0xae, 0xfd, 0x69, 0x93, 0x04, 0x31, 0x64, 0x41, 0xf5, 0xdd, 0x7a, 0xff, 0x89, 0x62, 0x24, 0x31,
  0xa5, 0x41, 0x47, 0x5a, 0x47, 0x5a, 0xa5, 0x41, 0x24, 0x31, 0x48, 0x5a, 0xb4, 0xee, 0xb4, 0xee,
  0xb4, 0xee, 0xb4, 0xee, 0xb5, 0xee, 0xb4, 0xee, 0xb5, 0xee, 0xb5, 0xee, 0xb5, 0xee, 0xd5, 0xee,
  0xd5, 0xee, 0xd5, 0xee, 0xd5, 0xee, 0xd6, 0xee, 0xd6, 0xee, 0xd6, 0xee, 0xd6, 0xee, 0xf6, 0xee,
  0xd5, 0xee, 0xd5, 0xee, 0xb5, 0xee, 0xb5, 0xee, 0xb5, 0xee, 0xb5, 0xee, 0xb4, 0xee, 0xb4, 0xee,
  0xb4, 0xee, 0xb4, 0xee, 0xb4, 0xee, 0xb4, 0xee, 0xb4, 0xee, 0xb4, 0xee, 0x94, 0xee, 0x94, 0xee,
  0x94, 0xee, 0x93, 0xee, 0x94, 0xee, 0x94, 0xee, 0x93, 0xee, 0x93, 0xee, 0x93, 0xee, 0x93, 0xee,
  0x93, 0xee, 0x93, 0xee, 0x93, 0xee, 0x93, 0xee, 0x93, 0xee, 0x93, 0xee, 0x93, 0xee, 0x93, 0xee,
  0x73, 0xee, 0x73, 0xee, 0x73, 0xee, 0x73, 0xee, 0xb3, 0xf6, 0xc8, 0x6a, 0x24, 0x31, 0x85, 0x41,
  0x26, 0x5a, 0x47, 0x5a, 0x06, 0x52, 0x65, 0x41, 0xe4, 0x30, 0x90, 0xac, 0x9a, 0xff, 0x19, 0xff,
  0x39, 0xff, 0x39, 0xff, 0x59, 0xff, 0x89, 0x62, 0xe4, 0x28, 0x67, 0x6a, 0x8e, 0xf5, 0x4e, 0xed,
  0x6e, 0xed, 0x6e, 0xed, 0x6e, 0xed, 0x6e, 0xed, 0x4e, 0xed, 0xaf, 0xf5, 0xe8, 0x7a, 0x04, 0x31,
  0xc6, 0x49, 0xb7, 0xee, 0x39, 0xff, 0x39, 0xff, 0x19, 0xff, 0x89, 0x6a, 0x24, 0x31, 0x64, 0x39,
  0xe6, 0x51, 0x47, 0x5a, 0x47, 0x5a, 0x47, 0x5a, 0x47, 0x5a, 0x47, 0x5a, 0x47, 0x5a, 0x47, 0x5a,
  0x47, 0x5a, 0x47, 0x5a, 0x47, 0x5a, 0x47, 0x5a, 0x47, 0x5a, 0x47, 0x5a, 0x47, 0x5a, 0x47, 0x5a,
  0x47, 0x5a, 0x47, 0x5a, 0x47, 0x5a, 0x47, 0x5a, 0x47, 0x5a, 0x47, 0x5a, 0x47, 0x5a, 0x47, 0x5a,
  0x47, 0x5a, 0x47, 0x5a, 0x47, 0x5a, 0x47, 0x5a, 0x47, 0x5a, 0x47, 0x5a, 0x47, 0x5a, 0x47, 0x5a,
  0x47, 0x5a, 0x47, 0x5a, 0x47, 0x5a, 0x47, 0x5a, 0x47, 0x5a, 0x47, 0x5a, 0x47, 0x5a, 0x47, 0x5a,
  0x47, 0x5a, 0x46, 0x5a, 0x47, 0x5a, 0x27, 0x52, 0xa5, 0x41, 0x65, 0x39, 0x65, 0x39, 0x65, 0x41,
  0x45, 0x39, 0x06, 0x5a, 0xad, 0xd4, 0x8e, 0xf5, 0xaf, 0xfd, 0x6e, 0xf5, 0x4e, 0xed, 0x4e, 0xed,
  0xae, 0xf5, 0x67, 0x62, 0x03, 0x29, 0x27, 0x52, 0x19, 0xff, 0x97, 0xee, 0xa5, 0x41, 0x45, 0x39,
  0xc6, 0x49, 0x67, 0x5a, 0x07, 0x52, 0x64, 0x41, 0x04, 0x31, 0x6b, 0x83, 0x15, 0xf7, 0x94, 0xee,
  0xb4, 0xee, 0xb4, 0xee, 0xb4, 0xee, 0xb4, 0xee, 0xb5, 0xee, 0xb5, 0xee, 0xb5, 0xee, 0xd5, 0xee,
  0xd5, 0xee, 0xd5, 0xee, 0xd5, 0xee, 0xd5, 0xee, 0xd5, 0xee, 0xd6, 0xee, 0xd6, 0xee, 0xf6, 0xee,
  0xd5, 0xee, 0xb5, 0xee, 0xb5, 0xee, 0xb5, 0xee, 0xb5, 0xee, 0xb4, 0xee, 0xb4, 0xee, 0xb4, 0xee,
  0xb4, 0xee, 0xb4, 0xee, 0xb4, 0xee, 0xb4, 0xee, 0xb4, 0xee, 0x94, 0xee, 0x94, 0xee, 0x94, 0xee,
  0x94, 0xee, 0x93, 0xee, 0x93, 0xee, 0x94, 0xee, 0x93, 0xee, 0x93, 0xee, 0x93, 0xee, 0x93, 0xee,
  0x93, 0xee, 0x93, 0xee, 0x93, 0xee, 0x93, 0xee, 0x93, 0xee, 0x93, 0xee, 0x93, 0xee, 0x73, 0xee,
  0x73, 0xee, 0x73, 0xee, 0x73, 0xee, 0x72, 0xee, 0xd4, 0xf6, 0x6a, 0x83, 0x04, 0x31, 0x85, 0x41,
  0x26, 0x52, 0x47, 0x5a, 0x26, 0x52, 0x85, 0x41, 0xe3, 0x30, 0x2f, 0x9c, 0x9b, 0xff, 0x19, 0xff,
  0x39, 0xff, 0x19, 0xff, 0x7a, 0xff, 0x0b, 0x73, 0xe3, 0x28, 0x27, 0x5a, 0x4e, 0xed, 0x6e, 0xed,
  0x6e, 0xed, 0x6e, 0xed, 0x6e, 0xed, 0x6e, 0xed, 0x6e, 0xed, 0x4e, 0xed, 0x06, 0x5a, 0xe4, 0x28,
  0xca, 0x6a, 0x59, 0xff, 0x5a, 0xff, 0x39, 0xff, 0xea, 0x72, 0x04, 0x31, 0x65, 0x39, 0xa6, 0x49,
  0x47, 0x5a, 0x47, 0x5a, 0x47, 0x5a, 0x47, 0x5a, 0x47, 0x5a, 0x47, 0x5a, 0x47, 0x5a, 0x47, 0x5a,
  0x47, 0x5a, 0x47, 0x5a, 0x47, 0x5a, 0x47, 0x5a, 0x47, 0x5a, 0x47, 0x5a, 0x47, 0x5a, 0x47, 0x5a,
  0x47, 0x5a, 0x47, 0x5a, 0x47, 0x5a, 0x47, 0x5a, 0x47, 0x5a, 0x47, 0x5a, 0x47, 0x5a, 0x47, 0x5a,
  0x47, 0x5a, 0x47, 0x5a, 0x47, 0x5a, 0x47, 0x5a, 0x47, 0x5a, 0x47, 0x5a, 0x47, 0x5a, 0x47, 0x5a,
  0x47, 0x5a, 0x47, 0x5a, 0x47, 0x5a, 0x47, 0x5a, 0x47, 0x5a, 0x47, 0x5a, 0x47, 0x5a, 0x47, 0x5a,
  0x47, 0x5a, 0x47, 0x5a, 0x47, 0x5a, 0x47, 0x5a, 0x47, 0x5a, 0xe6, 0x51, 0x85, 0x41, 0x64, 0x39,
  0x65, 0x39, 0x45, 0x39, 0x65, 0x41, 0x87, 0x6a, 0xea, 0xab, 0x0d, 0xdd, 0x8e, 0xf5, 0xcf, 0xfd,
  0x4c, 0xbc, 0x65, 0x39, 0xe3, 0x28, 0x6c, 0x83, 0xdc, 0xff, 0x32, 0xbd, 0x24, 0x31, 0x65, 0x39,
  0xe6, 0x49, 0x67, 0x5a, 0xa5, 0x41, 0x45, 0x39, 0x24, 0x39, 0x50, 0xc5, 0xf5, 0xf6, 0x94, 0xee,
  0xb4, 0xee, 0xb4, 0xee, 0xb4, 0xee, 0xb4, 0xee, 0xb4, 0xee, 0xb5, 0xee, 0xb5, 0xee, 0xb4, 0xee,
  0xb5, 0xee, 0xd5, 0xee, 0xd6, 0xee, 0xd5, 0xee, 0xd5, 0xee, 0xd6, 0xee, 0xd6, 0xee, 0xd6, 0xee,
  0xd5, 0xee, 0xb5, 0xee, 0xb5, 0xee, 0xb5, 0xee, 0xb5, 0xee, 0xb4, 0xee, 0xb4, 0xee, 0xb4, 0xee,
  0xb4, 0xee, 0xb4, 0xee, 0x94, 0xee, 0x94, 0xee, 0x94, 0xee, 0x94, 0xee, 0x94, 0xee, 0x94, 0xee,
  0x94, 0xee, 0x93, 0xee, 0x93, 0xee, 0x93, 0xee, 0x93, 0xee, 0x93, 0xee, 0x93, 0xee, 0x93, 0xee,
  0x93, 0xee, 0x93, 0xee, 0x93, 0xee, 0x93, 0xee, 0x93, 0xee, 0x93, 0xee, 0x93, 0xee, 0x73, 0xee,
  0x73, 0xee, 0x73, 0xee, 0x73, 0xee, 0x52, 0xe6, 0xd4, 0xf6, 0x2d, 0x9c, 0x03, 0x31, 0x65, 0x41,
  0x06, 0x52, 0x47, 0x5a, 0x27, 0x52, 0x85, 0x41, 0xe3, 0x30, 0xad, 0x8b, 0x9b, 0xff, 0x19, 0xff,
  0x39, 0xff, 0x19, 0xff, 0x9a, 0xff, 0xad, 0x8b, 0xe3, 0x28, 0xc6, 0x51, 0x0d, 0xe5, 0x6e, 0xf5,
  0x4e, 0xed, 0x6e, 0xed, 0x6e, 0xed, 0x4e, 0xed, 0x8e, 0xf5, 0xac, 0xcc, 0x65, 0x41, 0xe3, 0x30,
  0x0e, 0x9c, 0xfc, 0xff, 0xd8, 0xee, 0xc9, 0x6a, 0x03, 0x31, 0x65, 0x39, 0x85, 0x41, 0x47, 0x5a,
  0x47, 0x5a, 0x47, 0x5a, 0x47, 0x5a, 0x47, 0x5a, 0x47, 0x5a, 0x47, 0x5a, 0x47, 0x5a, 0x47, 0x5a,
  0x47, 0x5a, 0x47, 0x5a, 0x47, 0x5a, 0x47, 0x5a, 0x47, 0x5a, 0x47, 0x5a, 0x47, 0x5a, 0x47, 0x5a,
  0x47, 0x5a, 0x47, 0x5a, 0x47, 0x5a, 0x47, 0x5a, 0x47, 0x5a, 0x47, 0x5a, 0x47, 0x5a, 0x47, 0x5a,
  0x47, 0x5a, 0x47, 0x5a, 0x47, 0x5a, 0x47, 0x5a, 0x47, 0x5a, 0x47, 0x5a, 0x47, 0x5a, 0x47, 0x5a,
  0x47, 0x5a, 0x47, 0x5a, 0x47, 0x5a, 0x47, 0x5a, 0x47, 0x5a, 0x47, 0x5a, 0x47, 0x5a, 0x47, 0x5a,
  0x47, 0x5a, 0x47, 0x5a, 0x47, 0x5a, 0x47, 0x5a, 0x47, 0x5a, 0x47, 0x5a, 0x47, 0x5a, 0xe6, 0x51,
  0x85, 0x41, 0x65, 0x39, 0x65, 0x39, 0x24, 0x31, 0x24, 0x31, 0xa5, 0x49, 0xa8, 0x7a, 0x0b, 0xb4,
  0x06, 0x5a, 0x24, 0x31, 0x85, 0x41, 0x56, 0xe6, 0xbb, 0xff, 0x8c, 0x8b, 0x03, 0x31, 0x85, 0x41,
  0x27, 0x5a, 0xe6, 0x49, 0x65, 0x39, 0x04, 0x31, 0xe9, 0x72, 0xd4, 0xee, 0x94, 0xee, 0xb4, 0xee,
  0xb4, 0xee, 0xb4, 0xee, 0xb4, 0xee, 0xb4, 0xee, 0xb4, 0xee, 0xb4, 0xee, 0xb5, 0xee, 0xb5, 0xee,
  0xb5, 0xee, 0xb5, 0xee, 0xd5, 0xee, 0xd5, 0xee, 0xd5, 0xee, 0xd5, 0xee, 0xd6, 0xee, 0xd6, 0xee,
  0xd5, 0xee, 0xb5, 0xee, 0xb5, 0xee, 0xb5, 0xee, 0xb5, 0xee, 0xb4, 0xee, 0xb4, 0xee, 0xb4, 0xee,
  0xb4, 0xee, 0xb4, 0xee, 0x94, 0xee, 0x94, 0xee, 0x94, 0xee, 0x94, 0xee, 0x94, 0xee, 0x93, 0xee,
  0x93, 0xee, 0x93, 0xee, 0x93, 0xee, 0x93, 0xee, 0x93, 0xee, 0x93, 0xee, 0x93, 0xee, 0x93, 0xee,
  0x93, 0xee, 0x93, 0xee, 0x93, 0xee, 0x93, 0xee, 0x93, 0xee, 0x93, 0xee, 0x93, 0xee, 0x73, 0xee,
  0x73, 0xee, 0x73, 0xee, 0x73, 0xee, 0x72, 0xee, 0xb3, 0xf6, 0x2f, 0xbd, 0x44, 0x39, 0x65, 0x39,
  0xe6, 0x49, 0x47, 0x5a, 0x47, 0x5a, 0xa5, 0x41, 0x03, 0x31, 0x0b, 0x73, 0x7a, 0xff, 0x19, 0xff,
  0x39, 0xff, 0x19, 0xff, 0x9a, 0xff, 0x70, 0xa4, 0xe3, 0x30, 0x85, 0x41, 0xac, 0xcc, 0x8e, 0xf5,
  0x4e, 0xed, 0x6e, 0xed, 0x6e, 0xed, 0x4e, 0xed, 0xaf, 0xfd, 0xca, 0xa3, 0x24, 0x31, 0x24, 0x39,
  0x15, 0xd6, 0x15, 0xd6, 0x06, 0x52, 0x04, 0x31, 0x65, 0x39, 0x85, 0x41, 0x26, 0x5a, 0x46, 0x5a,
  0x47, 0x5a, 0x47, 0x5a, 0x47, 0x5a, 0x47, 0x5a, 0x47, 0x5a, 0x47, 0x5a, 0x47, 0x5a, 0x47, 0x5a,
  0x47, 0x5a, 0x47, 0x5a, 0x47, 0x5a, 0x47, 0x5a, 0x47, 0x5a, 0x47, 0x5a, 0x47, 0x5a, 0x47, 0x5a,
  0x47, 0x5a, 0x47, 0x5a, 0x47, 0x5a, 0x47, 0x5a, 0x47, 0x5a, 0x47, 0x5a, 0x47, 0x5a, 0x47, 0x5a,
  0x47, 0x5a, 0x47, 0x5a, 0x47, 0x5a, 0x47, 0x5a, 0x47, 0x5a, 0x47, 0x5a, 0x47, 0x5a, 0x47, 0x5a,
  0x47, 0x5a, 0x47, 0x5a, 0x47, 0x5a, 0x47, 0x5a, 0x47, 0x5a, 0x47, 0x5a, 0x47, 0x5a, 0x47, 0x5a,
  0x47, 0x5a, 0x47, 0x5a, 0x47, 0x5a, 0x47, 0x5a, 0x47, 0x5a, 0x47, 0x5a, 0x47, 0x5a, 0x47, 0x5a,
  0x47, 0x5a, 0x06, 0x52, 0xa5, 0x41, 0x85, 0x41, 0x45, 0x41, 0x45, 0x39, 0x24, 0x31, 0x24, 0x31,
  0x65, 0x41, 0x24, 0x39, 0x48, 0x5a, 0x8f, 0xa4, 0x68, 0x62, 0x85, 0x41, 0x44, 0x39, 0xa5, 0x41,
  0xe6, 0x49, 0x65, 0x39, 0x24, 0x39, 0xa6, 0x49, 0x12, 0xd6, 0xd4, 0xee, 0x94, 0xee, 0x94, 0xee,
  0xb4, 0xee, 0xb4, 0xee, 0xb4, 0xee, 0xb4, 0xee, 0xb4, 0xee, 0xb4, 0xee, 0xb4, 0xee, 0xb5, 0xee,
  0xb5, 0xee, 0xb5, 0xee, 0xb5, 0xee, 0xd5, 0xee, 0xd5, 0xee, 0xd5, 0xee, 0xd5, 0xee, 0xd6, 0xee,
  0xb5, 0xee, 0xb4, 0xee, 0xb4, 0xee, 0xb4, 0xee, 0xb4, 0xee, 0xb4, 0xee, 0xb4, 0xee, 0xb4, 0xee,
  0xb4, 0xee, 0x94, 0xee, 0x94, 0xee, 0x94, 0xee, 0x94, 0xee, 0x94, 0xee, 0x93, 0xee, 0x93, 0xee,
  0x93, 0xee, 0x93, 0xee, 0x93, 0xee, 0x93, 0xee, 0x93, 0xee, 0x93, 0xee, 0x93, 0xee, 0x93, 0xee,
  0x93, 0xee, 0x93, 0xee, 0x93, 0xee, 0x93, 0xee, 0x73, 0xee, 0x73, 0xee, 0x73, 0xee, 0x73, 0xee,
  0x73, 0xee, 0x73, 0xee, 0x73, 0xee, 0x72, 0xee, 0x93, 0xee, 0x11, 0xde, 0xc5, 0x49, 0x24, 0x39,
  0xa5, 0x49, 0x47, 0x5a, 0x47, 0x5a, 0xa5, 0x41, 0x24, 0x31, 0x68, 0x62, 0x39, 0xff, 0x39, 0xff,
  0x39, 0xff, 0x19, 0xff, 0x7a, 0xff, 0x53, 0xc5, 0x04, 0x31, 0x44, 0x39, 0x2b, 0xb4, 0x8e, 0xf5,
  0x4e, 0xed, 0x6e, 0xed, 0x6e, 0xed, 0x4e, 0xed, 0x8e, 0xf5, 0xe8, 0x82, 0x04, 0x31, 0xc6, 0x49,
  0xcd, 0x8b, 0x65, 0x41, 0x24, 0x39, 0x65, 0x41, 0xa5, 0x41, 0x46, 0x5a, 0x47, 0x5a, 0x27, 0x5a,
  0x47, 0x5a, 0x47, 0x5a, 0x47, 0x5a, 0x47, 0x5a, 0x47, 0x5a, 0x47, 0x5a, 0x47, 0x5a, 0x47, 0x5a,
  0x47, 0x5a, 0x47, 0x5a, 0x47, 0x5a, 0x47, 0x5a, 0x47, 0x5a, 0x47, 0x5a, 0x47, 0x5a, 0x47, 0x5a,
  0x47, 0x5a, 0x47, 0x5a, 0x47, 0x5a, 0x47, 0x5a, 0x47, 0x5a, 0x47, 0x5a, 0x47, 0x5a, 0x47, 0x5a,
  0x47, 0x5a, 0x47, 0x5a, 0x47, 0x5a, 0x47, 0x5a, 0x47, 0x5a, 0x47, 0x5a, 0x47, 0x5a, 0x47, 0x5a,
  0x47, 0x5a, 0x47, 0x5a, 0x47, 0x5a, 0x47, 0x5a, 0x47, 0x5a, 0x47, 0x5a, 0x47, 0x5a, 0x47, 0x5a,
  0x47, 0x5a, 0x47, 0x5a, 0x47, 0x5a, 0x47, 0x5a, 0x47, 0x5a, 0x47, 0x5a, 0x47, 0x5a, 0x47, 0x5a,
  0x46, 0x5a, 0x47, 0x5a, 0x47, 0x5a, 0x26, 0x5a, 0xe6, 0x51, 0xa5, 0x41, 0x85, 0x41, 0x65, 0x39,
  0x45, 0x39, 0x65, 0x39, 0x44, 0x39, 0xe3, 0x30, 0x24, 0x31, 0x45, 0x39, 0x65, 0x39, 0x85, 0x41,
  0x65, 0x39, 0x45, 0x39, 0x45, 0x39, 0x2f, 0xbd, 0xd5, 0xf6, 0x74, 0xee, 0x94, 0xee, 0x94, 0xee,
  0x94, 0xee, 0xb4, 0xee, 0xb4, 0xee, 0xb4, 0xee, 0xb4, 0xee, 0xb4, 0xee, 0xb4, 0xee, 0xb4, 0xee,
  0xb5, 0xee, 0xb5, 0xee, 0xb5, 0xee, 0xd5, 0xee, 0xd5, 0xee, 0xd5, 0xee, 0xd5, 0xee, 0xd5, 0xee,
  0xb5, 0xee, 0xb4, 0xee, 0xb4, 0xee, 0xb4, 0xee, 0xb4, 0xee, 0xb4, 0xee, 0xb4, 0xee, 0xb4, 0xee,
  0xb4, 0xee, 0x94, 0xee, 0x94, 0xee, 0x94, 0xee, 0x93, 0xee, 0x94, 0xee, 0x94, 0xee, 0x93, 0xee,
  0x93, 0xee, 0x93, 0xee, 0x93, 0xee, 0x93, 0xee, 0x93, 0xee, 0x93, 0xee, 0x93, 0xee, 0x93, 0xee,
  0x93, 0xee, 0x93, 0xee, 0x93, 0xee, 0x93, 0xee, 0x73, 0xee, 0x73, 0xee, 0x73, 0xee, 0x73, 0xee,
  0x72, 0xee, 0x72, 0xee, 0x72, 0xee, 0x72, 0xee, 0x72, 0xe6, 0x93, 0xee, 0xc8, 0x72, 0x04, 0x31,
  0x85, 0x41, 0x26, 0x52, 0x47, 0x5a, 0xc6, 0x49, 0x44, 0x39, 0xc6, 0x49, 0x97, 0xee, 0x59, 0xff,
  0x19, 0xff, 0x19, 0xff, 0x5a, 0xff, 0x35, 0xde, 0x65, 0x41, 0x24, 0x31, 0x89, 0x9b, 0xae, 0xfd,
  0x4e, 0xed, 0x4e, 0xed, 0x4e, 0xed, 0x8e, 0xf5, 0xae, 0xfd, 0x26, 0x62, 0x25, 0x31, 0x65, 0x41,
  0x04, 0x31, 0x45, 0x39, 0x65, 0x39, 0xc5, 0x49, 0x47, 0x5a, 0x47, 0x5a, 0x47, 0x5a, 0x47, 0x5a,
  0x47, 0x5a, 0x47, 0x5a, 0x47, 0x5a, 0x47, 0x5a, 0x47, 0x5a, 0x47, 0x5a, 0x47, 0x5a, 0x47, 0x5a,
  0x47, 0x5a, 0x47, 0x5a, 0x47, 0x5a, 0x47, 0x5a, 0x47, 0x5a, 0x47, 0x5a, 0x47, 0x5a, 0x47, 0x5a,
  0x47, 0x5a, 0x47, 0x5a, 0x47, 0x5a, 0x47, 0x5a, 0x47, 0x5a, 0x47, 0x5a, 0x47, 0x5a, 0x47, 0x5a,
  0x47, 0x5a, 0x47, 0x5a, 0x47, 0x5a, 0x47, 0x5a, 0x47, 0x5a, 0x47, 0x5a, 0x47, 0x5a, 0x47, 0x5a,
  0x47, 0x5a, 0x47, 0x5a, 0x47, 0x5a, 0x47, 0x5a, 0x47, 0x5a, 0x47, 0x5a, 0x47, 0x5a, 0x47, 0x5a,
  0x47, 0x5a, 0x47, 0x5a, 0x47, 0x5a, 0x47, 0x5a, 0x47, 0x5a, 0x47, 0x5a, 0x47, 0x5a, 0x47, 0x5a,
  0x47, 0x5a, 0x47, 0x5a, 0x47, 0x5a, 0x47, 0x5a, 0x47, 0x5a, 0x47, 0x5a, 0x26, 0x52, 0xe6, 0x49,
  0xa5, 0x49, 0x85, 0x41, 0x65, 0x41, 0x85, 0x41, 0x85, 0x41, 0x65, 0x41, 0x65, 0x39, 0x65, 0x39,
  0x65, 0x41, 0x24, 0x39, 0xcf, 0xac, 0x14, 0xff, 0x73, 0xee, 0x94, 0xee, 0x94, 0xee, 0x94, 0xee,
  0x94, 0xee, 0x94, 0xee, 0xb4, 0xee, 0xb4, 0xee, 0xb4, 0xee, 0xb4, 0xee, 0xb4, 0xee, 0xb4, 0xee,
  0xb5, 0xee, 0xb5, 0xee, 0xb5, 0xee, 0xd5, 0xee, 0xd5, 0xee, 0xd5, 0xee, 0xd5, 0xee, 0xd5, 0xee,
  0xb5, 0xee, 0xb4, 0xee, 0xb4, 0xee, 0xb4, 0xee, 0xb4, 0xee, 0xb4, 0xee, 0xb4, 0xee, 0xb4, 0xee,
  0xb4, 0xee, 0x94, 0xee, 0x94, 0xee, 0x94, 0xee, 0x93, 0xee, 0x94, 0xee, 0x93, 0xee, 0x93, 0xee,
  0x93, 0xee, 0x93, 0xee, 0x93, 0xee, 0x93, 0xee, 0x93, 0xee, 0x93, 0xee, 0x93, 0xee, 0x93, 0xee,
  0x93, 0xee, 0x73, 0xee, 0x73, 0xee, 0x73, 0xee, 0x73, 0xee, 0x73, 0xee, 0x72, 0xee, 0x72, 0xee,
  0x72, 0xee, 0x72, 0xee, 0x72, 0xee, 0x72, 0xee, 0x92, 0xee, 0x14, 0xff, 0xee, 0xb4, 0x24, 0x31,
  0x65, 0x39, 0xa5, 0x41, 0x67, 0x5a, 0xe6, 0x51, 0x45, 0x39, 0x44, 0x39, 0xb4, 0xcd, 0x7a, 0xff,
  0x19, 0xff, 0x19, 0xff, 0x39, 0xff, 0xd8, 0xf6, 0x07, 0x52, 0x04, 0x29, 0xc8, 0x72, 0x8e, 0xfd,
  0x6e, 0xf5, 0xaf, 0xfd, 0x8e, 0xf5, 0xed, 0xd4, 0x49, 0x93, 0x65, 0x41, 0x65, 0x39, 0x45, 0x39,
  0x65, 0x39, 0x85, 0x41, 0x06, 0x52, 0x47, 0x5a, 0x47, 0x5a, 0x47, 0x5a, 0x46, 0x5a, 0x47, 0x5a,
  0x47, 0x5a, 0x47, 0x5a, 0x47, 0x5a, 0x47, 0x5a, 0x47, 0x5a, 0x47, 0x5a, 0x47, 0x5a, 0x47, 0x5a,
  0x47, 0x5a, 0x47, 0x5a, 0x47, 0x5a, 0x47, 0x5a, 0x47, 0x5a, 0x47, 0x5a, 0x47, 0x5a, 0x47, 0x5a,
  0x47, 0x5a, 0x47, 0x5a, 0x47, 0x5a, 0x47, 0x5a, 0x47, 0x5a, 0x47, 0x5a, 0x47, 0x5a, 0x47, 0x5a,
  0x47, 0x5a, 0x47, 0x5a, 0x47, 0x5a, 0x47, 0x5a, 0x47, 0x5a, 0x47, 0x5a, 0x47, 0x5a, 0x47, 0x5a,
  0x47, 0x5a, 0x47, 0x5a, 0x47, 0x5a, 0x47, 0x5a, 0x47, 0x5a, 0x47, 0x5a, 0x47, 0x5a, 0x47, 0x5a,
  0x47, 0x5a, 0x47, 0x5a, 0x47, 0x5a, 0x47, 0x5a, 0x47, 0x5a, 0x47, 0x5a, 0x47, 0x5a, 0x47, 0x5a,
  0x47, 0x5a, 0x47, 0x5a, 0x47, 0x5a, 0x47, 0x5a, 0x47, 0x5a, 0x47, 0x5a, 0x47, 0x5a, 0x47, 0x5a,
  0x47, 0x5a, 0x47, 0x5a, 0x26, 0x52, 0x26, 0x52, 0x47, 0x5a, 0x06, 0x52, 0x64, 0x39, 0x65, 0x39,
  0x65, 0x41, 0x44, 0x39, 0x67, 0x62, 0x12, 0xd6, 0xb3, 0xf6, 0x93, 0xee, 0x94, 0xee, 0x94, 0xee,
  0x94, 0xee, 0x94, 0xee, 0x94, 0xee, 0xb4, 0xee, 0xb4, 0xee, 0xb4, 0xee, 0xb4, 0xee, 0xb4, 0xee,
  0xb5, 0xee, 0xb5, 0xee, 0xb5, 0xee, 0xb5, 0xee, 0xd5, 0xee, 0xd5, 0xee, 0xd5, 0xee, 0xd5, 0xee,
  0xb5, 0xee, 0xb4, 0xee, 0xb4, 0xee, 0xb4, 0xee, 0xb4, 0xee, 0xb4, 0xee, 0x94, 0xee, 0x94, 0xee,
  0x94, 0xee, 0x94, 0xee, 0x94, 0xee, 0x94, 0xee, 0x93, 0xee, 0x93, 0xee, 0x93, 0xee, 0x93, 0xee,
  0x93, 0xee, 0x93, 0xee, 0x93, 0xee, 0x93, 0xee, 0x93, 0xee, 0x93, 0xee, 0x93, 0xee, 0x93, 0xee,
  0x93, 0xee, 0x73, 0xee, 0x73, 0xee, 0x73, 0xee, 0x72, 0xee, 0x72, 0xee, 0x72, 0xee, 0x72, 0xee,
  0x72, 0xee, 0x72, 0xe6, 0x93, 0xee, 0xb3, 0xee, 0x90, 0xcd, 0x0c, 0x9c, 0xc8, 0x6a, 0x65, 0x41,
  0x65, 0x39, 0x45, 0x39, 0xe6, 0x51, 0x26, 0x52, 0x65, 0x41, 0x04, 0x31, 0xd0, 0xac, 0xbb, 0xff,
  0x19, 0xff, 0x39, 0xff, 0x39, 0xff, 0x9b, 0xff, 0x4b, 0x7b, 0xe3, 0x30, 0xe6, 0x51, 0x2e, 0xe5,
  0xcd, 0xd4, 0xaa, 0xa3, 0x67, 0x6a, 0x65, 0x41, 0x04, 0x31, 0x45, 0x39, 0x44, 0x39, 0x65, 0x41,
  0xc6, 0x49, 0x27, 0x5a, 0x47, 0x5a, 0x47, 0x5a, 0x47, 0x5a, 0x47, 0x5a, 0x47, 0x5a, 0x47, 0x5a,
  0x47, 0x5a, 0x47, 0x5a, 0x47, 0x5a, 0x47, 0x5a, 0x47, 0x5a, 0x47, 0x5a, 0x47, 0x5a, 0x47, 0x5a,
  0x47, 0x5a, 0x47, 0x5a, 0x47, 0x5a, 0x47, 0x5a, 0x47, 0x5a, 0x47, 0x5a, 0x47, 0x5a, 0x47, 0x5a,
  0x47, 0x5a, 0x47, 0x5a, 0x47, 0x5a, 0x47, 0x5a, 0x47, 0x5a, 0x47, 0x5a, 0x47, 0x5a, 0x47, 0x5a,
  0x47, 0x5a, 0x47, 0x5a, 0x47, 0x5a, 0x47, 0x5a, 0x47, 0x5a, 0x47, 0x5a, 0x46, 0x5a, 0x47, 0x5a,
  0x47, 0x5a, 0x47, 0x5a, 0x47, 0x5a, 0x47, 0x5a, 0x47, 0x5a, 0x47, 0x5a, 0x47, 0x5a, 0x47, 0x5a,
  0x47, 0x5a, 0x47, 0x5a, 0x47, 0x5a, 0x47, 0x5a, 0x47, 0x5a, 0x47, 0x5a, 0x47, 0x5a, 0x47, 0x5a,
  0x47, 0x5a, 0x47, 0x5a, 0x47, 0x5a, 0x47, 0x5a, 0x47, 0x5a, 0x47, 0x5a, 0x47, 0x5a, 0x47, 0x5a,
  0x47, 0x5a, 0x47, 0x5a, 0x47, 0x5a, 0x47, 0x5a, 0x47, 0x5a, 0x47, 0x5a, 0x85, 0x41, 0x64, 0x39,
  0x45, 0x39, 0x65, 0x41, 0xe3, 0x28, 0x8b, 0x8b, 0xd4, 0xf6, 0x93, 0xee, 0x93, 0xee, 0x93, 0xee,
  0x94, 0xee, 0x94, 0xee, 0x94, 0xee, 0xb4, 0xee, 0x94, 0xee, 0xb4, 0xee, 0xb4, 0xee, 0xb4, 0xee,
  0xb4, 0xee, 0xb5, 0xee, 0xb5, 0xee, 0xb5, 0xee, 0xb5, 0xee, 0xd5, 0xee, 0xd5, 0xee, 0xd5, 0xee,
  0xb5, 0xee, 0xb4, 0xee, 0xb4, 0xee, 0xb4, 0xee, 0xb4, 0xee, 0xb4, 0xee, 0x94, 0xee, 0x94, 0xee,
  0x94, 0xee, 0x94, 0xee, 0x94, 0xee, 0x93, 0xee, 0x93, 0xee, 0x93, 0xee, 0x93, 0xee, 0x93, 0xee,
  0x93, 0xee, 0x93, 0xee, 0x93, 0xee, 0x93, 0xee, 0x93, 0xee, 0x93, 0xee, 0x93, 0xee, 0x93, 0xee,
  0x93, 0xee, 0x73, 0xee, 0x73, 0xee, 0x73, 0xee, 0x72, 0xee, 0x72, 0xee, 0x72, 0xee, 0x72, 0xee,
  0x72, 0xee, 0xb3, 0xf6, 0xb1, 0xd5, 0xe9, 0x72, 0x65, 0x41, 0x04, 0x31, 0x04, 0x31, 0x45, 0x39,
  0x45, 0x39, 0x45, 0x39, 0xc6, 0x49, 0x47, 0x5a, 0x85, 0x41, 0x04, 0x31, 0xea, 0x6a, 0xf8, 0xee,
  0x39, 0xff, 0x39, 0xff, 0xf8, 0xf6, 0xf8, 0xee, 0xee, 0x93, 0x03, 0x31, 0x85, 0x41, 0xe6, 0x51,
  0x65, 0x41, 0x24, 0x31, 0x24, 0x31, 0x44, 0x39, 0x65, 0x41, 0x85, 0x41, 0xe6, 0x49, 0x27, 0x5a,
  0x47, 0x5a, 0x47, 0x5a, 0x47, 0x5a, 0x47, 0x5a, 0x47, 0x5a, 0x47, 0x5a, 0x47, 0x5a, 0x47, 0x5a,
  0x47, 0x5a, 0x47, 0x5a, 0x47, 0x5a, 0x47, 0x5a, 0x47, 0x5a, 0x47, 0x5a, 0x47, 0x5a, 0x47, 0x5a,
  0x47, 0x5a, 0x47, 0x5a, 0x47, 0x5a, 0x47, 0x5a, 0x47, 0x5a, 0x47, 0x5a, 0x47, 0x5a, 0x47, 0x5a,
  0x47, 0x5a, 0x47, 0x5a, 0x47, 0x5a, 0x47, 0x5a, 0x47, 0x5a, 0x47, 0x5a, 0x47, 0x5a, 0x47, 0x5a,
  0x47, 0x5a, 0x47, 0x5a, 0x47, 0x5a, 0x47, 0x5a, 0x47, 0x5a, 0x47, 0x5a, 0x27, 0x5a, 0xc6, 0x49,
  0xe6, 0x51, 0x47, 0x5a, 0x47, 0x5a, 0x46, 0x5a, 0x47, 0x5a, 0x47, 0x5a, 0x27, 0x5a, 0x47, 0x5a,
  0x47, 0x5a, 0x47, 0x5a, 0x46, 0x5a, 0x47, 0x5a, 0x47, 0x5a, 0x47, 0x5a, 0x47, 0x5a, 0x47, 0x5a,
  0x47, 0x5a, 0x47, 0x5a, 0x47, 0x5a, 0x47, 0x5a, 0x47, 0x5a, 0x47, 0x5a, 0x47, 0x5a, 0x47, 0x5a,
  0x47, 0x5a, 0x47, 0x5a, 0x47, 0x5a, 0x47, 0x5a, 0x47, 0x5a, 0x47, 0x5a, 0x47, 0x52, 0x06, 0x52,
  0x06, 0x52, 0x85, 0x41, 0x24, 0x31, 0x88, 0x62, 0xb3, 0xee, 0x93, 0xee, 0x93, 0xee, 0x93, 0xee,
  0x94, 0xee, 0x94, 0xee, 0x94, 0xee, 0x94, 0xee, 0x94, 0xee, 0xb4, 0xee, 0xb4, 0xee, 0xb4, 0xee,
  0xb4, 0xee, 0xb5, 0xee, 0xb5, 0xee, 0xb5, 0xee, 0xb5, 0xee, 0xd5, 0xee, 0xd5, 0xee, 0xd5, 0xee,
  0xb4, 0xee, 0xb4, 0xee, 0xb4, 0xee, 0xb4, 0xee, 0xb4, 0xee, 0xb4, 0xee, 0x94, 0xee, 0x94, 0xee,
  0x94, 0xee, 0x94, 0xee, 0x93, 0xee, 0x93, 0xee, 0x93, 0xee, 0x93, 0xee, 0x93, 0xee, 0x93, 0xee,
  0x93, 0xee, 0x93, 0xee, 0x93, 0xee, 0x93, 0xee, 0x93, 0xee, 0x93, 0xee, 0x93, 0xee, 0x73, 0xee,
  0x73, 0xee, 0x73, 0xee, 0x73, 0xee, 0x73, 0xee, 0x72, 0xee, 0x72, 0xee, 0x72, 0xee, 0x72, 0xee,
  0x93, 0xee, 0x90, 0xcd, 0xa5, 0x49, 0x04, 0x31, 0x45, 0x39, 0x65, 0x41, 0x85, 0x41, 0xa5, 0x41,
  0xc5, 0x49, 0xe6, 0x49, 0x27, 0x5a, 0x47, 0x5a, 0x85, 0x41, 0x44, 0x39, 0x44, 0x39, 0xc6, 0x49,
  0x89, 0x62, 0x68, 0x62, 0x27, 0x5a, 0xa6, 0x49, 0x65, 0x39, 0x65, 0x39, 0x65, 0x39, 0x44, 0x39,
  0x44, 0x39, 0x65, 0x41, 0x85, 0x41, 0xa5, 0x49, 0xe6, 0x51, 0x27, 0x5a, 0x47, 0x5a, 0x47, 0x5a,
  0x47, 0x5a, 0x47, 0x5a, 0x47, 0x5a, 0x47, 0x5a, 0x47, 0x5a, 0x47, 0x5a, 0x47, 0x5a, 0x47, 0x5a,
  0x47, 0x5a, 0x47, 0x5a, 0x47, 0x5a, 0x47, 0x5a, 0x47, 0x5a, 0x47, 0x5a, 0x47, 0x5a, 0x47, 0x5a,
  0x47, 0x5a, 0x47, 0x5a, 0x47, 0x5a, 0x47, 0x5a, 0x47, 0x5a, 0x47, 0x5a, 0x47, 0x5a, 0x47, 0x5a,
  0x47, 0x5a, 0x47, 0x5a, 0x47, 0x5a, 0x47, 0x5a, 0x47, 0x5a, 0x47, 0x5a, 0x47, 0x5a, 0x47, 0x5a,
  0x47, 0x5a, 0x47, 0x5a, 0x47, 0x5a, 0x47, 0x5a, 0x46, 0x5a, 0x27, 0x5a, 0x85, 0x41, 0x44, 0x39,
  0x44, 0x39, 0xc6, 0x49, 0x47, 0x5a, 0x26, 0x52, 0xc5, 0x49, 0x85, 0x41, 0x85, 0x41, 0x85, 0x41,
  0xc5, 0x49, 0x26, 0x52, 0x46, 0x5a, 0x47, 0x5a, 0x47, 0x5a, 0x47, 0x5a, 0x47, 0x5a, 0x47, 0x5a,
  0x47, 0x5a, 0x47, 0x5a, 0x47, 0x5a, 0x47, 0x5a, 0x47, 0x5a, 0x47, 0x5a, 0x47, 0x5a, 0x47, 0x5a,
  0x47, 0x5a, 0x47, 0x5a, 0x47, 0x5a, 0x47, 0x5a, 0x47, 0x5a, 0x47, 0x5a, 0x47, 0x5a, 0x47, 0x5a,
  0x47, 0x5a, 0xc5, 0x49, 0x24, 0x31, 0x47, 0x5a, 0x93, 0xe6, 0x93, 0xee, 0x93, 0xee, 0x93, 0xee,
  0x93, 0xee, 0x94, 0xee, 0x94, 0xee, 0x94, 0xee, 0x94, 0xee, 0x94, 0xee, 0x94, 0xee, 0xb4, 0xee,
  0xb4, 0xee, 0xb4, 0xee, 0xb4, 0xee, 0xb5, 0xee, 0xb5, 0xee, 0xb5, 0xee, 0xd5, 0xee, 0xd5, 0xee,
  0xb4, 0xee, 0xb4, 0xee, 0xb4, 0xee, 0xb4, 0xee, 0xb4, 0xee, 0xb4, 0xee, 0x94, 0xee, 0x94, 0xee,
  0x94, 0xee, 0x94, 0xee, 0x93, 0xee, 0x93, 0xee, 0x93, 0xee, 0x93, 0xee, 0x93, 0xee, 0x93, 0xee,
  0x93, 0xee, 0x93, 0xee, 0x93, 0xee, 0x93, 0xee, 0x93, 0xee, 0x93, 0xee, 0x93, 0xee, 0x73, 0xee,
  0x73, 0xee, 0x73, 0xee, 0x73, 0xee, 0x72, 0xee, 0x72, 0xee, 0x72, 0xee, 0x72, 0xee, 0x72, 0xee,
  0xb3, 0xf6, 0x29, 0x7b, 0x04, 0x31, 0x85, 0x41, 0xa6, 0x49, 0x06, 0x52, 0x47, 0x5a, 0x47, 0x5a,
  0x47, 0x5a, 0x47, 0x5a, 0x47, 0x5a, 0x47, 0x5a, 0x06, 0x52, 0x85, 0x41, 0x65, 0x39, 0x44, 0x39,
  0x04, 0x31, 0x23, 0x31, 0x24, 0x31, 0x44, 0x39, 0x45, 0x39, 0x65, 0x39, 0x65, 0x39, 0xa5, 0x41,
  0xc6, 0x49, 0x06, 0x52, 0x27, 0x5a, 0x47, 0x5a, 0x47, 0x5a, 0x47, 0x5a, 0x27, 0x5a, 0x47, 0x5a,
  0x47, 0x5a, 0x47, 0x5a, 0x47, 0x5a, 0x47, 0x5a, 0x47, 0x5a, 0x47, 0x5a, 0x47, 0x5a, 0x47, 0x5a,
  0x47, 0x5a, 0x47, 0x5a, 0x47, 0x5a, 0x47, 0x5a, 0x47, 0x5a, 0x47, 0x5a, 0x47, 0x5a, 0x47, 0x5a,
  0x47, 0x5a, 0x47, 0x5a, 0x47, 0x5a, 0x47, 0x5a, 0x47, 0x5a, 0x47, 0x5a, 0x47, 0x5a, 0x47, 0x5a,
  0x47, 0x5a, 0x47, 0x5a, 0x47, 0x5a, 0x47, 0x5a, 0x47, 0x5a, 0x47, 0x5a, 0x47, 0x5a, 0x47, 0x5a,
  0x47, 0x5a, 0x47, 0x5a, 0x47, 0x5a, 0x47, 0x5a, 0x47, 0x5a, 0xc5, 0x49, 0x44, 0x39, 0x65, 0x39,
  0x65, 0x39, 0x65, 0x39, 0xa5, 0x41, 0x65, 0x41, 0x44, 0x39, 0x44, 0x39, 0x44, 0x39, 0x44, 0x39,
  0x45, 0x39, 0x65, 0x41, 0x26, 0x5a, 0x47, 0x5a, 0x47, 0x5a, 0x47, 0x5a, 0x47, 0x5a, 0x47, 0x5a,
  0x47, 0x5a, 0x47, 0x5a, 0x47, 0x5a, 0x47, 0x5a, 0x47, 0x5a, 0x47, 0x5a, 0x47, 0x5a, 0x47, 0x5a,
  0x47, 0x5a, 0x47, 0x5a, 0x47, 0x5a, 0x47, 0x5a, 0x47, 0x5a, 0x47, 0x5a, 0x47, 0x5a, 0x46, 0x5a,
  0x47, 0x5a, 0xc6, 0x49, 0x24, 0x39, 0x27, 0x52, 0x73, 0xe6, 0x93, 0xee, 0x93, 0xee, 0x93, 0xee,
  0x93, 0xee, 0x94, 0xee, 0x94, 0xee, 0x94, 0xee, 0x94, 0xee, 0x94, 0xee, 0x94, 0xee, 0xb4, 0xee,
  0xb4, 0xee, 0xb4, 0xee, 0xb4, 0xee, 0xb5, 0xee, 0xb5, 0xee, 0xb5, 0xee, 0xb5, 0xee, 0xb5, 0xee,
  0xb4, 0xee, 0xb4, 0xee, 0xb4, 0xee, 0xb4, 0xee, 0xb4, 0xee, 0x94, 0xee, 0x94, 0xee, 0x94, 0xee,
  0x94, 0xee, 0x94, 0xee, 0x93, 0xee, 0x93, 0xee, 0x93, 0xee, 0x93, 0xee, 0x93, 0xee, 0x93, 0xee,
  0x93, 0xee, 0x93, 0xee, 0x93, 0xee, 0x93, 0xee, 0x93, 0xee, 0x93, 0xee, 0x93, 0xee, 0x73, 0xee,
  0x73, 0xee, 0x73, 0xee, 0x72, 0xee, 0x72, 0xee, 0x72, 0xee, 0x72, 0xee, 0x72, 0xee, 0x72, 0xee,
  0xd3, 0xf6, 0x29, 0x7b, 0xe4, 0x30, 0x85, 0x41, 0xe6, 0x51, 0x67, 0x5a, 0x46, 0x5a, 0x47, 0x5a,
  0x47, 0x5a, 0x47, 0x5a, 0x47, 0x5a, 0x47, 0x5a, 0x47, 0x5a, 0x26, 0x5a, 0xe6, 0x51, 0xa5, 0x49,
  0xa5, 0x41, 0xc5, 0x49, 0xc5, 0x49, 0xc5, 0x49, 0xe6, 0x49, 0x06, 0x52, 0x26, 0x52, 0x46, 0x5a,
  0x47, 0x5a, 0x47, 0x5a, 0x47, 0x5a, 0x47, 0x5a, 0x47, 0x5a, 0x47, 0x5a, 0x47, 0x5a, 0x47, 0x5a,
  0x47, 0x5a, 0x47, 0x5a, 0x47, 0x5a, 0x47, 0x5a, 0x47, 0x5a, 0x47, 0x5a, 0x47, 0x5a, 0x47, 0x5a,
  0x47, 0x5a, 0x47, 0x5a, 0x47, 0x5a, 0x47, 0x5a, 0x47, 0x5a, 0x47, 0x5a, 0x47, 0x5a, 0x47, 0x5a,
  0x47, 0x5a, 0x47, 0x5a, 0x47, 0x5a, 0x47, 0x5a, 0x47, 0x5a, 0x47, 0x5a, 0x47, 0x5a, 0x47, 0x5a,
  0x47, 0x5a, 0x47, 0x5a, 0x47, 0x5a, 0x47, 0x5a, 0x47, 0x5a, 0x47, 0x5a, 0x47, 0x5a, 0x47, 0x5a,
  0x47, 0x5a, 0x47, 0x5a, 0x47, 0x5a, 0x47, 0x5a, 0x26, 0x52, 0x64, 0x41, 0x45, 0x39, 0x85, 0x41,
  0x65, 0x41, 0x65, 0x39, 0x65, 0x39, 0x45, 0x39, 0x65, 0x39, 0x85, 0x41, 0xc5, 0x49, 0xa5, 0x41,
  0x65, 0x39, 0x85, 0x41, 0x26, 0x52, 0x47, 0x5a, 0x47, 0x5a, 0x47, 0x5a, 0x47, 0x5a, 0x47, 0x5a,
  0x47, 0x5a, 0x47, 0x5a, 0x47, 0x5a, 0x47, 0x5a, 0x47, 0x5a, 0x47, 0x5a, 0x47, 0x5a, 0x47, 0x5a,
  0x47, 0x5a, 0x47, 0x5a, 0x47, 0x5a, 0x47, 0x5a, 0x47, 0x5a, 0x47, 0x5a, 0x47, 0x5a, 0x47, 0x5a,
  0x47, 0x5a, 0xc6, 0x49, 0x24, 0x39, 0xe6, 0x49, 0x74, 0xee, 0xb4, 0xf6, 0x93, 0xee, 0x73, 0xee,
  0x93, 0xee, 0x94, 0xee, 0x94, 0xee, 0x94, 0xee, 0x94, 0xee, 0x94, 0xee, 0x94, 0xee, 0xb4, 0xee,
  0xb4, 0xee, 0xb4, 0xee, 0xb4, 0xee, 0xb4, 0xee, 0xb5, 0xee, 0xb5, 0xee, 0xb5, 0xee, 0xb5, 0xee,
  0xb4, 0xee, 0xb4, 0xee, 0xb4, 0xee, 0xb4, 0xee, 0x94, 0xee, 0x94, 0xee, 0x94, 0xee, 0x94, 0xee,
  0x94, 0xee, 0x93, 0xee, 0x93, 0xee, 0x93, 0xee, 0x93, 0xee, 0x93, 0xee, 0x93, 0xee, 0x93, 0xee,
  0x93, 0xee, 0x93, 0xee, 0x93, 0xee, 0x93, 0xee, 0x73, 0xee, 0x73, 0xee, 0x73, 0xee, 0x73, 0xee,
  0x73, 0xee, 0x72, 0xee, 0x72, 0xee, 0x72, 0xee, 0x72, 0xee, 0x72, 0xee, 0x72, 0xee, 0x72, 0xee,
  0x93, 0xee, 0xb0, 0xcd, 0xc6, 0x49, 0x45, 0x39, 0x65, 0x41, 0x06, 0x52, 0x46, 0x5a, 0x47, 0x5a,
  0x47, 0x5a, 0x47, 0x5a, 0x47, 0x5a, 0x47, 0x5a, 0x47, 0x5a, 0x47, 0x5a, 0x47, 0x5a, 0x47, 0x5a,
  0x47, 0x5a, 0x47, 0x5a, 0x47, 0x5a, 0x47, 0x5a, 0x47, 0x5a, 0x47, 0x5a, 0x46, 0x5a, 0x46, 0x5a,
  0x46, 0x5a, 0x47, 0x5a, 0x47, 0x5a, 0x47, 0x5a, 0x47, 0x5a, 0x47, 0x5a, 0x47, 0x5a, 0x47, 0x5a,
  0x47, 0x5a, 0x47, 0x5a, 0x47, 0x5a, 0x47, 0x5a, 0x47, 0x5a, 0x47, 0x5a, 0x47, 0x5a, 0x47, 0x5a,
  0x47, 0x5a, 0x47, 0x5a, 0x47, 0x5a, 0x47, 0x5a, 0x47, 0x5a, 0x47, 0x5a, 0x47, 0x5a, 0x47, 0x5a,
  0x47, 0x5a, 0x47, 0x5a, 0x47, 0x5a, 0x47, 0x5a, 0x47, 0x5a, 0x47, 0x5a, 0x47, 0x5a, 0x47, 0x5a,
  0x47, 0x5a, 0x47, 0x5a, 0x47, 0x5a, 0x47, 0x5a, 0x47, 0x5a, 0x47, 0x5a, 0x47, 0x5a, 0x47, 0x5a,
  0x47, 0x5a, 0x47, 0x5a, 0x47, 0x5a, 0x47, 0x5a, 0x06, 0x52, 0x44, 0x39, 0x44, 0x39, 0x06, 0x52,
  0x06, 0x52, 0x85, 0x41, 0x64, 0x41, 0x85, 0x41, 0xe6, 0x51, 0x47, 0x5a, 0x47, 0x5a, 0x47, 0x5a,
  0x06, 0x52, 0x27, 0x52, 0x47, 0x5a, 0x47, 0x5a, 0x47, 0x5a, 0x47, 0x5a, 0x47, 0x5a, 0x47, 0x5a,
  0x47, 0x5a, 0x47, 0x5a, 0x47, 0x5a, 0x47, 0x5a, 0x47, 0x5a, 0x47, 0x5a, 0x47, 0x5a, 0x47, 0x5a,
  0x47, 0x5a, 0x47, 0x5a, 0x47, 0x5a, 0x47, 0x5a, 0x47, 0x5a, 0x47, 0x5a, 0x47, 0x5a, 0x47, 0x5a,
  0x47, 0x5a, 0xc6, 0x49, 0x44, 0x39, 0x65, 0x41, 0x0f, 0xb5, 0x32, 0xde, 0x94, 0xee, 0xd4, 0xf6,
  0x93, 0xee, 0x94, 0xee, 0x94, 0xee, 0x93, 0xee, 0x94, 0xee, 0x94, 0xee, 0x94, 0xee, 0xb4, 0xee,
  0xb4, 0xee, 0xb4, 0xee, 0xb4, 0xee, 0xb4, 0xee, 0xb4, 0xee, 0xb5, 0xee, 0xb5, 0xee, 0xb5, 0xee,
  0xb4, 0xee, 0xb4, 0xee, 0x94, 0xee, 0x94, 0xee, 0x94, 0xee, 0x94, 0xee, 0x94, 0xee, 0x94, 0xee,
  0x94, 0xee, 0x93, 0xee, 0x93, 0xee, 0x93, 0xee, 0x93, 0xee, 0x93, 0xee, 0x93, 0xee, 0x93, 0xee,
  0x93, 0xee, 0x93, 0xee, 0x93, 0xee, 0x73, 0xee, 0x73, 0xee, 0x73, 0xee, 0x73, 0xee, 0x73, 0xee,
  0x72, 0xee, 0x72, 0xee, 0x72, 0xee, 0x72, 0xee, 0x72, 0xee, 0x72, 0xee, 0x52, 0xe6, 0x92, 0xee,
  0xb3, 0xf6, 0x90, 0xc5, 0x27, 0x5a, 0x44, 0x39, 0x64, 0x39, 0xe6, 0x49, 0x47, 0x5a, 0x47, 0x5a,
  0x47, 0x5a, 0x47, 0x5a, 0x47, 0x5a, 0x47, 0x5a, 0x47, 0x5a, 0x47, 0x5a, 0x47, 0x5a, 0x47, 0x5a,
  0x47, 0x5a, 0x47, 0x5a, 0x47, 0x5a, 0x47, 0x5a, 0x47, 0x5a, 0x47, 0x5a, 0x47, 0x5a, 0x47, 0x5a,
  0x47, 0x5a, 0x47, 0x5a, 0x47, 0x5a, 0x47, 0x5a, 0x47, 0x5a, 0x47, 0x5a, 0x47, 0x5a, 0x47, 0x5a,
  0x47, 0x5a, 0x47, 0x5a, 0x47, 0x5a, 0x47, 0x5a, 0x47, 0x5a, 0x47, 0x5a, 0x47, 0x5a, 0x47, 0x5a,
  0x47, 0x5a, 0x47, 0x5a, 0x47, 0x5a, 0x47, 0x5a, 0x47, 0x5a, 0x47, 0x5a, 0x47, 0x5a, 0x47, 0x5a,
  0x47, 0x5a, 0x47, 0x5a, 0x47, 0x5a, 0x47, 0x5a, 0x47, 0x5a, 0x47, 0x5a, 0x47, 0x5a, 0x47, 0x5a,
  0x47, 0x5a, 0x47, 0x5a, 0x47, 0x5a, 0x47, 0x5a, 0x47, 0x5a, 0x47, 0x5a, 0x47, 0x5a, 0x47, 0x5a,
  0x47, 0x5a, 0x47, 0x5a, 0x47, 0x5a, 0x47, 0x5a, 0x47, 0x5a, 0xe6, 0x49, 0xe6, 0x49, 0x46, 0x5a,
  0x46, 0x5a, 0x26, 0x52, 0x26, 0x52, 0x47, 0x5a, 0x47, 0x5a, 0x46, 0x5a, 0x46, 0x5a, 0x47, 0x5a,
  0x47, 0x5a, 0x47, 0x5a, 0x47, 0x5a, 0x47, 0x5a, 0x47, 0x5a, 0x47, 0x5a, 0x47, 0x5a, 0x47, 0x5a,
  0x47, 0x5a, 0x47, 0x5a, 0x47, 0x5a, 0x47, 0x5a, 0x47, 0x5a, 0x47, 0x5a, 0x47, 0x5a, 0x47, 0x5a,
  0x47, 0x5a, 0x47, 0x5a, 0x47, 0x5a, 0x47, 0x5a, 0x47, 0x5a, 0x47, 0x5a, 0x47, 0x5a, 0x47, 0x5a,
  0x47, 0x5a, 0x06, 0x52, 0x64, 0x39, 0x65, 0x39, 0x65, 0x39, 0xa5, 0x49, 0x47, 0x5a, 0x8e, 0xac,
  0xd4, 0xf6, 0x93, 0xee, 0x94, 0xee, 0x94, 0xee, 0x94, 0xee, 0x94, 0xee, 0x94, 0xee, 0xb4, 0xee,
  0xb4, 0xee, 0xb4, 0xee, 0xb4, 0xee, 0xb4, 0xee, 0xb4, 0xee, 0xb4, 0xee, 0xb5, 0xee, 0xb5, 0xee,
  0xb4, 0xee, 0xb4, 0xee, 0x94, 0xee, 0x94, 0xee, 0x94, 0xee, 0x93, 0xee, 0x94, 0xee, 0x94, 0xee,
  0x94, 0xee, 0x93, 0xee, 0x93, 0xee, 0x93, 0xee, 0x93, 0xee, 0x93, 0xee, 0x93, 0xee, 0x93, 0xee,
  0x93, 0xee, 0x73, 0xee, 0x73, 0xee, 0x73, 0xee, 0x73, 0xee, 0x73, 0xee, 0x73, 0xee, 0x73, 0xee,
  0x72, 0xee, 0x72, 0xee, 0x72, 0xee, 0x72, 0xee, 0x72, 0xee, 0x72, 0xee, 0xd3, 0xf6, 0xf1, 0xdd,
  0x6a, 0x83, 0x44, 0x39, 0x44, 0x39, 0x65, 0x39, 0x85, 0x41, 0x27, 0x52, 0x47, 0x5a, 0x47, 0x5a,
  0x47, 0x5a, 0x47, 0x5a, 0x47, 0x5a, 0x47, 0x5a, 0x47, 0x5a, 0x47, 0x5a, 0x47, 0x5a, 0x47, 0x5a,
  0x47, 0x5a, 0x47, 0x5a, 0x47, 0x5a, 0x47, 0x5a, 0x47, 0x5a, 0x47, 0x5a, 0x47, 0x5a, 0x47, 0x5a,
  0x47, 0x5a, 0x47, 0x5a, 0x47, 0x5a, 0x47, 0x5a, 0x47, 0x5a, 0x47, 0x5a, 0x47, 0x5a, 0x47, 0x5a,
  0x46, 0x5a, 0x06, 0x52, 0x06, 0x52, 0x47, 0x5a, 0x47, 0x5a, 0x47, 0x5a, 0xc5, 0x49, 0x85, 0x41,
  0x27, 0x52, 0x47, 0x5a, 0x47, 0x5a, 0x47, 0x5a, 0x47, 0x5a, 0x47, 0x5a, 0x47, 0x5a, 0x47, 0x5a,
  0x47, 0x5a, 0x47, 0x5a, 0x47, 0x5a, 0x47, 0x5a, 0x47, 0x5a, 0x47, 0x5a, 0x47, 0x5a, 0x47, 0x5a,
  0x47, 0x5a, 0x47, 0x5a, 0x47, 0x5a, 0x47, 0x5a, 0x47, 0x5a, 0x47, 0x5a, 0x47, 0x5a, 0x47, 0x5a,
  0x47, 0x5a, 0x47, 0x5a, 0x47, 0x5a, 0x47, 0x5a, 0x46, 0x5a, 0x47, 0x5a, 0x47, 0x5a, 0x47, 0x5a,
  0x47, 0x5a, 0x47, 0x5a, 0x47, 0x5a, 0x47, 0x5a, 0x46, 0x5a, 0x46, 0x5a, 0x47, 0x5a, 0x47, 0x5a,
  0x47, 0x5a, 0x47, 0x5a, 0x47, 0x5a, 0x47, 0x5a, 0x47, 0x5a, 0x47, 0x5a, 0x47, 0x5a, 0x47, 0x5a,
  0x47, 0x5a, 0x47, 0x5a, 0x47, 0x5a, 0x47, 0x5a, 0x47, 0x5a, 0x47, 0x5a, 0x47, 0x5a, 0x47, 0x5a,
  0x47, 0x5a, 0x47, 0x5a, 0x47, 0x5a, 0x47, 0x5a, 0x47, 0x5a, 0x47, 0x5a, 0x47, 0x5a, 0x47, 0x5a,
  0x46, 0x5a, 0x47, 0x5a, 0xc6, 0x49, 0x45, 0x39, 0x45, 0x39, 0x44, 0x39, 0x24, 0x39, 0xe3, 0x30,
  0x0c, 0x94, 0xd4, 0xf6, 0x94, 0xee, 0x94, 0xee, 0x94, 0xee, 0x94, 0xee, 0x94, 0xee, 0xb4, 0xee,
  0xb4, 0xee, 0xb4, 0xee, 0xb4, 0xee, 0xb4, 0xee, 0xb4, 0xee, 0xb4, 0xee, 0xb5, 0xee, 0xb5, 0xee,
  0xb4, 0xee, 0x94, 0xee, 0x94, 0xee, 0x94, 0xee, 0x94, 0xee, 0x93, 0xee, 0x93, 0xee, 0x94, 0xee,
  0x93, 0xee, 0x93, 0xee, 0x93, 0xee, 0x93, 0xee, 0x93, 0xee, 0x93, 0xee, 0x93, 0xee, 0x93, 0xee,
  0x73, 0xee, 0x73, 0xee, 0x73, 0xee, 0x73, 0xee, 0x72, 0xee, 0x72, 0xee, 0x72, 0xee, 0x72, 0xee,
  0x72, 0xee, 0x72, 0xee, 0x72, 0xee, 0x52, 0xe6, 0x92, 0xee, 0xb3, 0xee, 0x8d, 0xac, 0xc5, 0x49,
  0x04, 0x31, 0x45, 0x39, 0x65, 0x39, 0xa5, 0x49, 0x27, 0x5a, 0x47, 0x5a, 0x46, 0x5a, 0x47, 0x5a,
  0x47, 0x5a, 0x47, 0x5a, 0x47, 0x5a, 0x47, 0x5a, 0x47, 0x5a, 0x47, 0x5a, 0x47, 0x5a, 0x47, 0x5a,
  0x47, 0x5a, 0x47, 0x5a, 0x47, 0x5a, 0x47, 0x5a, 0x47, 0x5a, 0x47, 0x5a, 0x47, 0x5a, 0x47, 0x5a,
  0x47, 0x5a, 0x47, 0x5a, 0x47, 0x5a, 0x47, 0x5a, 0x47, 0x5a, 0x47, 0x5a, 0x47, 0x5a, 0x47, 0x5a,
  0x26, 0x52, 0x64, 0x39, 0x45, 0x39, 0x06, 0x52, 0x47, 0x5a, 0x26, 0x5a, 0x64, 0x41, 0x44, 0x39,
  0xc5, 0x49, 0x47, 0x5a, 0x46, 0x5a, 0x47, 0x5a, 0x47, 0x5a, 0x47, 0x5a, 0x47, 0x5a, 0x47, 0x5a,
  0x47, 0x5a, 0x47, 0x5a, 0x47, 0x5a, 0x47, 0x5a, 0x47, 0x5a, 0x47, 0x5a, 0x47, 0x5a, 0x47, 0x5a,
  0x47, 0x5a, 0x47, 0x5a, 0x47, 0x5a, 0x47, 0x5a, 0x47, 0x5a, 0x47, 0x5a, 0x47, 0x5a, 0x47, 0x5a,
  0x47, 0x5a, 0x47, 0x5a, 0x47, 0x5a, 0x47, 0x5a, 0x47, 0x5a, 0x46, 0x5a, 0x47, 0x5a, 0x47, 0x5a,
  0x47, 0x5a, 0x47, 0x5a, 0x47, 0x5a, 0x47, 0x5a, 0x47, 0x5a, 0x47, 0x5a, 0x47, 0x5a, 0x47, 0x5a,
  0x47, 0x5a, 0x47, 0x5a, 0x47, 0x5a, 0x47, 0x5a, 0x47, 0x5a, 0x47, 0x5a, 0x47, 0x5a, 0x47, 0x5a,
  0x47, 0x5a, 0x47, 0x5a, 0x47, 0x5a, 0x47, 0x5a, 0x47, 0x5a, 0x47, 0x5a, 0x47, 0x5a, 0x47, 0x5a,
  0x47, 0x5a, 0x47, 0x5a, 0x47, 0x5a, 0x47, 0x5a, 0x47, 0x5a, 0x47, 0x5a, 0x47, 0x5a, 0x47, 0x5a,
  0x47, 0x5a, 0x47, 0x5a, 0x47, 0x5a, 0x06, 0x52, 0xe6, 0x51, 0xc6, 0x49, 0x85, 0x41, 0x65, 0x39,
  0x25, 0x39, 0x50, 0xc5, 0xd4, 0xf6, 0x93, 0xee, 0x94, 0xee, 0x94, 0xee, 0x94, 0xee, 0xb4, 0xee,
  0xb4, 0xee, 0xb4, 0xee, 0xb4, 0xee, 0xb4, 0xee, 0xb4, 0xee, 0xb4, 0xee, 0xb5, 0xee, 0xb5, 0xee,
  0xb4, 0xee, 0x94, 0xee, 0x94, 0xee, 0x94, 0xee, 0x93, 0xee, 0x94, 0xee, 0x93, 0xee, 0x93, 0xee,
  0x93, 0xee, 0x93, 0xee, 0x93, 0xee, 0x93, 0xee, 0x93, 0xee, 0x93, 0xee, 0x93, 0xee, 0x93, 0xee,
  0x93, 0xee, 0x73, 0xee, 0x73, 0xee, 0x73, 0xee, 0x72, 0xee, 0x72, 0xee, 0x72, 0xee, 0x72, 0xee,
  0x72, 0xee, 0x72, 0xee, 0x52, 0xe6, 0xb3, 0xf6, 0x11, 0xde, 0x29, 0x73, 0x04, 0x31, 0x24, 0x39,
  0x65, 0x39, 0x85, 0x41, 0x06, 0x52, 0x46, 0x5a, 0x46, 0x5a, 0x46, 0x5a, 0x47, 0x5a, 0x47, 0x5a,
  0x47, 0x5a, 0x47, 0x5a, 0x47, 0x5a, 0x47, 0x5a, 0x47, 0x5a, 0x47, 0x5a, 0x47, 0x5a, 0x47, 0x5a,
  0x47, 0x5a, 0x47, 0x5a, 0x47, 0x5a, 0x47, 0x5a, 0x47, 0x5a, 0x47, 0x5a, 0x47, 0x5a, 0x47, 0x5a,
  0x47, 0x5a, 0x47, 0x5a, 0x47, 0x5a, 0x47, 0x5a, 0x47, 0x5a, 0x47, 0x5a, 0x47, 0x5a, 0x47, 0x5a,
  0x26, 0x52, 0x64, 0x39, 0x45, 0x39, 0x65, 0x41, 0x26, 0x5a, 0x47, 0x5a, 0x85, 0x41, 0x45, 0x39,
  0x85, 0x41, 0x27, 0x5a, 0x46, 0x5a, 0x47, 0x5a, 0x47, 0x5a, 0x47, 0x5a, 0x47, 0x5a, 0x47, 0x5a,
  0x47, 0x5a, 0x47, 0x5a, 0x47, 0x5a, 0x47, 0x5a, 0x47, 0x5a, 0x47, 0x5a, 0x47, 0x5a, 0x47, 0x5a,
  0x47, 0x5a, 0x47, 0x5a, 0x47, 0x5a, 0x47, 0x5a, 0x47, 0x5a, 0x47, 0x5a, 0x47, 0x5a, 0x47, 0x5a,
  0x47, 0x5a, 0x47, 0x5a, 0x47, 0x5a, 0x47, 0x5a, 0x47, 0x5a, 0x47, 0x5a, 0x47, 0x5a, 0x47, 0x5a,
  0x47, 0x5a, 0x47, 0x5a, 0x47, 0x5a, 0x47, 0x5a, 0x47, 0x5a, 0x47, 0x5a, 0x47, 0x5a, 0x47, 0x5a,
  0x47, 0x5a, 0x47, 0x5a, 0x47, 0x5a, 0x47, 0x5a, 0x47, 0x5a, 0x47, 0x5a, 0x47, 0x5a, 0x47, 0x5a,
  0x47, 0x5a, 0x47, 0x5a, 0x47, 0x5a, 0x47, 0x5a, 0x47, 0x5a, 0x47, 0x5a, 0x47, 0x5a, 0x47, 0x5a,
  0x47, 0x5a, 0x47, 0x5a, 0x47, 0x5a, 0x47, 0x5a, 0x47, 0x5a, 0x47, 0x5a, 0x47, 0x5a, 0x47, 0x5a,
  0x47, 0x5a, 0x47, 0x5a, 0x46, 0x5a, 0x47, 0x5a, 0x47, 0x5a, 0x67, 0x5a, 0x06, 0x52, 0x85, 0x41,
  0x24, 0x39, 0xa8, 0x6a, 0xb4, 0xee, 0x93, 0xee, 0x93, 0xee, 0x94, 0xee, 0x94, 0xee, 0x94, 0xee,
  0xb4, 0xee, 0xb4, 0xee, 0xb4, 0xee, 0xb4, 0xee, 0xb4, 0xee, 0xb4, 0xee, 0xb5, 0xee, 0xb5, 0xee,
  0xb4, 0xee, 0x94, 0xee, 0x94, 0xee, 0x94, 0xee, 0x93, 0xee, 0x94, 0xee, 0x93, 0xee, 0x93, 0xee,
  0x93, 0xee, 0x93, 0xee, 0x93, 0xee, 0x93, 0xee, 0x93, 0xee, 0x93, 0xee, 0x93, 0xee, 0x93, 0xee,
  0x93, 0xee, 0x93, 0xee, 0x73, 0xee, 0x73, 0xee, 0x72, 0xee, 0x72, 0xee, 0x72, 0xee, 0x72, 0xee,
  0x72, 0xee, 0x72, 0xe6, 0xd3, 0xf6, 0x4f, 0xc5, 0xe6, 0x51, 0x04, 0x31, 0x65, 0x41, 0x65, 0x41,
  0xe6, 0x51, 0x47, 0x5a, 0x46, 0x5a, 0x26, 0x5a, 0x46, 0x5a, 0x47, 0x5a, 0x47, 0x5a, 0x47, 0x5a,
  0x47, 0x5a, 0x47, 0x5a, 0x47, 0x5a, 0x47, 0x5a, 0x47, 0x5a, 0x47, 0x5a, 0x47, 0x5a, 0x47, 0x5a,
  0x47, 0x5a, 0x47, 0x5a, 0x47, 0x5a, 0x47, 0x5a, 0x47, 0x5a, 0x47, 0x5a, 0x47, 0x5a, 0x47, 0x5a,
  0x47, 0x5a, 0x47, 0x5a, 0x47, 0x5a, 0x47, 0x5a, 0x47, 0x5a, 0x47, 0x5a, 0x47, 0x5a, 0x47, 0x5a,
  0x47, 0x5a, 0xc6, 0x49, 0x64, 0x39, 0x45, 0x39, 0xa5, 0x49, 0x47, 0x5a, 0xe6, 0x49, 0x44, 0x39,
  0x85, 0x41, 0x47, 0x5a, 0x47, 0x5a, 0x47, 0x5a, 0x47, 0x5a, 0x47, 0x5a, 0x47, 0x5a, 0x47, 0x5a,
  0x47, 0x5a, 0x47, 0x5a, 0x47, 0x5a, 0x47, 0x5a, 0x47, 0x5a, 0x47, 0x5a, 0x47, 0x5a, 0x47, 0x5a,
  0x47, 0x5a, 0x47, 0x5a, 0x47, 0x5a, 0x47, 0x5a, 0x47, 0x5a, 0x47, 0x5a, 0x47, 0x5a, 0x47, 0x5a,
  0x47, 0x5a, 0x47, 0x5a, 0x47, 0x5a, 0x47, 0x5a, 0x47, 0x5a, 0x47, 0x5a, 0x47, 0x5a, 0x47, 0x5a,
  0x47, 0x5a, 0x47, 0x5a, 0x47, 0x5a, 0x47, 0x5a, 0x47, 0x5a, 0x47, 0x5a, 0x47, 0x5a, 0x47, 0x5a,
  0x47, 0x5a, 0x47, 0x5a, 0x47, 0x5a, 0x47, 0x5a, 0x47, 0x5a, 0x47, 0x5a, 0x47, 0x5a, 0x47, 0x5a,
  0x47, 0x5a, 0x47, 0x5a, 0x47, 0x5a, 0x47, 0x5a, 0x47, 0x5a, 0x47, 0x5a, 0x47, 0x5a, 0x47, 0x5a,
  0x47, 0x5a, 0x47, 0x5a, 0x47, 0x5a, 0x47, 0x5a, 0x47, 0x5a, 0x47, 0x5a, 0x47, 0x5a, 0x47, 0x5a,
  0x47, 0x5a, 0x47, 0x5a, 0x47, 0x5a, 0x47, 0x5a, 0x47, 0x5a, 0x47, 0x5a, 0x67, 0x5a, 0xc5, 0x49,
  0x64, 0x39, 0x24, 0x39, 0x2f, 0xbd, 0xd4, 0xf6, 0x93, 0xee, 0x94, 0xee, 0x94, 0xee, 0x94, 0xee,
  0x94, 0xee, 0x94, 0xee, 0xb4, 0xee, 0xb4, 0xee, 0xb4, 0xee, 0xb4, 0xee, 0xb5, 0xee, 0xb5, 0xee,
  0xb4, 0xee, 0x94, 0xee, 0x94, 0xee, 0x94, 0xee, 0x93, 0xee, 0x93, 0xee, 0x93, 0xee, 0x93, 0xee,
  0x93, 0xee, 0x93, 0xee, 0x93, 0xee, 0x93, 0xee, 0x93, 0xee, 0x93, 0xee, 0x93, 0xee, 0x93, 0xee,
  0x93, 0xee, 0x93, 0xee, 0x73, 0xee, 0x73, 0xee, 0x72, 0xee, 0x72, 0xee, 0x72, 0xee, 0x72, 0xee,
  0x72, 0xe6, 0xd3, 0xf6, 0x8d, 0xac, 0x44, 0x41, 0x44, 0x39, 0x65, 0x41, 0xa5, 0x41, 0x27, 0x52,
  0x47, 0x5a, 0x47, 0x5a, 0x47, 0x5a, 0x47, 0x5a, 0x47, 0x5a, 0x47, 0x5a, 0x47, 0x5a, 0x47, 0x5a,
  0x47, 0x5a, 0x47, 0x5a, 0x47, 0x5a, 0x47, 0x5a, 0x47, 0x5a, 0x47, 0x5a, 0x47, 0x5a, 0x47, 0x5a,
  0x47, 0x5a, 0x47, 0x5a, 0x47, 0x5a, 0x47, 0x5a, 0x47, 0x5a, 0x47, 0x5a, 0x47, 0x5a, 0x47, 0x5a,
  0x47, 0x5a, 0x47, 0x5a, 0x47, 0x5a, 0x47, 0x5a, 0x47, 0x5a, 0x47, 0x5a, 0x47, 0x5a, 0x47, 0x5a,
  0x47, 0x5a, 0x47, 0x5a, 0xa5, 0x41, 0x44, 0x39, 0x65, 0x41, 0x27, 0x5a, 0x47, 0x5a, 0x06, 0x52,
  0x26, 0x52, 0x47, 0x5a, 0x47, 0x5a, 0x47, 0x5a, 0x47, 0x5a, 0x47, 0x5a, 0x47, 0x5a, 0x47, 0x5a,
  0x47, 0x5a, 0x47, 0x5a, 0x47, 0x5a, 0x47, 0x5a, 0x47, 0x5a, 0x47, 0x5a, 0x47, 0x5a, 0x47, 0x5a,
  0x47, 0x5a, 0x47, 0x5a, 0x47, 0x5a, 0x47, 0x5a, 0x47, 0x5a, 0x47, 0x5a, 0x47, 0x5a, 0x47, 0x5a,
  0x47, 0x5a, 0x47, 0x5a, 0x47, 0x5a, 0x47, 0x5a, 0x47, 0x5a, 0x47, 0x5a, 0x47, 0x5a, 0x47, 0x5a,
  0x47, 0x5a, 0x47, 0x5a, 0x47, 0x5a, 0x47, 0x5a, 0x47, 0x5a, 0x47, 0x5a, 0x47, 0x5a, 0x47, 0x5a,
  0x47, 0x5a, 0x47, 0x5a, 0x47, 0x5a, 0x47, 0x5a, 0x47, 0x5a, 0x47, 0x5a, 0x47, 0x5a, 0x47, 0x5a,
  0x47, 0x5a, 0x47, 0x5a, 0x47, 0x5a, 0x47, 0x5a, 0x47, 0x5a, 0x47, 0x5a, 0x47, 0x5a, 0x47, 0x5a,
  0x47, 0x5a, 0x47, 0x5a, 0x47, 0x5a, 0x47, 0x5a, 0x47, 0x5a, 0x47, 0x5a, 0x47, 0x5a, 0x47, 0x5a,
  0x47, 0x5a, 0x47, 0x5a, 0x47, 0x5a, 0x47, 0x5a, 0x47, 0x5a, 0x47, 0x5a, 0x47, 0x5a, 0x27, 0x52,
  0x85, 0x41, 0x04, 0x31, 0xc9, 0x72, 0xd4, 0xf6, 0x93, 0xee, 0x93, 0xee, 0x94, 0xee, 0x94, 0xee,
  0x94, 0xee, 0x94, 0xee, 0xb4, 0xee, 0xb4, 0xee, 0xb4, 0xee, 0xb4, 0xee, 0xb5, 0xee, 0xb5, 0xee,
  0x94, 0xee, 0x94, 0xee, 0x94, 0xee, 0x94, 0xee, 0x93, 0xee, 0x93, 0xee, 0x93, 0xee, 0x93, 0xee,
  0x93, 0xee, 0x93, 0xee, 0x93, 0xee, 0x93, 0xee, 0x93, 0xee, 0x93, 0xee, 0x93, 0xee, 0x93, 0xee,
  0x93, 0xee, 0x93, 0xee, 0x73, 0xee, 0x73, 0xee, 0x72, 0xee, 0x72, 0xee, 0x72, 0xee, 0x72, 0xee,
  0xb3, 0xf6, 0x2c, 0x9c, 0x04, 0x31, 0x44, 0x39, 0x65, 0x41, 0xc6, 0x49, 0x47, 0x5a, 0x47, 0x5a,
  0x47, 0x5a, 0x47, 0x5a, 0x47, 0x5a, 0x47, 0x5a, 0x47, 0x5a, 0x47, 0x5a, 0x47, 0x5a, 0x47, 0x5a,
  0x47, 0x5a, 0x47, 0x5a, 0x47, 0x5a, 0x47, 0x5a, 0x47, 0x5a, 0x47, 0x5a, 0x47, 0x5a, 0x47, 0x5a,
  0x47, 0x5a, 0x47, 0x5a, 0x47, 0x5a, 0x47, 0x5a, 0x47, 0x5a, 0x47, 0x5a, 0x47, 0x5a, 0x47, 0x5a,
  0x47, 0x5a, 0x47, 0x5a, 0x47, 0x5a, 0x47, 0x5a, 0x47, 0x5a, 0x47, 0x5a, 0x47, 0x5a, 0x47, 0x5a,
  0x47, 0x5a, 0x47, 0x5a, 0x27, 0x5a, 0xc6, 0x49, 0xe6, 0x51, 0x47, 0x5a, 0x46, 0x5a, 0x47, 0x5a,
  0x47, 0x5a, 0x47, 0x5a, 0x47, 0x5a, 0x47, 0x5a, 0x47, 0x5a, 0x47, 0x5a, 0x47, 0x5a, 0x47, 0x5a,
  0x47, 0x5a, 0x47, 0x5a, 0x47, 0x5a, 0x47, 0x5a, 0x47, 0x5a, 0x47, 0x5a, 0x47, 0x5a, 0x47, 0x5a,
  0x47, 0x5a, 0x47, 0x5a, 0x47, 0x5a, 0x47, 0x5a, 0x47, 0x5a, 0x47, 0x5a, 0x47, 0x5a, 0x47, 0x5a,
  0x47, 0x5a, 0x47, 0x5a, 0x47, 0x5a, 0x47, 0x5a, 0x47, 0x5a, 0x47, 0x5a, 0x26, 0x5a, 0x47, 0x5a,
  0x47, 0x5a, 0x47, 0x5a, 0x47, 0x5a, 0x47, 0x5a, 0x47, 0x5a, 0x47, 0x5a, 0x47, 0x5a, 0x47, 0x5a,
  0x47, 0x5a, 0x47, 0x5a, 0x47, 0x5a, 0x47, 0x5a, 0x47, 0x5a, 0x47, 0x5a, 0x47, 0x5a, 0x47, 0x5a,
  0x47, 0x5a, 0x47, 0x5a, 0x47, 0x5a, 0x47, 0x5a, 0x47, 0x5a, 0x47, 0x5a, 0x47, 0x5a, 0x47, 0x5a,
  0x47, 0x5a, 0x47, 0x5a, 0x47, 0x5a, 0x47, 0x5a, 0x47, 0x5a, 0x47, 0x5a, 0x47, 0x5a, 0x47, 0x5a,
  0x47, 0x5a, 0x47, 0x5a, 0x47, 0x5a, 0x47, 0x5a, 0x47, 0x5a, 0x47, 0x5a, 0x47, 0x5a, 0x47, 0x5a,
  0xa5, 0x49, 0x44, 0x39, 0x44, 0x39, 0x71, 0xc5, 0xb4, 0xf6, 0x93, 0xee, 0x93, 0xee, 0x94, 0xee,
  0x94, 0xee, 0x94, 0xee, 0xb4, 0xee, 0xb4, 0xee, 0xb4, 0xee, 0xb4, 0xee, 0xb5, 0xee, 0xb5, 0xee,
  0x94, 0xee, 0x94, 0xee, 0x94, 0xee, 0x93, 0xee, 0x93, 0xee, 0x93, 0xee, 0x93, 0xee, 0x93, 0xee,
  0x93, 0xee, 0x93, 0xee, 0x93, 0xee, 0x93, 0xee, 0x93, 0xee, 0x93, 0xee, 0x93, 0xee, 0x73, 0xee,
  0x73, 0xee, 0x73, 0xee, 0x72, 0xee, 0x72, 0xee, 0x72, 0xee, 0x72, 0xee, 0x72, 0xe6, 0xd3, 0xf6,
  0x6d, 0xa4, 0x04, 0x31, 0x65, 0x39, 0x64, 0x41, 0xe6, 0x51, 0x47, 0x5a, 0x47, 0x5a, 0x47, 0x5a,
  0x47, 0x5a, 0x47, 0x5a, 0x47, 0x5a, 0x47, 0x5a, 0x47, 0x5a, 0x47, 0x5a, 0x47, 0x5a, 0x47, 0x5a,
  0x47, 0x5a, 0x47, 0x5a, 0x47, 0x5a, 0x47, 0x5a, 0x47, 0x5a, 0x47, 0x5a, 0x47, 0x5a, 0x47, 0x5a,
  0x47, 0x5a, 0x47, 0x5a, 0x47, 0x5a, 0x47, 0x5a, 0x47, 0x5a, 0x47, 0x5a, 0x47, 0x5a, 0x47, 0x5a,
  0x47, 0x5a, 0x47, 0x5a, 0x47, 0x5a, 0x47, 0x5a, 0x47, 0x5a, 0x47, 0x5a, 0x47, 0x5a, 0x47, 0x5a,
  0x47, 0x5a, 0x47, 0x5a, 0x47, 0x5a, 0x47, 0x5a, 0x47, 0x5a, 0x46, 0x5a, 0x47, 0x5a, 0x47, 0x5a,
  0x47, 0x5a, 0x47, 0x5a, 0x47, 0x5a, 0x47, 0x5a, 0x47, 0x5a, 0x47, 0x5a, 0x47, 0x5a, 0x47, 0x5a,
  0x47, 0x5a, 0x47, 0x5a, 0x47, 0x5a, 0x47, 0x5a, 0x47, 0x5a, 0x47, 0x5a, 0x47, 0x5a, 0x47, 0x5a,
  0x47, 0x5a, 0x47, 0x5a, 0x47, 0x5a, 0x47, 0x5a, 0x47, 0x5a, 0x47, 0x5a, 0x47, 0x5a, 0x47, 0x5a,
  0x47, 0x5a, 0x47, 0x5a, 0x46, 0x5a, 0x47, 0x5a, 0x27, 0x5a, 0xc5, 0x49, 0x64, 0x39, 0xa5, 0x41,
  0x27, 0x5a, 0x46, 0x5a, 0x47, 0x5a, 0x47, 0x5a, 0x47, 0x5a, 0x47, 0x5a, 0x46, 0x5a, 0x47, 0x5a,
  0x47, 0x5a, 0x47, 0x5a, 0x47, 0x5a, 0x47, 0x5a, 0x47, 0x5a, 0x47, 0x5a, 0x47, 0x5a, 0x47, 0x5a,
  0x47, 0x5a, 0x47, 0x5a, 0x47, 0x5a, 0x47, 0x5a, 0x47, 0x5a, 0x47, 0x5a, 0x47, 0x5a, 0x47, 0x5a,
  0x47, 0x5a, 0x47, 0x5a, 0x47, 0x5a, 0x47, 0x5a, 0x47, 0x5a, 0x47, 0x5a, 0x47, 0x5a, 0x47, 0x5a,
  0x47, 0x5a, 0x47, 0x5a, 0x47, 0x5a, 0x47, 0x5a, 0x47, 0x5a, 0x47, 0x5a, 0x47, 0x5a, 0x47, 0x5a,
  0x06, 0x52, 0x65, 0x41, 0x04, 0x31, 0x0a, 0x7b, 0xd4, 0xf6, 0x93, 0xee, 0x93, 0xee, 0x94, 0xee,
  0x94, 0xee, 0x94, 0xee, 0x94, 0xee, 0xb4, 0xee, 0xb4, 0xee, 0xb4, 0xee, 0xb4, 0xee, 0xb4, 0xee,
  0x94, 0xee, 0x94, 0xee, 0x94, 0xee, 0x93, 0xee, 0x93, 0xee, 0x93, 0xee, 0x93, 0xee, 0x93, 0xee,
  0x93, 0xee, 0x93, 0xee, 0x93, 0xee, 0x93, 0xee, 0x93, 0xee, 0x93, 0xee, 0x93, 0xee, 0x73, 0xee,
  0x73, 0xee, 0x72, 0xee, 0x72, 0xee, 0x72, 0xee, 0x72, 0xee, 0x72, 0xee, 0x93, 0xee, 0xd1, 0xd5,
  0x65, 0x41, 0x44, 0x39, 0x85, 0x41, 0x06, 0x52, 0x47, 0x5a, 0x47, 0x5a, 0x47, 0x5a, 0x47, 0x5a,
  0x47, 0x5a, 0x47, 0x5a, 0x47, 0x5a, 0x47, 0x5a, 0x47, 0x5a, 0x47, 0x5a, 0x47, 0x5a, 0x47, 0x5a,
  0x47, 0x5a, 0x47, 0x5a, 0x47, 0x5a, 0x47, 0x5a, 0x47, 0x5a, 0x47, 0x5a, 0x47, 0x5a, 0x47, 0x5a,
  0x47, 0x5a, 0x47, 0x5a, 0x47, 0x5a, 0x47, 0x5a, 0x47, 0x5a, 0x47, 0x5a, 0x47, 0x5a, 0x47, 0x5a,
  0x47, 0x5a, 0x47, 0x5a, 0x47, 0x5a, 0x47, 0x5a, 0x47, 0x5a, 0x47, 0x5a, 0x47, 0x5a, 0x47, 0x5a,
  0x47, 0x5a, 0x47, 0x5a, 0x47, 0x5a, 0x47, 0x5a, 0x46, 0x5a, 0x46, 0x5a, 0x47, 0x5a, 0x47, 0x5a,
  0x47, 0x5a, 0x47, 0x5a, 0x47, 0x5a, 0x47, 0x5a, 0x47, 0x5a, 0x47, 0x5a, 0x47, 0x5a, 0x47, 0x5a,
  0x47, 0x5a, 0x47, 0x5a, 0x47, 0x5a, 0x47, 0x5a, 0x47, 0x5a, 0x47, 0x5a, 0x47, 0x5a, 0x47, 0x5a,
  0x47, 0x5a, 0x47, 0x5a, 0x47, 0x5a, 0x47, 0x5a, 0x47, 0x5a, 0x47, 0x5a, 0x47, 0x5a, 0x47, 0x5a,
  0x47, 0x5a, 0x47, 0x5a, 0x46, 0x5a, 0x06, 0x52, 0x85, 0x41, 0x44, 0x39, 0x45, 0x39, 0x44, 0x39,
  0x06, 0x52, 0x47, 0x5a, 0x47, 0x5a, 0x47, 0x5a, 0x47, 0x5a, 0x47, 0x5a, 0x47, 0x5a, 0x26, 0x52,
  0xe5, 0x49, 0xc5, 0x49, 0x26, 0x52, 0x46, 0x5a, 0x47, 0x5a, 0x47, 0x5a, 0x47, 0x5a, 0x47, 0x5a,
  0x47, 0x5a, 0x47, 0x5a, 0x47, 0x5a, 0x47, 0x5a, 0x47, 0x5a, 0x47, 0x5a, 0x47, 0x5a, 0x47, 0x5a,
  0x47, 0x5a, 0x47, 0x5a, 0x47, 0x5a, 0x47, 0x5a, 0x47, 0x5a, 0x47, 0x5a, 0x47, 0x5a, 0x47, 0x5a,
  0x47, 0x5a, 0x47, 0x5a, 0x47, 0x5a, 0x47, 0x5a, 0x47, 0x5a, 0x47, 0x5a, 0x47, 0x5a, 0x46, 0x5a,
  0x47, 0x5a, 0xa5, 0x41, 0x45, 0x39, 0x24, 0x39, 0x2f, 0xbd, 0xf4, 0xf6, 0x73, 0xe6, 0x93, 0xee,
  0x94, 0xee, 0x94, 0xee, 0x94, 0xee, 0xb4, 0xee, 0xb4, 0xee, 0xb4, 0xee, 0xb4, 0xee, 0xb4, 0xee,
  0x94, 0xee, 0x94, 0xee, 0x93, 0xee, 0x93, 0xee, 0x93, 0xee, 0x93, 0xee, 0x93, 0xee, 0x93, 0xee,
  0x93, 0xee, 0x93, 0xee, 0x93, 0xee, 0x93, 0xee, 0x73, 0xee, 0x73, 0xee, 0x93, 0xee, 0x73, 0xee,
  0x73, 0xee, 0x72, 0xee, 0x72, 0xee, 0x72, 0xee, 0x72, 0xee, 0x72, 0xe6, 0xd3, 0xf6, 0x6d, 0xac,
  0xe3, 0x30, 0x65, 0x41, 0x85, 0x41, 0x27, 0x52, 0x47, 0x5a, 0x47, 0x5a, 0x47, 0x5a, 0x47, 0x5a,
  0x47, 0x5a, 0x47, 0x5a, 0x47, 0x5a, 0x47, 0x5a, 0x47, 0x5a, 0x47, 0x5a, 0x47, 0x5a, 0x47, 0x5a,
  0x47, 0x5a, 0x47, 0x5a, 0x47, 0x5a, 0x47, 0x5a, 0x47, 0x5a, 0x47, 0x5a, 0x47, 0x5a, 0x47, 0x5a,
  0x47, 0x5a, 0x47, 0x5a, 0x47, 0x5a, 0x47, 0x5a, 0x47, 0x5a, 0x47, 0x5a, 0x47, 0x5a, 0x47, 0x5a,
  0x47, 0x5a, 0x47, 0x5a, 0x47, 0x5a, 0x47, 0x5a, 0x47, 0x5a, 0x47, 0x5a, 0x47, 0x5a, 0x47, 0x5a,
  0x47, 0x5a, 0x47, 0x5a, 0x47, 0x5a, 0x47, 0x5a, 0x47, 0x5a, 0x47, 0x5a, 0x47, 0x5a, 0x47, 0x5a,
  0x47, 0x5a, 0x47, 0x5a, 0x47, 0x5a, 0x47, 0x5a, 0x47, 0x5a, 0x47, 0x5a, 0x47, 0x5a, 0x47, 0x5a,
  0x47, 0x5a, 0x47, 0x5a, 0x47, 0x5a, 0x47, 0x5a, 0x47, 0x5a, 0x47, 0x5a, 0x47, 0x5a, 0x47, 0x5a,
  0x47, 0x5a, 0x47, 0x5a, 0x47, 0x5a, 0x47, 0x5a, 0x47, 0x5a, 0x47, 0x5a, 0x47, 0x5a, 0x47, 0x5a,
  0x46, 0x5a, 0x47, 0x5a, 0xe6, 0x49, 0x64, 0x39, 0x65, 0x39, 0x65, 0x41, 0x65, 0x39, 0x85, 0x41,
  0x27, 0x5a, 0x46, 0x5a, 0x47, 0x5a, 0x47, 0x5a, 0x47, 0x5a, 0x06, 0x52, 0xa6, 0x49, 0x85, 0x41,
  0x65, 0x39, 0x45, 0x39, 0x84, 0x41, 0x26, 0x5a, 0x47, 0x5a, 0x47, 0x5a, 0x47, 0x5a, 0x47, 0x5a,
  0x47, 0x5a, 0x47, 0x5a, 0x47, 0x5a, 0x47, 0x5a, 0x47, 0x5a, 0x47, 0x5a, 0x47, 0x5a, 0x47, 0x5a,
  0x47, 0x5a, 0x47, 0x5a, 0x47, 0x5a, 0x47, 0x5a, 0x47, 0x5a, 0x47, 0x5a, 0x47, 0x5a, 0x47, 0x5a,
  0x47, 0x5a, 0x47, 0x5a, 0x47, 0x5a, 0x47, 0x5a, 0x47, 0x5a, 0x47, 0x5a, 0x47, 0x5a, 0x47, 0x5a,
  0x46, 0x5a, 0x26, 0x52, 0x65, 0x41, 0x24, 0x39, 0xe6, 0x51, 0x33, 0xde, 0xb4, 0xee, 0x93, 0xe6,
  0x94, 0xee, 0x94, 0xee, 0x94, 0xee, 0xb4, 0xee, 0xb4, 0xee, 0xb4, 0xee, 0xb4, 0xee, 0xb4, 0xee,
  0x94, 0xee, 0x93, 0xee, 0x93, 0xee, 0x93, 0xee, 0x93, 0xee, 0x93, 0xee, 0x93, 0xee, 0x93, 0xee,
  0x93, 0xee, 0x93, 0xee, 0x93, 0xee, 0x73, 0xee, 0x73, 0xee, 0x73, 0xee, 0x73, 0xee, 0x73, 0xee,
  0x72, 0xee, 0x72, 0xee, 0x72, 0xee, 0x72, 0xee, 0x72, 0xee, 0x72, 0xee, 0x92, 0xee, 0xf1, 0xdd,
  0xa6, 0x49, 0x44, 0x39, 0x44, 0x39, 0xc6, 0x49, 0x47, 0x5a, 0x47, 0x5a, 0x47, 0x5a, 0x47, 0x5a,
  0x47, 0x5a, 0x47, 0x5a, 0x47, 0x5a, 0x47, 0x5a, 0x47, 0x5a, 0x47, 0x5a, 0x47, 0x5a, 0x47, 0x5a,
  0x47, 0x5a, 0x47, 0x5a, 0x47, 0x5a, 0x47, 0x5a, 0x47, 0x5a, 0x47, 0x5a, 0x47, 0x5a, 0x47, 0x5a,
  0x47, 0x5a, 0x47, 0x5a, 0x47, 0x5a, 0x47, 0x5a, 0x47, 0x5a, 0x47, 0x5a, 0x47, 0x5a, 0x47, 0x5a,
  0x47, 0x5a, 0x47, 0x5a, 0x47, 0x5a, 0x47, 0x5a, 0x47, 0x5a, 0x47, 0x5a, 0x47, 0x5a, 0x47, 0x5a,
  0x47, 0x5a, 0x47, 0x5a, 0x47, 0x5a, 0x47, 0x5a, 0x47, 0x5a, 0x47, 0x5a, 0x47, 0x5a, 0x47, 0x5a,
  0x47, 0x5a, 0x47, 0x5a, 0x47, 0x5a, 0x47, 0x5a, 0x47, 0x5a, 0x47, 0x5a, 0x47, 0x5a, 0x47, 0x5a,
  0x47, 0x5a, 0x47, 0x5a, 0x47, 0x5a, 0x47, 0x5a, 0x47, 0x5a, 0x47, 0x5a, 0x47, 0x5a, 0x47, 0x5a,
  0x47, 0x5a, 0x47, 0x5a, 0x47, 0x5a, 0x47, 0x5a, 0x47, 0x5a, 0x47, 0x5a, 0x47, 0x5a, 0x47, 0x5a,
  0x47, 0x5a, 0xc5, 0x49, 0x65, 0x39, 0x44, 0x39, 0x65, 0x39, 0x65, 0x41, 0x44, 0x39, 0xc6, 0x49,
  0x47, 0x5a, 0x47, 0x5a, 0x47, 0x5a, 0x06, 0x52, 0x85, 0x41, 0x65, 0x41, 0x44, 0x39, 0x04, 0x31,
  0x24, 0x39, 0x64, 0x41, 0x83, 0x49, 0x05, 0x52, 0x46, 0x5a, 0x46, 0x5a, 0x47, 0x5a, 0x47, 0x5a,
  0x47, 0x5a, 0x47, 0x5a, 0x46, 0x5a, 0x46, 0x5a, 0x46, 0x5a, 0x46, 0x5a, 0x47, 0x5a, 0x47, 0x5a,
  0x47, 0x5a, 0x47, 0x5a, 0x47, 0x5a, 0x47, 0x5a, 0x47, 0x5a, 0x47, 0x5a, 0x47, 0x5a, 0x47, 0x5a,
  0x47, 0x5a, 0x47, 0x5a, 0x47, 0x5a, 0x47, 0x5a, 0x47, 0x5a, 0x47, 0x5a, 0x47, 0x5a, 0x47, 0x5a,
  0x47, 0x5a, 0x47, 0x5a, 0xc6, 0x49, 0x65, 0x39, 0x24, 0x31, 0x68, 0x62, 0x53, 0xe6, 0xd4, 0xf6,
  0x73, 0xe6, 0x94, 0xee, 0x94, 0xee, 0x94, 0xee, 0xb4, 0xee, 0xb4, 0xee, 0xb4, 0xee, 0xb4, 0xee,
  0x94, 0xee, 0x93, 0xee, 0x93, 0xee, 0x93, 0xee, 0x93, 0xee, 0x93, 0xee, 0x93, 0xee, 0x93, 0xee,
  0x93, 0xee, 0x93, 0xee, 0x73, 0xee, 0x73, 0xee, 0x73, 0xee, 0x73, 0xee, 0x73, 0xee, 0x73, 0xee,
  0x72, 0xe6, 0x72, 0xee, 0x72, 0xee, 0x72, 0xee, 0x72, 0xee, 0x72, 0xe6, 0xb3, 0xf6, 0xce, 0xb4,
  0x85, 0x41, 0x65, 0x39, 0x65, 0x39, 0x06, 0x52, 0x47, 0x5a, 0x47, 0x5a, 0x47, 0x5a, 0x47, 0x5a,
  0x47, 0x5a, 0x47, 0x5a, 0x47, 0x5a, 0x47, 0x5a, 0x47, 0x5a, 0x47, 0x5a, 0x47, 0x5a, 0x47, 0x5a,
  0x47, 0x5a, 0x47, 0x5a, 0x47, 0x5a, 0x47, 0x5a, 0x47, 0x5a, 0x47, 0x5a, 0x47, 0x5a, 0x47, 0x5a,
  0x47, 0x5a, 0x47, 0x5a, 0x47, 0x5a, 0x47, 0x5a, 0x47, 0x5a, 0x47, 0x5a, 0x47, 0x5a, 0x47, 0x5a,
  0x47, 0x5a, 0x47, 0x5a, 0x47, 0x5a, 0x47, 0x5a, 0x47, 0x5a, 0x47, 0x5a, 0x47, 0x5a, 0x47, 0x5a,
  0x47, 0x5a, 0x47, 0x5a, 0x47, 0x5a, 0x47, 0x5a, 0x46, 0x5a, 0x47, 0x5a, 0x47, 0x5a, 0x47, 0x5a,
  0x47, 0x5a, 0x47, 0x5a, 0x47, 0x5a, 0x47, 0x5a, 0x47, 0x5a, 0x47, 0x5a, 0x47, 0x5a, 0x47, 0x5a,
  0x47, 0x5a, 0x47, 0x5a, 0x47, 0x5a, 0x46, 0x5a, 0x47, 0x5a, 0x47, 0x5a, 0x47, 0x5a, 0x47, 0x5a,
  0x47, 0x5a, 0x47, 0x5a, 0x47, 0x5a, 0x47, 0x5a, 0x47, 0x5a, 0x47, 0x5a, 0x47, 0x5a, 0x46, 0x5a,
  0xa5, 0x41, 0x65, 0x39, 0x24, 0x31, 0xc6, 0x49, 0xa6, 0x49, 0x45, 0x39, 0x85, 0x41, 0x47, 0x5a,
  0x47, 0x5a, 0xe6, 0x51, 0xa5, 0x41, 0x65, 0x39, 0x44, 0x39, 0xe3, 0x30, 0x65, 0x41, 0x0b, 0x7b,
  0x11, 0xbd, 0x25, 0x5a, 0x83, 0x49, 0xc4, 0x51, 0x46, 0x5a, 0x47, 0x5a, 0x46, 0x5a, 0x46, 0x5a,
  0x47, 0x5a, 0x47, 0x5a, 0x46, 0x5a, 0x26, 0x52, 0x26, 0x5a, 0x47, 0x5a, 0x47, 0x5a, 0x47, 0x5a,
  0x47, 0x5a, 0x47, 0x5a, 0x47, 0x5a, 0x47, 0x5a, 0x47, 0x5a, 0x47, 0x5a, 0x47, 0x5a, 0x47, 0x5a,
  0x47, 0x5a, 0x47, 0x5a, 0x47, 0x5a, 0x47, 0x5a, 0x47, 0x5a, 0x47, 0x5a, 0x47, 0x5a, 0x47, 0x5a,
  0x47, 0x5a, 0x47, 0x5a, 0x47, 0x5a, 0xa5, 0x49, 0x65, 0x39, 0x24, 0x31, 0x27, 0x5a, 0xd2, 0xd5,
  0xd5, 0xf6, 0x94, 0xee, 0x94, 0xee, 0x94, 0xee, 0xb4, 0xee, 0xb4, 0xee, 0xb4, 0xee, 0xb4, 0xee,
  0x94, 0xee, 0x93, 0xee, 0x93, 0xee, 0x93, 0xee, 0x93, 0xee, 0x93, 0xee, 0x93, 0xee, 0x93, 0xee,
  0x93, 0xee, 0x93, 0xee, 0x73, 0xee, 0x73, 0xee, 0x73, 0xee, 0x73, 0xee, 0x73, 0xee, 0x72, 0xee,
  0x72, 0xee, 0x72, 0xee, 0x72, 0xee, 0x72, 0xee, 0x72, 0xe6, 0xd3, 0xf6, 0x8d, 0xa4, 0x44, 0x39,
  0x45, 0x39, 0x65, 0x39, 0xe6, 0x49, 0x47, 0x5a, 0x46, 0x5a, 0x47, 0x5a, 0x47, 0x5a, 0x47, 0x5a,
  0x47, 0x5a, 0x47, 0x5a, 0x47, 0x5a, 0x47, 0x5a, 0x47, 0x5a, 0x47, 0x5a, 0x47, 0x5a, 0x47, 0x5a,
  0x47, 0x5a, 0x47, 0x5a, 0x47, 0x5a, 0x47, 0x5a, 0x47, 0x5a, 0x47, 0x5a, 0x47, 0x5a, 0x47, 0x5a,
  0x47, 0x5a, 0x47, 0x5a, 0x47, 0x5a, 0x47, 0x5a, 0x47, 0x5a, 0x47, 0x5a, 0x47, 0x5a, 0x47, 0x5a,
  0x47, 0x5a, 0x47, 0x5a, 0x47, 0x5a, 0x47, 0x5a, 0x47, 0x5a, 0x47, 0x5a, 0x47, 0x5a, 0x47, 0x5a,
  0x47, 0x5a, 0x47, 0x5a, 0x47, 0x5a, 0x47, 0x5a, 0x47, 0x5a, 0x47, 0x5a, 0x47, 0x5a, 0x47, 0x5a,
  0x47, 0x5a, 0x47, 0x5a, 0x47, 0x5a, 0x47, 0x5a, 0x47, 0x5a, 0x47, 0x5a, 0x47, 0x5a, 0x47, 0x5a,
  0x47, 0x5a, 0x47, 0x5a, 0x46, 0x5a, 0x47, 0x5a, 0x46, 0x5a, 0x47, 0x5a, 0x47, 0x5a, 0x47, 0x5a,
  0x47, 0x5a, 0x47, 0x5a, 0x47, 0x5a, 0x47, 0x5a, 0x47, 0x5a, 0x47, 0x5a, 0x47, 0x5a, 0xa5, 0x41,
  0x65, 0x41, 0x03, 0x31, 0xa9, 0x6a, 0x90, 0xa4, 0x45, 0x39, 0x65, 0x39, 0xc6, 0x49, 0x06, 0x52,
  0x85, 0x41, 0x65, 0x39, 0x44, 0x39, 0x03, 0x31, 0xa6, 0x41, 0xad, 0x8b, 0xf5, 0xdd, 0x19, 0xff,
  0x7a, 0xff, 0xcb, 0x93, 0x42, 0x41, 0xc3, 0x49, 0x25, 0x52, 0x47, 0x5a, 0x47, 0x5a, 0x47, 0x5a,
  0x06, 0x52, 0xc6, 0x49, 0x85, 0x41, 0x65, 0x41, 0x65, 0x39, 0xe6, 0x51, 0x47, 0x5a, 0x46, 0x5a,
  0x47, 0x5a, 0x47, 0x5a, 0x47, 0x5a, 0x47, 0x5a, 0x47, 0x5a, 0x47, 0x5a, 0x47, 0x5a, 0x47, 0x5a,
  0x47, 0x5a, 0x47, 0x5a, 0x47, 0x5a, 0x47, 0x5a, 0x47, 0x5a, 0x47, 0x5a, 0x47, 0x5a, 0x47, 0x5a,
  0x47, 0x5a, 0x47, 0x5a, 0x46, 0x5a, 0x46, 0x5a, 0xa5, 0x41, 0x65, 0x41, 0x24, 0x39, 0x85, 0x41,
  0xef, 0xb4, 0xf5, 0xf6, 0x94, 0xee, 0x94, 0xee, 0x94, 0xee, 0xb4, 0xee, 0xb4, 0xee, 0xb4, 0xee,
  0x93, 0xee, 0x93, 0xee, 0x93, 0xee, 0x93, 0xee, 0x93, 0xee, 0x93, 0xee, 0x93, 0xee, 0x93, 0xee,
  0x93, 0xee, 0x93, 0xee, 0x73, 0xee, 0x73, 0xee, 0x73, 0xee, 0x73, 0xee, 0x73, 0xee, 0x72, 0xee,
  0x72, 0xee, 0x72, 0xee, 0x72, 0xee, 0x52, 0xe6, 0xb3, 0xf6, 0x6d, 0xa4, 0x24, 0x31, 0x45, 0x39,
  0x65, 0x39, 0x06, 0x52, 0x47, 0x5a, 0x47, 0x5a, 0x47, 0x5a, 0x47, 0x5a, 0x47, 0x5a, 0x47, 0x5a,
  0x47, 0x5a, 0x47, 0x5a, 0x47, 0x5a, 0x47, 0x5a, 0x47, 0x5a, 0x47, 0x5a, 0x47, 0x5a, 0x47, 0x5a,
  0x47, 0x5a, 0x47, 0x5a, 0x47, 0x5a, 0x47, 0x5a, 0x47, 0x5a, 0x47, 0x5a, 0x47, 0x5a, 0x47, 0x5a,
  0x47, 0x5a, 0x47, 0x5a, 0x47, 0x5a, 0x47, 0x5a, 0x47, 0x5a, 0x47, 0x5a, 0x47, 0x5a, 0x47, 0x5a,
  0x47, 0x5a, 0x47, 0x5a, 0x47, 0x5a, 0x47, 0x5a, 0x47, 0x5a, 0x47, 0x5a, 0x47, 0x5a, 0x47, 0x5a,
  0x47, 0x5a, 0x47, 0x5a, 0x47, 0x5a, 0x47, 0x5a, 0xc6, 0x49, 0x85, 0x41, 0xa5, 0x41, 0xe6, 0x49,
  0x27, 0x52, 0x47, 0x5a, 0x47, 0x5a, 0x47, 0x5a, 0x47, 0x5a, 0x47, 0x5a, 0x47, 0x5a, 0x47, 0x5a,
  0x47, 0x5a, 0xc5, 0x49, 0x85, 0x41, 0xa6, 0x49, 0x85, 0x41, 0xe6, 0x51, 0x47, 0x5a, 0x46, 0x5a,
  0x47, 0x5a, 0x47, 0x5a, 0x47, 0x5a, 0x47, 0x5a, 0x47, 0x5a, 0x26, 0x5a, 0x85, 0x41, 0x65, 0x41,
  0x04, 0x31, 0xaa, 0x6a, 0xf8, 0xf6, 0x2b, 0x7b, 0x03, 0x31, 0x85, 0x41, 0x85, 0x41, 0x65, 0x41,
  0x45, 0x39, 0x04, 0x31, 0xa6, 0x49, 0xcd, 0x93, 0x35, 0xe6, 0x59, 0xff, 0x19, 0xff, 0xb7, 0xfe,
  0x19, 0xff, 0xb3, 0xd5, 0x82, 0x49, 0xa3, 0x49, 0xe5, 0x51, 0x27, 0x5a, 0xc6, 0x49, 0xa5, 0x41,
  0x65, 0x41, 0x44, 0x39, 0x44, 0x39, 0x65, 0x39, 0x45, 0x39, 0xa5, 0x41, 0x46, 0x5a, 0x47, 0x5a,
  0x47, 0x5a, 0x47, 0x5a, 0x47, 0x5a, 0x47, 0x5a, 0x47, 0x5a, 0x47, 0x5a, 0x47, 0x5a, 0x47, 0x5a,
  0x47, 0x5a, 0x47, 0x5a, 0x47, 0x5a, 0x47, 0x5a, 0x47, 0x5a, 0x47, 0x5a, 0x47, 0x5a, 0x47, 0x5a,
  0x47, 0x5a, 0x47, 0x5a, 0x47, 0x5a, 0x47, 0x5a, 0x46, 0x5a, 0xc6, 0x49, 0x65, 0x41, 0x45, 0x39,
  0x24, 0x31, 0x8e, 0xa4, 0xf5, 0xf6, 0x93, 0xee, 0x94, 0xee, 0xb4, 0xee, 0xb4, 0xee, 0xb4, 0xee,
  0x93, 0xee, 0x93, 0xee, 0x93, 0xee, 0x93, 0xee, 0x93, 0xee, 0x93, 0xee, 0x93, 0xee, 0x93, 0xee,
  0x93, 0xee, 0x93, 0xee, 0x73, 0xee, 0x73, 0xee, 0x73, 0xee, 0x73, 0xee, 0x73, 0xee, 0x72, 0xee,
  0x72, 0xee, 0x72, 0xee, 0x52, 0xe6, 0xd3, 0xf6, 0xad, 0xac, 0x24, 0x31, 0x65, 0x39, 0x65, 0x39,
  0x06, 0x52, 0x67, 0x5a, 0x47, 0x5a, 0x47, 0x5a, 0x47, 0x5a, 0x47, 0x5a, 0x47, 0x5a, 0x47, 0x5a,
  0x47, 0x5a, 0x47, 0x5a, 0x47, 0x5a, 0x47, 0x5a, 0x47, 0x5a, 0x47, 0x5a, 0x47, 0x5a, 0x47, 0x5a,
  0x47, 0x5a, 0x47, 0x5a, 0x47, 0x5a, 0x47, 0x5a, 0x47, 0x5a, 0x47, 0x5a, 0x47, 0x5a, 0x47, 0x5a,
  0x47, 0x5a, 0x47, 0x5a, 0x47, 0x5a, 0x47, 0x5a, 0x47, 0x5a, 0x47, 0x5a, 0x47, 0x5a, 0x47, 0x5a,
  0x47, 0x5a, 0x47, 0x5a, 0x47, 0x5a, 0x47, 0x5a, 0x47, 0x5a, 0x47, 0x5a, 0x47, 0x5a, 0x47, 0x5a,
  0x47, 0x5a, 0x47, 0x5a, 0x47, 0x5a, 0x06, 0x52, 0x44, 0x39, 0x65, 0x39, 0x44, 0x31, 0x65, 0x39,
  0x85, 0x41, 0xc5, 0x49, 0x27, 0x5a, 0x47, 0x5a, 0x46, 0x5a, 0x47, 0x5a, 0x47, 0x5a, 0x47, 0x5a,
  0x06, 0x52, 0x64, 0x39, 0x65, 0x39, 0x04, 0x31, 0x44, 0x39, 0x65, 0x41, 0xa5, 0x49, 0x26, 0x5a,
  0x47, 0x5a, 0x47, 0x5a, 0x47, 0x5a, 0x47, 0x5a, 0x26, 0x52, 0x85, 0x41, 0x65, 0x41, 0xe3, 0x30,
  0x2a, 0x7b, 0x19, 0xff, 0x97, 0xee, 0x85, 0x49, 0x65, 0x41, 0x85, 0x41, 0x44, 0x39, 0x04, 0x31,
  0x86, 0x49, 0xce, 0x93, 0x56, 0xe6, 0x3a, 0xff, 0x18, 0xff, 0xd7, 0xfe, 0xd8, 0xfe, 0xf8, 0xfe,
  0xf8, 0xfe, 0xf8, 0xfe, 0x87, 0x6a, 0x83, 0x41, 0x85, 0x41, 0x65, 0x41, 0x44, 0x39, 0x24, 0x31,
  0x03, 0x31, 0x64, 0x41, 0x85, 0x41, 0x45, 0x39, 0x45, 0x39, 0xe6, 0x49, 0x46, 0x5a, 0x47, 0x5a,
  0x47, 0x5a, 0x47, 0x5a, 0x47, 0x5a, 0x47, 0x5a, 0x47, 0x5a, 0x47, 0x5a, 0x47, 0x5a, 0x47, 0x5a,
  0x47, 0x5a, 0x47, 0x5a, 0x47, 0x5a, 0x47, 0x5a, 0x47, 0x5a, 0x47, 0x5a, 0x47, 0x5a, 0x47, 0x5a,
  0x47, 0x5a, 0x47, 0x5a, 0x47, 0x5a, 0x47, 0x5a, 0x47, 0x5a, 0x47, 0x5a, 0xe6, 0x49, 0x65, 0x41,
  0x65, 0x39, 0x24, 0x39, 0x30, 0xbd, 0xd4, 0xf6, 0x94, 0xee, 0xb4, 0xee, 0xb4, 0xee, 0xb4, 0xee,
  0x93, 0xee, 0x93, 0xee, 0x93, 0xee, 0x93, 0xee, 0x93, 0xee, 0x93, 0xee, 0x93, 0xee, 0x93, 0xee,
  0x93, 0xee, 0x73, 0xee, 0x73, 0xee, 0x73, 0xee, 0x73, 0xee, 0x73, 0xee, 0x73, 0xee, 0x72, 0xee,
  0x72, 0xee, 0x52, 0xe6, 0xb3, 0xf6, 0x0f, 0xbd, 0x44, 0x39, 0x65, 0x39, 0x65, 0x41, 0x06, 0x52,
  0x47, 0x5a, 0x47, 0x5a, 0x47, 0x5a, 0x47, 0x5a, 0x47, 0x5a, 0x47, 0x5a, 0x47, 0x5a, 0x47, 0x5a,
  0x47, 0x5a, 0x47, 0x5a, 0x47, 0x5a, 0x47, 0x5a, 0x47, 0x5a, 0x47, 0x5a, 0x47, 0x5a, 0x47, 0x5a,
  0x47, 0x5a, 0x47, 0x5a, 0x47, 0x5a, 0x47, 0x5a, 0x47, 0x5a, 0x47, 0x5a, 0x47, 0x5a, 0x47, 0x5a,
  0x47, 0x5a, 0x47, 0x5a, 0x47, 0x5a, 0x47, 0x5a, 0x47, 0x5a, 0x47, 0x5a, 0x47, 0x5a, 0x47, 0x5a,
  0x47, 0x5a, 0x47, 0x5a, 0x47, 0x5a, 0x47, 0x5a, 0x47, 0x5a, 0x47, 0x5a, 0x47, 0x5a, 0x47, 0x5a,
  0x47, 0x5a, 0x46, 0x5a, 0x47, 0x5a, 0xe6, 0x51, 0x45, 0x39, 0x65, 0x41, 0xe6, 0x49, 0x24, 0x39,
  0x04, 0x31, 0x65, 0x39, 0x85, 0x41, 0x06, 0x4a, 0x46, 0x5a, 0x47, 0x5a, 0x26, 0x5a, 0x47, 0x5a,
  0xa5, 0x41, 0x44, 0x39, 0xa6, 0x41, 0x4f, 0xa4, 0xe6, 0x49, 0x04, 0x31, 0x65, 0x41, 0x85, 0x41,
  0x06, 0x52, 0x47, 0x5a, 0x47, 0x5a, 0x26, 0x52, 0x85, 0x41, 0x45, 0x39, 0xe4, 0x30, 0x8c, 0x8b,
  0x18, 0xff, 0xf8, 0xfe, 0xb7, 0xf6, 0x27, 0x5a, 0xc3, 0x28, 0x03, 0x31, 0xc6, 0x49, 0xcd, 0x93,
  0x36, 0xe6, 0x39, 0xff, 0xf8, 0xfe, 0xd8, 0xfe, 0xd8, 0xfe, 0xd8, 0xfe, 0xd8, 0xfe, 0xd8, 0xfe,
  0xd8, 0xfe, 0x39, 0xff, 0x8e, 0xb4, 0xe2, 0x30, 0x24, 0x31, 0xe3, 0x30, 0x24, 0x39, 0x28, 0x5a,
  0x0e, 0x9c, 0x73, 0xc5, 0xc7, 0x49, 0x44, 0x39, 0x85, 0x41, 0x27, 0x52, 0x26, 0x52, 0x46, 0x52,
  0x46, 0x5a, 0x26, 0x5a, 0x26, 0x5a, 0x46, 0x5a, 0x47, 0x5a, 0x47, 0x5a, 0x47, 0x5a, 0x46, 0x5a,
  0x47, 0x5a, 0x47, 0x5a, 0x47, 0x5a, 0x47, 0x5a, 0x47, 0x5a, 0x47, 0x5a, 0x47, 0x5a, 0x47, 0x5a,
  0x47, 0x5a, 0x47, 0x5a, 0x47, 0x5a, 0x47, 0x5a, 0x47, 0x5a, 0x47, 0x5a, 0x47, 0x5a, 0x06, 0x52,
  0x85, 0x41, 0x24, 0x39, 0xe7, 0x51, 0x53, 0xe6, 0xb4, 0xee, 0x94, 0xee, 0x94, 0xee, 0x94, 0xee,
  0x93, 0xee, 0x93, 0xee, 0x93, 0xee, 0x93, 0xee, 0x93, 0xee, 0x93, 0xee, 0x93, 0xee, 0x93, 0xee,
  0x93, 0xee, 0x73, 0xee, 0x73, 0xee, 0x73, 0xee, 0x73, 0xee, 0x73, 0xee, 0x73, 0xee, 0x72, 0xee,
  0x72, 0xe6, 0x93, 0xf6, 0xd1, 0xcd, 0xa5, 0x41, 0x44, 0x39, 0x65, 0x41, 0xe6, 0x51, 0x46, 0x5a,
  0x46, 0x5a, 0x47, 0x5a, 0x47, 0x5a, 0x47, 0x5a, 0x47, 0x5a, 0x47, 0x5a, 0x47, 0x5a, 0x47, 0x5a,
  0x47, 0x5a, 0x47, 0x5a, 0x47, 0x5a, 0x47, 0x5a, 0x47, 0x5a, 0x47, 0x5a, 0x47, 0x5a, 0x47, 0x5a,
  0x47, 0x5a, 0x47, 0x5a, 0x47, 0x5a, 0x47, 0x5a, 0x47, 0x5a, 0x47, 0x5a, 0x47, 0x5a, 0x47, 0x5a,
  0x47, 0x5a, 0x47, 0x5a, 0x47, 0x5a, 0x47, 0x5a, 0x47, 0x5a, 0x47, 0x5a, 0x47, 0x5a, 0x47, 0x5a,
  0x47, 0x5a, 0x47, 0x5a, 0x47, 0x5a, 0x47, 0x5a, 0x47, 0x5a, 0xe5, 0x49, 0x06, 0x52, 0x26, 0x52,
  0x46, 0x5a, 0x47, 0x5a, 0x47, 0x5a, 0x06, 0x52, 0x65, 0x41, 0x04, 0x31, 0x4f, 0xa4, 0x53, 0xc5,
  0x28, 0x5a, 0x03, 0x31, 0x44, 0x39, 0x65, 0x41, 0xa5, 0x41, 0x06, 0x52, 0x67, 0x5a, 0x06, 0x52,
  0x65, 0x41, 0x03, 0x31, 0x4b, 0x83, 0x7a, 0xff, 0x55, 0xe6, 0xc9, 0x6a, 0xe4, 0x30, 0x65, 0x39,
  0x85, 0x41, 0xc5, 0x49, 0xc6, 0x49, 0x85, 0x41, 0x65, 0x39, 0x03, 0x31, 0xad, 0x93, 0x19, 0xff,
  0xd8, 0xfe, 0xd8, 0xfe, 0x19, 0xff, 0x15, 0xde, 0xed, 0x9b, 0xb0, 0xb4, 0x77, 0xee, 0x59, 0xff,
  0x18, 0xff, 0xd8, 0xfe, 0xd8, 0xfe, 0xd8, 0xfe, 0xd8, 0xfe, 0xd8, 0xfe, 0xd8, 0xfe, 0xd8, 0xfe,
  0xd8, 0xfe, 0xf8, 0xfe, 0xb7, 0xf6, 0x2a, 0x83, 0x47, 0x62, 0x8c, 0x8b, 0x73, 0xcd, 0xd7, 0xf6,
  0x7a, 0xff, 0x97, 0xee, 0x65, 0x41, 0x44, 0x39, 0x85, 0x41, 0x85, 0x41, 0x85, 0x41, 0x85, 0x41,
  0x85, 0x41, 0x85, 0x41, 0x85, 0x41, 0xa5, 0x41, 0x85, 0x41, 0x85, 0x41, 0xc5, 0x49, 0x46, 0x5a,
  0x46, 0x5a, 0x47, 0x5a, 0x47, 0x5a, 0x47, 0x5a, 0x47, 0x5a, 0x47, 0x5a, 0x47, 0x5a, 0x47, 0x5a,
  0x47, 0x5a, 0x47, 0x5a, 0x47, 0x5a, 0x47, 0x5a, 0x47, 0x5a, 0x47, 0x5a, 0x47, 0x5a, 0x67, 0x5a,
  0xe5, 0x49, 0x65, 0x41, 0x04, 0x31, 0x2d, 0x9c, 0xf5, 0xf6, 0x94, 0xee, 0x94, 0xee, 0xb4, 0xee,
  0x93, 0xee, 0x93, 0xee, 0x93, 0xee, 0x93, 0xee, 0x93, 0xee, 0x93, 0xee, 0x93, 0xee, 0x93, 0xee,
  0x93, 0xee, 0x73, 0xee, 0x73, 0xee, 0x73, 0xee, 0x73, 0xee, 0x73, 0xee, 0x73, 0xee, 0x72, 0xee,
  0x72, 0xee, 0x52, 0xee, 0x47, 0x62, 0x24, 0x39, 0x65, 0x41, 0xe6, 0x49, 0x46, 0x5a, 0x26, 0x5a,
  0x46, 0x5a, 0x47, 0x5a, 0x47, 0x5a, 0x47, 0x5a, 0x47, 0x5a, 0x47, 0x5a, 0x47, 0x5a, 0x47, 0x5a,
  0x47, 0x5a, 0x47, 0x5a, 0x47, 0x5a, 0x47, 0x5a, 0x47, 0x5a, 0x47, 0x5a, 0x47, 0x5a, 0x47, 0x5a,
  0x47, 0x5a, 0x47, 0x5a, 0x47, 0x5a, 0x47, 0x5a, 0x47, 0x5a, 0x47, 0x5a, 0x47, 0x5a, 0x47, 0x5a,
  0x47, 0x5a, 0x47, 0x5a, 0x47, 0x5a, 0x47, 0x5a, 0x47, 0x5a, 0x47, 0x5a, 0x47, 0x5a, 0x47, 0x5a,
  0x47, 0x5a, 0x47, 0x5a, 0x47, 0x5a, 0x47, 0x5a, 0xc5, 0x49, 0x44, 0x39, 0x65, 0x39, 0x65, 0x41,
  0x85, 0x41, 0xc6, 0x49, 0x06, 0x52, 0x27, 0x52, 0x85, 0x41, 0x04, 0x31, 0xca, 0x6a, 0x7a, 0xff,
  0xf8, 0xfe, 0x90, 0xac, 0xc6, 0x51, 0x04, 0x31, 0x65, 0x39, 0x85, 0x41, 0xc6, 0x49, 0xa5, 0x41,
  0x65, 0x39, 0x45, 0x41, 0xf4, 0xdd, 0x18, 0xff, 0xf8, 0xfe, 0x18, 0xff, 0x2e, 0x9c, 0x44, 0x41,
  0x24, 0x31, 0x44, 0x39, 0x65, 0x39, 0x24, 0x39, 0x24, 0x31, 0x2e, 0xa4, 0x19, 0xff, 0xd8, 0xfe,
  0xd8, 0xfe, 0xd8, 0xfe, 0xd8, 0xfe, 0x18, 0xff, 0x59, 0xff, 0x39, 0xff, 0xf8, 0xfe, 0xd8, 0xfe,
  0xd8, 0xfe, 0xf8, 0xfe, 0xd8, 0xfe, 0xd8, 0xfe, 0xd8, 0xfe, 0xd8, 0xfe, 0xd8, 0xfe, 0xd8, 0xfe,
  0xd8, 0xfe, 0xd8, 0xfe, 0xf8, 0xfe, 0x18, 0xff, 0xf7, 0xfe, 0x59, 0xff, 0x39, 0xff, 0xf8, 0xfe,
  0xd7, 0xf6, 0x18, 0xff, 0x2e, 0x9c, 0x24, 0x39, 0x03, 0x31, 0xe3, 0x30, 0xe3, 0x30, 0xe3, 0x30,
  0xe3, 0x30, 0x03, 0x31, 0x03, 0x31, 0x03, 0x31, 0x44, 0x39, 0x65, 0x39, 0x44, 0x39, 0xc6, 0x49,
  0x47, 0x5a, 0x47, 0x5a, 0x47, 0x5a, 0x47, 0x5a, 0x47, 0x5a, 0x47, 0x5a, 0x47, 0x5a, 0x47, 0x5a,
  0x47, 0x5a, 0x47, 0x5a, 0x47, 0x5a, 0x47, 0x5a, 0x47, 0x5a, 0x47, 0x5a, 0x47, 0x5a, 0x47, 0x5a,
  0x47, 0x5a, 0x85, 0x41, 0x24, 0x39, 0x27, 0x5a, 0x73, 0xe6, 0x94, 0xee, 0x94, 0xee, 0xb4, 0xee,
  0x93, 0xee, 0x93, 0xee, 0x93, 0xee, 0x93, 0xee, 0x93, 0xee, 0x93, 0xee, 0x93, 0xee, 0x93, 0xee,
  0x73, 0xee, 0x73, 0xee, 0x73, 0xee, 0x73, 0xee, 0x72, 0xee, 0x72, 0xee, 0x72, 0xee, 0x52, 0xe6,
  0xd3, 0xf6, 0xab, 0x8b, 0x04, 0x31, 0x65, 0x41, 0xc5, 0x49, 0x47, 0x5a, 0x26, 0x5a, 0x46, 0x5a,
  0x47, 0x5a, 0x47, 0x5a, 0x47, 0x5a, 0x47, 0x5a, 0x47, 0x5a, 0x47, 0x5a, 0x47, 0x5a, 0x47, 0x5a,
  0x47, 0x5a, 0x47, 0x5a, 0x47, 0x5a, 0x47, 0x5a, 0x47, 0x5a, 0x47, 0x5a, 0x47, 0x5a, 0x47, 0x5a,
  0x47, 0x5a, 0x47, 0x5a, 0x47, 0x5a, 0x47, 0x5a, 0x47, 0x5a, 0x47, 0x5a, 0x47, 0x5a, 0x47, 0x5a,
  0x47, 0x5a, 0x47, 0x5a, 0x47, 0x5a, 0x46, 0x5a, 0x46, 0x5a, 0x46, 0x5a, 0x46, 0x5a, 0x46, 0x5a,
  0x46, 0x5a, 0x47, 0x5a, 0x46, 0x5a, 0x47, 0x5a, 0xa5, 0x41, 0x44, 0x39, 0x65, 0x41, 0x24, 0x39,
  0x04, 0x31, 0x44, 0x39, 0x64, 0x39, 0x85, 0x41, 0x85, 0x41, 0x45, 0x39, 0xe7, 0x51, 0x97, 0xf6,
  0xf8, 0xfe, 0x39, 0xff, 0x76, 0xee, 0x8c, 0x83, 0x24, 0x39, 0x24, 0x31, 0x65, 0x39, 0x85, 0x41,
  0xe3, 0x28, 0x8d, 0x8b, 0x39, 0xff, 0xd8, 0xfe, 0xd8, 0xfe, 0xd8, 0xfe, 0x59, 0xff, 0xd4, 0xd5,
  0xa9, 0x72, 0x65, 0x41, 0x44, 0x39, 0x07, 0x5a, 0x11, 0xbd, 0x39, 0xff, 0xd7, 0xfe, 0xd8, 0xfe,
  0xd8, 0xfe, 0xd8, 0xfe, 0xd8, 0xfe, 0xd8, 0xfe, 0xd7, 0xfe, 0xd8, 0xfe, 0xd8, 0xfe, 0xd8, 0xfe,
  0xd8, 0xfe, 0xd8, 0xfe, 0xd8, 0xfe, 0xd8, 0xfe, 0xd8, 0xfe, 0xd8, 0xfe, 0xd8, 0xfe, 0xd8, 0xfe,
  0xd8, 0xfe, 0xd8, 0xfe, 0xd8, 0xfe, 0xd8, 0xfe, 0xd8, 0xfe, 0xd7, 0xfe, 0xd8, 0xfe, 0xd8, 0xfe,
  0xd8, 0xfe, 0xf8, 0xfe, 0x19, 0xff, 0xf4, 0xdd, 0xb0, 0xb4, 0x0e, 0x9c, 0xcd, 0x93, 0x8d, 0x8b,
  0x8d, 0x8b, 0x8c, 0x8b, 0x6c, 0x8b, 0x8c, 0x83, 0xc6, 0x49, 0x44, 0x39, 0x65, 0x39, 0xc5, 0x49,
  0x47, 0x5a, 0x47, 0x5a, 0x47, 0x5a, 0x47, 0x5a, 0x47, 0x5a, 0x47, 0x5a, 0x47, 0x5a, 0x47, 0x5a,
  0x47, 0x5a, 0x47, 0x5a, 0x47, 0x5a, 0x47, 0x5a, 0x47, 0x5a, 0x47, 0x5a, 0x47, 0x5a, 0x47, 0x5a,
  0x47, 0x5a, 0xc6, 0x49, 0x45, 0x39, 0x24, 0x39, 0x30, 0xbd, 0xf5, 0xf6, 0x94, 0xee, 0x94, 0xee,
  0x93, 0xee, 0x93, 0xee, 0x93, 0xee, 0x93, 0xee, 0x93, 0xee, 0x93, 0xee, 0x93, 0xee, 0x93, 0xee,
  0x93, 0xee, 0x73, 0xee, 0x73, 0xee, 0x73, 0xee, 0x72, 0xee, 0x72, 0xee, 0x52, 0xee, 0xb3, 0xf6,
  0x90, 0xcd, 0x64, 0x39, 0x65, 0x39, 0x85, 0x41, 0x27, 0x5a, 0x26, 0x5a, 0x26, 0x5a, 0x47, 0x5a,
  0x47, 0x5a, 0x47, 0x5a, 0x47, 0x5a, 0x47, 0x5a, 0x47, 0x5a, 0x47, 0x5a, 0x47, 0x5a, 0x47, 0x5a,
  0x47, 0x5a, 0x47, 0x5a, 0x47, 0x5a, 0x47, 0x5a, 0x47, 0x5a, 0x47, 0x5a, 0x47, 0x5a, 0x47, 0x5a,
  0x47, 0x5a, 0x47, 0x5a, 0x47, 0x5a, 0x47, 0x5a, 0x47, 0x5a, 0x47, 0x5a, 0x47, 0x5a, 0x47, 0x5a,
  0x47, 0x5a, 0x47, 0x5a, 0x47, 0x5a, 0x47, 0x5a, 0x47, 0x5a, 0x47, 0x5a, 0x47, 0x5a, 0x47, 0x5a,
  0x47, 0x5a, 0x47, 0x5a, 0x47, 0x5a, 0x47, 0x5a, 0xe6, 0x49, 0x65, 0x39, 0x44, 0x39, 0xea, 0x72,
  0xea, 0x72, 0xa5, 0x41, 0x03, 0x31, 0xe3, 0x30, 0x04, 0x31, 0xc3, 0x28, 0xa9, 0x6a, 0xf8, 0xfe,
  0xd8, 0xfe, 0xd7, 0xfe, 0xf8, 0xfe, 0x39, 0xff, 0x93, 0xcd, 0x89, 0x6a, 0x24, 0x39, 0xe3, 0x30,
  0x68, 0x62, 0x97, 0xee, 0xf8, 0xfe, 0xd8, 0xfe, 0xd8, 0xfe, 0xd8, 0xfe, 0xd8, 0xfe, 0x39, 0xff,
  0x19, 0xff, 0xf5, 0xdd, 0xb3, 0xd5, 0xb7, 0xf6, 0x39, 0xff, 0xd8, 0xfe, 0xd8, 0xfe, 0xd8, 0xfe,
  0xd8, 0xfe, 0xd8, 0xfe, 0xd8, 0xfe, 0xd8, 0xfe, 0xd8, 0xfe, 0xd8, 0xfe, 0xd8, 0xfe, 0xd8, 0xfe,
  0xd8, 0xfe, 0xd8, 0xfe, 0xd8, 0xfe, 0xd8, 0xfe, 0xd8, 0xfe, 0xd8, 0xfe, 0xd8, 0xfe, 0xd8, 0xfe,
  0xd8, 0xfe, 0xd8, 0xfe, 0xd8, 0xfe, 0xd8, 0xfe, 0xd8, 0xfe, 0xd8, 0xfe, 0xd8, 0xfe, 0xd8, 0xfe,
  0xd8, 0xfe, 0xd8, 0xfe, 0xd8, 0xfe, 0x19, 0xff, 0x39, 0xff, 0x39, 0xff, 0x59, 0xff, 0x39, 0xff,
  0x39, 0xff, 0x39, 0xff, 0x7a, 0xff, 0x12, 0xbd, 0x65, 0x39, 0x45, 0x39, 0x64, 0x41, 0x26, 0x52,
  0x47, 0x5a, 0x47, 0x5a, 0x47, 0x5a, 0x47, 0x5a, 0x47, 0x5a, 0x47, 0x5a, 0x47, 0x5a, 0x47, 0x5a,
  0x47, 0x5a, 0x47, 0x5a, 0x47, 0x5a, 0x47, 0x5a, 0x47, 0x5a, 0x47, 0x5a, 0x47, 0x5a, 0x47, 0x5a,
  0x47, 0x5a, 0x26, 0x52, 0x85, 0x41, 0x03, 0x31, 0x8b, 0x83, 0xf5, 0xf6, 0x93, 0xee, 0x94, 0xee,
  0x93, 0xee, 0x93, 0xee, 0x93, 0xee, 0x93, 0xee, 0x93, 0xee, 0x73, 0xee, 0x73, 0xee, 0x93, 0xee,
  0x93, 0xee, 0x73, 0xee, 0x72, 0xee, 0x72, 0xee, 0x72, 0xee, 0x72, 0xee, 0x52, 0xe6, 0xb3, 0xf6,
  0x29, 0x7b, 0x04, 0x31, 0x65, 0x41, 0x06, 0x52, 0x47, 0x5a, 0x26, 0x5a, 0x46, 0x5a, 0x47, 0x5a,
  0x47, 0x5a, 0x47, 0x5a, 0x47, 0x5a, 0x47, 0x5a, 0x47, 0x5a, 0x47, 0x5a, 0x47, 0x5a, 0x47, 0x5a,
  0x47, 0x5a, 0x47, 0x5a, 0x47, 0x5a, 0x47, 0x5a, 0x47, 0x5a, 0x47, 0x5a, 0x47, 0x5a, 0x47, 0x5a,
  0x47, 0x5a, 0x47, 0x5a, 0x47, 0x5a, 0x47, 0x5a, 0x47, 0x5a, 0x47, 0x5a, 0x47, 0x5a, 0x47, 0x5a,
  0x47, 0x5a, 0x47, 0x5a, 0x27, 0x52, 0xc5, 0x49, 0xa5, 0x41, 0x85, 0x41, 0x85, 0x41, 0xa5, 0x41,
  0xa5, 0x49, 0xa5, 0x49, 0xc5, 0x49, 0xe6, 0x49, 0xc6, 0x49, 0x85, 0x41, 0x04, 0x31, 0x6c, 0x83,
  0x59, 0xff, 0x35, 0xe6, 0xf1, 0xbc, 0xad, 0x8b, 0xea, 0x72, 0x6c, 0x83, 0x36, 0xe6, 0x18, 0xff,
  0xd8, 0xfe, 0xd8, 0xfe, 0xd8, 0xfe, 0xd8, 0xfe, 0x39, 0xff, 0xf8, 0xfe, 0x93, 0xcd, 0x32, 0xc5,
  0xb7, 0xf6, 0xf8, 0xfe, 0xd8, 0xfe, 0xf8, 0xfe, 0xd8, 0xfe, 0xd8, 0xfe, 0xd8, 0xfe, 0xd8, 0xfe,
  0xd8, 0xfe, 0x18, 0xff, 0x19, 0xff, 0xf8, 0xfe, 0xd8, 0xfe, 0xd8, 0xfe, 0xd8, 0xfe, 0xd8, 0xfe,
  0xd8, 0xfe, 0xd8, 0xfe, 0xd8, 0xfe, 0xd8, 0xfe, 0xd8, 0xfe, 0xd8, 0xfe, 0xd8, 0xfe, 0xd8, 0xfe,
  0xd8, 0xfe, 0xd8, 0xfe, 0xd8, 0xfe, 0xd8, 0xfe, 0xd8, 0xfe, 0xd8, 0xfe, 0xd8, 0xfe, 0xd8, 0xfe,
  0xd8, 0xfe, 0xd8, 0xfe, 0xd8, 0xfe, 0xd8, 0xfe, 0xd8, 0xfe, 0xd8, 0xfe, 0xd8, 0xfe, 0xd8, 0xfe,
  0xd8, 0xfe, 0xd8, 0xfe, 0xd8, 0xfe, 0xd8, 0xfe, 0xd8, 0xfe, 0xd7, 0xfe, 0xd8, 0xfe, 0xd8, 0xfe,
  0xd7, 0xf6, 0xd8, 0xfe, 0x97, 0xee, 0xe6, 0x49, 0x24, 0x39, 0x85, 0x41, 0x27, 0x52, 0x47, 0x5a,
  0x27, 0x5a, 0x47, 0x5a, 0x47, 0x5a, 0x47, 0x5a, 0x47, 0x5a, 0x47, 0x5a, 0x47, 0x5a, 0x47, 0x5a,
  0x47, 0x5a, 0x47, 0x5a, 0x47, 0x5a, 0x47, 0x5a, 0x47, 0x5a, 0x47, 0x5a, 0x47, 0x5a, 0x47, 0x5a,
  0x47, 0x5a, 0x47, 0x5a, 0xa5, 0x41, 0x24, 0x31, 0x27, 0x5a, 0x74, 0xe6, 0x94, 0xee, 0x94, 0xee,
  0x93, 0xee, 0x93, 0xee, 0x93, 0xee, 0x93, 0xee, 0x93, 0xee, 0x73, 0xee, 0x73, 0xee, 0x93, 0xee,
  0x93, 0xee, 0x73, 0xee, 0x72, 0xee, 0x72, 0xee, 0x72, 0xee, 0x72, 0xee, 0x92, 0xee, 0x32, 0xe6,
  0xc6, 0x51, 0x24, 0x31, 0xa6, 0x41, 0x47, 0x5a, 0x46, 0x5a, 0x47, 0x5a, 0x47, 0x5a, 0x47, 0x5a,
  0x47, 0x5a, 0x47, 0x5a, 0x47, 0x5a, 0x47, 0x5a, 0x47, 0x5a, 0x47, 0x5a, 0x47, 0x5a, 0x47, 0x5a,
  0x47, 0x5a, 0x47, 0x5a, 0x47, 0x5a, 0x47, 0x5a, 0x47, 0x5a, 0x47, 0x5a, 0x47, 0x5a, 0x47, 0x5a,
  0x47, 0x5a, 0x47, 0x5a, 0x47, 0x5a, 0x47, 0x5a, 0x47, 0x5a, 0x47, 0x5a, 0x47, 0x5a, 0x47, 0x5a,
  0x47, 0x5a, 0x46, 0x5a, 0xa5, 0x41, 0x44, 0x39, 0x44, 0x39, 0x45, 0x39, 0x45, 0x39, 0x45, 0x39,
  0x04, 0x31, 0x04, 0x31, 0x24, 0x39, 0x44, 0x39, 0x44, 0x39, 0x65, 0x39, 0xe3, 0x28, 0x69, 0x62,
  0xf8, 0xfe, 0xf8, 0xfe, 0x39, 0xff, 0x39, 0xff, 0x18, 0xff, 0x39, 0xff, 0x18, 0xff, 0xd8, 0xfe,
  0xd8, 0xfe, 0xd8, 0xfe, 0xd8, 0xfe, 0xd8, 0xfe, 0xd8, 0xfe, 0xd8, 0xfe, 0x39, 0xff, 0x39, 0xff,
  0xf8, 0xfe, 0xd8, 0xfe, 0xd8, 0xfe, 0xd8, 0xfe, 0xd8, 0xfe, 0xd8, 0xfe, 0xd8, 0xfe, 0xd8, 0xfe,
  0xd8, 0xfe, 0xd8, 0xfe, 0xd8, 0xfe, 0xd8, 0xfe, 0xd8, 0xfe, 0xd8, 0xfe, 0xd8, 0xfe, 0xd8, 0xfe,
  0xd8, 0xfe, 0xd8, 0xfe, 0xd8, 0xfe, 0xd8, 0xfe, 0xd8, 0xfe, 0xd8, 0xfe, 0xd8, 0xfe, 0xd8, 0xfe,
  0xd8, 0xfe, 0xd8, 0xfe, 0xd8, 0xfe, 0xd8, 0xfe, 0xd8, 0xfe, 0xd8, 0xfe, 0xd8, 0xfe, 0xd8, 0xfe,
  0xd8, 0xfe, 0xd8, 0xfe, 0xd8, 0xfe, 0xd8, 0xfe, 0xd8, 0xfe, 0xd8, 0xfe, 0xd8, 0xfe, 0xd8, 0xfe,
  0xd8, 0xfe, 0xd8, 0xfe, 0xd8, 0xfe, 0xd8, 0xfe, 0xd8, 0xfe, 0xd8, 0xfe, 0xd8, 0xfe, 0xd8, 0xfe,
  0xd8, 0xfe, 0xf8, 0xfe, 0x76, 0xee, 0x85, 0x41, 0x44, 0x39, 0x85, 0x41, 0xe6, 0x49, 0x27, 0x52,
  0x47, 0x5a, 0x47, 0x5a, 0x47, 0x5a, 0x47, 0x5a, 0x47, 0x5a, 0x47, 0x5a, 0x47, 0x5a, 0x47, 0x5a,
  0x47, 0x5a, 0x47, 0x5a, 0x47, 0x5a, 0x47, 0x5a, 0x47, 0x5a, 0x47, 0x5a, 0x47, 0x5a, 0x47, 0x5a,
  0x47, 0x5a, 0x47, 0x5a, 0xc6, 0x49, 0x45, 0x39, 0x45, 0x39, 0x71, 0xc5, 0xd4, 0xf6, 0x94, 0xee,
  0x93, 0xee, 0x93, 0xee, 0x93, 0xee, 0x93, 0xee, 0x93, 0xee, 0x73, 0xee, 0x73, 0xee, 0x93, 0xee,
  0x93, 0xee, 0x73, 0xee, 0x72, 0xee, 0x72, 0xee, 0x72, 0xee, 0x72, 0xee, 0x92, 0xee, 0x11, 0xde,
  0xc6, 0x49, 0x24, 0x39, 0xc6, 0x49, 0x47, 0x5a, 0x47, 0x5a, 0x47, 0x5a, 0x47, 0x5a, 0x47, 0x5a,
  0x47, 0x5a, 0x47, 0x5a, 0x47, 0x5a, 0x47, 0x5a, 0x47, 0x5a, 0x47, 0x5a, 0x47, 0x5a, 0x47, 0x5a,
  0x47, 0x5a, 0x47, 0x5a, 0x47, 0x5a, 0x47, 0x5a, 0x47, 0x5a, 0x47, 0x5a, 0x47, 0x5a, 0x47, 0x5a,
  0x47, 0x5a, 0x47, 0x5a, 0x47, 0x5a, 0x47, 0x5a, 0x47, 0x5a, 0x47, 0x5a, 0x47, 0x5a, 0x47, 0x5a,
  0x47, 0x5a, 0x46, 0x5a, 0xa5, 0x49, 0x45, 0x39, 0x65, 0x39, 0x65, 0x39, 0x44, 0x39, 0xa6, 0x41,
  0x89, 0x62, 0x68, 0x62, 0xc6, 0x49, 0xa6, 0x49, 0x85, 0x41, 0x65, 0x41, 0xc6, 0x49, 0x52, 0xc5,
  0x18, 0xff, 0xb7, 0xf6, 0xd7, 0xf6, 0xb7, 0xfe, 0xd8, 0xfe, 0xd8, 0xfe, 0xd7, 0xfe, 0xd8, 0xfe,
  0xd8, 0xfe, 0xd8, 0xfe, 0xd8, 0xfe, 0xd8, 0xfe, 0xd8, 0xfe, 0xd8, 0xfe, 0xd8, 0xfe, 0xd8, 0xfe,
  0xd8, 0xfe, 0xd8, 0xfe, 0xd8, 0xfe, 0xd8, 0xfe, 0xd8, 0xfe, 0xd8, 0xfe, 0xd8, 0xfe, 0xd8, 0xfe,
  0xd8, 0xfe, 0xd8, 0xfe, 0xd8, 0xfe, 0xd8, 0xfe, 0xd8, 0xfe, 0xd8, 0xfe, 0xd8, 0xfe, 0xd8, 0xfe,
  0xd8, 0xfe, 0xd8, 0xfe, 0xd8, 0xfe, 0xd8, 0xfe, 0xd8, 0xfe, 0xd8, 0xfe, 0xd8, 0xfe, 0xd8, 0xfe,
  0xd8, 0xfe, 0xd8, 0xfe, 0xd8, 0xfe, 0xd8, 0xfe, 0xd8, 0xfe, 0xd8, 0xfe, 0xd8, 0xfe, 0xd8, 0xfe,
  0xd8, 0xfe, 0xd8, 0xfe, 0xd8, 0xfe, 0xd8, 0xfe, 0xd8, 0xfe, 0xd8, 0xfe, 0xd8, 0xfe, 0xd8, 0xfe,
  0xd8, 0xfe, 0xd8, 0xfe, 0xd8, 0xfe, 0xd8, 0xfe, 0xd8, 0xfe, 0xd8, 0xfe, 0xd8, 0xfe, 0xd8, 0xfe,
  0xd8, 0xfe, 0xd8, 0xfe, 0x19, 0xff, 0x4e, 0x9c, 0xe3, 0x30, 0x24, 0x39, 0x64, 0x39, 0x85, 0x41,
  0xc5, 0x49, 0x26, 0x52, 0x47, 0x5a, 0x47, 0x5a, 0x47, 0x5a, 0x47, 0x5a, 0x47, 0x5a, 0x47, 0x5a,
  0x47, 0x5a, 0x47, 0x5a, 0x47, 0x5a, 0x47, 0x5a, 0x47, 0x5a, 0x47, 0x5a, 0x47, 0x5a, 0x47, 0x5a,
  0x47, 0x5a, 0x47, 0x5a, 0x06, 0x52, 0x65, 0x41, 0x03, 0x31, 0xcb, 0x8b, 0xf5, 0xf6, 0x94, 0xee,
  0x93, 0xee, 0x93, 0xee, 0x93, 0xee, 0x93, 0xee, 0x93, 0xee, 0x73, 0xee, 0x73, 0xee, 0x73, 0xee,
  0x73, 0xee, 0x73, 0xee, 0x72, 0xee, 0x72, 0xee, 0x72, 0xee, 0x72, 0xee, 0x92, 0xee, 0xf1, 0xdd,
  0xa6, 0x49, 0x44, 0x39, 0xc5, 0x49, 0x47, 0x5a, 0x47, 0x5a, 0x47, 0x5a, 0x47, 0x5a, 0x47, 0x5a,
  0x47, 0x5a, 0x47, 0x5a, 0x47, 0x5a, 0x47, 0x5a, 0x47, 0x5a, 0x47, 0x5a, 0x47, 0x5a, 0x47, 0x5a,
  0x47, 0x5a, 0x47, 0x5a, 0x47, 0x5a, 0x47, 0x5a, 0x47, 0x5a, 0x47, 0x5a, 0x47, 0x5a, 0x47, 0x5a,
  0x47, 0x5a, 0x47, 0x5a, 0x47, 0x5a, 0x47, 0x5a, 0x47, 0x5a, 0x47, 0x5a, 0x47, 0x5a, 0x47, 0x5a,
  0x47, 0x5a, 0x47, 0x5a, 0x47, 0x5a, 0xa5, 0x49, 0x65, 0x39, 0x45, 0x39, 0x65, 0x39, 0x85, 0x41,
  0x2b, 0x7b, 0xd4, 0xd5, 0xf8, 0xf6, 0x56, 0xe6, 0x15, 0xe6, 0x15, 0xde, 0x97, 0xf6, 0x19, 0xff,
  0xd8, 0xfe, 0xd8, 0xfe, 0xd8, 0xfe, 0xd8, 0xfe, 0xd8, 0xfe, 0xd8, 0xfe, 0xd8, 0xfe, 0xd8, 0xfe,
  0xd8, 0xfe, 0xd8, 0xfe, 0xd8, 0xfe, 0xd8, 0xfe, 0xd8, 0xfe, 0xd8, 0xfe, 0xd8, 0xfe, 0xd8, 0xfe,
  0xd8, 0xfe, 0xd8, 0xfe, 0xd8, 0xfe, 0xd8, 0xfe, 0xd8, 0xfe, 0xd8, 0xfe, 0xd8, 0xfe, 0xd8, 0xfe,
  0xd8, 0xfe, 0xd8, 0xfe, 0xd8, 0xfe, 0xd8, 0xfe, 0xd8, 0xfe, 0xd8, 0xfe, 0xd8, 0xfe, 0xd8, 0xfe,
  0xd8, 0xfe, 0xd8, 0xfe, 0xd8, 0xfe, 0xd8, 0xfe, 0xd8, 0xfe, 0xd8, 0xfe, 0xd8, 0xfe, 0xd8, 0xfe,
  0xd8, 0xfe, 0xd8, 0xfe, 0xd8, 0xfe, 0xd8, 0xfe, 0xd8, 0xfe, 0xd8, 0xfe, 0xd8, 0xfe, 0xd8, 0xfe,
  0xd8, 0xfe, 0xd8, 0xfe, 0xd8, 0xfe, 0xd8, 0xfe, 0xd8, 0xfe, 0xd8, 0xfe, 0xd8, 0xfe, 0xd8, 0xfe,
  0xd8, 0xfe, 0xd8, 0xfe, 0xd8, 0xfe, 0xd8, 0xfe, 0xd8, 0xfe, 0xd8, 0xfe, 0xd8, 0xfe, 0xd8, 0xfe,
  0xd8, 0xfe, 0xd8, 0xfe, 0xd8, 0xfe, 0x19, 0xff, 0x32, 0xbd, 0x69, 0x62, 0x04, 0x39, 0x04, 0x31,
  0x44, 0x39, 0x65, 0x41, 0xc5, 0x49, 0x06, 0x52, 0x47, 0x5a, 0x47, 0x5a, 0x47, 0x5a, 0x47, 0x5a,
  0x47, 0x5a, 0x47, 0x5a, 0x47, 0x5a, 0x47, 0x5a, 0x47, 0x5a, 0x47, 0x5a, 0x47, 0x5a, 0x47, 0x5a,
  0x47, 0x5a, 0x47, 0x5a, 0x47, 0x5a, 0x85, 0x41, 0x24, 0x39, 0x26, 0x52, 0x93, 0xe6, 0xb4, 0xee,
  0x93, 0xee, 0x93, 0xee, 0x93, 0xee, 0x93, 0xee, 0x93, 0xee, 0x73, 0xee, 0x73, 0xee, 0x73, 0xee,
  0x73, 0xee, 0x72, 0xee, 0x72, 0xee, 0x72, 0xee, 0x72, 0xee, 0x52, 0xe6, 0xd3, 0xf6, 0x6d, 0xa4,
  0x04, 0x31, 0x65, 0x39, 0xe6, 0x49, 0x47, 0x5a, 0x47, 0x5a, 0x47, 0x5a, 0x47, 0x5a, 0x47, 0x5a,
  0x47, 0x5a, 0x47, 0x5a, 0x47, 0x5a, 0x47, 0x5a, 0x47, 0x5a, 0x47, 0x5a, 0x47, 0x5a, 0x47, 0x5a,
  0x47, 0x5a, 0x47, 0x5a, 0x47, 0x5a, 0x47, 0x5a, 0x47, 0x5a, 0x47, 0x5a, 0x47, 0x5a, 0x47, 0x5a,
  0x47, 0x5a, 0x47, 0x5a, 0x47, 0x5a, 0x47, 0x5a, 0x47, 0x5a, 0x47, 0x5a, 0x47, 0x5a, 0x47, 0x5a,
  0x47, 0x5a, 0x27, 0x5a, 0x47, 0x5a, 0x47, 0x5a, 0x26, 0x52, 0xc5, 0x49, 0x65, 0x41, 0x65, 0x39,
  0x04, 0x31, 0x45, 0x39, 0x6f, 0xa4, 0x39, 0xff, 0xf8, 0xfe, 0x19, 0xff, 0xf8, 0xfe, 0xd8, 0xfe,
  0xd8, 0xfe, 0xd8, 0xfe, 0xd8, 0xfe, 0xd8, 0xfe, 0xd8, 0xfe, 0xd8, 0xfe, 0xd8, 0xfe, 0xd8, 0xfe,
  0xd8, 0xfe, 0xd8, 0xfe, 0xd8, 0xfe, 0xd8, 0xfe, 0xd8, 0xfe, 0xd8, 0xfe, 0xd8, 0xfe, 0xd8, 0xfe,
  0xd8, 0xfe, 0xd8, 0xfe, 0xd8, 0xfe, 0xd8, 0xfe, 0xd8, 0xfe, 0xd8, 0xfe, 0xd8, 0xfe, 0xd8, 0xfe,
  0xd8, 0xfe, 0xd8, 0xfe, 0xd8, 0xfe, 0xd8, 0xfe, 0xd8, 0xfe, 0xd8, 0xfe, 0xd8, 0xfe, 0xd8, 0xfe,
  0xd8, 0xfe, 0xd8, 0xfe, 0xd8, 0xfe, 0xd8, 0xfe, 0xd8, 0xfe, 0xd8, 0xfe, 0xd8, 0xfe, 0xd8, 0xfe,
  0xd8, 0xfe, 0xd8, 0xfe, 0xd8, 0xfe, 0xd8, 0xfe, 0xd8, 0xfe, 0xd8, 0xfe, 0xd8, 0xfe, 0xd8, 0xfe,
  0xd8, 0xfe, 0xd8, 0xfe, 0xd8, 0xfe, 0xd8, 0xfe, 0xd8, 0xfe, 0xd8, 0xfe, 0xd8, 0xfe, 0xd8, 0xfe,
  0xd8, 0xfe, 0xd8, 0xfe, 0xd8, 0xfe, 0xd8, 0xfe, 0xd8, 0xfe, 0xd8, 0xfe, 0xd8, 0xfe, 0xd8, 0xfe,
  0xd8, 0xfe, 0xd8, 0xfe, 0xd8, 0xfe, 0xd8, 0xfe, 0x39, 0xff, 0xf8, 0xfe, 0x12, 0xbd, 0x89, 0x6a,
  0x24, 0x39, 0x04, 0x31, 0x65, 0x39, 0x65, 0x41, 0xc6, 0x49, 0x27, 0x5a, 0x46, 0x5a, 0x46, 0x5a,
  0x47, 0x5a, 0x47, 0x5a, 0x47, 0x5a, 0x47, 0x5a, 0x47, 0x5a, 0x47, 0x5a, 0x47, 0x5a, 0x47, 0x5a,
  0x47, 0x5a, 0x47, 0x5a, 0x47, 0x5a, 0xe6, 0x49, 0x65, 0x39, 0x24, 0x31, 0x0f, 0xb5, 0xf5, 0xf6,
  0x93, 0xee, 0x93, 0xee, 0x93, 0xee, 0x93, 0xee, 0x93, 0xee, 0x73, 0xee, 0x73, 0xee, 0x73, 0xee,
  0x73, 0xee, 0x72, 0xee, 0x72, 0xee, 0x72, 0xee, 0x72, 0xee, 0x72, 0xee, 0x72, 0xe6, 0x47, 0x5a,
  0x24, 0x31, 0x85, 0x41, 0x26, 0x5a, 0x47, 0x5a, 0x47, 0x5a, 0x47, 0x5a, 0x47, 0x5a, 0x47, 0x5a,
  0x47, 0x5a, 0x47, 0x5a, 0x47, 0x5a, 0x47, 0x5a, 0x47, 0x5a, 0x47, 0x5a, 0x47, 0x5a, 0x47, 0x5a,
  0x47, 0x5a, 0x47, 0x5a, 0x47, 0x5a, 0x47, 0x5a, 0x47, 0x5a, 0x47, 0x5a, 0x47, 0x5a, 0x47, 0x5a,
  0x47, 0x5a, 0x47, 0x5a, 0x47, 0x5a, 0x47, 0x5a, 0x47, 0x5a, 0x47, 0x5a, 0x46, 0x5a, 0x46, 0x5a,
  0x47, 0x5a, 0x47, 0x5a, 0x26, 0x5a, 0x06, 0x52, 0xe6, 0x49, 0xc6, 0x49, 0x85, 0x41, 0x65, 0x41,
  0x86, 0x41, 0x44, 0x39, 0x23, 0x39, 0x36, 0xe6, 0xf8, 0xfe, 0xd8, 0xfe, 0xd8, 0xfe, 0xd8, 0xfe,
  0xd8, 0xfe, 0xd8, 0xfe, 0xd8, 0xfe, 0xd8, 0xfe, 0xd8, 0xfe, 0xd8, 0xfe, 0xd8, 0xfe, 0xd8, 0xfe,
  0xd8, 0xfe, 0xd8, 0xfe, 0xd8, 0xfe, 0xd8, 0xfe, 0xd8, 0xfe, 0xd8, 0xfe, 0xd8, 0xfe, 0xd8, 0xfe,
  0xd8, 0xfe, 0xd8, 0xfe, 0xd8, 0xfe, 0xd8, 0xfe, 0xd8, 0xfe, 0xd8, 0xfe, 0xd8, 0xfe, 0xd8, 0xfe,
  0xd8, 0xfe, 0xd8, 0xfe, 0xd8, 0xfe, 0xd8, 0xfe, 0xd8, 0xfe, 0xd8, 0xfe, 0xd8, 0xfe, 0xd8, 0xfe,
  0xd8, 0xfe, 0xd8, 0xfe, 0xd8, 0xfe, 0xd8, 0xfe, 0xd8, 0xfe, 0xd8, 0xfe, 0xd8, 0xfe, 0xd8, 0xfe,
  0xd8, 0xfe, 0xd8, 0xfe, 0xd8, 0xfe, 0xd8, 0xfe, 0xd8, 0xfe, 0xd8, 0xfe, 0xd8, 0xfe, 0xd8, 0xfe,
  0xd8, 0xfe, 0xd8, 0xfe, 0xd8, 0xfe, 0xd8, 0xfe, 0xd8, 0xfe, 0xd8, 0xfe, 0xd8, 0xfe, 0xd8, 0xfe,
  0xd8, 0xfe, 0xd8, 0xfe, 0xd8, 0xfe, 0xd8, 0xfe, 0xd8, 0xfe, 0xd8, 0xfe, 0xd8, 0xfe, 0xd8, 0xfe,
  0xd8, 0xfe, 0xd8, 0xfe, 0xd8, 0xfe, 0xd8, 0xfe, 0xd8, 0xfe, 0xd8, 0xfe, 0x39, 0xff, 0x18, 0xff,
  0x72, 0xc5, 0xca, 0x72, 0x24, 0x39, 0x24, 0x39, 0x64, 0x39, 0x65, 0x41, 0x06, 0x52, 0x47, 0x5a,
  0x47, 0x5a, 0x47, 0x5a, 0x47, 0x5a, 0x47, 0x5a, 0x47, 0x5a, 0x47, 0x5a, 0x47, 0x5a, 0x47, 0x5a,
  0x47, 0x5a, 0x47, 0x5a, 0x46, 0x5a, 0x27, 0x5a, 0x85, 0x41, 0x24, 0x31, 0xa9, 0x6a, 0xd5, 0xf6,
  0x93, 0xee, 0x93, 0xee, 0x93, 0xee, 0x93, 0xee, 0x93, 0xee, 0x73, 0xee, 0x73, 0xee, 0x73, 0xee,
  0x73, 0xee, 0x72, 0xee, 0x72, 0xee, 0x72, 0xee, 0x72, 0xe6, 0xd3, 0xf6, 0xee, 0xb4, 0x24, 0x39,
  0x65, 0x39, 0xc6, 0x49, 0x47, 0x5a, 0x47, 0x5a, 0x47, 0x5a, 0x47, 0x5a, 0x47, 0x5a, 0x47, 0x5a,
  0x47, 0x5a, 0x47, 0x5a, 0x47, 0x5a, 0x47, 0x5a, 0x47, 0x5a, 0x47, 0x5a, 0x47, 0x5a, 0x47, 0x5a,
  0x47, 0x5a, 0x47, 0x5a, 0x47, 0x5a, 0x47, 0x5a, 0x47, 0x5a, 0x47, 0x5a, 0x47, 0x5a, 0x47, 0x5a,
  0x47, 0x5a, 0x47, 0x5a, 0x47, 0x5a, 0x46, 0x5a, 0x47, 0x5a, 0x47, 0x5a, 0x47, 0x5a, 0x26, 0x52,
  0xe6, 0x51, 0xc5, 0x49, 0x85, 0x41, 0x65, 0x41, 0x45, 0x39, 0x24, 0x31, 0x24, 0x31, 0x04, 0x31,
  0x04, 0x31, 0x23, 0x31, 0x0a, 0x7b, 0xd8, 0xf6, 0xd8, 0xfe, 0xd8, 0xfe, 0xd8, 0xfe, 0xd8, 0xfe,
  0xd8, 0xfe, 0xd8, 0xfe, 0xd8, 0xfe, 0xd8, 0xfe, 0xd8, 0xfe, 0xd8, 0xfe, 0xd8, 0xfe, 0xd8, 0xfe,
  0xd8, 0xfe, 0xd8, 0xfe, 0xd8, 0xfe, 0xd8, 0xfe, 0xd8, 0xfe, 0xd8, 0xfe, 0xd8, 0xfe, 0xd8, 0xfe,
  0xd8, 0xfe, 0xd8, 0xfe, 0xd8, 0xfe, 0xd8, 0xfe, 0xd8, 0xfe, 0xd8, 0xfe, 0xd8, 0xfe, 0xd8, 0xfe,
  0xd8, 0xfe, 0xd8, 0xfe, 0xd8, 0xfe, 0xd8, 0xfe, 0xd8, 0xfe, 0xd8, 0xfe, 0xd8, 0xfe, 0xd8, 0xfe,
  0xd8, 0xfe, 0xd8, 0xfe, 0xd8, 0xfe, 0xd8, 0xfe, 0xd8, 0xfe, 0xd8, 0xfe, 0xd8, 0xfe, 0xd8, 0xfe,
  0xd8, 0xfe, 0xd8, 0xfe, 0xd8, 0xfe, 0xd8, 0xfe, 0xd8, 0xfe, 0xd8, 0xfe, 0xd8, 0xfe, 0xd8, 0xfe,
  0xd8, 0xfe, 0xd8, 0xfe, 0xd8, 0xfe, 0xd8, 0xfe, 0xd8, 0xfe, 0xd8, 0xfe, 0xd8, 0xfe, 0xd8, 0xfe,
  0xd8, 0xfe, 0xd8, 0xfe, 0xd8, 0xfe, 0xd8, 0xfe, 0xd8, 0xfe, 0xd8, 0xfe, 0xd8, 0xfe, 0xd8, 0xfe,
  0xd8, 0xfe, 0xd8, 0xfe, 0xd8, 0xfe, 0xd8, 0xfe, 0xd8, 0xfe, 0xd8, 0xfe, 0xd8, 0xfe, 0xd8, 0xfe,
  0x39, 0xff, 0x19, 0xff, 0x94, 0xd5, 0x27, 0x5a, 0x44, 0x39, 0x64, 0x39, 0x85, 0x41, 0x47, 0x5a,
  0x47, 0x5a, 0x47, 0x5a, 0x47, 0x5a, 0x47, 0x5a, 0x47, 0x5a, 0x47, 0x5a, 0x47, 0x5a, 0x47, 0x5a,
  0x47, 0x5a, 0x47, 0x5a, 0x47, 0x5a, 0x47, 0x5a, 0xc6, 0x49, 0x65, 0x39, 0x24, 0x39, 0xcf, 0xac,
  0x93, 0xee, 0x93, 0xee, 0x93, 0xee, 0x93, 0xee, 0x93, 0xee, 0x73, 0xee, 0x73, 0xee, 0x73, 0xee,
  0x73, 0xee, 0x72, 0xee, 0x72, 0xee, 0x72, 0xee, 0x72, 0xee, 0x93, 0xee, 0x88, 0x62, 0x04, 0x31,
  0x65, 0x41, 0x27, 0x52, 0x47, 0x5a, 0x46, 0x5a, 0x47, 0x5a, 0x47, 0x5a, 0x47, 0x5a, 0x47, 0x5a,
  0x47, 0x5a, 0x47, 0x5a, 0x47, 0x5a, 0x47, 0x5a, 0x47, 0x5a, 0x47, 0x5a, 0x47, 0x5a, 0x47, 0x5a,
  0x47, 0x5a, 0x47, 0x5a, 0x47, 0x5a, 0x47, 0x5a, 0x47, 0x5a, 0x47, 0x5a, 0x47, 0x5a, 0x47, 0x5a,
  0x47, 0x5a, 0x47, 0x5a, 0x47, 0x5a, 0x47, 0x5a, 0x26, 0x5a, 0xe6, 0x49, 0xa5, 0x41, 0x85, 0x41,
  0x65, 0x39, 0x24, 0x39, 0x04, 0x31, 0xe3, 0x30, 0x44, 0x39, 0xe7, 0x51, 0xca, 0x72, 0xcd, 0x8b,
  0xb0, 0xac, 0x93, 0xd5, 0xf8, 0xfe, 0xf8, 0xfe, 0xd8, 0xfe, 0xd8, 0xfe, 0xd8, 0xfe, 0xd8, 0xfe,
  0xd8, 0xfe, 0xd8, 0xfe, 0xd8, 0xfe, 0xd8, 0xfe, 0xd8, 0xfe, 0xd8, 0xfe, 0xd8, 0xfe, 0xd8, 0xfe,
  0xd8, 0xfe, 0xd8, 0xfe, 0xd8, 0xfe, 0xd8, 0xfe, 0xd8, 0xfe, 0xd8, 0xfe, 0xd8, 0xfe, 0xd8, 0xfe,
  0xd8, 0xfe, 0xd8, 0xfe, 0xd8, 0xfe, 0xd8, 0xfe, 0xd8, 0xfe, 0xd8, 0xfe, 0xd8, 0xfe, 0xd8, 0xfe,
  0xd8, 0xfe, 0xd8, 0xfe, 0xd8, 0xfe, 0xd8, 0xfe, 0xd8, 0xfe, 0xd8, 0xfe, 0xd8, 0xfe, 0xd8, 0xfe,
  0xd8, 0xfe, 0xd8, 0xfe, 0xd8, 0xfe, 0xd8, 0xfe, 0xd8, 0xfe, 0xd8, 0xfe, 0xd8, 0xfe, 0xd8, 0xfe,
  0xd8, 0xfe, 0xd8, 0xfe, 0xd8, 0xfe, 0xd8, 0xfe, 0xd8, 0xfe, 0xd8, 0xfe, 0xd8, 0xfe, 0xd8, 0xfe,
  0xd8, 0xfe, 0xd8, 0xfe, 0xd8, 0xfe, 0xd8, 0xfe, 0xd8, 0xfe, 0xd8, 0xfe, 0xd8, 0xfe, 0xd8, 0xfe,
  0xd8, 0xfe, 0xd8, 0xfe, 0xd8, 0xfe, 0xd8, 0xfe, 0xd8, 0xfe, 0xd8, 0xfe, 0xd8, 0xfe, 0xd8, 0xfe,
  0xd8, 0xfe, 0xd8, 0xfe, 0xd8, 0xfe, 0xd8, 0xfe, 0xd8, 0xfe, 0xd8, 0xfe, 0xd8, 0xfe, 0xd8, 0xfe,
  0xd8, 0xfe, 0xf8, 0xfe, 0x2e, 0x9c, 0xa5, 0x49, 0x65, 0x39, 0x65, 0x39, 0x64, 0x41, 0x27, 0x52,
  0x47, 0x5a, 0x47, 0x5a, 0x47, 0x5a, 0x47, 0x5a, 0x47, 0x5a, 0x47, 0x5a, 0x47, 0x5a, 0x47, 0x5a,
  0x47, 0x5a, 0x47, 0x5a, 0x47, 0x5a, 0x47, 0x5a, 0x26, 0x52, 0x65, 0x41, 0x44, 0x39, 0xc6, 0x49,
  0x93, 0xee, 0x93, 0xee, 0x93, 0xee, 0x93, 0xee, 0x93, 0xee, 0x73, 0xee, 0x73, 0xee, 0x73, 0xee,
  0x73, 0xee, 0x72, 0xee, 0x72, 0xee, 0x72, 0xe6, 0xb3, 0xf6, 0x0e, 0xbd, 0x24, 0x39, 0x45, 0x39,
  0xc6, 0x49, 0x47, 0x5a, 0x46, 0x5a, 0x46, 0x5a, 0x47, 0x5a, 0x47, 0x5a, 0x47, 0x5a, 0x47, 0x5a,
  0x47, 0x5a, 0x47, 0x5a, 0x47, 0x5a, 0x47, 0x5a, 0x47, 0x5a, 0x47, 0x5a, 0x47, 0x5a, 0x47, 0x5a,
  0x47, 0x5a, 0x47, 0x5a, 0x47, 0x5a, 0x47, 0x5a, 0x47, 0x5a, 0x47, 0x5a, 0x47, 0x5a, 0x47, 0x5a,
  0x47, 0x5a, 0x47, 0x5a, 0x26, 0x52, 0xa5, 0x49, 0x85, 0x41, 0x65, 0x39, 0x24, 0x31, 0x03, 0x31,
  0x24, 0x31, 0xc6, 0x49, 0x0b, 0x73, 0x6f, 0xac, 0xb4, 0xd5, 0x97, 0xf6, 0x18, 0xff, 0x39, 0xff,
  0x39, 0xff, 0x19, 0xff, 0xf8, 0xfe, 0xd8, 0xfe, 0xd8, 0xfe, 0xd8, 0xfe, 0xd8, 0xfe, 0xd8, 0xfe,
  0xd8, 0xfe, 0xd8, 0xfe, 0xd8, 0xfe, 0xd8, 0xfe, 0xd8, 0xfe, 0xd8, 0xfe, 0xd8, 0xfe, 0xd8, 0xfe,
  0xd8, 0xfe, 0xd8, 0xfe, 0xd8, 0xfe, 0xd8, 0xfe, 0xd8, 0xfe, 0xd8, 0xfe, 0xd8, 0xfe, 0xd8, 0xfe,
  0xd8, 0xfe, 0xd8, 0xfe, 0xd8, 0xfe, 0xd8, 0xfe, 0xd8, 0xfe, 0xd8, 0xfe, 0xd8, 0xfe, 0xd8, 0xfe,
  0xd8, 0xfe, 0xd8, 0xfe, 0xd8, 0xfe, 0xd8, 0xfe, 0xd8, 0xfe, 0xd8, 0xfe, 0xd8, 0xfe, 0xd8, 0xfe,
  0xd8, 0xfe, 0xd8, 0xfe, 0xd8, 0xfe, 0xd8, 0xfe, 0xd8, 0xfe, 0xd8, 0xfe, 0xd8, 0xfe, 0xd8, 0xfe,
  0xd8, 0xfe, 0xd8, 0xfe, 0xd8, 0xfe, 0xd8, 0xfe, 0xd8, 0xfe, 0xd8, 0xfe, 0xd8, 0xfe, 0xd8, 0xfe,
  0xd8, 0xfe, 0xd8, 0xfe, 0xd8, 0xfe, 0xd8, 0xfe, 0xd8, 0xfe, 0xd8, 0xfe, 0xd8, 0xfe, 0xd8, 0xfe,
  0xd8, 0xfe, 0xd8, 0xfe, 0xd8, 0xfe, 0xd8, 0xfe, 0xd8, 0xfe, 0xd8, 0xfe, 0xd8, 0xfe, 0xd8, 0xfe,
  0xd8, 0xfe, 0xd8, 0xfe, 0xd8, 0xfe, 0xd8, 0xfe, 0xd8, 0xfe, 0xd8, 0xfe, 0xd8, 0xfe, 0xd8, 0xfe,
  0x39, 0xff, 0x52, 0xc5, 0xe3, 0x28, 0x45, 0x39, 0x65, 0x39, 0x65, 0x41, 0xe6, 0x51, 0x47, 0x5a,
  0x47, 0x5a, 0x47, 0x5a, 0x47, 0x5a, 0x47, 0x5a, 0x47, 0x5a, 0x47, 0x5a, 0x47, 0x5a, 0x47, 0x5a,
  0x47, 0x5a, 0x47, 0x5a, 0x47, 0x5a, 0x46, 0x5a, 0x47, 0x5a, 0xe6, 0x49, 0x64, 0x39, 0x45, 0x39,
  0x93, 0xee, 0x93, 0xee, 0x93, 0xee, 0x93, 0xee, 0x93, 0xee, 0x73, 0xee, 0x72, 0xee, 0x72, 0xee,
  0x72, 0xee, 0x72, 0xee, 0x72, 0xee, 0x72, 0xe6, 0xb3, 0xee, 0x09, 0x7b, 0x04, 0x31, 0x85, 0x41,
  0x27, 0x52, 0x46, 0x5a, 0x46, 0x5a, 0x47, 0x5a, 0x47, 0x5a, 0x47, 0x5a, 0x47, 0x5a, 0x47, 0x5a,
  0x47, 0x5a, 0x47, 0x5a, 0x47, 0x5a, 0x47, 0x5a, 0x47, 0x5a, 0x47, 0x5a, 0x47, 0x5a, 0x47, 0x5a,
  0x47, 0x5a, 0x47, 0x5a, 0x47, 0x5a, 0x47, 0x5a, 0x47, 0x5a, 0x47, 0x5a, 0x47, 0x5a, 0x47, 0x5a,
  0x47, 0x5a, 0xc6, 0x49, 0x65, 0x41, 0x45, 0x39, 0x04, 0x31, 0x04, 0x31, 0xe7, 0x51, 0x8d, 0x8b,
  0x52, 0xc5, 0x97, 0xee, 0x39, 0xff, 0x59, 0xff, 0x19, 0xff, 0xf8, 0xfe, 0xd8, 0xfe, 0xd8, 0xfe,
  0xd8, 0xfe, 0xd8, 0xfe, 0xd8, 0xfe, 0xd8, 0xfe, 0xd8, 0xfe, 0xd8, 0xfe, 0xd8, 0xfe, 0xd8, 0xfe,
  0xd8, 0xfe, 0xd8, 0xfe, 0xd8, 0xfe, 0xd8, 0xfe, 0xd8, 0xfe, 0xd8, 0xfe, 0xd8, 0xfe, 0xd8, 0xfe,
  0xd8, 0xfe, 0xd8, 0xfe, 0xd8, 0xfe, 0xd8, 0xfe, 0xd8, 0xfe, 0xd8, 0xfe, 0xd8, 0xfe, 0xd8, 0xfe,
  0xd8, 0xfe, 0xd8, 0xfe, 0xd8, 0xfe, 0xd8, 0xfe, 0xd8, 0xfe, 0xd8, 0xfe, 0xd8, 0xfe, 0xd8, 0xfe,
  0xd8, 0xfe, 0xd8, 0xfe, 0xd8, 0xfe, 0xd8, 0xfe, 0xd8, 0xfe, 0xd8, 0xfe, 0xd8, 0xfe, 0xd8, 0xfe,
  0xd8, 0xfe, 0xd8, 0xfe, 0xd8, 0xfe, 0xd8, 0xfe, 0xd8, 0xfe, 0xd8, 0xfe, 0xd8, 0xfe, 0xd8, 0xfe,
  0xd8, 0xfe, 0xd8, 0xfe, 0xd8, 0xfe, 0xd8, 0xfe, 0xd8, 0xfe, 0xd8, 0xfe, 0xd8, 0xfe, 0xd8, 0xfe,
  0xd8, 0xfe, 0xd8, 0xfe, 0xd8, 0xfe, 0xd8, 0xfe, 0xd8, 0xfe, 0xd8, 0xfe, 0xd8, 0xfe, 0xd8, 0xfe,
  0xd8, 0xfe, 0xd8, 0xfe, 0xd8, 0xfe, 0xd8, 0xfe, 0xd8, 0xfe, 0xd8, 0xfe, 0xd8, 0xfe, 0xd8, 0xfe,
  0xd8, 0xfe, 0xd8, 0xfe, 0xd8, 0xfe, 0xd8, 0xfe, 0xd8, 0xfe, 0xd8, 0xfe, 0xd8, 0xfe, 0xd8, 0xfe,
  0x39, 0xff, 0x32, 0xc5, 0x24, 0x31, 0x65, 0x41, 0xa5, 0x41, 0x47, 0x5a, 0x47, 0x5a, 0x47, 0x5a,
  0x47, 0x5a, 0x47, 0x5a, 0x47, 0x5a, 0x47, 0x5a, 0x47, 0x5a, 0x47, 0x5a, 0x47, 0x5a, 0x47, 0x5a,
  0x47, 0x5a, 0x47, 0x5a, 0x47, 0x5a, 0x47, 0x5a, 0x47, 0x5a, 0x47, 0x5a, 0x85, 0x41, 0x65, 0x39,
  0x93, 0xee, 0x93, 0xee, 0x93, 0xee, 0x93, 0xee, 0x93, 0xee, 0x73, 0xee, 0x72, 0xee, 0x72, 0xee,
  0x72, 0xee, 0x72, 0xee, 0x72, 0xee, 0x93, 0xee, 0xd0, 0xd5, 0x85, 0x41, 0x45, 0x39, 0xc5, 0x49,
  0x47, 0x5a, 0x46, 0x5a, 0x47, 0x5a, 0x47, 0x5a, 0x47, 0x5a, 0x47, 0x5a, 0x47, 0x5a, 0x47, 0x5a,
  0x47, 0x5a, 0x47, 0x5a, 0x47, 0x5a, 0x47, 0x5a, 0x47, 0x5a, 0x47, 0x5a, 0x47, 0x5a, 0x47, 0x5a,
  0x47, 0x5a, 0x47, 0x5a, 0x47, 0x5a, 0x47, 0x5a, 0x47, 0x5a, 0x47, 0x5a, 0x47, 0x5a, 0x47, 0x5a,
  0xc5, 0x49, 0x44, 0x39, 0x45, 0x39, 0x44, 0x39, 0xa9, 0x6a, 0x11, 0xbd, 0xb7, 0xf6, 0x39, 0xff,
  0x39, 0xff, 0xf8, 0xfe, 0xd8, 0xfe, 0xd8, 0xfe, 0xd8, 0xfe, 0xd8, 0xfe, 0xd8, 0xfe, 0xd8, 0xfe,
  0xd8, 0xfe, 0xd8, 0xfe, 0xd8, 0xfe, 0xd8, 0xfe, 0xd8, 0xfe, 0xd8, 0xfe, 0xd8, 0xfe, 0xd8, 0xfe,
  0xd8, 0xfe, 0xd8, 0xfe, 0xd8, 0xfe, 0xd8, 0xfe, 0xd8, 0xfe, 0xd8, 0xfe, 0xd8, 0xfe, 0xd8, 0xfe,
  0xd8, 0xfe, 0xd8, 0xfe, 0xd8, 0xfe, 0xd8, 0xfe, 0xd8, 0xfe, 0xd8, 0xfe, 0xd8, 0xfe, 0xd8, 0xfe,
  0xd8, 0xfe, 0xd8, 0xfe, 0xd8, 0xfe, 0xd8, 0xfe, 0xd8, 0xfe, 0xd8, 0xfe, 0xd8, 0xfe, 0xd8, 0xfe,
  0xd8, 0xfe, 0xd8, 0xfe, 0xd8, 0xfe, 0xd8, 0xfe, 0xd8, 0xfe, 0xd8, 0xfe, 0xd8, 0xfe, 0xd8, 0xfe,
  0xd8, 0xfe, 0xd8, 0xfe, 0xd8, 0xfe, 0xd8, 0xfe, 0xd8, 0xfe, 0xd8, 0xfe, 0xd8, 0xfe, 0xd8, 0xfe,
  0xd8, 0xfe, 0xd8, 0xfe, 0xd8, 0xfe, 0xd8, 0xfe, 0xd8, 0xfe, 0xd8, 0xfe, 0xd8, 0xfe, 0xd8, 0xfe,
  0xd8, 0xfe, 0xd8, 0xfe, 0xd8, 0xfe, 0xd8, 0xfe, 0xd8, 0xfe, 0xd8, 0xfe, 0xd8, 0xfe, 0xd8, 0xfe,
  0xd8, 0xfe, 0xd8, 0xfe, 0xd8, 0xfe, 0xd8, 0xfe, 0xd8, 0xfe, 0xd8, 0xfe, 0xd8, 0xfe, 0xd8, 0xfe,
  0xd8, 0xfe, 0xd8, 0xfe, 0xd8, 0xfe, 0xd8, 0xfe, 0xd8, 0xfe, 0xd8, 0xfe, 0xd8, 0xfe, 0xd8, 0xfe,
  0xf8, 0xfe, 0xd8, 0xf6, 0x68, 0x62, 0x24, 0x31, 0x85, 0x41, 0xe6, 0x49, 0x47, 0x5a, 0x46, 0x5a,
  0x47, 0x5a, 0x47, 0x5a, 0x47, 0x5a, 0x47, 0x5a, 0x47, 0x5a, 0x47, 0x5a, 0x47, 0x5a, 0x47, 0x5a,
  0x47, 0x5a, 0x47, 0x5a, 0x47, 0x5a, 0x47, 0x5a, 0x47, 0x5a, 0x47, 0x5a, 0x26, 0x52, 0x64, 0x41,
  0x93, 0xee, 0x93, 0xee, 0x93, 0xee, 0x93, 0xee, 0x93, 0xee, 0x73, 0xee, 0x72, 0xee, 0x72, 0xee,
  0x72, 0xee, 0x72, 0xee, 0x52, 0xe6, 0xd3, 0xf6, 0x2c, 0x9c, 0x04, 0x31, 0x65, 0x41, 0x06, 0x52,
  0x46, 0x5a, 0x26, 0x5a, 0x47, 0x5a, 0x47, 0x5a, 0x47, 0x5a, 0x47, 0x5a, 0x47, 0x5a, 0x47, 0x5a,
  0x47, 0x5a, 0x47, 0x5a, 0x47, 0x5a, 0x47, 0x5a, 0x47, 0x5a, 0x47, 0x5a, 0x47, 0x5a, 0x47, 0x5a,
  0x47, 0x5a, 0x47, 0x5a, 0x47, 0x5a, 0x47, 0x5a, 0x47, 0x5a, 0x47, 0x5a, 0x47, 0x5a, 0x26, 0x5a,
  0x84, 0x41, 0x65, 0x39, 0x85, 0x41, 0xf1, 0xbc, 0x7a, 0xff, 0x39, 0xff, 0xf8, 0xfe, 0xd8, 0xfe,
  0xd8, 0xfe, 0xd8, 0xfe, 0xd8, 0xfe, 0xd8, 0xfe, 0xd8, 0xfe, 0xd8, 0xfe, 0xd8, 0xfe, 0xd8, 0xfe,
  0xd8, 0xfe, 0xd8, 0xfe, 0xd8, 0xfe, 0xd8, 0xfe, 0xd8, 0xfe, 0xd8, 0xfe, 0xd8, 0xfe, 0xd8, 0xfe,
  0xd8, 0xfe, 0xd8, 0xfe, 0xd8, 0xfe, 0xd8, 0xfe, 0xd8, 0xfe, 0xd8, 0xfe, 0xd8, 0xfe, 0xd8, 0xfe,
  0xd8, 0xfe, 0xd8, 0xfe, 0xd8, 0xfe, 0xd8, 0xfe, 0xd8, 0xfe, 0xd8, 0xfe, 0xd8, 0xfe, 0xd8, 0xfe,
  0xd8, 0xfe, 0xd8, 0xfe, 0xd8, 0xfe, 0xd8, 0xfe, 0xd8, 0xfe, 0xd8, 0xfe, 0xd8, 0xfe, 0xd8, 0xfe,
  0xd8, 0xfe, 0xd8, 0xfe, 0xd8, 0xfe, 0xd8, 0xfe, 0xd8, 0xfe, 0xd8, 0xfe, 0xd8, 0xfe, 0xd8, 0xfe,
  0xd8, 0xfe, 0xd8, 0xfe, 0xd8, 0xfe, 0xd8, 0xfe, 0xd8, 0xfe, 0xd8, 0xfe, 0xd8, 0xfe, 0xd8, 0xfe,
  0xd8, 0xfe, 0xd8, 0xfe, 0xd8, 0xfe, 0xd8, 0xfe, 0xd8, 0xfe, 0xd8, 0xfe, 0xd8, 0xfe, 0xd8, 0xfe,
  0xd8, 0xfe, 0xd8, 0xfe, 0xd8, 0xfe, 0xd8, 0xfe, 0xd8, 0xfe, 0xd8, 0xfe, 0xd8, 0xfe, 0xd8, 0xfe,
  0xd8, 0xfe, 0xd8, 0xfe, 0xd8, 0xfe, 0xd8, 0xfe, 0xd8, 0xfe, 0xd8, 0xfe, 0xd8, 0xfe, 0xd8, 0xfe,
  0xd8, 0xfe, 0xd8, 0xfe, 0xd8, 0xfe, 0xd8, 0xfe, 0xd8, 0xfe, 0xd8, 0xfe, 0xd8, 0xfe, 0xd8, 0xfe,
  0xd8, 0xfe, 0x19, 0xff, 0xf4, 0xd5, 0x85, 0x41, 0x44, 0x39, 0x65, 0x41, 0x06, 0x52, 0x46, 0x5a,
  0x46, 0x5a, 0x47, 0x5a, 0x47, 0x5a, 0x47, 0x5a, 0x47, 0x5a, 0x47, 0x5a, 0x47, 0x5a, 0x47, 0x5a,
  0x47, 0x5a, 0x47, 0x5a, 0x47, 0x5a, 0x47, 0x5a, 0x47, 0x5a, 0x47, 0x5a, 0x47, 0x5a, 0xe6, 0x51,
  0x93, 0xee, 0x93, 0xee, 0x93, 0xee, 0x93, 0xee, 0x93, 0xee, 0x93, 0xee, 0x72, 0xee, 0x72, 0xee,
  0x72, 0xee, 0x72, 0xee, 0x72, 0xee, 0x93, 0xee, 0x88, 0x6a, 0x04, 0x31, 0x85, 0x41, 0x47, 0x5a,
  0x46, 0x5a, 0x47, 0x5a, 0x47, 0x5a, 0x47, 0x5a, 0x47, 0x5a, 0x47, 0x5a, 0x47, 0x5a, 0x47, 0x5a,
  0x47, 0x5a, 0x47, 0x5a, 0x47, 0x5a, 0x47, 0x5a, 0x47, 0x5a, 0x47, 0x5a, 0x47, 0x5a, 0x47, 0x5a,
  0x47, 0x5a, 0x47, 0x5a, 0x47, 0x5a, 0x47, 0x5a, 0x47, 0x5a, 0x47, 0x5a, 0x47, 0x5a, 0x47, 0x5a,
  0x85, 0x41, 0x65, 0x39, 0x65, 0x41, 0x27, 0x5a, 0x4f, 0xa4, 0xd8, 0xfe, 0xd8, 0xfe, 0xd8, 0xfe,
  0xd8, 0xfe, 0xd8, 0xfe, 0xd8, 0xfe, 0xd8, 0xfe, 0xd8, 0xfe, 0xd8, 0xfe, 0xd8, 0xfe, 0xd8, 0xfe,
  0xd8, 0xfe, 0xd8, 0xfe, 0xd8, 0xfe, 0xd8, 0xfe, 0xd8, 0xfe, 0xd8, 0xfe, 0xd8, 0xfe, 0xd8, 0xfe,
  0xd8, 0xfe, 0xd8, 0xfe, 0xd8, 0xfe, 0xd8, 0xfe, 0xd8, 0xfe, 0xd8, 0xfe, 0xd8, 0xfe, 0xd8, 0xfe,
  0xd8, 0xfe, 0xd8, 0xfe, 0xd8, 0xfe, 0xd8, 0xfe, 0xd8, 0xfe, 0xd8, 0xfe, 0xd8, 0xfe, 0xd8, 0xfe,
  0xd8, 0xfe, 0xd8, 0xfe, 0xd8, 0xfe, 0xd8, 0xfe, 0xd8, 0xfe, 0xd8, 0xfe, 0xd8, 0xfe, 0xd8, 0xfe,
  0xd8, 0xfe, 0xd8, 0xfe, 0xd8, 0xfe, 0xd8, 0xfe, 0xd8, 0xfe, 0xd8, 0xfe, 0xd8, 0xfe, 0xd8, 0xfe,
  0xd8, 0xfe, 0xd8, 0xfe, 0xd8, 0xfe, 0xd8, 0xfe, 0xd8, 0xfe, 0xd8, 0xfe, 0xd8, 0xfe, 0xd8, 0xfe,
  0xd8, 0xfe, 0xd8, 0xfe, 0xd8, 0xfe, 0xd8, 0xfe, 0xd8, 0xfe, 0xd8, 0xfe, 0xd8, 0xfe, 0xd8, 0xfe,
  0xd8, 0xfe, 0xd8, 0xfe, 0xd8, 0xfe, 0xd8, 0xfe, 0xd8, 0xfe, 0xd8, 0xfe, 0xd8, 0xfe, 0xd8, 0xfe,
  0xd8, 0xfe, 0xd8, 0xfe, 0xd8, 0xfe, 0xd8, 0xfe, 0xd8, 0xfe, 0xd8, 0xfe, 0xd8, 0xfe, 0xd8, 0xfe,
  0xd8, 0xfe, 0xd8, 0xfe, 0xd8, 0xfe, 0xd8, 0xfe, 0xd8, 0xfe, 0xd8, 0xfe, 0xd8, 0xfe, 0xd8, 0xfe,
  0xd8, 0xfe, 0xd7, 0xfe, 0x59, 0xff, 0xf1, 0xb4, 0x03, 0x39, 0x65, 0x39, 0x84, 0x41, 0x46, 0x52,
  0x46, 0x5a, 0x47, 0x5a, 0x47, 0x5a, 0x47, 0x5a, 0x47, 0x5a, 0x47, 0x5a, 0x47, 0x5a, 0x47, 0x5a,
  0x47, 0x5a, 0x47, 0x5a, 0x47, 0x5a, 0x47, 0x5a, 0x47, 0x5a, 0x47, 0x5a, 0x46, 0x5a, 0x47, 0x5a,
  0x93, 0xee, 0x93, 0xee, 0x93, 0xee, 0x93, 0xee, 0x93, 0xee, 0x93, 0xee, 0x72, 0xee, 0x72, 0xee,
  0x72, 0xee, 0x72, 0xee, 0x92, 0xee, 0x12, 0xde, 0xc6, 0x49, 0x44, 0x39, 0xc6, 0x49, 0x47, 0x5a,
  0x46, 0x52, 0x47, 0x5a, 0x47, 0x5a, 0x47, 0x5a, 0x47, 0x5a, 0x47, 0x5a, 0x47, 0x5a, 0x47, 0x5a,
  0x47, 0x5a, 0x47, 0x5a, 0x47, 0x5a, 0x47, 0x5a, 0x47, 0x5a, 0x47, 0x5a, 0x47, 0x5a, 0x47, 0x5a,
  0x47, 0x5a, 0x47, 0x5a, 0x47, 0x5a, 0x47, 0x5a, 0x47, 0x5a, 0x47, 0x5a, 0x47, 0x5a, 0x47, 0x5a,
  0x06, 0x52, 0x85, 0x41, 0x65, 0x39, 0x24, 0x39, 0xc2, 0x28, 0x4f, 0xa4, 0x39, 0xff, 0xd8, 0xfe,
  0xd8, 0xfe, 0xd8, 0xfe, 0xd8, 0xfe, 0xd8, 0xfe, 0xd8, 0xfe, 0xd8, 0xfe, 0xd8, 0xfe, 0xd8, 0xfe,
  0xd8, 0xfe, 0xd8, 0xfe, 0xd8, 0xfe, 0xd8, 0xfe, 0xd8, 0xfe, 0xd8, 0xfe, 0xd8, 0xfe, 0xd8, 0xfe,
  0xd8, 0xfe, 0xd8, 0xfe, 0xd8, 0xfe, 0xd8, 0xfe, 0xd8, 0xfe, 0xd8, 0xfe, 0xd8, 0xfe, 0xd8, 0xfe,
  0xd8, 0xfe, 0xd8, 0xfe, 0xd8, 0xfe, 0xd8, 0xfe, 0xd8, 0xfe, 0xd8, 0xfe, 0xd8, 0xfe, 0xd8, 0xfe,
  0xd8, 0xfe, 0xd8, 0xfe, 0xd8, 0xfe, 0xd8, 0xfe, 0xd8, 0xfe, 0xd8, 0xfe, 0xd8, 0xfe, 0xd8, 0xfe,
  0xd8, 0xfe, 0xd8, 0xfe, 0xd8, 0xfe, 0xd8, 0xfe, 0xd8, 0xfe, 0xd8, 0xfe, 0xd8, 0xfe, 0xd8, 0xfe,
  0xd8, 0xfe, 0xd8, 0xfe, 0xd8, 0xfe, 0xd8, 0xfe, 0xd8, 0xfe, 0xd8, 0xfe, 0xd8, 0xfe, 0xd8, 0xfe,
  0xd8, 0xfe, 0xd8, 0xfe, 0xd8, 0xfe, 0xd8, 0xfe, 0xd8, 0xfe, 0xd8, 0xfe, 0xd8, 0xfe, 0xd8, 0xfe,
  0xd8, 0xfe, 0xd8, 0xfe, 0xd8, 0xfe, 0xd8, 0xfe, 0xd8, 0xfe, 0xd8, 0xfe, 0xd8, 0xfe, 0xd8, 0xfe,
  0xd8, 0xfe, 0xd8, 0xfe, 0xd8, 0xfe, 0x39, 0xff, 0x39, 0xff, 0xf8, 0xfe, 0xd8, 0xfe, 0xd8, 0xfe,
  0xd8, 0xfe, 0xd8, 0xfe, 0xd8, 0xfe, 0xd8, 0xfe, 0xd8, 0xfe, 0xd8, 0xfe, 0xd8, 0xfe, 0xd8, 0xfe,
  0xd8, 0xfe, 0xd8, 0xfe, 0xd8, 0xfe, 0x59, 0xff, 0xed, 0x93, 0x03, 0x31, 0x65, 0x41, 0xa5, 0x41,
  0x47, 0x5a, 0x46, 0x5a, 0x47, 0x5a, 0x47, 0x5a, 0x47, 0x5a, 0x47, 0x5a, 0x47, 0x5a, 0x47, 0x5a,
  0x47, 0x5a, 0x47, 0x5a, 0x47, 0x5a, 0x47, 0x5a, 0x47, 0x5a, 0x47, 0x5a, 0x47, 0x5a, 0x47, 0x5a,
  0x93, 0xee, 0x93, 0xee, 0x73, 0xee, 0x73, 0xee, 0x73, 0xee, 0x73, 0xee, 0x73, 0xee, 0x72, 0xee,
  0x72, 0xee, 0x72, 0xee, 0x93, 0xee, 0xf1, 0xdd, 0x85, 0x49, 0x44, 0x39, 0xc6, 0x49, 0x47, 0x5a,
  0x46, 0x5a, 0x47, 0x5a, 0x47, 0x5a, 0x47, 0x5a, 0x47, 0x5a, 0x47, 0x5a, 0x47, 0x5a, 0x47, 0x5a,
  0x47, 0x5a, 0x47, 0x5a, 0x47, 0x5a, 0x47, 0x5a, 0x47, 0x5a, 0x47, 0x5a, 0x47, 0x5a, 0x47, 0x5a,
  0x47, 0x5a, 0x47, 0x5a, 0x47, 0x5a, 0x47, 0x5a, 0x47, 0x5a, 0x47, 0x5a, 0x47, 0x5a, 0x26, 0x5a,
  0x47, 0x5a, 0x26, 0x52, 0x85, 0x41, 0x85, 0x41, 0xe3, 0x28, 0x6c, 0x83, 0x39, 0xff, 0xd8, 0xfe,
  0xd8, 0xfe, 0xd8, 0xfe, 0xd8, 0xfe, 0xd8, 0xfe, 0xd8, 0xfe, 0xd8, 0xfe, 0xd8, 0xfe, 0xd8, 0xfe,
  0xd8, 0xfe, 0xd8, 0xfe, 0xd8, 0xfe, 0xd8, 0xfe, 0xd8, 0xfe, 0xd8, 0xfe, 0xd8, 0xfe, 0xd8, 0xfe,
  0xd8, 0xfe, 0xd8, 0xfe, 0xd8, 0xfe, 0xd8, 0xfe, 0xd8, 0xfe, 0xd8, 0xfe, 0xd8, 0xfe, 0xd8, 0xfe,
  0xd8, 0xfe, 0xd8, 0xfe, 0xd8, 0xfe, 0xd8, 0xfe, 0xd8, 0xfe, 0xd8, 0xfe, 0xd8, 0xfe, 0xd8, 0xfe,
  0xd8, 0xfe, 0xd8, 0xfe, 0xd8, 0xfe, 0xd8, 0xfe, 0xd8, 0xfe, 0xd8, 0xfe, 0xd8, 0xfe, 0xd8, 0xfe,
  0xd8, 0xfe, 0xd8, 0xfe, 0xd8, 0xfe, 0xd8, 0xfe, 0xd8, 0xfe, 0xd8, 0xfe, 0xd8, 0xfe, 0xd8, 0xfe,
  0xd8, 0xfe, 0xd8, 0xfe, 0xd8, 0xfe, 0xd8, 0xfe, 0xd8, 0xfe, 0xd8, 0xfe, 0xd8, 0xfe, 0xd8, 0xfe,
  0xd8, 0xfe, 0xd8, 0xfe, 0xd8, 0xfe, 0xd8, 0xfe, 0xd8, 0xfe, 0xd8, 0xfe, 0xd8, 0xfe, 0xd8, 0xfe,
  0xd8, 0xfe, 0xd8, 0xfe, 0xd8, 0xfe, 0xd8, 0xfe, 0xd8, 0xfe, 0xd8, 0xfe, 0xd8, 0xfe, 0xd8, 0xfe,
  0xd8, 0xfe, 0xf8, 0xfe, 0x18, 0xff, 0x32, 0xc5, 0xf1, 0xbc, 0xd8, 0xfe, 0xf8, 0xfe, 0xd8, 0xfe,
  0xd8, 0xfe, 0xd8, 0xfe, 0xd8, 0xfe, 0xd8, 0xfe, 0xd8, 0xfe, 0xd8, 0xfe, 0xd8, 0xfe, 0xd8, 0xfe,
  0xd8, 0xfe, 0xd8, 0xfe, 0xd8, 0xfe, 0xd8, 0xfe, 0x18, 0xff, 0xea, 0x72, 0x04, 0x31, 0x65, 0x41,
  0xc6, 0x49, 0x47, 0x5a, 0x47, 0x5a, 0x47, 0x5a, 0x47, 0x5a, 0x47, 0x5a, 0x47, 0x5a, 0x47, 0x5a,
  0x47, 0x5a, 0x47, 0x5a, 0x47, 0x5a, 0x47, 0x5a, 0x47, 0x5a, 0x47, 0x5a, 0x47, 0x5a, 0x47, 0x5a,
  0x93, 0xee, 0x93, 0xee, 0x73, 0xee, 0x73, 0xee, 0x73, 0xee, 0x73, 0xee, 0x72, 0xee, 0x72, 0xee,
  0x72, 0xee, 0x72, 0xee, 0x72, 0xee, 0x72, 0xe6, 0x27, 0x5a, 0x24, 0x31, 0x85, 0x41, 0x27, 0x5a,
  0x46, 0x5a, 0x47, 0x5a, 0x47, 0x5a, 0x47, 0x5a, 0x47, 0x5a, 0x47, 0x5a, 0x47, 0x5a, 0x47, 0x5a,
  0x47, 0x5a, 0x47, 0x5a, 0x47, 0x5a, 0x47, 0x5a, 0x47, 0x5a, 0x47, 0x5a, 0x47, 0x5a, 0x47, 0x5a,
  0x47, 0x5a, 0x47, 0x5a, 0x47, 0x5a, 0x47, 0x5a, 0x47, 0x5a, 0x47, 0x5a, 0x47, 0x5a, 0x47, 0x5a,
  0x26, 0x52, 0x84, 0x41, 0x65, 0x41, 0x04, 0x31, 0xe7, 0x51, 0x36, 0xe6, 0x18, 0xff, 0xd8, 0xfe,
  0xd8, 0xfe, 0xd8, 0xfe, 0xd8, 0xfe, 0xd8, 0xfe, 0xd8, 0xfe, 0xd8, 0xfe, 0xd8, 0xfe, 0xd8, 0xfe,
  0xd8, 0xfe, 0xd8, 0xfe, 0xd8, 0xfe, 0xd8, 0xfe, 0xd8, 0xfe, 0xd8, 0xfe, 0xd8, 0xfe, 0xd8, 0xfe,
  0xd8, 0xfe, 0xd8, 0xfe, 0xd8, 0xfe, 0xd8, 0xfe, 0xd8, 0xfe, 0xd8, 0xfe, 0xd8, 0xfe, 0xd8, 0xfe,
  0xd8, 0xfe, 0xd8, 0xfe, 0xd8, 0xfe, 0xd8, 0xfe, 0xd8, 0xfe, 0xd8, 0xfe, 0xd8, 0xfe, 0xd8, 0xfe,
  0xd8, 0xfe, 0xd8, 0xfe, 0xd8, 0xfe, 0xd8, 0xfe, 0xd8, 0xfe, 0xd8, 0xfe, 0xd8, 0xfe, 0xd8, 0xfe,
  0xd8, 0xfe, 0xd8, 0xfe, 0xd8, 0xfe, 0xd8, 0xfe, 0xd8, 0xfe, 0xd8, 0xfe, 0xd8, 0xfe, 0xd8, 0xfe,
  0xd8, 0xfe, 0xd8, 0xfe, 0xd8, 0xfe, 0xd8, 0xfe, 0xd8, 0xfe, 0xd8, 0xfe, 0xd8, 0xfe, 0xd8, 0xfe,
  0xd8, 0xfe, 0xd8, 0xfe, 0xd8, 0xfe, 0xd8, 0xfe, 0xd8, 0xfe, 0xd8, 0xfe, 0xd8, 0xfe, 0xd8, 0xfe,
  0xd8, 0xfe, 0xd8, 0xfe, 0xd8, 0xfe, 0xd8, 0xfe, 0xd8, 0xfe, 0xd8, 0xfe, 0xd8, 0xfe, 0xd8, 0xfe,
  0xf8, 0xfe, 0x18, 0xff, 0x8c, 0x83, 0x03, 0x31, 0xe3, 0x28, 0x11, 0xbd, 0x39, 0xff, 0xd8, 0xfe,
  0xd8, 0xfe, 0xd8, 0xfe, 0xd8, 0xfe, 0xd8, 0xfe, 0xd8, 0xfe, 0xd8, 0xfe, 0xd8, 0xfe, 0xd8, 0xfe,
  0xf8, 0xfe, 0xd8, 0xfe, 0xd8, 0xfe, 0xd8, 0xfe, 0x18, 0xff, 0x97, 0xee, 0x07, 0x52, 0x24, 0x39,
  0x65, 0x41, 0x06, 0x52, 0x47, 0x5a, 0x47, 0x5a, 0x47, 0x5a, 0x47, 0x5a, 0x47, 0x5a, 0x47, 0x5a,
  0x47, 0x5a, 0x47, 0x5a, 0x47, 0x5a, 0x47, 0x5a, 0x47, 0x5a, 0x47, 0x5a, 0x47, 0x5a, 0x47, 0x5a,
  0x93, 0xee, 0x93, 0xee, 0x73, 0xee, 0x73, 0xee, 0x73, 0xee, 0x73, 0xee, 0x72, 0xee, 0x72, 0xee,
  0x72, 0xee, 0x72, 0xee, 0x72, 0xe6, 0xd3, 0xf6, 0x2c, 0x9c, 0x04, 0x31, 0x65, 0x41, 0x06, 0x52,
  0x47, 0x5a, 0x27, 0x5a, 0x47, 0x5a, 0x47, 0x5a, 0x47, 0x5a, 0x47, 0x5a, 0x47, 0x5a, 0x47, 0x5a,
  0x47, 0x5a, 0x47, 0x5a, 0x47, 0x5a, 0x47, 0x5a, 0x47, 0x5a, 0x47, 0x5a, 0x47, 0x5a, 0x47, 0x5a,
  0x47, 0x5a, 0x47, 0x5a, 0x47, 0x5a, 0x47, 0x5a, 0x47, 0x5a, 0x46, 0x5a, 0x47, 0x5a, 0xe6, 0x49,
  0x65, 0x39, 0x45, 0x39, 0xe3, 0x30, 0xa9, 0x6a, 0x56, 0xe6, 0x19, 0xff, 0xd8, 0xfe, 0xd8, 0xfe,
  0xd8, 0xfe, 0xd8, 0xfe, 0xd8, 0xfe, 0xd8, 0xfe, 0xd8, 0xfe, 0xd8, 0xfe, 0xd8, 0xfe, 0xd8, 0xfe,
  0xd8, 0xfe, 0xd8, 0xfe, 0xd8, 0xfe, 0xd8, 0xfe, 0xd8, 0xfe, 0xd8, 0xfe, 0xd8, 0xfe, 0xd8, 0xfe,
  0xd8, 0xfe, 0xd8, 0xfe, 0xd8, 0xfe, 0xd8, 0xfe, 0xd8, 0xfe, 0xd8, 0xfe, 0xd8, 0xfe, 0xd8, 0xfe,
  0xd8, 0xfe, 0xd8, 0xfe, 0xd8, 0xfe, 0xd8, 0xfe, 0xd8, 0xfe, 0xd8, 0xfe, 0xd8, 0xfe, 0xd8, 0xfe,
  0xd8, 0xfe, 0xd8, 0xfe, 0xd8, 0xfe, 0xd8, 0xfe, 0xd8, 0xfe, 0xd8, 0xfe, 0xd8, 0xfe, 0xd8, 0xfe,
  0xd8, 0xfe, 0xd8, 0xfe, 0xd8, 0xfe, 0xd8, 0xfe, 0xd8, 0xfe, 0xd8, 0xfe, 0xd8, 0xfe, 0xd8, 0xfe,
  0xd8, 0xfe, 0xd8, 0xfe, 0xd8, 0xfe, 0xd8, 0xfe, 0xd8, 0xfe, 0xd8, 0xfe, 0xd8, 0xfe, 0xd8, 0xfe,
  0xd8, 0xfe, 0xd8, 0xfe, 0xd8, 0xfe, 0xd8, 0xfe, 0xd8, 0xfe, 0xd8, 0xfe, 0xd8, 0xfe, 0xd8, 0xfe,
  0xd8, 0xfe, 0xd8, 0xfe, 0xd8, 0xfe, 0xd8, 0xfe, 0xd8, 0xfe, 0xd8, 0xfe, 0xd8, 0xfe, 0xf8, 0xfe,
  0xf8, 0xfe, 0x0a, 0x7b, 0x03, 0x31, 0x85, 0x41, 0x44, 0x31, 0x93, 0xcd, 0x19, 0xff, 0xd8, 0xfe,
  0xd8, 0xfe, 0xd8, 0xfe, 0xd8, 0xfe, 0xd8, 0xfe, 0xd8, 0xfe, 0xd8, 0xfe, 0xd8, 0xfe, 0xd8, 0xfe,
  0xd7, 0xfe, 0xd8, 0xfe, 0xd8, 0xfe, 0xd8, 0xfe, 0xd7, 0xfe, 0x19, 0xff, 0x93, 0xcd, 0x44, 0x39,
  0x45, 0x39, 0x85, 0x41, 0x27, 0x5a, 0x47, 0x5a, 0x47, 0x5a, 0x47, 0x5a, 0x47, 0x5a, 0x47, 0x5a,
  0x47, 0x5a, 0x47, 0x5a, 0x47, 0x5a, 0x47, 0x5a, 0x47, 0x5a, 0x47, 0x5a, 0x47, 0x5a, 0x47, 0x5a,
  0x93, 0xee, 0x93, 0xee, 0x93, 0xee, 0x93, 0xee, 0x73, 0xee, 0x73, 0xee, 0x72, 0xee, 0x72, 0xee,
  0x72, 0xee, 0x72, 0xee, 0x72, 0xee, 0x92, 0xee, 0xd0, 0xd5, 0x85, 0x41, 0x45, 0x39, 0xe5, 0x49,
  0x47, 0x5a, 0x47, 0x5a, 0x47, 0x5a, 0x47, 0x5a, 0x47, 0x5a, 0x47, 0x5a, 0x47, 0x5a, 0x47, 0x5a,
  0x47, 0x5a, 0x47, 0x5a, 0x47, 0x5a, 0x47, 0x5a, 0x47, 0x5a, 0x47, 0x5a, 0x47, 0x5a, 0x47, 0x5a,
  0x47, 0x5a, 0x47, 0x5a, 0x47, 0x5a, 0x47, 0x5a, 0x47, 0x5a, 0x46, 0x5a, 0xc5, 0x49, 0x65, 0x39,
  0x45, 0x39, 0x24, 0x39, 0xee, 0x9b, 0x18, 0xff, 0x18, 0xff, 0xd8, 0xfe, 0xd8, 0xfe, 0xd8, 0xfe,
  0xd8, 0xfe, 0xd8, 0xfe, 0xd8, 0xfe, 0xd8, 0xfe, 0xd8, 0xfe, 0xd8, 0xfe, 0xd8, 0xfe, 0xd8, 0xfe,
  0xd8, 0xfe, 0xd8, 0xfe, 0xd8, 0xfe, 0xd8, 0xfe, 0xd8, 0xfe, 0xd8, 0xfe, 0xd8, 0xfe, 0xd8, 0xfe,
  0xd8, 0xfe, 0xd8, 0xfe, 0xd8, 0xfe, 0xd8, 0xfe, 0xd8, 0xfe, 0xd8, 0xfe, 0xd8, 0xfe, 0xd8, 0xfe,
  0xd8, 0xfe, 0xd8, 0xfe, 0xd8, 0xfe, 0xd8, 0xfe, 0xd8, 0xfe, 0xd8, 0xfe, 0xd8, 0xfe, 0xd8, 0xfe,
  0xd8, 0xfe, 0xd8, 0xfe, 0xd8, 0xfe, 0xd8, 0xfe, 0xd8, 0xfe, 0xd8, 0xfe, 0xd8, 0xfe, 0xd8, 0xfe,
  0xd8, 0xfe, 0xd8, 0xfe, 0xd8, 0xfe, 0xd8, 0xfe, 0xd8, 0xfe, 0xd8, 0xfe, 0xd8, 0xfe, 0xd8, 0xfe,
  0xd8, 0xfe, 0xd8, 0xfe, 0xd8, 0xfe, 0xd8, 0xfe, 0xd8, 0xfe, 0xd8, 0xfe, 0xd8, 0xfe, 0xd8, 0xfe,
  0xd8, 0xfe, 0xd8, 0xfe, 0xd8, 0xfe, 0xd8, 0xfe, 0xd8, 0xfe, 0xd8, 0xfe, 0xd8, 0xfe, 0xd8, 0xfe,
  0xd8, 0xfe, 0xd8, 0xfe, 0xd8, 0xfe, 0xd8, 0xfe, 0xd8, 0xfe, 0xd7, 0xfe, 0x19, 0xff, 0x97, 0xf6,
  0xa9, 0x6a, 0x04, 0x31, 0x65, 0x41, 0x24, 0x31, 0x70, 0xac, 0x19, 0xff, 0xd8, 0xfe, 0xd8, 0xfe,
  0xd8, 0xfe, 0xd8, 0xfe, 0xd8, 0xfe, 0xd8, 0xfe, 0xd8, 0xfe, 0xd7, 0xfe, 0xd7, 0xfe, 0xd8, 0xfe,
  0xd7, 0xfe, 0xd7, 0xfe, 0xd8, 0xfe, 0xd7, 0xfe, 0xd8, 0xfe, 0xb7, 0xfe, 0x39, 0xff, 0x0d, 0x9c,
  0x04, 0x31, 0x65, 0x41, 0xc5, 0x49, 0x47, 0x5a, 0x47, 0x5a, 0x47, 0x5a, 0x47, 0x5a, 0x47, 0x5a,
  0x47, 0x5a, 0x47, 0x5a, 0x47, 0x5a, 0x47, 0x5a, 0x47, 0x5a, 0x47, 0x5a, 0x47, 0x5a, 0x47, 0x5a,
  0x93, 0xee, 0x93, 0xee, 0x93, 0xee, 0x93, 0xee, 0x73, 0xee, 0x73, 0xee, 0x72, 0xee, 0x72, 0xee,
  0x72, 0xee, 0x72, 0xee, 0x72, 0xee, 0x72, 0xee, 0x31, 0xde, 0xe6, 0x49, 0x24, 0x39, 0xc5, 0x49,
  0x47, 0x5a, 0x47, 0x5a, 0x47, 0x5a, 0x47, 0x5a, 0x47, 0x5a, 0x47, 0x5a, 0x47, 0x5a, 0x47, 0x5a,
  0x47, 0x5a, 0x47, 0x5a, 0x47, 0x5a, 0x47, 0x5a, 0x47, 0x5a, 0x47, 0x5a, 0x47, 0x5a, 0x47, 0x5a,
  0x47, 0x5a, 0x47, 0x5a, 0x47, 0x5a, 0x47, 0x5a, 0x46, 0x5a, 0xa5, 0x41, 0x65, 0x39, 0x24, 0x31,
  0xa6, 0x49, 0x32, 0xc5, 0x59, 0xff, 0xf8, 0xfe, 0xd8, 0xfe, 0xd8, 0xfe, 0xf8, 0xfe, 0xd8, 0xfe,
  0xd8, 0xfe, 0xd8, 0xfe, 0xd8, 0xfe, 0xd8, 0xfe, 0xd8, 0xfe, 0xd8, 0xfe, 0xd8, 0xfe, 0xd8, 0xfe,
  0xd8, 0xfe, 0xd8, 0xfe, 0xd8, 0xfe, 0xd8, 0xfe, 0xd8, 0xfe, 0xd8, 0xfe, 0xd8, 0xfe, 0xd8, 0xfe,
  0xd8, 0xfe, 0xd8, 0xfe, 0xd8, 0xfe, 0xd8, 0xfe, 0xd8, 0xfe, 0xd8, 0xfe, 0xd8, 0xfe, 0xd8, 0xfe,
  0xd8, 0xfe, 0xd8, 0xfe, 0xd8, 0xfe, 0xd8, 0xfe, 0xd8, 0xfe, 0xd8, 0xfe, 0xd8, 0xfe, 0xd8, 0xfe,
  0xd8, 0xfe, 0xd8, 0xfe, 0xd8, 0xfe, 0xd8, 0xfe, 0xd8, 0xfe, 0xd8, 0xfe, 0xd8, 0xfe, 0xd8, 0xfe,
  0xd8, 0xfe, 0xd8, 0xfe, 0xd8, 0xfe, 0xd8, 0xfe, 0xd8, 0xfe, 0xd8, 0xfe, 0xd8, 0xfe, 0xd8, 0xfe,
  0xd8, 0xfe, 0xd8, 0xfe, 0xd8, 0xfe, 0xd8, 0xfe, 0xd8, 0xfe, 0xd8, 0xfe, 0xd8, 0xfe, 0xd8, 0xfe,
  0xd8, 0xfe, 0xd8, 0xfe, 0xd8, 0xfe, 0xd8, 0xfe, 0xd8, 0xfe, 0xd8, 0xfe, 0xd8, 0xfe, 0xd8, 0xfe,
  0xd8, 0xfe, 0xd8, 0xfe, 0xd8, 0xfe, 0xd8, 0xfe, 0xd7, 0xfe, 0x39, 0xff, 0x15, 0xde, 0x27, 0x5a,
  0x04, 0x31, 0x44, 0x39, 0x44, 0x39, 0xd1, 0xb4, 0x39, 0xff, 0xd8, 0xfe, 0xd8, 0xfe, 0xd8, 0xfe,
  0xd8, 0xfe, 0xd8, 0xfe, 0xd8, 0xfe, 0xd7, 0xfe, 0xd7, 0xfe, 0xd8, 0xfe, 0xd7, 0xfe, 0xd7, 0xfe,
  0xd7, 0xfe, 0xd7, 0xfe, 0xd7, 0xfe, 0xd7, 0xfe, 0xd7, 0xfe, 0xd7, 0xfe, 0xd8, 0xfe, 0xd7, 0xfe,
  0x68, 0x62, 0x24, 0x31, 0x85, 0x41, 0x26, 0x52, 0x47, 0x5a, 0x47, 0x5a, 0x47, 0x5a, 0x47, 0x5a,
  0x47, 0x5a, 0x47, 0x5a, 0x47, 0x5a, 0x47, 0x5a, 0x47, 0x5a, 0x47, 0x5a, 0x47, 0x5a, 0x47, 0x5a,
  0x93, 0xee, 0x93, 0xee, 0x93, 0xee, 0x93, 0xee, 0x72, 0xee, 0x72, 0xee, 0x72, 0xee, 0x72, 0xee,
  0x72, 0xee, 0x72, 0xee, 0x72, 0xee, 0x72, 0xee, 0x32, 0xde, 0xe6, 0x51, 0x24, 0x39, 0xc5, 0x49,
  0x47, 0x5a, 0x47, 0x5a, 0x47, 0x5a, 0x47, 0x5a, 0x47, 0x5a, 0x47, 0x5a, 0x47, 0x5a, 0x47, 0x5a,
  0x47, 0x5a, 0x47, 0x5a, 0x47, 0x5a, 0x47, 0x5a, 0x47, 0x5a, 0x47, 0x5a, 0x47, 0x5a, 0x47, 0x5a,
  0x47, 0x5a, 0x47, 0x5a, 0x46, 0x5a, 0x26, 0x5a, 0x85, 0x41, 0x65, 0x41, 0x03, 0x31, 0x48, 0x5a,
  0x35, 0xe6, 0x39, 0xff, 0xd8, 0xfe, 0xd8, 0xfe, 0xd8, 0xfe, 0xd8, 0xfe, 0xd8, 0xfe, 0xd8, 0xfe,
  0xd8, 0xfe, 0xd8, 0xfe, 0xd8, 0xfe, 0xd8, 0xfe, 0xd8, 0xfe, 0xd8, 0xfe, 0xd8, 0xfe, 0xd8, 0xfe,
  0xd8, 0xfe, 0xd8, 0xfe, 0xd8, 0xfe, 0xd8, 0xfe, 0xd8, 0xfe, 0xd8, 0xfe, 0xd8, 0xfe, 0xd8, 0xfe,
  0xd8, 0xfe, 0xd8, 0xfe, 0xd8, 0xfe, 0xd8, 0xfe, 0xd8, 0xfe, 0xd8, 0xfe, 0xd8, 0xfe, 0xd8, 0xfe,
  0xd8, 0xfe, 0xd8, 0xfe, 0xd8, 0xfe, 0xd8, 0xfe, 0xd8, 0xfe, 0xd8, 0xfe, 0xd8, 0xfe, 0xd8, 0xfe,
  0xd8, 0xfe, 0xd8, 0xfe, 0xd8, 0xfe, 0xd8, 0xfe, 0xd8, 0xfe, 0xd8, 0xfe, 0xd8, 0xfe, 0xd8, 0xfe,
  0xd8, 0xfe, 0xd8, 0xfe, 0xd8, 0xfe, 0xd8, 0xfe, 0xd8, 0xfe, 0xd8, 0xfe, 0xd8, 0xfe, 0xd8, 0xfe,
  0xd8, 0xfe, 0xd8, 0xfe, 0xd8, 0xfe, 0xd8, 0xfe, 0xd8, 0xfe, 0xd8, 0xfe, 0xd8, 0xfe, 0xd8, 0xfe,
  0xd8, 0xfe, 0xd8, 0xfe, 0xd8, 0xfe, 0xd8, 0xfe, 0xd8, 0xfe, 0xd8, 0xfe, 0xd8, 0xfe, 0xd8, 0xfe,
  0xd8, 0xfe, 0xd8, 0xfe, 0xd8, 0xfe, 0xf8, 0xfe, 0x59, 0xff, 0x32, 0xc5, 0x85, 0x49, 0x24, 0x31,
  0x45, 0x39, 0x07, 0x52, 0x94, 0xcd, 0x39, 0xff, 0xb8, 0xfe, 0xd8, 0xfe, 0xd8, 0xfe, 0xd8, 0xfe,
  0xd8, 0xfe, 0xd8, 0xfe, 0xd7, 0xfe, 0xd7, 0xfe, 0xd7, 0xfe, 0xd7, 0xfe, 0xd7, 0xfe, 0xd7, 0xfe,
  0xd7, 0xfe, 0xd7, 0xfe, 0xb7, 0xfe, 0xb7, 0xfe, 0xb7, 0xfe, 0xb7, 0xfe, 0xb7, 0xfe, 0x18, 0xff,
  0x93, 0xcd, 0x44, 0x39, 0x45, 0x39, 0xa5, 0x49, 0x46, 0x5a, 0x46, 0x5a, 0x47, 0x5a, 0x47, 0x5a,
  0x47, 0x5a, 0x47, 0x5a, 0x47, 0x5a, 0x47, 0x5a, 0x47, 0x5a, 0x47, 0x5a, 0x47, 0x5a, 0x47, 0x5a,
  0x93, 0xee, 0x93, 0xee, 0x93, 0xee, 0x93, 0xee, 0x72, 0xee, 0x72, 0xee, 0x72, 0xee, 0x72, 0xee,
  0x72, 0xee, 0x72, 0xee, 0x72, 0xee, 0x72, 0xee, 0x11, 0xde, 0xe6, 0x49, 0x24, 0x39, 0xc6, 0x49,
  0x47, 0x5a, 0x47, 0x5a, 0x47, 0x5a, 0x47, 0x5a, 0x47, 0x5a, 0x47, 0x5a, 0x47, 0x5a, 0x47, 0x5a,
  0x47, 0x5a, 0x47, 0x5a, 0x47, 0x5a, 0x47, 0x5a, 0x47, 0x5a, 0x47, 0x5a, 0x47, 0x5a, 0x47, 0x5a,
  0x47, 0x5a, 0x46, 0x5a, 0x26, 0x5a, 0x85, 0x41, 0x65, 0x41, 0x03, 0x31, 0xea, 0x72, 0xb8, 0xf6,
  0x19, 0xff, 0xb7, 0xfe, 0xd8, 0xfe, 0xd8, 0xfe, 0xd8, 0xfe, 0xd8, 0xfe, 0xd8, 0xfe, 0xd8, 0xfe,
  0xd8, 0xfe, 0xd8, 0xfe, 0xd8, 0xfe, 0xd8, 0xfe, 0xd8, 0xfe, 0xd8, 0xfe, 0xd8, 0xfe, 0xd8, 0xfe,
  0xd8, 0xfe, 0xd8, 0xfe, 0xd8, 0xfe, 0xd8, 0xfe, 0xd8, 0xfe, 0xd8, 0xfe, 0xd8, 0xfe, 0xd8, 0xfe,
  0xd8, 0xfe, 0xd8, 0xfe, 0xd8, 0xfe, 0xd8, 0xfe, 0xd8, 0xfe, 0xd8, 0xfe, 0xd8, 0xfe, 0xd8, 0xfe,
  0xd8, 0xfe, 0xd8, 0xfe, 0xd8, 0xfe, 0xd8, 0xfe, 0xd8, 0xfe, 0xd8, 0xfe, 0xd8, 0xfe, 0xd8, 0xfe,
  0xd8, 0xfe, 0xd8, 0xfe, 0xd8, 0xfe, 0xd8, 0xfe, 0xd8, 0xfe, 0xd8, 0xfe, 0xd8, 0xfe, 0xd8, 0xfe,
  0xd8, 0xfe, 0xd8, 0xfe, 0xd8, 0xfe, 0xd8, 0xfe, 0xd8, 0xfe, 0xd8, 0xfe, 0xd8, 0xfe, 0xd8, 0xfe,
  0xd8, 0xfe, 0xd8, 0xfe, 0xd8, 0xfe, 0xd8, 0xfe, 0xd8, 0xfe, 0xd8, 0xfe, 0xd8, 0xfe, 0xd8, 0xfe,
  0xd8, 0xfe, 0xd8, 0xfe, 0xd8, 0xfe, 0xd8, 0xfe, 0xd8, 0xfe, 0xd8, 0xfe, 0xd8, 0xfe, 0xd8, 0xfe,
  0xd8, 0xfe, 0xd8, 0xfe, 0x39, 0xff, 0xf8, 0xf6, 0xee, 0x93, 0x44, 0x39, 0x44, 0x39, 0x65, 0x41,
  0x24, 0x39, 0xca, 0x6a, 0x97, 0xee, 0x39, 0xff, 0xd8, 0xfe, 0xd8, 0xfe, 0xd8, 0xfe, 0xd8, 0xfe,
  0xd8, 0xfe, 0xd7, 0xfe, 0xd7, 0xfe, 0xd7, 0xfe, 0xd7, 0xfe, 0xd7, 0xfe, 0xb7, 0xfe, 0xb7, 0xfe,
  0xb7, 0xfe, 0xb7, 0xfe, 0xb7, 0xfe, 0xb7, 0xfe, 0x97, 0xfe, 0x97, 0xfe, 0xb7, 0xfe, 0x97, 0xfe,
  0xf9, 0xfe, 0x4b, 0x83, 0x04, 0x31, 0x65, 0x41, 0x06, 0x52, 0x46, 0x5a, 0x47, 0x5a, 0x47, 0x5a,
  0x47, 0x5a, 0x47, 0x5a, 0x47, 0x5a, 0x47, 0x5a, 0x47, 0x5a, 0x47, 0x5a, 0x47, 0x5a, 0x47, 0x5a,
  0x93, 0xee, 0x93, 0xee, 0x93, 0xee, 0x93, 0xee, 0x72, 0xee, 0x72, 0xee, 0x72, 0xee, 0x72, 0xee,
  0x72, 0xee, 0x72, 0xee, 0x72, 0xee, 0x92, 0xee, 0xf1, 0xdd, 0xa6, 0x49, 0x44, 0x39, 0xe6, 0x49,
  0x47, 0x5a, 0x27, 0x5a, 0x47, 0x5a, 0x47, 0x5a, 0x47, 0x5a, 0x47, 0x5a, 0x47, 0x5a, 0x47, 0x5a,
  0x47, 0x5a, 0x47, 0x5a, 0x47, 0x5a, 0x47, 0x5a, 0x47, 0x5a, 0x47, 0x5a, 0x47, 0x5a, 0x47, 0x5a,
  0x47, 0x5a, 0x27, 0x5a, 0x85, 0x41, 0x65, 0x39, 0x04, 0x31, 0x4b, 0x7b, 0xf8, 0xfe, 0xf8, 0xfe,
  0xd8, 0xfe, 0xf8, 0xfe, 0xd8, 0xfe, 0xd8, 0xfe, 0xd8, 0xfe, 0xd8, 0xfe, 0xd8, 0xfe, 0xd8, 0xfe,
  0xd8, 0xfe, 0xd8, 0xfe, 0xd8, 0xfe, 0xd8, 0xfe, 0xd8, 0xfe, 0xd8, 0xfe, 0xd8, 0xfe, 0xd8, 0xfe,
  0xd8, 0xfe, 0xd8, 0xfe, 0xd8, 0xfe, 0xd8, 0xfe, 0xd8, 0xfe, 0xd8, 0xfe, 0xd8, 0xfe, 0xd8, 0xfe,
  0xd8, 0xfe, 0xd8, 0xfe, 0xd8, 0xfe, 0xd8, 0xfe, 0xd8, 0xfe, 0xd8, 0xfe, 0xd8, 0xfe, 0xd8, 0xfe,
  0xd8, 0xfe, 0xd8, 0xfe, 0xd8, 0xfe, 0xd8, 0xfe, 0xd8, 0xfe, 0xd8, 0xfe, 0xd8, 0xfe, 0xd8, 0xfe,
  0xd8, 0xfe, 0xd8, 0xfe, 0xd8, 0xfe, 0xd8, 0xfe, 0xd8, 0xfe, 0xd8, 0xfe, 0xd8, 0xfe, 0xd8, 0xfe,
  0xd8, 0xfe, 0xd8, 0xfe, 0xd8, 0xfe, 0xd8, 0xfe, 0xd8, 0xfe, 0xd8, 0xfe, 0xd8, 0xfe, 0xd8, 0xfe,
  0xd8, 0xfe, 0xd8, 0xfe, 0xd8, 0xfe, 0xd8, 0xfe, 0xd8, 0xfe, 0xd8, 0xfe, 0xd8, 0xfe, 0xd8, 0xfe,
  0xd8, 0xfe, 0xd8, 0xfe, 0xd8, 0xfe, 0xd8, 0xfe, 0xd8, 0xfe, 0xd8, 0xfe, 0xd8, 0xfe, 0xd8, 0xfe,
  0x39, 0xff, 0x19, 0xff, 0x52, 0xc5, 0x48, 0x5a, 0x04, 0x31, 0x24, 0x39, 0x44, 0x39, 0x85, 0x41,
  0x04, 0x31, 0x24, 0x39, 0xa5, 0x41, 0x11, 0xbd, 0x39, 0xff, 0xd8, 0xfe, 0xd8, 0xfe, 0xd8, 0xfe,
  0xd7, 0xfe, 0xd8, 0xfe, 0xd8, 0xfe, 0xd7, 0xfe, 0xd7, 0xfe, 0xb7, 0xfe, 0xb7, 0xfe, 0x97, 0xfe,
  0x97, 0xfe, 0x76, 0xfe, 0x76, 0xfe, 0x76, 0xf6, 0x76, 0xfe, 0x76, 0xfe, 0x96, 0xfe, 0x76, 0xfe,
  0xd7, 0xfe, 0x93, 0xd5, 0x64, 0x39, 0x44, 0x39, 0xc6, 0x49, 0x47, 0x5a, 0x47, 0x5a, 0x47, 0x5a,
  0x47, 0x5a, 0x47, 0x5a, 0x47, 0x5a, 0x47, 0x5a, 0x47, 0x5a, 0x47, 0x5a, 0x47, 0x5a, 0x47, 0x5a,
  0x93, 0xee, 0x93, 0xee, 0x73, 0xee, 0x73, 0xee, 0x73, 0xee, 0x72, 0xee, 0x72, 0xee, 0x72, 0xee,
  0x72, 0xee, 0x72, 0xee, 0x72, 0xee, 0x92, 0xee, 0xb0, 0xd5, 0x85, 0x41, 0x45, 0x39, 0xe6, 0x51,
  0x47, 0x5a, 0x27, 0x5a, 0x47, 0x5a, 0x47, 0x5a, 0x47, 0x5a, 0x47, 0x5a, 0x47, 0x5a, 0x47, 0x5a,
  0x47, 0x5a, 0x47, 0x5a, 0x47, 0x5a, 0x47, 0x5a, 0x47, 0x5a, 0x47, 0x5a, 0x47, 0x5a, 0x46, 0x5a,
  0x47, 0x5a, 0xa5, 0x49, 0x65, 0x41, 0x03, 0x31, 0x2b, 0x7b, 0x19, 0xff, 0xf8, 0xfe, 0xd7, 0xfe,
  0xd8, 0xfe, 0xd8, 0xfe, 0xd8, 0xfe, 0xd8, 0xfe, 0xd8, 0xfe, 0xd8, 0xfe, 0xd8, 0xfe, 0xd8, 0xfe,
  0xd8, 0xfe, 0xd8, 0xfe, 0xf8, 0xfe, 0x39, 0xff, 0x39, 0xff, 0xd8, 0xfe, 0xd8, 0xfe, 0xd8, 0xfe,
  0xd8, 0xfe, 0xd8, 0xfe, 0xd8, 0xfe, 0xd8, 0xfe, 0xd8, 0xfe, 0xd8, 0xfe, 0xd8, 0xfe, 0xd8, 0xfe,
  0xd8, 0xfe, 0xd8, 0xfe, 0xd8, 0xfe, 0xd8, 0xfe, 0xd8, 0xfe, 0xd8, 0xfe, 0xd8, 0xfe, 0xd8, 0xfe,
  0xd8, 0xfe, 0xd8, 0xfe, 0xd8, 0xfe, 0xd8, 0xfe, 0xd8, 0xfe, 0xd8, 0xfe, 0xd8, 0xfe, 0xd8, 0xfe,
  0xd8, 0xfe, 0xd8, 0xfe, 0xd8, 0xfe, 0xd8, 0xfe, 0xd8, 0xfe, 0xd8, 0xfe, 0xd8, 0xfe, 0xd8, 0xfe,
  0xd8, 0xfe, 0xd8, 0xfe, 0xd8, 0xfe, 0xd8, 0xfe, 0xd8, 0xfe, 0xd8, 0xfe, 0xd8, 0xfe, 0xd8, 0xfe,
  0xd8, 0xfe, 0xd8, 0xfe, 0xd8, 0xfe, 0xd8, 0xfe, 0xd8, 0xfe, 0xd8, 0xfe, 0xd8, 0xfe, 0xd8, 0xfe,
  0xd8, 0xfe, 0xd8, 0xfe, 0xd8, 0xfe, 0xd8, 0xfe, 0xd8, 0xfe, 0xf8, 0xfe, 0x39, 0xff, 0x18, 0xff,
  0x93, 0xcd, 0xea, 0x72, 0x04, 0x39, 0x44, 0x31, 0x24, 0x39, 0x08, 0x52, 0xb6, 0xbd, 0xdb, 0xde,
  0x4d, 0x73, 0x24, 0x31, 0x24, 0x39, 0x24, 0x31, 0x4f, 0xa4, 0x39, 0xff, 0xd8, 0xfe, 0xd8, 0xfe,
  0xd8, 0xfe, 0xd8, 0xfe, 0xd7, 0xfe, 0xd7, 0xfe, 0xb7, 0xfe, 0xb7, 0xfe, 0x97, 0xfe, 0x96, 0xfe,
  0x76, 0xfe, 0x76, 0xfe, 0x55, 0xfe, 0x76, 0xfe, 0x76, 0xfe, 0x35, 0xfe, 0x56, 0xfe, 0x56, 0xf6,
  0x97, 0xfe, 0x97, 0xfe, 0x07, 0x52, 0x24, 0x39, 0xc5, 0x49, 0x47, 0x5a, 0x47, 0x5a, 0x46, 0x5a,
  0x47, 0x5a, 0x47, 0x5a, 0x47, 0x5a, 0x47, 0x5a, 0x47, 0x5a, 0x47, 0x5a, 0x47, 0x5a, 0x47, 0x5a,
  0x93, 0xee, 0x93, 0xee, 0x73, 0xee, 0x73, 0xee, 0x73, 0xee, 0x72, 0xee, 0x72, 0xee, 0x72, 0xee,
  0x72, 0xee, 0x72, 0xee, 0x52, 0xee, 0x93, 0xf6, 0x4f, 0xc5, 0x44, 0x39, 0x65, 0x39, 0xe6, 0x51,
  0x47, 0x5a, 0x47, 0x5a, 0x47, 0x5a, 0x47, 0x5a, 0x47, 0x5a, 0x47, 0x5a, 0x47, 0x5a, 0x47, 0x5a,
  0x47, 0x5a, 0x47, 0x5a, 0x47, 0x5a, 0x47, 0x5a, 0x47, 0x5a, 0x47, 0x5a, 0x47, 0x5a, 0x47, 0x5a,
  0x06, 0x52, 0x65, 0x41, 0x23, 0x31, 0x89, 0x62, 0xf8, 0xfe, 0xf8, 0xfe, 0xd8, 0xfe, 0xf8, 0xfe,
  0xd8, 0xfe, 0xd8, 0xfe, 0xd8, 0xfe, 0xd8, 0xfe, 0xd8, 0xfe, 0xd8, 0xfe, 0xd8, 0xfe, 0xd8, 0xfe,
  0xd8, 0xfe, 0xf8, 0xfe, 0xd7, 0xf6, 0x4f, 0xa4, 0xb0, 0xac, 0x19, 0xff, 0xf8, 0xfe, 0xd8, 0xfe,
  0xd8, 0xfe, 0xd8, 0xfe, 0xd8, 0xfe, 0xd8, 0xfe, 0xd8, 0xfe, 0xd8, 0xfe, 0xd8, 0xfe, 0xd8, 0xfe,
  0xd8, 0xfe, 0xd8, 0xfe, 0xd8, 0xfe, 0xd8, 0xfe, 0xd8, 0xfe, 0xd8, 0xfe, 0xd8, 0xfe, 0xd8, 0xfe,
  0xd8, 0xfe, 0xd8, 0xfe, 0xd8, 0xfe, 0xd8, 0xfe, 0xd8, 0xfe, 0xd8, 0xfe, 0xd8, 0xfe, 0xd8, 0xfe,
  0xd8, 0xfe, 0xd8, 0xfe, 0xd8, 0xfe, 0xd8, 0xfe, 0xf8, 0xfe, 0xf8, 0xfe, 0xd8, 0xfe, 0xd8, 0xfe,
  0xd8, 0xfe, 0xd8, 0xfe, 0xd8, 0xfe, 0xd8, 0xfe, 0xd8, 0xfe, 0xd8, 0xfe, 0xd8, 0xfe, 0xf8, 0xfe,
  0x19, 0xff, 0xf8, 0xfe, 0xd8, 0xfe, 0xd8, 0xfe, 0xd8, 0xfe, 0xd8, 0xfe, 0xd8, 0xfe, 0xd8, 0xfe,
  0xd8, 0xfe, 0xf8, 0xfe, 0x18, 0xff, 0x39, 0xff, 0x39, 0xff, 0xb7, 0xf6, 0xf1, 0xb4, 0xc9, 0x6a,
  0x44, 0x39, 0x04, 0x31, 0x65, 0x41, 0x45, 0x41, 0x2c, 0x73, 0xda, 0xde, 0xff, 0xff, 0xff, 0xff,
  0xff, 0xff, 0x14, 0xad, 0x65, 0x39, 0x44, 0x39, 0x03, 0x31, 0x0e, 0x9c, 0x39, 0xff, 0xd7, 0xfe,
  0xd8, 0xfe, 0xd7, 0xfe, 0xd7, 0xfe, 0xb7, 0xfe, 0xb7, 0xfe, 0x97, 0xfe, 0x76, 0xfe, 0x56, 0xfe,
  0x35, 0xf6, 0x15, 0xf6, 0x35, 0xfe, 0x32, 0xd5, 0x52, 0xdd, 0x35, 0xfe, 0x15, 0xf6, 0x56, 0xfe,
  0x15, 0xee, 0x2b, 0x83, 0x65, 0x39, 0x44, 0x39, 0xc5, 0x49, 0x46, 0x62, 0x27, 0x5a, 0x47, 0x5a,
  0x47, 0x5a, 0x47, 0x5a, 0x47, 0x5a, 0x47, 0x5a, 0x47, 0x5a, 0x47, 0x5a, 0x47, 0x5a, 0x47, 0x5a,
  0x93, 0xee, 0x93, 0xee, 0x73, 0xee, 0x73, 0xee, 0x73, 0xee, 0x72, 0xee, 0x72, 0xee, 0x72, 0xee,
  0x72, 0xee, 0x72, 0xee, 0x52, 0xee, 0xb3, 0xf6, 0x0e, 0xb5, 0x24, 0x39, 0x65, 0x41, 0x06, 0x52,
  0x47, 0x5a, 0x47, 0x5a, 0x47, 0x5a, 0x47, 0x5a, 0x47, 0x5a, 0x47, 0x5a, 0x47, 0x5a, 0x47, 0x5a,
  0x47, 0x5a, 0x47, 0x5a, 0x47, 0x5a, 0x47, 0x5a, 0x47, 0x5a, 0x47, 0x5a, 0x47, 0x5a, 0x47, 0x5a,
  0xa5, 0x41, 0x44, 0x39, 0xc6, 0x49, 0x36, 0xe6, 0x19, 0xff, 0xd8, 0xfe, 0xf8, 0xfe, 0xd8, 0xfe,
  0xd8, 0xfe, 0xd8, 0xfe, 0xd8, 0xfe, 0xd8, 0xfe, 0xd8, 0xfe, 0xd8, 0xfe, 0xd8, 0xfe, 0xd8, 0xfe,
  0xd8, 0xfe, 0x39, 0xff, 0x32, 0xc5, 0xa2, 0x28, 0x03, 0x31, 0x4c, 0x83, 0xd8, 0xf6, 0x39, 0xff,
  0xd7, 0xfe, 0xd8, 0xfe, 0xd8, 0xfe, 0xd8, 0xfe, 0xd8, 0xfe, 0xd8, 0xfe, 0xd8, 0xfe, 0xd8, 0xfe,
  0xd8, 0xfe, 0xd8, 0xfe, 0xd8, 0xfe, 0xd8, 0xfe, 0xd8, 0xfe, 0xd8, 0xfe, 0xd8, 0xfe, 0xd8, 0xfe,
  0xd8, 0xfe, 0xd8, 0xfe, 0xd8, 0xfe, 0xd8, 0xfe, 0xd8, 0xfe, 0xd8, 0xfe, 0xd8, 0xfe, 0xd8, 0xfe,
  0xd8, 0xfe, 0xd8, 0xfe, 0x19, 0xff, 0x39, 0xff, 0x97, 0xf6, 0x76, 0xee, 0x18, 0xff, 0xd8, 0xfe,
  0xd8, 0xfe, 0xd8, 0xfe, 0xd8, 0xfe, 0xd8, 0xfe, 0xd8, 0xfe, 0xd8, 0xfe, 0x18, 0xff, 0x76, 0xee,
  0xb4, 0xd5, 0x97, 0xf6, 0x19, 0xff, 0x39, 0xff, 0x39, 0xff, 0x59, 0xff, 0x39, 0xff, 0x39, 0xff,
  0x19, 0xff, 0xd8, 0xfe, 0x35, 0xe6, 0x11, 0xbd, 0x6c, 0x83, 0xe7, 0x51, 0x24, 0x31, 0xe3, 0x28,
  0x64, 0x39, 0x85, 0x41, 0x65, 0x39, 0x65, 0x41, 0xe7, 0x49, 0xe7, 0x49, 0x8a, 0x5a, 0xb2, 0x9c,
  0x7d, 0xef, 0xff, 0xff, 0x18, 0xce, 0x86, 0x41, 0x45, 0x39, 0x03, 0x31, 0x4f, 0xa4, 0x39, 0xff,
  0xb7, 0xfe, 0xd7, 0xfe, 0xb7, 0xfe, 0xb7, 0xfe, 0x97, 0xfe, 0x76, 0xfe, 0x56, 0xfe, 0x15, 0xfe,
  0xf4, 0xf5, 0xd4, 0xf5, 0xf4, 0xfd, 0x6f, 0xc4, 0x90, 0xcc, 0xf4, 0xfd, 0xd4, 0xf5, 0xf4, 0xf5,
  0x88, 0x6a, 0xe3, 0x28, 0x45, 0x39, 0x85, 0x41, 0x47, 0x5a, 0x47, 0x62, 0x46, 0x5a, 0x47, 0x5a,
  0x47, 0x5a, 0x47, 0x5a, 0x47, 0x5a, 0x47, 0x5a, 0x47, 0x5a, 0x47, 0x5a, 0x47, 0x5a, 0x47, 0x5a,
  0x93, 0xee, 0x93, 0xee, 0x73, 0xee, 0x73, 0xee, 0x73, 0xee, 0x72, 0xee, 0x72, 0xee, 0x72, 0xee,
  0x72, 0xee, 0x72, 0xee, 0x52, 0xe6, 0xb3, 0xf6, 0x8d, 0xac, 0x24, 0x31, 0x65, 0x41, 0x06, 0x52,
  0x47, 0x5a, 0x47, 0x5a, 0x47, 0x5a, 0x47, 0x5a, 0x47, 0x5a, 0x47, 0x5a, 0x47, 0x5a, 0x47, 0x5a,
  0x47, 0x5a, 0x47, 0x5a, 0x47, 0x5a, 0x47, 0x5a, 0x47, 0x5a, 0x47, 0x5a, 0x47, 0x5a, 0x47, 0x5a,
  0x85, 0x41, 0x24, 0x31, 0xca, 0x6a, 0x19, 0xff, 0xd8, 0xfe, 0xd8, 0xfe, 0xd8, 0xfe, 0xd8, 0xfe,
  0xd8, 0xfe, 0xd8, 0xfe, 0xd8, 0xfe, 0xd8, 0xfe, 0xd8, 0xfe, 0xd8, 0xfe, 0xd8, 0xfe, 0xd8, 0xfe,
  0xd8, 0xfe, 0xf8, 0xfe, 0x76, 0xee, 0x08, 0x5a, 0x04, 0x31, 0x04, 0x39, 0x48, 0x62, 0xd4, 0xd5,
  0x59, 0xff, 0xf8, 0xfe, 0xd8, 0xfe, 0xd8, 0xfe, 0xd8, 0xfe, 0xd8, 0xfe, 0xd8, 0xfe, 0xd8, 0xfe,
  0xd8, 0xfe, 0xd8, 0xfe, 0xd8, 0xfe, 0xd8, 0xfe, 0xd8, 0xfe, 0xd8, 0xfe, 0xd8, 0xfe, 0xd8, 0xfe,
  0xd8, 0xfe, 0xd8, 0xfe, 0xd8, 0xfe, 0xd8, 0xfe, 0xd8, 0xfe, 0xd8, 0xfe, 0xd8, 0xfe, 0xf8, 0xfe,
  0x39, 0xff, 0x18, 0xff, 0xb4, 0xd5, 0x8c, 0x8b, 0xe7, 0x51, 0xa5, 0x49, 0x90, 0xac, 0x19, 0xff,
  0xd8, 0xfe, 0xd8, 0xfe, 0xd8, 0xfe, 0xd8, 0xfe, 0xd8, 0xfe, 0xf8, 0xfe, 0xb7, 0xf6, 0x27, 0x5a,
  0x24, 0x39, 0x07, 0x52, 0xca, 0x72, 0x6c, 0x83, 0xee, 0x93, 0x0e, 0x9c, 0xee, 0x93, 0x8c, 0x8b,
  0x0a, 0x73, 0x48, 0x62, 0xa5, 0x49, 0x24, 0x39, 0xe3, 0x30, 0xe3, 0x28, 0x03, 0x31, 0x07, 0x52,
  0xc6, 0x49, 0x44, 0x39, 0x65, 0x39, 0x65, 0x39, 0x44, 0x39, 0x44, 0x39, 0x24, 0x39, 0xc2, 0x28,
  0xc7, 0x49, 0xf7, 0xc5, 0xff, 0xff, 0x18, 0xc6, 0x45, 0x39, 0x65, 0x39, 0x24, 0x39, 0x32, 0xc5,
  0x38, 0xff, 0xb7, 0xfe, 0xb7, 0xfe, 0x97, 0xfe, 0x76, 0xfe, 0x56, 0xfe, 0x56, 0xfe, 0xf4, 0xfd,
  0xd4, 0xf5, 0xb3, 0xf5, 0x93, 0xf5, 0xb3, 0xfd, 0x93, 0xfd, 0x73, 0xf5, 0xf4, 0xfd, 0x8f, 0xc4,
  0x24, 0x31, 0x85, 0x41, 0xa5, 0x49, 0x27, 0x62, 0x67, 0x62, 0x47, 0x62, 0x46, 0x62, 0x26, 0x5a,
  0x47, 0x5a, 0x47, 0x5a, 0x47, 0x5a, 0x47, 0x5a, 0x47, 0x5a, 0x47, 0x5a, 0x47, 0x5a, 0x47, 0x5a,
  0x93, 0xee, 0x93, 0xee, 0x73, 0xee, 0x73, 0xee, 0x73, 0xee, 0x72, 0xee, 0x72, 0xee, 0x72, 0xee,
  0x72, 0xee, 0x72, 0xee, 0x52, 0xe6, 0xb3, 0xf6, 0x0c, 0x9c, 0x04, 0x31, 0x85, 0x41, 0x26, 0x52,
  0x47, 0x5a, 0x47, 0x5a, 0x47, 0x5a, 0x47, 0x5a, 0x47, 0x5a, 0x47, 0x5a, 0x47, 0x5a, 0x47, 0x5a,
  0x47, 0x5a, 0x47, 0x5a, 0x47, 0x5a, 0x47, 0x5a, 0x47, 0x5a, 0x47, 0x5a, 0x47, 0x5a, 0x47, 0x5a,
  0xa5, 0x49, 0x45, 0x39, 0x03, 0x31, 0x90, 0xac, 0x39, 0xff, 0xd8, 0xfe, 0xd8, 0xfe, 0xd8, 0xfe,
  0xd8, 0xfe, 0xd8, 0xfe, 0xd8, 0xfe, 0xd8, 0xfe, 0xd8, 0xfe, 0xd8, 0xfe, 0xd8, 0xfe, 0xd8, 0xfe,
  0xd8, 0xfe, 0xd8, 0xfe, 0x18, 0xff, 0x56, 0xe6, 0x89, 0x6a, 0x03, 0x31, 0x24, 0x31, 0x65, 0x41,
  0xcd, 0x93, 0x76, 0xee, 0x39, 0xff, 0x18, 0xff, 0xd8, 0xfe, 0xd8, 0xfe, 0xd8, 0xfe, 0xd8, 0xfe,
  0xd8, 0xfe, 0xd8, 0xfe, 0xd8, 0xfe, 0xd8, 0xfe, 0xd8, 0xfe, 0xd8, 0xfe, 0xd8, 0xfe, 0xd8, 0xfe,
  0xd8, 0xfe, 0xd8, 0xfe, 0xd8, 0xfe, 0xd8, 0xfe, 0xf8, 0xfe, 0x39, 0xff, 0x39, 0xff, 0x96, 0xee,
  0xd0, 0xb4, 0xa9, 0x6a, 0x44, 0x39, 0x24, 0x31, 0x65, 0x39, 0xa2, 0x20, 0x4b, 0x7b, 0x39, 0xff,
  0xd8, 0xfe, 0xd8, 0xfe, 0xd8, 0xfe, 0xd8, 0xfe, 0xd8, 0xfe, 0xf8, 0xfe, 0xb7, 0xf6, 0x48, 0x5a,
  0xe3, 0x28, 0xe3, 0x28, 0xe3, 0x28, 0xe3, 0x28, 0xe3, 0x28, 0x03, 0x31, 0x04, 0x31, 0x04, 0x31,
  0xc3, 0x28, 0xc3, 0x28, 0xe3, 0x28, 0x24, 0x31, 0xe7, 0x49, 0x2c, 0x73, 0x95, 0xb5, 0x13, 0xad,
  0x65, 0x39, 0x65, 0x39, 0x65, 0x39, 0x65, 0x39, 0x65, 0x39, 0x65, 0x39, 0x44, 0x39, 0x49, 0x5a,
  0xa6, 0x41, 0xe3, 0x28, 0x55, 0xb5, 0xff, 0xff, 0x14, 0xad, 0x04, 0x31, 0x65, 0x39, 0xa6, 0x49,
  0x56, 0xe6, 0xf8, 0xfe, 0x97, 0xfe, 0x76, 0xfe, 0x56, 0xfe, 0xf4, 0xed, 0xf1, 0xcc, 0xd3, 0xf5,
  0x92, 0xf5, 0x52, 0xf5, 0x52, 0xf5, 0x31, 0xf5, 0x52, 0xf5, 0x8f, 0xd4, 0xb0, 0xd4, 0x4e, 0xc4,
  0x24, 0x31, 0x65, 0x39, 0x27, 0x62, 0x67, 0x72, 0x46, 0x6a, 0x46, 0x62, 0x47, 0x62, 0x47, 0x5a,
  0x47, 0x5a, 0x47, 0x5a, 0x47, 0x5a, 0x47, 0x5a, 0x47, 0x5a, 0x47, 0x5a, 0x47, 0x5a, 0x47, 0x5a,
  0x93, 0xee, 0x93, 0xee, 0x73, 0xee, 0x73, 0xee, 0x72, 0xee, 0x72, 0xee, 0x72, 0xee, 0x72, 0xee,
  0x72, 0xee, 0x72, 0xee, 0x52, 0xe6, 0xb3, 0xf6, 0xab, 0x8b, 0x04, 0x31, 0x85, 0x41, 0x26, 0x5a,
  0x47, 0x5a, 0x47, 0x5a, 0x47, 0x5a, 0x47, 0x5a, 0x47, 0x5a, 0x47, 0x5a, 0x47, 0x5a, 0x47, 0x5a,
  0x47, 0x5a, 0x47, 0x5a, 0x47, 0x5a, 0x47, 0x5a, 0x47, 0x5a, 0x47, 0x5a, 0x47, 0x5a, 0x47, 0x5a,
  0x26, 0x52, 0x85, 0x41, 0x03, 0x31, 0xa9, 0x72, 0x18, 0xff, 0xd8, 0xfe, 0xd8, 0xfe, 0xd8, 0xfe,
  0xf8, 0xfe, 0xf8, 0xfe, 0xf8, 0xfe, 0xf8, 0xfe, 0xf8, 0xfe, 0xd8, 0xfe, 0xd8, 0xfe, 0xf8, 0xfe,
  0xd8, 0xfe, 0xd8, 0xfe, 0xd8, 0xfe, 0x18, 0xff, 0xf8, 0xfe, 0xcd, 0x93, 0x44, 0x39, 0x04, 0x31,
  0x04, 0x31, 0xc6, 0x49, 0xed, 0x93, 0x15, 0xde, 0x19, 0xff, 0x39, 0xff, 0x19, 0xff, 0xf8, 0xfe,
  0xf8, 0xfe, 0xd8, 0xfe, 0xd8, 0xfe, 0xd8, 0xfe, 0xd8, 0xfe, 0xd8, 0xfe, 0xd8, 0xfe, 0xf8, 0xfe,
  0xf8, 0xfe, 0x19, 0xff, 0x39, 0xff, 0x39, 0xff, 0x97, 0xf6, 0x52, 0xc5, 0x6c, 0x83, 0xc6, 0x49,
  0x04, 0x31, 0x24, 0x31, 0x44, 0x39, 0x24, 0x31, 0x24, 0x31, 0xa9, 0x6a, 0x56, 0xe6, 0xf8, 0xfe,
  0xd8, 0xfe, 0xd8, 0xfe, 0xd8, 0xfe, 0xd8, 0xfe, 0xd8, 0xfe, 0xd8, 0xfe, 0xf8, 0xfe, 0x96, 0xee,
  0xb0, 0xac, 0x6c, 0x83, 0xa9, 0x6a, 0x27, 0x5a, 0xe6, 0x49, 0x85, 0x41, 0x65, 0x41, 0x85, 0x41,
  0xaa, 0x62, 0x8e, 0x7b, 0xb2, 0x9c, 0x18, 0xc6, 0x5c, 0xef, 0xff, 0xff, 0x9e, 0xf7, 0xc6, 0x49,
  0x24, 0x39, 0x65, 0x41, 0x65, 0x39, 0x65, 0x39, 0x65, 0x41, 0x24, 0x31, 0x71, 0x94, 0xbe, 0xf7,
  0x7d, 0xef, 0x2c, 0x73, 0xc3, 0x28, 0xf7, 0xc5, 0xff, 0xff, 0x6d, 0x7b, 0x04, 0x39, 0x24, 0x31,
  0x0a, 0x7b, 0xf8, 0xfe, 0x96, 0xfe, 0x76, 0xfe, 0x55, 0xfe, 0xd4, 0xed, 0x6f, 0xc4, 0x93, 0xf5,
  0x72, 0xfd, 0x52, 0xfd, 0x31, 0xfd, 0xed, 0xc3, 0x6e, 0xd4, 0xaf, 0xdc, 0x6f, 0xd4, 0xf0, 0xe4,
  0x65, 0x41, 0x44, 0x39, 0xc5, 0x51, 0x87, 0x72, 0x67, 0x6a, 0x46, 0x62, 0x47, 0x62, 0x46, 0x5a,
  0x46, 0x5a, 0x47, 0x5a, 0x47, 0x5a, 0x47, 0x5a, 0x47, 0x5a, 0x47, 0x5a, 0x47, 0x5a, 0x47, 0x5a,
  0x93, 0xee, 0x93, 0xee, 0x73, 0xee, 0x73, 0xee, 0x72, 0xee, 0x72, 0xee, 0x72, 0xee, 0x72, 0xee,
  0x72, 0xee, 0x72, 0xee, 0x52, 0xe6, 0xb3, 0xf6, 0x49, 0x7b, 0x04, 0x31, 0x86, 0x41, 0x47, 0x5a,
  0x47, 0x5a, 0x47, 0x5a, 0x47, 0x5a, 0x47, 0x5a, 0x47, 0x5a, 0x47, 0x5a, 0x47, 0x5a, 0x47, 0x5a,
  0x47, 0x5a, 0x47, 0x5a, 0x47, 0x5a, 0x47, 0x5a, 0x47, 0x5a, 0x47, 0x5a, 0x47, 0x5a, 0x46, 0x5a,
  0x47, 0x5a, 0x85, 0x41, 0x03, 0x31, 0x0a, 0x7b, 0x39, 0xff, 0xd8, 0xfe, 0xd8, 0xfe, 0xd8, 0xfe,
  0xd7, 0xfe, 0xd7, 0xfe, 0xd7, 0xfe, 0xd7, 0xfe, 0xd7, 0xfe, 0xd8, 0xfe, 0xd8, 0xfe, 0xd8, 0xfe,
  0xd8, 0xfe, 0xd8, 0xfe, 0xd8, 0xfe, 0xd8, 0xfe, 0xd8, 0xfe, 0x39, 0xff, 0xb4, 0xcd, 0x89, 0x6a,
  0x04, 0x39, 0x04, 0x31, 0x03, 0x31, 0x85, 0x41, 0xca, 0x6a, 0x6f, 0xa4, 0x93, 0xcd, 0x56, 0xee,
  0xd8, 0xfe, 0x18, 0xff, 0x19, 0xff, 0x39, 0xff, 0x39, 0xff, 0x19, 0xff, 0xf8, 0xfe, 0xb7, 0xf6,
  0x56, 0xee, 0xb4, 0xcd, 0xb0, 0xac, 0x2b, 0x7b, 0xe7, 0x51, 0x23, 0x31, 0x04, 0x31, 0x24, 0x39,
  0x24, 0x31, 0x04, 0x31, 0xa5, 0x49, 0x4b, 0x83, 0x53, 0xc5, 0xf8, 0xfe, 0x18, 0xff, 0xd8, 0xfe,
  0xf8, 0xfe, 0xd8, 0xfe, 0xd8, 0xfe, 0xd8, 0xfe, 0xd8, 0xfe, 0xd8, 0xfe, 0xd8, 0xfe, 0xf8, 0xfe,
  0x39, 0xff, 0x39, 0xff, 0xf8, 0xfe, 0xb7, 0xf6, 0x77, 0xee, 0x48, 0x5a, 0xe3, 0x28, 0xeb, 0x6a,
  0xff, 0xff, 0xff, 0xff, 0xff, 0xff, 0xff, 0xff, 0xff, 0xff, 0xff, 0xff, 0xef, 0x83, 0xe3, 0x28,
  0x85, 0x41, 0x65, 0x39, 0x65, 0x39, 0x65, 0x39, 0x44, 0x39, 0xe7, 0x49, 0xbe, 0xff, 0xff, 0xff,
  0xff, 0xff, 0x9a, 0xde, 0x03, 0x31, 0xc7, 0x49, 0x5d, 0xef, 0x5c, 0xef, 0xa6, 0x41, 0x45, 0x39,
  0x04, 0x31, 0xf1, 0xbc, 0xd8, 0xfe, 0x56, 0xf6, 0x35, 0xf6, 0xf4, 0xfd, 0xd4, 0xfd, 0x72, 0xf5,
  0xd0, 0xe4, 0x2e, 0xcc, 0x10, 0xf5, 0xaf, 0xec, 0xaf, 0xf4, 0x31, 0xfd, 0x51, 0xfd, 0x32, 0xfd,
  0x68, 0x72, 0x24, 0x31, 0x65, 0x41, 0x47, 0x6a, 0x67, 0x72, 0x46, 0x6a, 0x46, 0x62, 0x46, 0x62,
  0x47, 0x5a, 0x47, 0x5a, 0x47, 0x5a, 0x47, 0x5a, 0x47, 0x5a, 0x47, 0x5a, 0x47, 0x5a, 0x47, 0x5a,
  0x93, 0xee, 0x93, 0xee, 0x73, 0xee, 0x73, 0xee, 0x72, 0xee, 0x72, 0xee, 0x72, 0xee, 0x72, 0xee,
  0x72, 0xee, 0x72, 0xee, 0x52, 0xe6, 0x93, 0xf6, 0xc8, 0x6a, 0x04, 0x31, 0xa5, 0x41, 0x47, 0x5a,
  0x47, 0x5a, 0x47, 0x5a, 0x47, 0x5a, 0x47, 0x5a, 0x47, 0x5a, 0x47, 0x5a, 0x47, 0x5a, 0x47, 0x5a,
  0x47, 0x5a, 0x47, 0x5a, 0x47, 0x5a, 0x47, 0x5a, 0x47, 0x5a, 0x47, 0x5a, 0x47, 0x5a, 0x47, 0x5a,
  0x06, 0x52, 0x65, 0x39, 0x03, 0x31, 0x6f, 0xa4, 0x39, 0xff, 0xb7, 0xf6, 0xd7, 0xfe, 0xd7, 0xfe,
  0xd8, 0xfe, 0xd8, 0xfe, 0xd8, 0xfe, 0xd8, 0xfe, 0xd7, 0xfe, 0xd8, 0xfe, 0xd8, 0xfe, 0xd8, 0xfe,
  0xd7, 0xfe, 0xd7, 0xfe, 0xd7, 0xfe, 0xd8, 0xfe, 0xd8, 0xfe, 0xd8, 0xfe, 0x39, 0xff, 0xf8, 0xfe,
  0x31, 0xbd, 0x68, 0x62, 0x64, 0x39, 0x65, 0x39, 0xe3, 0x28, 0x04, 0x31, 0x65, 0x39, 0xc7, 0x49,
  0x68, 0x5a, 0xca, 0x6a, 0x0b, 0x7b, 0x2b, 0x7b, 0x2a, 0x7b, 0x0a, 0x73, 0xa9, 0x6a, 0x27, 0x5a,
  0xa6, 0x49, 0x44, 0x39, 0x03, 0x31, 0xe3, 0x30, 0x04, 0x31, 0x65, 0x41, 0x65, 0x41, 0xa6, 0x41,
  0xa9, 0x6a, 0x90, 0xac, 0x56, 0xe6, 0x39, 0xff, 0x39, 0xff, 0xd8, 0xfe, 0xd8, 0xfe, 0xd8, 0xfe,
  0xd8, 0xfe, 0xd8, 0xfe, 0xd8, 0xfe, 0xd8, 0xfe, 0xd8, 0xfe, 0xd8, 0xfe, 0xd8, 0xfe, 0xd8, 0xfe,
  0xd8, 0xfe, 0xd8, 0xfe, 0xd8, 0xfe, 0x19, 0xff, 0x56, 0xe6, 0xa6, 0x49, 0xe3, 0x28, 0x92, 0x9c,
  0xff, 0xff, 0xdf, 0xff, 0xff, 0xff, 0xdf, 0xff, 0xff, 0xff, 0x5d, 0xef, 0xa6, 0x41, 0x44, 0x39,
  0x65, 0x39, 0x65, 0x39, 0x65, 0x39, 0x65, 0x39, 0x44, 0x39, 0xa6, 0x41, 0x1b, 0xe7, 0xff, 0xff,
  0xff, 0xff, 0xf3, 0xa4, 0x24, 0x39, 0x03, 0x31, 0xae, 0x83, 0xff, 0xff, 0xf3, 0xa4, 0xe3, 0x30,
  0x44, 0x39, 0x48, 0x5a, 0x77, 0xf6, 0x55, 0xfe, 0x15, 0xf6, 0xd4, 0xfd, 0x72, 0xf5, 0x52, 0xfd,
  0x8f, 0xdc, 0xed, 0xc3, 0xf0, 0xf4, 0xcf, 0xf4, 0xaf, 0xf4, 0x0a, 0x9b, 0x2a, 0x9b, 0x31, 0xfd,
  0xed, 0xbb, 0x24, 0x31, 0x65, 0x39, 0xe6, 0x59, 0x67, 0x72, 0x46, 0x6a, 0x46, 0x62, 0x47, 0x62,
  0x47, 0x5a, 0x47, 0x5a, 0x47, 0x5a, 0x47, 0x5a, 0x47, 0x5a, 0x47, 0x5a, 0x47, 0x5a, 0x47, 0x5a,
  0x73, 0xee, 0x73, 0xee, 0x73, 0xee, 0x73, 0xee, 0x73, 0xee, 0x72, 0xee, 0x72, 0xee, 0x72, 0xee,
  0x72, 0xee, 0x72, 0xee, 0x72, 0xee, 0x72, 0xee, 0x67, 0x62, 0x04, 0x31, 0xa5, 0x49, 0x47, 0x5a,
  0x47, 0x5a, 0x47, 0x5a, 0x47, 0x5a, 0x47, 0x5a, 0x47, 0x5a, 0x47, 0x5a, 0x47, 0x5a, 0x47, 0x5a,
  0x47, 0x5a, 0x47, 0x5a, 0x47, 0x5a, 0x47, 0x5a, 0x47, 0x5a, 0x47, 0x5a, 0x47, 0x5a, 0x47, 0x5a,
  0xc5, 0x41, 0x44, 0x39, 0x85, 0x41, 0x15, 0xe6, 0x18, 0xff, 0xd7, 0xfe, 0xd7, 0xfe, 0xd7, 0xfe,
  0xd7, 0xfe, 0xd7, 0xfe, 0xd7, 0xfe, 0xd7, 0xfe, 0xd7, 0xfe, 0xd7, 0xfe, 0xd7, 0xfe, 0xd7, 0xfe,
  0xd7, 0xfe, 0xd7, 0xfe, 0xd7, 0xfe, 0xd7, 0xfe, 0xd7, 0xfe, 0xd8, 0xfe, 0xd8, 0xfe, 0xd7, 0xfe,
  0x79, 0xff, 0x4b, 0x7b, 0x24, 0x31, 0x65, 0x41, 0x48, 0x5a, 0x85, 0x41, 0x03, 0x31, 0xe3, 0x28,
  0xe3, 0x28, 0xe3, 0x30, 0xe3, 0x28, 0x03, 0x29, 0x04, 0x31, 0x04, 0x31, 0x24, 0x31, 0x24, 0x39,
  0x44, 0x39, 0x65, 0x39, 0x65, 0x41, 0x85, 0x41, 0xc6, 0x49, 0x65, 0x41, 0x24, 0x31, 0x89, 0x6a,
  0x38, 0xff, 0x59, 0xff, 0x18, 0xff, 0xd8, 0xfe, 0xd8, 0xfe, 0xd8, 0xfe, 0xd8, 0xfe, 0xd8, 0xfe,
  0xd8, 0xfe, 0xd8, 0xfe, 0xd8, 0xfe, 0xd8, 0xfe, 0xd8, 0xfe, 0xd8, 0xfe, 0xd8, 0xfe, 0xd8, 0xfe,
  0xd8, 0xfe, 0xd8, 0xfe, 0xd8, 0xfe, 0x39, 0xff, 0x53, 0xc5, 0x24, 0x39, 0x04, 0x31, 0xf7, 0xc5,
  0xff, 0xff, 0xff, 0xff, 0xff, 0xff, 0xff, 0xff, 0xff, 0xff, 0xb6, 0xbd, 0x03, 0x31, 0x65, 0x41,
  0x65, 0x39, 0x65, 0x39, 0x65, 0x39, 0x65, 0x39, 0x65, 0x41, 0x24, 0x31, 0x89, 0x5a, 0x55, 0xb5,
  0x91, 0x94, 0x65, 0x39, 0x45, 0x39, 0x65, 0x41, 0x44, 0x39, 0xba, 0xde, 0xbe, 0xff, 0x07, 0x4a,
  0x44, 0x39, 0x24, 0x31, 0xb0, 0xbc, 0x97, 0xfe, 0xf4, 0xf5, 0xd4, 0xf5, 0x72, 0xf5, 0x31, 0xf5,
  0x10, 0xf5, 0xf0, 0xfc, 0x8f, 0xec, 0xd0, 0xfc, 0xcc, 0xc3, 0x03, 0x31, 0x03, 0x31, 0xed, 0xc3,
  0x51, 0xf5, 0xe7, 0x59, 0x44, 0x31, 0x85, 0x41, 0x47, 0x6a, 0x47, 0x6a, 0x47, 0x62, 0x46, 0x62,
  0x46, 0x5a, 0x47, 0x5a, 0x47, 0x5a, 0x47, 0x5a, 0x47, 0x5a, 0x47, 0x5a, 0x47, 0x5a, 0x47, 0x5a,
  0x73, 0xee, 0x73, 0xee, 0x73, 0xee, 0x73, 0xee, 0x72, 0xee, 0x72, 0xee, 0x72, 0xee, 0x72, 0xee,
  0x72, 0xee, 0x72, 0xee, 0x72, 0xee, 0x52, 0xe6, 0x27, 0x5a, 0x24, 0x31, 0xa5, 0x49, 0x47, 0x5a,
  0x47, 0x5a, 0x47, 0x5a, 0x47, 0x5a, 0x47, 0x5a, 0x47, 0x5a, 0x47, 0x5a, 0x47, 0x5a, 0x47, 0x5a,
  0x47, 0x5a, 0x47, 0x5a, 0x47, 0x5a, 0x47, 0x5a, 0x47, 0x5a, 0x47, 0x5a, 0x47, 0x5a, 0x26, 0x52,
  0x85, 0x41, 0x04, 0x31, 0x0b, 0x7b, 0x19, 0xff, 0xd7, 0xfe, 0xd7, 0xfe, 0xd7, 0xfe, 0xd7, 0xfe,
  0xb7, 0xfe, 0xb7, 0xfe, 0xb7, 0xfe, 0xb7, 0xfe, 0xb7, 0xfe, 0xb7, 0xfe, 0xb7, 0xfe, 0xd7, 0xfe,
  0xd7, 0xfe, 0xd7, 0xfe, 0xd7, 0xfe, 0xd7, 0xfe, 0xd7, 0xfe, 0xd8, 0xfe, 0xd8, 0xfe, 0x39, 0xff,
  0x32, 0xc5, 0x04, 0x39, 0x04, 0x31, 0xae, 0x7b, 0xbe, 0xff, 0xba, 0xde, 0x55, 0xb5, 0x10, 0x8c,
  0x0c, 0x73, 0x69, 0x5a, 0x48, 0x5a, 0xe7, 0x49, 0x65, 0x39, 0x65, 0x41, 0x65, 0x41, 0x65, 0x39,
  0x65, 0x39, 0x65, 0x39, 0x45, 0x39, 0x71, 0x9c, 0xbe, 0xff, 0xcf, 0x83, 0xe3, 0x30, 0x24, 0x39,
  0xb0, 0xac, 0x39, 0xff, 0xb7, 0xfe, 0xd8, 0xfe, 0xd8, 0xfe, 0xd8, 0xfe, 0xd8, 0xfe, 0xd8, 0xfe,
  0xd8, 0xfe, 0xd8, 0xfe, 0xd8, 0xfe, 0xd8, 0xfe, 0xd8, 0xfe, 0xd8, 0xfe, 0xd8, 0xfe, 0xd8, 0xfe,
  0xd8, 0xfe, 0xd8, 0xfe, 0xd8, 0xfe, 0x39, 0xff, 0x90, 0xac, 0x04, 0x31, 0x85, 0x41, 0xdb, 0xde,
  0xff, 0xff, 0xff, 0xff, 0xff, 0xff, 0xff, 0xff, 0xff, 0xff, 0x10, 0x8c, 0xe3, 0x30, 0x65, 0x41,
  0x65, 0x39, 0x65, 0x39, 0x65, 0x39, 0x65, 0x39, 0x65, 0x39, 0x65, 0x41, 0x24, 0x39, 0x03, 0x31,
  0x03, 0x31, 0x45, 0x39, 0x65, 0x39, 0x85, 0x41, 0x03, 0x31, 0xce, 0x83, 0xff, 0xff, 0xd2, 0xa4,
  0x03, 0x31, 0x44, 0x39, 0x89, 0x6a, 0x56, 0xfe, 0x14, 0xf6, 0xd3, 0xf5, 0x72, 0xf5, 0x31, 0xf5,
  0x11, 0xf5, 0xd0, 0xf4, 0x8f, 0xf4, 0xcf, 0xfc, 0xac, 0xbb, 0x44, 0x39, 0x24, 0x31, 0x4b, 0x9b,
  0x92, 0xfd, 0xac, 0xa3, 0x24, 0x31, 0x65, 0x39, 0xe6, 0x59, 0x47, 0x6a, 0x46, 0x62, 0x46, 0x62,
  0x46, 0x5a, 0x47, 0x5a, 0x47, 0x5a, 0x47, 0x5a, 0x47, 0x5a, 0x47, 0x5a, 0x47, 0x5a, 0x47, 0x5a,
  0x73, 0xee, 0x73, 0xee, 0x73, 0xee, 0x73, 0xee, 0x72, 0xee, 0x72, 0xee, 0x72, 0xee, 0x73, 0xee,
  0x72, 0xee, 0x72, 0xee, 0x72, 0xee, 0x32, 0xe6, 0xe6, 0x51, 0x24, 0x39, 0xc6, 0x49, 0x47, 0x5a,
  0x47, 0x5a, 0x47, 0x5a, 0x47, 0x5a, 0x47, 0x5a, 0x47, 0x5a, 0x47, 0x5a, 0x47, 0x5a, 0x47, 0x5a,
  0x47, 0x5a, 0x47, 0x5a, 0x47, 0x5a, 0x47, 0x5a, 0x47, 0x5a, 0x47, 0x5a, 0x47, 0x5a, 0xc6, 0x49,
  0x65, 0x39, 0x24, 0x31, 0x52, 0xcd, 0x18, 0xff, 0xb7, 0xfe, 0xd7, 0xfe, 0xb7, 0xfe, 0xb7, 0xfe,
  0xb7, 0xfe, 0x97, 0xfe, 0xb7, 0xfe, 0x97, 0xfe, 0xb7, 0xfe, 0xb7, 0xfe, 0xb7, 0xfe, 0xb7, 0xfe,
  0xb7, 0xfe, 0xd7, 0xfe, 0xd7, 0xfe, 0xd7, 0xfe, 0xd7, 0xfe, 0xd8, 0xfe, 0xd8, 0xfe, 0x19, 0xff,
  0xca, 0x6a, 0x03, 0x31, 0xa6, 0x41, 0x3c, 0xef, 0xff, 0xff, 0xff, 0xff, 0xff, 0xff, 0xff, 0xff,
  0xff, 0xff, 0xff, 0xff, 0xda, 0xe6, 0x48, 0x52, 0x44, 0x39, 0x65, 0x39, 0x65, 0x39, 0x65, 0x39,
  0x65, 0x39, 0x65, 0x41, 0x65, 0x41, 0x85, 0x41, 0xf3, 0xa4, 0xde, 0xff, 0x07, 0x52, 0x03, 0x31,
  0xa6, 0x49, 0x76, 0xee, 0xf8, 0xfe, 0xd8, 0xfe, 0xf8, 0xfe, 0xd8, 0xfe, 0xd8, 0xfe, 0xd8, 0xfe,
  0xd8, 0xfe, 0xd8, 0xfe, 0xd8, 0xfe, 0xd8, 0xfe, 0xd8, 0xfe, 0xd8, 0xfe, 0xd8, 0xfe, 0xd8, 0xfe,
  0xd8, 0xfe, 0xd8, 0xfe, 0xd8, 0xfe, 0x39, 0xff, 0xed, 0x93, 0xe3, 0x28, 0xe7, 0x49, 0x7d, 0xf7,
  0xff, 0xff, 0xff, 0xff, 0xff, 0xff, 0xff, 0xff, 0xff, 0xff, 0x0b, 0x6b, 0x03, 0x31, 0x65, 0x41,
  0x65, 0x39, 0x65, 0x39, 0x65, 0x39, 0x65, 0x39, 0x65, 0x39, 0x65, 0x39, 0x65, 0x41, 0x85, 0x41,
  0x85, 0x41, 0x65, 0x39, 0x65, 0x39, 0x65, 0x41, 0x44, 0x39, 0xe7, 0x49, 0x9e, 0xf7, 0x5d, 0xef,
  0xa6, 0x49, 0x45, 0x39, 0x65, 0x39, 0x52, 0xd5, 0x55, 0xfe, 0xb3, 0xf5, 0x72, 0xf5, 0x31, 0xf5,
  0xaf, 0xe4, 0xaf, 0xec, 0xaf, 0xf4, 0xcf, 0xfc, 0xed, 0xc3, 0x45, 0x39, 0x24, 0x31, 0x2a, 0x9b,
  0x72, 0xfd, 0x31, 0xed, 0xc6, 0x51, 0x44, 0x31, 0x85, 0x49, 0x47, 0x6a, 0x46, 0x62, 0x47, 0x62,
  0x47, 0x5a, 0x47, 0x5a, 0x47, 0x5a, 0x47, 0x5a, 0x47, 0x5a, 0x47, 0x5a, 0x47, 0x5a, 0x47, 0x5a,
  0x93, 0xee, 0x73, 0xee, 0x73, 0xee, 0x73, 0xee, 0x73, 0xee, 0x72, 0xee, 0x72, 0xee, 0x72, 0xee,
  0x72, 0xee, 0x72, 0xee, 0x92, 0xee, 0x11, 0xde, 0xc6, 0x49, 0x24, 0x39, 0xc6, 0x49, 0x47, 0x5a,
  0x46, 0x5a, 0x47, 0x5a, 0x47, 0x5a, 0x47, 0x5a, 0x47, 0x5a, 0x47, 0x5a, 0x47, 0x5a, 0x47, 0x5a,
  0x47, 0x5a, 0x47, 0x5a, 0x47, 0x5a, 0x47, 0x5a, 0x47, 0x5a, 0x47, 0x5a, 0x46, 0x5a, 0x85, 0x41,
  0x24, 0x31, 0x68, 0x62, 0xf8, 0xfe, 0xd7, 0xfe, 0xb7, 0xfe, 0xb7, 0xfe, 0x97, 0xfe, 0x97, 0xfe,
  0x96, 0xfe, 0x76, 0xfe, 0x76, 0xfe, 0x76, 0xfe, 0x76, 0xfe, 0x76, 0xfe, 0x96, 0xfe, 0x97, 0xfe,
  0xb7, 0xfe, 0xb7, 0xfe, 0xb7, 0xfe, 0xd7, 0xfe, 0xd7, 0xfe, 0xd7, 0xfe, 0x18, 0xff, 0xd4, 0xd5,
  0x65, 0x41, 0xe3, 0x30, 0x30, 0x94, 0xff, 0xff, 0xff, 0xff, 0xff, 0xff, 0xff, 0xff, 0xdf, 0xff,
  0xff, 0xff, 0x9e, 0xf7, 0x89, 0x5a, 0x04, 0x31, 0x65, 0x41, 0x65, 0x39, 0x65, 0x39, 0x65, 0x39,
  0x65, 0x41, 0x24, 0x39, 0x03, 0x31, 0x24, 0x39, 0xc2, 0x28, 0xd3, 0xa4, 0x17, 0xce, 0x03, 0x31,
  0x04, 0x31, 0xcd, 0x93, 0x39, 0xff, 0xd8, 0xfe, 0xf8, 0xfe, 0xd8, 0xfe, 0xd8, 0xfe, 0xd8, 0xfe,
  0xd8, 0xfe, 0xd8, 0xfe, 0xd8, 0xfe, 0xd8, 0xfe, 0xd8, 0xfe, 0xd8, 0xfe, 0xd8, 0xfe, 0xd8, 0xfe,
  0xd8, 0xfe, 0xd8, 0xfe, 0xd8, 0xfe, 0x39, 0xff, 0x6c, 0x83, 0xc3, 0x28, 0x68, 0x5a, 0xdf, 0xff,
  0xff, 0xff, 0xff, 0xff, 0xff, 0xff, 0xff, 0xff, 0xff, 0xff, 0x69, 0x5a, 0x24, 0x39, 0x65, 0x41,
  0x65, 0x39, 0x65, 0x39, 0x65, 0x39, 0x65, 0x39, 0x65, 0x39, 0x65, 0x39, 0x65, 0x39, 0x65, 0x39,
  0x65, 0x39, 0x65, 0x39, 0x65, 0x39, 0x65, 0x39, 0x65, 0x41, 0x04, 0x31, 0xf7, 0xc5, 0xff, 0xff,
  0x8e, 0x7b, 0x04, 0x31, 0x24, 0x31, 0xad, 0x93, 0x76, 0xfe, 0xb3, 0xf5, 0x93, 0xf5, 0x52, 0xfd,
  0xed, 0xc3, 0x8f, 0xe4, 0xd0, 0xf4, 0xd0, 0xfc, 0xed, 0xc3, 0x45, 0x39, 0x24, 0x31, 0x4b, 0xa3,
  0x52, 0xfd, 0xb3, 0xfd, 0xad, 0xa3, 0x04, 0x31, 0x65, 0x41, 0x06, 0x5a, 0x47, 0x62, 0x47, 0x62,
  0x47, 0x5a, 0x47, 0x5a, 0x47, 0x5a, 0x47, 0x5a, 0x47, 0x5a, 0x47, 0x5a, 0x47, 0x5a, 0x47, 0x5a,
  0x73, 0xee, 0x73, 0xee, 0x73, 0xee, 0x73, 0xee, 0x73, 0xee, 0x72, 0xee, 0x72, 0xee, 0x72, 0xee,
  0x72, 0xee, 0x72, 0xee, 0x92, 0xee, 0x11, 0xde, 0xc6, 0x49, 0x44, 0x39, 0xc6, 0x49, 0x47, 0x5a,
  0x46, 0x5a, 0x47, 0x5a, 0x47, 0x5a, 0x47, 0x5a, 0x47, 0x5a, 0x47, 0x5a, 0x47, 0x5a, 0x47, 0x5a,
  0x47, 0x5a, 0x47, 0x5a, 0x47, 0x5a, 0x47, 0x5a, 0x47, 0x5a, 0x47, 0x5a, 0x06, 0x52, 0x64, 0x41,
  0x04, 0x31, 0x8f, 0xac, 0x38, 0xff, 0xb7, 0xfe, 0xb7, 0xfe, 0x97, 0xfe, 0x76, 0xfe, 0x76, 0xfe,
  0x56, 0xfe, 0x56, 0xfe, 0x56, 0xfe, 0x55, 0xfe, 0x35, 0xfe, 0x56, 0xfe, 0x56, 0xfe, 0x76, 0xfe,
  0x96, 0xfe, 0x97, 0xfe, 0xb7, 0xfe, 0xb7, 0xfe, 0xd7, 0xfe, 0xb7, 0xfe, 0x39, 0xff, 0xee, 0x9b,
  0x03, 0x31, 0x65, 0x39, 0xba, 0xde, 0xff, 0xff, 0xff, 0xff, 0xff, 0xff, 0xff, 0xff, 0xff, 0xff,
  0xff, 0xff, 0xce, 0x83, 0xc3, 0x28, 0x85, 0x41, 0x65, 0x39, 0x65, 0x39, 0x65, 0x39, 0x65, 0x39,
  0x24, 0x39, 0x48, 0x52, 0x6d, 0x7b, 0xe7, 0x51, 0x44, 0x39, 0xe3, 0x30, 0xb6, 0xbd, 0x6d, 0x7b,
  0xe3, 0x30, 0xa6, 0x49, 0x56, 0xee, 0x18, 0xff, 0xd8, 0xfe, 0xd8, 0xfe, 0xd8, 0xfe, 0xd8, 0xfe,
  0xd8, 0xfe, 0xd8, 0xfe, 0xd8, 0xfe, 0xd8, 0xfe, 0xd8, 0xfe, 0xd8, 0xfe, 0xd8, 0xfe, 0xd8, 0xfe,
  0xd8, 0xfe, 0xd8, 0xfe, 0xd8, 0xfe, 0x18, 0xff, 0xea, 0x72, 0xc3, 0x28, 0xa9, 0x62, 0xff, 0xff,
  0xff, 0xff, 0xff, 0xff, 0xff, 0xff, 0xff, 0xff, 0xde, 0xff, 0x28, 0x52, 0x24, 0x39, 0x65, 0x39,
  0x65, 0x39, 0x65, 0x39, 0x65, 0x39, 0x65, 0x39, 0x65, 0x39, 0x65, 0x39, 0x65, 0x39, 0x65, 0x39,
  0x65, 0x39, 0x65, 0x39, 0x65, 0x39, 0x65, 0x39, 0x65, 0x41, 0xe3, 0x30, 0x51, 0x94, 0xff, 0xff,
  0xb6, 0xbd, 0x24, 0x31, 0x44, 0x39, 0x68, 0x62, 0x35, 0xf6, 0xf4, 0xf5, 0xb3, 0xf5, 0x52, 0xf5,
  0x51, 0xf5, 0x11, 0xf5, 0xd0, 0xec, 0x10, 0xfd, 0xac, 0xbb, 0x44, 0x31, 0x44, 0x31, 0xcd, 0xb3,
  0x93, 0xfd, 0x93, 0xf5, 0x72, 0xe5, 0xa6, 0x49, 0x24, 0x39, 0xa5, 0x49, 0x67, 0x62, 0x47, 0x62,
  0x47, 0x5a, 0x47, 0x5a, 0x47, 0x5a, 0x47, 0x5a, 0x47, 0x5a, 0x47, 0x5a, 0x47, 0x5a, 0x47, 0x5a,
  0x73, 0xee, 0x73, 0xee, 0x73, 0xee, 0x73, 0xee, 0x73, 0xee, 0x72, 0xee, 0x72, 0xee, 0x72, 0xee,
  0x72, 0xee, 0x72, 0xee, 0x92, 0xee, 0x11, 0xde, 0xc6, 0x49, 0x44, 0x39, 0xc6, 0x49, 0x47, 0x5a,
  0x47, 0x5a, 0x47, 0x5a, 0x47, 0x5a, 0x47, 0x5a, 0x47, 0x5a, 0x47, 0x5a, 0x47, 0x5a, 0x47, 0x5a,
  0x47, 0x5a, 0x47, 0x5a, 0x47, 0x5a, 0x47, 0x5a, 0x47, 0x5a, 0x46, 0x5a, 0xa6, 0x49, 0x24, 0x39,
  0xa6, 0x49, 0x36, 0xe6, 0xd8, 0xfe, 0x97, 0xfe, 0x96, 0xfe, 0x76, 0xfe, 0x56, 0xfe, 0x35, 0xfe,
  0x15, 0xf6, 0x15, 0xf6, 0x14, 0xf6, 0x14, 0xf6, 0x15, 0xfe, 0x15, 0xfe, 0x15, 0xfe, 0x55, 0xfe,
  0x56, 0xfe, 0x76, 0xfe, 0x97, 0xfe, 0xb7, 0xfe, 0xd7, 0xfe, 0xd7, 0xfe, 0xd8, 0xfe, 0x68, 0x62,
  0xe3, 0x28, 0xcb, 0x62, 0xff, 0xff, 0xff, 0xff, 0xff, 0xff, 0xff, 0xff, 0xff, 0xff, 0xff, 0xff,
  0x79, 0xd6, 0x24, 0x31, 0x65, 0x41, 0x65, 0x39, 0x65, 0x39, 0x65, 0x39, 0x65, 0x39, 0x24, 0x31,
  0x89, 0x5a, 0x7d, 0xf7, 0xff, 0xff, 0x3c, 0xef, 0x48, 0x52, 0x03, 0x31, 0x28, 0x52, 0x54, 0xb5,
  0x45, 0x39, 0x03, 0x31, 0x4f, 0xa4, 0x59, 0xff, 0xd8, 0xfe, 0xd8, 0xfe, 0xd8, 0xfe, 0xd8, 0xfe,
  0xd8, 0xfe, 0xd8, 0xfe, 0xd8, 0xfe, 0xd8, 0xfe, 0xd8, 0xfe, 0xd8, 0xfe, 0xd8, 0xfe, 0xd8, 0xfe,
  0xd8, 0xfe, 0xd8, 0xfe, 0xd8, 0xfe, 0xf8, 0xfe, 0xa9, 0x6a, 0xe3, 0x28, 0xca, 0x62, 0xff, 0xff,
  0xff, 0xff, 0xff, 0xff, 0xff, 0xff, 0xff, 0xff, 0xdf, 0xff, 0x48, 0x5a, 0x24, 0x31, 0x65, 0x39,
  0x65, 0x39, 0x65, 0x39, 0x65, 0x39, 0x65, 0x39, 0x65, 0x39, 0x65, 0x39, 0x65, 0x39, 0x65, 0x39,
  0x65, 0x39, 0x65, 0x39, 0x65, 0x39, 0x65, 0x39, 0x65, 0x41, 0x03, 0x31, 0x2c, 0x73, 0xff, 0xff,
  0x5d, 0xf7, 0xe7, 0x49, 0x44, 0x39, 0x85, 0x41, 0x93, 0xe5, 0x35, 0xfe, 0xb4, 0xf5, 0x93, 0xf5,
  0x52, 0xf5, 0x32, 0xf5, 0x11, 0xf5, 0x51, 0xfd, 0x6c, 0xa3, 0x24, 0x31, 0x44, 0x39, 0x4f, 0xc4,
  0xb3, 0xfd, 0xb3, 0xf5, 0x55, 0xfe, 0x6c, 0x93, 0x03, 0x31, 0x65, 0x41, 0x26, 0x5a, 0x67, 0x62,
  0x47, 0x5a, 0x47, 0x5a, 0x47, 0x5a, 0x47, 0x5a, 0x47, 0x5a, 0x47, 0x5a, 0x47, 0x5a, 0x47, 0x5a,
  0x93, 0xee, 0x73, 0xee, 0x73, 0xee, 0x72, 0xee, 0x73, 0xee, 0x72, 0xee, 0x72, 0xee, 0x72, 0xee,
  0x72, 0xee, 0x72, 0xee, 0x92, 0xee, 0x32, 0xe6, 0xe6, 0x51, 0x24, 0x39, 0xc5, 0x49, 0x47, 0x5a,
  0x46, 0x5a, 0x47, 0x5a, 0x47, 0x5a, 0x47, 0x5a, 0x47, 0x5a, 0x47, 0x5a, 0x47, 0x5a, 0x47, 0x5a,
  0x47, 0x5a, 0x47, 0x5a, 0x47, 0x5a, 0x47, 0x5a, 0x47, 0x5a, 0x46, 0x5a, 0x85, 0x41, 0x04, 0x31,
  0xea, 0x72, 0xf8, 0xfe, 0x97, 0xfe, 0x96, 0xfe, 0x76, 0xfe, 0x55, 0xfe, 0x15, 0xfe, 0xf5, 0xfd,
  0xd4, 0xfd, 0xd4, 0xf5, 0xb3, 0xf5, 0xb3, 0xf5, 0x52, 0xe5, 0xb3, 0xf5, 0xf4, 0xfd, 0x15, 0xfe,
  0x35, 0xfe, 0x55, 0xfe, 0x76, 0xfe, 0x97, 0xfe, 0xb7, 0xfe, 0xf8, 0xfe, 0xd4, 0xdd, 0x65, 0x41,
  0xe3, 0x28, 0xb2, 0x9c, 0xff, 0xff, 0xff, 0xff, 0xff, 0xff, 0xff, 0xff, 0xff, 0xff, 0xff, 0xff,
  0x6d, 0x73, 0x03, 0x31, 0x65, 0x41, 0x65, 0x39, 0x65, 0x39, 0x65, 0x39, 0x65, 0x41, 0xe3, 0x28,
  0xd2, 0xa4, 0xff, 0xff, 0xbe, 0xf7, 0xff, 0xff, 0x51, 0x94, 0x03, 0x31, 0x04, 0x31, 0x10, 0x94,
  0xcb, 0x6a, 0xc3, 0x28, 0x89, 0x6a, 0xf8, 0xfe, 0xd8, 0xfe, 0xd8, 0xfe, 0xd8, 0xfe, 0xd8, 0xfe,
  0xd8, 0xfe, 0xd8, 0xfe, 0xd8, 0xfe, 0xd8, 0xfe, 0xd8, 0xfe, 0xd8, 0xfe, 0xd8, 0xfe, 0xd8, 0xfe,
  0xd8, 0xfe, 0xd8, 0xfe, 0xd8, 0xfe, 0xf8, 0xfe, 0x89, 0x62, 0xe3, 0x30, 0xaa, 0x62, 0xff, 0xff,
  0xff, 0xff, 0xff, 0xff, 0xff, 0xff, 0xff, 0xff, 0xff, 0xff, 0xaa, 0x62, 0x24, 0x31, 0x65, 0x39,
  0x65, 0x39, 0x65, 0x39, 0x65, 0x39, 0x65, 0x39, 0x65, 0x39, 0x65, 0x39, 0x65, 0x39, 0x65, 0x39,
  0x65, 0x39, 0x65, 0x39, 0x65, 0x39, 0x65, 0x39, 0x65, 0x41, 0x24, 0x31, 0x69, 0x5a, 0xdf, 0xff,
  0xff, 0xff, 0x2c, 0x6b, 0x24, 0x31, 0x24, 0x39, 0xd0, 0xbc, 0x76, 0xfe, 0xf4, 0xf5, 0xb3, 0xf5,
  0x93, 0xf5, 0x72, 0xf5, 0x32, 0xf5, 0x72, 0xfd, 0xea, 0x8a, 0x04, 0x31, 0x85, 0x49, 0x11, 0xdd,
  0xd4, 0xfd, 0xd4, 0xf5, 0x55, 0xfe, 0x73, 0xdd, 0x65, 0x41, 0x44, 0x39, 0xc5, 0x49, 0x67, 0x5a,
  0x47, 0x5a, 0x47, 0x5a, 0x47, 0x5a, 0x47, 0x5a, 0x47, 0x5a, 0x47, 0x5a, 0x47, 0x5a, 0x47, 0x5a,
  0x93, 0xee, 0x73, 0xee, 0x73, 0xee, 0x72, 0xee, 0x73, 0xee, 0x72, 0xee, 0x72, 0xee, 0x72, 0xee,
  0x72, 0xee, 0x72, 0xee, 0x72, 0xee, 0x52, 0xee, 0x47, 0x5a, 0x24, 0x39, 0xa5, 0x49, 0x47, 0x5a,
  0x46, 0x5a, 0x47, 0x5a, 0x47, 0x5a, 0x47, 0x5a, 0x47, 0x5a, 0x47, 0x5a, 0x47, 0x5a, 0x47, 0x5a,
  0x47, 0x5a, 0x47, 0x5a, 0x47, 0x5a, 0x47, 0x5a, 0x47, 0x5a, 0x26, 0x52, 0x85, 0x41, 0x03, 0x31,
  0x2e, 0x9c, 0x18, 0xff, 0x76, 0xfe, 0x76, 0xfe, 0x55, 0xfe, 0x15, 0xfe, 0xf4, 0xf5, 0xb3, 0xf5,
  0x93, 0xf5, 0x92, 0xf5, 0x72, 0xf5, 0x72, 0xf5, 0x6b, 0xa3, 0x11, 0xe5, 0xd3, 0xfd, 0xb3, 0xf5,
  0x15, 0xfe, 0x76, 0xfe, 0x56, 0xfe, 0x76, 0xfe, 0x96, 0xf6, 0x18, 0xff, 0x90, 0xac, 0x04, 0x31,
  0x44, 0x39, 0x59, 0xce, 0xff, 0xff, 0xff, 0xff, 0xff, 0xff, 0xff, 0xff, 0xff, 0xff, 0x3c, 0xef,
  0x86, 0x41, 0x45, 0x39, 0x65, 0x39, 0x65, 0x39, 0x65, 0x39, 0x65, 0x39, 0x65, 0x41, 0x03, 0x31,
  0x4d, 0x73, 0xff, 0xff, 0xff, 0xff, 0xff, 0xff, 0x8e, 0x7b, 0x03, 0x31, 0x44, 0x39, 0x28, 0x52,
  0xef, 0x8b, 0x03, 0x31, 0x85, 0x41, 0x15, 0xde, 0x19, 0xff, 0xd8, 0xfe, 0xd8, 0xfe, 0xd8, 0xfe,
  0xd8, 0xfe, 0xd8, 0xfe, 0xd8, 0xfe, 0xd8, 0xfe, 0xd8, 0xfe, 0xd8, 0xfe, 0xd8, 0xfe, 0xd8, 0xfe,
  0xd8, 0xfe, 0xd8, 0xfe, 0xd8, 0xfe, 0xf8, 0xfe, 0x69, 0x62, 0xe3, 0x30, 0x89, 0x5a, 0xff, 0xff,
  0xff, 0xff, 0xff, 0xff, 0xff, 0xff, 0xff, 0xff, 0xff, 0xff, 0x4d, 0x73, 0x03, 0x31, 0x85, 0x41,
  0x65, 0x39, 0x65, 0x39, 0x65, 0x39, 0x65, 0x39, 0x65, 0x39, 0x65, 0x39, 0x65, 0x39, 0x65, 0x39,
  0x65, 0x39, 0x65, 0x39, 0x65, 0x39, 0x65, 0x39, 0x65, 0x41, 0x24, 0x39, 0x08, 0x52, 0x9e, 0xf7,
  0xff, 0xff, 0x71, 0x94, 0x04, 0x31, 0x24, 0x31, 0xcd, 0x93, 0xb7, 0xfe, 0x15, 0xf6, 0xf4, 0xfd,
  0xd4, 0xf5, 0xb3, 0xf5, 0x93, 0xf5, 0xb3, 0xf5, 0x68, 0x6a, 0x03, 0x29, 0x07, 0x5a, 0xb3, 0xf5,
  0x14, 0xfe, 0x15, 0xfe, 0x55, 0xf6, 0x97, 0xfe, 0x89, 0x6a, 0x24, 0x31, 0xa5, 0x41, 0x47, 0x5a,
  0x47, 0x5a, 0x47, 0x5a, 0x47, 0x5a, 0x47, 0x5a, 0x47, 0x5a, 0x47, 0x5a, 0x47, 0x5a, 0x47, 0x5a,
  0x93, 0xee, 0x93, 0xee, 0x73, 0xee, 0x73, 0xee, 0x72, 0xee, 0x72, 0xee, 0x73, 0xee, 0x72, 0xee,
  0x72, 0xee, 0x72, 0xee, 0x52, 0xe6, 0xb3, 0xf6, 0xe9, 0x72, 0x04, 0x31, 0x85, 0x41, 0x27, 0x5a,
  0x46, 0x5a, 0x47, 0x5a, 0x47, 0x5a, 0x47, 0x5a, 0x47, 0x5a, 0x47, 0x5a, 0x47, 0x5a, 0x47, 0x5a,
  0x47, 0x5a, 0x47, 0x5a, 0x47, 0x5a, 0x47, 0x5a, 0x46, 0x5a, 0x26, 0x52, 0x85, 0x41, 0x03, 0x31,
  0x70, 0xa4, 0x18, 0xff, 0x56, 0xfe, 0x56, 0xfe, 0x35, 0xf6, 0xf4, 0xf5, 0xb3, 0xf5, 0xb3, 0xfd,
  0x93, 0xfd, 0x31, 0xf5, 0x31, 0xf5, 0x31, 0xf5, 0x52, 0xfd, 0x72, 0xfd, 0x72, 0xf5, 0xb3, 0xfd,
  0x52, 0xdd, 0xd0, 0xc4, 0x56, 0xfe, 0x56, 0xf6, 0x76, 0xf6, 0xf8, 0xfe, 0x6c, 0x83, 0xe3, 0x28,
  0x07, 0x52, 0x9d, 0xf7, 0xff, 0xff, 0xff, 0xff, 0xff, 0xff, 0xff, 0xff, 0xff, 0xff, 0x96, 0xbd,
  0x03, 0x31, 0x65, 0x41, 0x65, 0x39, 0x65, 0x39, 0x65, 0x39, 0x65, 0x39, 0x65, 0x39, 0x65, 0x39,
  0x44, 0x39, 0xcf, 0x83, 0xba, 0xde, 0xd7, 0xc5, 0x65, 0x39, 0x45, 0x39, 0x65, 0x41, 0x44, 0x39,
  0x8d, 0x7b, 0xc6, 0x49, 0x03, 0x29, 0xb0, 0xb4, 0x39, 0xff, 0xd8, 0xfe, 0xd8, 0xfe, 0xd8, 0xfe,
  0xd8, 0xfe, 0xd8, 0xfe, 0xd8, 0xfe, 0xd8, 0xfe, 0xd8, 0xfe, 0xd8, 0xfe, 0xd8, 0xfe, 0xd8, 0xfe,
  0xd8, 0xfe, 0xd8, 0xfe, 0xd8, 0xfe, 0xf8, 0xfe, 0x69, 0x62, 0x03, 0x31, 0x28, 0x52, 0xbe, 0xf7,
  0xff, 0xff, 0xff, 0xff, 0xff, 0xff, 0xff, 0xff, 0xff, 0xff, 0x71, 0x9c, 0xe3, 0x30, 0x85, 0x41,
  0x65, 0x39, 0x65, 0x39, 0x65, 0x39, 0x65, 0x39, 0x65, 0x39, 0x65, 0x39, 0x65, 0x39, 0x65, 0x39,
  0x65, 0x39, 0x65, 0x39, 0x65, 0x39, 0x65, 0x39, 0x65, 0x39, 0x44, 0x39, 0xe7, 0x49, 0x7d, 0xef,
  0xff, 0xff, 0x96, 0xbd, 0x04, 0x31, 0x24, 0x31, 0x0a, 0x7b, 0xb7, 0xfe, 0x55, 0xfe, 0x35, 0xfe,
  0x15, 0xf6, 0xf4, 0xf5, 0xf4, 0xfd, 0x93, 0xed, 0xc6, 0x49, 0x04, 0x31, 0xaa, 0x72, 0x55, 0xfe,
  0x15, 0xf6, 0x56, 0xfe, 0x56, 0xf6, 0xd8, 0xfe, 0xad, 0x8b, 0x03, 0x31, 0x85, 0x41, 0x47, 0x5a,
  0x47, 0x5a, 0x47, 0x5a, 0x47, 0x5a, 0x47, 0x5a, 0x47, 0x5a, 0x47, 0x5a, 0x47, 0x5a, 0x47, 0x5a,
  0x93, 0xee, 0x93, 0xee, 0x73, 0xee, 0x73, 0xee, 0x72, 0xee, 0x72, 0xee, 0x73, 0xee, 0x72, 0xee,
  0x72, 0xee, 0x72, 0xee, 0x52, 0xe6, 0xb3, 0xf6, 0x4c, 0x9c, 0x04, 0x31, 0x65, 0x41, 0x06, 0x52,
  0x47, 0x5a, 0x47, 0x5a, 0x47, 0x5a, 0x47, 0x5a, 0x47, 0x5a, 0x47, 0x5a, 0x47, 0x5a, 0x47, 0x5a,
  0x47, 0x5a, 0x47, 0x5a, 0x47, 0x5a, 0x47, 0x5a, 0x47, 0x5a, 0x46, 0x5a, 0x85, 0x41, 0x24, 0x31,
  0x88, 0x62, 0x97, 0xfe, 0x76, 0xfe, 0x35, 0xfe, 0x14, 0xf6, 0xd3, 0xf5, 0xb3, 0xfd, 0x8f, 0xd4,
  0xed, 0xbb, 0x31, 0xfd, 0xf0, 0xf4, 0xf0, 0xf4, 0x8f, 0xdc, 0x6f, 0xd4, 0x31, 0xf5, 0x72, 0xfd,
  0x31, 0xe5, 0xd0, 0xcc, 0x35, 0xfe, 0x55, 0xf6, 0x76, 0xfe, 0xb7, 0xfe, 0x89, 0x6a, 0xc3, 0x28,
  0x0b, 0x6b, 0xff, 0xff, 0xff, 0xff, 0xff, 0xff, 0xff, 0xff, 0xff, 0xff, 0xff, 0xff, 0x30, 0x8c,
  0xe3, 0x30, 0x65, 0x41, 0x65, 0x39, 0x65, 0x39, 0x65, 0x39, 0x65, 0x39, 0x65, 0x39, 0x65, 0x39,
  0x65, 0x39, 0x03, 0x31, 0x65, 0x39, 0x44, 0x39, 0x44, 0x39, 0x65, 0x39, 0x65, 0x41, 0x24, 0x31,
  0xca, 0x6a, 0x69, 0x5a, 0xe3, 0x28, 0x6c, 0x83, 0x39, 0xff, 0xd8, 0xfe, 0xd8, 0xfe, 0xd8, 0xfe,
  0xd8, 0xfe, 0xd8, 0xfe, 0xd8, 0xfe, 0xd8, 0xfe, 0xd8, 0xfe, 0xf8, 0xfe, 0xf8, 0xfe, 0xd8, 0xfe,
  0xd8, 0xfe, 0xd8, 0xfe, 0xd8, 0xfe, 0xf8, 0xfe, 0x89, 0x6a, 0x04, 0x31, 0xe6, 0x49, 0x5d, 0xef,
  0xff, 0xff, 0xff, 0xff, 0xff, 0xff, 0xff, 0xff, 0xff, 0xff, 0xf7, 0xc5, 0x03, 0x31, 0x65, 0x41,
  0x65, 0x39, 0x65, 0x39, 0x65, 0x39, 0x65, 0x39, 0x65, 0x39, 0x65, 0x39, 0x65, 0x39, 0x65, 0x39,
  0x65, 0x39, 0x65, 0x39, 0x65, 0x39, 0x65, 0x39, 0x65, 0x39, 0x24, 0x39, 0x08, 0x52, 0x9e, 0xf7,
  0xff, 0xff, 0x59, 0xd6, 0x45, 0x39, 0x24, 0x31, 0x89, 0x6a, 0xb7, 0xfe, 0x76, 0xfe, 0x56, 0xf6,
  0x56, 0xf6, 0x35, 0xf6, 0x76, 0xfe, 0xf1, 0xcc, 0x45, 0x39, 0x04, 0x31, 0xcd, 0x9b, 0x97, 0xfe,
  0x56, 0xf6, 0x76, 0xfe, 0x76, 0xf6, 0x39, 0xff, 0xad, 0x8b, 0x03, 0x31, 0x65, 0x41, 0xe6, 0x51,
  0x47, 0x5a, 0x47, 0x5a, 0x47, 0x5a, 0x47, 0x5a, 0x47, 0x5a, 0x47, 0x5a, 0x47, 0x5a, 0x47, 0x5a,
  0x93, 0xee, 0x93, 0xee, 0x73, 0xee, 0x73, 0xee, 0x72, 0xee, 0x72, 0xee, 0x73, 0xee, 0x72, 0xee,
  0x72, 0xee, 0x72, 0xee, 0x52, 0xee, 0x92, 0xee, 0xd1, 0xd5, 0x85, 0x49, 0x44, 0x39, 0xa5, 0x41,
  0x47, 0x5a, 0x47, 0x5a, 0x47, 0x5a, 0x47, 0x5a, 0x47, 0x5a, 0x47, 0x5a, 0x47, 0x5a, 0x47, 0x5a,
  0x47, 0x5a, 0x47, 0x5a, 0x47, 0x5a, 0x47, 0x5a, 0x47, 0x5a, 0x47, 0x5a, 0xc6, 0x49, 0x65, 0x39,
  0x03, 0x31, 0x90, 0xb4, 0xb7, 0xfe, 0x14, 0xf6, 0xf4, 0xf5, 0x93, 0xf5, 0x93, 0xfd, 0x2e, 0xc4,
  0xac, 0xb3, 0x11, 0xfd, 0xaf, 0xec, 0xf0, 0xfc, 0xed, 0xcb, 0x4b, 0xa3, 0x31, 0xfd, 0x31, 0xf5,
  0x92, 0xf5, 0xf4, 0xfd, 0xf4, 0xf5, 0x35, 0xfe, 0x76, 0xfe, 0x55, 0xee, 0x07, 0x52, 0xc3, 0x28,
  0x0f, 0x8c, 0xff, 0xff, 0xdf, 0xff, 0xff, 0xff, 0xff, 0xff, 0xff, 0xff, 0xff, 0xff, 0x2c, 0x73,
  0x04, 0x31, 0x65, 0x41, 0x65, 0x39, 0x65, 0x39, 0x65, 0x39, 0x65, 0x39, 0x65, 0x39, 0x65, 0x39,
  0x65, 0x39, 0x85, 0x41, 0x65, 0x39, 0x65, 0x41, 0x65, 0x41, 0x65, 0x39, 0x65, 0x39, 0x24, 0x31,
  0x48, 0x52, 0xea, 0x6a, 0xe3, 0x28, 0x69, 0x62, 0xf8, 0xfe, 0xd8, 0xfe, 0xd8, 0xfe, 0xd8, 0xfe,
  0xf8, 0xfe, 0x19, 0xff, 0xd8, 0xfe, 0xd8, 0xfe, 0xf8, 0xfe, 0xd7, 0xf6, 0xb7, 0xf6, 0xf8, 0xfe,
  0xd8, 0xfe, 0xd8, 0xfe, 0xd8, 0xfe, 0x19, 0xff, 0xea, 0x72, 0x04, 0x31, 0x85, 0x41, 0xdb, 0xde,
  0xff, 0xff, 0xff, 0xff, 0xff, 0xff, 0xff, 0xff, 0xff, 0xff, 0x7d, 0xf7, 0xe7, 0x49, 0x44, 0x39,
  0x65, 0x39, 0x65, 0x39, 0x65, 0x39, 0x65, 0x39, 0x65, 0x39, 0x65, 0x39, 0x65, 0x39, 0x65, 0x39,
  0x65, 0x39, 0x65, 0x39, 0x65, 0x39, 0x65, 0x39, 0x65, 0x41, 0x24, 0x31, 0x89, 0x5a, 0xff, 0xff,
  0xff, 0xff, 0xfb, 0xe6, 0x85, 0x41, 0x24, 0x31, 0x48, 0x5a, 0xb7, 0xfe, 0x97, 0xfe, 0x96, 0xfe,
  0x76, 0xfe, 0x56, 0xf6, 0xb7, 0xfe, 0x2e, 0xa4, 0x24, 0x31, 0x44, 0x39, 0x11, 0xc5, 0xb7, 0xfe,
  0x76, 0xf6, 0x97, 0xfe, 0x18, 0xff, 0x52, 0xc5, 0x85, 0x41, 0x44, 0x39, 0x64, 0x39, 0xe6, 0x49,
  0x47, 0x5a, 0x47, 0x5a, 0x47, 0x5a, 0x47, 0x5a, 0x47, 0x5a, 0x47, 0x5a, 0x47, 0x5a, 0x47, 0x5a,
  0x93, 0xee, 0x93, 0xee, 0x73, 0xee, 0x73, 0xee, 0x73, 0xee, 0x73, 0xee, 0x72, 0xee, 0x72, 0xee,
  0x72, 0xee, 0x72, 0xee, 0x72, 0xee, 0x52, 0xe6, 0xb3, 0xf6, 0x6a, 0x83, 0x04, 0x31, 0x65, 0x41,
  0xe6, 0x51, 0x47, 0x5a, 0x47, 0x5a, 0x47, 0x5a, 0x47, 0x5a, 0x47, 0x5a, 0x47, 0x5a, 0x47, 0x5a,
  0x47, 0x5a, 0x47, 0x5a, 0x47, 0x5a, 0x47, 0x5a, 0x47, 0x5a, 0x47, 0x5a, 0x47, 0x5a, 0x85, 0x41,
  0x24, 0x31, 0x48, 0x62, 0x76, 0xfe, 0x14, 0xfe, 0xd4, 0xf5, 0x92, 0xf5, 0x51, 0xf5, 0x31, 0xf5,
  0xf0, 0xfc, 0xb0, 0xec, 0xaf, 0xf4, 0xaf, 0xf4, 0xd0, 0xfc, 0xf0, 0xfc, 0xf0, 0xf4, 0x11, 0xf5,
  0x52, 0xf5, 0x93, 0xf5, 0xf4, 0xf5, 0x15, 0xf6, 0x97, 0xfe, 0xd4, 0xe5, 0x85, 0x49, 0xe3, 0x28,
  0xf3, 0xa4, 0xff, 0xff, 0xdf, 0xff, 0xff, 0xff, 0xff, 0xff, 0xff, 0xff, 0xff, 0xff, 0xaa, 0x62,
  0x24, 0x31, 0x65, 0x41, 0x65, 0x39, 0x65, 0x39, 0x65, 0x39, 0x65, 0x39, 0x65, 0x39, 0x65, 0x39,
  0x65, 0x39, 0x65, 0x39, 0x65, 0x39, 0x65, 0x39, 0x65, 0x39, 0x65, 0x39, 0x65, 0x39, 0x44, 0x39,
  0xc6, 0x49, 0x2c, 0x73, 0x24, 0x31, 0xa6, 0x49, 0x56, 0xee, 0xf8, 0xfe, 0xd8, 0xfe, 0xf8, 0xfe,
  0xb7, 0xf6, 0x93, 0xd5, 0xd8, 0xfe, 0xd8, 0xfe, 0x39, 0xff, 0x32, 0xc5, 0xf1, 0xbc, 0x39, 0xff,
  0xd8, 0xfe, 0xf8, 0xfe, 0xf8, 0xfe, 0x39, 0xff, 0x6c, 0x83, 0x24, 0x31, 0x24, 0x39, 0x38, 0xce,
  0xff, 0xff, 0xff, 0xff, 0xff, 0xff, 0xff, 0xff, 0xff, 0xff, 0xff, 0xff, 0xae, 0x83, 0x03, 0x31,
  0x65, 0x41, 0x65, 0x39, 0x65, 0x39, 0x65, 0x39, 0x65, 0x39, 0x65, 0x39, 0x65, 0x39, 0x65, 0x39,
  0x65, 0x39, 0x65, 0x39, 0x65, 0x39, 0x65, 0x39, 0x65, 0x41, 0xe3, 0x30, 0x6d, 0x7b, 0xff, 0xff,
  0xff, 0xff, 0x3c, 0xef, 0xa6, 0x41, 0x24, 0x31, 0x27, 0x5a, 0xb7, 0xf6, 0xb7, 0xfe, 0x97, 0xfe,
  0x97, 0xfe, 0x96, 0xfe, 0xd8, 0xfe, 0x4b, 0x83, 0x04, 0x31, 0x85, 0x41, 0xf5, 0xe5, 0xb7, 0xfe,
  0xb7, 0xfe, 0xd8, 0xfe, 0x4f, 0xa4, 0x24, 0x39, 0x44, 0x39, 0x45, 0x39, 0xc5, 0x49, 0x47, 0x5a,
  0x46, 0x5a, 0x47, 0x5a, 0x47, 0x5a, 0x47, 0x5a, 0x47, 0x5a, 0x47, 0x5a, 0x47, 0x5a, 0x47, 0x5a,
  0x93, 0xee, 0x93, 0xee, 0x73, 0xee, 0x73, 0xee, 0x93, 0xee, 0x73, 0xee, 0x72, 0xee, 0x72, 0xee,
  0x72, 0xee, 0x72, 0xee, 0x72, 0xee, 0x52, 0xe6, 0x92, 0xee, 0xf1, 0xd5, 0xa5, 0x49, 0x44, 0x39,
  0x85, 0x41, 0x47, 0x5a, 0x47, 0x5a, 0x47, 0x5a, 0x47, 0x5a, 0x47, 0x5a, 0x47, 0x5a, 0x47, 0x5a,
  0x47, 0x5a, 0x47, 0x5a, 0x47, 0x5a, 0x47, 0x5a, 0x47, 0x5a, 0x46, 0x5a, 0x67, 0x5a, 0xe5, 0x49,
  0x44, 0x39, 0x44, 0x39, 0x52, 0xd5, 0x35, 0xfe, 0xb4, 0xf5, 0x92, 0xf5, 0x31, 0xf5, 0x10, 0xf5,
  0xf0, 0xfc, 0xcf, 0xf4, 0x8f, 0xec, 0xaf, 0xf4, 0x8f, 0xec, 0x6e, 0xe4, 0xd0, 0xf4, 0x11, 0xf5,
  0x52, 0xf5, 0x93, 0xf5, 0xd4, 0xf5, 0x15, 0xf6, 0xb7, 0xfe, 0x73, 0xd5, 0x45, 0x39, 0x03, 0x31,
  0x96, 0xbd, 0xff, 0xff, 0xdf, 0xff, 0xff, 0xff, 0xff, 0xff, 0xff, 0xff, 0xdf, 0xff, 0x49, 0x5a,
  0x24, 0x31, 0x65, 0x41, 0x65, 0x39, 0x65, 0x39, 0x65, 0x39, 0x65, 0x39, 0x65, 0x39, 0x65, 0x39,
  0x65, 0x39, 0x65, 0x39, 0x65, 0x39, 0x65, 0x39, 0x65, 0x39, 0x65, 0x39, 0x65, 0x39, 0x45, 0x39,
  0x85, 0x41, 0x6d, 0x7b, 0x65, 0x39, 0x45, 0x39, 0xd4, 0xd5, 0x19, 0xff, 0xd8, 0xfe, 0xf8, 0xfe,
  0xb7, 0xf6, 0x93, 0xcd, 0xd8, 0xfe, 0x18, 0xff, 0xf8, 0xfe, 0xd8, 0xfe, 0xd8, 0xfe, 0xd8, 0xfe,
  0x18, 0xff, 0x56, 0xe6, 0x4f, 0xa4, 0x79, 0xff, 0x0e, 0x9c, 0x24, 0x31, 0x04, 0x31, 0x14, 0xad,
  0xff, 0xff, 0xff, 0xff, 0xff, 0xff, 0xff, 0xff, 0xff, 0xff, 0xff, 0xff, 0x59, 0xd6, 0x24, 0x31,
  0x65, 0x41, 0x65, 0x39, 0x65, 0x39, 0x65, 0x39, 0x65, 0x39, 0x65, 0x39, 0x65, 0x39, 0x65, 0x39,
  0x65, 0x39, 0x65, 0x39, 0x65, 0x39, 0x65, 0x39, 0x65, 0x41, 0xe3, 0x30, 0xd3, 0xa4, 0xff, 0xff,
  0xff, 0xff, 0x3d, 0xef, 0xa6, 0x49, 0x24, 0x31, 0x27, 0x5a, 0xb7, 0xf6, 0xd7, 0xfe, 0xb7, 0xfe,
  0xb7, 0xfe, 0xd7, 0xfe, 0x97, 0xf6, 0x27, 0x5a, 0x04, 0x31, 0x27, 0x5a, 0x96, 0xf6, 0xd7, 0xfe,
  0x77, 0xf6, 0xea, 0x7a, 0x03, 0x31, 0x45, 0x39, 0x65, 0x41, 0xc5, 0x49, 0x47, 0x5a, 0x46, 0x5a,
  0x47, 0x5a, 0x47, 0x5a, 0x47, 0x5a, 0x47, 0x5a, 0x47, 0x5a, 0x47, 0x5a, 0x47, 0x5a, 0x47, 0x5a,
  0x93, 0xee, 0x93, 0xee, 0x73, 0xee, 0x73, 0xee, 0x93, 0xee, 0x73, 0xee, 0x72, 0xee, 0x72, 0xee,
  0x72, 0xee, 0x72, 0xee, 0x72, 0xee, 0x72, 0xee, 0x52, 0xee, 0xb3, 0xf6, 0xcb, 0x93, 0x04, 0x31,
  0x65, 0x41, 0x06, 0x52, 0x47, 0x5a, 0x47, 0x5a, 0x47, 0x5a, 0x47, 0x5a, 0x47, 0x5a, 0x47, 0x5a,
  0x47, 0x5a, 0x47, 0x5a, 0x47, 0x5a, 0x47, 0x5a, 0x47, 0x5a, 0x47, 0x5a, 0x47, 0x5a, 0x26, 0x52,
  0x65, 0x41, 0x03, 0x31, 0x0e, 0xa4, 0x76, 0xfe, 0xb3, 0xf5, 0x92, 0xf5, 0x31, 0xf5, 0x11, 0xf5,
  0x0d, 0xcc, 0x4e, 0xdc, 0xaf, 0xf4, 0xaf, 0xf4, 0x2e, 0xdc, 0xac, 0xbb, 0xf0, 0xf4, 0x11, 0xf5,
  0x52, 0xf5, 0x93, 0xf5, 0xf4, 0xf5, 0x15, 0xf6, 0xb7, 0xfe, 0x12, 0xc5, 0x24, 0x39, 0x24, 0x31,
  0xf7, 0xc5, 0xff, 0xff, 0xdf, 0xff, 0xff, 0xff, 0xff, 0xff, 0xff, 0xff, 0xff, 0xff, 0x49, 0x5a,
  0x24, 0x39, 0x65, 0x41, 0x65, 0x39, 0x65, 0x39, 0x65, 0x39, 0x65, 0x39, 0x65, 0x39, 0x65, 0x39,
  0x65, 0x39, 0x65, 0x39, 0x65, 0x39, 0x65, 0x39, 0x65, 0x39, 0x65, 0x39, 0x65, 0x39, 0x65, 0x41,
  0x65, 0x39, 0x8d, 0x7b, 0x85, 0x41, 0x04, 0x31, 0x32, 0xc5, 0x39, 0xff, 0xd7, 0xf6, 0xd8, 0xfe,
  0xf8, 0xfe, 0x19, 0xff, 0xf8, 0xfe, 0x35, 0xe6, 0xb7, 0xf6, 0xf8, 0xfe, 0xf8, 0xfe, 0xd8, 0xfe,
  0xf8, 0xfe, 0xd7, 0xf6, 0x35, 0xe6, 0x59, 0xff, 0xd0, 0xb4, 0x24, 0x31, 0x04, 0x31, 0xae, 0x83,
  0xff, 0xff, 0xff, 0xff, 0xff, 0xff, 0xff, 0xff, 0xff, 0xff, 0xff, 0xff, 0xff, 0xff, 0x4c, 0x73,
  0x03, 0x31, 0x65, 0x41, 0x65, 0x39, 0x65, 0x39, 0x65, 0x39, 0x65, 0x39, 0x65, 0x39, 0x65, 0x39,
  0x65, 0x39, 0x65, 0x39, 0x65, 0x39, 0x65, 0x39, 0x65, 0x39, 0x44, 0x39, 0xba, 0xde, 0xff, 0xff,
  0xff, 0xff, 0x1c, 0xe7, 0xa6, 0x41, 0x24, 0x31, 0x48, 0x62, 0xd7, 0xfe, 0xd7, 0xfe, 0xd7, 0xfe,
  0xb7, 0xfe, 0x18, 0xff, 0x72, 0xcd, 0x44, 0x39, 0x03, 0x31, 0xad, 0x8b, 0x18, 0xff, 0xf8, 0xfe,
  0x6c, 0x8b, 0xe3, 0x28, 0x85, 0x41, 0x65, 0x39, 0x85, 0x41, 0x26, 0x52, 0x46, 0x5a, 0x26, 0x5a,
  0x47, 0x5a, 0x47, 0x5a, 0x47, 0x5a, 0x47, 0x5a, 0x47, 0x5a, 0x47, 0x5a, 0x47, 0x5a, 0x47, 0x5a,
  0x73, 0xee, 0x93, 0xee, 0x93, 0xee, 0x73, 0xee, 0x73, 0xee, 0x73, 0xee, 0x72, 0xee, 0x72, 0xee,
  0x72, 0xee, 0x72, 0xee, 0x72, 0xee, 0x72, 0xe6, 0x52, 0xee, 0x72, 0xee, 0xd1, 0xd5, 0xa5, 0x41,
  0x44, 0x39, 0xa5, 0x49, 0x47, 0x5a, 0x46, 0x5a, 0x47, 0x5a, 0x47, 0x5a, 0x47, 0x5a, 0x47, 0x5a,
  0x47, 0x5a, 0x47, 0x5a, 0x47, 0x5a, 0x47, 0x5a, 0x47, 0x5a, 0x47, 0x5a, 0x47, 0x5a, 0x47, 0x5a,
  0x85, 0x41, 0x03, 0x31, 0x2a, 0x83, 0x56, 0xfe, 0xb4, 0xf5, 0x92, 0xf5, 0x72, 0xfd, 0x0d, 0xbc,
  0x24, 0x31, 0xc6, 0x51, 0x6f, 0xe4, 0xaf, 0xf4, 0xcf, 0xf4, 0xf0, 0xf4, 0xd0, 0xf4, 0x11, 0xf5,
  0x52, 0xf5, 0xb3, 0xf5, 0xf4, 0xf5, 0x15, 0xf6, 0xb7, 0xfe, 0xf1, 0xbc, 0x24, 0x39, 0x24, 0x39,
  0x38, 0xce, 0xff, 0xff, 0xff, 0xff, 0xff, 0xff, 0xff, 0xff, 0xff, 0xff, 0xff, 0xff, 0x89, 0x62,
  0x24, 0x31, 0x65, 0x41, 0x65, 0x39, 0x65, 0x39, 0x65, 0x39, 0x65, 0x39, 0x65, 0x39, 0x65, 0x39,
  0x65, 0x39, 0x65, 0x39, 0x65, 0x39, 0x65, 0x39, 0x65, 0x39, 0x65, 0x39, 0x65, 0x39, 0x65, 0x41,
  0x44, 0x39, 0xef, 0x8b, 0xc6, 0x49, 0xe4, 0x30, 0xd1, 0xb4, 0x7a, 0xff, 0x73, 0xcd, 0x93, 0xd5,
  0x19, 0xff, 0xb7, 0xf6, 0x18, 0xff, 0x73, 0xcd, 0x56, 0xee, 0xf8, 0xfe, 0xd8, 0xfe, 0xd8, 0xfe,
  0xd8, 0xfe, 0xf8, 0xfe, 0xf8, 0xfe, 0x39, 0xff, 0xd4, 0xd5, 0x65, 0x39, 0x24, 0x39, 0x89, 0x5a,
  0xdf, 0xff, 0xff, 0xff, 0xff, 0xff, 0xff, 0xff, 0xff, 0xff, 0xff, 0xff, 0xff, 0xff, 0xdb, 0xde,
  0x65, 0x39, 0x45, 0x39, 0x65, 0x39, 0x65, 0x39, 0x65, 0x39, 0x65, 0x39, 0x65, 0x39, 0x65, 0x39,
  0x65, 0x39, 0x65, 0x39, 0x65, 0x39, 0x65, 0x41, 0x03, 0x31, 0xeb, 0x6a, 0xff, 0xff, 0xff, 0xff,
  0xff, 0xff, 0xba, 0xde, 0x65, 0x39, 0x24, 0x31, 0xc9, 0x6a, 0x18, 0xff, 0xd7, 0xfe, 0xd7, 0xfe,
  0xd7, 0xfe, 0x39, 0xff, 0x6c, 0x83, 0x04, 0x31, 0x45, 0x39, 0x73, 0xcd, 0x18, 0xff, 0xf8, 0xfe,
  0xc9, 0x72, 0xe3, 0x28, 0x85, 0x41, 0x65, 0x39, 0x45, 0x39, 0x44, 0x39, 0x06, 0x52, 0x47, 0x5a,
  0x47, 0x5a, 0x47, 0x5a, 0x47, 0x5a, 0x47, 0x5a, 0x47, 0x5a, 0x47, 0x5a, 0x47, 0x5a, 0x47, 0x5a,
  0x73, 0xee, 0x93, 0xee, 0x93, 0xee, 0x93, 0xee, 0x93, 0xee, 0x73, 0xee, 0x72, 0xee, 0x72, 0xee,
  0x72, 0xee, 0x72, 0xee, 0x72, 0xee, 0x52, 0xee, 0x52, 0xee, 0x51, 0xe6, 0xb2, 0xee, 0x29, 0x7b,
  0x04, 0x31, 0x85, 0x41, 0x26, 0x52, 0x47, 0x5a, 0x47, 0x5a, 0x47, 0x5a, 0x47, 0x5a, 0x47, 0x5a,
  0x47, 0x5a, 0x47, 0x5a, 0x47, 0x5a, 0x47, 0x5a, 0x47, 0x5a, 0x47, 0x5a, 0x46, 0x5a, 0x47, 0x5a,
  0xa5, 0x49, 0x24, 0x31, 0x68, 0x62, 0x35, 0xf6, 0xf4, 0xfd, 0xb3, 0xf5, 0xb3, 0xfd, 0xed, 0xbb,
  0x44, 0x31, 0x24, 0x31, 0x2b, 0xa3, 0x10, 0xfd, 0xcf, 0xec, 0xf0, 0xec, 0x10, 0xf5, 0x31, 0xf5,
  0x72, 0xf5, 0xb3, 0xf5, 0xf4, 0xf5, 0x35, 0xf6, 0xd7, 0xfe, 0xd0, 0xbc, 0x24, 0x31, 0x44, 0x39,
  0x38, 0xce, 0xff, 0xff, 0xff, 0xff, 0xff, 0xff, 0xff, 0xff, 0xff, 0xff, 0xff, 0xff, 0x2c, 0x73,
  0x04, 0x31, 0x65, 0x41, 0x65, 0x39, 0x65, 0x39, 0x65, 0x39, 0x65, 0x39, 0x65, 0x39, 0x65, 0x39,
  0x65, 0x39, 0x65, 0x39, 0x65, 0x39, 0x65, 0x39, 0x65, 0x39, 0x65, 0x39, 0x65, 0x39, 0x65, 0x41,
  0x24, 0x39, 0x71, 0x94, 0xe7, 0x49, 0xe3, 0x30, 0x70, 0xac, 0x39, 0xff, 0xb7, 0xf6, 0xd8, 0xfe,
  0xd8, 0xfe, 0xd8, 0xfe, 0xd7, 0xfe, 0x18, 0xff, 0x18, 0xff, 0xf8, 0xfe, 0xf8, 0xfe, 0xf8, 0xfe,
  0xd8, 0xfe, 0xd8, 0xfe, 0xd8, 0xfe, 0xf8, 0xfe, 0x97, 0xf6, 0x07, 0x52, 0x44, 0x39, 0x85, 0x41,
  0xfb, 0xde, 0xff, 0xff, 0xff, 0xff, 0xff, 0xff, 0xff, 0xff, 0xff, 0xff, 0xff, 0xff, 0xff, 0xff,
  0x14, 0xad, 0xe3, 0x28, 0x85, 0x41, 0x65, 0x39, 0x65, 0x39, 0x65, 0x39, 0x65, 0x39, 0x65, 0x39,
  0x65, 0x39, 0x65, 0x39, 0x65, 0x39, 0x65, 0x41, 0x04, 0x31, 0x18, 0xce, 0xff, 0xff, 0xdf, 0xff,
  0xff, 0xff, 0xf7, 0xc5, 0x24, 0x31, 0x04, 0x31, 0x6c, 0x83, 0x39, 0xff, 0xb7, 0xfe, 0xd7, 0xfe,
  0xf8, 0xfe, 0x15, 0xe6, 0x85, 0x41, 0x45, 0x39, 0xa5, 0x41, 0x35, 0xe6, 0xf8, 0xfe, 0xd8, 0xfe,
  0x56, 0xe6, 0x68, 0x62, 0x44, 0x39, 0x65, 0x39, 0x65, 0x39, 0x44, 0x39, 0xe6, 0x49, 0x47, 0x5a,
  0x47, 0x5a, 0x47, 0x5a, 0x47, 0x5a, 0x47, 0x5a, 0x47, 0x5a, 0x47, 0x5a, 0x47, 0x5a, 0x47, 0x5a,
  0x93, 0xee, 0x93, 0xee, 0x73, 0xee, 0x73, 0xee, 0x73, 0xee, 0x73, 0xee, 0x72, 0xee, 0x72, 0xee,
  0x72, 0xee, 0x72, 0xee, 0x72, 0xee, 0x52, 0xe6, 0x72, 0xee, 0x51, 0xe6, 0xb2, 0xf6, 0xae, 0xb4,
  0x04, 0x39, 0x65, 0x39, 0xe6, 0x49, 0x47, 0x5a, 0x47, 0x5a, 0x47, 0x5a, 0x47, 0x5a, 0x47, 0x5a,
  0x47, 0x5a, 0x47, 0x5a, 0x47, 0x5a, 0x47, 0x5a, 0x47, 0x5a, 0x47, 0x5a, 0x46, 0x5a, 0x46, 0x5a,
  0xc6, 0x49, 0x44, 0x39, 0xe6, 0x51, 0xf5, 0xed, 0x15, 0xfe, 0xd3, 0xf5, 0x93, 0xf5, 0x52, 0xf5,
  0x07, 0x5a, 0x24, 0x31, 0xe6, 0x59, 0xd0, 0xec, 0x10, 0xf5, 0x10, 0xf5, 0x31, 0xf5, 0x72, 0xf5,
  0x93, 0xf5, 0xd4, 0xf5, 0x15, 0xfe, 0x35, 0xf6, 0xd7, 0xfe, 0xf1, 0xbc, 0x24, 0x31, 0x24, 0x31,
  0x17, 0xc6, 0xff, 0xff, 0xff, 0xff, 0xff, 0xff, 0xff, 0xff, 0xff, 0xff, 0xff, 0xff, 0x30, 0x8c,
  0xe3, 0x30, 0x85, 0x41, 0x65, 0x39, 0x65, 0x39, 0x65, 0x39, 0x65, 0x39, 0x65, 0x39, 0x65, 0x39,
  0x65, 0x39, 0x65, 0x39, 0x65, 0x39, 0x65, 0x39, 0x65, 0x39, 0x65, 0x39, 0x65, 0x39, 0x65, 0x39,
  0x45, 0x39, 0xf3, 0xac, 0x07, 0x52, 0xe3, 0x28, 0x4f, 0xa4, 0x59, 0xff, 0xd8, 0xfe, 0xd8, 0xfe,
  0xd8, 0xfe, 0x19, 0xff, 0x59, 0xff, 0xf8, 0xfe, 0x97, 0xf6, 0x56, 0xee, 0x56, 0xee, 0xb7, 0xf6,
  0x19, 0xff, 0x59, 0xff, 0xf8, 0xfe, 0xd7, 0xfe, 0x39, 0xff, 0x0b, 0x73, 0x24, 0x31, 0x03, 0x31,
  0x14, 0xad, 0xff, 0xff, 0xff, 0xff, 0xff, 0xff, 0xff, 0xff, 0xff, 0xff, 0xff, 0xff, 0xff, 0xff,
  0xff, 0xff, 0x30, 0x8c, 0xc3, 0x28, 0x65, 0x39, 0x65, 0x41, 0x65, 0x39, 0x65, 0x39, 0x65, 0x39,
  0x65, 0x39, 0x65, 0x41, 0x85, 0x41, 0xc3, 0x28, 0x30, 0x94, 0xff, 0xff, 0xff, 0xff, 0xff, 0xff,
  0xff, 0xff, 0xb2, 0x9c, 0x03, 0x31, 0x04, 0x31, 0x6f, 0xac, 0x39, 0xff, 0xd7, 0xfe, 0xb7, 0xfe,
  0x39, 0xff, 0x2e, 0xa4, 0xe3, 0x30, 0x85, 0x41, 0x44, 0x39, 0x93, 0xcd, 0x59, 0xff, 0x19, 0xff,
  0xb4, 0xd5, 0xaa, 0x6a, 0x24, 0x39, 0x65, 0x39, 0x45, 0x39, 0x85, 0x41, 0x26, 0x5a, 0x47, 0x5a,
  0x47, 0x5a, 0x47, 0x5a, 0x47, 0x5a, 0x47, 0x5a, 0x47, 0x5a, 0x47, 0x5a, 0x47, 0x5a, 0x47, 0x5a,
  0x93, 0xee, 0x93, 0xee, 0x73, 0xee, 0x73, 0xee, 0x73, 0xee, 0x73, 0xee, 0x72, 0xee, 0x73, 0xee,
  0x72, 0xee, 0x72, 0xee, 0x72, 0xee, 0x52, 0xee, 0x72, 0xee, 0x52, 0xe6, 0x72, 0xee, 0xf0, 0xdd,
  0xa6, 0x49, 0x44, 0x39, 0xc5, 0x49, 0x47, 0x5a, 0x47, 0x5a, 0x47, 0x5a, 0x47, 0x5a, 0x47, 0x5a,
  0x47, 0x5a, 0x47, 0x5a, 0x47, 0x5a, 0x47, 0x5a, 0x47, 0x5a, 0x47, 0x5a, 0x47, 0x5a, 0x47, 0x5a,
  0xe6, 0x51, 0x44, 0x39, 0x65, 0x41, 0x93, 0xdd, 0x56, 0xfe, 0xf4, 0xf5, 0xb3, 0xf5, 0xd4, 0xfd,
  0xcd, 0xa3, 0x24, 0x31, 0x24, 0x31, 0x6c, 0xa3, 0x72, 0xfd, 0x31, 0xf5, 0x72, 0xf5, 0x93, 0xf5,
  0xd4, 0xf5, 0xf4, 0xfd, 0x35, 0xfe, 0x56, 0xf6, 0xd7, 0xfe, 0x32, 0xc5, 0x44, 0x39, 0x04, 0x31,
  0xd6, 0xbd, 0xff, 0xff, 0xff, 0xff, 0xff, 0xff, 0xff, 0xff, 0xff, 0xff, 0xff, 0xff, 0x96, 0xb5,
  0x03, 0x31, 0x85, 0x41, 0x65, 0x39, 0x65, 0x39, 0x65, 0x39, 0x65, 0x39, 0x65, 0x39, 0x65, 0x39,
  0x65, 0x39, 0x65, 0x39, 0x65, 0x39, 0x65, 0x39, 0x65, 0x39, 0x65, 0x39, 0x65, 0x39, 0x65, 0x39,
  0x86, 0x41, 0xb6, 0xbd, 0xe7, 0x49, 0xe3, 0x28, 0x6f, 0xa4, 0x59, 0xff, 0xb7, 0xf6, 0x18, 0xff,
  0x19, 0xff, 0xd4, 0xd5, 0x0e, 0x9c, 0xa9, 0x6a, 0x07, 0x5a, 0xa6, 0x49, 0xa6, 0x49, 0x07, 0x52,
  0xca, 0x72, 0x6f, 0xac, 0x77, 0xee, 0x19, 0xff, 0x39, 0xff, 0xb0, 0xac, 0x24, 0x31, 0x24, 0x39,
  0xeb, 0x6a, 0xff, 0xff, 0xff, 0xff, 0xff, 0xff, 0xff, 0xff, 0xff, 0xff, 0xff, 0xff, 0xff, 0xff,
  0xff, 0xff, 0xff, 0xff, 0xb2, 0x9c, 0x24, 0x39, 0x03, 0x31, 0x45, 0x39, 0x65, 0x41, 0x65, 0x41,
  0x65, 0x41, 0x24, 0x39, 0xc3, 0x28, 0xae, 0x83, 0xff, 0xff, 0xff, 0xff, 0xff, 0xff, 0xff, 0xff,
  0xff, 0xff, 0x0c, 0x6b, 0x04, 0x31, 0x45, 0x39, 0xb4, 0xd5, 0x19, 0xff, 0xd8, 0xfe, 0xf8, 0xfe,
  0xb7, 0xf6, 0x07, 0x5a, 0x24, 0x39, 0x85, 0x41, 0xe3, 0x30, 0x2f, 0x9c, 0x97, 0xe6, 0x0a, 0x73,
  0x24, 0x39, 0x04, 0x31, 0x65, 0x39, 0x65, 0x39, 0xc6, 0x49, 0x26, 0x5a, 0x47, 0x5a, 0x47, 0x5a,
  0x47, 0x5a, 0x47, 0x5a, 0x47, 0x5a, 0x47, 0x5a, 0x47, 0x5a, 0x47, 0x5a, 0x47, 0x5a, 0x47, 0x5a,
  0x93, 0xee, 0x93, 0xee, 0x73, 0xee, 0x73, 0xee, 0x73, 0xee, 0x73, 0xee, 0x72, 0xee, 0x72, 0xee,
  0x72, 0xee, 0x72, 0xee, 0x72, 0xee, 0x52, 0xee, 0x72, 0xee, 0x52, 0xee, 0x51, 0xe6, 0x92, 0xee,
  0xa7, 0x6a, 0x04, 0x31, 0xa5, 0x41, 0x47, 0x5a, 0x47, 0x5a, 0x47, 0x5a, 0x47, 0x5a, 0x47, 0x5a,
  0x47, 0x5a, 0x47, 0x5a, 0x47, 0x5a, 0x47, 0x5a, 0x47, 0x5a, 0x47, 0x5a, 0x47, 0x5a, 0x47, 0x5a,
  0x06, 0x52, 0x65, 0x39, 0x24, 0x39, 0x11, 0xc5, 0x96, 0xfe, 0x15, 0xf6, 0xf4, 0xf5, 0xf4, 0xf5,
  0x93, 0xed, 0xe7, 0x59, 0x24, 0x31, 0xa6, 0x49, 0x31, 0xe5, 0xb3, 0xf5, 0xb3, 0xf5, 0xd4, 0xf5,
  0xf4, 0xfd, 0x35, 0xfe, 0x56, 0xfe, 0x76, 0xf6, 0xd7, 0xfe, 0xb4, 0xd5, 0x65, 0x39, 0xe3, 0x28,
  0x14, 0xad, 0xff, 0xff, 0xff, 0xff, 0xff, 0xff, 0xff, 0xff, 0xff, 0xff, 0xff, 0xff, 0x1c, 0xe7,
  0xa5, 0x41, 0x65, 0x39, 0x65, 0x39, 0x65, 0x39, 0x65, 0x39, 0x65, 0x39, 0x65, 0x39, 0x65, 0x39,
  0x65, 0x39, 0x65, 0x39, 0x65, 0x39, 0x65, 0x39, 0x65, 0x39, 0x65, 0x39, 0x65, 0x39, 0x24, 0x39,
  0x48, 0x52, 0x59, 0xd6, 0x85, 0x41, 0x03, 0x31, 0xb0, 0xac, 0x39, 0xff, 0x18, 0xff, 0x36, 0xe6,
  0xeb, 0x7a, 0x45, 0x41, 0x03, 0x31, 0x23, 0x29, 0x24, 0x29, 0x44, 0x29, 0x24, 0x29, 0x24, 0x29,
  0x03, 0x31, 0x04, 0x31, 0xc6, 0x49, 0x11, 0xbd, 0x5a, 0xff, 0x36, 0xe6, 0xa6, 0x49, 0x45, 0x39,
  0x65, 0x39, 0xba, 0xde, 0xff, 0xff, 0xff, 0xff, 0xff, 0xff, 0xff, 0xff, 0xff, 0xff, 0xff, 0xff,
  0xff, 0xff, 0xff, 0xff, 0xff, 0xff, 0x79, 0xd6, 0x4c, 0x73, 0x86, 0x41, 0x04, 0x31, 0x04, 0x31,
  0x24, 0x39, 0x28, 0x52, 0x34, 0xad, 0xff, 0xff, 0xff, 0xff, 0xff, 0xff, 0xff, 0xff, 0xff, 0xff,
  0x1c, 0xe7, 0x86, 0x41, 0x24, 0x39, 0x27, 0x5a, 0xd7, 0xf6, 0xf8, 0xfe, 0xb7, 0xfe, 0x59, 0xff,
  0x4f, 0xa4, 0x04, 0x31, 0x65, 0x39, 0x65, 0x39, 0x44, 0x39, 0x07, 0x52, 0xc6, 0x49, 0xe3, 0x30,
  0x45, 0x39, 0x65, 0x39, 0xc5, 0x41, 0x26, 0x52, 0x47, 0x5a, 0x47, 0x5a, 0x47, 0x5a, 0x47, 0x5a,
  0x47, 0x5a, 0x47, 0x5a, 0x47, 0x5a, 0x47, 0x5a, 0x47, 0x5a, 0x47, 0x5a, 0x47, 0x5a, 0x47, 0x5a,
  0x93, 0xee, 0x93, 0xee, 0x93, 0xee, 0x93, 0xee, 0x73, 0xee, 0x73, 0xee, 0x73, 0xee, 0x72, 0xee,
  0x72, 0xee, 0x72, 0xee, 0x72, 0xee, 0x72, 0xee, 0x72, 0xee, 0x52, 0xee, 0x51, 0xe6, 0xb2, 0xf6,
  0xcb, 0x8b, 0x04, 0x31, 0x85, 0x41, 0x26, 0x52, 0x47, 0x5a, 0x47, 0x5a, 0x47, 0x5a, 0x47, 0x5a,
  0x47, 0x5a, 0x47, 0x5a, 0x47, 0x5a, 0x47, 0x5a, 0x47, 0x5a, 0x47, 0x5a, 0x47, 0x5a, 0x47, 0x5a,
  0x06, 0x52, 0x65, 0x41, 0x03, 0x31, 0x6f, 0xb4, 0xd7, 0xfe, 0x56, 0xf6, 0x35, 0xf6, 0xf4, 0xf5,
  0x35, 0xfe, 0x4f, 0xb4, 0x24, 0x39, 0x24, 0x31, 0x0a, 0x83, 0x35, 0xfe, 0xd4, 0xf5, 0x15, 0xf6,
  0x35, 0xfe, 0x56, 0xfe, 0x76, 0xfe, 0x97, 0xfe, 0xd7, 0xfe, 0x35, 0xe6, 0xa6, 0x49, 0xe3, 0x28,
  0x30, 0x94, 0xff, 0xff, 0xff, 0xff, 0xff, 0xff, 0xff, 0xff, 0xff, 0xff, 0xff, 0xff, 0xff, 0xff,
  0x2c, 0x73, 0x04, 0x31, 0x65, 0x41, 0x65, 0x39, 0x65, 0x39, 0x65, 0x39, 0x65, 0x39, 0x65, 0x39,
  0x65, 0x39, 0x65, 0x39, 0x65, 0x39, 0x65, 0x39, 0x65, 0x39, 0x65, 0x39, 0x65, 0x41, 0xe3, 0x30,
  0x8d, 0x7b, 0x9a, 0xde, 0x24, 0x39, 0x24, 0x31, 0xf1, 0xbc, 0x9a, 0xff, 0xb4, 0xd5, 0xa5, 0x49,
  0x04, 0x31, 0x45, 0x39, 0x85, 0x39, 0xa5, 0x61, 0xc6, 0x79, 0xe7, 0x89, 0xe7, 0x89, 0xc6, 0x79,
  0x86, 0x51, 0x65, 0x39, 0x44, 0x31, 0x24, 0x31, 0x32, 0xc5, 0x7a, 0xff, 0x2b, 0x7b, 0x24, 0x39,
  0x04, 0x31, 0xef, 0x83, 0xff, 0xff, 0xff, 0xff, 0xff, 0xff, 0xff, 0xff, 0xff, 0xff, 0xff, 0xff,
  0xff, 0xff, 0xff, 0xff, 0xff, 0xff, 0xff, 0xff, 0xff, 0xff, 0x3c, 0xe7, 0x18, 0xc6, 0xb6, 0xbd,
  0x79, 0xd6, 0xde, 0xff, 0xff, 0xff, 0xff, 0xff, 0xff, 0xff, 0xff, 0xff, 0xff, 0xff, 0xff, 0xff,
  0x92, 0x9c, 0xe3, 0x30, 0x04, 0x31, 0xed, 0x93, 0x39, 0xff, 0xb7, 0xf6, 0x18, 0xff, 0x35, 0xe6,
  0xa5, 0x49, 0xe3, 0x30, 0xcb, 0x6a, 0xae, 0x83, 0x04, 0x31, 0x65, 0x39, 0x45, 0x39, 0x65, 0x41,
  0xa5, 0x41, 0x26, 0x52, 0x47, 0x5a, 0x47, 0x5a, 0x46, 0x5a, 0x47, 0x5a, 0x47, 0x5a, 0x47, 0x5a,
  0x47, 0x5a, 0x47, 0x5a, 0x47, 0x5a, 0x47, 0x5a, 0x47, 0x5a, 0x47, 0x5a, 0x47, 0x5a, 0x47, 0x5a,
  0x93, 0xee, 0x93, 0xee, 0x93, 0xee, 0x93, 0xee, 0x73, 0xee, 0x73, 0xee, 0x72, 0xee, 0x72, 0xee,
  0x72, 0xee, 0x72, 0xee, 0x72, 0xee, 0x72, 0xee, 0x72, 0xee, 0x72, 0xe6, 0x51, 0xe6, 0xb2, 0xf6,
  0xce, 0xb4, 0x24, 0x31, 0x65, 0x39, 0x06, 0x52, 0x47, 0x5a, 0x47, 0x5a, 0x47, 0x5a, 0x47, 0x5a,
  0x47, 0x5a, 0x47, 0x5a, 0x47, 0x5a, 0x47, 0x5a, 0x47, 0x5a, 0x47, 0x5a, 0x47, 0x5a, 0x47, 0x5a,
  0x26, 0x5a, 0x85, 0x41, 0x03, 0x31, 0xed, 0x9b, 0xf8, 0xfe, 0x76, 0xf6, 0x56, 0xfe, 0x35, 0xf6,
  0x15, 0xf6, 0x55, 0xfe, 0xa9, 0x6a, 0x24, 0x31, 0x44, 0x39, 0xd0, 0xc4, 0x76, 0xfe, 0x35, 0xf6,
  0x76, 0xfe, 0x76, 0xfe, 0x97, 0xfe, 0xb7, 0xfe, 0xd7, 0xfe, 0xb7, 0xf6, 0x47, 0x5a, 0xc3, 0x28,
  0x2c, 0x73, 0xff, 0xff, 0xff, 0xff, 0xff, 0xff, 0xff, 0xff, 0xff, 0xff, 0xff, 0xff, 0xff, 0xff,
  0x18, 0xc6, 0x24, 0x31, 0x65, 0x41, 0x65, 0x39, 0x65, 0x39, 0x65, 0x39, 0x65, 0x39, 0x65, 0x39,
  0x65, 0x39, 0x65, 0x39, 0x65, 0x39, 0x65, 0x39, 0x65, 0x39, 0x65, 0x39, 0x65, 0x41, 0xe3, 0x28,
  0xd7, 0xc5, 0xf7, 0xc5, 0xe3, 0x30, 0x44, 0x39, 0xb3, 0xd5, 0x19, 0xff, 0x27, 0x5a, 0x04, 0x31,
  0x65, 0x41, 0xc6, 0x79, 0x48, 0xc2, 0x88, 0xe2, 0x89, 0xf2, 0xa9, 0xf2, 0xa9, 0xf2, 0x88, 0xf2,
  0x88, 0xe2, 0x07, 0xa2, 0x85, 0x41, 0x24, 0x31, 0x48, 0x62, 0x39, 0xff, 0x73, 0xcd, 0x24, 0x39,
  0x65, 0x41, 0x65, 0x39, 0xdb, 0xde, 0xff, 0xff, 0xff, 0xff, 0xff, 0xff, 0xff, 0xff, 0xff, 0xff,
  0xff, 0xff, 0xff, 0xff, 0xff, 0xff, 0xff, 0xff, 0xff, 0xff, 0xff, 0xff, 0xff, 0xff, 0xff, 0xff,
  0xff, 0xff, 0xff, 0xff, 0xff, 0xff, 0xff, 0xff, 0xff, 0xff, 0xff, 0xff, 0xff, 0xff, 0x5d, 0xef,
  0xc7, 0x49, 0x44, 0x39, 0x65, 0x41, 0x15, 0xde, 0x18, 0xff, 0xd8, 0xfe, 0x39, 0xff, 0xea, 0x72,
  0x24, 0x31, 0x04, 0x31, 0x79, 0xd6, 0x75, 0xb5, 0xc3, 0x30, 0x85, 0x41, 0x65, 0x39, 0xe6, 0x49,
  0x47, 0x5a, 0x47, 0x5a, 0x47, 0x5a, 0x47, 0x5a, 0x47, 0x5a, 0x47, 0x5a, 0x47, 0x5a, 0x47, 0x5a,
  0x47, 0x5a, 0x47, 0x5a, 0x47, 0x5a, 0x47, 0x5a, 0x47, 0x5a, 0x47, 0x5a, 0x47, 0x5a, 0x47, 0x5a,
  0x93, 0xee, 0x93, 0xee, 0x93, 0xee, 0x93, 0xee, 0x73, 0xee, 0x73, 0xee, 0x72, 0xee, 0x72, 0xee,
  0x72, 0xee, 0x72, 0xee, 0x72, 0xee, 0x72, 0xee, 0x72, 0xee, 0x72, 0xe6, 0x51, 0xe6, 0x92, 0xee,
  0xb0, 0xcd, 0x85, 0x41, 0x45, 0x39, 0xe6, 0x49, 0x47, 0x5a, 0x47, 0x5a, 0x47, 0x5a, 0x47, 0x5a,
  0x47, 0x5a, 0x47, 0x5a, 0x47, 0x5a, 0x47, 0x5a, 0x47, 0x5a, 0x47, 0x5a, 0x47, 0x5a, 0x47, 0x5a,
  0x46, 0x5a, 0xa5, 0x41, 0x04, 0x31, 0x2b, 0x7b, 0xf8, 0xfe, 0x96, 0xfe, 0x76, 0xfe, 0x76, 0xfe,
  0x56, 0xfe, 0x96, 0xfe, 0x93, 0xdd, 0x65, 0x41, 0x24, 0x31, 0xe7, 0x51, 0x15, 0xee, 0x96, 0xfe,
  0x76, 0xf6, 0x97, 0xfe, 0xb7, 0xfe, 0xb7, 0xfe, 0xb7, 0xfe, 0x18, 0xff, 0x2b, 0x7b, 0xe3, 0x30,
  0xe7, 0x49, 0x7e, 0xf7, 0xff, 0xff, 0xff, 0xff, 0xff, 0xff, 0xff, 0xff, 0xff, 0xff, 0xff, 0xff,
  0xff, 0xff, 0xeb, 0x6a, 0x03, 0x31, 0x65, 0x41, 0x65, 0x39, 0x65, 0x39, 0x65, 0x39, 0x65, 0x39,
  0x65, 0x39, 0x65, 0x39, 0x65, 0x39, 0x65, 0x39, 0x65, 0x39, 0x65, 0x39, 0x24, 0x39, 0xe7, 0x49,
  0xdf, 0xff, 0x91, 0x9c, 0xe3, 0x28, 0xa5, 0x49, 0x97, 0xf6, 0x73, 0xcd, 0x03, 0x31, 0x65, 0x39,
  0xe7, 0x89, 0xa9, 0xea, 0x89, 0xf2, 0x88, 0xea, 0x88, 0xe2, 0x88, 0xe2, 0x88, 0xe2, 0x88, 0xe2,
  0x88, 0xea, 0xa9, 0xfa, 0xe7, 0x91, 0x44, 0x31, 0x85, 0x49, 0x15, 0xe6, 0x59, 0xff, 0xca, 0x72,
  0x24, 0x39, 0x24, 0x39, 0x2c, 0x73, 0xff, 0xff, 0xff, 0xff, 0xff, 0xff, 0xff, 0xff, 0xff, 0xff,
  0xff, 0xff, 0xff, 0xff, 0xff, 0xff, 0xff, 0xff, 0xff, 0xff, 0xff, 0xff, 0xff, 0xff, 0xff, 0xff,
  0xff, 0xff, 0xff, 0xff, 0xff, 0xff, 0xff, 0xff, 0xff, 0xff, 0xdf, 0xff, 0xff, 0xff, 0xae, 0x83,
  0x04, 0x31, 0x04, 0x31, 0x8c, 0x8b, 0x39, 0xff, 0xb7, 0xfe, 0x59, 0xff, 0x8f, 0xac, 0x04, 0x39,
  0xe3, 0x30, 0x8e, 0x7b, 0xff, 0xff, 0xb6, 0xbd, 0xe3, 0x30, 0x85, 0x41, 0x45, 0x39, 0xc5, 0x49,
  0x47, 0x5a, 0x47, 0x5a, 0x47, 0x5a, 0x47, 0x5a, 0x47, 0x5a, 0x47, 0x5a, 0x47, 0x5a, 0x47, 0x5a,
  0x47, 0x5a, 0x47, 0x5a, 0x47, 0x5a, 0x47, 0x5a, 0x47, 0x5a, 0x47, 0x5a, 0x47, 0x5a, 0x47, 0x5a,
  0x93, 0xee, 0x93, 0xee, 0x93, 0xee, 0x93, 0xee, 0x73, 0xee, 0x73, 0xee, 0x73, 0xee, 0x73, 0xee,
  0x72, 0xee, 0x72, 0xee, 0x72, 0xee, 0x72, 0xee, 0x72, 0xee, 0x72, 0xe6, 0x52, 0xe6, 0x72, 0xee,
  0x31, 0xe6, 0x26, 0x52, 0x24, 0x39, 0xc5, 0x49, 0x47, 0x5a, 0x47, 0x5a, 0x47, 0x5a, 0x47, 0x5a,
  0x47, 0x5a, 0x47, 0x5a, 0x47, 0x5a, 0x47, 0x5a, 0x47, 0x5a, 0x47, 0x5a, 0x47, 0x5a, 0x47, 0x5a,
  0x47, 0x5a, 0xa5, 0x49, 0x04, 0x31, 0xa9, 0x6a, 0xf8, 0xfe, 0x97, 0xfe, 0x97, 0xfe, 0x97, 0xfe,
  0x97, 0xfe, 0x76, 0xf6, 0xd8, 0xfe, 0x2f, 0xac, 0x24, 0x31, 0x24, 0x31, 0xea, 0x72, 0xd7, 0xfe,
  0x97, 0xfe, 0xb7, 0xfe, 0xb7, 0xfe, 0xd7, 0xfe, 0xb7, 0xfe, 0x39, 0xff, 0x90, 0xac, 0x04, 0x31,
  0x24, 0x31, 0xf7, 0xc5, 0xff, 0xff, 0xff, 0xff, 0xff, 0xff, 0xff, 0xff, 0xff, 0xff, 0xff, 0xff,
  0xff, 0xff, 0x9a, 0xd6, 0x45, 0x39, 0x65, 0x39, 0x65, 0x41, 0x65, 0x39, 0x65, 0x39, 0x65, 0x39,
  0x65, 0x39, 0x65, 0x39, 0x65, 0x39, 0x65, 0x39, 0x65, 0x39, 0x85, 0x41, 0xe3, 0x28, 0x14, 0xad,
  0xff, 0xff, 0x0b, 0x6b, 0xe3, 0x28, 0x48, 0x62, 0x39, 0xff, 0x11, 0xbd, 0x23, 0x31, 0x65, 0x39,
  0x48, 0xb2, 0x89, 0xf2, 0x68, 0xe2, 0x88, 0xe2, 0x88, 0xea, 0x88, 0xea, 0x88, 0xea, 0x88, 0xe2,
  0x88, 0xea, 0xa9, 0xea, 0xc6, 0x71, 0x24, 0x31, 0xa6, 0x49, 0x56, 0xee, 0x59, 0xff, 0xd4, 0xd5,
  0x44, 0x39, 0x65, 0x41, 0x04, 0x31, 0xf3, 0xa4, 0xff, 0xff, 0xdf, 0xff, 0xff, 0xff, 0xff, 0xff,
  0xff, 0xff, 0xff, 0xff, 0xff, 0xff, 0xff, 0xff, 0xff, 0xff, 0xff, 0xff, 0xff, 0xff, 0xff, 0xff,
  0xff, 0xff, 0xff, 0xff, 0xff, 0xff, 0xff, 0xff, 0xdf, 0xff, 0xff, 0xff, 0x34, 0xad, 0x24, 0x31,
  0x45, 0x39, 0xc6, 0x49, 0x76, 0xee, 0xd8, 0xfe, 0x39, 0xff, 0xd4, 0xd5, 0x64, 0x41, 0x24, 0x39,
  0x49, 0x5a, 0x7d, 0xf7, 0x5d, 0xef, 0x6d, 0x7b, 0x03, 0x31, 0x65, 0x41, 0x65, 0x39, 0x64, 0x39,
  0x06, 0x52, 0x47, 0x5a, 0x46, 0x5a, 0x47, 0x5a, 0x47, 0x5a, 0x47, 0x5a, 0x47, 0x5a, 0x47, 0x5a,
  0x47, 0x5a, 0x47, 0x5a, 0x47, 0x5a, 0x47, 0x5a, 0x47, 0x5a, 0x47, 0x5a, 0x47, 0x5a, 0x06, 0x52,
  0x93, 0xee, 0x93, 0xee, 0x93, 0xee, 0x93, 0xee, 0x93, 0xee, 0x73, 0xee, 0x73, 0xee, 0x72, 0xee,
  0x72, 0xee, 0x72, 0xee, 0x72, 0xee, 0x72, 0xee, 0x72, 0xee, 0x72, 0xe6, 0x52, 0xee, 0x51, 0xee,
  0x92, 0xee, 0xc8, 0x6a, 0x04, 0x31, 0x85, 0x41, 0x47, 0x5a, 0x47, 0x5a, 0x47, 0x5a, 0x47, 0x5a,
  0x47, 0x5a, 0x47, 0x5a, 0x47, 0x5a, 0x47, 0x5a, 0x47, 0x5a, 0x47, 0x5a, 0x47, 0x5a, 0x47, 0x5a,
  0x47, 0x5a, 0xc5, 0x49, 0x24, 0x39, 0xa6, 0x49, 0x15, 0xde, 0xf8, 0xfe, 0xb7, 0xfe, 0xb7, 0xfe,
  0xb7, 0xfe, 0x97, 0xfe, 0xf8, 0xfe, 0x93, 0xcd, 0x44, 0x39, 0x65, 0x41, 0x04, 0x31, 0xed, 0x9b,
  0x19, 0xff, 0xb7, 0xfe, 0xd7, 0xfe, 0xd8, 0xfe, 0xd7, 0xfe, 0x18, 0xff, 0x15, 0xe6, 0x85, 0x41,
  0xe3, 0x30, 0xae, 0x83, 0xff, 0xff, 0xff, 0xff, 0xff, 0xff, 0xff, 0xff, 0xff, 0xff, 0xff, 0xff,
  0xff, 0xff, 0xff, 0xff, 0x14, 0xad, 0xe3, 0x30, 0x65, 0x41, 0x65, 0x41, 0x65, 0x39, 0x65, 0x39,
  0x65, 0x39, 0x65, 0x39, 0x65, 0x39, 0x65, 0x39, 0x85, 0x41, 0xe3, 0x30, 0xeb, 0x6a, 0xff, 0xff,
  0x5d, 0xef, 0xe7, 0x49, 0xe3, 0x28, 0x8c, 0x8b, 0x5a, 0xff, 0x35, 0xe6, 0x85, 0x41, 0x44, 0x39,
  0x85, 0x51, 0x68, 0xd2, 0xa9, 0xf2, 0x88, 0xea, 0x88, 0xe2, 0x88, 0xe2, 0x88, 0xea, 0xa9, 0xf2,
  0x88, 0xda, 0xc6, 0x81, 0x85, 0x39, 0xe3, 0x30, 0x2b, 0x7b, 0x39, 0xff, 0xd8, 0xfe, 0x39, 0xff,
  0x2e, 0x9c, 0x03, 0x29, 0x85, 0x41, 0x24, 0x31, 0xb6, 0xbd, 0xff, 0xff, 0xff, 0xff, 0xff, 0xff,
  0xff, 0xff, 0xff, 0xff, 0xff, 0xff, 0xff, 0xff, 0xff, 0xff, 0xff, 0xff, 0xff, 0xff, 0xff, 0xff,
  0xff, 0xff, 0xff, 0xff, 0xff, 0xff, 0xff, 0xff, 0xff, 0xff, 0x55, 0xb5, 0x24, 0x31, 0x65, 0x39,
  0x23, 0x31, 0x32, 0xbd, 0x39, 0xff, 0xf8, 0xfe, 0x97, 0xee, 0x07, 0x52, 0x24, 0x39, 0x45, 0x39,
  0x69, 0x5a, 0x2c, 0x73, 0xc7, 0x49, 0x24, 0x31, 0x65, 0x39, 0x65, 0x39, 0x65, 0x39, 0x45, 0x39,
  0xe6, 0x49, 0x47, 0x5a, 0x47, 0x5a, 0x47, 0x5a, 0x47, 0x5a, 0x47, 0x5a, 0x47, 0x5a, 0x47, 0x5a,
  0x47, 0x5a, 0x47, 0x5a, 0x47, 0x5a, 0x47, 0x5a, 0x47, 0x5a, 0x47, 0x5a, 0x47, 0x5a, 0xa5, 0x41,
  0x93, 0xee, 0x93, 0xee, 0x93, 0xee, 0x73, 0xee, 0x93, 0xee, 0x93, 0xee, 0x73, 0xee, 0x73, 0xee,
  0x72, 0xee, 0x72, 0xee, 0x72, 0xee, 0x72, 0xee, 0x72, 0xee, 0x72, 0xee, 0x52, 0xee, 0x51, 0xe6,
  0xb2, 0xf6, 0xab, 0x8b, 0x04, 0x31, 0x85, 0x41, 0x27, 0x5a, 0x46, 0x5a, 0x47, 0x5a, 0x47, 0x5a,
  0x47, 0x5a, 0x47, 0x5a, 0x47, 0x5a, 0x47, 0x5a, 0x47, 0x5a, 0x47, 0x5a, 0x47, 0x5a, 0x47, 0x5a,
  0x47, 0x5a, 0x06, 0x52, 0x45, 0x39, 0x24, 0x31, 0x68, 0x62, 0xb7, 0xf6, 0xd7, 0xfe, 0xd7, 0xfe,
  0xd7, 0xfe, 0xb7, 0xfe, 0x18, 0xff, 0x2e, 0xa4, 0x04, 0x31, 0x65, 0x41, 0x65, 0x39, 0x24, 0x31,
  0xb0, 0xac, 0x39, 0xff, 0xb7, 0xfe, 0xd8, 0xfe, 0xf8, 0xfe, 0xd7, 0xfe, 0x39, 0xff, 0x0a, 0x7b,
  0x04, 0x31, 0xa6, 0x41, 0x1c, 0xe7, 0xff, 0xff, 0xff, 0xff, 0xff, 0xff, 0xff, 0xff, 0xff, 0xff,
  0xff, 0xff, 0xff, 0xff, 0xff, 0xff, 0xb2, 0x9c, 0xe3, 0x30, 0x24, 0x39, 0x85, 0x41, 0x65, 0x41,
  0x65, 0x41, 0x65, 0x41, 0x85, 0x41, 0x65, 0x39, 0xe3, 0x28, 0x69, 0x5a, 0x5d, 0xef, 0xff, 0xff,
  0x75, 0xb5, 0x04, 0x31, 0x24, 0x31, 0x12, 0xbd, 0x39, 0xff, 0x19, 0xff, 0x0e, 0x9c, 0xe3, 0x30,
  0x65, 0x39, 0x85, 0x49, 0x27, 0xaa, 0x89, 0xea, 0x89, 0xf2, 0xa8, 0xf2, 0x88, 0xe2, 0x27, 0xa2,
  0x85, 0x51, 0x65, 0x39, 0x04, 0x31, 0x06, 0x52, 0x56, 0xe6, 0x18, 0xff, 0xd8, 0xfe, 0xd8, 0xfe,
  0xf8, 0xfe, 0xea, 0x72, 0x03, 0x31, 0x65, 0x41, 0x45, 0x39, 0x34, 0xad, 0xff, 0xff, 0xff, 0xff,
  0xff, 0xff, 0xff, 0xff, 0xff, 0xff, 0xff, 0xff, 0xff, 0xff, 0xff, 0xff, 0xff, 0xff, 0xff, 0xff,
  0xff, 0xff, 0xff, 0xff, 0xff, 0xff, 0xbe, 0xf7, 0x30, 0x94, 0x24, 0x31, 0x65, 0x39, 0xe3, 0x30,
  0x4f, 0xa4, 0x39, 0xff, 0xd8, 0xfe, 0xf8, 0xf6, 0xa9, 0x6a, 0x04, 0x31, 0x85, 0x41, 0x44, 0x39,
  0xe3, 0x30, 0xa2, 0x28, 0x04, 0x31, 0x65, 0x41, 0x65, 0x39, 0x65, 0x39, 0x65, 0x39, 0x65, 0x39,
  0x26, 0x52, 0x47, 0x5a, 0x47, 0x5a, 0x47, 0x5a, 0x47, 0x5a, 0x47, 0x5a, 0x47, 0x5a, 0x47, 0x5a,
  0x47, 0x5a, 0x47, 0x5a, 0x47, 0x5a, 0x47, 0x5a, 0x47, 0x5a, 0x47, 0x5a, 0xe6, 0x51, 0x64, 0x39,
  0x93, 0xee, 0x93, 0xee, 0x93, 0xee, 0x73, 0xee, 0x93, 0xee, 0x93, 0xee, 0x73, 0xee, 0x73, 0xee,
  0x73, 0xee, 0x72, 0xee, 0x72, 0xee, 0x72, 0xee, 0x72, 0xee, 0x72, 0xee, 0x52, 0xee, 0x51, 0xe6,
  0xb2, 0xf6, 0x8d, 0xac, 0x24, 0x31, 0x65, 0x41, 0x06, 0x52, 0x46, 0x5a, 0x47, 0x5a, 0x47, 0x5a,
  0x47, 0x5a, 0x47, 0x5a, 0x47, 0x5a, 0x47, 0x5a, 0x47, 0x5a, 0x47, 0x5a, 0x47, 0x5a, 0x47, 0x5a,
  0x47, 0x5a, 0x46, 0x5a, 0xc5, 0x49, 0x65, 0x39, 0xe3, 0x28, 0xcd, 0x93, 0x39, 0xff, 0xb7, 0xfe,
  0xd7, 0xfe, 0xd7, 0xfe, 0x18, 0xff, 0x0a, 0x7b, 0x03, 0x31, 0xe7, 0x49, 0xc6, 0x49, 0x44, 0x31,
  0x44, 0x39, 0x12, 0xbd, 0x39, 0xff, 0xb7, 0xfe, 0xf8, 0xfe, 0xd8, 0xfe, 0x39, 0xff, 0x52, 0xc5,
  0x44, 0x39, 0x03, 0x31, 0xef, 0x83, 0xff, 0xff, 0xdf, 0xff, 0xff, 0xff, 0xff, 0xff, 0xff, 0xff,
  0xff, 0xff, 0xff, 0xff, 0xff, 0xff, 0xff, 0xff, 0x96, 0xbd, 0x07, 0x4a, 0xe3, 0x30, 0x03, 0x31,
  0x04, 0x31, 0x03, 0x31, 0xe3, 0x28, 0x24, 0x31, 0x6d, 0x7b, 0x7d, 0xef, 0xff, 0xff, 0xff, 0xff,
  0xeb, 0x6a, 0xe3, 0x30, 0xe7, 0x51, 0x97, 0xf6, 0xf8, 0xfe, 0xd8, 0xfe, 0xf8, 0xfe, 0x8c, 0x8b,
  0x04, 0x31, 0x44, 0x39, 0x65, 0x39, 0xa5, 0x61, 0x27, 0xaa, 0x07, 0x92, 0x85, 0x51, 0x65, 0x39,
  0x24, 0x31, 0x04, 0x31, 0xa9, 0x6a, 0x56, 0xe6, 0x19, 0xff, 0xd8, 0xfe, 0xd8, 0xfe, 0xd8, 0xfe,
  0xf8, 0xfe, 0xb8, 0xf6, 0xa9, 0x6a, 0x03, 0x31, 0x65, 0x41, 0x04, 0x31, 0x8d, 0x7b, 0xba, 0xde,
  0xff, 0xff, 0xff, 0xff, 0xff, 0xff, 0xff, 0xff, 0xff, 0xff, 0xff, 0xff, 0xff, 0xff, 0xff, 0xff,
  0xff, 0xff, 0x9e, 0xf7, 0x75, 0xb5, 0x48, 0x52, 0x04, 0x31, 0x65, 0x39, 0x04, 0x31, 0x2e, 0xa4,
  0x19, 0xff, 0xd8, 0xfe, 0x19, 0xff, 0x2a, 0x7b, 0x04, 0x31, 0x85, 0x41, 0x65, 0x39, 0x07, 0x52,
  0x68, 0x62, 0x0b, 0x73, 0x89, 0x62, 0x44, 0x39, 0x65, 0x41, 0x45, 0x39, 0x85, 0x41, 0x06, 0x52,
  0x47, 0x5a, 0x47, 0x5a, 0x47, 0x5a, 0x47, 0x5a, 0x47, 0x5a, 0x47, 0x5a, 0x47, 0x5a, 0x47, 0x5a,
  0x47, 0x5a, 0x47, 0x5a, 0x47, 0x5a, 0x47, 0x5a, 0x47, 0x5a, 0x46, 0x5a, 0x85, 0x41, 0x65, 0x39,
  0x93, 0xee, 0x93, 0xee, 0x93, 0xee, 0x73, 0xee, 0x93, 0xee, 0x93, 0xee, 0x73, 0xee, 0x73, 0xee,
  0x73, 0xee, 0x72, 0xee, 0x72, 0xee, 0x72, 0xee, 0x72, 0xee, 0x72, 0xee, 0x72, 0xee, 0x51, 0xe6,
  0x92, 0xee, 0x8f, 0xc5, 0x64, 0x39, 0x45, 0x39, 0xc6, 0x49, 0x46, 0x5a, 0x47, 0x5a, 0x47, 0x5a,
  0x47, 0x5a, 0x47, 0x5a, 0x47, 0x5a, 0x47, 0x5a, 0x47, 0x5a, 0x47, 0x5a, 0x47, 0x5a, 0x47, 0x5a,
  0x47, 0x5a, 0x47, 0x5a, 0x46, 0x5a, 0x85, 0x41, 0x45, 0x39, 0x65, 0x39, 0xd4, 0xd5, 0x18, 0xff,
  0xb7, 0xfe, 0xf7, 0xfe, 0x97, 0xf6, 0x07, 0x5a, 0xc3, 0x28, 0xce, 0x83, 0x58, 0xce, 0x44, 0x39,
  0x44, 0x39, 0x44, 0x39, 0x31, 0xbd, 0x59, 0xff, 0xb8, 0xfe, 0xd8, 0xfe, 0xd8, 0xfe, 0xf8, 0xfe,
  0xca, 0x6a, 0x04, 0x31, 0x44, 0x39, 0xf7, 0xc5, 0xff, 0xff, 0xdf, 0xff, 0xff, 0xff, 0xff, 0xff,
  0xff, 0xff, 0xff, 0xff, 0xff, 0xff, 0xff, 0xff, 0xff, 0xff, 0x9e, 0xf7, 0x54, 0xad, 0x6d, 0x7b,
  0xaa, 0x62, 0xeb, 0x6a, 0xef, 0x8b, 0x38, 0xce, 0xff, 0xff, 0xff, 0xff, 0xff, 0xff, 0x17, 0xc6,
  0x24, 0x39, 0x04, 0x31, 0xcd, 0x93, 0x39, 0xff, 0xd8, 0xfe, 0xd8, 0xfe, 0xf8, 0xfe, 0x19, 0xff,
  0xb1, 0xac, 0xc6, 0x49, 0x03, 0x31, 0x24, 0x31, 0x45, 0x31, 0x45, 0x31, 0x24, 0x31, 0x03, 0x31,
  0xe7, 0x51, 0x70, 0xac, 0xf8, 0xfe, 0x19, 0xff, 0xd8, 0xfe, 0xd8, 0xfe, 0xd8, 0xfe, 0xd8, 0xfe,
  0xd8, 0xfe, 0x18, 0xff, 0xd7, 0xf6, 0x2b, 0x7b, 0xe3, 0x30, 0x65, 0x39, 0x24, 0x31, 0x85, 0x41,
  0x4d, 0x73, 0x54, 0xad, 0x99, 0xd6, 0x3c, 0xe7, 0x7d, 0xef, 0x3c, 0xef, 0xba, 0xde, 0x95, 0xbd,
  0xef, 0x8b, 0x28, 0x52, 0x24, 0x31, 0x24, 0x31, 0x24, 0x31, 0xa6, 0x49, 0x11, 0xbd, 0x19, 0xff,
  0xd7, 0xfe, 0xf8, 0xfe, 0x4b, 0x7b, 0x03, 0x31, 0x45, 0x39, 0x65, 0x39, 0x03, 0x31, 0x6f, 0xa4,
  0x9a, 0xff, 0xb8, 0xee, 0x27, 0x5a, 0x44, 0x39, 0x65, 0x39, 0xa6, 0x49, 0x46, 0x5a, 0x47, 0x5a,
  0x47, 0x5a, 0x46, 0x5a, 0x46, 0x5a, 0x47, 0x5a, 0x47, 0x5a, 0x47, 0x5a, 0x47, 0x5a, 0x47, 0x5a,
  0x47, 0x5a, 0x47, 0x5a, 0x47, 0x5a, 0x47, 0x5a, 0x47, 0x5a, 0xc6, 0x49, 0x65, 0x39, 0x44, 0x39,
  0x93, 0xee, 0x93, 0xee, 0x93, 0xee, 0x93, 0xee, 0x93, 0xee, 0x93, 0xee, 0x73, 0xee, 0x73, 0xee,
  0x73, 0xee, 0x72, 0xee, 0x72, 0xee, 0x72, 0xee, 0x72, 0xee, 0x72, 0xee, 0x72, 0xee, 0x52, 0xe6,
  0x72, 0xee, 0x31, 0xe6, 0x06, 0x52, 0x24, 0x31, 0xa5, 0x49, 0x46, 0x5a, 0x47, 0x5a, 0x47, 0x5a,
  0x47, 0x5a, 0x47, 0x5a, 0x47, 0x5a, 0x47, 0x5a, 0x47, 0x5a, 0x47, 0x5a, 0x47, 0x5a, 0x47, 0x5a,
  0x47, 0x5a, 0x47, 0x5a, 0x47, 0x5a, 0x06, 0x52, 0x65, 0x41, 0x04, 0x31, 0x0b, 0x7b, 0x19, 0xff,
  0xb7, 0xf6, 0x18, 0xff, 0xd4, 0xd5, 0x65, 0x41, 0xe3, 0x30, 0xf3, 0xa4, 0xff, 0xff, 0x96, 0xbd,
  0x44, 0x39, 0x44, 0x39, 0x65, 0x39, 0xf1, 0xb4, 0x39, 0xff, 0xd8, 0xfe, 0xd7, 0xfe, 0x18, 0xff,
  0xf4, 0xd5, 0x65, 0x41, 0x24, 0x39, 0xc7, 0x49, 0xfb, 0xde, 0xff, 0xff, 0xdf, 0xff, 0xff, 0xff,
  0xff, 0xff, 0xff, 0xff, 0xff, 0xff, 0xff, 0xff, 0xff, 0xff, 0xff, 0xff, 0xff, 0xff, 0xff, 0xff,
  0xff, 0xff, 0xff, 0xff, 0xff, 0xff, 0xff, 0xff, 0xff, 0xff, 0xff, 0xff, 0xbe, 0xff, 0x69, 0x5a,
  0x04, 0x31, 0x86, 0x49, 0x56, 0xe6, 0x18, 0xff, 0xd8, 0xfe, 0xd8, 0xfe, 0xd8, 0xfe, 0xd8, 0xfe,
  0x39, 0xff, 0x76, 0xee, 0xee, 0x93, 0x07, 0x5a, 0x45, 0x41, 0x44, 0x39, 0x68, 0x62, 0x8f, 0xac,
  0x97, 0xee, 0x39, 0xff, 0xd8, 0xfe, 0xd8, 0xfe, 0xf8, 0xfe, 0xd8, 0xfe, 0xd8, 0xfe, 0xd8, 0xfe,
  0xd8, 0xfe, 0xd8, 0xfe, 0xf8, 0xfe, 0x19, 0xff, 0x90, 0xac, 0xc6, 0x49, 0x04, 0x31, 0x24, 0x39,
  0x03, 0x31, 0x03, 0x31, 0x45, 0x39, 0xa6, 0x41, 0xe7, 0x49, 0xa6, 0x49, 0x65, 0x41, 0x24, 0x31,
  0x03, 0x31, 0x04, 0x31, 0x04, 0x31, 0x65, 0x41, 0x4c, 0x83, 0x36, 0xe6, 0x19, 0xff, 0xd8, 0xfe,
  0xf8, 0xfe, 0x2b, 0x73, 0x04, 0x31, 0x24, 0x39, 0x49, 0x5a, 0xe7, 0x51, 0xe3, 0x28, 0xcd, 0x8b,
  0xfc, 0xff, 0x0e, 0x9c, 0xc3, 0x28, 0x65, 0x41, 0xc6, 0x49, 0x47, 0x5a, 0x46, 0x5a, 0x47, 0x5a,
  0x47, 0x5a, 0x47, 0x5a, 0x46, 0x5a, 0x47, 0x5a, 0x47, 0x5a, 0x47, 0x5a, 0x47, 0x5a, 0x47, 0x5a,
  0x47, 0x5a, 0x47, 0x5a, 0x47, 0x5a, 0x47, 0x5a, 0x06, 0x52, 0x65, 0x41, 0x44, 0x39, 0x27, 0x5a,
  0x93, 0xee, 0x93, 0xee, 0x93, 0xee, 0x93, 0xee, 0x93, 0xee, 0x93, 0xee, 0x73, 0xee, 0x73, 0xee,
  0x73, 0xee, 0x72, 0xee, 0x72, 0xee, 0x72, 0xee, 0x72, 0xee, 0x72, 0xee, 0x72, 0xee, 0x52, 0xee,
  0x51, 0xe6, 0xb2, 0xee, 0x09, 0x7b, 0x04, 0x31, 0x85, 0x41, 0x26, 0x52, 0x47, 0x5a, 0x47, 0x5a,
  0x47, 0x5a, 0x47, 0x5a, 0x47, 0x5a, 0x47, 0x5a, 0x47, 0x5a, 0x47, 0x5a, 0x47, 0x5a, 0x47, 0x5a,
  0x47, 0x5a, 0x47, 0x5a, 0x47, 0x5a, 0x47, 0x5a, 0xa5, 0x49, 0x45, 0x39, 0x24, 0x39, 0x73, 0xcd,
  0x18, 0xff, 0x39, 0xff, 0xb0, 0xb4, 0x04, 0x31, 0x44, 0x39, 0x79, 0xd6, 0xff, 0xff, 0xff, 0xff,
  0x96, 0xbd, 0x44, 0x39, 0x24, 0x39, 0x44, 0x39, 0x4f, 0xa4, 0x39, 0xff, 0xf8, 0xfe, 0xb7, 0xf6,
  0x59, 0xff, 0xb0, 0xac, 0x04, 0x31, 0x24, 0x39, 0x08, 0x4a, 0xba, 0xde, 0xff, 0xff, 0xff, 0xff,
  0xff, 0xff, 0xff, 0xff, 0xff, 0xff, 0xff, 0xff, 0xff, 0xff, 0xff, 0xff, 0xff, 0xff, 0xff, 0xff,
  0xff, 0xff, 0xff, 0xff, 0xff, 0xff, 0xdf, 0xff, 0xff, 0xff, 0xff, 0xff, 0xcf, 0x83, 0x04, 0x31,
  0x04, 0x31, 0x2e, 0xa4, 0x39, 0xff, 0xd8, 0xfe, 0xd8, 0xfe, 0xd8, 0xfe, 0xd8, 0xfe, 0xd8, 0xfe,
  0xd8, 0xfe, 0x18, 0xff, 0x59, 0xff, 0xd8, 0xfe, 0xb4, 0xd5, 0x93, 0xd5, 0xd8, 0xfe, 0x39, 0xff,
  0xf8, 0xfe, 0xd8, 0xfe, 0xd8, 0xfe, 0xd8, 0xfe, 0xd8, 0xfe, 0xd8, 0xfe, 0xd8, 0xfe, 0xd8, 0xfe,
  0xd8, 0xfe, 0xd8, 0xfe, 0xd8, 0xfe, 0xd8, 0xfe, 0x39, 0xff, 0x77, 0xee, 0x2f, 0x9c, 0x27, 0x5a,
  0x44, 0x39, 0x24, 0x31, 0x04, 0x31, 0x04, 0x31, 0x03, 0x31, 0x03, 0x31, 0x04, 0x31, 0x24, 0x31,
  0x45, 0x39, 0x07, 0x52, 0xad, 0x8b, 0xd4, 0xd5, 0x39, 0xff, 0xf8, 0xfe, 0x18, 0xff, 0x97, 0xee,
  0xa9, 0x6a, 0x04, 0x31, 0x03, 0x31, 0xaa, 0x62, 0x1c, 0xe7, 0x48, 0x5a, 0xc2, 0x28, 0x2e, 0x9c,
  0xb7, 0xee, 0xa5, 0x41, 0x45, 0x39, 0x65, 0x41, 0x27, 0x52, 0x47, 0x5a, 0x27, 0x5a, 0x47, 0x5a,
  0x47, 0x5a, 0x47, 0x5a, 0x47, 0x5a, 0x47, 0x5a, 0x47, 0x5a, 0x47, 0x5a, 0x47, 0x5a, 0x47, 0x5a,
  0x47, 0x5a, 0x47, 0x5a, 0x47, 0x5a, 0x26, 0x5a, 0x64, 0x41, 0x44, 0x39, 0x85, 0x41, 0x91, 0xc5,
  0x93, 0xee, 0x93, 0xee, 0x93, 0xee, 0x93, 0xee, 0x93, 0xee, 0x93, 0xee, 0x73, 0xee, 0x73, 0xee,
  0x73, 0xee, 0x72, 0xee, 0x72, 0xee, 0x72, 0xee, 0x72, 0xee, 0x52, 0xe6, 0x52, 0xe6, 0x51, 0xe6,
  0x31, 0xe6, 0xb2, 0xf6, 0x8d, 0xac, 0x04, 0x31, 0x65, 0x39, 0xe6, 0x49, 0x47, 0x5a, 0x47, 0x5a,
  0x47, 0x5a, 0x47, 0x5a, 0x47, 0x5a, 0x47, 0x5a, 0x47, 0x5a, 0x47, 0x5a, 0x47, 0x5a, 0x47, 0x5a,
  0x47, 0x5a, 0x47, 0x5a, 0x47, 0x5a, 0x47, 0x5a, 0x26, 0x52, 0x65, 0x41, 0x24, 0x31, 0x68, 0x62,
  0xd7, 0xf6, 0x39, 0xff, 0xac, 0x8b, 0xe3, 0x28, 0xe7, 0x49, 0x7d, 0xf7, 0xff, 0xff, 0xdf, 0xff,
  0xff, 0xff, 0xf7, 0xc5, 0xa6, 0x49, 0x64, 0x39, 0x03, 0x31, 0x6c, 0x8b, 0xf8, 0xfe, 0x19, 0xff,
  0xb8, 0xf6, 0x39, 0xff, 0xed, 0x93, 0x04, 0x31, 0x44, 0x39, 0xa6, 0x41, 0x75, 0xb5, 0xff, 0xff,
  0xff, 0xff, 0xff, 0xff, 0xff, 0xff, 0xff, 0xff, 0xff, 0xff, 0xff, 0xff, 0xff, 0xff, 0xff, 0xff,
  0xff, 0xff, 0xff, 0xff, 0xff, 0xff, 0xff, 0xff, 0xff, 0xff, 0x51, 0x94, 0x24, 0x31, 0x24, 0x31,
  0x89, 0x62, 0xd8, 0xfe, 0xd8, 0xfe, 0xd8, 0xfe, 0xd8, 0xfe, 0xd8, 0xfe, 0xd8, 0xfe, 0xd8, 0xfe,
  0xf8, 0xfe, 0xd8, 0xfe, 0xd8, 0xfe, 0xf8, 0xfe, 0x39, 0xff, 0x39, 0xff, 0xd8, 0xfe, 0xd8, 0xfe,
  0xd8, 0xfe, 0xd8, 0xfe, 0xd8, 0xfe, 0xd8, 0xfe, 0xd8, 0xfe, 0xd8, 0xfe, 0xd8, 0xfe, 0xd8, 0xfe,
  0xd8, 0xfe, 0xd8, 0xfe, 0xd8, 0xfe, 0xd8, 0xfe, 0xd8, 0xfe, 0x19, 0xff, 0x39, 0xff, 0xd7, 0xf6,
  0xb4, 0xd5, 0x90, 0xac, 0xad, 0x8b, 0x2b, 0x7b, 0x0a, 0x73, 0x2b, 0x7b, 0xad, 0x8b, 0x6f, 0xac,
  0x94, 0xcd, 0xb7, 0xf6, 0x39, 0xff, 0x19, 0xff, 0xd7, 0xfe, 0x39, 0xff, 0xf5, 0xdd, 0x27, 0x52,
  0x04, 0x31, 0x24, 0x31, 0xca, 0x62, 0x7d, 0xef, 0xbe, 0xff, 0xe7, 0x51, 0xe3, 0x28, 0xcd, 0x8b,
  0xca, 0x72, 0x03, 0x29, 0x65, 0x39, 0xe6, 0x49, 0x47, 0x5a, 0x47, 0x5a, 0x27, 0x5a, 0x27, 0x5a,
  0x47, 0x5a, 0x47, 0x5a, 0x47, 0x5a, 0x47, 0x5a, 0x47, 0x5a, 0x47, 0x5a, 0x47, 0x5a, 0x47, 0x5a,
  0x47, 0x5a, 0x46, 0x5a, 0x46, 0x5a, 0xa5, 0x41, 0x65, 0x39, 0x04, 0x31, 0x6d, 0xa4, 0x15, 0xf7,
  0x93, 0xee, 0x93, 0xee, 0x93, 0xee, 0x93, 0xee, 0x93, 0xee, 0x93, 0xee, 0x93, 0xee, 0x73, 0xee,
  0x73, 0xee, 0x73, 0xee, 0x52, 0xee, 0x52, 0xe6, 0x72, 0xee, 0x93, 0xee, 0xb3, 0xf6, 0xd3, 0xf6,
  0xb3, 0xf6, 0x92, 0xf6, 0x51, 0xe6, 0x47, 0x5a, 0x44, 0x39, 0x65, 0x41, 0xe6, 0x49, 0x47, 0x5a,
  0x47, 0x5a, 0x46, 0x5a, 0x47, 0x5a, 0x47, 0x5a, 0x47, 0x5a, 0x47, 0x5a, 0x47, 0x5a, 0x47, 0x5a,
  0x47, 0x5a, 0x47, 0x5a, 0x47, 0x5a, 0x47, 0x5a, 0x47, 0x5a, 0xc6, 0x49, 0x65, 0x39, 0x03, 0x31,
  0x2f, 0xa4, 0x7a, 0xff, 0xaa, 0x6a, 0xc3, 0x28, 0xeb, 0x6a, 0xff, 0xff, 0xff, 0xff, 0xff, 0xff,
  0xff, 0xff, 0xff, 0xff, 0x75, 0xb5, 0x45, 0x39, 0x65, 0x41, 0x03, 0x31, 0x88, 0x62, 0x35, 0xde,
  0x59, 0xff, 0xd8, 0xfe, 0x19, 0xff, 0x0e, 0x9c, 0x24, 0x31, 0x24, 0x39, 0x24, 0x31, 0x2c, 0x73,
  0x59, 0xd6, 0xff, 0xff, 0xff, 0xff, 0xff, 0xff, 0xff, 0xff, 0xff, 0xff, 0xff, 0xff, 0xff, 0xff,
  0xff, 0xff, 0xff, 0xff, 0xff, 0xff, 0x1c, 0xe7, 0x6d, 0x73, 0x24, 0x31, 0x24, 0x39, 0xe6, 0x51,
  0x56, 0xe6, 0x19, 0xff, 0xd8, 0xfe, 0xd8, 0xfe, 0xd8, 0xfe, 0xd8, 0xfe, 0xd8, 0xfe, 0xd8, 0xfe,
  0xd8, 0xfe, 0xd8, 0xfe, 0xd8, 0xfe, 0xd8, 0xfe, 0xd8, 0xfe, 0xd8, 0xfe, 0xd8, 0xfe, 0xd8, 0xfe,
  0xd8, 0xfe, 0xd8, 0xfe, 0xd8, 0xfe, 0xd8, 0xfe, 0xd8, 0xfe, 0xd8, 0xfe, 0xd8, 0xfe, 0xd8, 0xfe,
  0xd8, 0xfe, 0xd8, 0xfe, 0xd8, 0xfe, 0xd8, 0xfe, 0xd8, 0xfe, 0xd8, 0xfe, 0xd8, 0xfe, 0xf8, 0xfe,
  0x19, 0xff, 0x39, 0xff, 0x39, 0xff, 0x39, 0xff, 0x19, 0xff, 0x39, 0xff, 0x39, 0xff, 0x39, 0xff,
  0x39, 0xff, 0xf8, 0xfe, 0xb7, 0xf6, 0xf8, 0xfe, 0x39, 0xff, 0xd1, 0xb4, 0x85, 0x41, 0x24, 0x39,
  0x44, 0x39, 0x0c, 0x73, 0xde, 0xff, 0xff, 0xff, 0x5d, 0xef, 0xa6, 0x41, 0x44, 0x39, 0x85, 0x41,
  0x44, 0x39, 0x65, 0x39, 0xa5, 0x49, 0x47, 0x5a, 0x27, 0x5a, 0x47, 0x5a, 0x47, 0x5a, 0x47, 0x5a,
  0x47, 0x5a, 0x47, 0x5a, 0x47, 0x5a, 0x47, 0x5a, 0x47, 0x5a, 0x47, 0x5a, 0x47, 0x5a, 0x47, 0x5a,
  0x46, 0x5a, 0x47, 0x5a, 0xa5, 0x49, 0x65, 0x39, 0x04, 0x31, 0x0a, 0x7b, 0xf5, 0xee, 0x94, 0xee,
  0x93, 0xee, 0x93, 0xee, 0x93, 0xee, 0x93, 0xee, 0x93, 0xee, 0x93, 0xee, 0x93, 0xee, 0x73, 0xe6,
  0x72, 0xe6, 0x73, 0xee, 0xb3, 0xf6, 0xd3, 0xf6, 0x72, 0xe6, 0xb0, 0xcd, 0xae, 0xac, 0xcb, 0x93,
  0x09, 0x7b, 0x88, 0x6a, 0x88, 0x62, 0xe6, 0x49, 0x45, 0x39, 0x65, 0x39, 0x44, 0x39, 0xa5, 0x41,
  0x26, 0x52, 0x46, 0x5a, 0x47, 0x5a, 0x47, 0x5a, 0x47, 0x5a, 0x47, 0x5a, 0x47, 0x5a, 0x47, 0x5a,
  0x47, 0x5a, 0x47, 0x5a, 0x47, 0x5a, 0x47, 0x5a, 0x47, 0x5a, 0x47, 0x5a, 0x85, 0x41, 0x45, 0x39,
  0x65, 0x41, 0xd4, 0xd5, 0xa9, 0x6a, 0xc2, 0x28, 0x6d, 0x7b, 0x5d, 0xef, 0x79, 0xce, 0x34, 0xad,
  0xae, 0x7b, 0x48, 0x52, 0xc6, 0x49, 0x85, 0x41, 0x65, 0x39, 0x85, 0x41, 0x24, 0x31, 0x85, 0x41,
  0xd0, 0xb4, 0x38, 0xff, 0x18, 0xff, 0x19, 0xff, 0xd1, 0xb4, 0xc6, 0x49, 0x23, 0x31, 0x03, 0x31,
  0x45, 0x39, 0x0b, 0x6b, 0x14, 0xad, 0xba, 0xde, 0x9e, 0xf7, 0xff, 0xff, 0xff, 0xff, 0xff, 0xff,
  0x9e, 0xf7, 0x79, 0xce, 0x50, 0x94, 0xc6, 0x49, 0x04, 0x31, 0x04, 0x31, 0x07, 0x52, 0x15, 0xde,
  0x19, 0xff, 0xd7, 0xfe, 0xd8, 0xfe, 0xd8, 0xfe, 0xd8, 0xfe, 0xd8, 0xfe, 0xd8, 0xfe, 0xd8, 0xfe,
  0xd8, 0xfe, 0xd8, 0xfe, 0xd8, 0xfe, 0xd8, 0xfe, 0xd8, 0xfe, 0xd8, 0xfe, 0xd8, 0xfe, 0xd8, 0xfe,
  0xd8, 0xfe, 0xd8, 0xfe, 0xd8, 0xfe, 0xd8, 0xfe, 0xd8, 0xfe, 0xd8, 0xfe, 0xd8, 0xfe, 0xd8, 0xfe,
  0xd8, 0xfe, 0xd8, 0xfe, 0xd8, 0xfe, 0xd8, 0xfe, 0xd8, 0xfe, 0xd8, 0xfe, 0xd8, 0xfe, 0xd8, 0xfe,
  0xd8, 0xfe, 0xd8, 0xfe, 0xd8, 0xfe, 0xd8, 0xfe, 0xd8, 0xfe, 0xd8, 0xfe, 0xd8, 0xfe, 0xd8, 0xfe,
  0xb7, 0xf6, 0xd8, 0xfe, 0x39, 0xff, 0xb7, 0xee, 0x6b, 0x83, 0x04, 0x31, 0x45, 0x39, 0x85, 0x41,
  0x65, 0x39, 0x07, 0x52, 0xcb, 0x6a, 0x8e, 0x83, 0x0b, 0x6b, 0x44, 0x39, 0x65, 0x39, 0x65, 0x39,
  0x65, 0x39, 0xa5, 0x41, 0x46, 0x5a, 0x47, 0x5a, 0x47, 0x5a, 0x47, 0x5a, 0x47, 0x5a, 0x47, 0x5a,
  0x47, 0x5a, 0x47, 0x5a, 0x47, 0x5a, 0x47, 0x5a, 0x47, 0x5a, 0x47, 0x5a, 0x47, 0x5a, 0x46, 0x5a,
  0x46, 0x5a, 0xe6, 0x49, 0x65, 0x39, 0x24, 0x31, 0x47, 0x5a, 0x94, 0xe6, 0xb4, 0xee, 0x94, 0xee,
  0x93, 0xee, 0x93, 0xee, 0x93, 0xee, 0x93, 0xee, 0x93, 0xee, 0x73, 0xee, 0x73, 0xee, 0xb3, 0xee,
  0xd4, 0xf6, 0x72, 0xe6, 0x0f, 0xbd, 0x8b, 0x83, 0x27, 0x5a, 0x65, 0x41, 0x24, 0x31, 0x04, 0x31,
  0x04, 0x31, 0x04, 0x31, 0x04, 0x31, 0x24, 0x39, 0x45, 0x39, 0x65, 0x39, 0x65, 0x39, 0x45, 0x39,
  0x65, 0x41, 0x06, 0x52, 0x46, 0x5a, 0x47, 0x5a, 0x47, 0x5a, 0x47, 0x5a, 0x47, 0x5a, 0x47, 0x5a,
  0x47, 0x5a, 0x47, 0x5a, 0x47, 0x5a, 0x47, 0x5a, 0x47, 0x5a, 0x46, 0x5a, 0x06, 0x52, 0x65, 0x41,
  0x24, 0x39, 0x27, 0x5a, 0x27, 0x5a, 0x24, 0x31, 0xa6, 0x49, 0xc7, 0x49, 0x44, 0x39, 0xe3, 0x30,
  0xe3, 0x28, 0xe3, 0x28, 0xe3, 0x28, 0x44, 0x31, 0x65, 0x39, 0x65, 0x41, 0x44, 0x39, 0x24, 0x39,
  0x04, 0x39, 0xea, 0x7a, 0x36, 0xe6, 0x39, 0xff, 0x39, 0xff, 0x56, 0xe6, 0x6c, 0x83, 0x65, 0x41,
  0x04, 0x31, 0xe3, 0x30, 0x04, 0x31, 0x65, 0x39, 0x27, 0x52, 0xaa, 0x62, 0xca, 0x6a, 0xaa, 0x62,
  0x07, 0x52, 0x44, 0x39, 0xe3, 0x30, 0x04, 0x31, 0x24, 0x39, 0x0a, 0x73, 0x76, 0xee, 0x19, 0xff,
  0xd7, 0xfe, 0xf8, 0xfe, 0xd8, 0xfe, 0xd8, 0xfe, 0xd8, 0xfe, 0xd8, 0xfe, 0xd8, 0xfe, 0xd8, 0xfe,
  0xd8, 0xfe, 0xd8, 0xfe, 0xd8, 0xfe, 0xd8, 0xfe, 0xd8, 0xfe, 0xd8, 0xfe, 0xd8, 0xfe, 0xd8, 0xfe,
  0xd8, 0xfe, 0xd8, 0xfe, 0xd8, 0xfe, 0xd8, 0xfe, 0xd8, 0xfe, 0xd8, 0xfe, 0xd8, 0xfe, 0xd8, 0xfe,
  0xd8, 0xfe, 0xd8, 0xfe, 0xd8, 0xfe, 0xd8, 0xfe, 0xd8, 0xfe, 0xd8, 0xfe, 0xd8, 0xfe, 0xd8, 0xfe,
  0xd8, 0xfe, 0xd8, 0xfe, 0xd8, 0xfe, 0xd8, 0xfe, 0xd8, 0xfe, 0xd8, 0xfe, 0xd8, 0xfe, 0xd7, 0xfe,
  0x18, 0xff, 0x39, 0xff, 0x32, 0xc5, 0x07, 0x52, 0x04, 0x31, 0x65, 0x39, 0x65, 0x41, 0x65, 0x39,
  0x04, 0x31, 0xe3, 0x28, 0xa2, 0x28, 0xc2, 0x28, 0x23, 0x31, 0x65, 0x39, 0x65, 0x39, 0x45, 0x39,
  0x85, 0x41, 0x46, 0x5a, 0x46, 0x5a, 0x47, 0x5a, 0x47, 0x5a, 0x47, 0x5a, 0x47, 0x5a, 0x47, 0x5a,
  0x47, 0x5a, 0x47, 0x5a, 0x47, 0x5a, 0x47, 0x5a, 0x47, 0x5a, 0x47, 0x5a, 0x47, 0x5a, 0x47, 0x5a,
  0xe6, 0x51, 0x65, 0x39, 0x44, 0x39, 0xa5, 0x49, 0xf2, 0xd5, 0xd4, 0xf6, 0x94, 0xee, 0xb4, 0xee,
  0x93, 0xee, 0x73, 0xee, 0x93, 0xee, 0x93, 0xee, 0x73, 0xee, 0xb4, 0xf6, 0xd4, 0xf6, 0xd1, 0xd5,
  0xec, 0x93, 0x27, 0x5a, 0x24, 0x39, 0x04, 0x31, 0x04, 0x31, 0x45, 0x39, 0x65, 0x39, 0x85, 0x41,
  0x85, 0x41, 0xa5, 0x41, 0xa5, 0x49, 0xa5, 0x49, 0xa5, 0x41, 0xc6, 0x49, 0xa6, 0x49, 0x65, 0x39,
  0x65, 0x39, 0x65, 0x41, 0x06, 0x52, 0x46, 0x5a, 0x46, 0x5a, 0x47, 0x5a, 0x47, 0x5a, 0x47, 0x5a,
  0x47, 0x5a, 0x47, 0x5a, 0x47, 0x5a, 0x47, 0x5a, 0x47, 0x5a, 0x47, 0x5a, 0x47, 0x5a, 0xc5, 0x49,
  0x65, 0x39, 0x44, 0x39, 0x44, 0x39, 0x65, 0x39, 0xe3, 0x28, 0xc3, 0x28, 0x03, 0x31, 0x65, 0x41,
  0x27, 0x52, 0x2b, 0x7b, 0xb0, 0xa4, 0x6c, 0x83, 0x04, 0x31, 0xe6, 0x49, 0x13, 0xad, 0x08, 0x52,
  0xe3, 0x30, 0x04, 0x31, 0xa6, 0x49, 0x4f, 0xa4, 0xb7, 0xf6, 0x7a, 0xff, 0x39, 0xff, 0xd4, 0xd5,
  0xad, 0x93, 0x07, 0x5a, 0x44, 0x39, 0x04, 0x31, 0xe3, 0x28, 0xc3, 0x28, 0xc2, 0x28, 0xc3, 0x28,
  0xe3, 0x28, 0x03, 0x31, 0x65, 0x41, 0xaa, 0x6a, 0x12, 0xbd, 0x19, 0xff, 0xf8, 0xfe, 0xd7, 0xfe,
  0xf8, 0xfe, 0xd8, 0xfe, 0xd8, 0xfe, 0xd8, 0xfe, 0xd8, 0xfe, 0xd8, 0xfe, 0xd8, 0xfe, 0xd8, 0xfe,
  0xd8, 0xfe, 0xd8, 0xfe, 0xd8, 0xfe, 0xd8, 0xfe, 0xd8, 0xfe, 0xd8, 0xfe, 0xd8, 0xfe, 0xd8, 0xfe,
  0xd8, 0xfe, 0xd8, 0xfe, 0xd8, 0xfe, 0xd8, 0xfe, 0xd8, 0xfe, 0xd8, 0xfe, 0xd8, 0xfe, 0xd8, 0xfe,
  0xd8, 0xfe, 0xd8, 0xfe, 0xd8, 0xfe, 0xd8, 0xfe, 0xd8, 0xfe, 0xd8, 0xfe, 0xd8, 0xfe, 0xd8, 0xfe,
  0xd8, 0xfe, 0xd8, 0xfe, 0xd8, 0xfe, 0xd8, 0xfe, 0xd8, 0xfe, 0xd7, 0xfe, 0xf8, 0xfe, 0x59, 0xff,
  0x35, 0xde, 0x2b, 0x7b, 0x44, 0x39, 0x24, 0x31, 0x24, 0x39, 0x65, 0x41, 0x44, 0x39, 0xe6, 0x51,
  0xd1, 0xb4, 0xcd, 0x8b, 0x4b, 0x7b, 0x07, 0x52, 0x65, 0x39, 0x65, 0x41, 0x45, 0x39, 0x85, 0x41,
  0x26, 0x52, 0x46, 0x5a, 0x47, 0x5a, 0x47, 0x5a, 0x47, 0x5a, 0x47, 0x5a, 0x47, 0x5a, 0x47, 0x5a,
  0x47, 0x5a, 0x47, 0x5a, 0x47, 0x5a, 0x47, 0x5a, 0x47, 0x5a, 0x46, 0x5a, 0x47, 0x5a, 0x06, 0x52,
  0x64, 0x39, 0x45, 0x39, 0x65, 0x39, 0x70, 0xc5, 0xd5, 0xf6, 0x94, 0xee, 0x94, 0xee, 0xb4, 0xee,
  0x94, 0xee, 0xd4, 0xf6, 0x73, 0xee, 0x93, 0xee, 0xf4, 0xf6, 0xd1, 0xcd, 0x4a, 0x7b, 0x85, 0x41,
  0x04, 0x31, 0x24, 0x39, 0x65, 0x39, 0x85, 0x41, 0xa5, 0x49, 0xe6, 0x49, 0x06, 0x52, 0x26, 0x52,
  0x47, 0x5a, 0x47, 0x5a, 0x47, 0x5a, 0x47, 0x5a, 0x47, 0x5a, 0x47, 0x5a, 0x47, 0x5a, 0xe6, 0x49,
  0x64, 0x39, 0x65, 0x39, 0x65, 0x41, 0x26, 0x52, 0x46, 0x5a, 0x47, 0x5a, 0x47, 0x5a, 0x47, 0x5a,
  0x47, 0x5a, 0x47, 0x5a, 0x47, 0x5a, 0x47, 0x5a, 0x47, 0x5a, 0x47, 0x5a, 0x47, 0x5a, 0x47, 0x5a,
  0xa5, 0x41, 0x65, 0x39, 0x45, 0x39, 0xc6, 0x49, 0x0e, 0x94, 0x4f, 0x9c, 0xf1, 0xb4, 0x15, 0xde,
  0xf8, 0xf6, 0x5a, 0xff, 0xfc, 0xff, 0x73, 0xc5, 0x04, 0x31, 0x44, 0x39, 0xba, 0xde, 0x7d, 0xef,
  0x8e, 0x7b, 0x24, 0x31, 0x04, 0x31, 0x24, 0x31, 0x28, 0x5a, 0xd0, 0xb4, 0xf8, 0xfe, 0x7a, 0xff,
  0x39, 0xff, 0x97, 0xee, 0x93, 0xd5, 0x6f, 0xac, 0x8c, 0x8b, 0x0b, 0x7b, 0xea, 0x72, 0x0b, 0x7b,
  0x8c, 0x8b, 0x8f, 0xac, 0xd4, 0xd5, 0xf8, 0xfe, 0x39, 0xff, 0xd8, 0xfe, 0xd8, 0xfe, 0xd8, 0xfe,
  0xd8, 0xfe, 0xd8, 0xfe, 0xd8, 0xfe, 0xd8, 0xfe, 0xd8, 0xfe, 0xd8, 0xfe, 0xd8, 0xfe, 0xd8, 0xfe,
  0xd8, 0xfe, 0xd8, 0xfe, 0xd8, 0xfe, 0xd8, 0xfe, 0xd8, 0xfe, 0xd8, 0xfe, 0xd8, 0xfe, 0xd8, 0xfe,
  0xd8, 0xfe, 0xd8, 0xfe, 0xd8, 0xfe, 0xd8, 0xfe, 0xd8, 0xfe, 0xd8, 0xfe, 0xd8, 0xfe, 0xd8, 0xfe,
  0xd8, 0xfe, 0xd8, 0xfe, 0xd8, 0xfe, 0xd8, 0xfe, 0xd8, 0xfe, 0xd8, 0xfe, 0xd8, 0xfe, 0xd8, 0xfe,
  0xd8, 0xfe, 0xd8, 0xfe, 0xd8, 0xfe, 0xd8, 0xfe, 0xf8, 0xfe, 0x59, 0xff, 0x76, 0xee, 0xee, 0x93,
  0x86, 0x49, 0x04, 0x31, 0x03, 0x31, 0xe7, 0x49, 0x10, 0x94, 0x86, 0x41, 0x03, 0x31, 0xac, 0x8b,
  0xdb, 0xff, 0xdc, 0xff, 0xd4, 0xcd, 0xe7, 0x51, 0x45, 0x39, 0x65, 0x39, 0xa5, 0x41, 0x46, 0x5a,
  0x46, 0x5a, 0x47, 0x5a, 0x47, 0x5a, 0x47, 0x5a, 0x47, 0x5a, 0x47, 0x5a, 0x47, 0x5a, 0x47, 0x5a,
  0x47, 0x5a, 0x47, 0x5a, 0x47, 0x5a, 0x47, 0x5a, 0x47, 0x5a, 0x47, 0x5a, 0x06, 0x52, 0x65, 0x39,
  0x65, 0x39, 0x24, 0x39, 0xef, 0xb4, 0xf5, 0xf6, 0x73, 0xe6, 0x94, 0xee, 0x94, 0xee, 0xb4, 0xee,
  0x48, 0x62, 0xef, 0xb4, 0xf5, 0xf6, 0x73, 0xe6, 0xcb, 0x93, 0x65, 0x41, 0xe4, 0x30, 0x44, 0x39,
  0x65, 0x41, 0x85, 0x41, 0xe6, 0x49, 0x26, 0x52, 0x47, 0x5a, 0x47, 0x5a, 0x46, 0x5a, 0x46, 0x5a,
  0x47, 0x5a, 0x47, 0x5a, 0x47, 0x5a, 0x47, 0x5a, 0x47, 0x5a, 0x47, 0x5a, 0x46, 0x5a, 0x47, 0x5a,
  0xe6, 0x49, 0x45, 0x39, 0x65, 0x39, 0xa5, 0x41, 0x47, 0x5a, 0x47, 0x5a, 0x47, 0x5a, 0x47, 0x5a,
  0x47, 0x5a, 0x47, 0x5a, 0x47, 0x5a, 0x47, 0x5a, 0x47, 0x5a, 0x47, 0x5a, 0x47, 0x5a, 0x47, 0x5a,
  0x47, 0x5a, 0x85, 0x41, 0x65, 0x39, 0x44, 0x39, 0x6c, 0x83, 0x9a, 0xff, 0xbb, 0xff, 0x5a, 0xff,
  0x39, 0xff, 0x19, 0xff, 0x5a, 0xff, 0x35, 0xde, 0x85, 0x41, 0xe3, 0x30, 0xf3, 0xa4, 0xff, 0xff,
  0xff, 0xff, 0xf7, 0xc5, 0x69, 0x5a, 0xe3, 0x30, 0x03, 0x31, 0x03, 0x31, 0x68, 0x62, 0xf1, 0xb4,
  0xd7, 0xf6, 0x59, 0xff, 0x39, 0xff, 0x39, 0xff, 0x39, 0xff, 0x19, 0xff, 0x18, 0xff, 0x19, 0xff,
  0x39, 0xff, 0x39, 0xff, 0x19, 0xff, 0xd8, 0xfe, 0xd8, 0xfe, 0xd8, 0xfe, 0xd8, 0xfe, 0xd8, 0xfe,
  0xd8, 0xfe, 0xd8, 0xfe, 0xd8, 0xfe, 0xd8, 0xfe, 0xd8, 0xfe, 0xd8, 0xfe, 0xd8, 0xfe, 0xd8, 0xfe,
  0xd8, 0xfe, 0xd8, 0xfe, 0xd8, 0xfe, 0xd8, 0xfe, 0xd8, 0xfe, 0xd8, 0xfe, 0xd8, 0xfe, 0xd8, 0xfe,
  0xd8, 0xfe, 0xd8, 0xfe, 0xd8, 0xfe, 0xd8, 0xfe, 0xd8, 0xfe, 0xd8, 0xfe, 0xd8, 0xfe, 0xd8, 0xfe,
  0xd8, 0xfe, 0xd8, 0xfe, 0xd8, 0xfe, 0xd8, 0xfe, 0xd8, 0xfe, 0xd8, 0xfe, 0xd8, 0xfe, 0xd8, 0xfe,
  0xd8, 0xfe, 0xd8, 0xfe, 0x19, 0xff, 0x59, 0xff, 0x56, 0xe6, 0x0e, 0x9c, 0xc6, 0x49, 0xe3, 0x30,
  0xe3, 0x30, 0x24, 0x31, 0x4d, 0x73, 0x3c, 0xef, 0xd3, 0xa4, 0xe3, 0x30, 0x44, 0x39, 0x15, 0xd6,
  0x7a, 0xff, 0x0e, 0x9c, 0x44, 0x39, 0x24, 0x39, 0x45, 0x39, 0xc5, 0x49, 0x47, 0x5a, 0x47, 0x5a,
  0x47, 0x5a, 0x47, 0x5a, 0x47, 0x5a, 0x47, 0x5a, 0x47, 0x5a, 0x47, 0x5a, 0x47, 0x5a, 0x47, 0x5a,
  0x47, 0x5a, 0x47, 0x5a, 0x47, 0x5a, 0x47, 0x5a, 0x47, 0x5a, 0x27, 0x52, 0x64, 0x41, 0x65, 0x39,
  0x24, 0x31, 0x6e, 0xa4, 0xf5, 0xf6, 0x94, 0xee, 0x94, 0xee, 0xb4, 0xee, 0xb4, 0xee, 0xb4, 0xee,
  0x24, 0x31, 0x44, 0x39, 0x2d, 0x94, 0xa9, 0x6a, 0xe3, 0x30, 0x45, 0x39, 0x65, 0x41, 0xa5, 0x41,
  0x06, 0x52, 0x47, 0x5a, 0x47, 0x5a, 0x47, 0x5a, 0x47, 0x5a, 0x47, 0x5a, 0x47, 0x5a, 0x47, 0x5a,
  0x47, 0x5a, 0x47, 0x5a, 0x47, 0x5a, 0x47, 0x5a, 0x47, 0x5a, 0x47, 0x5a, 0x47, 0x5a, 0x46, 0x5a,
  0x47, 0x5a, 0xa5, 0x49, 0x45, 0x39, 0x64, 0x39, 0xc5, 0x49, 0x47, 0x5a, 0x47, 0x5a, 0x47, 0x5a,
  0x47, 0x5a, 0x47, 0x5a, 0x47, 0x5a, 0x47, 0x5a, 0x47, 0x5a, 0x47, 0x5a, 0x47, 0x5a, 0x47, 0x5a,
  0x47, 0x5a, 0x27, 0x5a, 0x85, 0x41, 0x64, 0x39, 0xe3, 0x28, 0x68, 0x62, 0x97, 0xe6, 0x9a, 0xff,
  0x19, 0xff, 0x39, 0xff, 0x39, 0xff, 0x18, 0xf7, 0x47, 0x5a, 0xc3, 0x28, 0x6d, 0x7b, 0xff, 0xff,
  0xdf, 0xff, 0xff, 0xff, 0xbe, 0xf7, 0x34, 0xad, 0x48, 0x5a, 0x44, 0x39, 0x24, 0x31, 0x04, 0x31,
  0x48, 0x5a, 0x6f, 0xa4, 0x76, 0xe6, 0x39, 0xff, 0x19, 0xff, 0xd8, 0xfe, 0xb7, 0xfe, 0xb7, 0xf6,
  0xd7, 0xfe, 0xd8, 0xfe, 0xd8, 0xfe, 0xd8, 0xfe, 0xd8, 0xfe, 0xd8, 0xfe, 0xd8, 0xfe, 0xd8, 0xfe,
  0xd8, 0xfe, 0xd8, 0xfe, 0xd8, 0xfe, 0xd8, 0xfe, 0xd8, 0xfe, 0xd8, 0xfe, 0xd8, 0xfe, 0xd8, 0xfe,
  0xd8, 0xfe, 0xd8, 0xfe, 0xd8, 0xfe, 0xd8, 0xfe, 0xd8, 0xfe, 0xd8, 0xfe, 0xd8, 0xfe, 0xd8, 0xfe,
  0xd8, 0xfe, 0xd8, 0xfe, 0xd8, 0xfe, 0xd8, 0xfe, 0xd8, 0xfe, 0xd8, 0xfe, 0xd8, 0xfe, 0xd8, 0xfe,
  0xd8, 0xfe, 0xd8, 0xfe, 0xd8, 0xfe, 0xd8, 0xfe, 0xd8, 0xfe, 0xd8, 0xfe, 0xd8, 0xfe, 0xf8, 0xfe,
  0x39, 0xff, 0x19, 0xff, 0xf5, 0xdd, 0xad, 0x8b, 0xa6, 0x49, 0xe4, 0x30, 0x44, 0x39, 0x86, 0x41,
  0x2c, 0x73, 0x38, 0xce, 0xff, 0xff, 0xdf, 0xff, 0xe7, 0x49, 0xe3, 0x30, 0x0b, 0x73, 0x77, 0xe6,
  0xa9, 0x6a, 0x03, 0x31, 0x65, 0x39, 0x65, 0x41, 0xe6, 0x49, 0x47, 0x5a, 0x47, 0x5a, 0x47, 0x5a,
  0x47, 0x5a, 0x47, 0x5a, 0x47, 0x5a, 0x47, 0x5a, 0x47, 0x5a, 0x47, 0x5a, 0x47, 0x5a, 0x47, 0x5a,
  0x47, 0x5a, 0x47, 0x5a, 0x47, 0x5a, 0x47, 0x5a, 0x27, 0x52, 0x85, 0x41, 0x65, 0x39, 0x04, 0x31,
  0x0c, 0x94, 0xf5, 0xf6, 0x93, 0xe6, 0x94, 0xee, 0x94, 0xee, 0xb4, 0xee, 0xb4, 0xee, 0xb4, 0xee,
  0x85, 0x41, 0x45, 0x39, 0x24, 0x31, 0x44, 0x39, 0x65, 0x41, 0xa5, 0x41, 0x06, 0x52, 0x47, 0x5a,
  0x47, 0x5a, 0x47, 0x5a, 0x47, 0x5a, 0x47, 0x5a, 0x47, 0x5a, 0x47, 0x5a, 0x47, 0x5a, 0x47, 0x5a,
  0x47, 0x5a, 0x47, 0x5a, 0x47, 0x5a, 0x47, 0x5a, 0x47, 0x5a, 0x47, 0x5a, 0x47, 0x5a, 0x47, 0x5a,
  0x47, 0x5a, 0x47, 0x5a, 0x85, 0x41, 0x65, 0x39, 0x65, 0x39, 0x06, 0x52, 0x47, 0x5a, 0x47, 0x5a,
  0x47, 0x5a, 0x47, 0x5a, 0x47, 0x5a, 0x47, 0x5a, 0x47, 0x5a, 0x47, 0x5a, 0x47, 0x5a, 0x47, 0x5a,
  0x47, 0x5a, 0x47, 0x5a, 0x27, 0x5a, 0xa5, 0x41, 0x65, 0x41, 0x04, 0x31, 0xc6, 0x51, 0x94, 0xcd,
  0x9b, 0xff, 0x39, 0xff, 0x19, 0xff, 0x9a, 0xff, 0x6c, 0x83, 0xe3, 0x30, 0xc7, 0x49, 0x9d, 0xf7,
  0xff, 0xff, 0xff, 0xff, 0xff, 0xff, 0xfb, 0xe6, 0x4c, 0x73, 0x24, 0x39, 0x85, 0x41, 0x45, 0x39,
  0xe3, 0x28, 0x03, 0x31, 0xc6, 0x51, 0x8c, 0x8b, 0x93, 0xcd, 0xd8, 0xf6, 0x59, 0xff, 0x19, 0xff,
  0xf8, 0xfe, 0xd8, 0xfe, 0xd8, 0xfe, 0xd8, 0xfe, 0xd8, 0xfe, 0xd8, 0xfe, 0xd8, 0xfe, 0xd8, 0xfe,
  0xd8, 0xfe, 0xd8, 0xfe, 0xd8, 0xfe, 0xd8, 0xfe, 0xd8, 0xfe, 0xd8, 0xfe, 0xd8, 0xfe, 0xd8, 0xfe,
  0xd8, 0xfe, 0xd8, 0xfe, 0xd8, 0xfe, 0xd8, 0xfe, 0xd8, 0xfe, 0xd8, 0xfe, 0xd8, 0xfe, 0xd8, 0xfe,
  0xd8, 0xfe, 0xd8, 0xfe, 0xd8, 0xfe, 0xd8, 0xfe, 0xd8, 0xfe, 0xd8, 0xfe, 0xd8, 0xfe, 0xd8, 0xfe,
  0xd8, 0xfe, 0xd8, 0xfe, 0xd8, 0xfe, 0xd8, 0xfe, 0xf8, 0xfe, 0x39, 0xff, 0x39, 0xff, 0x76, 0xee,
  0xf1, 0xb4, 0xea, 0x72, 0x65, 0x39, 0x03, 0x31, 0x44, 0x39, 0x86, 0x41, 0x44, 0x39, 0x69, 0x5a,
  0x17, 0xc6, 0x7d, 0xef, 0x7d, 0xef, 0xef, 0x8b, 0x03, 0x31, 0x45, 0x39, 0xca, 0x6a, 0xc6, 0x49,
  0xe3, 0x30, 0x65, 0x41, 0x85, 0x41, 0x06, 0x52, 0x47, 0x5a, 0x47, 0x5a, 0x47, 0x5a, 0x47, 0x5a,
  0x47, 0x5a, 0x47, 0x5a, 0x47, 0x5a, 0x47, 0x5a, 0x47, 0x5a, 0x47, 0x5a, 0x47, 0x5a, 0x47, 0x5a,
  0x47, 0x5a, 0x47, 0x5a, 0x47, 0x5a, 0x27, 0x5a, 0x85, 0x41, 0x65, 0x39, 0x04, 0x31, 0xab, 0x8b,
  0xd5, 0xf6, 0x94, 0xee, 0x93, 0xee, 0x94, 0xee, 0x94, 0xee, 0x94, 0xee, 0xb4, 0xee, 0xb4, 0xee,
  0x94, 0xc5, 0x85, 0x41, 0x65, 0x39, 0x65, 0x41, 0x44, 0x39, 0x06, 0x52, 0x67, 0x5a, 0x46, 0x5a,
  0x47, 0x5a, 0x47, 0x5a, 0x47, 0x5a, 0x47, 0x5a, 0x47, 0x5a, 0x47, 0x5a, 0x47, 0x5a, 0x47, 0x5a,
  0x47, 0x5a, 0x47, 0x5a, 0x47, 0x5a, 0x47, 0x5a, 0x47, 0x5a, 0x47, 0x5a, 0x47, 0x5a, 0x47, 0x5a,
  0x47, 0x5a, 0x47, 0x5a, 0x06, 0x52, 0x65, 0x39, 0x65, 0x39, 0x85, 0x41, 0x47, 0x5a, 0x47, 0x5a,
  0x47, 0x5a, 0x47, 0x5a, 0x47, 0x5a, 0x47, 0x5a, 0x47, 0x5a, 0x47, 0x5a, 0x47, 0x5a, 0x47, 0x5a,
  0x47, 0x5a, 0x47, 0x5a, 0x47, 0x5a, 0x47, 0x5a, 0xa5, 0x49, 0x65, 0x41, 0x24, 0x39, 0x24, 0x39,
  0x0e, 0x94, 0x19, 0xf7, 0x7a, 0xff, 0x7a, 0xff, 0x32, 0xbd, 0x24, 0x31, 0x04, 0x31, 0x72, 0x9c,
  0x7d, 0xef, 0xb6, 0xbd, 0x2c, 0x73, 0x45, 0x39, 0x04, 0x31, 0x65, 0x39, 0x44, 0x39, 0x69, 0x5a,
  0xaa, 0x62, 0x03, 0x31, 0xe3, 0x30, 0x03, 0x31, 0x44, 0x39, 0x48, 0x5a, 0xed, 0x93, 0x94, 0xcd,
  0xb8, 0xf6, 0x39, 0xff, 0x39, 0xff, 0x19, 0xff, 0xf8, 0xfe, 0xd8, 0xfe, 0xd8, 0xfe, 0xd8, 0xfe,
  0xd8, 0xfe, 0xd8, 0xfe, 0xd8, 0xfe, 0xd8, 0xfe, 0xd8, 0xfe, 0xd8, 0xfe, 0xd8, 0xfe, 0xd8, 0xfe,
  0xd8, 0xfe, 0xd8, 0xfe, 0xd8, 0xfe, 0xd8, 0xfe, 0xd8, 0xfe, 0xd8, 0xfe, 0xd8, 0xfe, 0xd8, 0xfe,
  0xd8, 0xfe, 0xd8, 0xfe, 0xd8, 0xfe, 0xd8, 0xfe, 0xd8, 0xfe, 0xd8, 0xfe, 0xd8, 0xfe, 0xd8, 0xfe,
  0xf8, 0xfe, 0x19, 0xff, 0x59, 0xff, 0x19, 0xff, 0x76, 0xee, 0x12, 0xbd, 0x4b, 0x83, 0xe6, 0x51,
  0x24, 0x31, 0xe3, 0x28, 0x45, 0x39, 0x85, 0x41, 0x45, 0x39, 0x03, 0x31, 0x24, 0x31, 0x44, 0x39,
  0x04, 0x39, 0x86, 0x41, 0xc7, 0x49, 0x24, 0x39, 0x45, 0x39, 0x65, 0x41, 0x24, 0x39, 0x44, 0x39,
  0x65, 0x39, 0xc5, 0x49, 0x27, 0x5a, 0x47, 0x5a, 0x47, 0x5a, 0x47, 0x5a, 0x47, 0x5a, 0x47, 0x5a,
  0x47, 0x5a, 0x47, 0x5a, 0x47, 0x5a, 0x47, 0x5a, 0x47, 0x5a, 0x47, 0x5a, 0x47, 0x5a, 0x47, 0x5a,
  0x47, 0x5a, 0x47, 0x5a, 0x27, 0x5a, 0x85, 0x41, 0x65, 0x39, 0x03, 0x31, 0x6a, 0x83, 0xd5, 0xf6,
  0x94, 0xee, 0x94, 0xee, 0x94, 0xee, 0x94, 0xee, 0xb4, 0xee, 0xb4, 0xee, 0xb4, 0xee, 0xb4, 0xee,
  0xbb, 0xff, 0xf1, 0xb4, 0x03, 0x31, 0x85, 0x41, 0x65, 0x39, 0x64, 0x39, 0xe6, 0x49, 0x47, 0x5a,
  0x47, 0x5a, 0x47, 0x5a, 0x47, 0x5a, 0x47, 0x5a, 0x47, 0x5a, 0x47, 0x5a, 0x47, 0x5a, 0x47, 0x5a,
  0x47, 0x5a, 0x47, 0x5a, 0x47, 0x5a, 0x47, 0x5a, 0x47, 0x5a, 0x47, 0x5a, 0x47, 0x5a, 0x47, 0x5a,
  0x47, 0x5a, 0x47, 0x5a, 0x47, 0x5a, 0xc5, 0x49, 0x45, 0x39, 0x65, 0x39, 0xc6, 0x49, 0x47, 0x5a,
  0x47, 0x5a, 0x47, 0x5a, 0x47, 0x5a, 0x47, 0x5a, 0x47, 0x5a, 0x47, 0x5a, 0x47, 0x5a, 0x47, 0x5a,
  0x47, 0x5a, 0x47, 0x5a, 0x47, 0x5a, 0x47, 0x5a, 0x47, 0x5a, 0xe6, 0x49, 0x65, 0x41, 0x65, 0x39,
  0x03, 0x31, 0x48, 0x5a, 0x93, 0xc5, 0x9a, 0xff, 0x5a, 0xff, 0x28, 0x5a, 0x03, 0x31, 0x65, 0x41,
  0xc7, 0x49, 0x24, 0x31, 0xe3, 0x30, 0x03, 0x31, 0x86, 0x41, 0xa6, 0x41, 0x44, 0x39, 0xa6, 0x41,
  0xf7, 0xc5, 0xf7, 0xc5, 0x2c, 0x73, 0xa6, 0x41, 0x03, 0x31, 0xe3, 0x30, 0xe3, 0x30, 0x44, 0x39,
  0x27, 0x5a, 0x4c, 0x83, 0xb0, 0xb4, 0xf4, 0xdd, 0xb7, 0xf6, 0x39, 0xff, 0x59, 0xff, 0x39, 0xff,
  0x19, 0xff, 0xf8, 0xfe, 0xf8, 0xfe, 0xd8, 0xfe, 0xd8, 0xfe, 0xd8, 0xfe, 0xd8, 0xfe, 0xd8, 0xfe,
  0xd8, 0xfe, 0xd8, 0xfe, 0xd8, 0xfe, 0xd8, 0xfe, 0xd8, 0xfe, 0xd8, 0xfe, 0xd8, 0xfe, 0xd8, 0xfe,
  0xd8, 0xfe, 0xd8, 0xfe, 0xf8, 0xfe, 0x18, 0xff, 0x39, 0xff, 0x39, 0xff, 0x39, 0xff, 0x18, 0xff,
  0x76, 0xee, 0x93, 0xcd, 0x4f, 0xa4, 0xea, 0x72, 0xc6, 0x49, 0x24, 0x39, 0xe3, 0x30, 0xe3, 0x28,
  0x04, 0x31, 0x08, 0x52, 0xa6, 0x41, 0x44, 0x39, 0xa6, 0x49, 0xad, 0x83, 0x68, 0x5a, 0x65, 0x41,
  0x44, 0x39, 0x44, 0x39, 0x44, 0x39, 0x65, 0x41, 0x65, 0x39, 0x65, 0x39, 0x65, 0x39, 0x85, 0x41,
  0xe6, 0x51, 0x46, 0x5a, 0x47, 0x5a, 0x47, 0x5a, 0x46, 0x5a, 0x47, 0x5a, 0x47, 0x5a, 0x47, 0x5a,
  0x47, 0x5a, 0x47, 0x5a, 0x47, 0x5a, 0x47, 0x5a, 0x47, 0x5a, 0x47, 0x5a, 0x47, 0x5a, 0x47, 0x5a,
  0x47, 0x5a, 0x27, 0x5a, 0x85, 0x41, 0x65, 0x39, 0x04, 0x31, 0x2a, 0x7b, 0xb4, 0xee, 0x94, 0xee,
  0x94, 0xee, 0x94, 0xee, 0x94, 0xee, 0xb4, 0xee, 0xb4, 0xee, 0xb4, 0xee, 0xb4, 0xee, 0xb5, 0xee,
  0x18, 0xff, 0x7a, 0xff, 0x2b, 0x7b, 0xe3, 0x30, 0x85, 0x41, 0x65, 0x41, 0x65, 0x39, 0x85, 0x41,
  0x06, 0x52, 0x47, 0x5a, 0x47, 0x5a, 0x47, 0x5a, 0x47, 0x5a, 0x47, 0x5a, 0x47, 0x5a, 0x47, 0x5a,
  0x47, 0x5a, 0x47, 0x5a, 0x47, 0x5a, 0x47, 0x5a, 0x47, 0x5a, 0x47, 0x5a, 0x47, 0x5a, 0x47, 0x5a,
  0x47, 0x5a, 0x47, 0x5a, 0x47, 0x5a, 0x47, 0x5a, 0x85, 0x41, 0x65, 0x39, 0x65, 0x41, 0x06, 0x52,
  0x47, 0x5a, 0x47, 0x5a, 0x47, 0x5a, 0x47, 0x5a, 0x47, 0x5a, 0x47, 0x5a, 0x47, 0x5a, 0x47, 0x5a,
  0x47, 0x5a, 0x47, 0x5a, 0x47, 0x5a, 0x47, 0x5a, 0x47, 0x5a, 0x47, 0x5a, 0x06, 0x52, 0x85, 0x41,
  0x65, 0x41, 0x24, 0x31, 0x24, 0x39, 0x2b, 0x7b, 0x77, 0xde, 0x36, 0xde, 0xa6, 0x49, 0xe3, 0x28,
  0xe3, 0x28, 0x04, 0x31, 0xc6, 0x49, 0xac, 0x8b, 0x76, 0xde, 0xb4, 0xcd, 0x45, 0x41, 0x24, 0x31,
  0xc6, 0x41, 0x5c, 0xef, 0xff, 0xff, 0xfb, 0xde, 0xf3, 0xa4, 0xcb, 0x6a, 0x86, 0x41, 0xe3, 0x30,
  0xe3, 0x28, 0x04, 0x31, 0x03, 0x31, 0x64, 0x39, 0x07, 0x52, 0x0a, 0x73, 0x0e, 0x9c, 0x12, 0xbd,
  0xd4, 0xd5, 0x76, 0xee, 0xd8, 0xf6, 0x18, 0xff, 0x39, 0xff, 0x39, 0xff, 0x39, 0xff, 0x39, 0xff,
  0x39, 0xff, 0x39, 0xff, 0x39, 0xff, 0x39, 0xff, 0x39, 0xff, 0x39, 0xff, 0x39, 0xff, 0x39, 0xff,
  0x19, 0xff, 0xf8, 0xfe, 0xb7, 0xf6, 0x36, 0xe6, 0x93, 0xcd, 0xb0, 0xb4, 0xad, 0x8b, 0xa9, 0x6a,
  0xc6, 0x51, 0x24, 0x39, 0xe3, 0x28, 0xc2, 0x28, 0xe3, 0x28, 0x24, 0x31, 0xc7, 0x49, 0x4d, 0x73,
  0xd7, 0xbd, 0xf7, 0xc5, 0x65, 0x39, 0x03, 0x31, 0xcd, 0x8b, 0xdb, 0xff, 0x39, 0xff, 0xd8, 0xee,
  0xd1, 0xac, 0xc6, 0x49, 0x44, 0x39, 0x65, 0x39, 0x44, 0x39, 0x65, 0x39, 0xc6, 0x49, 0x47, 0x5a,
  0x47, 0x5a, 0x27, 0x5a, 0x27, 0x5a, 0x47, 0x5a, 0x46, 0x5a, 0x46, 0x5a, 0x47, 0x5a, 0x47, 0x5a,
  0x47, 0x5a, 0x47, 0x5a, 0x47, 0x5a, 0x47, 0x5a, 0x47, 0x5a, 0x47, 0x5a, 0x47, 0x5a, 0x47, 0x5a,
  0x27, 0x5a, 0xa5, 0x41, 0x65, 0x41, 0x04, 0x31, 0xe9, 0x72, 0xb4, 0xee, 0x94, 0xee, 0x93, 0xee,
  0x94, 0xee, 0x94, 0xee, 0x94, 0xee, 0xb4, 0xee, 0xb4, 0xee, 0xb4, 0xee, 0xb4, 0xee, 0xb5, 0xee,
  0x39, 0xff, 0x59, 0xff, 0xd8, 0xf6, 0xa9, 0x62, 0xe3, 0x28, 0x24, 0x31, 0x44, 0x39, 0x65, 0x39,
  0x65, 0x41, 0x26, 0x5a, 0x47, 0x5a, 0x47, 0x5a, 0x47, 0x5a, 0x47, 0x5a, 0x47, 0x5a, 0x47, 0x5a,
  0x47, 0x5a, 0x47, 0x5a, 0x47, 0x5a, 0x47, 0x5a, 0x47, 0x5a, 0x47, 0x5a, 0x47, 0x5a, 0x47, 0x5a,
  0x47, 0x5a, 0x47, 0x5a, 0x47, 0x5a, 0x47, 0x5a, 0x06, 0x52, 0x64, 0x39, 0x65, 0x39, 0x85, 0x41,
  0x47, 0x5a, 0x47, 0x5a, 0x47, 0x5a, 0x47, 0x5a, 0x47, 0x5a, 0x47, 0x5a, 0x47, 0x5a, 0x47, 0x5a,
  0x47, 0x5a, 0x47, 0x5a, 0x47, 0x5a, 0x47, 0x5a, 0x47, 0x5a, 0x46, 0x5a, 0x47, 0x5a, 0x46, 0x5a,
  0xc5, 0x49, 0x85, 0x41, 0x65, 0x39, 0x04, 0x31, 0x64, 0x41, 0xed, 0x8b, 0x73, 0xc5, 0x90, 0xac,
  0x4f, 0x9c, 0xf1, 0xb4, 0x97, 0xee, 0x9b, 0xff, 0x5a, 0xff, 0x9b, 0xff, 0xd0, 0xb4, 0x24, 0x31,
  0x24, 0x31, 0x48, 0x52, 0x5d, 0xef, 0xff, 0xff, 0xff, 0xff, 0xff, 0xff, 0xdb, 0xde, 0x55, 0xb5,
  0x4d, 0x73, 0x65, 0x39, 0x85, 0x41, 0x65, 0x39, 0x24, 0x39, 0xe3, 0x28, 0xe3, 0x28, 0x04, 0x31,
  0x65, 0x39, 0xc6, 0x49, 0x48, 0x5a, 0xa9, 0x6a, 0x2b, 0x7b, 0x8c, 0x8b, 0xee, 0x9b, 0x2e, 0x9c,
  0x4f, 0xa4, 0x70, 0xac, 0x70, 0xac, 0x6f, 0xa4, 0x2f, 0xa4, 0x0e, 0x9c, 0xcd, 0x93, 0x6c, 0x83,
  0x0b, 0x7b, 0x89, 0x6a, 0x27, 0x5a, 0xa5, 0x41, 0x24, 0x39, 0xe3, 0x30, 0x03, 0x31, 0x24, 0x31,
  0x44, 0x39, 0x65, 0x39, 0xe7, 0x49, 0x8a, 0x62, 0xcf, 0x83, 0x96, 0xbd, 0x3c, 0xef, 0xff, 0xff,
  0xff, 0xff, 0xeb, 0x6a, 0xe3, 0x30, 0x85, 0x41, 0xb7, 0xee, 0xba, 0xff, 0x97, 0xe6, 0x6f, 0xa4,
  0x28, 0x5a, 0x65, 0x39, 0x45, 0x39, 0x45, 0x39, 0xa5, 0x41, 0x06, 0x52, 0x47, 0x5a, 0x47, 0x5a,
  0x47, 0x5a, 0x47, 0x5a, 0x47, 0x5a, 0x47, 0x5a, 0x47, 0x5a, 0x47, 0x5a, 0x47, 0x5a, 0x47, 0x5a,
  0x47, 0x5a, 0x47, 0x5a, 0x47, 0x5a, 0x47, 0x5a, 0x47, 0x5a, 0x47, 0x5a, 0x47, 0x5a, 0x27, 0x5a,
  0xa5, 0x49, 0xa6, 0x49, 0x04, 0x31, 0xa8, 0x6a, 0x94, 0xe6, 0x93, 0xee, 0x93, 0xee, 0x94, 0xee,
  0x94, 0xee, 0x94, 0xee, 0x94, 0xee, 0xb4, 0xee, 0xb4, 0xee, 0xb4, 0xee, 0xb4, 0xee, 0xb5, 0xee,
  0x39, 0xff, 0x39, 0xff, 0x5a, 0xff, 0x39, 0xf7, 0xd1, 0xac, 0xea, 0x72, 0x28, 0x5a, 0x65, 0x41,
  0x64, 0x39, 0x06, 0x52, 0x47, 0x5a, 0x47, 0x5a, 0x47, 0x5a, 0x47, 0x5a, 0x47, 0x5a, 0x47, 0x5a,
  0x47, 0x5a, 0x47, 0x5a, 0x47, 0x5a, 0x47, 0x5a, 0x47, 0x5a, 0x47, 0x5a, 0x47, 0x5a, 0x47, 0x5a,
  0x47, 0x5a, 0x47, 0x5a, 0x47, 0x5a, 0x47, 0x5a, 0x47, 0x5a, 0xc5, 0x49, 0x64, 0x39, 0x65, 0x39,
  0x85, 0x41, 0x26, 0x52, 0x47, 0x5a, 0x47, 0x5a, 0x47, 0x5a, 0x47, 0x5a, 0x47, 0x5a, 0x47, 0x5a,
  0x47, 0x5a, 0x47, 0x5a, 0x47, 0x5a, 0x47, 0x5a, 0x47, 0x5a, 0x47, 0x5a, 0x46, 0x5a, 0x47, 0x5a,
  0x47, 0x5a, 0x26, 0x52, 0xa5, 0x49, 0x85, 0x41, 0x64, 0x39, 0xe3, 0x28, 0xa6, 0x41, 0xcd, 0x8b,
  0x56, 0xde, 0xbb, 0xff, 0xbb, 0xff, 0x39, 0xff, 0x19, 0xff, 0x18, 0xff, 0x9a, 0xff, 0xee, 0x93,
  0x04, 0x31, 0x24, 0x31, 0xaa, 0x62, 0x7d, 0xf7, 0xff, 0xff, 0xff, 0xff, 0xff, 0xff, 0x5d, 0xef,
  0x2c, 0x73, 0x45, 0x39, 0x45, 0x39, 0x65, 0x41, 0x45, 0x39, 0x28, 0x52, 0xe7, 0x49, 0x24, 0x39,
  0x03, 0x31, 0xe3, 0x28, 0xc3, 0x28, 0xc3, 0x28, 0xc3, 0x28, 0xc3, 0x28, 0xc3, 0x28, 0xe3, 0x28,
  0x04, 0x31, 0x04, 0x31, 0x03, 0x31, 0x04, 0x31, 0xe3, 0x30, 0xc3, 0x28, 0xc3, 0x28, 0xc2, 0x28,
  0xc3, 0x28, 0xc3, 0x28, 0xc2, 0x28, 0x03, 0x31, 0x65, 0x39, 0x65, 0x41, 0x85, 0x41, 0x65, 0x39,
  0x85, 0x41, 0x65, 0x39, 0xce, 0x83, 0x1c, 0xe7, 0xff, 0xff, 0xff, 0xff, 0xff, 0xff, 0xff, 0xff,
  0xd2, 0xa4, 0x04, 0x31, 0x24, 0x31, 0x2e, 0x94, 0x77, 0xde, 0x8d, 0x8b, 0xa5, 0x49, 0xe3, 0x30,
  0x24, 0x31, 0x44, 0x39, 0x85, 0x41, 0x06, 0x52, 0x47, 0x5a, 0x47, 0x5a, 0x46, 0x5a, 0x47, 0x5a,
  0x47, 0x5a, 0x47, 0x5a, 0x47, 0x5a, 0x47, 0x5a, 0x47, 0x5a, 0x47, 0x5a, 0x47, 0x5a, 0x47, 0x5a,
  0x47, 0x5a, 0x47, 0x5a, 0x47, 0x5a, 0x47, 0x5a, 0x47, 0x5a, 0x47, 0x5a, 0x47, 0x5a, 0xc6, 0x49,
  0x86, 0x49, 0x45, 0x39, 0xa8, 0x6a, 0x73, 0xe6, 0xb4, 0xee, 0x73, 0xee, 0x93, 0xee, 0x94, 0xee,
  0x94, 0xee, 0x94, 0xee, 0xb4, 0xee, 0xb4, 0xee, 0xb4, 0xee, 0xb4, 0xee, 0xb4, 0xee, 0xb5, 0xee,
  0x39, 0xff, 0x39, 0xff, 0x19, 0xff, 0x39, 0xff, 0x7a, 0xff, 0xbb, 0xff, 0xf1, 0xb4, 0x03, 0x31,
  0x65, 0x41, 0x06, 0x52, 0x47, 0x5a, 0x47, 0x5a, 0x47, 0x5a, 0x47, 0x5a, 0x47, 0x5a, 0x47, 0x5a,
  0x47, 0x5a, 0x47, 0x5a, 0x47, 0x5a, 0x47, 0x5a, 0x47, 0x5a, 0x47, 0x5a, 0x47, 0x5a, 0x47, 0x5a,
  0x47, 0x5a, 0x47, 0x5a, 0x47, 0x5a, 0x47, 0x5a, 0x47, 0x5a, 0x47, 0x5a, 0xa5, 0x49, 0x44, 0x39,
  0x65, 0x39, 0x65, 0x41, 0x85, 0x41, 0xa5, 0x41, 0x06, 0x52, 0x47, 0x5a, 0x47, 0x5a, 0x47, 0x5a,
  0x47, 0x5a, 0x47, 0x5a, 0x47, 0x5a, 0x47, 0x5a, 0x47, 0x5a, 0x47, 0x5a, 0x47, 0x5a, 0x47, 0x5a,
  0x47, 0x5a, 0x47, 0x5a, 0x47, 0x5a, 0x06, 0x52, 0xa5, 0x41, 0x65, 0x41, 0x44, 0x39, 0xe3, 0x30,
  0x24, 0x39, 0xa9, 0x6a, 0xf1, 0xb4, 0xb8, 0xee, 0x9a, 0xff, 0x7a, 0xff, 0x59, 0xff, 0x5a, 0xff,
  0x4c, 0x7b, 0xe3, 0x30, 0x04, 0x39, 0x8a, 0x5a, 0xba, 0xde, 0x9e, 0xf7, 0xf3, 0xa4, 0xa6, 0x41,
  0x03, 0x31, 0x24, 0x31, 0xc6, 0x49, 0x44, 0x39, 0x44, 0x39, 0xaa, 0x62, 0xdb, 0xde, 0x79, 0xd6,
  0x55, 0xb5, 0x92, 0x9c, 0xcf, 0x83, 0x2c, 0x73, 0x8a, 0x62, 0x48, 0x52, 0x49, 0x5a, 0xc7, 0x49,
  0x65, 0x39, 0x85, 0x41, 0x85, 0x41, 0x65, 0x41, 0xa6, 0x49, 0x07, 0x52, 0x07, 0x4a, 0x48, 0x5a,
  0xca, 0x62, 0x2c, 0x73, 0x10, 0x8c, 0x71, 0x9c, 0xa6, 0x41, 0x65, 0x39, 0x44, 0x39, 0x86, 0x41,
  0x03, 0x31, 0x24, 0x39, 0x44, 0x39, 0xa6, 0x41, 0x2c, 0x73, 0x92, 0x9c, 0x55, 0xb5, 0xcf, 0x83,
  0x44, 0x39, 0x45, 0x39, 0x65, 0x39, 0x89, 0x62, 0x65, 0x39, 0xe3, 0x30, 0x24, 0x39, 0x65, 0x39,
  0x85, 0x41, 0xe6, 0x51, 0x47, 0x5a, 0x47, 0x5a, 0x47, 0x5a, 0x47, 0x5a, 0x47, 0x5a, 0x47, 0x5a,
  0x47, 0x5a, 0x47, 0x5a, 0x47, 0x5a, 0x47, 0x5a, 0x47, 0x5a, 0x47, 0x5a, 0x47, 0x5a, 0x47, 0x5a,
  0x47, 0x5a, 0x47, 0x5a, 0x47, 0x5a, 0x47, 0x5a, 0x47, 0x5a, 0x27, 0x5a, 0xa5, 0x49, 0xc6, 0x49,
  0x45, 0x39, 0x88, 0x62, 0x73, 0xe6, 0xb4, 0xee, 0x73, 0xee, 0x94, 0xee, 0x94, 0xee, 0x94, 0xee,
  0x94, 0xee, 0xb4, 0xee, 0xb4, 0xee, 0xb4, 0xee, 0xb4, 0xee, 0xb4, 0xee, 0xb4, 0xee, 0xb4, 0xee,
  0x39, 0xff, 0x39, 0xff, 0x39, 0xff, 0x19, 0xff, 0xf8, 0xfe, 0x7a, 0xff, 0x6c, 0x83, 0xe3, 0x30,
  0x85, 0x41, 0x27, 0x5a, 0x47, 0x5a, 0x47, 0x5a, 0x47, 0x5a, 0x47, 0x5a, 0x47, 0x5a, 0x47, 0x5a,
  0x47, 0x5a, 0x47, 0x5a, 0x47, 0x5a, 0x47, 0x5a, 0x47, 0x5a, 0x47, 0x5a, 0x47, 0x5a, 0x47, 0x5a,
  0x47, 0x5a, 0x47, 0x5a, 0x47, 0x5a, 0x47, 0x5a, 0x47, 0x5a, 0x47, 0x5a, 0x27, 0x5a, 0xa5, 0x49,
  0x64, 0x39, 0x45, 0x39, 0x45, 0x39, 0x44, 0x39, 0x44, 0x39, 0xa5, 0x49, 0x47, 0x5a, 0x47, 0x5a,
  0x47, 0x5a, 0x47, 0x5a, 0x47, 0x5a, 0x47, 0x5a, 0x47, 0x5a, 0x47, 0x5a, 0x47, 0x5a, 0x47, 0x5a,
  0x47, 0x5a, 0x47, 0x5a, 0x47, 0x5a, 0x47, 0x5a, 0x47, 0x5a, 0x06, 0x52, 0xa5, 0x49, 0x65, 0x41,
  0x45, 0x39, 0x04, 0x31, 0x03, 0x31, 0xc6, 0x49, 0x8c, 0x83, 0x93, 0xc5, 0xf8, 0xf6, 0x9b, 0xff,
  0x9b, 0xff, 0x4c, 0x83, 0xe3, 0x30, 0x04, 0x31, 0x86, 0x41, 0x07, 0x52, 0x24, 0x31, 0x04, 0x31,
  0x24, 0x39, 0x8d, 0x8b, 0xd8, 0xee, 0x4b, 0x83, 0x03, 0x31, 0x24, 0x31, 0xcb, 0x6a, 0xbe, 0xff,
  0xff, 0xff, 0xff, 0xff, 0xff, 0xff, 0xff, 0xff, 0xff, 0xff, 0xff, 0xff, 0xd7, 0xc5, 0x07, 0x52,
  0x65, 0x39, 0x24, 0x39, 0x04, 0x31, 0x65, 0x39, 0xa6, 0x41, 0x17, 0xce, 0xdf, 0xff, 0xbe, 0xf7,
  0xdf, 0xff, 0xff, 0xff, 0xff, 0xff, 0x4d, 0x73, 0x44, 0x39, 0xe3, 0x30, 0xea, 0x72, 0x77, 0xde,
  0x4f, 0xa4, 0x27, 0x5a, 0x64, 0x39, 0x24, 0x39, 0x03, 0x31, 0xe3, 0x28, 0xe3, 0x28, 0xe3, 0x30,
  0x65, 0x39, 0x65, 0x39, 0x45, 0x39, 0x04, 0x31, 0x44, 0x39, 0x65, 0x41, 0xa5, 0x41, 0x06, 0x52,
  0x27, 0x5a, 0x47, 0x5a, 0x46, 0x5a, 0x47, 0x5a, 0x47, 0x5a, 0x47, 0x5a, 0x47, 0x5a, 0x47, 0x5a,
  0x47, 0x5a, 0x47, 0x5a, 0x47, 0x5a, 0x47, 0x5a, 0x47, 0x5a, 0x47, 0x5a, 0x47, 0x5a, 0x47, 0x5a,
  0x47, 0x5a, 0x47, 0x5a, 0x46, 0x5a, 0x47, 0x5a, 0x26, 0x52, 0xc6, 0x49, 0x85, 0x41, 0x24, 0x31,
  0xa8, 0x6a, 0x73, 0xe6, 0xb4, 0xee, 0x73, 0xee, 0x93, 0xee, 0x94, 0xee, 0x94, 0xee, 0x94, 0xee,
  0x94, 0xee, 0xb4, 0xee, 0x94, 0xee, 0x94, 0xee, 0xb4, 0xee, 0xb4, 0xee, 0xb4, 0xee, 0xb5, 0xee,
  0x39, 0xff, 0x39, 0xff, 0x39, 0xff, 0x39, 0xff, 0x19, 0xff, 0x7a, 0xff, 0xea, 0x72, 0x03, 0x31,
  0x86, 0x41, 0x47, 0x5a, 0x47, 0x5a, 0x47, 0x5a, 0x47, 0x5a, 0x47, 0x5a, 0x47, 0x5a, 0x47, 0x5a,
  0x47, 0x5a, 0x47, 0x5a, 0x47, 0x5a, 0x47, 0x5a, 0x47, 0x5a, 0x47, 0x5a, 0x47, 0x5a, 0x47, 0x5a,
  0x47, 0x5a, 0x47, 0x5a, 0x47, 0x5a, 0x47, 0x5a, 0x47, 0x5a, 0x47, 0x5a, 0x47, 0x5a, 0x47, 0x5a,
  0x06, 0x52, 0xc6, 0x49, 0xa5, 0x41, 0x65, 0x41, 0x64, 0x39, 0x45, 0x39, 0x85, 0x41, 0x27, 0x5a,
  0x47, 0x5a, 0x47, 0x5a, 0x47, 0x5a, 0x47, 0x5a, 0x47, 0x5a, 0x47, 0x5a, 0x47, 0x5a, 0x47, 0x5a,
  0x47, 0x5a, 0x47, 0x5a, 0x47, 0x5a, 0x47, 0x5a, 0x46, 0x5a, 0x47, 0x5a, 0x47, 0x5a, 0x26, 0x52,
  0xc5, 0x49, 0x85, 0x41, 0x65, 0x41, 0x24, 0x39, 0x03, 0x31, 0x04, 0x39, 0x07, 0x52, 0x6c, 0x83,
  0x32, 0xbd, 0x96, 0xe6, 0xee, 0x93, 0xa6, 0x49, 0x44, 0x39, 0x04, 0x31, 0x24, 0x31, 0x07, 0x52,
  0x52, 0xbd, 0x7a, 0xff, 0x39, 0xff, 0x19, 0xff, 0x0b, 0x73, 0x03, 0x31, 0x03, 0x31, 0x28, 0x52,
  0x79, 0xd6, 0xff, 0xff, 0xff, 0xff, 0xff, 0xff, 0x1c, 0xe7, 0xef, 0x8b, 0x65, 0x39, 0x24, 0x31,
  0xe3, 0x28, 0xa9, 0x6a, 0xac, 0x8b, 0x04, 0x31, 0x24, 0x39, 0xe7, 0x49, 0x18, 0xce, 0xff, 0xff,
  0xff, 0xff, 0xdb, 0xde, 0x69, 0x5a, 0x03, 0x31, 0x24, 0x39, 0x2b, 0x7b, 0x7a, 0xff, 0xdb, 0xff,
  0xdb, 0xff, 0xf8, 0xf6, 0x70, 0xa4, 0xc6, 0x49, 0x65, 0x39, 0x85, 0x41, 0x65, 0x41, 0x65, 0x41,
  0x45, 0x39, 0x45, 0x39, 0x45, 0x39, 0x85, 0x41, 0xc6, 0x49, 0x06, 0x52, 0x47, 0x5a, 0x47, 0x5a,
  0x47, 0x5a, 0x46, 0x5a, 0x46, 0x5a, 0x47, 0x5a, 0x47, 0x5a, 0x47, 0x5a, 0x47, 0x5a, 0x47, 0x5a,
  0x47, 0x5a, 0x47, 0x5a, 0x47, 0x5a, 0x47, 0x5a, 0x47, 0x5a, 0x47, 0x5a, 0x47, 0x5a, 0x47, 0x5a,
  0x47, 0x5a, 0x47, 0x5a, 0x47, 0x5a, 0xe6, 0x51, 0xa5, 0x49, 0xc6, 0x49, 0x65, 0x41, 0x0a, 0x73,
  0x73, 0xe6, 0xb4, 0xee, 0x73, 0xee, 0x94, 0xee, 0x94, 0xee, 0x94, 0xee, 0x94, 0xee, 0xb4, 0xee,
  0xb4, 0xee, 0x94, 0xee, 0x94, 0xee, 0xb4, 0xee, 0xb4, 0xee, 0xb4, 0xee, 0xb5, 0xee, 0xb5, 0xee,
  0x39, 0xff, 0x39, 0xff, 0x39, 0xff, 0x39, 0xff, 0x19, 0xff, 0x9a, 0xff, 0xac, 0x8b, 0xe3, 0x30,
  0x85, 0x41, 0x26, 0x5a, 0x47, 0x5a, 0x47, 0x5a, 0x47, 0x5a, 0x47, 0x5a, 0x47, 0x5a, 0x47, 0x5a,
  0x47, 0x5a, 0x47, 0x5a, 0x47, 0x5a, 0x47, 0x5a, 0x47, 0x5a, 0x47, 0x5a, 0x47, 0x5a, 0x47, 0x5a,
  0x47, 0x5a, 0x47, 0x5a, 0x47, 0x5a, 0x47, 0x5a, 0x47, 0x5a, 0x47, 0x5a, 0x47, 0x5a, 0x47, 0x5a,
  0x47, 0x5a, 0x47, 0x5a, 0x47, 0x5a, 0x27, 0x52, 0x85, 0x41, 0x65, 0x39, 0x64, 0x39, 0x85, 0x41,
  0x27, 0x5a, 0x47, 0x5a, 0x47, 0x5a, 0x47, 0x5a, 0x47, 0x5a, 0x47, 0x5a, 0x47, 0x5a, 0x47, 0x5a,
  0x47, 0x5a, 0x47, 0x5a, 0x47, 0x5a, 0x47, 0x5a, 0x47, 0x5a, 0x47, 0x5a, 0x46, 0x5a, 0x47, 0x5a,
  0x47, 0x5a, 0x27, 0x5a, 0xe6, 0x51, 0xa5, 0x49, 0x85, 0x41, 0x65, 0x39, 0x24, 0x39, 0x03, 0x31,
  0x03, 0x31, 0xa5, 0x41, 0xea, 0x72, 0x89, 0x62, 0xe7, 0x51, 0x89, 0x62, 0x90, 0xac, 0x19, 0xff,
  0xdb, 0xff, 0x9a, 0xff, 0x7a, 0xff, 0x9a, 0xff, 0x7a, 0xff, 0x6c, 0x83, 0x04, 0x31, 0x24, 0x31,
  0x65, 0x39, 0xcf, 0x83, 0xd2, 0xac, 0xce, 0x83, 0xa6, 0x41, 0xe3, 0x30, 0x04, 0x31, 0x65, 0x41,
  0x2f, 0x9c, 0x39, 0xff, 0xbb, 0xff, 0x4f, 0xa4, 0x44, 0x39, 0x24, 0x39, 0x44, 0x39, 0xae, 0x83,
  0x10, 0x8c, 0xa6, 0x41, 0x24, 0x31, 0x45, 0x39, 0xa9, 0x62, 0xf5, 0xd5, 0x32, 0xbd, 0x0e, 0x94,
  0xea, 0x72, 0x28, 0x5a, 0xc6, 0x49, 0x65, 0x41, 0x45, 0x39, 0x45, 0x39, 0x44, 0x39, 0x44, 0x39,
  0x65, 0x41, 0xa5, 0x49, 0x06, 0x52, 0x27, 0x5a, 0x47, 0x5a, 0x46, 0x5a, 0x46, 0x5a, 0x47, 0x5a,
  0x47, 0x5a, 0x47, 0x5a, 0x47, 0x5a, 0x47, 0x5a, 0x47, 0x5a, 0x47, 0x5a, 0x47, 0x5a, 0x47, 0x5a,
  0x47, 0x5a, 0x47, 0x5a, 0x47, 0x5a, 0x47, 0x5a, 0x47, 0x5a, 0x47, 0x5a, 0x47, 0x5a, 0x46, 0x5a,
  0x46, 0x5a, 0x27, 0x5a, 0xa5, 0x49, 0x85, 0x41, 0x86, 0x41, 0x25, 0x39, 0xab, 0x8b, 0xb4, 0xee,
  0x93, 0xee, 0x73, 0xee, 0x93, 0xee, 0x94, 0xee, 0x94, 0xee, 0x94, 0xee, 0x94, 0xee, 0xb4, 0xee,
  0x94, 0xee, 0x94, 0xee, 0xb4, 0xee, 0xb4, 0xee, 0xb4, 0xee, 0xb5, 0xee, 0xb5, 0xee, 0xb5, 0xee,
  0x39, 0xff, 0x39, 0xff, 0x39, 0xff, 0x39, 0xff, 0x19, 0xff, 0x7a, 0xff, 0x52, 0xc5, 0x03, 0x31,
  0x65, 0x39, 0xe6, 0x51, 0x46, 0x5a, 0x47, 0x5a, 0x47, 0x5a, 0x47, 0x5a, 0x47, 0x5a, 0x47, 0x5a,
  0x47, 0x5a, 0x47, 0x5a, 0x47, 0x5a, 0x47, 0x5a, 0x47, 0x5a, 0x47, 0x5a, 0x47, 0x5a, 0x47, 0x5a,
  0x47, 0x5a, 0x47, 0x5a, 0x47, 0x5a, 0x47, 0x5a, 0x47, 0x5a, 0x47, 0x5a, 0x47, 0x5a, 0x47, 0x5a,
  0x47, 0x5a, 0x47, 0x5a, 0x47, 0x5a, 0x47, 0x5a, 0x47, 0x5a, 0xa5, 0x41, 0x65, 0x39, 0x65, 0x39,
  0x85, 0x41, 0x26, 0x52, 0x47, 0x5a, 0x47, 0x5a, 0x47, 0x5a, 0x47, 0x5a, 0x47, 0x5a, 0x47, 0x5a,
  0x47, 0x5a, 0x47, 0x5a, 0x47, 0x5a, 0x47, 0x5a, 0x47, 0x5a, 0x47, 0x5a, 0x47, 0x5a, 0x47, 0x5a,
  0x47, 0x5a, 0x46, 0x5a, 0x46, 0x5a, 0x47, 0x5a, 0x27, 0x52, 0xe6, 0x49, 0xa6, 0x49, 0x85, 0x41,
  0x65, 0x41, 0x45, 0x39, 0x04, 0x31, 0x44, 0x39, 0x65, 0x41, 0xc6, 0x49, 0x68, 0x62, 0xea, 0x72,
  0x8c, 0x83, 0x70, 0xa4, 0x12, 0xbd, 0xb4, 0xcd, 0x35, 0xde, 0xb7, 0xee, 0xac, 0x8b, 0x45, 0x39,
  0x65, 0x39, 0x03, 0x31, 0xe3, 0x30, 0x03, 0x31, 0x45, 0x39, 0x65, 0x41, 0xea, 0x72, 0x15, 0xd6,
  0x7a, 0xff, 0xd8, 0xf6, 0x97, 0xee, 0xb7, 0xee, 0xad, 0x8b, 0x44, 0x39, 0x65, 0x39, 0x03, 0x31,
  0xe3, 0x30, 0x44, 0x39, 0x65, 0x41, 0x65, 0x39, 0xc6, 0x49, 0x65, 0x39, 0xe3, 0x30, 0xe3, 0x28,
  0x03, 0x31, 0x24, 0x31, 0x24, 0x39, 0x45, 0x39, 0x65, 0x41, 0x85, 0x41, 0xc6, 0x49, 0x06, 0x52,
  0x47, 0x5a, 0x47, 0x5a, 0x47, 0x5a, 0x47, 0x5a, 0x46, 0x5a, 0x46, 0x5a, 0x46, 0x5a, 0x47, 0x5a,
  0x47, 0x5a, 0x47, 0x5a, 0x47, 0x5a, 0x47, 0x5a, 0x47, 0x5a, 0x47, 0x5a, 0x47, 0x5a, 0x47, 0x5a,
  0x47, 0x5a, 0x47, 0x5a, 0x47, 0x5a, 0x47, 0x5a, 0x47, 0x5a, 0x47, 0x5a, 0x47, 0x5a, 0x47, 0x5a,
  0xe6, 0x51, 0xa5, 0x49, 0xa6, 0x49, 0x45, 0x39, 0x85, 0x49, 0x6d, 0xa4, 0xd4, 0xf6, 0x93, 0xee,
  0x73, 0xee, 0x93, 0xee, 0x93, 0xee, 0x94, 0xee, 0x94, 0xee, 0x94, 0xee, 0xb4, 0xee, 0x94, 0xee,
  0xb4, 0xee, 0xb4, 0xee, 0xb4, 0xee, 0xb4, 0xee, 0xb4, 0xee, 0xb5, 0xee, 0xb5, 0xee, 0xb5, 0xee,
  0x39, 0xff, 0x39, 0xff, 0x39, 0xff, 0x39, 0xff, 0x19, 0xff, 0x5a, 0xff, 0x97, 0xee, 0x85, 0x41,
  0x45, 0x39, 0xe6, 0x49, 0x67, 0x5a, 0x47, 0x5a, 0x47, 0x5a, 0x47, 0x5a, 0x47, 0x5a, 0x47, 0x5a,
  0x47, 0x5a, 0x47, 0x5a, 0x47, 0x5a, 0x47, 0x5a, 0x47, 0x5a, 0x47, 0x5a, 0x47, 0x5a, 0x47, 0x5a,
  0x47, 0x5a, 0x47, 0x5a, 0x47, 0x5a, 0x47, 0x5a, 0x47, 0x5a, 0x47, 0x5a, 0x47, 0x5a, 0x47, 0x5a,
  0x47, 0x5a, 0x47, 0x5a, 0x47, 0x5a, 0x47, 0x5a, 0x47, 0x5a, 0x46, 0x5a, 0xa5, 0x49, 0x45, 0x39,
  0x65, 0x39, 0x84, 0x41, 0xe6, 0x49, 0x47, 0x52, 0x47, 0x5a, 0x47, 0x5a, 0x47, 0x5a, 0x47, 0x5a,
  0x47, 0x5a, 0x47, 0x5a, 0x47, 0x5a, 0x47, 0x5a, 0x47, 0x5a, 0x47, 0x5a, 0x47, 0x5a, 0x47, 0x5a,
  0x47, 0x5a, 0x46, 0x5a, 0x46, 0x5a, 0x47, 0x5a, 0x47, 0x5a, 0x47, 0x5a, 0x47, 0x5a, 0x27, 0x52,
  0x06, 0x52, 0xc5, 0x49, 0xa5, 0x49, 0x85, 0x41, 0x45, 0x39, 0x24, 0x39, 0x04, 0x31, 0x03, 0x31,
  0xe3, 0x30, 0x04, 0x31, 0x04, 0x31, 0x24, 0x31, 0x45, 0x39, 0xa6, 0x49, 0x07, 0x52, 0x65, 0x41,
  0x65, 0x39, 0x85, 0x41, 0x85, 0x41, 0x85, 0x41, 0x65, 0x39, 0x85, 0x41, 0x89, 0x62, 0x89, 0x62,
  0x07, 0x52, 0xe7, 0x51, 0xc6, 0x49, 0x85, 0x41, 0xa5, 0x41, 0x65, 0x39, 0x65, 0x39, 0x65, 0x41,
  0x65, 0x41, 0x65, 0x39, 0x45, 0x39, 0x65, 0x39, 0x44, 0x39, 0x44, 0x39, 0x65, 0x41, 0x85, 0x41,
  0x85, 0x41, 0xa5, 0x49, 0xc6, 0x49, 0x06, 0x52, 0x46, 0x5a, 0x46, 0x5a, 0x47, 0x5a, 0x47, 0x5a,
  0x47, 0x5a, 0x47, 0x5a, 0x47, 0x5a, 0x47, 0x5a, 0x46, 0x5a, 0x46, 0x5a, 0x47, 0x5a, 0x47, 0x5a,
  0x47, 0x5a, 0x47, 0x5a, 0x47, 0x5a, 0x47, 0x5a, 0x47, 0x5a, 0x47, 0x5a, 0x47, 0x5a, 0x47, 0x5a,
  0x47, 0x5a, 0x47, 0x5a, 0x47, 0x5a, 0x47, 0x5a, 0x47, 0x5a, 0x47, 0x5a, 0x06, 0x52, 0xa5, 0x49,
  0xa6, 0x49, 0x65, 0x41, 0x44, 0x39, 0x88, 0x6a, 0xb1, 0xcd, 0xf4, 0xf6, 0x73, 0xee, 0x93, 0xee,
  0x93, 0xee, 0x93, 0xee, 0x94, 0xee, 0x94, 0xee, 0x94, 0xee, 0x94, 0xee, 0xb4, 0xee, 0x94, 0xee,
  0xb4, 0xee, 0xb4, 0xee, 0xb4, 0xee, 0xb4, 0xee, 0xb5, 0xee, 0xb5, 0xee, 0xb5, 0xee, 0xb5, 0xee,
  0x39, 0xff, 0x39, 0xff, 0x39, 0xff, 0x39, 0xff, 0x19, 0xff, 0x9a, 0xff, 0x2e, 0x9c, 0x24, 0x31,
  0x45, 0x39, 0xe6, 0x51, 0x67, 0x5a, 0x47, 0x5a, 0x47, 0x5a, 0x47, 0x5a, 0x47, 0x5a, 0x47, 0x5a,
  0x47, 0x5a, 0x47, 0x5a, 0x47, 0x5a, 0x47, 0x5a, 0x47, 0x5a, 0x47, 0x5a, 0x47, 0x5a, 0x47, 0x5a,
  0x47, 0x5a, 0x47, 0x5a, 0x47, 0x5a, 0x47, 0x5a, 0x47, 0x5a, 0x47, 0x5a, 0x47, 0x5a, 0x47, 0x5a,
  0x47, 0x5a, 0x47, 0x5a, 0x47, 0x5a, 0x47, 0x5a, 0x47, 0x5a, 0x47, 0x5a, 0x46, 0x5a, 0xc5, 0x49,
  0x64, 0x39, 0x64, 0x39, 0x65, 0x39, 0x85, 0x41, 0xa5, 0x49, 0xa5, 0x49, 0xe6, 0x49, 0x26, 0x52,
  0x47, 0x5a, 0x47, 0x5a, 0x46, 0x5a, 0x46, 0x5a, 0x47, 0x5a, 0x47, 0x5a, 0x47, 0x5a, 0x47, 0x5a,
  0x47, 0x5a, 0x47, 0x5a, 0x47, 0x5a, 0x47, 0x5a, 0x47, 0x5a, 0x47, 0x5a, 0x46, 0x5a, 0x47, 0x5a,
  0x47, 0x5a, 0x47, 0x5a, 0x47, 0x5a, 0x27, 0x5a, 0x06, 0x52, 0xe6, 0x49, 0xc6, 0x49, 0xa5, 0x41,
  0x85, 0x41, 0x85, 0x41, 0x65, 0x41, 0x65, 0x39, 0x45, 0x39, 0x24, 0x39, 0x24, 0x31, 0x44, 0x39,
  0x45, 0x39, 0x45, 0x39, 0x45, 0x39, 0x45, 0x39, 0x45, 0x39, 0x44, 0x39, 0x04, 0x31, 0x04, 0x31,
  0x24, 0x31, 0x24, 0x39, 0x24, 0x39, 0x45, 0x39, 0x44, 0x39, 0x45, 0x39, 0x44, 0x39, 0x65, 0x39,
  0x65, 0x39, 0x85, 0x41, 0x85, 0x41, 0xa5, 0x49, 0xc6, 0x49, 0xe6, 0x51, 0x06, 0x52, 0x26, 0x52,
  0x27, 0x5a, 0x47, 0x5a, 0x47, 0x5a, 0x47, 0x5a, 0x47, 0x5a, 0x46, 0x5a, 0x46, 0x5a, 0x47, 0x5a,
  0x47, 0x5a, 0x47, 0x5a, 0x47, 0x5a, 0x47, 0x5a, 0x47, 0x5a, 0x47, 0x5a, 0x47, 0x5a, 0x47, 0x5a,
  0x47, 0x5a, 0x47, 0x5a, 0x47, 0x5a, 0x47, 0x5a, 0x47, 0x5a, 0x47, 0x5a, 0x47, 0x5a, 0x46, 0x5a,
  0x47, 0x5a, 0x47, 0x5a, 0x47, 0x5a, 0x27, 0x52, 0xc5, 0x49, 0xc5, 0x49, 0xa5, 0x41, 0x65, 0x39,
  0x24, 0x39, 0xe6, 0x51, 0x6d, 0xa4, 0x93, 0xee, 0xb4, 0xf6, 0x73, 0xee, 0x93, 0xee, 0x93, 0xee,
  0x93, 0xee, 0x94, 0xee, 0x94, 0xee, 0x94, 0xee, 0x94, 0xee, 0x94, 0xee, 0x94, 0xee, 0x94, 0xee,
  0xb4, 0xee, 0xb4, 0xee, 0xb4, 0xee, 0xb5, 0xee, 0xb5, 0xee, 0xb5, 0xee, 0xb5, 0xee, 0xb5, 0xee,
  0x39, 0xff, 0x19, 0xff, 0x19, 0xff, 0xf8, 0xfe, 0x7a, 0xff, 0x11, 0xb5, 0x03, 0x31, 0x45, 0x39,
  0x64, 0x41, 0x47, 0x5a, 0x47, 0x5a, 0x47, 0x5a, 0x47, 0x5a, 0x47, 0x5a, 0x47, 0x5a, 0x47, 0x5a,
  0x47, 0x5a, 0x47, 0x5a, 0x47, 0x5a, 0x47, 0x5a, 0x47, 0x5a, 0x47, 0x5a, 0x47, 0x5a, 0x47, 0x5a,
  0x47, 0x5a, 0x47, 0x5a, 0x47, 0x5a, 0x47, 0x5a, 0x47, 0x5a, 0x47, 0x5a, 0x47, 0x5a, 0x47, 0x5a,
  0x47, 0x5a, 0x47, 0x5a, 0x47, 0x5a, 0x47, 0x5a, 0x47, 0x5a, 0x47, 0x5a, 0x47, 0x5a, 0x47, 0x5a,
  0xe6, 0x49, 0x65, 0x41, 0x45, 0x39, 0x45, 0x39, 0x44, 0x39, 0x64, 0x39, 0x64, 0x39, 0x65, 0x41,
  0xa5, 0x41, 0xe6, 0x51, 0x47, 0x5a, 0x47, 0x5a, 0x47, 0x5a, 0x47, 0x5a, 0x46, 0x5a, 0x47, 0x5a,
  0x47, 0x5a, 0x47, 0x5a, 0x47, 0x5a, 0x47, 0x5a, 0x47, 0x5a, 0x47, 0x5a, 0x47, 0x5a, 0x47, 0x5a,
  0x47, 0x5a, 0x47, 0x5a, 0x47, 0x5a, 0x47, 0x5a, 0x47, 0x5a, 0x47, 0x5a, 0x67, 0x5a, 0x47, 0x5a,
  0x47, 0x5a, 0x26, 0x52, 0x06, 0x52, 0x06, 0x52, 0xe6, 0x51, 0xc6, 0x49, 0xc6, 0x49, 0xc5, 0x49,
  0xa5, 0x49, 0xa5, 0x49, 0xa5, 0x49, 0xa5, 0x49, 0xa5, 0x41, 0xa5, 0x41, 0xa5, 0x49, 0xa5, 0x49,
  0xc6, 0x49, 0xc6, 0x49, 0xc6, 0x49, 0xe6, 0x49, 0xe6, 0x49, 0x06, 0x52, 0x06, 0x52, 0x26, 0x52,
  0x26, 0x52, 0x26, 0x5a, 0x46, 0x5a, 0x47, 0x5a, 0x47, 0x5a, 0x47, 0x5a, 0x47, 0x5a, 0x47, 0x5a,
  0x47, 0x5a, 0x47, 0x5a, 0x47, 0x5a, 0x47, 0x5a, 0x47, 0x5a, 0x47, 0x5a, 0x47, 0x5a, 0x47, 0x5a,
  0x47, 0x5a, 0x47, 0x5a, 0x47, 0x5a, 0x47, 0x5a, 0x47, 0x5a, 0x47, 0x5a, 0x47, 0x5a, 0x47, 0x5a,
  0x47, 0x5a, 0x47, 0x5a, 0x47, 0x5a, 0x46, 0x5a, 0x47, 0x5a, 0x47, 0x5a, 0x47, 0x5a, 0x47, 0x5a,
  0x26, 0x52, 0xe6, 0x51, 0xa5, 0x41, 0x85, 0x41, 0x44, 0x39, 0x45, 0x39, 0x45, 0x39, 0x07, 0x5a,
  0x0c, 0x94, 0x32, 0xde, 0xd4, 0xf6, 0x93, 0xee, 0x73, 0xee, 0x93, 0xee, 0x93, 0xee, 0x93, 0xee,
  0x93, 0xee, 0x94, 0xee, 0x94, 0xee, 0x94, 0xee, 0x94, 0xee, 0x94, 0xee, 0x94, 0xee, 0xb4, 0xee,
  0xb4, 0xee, 0xb4, 0xee, 0xb4, 0xee, 0xb4, 0xee, 0xb4, 0xee, 0xb5, 0xee, 0xb5, 0xee, 0xd5, 0xee,
  0x19, 0xff, 0x39, 0xff, 0x7a, 0xff, 0xbb, 0xff, 0xd8, 0xf6, 0xc6, 0x49, 0x44, 0x39, 0x65, 0x41,
  0x06, 0x52, 0x47, 0x5a, 0x47, 0x5a, 0x47, 0x5a, 0x47, 0x5a, 0x47, 0x5a, 0x47, 0x5a, 0x47, 0x5a,
  0x47, 0x5a, 0x47, 0x5a, 0x47, 0x5a, 0x47, 0x5a, 0x47, 0x5a, 0x47, 0x5a, 0x47, 0x5a, 0x47, 0x5a,
  0x47, 0x5a, 0x47, 0x5a, 0x47, 0x5a, 0x47, 0x5a, 0x47, 0x5a, 0x47, 0x5a, 0x47, 0x5a, 0x47, 0x5a,
  0x47, 0x5a, 0x47, 0x5a, 0x47, 0x5a, 0x47, 0x5a, 0x47, 0x5a, 0x47, 0x5a, 0x47, 0x5a, 0x47, 0x5a,
  0x47, 0x5a, 0x27, 0x5a, 0xe6, 0x49, 0xa5, 0x49, 0x85, 0x41, 0x65, 0x41, 0x65, 0x39, 0x64, 0x39,
  0x44, 0x39, 0x45, 0x39, 0x85, 0x41, 0xc6, 0x49, 0x27, 0x52, 0x47, 0x5a, 0x47, 0x5a, 0x47, 0x5a,
  0x47, 0x5a, 0x47, 0x5a, 0x47, 0x5a, 0x47, 0x5a, 0x47, 0x5a, 0x47, 0x5a, 0x47, 0x5a, 0x47, 0x5a,
  0x47, 0x5a, 0x47, 0x5a, 0x47, 0x5a, 0x47, 0x5a, 0x47, 0x5a, 0x47, 0x5a, 0x47, 0x5a, 0x47, 0x5a,
  0x47, 0x5a, 0x47, 0x5a, 0x47, 0x5a, 0x46, 0x5a, 0x47, 0x5a, 0x47, 0x5a, 0x47, 0x5a, 0x47, 0x5a,
  0x47, 0x5a, 0x47, 0x5a, 0x47, 0x5a, 0x47, 0x5a, 0x47, 0x5a, 0x47, 0x5a, 0x47, 0x5a, 0x47, 0x5a,
  0x47, 0x5a, 0x47, 0x5a, 0x47, 0x5a, 0x47, 0x5a, 0x47, 0x5a, 0x47, 0x5a, 0x47, 0x5a, 0x47, 0x5a,
  0x47, 0x5a, 0x47, 0x5a, 0x47, 0x5a, 0x47, 0x5a, 0x27, 0x5a, 0x47, 0x5a, 0x47, 0x5a, 0x47, 0x5a,
  0x47, 0x5a, 0x47, 0x5a, 0x47, 0x5a, 0x47, 0x5a, 0x47, 0x5a, 0x47, 0x5a, 0x47, 0x5a, 0x47, 0x5a,
  0x47, 0x5a, 0x47, 0x5a, 0x47, 0x5a, 0x47, 0x5a, 0x47, 0x5a, 0x47, 0x5a, 0x47, 0x5a, 0x46, 0x5a,
  0x46, 0x5a, 0x47, 0x5a, 0x47, 0x5a, 0x47, 0x5a, 0x47, 0x5a, 0x26, 0x52, 0xe6, 0x49, 0xa5, 0x41,
  0x65, 0x41, 0x44, 0x39, 0x45, 0x39, 0x04, 0x31, 0x24, 0x39, 0x68, 0x62, 0x6d, 0xa4, 0x32, 0xe6,
  0xd4, 0xf6, 0x93, 0xee, 0x73, 0xee, 0x93, 0xee, 0x93, 0xee, 0x93, 0xee, 0x93, 0xee, 0x93, 0xee,
  0x94, 0xee, 0x94, 0xee, 0x94, 0xee, 0x94, 0xee, 0x94, 0xee, 0x94, 0xee, 0xb4, 0xee, 0xb4, 0xee,
  0xb4, 0xee, 0xb4, 0xee, 0xb5, 0xee, 0xb5, 0xee, 0xb5, 0xee, 0xb5, 0xee, 0xb5, 0xee, 0xd5, 0xee,
  0x7a, 0xff, 0xd8, 0xf6, 0x53, 0xc5, 0x0e, 0x94, 0x68, 0x62, 0x44, 0x39, 0x65, 0x39, 0xe6, 0x51,
  0x67, 0x5a, 0x47, 0x5a, 0x47, 0x5a, 0x47, 0x5a, 0x47, 0x5a, 0x47, 0x5a, 0x47, 0x5a, 0x47, 0x5a,
  0x47, 0x5a, 0x47, 0x5a, 0x47, 0x5a, 0x47, 0x5a, 0x47, 0x5a, 0x47, 0x5a, 0x47, 0x5a, 0x47, 0x5a,
  0x47, 0x5a, 0x47, 0x5a, 0x47, 0x5a, 0x47, 0x5a, 0x47, 0x5a, 0x47, 0x5a, 0x47, 0x5a, 0x47, 0x5a,
  0x47, 0x5a, 0x47, 0x5a, 0x47, 0x5a, 0x47, 0x5a, 0x47, 0x5a, 0x47, 0x5a, 0x47, 0x5a, 0x47, 0x5a,
  0x47, 0x5a, 0x47, 0x5a, 0x47, 0x5a, 0x46, 0x5a, 0x47, 0x5a, 0x27, 0x5a, 0x06, 0x52, 0xc5, 0x49,
  0x65, 0x41, 0x45, 0x39, 0x45, 0x39, 0x44, 0x39, 0x64, 0x39, 0xa5, 0x41, 0xe6, 0x49, 0x26, 0x52,
  0x47, 0x5a, 0x47, 0x5a, 0x47, 0x5a, 0x47, 0x5a, 0x47, 0x5a, 0x47, 0x5a, 0x47, 0x5a, 0x47, 0x5a,
  0x47, 0x5a, 0x47, 0x5a, 0x47, 0x5a, 0x47, 0x5a, 0x47, 0x5a, 0x47, 0x5a, 0x47, 0x5a, 0x47, 0x5a,
  0x47, 0x5a, 0x47, 0x5a, 0x47, 0x5a, 0x46, 0x5a, 0x27, 0x5a, 0x47, 0x5a, 0x47, 0x5a, 0x47, 0x5a,
  0x47, 0x5a, 0x47, 0x5a, 0x47, 0x5a, 0x47, 0x5a, 0x47, 0x5a, 0x47, 0x5a, 0x47, 0x5a, 0x47, 0x5a,
  0x47, 0x5a, 0x47, 0x5a, 0x27, 0x5a, 0x47, 0x5a, 0x47, 0x5a, 0x47, 0x5a, 0x47, 0x5a, 0x47, 0x5a,
  0x47, 0x5a, 0x47, 0x5a, 0x47, 0x5a, 0x47, 0x5a, 0x47, 0x5a, 0x47, 0x5a, 0x47, 0x5a, 0x47, 0x5a,
  0x47, 0x5a, 0x47, 0x5a, 0x47, 0x5a, 0x47, 0x5a, 0x47, 0x5a, 0x47, 0x5a, 0x47, 0x5a, 0x47, 0x5a,
  0x47, 0x5a, 0x47, 0x5a, 0x47, 0x5a, 0x47, 0x5a, 0x47, 0x5a, 0x47, 0x5a, 0x47, 0x5a, 0x46, 0x5a,
  0x46, 0x5a, 0x26, 0x52, 0xe6, 0x51, 0xc6, 0x49, 0x85, 0x41, 0x65, 0x39, 0x44, 0x39, 0x45, 0x39,
  0x65, 0x39, 0x65, 0x39, 0x65, 0x41, 0x4a, 0x83, 0x70, 0xcd, 0x52, 0xee, 0xb3, 0xf6, 0x73, 0xee,
  0x72, 0xee, 0x73, 0xee, 0x93, 0xee, 0x93, 0xee, 0x93, 0xee, 0x93, 0xee, 0x93, 0xee, 0x93, 0xee,
  0x94, 0xee, 0x94, 0xee, 0x94, 0xee, 0x94, 0xee, 0x94, 0xee, 0x94, 0xee, 0xb4, 0xee, 0xb4, 0xee,
  0xb4, 0xee, 0xb4, 0xee, 0xb5, 0xee, 0xb5, 0xee, 0xb5, 0xee, 0xb5, 0xee, 0xb5, 0xee, 0xd5, 0xee,
  0x53, 0xbd, 0xc6, 0x49, 0x04, 0x31, 0xe3, 0x28, 0x03, 0x31, 0x65, 0x41, 0x65, 0x39, 0x26, 0x52,
  0x47, 0x5a, 0x47, 0x5a, 0x47, 0x5a, 0x47, 0x5a, 0x47, 0x5a, 0x47, 0x5a, 0x47, 0x5a, 0x47, 0x5a,
  0x47, 0x5a, 0x47, 0x5a, 0x47, 0x5a, 0x47, 0x5a, 0x47, 0x5a, 0x47, 0x5a, 0x47, 0x5a, 0x47, 0x5a,
  0x47, 0x5a, 0x47, 0x5a, 0x47, 0x5a, 0x47, 0x5a, 0x47, 0x5a, 0x47, 0x5a, 0x47, 0x5a, 0x47, 0x5a,
  0x47, 0x5a, 0x47, 0x5a, 0x47, 0x5a, 0x47, 0x5a, 0x47, 0x5a, 0x47, 0x5a, 0x47, 0x5a, 0x47, 0x5a,
  0x47, 0x5a, 0x47, 0x5a, 0x47, 0x5a, 0x46, 0x5a, 0x46, 0x5a, 0x47, 0x5a, 0x47, 0x5a, 0x47, 0x5a,
  0x27, 0x5a, 0xe6, 0x49, 0x85, 0x41, 0x64, 0x39, 0x44, 0x39, 0x44, 0x39, 0x44, 0x39, 0x64, 0x41,
  0x85, 0x41, 0xc6, 0x49, 0xe6, 0x51, 0x26, 0x52, 0x47, 0x5a, 0x47, 0x5a, 0x47, 0x5a, 0x47, 0x5a,
  0x47, 0x5a, 0x47, 0x5a, 0x47, 0x5a, 0x47, 0x5a, 0x47, 0x5a, 0x47, 0x5a, 0x47, 0x5a, 0x47, 0x5a,
  0x47, 0x5a, 0x47, 0x5a, 0x47, 0x5a, 0x47, 0x5a, 0x47, 0x5a, 0x47, 0x5a, 0x47, 0x5a, 0x47, 0x5a,
  0x47, 0x5a, 0x47, 0x5a, 0x47, 0x5a, 0x47, 0x5a, 0x47, 0x5a, 0x47, 0x5a, 0x47, 0x5a, 0x47, 0x5a,
  0x47, 0x5a, 0x47, 0x5a, 0x47, 0x5a, 0x47, 0x5a, 0x47, 0x5a, 0x47, 0x5a, 0x47, 0x5a, 0x47, 0x5a,
  0x47, 0x5a, 0x47, 0x5a, 0x47, 0x5a, 0x47, 0x5a, 0x47, 0x5a, 0x47, 0x5a, 0x47, 0x5a, 0x47, 0x5a,
  0x47, 0x5a, 0x47, 0x5a, 0x47, 0x5a, 0x47, 0x5a, 0x47, 0x5a, 0x47, 0x5a, 0x47, 0x5a, 0x46, 0x5a,
  0x47, 0x5a, 0x47, 0x5a, 0x47, 0x5a, 0x47, 0x5a, 0x27, 0x5a, 0x06, 0x52, 0xe6, 0x49, 0xc5, 0x49,
  0x85, 0x41, 0x65, 0x41, 0x64, 0x39, 0x64, 0x39, 0x64, 0x39, 0x45, 0x39, 0x65, 0x39, 0x65, 0x39,
  0x45, 0x39, 0x65, 0x39, 0x65, 0x39, 0xa8, 0x6a, 0x91, 0xcd, 0xb3, 0xee, 0x52, 0xe6, 0x73, 0xee,
  0x73, 0xee, 0x93, 0xee, 0x93, 0xee, 0x93, 0xee, 0x93, 0xee, 0x93, 0xee, 0x93, 0xee, 0x93, 0xee,
  0x94, 0xee, 0x94, 0xee, 0x94, 0xee, 0x94, 0xee, 0xb4, 0xee, 0xb4, 0xee, 0xb4, 0xee, 0xb4, 0xee,
  0xb4, 0xee, 0xb4, 0xee, 0xb4, 0xee, 0xb5, 0xee, 0xb5, 0xee, 0xd5, 0xee, 0xd5, 0xee, 0xd6, 0xee,
  0xc6, 0x49, 0x04, 0x31, 0x24, 0x39, 0xc6, 0x49, 0x07, 0x52, 0x45, 0x39, 0x65, 0x39, 0x07, 0x52,
  0x47, 0x5a, 0x47, 0x5a, 0x47, 0x5a, 0x47, 0x5a, 0x47, 0x5a, 0x47, 0x5a, 0x47, 0x5a, 0x47, 0x5a,
  0x47, 0x5a, 0x47, 0x5a, 0x47, 0x5a, 0x47, 0x5a, 0x47, 0x5a, 0x47, 0x5a, 0x47, 0x5a, 0x47, 0x5a,
  0x47, 0x5a, 0x47, 0x5a, 0x47, 0x5a, 0x47, 0x5a, 0x47, 0x5a, 0x47, 0x5a, 0x47, 0x5a, 0x47, 0x5a,
  0x47, 0x5a, 0x47, 0x5a, 0x47, 0x5a, 0x47, 0x5a, 0x47, 0x5a, 0x47, 0x5a, 0x47, 0x5a, 0x47, 0x5a,
  0x47, 0x5a, 0x47, 0x5a, 0x47, 0x5a, 0x47, 0x5a, 0x47, 0x5a, 0x47, 0x5a, 0x47, 0x5a, 0x47, 0x5a,
  0x47, 0x5a, 0x47, 0x5a, 0x47, 0x5a, 0x06, 0x52, 0xa5, 0x49, 0x85, 0x41, 0x45, 0x39, 0x44, 0x39,
  0x45, 0x39, 0x45, 0x39, 0x45, 0x39, 0x65, 0x41, 0x85, 0x41, 0xc5, 0x49, 0xe6, 0x51, 0x26, 0x52,
  0x47, 0x5a, 0x47, 0x5a, 0x47, 0x5a, 0x47, 0x5a, 0x47, 0x5a, 0x46, 0x5a, 0x47, 0x5a, 0x47, 0x5a,
  0x47, 0x5a, 0x47, 0x5a, 0x47, 0x5a, 0x47, 0x5a, 0x47, 0x5a, 0x47, 0x5a, 0x47, 0x5a, 0x47, 0x5a,
  0x47, 0x5a, 0x47, 0x5a, 0x47, 0x5a, 0x47, 0x5a, 0x47, 0x5a, 0x47, 0x5a, 0x47, 0x5a, 0x47, 0x5a,
  0x47, 0x5a, 0x47, 0x5a, 0x47, 0x5a, 0x47, 0x5a, 0x47, 0x5a, 0x47, 0x5a, 0x47, 0x5a, 0x47, 0x5a,
  0x47, 0x5a, 0x47, 0x5a, 0x47, 0x5a, 0x47, 0x5a, 0x47, 0x5a, 0x47, 0x5a, 0x47, 0x5a, 0x46, 0x5a,
  0x47, 0x5a, 0x47, 0x5a, 0x47, 0x5a, 0x47, 0x5a, 0x47, 0x5a, 0x47, 0x5a, 0x47, 0x5a, 0x47, 0x5a,
  0x27, 0x5a, 0x06, 0x52, 0xc6, 0x49, 0xa5, 0x41, 0x85, 0x41, 0x65, 0x39, 0x45, 0x39, 0x45, 0x39,
  0x44, 0x39, 0x64, 0x39, 0x65, 0x39, 0x65, 0x41, 0xa5, 0x41, 0xc6, 0x49, 0xe6, 0x49, 0xc5, 0x49,
  0x85, 0x41, 0x65, 0x39, 0x45, 0x39, 0x04, 0x31, 0x24, 0x39, 0xee, 0xb4, 0xb3, 0xf6, 0x53, 0xe6,
  0x73, 0xee, 0x93, 0xee, 0x93, 0xee, 0x93, 0xee, 0x93, 0xee, 0x93, 0xee, 0x93, 0xee, 0x93, 0xee,
  0x94, 0xee, 0x94, 0xee, 0x94, 0xee, 0xb4, 0xee, 0xb4, 0xee, 0xb4, 0xee, 0xb4, 0xee, 0xb4, 0xee,
  0xb4, 0xee, 0xb4, 0xee, 0xb4, 0xee, 0xb5, 0xee, 0xb5, 0xee, 0xd5, 0xee, 0xd5, 0xee, 0xd5, 0xee,
  0x65, 0x41, 0x04, 0x31, 0xcd, 0x8b, 0x59, 0xef, 0x32, 0xbd, 0x04, 0x31, 0x85, 0x41, 0x06, 0x52,
  0x47, 0x5a, 0x47, 0x5a, 0x47, 0x5a, 0x47, 0x5a, 0x47, 0x5a, 0x47, 0x5a, 0x47, 0x5a, 0x47, 0x5a,
  0x47, 0x5a, 0x47, 0x5a, 0x47, 0x5a, 0x47, 0x5a, 0x47, 0x5a, 0x47, 0x5a, 0x47, 0x5a, 0x47, 0x5a,
  0x47, 0x5a, 0x47, 0x5a, 0x47, 0x5a, 0x47, 0x5a, 0x47, 0x5a, 0x47, 0x5a, 0x47, 0x5a, 0x47, 0x5a,
  0x47, 0x5a, 0x47, 0x5a, 0x47, 0x5a, 0x47, 0x5a, 0x47, 0x5a, 0x47, 0x5a, 0x47, 0x5a, 0x47, 0x5a,
  0x47, 0x5a, 0x47, 0x5a, 0x47, 0x5a, 0x47, 0x5a, 0x47, 0x5a, 0x47, 0x5a, 0x47, 0x5a, 0x47, 0x5a,
  0x47, 0x5a, 0x27, 0x5a, 0x47, 0x5a, 0x47, 0x5a, 0x47, 0x5a, 0x27, 0x5a, 0x06, 0x52, 0xc5, 0x49,
  0xa5, 0x41, 0x65, 0x41, 0x65, 0x39, 0x65, 0x39, 0x44, 0x39, 0x44, 0x39, 0x65, 0x39, 0x65, 0x41,
  0x85, 0x41, 0xc5, 0x49, 0xe6, 0x51, 0x26, 0x52, 0x47, 0x5a, 0x47, 0x5a, 0x47, 0x5a, 0x47, 0x5a,
  0x47, 0x5a, 0x47, 0x5a, 0x47, 0x5a, 0x47, 0x5a, 0x47, 0x5a, 0x47, 0x5a, 0x47, 0x5a, 0x47, 0x5a,
  0x47, 0x5a, 0x47, 0x5a, 0x47, 0x5a, 0x47, 0x5a, 0x47, 0x5a, 0x47, 0x5a, 0x47, 0x5a, 0x47, 0x5a,
  0x47, 0x5a, 0x47, 0x5a, 0x47, 0x5a, 0x47, 0x5a, 0x47, 0x5a, 0x47, 0x5a, 0x47, 0x5a, 0x47, 0x5a,
  0x47, 0x5a, 0x47, 0x5a, 0x47, 0x5a, 0x47, 0x5a, 0x47, 0x5a, 0x46, 0x5a, 0x47, 0x5a, 0x47, 0x5a,
  0x47, 0x5a, 0x47, 0x5a, 0x26, 0x52, 0x06, 0x52, 0x06, 0x52, 0x06, 0x52, 0xe6, 0x49, 0xa5, 0x41,
  0x65, 0x41, 0x45, 0x39, 0x44, 0x39, 0x44, 0x39, 0x45, 0x39, 0x45, 0x39, 0x65, 0x39, 0x65, 0x41,
  0xa5, 0x41, 0xc6, 0x49, 0x06, 0x52, 0x27, 0x5a, 0x47, 0x5a, 0x47, 0x5a, 0x47, 0x5a, 0x47, 0x5a,
  0x47, 0x5a, 0x26, 0x52, 0xc5, 0x49, 0x65, 0x41, 0x24, 0x39, 0xc6, 0x49, 0x32, 0xe6, 0x93, 0xee,
  0x73, 0xee, 0x73, 0xee, 0x73, 0xee, 0x93, 0xee, 0x93, 0xee, 0x93, 0xee, 0x93, 0xee, 0x94, 0xee,
  0x94, 0xee, 0x94, 0xee, 0x94, 0xee, 0xb4, 0xee, 0xb4, 0xee, 0xb4, 0xee, 0xb4, 0xee, 0xb4, 0xee,
  0xb4, 0xee, 0xb5, 0xee, 0xb5, 0xee, 0xb5, 0xee, 0xd5, 0xee, 0xd5, 0xee, 0xd5, 0xee, 0xd5, 0xee,
  0x24, 0x39, 0x07, 0x52, 0x5a, 0xff, 0x5a, 0xff, 0xea, 0x72, 0x24, 0x31, 0x85, 0x41, 0x26, 0x52,
  0x47, 0x5a, 0x47, 0x5a, 0x47, 0x5a, 0x47, 0x5a, 0x47, 0x5a, 0x47, 0x5a, 0x47, 0x5a, 0x47, 0x5a,
  0x47, 0x5a, 0x47, 0x5a, 0x47, 0x5a, 0x47, 0x5a, 0x47, 0x5a, 0x47, 0x5a, 0x47, 0x5a, 0x47, 0x5a,
  0x47, 0x5a, 0x47, 0x5a, 0x47, 0x5a, 0x47, 0x5a, 0x47, 0x5a, 0x47, 0x5a, 0x47, 0x5a, 0x47, 0x5a,
  0x47, 0x5a, 0x47, 0x5a, 0x47, 0x5a, 0x47, 0x5a, 0x47, 0x5a, 0x47, 0x5a, 0x47, 0x5a, 0x47, 0x5a,
  0x47, 0x5a, 0x47, 0x5a, 0x47, 0x5a, 0x47, 0x5a, 0x47, 0x5a, 0x47, 0x5a, 0x47, 0x5a, 0x47, 0x5a,
  0x47, 0x5a, 0x47, 0x5a, 0x47, 0x5a, 0x47, 0x5a, 0x47, 0x5a, 0x47, 0x5a, 0x47, 0x5a, 0x47, 0x5a,
  0x47, 0x5a, 0x26, 0x5a, 0x06, 0x52, 0xc5, 0x49, 0xa5, 0x41, 0x85, 0x41, 0x65, 0x39, 0x45, 0x39,
  0x64, 0x39, 0x64, 0x39, 0x64, 0x39, 0x65, 0x41, 0x85, 0x41, 0xc6, 0x49, 0x06, 0x52, 0x26, 0x52,
  0x46, 0x5a, 0x47, 0x5a, 0x47, 0x5a, 0x46, 0x5a, 0x46, 0x5a, 0x47, 0x5a, 0x47, 0x5a, 0x47, 0x5a,
  0x47, 0x5a, 0x47, 0x5a, 0x47, 0x5a, 0x47, 0x5a, 0x47, 0x5a, 0x47, 0x5a, 0x47, 0x5a, 0x47, 0x5a,
  0x47, 0x5a, 0x47, 0x5a, 0x47, 0x5a, 0x47, 0x5a, 0x47, 0x5a, 0x47, 0x5a, 0x47, 0x5a, 0x47, 0x5a,
  0x47, 0x5a, 0x26, 0x5a, 0x26, 0x52, 0x06, 0x52, 0x06, 0x52, 0xe5, 0x49, 0xc5, 0x49, 0xa5, 0x49,
  0x85, 0x41, 0x65, 0x39, 0x65, 0x39, 0x45, 0x39, 0x65, 0x39, 0x65, 0x39, 0x45, 0x39, 0x44, 0x39,
  0x45, 0x39, 0x65, 0x39, 0x65, 0x41, 0x85, 0x41, 0xc5, 0x49, 0xe6, 0x49, 0x06, 0x52, 0x26, 0x52,
  0x47, 0x5a, 0x47, 0x5a, 0x47, 0x5a, 0x47, 0x5a, 0x47, 0x5a, 0x47, 0x5a, 0x47, 0x5a, 0x47, 0x5a,
  0x47, 0x5a, 0x47, 0x5a, 0x67, 0x5a, 0xe6, 0x49, 0x65, 0x39, 0x24, 0x39, 0xef, 0xbc, 0x93, 0xee,
  0x93, 0xee, 0xd4, 0xf6, 0x93, 0xee, 0x93, 0xee, 0x93, 0xee, 0x93, 0xee, 0x94, 0xee, 0x94, 0xee,
  0x94, 0xee, 0x94, 0xee, 0x94, 0xee, 0x94, 0xee, 0xb4, 0xee, 0xb5, 0xee, 0xb4, 0xee, 0xb4, 0xee,
  0xb4, 0xee, 0xb5, 0xee, 0xb5, 0xee, 0xd5, 0xee, 0xd5, 0xee, 0xd5, 0xee, 0xd5, 0xee, 0xd5, 0xee,
  0x04, 0x31, 0x2f, 0x94, 0x73, 0xbd, 0x27, 0x5a, 0x24, 0x39, 0x65, 0x39, 0xa5, 0x49, 0x47, 0x5a,
  0x46, 0x5a, 0x47, 0x5a, 0x47, 0x5a, 0x47, 0x5a, 0x47, 0x5a, 0x47, 0x5a, 0x47, 0x5a, 0x47, 0x5a,
  0x47, 0x5a, 0x47, 0x5a, 0x47, 0x5a, 0x47, 0x5a, 0x47, 0x5a, 0x47, 0x5a, 0x47, 0x5a, 0x47, 0x5a,
  0x47, 0x5a, 0x47, 0x5a, 0x47, 0x5a, 0x47, 0x5a, 0x47, 0x5a, 0x47, 0x5a, 0x47, 0x5a, 0x47, 0x5a,
  0x47, 0x5a, 0x47, 0x5a, 0x47, 0x5a, 0x47, 0x5a, 0x47, 0x5a, 0x47, 0x5a, 0x47, 0x5a, 0x47, 0x5a,
  0x47, 0x5a, 0x47, 0x5a, 0x47, 0x5a, 0x47, 0x5a, 0x47, 0x5a, 0x47, 0x5a, 0x47, 0x5a, 0x47, 0x5a,
  0x47, 0x5a, 0x47, 0x5a, 0x47, 0x5a, 0x47, 0x5a, 0x47, 0x5a, 0x47, 0x5a, 0x47, 0x5a, 0x47, 0x5a,
  0x46, 0x5a, 0x46, 0x5a, 0x47, 0x5a, 0x47, 0x5a, 0x47, 0x5a, 0x26, 0x5a, 0x06, 0x52, 0xc5, 0x49,
  0xa5, 0x41, 0x64, 0x39, 0x65, 0x39, 0x65, 0x39, 0x45, 0x39, 0x45, 0x39, 0x65, 0x39, 0x65, 0x41,
  0xa5, 0x41, 0xe6, 0x49, 0x06, 0x52, 0x26, 0x52, 0x46, 0x5a, 0x27, 0x5a, 0x47, 0x5a, 0x47, 0x5a,
  0x47, 0x5a, 0x47, 0x5a, 0x47, 0x5a, 0x47, 0x5a, 0x47, 0x5a, 0x47, 0x5a, 0x47, 0x5a, 0x46, 0x5a,
  0x47, 0x5a, 0x47, 0x5a, 0x47, 0x5a, 0x26, 0x5a, 0x06, 0x52, 0x06, 0x52, 0xe6, 0x49, 0xc5, 0x49,
  0xa5, 0x41, 0x85, 0x41, 0x65, 0x41, 0x64, 0x39, 0x44, 0x39, 0x45, 0x39, 0x44, 0x39, 0x44, 0x39,
  0x45, 0x39, 0x45, 0x39, 0x65, 0x39, 0x65, 0x39, 0x65, 0x39, 0x65, 0x39, 0x65, 0x39, 0x65, 0x41,
  0xa5, 0x41, 0xe6, 0x49, 0x26, 0x52, 0x47, 0x5a, 0x47, 0x5a, 0x47, 0x5a, 0x47, 0x5a, 0x46, 0x5a,
  0x46, 0x5a, 0x46, 0x5a, 0x47, 0x5a, 0x47, 0x5a, 0x47, 0x5a, 0x47, 0x5a, 0x47, 0x5a, 0x47, 0x5a,
  0x47, 0x5a, 0x47, 0x5a, 0x47, 0x5a, 0xc5, 0x49, 0x45, 0x39, 0x65, 0x39, 0xc5, 0x49, 0x07, 0x52,
  0xa8, 0x6a, 0x2d, 0x9c, 0x32, 0xde, 0x93, 0xee, 0x93, 0xee, 0x94, 0xee, 0x94, 0xee, 0x94, 0xee,
  0x94, 0xee, 0x94, 0xee, 0x94, 0xee, 0xb4, 0xee, 0xb4, 0xee, 0xb4, 0xee, 0xb4, 0xee, 0xb4, 0xee,
  0xb5, 0xee, 0xb5, 0xee, 0xb5, 0xee, 0xd5, 0xee, 0xd5, 0xee, 0xd6, 0xee, 0xd5, 0xee, 0xd6, 0xee
#endif
};

const lv_img_dsc_t labubu = {
  {
    LV_IMG_CF_TRUE_COLOR,  // cf (color format)
    0,                            // always_zero
    0,                            // reserved
    160,                          // w (width)
    160                           // h (height)
  },
  25600 * LV_COLOR_SIZE / 8,  // data_size
  labubu_map,                      // data
};