/**
 * xingkong - LVGL图片数据
 *
 * 尺寸: 160x160px
 * 格式: RGB565 (16-bit color)
 *
 * 由图片转C数组工具生成
 */

#include <lvgl.h>

#ifndef LV_ATTRIBUTE_MEM_ALIGN
#define LV_ATTRIBUTE_MEM_ALIGN
#endif

#ifndef LV_ATTRIBUTE_IMG_XINGKONG
#define LV_ATTRIBUTE_IMG_XINGKONG
#endif

const LV_ATTRIBUTE_MEM_ALIGN LV_ATTRIBUTE_LARGE_CONST LV_ATTRIBUTE_IMG_XINGKONG uint8_t xingkong_map[] = {
#if LV_COLOR_DEPTH == 16 && LV_COLOR_16_SWAP == 0
  /*Pixel format: Red: 5 bit, Green: 6 bit, Blue: 5 bit*/
  0x0a, 0x09, 0x0a, 0x09, 0x0a, 0x09, 0x0a, 0x09, 0x0a, 0x09, 0x0a, 0x09, 0x0a, 0x09, 0x0a, 0x09,
  0x0a, 0x09, 0x0a, 0x09, 0x0a, 0x09, 0x0a, 0x09, 0x0a, 0x09, 0x0a, 0x09, 0x0a, 0x09, 0x8b, 0x11,
  0x2a, 0x09, 0x0a, 0x09, 0x0a, 0x09, 0x0a, 0x09, 0x0a, 0x09, 0x0a, 0x09, 0x0a, 0x09, 0x0a, 0x09,
  0x0a, 0x09, 0x0a, 0x09, 0x0a, 0x09, 0x0a, 0x09, 0x0a, 0x09, 0x0a, 0x09, 0x0a, 0x09, 0x0a, 0x09,
  0x0a, 0x09, 0x0a, 0x09, 0x0a, 0x09, 0x0a, 0x09, 0x0a, 0x09, 0x0a, 0x09, 0x0a, 0x09, 0x0a, 0x09,
  0x0a, 0x09, 0x0a, 0x09, 0x0a, 0x09, 0x0a, 0x09, 0x0a, 0x09, 0x0a, 0x09, 0x0a, 0x09, 0x0a, 0x09,
  0x0a, 0x09, 0x0a, 0x09, 0x0a, 0x09, 0x0a, 0x09, 0x2a, 0x09, 0x2a, 0x09, 0x2a, 0x09, 0x2a, 0x09,
  0x0a, 0x09, 0x0a, 0x09, 0x2a, 0x01, 0x2a, 0x01, 0x2a, 0x01, 0x2a, 0x01, 0x2a, 0x01, 0x2a, 0x01,
  0x2a, 0x01, 0x2a, 0x01, 0x2a, 0x01, 0x2a, 0x01, 0x2a, 0x01, 0x2a, 0x01, 0x2a, 0x01, 0x2a, 0x01,
  0x2a, 0x01, 0x2a, 0x01, 0x2a, 0x01, 0x4a, 0x01, 0x0a, 0x01, 0x4e, 0x22, 0xcc, 0x11, 0x0a, 0x01,
  0x4a, 0x01, 0x4a, 0x01, 0x4a, 0x09, 0x4a, 0x09, 0x09, 0x01, 0x09, 0x01, 0x09, 0x01, 0x09, 0x01,
  0x09, 0x01, 0x09, 0x01, 0x09, 0x01, 0x0a, 0x01, 0x0a, 0x01, 0x0a, 0x01, 0x0a, 0x01, 0x0a, 0x01,
  0x0a, 0x01, 0x0a, 0x01, 0x0a, 0x01, 0x0a, 0x01, 0x0a, 0x01, 0x0a, 0x01, 0x0a, 0x01, 0x0a, 0x01,
  0x0a, 0x01, 0x0a, 0x09, 0x0a, 0x09, 0x0a, 0x09, 0x0a, 0x09, 0x0a, 0x09, 0x0a, 0x09, 0x0a, 0x09,
  0x0a, 0x09, 0x0a, 0x09, 0x0a, 0x09, 0x0a, 0x09, 0x0a, 0x09, 0x0a, 0x09, 0x0a, 0x09, 0x0a, 0x09,
  0x0a, 0x09, 0x0a, 0x09, 0x0a, 0x09, 0x0a, 0x09, 0x0a, 0x09, 0x0a, 0x09, 0x0a, 0x09, 0x0a, 0x09,
  0x0a, 0x09, 0x0a, 0x09, 0x0a, 0x09, 0x0a, 0x09, 0x0a, 0x09, 0x0a, 0x09, 0x0a, 0x09, 0x0a, 0x09,
  0x0a, 0x09, 0x0a, 0x09, 0x0a, 0x09, 0x0a, 0x09, 0x0a, 0x09, 0x0a, 0x09, 0x0a, 0x09, 0x0a, 0x09,
  0x0a, 0x09, 0x0a, 0x09, 0x0a, 0x09, 0x0a, 0x09, 0x0a, 0x09, 0x0a, 0x09, 0x0a, 0x09, 0x0a, 0x09,
  0x0a, 0x09, 0x0a, 0x09, 0x0a, 0x09, 0x0a, 0x09, 0x0a, 0x09, 0x0a, 0x09, 0x0a, 0x09, 0x0a, 0x09,
  0x0a, 0x09, 0x0a, 0x09, 0x0a, 0x09, 0x0a, 0x09, 0x0a, 0x09, 0x0a, 0x09, 0x0a, 0x09, 0x0a, 0x09,
  0x0a, 0x09, 0x0a, 0x09, 0x0a, 0x09, 0x0a, 0x09, 0x0a, 0x09, 0x0a, 0x09, 0x0a, 0x09, 0x2a, 0x09,
  0x0a, 0x09, 0x0a, 0x09, 0x0a, 0x09, 0x0a, 0x09, 0x0a, 0x09, 0x0a, 0x09, 0x0a, 0x09, 0x0a, 0x09,
  0x0a, 0x09, 0x0a, 0x09, 0x0a, 0x09, 0x0a, 0x09, 0x0a, 0x09, 0x0a, 0x09, 0x0a, 0x09, 0x0a, 0x09,
  0x0a, 0x09, 0x0a, 0x09, 0x0a, 0x09, 0x0a, 0x09, 0x0a, 0x09, 0x0a, 0x09, 0x0a, 0x09, 0x0a, 0x09,
  0x0a, 0x09, 0x0a, 0x09, 0x0a, 0x09, 0x2a, 0x09, 0x2a, 0x09, 0x2a, 0x09, 0x2a, 0x09, 0x2a, 0x09,
  0x2a, 0x09, 0x2a, 0x09, 0x2a, 0x09, 0x2a, 0x09, 0x2a, 0x09, 0x2a, 0x09, 0x2a, 0x09, 0x2a, 0x09,
  0x2a, 0x09, 0x2a, 0x09, 0x2a, 0x09, 0x2a, 0x09, 0x2a, 0x09, 0x2a, 0x09, 0x2a, 0x09, 0x2a, 0x09,
  0x2a, 0x09, 0x2a, 0x01, 0x4a, 0x09, 0x4a, 0x09, 0x4a, 0x01, 0x4a, 0x01, 0x4b, 0x01, 0x4b, 0x01,
  0x4b, 0x01, 0x4b, 0x01, 0x4b, 0x01, 0x4b, 0x01, 0x2a, 0x01, 0x4e, 0x22, 0xed, 0x19, 0x2a, 0x01,
  0x4b, 0x01, 0x4b, 0x01, 0x6b, 0x09, 0x4a, 0x01, 0x29, 0x01, 0x2a, 0x01, 0x0a, 0x01, 0x0a, 0x01,
  0x0a, 0x01, 0x0a, 0x01, 0x0a, 0x01, 0x0a, 0x01, 0x0a, 0x01, 0x0a, 0x01, 0x2a, 0x01, 0x2a, 0x01,
  0x2a, 0x01, 0x2a, 0x01, 0x0a, 0x01, 0x0a, 0x01, 0x0a, 0x01, 0x0a, 0x01, 0x0a, 0x09, 0x0a, 0x09,
  0x0a, 0x09, 0x0a, 0x09, 0x0a, 0x09, 0x0a, 0x09, 0x0a, 0x09, 0x0a, 0x09, 0x0a, 0x09, 0x0a, 0x09,
  0x0a, 0x09, 0x0a, 0x09, 0x0a, 0x09, 0x0a, 0x09, 0x0a, 0x09, 0x0a, 0x09, 0x0a, 0x09, 0x0a, 0x09,
  0x0a, 0x09, 0x0a, 0x09, 0x0a, 0x09, 0x0a, 0x09, 0x0a, 0x09, 0x0a, 0x09, 0x0a, 0x09, 0x0a, 0x09,
  0x0a, 0x09, 0x0a, 0x09, 0x0a, 0x09, 0x0a, 0x09, 0x0a, 0x09, 0x0a, 0x09, 0x0a, 0x09, 0x0a, 0x09,
  0x0a, 0x09, 0x0a, 0x09, 0x0a, 0x09, 0x0a, 0x09, 0x0a, 0x09, 0x0a, 0x09, 0x0a, 0x09, 0x0a, 0x09,
  0x0a, 0x09, 0x0a, 0x09, 0x0a, 0x09, 0x0a, 0x09, 0x0a, 0x09, 0x0a, 0x09, 0x0a, 0x09, 0x0a, 0x09,
  0x0a, 0x09, 0x0a, 0x09, 0x0a, 0x09, 0x0a, 0x09, 0x0a, 0x09, 0x0a, 0x09, 0x0a, 0x09, 0x0a, 0x09,
  0x0a, 0x09, 0x0a, 0x09, 0x0a, 0x09, 0x0a, 0x09, 0x0a, 0x09, 0x0a, 0x09, 0x0a, 0x09, 0x0a, 0x09,
  0x0a, 0x09, 0x0a, 0x09, 0x0a, 0x09, 0x0a, 0x09, 0x0a, 0x09, 0x0a, 0x09, 0x0a, 0x09, 0x0a, 0x09,
  0x0a, 0x09, 0x0a, 0x09, 0x0a, 0x09, 0x0a, 0x09, 0x0a, 0x09, 0x0a, 0x09, 0x0a, 0x09, 0x0a, 0x09,
  0x0a, 0x09, 0x0a, 0x09, 0x0a, 0x09, 0x0a, 0x09, 0x0a, 0x09, 0x0a, 0x09, 0x0a, 0x09, 0x2a, 0x09,
  0x2a, 0x09, 0x2a, 0x09, 0x2a, 0x09, 0x2a, 0x09, 0x2a, 0x09, 0x2a, 0x09, 0x2a, 0x09, 0x2a, 0x09,
  0x2a, 0x09, 0x2a, 0x09, 0x2a, 0x09, 0x2a, 0x09, 0x2a, 0x09, 0x2a, 0x09, 0x2a, 0x09, 0x2a, 0x09,
  0x2a, 0x09, 0x2a, 0x09, 0x2a, 0x09, 0x2a, 0x09, 0x2a, 0x09, 0x2a, 0x09, 0x2a, 0x09, 0x2a, 0x09,
  0x2a, 0x09, 0x2a, 0x09, 0x2a, 0x09, 0x2a, 0x09, 0x2a, 0x09, 0x2a, 0x09, 0x2b, 0x09, 0x4b, 0x09,
  0x4b, 0x09, 0x4b, 0x09, 0x4b, 0x09, 0x4b, 0x01, 0x4b, 0x01, 0x4b, 0x01, 0x4b, 0x01, 0x4b, 0x01,
  0x4b, 0x01, 0x4b, 0x01, 0x4b, 0x01, 0x4b, 0x01, 0x2a, 0x01, 0x6e, 0x22, 0xed, 0x19, 0x2a, 0x01,
  0x4b, 0x01, 0x4b, 0x01, 0x6b, 0x09, 0x4b, 0x01, 0x2a, 0x01, 0x2a, 0x01, 0x0a, 0x01, 0x0a, 0x01,
  0x2a, 0x01, 0x0a, 0x01, 0x0a, 0x01, 0x0a, 0x01, 0x2a, 0x01, 0x2a, 0x01, 0x2a, 0x01, 0x2a, 0x01,
  0x2a, 0x01, 0x2a, 0x01, 0x2a, 0x01, 0x2a, 0x01, 0x2a, 0x01, 0x2a, 0x01, 0x0a, 0x09, 0x0a, 0x09,
  0x2a, 0x09, 0x2a, 0x09, 0x2a, 0x09, 0x0a, 0x09, 0x0a, 0x09, 0x2a, 0x09, 0x2a, 0x09, 0x2a, 0x09,
  0x2a, 0x09, 0x2a, 0x09, 0x0a, 0x09, 0x0a, 0x09, 0x0a, 0x09, 0x0a, 0x09, 0x0a, 0x09, 0x0a, 0x09,
  0x0a, 0x09, 0x0a, 0x09, 0x0a, 0x09, 0x0a, 0x09, 0x0a, 0x09, 0x0a, 0x09, 0x0a, 0x09, 0x0a, 0x09,
  0x0a, 0x09, 0x0a, 0x09, 0x0a, 0x09, 0x0a, 0x09, 0x0a, 0x09, 0x0a, 0x09, 0x0a, 0x09, 0x0a, 0x09,
  0x0a, 0x09, 0x0a, 0x09, 0x0a, 0x09, 0x0a, 0x09, 0x0a, 0x09, 0x0a, 0x09, 0x0a, 0x09, 0x0a, 0x09,
  0x0a, 0x09, 0x0a, 0x09, 0x0a, 0x09, 0x0a, 0x09, 0x0a, 0x09, 0x0a, 0x09, 0x0a, 0x09, 0x0a, 0x09,
  0x0a, 0x09, 0x0a, 0x09, 0x0a, 0x09, 0x0a, 0x09, 0x0a, 0x09, 0x0a, 0x09, 0x0a, 0x09, 0x0a, 0x09,
  0x0a, 0x09, 0x0a, 0x09, 0x0a, 0x09, 0x0a, 0x09, 0x0a, 0x09, 0x0a, 0x09, 0x0a, 0x09, 0x0a, 0x09,
  0x0a, 0x09, 0x0a, 0x09, 0x0a, 0x09, 0x0a, 0x09, 0x0a, 0x09, 0x0a, 0x09, 0x0a, 0x09, 0x0a, 0x09,
  0x0a, 0x09, 0x2a, 0x09, 0x2a, 0x09, 0x2a, 0x09, 0x2a, 0x09, 0x2a, 0x09, 0x2a, 0x09, 0x2a, 0x09,
  0x2a, 0x09, 0x2a, 0x09, 0x2a, 0x09, 0x2a, 0x09, 0x2a, 0x09, 0x2a, 0x09, 0x2a, 0x09, 0x2a, 0x09,
  0x2a, 0x09, 0x2a, 0x09, 0x2a, 0x09, 0x2a, 0x09, 0x0a, 0x09, 0x2a, 0x09, 0x2a, 0x09, 0x0a, 0x09,
  0x2a, 0x09, 0x2a, 0x09, 0x2a, 0x09, 0x2a, 0x09, 0x2a, 0x09, 0x2a, 0x09, 0x2a, 0x09, 0x2a, 0x09,
  0x2a, 0x09, 0x2a, 0x09, 0x2a, 0x09, 0x2a, 0x09, 0x2a, 0x09, 0x2b, 0x09, 0x2b, 0x09, 0x4b, 0x09,
  0x2b, 0x09, 0x2b, 0x09, 0x2b, 0x09, 0x2b, 0x09, 0x4b, 0x09, 0x4b, 0x09, 0x4b, 0x09, 0x4b, 0x09,
  0x4b, 0x09, 0x4b, 0x09, 0x4b, 0x01, 0x4b, 0x01, 0x4b, 0x01, 0x4b, 0x01, 0x4b, 0x01, 0x4b, 0x01,
  0x4b, 0x01, 0x4b, 0x01, 0x6b, 0x01, 0x6b, 0x01, 0x2a, 0x01, 0x6e, 0x22, 0x0d, 0x1a, 0x2a, 0x01,
  0x6b, 0x01, 0x6b, 0x01, 0x8b, 0x09, 0x4b, 0x01, 0x2a, 0x01, 0x2a, 0x01, 0x2a, 0x01, 0x2a, 0x01,
  0x2a, 0x01, 0x2a, 0x01, 0x2a, 0x01, 0x2a, 0x01, 0x2a, 0x01, 0x2a, 0x01, 0x2a, 0x01, 0x2a, 0x01,
  0x2a, 0x01, 0x2a, 0x01, 0x2a, 0x01, 0x2a, 0x01, 0x2a, 0x01, 0x2a, 0x09, 0x2a, 0x09, 0x2a, 0x09,
  0x2a, 0x09, 0x2a, 0x09, 0x2a, 0x09, 0x2a, 0x09, 0x2a, 0x09, 0x2a, 0x09, 0x2a, 0x09, 0x2a, 0x09,
  0x2a, 0x09, 0x2a, 0x09, 0x2a, 0x09, 0x2a, 0x09, 0x0a, 0x09, 0x0a, 0x09, 0x0a, 0x09, 0x0a, 0x09,
  0x0a, 0x09, 0x2a, 0x09, 0x2a, 0x09, 0x0a, 0x09, 0x0a, 0x09, 0x0a, 0x09, 0x0a, 0x09, 0x2a, 0x09,
  0x2a, 0x09, 0x2a, 0x09, 0x0a, 0x09, 0x0a, 0x09, 0x0a, 0x09, 0x0a, 0x09, 0x0a, 0x09, 0x0a, 0x09,
  0x0a, 0x09, 0x0a, 0x09, 0x0a, 0x09, 0x0a, 0x09, 0x0a, 0x09, 0x0a, 0x09, 0x0a, 0x09, 0x0a, 0x09,
  0x0a, 0x09, 0x0a, 0x09, 0x0a, 0x09, 0x0a, 0x09, 0x0a, 0x09, 0x0a, 0x09, 0x0a, 0x09, 0x0a, 0x09,
  0x0a, 0x09, 0x0a, 0x09, 0x0a, 0x09, 0x0a, 0x09, 0x0a, 0x09, 0x0a, 0x09, 0x0a, 0x09, 0x0a, 0x09,
  0x0a, 0x09, 0x0a, 0x09, 0x0a, 0x09, 0x0a, 0x09, 0x0a, 0x09, 0x0a, 0x09, 0x0a, 0x09, 0x2a, 0x09,
  0x2a, 0x09, 0x2a, 0x09, 0x2a, 0x09, 0x2a, 0x09, 0x2a, 0x09, 0x2a, 0x09, 0x2a, 0x09, 0x2a, 0x09,
  0x2a, 0x09, 0x2a, 0x09, 0x2a, 0x09, 0x2a, 0x09, 0x2a, 0x09, 0x2a, 0x09, 0x2a, 0x09, 0x2a, 0x09,
  0x2a, 0x09, 0x2a, 0x09, 0x2a, 0x09, 0x2a, 0x09, 0x0a, 0x09, 0x2a, 0x09, 0x2a, 0x09, 0x2a, 0x09,
  0x2a, 0x09, 0x2a, 0x09, 0x2a, 0x09, 0x2a, 0x09, 0x2a, 0x09, 0x2a, 0x09, 0x2a, 0x09, 0x2a, 0x09,
  0x2a, 0x09, 0x2a, 0x09, 0x2a, 0x09, 0x2a, 0x09, 0x2a, 0x09, 0x2a, 0x09, 0x2b, 0x09, 0x2b, 0x09,
  0x2b, 0x09, 0x4b, 0x09, 0x4b, 0x09, 0x2b, 0x09, 0x2b, 0x09, 0x4b, 0x09, 0x4b, 0x09, 0x4b, 0x09,
  0x4b, 0x09, 0x4b, 0x09, 0x4b, 0x09, 0x4b, 0x09, 0x4b, 0x09, 0x4b, 0x09, 0x4b, 0x09, 0x4b, 0x09,
  0x4b, 0x01, 0x4b, 0x01, 0x4b, 0x01, 0x4b, 0x01, 0x6b, 0x01, 0x6b, 0x01, 0x6b, 0x01, 0x6b, 0x01,
  0x6b, 0x01, 0x6b, 0x01, 0x6b, 0x01, 0x6b, 0x01, 0x4b, 0x01, 0x8f, 0x2a, 0x0d, 0x1a, 0x4b, 0x01,
  0x6b, 0x01, 0x8b, 0x01, 0x8b, 0x01, 0x6b, 0x01, 0x4a, 0x01, 0x4a, 0x01, 0x4a, 0x01, 0x4a, 0x01,
  0x4a, 0x01, 0x2a, 0x01, 0x2a, 0x01, 0x2a, 0x01, 0x4a, 0x01, 0x4a, 0x01, 0x4a, 0x01, 0x4a, 0x01,
  0x4a, 0x01, 0x2a, 0x01, 0x2a, 0x01, 0x2a, 0x01, 0x2a, 0x01, 0x2a, 0x01, 0x2a, 0x09, 0x2a, 0x09,
  0x2a, 0x09, 0x2a, 0x09, 0x2a, 0x09, 0x2a, 0x09, 0x2a, 0x09, 0x2a, 0x09, 0x2a, 0x09, 0x2a, 0x09,
  0x2a, 0x09, 0x2a, 0x09, 0x2a, 0x09, 0x2a, 0x09, 0x2a, 0x09, 0x2a, 0x09, 0x2a, 0x09, 0x2a, 0x09,
  0x2a, 0x09, 0x2a, 0x09, 0x2a, 0x09, 0x2a, 0x09, 0x2a, 0x09, 0x2a, 0x09, 0x2a, 0x09, 0x2a, 0x09,
  0x2a, 0x09, 0x2a, 0x09, 0x2a, 0x09, 0x2a, 0x09, 0x2a, 0x09, 0x2a, 0x09, 0x2a, 0x09, 0x2a, 0x09,
  0x2a, 0x09, 0x2a, 0x09, 0x2a, 0x09, 0x2a, 0x09, 0x2a, 0x09, 0x2a, 0x09, 0x2a, 0x09, 0x2a, 0x09,
  0x2a, 0x09, 0x2a, 0x09, 0x2a, 0x09, 0x2a, 0x09, 0x2a, 0x09, 0x2a, 0x09, 0x0a, 0x09, 0x0a, 0x09,
  0x0a, 0x09, 0x0a, 0x09, 0x0a, 0x09, 0x2a, 0x09, 0x2a, 0x09, 0x2a, 0x09, 0x2a, 0x09, 0x2a, 0x09,
  0x2a, 0x09, 0x2a, 0x09, 0x2a, 0x09, 0x2a, 0x09, 0x2a, 0x09, 0x2a, 0x09, 0x2a, 0x09, 0x2a, 0x09,
  0x2a, 0x09, 0x2a, 0x09, 0x2a, 0x09, 0x2a, 0x09, 0x2a, 0x09, 0x2a, 0x09, 0x2a, 0x09, 0x2a, 0x09,
  0x2a, 0x09, 0x2a, 0x09, 0x2a, 0x09, 0x2a, 0x09, 0x2a, 0x09, 0x2a, 0x09, 0x2a, 0x09, 0x2a, 0x09,
  0x2a, 0x09, 0x2a, 0x09, 0x2a, 0x09, 0x2a, 0x09, 0x2a, 0x09, 0x2a, 0x09, 0x2a, 0x09, 0x2a, 0x09,
  0x2a, 0x09, 0x2a, 0x09, 0x2a, 0x09, 0x2a, 0x09, 0x2a, 0x09, 0x2a, 0x09, 0x2a, 0x09, 0x2b, 0x09,
  0x2b, 0x09, 0x2b, 0x09, 0x2b, 0x09, 0x2b, 0x09, 0x2b, 0x09, 0x2b, 0x09, 0x4b, 0x09, 0x4b, 0x09,
  0x4b, 0x09, 0x4b, 0x09, 0x4b, 0x09, 0x4b, 0x09, 0x4b, 0x09, 0x4b, 0x09, 0x4b, 0x09, 0x4b, 0x09,
  0x4b, 0x09, 0x4b, 0x09, 0x4b, 0x09, 0x4b, 0x09, 0x4b, 0x09, 0x4b, 0x09, 0x4b, 0x01, 0x4b, 0x01,
  0x4b, 0x01, 0x6b, 0x01, 0x6b, 0x01, 0x6b, 0x01, 0x6b, 0x01, 0x6b, 0x01, 0x6b, 0x01, 0x6b, 0x01,
  0x6b, 0x01, 0x8b, 0x01, 0x8b, 0x01, 0x8c, 0x01, 0x4b, 0x01, 0xcf, 0x2a, 0x4e, 0x1a, 0x6b, 0x01,
  0x8c, 0x01, 0xac, 0x01, 0xac, 0x01, 0x6b, 0x01, 0x4a, 0x01, 0x4a, 0x01, 0x4a, 0x01, 0x4a, 0x01,
  0x4a, 0x01, 0x4a, 0x01, 0x4a, 0x01, 0x4a, 0x01, 0x4a, 0x01, 0x4a, 0x01, 0x4a, 0x01, 0x4a, 0x01,
  0x4a, 0x01, 0x4a, 0x01, 0x4a, 0x01, 0x4a, 0x01, 0x4a, 0x01, 0x4a, 0x01, 0x4a, 0x01, 0x2a, 0x09,
  0x2a, 0x09, 0x4a, 0x09, 0x2a, 0x09, 0x2a, 0x09, 0x2a, 0x09, 0x2b, 0x09, 0x2a, 0x09, 0x2a, 0x09,
  0x2a, 0x09, 0x2a, 0x09, 0x2a, 0x09, 0x2a, 0x09, 0x2a, 0x09, 0x2a, 0x09, 0x2a, 0x09, 0x2a, 0x09,
  0x2a, 0x09, 0x2a, 0x09, 0x2a, 0x09, 0x2a, 0x09, 0x2a, 0x09, 0x2a, 0x09, 0x2a, 0x09, 0x2a, 0x09,
  0x2a, 0x09, 0x2a, 0x09, 0x2a, 0x09, 0x2a, 0x09, 0x2a, 0x09, 0x2a, 0x09, 0x2a, 0x09, 0x2a, 0x09,
  0x2a, 0x09, 0x2a, 0x09, 0x2a, 0x09, 0x2a, 0x09, 0x2a, 0x09, 0x2a, 0x09, 0x2a, 0x09, 0x2a, 0x09,
  0x2a, 0x09, 0x2a, 0x09, 0x2a, 0x09, 0x2a, 0x09, 0x2a, 0x09, 0x2a, 0x09, 0x2a, 0x09, 0x2a, 0x09,
  0x2a, 0x09, 0x2a, 0x09, 0x2a, 0x09, 0x2a, 0x09, 0x2a, 0x09, 0x2a, 0x09, 0x2a, 0x09, 0x2a, 0x09,
  0x2a, 0x09, 0x2a, 0x09, 0x2a, 0x09, 0x2a, 0x09, 0x2a, 0x09, 0x2a, 0x09, 0x2a, 0x09, 0x2a, 0x09,
  0x2a, 0x09, 0x2a, 0x09, 0x2a, 0x09, 0x2a, 0x09, 0x2a, 0x09, 0x2a, 0x09, 0x2a, 0x09, 0x2a, 0x09,
  0x2a, 0x09, 0x2a, 0x09, 0x2a, 0x09, 0x2a, 0x09, 0x2a, 0x09, 0x2b, 0x09, 0x2b, 0x09, 0x2b, 0x09,
  0x2a, 0x09, 0x2b, 0x09, 0x2b, 0x09, 0x2b, 0x09, 0x2b, 0x09, 0x2b, 0x09, 0x2b, 0x09, 0x2b, 0x09,
  0x2b, 0x09, 0x2b, 0x09, 0x2b, 0x09, 0x2b, 0x09, 0x2b, 0x09, 0x2b, 0x09, 0x4b, 0x09, 0x4b, 0x09,
  0x4b, 0x09, 0x4b, 0x09, 0x4b, 0x09, 0x4b, 0x09, 0x4b, 0x09, 0x4b, 0x09, 0x4b, 0x09, 0x4b, 0x09,
  0x4b, 0x09, 0x4b, 0x09, 0x4b, 0x09, 0x4b, 0x09, 0x4b, 0x09, 0x4b, 0x09, 0x4b, 0x09, 0x4b, 0x09,
  0x4b, 0x09, 0x4b, 0x09, 0x4b, 0x09, 0x4b, 0x09, 0x6b, 0x09, 0x6b, 0x09, 0x6b, 0x09, 0x6b, 0x01,
  0x6b, 0x01, 0x6b, 0x01, 0x6b, 0x01, 0x6b, 0x01, 0x8b, 0x01, 0x8b, 0x01, 0x8c, 0x01, 0x8c, 0x01,
  0x8c, 0x01, 0x8c, 0x01, 0x8c, 0x01, 0xac, 0x01, 0x6b, 0x01, 0xf0, 0x2a, 0x6e, 0x1a, 0x6b, 0x01,
  0xac, 0x01, 0xac, 0x01, 0xac, 0x01, 0x6b, 0x01, 0x6b, 0x01, 0x6b, 0x01, 0x4b, 0x01, 0x4b, 0x01,
  0x4b, 0x01, 0x4b, 0x01, 0x4b, 0x01, 0x4b, 0x01, 0x4b, 0x01, 0x4b, 0x01, 0x4b, 0x01, 0x4b, 0x01,
  0x4b, 0x01, 0x4b, 0x01, 0x4b, 0x01, 0x4b, 0x01, 0x4b, 0x01, 0x4b, 0x01, 0x4b, 0x01, 0x4b, 0x09,
  0x4b, 0x09, 0x4a, 0x09, 0x4b, 0x09, 0x2b, 0x09, 0x2b, 0x09, 0x2b, 0x09, 0x2b, 0x09, 0x2b, 0x09,
  0x2b, 0x09, 0x2b, 0x09, 0x2b, 0x09, 0x2b, 0x09, 0x2b, 0x09, 0x2b, 0x09, 0x2a, 0x09, 0x2a, 0x09,
  0x2a, 0x09, 0x2a, 0x09, 0x2a, 0x09, 0x2a, 0x09, 0x2a, 0x09, 0x2a, 0x09, 0x2a, 0x09, 0x2a, 0x09,
  0x2a, 0x09, 0x2a, 0x09, 0x2a, 0x09, 0x2a, 0x09, 0x2a, 0x09, 0x2a, 0x09, 0x2a, 0x09, 0x2a, 0x09,
  0x2a, 0x09, 0x2a, 0x09, 0x2a, 0x09, 0x2a, 0x09, 0x2a, 0x09, 0x2a, 0x09, 0x2a, 0x09, 0x2a, 0x09,
  0x2a, 0x09, 0x2a, 0x09, 0x2a, 0x09, 0x2a, 0x09, 0x2a, 0x09, 0x2a, 0x09, 0x2a, 0x09, 0x2a, 0x09,
  0x2a, 0x09, 0x2a, 0x09, 0x2a, 0x09, 0x2a, 0x09, 0x2a, 0x09, 0x2a, 0x09, 0x2a, 0x09, 0x2a, 0x09,
  0x2a, 0x09, 0x2b, 0x09, 0x2b, 0x09, 0x2b, 0x09, 0x2b, 0x09, 0x2b, 0x09, 0x2b, 0x09, 0x2b, 0x09,
  0x2b, 0x09, 0x2b, 0x09, 0x2b, 0x09, 0x2b, 0x09, 0x2b, 0x09, 0x2b, 0x09, 0x2b, 0x09, 0x2b, 0x09,
  0x2b, 0x09, 0x2b, 0x09, 0x2b, 0x09, 0x2b, 0x09, 0x2b, 0x09, 0x2b, 0x09, 0x2b, 0x09, 0x2b, 0x09,
  0x2b, 0x09, 0x2b, 0x09, 0x2b, 0x09, 0x4b, 0x09, 0x4b, 0x09, 0x4b, 0x09, 0x4b, 0x09, 0x4b, 0x09,
  0x4b, 0x09, 0x4b, 0x09, 0x4b, 0x09, 0x4b, 0x09, 0x4b, 0x09, 0x4b, 0x09, 0x4b, 0x09, 0x4b, 0x09,
  0x4b, 0x09, 0x4b, 0x09, 0x4b, 0x09, 0x4b, 0x09, 0x4b, 0x09, 0x4b, 0x09, 0x4b, 0x09, 0x4b, 0x09,
  0x4b, 0x09, 0x4b, 0x09, 0x4b, 0x09, 0x6b, 0x09, 0x6b, 0x09, 0x6b, 0x09, 0x6b, 0x09, 0x4b, 0x09,
  0x4b, 0x09, 0x6b, 0x09, 0x6b, 0x09, 0x6b, 0x09, 0x6b, 0x09, 0x6b, 0x09, 0x6b, 0x01, 0x6b, 0x01,
  0x6b, 0x01, 0x8b, 0x01, 0x8c, 0x01, 0x8c, 0x01, 0x8c, 0x01, 0x8c, 0x01, 0x8c, 0x01, 0x8c, 0x01,
  0x8c, 0x01, 0xac, 0x01, 0xac, 0x01, 0xac, 0x01, 0x6b, 0x01, 0x31, 0x33, 0x8f, 0x1a, 0x6c, 0x01,
  0xac, 0x01, 0xcc, 0x01, 0xcc, 0x01, 0x8b, 0x01, 0x6b, 0x01, 0x6b, 0x01, 0x6b, 0x01, 0x6b, 0x01,
  0x6b, 0x01, 0x6b, 0x01, 0x6b, 0x01, 0x6b, 0x01, 0x6b, 0x01, 0x6b, 0x01, 0x4b, 0x01, 0x4b, 0x01,
  0x4b, 0x01, 0x4b, 0x01, 0x4b, 0x01, 0x4b, 0x01, 0x4b, 0x01, 0x4b, 0x01, 0x4b, 0x01, 0x4b, 0x01,
  0x4b, 0x09, 0x4b, 0x09, 0x4b, 0x09, 0x4b, 0x09, 0x4b, 0x09, 0x4b, 0x09, 0x4b, 0x09, 0x4b, 0x09,
  0x4b, 0x09, 0x4b, 0x09, 0x2b, 0x09, 0x2b, 0x09, 0x2b, 0x09, 0x4b, 0x09, 0x2b, 0x09, 0x2b, 0x09,
  0x2b, 0x09, 0x2b, 0x09, 0x2b, 0x09, 0x2b, 0x09, 0x2b, 0x09, 0x2b, 0x09, 0x2b, 0x09, 0x2b, 0x09,
  0x2b, 0x09, 0x2b, 0x09, 0x2b, 0x09, 0x2b, 0x09, 0x2b, 0x09, 0x2b, 0x09, 0x2b, 0x09, 0x2a, 0x09,
  0x2b, 0x09, 0x2b, 0x09, 0x2b, 0x09, 0x2b, 0x09, 0x2b, 0x09, 0x2b, 0x09, 0x2b, 0x09, 0x2a, 0x09,
  0x2a, 0x09, 0x2a, 0x09, 0x2a, 0x09, 0x2a, 0x09, 0x2a, 0x09, 0x2a, 0x09, 0x2a, 0x09, 0x2a, 0x09,
  0x2a, 0x09, 0x2a, 0x09, 0x2a, 0x09, 0x2a, 0x09, 0x2a, 0x09, 0x2b, 0x09, 0x2b, 0x09, 0x2b, 0x09,
  0x2b, 0x09, 0x2b, 0x09, 0x2b, 0x09, 0x2b, 0x09, 0x2b, 0x09, 0x2b, 0x09, 0x2b, 0x09, 0x2b, 0x09,
  0x2b, 0x09, 0x2b, 0x09, 0x2b, 0x09, 0x2b, 0x09, 0x4b, 0x09, 0x2b, 0x09, 0x2b, 0x09, 0x4b, 0x09,
  0x4b, 0x09, 0x4b, 0x09, 0x4b, 0x09, 0x4b, 0x09, 0x4b, 0x09, 0x4b, 0x09, 0x4b, 0x09, 0x4b, 0x09,
  0x4b, 0x09, 0x4b, 0x09, 0x4b, 0x09, 0x4b, 0x09, 0x4b, 0x09, 0x4b, 0x09, 0x4b, 0x09, 0x4b, 0x09,
  0x4b, 0x09, 0x4b, 0x09, 0x4b, 0x09, 0x4b, 0x09, 0x4b, 0x09, 0x4b, 0x09, 0x4b, 0x09, 0x4b, 0x09,
  0x4b, 0x09, 0x4b, 0x09, 0x4b, 0x09, 0x4b, 0x09, 0x4b, 0x09, 0x4b, 0x09, 0x4b, 0x09, 0x4b, 0x09,
  0x4b, 0x09, 0x4b, 0x09, 0x4b, 0x09, 0x4b, 0x09, 0x6b, 0x09, 0x6b, 0x09, 0x6b, 0x09, 0x6b, 0x09,
  0x6b, 0x09, 0x6b, 0x09, 0x6b, 0x09, 0x6b, 0x09, 0x6b, 0x09, 0x6b, 0x09, 0x6b, 0x01, 0x8c, 0x01,
  0x8c, 0x01, 0x8c, 0x01, 0x8c, 0x01, 0x8c, 0x01, 0xac, 0x01, 0xac, 0x01, 0xac, 0x01, 0xac, 0x01,
  0xac, 0x01, 0xac, 0x01, 0xac, 0x01, 0xcd, 0x01, 0x8c, 0x01, 0x72, 0x33, 0xb0, 0x22, 0x8c, 0x01,
  0xcd, 0x01, 0xcd, 0x01, 0xcc, 0x01, 0x8b, 0x01, 0x8b, 0x01, 0x8b, 0x01, 0x8b, 0x01, 0x8b, 0x01,
  0x6b, 0x01, 0x6b, 0x01, 0x6b, 0x01, 0x6b, 0x01, 0x6b, 0x01, 0x6b, 0x01, 0x6b, 0x01, 0x6b, 0x01,
  0x6b, 0x01, 0x6b, 0x01, 0x6b, 0x01, 0x6b, 0x01, 0x4b, 0x01, 0x4b, 0x01, 0x4b, 0x01, 0x4b, 0x01,
  0x4b, 0x09, 0x4b, 0x09, 0x4b, 0x09, 0x4b, 0x09, 0x4b, 0x09, 0x4b, 0x09, 0x4b, 0x09, 0x4b, 0x09,
  0x4b, 0x09, 0x4b, 0x09, 0x4b, 0x09, 0x4b, 0x09, 0x4b, 0x09, 0x4b, 0x09, 0x4b, 0x09, 0x4b, 0x09,
  0x4b, 0x09, 0x4b, 0x09, 0x4b, 0x09, 0x4b, 0x09, 0x2b, 0x09, 0x4b, 0x09, 0x4b, 0x09, 0x4b, 0x09,
  0x4b, 0x09, 0x4b, 0x09, 0x4b, 0x09, 0x4b, 0x09, 0x4b, 0x09, 0x4b, 0x09, 0x4b, 0x09, 0x4b, 0x09,
  0x4b, 0x09, 0x4b, 0x09, 0x4b, 0x09, 0x4b, 0x09, 0x4b, 0x09, 0x4b, 0x09, 0x4b, 0x09, 0x4b, 0x09,
  0x4b, 0x09, 0x4b, 0x09, 0x4b, 0x09, 0x4b, 0x09, 0x4b, 0x09, 0x2b, 0x09, 0x2b, 0x09, 0x2b, 0x09,
  0x4b, 0x09, 0x4b, 0x09, 0x2b, 0x09, 0x2b, 0x09, 0x2b, 0x09, 0x2b, 0x09, 0x2b, 0x09, 0x2b, 0x09,
  0x2b, 0x09, 0x2b, 0x09, 0x2b, 0x09, 0x2b, 0x09, 0x4b, 0x09, 0x4b, 0x09, 0x4b, 0x09, 0x4b, 0x09,
  0x4b, 0x09, 0x4b, 0x09, 0x4b, 0x09, 0x4b, 0x09, 0x4b, 0x09, 0x4b, 0x09, 0x4b, 0x09, 0x4b, 0x09,
  0x4b, 0x09, 0x4b, 0x09, 0x4b, 0x09, 0x4b, 0x09, 0x4b, 0x09, 0x4b, 0x09, 0x4b, 0x09, 0x4b, 0x09,
  0x4b, 0x09, 0x4b, 0x09, 0x4b, 0x09, 0x4b, 0x09, 0x4b, 0x09, 0x4b, 0x09, 0x4b, 0x09, 0x4b, 0x09,
  0x4b, 0x09, 0x4b, 0x09, 0x4b, 0x09, 0x4b, 0x09, 0x4b, 0x09, 0x4b, 0x09, 0x4b, 0x09, 0x4b, 0x09,
  0x4b, 0x09, 0x4b, 0x09, 0x4b, 0x09, 0x4b, 0x09, 0x4b, 0x09, 0x4b, 0x09, 0x4b, 0x09, 0x4b, 0x09,
  0x4b, 0x09, 0x4b, 0x09, 0x4b, 0x09, 0x4b, 0x09, 0x6b, 0x09, 0x6b, 0x09, 0x6b, 0x09, 0x6b, 0x09,
  0x6b, 0x09, 0x6b, 0x09, 0x6b, 0x09, 0x6b, 0x09, 0x6c, 0x09, 0x8c, 0x01, 0x8c, 0x01, 0x8c, 0x01,
  0x8c, 0x01, 0x8c, 0x01, 0x8c, 0x01, 0xac, 0x01, 0xac, 0x01, 0xac, 0x01, 0xac, 0x01, 0xcc, 0x01,
  0xcd, 0x01, 0xcd, 0x01, 0xcd, 0x01, 0xed, 0x01, 0x8c, 0x01, 0xb3, 0x3b, 0xf0, 0x22, 0xac, 0x01,
  0xed, 0x01, 0xed, 0x01, 0xed, 0x01, 0xab, 0x01, 0xab, 0x01, 0xab, 0x01, 0x8b, 0x01, 0x8b, 0x01,
  0x8b, 0x01, 0x8b, 0x01, 0x8b, 0x01, 0x8b, 0x01, 0x8b, 0x01, 0x6b, 0x01, 0x8b, 0x01, 0x8b, 0x01,
  0x6b, 0x01, 0x6b, 0x01, 0x6b, 0x01, 0x6b, 0x01, 0x6b, 0x01, 0x6b, 0x01, 0x6b, 0x01, 0x4b, 0x01,
  0x4b, 0x09, 0x4b, 0x09, 0x4b, 0x09, 0x4b, 0x09, 0x4b, 0x09, 0x4b, 0x09, 0x4b, 0x09, 0x4b, 0x09,
  0x4b, 0x09, 0x4b, 0x09, 0x4b, 0x09, 0x4b, 0x09, 0x4b, 0x09, 0x4b, 0x09, 0x4b, 0x09, 0x4b, 0x09,
  0x4b, 0x09, 0x4b, 0x09, 0x4b, 0x09, 0x4b, 0x09, 0xac, 0x19, 0x4b, 0x09, 0x4b, 0x09, 0x4b, 0x09,
  0x4b, 0x09, 0x4b, 0x09, 0x4b, 0x09, 0x4b, 0x09, 0x4b, 0x09, 0x4b, 0x09, 0x4b, 0x09, 0x4b, 0x09,
  0x4b, 0x09, 0x4b, 0x09, 0x4b, 0x09, 0x4b, 0x09, 0x4b, 0x09, 0x4b, 0x09, 0x4b, 0x09, 0x4b, 0x09,
  0x4b, 0x09, 0x4b, 0x09, 0x4b, 0x09, 0x4b, 0x09, 0x4b, 0x09, 0x4b, 0x09, 0x4b, 0x09, 0x4b, 0x09,
  0x4b, 0x09, 0x4b, 0x09, 0x4b, 0x09, 0x4b, 0x09, 0x4b, 0x09, 0x4b, 0x09, 0x4b, 0x09, 0x4b, 0x09,
  0x4b, 0x09, 0x4b, 0x09, 0x4b, 0x09, 0x4b, 0x09, 0x4b, 0x09, 0x4b, 0x09, 0x4b, 0x09, 0x4b, 0x09,
  0x4b, 0x09, 0x4b, 0x09, 0x4b, 0x09, 0x4b, 0x09, 0x4b, 0x09, 0x4b, 0x09, 0x4b, 0x09, 0x4b, 0x09,
  0x4b, 0x09, 0x4b, 0x09, 0x4b, 0x09, 0x4b, 0x09, 0x4b, 0x09, 0x4b, 0x09, 0x4b, 0x09, 0x4b, 0x09,
  0x4b, 0x09, 0x4b, 0x09, 0x4b, 0x09, 0x4b, 0x09, 0x4b, 0x09, 0x4b, 0x09, 0x4b, 0x09, 0x4b, 0x09,
  0x4b, 0x09, 0x4b, 0x09, 0x4b, 0x09, 0x4b, 0x09, 0x4b, 0x09, 0x4b, 0x09, 0x4b, 0x09, 0x4b, 0x09,
  0x4b, 0x09, 0x4b, 0x09, 0x4b, 0x09, 0x4b, 0x09, 0x4b, 0x09, 0x4b, 0x09, 0x6b, 0x09, 0x6b, 0x09,
  0x6b, 0x09, 0x6b, 0x09, 0x6b, 0x09, 0x6b, 0x09, 0x6b, 0x09, 0x6b, 0x09, 0x6c, 0x09, 0x8c, 0x09,
  0x8c, 0x09, 0x8c, 0x09, 0x8c, 0x09, 0x8c, 0x09, 0x8c, 0x09, 0x8c, 0x01, 0x8c, 0x01, 0x8c, 0x01,
  0xac, 0x01, 0xac, 0x01, 0xac, 0x01, 0xad, 0x01, 0xcd, 0x01, 0xcd, 0x01, 0xcd, 0x01, 0xcd, 0x01,
  0xed, 0x01, 0xed, 0x01, 0xed, 0x01, 0xed, 0x01, 0xac, 0x01, 0xf4, 0x43, 0x11, 0x2b, 0xac, 0x01,
  0x0e, 0x02, 0x0e, 0x02, 0xed, 0x01, 0xac, 0x01, 0xac, 0x01, 0xac, 0x01, 0xac, 0x01, 0xac, 0x01,
  0xac, 0x01, 0xac, 0x01, 0xac, 0x01, 0x8c, 0x01, 0x8b, 0x01, 0x8b, 0x01, 0x8b, 0x01, 0x8b, 0x01,
  0x8b, 0x01, 0x8b, 0x01, 0x8b, 0x01, 0x8b, 0x01, 0x6b, 0x01, 0x6b, 0x01, 0x6b, 0x01, 0x6b, 0x01,
  0x6b, 0x01, 0x6b, 0x09, 0x4b, 0x09, 0x4b, 0x09, 0x4b, 0x09, 0x4b, 0x09, 0x4b, 0x09, 0x4b, 0x09,
  0x4b, 0x09, 0x4b, 0x09, 0x4b, 0x09, 0x4b, 0x09, 0x4b, 0x09, 0x4b, 0x09, 0x4b, 0x09, 0x4b, 0x09,
  0x4b, 0x09, 0x4b, 0x09, 0x4b, 0x09, 0x4b, 0x09, 0x8c, 0x19, 0x4b, 0x09, 0x4b, 0x09, 0x4b, 0x09,
  0x4b, 0x09, 0x4b, 0x09, 0x4b, 0x09, 0x4b, 0x09, 0x4b, 0x09, 0x4b, 0x09, 0x4b, 0x09, 0x4b, 0x09,
  0x4b, 0x09, 0x4b, 0x09, 0x4b, 0x09, 0x4b, 0x09, 0x4b, 0x09, 0x4b, 0x09, 0x4b, 0x09, 0x4b, 0x09,
  0x4b, 0x09, 0x4b, 0x09, 0x4b, 0x09, 0x4b, 0x09, 0x4b, 0x09, 0x4b, 0x09, 0x4b, 0x09, 0x4b, 0x09,
  0x4b, 0x09, 0x4b, 0x09, 0x4b, 0x09, 0x4b, 0x09, 0x4b, 0x09, 0x4b, 0x09, 0x4b, 0x09, 0x4b, 0x09,
  0x4b, 0x09, 0x4b, 0x09, 0x4b, 0x09, 0x4b, 0x09, 0x4b, 0x09, 0x4b, 0x09, 0x4b, 0x09, 0x4b, 0x09,
  0x4b, 0x09, 0x4b, 0x09, 0x4b, 0x09, 0x4b, 0x09, 0x4b, 0x09, 0x4b, 0x09, 0x4b, 0x09, 0x4b, 0x09,
  0x4b, 0x09, 0x4b, 0x09, 0x4b, 0x09, 0x4b, 0x09, 0x4b, 0x09, 0x4b, 0x09, 0x4b, 0x09, 0x4b, 0x09,
  0x4b, 0x09, 0x4b, 0x09, 0x4b, 0x09, 0x4b, 0x09, 0x4b, 0x09, 0x4b, 0x09, 0x4b, 0x09, 0x4b, 0x09,
  0x4b, 0x09, 0x4b, 0x09, 0x4b, 0x09, 0x4b, 0x09, 0x6b, 0x09, 0x6b, 0x09, 0x6b, 0x09, 0x4b, 0x09,
  0x6b, 0x09, 0x6b, 0x09, 0x6b, 0x09, 0x6b, 0x09, 0x6b, 0x09, 0x6b, 0x09, 0x6b, 0x09, 0x6b, 0x09,
  0x6b, 0x09, 0x6b, 0x09, 0x6c, 0x09, 0x6c, 0x09, 0x6c, 0x09, 0x6c, 0x09, 0x8c, 0x09, 0x8c, 0x09,
  0xac, 0x09, 0xac, 0x09, 0x8c, 0x09, 0x8c, 0x09, 0x8c, 0x09, 0xac, 0x01, 0xac, 0x01, 0xac, 0x01,
  0xad, 0x01, 0xcd, 0x01, 0xcd, 0x01, 0xcd, 0x01, 0xed, 0x01, 0xed, 0x01, 0xed, 0x01, 0x0d, 0x02,
  0x0d, 0x02, 0x0d, 0x02, 0x0e, 0x02, 0x0e, 0x02, 0x2e, 0x0a, 0x55, 0x54, 0x52, 0x2b, 0xed, 0x01,
  0x4e, 0x02, 0x4e, 0x02, 0x0d, 0x02, 0xcc, 0x01, 0xcc, 0x01, 0xcc, 0x01, 0xac, 0x01, 0xac, 0x01,
  0xac, 0x01, 0xac, 0x01, 0xac, 0x01, 0xac, 0x01, 0x8c, 0x01, 0x8c, 0x01, 0x8c, 0x01, 0x8c, 0x01,
  0x8c, 0x01, 0x8c, 0x01, 0x8b, 0x01, 0x8b, 0x01, 0x8b, 0x01, 0x6b, 0x01, 0x6b, 0x01, 0x6b, 0x01,
  0x6b, 0x01, 0x6b, 0x09, 0x6b, 0x09, 0x6b, 0x09, 0x6b, 0x09, 0x4b, 0x09, 0x4b, 0x09, 0x4b, 0x09,
  0x4b, 0x09, 0x4b, 0x09, 0x4b, 0x09, 0x4b, 0x09, 0x4b, 0x09, 0x4b, 0x09, 0x4b, 0x09, 0x4b, 0x09,
  0x4b, 0x09, 0x4b, 0x09, 0x4b, 0x09, 0x4b, 0x09, 0x2b, 0x09, 0x4b, 0x09, 0x4b, 0x09, 0x4b, 0x09,
  0x4b, 0x09, 0x4b, 0x09, 0x4b, 0x09, 0x4b, 0x09, 0x4b, 0x09, 0x4b, 0x09, 0x4b, 0x09, 0x4b, 0x09,
  0x4b, 0x09, 0x4b, 0x09, 0x4b, 0x09, 0x4b, 0x09, 0x4b, 0x09, 0x4b, 0x09, 0x4b, 0x09, 0x4b, 0x09,
  0x4b, 0x09, 0x4b, 0x09, 0x4b, 0x09, 0x4b, 0x09, 0x4b, 0x09, 0x4b, 0x09, 0x4b, 0x09, 0x4b, 0x09,
  0x4b, 0x09, 0x4b, 0x09, 0x4b, 0x09, 0x4b, 0x09, 0x4b, 0x09, 0x4b, 0x09, 0x4b, 0x09, 0x4b, 0x09,
  0x4b, 0x09, 0x4b, 0x09, 0x4b, 0x09, 0x4b, 0x09, 0x4b, 0x09, 0x4b, 0x09, 0x4b, 0x09, 0x4b, 0x09,
  0x4b, 0x09, 0x4b, 0x09, 0x4b, 0x09, 0x4b, 0x09, 0x4b, 0x09, 0x4b, 0x09, 0x4b, 0x09, 0x4b, 0x09,
  0x4b, 0x09, 0x4b, 0x09, 0x4b, 0x09, 0x4b, 0x09, 0x4b, 0x09, 0x4b, 0x09, 0x4b, 0x09, 0x4b, 0x09,
  0x4b, 0x09, 0x4b, 0x09, 0x4b, 0x09, 0x4b, 0x09, 0x4b, 0x09, 0x4b, 0x09, 0x4b, 0x09, 0x4b, 0x09,
  0x4b, 0x09, 0x4b, 0x09, 0x4b, 0x09, 0x6b, 0x09, 0x6b, 0x09, 0x6b, 0x09, 0x6b, 0x09, 0x6b, 0x09,
  0x6b, 0x09, 0x6b, 0x09, 0x6b, 0x09, 0x6b, 0x09, 0x6b, 0x09, 0x6c, 0x09, 0x6c, 0x09, 0x6c, 0x09,
  0x6c, 0x09, 0x6c, 0x09, 0x8c, 0x09, 0x8c, 0x09, 0x8c, 0x09, 0x8c, 0x09, 0x8c, 0x09, 0x8c, 0x09,
  0x8c, 0x09, 0xac, 0x09, 0xac, 0x09, 0xac, 0x09, 0xac, 0x01, 0xac, 0x01, 0xad, 0x01, 0xad, 0x01,
  0xcd, 0x01, 0xcd, 0x01, 0xcd, 0x01, 0xed, 0x01, 0xed, 0x01, 0xed, 0x01, 0x0e, 0x02, 0x0e, 0x02,
  0x0e, 0x02, 0x0e, 0x02, 0x2e, 0x02, 0x2e, 0x02, 0xcd, 0x01, 0x96, 0x54, 0x93, 0x33, 0xed, 0x01,
  0x6f, 0x0a, 0x4e, 0x02, 0x0e, 0x02, 0xed, 0x01, 0xed, 0x01, 0xcd, 0x01, 0xcd, 0x01, 0xcc, 0x01,
  0xcc, 0x01, 0xcc, 0x01, 0xac, 0x01, 0xac, 0x01, 0xac, 0x01, 0xac, 0x01, 0xac, 0x01, 0xac, 0x01,
  0x8c, 0x01, 0x8c, 0x01, 0x8c, 0x01, 0x8c, 0x01, 0x8c, 0x01, 0x8c, 0x01, 0x8b, 0x01, 0x6b, 0x01,
  0x6b, 0x01, 0x6b, 0x09, 0x6b, 0x09, 0x6b, 0x09, 0x6b, 0x09, 0x6b, 0x09, 0x6b, 0x09, 0x6b, 0x09,
  0x6b, 0x09, 0x6b, 0x09, 0x6b, 0x09, 0x4b, 0x09, 0x4b, 0x09, 0x4b, 0x09, 0x4b, 0x09, 0x4b, 0x09,
  0x4b, 0x09, 0x4b, 0x09, 0x4b, 0x09, 0x4b, 0x09, 0x4b, 0x09, 0x4b, 0x09, 0x4b, 0x09, 0x4b, 0x09,
  0x4b, 0x09, 0x4b, 0x09, 0x4b, 0x09, 0x4b, 0x09, 0x4b, 0x09, 0x4b, 0x09, 0x4b, 0x09, 0x4b, 0x09,
  0x4b, 0x09, 0x4b, 0x09, 0x4b, 0x09, 0x4b, 0x09, 0x4b, 0x09, 0x4b, 0x09, 0x4b, 0x09, 0x4b, 0x09,
  0x4b, 0x09, 0x4b, 0x09, 0x4b, 0x09, 0x4b, 0x09, 0x4b, 0x09, 0x4b, 0x09, 0x4b, 0x09, 0x4b, 0x09,
  0x4b, 0x09, 0x4b, 0x09, 0x4b, 0x09, 0x4b, 0x09, 0x4b, 0x09, 0x4b, 0x09, 0x4b, 0x09, 0x4b, 0x09,
  0x4b, 0x09, 0x4b, 0x09, 0x4b, 0x09, 0x4b, 0x09, 0x4b, 0x09, 0x4b, 0x09, 0x4b, 0x09, 0x4b, 0x09,
  0x4b, 0x09, 0x4b, 0x09, 0x4b, 0x09, 0x4b, 0x09, 0x4b, 0x09, 0x4b, 0x09, 0x4b, 0x09, 0x4b, 0x09,
  0x4b, 0x09, 0x4b, 0x09, 0x4b, 0x09, 0x4b, 0x09, 0x4b, 0x09, 0x4b, 0x09, 0x4b, 0x09, 0x4b, 0x09,
  0x4b, 0x09, 0x6b, 0x09, 0x4b, 0x09, 0x6b, 0x09, 0x6b, 0x09, 0x4b, 0x09, 0x6b, 0x09, 0x6b, 0x09,
  0x6b, 0x09, 0x6b, 0x09, 0x6b, 0x09, 0x6b, 0x09, 0x6b, 0x09, 0x6b, 0x09, 0x6b, 0x09, 0x6b, 0x09,
  0x6c, 0x09, 0x6c, 0x09, 0x6c, 0x09, 0x6c, 0x09, 0x6c, 0x09, 0x6c, 0x09, 0x6c, 0x09, 0x6c, 0x09,
  0x6c, 0x09, 0x8c, 0x09, 0x8c, 0x09, 0x8c, 0x09, 0x8c, 0x09, 0x8c, 0x09, 0x8c, 0x09, 0x8c, 0x09,
  0x8c, 0x09, 0x8c, 0x09, 0xac, 0x09, 0xad, 0x09, 0xad, 0x09, 0xad, 0x01, 0xad, 0x01, 0xcd, 0x01,
  0xcd, 0x01, 0xcd, 0x01, 0xed, 0x01, 0xee, 0x01, 0xee, 0x01, 0x0e, 0x02, 0x2e, 0x02, 0x2e, 0x02,
  0x2e, 0x02, 0x2e, 0x02, 0x2f, 0x02, 0x4f, 0x02, 0xed, 0x01, 0xd7, 0x64, 0xd4, 0x3b, 0x2e, 0x02,
  0x6f, 0x0a, 0x6f, 0x02, 0x2e, 0x02, 0x0d, 0x02, 0x0d, 0x02, 0xed, 0x01, 0xed, 0x01, 0xed, 0x01,
  0xed, 0x01, 0xed, 0x01, 0xcd, 0x01, 0xcd, 0x01, 0xcc, 0x01, 0xcc, 0x01, 0xac, 0x01, 0xac, 0x01,
  0xac, 0x01, 0xac, 0x01, 0x8c, 0x01, 0x8c, 0x01, 0x8c, 0x01, 0x8c, 0x01, 0x8c, 0x01, 0x8c, 0x01,
  0x6b, 0x01, 0x6b, 0x09, 0x6b, 0x09, 0x6b, 0x09, 0x6b, 0x09, 0x6b, 0x09, 0x6b, 0x09, 0x6b, 0x09,
  0x6b, 0x09, 0x6b, 0x09, 0x6b, 0x09, 0x6b, 0x09, 0x6b, 0x09, 0x6b, 0x09, 0x6b, 0x09, 0x6b, 0x09,
  0x6b, 0x09, 0x6b, 0x09, 0x4b, 0x09, 0x4b, 0x09, 0x4b, 0x09, 0x4b, 0x09, 0x4b, 0x09, 0x4b, 0x09,
  0x4b, 0x09, 0x4b, 0x09, 0x6b, 0x09, 0x6b, 0x09, 0x6b, 0x09, 0x6b, 0x09, 0x6b, 0x09, 0x6b, 0x09,
  0x6b, 0x09, 0x6b, 0x09, 0x6b, 0x09, 0x6b, 0x09, 0x6b, 0x09, 0x6b, 0x09, 0x6b, 0x09, 0x4b, 0x09,
  0x4b, 0x09, 0x4b, 0x09, 0x4b, 0x09, 0x4b, 0x09, 0x4b, 0x09, 0x4b, 0x09, 0x4b, 0x09, 0x4b, 0x09,
  0x4b, 0x09, 0x4b, 0x09, 0x4b, 0x09, 0x4b, 0x09, 0x4b, 0x09, 0x4b, 0x09, 0x4b, 0x09, 0x4b, 0x09,
  0x4b, 0x09, 0x4b, 0x09, 0x4b, 0x09, 0x4b, 0x09, 0x4b, 0x09, 0x4b, 0x09, 0x4b, 0x09, 0x4b, 0x09,
  0x4b, 0x09, 0x4b, 0x09, 0x4b, 0x09, 0x4b, 0x09, 0x4b, 0x09, 0x6b, 0x09, 0x6b, 0x09, 0x6b, 0x09,
  0x6b, 0x09, 0x6b, 0x09, 0x6b, 0x09, 0x6b, 0x09, 0x6b, 0x09, 0x6b, 0x09, 0x6b, 0x09, 0x6b, 0x09,
  0x6c, 0x09, 0x6c, 0x09, 0x6c, 0x09, 0x6b, 0x09, 0x6b, 0x09, 0x6b, 0x09, 0x6b, 0x09, 0x6b, 0x09,
  0x6b, 0x11, 0x6b, 0x11, 0x6c, 0x11, 0x6c, 0x11, 0x6c, 0x11, 0x6c, 0x11, 0x6c, 0x11, 0x6c, 0x09,
  0x6c, 0x09, 0x6c, 0x09, 0x6c, 0x09, 0x6c, 0x09, 0x6c, 0x09, 0x6c, 0x09, 0x6c, 0x09, 0x6c, 0x09,
  0x8c, 0x09, 0x8c, 0x09, 0x8c, 0x09, 0x8c, 0x09, 0x8c, 0x09, 0x8c, 0x09, 0x8c, 0x09, 0x8c, 0x09,
  0x8c, 0x09, 0x8c, 0x09, 0xad, 0x09, 0xcd, 0x09, 0xcd, 0x09, 0xcd, 0x09, 0xcd, 0x01, 0xcd, 0x01,
  0xed, 0x01, 0xee, 0x01, 0x0e, 0x02, 0x0e, 0x02, 0x0e, 0x02, 0x2e, 0x02, 0x4e, 0x02, 0x4f, 0x02,
  0x4f, 0x02, 0x4f, 0x02, 0x4f, 0x02, 0x6f, 0x02, 0x0e, 0x02, 0x17, 0x65, 0x14, 0x44, 0x6f, 0x02,
  0xb0, 0x0a, 0x90, 0x02, 0x4e, 0x02, 0x2e, 0x02, 0x0d, 0x02, 0x0d, 0x02, 0x0d, 0x02, 0x0d, 0x02,
  0x0d, 0x02, 0xed, 0x01, 0xed, 0x01, 0xed, 0x01, 0xcd, 0x01, 0xcd, 0x01, 0xcc, 0x01, 0xcc, 0x01,
  0xac, 0x01, 0xac, 0x01, 0xac, 0x01, 0xac, 0x01, 0x8c, 0x01, 0x8c, 0x01, 0x8c, 0x01, 0x8c, 0x01,
  0x8c, 0x01, 0x8c, 0x09, 0x6c, 0x09, 0x6c, 0x09, 0x6c, 0x09, 0x6c, 0x09, 0x6b, 0x09, 0x6b, 0x09,
  0x6b, 0x09, 0x6b, 0x09, 0x6b, 0x09, 0x6b, 0x09, 0x6b, 0x09, 0x6b, 0x09, 0x6b, 0x09, 0x6b, 0x09,
  0x6b, 0x09, 0x6b, 0x09, 0x6b, 0x11, 0x6b, 0x09, 0x6b, 0x09, 0x6b, 0x09, 0x6b, 0x09, 0x6b, 0x09,
  0x6b, 0x09, 0x4b, 0x09, 0x4b, 0x09, 0x6b, 0x09, 0x6b, 0x09, 0x6b, 0x09, 0x6b, 0x09, 0x6b, 0x09,
  0x6b, 0x09, 0x6b, 0x09, 0x6b, 0x09, 0x6b, 0x09, 0x6b, 0x09, 0x6b, 0x09, 0x6b, 0x09, 0x4b, 0x09,
  0x4b, 0x09, 0x4b, 0x09, 0x4b, 0x09, 0x4b, 0x09, 0x4b, 0x09, 0x4b, 0x09, 0x4b, 0x09, 0x4b, 0x09,
  0x4b, 0x09, 0x4b, 0x09, 0x4b, 0x09, 0x4b, 0x09, 0x4b, 0x09, 0x4b, 0x09, 0x4b, 0x09, 0x4b, 0x09,
  0x4b, 0x09, 0x4b, 0x09, 0x6b, 0x09, 0x6b, 0x09, 0x6c, 0x09, 0x6c, 0x09, 0x6c, 0x09, 0x6c, 0x09,
  0x6c, 0x09, 0x6c, 0x09, 0x6c, 0x09, 0x6c, 0x09, 0x6c, 0x09, 0x6c, 0x09, 0x6c, 0x09, 0x6c, 0x09,
  0x6c, 0x09, 0x6c, 0x09, 0x6c, 0x09, 0x6c, 0x09, 0x6c, 0x09, 0x6c, 0x09, 0x6c, 0x09, 0x6c, 0x09,
  0x6c, 0x09, 0x6c, 0x09, 0x6c, 0x09, 0x6c, 0x09, 0x6c, 0x09, 0x6c, 0x09, 0x6c, 0x11, 0x6c, 0x11,
  0x6c, 0x11, 0x6c, 0x11, 0x6c, 0x11, 0x6c, 0x11, 0x6c, 0x11, 0x6c, 0x11, 0x6c, 0x11, 0x6c, 0x09,
  0x8c, 0x09, 0x8c, 0x09, 0x8c, 0x09, 0x8c, 0x09, 0x8c, 0x09, 0x8c, 0x09, 0x8c, 0x09, 0x8c, 0x09,
  0x8c, 0x09, 0x8c, 0x09, 0x8c, 0x09, 0x8c, 0x09, 0x8c, 0x09, 0x8c, 0x09, 0x8c, 0x09, 0xac, 0x09,
  0xad, 0x09, 0xad, 0x09, 0xad, 0x09, 0xcd, 0x09, 0xed, 0x09, 0xed, 0x09, 0xed, 0x01, 0xee, 0x01,
  0x0e, 0x02, 0x0e, 0x02, 0x2e, 0x02, 0x2e, 0x02, 0x2f, 0x02, 0x4f, 0x02, 0x4f, 0x02, 0x6f, 0x02,
  0x8f, 0x02, 0x8f, 0x02, 0x90, 0x02, 0xb0, 0x02, 0x2f, 0x02, 0x58, 0x6d, 0x54, 0x44, 0x8f, 0x02,
  0xd0, 0x0a, 0xb0, 0x02, 0x6e, 0x02, 0x4e, 0x02, 0x2e, 0x02, 0x2e, 0x02, 0x2e, 0x02, 0x2e, 0x02,
  0x2e, 0x02, 0x0d, 0x02, 0x0d, 0x02, 0xed, 0x01, 0xed, 0x01, 0xed, 0x01, 0xcd, 0x01, 0xcd, 0x01,
  0xcc, 0x01, 0xcc, 0x01, 0xac, 0x01, 0xac, 0x01, 0xac, 0x01, 0x8c, 0x01, 0x8c, 0x01, 0x8c, 0x01,
  0x8c, 0x09, 0x8c, 0x09, 0x8c, 0x09, 0x8c, 0x09, 0x6c, 0x09, 0x6c, 0x09, 0x6c, 0x09, 0x6c, 0x09,
  0x6b, 0x09, 0x6b, 0x09, 0x6b, 0x09, 0x6b, 0x09, 0x6c, 0x09, 0x6b, 0x11, 0x6b, 0x11, 0x6b, 0x09,
  0x6b, 0x09, 0x6b, 0x09, 0x6b, 0x11, 0x6b, 0x11, 0x6b, 0x09, 0x6b, 0x09, 0x6b, 0x09, 0x6b, 0x09,
  0x4c, 0x09, 0x4c, 0x09, 0x4c, 0x09, 0x4c, 0x09, 0x4c, 0x09, 0x6c, 0x09, 0x6c, 0x09, 0x6c, 0x09,
  0x6c, 0x09, 0x6c, 0x09, 0x6c, 0x09, 0x6c, 0x09, 0x6c, 0x09, 0x6c, 0x09, 0x6c, 0x09, 0x6c, 0x09,
  0x6c, 0x09, 0x6c, 0x09, 0x6c, 0x09, 0x6c, 0x09, 0x6c, 0x09, 0x6c, 0x09, 0x6c, 0x09, 0x6c, 0x09,
  0x6c, 0x09, 0x6c, 0x09, 0x6c, 0x09, 0x6c, 0x09, 0x6b, 0x09, 0x6c, 0x09, 0x6c, 0x09, 0x6c, 0x09,
  0x6c, 0x09, 0x6c, 0x09, 0x6c, 0x09, 0x6c, 0x09, 0x6c, 0x09, 0x6c, 0x09, 0x6c, 0x09, 0x6c, 0x09,
  0x6c, 0x09, 0x6c, 0x09, 0x6c, 0x09, 0x6c, 0x09, 0x6c, 0x09, 0x6c, 0x09, 0x6c, 0x09, 0x6c, 0x09,
  0x6c, 0x09, 0x6c, 0x09, 0x6c, 0x09, 0x6c, 0x09, 0x6c, 0x09, 0x6c, 0x09, 0x6c, 0x09, 0x6c, 0x09,
  0x6c, 0x09, 0x6c, 0x11, 0x6c, 0x11, 0x6c, 0x11, 0x6c, 0x11, 0x6c, 0x11, 0x6c, 0x11, 0x6c, 0x11,
  0x6c, 0x11, 0x6c, 0x11, 0x8c, 0x11, 0x8c, 0x11, 0x8c, 0x11, 0x8c, 0x11, 0x8c, 0x11, 0x8c, 0x11,
  0x8c, 0x11, 0x8c, 0x11, 0x8c, 0x11, 0x8c, 0x09, 0x8c, 0x09, 0x8c, 0x09, 0x8c, 0x09, 0x8c, 0x09,
  0x8c, 0x09, 0x8c, 0x09, 0x8c, 0x09, 0x8c, 0x09, 0x8c, 0x09, 0xac, 0x09, 0xad, 0x09, 0xad, 0x09,
  0xad, 0x09, 0xcd, 0x09, 0xcd, 0x01, 0xcd, 0x01, 0xed, 0x01, 0x0e, 0x0a, 0x0e, 0x0a, 0x2e, 0x02,
  0x2e, 0x02, 0x2e, 0x02, 0x2f, 0x02, 0x4f, 0x02, 0x6f, 0x02, 0x6f, 0x02, 0x6f, 0x02, 0x90, 0x02,
  0xb0, 0x02, 0xb0, 0x02, 0xb0, 0x02, 0xd1, 0x02, 0x4f, 0x02, 0x58, 0x6d, 0x75, 0x44, 0xd0, 0x02,
  0xf1, 0x0a, 0xd1, 0x02, 0x8f, 0x02, 0x6f, 0x02, 0x4f, 0x02, 0x6e, 0x02, 0x6e, 0x02, 0x4e, 0x02,
  0x4e, 0x02, 0x2e, 0x02, 0x2e, 0x02, 0x0d, 0x02, 0x0d, 0x02, 0xed, 0x01, 0xed, 0x01, 0xed, 0x01,
  0xed, 0x01, 0xcd, 0x01, 0xac, 0x01, 0xac, 0x01, 0xac, 0x01, 0x8c, 0x01, 0x8c, 0x01, 0x8c, 0x01,
  0x8c, 0x09, 0x8c, 0x09, 0x8c, 0x09, 0x8c, 0x09, 0x8c, 0x09, 0x8c, 0x09, 0x8c, 0x09, 0x8c, 0x09,
  0x6c, 0x09, 0x6c, 0x09, 0x6c, 0x09, 0x6c, 0x09, 0x6c, 0x09, 0x6c, 0x09, 0x6c, 0x11, 0x6c, 0x11,
  0x6c, 0x11, 0x6c, 0x11, 0x6c, 0x11, 0x6c, 0x11, 0x6b, 0x11, 0x6b, 0x11, 0x6c, 0x09, 0x6c, 0x09,
  0x6c, 0x09, 0x6c, 0x09, 0x6c, 0x09, 0x6c, 0x09, 0x6c, 0x09, 0x6c, 0x09, 0x6c, 0x09, 0x6c, 0x09,
  0x6c, 0x09, 0x6c, 0x09, 0x6c, 0x09, 0x6c, 0x09, 0x6c, 0x09, 0x6c, 0x09, 0x6c, 0x09, 0x6c, 0x09,
  0x6c, 0x09, 0x6c, 0x09, 0x6c, 0x09, 0x6c, 0x09, 0x6c, 0x09, 0x6c, 0x09, 0x6c, 0x09, 0x6c, 0x09,
  0x6c, 0x09, 0x6c, 0x09, 0x6c, 0x09, 0x6c, 0x09, 0x6c, 0x09, 0x6c, 0x09, 0x6c, 0x09, 0x6c, 0x09,
  0x6c, 0x09, 0x6c, 0x09, 0x6c, 0x09, 0x6c, 0x09, 0x6c, 0x09, 0x6c, 0x09, 0x6c, 0x09, 0x6c, 0x09,
  0x6c, 0x09, 0x6c, 0x09, 0x6c, 0x09, 0x6c, 0x11, 0x6c, 0x11, 0x6c, 0x11, 0x8c, 0x19, 0x6c, 0x11,
  0x6c, 0x11, 0x6c, 0x11, 0x6c, 0x11, 0x6c, 0x11, 0x6c, 0x11, 0x6c, 0x11, 0x6c, 0x11, 0x6c, 0x11,
  0x6c, 0x11, 0x6c, 0x11, 0x6c, 0x11, 0x6c, 0x11, 0x6c, 0x11, 0x6c, 0x11, 0x6c, 0x11, 0x6c, 0x11,
  0x6c, 0x11, 0x8c, 0x11, 0x8c, 0x11, 0x8c, 0x11, 0x8c, 0x11, 0x8c, 0x11, 0x8c, 0x11, 0x8c, 0x11,
  0x8c, 0x11, 0x8c, 0x11, 0x8c, 0x11, 0x8c, 0x09, 0x8c, 0x09, 0x8c, 0x09, 0x8c, 0x09, 0x8c, 0x09,
  0x8c, 0x09, 0x8c, 0x09, 0x8c, 0x09, 0xad, 0x09, 0xad, 0x09, 0xad, 0x09, 0xad, 0x09, 0xad, 0x09,
  0xcd, 0x09, 0xcd, 0x09, 0xcd, 0x01, 0xed, 0x01, 0xee, 0x01, 0x0e, 0x02, 0x2e, 0x02, 0x4e, 0x02,
  0x4f, 0x02, 0x4f, 0x02, 0x4f, 0x02, 0x6f, 0x02, 0x70, 0x02, 0x90, 0x02, 0x90, 0x02, 0xb0, 0x02,
  0xd1, 0x02, 0xd1, 0x02, 0xd1, 0x02, 0xf1, 0x02, 0x70, 0x02, 0x78, 0x65, 0x96, 0x44, 0xf1, 0x02,
  0x12, 0x0b, 0xf1, 0x02, 0xaf, 0x02, 0x8f, 0x02, 0x8f, 0x02, 0x8f, 0x02, 0x8f, 0x02, 0x6f, 0x02,
  0x4e, 0x02, 0x4e, 0x02, 0x2e, 0x02, 0x2e, 0x02, 0x2e, 0x02, 0x0e, 0x02, 0x0d, 0x02, 0xed, 0x01,
  0xed, 0x01, 0xcd, 0x01, 0xcd, 0x01, 0xac, 0x01, 0xac, 0x01, 0xac, 0x01, 0x8c, 0x01, 0x8c, 0x01,
  0x8c, 0x09, 0x8c, 0x09, 0x8c, 0x09, 0x8c, 0x09, 0x8c, 0x09, 0x8c, 0x09, 0x8c, 0x09, 0x6c, 0x09,
  0x6c, 0x09, 0x6c, 0x09, 0x6c, 0x09, 0x6c, 0x09, 0x6c, 0x09, 0x6c, 0x09, 0x6c, 0x11, 0x6c, 0x11,
  0x6c, 0x11, 0x6c, 0x11, 0x6c, 0x11, 0x6c, 0x11, 0x6c, 0x11, 0x6c, 0x11, 0x6c, 0x11, 0x6c, 0x11,
  0x6c, 0x09, 0x6c, 0x09, 0x6c, 0x09, 0x6c, 0x09, 0x6c, 0x09, 0x6c, 0x09, 0x6c, 0x09, 0x6c, 0x09,
  0x6c, 0x09, 0x6c, 0x09, 0x6c, 0x09, 0x8c, 0x09, 0x6c, 0x09, 0x6c, 0x09, 0x6c, 0x09, 0x6c, 0x09,
  0x6c, 0x09, 0x6c, 0x09, 0x6c, 0x09, 0x6c, 0x09, 0x6c, 0x09, 0x6c, 0x09, 0x6c, 0x09, 0x6c, 0x09,
  0x6c, 0x09, 0x6c, 0x09, 0x6c, 0x09, 0x6c, 0x09, 0x6c, 0x09, 0x6c, 0x09, 0x6c, 0x09, 0x6c, 0x09,
  0x6c, 0x09, 0x6c, 0x09, 0x6c, 0x09, 0x6c, 0x09, 0x6c, 0x09, 0x6c, 0x09, 0x6c, 0x09, 0x6c, 0x09,
  0x6c, 0x09, 0x6c, 0x11, 0x6c, 0x11, 0x6c, 0x11, 0x6c, 0x11, 0x6c, 0x11, 0x8c, 0x11, 0x6c, 0x11,
  0x6c, 0x11, 0x6c, 0x11, 0x6c, 0x11, 0x6c, 0x11, 0x6c, 0x11, 0x6c, 0x11, 0x8c, 0x11, 0x8c, 0x11,
  0x8c, 0x11, 0x8c, 0x11, 0x8c, 0x11, 0x8c, 0x11, 0x8c, 0x11, 0x8c, 0x11, 0x8c, 0x11, 0x8c, 0x11,
  0x8c, 0x11, 0x8c, 0x11, 0x8c, 0x11, 0x8c, 0x11, 0x8c, 0x11, 0x8c, 0x11, 0x8c, 0x11, 0x8c, 0x11,
  0x8c, 0x11, 0x8c, 0x11, 0x8c, 0x11, 0x8c, 0x11, 0x8c, 0x11, 0x8c, 0x11, 0x8c, 0x11, 0x8c, 0x11,
  0x8d, 0x09, 0x8d, 0x09, 0xad, 0x09, 0xad, 0x09, 0xad, 0x09, 0xad, 0x09, 0xad, 0x09, 0xcd, 0x09,
  0xcd, 0x09, 0xcd, 0x09, 0xee, 0x01, 0xee, 0x01, 0xee, 0x01, 0x0e, 0x02, 0x2e, 0x02, 0x4f, 0x02,
  0x6f, 0x02, 0x6f, 0x02, 0x6f, 0x02, 0x70, 0x02, 0x90, 0x02, 0xb0, 0x02, 0xb1, 0x02, 0xd1, 0x02,
  0xd1, 0x02, 0xf1, 0x02, 0xf2, 0x02, 0x12, 0x03, 0xb1, 0x02, 0x79, 0x65, 0xd6, 0x4c, 0x32, 0x03,
  0x53, 0x0b, 0x32, 0x0b, 0xd0, 0x02, 0xb0, 0x02, 0xb0, 0x02, 0xaf, 0x02, 0xaf, 0x02, 0x8f, 0x02,
  0x6f, 0x02, 0x6f, 0x02, 0x4e, 0x02, 0x4e, 0x02, 0x4e, 0x02, 0x4e, 0x02, 0x2e, 0x02, 0x0d, 0x02,
  0xed, 0x01, 0xed, 0x01, 0xcd, 0x01, 0xcd, 0x01, 0xad, 0x01, 0xac, 0x01, 0xac, 0x01, 0xac, 0x09,
  0xac, 0x09, 0xac, 0x09, 0xac, 0x09, 0x8c, 0x09, 0x8c, 0x09, 0x8c, 0x09, 0x6c, 0x09, 0x6c, 0x09,
  0x6c, 0x09, 0x6c, 0x09, 0x6c, 0x11, 0x6c, 0x11, 0x6c, 0x11, 0x6c, 0x11, 0x6c, 0x11, 0x6c, 0x11,
  0x6c, 0x11, 0x6c, 0x11, 0x6c, 0x11, 0x6c, 0x11, 0x6c, 0x11, 0x6c, 0x11, 0x6c, 0x11, 0x6c, 0x11,
  0x6c, 0x11, 0x8c, 0x11, 0x8c, 0x11, 0x8c, 0x09, 0x8c, 0x09, 0x8c, 0x09, 0x8c, 0x09, 0x6c, 0x09,
  0x6c, 0x09, 0x6c, 0x09, 0x8c, 0x11, 0x8c, 0x11, 0x8c, 0x09, 0x8c, 0x09, 0x8c, 0x09, 0x8c, 0x09,
  0x8c, 0x09, 0x8c, 0x09, 0x8c, 0x09, 0x8c, 0x09, 0x8c, 0x09, 0x8c, 0x09, 0x8c, 0x09, 0x6c, 0x09,
  0x6c, 0x09, 0x6c, 0x09, 0x6c, 0x09, 0x6c, 0x09, 0x6c, 0x09, 0x6c, 0x09, 0x6c, 0x09, 0x6c, 0x09,
  0x6c, 0x09, 0x6c, 0x09, 0x6c, 0x09, 0x6c, 0x09, 0x6c, 0x09, 0x6c, 0x09, 0x6c, 0x09, 0x6c, 0x11,
  0x8c, 0x11, 0x8c, 0x11, 0x8c, 0x11, 0x8c, 0x11, 0x8c, 0x11, 0x8c, 0x11, 0x6c, 0x11, 0x8c, 0x11,
  0x8c, 0x11, 0x8c, 0x11, 0x8c, 0x11, 0x8c, 0x11, 0x8c, 0x11, 0x8c, 0x11, 0x8c, 0x11, 0x8c, 0x11,
  0x8c, 0x11, 0x8c, 0x11, 0x8c, 0x11, 0x8c, 0x11, 0x8c, 0x11, 0x8c, 0x11, 0x8c, 0x11, 0x8c, 0x11,
  0x8c, 0x11, 0x8c, 0x11, 0x8c, 0x11, 0x8c, 0x11, 0x8c, 0x11, 0x8c, 0x11, 0x8c, 0x11, 0x8c, 0x11,
  0x8c, 0x11, 0x8c, 0x11, 0x8c, 0x11, 0x8c, 0x11, 0x8c, 0x11, 0x8d, 0x11, 0x8d, 0x11, 0x8d, 0x11,
  0xad, 0x11, 0xad, 0x11, 0xad, 0x09, 0xad, 0x09, 0xad, 0x09, 0xcd, 0x09, 0xcd, 0x09, 0xcd, 0x09,
  0xed, 0x09, 0xee, 0x09, 0xee, 0x01, 0x0e, 0x02, 0x0e, 0x02, 0x2f, 0x02, 0x2f, 0x02, 0x4f, 0x02,
  0x6f, 0x02, 0x90, 0x02, 0xb0, 0x02, 0xb0, 0x02, 0xb1, 0x02, 0xd1, 0x02, 0xf1, 0x02, 0xf2, 0x02,
  0x12, 0x03, 0x32, 0x03, 0x32, 0x03, 0x33, 0x03, 0xd2, 0x02, 0x99, 0x6d, 0xf7, 0x4c, 0x72, 0x0b,
  0xb3, 0x13, 0x52, 0x0b, 0xd0, 0x02, 0xd0, 0x02, 0xf0, 0x02, 0xf0, 0x02, 0xd0, 0x02, 0xb0, 0x02,
  0x8f, 0x02, 0x6f, 0x02, 0x6f, 0x02, 0x6f, 0x02, 0x6f, 0x02, 0x4e, 0x02, 0x2e, 0x02, 0x0e, 0x02,
  0x0d, 0x02, 0xed, 0x01, 0xed, 0x01, 0xed, 0x01, 0xcd, 0x01, 0xcd, 0x01, 0xcd, 0x09, 0xcc, 0x09,
  0xcc, 0x09, 0xac, 0x09, 0xac, 0x09, 0x8c, 0x09, 0x8c, 0x09, 0x8c, 0x09, 0x8c, 0x09, 0x6c, 0x09,
  0x6c, 0x09, 0x6c, 0x09, 0x6c, 0x09, 0x6c, 0x11, 0x6c, 0x11, 0x6c, 0x11, 0x6c, 0x11, 0x6c, 0x11,
  0x8c, 0x11, 0x8c, 0x11, 0x6c, 0x11, 0x6c, 0x11, 0x8c, 0x11, 0x8c, 0x11, 0x8c, 0x11, 0x6c, 0x11,
  0x6c, 0x11, 0x8c, 0x11, 0x8c, 0x11, 0x8c, 0x11, 0x8c, 0x11, 0x6c, 0x11, 0x6c, 0x11, 0x6c, 0x09,
  0x6c, 0x09, 0x8c, 0x11, 0x8c, 0x11, 0x8c, 0x11, 0x8c, 0x11, 0x8c, 0x09, 0x8c, 0x09, 0x6c, 0x09,
  0x6c, 0x09, 0x6c, 0x09, 0x6c, 0x09, 0x6c, 0x09, 0x6c, 0x09, 0x6c, 0x09, 0x6c, 0x09, 0x6c, 0x09,
  0x6c, 0x09, 0x6c, 0x09, 0x6c, 0x09, 0x8c, 0x09, 0x6c, 0x09, 0x8c, 0x09, 0x8c, 0x09, 0x8c, 0x09,
  0x8c, 0x11, 0x8c, 0x11, 0x8c, 0x11, 0x8c, 0x11, 0x8c, 0x11, 0x8c, 0x11, 0x8c, 0x11, 0x8c, 0x11,
  0x8c, 0x11, 0x8c, 0x11, 0x8c, 0x11, 0x8c, 0x11, 0x8c, 0x11, 0x8c, 0x11, 0x8c, 0x11, 0x8c, 0x11,
  0x8c, 0x11, 0x8c, 0x11, 0x8c, 0x11, 0x8c, 0x11, 0x8c, 0x11, 0x8c, 0x11, 0x8c, 0x11, 0x8c, 0x11,
  0x8c, 0x11, 0x8c, 0x11, 0x8c, 0x11, 0x8c, 0x11, 0x8c, 0x11, 0x8c, 0x11, 0x8c, 0x11, 0x8c, 0x11,
  0x8c, 0x11, 0x8c, 0x11, 0x8c, 0x11, 0x8c, 0x11, 0x8c, 0x11, 0x8c, 0x11, 0x8c, 0x11, 0x8c, 0x11,
  0x8c, 0x11, 0x8d, 0x11, 0x8d, 0x11, 0x8d, 0x11, 0x8d, 0x11, 0xad, 0x11, 0xad, 0x11, 0xad, 0x11,
  0xad, 0x11, 0xad, 0x11, 0xad, 0x11, 0xad, 0x09, 0xcd, 0x09, 0xcd, 0x09, 0xcd, 0x09, 0xed, 0x09,
  0xee, 0x09, 0xee, 0x01, 0x0e, 0x02, 0x2e, 0x02, 0x2f, 0x02, 0x4f, 0x02, 0x4f, 0x02, 0x6f, 0x02,
  0x90, 0x02, 0xb0, 0x02, 0xd1, 0x02, 0xf1, 0x02, 0xd1, 0x02, 0xf2, 0x02, 0x12, 0x03, 0x12, 0x03,
  0x32, 0x03, 0x53, 0x03, 0x53, 0x03, 0x73, 0x03, 0x12, 0x03, 0xb9, 0x65, 0x37, 0x55, 0xb3, 0x0b,
  0xf4, 0x13, 0x72, 0x0b, 0xf1, 0x02, 0x11, 0x03, 0x11, 0x0b, 0xf1, 0x02, 0xd0, 0x02, 0xb0, 0x02,
  0xb0, 0x02, 0x90, 0x02, 0xaf, 0x02, 0x8f, 0x02, 0x6f, 0x02, 0x4f, 0x02, 0x4e, 0x02, 0x2e, 0x02,
  0x2e, 0x02, 0x0e, 0x02, 0x0e, 0x02, 0x0d, 0x02, 0x0d, 0x02, 0x0d, 0x02, 0xed, 0x01, 0xcd, 0x01,
  0xcc, 0x01, 0xac, 0x01, 0xac, 0x01, 0x8c, 0x09, 0x8c, 0x09, 0x8c, 0x09, 0x8c, 0x09, 0x8c, 0x09,
  0x8c, 0x09, 0x8c, 0x09, 0x6c, 0x09, 0x6c, 0x11, 0x6c, 0x11, 0x6c, 0x11, 0x8c, 0x11, 0x6c, 0x11,
  0x6c, 0x11, 0x6c, 0x11, 0x6c, 0x11, 0x6c, 0x11, 0x6c, 0x11, 0x6c, 0x11, 0x6c, 0x11, 0x6c, 0x11,
  0x6c, 0x11, 0x8c, 0x11, 0x8c, 0x11, 0x8c, 0x11, 0x8c, 0x11, 0x6c, 0x11, 0x6c, 0x11, 0x6c, 0x11,
  0x6c, 0x11, 0x6c, 0x11, 0x6c, 0x11, 0x6c, 0x11, 0x6c, 0x11, 0x8c, 0x11, 0x8c, 0x11, 0x8c, 0x11,
  0x8c, 0x09, 0x8c, 0x09, 0x8c, 0x09, 0x8c, 0x09, 0x8c, 0x09, 0x8c, 0x09, 0x8c, 0x09, 0x8c, 0x09,
  0x8c, 0x09, 0x8c, 0x09, 0x8c, 0x09, 0x8c, 0x09, 0x8c, 0x09, 0x8c, 0x09, 0x8c, 0x09, 0x8c, 0x11,
  0x8c, 0x11, 0x8c, 0x11, 0x8c, 0x11, 0x8c, 0x11, 0x8c, 0x11, 0x8c, 0x11, 0x8c, 0x11, 0x8c, 0x11,
  0x8c, 0x11, 0x8c, 0x11, 0x8c, 0x11, 0x8c, 0x11, 0x8c, 0x11, 0x8c, 0x11, 0x8c, 0x11, 0x8c, 0x11,
  0x8c, 0x11, 0x8c, 0x11, 0x8c, 0x11, 0x8c, 0x11, 0x8c, 0x11, 0x8c, 0x11, 0x8c, 0x11, 0x8c, 0x11,
  0x8c, 0x11, 0x8c, 0x11, 0x8c, 0x11, 0x8c, 0x11, 0x8c, 0x11, 0x8c, 0x11, 0x8c, 0x11, 0x8c, 0x11,
  0x8c, 0x11, 0x8c, 0x11, 0x8c, 0x11, 0x8c, 0x11, 0x8c, 0x11, 0x8d, 0x11, 0x8d, 0x11, 0x8d, 0x11,
  0x8d, 0x11, 0xad, 0x11, 0xad, 0x11, 0xad, 0x11, 0xad, 0x11, 0xad, 0x11, 0xad, 0x11, 0xad, 0x11,
  0xad, 0x11, 0xad, 0x11, 0xcd, 0x11, 0xcd, 0x09, 0xcd, 0x09, 0xcd, 0x09, 0xee, 0x09, 0xee, 0x09,
  0xee, 0x09, 0x0e, 0x02, 0x2e, 0x02, 0x2f, 0x02, 0x4f, 0x02, 0x4f, 0x02, 0x70, 0x02, 0x90, 0x02,
  0x90, 0x02, 0xb1, 0x02, 0xd1, 0x02, 0x12, 0x03, 0x32, 0x0b, 0x12, 0x03, 0x32, 0x03, 0x33, 0x03,
  0x53, 0x03, 0x94, 0x0b, 0x94, 0x0b, 0xb4, 0x0b, 0x33, 0x03, 0xba, 0x6d, 0x58, 0x55, 0xf4, 0x0b,
  0x15, 0x14, 0x73, 0x0b, 0x32, 0x03, 0x52, 0x0b, 0x51, 0x0b, 0x11, 0x03, 0xf1, 0x02, 0xf1, 0x02,
  0xf1, 0x02, 0xf1, 0x02, 0xd0, 0x02, 0xb0, 0x02, 0x90, 0x02, 0x6f, 0x02, 0x6f, 0x02, 0x6f, 0x02,
  0x6f, 0x02, 0x4e, 0x02, 0x4e, 0x0a, 0x4e, 0x0a, 0x2e, 0x02, 0x0d, 0x02, 0xed, 0x01, 0xcd, 0x01,
  0xad, 0x01, 0xac, 0x01, 0xac, 0x01, 0x8c, 0x09, 0x8c, 0x09, 0x8c, 0x09, 0x8c, 0x09, 0x8c, 0x09,
  0x8c, 0x09, 0x6c, 0x09, 0x6c, 0x09, 0x6c, 0x09, 0x6c, 0x11, 0x6c, 0x11, 0x8c, 0x11, 0x6c, 0x11,
  0x6c, 0x11, 0x6c, 0x11, 0x6c, 0x11, 0x6c, 0x11, 0x6c, 0x11, 0x8c, 0x11, 0x8c, 0x11, 0x8c, 0x11,
  0x8c, 0x11, 0x8c, 0x11, 0x8c, 0x11, 0x8c, 0x11, 0x8c, 0x11, 0x8c, 0x11, 0x8c, 0x11, 0x8c, 0x11,
  0x8c, 0x11, 0x8c, 0x11, 0x8c, 0x11, 0x8c, 0x11, 0x8c, 0x11, 0x8c, 0x11, 0x8c, 0x11, 0x8c, 0x11,
  0x8c, 0x09, 0x8c, 0x11, 0x8c, 0x11, 0x8c, 0x11, 0x8c, 0x11, 0x8c, 0x11, 0x8c, 0x11, 0x8c, 0x11,
  0x8c, 0x11, 0x8c, 0x11, 0x8c, 0x11, 0x8c, 0x11, 0x8c, 0x11, 0x8c, 0x11, 0x8c, 0x11, 0x8c, 0x11,
  0x8c, 0x11, 0x8c, 0x11, 0x8c, 0x11, 0x8c, 0x11, 0x8c, 0x11, 0x8c, 0x11, 0x8c, 0x11, 0x8c, 0x11,
  0x8c, 0x11, 0x8c, 0x11, 0x8c, 0x11, 0x8c, 0x11, 0x8c, 0x11, 0x8c, 0x11, 0x8c, 0x11, 0x8c, 0x11,
  0x8c, 0x11, 0x8c, 0x11, 0x8c, 0x11, 0x8c, 0x11, 0x8c, 0x11, 0x8c, 0x11, 0x8c, 0x11, 0x8c, 0x11,
  0x8c, 0x11, 0x8c, 0x11, 0x8c, 0x11, 0x8c, 0x11, 0x8c, 0x11, 0x8c, 0x11, 0x8d, 0x11, 0x8d, 0x11,
  0x8c, 0x11, 0x8d, 0x11, 0x8d, 0x11, 0x8d, 0x11, 0x8d, 0x11, 0x8d, 0x11, 0x8d, 0x11, 0x8d, 0x11,
  0xad, 0x11, 0xad, 0x11, 0xad, 0x11, 0xad, 0x11, 0xad, 0x11, 0xad, 0x11, 0xad, 0x11, 0xad, 0x11,
  0xad, 0x11, 0xcd, 0x11, 0xcd, 0x11, 0xcd, 0x09, 0xcd, 0x09, 0xee, 0x09, 0xee, 0x09, 0xee, 0x09,
  0x0e, 0x0a, 0x2e, 0x0a, 0x2f, 0x02, 0x4f, 0x02, 0x4f, 0x02, 0x70, 0x02, 0x90, 0x02, 0xb0, 0x02,
  0xd1, 0x02, 0xd1, 0x02, 0xf2, 0x02, 0x12, 0x03, 0x53, 0x0b, 0x73, 0x0b, 0x53, 0x03, 0x53, 0x03,
  0x74, 0x03, 0xb4, 0x0b, 0xd5, 0x0b, 0xd5, 0x0b, 0x74, 0x03, 0xda, 0x6d, 0x98, 0x5d, 0x35, 0x14,
  0x35, 0x14, 0x93, 0x03, 0x72, 0x0b, 0x92, 0x0b, 0x52, 0x03, 0x32, 0x03, 0x12, 0x03, 0x32, 0x03,
  0x32, 0x0b, 0x11, 0x03, 0xd1, 0x02, 0xd1, 0x02, 0xd0, 0x02, 0xd0, 0x02, 0xb0, 0x02, 0xaf, 0x0a,
  0xaf, 0x0a, 0x8f, 0x0a, 0x4e, 0x02, 0x2e, 0x02, 0x0e, 0x02, 0xed, 0x01, 0xed, 0x01, 0xcd, 0x01,
  0xcd, 0x01, 0xad, 0x01, 0xac, 0x01, 0xac, 0x09, 0x8c, 0x09, 0x8c, 0x09, 0x8c, 0x09, 0x8c, 0x09,
  0x8c, 0x09, 0x8c, 0x09, 0x8c, 0x09, 0x6c, 0x11, 0x6c, 0x11, 0x6c, 0x11, 0x8c, 0x11, 0x6c, 0x11,
  0x6c, 0x11, 0x8c, 0x11, 0x8c, 0x11, 0x8c, 0x11, 0x8c, 0x11, 0x8c, 0x11, 0x8c, 0x11, 0x8c, 0x11,
  0x8c, 0x11, 0x8c, 0x11, 0x8c, 0x11, 0x8c, 0x11, 0x8c, 0x11, 0x8c, 0x11, 0x8c, 0x11, 0x8c, 0x11,
  0x8c, 0x11, 0x8c, 0x11, 0x8c, 0x11, 0x8c, 0x11, 0x8c, 0x11, 0x8c, 0x11, 0x8c, 0x11, 0x8c, 0x11,
  0x8c, 0x11, 0x8c, 0x11, 0x8c, 0x11, 0x8c, 0x11, 0x8c, 0x11, 0x8c, 0x11, 0x8c, 0x11, 0x8c, 0x11,
  0x8c, 0x11, 0x8c, 0x11, 0x8c, 0x11, 0x8c, 0x11, 0x8c, 0x11, 0x8c, 0x11, 0x8c, 0x11, 0x8c, 0x11,
  0x8d, 0x11, 0x8d, 0x11, 0x8d, 0x11, 0x8d, 0x11, 0x8d, 0x11, 0x8d, 0x11, 0x8d, 0x11, 0x8d, 0x11,
  0x8d, 0x11, 0x8d, 0x11, 0x8d, 0x11, 0x8d, 0x11, 0x8d, 0x11, 0x8d, 0x11, 0x8d, 0x11, 0x8d, 0x11,
  0x8d, 0x11, 0x8d, 0x11, 0x8d, 0x11, 0x8d, 0x11, 0x8d, 0x11, 0x8d, 0x11, 0x8d, 0x11, 0x8d, 0x11,
  0x8d, 0x11, 0x8d, 0x11, 0x8d, 0x11, 0xad, 0x11, 0xad, 0x11, 0xad, 0x11, 0x8d, 0x11, 0x8d, 0x11,
  0x8d, 0x11, 0x8d, 0x11, 0x8d, 0x11, 0xad, 0x11, 0xad, 0x11, 0xad, 0x11, 0xad, 0x11, 0xad, 0x11,
  0xad, 0x11, 0xad, 0x11, 0xad, 0x11, 0xad, 0x11, 0xad, 0x11, 0xad, 0x11, 0xad, 0x11, 0xcd, 0x11,
  0xcd, 0x11, 0xcd, 0x11, 0xcd, 0x11, 0xce, 0x09, 0xee, 0x09, 0xee, 0x09, 0xee, 0x09, 0x0e, 0x0a,
  0x0e, 0x0a, 0x2f, 0x0a, 0x4f, 0x02, 0x4f, 0x02, 0x70, 0x02, 0x90, 0x02, 0xb0, 0x02, 0xf1, 0x0a,
  0x12, 0x0b, 0x12, 0x03, 0x12, 0x03, 0x12, 0x03, 0x33, 0x03, 0x94, 0x0b, 0xd4, 0x13, 0x94, 0x03,
  0x94, 0x03, 0xb5, 0x03, 0x15, 0x14, 0x15, 0x0c, 0x95, 0x03, 0xfa, 0x6d, 0xb9, 0x5d, 0x76, 0x1c,
  0x56, 0x14, 0x94, 0x03, 0xb3, 0x0b, 0x93, 0x0b, 0x93, 0x0b, 0x73, 0x03, 0x53, 0x03, 0x73, 0x0b,
  0x32, 0x03, 0x12, 0x03, 0x12, 0x03, 0x31, 0x0b, 0x31, 0x0b, 0x11, 0x0b, 0xf0, 0x0a, 0xd0, 0x0a,
  0xaf, 0x0a, 0x6f, 0x02, 0x4f, 0x02, 0x2e, 0x02, 0x0e, 0x02, 0x0e, 0x02, 0xed, 0x01, 0xcd, 0x01,
  0xcd, 0x01, 0xcd, 0x01, 0xad, 0x01, 0xac, 0x09, 0xac, 0x09, 0x8c, 0x09, 0x8c, 0x09, 0x8c, 0x09,
  0x8c, 0x09, 0x8c, 0x09, 0x8c, 0x11, 0x6c, 0x11, 0x6c, 0x11, 0x6c, 0x11, 0x8c, 0x11, 0x6c, 0x11,
  0x6c, 0x11, 0x8c, 0x11, 0x8c, 0x11, 0x8c, 0x11, 0x8c, 0x11, 0x8c, 0x11, 0x8c, 0x11, 0x8c, 0x11,
  0x8c, 0x11, 0x8c, 0x11, 0x8c, 0x11, 0x8c, 0x11, 0x8c, 0x11, 0x8c, 0x11, 0x8c, 0x11, 0x8c, 0x11,
  0x8c, 0x11, 0x8c, 0x11, 0x8c, 0x11, 0x8d, 0x11, 0x8c, 0x11, 0x8c, 0x11, 0x8c, 0x11, 0x8c, 0x11,
  0x8c, 0x11, 0x8c, 0x11, 0x8c, 0x11, 0x8c, 0x11, 0x8d, 0x11, 0x8d, 0x11, 0x8d, 0x11, 0x8d, 0x11,
  0x8d, 0x11, 0x8d, 0x11, 0x8d, 0x11, 0x8d, 0x11, 0x8d, 0x11, 0x8d, 0x11, 0x8d, 0x11, 0x8d, 0x11,
  0x8d, 0x11, 0x8d, 0x11, 0x8d, 0x11, 0x8d, 0x11, 0x8d, 0x11, 0x8d, 0x11, 0x8d, 0x11, 0x8d, 0x11,
  0x8d, 0x11, 0x8d, 0x11, 0x8d, 0x11, 0x8d, 0x11, 0x8d, 0x11, 0x8d, 0x11, 0x8d, 0x11, 0x8d, 0x11,
  0xad, 0x11, 0xad, 0x11, 0xad, 0x11, 0xad, 0x11, 0xad, 0x11, 0xad, 0x11, 0xad, 0x11, 0xad, 0x11,
  0xad, 0x11, 0xad, 0x11, 0xad, 0x11, 0xad, 0x11, 0xad, 0x11, 0xad, 0x11, 0x8d, 0x11, 0x8d, 0x11,
  0xad, 0x11, 0xad, 0x11, 0xad, 0x11, 0xad, 0x11, 0xad, 0x11, 0xad, 0x11, 0xad, 0x11, 0xad, 0x11,
  0xad, 0x11, 0xad, 0x11, 0xad, 0x11, 0xad, 0x11, 0xad, 0x11, 0xad, 0x11, 0xcd, 0x11, 0xcd, 0x11,
  0xcd, 0x11, 0xcd, 0x11, 0xce, 0x11, 0xee, 0x11, 0xee, 0x09, 0xee, 0x09, 0x0e, 0x0a, 0x0f, 0x0a,
  0x2f, 0x0a, 0xb0, 0x1a, 0x70, 0x0a, 0x70, 0x02, 0x90, 0x02, 0x91, 0x02, 0xb1, 0x02, 0xd1, 0x02,
  0x12, 0x0b, 0x73, 0x13, 0x93, 0x13, 0x73, 0x0b, 0x53, 0x03, 0x74, 0x03, 0xd5, 0x0b, 0x15, 0x14,
  0xd5, 0x03, 0xd5, 0x03, 0x36, 0x14, 0x56, 0x1c, 0xd5, 0x03, 0x1b, 0x6e, 0xfa, 0x65, 0xd6, 0x24,
  0x56, 0x14, 0xd4, 0x0b, 0xd4, 0x0b, 0xd4, 0x0b, 0xb4, 0x0b, 0x94, 0x03, 0x93, 0x03, 0x53, 0x03,
  0x73, 0x03, 0x93, 0x13, 0x92, 0x13, 0x72, 0x13, 0x51, 0x0b, 0x11, 0x0b, 0xf0, 0x0a, 0xb0, 0x02,
  0x90, 0x02, 0x6f, 0x02, 0x4f, 0x02, 0x2e, 0x02, 0x2e, 0x02, 0x0e, 0x02, 0x0e, 0x02, 0x0e, 0x02,
  0x0d, 0x0a, 0xed, 0x09, 0xed, 0x09, 0xcd, 0x09, 0xad, 0x09, 0xac, 0x09, 0xac, 0x09, 0x8c, 0x09,
  0x8c, 0x09, 0x8c, 0x09, 0x8c, 0x11, 0x8c, 0x11, 0x8c, 0x11, 0x6c, 0x11, 0x8c, 0x11, 0x6c, 0x11,
  0x6c, 0x11, 0x6c, 0x11, 0x8c, 0x11, 0x8c, 0x11, 0x8c, 0x11, 0x8c, 0x11, 0x8c, 0x11, 0x8c, 0x11,
  0x8c, 0x11, 0x8c, 0x11, 0x8c, 0x11, 0x8c, 0x11, 0x8c, 0x11, 0x8c, 0x11, 0x8c, 0x11, 0x8c, 0x11,
  0x8c, 0x11, 0x8d, 0x11, 0x8d, 0x11, 0x8d, 0x11, 0x8d, 0x11, 0x8d, 0x11, 0x8d, 0x11, 0x8d, 0x11,
  0x8d, 0x11, 0x8d, 0x11, 0x8d, 0x11, 0x8d, 0x11, 0x8d, 0x11, 0x8d, 0x11, 0x8d, 0x11, 0x8d, 0x11,
  0x8d, 0x11, 0x8d, 0x11, 0x8d, 0x11, 0x8d, 0x11, 0x8d, 0x11, 0x8d, 0x11, 0x8d, 0x11, 0x8d, 0x11,
  0x8d, 0x11, 0x8d, 0x11, 0xad, 0x11, 0xad, 0x11, 0xad, 0x11, 0xad, 0x11, 0xad, 0x11, 0xad, 0x11,
  0xad, 0x11, 0xad, 0x11, 0xad, 0x11, 0xad, 0x11, 0xad, 0x11, 0xad, 0x11, 0xad, 0x11, 0xad, 0x11,
  0xad, 0x11, 0xad, 0x11, 0xad, 0x11, 0xad, 0x11, 0xad, 0x11, 0xad, 0x11, 0xad, 0x11, 0xad, 0x11,
  0xad, 0x11, 0xad, 0x11, 0xad, 0x11, 0xad, 0x11, 0xad, 0x11, 0xad, 0x11, 0xad, 0x11, 0xad, 0x11,
  0xad, 0x11, 0xad, 0x11, 0xad, 0x11, 0xad, 0x11, 0xad, 0x11, 0xad, 0x11, 0xad, 0x11, 0xad, 0x11,
  0xad, 0x11, 0xad, 0x11, 0xad, 0x11, 0xcd, 0x11, 0xcd, 0x11, 0xcd, 0x11, 0xcd, 0x11, 0xcd, 0x11,
  0xce, 0x11, 0xce, 0x11, 0xee, 0x11, 0xee, 0x11, 0xee, 0x09, 0x0e, 0x0a, 0x0f, 0x0a, 0x2f, 0x0a,
  0x2f, 0x0a, 0x4f, 0x0a, 0x70, 0x02, 0x70, 0x02, 0x91, 0x02, 0xb1, 0x02, 0xd1, 0x02, 0xf2, 0x02,
  0x12, 0x03, 0x33, 0x03, 0x73, 0x0b, 0xd4, 0x13, 0xf4, 0x13, 0xb4, 0x0b, 0x95, 0x03, 0x15, 0x14,
  0x56, 0x1c, 0xf6, 0x03, 0x36, 0x0c, 0xd7, 0x24, 0x16, 0x04, 0x3b, 0x76, 0x3a, 0x6e, 0x17, 0x25,
  0x77, 0x14, 0x35, 0x14, 0x15, 0x14, 0x15, 0x14, 0xd4, 0x03, 0xb4, 0x03, 0xb4, 0x03, 0xf4, 0x13,
  0x14, 0x1c, 0xd3, 0x13, 0x93, 0x13, 0x72, 0x0b, 0x32, 0x0b, 0x11, 0x03, 0xd1, 0x02, 0xb0, 0x02,
  0xb0, 0x02, 0x90, 0x02, 0x8f, 0x02, 0x6f, 0x02, 0x6f, 0x02, 0x4f, 0x02, 0x4e, 0x0a, 0x2e, 0x0a,
  0x0e, 0x0a, 0xed, 0x09, 0xcd, 0x09, 0xcd, 0x09, 0xad, 0x09, 0xac, 0x09, 0x8c, 0x09, 0x8c, 0x09,
  0x8c, 0x09, 0x8c, 0x11, 0x8c, 0x11, 0x8c, 0x11, 0x8c, 0x11, 0x8c, 0x11, 0x8c, 0x11, 0x8c, 0x11,
  0x8c, 0x11, 0x8c, 0x11, 0x8c, 0x11, 0x8c, 0x11, 0x8c, 0x11, 0x8c, 0x11, 0x8c, 0x11, 0x8c, 0x11,
  0x8c, 0x11, 0x8c, 0x11, 0x8c, 0x11, 0x8c, 0x11, 0x8c, 0x11, 0x8c, 0x11, 0x8c, 0x11, 0x8c, 0x11,
  0x8c, 0x11, 0x8d, 0x11, 0x8d, 0x11, 0x8d, 0x11, 0x8d, 0x11, 0x8d, 0x11, 0x8d, 0x11, 0xad, 0x11,
  0xad, 0x11, 0xad, 0x11, 0xad, 0x11, 0xad, 0x11, 0xad, 0x11, 0xad, 0x11, 0xad, 0x11, 0xad, 0x11,
  0xad, 0x11, 0xad, 0x11, 0xad, 0x11, 0xad, 0x11, 0xad, 0x11, 0xad, 0x11, 0xad, 0x11, 0xad, 0x11,
  0xad, 0x11, 0xad, 0x11, 0xad, 0x11, 0xad, 0x11, 0xad, 0x11, 0xad, 0x11, 0xad, 0x11, 0xad, 0x11,
  0xad, 0x11, 0xad, 0x11, 0xad, 0x11, 0xad, 0x11, 0xad, 0x11, 0xad, 0x11, 0xad, 0x11, 0xad, 0x11,
  0xad, 0x11, 0xad, 0x11, 0xad, 0x11, 0xad, 0x11, 0xad, 0x11, 0xad, 0x11, 0xad, 0x11, 0xad, 0x11,
  0xad, 0x11, 0xad, 0x11, 0xad, 0x11, 0xad, 0x11, 0xad, 0x11, 0xad, 0x11, 0xad, 0x11, 0xad, 0x11,
  0xad, 0x11, 0xad, 0x11, 0xad, 0x11, 0xad, 0x11, 0xad, 0x11, 0xad, 0x11, 0xad, 0x11, 0xad, 0x11,
  0xcd, 0x11, 0xcd, 0x11, 0xcd, 0x11, 0xcd, 0x11, 0xcd, 0x11, 0xcd, 0x11, 0xce, 0x11, 0xce, 0x11,
  0xee, 0x11, 0xee, 0x11, 0xee, 0x11, 0xee, 0x11, 0x0e, 0x0a, 0x0e, 0x0a, 0x2f, 0x0a, 0x2f, 0x0a,
  0x4f, 0x0a, 0x50, 0x02, 0x70, 0x02, 0x90, 0x02, 0xb1, 0x02, 0xd1, 0x02, 0xd2, 0x02, 0xf2, 0x02,
  0x12, 0x03, 0x33, 0x03, 0x53, 0x03, 0x94, 0x03, 0xf5, 0x13, 0x55, 0x1c, 0x56, 0x1c, 0xf6, 0x03,
  0x56, 0x14, 0x97, 0x1c, 0x57, 0x0c, 0xf8, 0x2c, 0x97, 0x14, 0x5b, 0x7e, 0x9b, 0x7e, 0x58, 0x2d,
  0x97, 0x14, 0x76, 0x1c, 0x97, 0x1c, 0x15, 0x0c, 0xf5, 0x0b, 0x35, 0x14, 0x75, 0x24, 0x54, 0x1c,
  0xf4, 0x13, 0xb4, 0x0b, 0x93, 0x0b, 0x52, 0x03, 0x12, 0x03, 0xf1, 0x02, 0xf1, 0x02, 0xd1, 0x02,
  0xd1, 0x02, 0xd1, 0x02, 0xb0, 0x02, 0x90, 0x02, 0x8f, 0x02, 0x4f, 0x02, 0x2e, 0x02, 0x0e, 0x02,
  0x0e, 0x02, 0xed, 0x09, 0xed, 0x09, 0xcd, 0x09, 0xad, 0x09, 0xac, 0x09, 0xac, 0x09, 0x8c, 0x09,
  0x8c, 0x09, 0x8c, 0x11, 0x8c, 0x11, 0x8c, 0x11, 0x8c, 0x11, 0x8c, 0x11, 0x8c, 0x11, 0x8c, 0x11,
  0x8c, 0x11, 0x8c, 0x11, 0x8c, 0x11, 0x8c, 0x11, 0x8c, 0x11, 0x8c, 0x11, 0x8c, 0x11, 0x8c, 0x11,
  0x8c, 0x11, 0x8c, 0x11, 0x8c, 0x11, 0x8c, 0x11, 0x8c, 0x11, 0x8c, 0x11, 0x8c, 0x11, 0x8c, 0x11,
  0xac, 0x11, 0xac, 0x11, 0xad, 0x11, 0xad, 0x11, 0xad, 0x11, 0xad, 0x11, 0xad, 0x11, 0xad, 0x11,
  0xad, 0x11, 0xad, 0x11, 0xad, 0x11, 0xad, 0x11, 0xad, 0x11, 0xad, 0x11, 0xad, 0x11, 0xad, 0x11,
  0xad, 0x11, 0xad, 0x11, 0xad, 0x11, 0xad, 0x11, 0xad, 0x11, 0xad, 0x11, 0xad, 0x11, 0xad, 0x11,
  0xad, 0x11, 0xad, 0x11, 0xad, 0x11, 0xad, 0x11, 0xad, 0x11, 0xad, 0x11, 0xad, 0x11, 0xad, 0x11,
  0xad, 0x11, 0xad, 0x11, 0xad, 0x11, 0xad, 0x11, 0xad, 0x11, 0xad, 0x11, 0xad, 0x11, 0xad, 0x11,
  0xad, 0x11, 0xad, 0x11, 0xad, 0x11, 0xad, 0x11, 0xad, 0x11, 0xad, 0x11, 0xad, 0x11, 0xad, 0x11,
  0xad, 0x11, 0xad, 0x11, 0xad, 0x11, 0xad, 0x11, 0xad, 0x11, 0xad, 0x11, 0xad, 0x11, 0xad, 0x11,
  0xad, 0x11, 0xad, 0x11, 0xad, 0x11, 0xad, 0x11, 0xad, 0x11, 0xad, 0x11, 0xad, 0x11, 0xcd, 0x11,
  0xcd, 0x11, 0xcd, 0x11, 0xcd, 0x11, 0xce, 0x11, 0xce, 0x11, 0xce, 0x11, 0xee, 0x11, 0xce, 0x11,
  0xee, 0x11, 0xee, 0x11, 0xee, 0x11, 0x0e, 0x12, 0x0e, 0x0a, 0x2f, 0x0a, 0x2f, 0x0a, 0x2f, 0x0a,
  0x4f, 0x0a, 0x70, 0x02, 0x90, 0x02, 0x91, 0x02, 0xb1, 0x02, 0xd2, 0x02, 0xf2, 0x02, 0x12, 0x03,
  0x33, 0x03, 0x53, 0x03, 0x74, 0x03, 0x94, 0x03, 0xb5, 0x03, 0xf5, 0x0b, 0x76, 0x1c, 0xd7, 0x2c,
  0x97, 0x1c, 0xb7, 0x1c, 0xd8, 0x1c, 0xf8, 0x24, 0x38, 0x25, 0x7c, 0x86, 0x1c, 0x97, 0x99, 0x35,
  0x18, 0x2d, 0x37, 0x35, 0xd7, 0x1c, 0x96, 0x1c, 0xf6, 0x2c, 0xd6, 0x2c, 0x75, 0x1c, 0x15, 0x14,
  0xf4, 0x13, 0xb4, 0x0b, 0x73, 0x03, 0x53, 0x03, 0x73, 0x03, 0x53, 0x03, 0x32, 0x03, 0x12, 0x03,
  0xf1, 0x02, 0x90, 0x02, 0x4f, 0x02, 0x2f, 0x02, 0x2e, 0x02, 0x4f, 0x02, 0x4f, 0x0a, 0x0e, 0x02,
  0xcd, 0x01, 0xad, 0x01, 0xad, 0x01, 0xad, 0x01, 0xad, 0x09, 0x8c, 0x09, 0x6c, 0x01, 0x8c, 0x09,
  0x8c, 0x09, 0x8c, 0x11, 0x8c, 0x11, 0x8c, 0x11, 0x6c, 0x11, 0x6c, 0x11, 0x8c, 0x11, 0x8c, 0x11,
  0x6c, 0x11, 0x8c, 0x11, 0x8c, 0x11, 0x8c, 0x11, 0x8c, 0x11, 0x8c, 0x11, 0x8c, 0x11, 0x8c, 0x11,
  0x8c, 0x11, 0x8c, 0x11, 0x8c, 0x11, 0x8c, 0x11, 0x8c, 0x11, 0x8c, 0x11, 0x8c, 0x11, 0xad, 0x11,
  0xad, 0x11, 0xad, 0x11, 0xad, 0x11, 0xad, 0x11, 0xad, 0x11, 0xad, 0x11, 0xad, 0x11, 0xad, 0x11,
  0xad, 0x11, 0xad, 0x11, 0xad, 0x11, 0xad, 0x11, 0xad, 0x11, 0xad, 0x11, 0xad, 0x11, 0xad, 0x11,
  0xad, 0x11, 0xad, 0x11, 0xad, 0x11, 0xad, 0x11, 0xad, 0x11, 0xad, 0x11, 0xad, 0x11, 0xad, 0x11,
  0xad, 0x11, 0xad, 0x11, 0xad, 0x11, 0xad, 0x11, 0xad, 0x11, 0xad, 0x11, 0xad, 0x11, 0xad, 0x11,
  0xad, 0x11, 0xad, 0x11, 0xad, 0x11, 0xad, 0x11, 0xad, 0x11, 0xad, 0x11, 0xad, 0x11, 0xad, 0x11,
  0xad, 0x11, 0xad, 0x11, 0xad, 0x11, 0xad, 0x11, 0xad, 0x11, 0xad, 0x11, 0xad, 0x11, 0xad, 0x11,
  0xad, 0x11, 0xad, 0x11, 0xad, 0x11, 0xad, 0x19, 0xad, 0x19, 0xad, 0x19, 0xad, 0x19, 0xcd, 0x19,
  0xcd, 0x19, 0xcd, 0x19, 0xcd, 0x19, 0xcd, 0x19, 0xce, 0x19, 0xce, 0x19, 0xce, 0x19, 0xce, 0x19,
  0xce, 0x19, 0xce, 0x19, 0xce, 0x19, 0xee, 0x19, 0xee, 0x19, 0xee, 0x11, 0xee, 0x11, 0xee, 0x11,
  0xee, 0x11, 0xee, 0x11, 0x0e, 0x12, 0x0f, 0x12, 0x2f, 0x12, 0x2f, 0x0a, 0x4f, 0x0a, 0x4f, 0x0a,
  0x70, 0x0a, 0x70, 0x0a, 0x91, 0x02, 0xb1, 0x02, 0xd1, 0x02, 0xd2, 0x02, 0x12, 0x03, 0x33, 0x03,
  0x53, 0x03, 0x74, 0x03, 0x94, 0x0b, 0xd5, 0x0b, 0xd5, 0x03, 0xd6, 0x03, 0xf6, 0x03, 0x77, 0x14,
  0x18, 0x2d, 0x58, 0x35, 0x79, 0x35, 0x59, 0x2d, 0x99, 0x35, 0xfc, 0xa6, 0xbc, 0xaf, 0x7a, 0x4e,
  0x19, 0x56, 0x98, 0x3d, 0x98, 0x35, 0x57, 0x35, 0xd7, 0x24, 0x76, 0x14, 0x36, 0x0c, 0x16, 0x04,
  0x16, 0x04, 0x57, 0x04, 0x98, 0x04, 0xd8, 0x0c, 0xd8, 0x14, 0x77, 0x0c, 0xf5, 0x03, 0xf5, 0x0b,
  0x53, 0x03, 0xd7, 0x44, 0x38, 0x55, 0xd7, 0x4c, 0xda, 0x75, 0xda, 0x7d, 0x38, 0x6d, 0xb6, 0x5c,
  0xd3, 0x3b, 0x11, 0x2b, 0x6f, 0x1a, 0xcd, 0x01, 0xcd, 0x09, 0x0e, 0x12, 0x4f, 0x22, 0xed, 0x19,
  0xad, 0x11, 0x6c, 0x09, 0x4c, 0x09, 0x6c, 0x09, 0xac, 0x11, 0xac, 0x11, 0x8c, 0x11, 0x8c, 0x11,
  0x8c, 0x11, 0x8c, 0x11, 0x8c, 0x11, 0x8c, 0x11, 0x8c, 0x11, 0x8c, 0x11, 0x8c, 0x11, 0x8c, 0x11,
  0x8c, 0x11, 0x8c, 0x11, 0x8c, 0x11, 0x8c, 0x11, 0x8c, 0x11, 0x8d, 0x11, 0xad, 0x11, 0xad, 0x11,
  0xad, 0x11, 0xad, 0x11, 0xad, 0x11, 0xad, 0x11, 0xad, 0x11, 0xad, 0x11, 0xad, 0x11, 0xad, 0x11,
  0xad, 0x11, 0xad, 0x11, 0xad, 0x11, 0xad, 0x11, 0xad, 0x11, 0xad, 0x11, 0xad, 0x11, 0xad, 0x11,
  0xad, 0x11, 0xad, 0x11, 0xad, 0x11, 0xad, 0x11, 0xad, 0x11, 0xad, 0x11, 0xad, 0x11, 0xad, 0x11,
  0xad, 0x11, 0xad, 0x11, 0xad, 0x11, 0xad, 0x11, 0xad, 0x11, 0xad, 0x11, 0xad, 0x11, 0xad, 0x11,
  0xad, 0x11, 0xad, 0x11, 0xad, 0x11, 0xad, 0x11, 0xad, 0x11, 0xad, 0x11, 0xad, 0x11, 0xad, 0x11,
  0xad, 0x11, 0xad, 0x11, 0xad, 0x11, 0x8d, 0x11, 0x8d, 0x11, 0x8d, 0x11, 0x8d, 0x11, 0x8d, 0x11,
  0x8d, 0x11, 0x8d, 0x11, 0x8d, 0x11, 0x8d, 0x11, 0x8d, 0x11, 0x8d, 0x11, 0x8d, 0x11, 0x8d, 0x11,
  0x8d, 0x11, 0x8d, 0x11, 0x8d, 0x09, 0x8d, 0x09, 0x8d, 0x09, 0x8d, 0x09, 0x8d, 0x11, 0xad, 0x11,
  0xad, 0x11, 0xad, 0x11, 0xad, 0x11, 0xad, 0x09, 0xad, 0x09, 0xad, 0x09, 0xad, 0x09, 0xad, 0x09,
  0xce, 0x09, 0xce, 0x09, 0xce, 0x09, 0xee, 0x09, 0xee, 0x01, 0xee, 0x01, 0x0f, 0x02, 0x2f, 0x02,
  0x2f, 0x02, 0x50, 0x02, 0x70, 0x02, 0x91, 0x02, 0x91, 0x02, 0xb2, 0x02, 0xd2, 0x02, 0xf3, 0x02,
  0x13, 0x03, 0x34, 0x03, 0x74, 0x03, 0xb5, 0x03, 0xf6, 0x0b, 0x16, 0x0c, 0x57, 0x0c, 0x57, 0x0c,
  0x77, 0x0c, 0xf8, 0x1c, 0xb9, 0x3d, 0x9a, 0x5e, 0x1b, 0x6f, 0xbe, 0xd7, 0xfe, 0xdf, 0xdc, 0x9f,
  0x3b, 0x7f, 0xbb, 0x6e, 0x5c, 0x87, 0x9b, 0x66, 0xfb, 0x45, 0x7a, 0x35, 0x7a, 0x2d, 0xbb, 0x2d,
  0x1c, 0x36, 0x5d, 0x36, 0x7d, 0x46, 0xfc, 0x2d, 0xbb, 0x2d, 0xbb, 0x3d, 0x1b, 0x56, 0x3b, 0x5e,
  0x1b, 0x5e, 0x5e, 0x87, 0x9c, 0x66, 0x9a, 0x45, 0x59, 0x45, 0x97, 0x34, 0x35, 0x2c, 0x35, 0x34,
  0xb4, 0x2b, 0xb3, 0x33, 0xb3, 0x33, 0x93, 0x33, 0x52, 0x33, 0x31, 0x33, 0xf1, 0x2a, 0x31, 0x3b,
  0xaf, 0x2a, 0x6f, 0x2a, 0x8f, 0x32, 0x4e, 0x2a, 0x2e, 0x22, 0xac, 0x19, 0x6c, 0x09, 0x6c, 0x11,
  0x6c, 0x11, 0x6c, 0x11, 0x6c, 0x11, 0x6c, 0x11, 0x6c, 0x11, 0x6c, 0x11, 0x6c, 0x11, 0x6c, 0x11,
  0x6c, 0x11, 0x8c, 0x11, 0x8c, 0x11, 0x8c, 0x11, 0x8c, 0x11, 0x8c, 0x11, 0x8c, 0x11, 0xcd, 0x19,
  0x8c, 0x11, 0x8c, 0x11, 0x8c, 0x11, 0x8c, 0x11, 0x8c, 0x11, 0x8c, 0x11, 0xad, 0x11, 0xad, 0x11,
  0xad, 0x11, 0xad, 0x11, 0xad, 0x11, 0xad, 0x11, 0xad, 0x11, 0xad, 0x11, 0xad, 0x11, 0xad, 0x11,
  0xad, 0x11, 0xad, 0x11, 0xad, 0x11, 0xad, 0x11, 0xad, 0x11, 0xad, 0x11, 0xad, 0x11, 0xad, 0x11,
  0xee, 0x19, 0xee, 0x19, 0xee, 0x19, 0xee, 0x19, 0xee, 0x19, 0xee, 0x19, 0x0e, 0x1a, 0x0e, 0x1a,
  0x0e, 0x1a, 0x0e, 0x1a, 0x0e, 0x1a, 0x0e, 0x22, 0x2e, 0x22, 0x2f, 0x22, 0x2f, 0x22, 0x2f, 0x22,
  0x2f, 0x22, 0x2f, 0x22, 0x2f, 0x22, 0x4f, 0x22, 0x4f, 0x2a, 0x6f, 0x2a, 0x70, 0x2a, 0x90, 0x32,
  0x90, 0x32, 0x90, 0x32, 0x90, 0x32, 0xb0, 0x3a, 0xb0, 0x3a, 0xb0, 0x3a, 0xb0, 0x3a, 0xb0, 0x3a,
  0xb0, 0x3a, 0xb0, 0x3a, 0xb0, 0x3a, 0xb0, 0x3a, 0xb0, 0x3a, 0xb0, 0x3a, 0xb0, 0x3a, 0xb0, 0x3a,
  0xd0, 0x3a, 0xd0, 0x3a, 0xd0, 0x3a, 0xd0, 0x3a, 0xd0, 0x3a, 0xd1, 0x3a, 0xd1, 0x3a, 0xd1, 0x3a,
  0xd1, 0x32, 0xf1, 0x32, 0xf1, 0x32, 0xf1, 0x32, 0x11, 0x33, 0x12, 0x33, 0x32, 0x33, 0x32, 0x33,
  0x53, 0x2b, 0x53, 0x2b, 0x73, 0x2b, 0x94, 0x23, 0x94, 0x23, 0xb4, 0x23, 0xd5, 0x23, 0xf5, 0x23,
  0x16, 0x24, 0x36, 0x24, 0x37, 0x24, 0x57, 0x24, 0x97, 0x24, 0xd8, 0x2c, 0x19, 0x35, 0x79, 0x45,
  0xba, 0x4d, 0xfa, 0x55, 0x5b, 0x6e, 0x7c, 0x97, 0xfe, 0xdf, 0xff, 0xff, 0xff, 0xff, 0xff, 0xef,
  0xff, 0xff, 0xff, 0xef, 0xff, 0xcf, 0xff, 0xb7, 0xff, 0xb7, 0xff, 0xb7, 0xff, 0xaf, 0xff, 0xa7,
  0xdf, 0x97, 0x1f, 0x6f, 0x3f, 0x6f, 0x5f, 0x6f, 0x3f, 0x67, 0x9f, 0x87, 0x7f, 0x87, 0xfe, 0x6e,
  0x9d, 0x5e, 0x5c, 0x56, 0x1b, 0x5e, 0x79, 0x4d, 0x3b, 0x76, 0x99, 0x65, 0xd5, 0x2b, 0x56, 0x3c,
  0xb7, 0x54, 0xb6, 0x54, 0x38, 0x6d, 0xd7, 0x64, 0x96, 0x5c, 0xd3, 0x43, 0x52, 0x33, 0x72, 0x43,
  0x52, 0x43, 0x72, 0x4b, 0x72, 0x4b, 0x72, 0x4b, 0xd0, 0x3a, 0x6f, 0x2a, 0x2f, 0x2a, 0x2e, 0x2a,
  0x2e, 0x2a, 0x0e, 0x22, 0x0e, 0x22, 0xed, 0x21, 0xed, 0x21, 0xed, 0x21, 0xed, 0x21, 0xed, 0x21,
  0xed, 0x21, 0xed, 0x21, 0xcd, 0x19, 0xcd, 0x19, 0xed, 0x19, 0xed, 0x19, 0xed, 0x19, 0xed, 0x19,
  0xcd, 0x19, 0xcd, 0x19, 0xcd, 0x19, 0xcd, 0x19, 0xcd, 0x19, 0xcd, 0x19, 0xcd, 0x19, 0xcd, 0x19,
  0xcd, 0x19, 0xcd, 0x19, 0xcd, 0x19, 0xcd, 0x19, 0xcd, 0x19, 0xcd, 0x19, 0xcd, 0x19, 0xcd, 0x19,
  0xcd, 0x19, 0xcd, 0x19, 0xcd, 0x19, 0xcd, 0x11, 0xce, 0x19, 0xce, 0x19, 0xce, 0x19, 0xee, 0x19,
  0xb0, 0x2a, 0xb0, 0x32, 0xd1, 0x32, 0xd1, 0x32, 0xf1, 0x32, 0xf1, 0x3a, 0x11, 0x3b, 0x12, 0x3b,
  0x32, 0x3b, 0x32, 0x43, 0x32, 0x43, 0x52, 0x43, 0x73, 0x4b, 0x93, 0x4b, 0xb3, 0x53, 0xd4, 0x53,
  0xd4, 0x53, 0xf4, 0x5b, 0x14, 0x5c, 0x35, 0x64, 0x96, 0x74, 0xd8, 0x84, 0x18, 0x8d, 0x39, 0x95,
  0x7a, 0x9d, 0x9a, 0xa5, 0xba, 0xad, 0xfa, 0xb5, 0x1a, 0xbe, 0x3a, 0xbe, 0x3a, 0xbe, 0x3a, 0xbe,
  0x3a, 0xbe, 0x3a, 0xbe, 0x3a, 0xbe, 0x3a, 0xbe, 0x3a, 0xbe, 0x3a, 0xbe, 0x3a, 0xbe, 0x3a, 0xbe,
  0x3a, 0xbe, 0x3a, 0xbe, 0x3a, 0xbe, 0x3a, 0xbe, 0x3a, 0xbe, 0x3a, 0xbe, 0x3b, 0xbe, 0x3b, 0xbe,
  0x5b, 0xbe, 0x5b, 0xbe, 0x5b, 0xbe, 0x5b, 0xbe, 0x7b, 0xb6, 0x7b, 0xb6, 0x7b, 0xb6, 0x9c, 0xb6,
  0x9c, 0xb6, 0x9c, 0xb6, 0x9c, 0xae, 0xbc, 0xae, 0xbc, 0xae, 0xbc, 0xae, 0xdc, 0xae, 0xdd, 0xa6,
  0xdd, 0xa6, 0xfd, 0xa6, 0xfd, 0xa6, 0xfd, 0xa6, 0x1d, 0xa7, 0x1d, 0x9f, 0x1d, 0x9f, 0x3e, 0x9f,
  0x3e, 0xa7, 0x5e, 0xb7, 0x7e, 0xcf, 0xdf, 0xe7, 0xff, 0xff, 0xff, 0xff, 0xff, 0xff, 0xff, 0xff,
  0xff, 0xff, 0xff, 0xf7, 0x9f, 0xaf, 0xff, 0xbf, 0x3e, 0x8f, 0x1e, 0x87, 0xdf, 0xaf, 0x5f, 0x7f,
  0x7f, 0x8f, 0xbf, 0x9f, 0x5f, 0x7f, 0x5e, 0x8f, 0xff, 0xaf, 0x5e, 0x97, 0xdf, 0xaf, 0xff, 0xb7,
  0x9f, 0xa7, 0xff, 0xb7, 0x5e, 0xa7, 0x7e, 0xa7, 0x1d, 0x97, 0x7e, 0xaf, 0xff, 0xc7, 0x9f, 0xbf,
  0x1d, 0xa7, 0xbc, 0x9e, 0xbc, 0xa6, 0xfd, 0xae, 0x9e, 0xcf, 0xdf, 0xd7, 0xdf, 0xd7, 0x5e, 0xc7,
  0x9c, 0xae, 0xdb, 0x95, 0x7a, 0x85, 0x39, 0x85, 0x39, 0x85, 0x39, 0x85, 0xf8, 0x7c, 0xd7, 0x7c,
  0x96, 0x74, 0x55, 0x64, 0xf3, 0x5b, 0x92, 0x53, 0x72, 0x53, 0x72, 0x53, 0x52, 0x4b, 0x51, 0x4b,
  0x31, 0x4b, 0x11, 0x43, 0xf1, 0x42, 0xd0, 0x3a, 0xd0, 0x3a, 0xd0, 0x3a, 0xd0, 0x3a, 0xb0, 0x3a,
  0xb0, 0x3a, 0xb0, 0x32, 0xb0, 0x32, 0x8f, 0x32, 0x8f, 0x32, 0x8f, 0x32, 0x8f, 0x32, 0x8f, 0x32,
  0x8f, 0x32, 0x8f, 0x32, 0x8f, 0x2a, 0x8f, 0x2a, 0x90, 0x2a, 0x90, 0x2a, 0x8f, 0x2a, 0x8f, 0x2a,
  0x6f, 0x2a, 0x6f, 0x2a, 0x6f, 0x2a, 0x6f, 0x2a, 0x6f, 0x2a, 0x6f, 0x2a, 0x8f, 0x2a, 0x90, 0x2a,
  0xcd, 0x11, 0xcd, 0x11, 0xcd, 0x11, 0xcd, 0x11, 0xcd, 0x11, 0xcd, 0x11, 0xcd, 0x11, 0xcd, 0x11,
  0xcd, 0x11, 0xcd, 0x11, 0xcd, 0x11, 0xad, 0x11, 0xad, 0x11, 0xcd, 0x11, 0xcd, 0x11, 0xcd, 0x11,
  0xce, 0x11, 0xce, 0x11, 0xce, 0x11, 0xae, 0x11, 0xad, 0x11, 0xad, 0x11, 0xad, 0x11, 0xad, 0x11,
  0xad, 0x11, 0xad, 0x11, 0xad, 0x11, 0xad, 0x11, 0xad, 0x11, 0xad, 0x11, 0xad, 0x11, 0xad, 0x11,
  0xad, 0x11, 0xad, 0x11, 0xae, 0x11, 0xae, 0x11, 0xae, 0x11, 0xce, 0x11, 0xce, 0x11, 0xce, 0x11,
  0xce, 0x11, 0xce, 0x11, 0xce, 0x11, 0xce, 0x11, 0xce, 0x11, 0xce, 0x11, 0xce, 0x11, 0xee, 0x11,
  0xee, 0x11, 0xee, 0x11, 0xee, 0x09, 0x0f, 0x0a, 0x0f, 0x0a, 0x2f, 0x0a, 0x30, 0x0a, 0x50, 0x0a,
  0x70, 0x02, 0x71, 0x02, 0x91, 0x02, 0xb2, 0x02, 0xd2, 0x02, 0x13, 0x03, 0x33, 0x03, 0x54, 0x03,
  0x74, 0x03, 0x95, 0x03, 0xd6, 0x03, 0xf6, 0x03, 0x17, 0x04, 0x37, 0x04, 0x57, 0x04, 0x78, 0x04,
  0xb8, 0x0c, 0x39, 0x25, 0x7b, 0x4e, 0xbc, 0x8f, 0xff, 0xdf, 0xff, 0xff, 0xff, 0xff, 0xfe, 0xc7,
  0xdf, 0xdf, 0xff, 0xe7, 0x7e, 0xa7, 0x7e, 0x9f, 0x9f, 0xaf, 0x1e, 0x77, 0x3e, 0x7f, 0x1f, 0x6f,
  0x3e, 0x7f, 0xfc, 0x3d, 0xde, 0x66, 0x7f, 0x97, 0x5e, 0x87, 0xfc, 0x45, 0x3e, 0x87, 0x1c, 0x56,
  0x1c, 0x56, 0x3c, 0x56, 0x5a, 0x35, 0xfd, 0x86, 0x1e, 0x97, 0xbc, 0x86, 0xf7, 0x44, 0x93, 0x0b,
  0xd1, 0x02, 0xd2, 0x02, 0xd2, 0x02, 0x33, 0x03, 0x94, 0x1b, 0x94, 0x1b, 0x94, 0x23, 0xb4, 0x2b,
  0xb3, 0x33, 0x72, 0x33, 0x11, 0x1b, 0x90, 0x02, 0x70, 0x02, 0x6f, 0x12, 0x6f, 0x1a, 0x2f, 0x0a,
  0xee, 0x01, 0xce, 0x09, 0xad, 0x01, 0x6d, 0x01, 0x8d, 0x11, 0x8d, 0x11, 0x6c, 0x11, 0x6c, 0x11,
  0x6c, 0x11, 0x6c, 0x11, 0x6c, 0x11, 0x8d, 0x11, 0x8d, 0x11, 0x8d, 0x11, 0x8d, 0x11, 0x8d, 0x11,
  0x8c, 0x11, 0x8c, 0x11, 0x8c, 0x11, 0x6c, 0x11, 0x8c, 0x11, 0x8c, 0x11, 0x8c, 0x11, 0x8c, 0x11,
  0x8c, 0x11, 0x6c, 0x11, 0x8c, 0x11, 0x8c, 0x11, 0x8c, 0x11, 0xad, 0x11, 0xad, 0x11, 0xad, 0x11,
  0xad, 0x11, 0xad, 0x11, 0xad, 0x11, 0xad, 0x11, 0xad, 0x11, 0xad, 0x11, 0xad, 0x11, 0xad, 0x11,
  0xce, 0x11, 0xce, 0x11, 0xce, 0x11, 0xce, 0x19, 0xce, 0x19, 0xce, 0x19, 0xce, 0x19, 0xce, 0x19,
  0xce, 0x19, 0xce, 0x19, 0xce, 0x19, 0xce, 0x19, 0xce, 0x19, 0xce, 0x19, 0xce, 0x19, 0xce, 0x19,
  0xce, 0x19, 0xce, 0x19, 0xce, 0x19, 0xce, 0x19, 0xce, 0x19, 0xce, 0x19, 0xce, 0x19, 0xce, 0x19,
  0xce, 0x19, 0xce, 0x19, 0xce, 0x19, 0xee, 0x19, 0xee, 0x19, 0xee, 0x19, 0xee, 0x19, 0xee, 0x19,
  0xee, 0x19, 0xee, 0x19, 0xee, 0x19, 0xee, 0x19, 0xee, 0x19, 0xee, 0x19, 0xee, 0x19, 0xee, 0x19,
  0xee, 0x19, 0xee, 0x19, 0xee, 0x19, 0xee, 0x19, 0xee, 0x19, 0x0f, 0x1a, 0x0f, 0x1a, 0x0f, 0x1a,
  0x0f, 0x1a, 0x2f, 0x12, 0x2f, 0x12, 0x2f, 0x12, 0x50, 0x12, 0x70, 0x12, 0x70, 0x12, 0x91, 0x0a,
  0x91, 0x0a, 0xb1, 0x0a, 0xd2, 0x02, 0xf2, 0x02, 0x13, 0x03, 0x33, 0x03, 0x74, 0x03, 0x74, 0x03,
  0x95, 0x03, 0xb5, 0x03, 0xd6, 0x03, 0xf6, 0x03, 0x17, 0x04, 0x37, 0x04, 0x98, 0x0c, 0x19, 0x1d,
  0xda, 0x3d, 0x7b, 0x56, 0x9b, 0x56, 0x1c, 0x6f, 0x9c, 0x77, 0xfe, 0xcf, 0xde, 0xbf, 0x1c, 0x57,
  0x3b, 0x46, 0xdb, 0x35, 0x1d, 0x87, 0x1e, 0x87, 0xdf, 0xaf, 0xbf, 0x9f, 0x9f, 0x9f, 0x9f, 0xa7,
  0x9f, 0xa7, 0x7d, 0x5e, 0x1c, 0x56, 0x9b, 0x35, 0xbb, 0x35, 0xfc, 0x4d, 0x9d, 0x66, 0x7c, 0x66,
  0x9a, 0x3d, 0x58, 0x0c, 0xdd, 0x7e, 0x3b, 0x6e, 0x1b, 0x56, 0x5c, 0x56, 0xf8, 0x04, 0x56, 0x04,
  0x56, 0x04, 0x53, 0x03, 0x12, 0x03, 0xf1, 0x02, 0xd1, 0x02, 0xb1, 0x02, 0xb1, 0x02, 0xb1, 0x02,
  0xb0, 0x02, 0xd1, 0x02, 0xd0, 0x0a, 0x90, 0x02, 0xaf, 0x1a, 0xef, 0x32, 0xee, 0x3a, 0xce, 0x42,
  0x8e, 0x2a, 0x4f, 0x12, 0x8d, 0x3a, 0x8d, 0x5a, 0xed, 0x29, 0x2b, 0x11, 0x4a, 0x29, 0x0a, 0x21,
  0x09, 0x19, 0xe9, 0x18, 0xe9, 0x18, 0x2a, 0x19, 0x4b, 0x19, 0x4b, 0x19, 0x4b, 0x19, 0x6b, 0x19,
  0x8c, 0x11, 0x8d, 0x11, 0x8c, 0x11, 0x8c, 0x11, 0x8c, 0x11, 0x6c, 0x11, 0x6c, 0x11, 0x6b, 0x11,
  0x6b, 0x11, 0x6b, 0x11, 0x6c, 0x11, 0x6c, 0x11, 0x6c, 0x11, 0x8c, 0x11, 0x8c, 0x11, 0xad, 0x11,
  0xad, 0x11, 0xad, 0x11, 0xad, 0x11, 0xad, 0x11, 0xad, 0x11, 0xad, 0x11, 0xad, 0x11, 0xad, 0x11,
  0xee, 0x11, 0xee, 0x11, 0xee, 0x19, 0xee, 0x19, 0xee, 0x19, 0xee, 0x19, 0xee, 0x19, 0xee, 0x19,
  0xee, 0x19, 0xce, 0x19, 0xce, 0x19, 0xce, 0x19, 0xce, 0x19, 0xce, 0x19, 0xce, 0x19, 0xce, 0x19,
  0xce, 0x19, 0xce, 0x19, 0xce, 0x19, 0xce, 0x19, 0xce, 0x19, 0xce, 0x19, 0xee, 0x19, 0xee, 0x19,
  0xee, 0x19, 0xee, 0x19, 0xee, 0x19, 0xee, 0x19, 0xee, 0x19, 0xee, 0x19, 0xee, 0x19, 0xee, 0x19,
  0xee, 0x19, 0xee, 0x19, 0xee, 0x19, 0xee, 0x19, 0xee, 0x19, 0xee, 0x19, 0xee, 0x19, 0xee, 0x19,
  0xee, 0x19, 0xee, 0x19, 0xee, 0x19, 0x0e, 0x1a, 0x0f, 0x1a, 0x0f, 0x1a, 0x0f, 0x1a, 0x0f, 0x1a,
  0x2f, 0x1a, 0x2f, 0x1a, 0x2f, 0x12, 0x50, 0x12, 0x50, 0x12, 0x70, 0x12, 0x70, 0x12, 0x91, 0x0a,
  0xb1, 0x0a, 0xb1, 0x0a, 0xd2, 0x02, 0xf2, 0x02, 0x13, 0x03, 0x33, 0x03, 0x54, 0x03, 0x54, 0x03,
  0x95, 0x03, 0xb5, 0x03, 0xd6, 0x03, 0x16, 0x04, 0x77, 0x14, 0xd8, 0x1c, 0x39, 0x2d, 0x99, 0x35,
  0x9a, 0x35, 0x5a, 0x25, 0xba, 0x35, 0x1b, 0x46, 0x3b, 0x3e, 0x9e, 0xb7, 0xdd, 0x7e, 0x1b, 0x36,
  0xbb, 0x2d, 0x5a, 0x1d, 0x3a, 0x15, 0xbb, 0x3d, 0x1b, 0x46, 0x1c, 0x4e, 0x1c, 0x4e, 0x7d, 0x6e,
  0x9f, 0x9f, 0xff, 0xbf, 0xdf, 0xb7, 0xbd, 0x76, 0x7b, 0x2d, 0xbb, 0x3d, 0x99, 0x04, 0x7c, 0x66,
  0x7e, 0xa7, 0x1b, 0x5e, 0x3a, 0x35, 0x98, 0x14, 0x98, 0x14, 0x1e, 0x8f, 0xfb, 0x4d, 0x56, 0x14,
  0xf5, 0x13, 0xd5, 0x03, 0x33, 0x03, 0x53, 0x03, 0x33, 0x03, 0x12, 0x03, 0xf2, 0x02, 0x12, 0x03,
  0xf2, 0x02, 0xd1, 0x02, 0xd1, 0x02, 0xb0, 0x02, 0xb0, 0x02, 0xd1, 0x02, 0xb0, 0x02, 0x2e, 0x02,
  0x0d, 0x12, 0x2c, 0x3a, 0x2b, 0x42, 0x2a, 0x5a, 0x0a, 0x5a, 0xa9, 0x49, 0x6b, 0x29, 0x0a, 0x19,
  0x09, 0x19, 0x09, 0x21, 0x09, 0x21, 0x09, 0x21, 0x09, 0x21, 0x09, 0x19, 0x09, 0x19, 0xe9, 0x18,
  0x4b, 0x19, 0xad, 0x19, 0x8c, 0x11, 0x2b, 0x19, 0x2a, 0x19, 0x2b, 0x19, 0x4b, 0x19, 0x4b, 0x19,
  0x4b, 0x19, 0x4b, 0x19, 0x4b, 0x11, 0x6b, 0x11, 0x6b, 0x11, 0x6c, 0x11, 0x8c, 0x11, 0x8c, 0x11,
  0x8d, 0x11, 0xad, 0x11, 0xad, 0x11, 0xad, 0x11, 0x8c, 0x11, 0xad, 0x11, 0xcd, 0x11, 0xcd, 0x11,
  0xee, 0x11, 0xee, 0x19, 0xee, 0x19, 0xee, 0x19, 0xee, 0x19, 0xee, 0x19, 0xee, 0x19, 0xee, 0x19,
  0xee, 0x19, 0xee, 0x19, 0xee, 0x19, 0xee, 0x19, 0xee, 0x19, 0xee, 0x19, 0xee, 0x19, 0xee, 0x19,
  0xee, 0x19, 0xee, 0x19, 0xee, 0x19, 0xee, 0x19, 0xee, 0x19, 0xee, 0x19, 0xee, 0x19, 0xee, 0x19,
  0xee, 0x19, 0xee, 0x19, 0xee, 0x19, 0xee, 0x19, 0xee, 0x19, 0xee, 0x19, 0xee, 0x19, 0xee, 0x19,
  0xee, 0x19, 0xee, 0x19, 0xee, 0x19, 0xee, 0x19, 0xee, 0x19, 0xee, 0x19, 0xee, 0x19, 0xee, 0x19,
  0x0e, 0x1a, 0x0e, 0x1a, 0x0f, 0x1a, 0x0f, 0x1a, 0x0f, 0x1a, 0x0f, 0x1a, 0x2f, 0x1a, 0x2f, 0x1a,
  0x2f, 0x1a, 0x4f, 0x1a, 0x50, 0x1a, 0x50, 0x1a, 0x70, 0x12, 0x90, 0x12, 0x91, 0x12, 0xb1, 0x12,
  0xd1, 0x12, 0xd2, 0x0a, 0xf2, 0x0a, 0x33, 0x0b, 0x53, 0x0b, 0x74, 0x03, 0x95, 0x03, 0xb5, 0x03,
  0xf6, 0x03, 0x36, 0x0c, 0x97, 0x14, 0xd8, 0x1c, 0x19, 0x1d, 0x59, 0x25, 0x5a, 0x25, 0x1a, 0x15,
  0x1a, 0x0d, 0x9b, 0x1d, 0xbc, 0x25, 0xbc, 0x25, 0xfc, 0x1d, 0x7e, 0xaf, 0x5d, 0x66, 0xfc, 0x25,
  0x9c, 0x1d, 0xbc, 0x1d, 0x7b, 0x15, 0x1b, 0x05, 0x3b, 0x0d, 0x5b, 0x15, 0x3a, 0x0d, 0xfa, 0x04,
  0x1a, 0x1d, 0x7b, 0x35, 0x5c, 0x5e, 0xbf, 0xa7, 0xff, 0xc7, 0xdf, 0xaf, 0xfe, 0x86, 0x9d, 0x76,
  0xff, 0xbf, 0x3a, 0x35, 0x58, 0x14, 0xfb, 0x65, 0xbd, 0x86, 0xff, 0xbf, 0xff, 0xbf, 0xff, 0xaf,
  0x5b, 0x6e, 0xfa, 0x6d, 0x1b, 0x76, 0x97, 0x34, 0x76, 0x2c, 0x35, 0x24, 0x15, 0x1c, 0xf5, 0x1b,
  0xd4, 0x03, 0x33, 0x03, 0xf2, 0x02, 0xf1, 0x02, 0xd1, 0x02, 0xd4, 0x03, 0xd1, 0x02, 0xb0, 0x02,
  0x90, 0x02, 0x4f, 0x02, 0xad, 0x09, 0x2b, 0x01, 0xca, 0x41, 0x0a, 0x9b, 0xca, 0x51, 0x6a, 0x31,
  0x2a, 0x21, 0x0a, 0x21, 0x0a, 0x21, 0x0a, 0x21, 0x0a, 0x21, 0x09, 0x19, 0x09, 0x19, 0x09, 0x19,
  0xe9, 0x18, 0x8c, 0x19, 0x4a, 0x19, 0xe9, 0x18, 0x0a, 0x19, 0x2a, 0x19, 0x2a, 0x19, 0x4b, 0x19,
  0x4b, 0x19, 0x4b, 0x19, 0x4b, 0x19, 0x4b, 0x19, 0x4b, 0x19, 0x6b, 0x19, 0x6c, 0x19, 0x8c, 0x11,
  0x8c, 0x11, 0xad, 0x11, 0xad, 0x11, 0x4b, 0x19, 0x0a, 0x19, 0x2a, 0x19, 0x4b, 0x11, 0x6c, 0x11,
  0xee, 0x19, 0xee, 0x19, 0xee, 0x19, 0xee, 0x19, 0xee, 0x19, 0xee, 0x19, 0xee, 0x19, 0xee, 0x19,
  0xee, 0x19, 0xee, 0x19, 0xee, 0x19, 0xee, 0x19, 0xee, 0x19, 0xee, 0x19, 0xee, 0x19, 0xee, 0x19,
  0xee, 0x19, 0xee, 0x19, 0xee, 0x19, 0xee, 0x19, 0xee, 0x19, 0xee, 0x19, 0xee, 0x19, 0xee, 0x19,
  0xee, 0x19, 0xee, 0x19, 0xee, 0x19, 0x0e, 0x1a, 0x0e, 0x1a, 0x0e, 0x22, 0x0f, 0x22, 0x0f, 0x22,
  0x0f, 0x22, 0x0f, 0x22, 0x0f, 0x22, 0x0f, 0x22, 0x2f, 0x22, 0x2f, 0x22, 0x2f, 0x22, 0x2f, 0x22,
  0x2f, 0x22, 0x2f, 0x22, 0x2f, 0x22, 0x2f, 0x22, 0x4f, 0x22, 0x4f, 0x22, 0x50, 0x22, 0x50, 0x22,
  0x70, 0x22, 0x70, 0x22, 0x70, 0x22, 0x91, 0x1a, 0x91, 0x1a, 0xb1, 0x1a, 0xd1, 0x1a, 0xd2, 0x1a,
  0xf2, 0x1a, 0x13, 0x13, 0x13, 0x13, 0x33, 0x0b, 0x54, 0x0b, 0x94, 0x0b, 0xb5, 0x0b, 0xf6, 0x0b,
  0x36, 0x0c, 0x97, 0x14, 0xb8, 0x14, 0xd8, 0x14, 0x19, 0x1d, 0xf9, 0x14, 0xb9, 0x04, 0xda, 0x0c,
  0x3b, 0x15, 0x5b, 0x1d, 0x7b, 0x15, 0x7b, 0x1d, 0xdc, 0x1d, 0x3e, 0xa7, 0xfc, 0x55, 0x9c, 0x15,
  0x9c, 0x1d, 0x1b, 0x05, 0x7b, 0x1d, 0x5b, 0x15, 0x1b, 0x0d, 0x1a, 0x0d, 0x1a, 0x0d, 0x5b, 0x15,
  0x5b, 0x0d, 0xfa, 0x04, 0x9a, 0x04, 0xfa, 0x04, 0xdc, 0x45, 0xfe, 0x86, 0xff, 0xbf, 0x1e, 0x8f,
  0x5c, 0x6e, 0x5c, 0x76, 0xfb, 0x65, 0xf9, 0x2c, 0x19, 0x35, 0xf9, 0x34, 0x1b, 0x76, 0xbd, 0x8e,
  0xff, 0xcf, 0xff, 0xd7, 0xff, 0xcf, 0x5e, 0xaf, 0x9f, 0xbf, 0xdf, 0xcf, 0xdf, 0xcf, 0xbf, 0xd7,
  0xba, 0x65, 0x53, 0x03, 0xb2, 0x02, 0xd2, 0x02, 0x73, 0x03, 0x52, 0x03, 0x90, 0x02, 0xb0, 0x0a,
  0x4f, 0x02, 0x4f, 0x02, 0x2e, 0x0a, 0xcd, 0x11, 0xcc, 0x19, 0xab, 0x21, 0x6a, 0x29, 0x8a, 0x39,
  0x6a, 0x31, 0x0a, 0x19, 0x0a, 0x21, 0x0a, 0x21, 0x0a, 0x19, 0x09, 0x19, 0x0a, 0x19, 0x09, 0x19,
  0xe9, 0x18, 0xe9, 0x18, 0x09, 0x19, 0x0a, 0x19, 0x0a, 0x19, 0x0a, 0x19, 0x2a, 0x19, 0x2a, 0x19,
  0x4b, 0x19, 0x4b, 0x19, 0x4b, 0x19, 0x4b, 0x19, 0x4b, 0x19, 0x4b, 0x19, 0x4b, 0x19, 0x6b, 0x19,
  0x6c, 0x19, 0xad, 0x19, 0x8d, 0x19, 0x09, 0x19, 0x0a, 0x19, 0x0a, 0x19, 0x0a, 0x19, 0x0a, 0x19,
  0xee, 0x19, 0xee, 0x19, 0xee, 0x19, 0xee, 0x19, 0xee, 0x19, 0xee, 0x19, 0xee, 0x19, 0xee, 0x19,
  0xee, 0x19, 0xee, 0x19, 0xee, 0x19, 0xee, 0x19, 0xee, 0x19, 0xee, 0x19, 0xee, 0x19, 0xee, 0x19,
  0xee, 0x19, 0xee, 0x19, 0xef, 0x19, 0xef, 0x19, 0x0f, 0x1a, 0x0f, 0x1a, 0x0f, 0x1a, 0xee, 0x19,
  0xee, 0x21, 0xef, 0x21, 0xef, 0x21, 0xef, 0x21, 0xef, 0x19, 0xef, 0x19, 0xef, 0x19, 0xef, 0x19,
  0xef, 0x19, 0xef, 0x21, 0xef, 0x21, 0x0f, 0x22, 0x0f, 0x22, 0x0f, 0x22, 0x0f, 0x22, 0x0f, 0x1a,
  0x0f, 0x1a, 0x0f, 0x1a, 0x0f, 0x1a, 0x0f, 0x1a, 0x0f, 0x1a, 0x0f, 0x1a, 0x2f, 0x1a, 0x2f, 0x1a,
  0x2f, 0x1a, 0x2f, 0x1a, 0x30, 0x1a, 0x50, 0x12, 0x50, 0x12, 0x70, 0x12, 0x71, 0x12, 0x91, 0x12,
  0xb1, 0x0a, 0xb2, 0x0a, 0xd2, 0x02, 0xf3, 0x02, 0x33, 0x03, 0x54, 0x03, 0x94, 0x0b, 0xb5, 0x0b,
  0xd5, 0x0b, 0x16, 0x0c, 0x56, 0x14, 0x57, 0x14, 0x37, 0x04, 0x38, 0x04, 0x78, 0x0c, 0xb9, 0x14,
  0xd9, 0x14, 0xd9, 0x0c, 0x1a, 0x15, 0xfa, 0x14, 0x7a, 0x1d, 0xdd, 0x96, 0xbc, 0x4d, 0xda, 0x04,
  0x7b, 0x25, 0xba, 0x04, 0xba, 0x04, 0x1a, 0x15, 0xd9, 0x0c, 0x99, 0x04, 0x99, 0x0c, 0x99, 0x04,
  0xd9, 0x0c, 0x1a, 0x15, 0x1a, 0x15, 0xb9, 0x04, 0x58, 0x04, 0x58, 0x04, 0x98, 0x0c, 0x17, 0x04,
  0xf6, 0x03, 0x17, 0x04, 0xf6, 0x03, 0x95, 0x03, 0x95, 0x03, 0x95, 0x03, 0x55, 0x03, 0x75, 0x03,
  0x36, 0x24, 0x9a, 0x65, 0xbc, 0x9e, 0x3d, 0xbf, 0x1d, 0xbf, 0xdc, 0xbe, 0x3d, 0xcf, 0xff, 0xef,
  0xf9, 0xd6, 0xd0, 0xac, 0x2f, 0x84, 0x11, 0x13, 0x91, 0x02, 0x90, 0x02, 0x90, 0x02, 0x70, 0x02,
  0x6f, 0x0a, 0xed, 0x4a, 0x2d, 0x1a, 0x0d, 0x0a, 0xed, 0x11, 0xed, 0x11, 0xad, 0x11, 0x2b, 0x11,
  0x2a, 0x21, 0x2a, 0x21, 0x0a, 0x21, 0x0a, 0x21, 0x09, 0x19, 0x0a, 0x19, 0x0a, 0x21, 0x0a, 0x19,
  0x09, 0x19, 0x09, 0x19, 0x09, 0x19, 0x0a, 0x19, 0x0a, 0x19, 0x0a, 0x19, 0x0a, 0x19, 0x2a, 0x19,
  0x2a, 0x19, 0x2a, 0x19, 0x2b, 0x19, 0x4b, 0x19, 0x4b, 0x19, 0x4b, 0x19, 0x4b, 0x19, 0x4b, 0x19,
  0x2a, 0x19, 0x2a, 0x19, 0x2a, 0x19, 0x0a, 0x19, 0x0a, 0x19, 0x0a, 0x19, 0x0a, 0x19, 0x0a, 0x19,
  0x0e, 0x1a, 0x0e, 0x1a, 0x0e, 0x1a, 0x0e, 0x1a, 0x0e, 0x1a, 0x0e, 0x1a, 0xee, 0x19, 0xee, 0x19,
  0xee, 0x19, 0xee, 0x19, 0xee, 0x19, 0xee, 0x19, 0xee, 0x19, 0xef, 0x19, 0xef, 0x19, 0xef, 0x19,
  0xef, 0x19, 0xef, 0x19, 0xef, 0x19, 0xef, 0x19, 0xef, 0x19, 0xef, 0x19, 0xef, 0x19, 0xef, 0x19,
  0xef, 0x19, 0xef, 0x19, 0xef, 0x19, 0xef, 0x21, 0xef, 0x21, 0xef, 0x21, 0xef, 0x21, 0xef, 0x21,
  0xef, 0x19, 0xef, 0x19, 0xef, 0x19, 0x0f, 0x1a, 0x0f, 0x1a, 0x0f, 0x1a, 0x0f, 0x1a, 0x0f, 0x1a,
  0x0f, 0x1a, 0x0f, 0x1a, 0x0f, 0x22, 0x0f, 0x1a, 0x2f, 0x1a, 0x2f, 0x1a, 0x2f, 0x1a, 0x2f, 0x1a,
  0x2f, 0x1a, 0x30, 0x1a, 0x50, 0x1a, 0x50, 0x1a, 0x70, 0x12, 0x71, 0x12, 0x91, 0x12, 0x91, 0x12,
  0xb2, 0x12, 0xd2, 0x0a, 0xf2, 0x0a, 0x33, 0x0b, 0x53, 0x0b, 0x74, 0x0b, 0x94, 0x0b, 0xb5, 0x0b,
  0xf6, 0x0b, 0x16, 0x0c, 0xf6, 0x03, 0xf7, 0x03, 0x37, 0x04, 0x78, 0x0c, 0x98, 0x0c, 0x99, 0x0c,
  0x99, 0x04, 0xfa, 0x14, 0xda, 0x0c, 0xfa, 0x14, 0x5a, 0x15, 0xbd, 0x8e, 0xbc, 0x4d, 0xba, 0x04,
  0x5b, 0x1d, 0xfa, 0x0c, 0x9a, 0x04, 0x99, 0x04, 0xfa, 0x14, 0xb9, 0x0c, 0x99, 0x04, 0x99, 0x04,
  0x99, 0x04, 0x79, 0x04, 0x78, 0x0c, 0x98, 0x0c, 0x78, 0x0c, 0x17, 0x04, 0xf6, 0x03, 0xd6, 0x03,
  0xd6, 0x03, 0x95, 0x03, 0x75, 0x03, 0x74, 0x03, 0x54, 0x03, 0x34, 0x03, 0x33, 0x03, 0x13, 0x03,
  0xd2, 0x02, 0xb2, 0x02, 0xf2, 0x0a, 0x13, 0x13, 0x33, 0x23, 0x33, 0x23, 0x53, 0x23, 0x3a, 0xa6,
  0xf2, 0xac, 0x8d, 0xbc, 0xee, 0xd4, 0x8e, 0xbc, 0xd0, 0x22, 0x10, 0x2b, 0x0f, 0x33, 0x4f, 0x02,
  0x8e, 0x22, 0x8d, 0x7b, 0x0d, 0x12, 0xed, 0x11, 0xac, 0x11, 0x8b, 0x19, 0x6b, 0x19, 0x4b, 0x21,
  0x2a, 0x21, 0x0a, 0x21, 0x0a, 0x21, 0x0a, 0x21, 0x0a, 0x19, 0x0a, 0x19, 0x0a, 0x19, 0x0a, 0x19,
  0x0a, 0x19, 0x0a, 0x19, 0x0a, 0x19, 0x0a, 0x19, 0x0a, 0x19, 0x0a, 0x19, 0x0a, 0x19, 0x0a, 0x19,
  0x0a, 0x19, 0x0a, 0x19, 0x0a, 0x19, 0x0a, 0x19, 0x2a, 0x19, 0x2a, 0x19, 0x0a, 0x19, 0x0a, 0x19,
  0x0a, 0x19, 0x0a, 0x19, 0x0a, 0x19, 0x0a, 0x19, 0x0a, 0x19, 0x0a, 0x19, 0x0a, 0x19, 0x0a, 0x19,
  0x0f, 0x1a, 0x0f, 0x1a, 0x0f, 0x1a, 0x0f, 0x1a, 0x0f, 0x1a, 0xef, 0x19, 0xef, 0x19, 0xef, 0x19,
  0xef, 0x19, 0xef, 0x19, 0xef, 0x19, 0x0f, 0x1a, 0x0f, 0x1a, 0x0f, 0x1a, 0x0f, 0x1a, 0x0f, 0x1a,
  0xef, 0x19, 0x0f, 0x1a, 0xef, 0x19, 0x0f, 0x1a, 0xef, 0x21, 0xef, 0x21, 0xef, 0x21, 0x0f, 0x22,
  0x0f, 0x22, 0x0f, 0x22, 0x0f, 0x22, 0x0f, 0x1a, 0x0f, 0x1a, 0x0f, 0x22, 0x0f, 0x22, 0x0f, 0x22,
  0x0f, 0x22, 0x0f, 0x22, 0x0f, 0x22, 0x0f, 0x1a, 0x0f, 0x1a, 0x0f, 0x22, 0x0f, 0x22, 0x0f, 0x22,
  0x0f, 0x22, 0x2f, 0x22, 0x2f, 0x22, 0x2f, 0x22, 0x2f, 0x22, 0x2f, 0x22, 0x2f, 0x1a, 0x30, 0x1a,
  0x30, 0x1a, 0x30, 0x1a, 0x50, 0x1a, 0x50, 0x1a, 0x71, 0x1a, 0x71, 0x12, 0x91, 0x12, 0xb1, 0x12,
  0xd2, 0x12, 0xf2, 0x12, 0x13, 0x13, 0x33, 0x13, 0x54, 0x0b, 0x54, 0x03, 0x74, 0x03, 0xb5, 0x0b,
  0xd5, 0x03, 0xb6, 0x03, 0xd6, 0x03, 0x17, 0x04, 0x57, 0x0c, 0x58, 0x04, 0x78, 0x04, 0x79, 0x04,
  0xb9, 0x0c, 0xd9, 0x0c, 0xb9, 0x04, 0x1a, 0x15, 0x3a, 0x15, 0xbd, 0x8e, 0xbc, 0x4d, 0x9a, 0x04,
  0x1a, 0x15, 0x1a, 0x15, 0x99, 0x04, 0x99, 0x04, 0x79, 0x04, 0xb9, 0x0c, 0xb9, 0x0c, 0x99, 0x04,
  0x99, 0x04, 0x78, 0x04, 0x58, 0x04, 0x38, 0x04, 0x37, 0x04, 0x37, 0x04, 0xf6, 0x03, 0xd6, 0x03,
  0xb6, 0x03, 0x95, 0x03, 0x75, 0x03, 0x74, 0x03, 0x54, 0x03, 0x34, 0x0b, 0x13, 0x0b, 0x13, 0x13,
  0xf3, 0x12, 0xf2, 0x1a, 0xb2, 0x12, 0x91, 0x12, 0x71, 0x12, 0x71, 0x12, 0x71, 0x0a, 0x71, 0x0a,
  0x92, 0x02, 0x31, 0x3b, 0x4e, 0xb4, 0x6e, 0xbc, 0xcd, 0xe4, 0xad, 0xd4, 0x8d, 0xcc, 0x6d, 0xc4,
  0xed, 0x52, 0x0d, 0x12, 0xed, 0x09, 0xad, 0x09, 0x8c, 0x09, 0x4c, 0x09, 0x4b, 0x19, 0x2b, 0x19,
  0x0a, 0x19, 0x0a, 0x19, 0x0a, 0x19, 0x0a, 0x19, 0x0a, 0x21, 0x0a, 0x21, 0x0a, 0x21, 0x0a, 0x21,
  0x0a, 0x21, 0x2a, 0x21, 0x0a, 0x19, 0xe9, 0x18, 0x0a, 0x19, 0x0a, 0x19, 0x0a, 0x19, 0x0a, 0x19,
  0x0a, 0x19, 0x0a, 0x19, 0x0a, 0x19, 0x0a, 0x19, 0x0a, 0x19, 0x0a, 0x19, 0x0a, 0x19, 0x0a, 0x19,
  0x0a, 0x19, 0x0a, 0x19, 0x0a, 0x19, 0x0a, 0x19, 0x0a, 0x19, 0x0a, 0x19, 0x0a, 0x19, 0x0a, 0x19,
  0xef, 0x19, 0x0f, 0x1a, 0x0f, 0x1a, 0x0f, 0x1a, 0xef, 0x19, 0xef, 0x19, 0xef, 0x19, 0xef, 0x19,
  0xef, 0x19, 0xef, 0x19, 0x0f, 0x1a, 0x0f, 0x1a, 0x0f, 0x22, 0x0f, 0x22, 0x0f, 0x22, 0x0f, 0x22,
  0x0f, 0x22, 0x0f, 0x22, 0x0f, 0x22, 0x0f, 0x22, 0x0f, 0x22, 0x0f, 0x22, 0x0f, 0x22, 0x0f, 0x22,
  0x0f, 0x22, 0x0f, 0x22, 0x0f, 0x22, 0x0f, 0x22, 0x0f, 0x22, 0x0f, 0x22, 0x0f, 0x22, 0x0f, 0x22,
  0x0f, 0x22, 0x0f, 0x22, 0x0f, 0x22, 0x0f, 0x22, 0x0f, 0x22, 0x0f, 0x22, 0x2f, 0x22, 0x2f, 0x22,
  0x2f, 0x22, 0x2f, 0x22, 0x2f, 0x22, 0x2f, 0x22, 0x2f, 0x22, 0x30, 0x22, 0x30, 0x22, 0x30, 0x22,
  0x50, 0x1a, 0x50, 0x1a, 0x50, 0x1a, 0x70, 0x1a, 0x71, 0x1a, 0x91, 0x1a, 0xb1, 0x1a, 0xd2, 0x1a,
  0xf2, 0x1a, 0x12, 0x13, 0x13, 0x13, 0x13, 0x0b, 0x33, 0x03, 0x34, 0x03, 0x74, 0x03, 0x75, 0x03,
  0x95, 0x03, 0xb6, 0x03, 0x16, 0x0c, 0x17, 0x04, 0x17, 0x04, 0x37, 0x04, 0x58, 0x04, 0x98, 0x0c,
  0xb9, 0x0c, 0xb9, 0x0c, 0xb9, 0x04, 0x3a, 0x1d, 0xfa, 0x0c, 0xbd, 0x86, 0xbb, 0x45, 0x99, 0x04,
  0xda, 0x0c, 0xfa, 0x14, 0xb9, 0x04, 0x79, 0x04, 0x79, 0x04, 0x79, 0x04, 0x98, 0x0c, 0x78, 0x04,
  0x58, 0x04, 0x37, 0x04, 0x17, 0x04, 0xf6, 0x03, 0xd6, 0x03, 0xd6, 0x03, 0xb5, 0x03, 0x95, 0x03,
  0x75, 0x03, 0x54, 0x03, 0x54, 0x03, 0x34, 0x0b, 0x33, 0x0b, 0x13, 0x0b, 0xf3, 0x0a, 0xd2, 0x0a,
  0xd2, 0x12, 0xb2, 0x12, 0xb1, 0x12, 0x91, 0x12, 0x91, 0x1a, 0x71, 0x1a, 0x70, 0x1a, 0x70, 0x1a,
  0x70, 0x1a, 0x71, 0x12, 0x90, 0x1a, 0x91, 0x12, 0x4f, 0x63, 0xae, 0x8b, 0xce, 0x93, 0xcf, 0x83,
  0xae, 0x8b, 0xad, 0x9b, 0xcc, 0xab, 0xcb, 0xbb, 0x4b, 0x9b, 0x8b, 0x72, 0x8b, 0x29, 0x8b, 0x31,
  0xab, 0x41, 0x4b, 0x29, 0x2a, 0x21, 0x0a, 0x21, 0xea, 0x18, 0xea, 0x10, 0xea, 0x18, 0xea, 0x10,
  0xea, 0x10, 0x49, 0x29, 0x89, 0x41, 0x6a, 0x31, 0x2a, 0x21, 0x0a, 0x19, 0x0a, 0x19, 0x2a, 0x19,
  0x2a, 0x19, 0x0a, 0x19, 0x0a, 0x19, 0x0a, 0x19, 0x0a, 0x19, 0x0a, 0x19, 0x0a, 0x19, 0x0a, 0x19,
  0x0a, 0x19, 0x0a, 0x19, 0x0a, 0x19, 0x0a, 0x19, 0x0a, 0x19, 0x0a, 0x19, 0x0a, 0x19, 0x0a, 0x19,
  0x0f, 0x1a, 0x0f, 0x1a, 0x0f, 0x1a, 0xef, 0x19, 0x0f, 0x1a, 0x0f, 0x22, 0x0f, 0x22, 0x0f, 0x22,
  0x0f, 0x22, 0x0f, 0x22, 0x0f, 0x22, 0x0f, 0x22, 0x0f, 0x22, 0x0f, 0x22, 0x0f, 0x22, 0x0f, 0x22,
  0x0f, 0x22, 0x0f, 0x22, 0x0f, 0x22, 0x0f, 0x22, 0x0f, 0x22, 0x0f, 0x22, 0x0f, 0x22, 0x2f, 0x22,
  0x2f, 0x22, 0x2f, 0x22, 0x0f, 0x22, 0x0f, 0x22, 0x0f, 0x22, 0x0f, 0x22, 0x0f, 0x22, 0x2f, 0x22,
  0x2f, 0x22, 0x2f, 0x22, 0x2f, 0x22, 0x2f, 0x22, 0x2f, 0x22, 0x2f, 0x22, 0x2f, 0x22, 0x2f, 0x22,
  0x2f, 0x22, 0x2f, 0x22, 0x30, 0x22, 0x30, 0x22, 0x30, 0x22, 0x30, 0x22, 0x30, 0x22, 0x50, 0x22,
  0x50, 0x1a, 0x50, 0x1a, 0x70, 0x1a, 0x71, 0x1a, 0x91, 0x1a, 0xb1, 0x1a, 0xb1, 0x1a, 0xd2, 0x1a,
  0xd2, 0x1a, 0xf2, 0x12, 0xf2, 0x0a, 0x13, 0x0b, 0x13, 0x03, 0x34, 0x03, 0x54, 0x03, 0x75, 0x03,
  0x95, 0x03, 0xd6, 0x03, 0xf6, 0x03, 0xf6, 0x03, 0x17, 0x04, 0x17, 0x04, 0x58, 0x04, 0x98, 0x0c,
  0x99, 0x0c, 0x79, 0x04, 0x99, 0x04, 0x1a, 0x1d, 0xb9, 0x04, 0x9d, 0x86, 0x9b, 0x45, 0x79, 0x04,
  0xb9, 0x04, 0xb9, 0x0c, 0x99, 0x0c, 0x79, 0x04, 0x59, 0x04, 0x58, 0x04, 0x38, 0x04, 0x58, 0x04,
  0x37, 0x04, 0x17, 0x04, 0xf7, 0x03, 0xd6, 0x03, 0xb6, 0x03, 0x75, 0x03, 0x74, 0x03, 0x54, 0x03,
  0x34, 0x03, 0x13, 0x0b, 0xf3, 0x0a, 0xd3, 0x12, 0xd2, 0x12, 0xb2, 0x12, 0xb2, 0x12, 0x91, 0x12,
  0x91, 0x1a, 0x91, 0x1a, 0x91, 0x1a, 0x71, 0x1a, 0x71, 0x1a, 0x71, 0x1a, 0x71, 0x1a, 0x50, 0x1a,
  0x50, 0x1a, 0x50, 0x22, 0x50, 0x1a, 0x50, 0x1a, 0x30, 0x12, 0x30, 0x0a, 0x30, 0x0a, 0x31, 0x0a,
  0x71, 0x12, 0x70, 0x1a, 0xcf, 0x4a, 0x6d, 0x93, 0x0b, 0xd4, 0x0b, 0xe4, 0xea, 0xe3, 0x4c, 0xa3,
  0x6c, 0xb3, 0x8b, 0xc3, 0x6d, 0x52, 0xad, 0x19, 0x0b, 0x52, 0xea, 0x59, 0xaa, 0x49, 0x89, 0x41,
  0xaa, 0x41, 0x6a, 0x82, 0xca, 0x9a, 0xca, 0x49, 0x0a, 0x11, 0x2a, 0x19, 0x4b, 0x21, 0x2b, 0x11,
  0x2b, 0x19, 0x2a, 0x19, 0x2a, 0x19, 0x2a, 0x19, 0x2a, 0x19, 0x2a, 0x19, 0x2a, 0x19, 0x0a, 0x19,
  0x0a, 0x19, 0x0a, 0x19, 0x2a, 0x19, 0x2a, 0x19, 0x0a, 0x19, 0x0a, 0x19, 0x0a, 0x19, 0x0a, 0x19,
  0x0f, 0x1a, 0x0f, 0x1a, 0x0f, 0x1a, 0x50, 0x2a, 0x0f, 0x22, 0x0f, 0x22, 0x0f, 0x22, 0x0f, 0x22,
  0x0f, 0x22, 0x0f, 0x22, 0x0f, 0x22, 0x0f, 0x22, 0x0f, 0x22, 0x2f, 0x22, 0x2f, 0x22, 0x2f, 0x22,
  0x2f, 0x22, 0x2f, 0x22, 0x2f, 0x22, 0x2f, 0x22, 0x2f, 0x22, 0x2f, 0x22, 0x2f, 0x22, 0x2f, 0x22,
  0x2f, 0x22, 0x2f, 0x22, 0x2f, 0x22, 0x2f, 0x22, 0x2f, 0x22, 0x2f, 0x22, 0x2f, 0x22, 0x2f, 0x22,
  0x2f, 0x22, 0x2f, 0x22, 0x2f, 0x22, 0x30, 0x22, 0x30, 0x22, 0x2f, 0x22, 0x2f, 0x22, 0x2f, 0x22,
  0x2f, 0x22, 0x30, 0x22, 0x30, 0x22, 0x30, 0x22, 0x30, 0x22, 0x30, 0x22, 0x30, 0x22, 0x50, 0x22,
  0x50, 0x22, 0x70, 0x22, 0x70, 0x22, 0x91, 0x22, 0x91, 0x1a, 0x91, 0x1a, 0xb1, 0x1a, 0xb1, 0x12,
  0xb2, 0x12, 0xd2, 0x12, 0xf2, 0x0a, 0xf3, 0x0a, 0x13, 0x0b, 0x34, 0x03, 0x54, 0x03, 0x75, 0x03,
  0xb5, 0x03, 0xb6, 0x03, 0xb6, 0x03, 0xd6, 0x03, 0xf7, 0x03, 0x17, 0x04, 0x58, 0x0c, 0x58, 0x0c,
  0x58, 0x04, 0x59, 0x04, 0x99, 0x0c, 0xf9, 0x14, 0x99, 0x04, 0x9d, 0x86, 0x7b, 0x45, 0x59, 0x04,
  0x99, 0x04, 0x99, 0x04, 0x79, 0x04, 0x79, 0x04, 0x58, 0x04, 0x38, 0x04, 0x38, 0x04, 0x18, 0x04,
  0xf7, 0x03, 0xf7, 0x03, 0xf6, 0x03, 0xd6, 0x03, 0x95, 0x03, 0x75, 0x03, 0x54, 0x03, 0x54, 0x0b,
  0x34, 0x0b, 0x13, 0x0b, 0xf3, 0x12, 0xd3, 0x12, 0xd2, 0x12, 0xb2, 0x1a, 0xb2, 0x1a, 0x91, 0x1a,
  0x91, 0x1a, 0x71, 0x1a, 0x71, 0x22, 0x71, 0x22, 0x71, 0x22, 0x71, 0x1a, 0x71, 0x1a, 0x50, 0x22,
  0x50, 0x22, 0x50, 0x22, 0x50, 0x22, 0x50, 0x22, 0x30, 0x22, 0x50, 0x22, 0x2f, 0x22, 0x4f, 0x22,
  0x50, 0x22, 0x30, 0x22, 0x30, 0x1a, 0x10, 0x12, 0x2f, 0x22, 0x4f, 0x32, 0xce, 0x6a, 0x6c, 0xab,
  0x4c, 0x9b, 0xed, 0x7a, 0x2d, 0x8b, 0x6c, 0xa3, 0x0d, 0x73, 0x2d, 0x93, 0x6b, 0xb3, 0x0c, 0x93,
  0xaa, 0xe3, 0xaa, 0xdb, 0xca, 0xe3, 0x8a, 0x7a, 0xeb, 0x49, 0x2b, 0xab, 0xab, 0xcb, 0x4a, 0xb3,
  0x8b, 0x29, 0x2b, 0x11, 0x4b, 0x21, 0x2b, 0x19, 0x2b, 0x19, 0x0b, 0x11, 0x0b, 0x11, 0x2a, 0x19,
  0x2a, 0x21, 0x2a, 0x19, 0x2a, 0x19, 0x2a, 0x21, 0x2a, 0x19, 0x2a, 0x19, 0x0a, 0x19, 0x0a, 0x19,
  0x2f, 0x22, 0x2f, 0x22, 0x2f, 0x22, 0x90, 0x32, 0x2f, 0x22, 0x2f, 0x22, 0x2f, 0x22, 0x2f, 0x22,
  0x2f, 0x22, 0x2f, 0x22, 0x2f, 0x22, 0x2f, 0x22, 0x2f, 0x22, 0x2f, 0x22, 0x2f, 0x22, 0x2f, 0x22,
  0x2f, 0x22, 0x2f, 0x22, 0x2f, 0x22, 0x2f, 0x22, 0x2f, 0x22, 0x2f, 0x22, 0x2f, 0x22, 0x2f, 0x22,
  0x2f, 0x22, 0x2f, 0x22, 0x2f, 0x22, 0x2f, 0x22, 0x2f, 0x22, 0x2f, 0x22, 0x2f, 0x22, 0x2f, 0x22,
  0x2f, 0x22, 0x2f, 0x22, 0x2f, 0x22, 0x2f, 0x22, 0x30, 0x22, 0x30, 0x22, 0x30, 0x22, 0x30, 0x22,
  0x30, 0x22, 0x30, 0x22, 0x30, 0x22, 0x30, 0x22, 0x30, 0x22, 0x30, 0x22, 0x50, 0x22, 0x50, 0x22,
  0x50, 0x22, 0x70, 0x22, 0x71, 0x22, 0x71, 0x22, 0x71, 0x1a, 0x91, 0x1a, 0x91, 0x1a, 0x92, 0x12,
  0xb2, 0x12, 0xd2, 0x12, 0xd3, 0x12, 0xf3, 0x0a, 0x13, 0x0b, 0x34, 0x03, 0x54, 0x0b, 0x75, 0x03,
  0x75, 0x03, 0x95, 0x03, 0xb6, 0x03, 0xd6, 0x03, 0xf7, 0x03, 0x17, 0x04, 0x38, 0x0c, 0x38, 0x04,
  0x58, 0x04, 0x58, 0x04, 0x99, 0x0c, 0xd9, 0x14, 0x79, 0x04, 0x9d, 0x86, 0x7b, 0x45, 0x39, 0x04,
  0x79, 0x04, 0x79, 0x04, 0x78, 0x04, 0x58, 0x04, 0x58, 0x04, 0x38, 0x04, 0x17, 0x04, 0x17, 0x04,
  0xf7, 0x03, 0xf6, 0x03, 0xd6, 0x03, 0xd6, 0x03, 0xb5, 0x03, 0x95, 0x03, 0x74, 0x0b, 0x54, 0x0b,
  0x34, 0x0b, 0x13, 0x13, 0xf3, 0x12, 0xf3, 0x12, 0xd2, 0x1a, 0xd2, 0x1a, 0xb2, 0x1a, 0xb1, 0x1a,
  0x91, 0x1a, 0x91, 0x22, 0x91, 0x22, 0x71, 0x22, 0x71, 0x22, 0x71, 0x22, 0x71, 0x22, 0x71, 0x22,
  0x50, 0x22, 0x50, 0x22, 0x50, 0x22, 0x50, 0x22, 0x50, 0x22, 0x50, 0x22, 0x30, 0x22, 0x30, 0x22,
  0x30, 0x22, 0x2f, 0x22, 0x2f, 0x22, 0x2f, 0x2a, 0x2f, 0x22, 0x30, 0x22, 0x10, 0x1a, 0x10, 0x12,
  0x10, 0x1a, 0x10, 0x12, 0x30, 0x22, 0xed, 0x7a, 0x2c, 0x93, 0xae, 0x52, 0xab, 0xc3, 0xcb, 0xd3,
  0x2c, 0x9b, 0x2b, 0x9b, 0x6c, 0x62, 0x2b, 0xa3, 0x6b, 0xb3, 0x6d, 0x5a, 0x0d, 0x3a, 0xab, 0xd3,
  0xeb, 0x92, 0x6c, 0x21, 0x8b, 0x31, 0xab, 0x41, 0x8b, 0x31, 0xca, 0x49, 0xaa, 0x41, 0x4b, 0x21,
  0x0b, 0x11, 0x2b, 0x19, 0x2a, 0x19, 0x0a, 0x11, 0x0a, 0x19, 0x0a, 0x19, 0x2a, 0x19, 0x2a, 0x21,
  0x2f, 0x22, 0x2f, 0x22, 0x2f, 0x22, 0x0f, 0x1a, 0x2f, 0x22, 0x2f, 0x22, 0x2f, 0x22, 0x2f, 0x22,
  0x2f, 0x22, 0x2f, 0x22, 0x2f, 0x22, 0x2f, 0x22, 0x2f, 0x22, 0x2f, 0x22, 0x2f, 0x22, 0x2f, 0x22,
  0x2f, 0x22, 0x2f, 0x22, 0x2f, 0x22, 0x2f, 0x22, 0x2f, 0x22, 0x30, 0x22, 0x30, 0x22, 0x30, 0x22,
  0x30, 0x22, 0x2f, 0x22, 0x2f, 0x22, 0x2f, 0x22, 0x2f, 0x22, 0x2f, 0x22, 0x30, 0x22, 0x30, 0x22,
  0x30, 0x22, 0x30, 0x22, 0x2f, 0x22, 0x30, 0x22, 0x30, 0x22, 0x30, 0x22, 0x30, 0x22, 0x30, 0x22,
  0x30, 0x22, 0x30, 0x22, 0x30, 0x22, 0x30, 0x22, 0x30, 0x22, 0x50, 0x22, 0x50, 0x22, 0x50, 0x22,
  0x50, 0x22, 0x50, 0x22, 0x71, 0x22, 0x71, 0x1a, 0x71, 0x1a, 0x71, 0x1a, 0x91, 0x1a, 0x92, 0x1a,
  0xb2, 0x12, 0xd2, 0x12, 0xd3, 0x12, 0xf3, 0x12, 0x13, 0x0b, 0x34, 0x0b, 0x54, 0x0b, 0x75, 0x0b,
  0x75, 0x03, 0x95, 0x03, 0xb6, 0x03, 0xd6, 0x03, 0xf7, 0x03, 0x17, 0x04, 0x37, 0x04, 0x38, 0x04,
  0x38, 0x04, 0x58, 0x04, 0x98, 0x0c, 0xb9, 0x0c, 0x58, 0x04, 0x7c, 0x86, 0x5a, 0x45, 0x38, 0x04,
  0x79, 0x04, 0x78, 0x04, 0x78, 0x04, 0x58, 0x04, 0x38, 0x04, 0x38, 0x04, 0x17, 0x04, 0xf7, 0x03,
  0xf7, 0x03, 0xd6, 0x03, 0xb6, 0x03, 0xb6, 0x03, 0xb5, 0x0b, 0x95, 0x0b, 0x74, 0x0b, 0x54, 0x0b,
  0x34, 0x13, 0x13, 0x13, 0xf3, 0x12, 0xf3, 0x1a, 0xd2, 0x1a, 0xd2, 0x1a, 0xb2, 0x1a, 0xb1, 0x22,
  0x91, 0x22, 0x91, 0x22, 0x91, 0x22, 0x71, 0x22, 0x71, 0x22, 0x71, 0x22, 0x71, 0x22, 0x71, 0x22,
  0x71, 0x22, 0x70, 0x22, 0x50, 0x22, 0x50, 0x22, 0x50, 0x22, 0x50, 0x22, 0x50, 0x2a, 0x50, 0x2a,
  0x50, 0x2a, 0x50, 0x2a, 0x50, 0x2a, 0x50, 0x2a, 0x50, 0x2a, 0x50, 0x2a, 0x4f, 0x2a, 0x50, 0x2a,
  0x50, 0x2a, 0x50, 0x2a, 0x50, 0x2a, 0x30, 0x1a, 0x30, 0x1a, 0x30, 0x1a, 0x50, 0x2a, 0x6f, 0x3a,
  0x0f, 0x1a, 0xef, 0x19, 0xce, 0x19, 0xce, 0x19, 0xce, 0x19, 0xef, 0x19, 0xce, 0x19, 0xed, 0x29,
  0x4b, 0xb3, 0x6a, 0xc3, 0x8a, 0xcb, 0x2a, 0xab, 0xab, 0x8a, 0xab, 0x82, 0x4b, 0x62, 0x8b, 0x7a,
  0x8b, 0x7a, 0xeb, 0x49, 0xaa, 0x8a, 0x0a, 0x62, 0x4a, 0x29, 0x4a, 0x21, 0x0a, 0x19, 0xea, 0x08,
  0x2f, 0x22, 0x2f, 0x22, 0x2f, 0x22, 0x2f, 0x22, 0x2f, 0x22, 0x2f, 0x22, 0x2f, 0x22, 0x2f, 0x22,
  0x2f, 0x22, 0x2f, 0x22, 0x2f, 0x22, 0x2f, 0x22, 0x2f, 0x22, 0x30, 0x22, 0x30, 0x22, 0x30, 0x22,
  0x30, 0x22, 0x30, 0x22, 0x30, 0x22, 0x30, 0x22, 0x30, 0x22, 0x30, 0x22, 0x30, 0x22, 0x30, 0x22,
  0x30, 0x22, 0x30, 0x22, 0x30, 0x22, 0x30, 0x22, 0x30, 0x22, 0x30, 0x22, 0x30, 0x22, 0x30, 0x22,
  0x30, 0x22, 0x30, 0x22, 0x30, 0x22, 0x30, 0x22, 0x30, 0x22, 0x30, 0x22, 0x30, 0x22, 0x30, 0x22,
  0x30, 0x22, 0x30, 0x22, 0x50, 0x22, 0x50, 0x22, 0x50, 0x22, 0x50, 0x22, 0x70, 0x22, 0x50, 0x22,
  0x71, 0x22, 0x71, 0x22, 0x71, 0x22, 0x71, 0x22, 0x71, 0x22, 0x91, 0x1a, 0x91, 0x1a, 0xb2, 0x1a,
  0xb2, 0x1a, 0xd2, 0x1a, 0xf3, 0x12, 0x13, 0x13, 0x33, 0x13, 0x34, 0x13, 0x54, 0x0b, 0x54, 0x0b,
  0x75, 0x03, 0x95, 0x03, 0xb6, 0x03, 0xd6, 0x03, 0xf6, 0x03, 0x17, 0x04, 0x17, 0x04, 0x17, 0x04,
  0x38, 0x04, 0x78, 0x04, 0x99, 0x0c, 0x99, 0x0c, 0x58, 0x04, 0x5c, 0x7e, 0x5a, 0x45, 0x18, 0x04,
  0x58, 0x04, 0x58, 0x04, 0x58, 0x04, 0x58, 0x04, 0x38, 0x04, 0x17, 0x04, 0xf7, 0x03, 0xf7, 0x03,
  0xd6, 0x03, 0xd6, 0x03, 0xb6, 0x03, 0x95, 0x0b, 0x95, 0x0b, 0x95, 0x13, 0x74, 0x13, 0x54, 0x13,
  0x34, 0x13, 0x13, 0x1b, 0xf3, 0x1a, 0xf2, 0x1a, 0xd2, 0x1a, 0xd2, 0x22, 0xb2, 0x22, 0xb2, 0x22,
  0xb1, 0x22, 0x91, 0x22, 0x91, 0x2a, 0x91, 0x2a, 0x91, 0x2a, 0x71, 0x2a, 0x91, 0x2a, 0x71, 0x2a,
  0x71, 0x2a, 0x70, 0x2a, 0x70, 0x2a, 0x70, 0x2a, 0x70, 0x2a, 0x50, 0x2a, 0x50, 0x2a, 0x50, 0x2a,
  0x50, 0x2a, 0x50, 0x2a, 0x50, 0x2a, 0x50, 0x2a, 0x50, 0x2a, 0x50, 0x2a, 0x50, 0x2a, 0x50, 0x2a,
  0x50, 0x2a, 0x50, 0x2a, 0x50, 0x2a, 0x70, 0x2a, 0x70, 0x2a, 0x50, 0x2a, 0x50, 0x2a, 0x50, 0x22,
  0x50, 0x2a, 0x4f, 0x2a, 0x2f, 0x2a, 0x2f, 0x2a, 0x2f, 0x2a, 0x4f, 0x2a, 0x2f, 0x2a, 0x0f, 0x22,
  0xee, 0x21, 0x4d, 0x52, 0x0c, 0x93, 0x2d, 0x42, 0xad, 0x19, 0x8d, 0x19, 0xad, 0x19, 0x6d, 0x5a,
  0x0c, 0x8b, 0x8e, 0x52, 0xae, 0x52, 0xeb, 0xe3, 0xca, 0xeb, 0xc9, 0x9a, 0x89, 0x82, 0x2a, 0x72,
  0x2f, 0x22, 0x2f, 0x22, 0x30, 0x22, 0x30, 0x22, 0x30, 0x22, 0x30, 0x22, 0x30, 0x22, 0x30, 0x22,
  0x30, 0x22, 0x30, 0x22, 0x30, 0x22, 0x30, 0x22, 0x30, 0x22, 0x30, 0x22, 0x30, 0x22, 0x30, 0x22,
  0x30, 0x22, 0x30, 0x22, 0x50, 0x22, 0x30, 0x2a, 0x50, 0x2a, 0x30, 0x2a, 0x50, 0x2a, 0x50, 0x22,
  0x50, 0x2a, 0x50, 0x2a, 0x50, 0x2a, 0x50, 0x2a, 0x50, 0x2a, 0x50, 0x2a, 0x50, 0x2a, 0x50, 0x2a,
  0x50, 0x2a, 0x50, 0x2a, 0x50, 0x2a, 0x50, 0x2a, 0x50, 0x2a, 0x50, 0x22, 0x50, 0x22, 0x50, 0x22,
  0x50, 0x22, 0x50, 0x2a, 0x50, 0x22, 0x50, 0x22, 0x50, 0x22, 0x50, 0x22, 0x71, 0x22, 0x51, 0x22,
  0x71, 0x22, 0x71, 0x22, 0x71, 0x22, 0x71, 0x22, 0x91, 0x22, 0x91, 0x22, 0x92, 0x22, 0xb2, 0x1a,
  0xb2, 0x1a, 0xd2, 0x1a, 0xf3, 0x1a, 0x13, 0x1b, 0x13, 0x1b, 0x34, 0x13, 0x34, 0x0b, 0x54, 0x0b,
  0x75, 0x0b, 0x75, 0x0b, 0x95, 0x03, 0xd6, 0x03, 0xf6, 0x03, 0xf6, 0x03, 0xf7, 0x03, 0xf7, 0x03,
  0x17, 0x04, 0x38, 0x04, 0x58, 0x04, 0x58, 0x0c, 0x17, 0x04, 0x5c, 0x76, 0x5a, 0x3d, 0x17, 0x04,
  0x58, 0x04, 0x38, 0x04, 0x38, 0x04, 0x37, 0x04, 0x17, 0x04, 0x17, 0x04, 0xf7, 0x03, 0xd6, 0x03,
  0xd6, 0x03, 0xb6, 0x03, 0x96, 0x0b, 0x95, 0x0b, 0x75, 0x13, 0x74, 0x13, 0x74, 0x1b, 0x54, 0x1b,
  0x34, 0x1b, 0x13, 0x1b, 0xf3, 0x22, 0xf3, 0x22, 0xd2, 0x22, 0xd2, 0x22, 0xd2, 0x22, 0xb2, 0x2a,
  0xb2, 0x2a, 0xb1, 0x2a, 0x91, 0x2a, 0x91, 0x2a, 0x91, 0x2a, 0x91, 0x2a, 0x91, 0x2a, 0x91, 0x2a,
  0x91, 0x2a, 0x71, 0x2a, 0x70, 0x2a, 0x70, 0x2a, 0x70, 0x2a, 0x70, 0x2a, 0x70, 0x2a, 0x70, 0x2a,
  0x70, 0x2a, 0x70, 0x2a, 0x70, 0x2a, 0x70, 0x2a, 0x70, 0x2a, 0x70, 0x2a, 0x70, 0x2a, 0x70, 0x2a,
  0x70, 0x2a, 0x70, 0x2a, 0x70, 0x2a, 0x70, 0x2a, 0x70, 0x2a, 0x70, 0x2a, 0x70, 0x2a, 0x70, 0x2a,
  0x70, 0x2a, 0x70, 0x2a, 0x50, 0x2a, 0x50, 0x2a, 0x50, 0x2a, 0x70, 0x2a, 0x70, 0x2a, 0x4f, 0x2a,
  0x2f, 0x2a, 0xef, 0x21, 0xcf, 0x11, 0xee, 0x21, 0x0e, 0x2a, 0x0e, 0x2a, 0x2f, 0x2a, 0x2f, 0x2a,
  0x10, 0x1a, 0x50, 0x22, 0x30, 0x1a, 0x6f, 0x32, 0x2d, 0x8b, 0xce, 0x5a, 0xce, 0x5a, 0xac, 0xc3,
  0x30, 0x22, 0x30, 0x22, 0x30, 0x22, 0x30, 0x22, 0x30, 0x22, 0x30, 0x22, 0x50, 0x22, 0x50, 0x22,
  0x50, 0x22, 0x50, 0x22, 0x50, 0x22, 0x50, 0x22, 0x50, 0x2a, 0x50, 0x2a, 0x50, 0x2a, 0x50, 0x2a,
  0x50, 0x2a, 0x50, 0x2a, 0x50, 0x2a, 0x50, 0x2a, 0x50, 0x2a, 0x50, 0x2a, 0x50, 0x2a, 0x50, 0x2a,
  0x50, 0x2a, 0x50, 0x2a, 0x50, 0x2a, 0x50, 0x2a, 0x50, 0x2a, 0x50, 0x2a, 0x50, 0x2a, 0x50, 0x2a,
  0x50, 0x2a, 0x50, 0x2a, 0x50, 0x2a, 0x50, 0x2a, 0x50, 0x2a, 0x50, 0x2a, 0x50, 0x2a, 0x50, 0x2a,
  0x50, 0x2a, 0x50, 0x2a, 0x50, 0x2a, 0x71, 0x2a, 0x71, 0x2a, 0x71, 0x2a, 0x71, 0x2a, 0x71, 0x2a,
  0x71, 0x2a, 0x71, 0x2a, 0x71, 0x22, 0x71, 0x22, 0x91, 0x22, 0x91, 0x22, 0xb2, 0x22, 0xb2, 0x22,
  0xd2, 0x22, 0xd2, 0x22, 0xf3, 0x22, 0xf3, 0x1a, 0x13, 0x1b, 0x14, 0x13, 0x34, 0x13, 0x54, 0x13,
  0x54, 0x0b, 0x75, 0x0b, 0x95, 0x0b, 0xb6, 0x0b, 0xd6, 0x0b, 0xd6, 0x03, 0xd6, 0x03, 0xd7, 0x03,
  0xf7, 0x03, 0x17, 0x04, 0x37, 0x04, 0x38, 0x04, 0xf7, 0x03, 0x3c, 0x66, 0x3a, 0x35, 0xf7, 0x03,
  0x38, 0x04, 0x17, 0x04, 0x17, 0x04, 0x17, 0x04, 0x17, 0x04, 0xf7, 0x03, 0xd6, 0x03, 0xd6, 0x0b,
  0xb6, 0x0b, 0xb6, 0x0b, 0x95, 0x13, 0x75, 0x13, 0x75, 0x13, 0x54, 0x13, 0x54, 0x1b, 0x54, 0x23,
  0x34, 0x23, 0x13, 0x23, 0xf3, 0x22, 0xf3, 0x22, 0xd2, 0x22, 0xd2, 0x2a, 0xd2, 0x2a, 0xb2, 0x2a,
  0xb2, 0x2a, 0xb1, 0x2a, 0xb1, 0x2a, 0x91, 0x32, 0x91, 0x32, 0x91, 0x32, 0x91, 0x32, 0x91, 0x32,
  0x91, 0x32, 0x91, 0x32, 0x71, 0x32, 0x71, 0x2a, 0x71, 0x32, 0x71, 0x32, 0x71, 0x32, 0x71, 0x32,
  0x70, 0x32, 0x70, 0x32, 0x70, 0x32, 0x70, 0x32, 0x70, 0x32, 0x70, 0x32, 0x70, 0x32, 0x70, 0x32,
  0x70, 0x32, 0x70, 0x32, 0x70, 0x32, 0x70, 0x32, 0x70, 0x32, 0x70, 0x2a, 0x70, 0x2a, 0x70, 0x2a,
  0x70, 0x2a, 0x70, 0x2a, 0x70, 0x2a, 0x70, 0x2a, 0x70, 0x2a, 0x71, 0x32, 0x71, 0x32, 0x70, 0x32,
  0x70, 0x2a, 0x70, 0x2a, 0x50, 0x32, 0x50, 0x2a, 0x50, 0x2a, 0x50, 0x2a, 0x70, 0x2a, 0x70, 0x2a,
  0x70, 0x2a, 0x70, 0x2a, 0x70, 0x2a, 0x70, 0x22, 0x51, 0x1a, 0x71, 0x1a, 0x71, 0x22, 0x71, 0x1a,
  0x50, 0x22, 0x50, 0x22, 0x50, 0x22, 0x50, 0x22, 0x71, 0x2a, 0x91, 0x32, 0x50, 0x22, 0x50, 0x2a,
  0x50, 0x2a, 0x50, 0x22, 0x50, 0x22, 0x50, 0x2a, 0x50, 0x2a, 0x50, 0x2a, 0x50, 0x2a, 0x50, 0x2a,
  0x50, 0x2a, 0x50, 0x2a, 0x50, 0x2a, 0x50, 0x2a, 0x50, 0x2a, 0x70, 0x2a, 0x50, 0x2a, 0x50, 0x2a,
  0x50, 0x2a, 0x50, 0x2a, 0x50, 0x2a, 0x50, 0x2a, 0x50, 0x2a, 0x50, 0x2a, 0x50, 0x2a, 0x50, 0x2a,
  0x50, 0x2a, 0x50, 0x2a, 0x50, 0x2a, 0x50, 0x2a, 0x50, 0x2a, 0x50, 0x2a, 0x70, 0x2a, 0x70, 0x2a,
  0x71, 0x2a, 0x71, 0x2a, 0x71, 0x2a, 0x71, 0x2a, 0x71, 0x2a, 0x71, 0x2a, 0x71, 0x2a, 0x71, 0x2a,
  0x71, 0x2a, 0x71, 0x2a, 0x71, 0x2a, 0x91, 0x2a, 0x91, 0x2a, 0x92, 0x22, 0xb2, 0x22, 0xb2, 0x22,
  0xd2, 0x22, 0xd2, 0x22, 0xf3, 0x22, 0xf3, 0x22, 0x13, 0x1b, 0x14, 0x1b, 0x34, 0x1b, 0x34, 0x13,
  0x54, 0x13, 0x75, 0x13, 0x95, 0x13, 0xb5, 0x13, 0xb6, 0x0b, 0xb6, 0x0b, 0xb6, 0x0b, 0xd7, 0x03,
  0xf7, 0x0b, 0x17, 0x0c, 0x17, 0x0c, 0x38, 0x0c, 0xd7, 0x03, 0xdb, 0x55, 0x1a, 0x35, 0xd7, 0x03,
  0x17, 0x04, 0xf7, 0x03, 0xf7, 0x03, 0xf7, 0x0b, 0xf7, 0x0b, 0xd6, 0x0b, 0xd6, 0x0b, 0xb6, 0x0b,
  0xb6, 0x13, 0x95, 0x13, 0x95, 0x13, 0x75, 0x1b, 0x54, 0x1b, 0x54, 0x1b, 0x34, 0x23, 0x34, 0x23,
  0x33, 0x2b, 0x33, 0x2b, 0x13, 0x2b, 0xf2, 0x2a, 0xf2, 0x2a, 0xd2, 0x2a, 0xd2, 0x2a, 0xd2, 0x32,
  0xb2, 0x32, 0xb1, 0x32, 0xb1, 0x32, 0xb1, 0x32, 0xb1, 0x32, 0xb1, 0x32, 0x91, 0x32, 0x91, 0x32,
  0x91, 0x32, 0x91, 0x32, 0x91, 0x32, 0x91, 0x32, 0x71, 0x32, 0x91, 0x32, 0x91, 0x32, 0x71, 0x32,
  0x70, 0x32, 0x90, 0x32, 0x70, 0x32, 0x90, 0x32, 0x90, 0x32, 0x70, 0x32, 0x70, 0x32, 0x90, 0x32,
  0x90, 0x32, 0x90, 0x32, 0x90, 0x32, 0x90, 0x32, 0x90, 0x32, 0x91, 0x32, 0x91, 0x32, 0x91, 0x32,
  0x70, 0x32, 0x90, 0x32, 0x91, 0x32, 0x91, 0x32, 0x91, 0x32, 0x91, 0x32, 0x91, 0x32, 0x91, 0x32,
  0x91, 0x32, 0x91, 0x32, 0x91, 0x32, 0x91, 0x32, 0x91, 0x32, 0x91, 0x32, 0x91, 0x32, 0x91, 0x32,
  0x91, 0x32, 0x91, 0x32, 0x91, 0x2a, 0x91, 0x2a, 0x91, 0x32, 0x91, 0x2a, 0x91, 0x2a, 0x91, 0x2a,
  0x50, 0x22, 0x50, 0x22, 0x50, 0x22, 0x50, 0x22, 0xb1, 0x32, 0xd2, 0x3a, 0x50, 0x22, 0x70, 0x2a,
  0x50, 0x2a, 0x70, 0x2a, 0x70, 0x2a, 0x70, 0x2a, 0x70, 0x2a, 0x70, 0x2a, 0x70, 0x2a, 0x70, 0x2a,
  0x70, 0x2a, 0x70, 0x2a, 0x70, 0x2a, 0x70, 0x2a, 0x70, 0x2a, 0x70, 0x2a, 0x70, 0x2a, 0x70, 0x2a,
  0x70, 0x2a, 0x70, 0x2a, 0x70, 0x2a, 0x70, 0x2a, 0x70, 0x2a, 0x70, 0x2a, 0x70, 0x2a, 0x70, 0x2a,
  0x70, 0x2a, 0x70, 0x2a, 0x70, 0x2a, 0x70, 0x2a, 0x70, 0x2a, 0x71, 0x2a, 0x71, 0x2a, 0x71, 0x2a,
  0x71, 0x2a, 0x71, 0x2a, 0x71, 0x2a, 0x71, 0x2a, 0x71, 0x2a, 0x71, 0x2a, 0x71, 0x2a, 0x71, 0x2a,
  0x91, 0x2a, 0x91, 0x2a, 0x91, 0x2a, 0x91, 0x2a, 0x92, 0x2a, 0xb2, 0x2a, 0xb2, 0x2a, 0xd2, 0x2a,
  0xd2, 0x2a, 0xd2, 0x22, 0xf3, 0x22, 0xf3, 0x22, 0xf3, 0x22, 0x13, 0x23, 0x14, 0x1b, 0x34, 0x1b,
  0x54, 0x1b, 0x74, 0x1b, 0x95, 0x1b, 0x95, 0x1b, 0x96, 0x13, 0xb6, 0x13, 0xb6, 0x13, 0xd6, 0x0b,
  0xf7, 0x13, 0xf7, 0x0b, 0x17, 0x14, 0x17, 0x14, 0xd6, 0x03, 0x7b, 0x4d, 0xd9, 0x2c, 0xd6, 0x03,
  0x17, 0x0c, 0xf7, 0x0b, 0xf7, 0x0b, 0xf7, 0x0b, 0xf6, 0x13, 0xd6, 0x13, 0xd6, 0x13, 0xb6, 0x13,
  0x95, 0x1b, 0x95, 0x1b, 0x75, 0x1b, 0x74, 0x1b, 0x54, 0x23, 0x54, 0x23, 0x34, 0x23, 0x33, 0x23,
  0x33, 0x2b, 0x33, 0x2b, 0x13, 0x33, 0x12, 0x33, 0xf2, 0x32, 0xf2, 0x32, 0xd2, 0x32, 0xd2, 0x32,
  0xd2, 0x32, 0xb2, 0x32, 0xb2, 0x32, 0xb1, 0x3a, 0xb1, 0x3a, 0xb1, 0x3a, 0xb1, 0x3a, 0xb1, 0x3a,
  0xb1, 0x3a, 0xb1, 0x3a, 0xb1, 0x3a, 0x91, 0x3a, 0x91, 0x32, 0x91, 0x32, 0x91, 0x32, 0x91, 0x32,
  0x91, 0x3a, 0x91, 0x32, 0x91, 0x32, 0x91, 0x32, 0x91, 0x32, 0x91, 0x32, 0x91, 0x32, 0x91, 0x32,
  0x91, 0x32, 0x91, 0x32, 0x91, 0x32, 0x91, 0x32, 0x91, 0x32, 0x91, 0x32, 0x91, 0x32, 0x91, 0x32,
  0x91, 0x32, 0x91, 0x32, 0x91, 0x32, 0x91, 0x32, 0x91, 0x32, 0xb1, 0x32, 0xb1, 0x32, 0xb1, 0x32,
  0xb1, 0x32, 0x91, 0x32, 0xb1, 0x32, 0xb1, 0x32, 0xb1, 0x32, 0xb1, 0x32, 0xb1, 0x32, 0xb1, 0x32,
  0xb1, 0x32, 0xb1, 0x32, 0xb1, 0x32, 0x91, 0x32, 0x91, 0x32, 0x91, 0x2a, 0x91, 0x2a, 0x91, 0x2a,
  0x70, 0x2a, 0x70, 0x2a, 0x70, 0x2a, 0x70, 0x2a, 0x50, 0x22, 0x50, 0x22, 0x70, 0x2a, 0x70, 0x2a,
  0x70, 0x2a, 0x70, 0x2a, 0x70, 0x2a, 0x70, 0x2a, 0x70, 0x2a, 0x70, 0x2a, 0x70, 0x2a, 0x70, 0x2a,
  0x70, 0x2a, 0x70, 0x2a, 0x70, 0x2a, 0x71, 0x2a, 0x70, 0x2a, 0x70, 0x2a, 0x70, 0x2a, 0x71, 0x2a,
  0x71, 0x32, 0x71, 0x32, 0x71, 0x32, 0x71, 0x32, 0x71, 0x32, 0x71, 0x32, 0x71, 0x32, 0x71, 0x32,
  0x71, 0x32, 0x71, 0x32, 0x71, 0x32, 0x71, 0x32, 0x71, 0x32, 0x71, 0x32, 0x71, 0x32, 0x71, 0x32,
  0x71, 0x32, 0x71, 0x32, 0x71, 0x32, 0x71, 0x32, 0x71, 0x32, 0x91, 0x32, 0x91, 0x32, 0x91, 0x32,
  0x91, 0x32, 0x91, 0x32, 0x91, 0x32, 0x91, 0x2a, 0xb2, 0x2a, 0xb2, 0x2a, 0xb2, 0x2a, 0xd2, 0x2a,
  0xd2, 0x2a, 0xd2, 0x2a, 0xd2, 0x2a, 0xf3, 0x22, 0xf3, 0x22, 0x13, 0x23, 0x14, 0x23, 0x34, 0x23,
  0x54, 0x23, 0x74, 0x23, 0x75, 0x1b, 0x95, 0x1b, 0x95, 0x1b, 0x95, 0x1b, 0xb6, 0x13, 0xd6, 0x13,
  0xd6, 0x1b, 0xf6, 0x13, 0xf7, 0x1b, 0x17, 0x14, 0xb6, 0x0b, 0x1b, 0x45, 0x99, 0x34, 0xd6, 0x0b,
  0xf7, 0x13, 0xf7, 0x13, 0xf6, 0x13, 0xd6, 0x13, 0xd6, 0x1b, 0xd6, 0x1b, 0xb6, 0x1b, 0xb5, 0x1b,
  0x95, 0x1b, 0x95, 0x23, 0x75, 0x23, 0x54, 0x23, 0x54, 0x23, 0x54, 0x2b, 0x34, 0x2b, 0x33, 0x2b,
  0x13, 0x2b, 0x13, 0x33, 0x13, 0x33, 0x13, 0x33, 0xf2, 0x32, 0xf2, 0x32, 0xd2, 0x32, 0xd2, 0x3a,
  0xd2, 0x3a, 0xd2, 0x3a, 0xd2, 0x3a, 0xd2, 0x3a, 0xb2, 0x3a, 0xb2, 0x3a, 0xb2, 0x3a, 0xb1, 0x3a,
  0xb1, 0x3a, 0xb1, 0x3a, 0xb1, 0x3a, 0xb1, 0x3a, 0xb1, 0x3a, 0xb1, 0x3a, 0xb1, 0x3a, 0x91, 0x3a,
  0x91, 0x3a, 0x91, 0x3a, 0x91, 0x3a, 0x91, 0x3a, 0x91, 0x3a, 0x91, 0x3a, 0x91, 0x3a, 0x91, 0x3a,
  0xb1, 0x3a, 0xb1, 0x3a, 0xb1, 0x3a, 0xb1, 0x3a, 0xb1, 0x3a, 0xb1, 0x3a, 0xb1, 0x3a, 0xb1, 0x3a,
  0xb1, 0x32, 0xb1, 0x3a, 0xb1, 0x32, 0xb1, 0x3a, 0xb1, 0x3a, 0xb1, 0x3a, 0xb1, 0x3a, 0xb1, 0x3a,
  0xb1, 0x3a, 0xb1, 0x3a, 0xb1, 0x32, 0xb1, 0x32, 0xb1, 0x3a, 0xb1, 0x32, 0xb1, 0x32, 0xb1, 0x32,
  0xb1, 0x32, 0xb1, 0x32, 0xb1, 0x32, 0xb1, 0x32, 0xb1, 0x32, 0xb1, 0x32, 0xb1, 0x32, 0xb1, 0x32,
  0x70, 0x2a, 0x70, 0x2a, 0x70, 0x2a, 0x70, 0x2a, 0x70, 0x2a, 0x70, 0x2a, 0x70, 0x2a, 0x71, 0x2a,
  0x71, 0x2a, 0x71, 0x2a, 0x71, 0x2a, 0x71, 0x2a, 0x71, 0x2a, 0x71, 0x2a, 0x71, 0x2a, 0x71, 0x2a,
  0x71, 0x2a, 0x71, 0x2a, 0x71, 0x32, 0x71, 0x32, 0x71, 0x32, 0x71, 0x32, 0x71, 0x32, 0x71, 0x32,
  0x71, 0x32, 0x71, 0x32, 0x91, 0x32, 0x91, 0x32, 0x71, 0x32, 0x71, 0x32, 0x71, 0x32, 0x71, 0x32,
  0x71, 0x32, 0x71, 0x32, 0x71, 0x32, 0x71, 0x32, 0x71, 0x32, 0x71, 0x32, 0x71, 0x32, 0x71, 0x32,
  0x91, 0x32, 0x91, 0x32, 0x91, 0x32, 0x91, 0x32, 0x91, 0x32, 0x91, 0x32, 0x91, 0x32, 0x91, 0x32,
  0x91, 0x32, 0x91, 0x32, 0x92, 0x32, 0xb2, 0x32, 0xb2, 0x32, 0xb2, 0x32, 0xb2, 0x32, 0xd2, 0x32,
  0xd2, 0x32, 0xd2, 0x2a, 0xd2, 0x2a, 0xf3, 0x2a, 0xf3, 0x2a, 0x13, 0x2b, 0x14, 0x2b, 0x34, 0x2b,
  0x54, 0x2b, 0x74, 0x2b, 0x74, 0x23, 0x75, 0x23, 0x95, 0x23, 0x95, 0x1b, 0x96, 0x1b, 0xb6, 0x1b,
  0xd6, 0x23, 0xd6, 0x1b, 0xf6, 0x23, 0xf7, 0x1b, 0xb6, 0x13, 0xda, 0x44, 0x79, 0x34, 0xb6, 0x13,
  0xd7, 0x1b, 0xd6, 0x1b, 0xd6, 0x1b, 0xd6, 0x23, 0xb6, 0x23, 0xb6, 0x23, 0xb6, 0x23, 0xb5, 0x23,
  0x95, 0x23, 0x75, 0x2b, 0x75, 0x2b, 0x74, 0x2b, 0x54, 0x2b, 0x54, 0x33, 0x34, 0x33, 0x33, 0x33,
  0x13, 0x33, 0x13, 0x33, 0x13, 0x33, 0x13, 0x3b, 0x13, 0x3b, 0xf2, 0x3a, 0xf2, 0x3a, 0xd2, 0x3a,
  0xd2, 0x3a, 0xd2, 0x3a, 0xd2, 0x42, 0xd2, 0x42, 0xd2, 0x42, 0xd2, 0x42, 0xd2, 0x42, 0xd2, 0x42,
  0xd2, 0x42, 0xd2, 0x42, 0xd2, 0x42, 0xb1, 0x42, 0xb1, 0x42, 0xb1, 0x42, 0xb1, 0x42, 0xb1, 0x3a,
  0xb1, 0x3a, 0xb1, 0x3a, 0xb1, 0x3a, 0xb1, 0x3a, 0xb1, 0x3a, 0xb1, 0x3a, 0xb1, 0x3a, 0xb1, 0x3a,
  0xb1, 0x3a, 0xb1, 0x3a, 0xb1, 0x3a, 0xb1, 0x3a, 0xb1, 0x3a, 0xb1, 0x3a, 0xb1, 0x3a, 0xb1, 0x3a,
  0xb1, 0x3a, 0xb1, 0x3a, 0xb1, 0x3a, 0xb1, 0x3a, 0xb1, 0x3a, 0xb1, 0x3a, 0xd1, 0x3a, 0xd1, 0x3a,
  0xd1, 0x3a, 0xd1, 0x3a, 0xd1, 0x3a, 0xd1, 0x3a, 0xd1, 0x3a, 0xd1, 0x3a, 0xd1, 0x3a, 0xd1, 0x3a,
  0xd1, 0x3a, 0xd1, 0x3a, 0xd1, 0x32, 0xd1, 0x32, 0xb1, 0x32, 0xb1, 0x32, 0xb1, 0x32, 0xb1, 0x32,
  0x70, 0x2a, 0x70, 0x2a, 0x71, 0x2a, 0x71, 0x2a, 0x71, 0x2a, 0x71, 0x2a, 0x91, 0x2a, 0x70, 0x2a,
  0x71, 0x2a, 0x91, 0x2a, 0x91, 0x2a, 0x91, 0x32, 0x91, 0x32, 0x91, 0x32, 0x91, 0x32, 0x91, 0x32,
  0x91, 0x32, 0x91, 0x32, 0x91, 0x32, 0x91, 0x32, 0x91, 0x32, 0x91, 0x32, 0x91, 0x32, 0x91, 0x32,
  0x91, 0x32, 0x91, 0x32, 0x91, 0x32, 0x91, 0x32, 0x91, 0x32, 0x91, 0x32, 0x71, 0x32, 0x71, 0x32,
  0x91, 0x32, 0x91, 0x32, 0x91, 0x32, 0x91, 0x32, 0x91, 0x32, 0x91, 0x32, 0x91, 0x32, 0x91, 0x32,
  0x91, 0x32, 0x91, 0x32, 0x91, 0x32, 0x91, 0x32, 0x91, 0x32, 0x91, 0x32, 0xb1, 0x32, 0xb2, 0x32,
  0xb1, 0x32, 0xb2, 0x32, 0xb2, 0x3a, 0xb2, 0x32, 0xb2, 0x32, 0xb2, 0x32, 0xb2, 0x32, 0xd2, 0x32,
  0xd2, 0x32, 0xd2, 0x32, 0xf3, 0x32, 0xf3, 0x32, 0x13, 0x33, 0x13, 0x33, 0x34, 0x33, 0x34, 0x33,
  0x54, 0x2b, 0x54, 0x2b, 0x74, 0x2b, 0x75, 0x2b, 0x75, 0x23, 0x95, 0x23, 0x96, 0x23, 0xb6, 0x23,
  0xb6, 0x23, 0xd6, 0x2b, 0xd6, 0x2b, 0xd6, 0x23, 0xb6, 0x1b, 0xb9, 0x4c, 0x58, 0x3c, 0xb6, 0x23,
  0xd6, 0x23, 0xd6, 0x23, 0xb6, 0x23, 0xb6, 0x23, 0xb6, 0x23, 0xb6, 0x2b, 0xb5, 0x2b, 0x95, 0x2b,
  0x95, 0x2b, 0x75, 0x2b, 0x74, 0x33, 0x54, 0x33, 0x54, 0x33, 0x54, 0x33, 0x34, 0x33, 0x33, 0x3b,
  0x13, 0x3b, 0x13, 0x3b, 0x13, 0x3b, 0x13, 0x3b, 0x12, 0x43, 0x12, 0x43, 0xf2, 0x42, 0xf2, 0x42,
  0xf2, 0x42, 0xd2, 0x42, 0xf2, 0x42, 0xd2, 0x42, 0xd2, 0x42, 0xd2, 0x42, 0xd2, 0x42, 0xd2, 0x42,
  0xd2, 0x42, 0xd2, 0x42, 0xd2, 0x42, 0xd2, 0x42, 0xd2, 0x42, 0xd2, 0x42, 0xd2, 0x42, 0xd1, 0x42,
  0xd1, 0x42, 0xb1, 0x42, 0xb1, 0x42, 0xd1, 0x42, 0xd1, 0x42, 0xd1, 0x42, 0xd1, 0x42, 0xd1, 0x42,
  0xd1, 0x42, 0xd1, 0x42, 0xd1, 0x42, 0xd1, 0x42, 0xd1, 0x42, 0xd1, 0x42, 0xd1, 0x42, 0xd1, 0x42,
  0xd1, 0x42, 0xd1, 0x3a, 0xd1, 0x3a, 0xd1, 0x3a, 0xd1, 0x3a, 0xd1, 0x3a, 0xd2, 0x3a, 0xd2, 0x3a,
  0xd2, 0x3a, 0xd2, 0x3a, 0xd2, 0x3a, 0xd2, 0x3a, 0xd2, 0x3a, 0xd2, 0x3a, 0xd2, 0x3a, 0xd2, 0x3a,
  0xd2, 0x3a, 0xd2, 0x3a, 0xd2, 0x3a, 0xd2, 0x3a, 0xd1, 0x3a, 0xd1, 0x32, 0xd1, 0x32, 0xd1, 0x32,
  0x71, 0x2a, 0x71, 0x2a, 0x71, 0x2a, 0x91, 0x2a, 0x91, 0x2a, 0x91, 0x2a, 0x71, 0x2a, 0x12, 0x43,
  0xd1, 0x3a, 0x71, 0x2a, 0x91, 0x32, 0x91, 0x32, 0x91, 0x32, 0x91, 0x32, 0x91, 0x32, 0x91, 0x32,
  0x91, 0x32, 0x91, 0x32, 0x91, 0x32, 0x91, 0x32, 0x91, 0x32, 0x91, 0x32, 0x91, 0x32, 0x91, 0x32,
  0x91, 0x32, 0x91, 0x32, 0x91, 0x32, 0x91, 0x32, 0x91, 0x32, 0x91, 0x32, 0x91, 0x32, 0x91, 0x32,
  0x91, 0x32, 0x91, 0x32, 0x91, 0x3a, 0x91, 0x3a, 0x91, 0x3a, 0x91, 0x3a, 0x91, 0x3a, 0x91, 0x3a,
  0x91, 0x3a, 0xb1, 0x3a, 0xb1, 0x3a, 0xb1, 0x3a, 0xb2, 0x3a, 0xb2, 0x3a, 0xb2, 0x3a, 0xb2, 0x3a,
  0xb2, 0x3a, 0xb2, 0x3a, 0xb2, 0x3a, 0xb2, 0x3a, 0xb2, 0x3a, 0xb2, 0x3a, 0xd2, 0x3a, 0xd2, 0x3a,
  0xd2, 0x3a, 0xf3, 0x3a, 0xf3, 0x3a, 0x13, 0x33, 0x13, 0x33, 0x13, 0x33, 0x34, 0x33, 0x34, 0x33,
  0x54, 0x33, 0x54, 0x33, 0x74, 0x33, 0x75, 0x33, 0x75, 0x2b, 0x95, 0x2b, 0x95, 0x2b, 0xb5, 0x2b,
  0xb6, 0x2b, 0xd6, 0x2b, 0xd6, 0x2b, 0xd6, 0x2b, 0xb6, 0x23, 0x98, 0x4c, 0x37, 0x3c, 0xb6, 0x2b,
  0xd6, 0x2b, 0xd6, 0x2b, 0xb6, 0x2b, 0xb6, 0x2b, 0xb6, 0x33, 0xb5, 0x33, 0xb5, 0x33, 0x95, 0x33,
  0x95, 0x33, 0x74, 0x33, 0x74, 0x3b, 0x54, 0x3b, 0x54, 0x3b, 0x54, 0x3b, 0x34, 0x3b, 0x33, 0x3b,
  0x33, 0x3b, 0x13, 0x43, 0x13, 0x43, 0x13, 0x43, 0xf3, 0x42, 0x12, 0x43, 0x12, 0x43, 0x12, 0x43,
  0xf2, 0x42, 0xf2, 0x42, 0xf2, 0x42, 0xf2, 0x4a, 0xf2, 0x42, 0xf2, 0x4a, 0xf2, 0x4a, 0xf2, 0x4a,
  0xf2, 0x4a, 0xf2, 0x4a, 0xf2, 0x4a, 0xf2, 0x4a, 0xf2, 0x4a, 0xf2, 0x4a, 0xf2, 0x4a, 0xf2, 0x4a,
  0xd2, 0x4a, 0xd2, 0x42, 0xd2, 0x42, 0xd2, 0x42, 0xd2, 0x42, 0xd2, 0x42, 0xd2, 0x42, 0xd2, 0x42,
  0xd2, 0x42, 0xf2, 0x42, 0xf2, 0x4a, 0xf2, 0x42, 0xd2, 0x42, 0xd2, 0x42, 0xd2, 0x42, 0xd2, 0x42,
  0xd2, 0x42, 0xd2, 0x42, 0xd2, 0x42, 0xd2, 0x42, 0xd2, 0x42, 0xf2, 0x42, 0xf2, 0x42, 0xf2, 0x42,
  0xf2, 0x42, 0xf2, 0x42, 0xf2, 0x42, 0xf2, 0x42, 0xf2, 0x42, 0xf2, 0x3a, 0xf2, 0x42, 0xf2, 0x3a,
  0xf2, 0x3a, 0xf2, 0x3a, 0xf2, 0x3a, 0xd2, 0x3a, 0xd2, 0x3a, 0xd2, 0x3a, 0xd2, 0x3a, 0xd2, 0x3a,
  0x91, 0x2a, 0x91, 0x2a, 0x91, 0x2a, 0x91, 0x32, 0x91, 0x32, 0x91, 0x32, 0x71, 0x2a, 0x33, 0x4b,
  0xd2, 0x3a, 0x91, 0x32, 0x91, 0x32, 0x91, 0x32, 0x91, 0x32, 0x91, 0x32, 0x91, 0x32, 0x91, 0x32,
  0x91, 0x32, 0x91, 0x32, 0x91, 0x32, 0x91, 0x32, 0x91, 0x32, 0x91, 0x32, 0x91, 0x32, 0x91, 0x32,
  0x91, 0x32, 0x91, 0x3a, 0x91, 0x3a, 0x91, 0x3a, 0x91, 0x3a, 0x91, 0x3a, 0x91, 0x3a, 0xb1, 0x3a,
  0xb1, 0x3a, 0xb1, 0x3a, 0xb1, 0x3a, 0xb1, 0x3a, 0xb1, 0x3a, 0xb1, 0x3a, 0xb1, 0x3a, 0xb1, 0x3a,
  0xb1, 0x3a, 0xb2, 0x3a, 0xb2, 0x3a, 0xb2, 0x3a, 0xb2, 0x3a, 0xb2, 0x3a, 0xb2, 0x3a, 0xd2, 0x3a,
  0xb2, 0x3a, 0xb2, 0x3a, 0xb2, 0x3a, 0xd2, 0x3a, 0xd2, 0x3a, 0xd2, 0x3a, 0xd2, 0x3a, 0xf2, 0x3a,
  0xf2, 0x3a, 0xf3, 0x3a, 0xf3, 0x3a, 0x13, 0x3b, 0x13, 0x3b, 0x13, 0x3b, 0x34, 0x3b, 0x54, 0x3b,
  0x54, 0x3b, 0x54, 0x3b, 0x74, 0x3b, 0x74, 0x3b, 0x75, 0x33, 0x95, 0x33, 0x95, 0x33, 0xb5, 0x33,
  0xb5, 0x33, 0xd6, 0x33, 0xd6, 0x33, 0xb6, 0x33, 0x95, 0x2b, 0x78, 0x4c, 0x37, 0x44, 0xb5, 0x33,
  0xd6, 0x33, 0xb6, 0x33, 0xb6, 0x33, 0xb5, 0x33, 0xb5, 0x3b, 0xb5, 0x3b, 0xb5, 0x3b, 0x95, 0x3b,
  0x95, 0x3b, 0x74, 0x3b, 0x74, 0x3b, 0x54, 0x43, 0x54, 0x43, 0x54, 0x43, 0x34, 0x43, 0x33, 0x43,
  0x33, 0x43, 0x33, 0x43, 0x13, 0x43, 0x13, 0x4b, 0x13, 0x4b, 0x13, 0x4b, 0x13, 0x4b, 0x12, 0x4b,
  0x12, 0x4b, 0x12, 0x4b, 0xf2, 0x4a, 0xf2, 0x4a, 0xf2, 0x4a, 0xf2, 0x4a, 0xf2, 0x4a, 0xf2, 0x4a,
  0xf2, 0x4a, 0xf2, 0x4a, 0xf2, 0x4a, 0xf2, 0x4a, 0xf2, 0x4a, 0xf2, 0x4a, 0xf2, 0x4a, 0xf2, 0x4a,
  0xf2, 0x4a, 0xf2, 0x4a, 0xf2, 0x4a, 0xf2, 0x4a, 0xf2, 0x4a, 0xf2, 0x4a, 0xf2, 0x4a, 0xf2, 0x4a,
  0xf2, 0x4a, 0xf2, 0x4a, 0xf2, 0x4a, 0xf2, 0x4a, 0xf2, 0x4a, 0xf2, 0x4a, 0xf2, 0x42, 0xf2, 0x42,
  0xf2, 0x42, 0xf2, 0x42, 0xf2, 0x42, 0xf2, 0x42, 0xf2, 0x42, 0xf2, 0x42, 0xf2, 0x42, 0xf2, 0x42,
  0xf2, 0x42, 0xf2, 0x42, 0xf2, 0x42, 0xf2, 0x42, 0xf2, 0x42, 0xf2, 0x42, 0xf2, 0x42, 0xf2, 0x42,
  0xf2, 0x42, 0xf2, 0x42, 0xf2, 0x42, 0xf2, 0x42, 0xf2, 0x42, 0xf2, 0x3a, 0xd2, 0x3a, 0xf2, 0x3a,
  0x91, 0x32, 0x91, 0x32, 0x91, 0x32, 0x91, 0x32, 0x91, 0x32, 0x91, 0x32, 0x91, 0x32, 0x91, 0x2a,
  0x91, 0x32, 0xb1, 0x32, 0xb1, 0x32, 0xb1, 0x32, 0xb1, 0x32, 0xb1, 0x32, 0xb1, 0x32, 0xb1, 0x32,
  0x91, 0x32, 0xb1, 0x32, 0xb1, 0x32, 0xb1, 0x3a, 0xb1, 0x3a, 0xb1, 0x3a, 0xb1, 0x3a, 0xb1, 0x3a,
  0xb1, 0x3a, 0xb1, 0x3a, 0xb1, 0x3a, 0xb1, 0x3a, 0xb1, 0x3a, 0xb1, 0x3a, 0xb1, 0x3a, 0xb1, 0x3a,
  0xb1, 0x3a, 0xb1, 0x3a, 0xb1, 0x3a, 0xb1, 0x3a, 0xb2, 0x3a, 0xb2, 0x3a, 0xb2, 0x42, 0xb2, 0x42,
  0xb2, 0x42, 0xb2, 0x42, 0xd2, 0x42, 0xd2, 0x42, 0xd2, 0x42, 0xd2, 0x42, 0xd2, 0x42, 0xb2, 0x42,
  0xd2, 0x42, 0xd2, 0x42, 0xd2, 0x42, 0xd2, 0x42, 0xd2, 0x42, 0xd2, 0x42, 0xf2, 0x42, 0xf2, 0x42,
  0xf3, 0x42, 0xf3, 0x42, 0x13, 0x43, 0x13, 0x43, 0x13, 0x43, 0x34, 0x43, 0x34, 0x43, 0x54, 0x43,
  0x54, 0x43, 0x54, 0x3b, 0x74, 0x3b, 0x74, 0x3b, 0x75, 0x3b, 0x95, 0x3b, 0x95, 0x3b, 0xb5, 0x3b,
  0xb5, 0x3b, 0xb6, 0x43, 0xb6, 0x3b, 0xb6, 0x3b, 0x95, 0x3b, 0x58, 0x54, 0x17, 0x4c, 0xb5, 0x3b,
  0xb6, 0x3b, 0xb6, 0x3b, 0xb6, 0x3b, 0xb5, 0x3b, 0xb5, 0x43, 0x95, 0x43, 0x95, 0x43, 0x95, 0x43,
  0x94, 0x43, 0x74, 0x43, 0x74, 0x43, 0x74, 0x43, 0x54, 0x43, 0x54, 0x4b, 0x54, 0x4b, 0x33, 0x4b,
  0x33, 0x4b, 0x33, 0x4b, 0x33, 0x4b, 0x33, 0x4b, 0x13, 0x4b, 0x13, 0x4b, 0x13, 0x4b, 0x12, 0x53,
  0x12, 0x53, 0x12, 0x53, 0x12, 0x53, 0x12, 0x53, 0xf2, 0x52, 0x12, 0x53, 0x12, 0x53, 0x12, 0x53,
  0x12, 0x53, 0xf2, 0x52, 0xf2, 0x52, 0xf2, 0x52, 0xf2, 0x52, 0xf2, 0x52, 0xf2, 0x52, 0xf2, 0x52,
  0xf2, 0x52, 0x12, 0x53, 0x12, 0x53, 0x12, 0x53, 0x12, 0x53, 0x12, 0x53, 0x12, 0x53, 0x12, 0x53,
  0x12, 0x53, 0x12, 0x53, 0x12, 0x53, 0x12, 0x53, 0x12, 0x53, 0x12, 0x4b, 0x12, 0x4b, 0x12, 0x4b,
  0xf2, 0x4a, 0xf2, 0x4a, 0x12, 0x4b, 0x12, 0x4b, 0x12, 0x4b, 0x12, 0x4b, 0x12, 0x4b, 0x12, 0x4b,
  0x12, 0x4b, 0x12, 0x4b, 0x12, 0x4b, 0x12, 0x4b, 0x12, 0x43, 0x12, 0x43, 0x12, 0x43, 0x12, 0x43,
  0x12, 0x43, 0x12, 0x43, 0x12, 0x43, 0x12, 0x43, 0x12, 0x43, 0x12, 0x43, 0xf2, 0x42, 0xf2, 0x42,
  0x91, 0x32, 0xb1, 0x32, 0xb1, 0x32, 0xb1, 0x32, 0xb1, 0x32, 0xb1, 0x32, 0xb1, 0x32, 0xb1, 0x32,
  0xb1, 0x32, 0xb1, 0x32, 0xb1, 0x32, 0xb1, 0x32, 0xb1, 0x32, 0xb1, 0x3a, 0xb1, 0x3a, 0xb1, 0x3a,
  0xb1, 0x3a, 0xb1, 0x3a, 0xb1, 0x3a, 0xb1, 0x3a, 0xb1, 0x3a, 0xb1, 0x3a, 0xb1, 0x3a, 0xb2, 0x3a,
  0xb2, 0x3a, 0xb2, 0x3a, 0xb2, 0x3a, 0xb2, 0x3a, 0xb2, 0x3a, 0xb2, 0x3a, 0xb2, 0x3a, 0xb2, 0x42,
  0xb2, 0x42, 0xb2, 0x42, 0xb2, 0x42, 0xb2, 0x42, 0xb2, 0x42, 0xb2, 0x42, 0xd2, 0x42, 0xd2, 0x42,
  0xd2, 0x42, 0xd2, 0x42, 0xd2, 0x42, 0xd2, 0x42, 0xd2, 0x42, 0xd2, 0x42, 0xd2, 0x42, 0xd2, 0x42,
  0xd2, 0x42, 0xd2, 0x42, 0xd2, 0x42, 0xd2, 0x42, 0xf2, 0x42, 0xf2, 0x42, 0xf3, 0x4a, 0xf3, 0x42,
  0x13, 0x4b, 0x13, 0x4b, 0x13, 0x4b, 0x13, 0x4b, 0x33, 0x4b, 0x33, 0x4b, 0x54, 0x4b, 0x54, 0x43,
  0x54, 0x43, 0x54, 0x43, 0x74, 0x43, 0x74, 0x43, 0x75, 0x43, 0x95, 0x43, 0x95, 0x43, 0xb5, 0x43,
  0xb5, 0x43, 0xd5, 0x4b, 0xb5, 0x43, 0xb5, 0x43, 0x95, 0x43, 0x57, 0x5c, 0x16, 0x54, 0xb5, 0x43,
  0xb5, 0x43, 0xb5, 0x43, 0xb5, 0x43, 0xb5, 0x43, 0xb5, 0x4b, 0x95, 0x4b, 0x95, 0x4b, 0x95, 0x4b,
  0x94, 0x4b, 0x74, 0x4b, 0x74, 0x4b, 0x74, 0x4b, 0x54, 0x4b, 0x54, 0x4b, 0x54, 0x4b, 0x53, 0x53,
  0x33, 0x53, 0x33, 0x53, 0x33, 0x53, 0x33, 0x53, 0x33, 0x53, 0x13, 0x53, 0x13, 0x53, 0x13, 0x53,
  0x13, 0x53, 0x12, 0x53, 0x12, 0x53, 0x12, 0x53, 0x12, 0x53, 0x12, 0x53, 0x12, 0x53, 0x12, 0x53,
  0x12, 0x53, 0x12, 0x53, 0x12, 0x53, 0x12, 0x53, 0x12, 0x53, 0x12, 0x53, 0x12, 0x53, 0x12, 0x53,
  0x12, 0x53, 0x12, 0x53, 0x32, 0x53, 0x32, 0x53, 0x32, 0x53, 0x32, 0x53, 0x32, 0x53, 0x32, 0x53,
  0x32, 0x53, 0x32, 0x53, 0x33, 0x53, 0x33, 0x53, 0x33, 0x53, 0x33, 0x53, 0x33, 0x53, 0x33, 0x53,
  0x33, 0x53, 0x33, 0x53, 0x33, 0x53, 0x33, 0x53, 0x33, 0x53, 0x33, 0x53, 0x33, 0x4b, 0x33, 0x4b,
  0x33, 0x4b, 0x32, 0x4b, 0x32, 0x4b, 0x32, 0x4b, 0x32, 0x4b, 0x33, 0x4b, 0x33, 0x4b, 0x33, 0x4b,
  0x33, 0x4b, 0x33, 0x4b, 0x33, 0x4b, 0x33, 0x4b, 0x33, 0x43, 0x33, 0x43, 0x12, 0x43, 0x12, 0x43,
  0xb1, 0x32, 0xb1, 0x32, 0xb1, 0x32, 0xb1, 0x32, 0xb1, 0x32, 0xb1, 0x32, 0xb1, 0x32, 0xb1, 0x32,
  0xb1, 0x32, 0xb1, 0x3a, 0xb2, 0x3a, 0xb2, 0x3a, 0xb2, 0x3a, 0xb2, 0x3a, 0xb2, 0x3a, 0xb2, 0x3a,
  0xb2, 0x3a, 0xb2, 0x3a, 0xb2, 0x3a, 0xb2, 0x3a, 0xb2, 0x3a, 0xb2, 0x3a, 0xb2, 0x3a, 0xb2, 0x3a,
  0xb2, 0x3a, 0xd2, 0x3a, 0xd2, 0x42, 0xd2, 0x42, 0xd2, 0x42, 0xd2, 0x42, 0xd2, 0x42, 0xd2, 0x42,
  0xd2, 0x42, 0xd2, 0x42, 0xd2, 0x42, 0xd2, 0x42, 0xd2, 0x42, 0xd2, 0x42, 0xd2, 0x42, 0xd2, 0x42,
  0xd2, 0x42, 0xd2, 0x4a, 0xd2, 0x4a, 0xd2, 0x4a, 0xd2, 0x4a, 0xd2, 0x4a, 0xd2, 0x4a, 0xd2, 0x4a,
  0xd2, 0x4a, 0x13, 0x53, 0xf2, 0x4a, 0xf2, 0x4a, 0xf2, 0x4a, 0x13, 0x4b, 0x13, 0x4b, 0x13, 0x4b,
  0x13, 0x4b, 0x13, 0x4b, 0x33, 0x4b, 0x33, 0x4b, 0x53, 0x4b, 0x53, 0x4b, 0x54, 0x4b, 0x54, 0x4b,
  0x54, 0x4b, 0x74, 0x4b, 0x74, 0x4b, 0x74, 0x4b, 0x94, 0x4b, 0x95, 0x4b, 0xb5, 0x4b, 0xb5, 0x4b,
  0xb5, 0x4b, 0xd5, 0x53, 0xb5, 0x4b, 0xb5, 0x4b, 0x95, 0x4b, 0x37, 0x64, 0x16, 0x5c, 0xb5, 0x4b,
  0xb5, 0x4b, 0xb5, 0x4b, 0xb5, 0x4b, 0xb5, 0x4b, 0xb5, 0x4b, 0x95, 0x53, 0x95, 0x53, 0x95, 0x53,
  0x95, 0x53, 0x74, 0x53, 0x74, 0x53, 0x74, 0x53, 0x74, 0x53, 0x54, 0x53, 0x54, 0x53, 0x54, 0x53,
  0x54, 0x53, 0x53, 0x5b, 0x33, 0x5b, 0x33, 0x5b, 0x33, 0x5b, 0x33, 0x5b, 0x33, 0x5b, 0x33, 0x5b,
  0x33, 0x5b, 0x33, 0x5b, 0x33, 0x5b, 0x33, 0x5b, 0x33, 0x5b, 0x33, 0x5b, 0x33, 0x5b, 0x33, 0x5b,
  0x32, 0x5b, 0x32, 0x5b, 0x33, 0x5b, 0x33, 0x5b, 0x33, 0x5b, 0x33, 0x5b, 0x33, 0x5b, 0x33, 0x5b,
  0x33, 0x5b, 0x53, 0x5b, 0x33, 0x5b, 0x33, 0x5b, 0x33, 0x5b, 0x33, 0x5b, 0x33, 0x5b, 0x53, 0x5b,
  0x53, 0x5b, 0x33, 0x5b, 0x33, 0x5b, 0x33, 0x5b, 0x33, 0x5b, 0x33, 0x5b, 0x33, 0x53, 0x33, 0x53,
  0x33, 0x53, 0x33, 0x53, 0x53, 0x53, 0x53, 0x53, 0x53, 0x53, 0x53, 0x53, 0x53, 0x53, 0x53, 0x53,
  0x53, 0x53, 0x33, 0x53, 0x33, 0x53, 0x33, 0x4b, 0x33, 0x4b, 0x33, 0x4b, 0x33, 0x4b, 0x33, 0x4b,
  0x33, 0x4b, 0x33, 0x4b, 0x33, 0x4b, 0x33, 0x4b, 0x33, 0x4b, 0x33, 0x4b, 0x33, 0x4b, 0x13, 0x43,
  0xb1, 0x32, 0xb1, 0x32, 0xb1, 0x32, 0xb2, 0x32, 0xb2, 0x32, 0xb2, 0x32, 0xb2, 0x32, 0xb2, 0x3a,
  0xd2, 0x3a, 0xd2, 0x3a, 0xd2, 0x3a, 0xd2, 0x3a, 0xd2, 0x3a, 0xd2, 0x3a, 0xd2, 0x3a, 0xd2, 0x3a,
  0xd2, 0x3a, 0xd2, 0x3a, 0xd2, 0x3a, 0xd2, 0x3a, 0xd2, 0x3a, 0xd2, 0x3a, 0xd2, 0x42, 0xd2, 0x42,
  0xd2, 0x42, 0xd2, 0x42, 0xd2, 0x42, 0xd2, 0x42, 0xd2, 0x42, 0xd2, 0x42, 0xd2, 0x42, 0xd2, 0x42,
  0xd2, 0x42, 0xd2, 0x42, 0xd2, 0x42, 0xd2, 0x42, 0xd2, 0x4a, 0xd2, 0x4a, 0xd2, 0x4a, 0xd2, 0x4a,
  0xf2, 0x4a, 0xf2, 0x4a, 0xf2, 0x4a, 0xd2, 0x4a, 0xf2, 0x4a, 0xf2, 0x4a, 0xf2, 0x4a, 0xf2, 0x4a,
  0xf2, 0x4a, 0x33, 0x5b, 0x13, 0x4b, 0x13, 0x4b, 0x13, 0x53, 0x13, 0x53, 0x13, 0x53, 0x13, 0x53,
  0x13, 0x53, 0x33, 0x53, 0x33, 0x53, 0x33, 0x53, 0x54, 0x53, 0x54, 0x53, 0x54, 0x53, 0x54, 0x53,
  0x74, 0x53, 0x74, 0x53, 0x74, 0x53, 0x94, 0x53, 0x95, 0x53, 0x95, 0x53, 0x95, 0x53, 0xb5, 0x53,
  0xb5, 0x53, 0xd5, 0x53, 0xb5, 0x53, 0xb5, 0x53, 0xb5, 0x53, 0x37, 0x64, 0x16, 0x5c, 0xb5, 0x53,
  0xb5, 0x53, 0xb5, 0x53, 0xb5, 0x53, 0xb5, 0x53, 0xb5, 0x53, 0xb5, 0x53, 0xb5, 0x5b, 0xb5, 0x5b,
  0x95, 0x5b, 0x94, 0x5b, 0x94, 0x5b, 0x74, 0x5b, 0x74, 0x5b, 0x74, 0x5b, 0x74, 0x5b, 0x74, 0x5b,
  0x74, 0x5b, 0x74, 0x5b, 0x54, 0x5b, 0x54, 0x5b, 0x54, 0x5b, 0x53, 0x5b, 0x53, 0x5b, 0x53, 0x5b,
  0x53, 0x5b, 0x53, 0x5b, 0x53, 0x5b, 0x53, 0x5b, 0x53, 0x5b, 0x53, 0x5b, 0x53, 0x5b, 0x33, 0x5b,
  0x53, 0x5b, 0x53, 0x5b, 0x53, 0x5b, 0x53, 0x5b, 0x53, 0x5b, 0x53, 0x5b, 0x53, 0x5b, 0x53, 0x5b,
  0x53, 0x5b, 0x53, 0x5b, 0x53, 0x5b, 0x53, 0x5b, 0x53, 0x5b, 0x53, 0x5b, 0x53, 0x5b, 0x53, 0x5b,
  0x53, 0x5b, 0x53, 0x5b, 0x53, 0x5b, 0x53, 0x5b, 0x53, 0x5b, 0x53, 0x5b, 0x53, 0x5b, 0x53, 0x5b,
  0x53, 0x5b, 0x53, 0x5b, 0x53, 0x5b, 0x53, 0x5b, 0x53, 0x53, 0x53, 0x53, 0x53, 0x53, 0x53, 0x53,
  0x53, 0x53, 0x53, 0x53, 0x53, 0x53, 0x53, 0x53, 0x53, 0x53, 0x53, 0x53, 0x53, 0x53, 0x53, 0x53,
  0x53, 0x53, 0x53, 0x53, 0x53, 0x4b, 0x53, 0x4b, 0x33, 0x4b, 0x33, 0x4b, 0x33, 0x4b, 0x33, 0x4b,
  0xb2, 0x3a, 0xd2, 0x3a, 0xd2, 0x3a, 0xd2, 0x3a, 0xd2, 0x3a, 0xd2, 0x3a, 0xd2, 0x3a, 0xd2, 0x3a,
  0xd2, 0x3a, 0xd2, 0x3a, 0xd2, 0x3a, 0xd2, 0x3a, 0xd2, 0x3a, 0xd2, 0x3a, 0xd2, 0x3a, 0xd2, 0x42,
  0xd2, 0x42, 0xd2, 0x42, 0xd2, 0x42, 0xd2, 0x42, 0xd2, 0x42, 0xd2, 0x42, 0xd2, 0x42, 0xd2, 0x42,
  0xd2, 0x42, 0xd2, 0x42, 0xd2, 0x42, 0xd2, 0x42, 0xd2, 0x42, 0xd2, 0x42, 0xd2, 0x42, 0xd2, 0x4a,
  0xd2, 0x4a, 0xf2, 0x4a, 0xf2, 0x4a, 0xf2, 0x4a, 0xf2, 0x4a, 0xf2, 0x4a, 0xf2, 0x4a, 0xf2, 0x4a,
  0xf2, 0x4a, 0xf2, 0x4a, 0xf2, 0x4a, 0xf2, 0x52, 0xf2, 0x4a, 0xf3, 0x52, 0x13, 0x53, 0x13, 0x53,
  0x13, 0x53, 0x13, 0x53, 0x13, 0x53, 0x13, 0x53, 0x13, 0x53, 0x13, 0x53, 0x33, 0x53, 0x33, 0x53,
  0x33, 0x53, 0x34, 0x5b, 0x54, 0x5b, 0x54, 0x5b, 0x54, 0x5b, 0x54, 0x5b, 0x74, 0x5b, 0x74, 0x5b,
  0x74, 0x5b, 0x74, 0x5b, 0x95, 0x5b, 0x95, 0x5b, 0x95, 0x5b, 0x95, 0x5b, 0xb5, 0x5b, 0xb5, 0x5b,
  0xd5, 0x5b, 0xd6, 0x5b, 0xd5, 0x5b, 0xd6, 0x5b, 0xb5, 0x5b, 0x37, 0x6c, 0x16, 0x64, 0xb5, 0x5b,
  0xd6, 0x5b, 0xd5, 0x5b, 0xd5, 0x5b, 0xb5, 0x5b, 0xb5, 0x5b, 0xb5, 0x5b, 0xb5, 0x5b, 0xb5, 0x5b,
  0xb5, 0x63, 0xb5, 0x63, 0xb5, 0x63, 0x95, 0x63, 0x94, 0x63, 0x94, 0x63, 0x94, 0x63, 0x94, 0x63,
  0x74, 0x63, 0x74, 0x63, 0x74, 0x63, 0x74, 0x63, 0x74, 0x63, 0x54, 0x63, 0x54, 0x63, 0x54, 0x63,
  0x53, 0x63, 0x53, 0x63, 0x53, 0x63, 0x53, 0x63, 0x53, 0x63, 0x53, 0x63, 0x53, 0x63, 0x53, 0x63,
  0x53, 0x63, 0x53, 0x63, 0x53, 0x63, 0x53, 0x63, 0x53, 0x63, 0x53, 0x63, 0x53, 0x63, 0x53, 0x63,
  0x53, 0x63, 0x53, 0x63, 0x53, 0x63, 0x53, 0x63, 0x53, 0x63, 0x53, 0x63, 0x53, 0x63, 0x53, 0x63,
  0x53, 0x63, 0x53, 0x63, 0x53, 0x63, 0x53, 0x5b, 0x53, 0x5b, 0x53, 0x5b, 0x53, 0x5b, 0x53, 0x5b,
  0x53, 0x5b, 0x53, 0x5b, 0x53, 0x5b, 0x73, 0x5b, 0x73, 0x5b, 0x73, 0x5b, 0x73, 0x5b, 0x73, 0x5b,
  0x73, 0x5b, 0x73, 0x5b, 0x73, 0x5b, 0x73, 0x53, 0x73, 0x53, 0x53, 0x53, 0x53, 0x53, 0x53, 0x53,
  0x53, 0x53, 0x53, 0x53, 0x53, 0x53, 0x53, 0x53, 0x53, 0x53, 0x53, 0x53, 0x53, 0x4b, 0x53, 0x4b,
  0xd2, 0x3a, 0xd2, 0x3a, 0xd2, 0x3a, 0xd2, 0x3a, 0xd2, 0x3a, 0xd2, 0x3a, 0xd2, 0x3a, 0xd2, 0x3a,
  0xd2, 0x3a, 0xd2, 0x3a, 0xd2, 0x3a, 0xd2, 0x42, 0xd2, 0x42, 0xd2, 0x42, 0xd2, 0x42, 0xd2, 0x42,
  0xd2, 0x42, 0xd2, 0x42, 0xd2, 0x42, 0xd2, 0x42, 0xf2, 0x42, 0xf2, 0x42, 0xf2, 0x42, 0xf2, 0x42,
  0xf2, 0x42, 0xf2, 0x42, 0xf2, 0x42, 0xf2, 0x4a, 0xf2, 0x4a, 0xf2, 0x4a, 0xf2, 0x4a, 0xf2, 0x4a,
  0xf2, 0x4a, 0xf2, 0x4a, 0xf2, 0x4a, 0xf2, 0x4a, 0xf2, 0x4a, 0xf2, 0x52, 0xf2, 0x52, 0x12, 0x53,
  0xf2, 0x52, 0xf2, 0x52, 0xf2, 0x52, 0xf2, 0x52, 0xf3, 0x52, 0x13, 0x53, 0x13, 0x53, 0x13, 0x53,
  0x13, 0x53, 0x33, 0x5b, 0x13, 0x5b, 0x33, 0x5b, 0x33, 0x5b, 0x33, 0x5b, 0x33, 0x5b, 0x54, 0x5b,
  0x54, 0x5b, 0x54, 0x5b, 0x54, 0x5b, 0x54, 0x5b, 0x74, 0x63, 0x74, 0x63, 0x74, 0x63, 0x74, 0x63,
  0x94, 0x63, 0x95, 0x63, 0x95, 0x63, 0x95, 0x63, 0xb5, 0x63, 0xb5, 0x63, 0xd5, 0x63, 0xd5, 0x63,
  0xd5, 0x63, 0xf6, 0x63, 0xd6, 0x63, 0xd6, 0x63, 0xd5, 0x63, 0x57, 0x74, 0x36, 0x6c, 0xd5, 0x63,
  0xf6, 0x63, 0xd6, 0x63, 0xd6, 0x63, 0xd6, 0x63, 0xd6, 0x63, 0xd5, 0x63, 0xd5, 0x63, 0xb5, 0x63,
  0xb5, 0x63, 0xb5, 0x63, 0xb5, 0x6b, 0xb5, 0x6b, 0x95, 0x6b, 0x94, 0x6b, 0x94, 0x6b, 0x94, 0x6b,
  0x94, 0x6b, 0x74, 0x6b, 0x74, 0x6b, 0x74, 0x6b, 0x74, 0x6b, 0x74, 0x6b, 0x74, 0x6b, 0x74, 0x6b,
  0x54, 0x6b, 0x74, 0x6b, 0x74, 0x6b, 0x74, 0x6b, 0x53, 0x63, 0x53, 0x63, 0x53, 0x63, 0x53, 0x63,
  0x53, 0x63, 0x53, 0x63, 0x53, 0x63, 0x53, 0x63, 0x53, 0x63, 0x53, 0x63, 0x73, 0x63, 0x73, 0x63,
  0x73, 0x63, 0x73, 0x63, 0x73, 0x63, 0x73, 0x63, 0x73, 0x63, 0x73, 0x63, 0x73, 0x63, 0x73, 0x63,
  0x73, 0x63, 0x73, 0x63, 0x73, 0x63, 0x73, 0x63, 0x73, 0x63, 0x73, 0x63, 0x73, 0x63, 0x73, 0x63,
  0x73, 0x63, 0x73, 0x63, 0x73, 0x63, 0x73, 0x5b, 0x73, 0x5b, 0x73, 0x5b, 0x73, 0x5b, 0x73, 0x5b,
  0x73, 0x5b, 0x73, 0x5b, 0x73, 0x5b, 0x73, 0x5b, 0x73, 0x5b, 0x73, 0x5b, 0x73, 0x5b, 0x73, 0x5b,
  0x73, 0x5b, 0x73, 0x53, 0x73, 0x53, 0x73, 0x53, 0x73, 0x53, 0x53, 0x53, 0x53, 0x53, 0x53, 0x53,
  0xd2, 0x3a, 0xd2, 0x3a, 0xd2, 0x3a, 0xd2, 0x3a, 0xd2, 0x3a, 0xd2, 0x3a, 0xd2, 0x3a, 0xf2, 0x3a,
  0xf2, 0x3a, 0xf2, 0x42, 0xf2, 0x42, 0xf2, 0x42, 0xf2, 0x42, 0xf2, 0x42, 0xf2, 0x42, 0xf2, 0x42,
  0xf2, 0x42, 0xf2, 0x42, 0xf2, 0x42, 0xf2, 0x42, 0xf2, 0x42, 0xf2, 0x42, 0xf2, 0x4a, 0xf2, 0x4a,
  0xf2, 0x4a, 0xf2, 0x4a, 0xf2, 0x4a, 0xf2, 0x4a, 0xf2, 0x4a, 0xf2, 0x4a, 0x12, 0x4b, 0x12, 0x4b,
  0x13, 0x4b, 0x13, 0x53, 0x13, 0x53, 0x13, 0x53, 0x13, 0x53, 0x13, 0x53, 0x13, 0x53, 0x13, 0x53,
  0x13, 0x53, 0x13, 0x53, 0x13, 0x53, 0x13, 0x5b, 0x13, 0x5b, 0x13, 0x5b, 0x13, 0x5b, 0x33, 0x5b,
  0x33, 0x5b, 0x33, 0x5b, 0x33, 0x5b, 0x33, 0x5b, 0x33, 0x5b, 0x54, 0x5b, 0x54, 0x63, 0x54, 0x63,
  0x54, 0x63, 0x74, 0x63, 0x74, 0x63, 0x74, 0x63, 0x94, 0x63, 0x94, 0x63, 0x94, 0x63, 0x95, 0x63,
  0xb5, 0x63, 0xb5, 0x6b, 0xb5, 0x6b, 0xb5, 0x6b, 0xd5, 0x6b, 0xd5, 0x6b, 0xd5, 0x6b, 0xd6, 0x6b,
  0xf6, 0x6b, 0xf6, 0x6b, 0xd6, 0x6b, 0xf6, 0x6b, 0xd6, 0x6b, 0x57, 0x7c, 0x36, 0x74, 0xd6, 0x6b,
  0xf6, 0x6b, 0xd6, 0x6b, 0xd6, 0x6b, 0xd6, 0x6b, 0xd6, 0x6b, 0xd5, 0x6b, 0xd5, 0x6b, 0xd5, 0x6b,
  0xd5, 0x6b, 0xb5, 0x6b, 0xb5, 0x6b, 0xb5, 0x6b, 0xb5, 0x6b, 0xb5, 0x6b, 0x95, 0x6b, 0x94, 0x6b,
  0x94, 0x6b, 0x94, 0x6b, 0x94, 0x6b, 0x94, 0x6b, 0x94, 0x6b, 0x94, 0x6b, 0x74, 0x6b, 0x74, 0x6b,
  0x74, 0x6b, 0x74, 0x6b, 0x74, 0x6b, 0x74, 0x6b, 0x74, 0x6b, 0x73, 0x6b, 0x73, 0x6b, 0x73, 0x6b,
  0x73, 0x6b, 0x73, 0x6b, 0x73, 0x6b, 0x73, 0x6b, 0x73, 0x6b, 0x73, 0x6b, 0x73, 0x6b, 0x73, 0x6b,
  0x73, 0x6b, 0x73, 0x6b, 0x73, 0x6b, 0x73, 0x6b, 0x73, 0x6b, 0x73, 0x6b, 0x73, 0x6b, 0x73, 0x6b,
  0x73, 0x6b, 0x73, 0x6b, 0x73, 0x63, 0x73, 0x63, 0x73, 0x63, 0x73, 0x63, 0x73, 0x63, 0x73, 0x63,
  0x73, 0x63, 0x73, 0x63, 0x73, 0x63, 0x73, 0x63, 0x73, 0x63, 0x73, 0x63, 0x73, 0x63, 0x73, 0x63,
  0x73, 0x63, 0x73, 0x5b, 0x73, 0x5b, 0x73, 0x5b, 0x73, 0x5b, 0x73, 0x5b, 0x73, 0x5b, 0x73, 0x5b,
  0x73, 0x5b, 0x73, 0x5b, 0x73, 0x5b, 0x73, 0x5b, 0x73, 0x5b, 0x73, 0x53, 0x73, 0x53, 0x73, 0x53,
  0xd2, 0x3a, 0xd2, 0x3a, 0xf2, 0x3a, 0xf2, 0x3a, 0xf2, 0x3a, 0xf2, 0x3a, 0xf2, 0x3a, 0xf2, 0x42,
  0xf2, 0x42, 0xf2, 0x42, 0xf2, 0x42, 0xf2, 0x42, 0xf2, 0x42, 0xf2, 0x42, 0xf2, 0x42, 0xf2, 0x42,
  0xf2, 0x42, 0xf2, 0x4a, 0xf2, 0x4a, 0xf2, 0x4a, 0xf2, 0x4a, 0xf3, 0x4a, 0xf3, 0x4a, 0x13, 0x4b,
  0x13, 0x4b, 0x13, 0x4b, 0x13, 0x4b, 0x13, 0x4b, 0x13, 0x53, 0x13, 0x53, 0x13, 0x53, 0x13, 0x53,
  0x13, 0x53, 0x13, 0x53, 0x13, 0x53, 0x13, 0x53, 0x13, 0x53, 0x13, 0x53, 0x13, 0x5b, 0x13, 0x5b,
  0x13, 0x5b, 0x33, 0x5b, 0x33, 0x5b, 0x33, 0x5b, 0x33, 0x5b, 0x33, 0x5b, 0x33, 0x5b, 0x53, 0x5b,
  0x53, 0x63, 0x54, 0x63, 0x54, 0x63, 0x54, 0x63, 0x74, 0x63, 0x74, 0x63, 0x74, 0x63, 0x74, 0x63,
  0x94, 0x63, 0x94, 0x6b, 0x94, 0x6b, 0x94, 0x6b, 0xb4, 0x6b, 0xb5, 0x6b, 0xb5, 0x6b, 0xb5, 0x6b,
  0xb5, 0x6b, 0xb5, 0x6b, 0xb5, 0x6b, 0xd5, 0x6b, 0xd5, 0x73, 0xd5, 0x73, 0xd6, 0x73, 0xf6, 0x73,
  0xf6, 0x73, 0xf6, 0x73, 0xf6, 0x73, 0xf6, 0x73, 0xd6, 0x73, 0x57, 0x7c, 0x36, 0x7c, 0xf6, 0x73,
  0xf6, 0x73, 0xf6, 0x73, 0xf6, 0x73, 0xf6, 0x73, 0xf6, 0x73, 0xd5, 0x73, 0xd5, 0x73, 0xd5, 0x73,
  0xd5, 0x73, 0xd5, 0x73, 0xd5, 0x73, 0xb5, 0x73, 0xb5, 0x73, 0xb5, 0x73, 0xb5, 0x73, 0xb5, 0x73,
  0xb4, 0x73, 0xb4, 0x73, 0xb4, 0x73, 0xb4, 0x73, 0xb4, 0x73, 0x94, 0x73, 0x94, 0x73, 0x94, 0x73,
  0x94, 0x73, 0x94, 0x73, 0x94, 0x73, 0x94, 0x73, 0x94, 0x73, 0x94, 0x73, 0x74, 0x73, 0x74, 0x73,
  0x74, 0x73, 0x74, 0x6b, 0x73, 0x6b, 0x73, 0x6b, 0x73, 0x6b, 0x73, 0x6b, 0x73, 0x6b, 0x73, 0x6b,
  0x73, 0x6b, 0x73, 0x6b, 0x93, 0x6b, 0x93, 0x6b, 0x93, 0x6b, 0x93, 0x6b, 0x93, 0x6b, 0x93, 0x6b,
  0x93, 0x6b, 0x93, 0x6b, 0x93, 0x6b, 0x93, 0x6b, 0x93, 0x6b, 0x93, 0x6b, 0x93, 0x6b, 0x93, 0x6b,
  0x93, 0x6b, 0x93, 0x63, 0x93, 0x63, 0x93, 0x63, 0x93, 0x63, 0x93, 0x63, 0x93, 0x63, 0x93, 0x63,
  0x93, 0x63, 0x93, 0x63, 0x93, 0x63, 0x93, 0x63, 0x93, 0x63, 0x93, 0x63, 0x93, 0x5b, 0x93, 0x5b,
  0x93, 0x5b, 0x93, 0x5b, 0x93, 0x5b, 0x73, 0x5b, 0x73, 0x5b, 0x73, 0x5b, 0x93, 0x5b, 0x93, 0x5b,
  0xf2, 0x3a, 0xf2, 0x3a, 0xf2, 0x42, 0xf2, 0x42, 0xf2, 0x42, 0xf2, 0x42, 0xf2, 0x42, 0xf3, 0x42,
  0xf3, 0x42, 0xf3, 0x42, 0xf3, 0x42, 0xf2, 0x42, 0xf3, 0x4a, 0xf3, 0x4a, 0xf3, 0x4a, 0xf3, 0x4a,
  0x13, 0x4b, 0x13, 0x4b, 0x13, 0x4b, 0x13, 0x4b, 0x13, 0x4b, 0x13, 0x4b, 0x13, 0x4b, 0x13, 0x4b,
  0x13, 0x53, 0x13, 0x53, 0x13, 0x53, 0x13, 0x53, 0x13, 0x53, 0x13, 0x53, 0x13, 0x53, 0x13, 0x53,
  0x13, 0x53, 0x33, 0x53, 0x33, 0x53, 0x33, 0x5b, 0x33, 0x5b, 0x33, 0x5b, 0x33, 0x5b, 0x33, 0x5b,
  0x33, 0x5b, 0x33, 0x5b, 0x53, 0x5b, 0x53, 0x5b, 0x53, 0x63, 0x53, 0x63, 0x53, 0x63, 0x54, 0x63,
  0x54, 0x63, 0x74, 0x63, 0x74, 0x63, 0x74, 0x6b, 0x74, 0x6b, 0x74, 0x6b, 0x74, 0x6b, 0x74, 0x6b,
  0x94, 0x6b, 0x94, 0x6b, 0x94, 0x6b, 0x95, 0x73, 0x95, 0x73, 0xb5, 0x73, 0xb5, 0x73, 0xb5, 0x73,
  0xb5, 0x73, 0xd5, 0x73, 0xd5, 0x73, 0xd6, 0x73, 0xd6, 0x73, 0xf6, 0x7b, 0xf6, 0x7b, 0xf6, 0x7b,
  0x16, 0x7c, 0xf6, 0x7b, 0xf6, 0x7b, 0xf6, 0x7b, 0xf6, 0x73, 0x57, 0x84, 0x36, 0x84, 0xf6, 0x7b,
  0x16, 0x7c, 0x16, 0x7c, 0x16, 0x7c, 0xf6, 0x7b, 0xf6, 0x7b, 0xf6, 0x7b, 0xf5, 0x7b, 0xf6, 0x7b,
  0xf5, 0x7b, 0xf5, 0x7b, 0xf5, 0x7b, 0xd5, 0x7b, 0xd5, 0x7b, 0xd5, 0x7b, 0xd5, 0x7b, 0xd5, 0x7b,
  0xd5, 0x7b, 0xd5, 0x7b, 0xb5, 0x7b, 0xb5, 0x7b, 0xb4, 0x7b, 0xb4, 0x73, 0xb4, 0x73, 0x94, 0x73,
  0x94, 0x73, 0xb4, 0x73, 0x94, 0x73, 0x94, 0x73, 0x94, 0x73, 0x94, 0x73, 0x94, 0x73, 0x94, 0x73,
  0x93, 0x73, 0x94, 0x73, 0x94, 0x73, 0x94, 0x73, 0x93, 0x73, 0x94, 0x73, 0x94, 0x73, 0x94, 0x73,
  0x94, 0x73, 0x94, 0x73, 0x94, 0x73, 0x94, 0x73, 0x94, 0x73, 0x94, 0x73, 0x94, 0x73, 0x94, 0x73,
  0x94, 0x73, 0x93, 0x6b, 0x93, 0x6b, 0x93, 0x6b, 0x94, 0x6b, 0x94, 0x6b, 0x94, 0x6b, 0x93, 0x6b,
  0x93, 0x6b, 0x93, 0x6b, 0x93, 0x6b, 0x93, 0x6b, 0x93, 0x6b, 0x93, 0x6b, 0x94, 0x6b, 0x94, 0x6b,
  0x93, 0x6b, 0x93, 0x63, 0x93, 0x63, 0x93, 0x63, 0x93, 0x63, 0x93, 0x63, 0x93, 0x63, 0x93, 0x63,
  0x93, 0x63, 0x93, 0x63, 0x93, 0x63, 0x93, 0x63, 0x93, 0x63, 0x93, 0x63, 0x94, 0x63, 0x94, 0x63,
  0xf2, 0x42, 0xf2, 0x42, 0xf3, 0x42, 0x13, 0x43, 0x13, 0x43, 0x13, 0x43, 0x13, 0x43, 0x13, 0x4b,
  0x13, 0x4b, 0x13, 0x4b, 0x13, 0x4b, 0x13, 0x4b, 0x13, 0x4b, 0x13, 0x4b, 0x13, 0x4b, 0x13, 0x4b,
  0x13, 0x4b, 0x13, 0x4b, 0x13, 0x4b, 0x13, 0x4b, 0x13, 0x53, 0x33, 0x53, 0x33, 0x53, 0x33, 0x53,
  0x33, 0x53, 0x33, 0x53, 0x33, 0x53, 0x33, 0x53, 0x33, 0x53, 0x33, 0x53, 0x33, 0x53, 0x33, 0x5b,
  0x53, 0x5b, 0x53, 0x5b, 0x53, 0x5b, 0x53, 0x5b, 0x53, 0x5b, 0x33, 0x5b, 0x33, 0x5b, 0x33, 0x63,
  0x33, 0x63, 0x53, 0x63, 0x53, 0x63, 0x53, 0x63, 0x53, 0x63, 0x54, 0x63, 0x54, 0x6b, 0x54, 0x6b,
  0x54, 0x6b, 0x74, 0x6b, 0x74, 0x6b, 0x54, 0x6b, 0x74, 0x6b, 0x94, 0x6b, 0x94, 0x73, 0x95, 0x73,
  0x95, 0x73, 0x95, 0x73, 0xb5, 0x73, 0xb5, 0x73, 0xb5, 0x73, 0xb5, 0x73, 0xb5, 0x7b, 0xd5, 0x7b,
  0xd5, 0x7b, 0xd5, 0x7b, 0xd6, 0x7b, 0xf6, 0x7b, 0xf6, 0x7b, 0xf6, 0x7b, 0xf6, 0x7b, 0x16, 0x84,
  0x16, 0x84, 0x16, 0x84, 0x16, 0x84, 0x16, 0x84, 0xf6, 0x7b, 0x57, 0x8c, 0x57, 0x84, 0x16, 0x84,
  0x16, 0x84, 0x16, 0x84, 0x16, 0x84, 0x16, 0x84, 0x16, 0x84, 0x16, 0x84, 0x16, 0x84, 0x16, 0x84,
  0xf6, 0x83, 0xf6, 0x83, 0xf6, 0x83, 0xf6, 0x83, 0xf5, 0x7b, 0xf5, 0x7b, 0xd5, 0x7b, 0xd5, 0x7b,
  0xd5, 0x7b, 0xd5, 0x7b, 0xd5, 0x7b, 0xd4, 0x7b, 0xd4, 0x7b, 0xd4, 0x7b, 0xd4, 0x7b, 0xb4, 0x7b,
  0xb4, 0x7b, 0xb4, 0x7b, 0xb4, 0x7b, 0xb4, 0x7b, 0xb4, 0x7b, 0x94, 0x7b, 0xb4, 0x7b, 0xb4, 0x7b,
  0xb4, 0x7b, 0x94, 0x7b, 0x94, 0x73, 0x94, 0x73, 0x94, 0x73, 0x94, 0x73, 0x94, 0x73, 0xb4, 0x73,
  0xb4, 0x73, 0x94, 0x73, 0xb4, 0x73, 0xb4, 0x73, 0xb4, 0x73, 0xb4, 0x73, 0xb4, 0x73, 0xb4, 0x73,
  0xb4, 0x73, 0xb4, 0x73, 0xb4, 0x73, 0xb4, 0x73, 0xb4, 0x73, 0xb4, 0x73, 0xb3, 0x73, 0xb4, 0x73,
  0xb4, 0x73, 0xb4, 0x73, 0xb4, 0x6b, 0xb4, 0x6b, 0xb4, 0x6b, 0xb4, 0x6b, 0xb4, 0x6b, 0xb4, 0x6b,
  0xb4, 0x6b, 0xb4, 0x6b, 0xb4, 0x6b, 0xb3, 0x6b, 0xb3, 0x6b, 0xb3, 0x6b, 0xb3, 0x6b, 0xb3, 0x63,
  0x93, 0x63, 0x93, 0x63, 0xb3, 0x63, 0xb4, 0x63, 0xb4, 0x6b, 0xb4, 0x6b, 0xb4, 0x6b, 0xb4, 0x6b,
  0x13, 0x43, 0x13, 0x43, 0x13, 0x43, 0x13, 0x43, 0x13, 0x4b, 0x13, 0x4b, 0x33, 0x4b, 0x33, 0x4b,
  0x33, 0x4b, 0x33, 0x4b, 0x13, 0x4b, 0x13, 0x4b, 0x33, 0x4b, 0x33, 0x4b, 0x33, 0x4b, 0x33, 0x4b,
  0x33, 0x4b, 0x33, 0x53, 0x33, 0x53, 0x33, 0x53, 0x33, 0x53, 0x33, 0x53, 0x33, 0x53, 0x33, 0x53,
  0x33, 0x53, 0x33, 0x53, 0x33, 0x53, 0x33, 0x5b, 0x33, 0x5b, 0x33, 0x5b, 0x33, 0x5b, 0x53, 0x5b,
  0x53, 0x5b, 0x53, 0x5b, 0x53, 0x5b, 0x33, 0x63, 0x33, 0x63, 0x33, 0x63, 0x33, 0x63, 0x53, 0x63,
  0x53, 0x63, 0x54, 0x63, 0x54, 0x63, 0x54, 0x6b, 0x54, 0x6b, 0x74, 0x6b, 0x74, 0x6b, 0x74, 0x6b,
  0x74, 0x6b, 0x74, 0x73, 0x74, 0x73, 0xf6, 0x83, 0x95, 0x73, 0x94, 0x73, 0x95, 0x73, 0xb5, 0x73,
  0xb5, 0x7b, 0xb5, 0x7b, 0xb5, 0x7b, 0xd5, 0x7b, 0xd5, 0x7b, 0xd5, 0x7b, 0xf5, 0x7b, 0xf6, 0x83,
  0xf6, 0x83, 0xf6, 0x83, 0xf6, 0x83, 0x16, 0x84, 0x16, 0x84, 0x16, 0x84, 0x16, 0x84, 0x36, 0x84,
  0x36, 0x8c, 0x36, 0x84, 0x36, 0x84, 0x37, 0x84, 0x16, 0x84, 0x77, 0x94, 0x57, 0x8c, 0x36, 0x84,
  0x37, 0x8c, 0x36, 0x8c, 0x16, 0x8c, 0x16, 0x84, 0x16, 0x8c, 0x16, 0x8c, 0x16, 0x84, 0x16, 0x84,
  0x16, 0x84, 0x16, 0x84, 0x16, 0x84, 0x16, 0x84, 0x16, 0x84, 0x15, 0x84, 0xf5, 0x83, 0xf5, 0x83,
  0xf5, 0x83, 0xf5, 0x83, 0xf5, 0x83, 0xf5, 0x83, 0xd5, 0x83, 0xd5, 0x83, 0xd5, 0x83, 0xd5, 0x7b,
  0xd5, 0x7b, 0xb4, 0x83, 0xb4, 0x7b, 0xb4, 0x7b, 0xb4, 0x7b, 0xb4, 0x7b, 0xb4, 0x7b, 0xb4, 0x7b,
  0xb4, 0x7b, 0xb4, 0x7b, 0xb4, 0x7b, 0xb4, 0x7b, 0xb4, 0x7b, 0xb4, 0x7b, 0xb4, 0x7b, 0xb4, 0x7b,
  0xb4, 0x7b, 0xf4, 0x83, 0xd4, 0x7b, 0xb4, 0x7b, 0xb4, 0x7b, 0xb4, 0x7b, 0xb4, 0x7b, 0xb4, 0x7b,
  0xb4, 0x7b, 0xb4, 0x73, 0xb4, 0x7b, 0xb4, 0x7b, 0xb4, 0x73, 0xb4, 0x73, 0xb4, 0x73, 0xb4, 0x73,
  0xb4, 0x73, 0xb4, 0x73, 0xb4, 0x73, 0xb4, 0x73, 0xb4, 0x73, 0xb4, 0x73, 0xb4, 0x73, 0xb4, 0x73,
  0xb4, 0x73, 0xb4, 0x73, 0xb4, 0x6b, 0xb4, 0x6b, 0xb4, 0x6b, 0xb4, 0x6b, 0xb4, 0x6b, 0xb4, 0x6b,
  0xb4, 0x6b, 0xb4, 0x6b, 0xb4, 0x6b, 0xd4, 0x73, 0xd4, 0x73, 0xd4, 0x73, 0xd4, 0x73, 0xd4, 0x6b,
  0x13, 0x43, 0x33, 0x4b, 0x33, 0x4b, 0x33, 0x4b, 0x33, 0x4b, 0x33, 0x4b, 0x33, 0x4b, 0x33, 0x4b,
  0x33, 0x4b, 0x33, 0x4b, 0x33, 0x4b, 0x33, 0x4b, 0x33, 0x4b, 0x33, 0x53, 0x33, 0x53, 0x33, 0x53,
  0x33, 0x53, 0x33, 0x53, 0x33, 0x53, 0x33, 0x53, 0x33, 0x53, 0x33, 0x53, 0x33, 0x5b, 0x33, 0x5b,
  0x33, 0x5b, 0x33, 0x5b, 0x33, 0x5b, 0x53, 0x5b, 0x53, 0x5b, 0x53, 0x5b, 0x53, 0x5b, 0x53, 0x5b,
  0x53, 0x63, 0x53, 0x63, 0x53, 0x63, 0x53, 0x63, 0x53, 0x63, 0x54, 0x63, 0x54, 0x63, 0x54, 0x63,
  0x54, 0x6b, 0x74, 0x6b, 0x74, 0x6b, 0x74, 0x6b, 0x74, 0x6b, 0x74, 0x6b, 0x74, 0x73, 0x94, 0x73,
  0x94, 0x73, 0x94, 0x73, 0x94, 0x73, 0x36, 0x8c, 0xb5, 0x7b, 0xb5, 0x73, 0xb5, 0x7b, 0xd5, 0x7b,
  0xd5, 0x7b, 0xd5, 0x7b, 0xd5, 0x7b, 0xf5, 0x83, 0xf6, 0x83, 0xf6, 0x83, 0xf6, 0x83, 0xf6, 0x83,
  0x16, 0x84, 0x16, 0x84, 0x16, 0x8c, 0x16, 0x8c, 0x36, 0x8c, 0x36, 0x8c, 0x37, 0x8c, 0x37, 0x8c,
  0x37, 0x8c, 0x37, 0x8c, 0x37, 0x8c, 0x37, 0x8c, 0x37, 0x8c, 0x77, 0x9c, 0x77, 0x94, 0x37, 0x8c,
  0x57, 0x8c, 0x37, 0x8c, 0x37, 0x8c, 0x37, 0x8c, 0x37, 0x8c, 0x36, 0x8c, 0x36, 0x8c, 0x36, 0x8c,
  0x36, 0x8c, 0x36, 0x8c, 0x36, 0x8c, 0x36, 0x8c, 0x36, 0x8c, 0x16, 0x8c, 0x16, 0x8c, 0x16, 0x8c,
  0x15, 0x8c, 0x15, 0x8c, 0xf5, 0x8b, 0xf5, 0x8b, 0xf5, 0x83, 0xf5, 0x83, 0xf5, 0x83, 0xf5, 0x83,
  0xd5, 0x83, 0xd5, 0x83, 0xd5, 0x83, 0xd4, 0x83, 0xd4, 0x83, 0xd4, 0x83, 0xd4, 0x83, 0xd4, 0x83,
  0xd4, 0x83, 0xd4, 0x83, 0xd4, 0x83, 0xb4, 0x83, 0xb4, 0x7b, 0xb4, 0x7b, 0xd4, 0x7b, 0xd4, 0x7b,
  0xb4, 0x7b, 0x76, 0x9c, 0x15, 0x8c, 0xb4, 0x7b, 0xd4, 0x7b, 0xd4, 0x7b, 0xd4, 0x7b, 0xd4, 0x7b,
  0xd4, 0x7b, 0xd4, 0x7b, 0xd4, 0x7b, 0xd4, 0x7b, 0xd4, 0x7b, 0xd4, 0x7b, 0xd4, 0x7b, 0xd4, 0x7b,
  0xd4, 0x7b, 0xd4, 0x7b, 0xd4, 0x7b, 0xd4, 0x7b, 0xd4, 0x7b, 0xd4, 0x73, 0xd4, 0x73, 0xd4, 0x73,
  0xd4, 0x73, 0xd4, 0x73, 0xd4, 0x73, 0xd4, 0x73, 0xd4, 0x73, 0xd4, 0x73, 0xd4, 0x73, 0xd4, 0x73,
  0xd4, 0x73, 0xd4, 0x73, 0xf4, 0x7b, 0xf4, 0x7b, 0xf4, 0x7b, 0xd4, 0x73, 0xf4, 0x73, 0xd4, 0x73,
  0x33, 0x4b, 0x33, 0x4b, 0x33, 0x4b, 0x33, 0x4b, 0x33, 0x4b, 0x33, 0x4b, 0x33, 0x4b, 0x33, 0x4b,
  0x33, 0x53, 0x33, 0x53, 0x33, 0x53, 0x33, 0x53, 0x33, 0x53, 0x33, 0x53, 0x33, 0x53, 0x33, 0x53,
  0x33, 0x53, 0x53, 0x53, 0x53, 0x53, 0x53, 0x53, 0x53, 0x5b, 0x53, 0x5b, 0x53, 0x5b, 0x53, 0x5b,
  0x53, 0x5b, 0x53, 0x5b, 0x53, 0x5b, 0x53, 0x5b, 0x53, 0x63, 0x53, 0x63, 0x53, 0x63, 0x53, 0x63,
  0x53, 0x63, 0x53, 0x63, 0x53, 0x63, 0x53, 0x63, 0x54, 0x63, 0x54, 0x6b, 0x74, 0x6b, 0x74, 0x6b,
  0x74, 0x6b, 0x74, 0x6b, 0x74, 0x6b, 0x94, 0x73, 0x94, 0x73, 0x94, 0x73, 0x94, 0x73, 0x94, 0x73,
  0x94, 0x73, 0xb4, 0x7b, 0xb5, 0x7b, 0x94, 0x73, 0xb5, 0x7b, 0xb5, 0x7b, 0xd5, 0x7b, 0xd5, 0x83,
  0xf6, 0x83, 0xf6, 0x83, 0xf6, 0x83, 0xf6, 0x83, 0xf6, 0x8b, 0xf6, 0x8b, 0x16, 0x8c, 0x16, 0x8c,
  0x36, 0x8c, 0x36, 0x8c, 0x36, 0x8c, 0x37, 0x94, 0x57, 0x94, 0x57, 0x94, 0x57, 0x94, 0x57, 0x94,
  0x57, 0x94, 0x57, 0x94, 0x57, 0x94, 0x57, 0x94, 0x57, 0x94, 0x98, 0xa4, 0x77, 0x9c, 0x57, 0x94,
  0x57, 0x94, 0x57, 0x94, 0x57, 0x94, 0x57, 0x94, 0x57, 0x94, 0x57, 0x94, 0x57, 0x94, 0x57, 0x94,
  0x57, 0x94, 0x56, 0x94, 0x36, 0x94, 0x36, 0x94, 0x36, 0x94, 0x36, 0x94, 0x36, 0x94, 0x36, 0x94,
  0x36, 0x94, 0x36, 0x94, 0x16, 0x8c, 0x15, 0x8c, 0x15, 0x8c, 0x15, 0x8c, 0xf5, 0x8b, 0xf5, 0x8b,
  0xf5, 0x8b, 0xf5, 0x8b, 0xf5, 0x8b, 0xf5, 0x8b, 0xf5, 0x8b, 0xf4, 0x83, 0xf4, 0x83, 0xd4, 0x83,
  0xd4, 0x83, 0xd4, 0x83, 0xd4, 0x83, 0xd4, 0x83, 0xd4, 0x83, 0xd4, 0x83, 0xd4, 0x83, 0xd4, 0x83,
  0xd4, 0x83, 0xd4, 0x83, 0xd4, 0x83, 0xd4, 0x83, 0xd4, 0x83, 0xd4, 0x83, 0xd4, 0x83, 0xf4, 0x83,
  0xf4, 0x83, 0xf4, 0x83, 0xf4, 0x83, 0xf4, 0x83, 0xf4, 0x83, 0xf4, 0x83, 0xf4, 0x83, 0xf4, 0x83,
  0xf4, 0x83, 0xf4, 0x7b, 0xd4, 0x7b, 0xf4, 0x7b, 0xd4, 0x7b, 0xd4, 0x7b, 0xd4, 0x7b, 0xd4, 0x7b,
  0xf4, 0x7b, 0xd4, 0x7b, 0xd4, 0x7b, 0xd4, 0x7b, 0xd4, 0x7b, 0xd4, 0x73, 0xd4, 0x73, 0xf4, 0x7b,
  0xf4, 0x7b, 0xf4, 0x83, 0xf4, 0x83, 0xf4, 0x83, 0xf4, 0x83, 0xf4, 0x83, 0xf4, 0x7b, 0xf4, 0x7b,
  0x33, 0x4b, 0x33, 0x4b, 0x33, 0x4b, 0x53, 0x4b, 0x53, 0x53, 0x53, 0x53, 0x53, 0x53, 0x53, 0x53,
  0x53, 0x53, 0x33, 0x53, 0x53, 0x53, 0x53, 0x53, 0x53, 0x53, 0x53, 0x53, 0x53, 0x53, 0x53, 0x53,
  0x53, 0x5b, 0x53, 0x5b, 0x53, 0x5b, 0x53, 0x5b, 0x53, 0x5b, 0x53, 0x5b, 0x53, 0x5b, 0x53, 0x5b,
  0x53, 0x63, 0x53, 0x63, 0x54, 0x63, 0x74, 0x63, 0x74, 0x63, 0x74, 0x63, 0x74, 0x63, 0x74, 0x63,
  0x74, 0x6b, 0x74, 0x6b, 0x74, 0x6b, 0x74, 0x6b, 0x74, 0x6b, 0x74, 0x6b, 0x74, 0x6b, 0x94, 0x73,
  0x94, 0x73, 0x94, 0x73, 0x94, 0x73, 0x94, 0x73, 0x94, 0x73, 0x94, 0x73, 0x94, 0x7b, 0xb4, 0x7b,
  0xb5, 0x7b, 0xb5, 0x7b, 0xb5, 0x7b, 0xd5, 0x83, 0xd5, 0x83, 0xd5, 0x83, 0xd5, 0x83, 0xf6, 0x83,
  0xf6, 0x83, 0xf6, 0x8b, 0x16, 0x8c, 0x16, 0x8c, 0x16, 0x8c, 0x36, 0x8c, 0x36, 0x94, 0x37, 0x94,
  0x37, 0x94, 0x37, 0x94, 0x57, 0x94, 0x57, 0x9c, 0x57, 0x9c, 0x57, 0x9c, 0x57, 0x9c, 0x57, 0x9c,
  0x77, 0x9c, 0x57, 0x9c, 0x77, 0x9c, 0x77, 0x9c, 0x77, 0x9c, 0x98, 0xac, 0x98, 0xa4, 0x77, 0x9c,
  0x77, 0xa4, 0x77, 0xa4, 0x77, 0xa4, 0x77, 0xa4, 0x77, 0xa4, 0x77, 0x9c, 0x77, 0x9c, 0x77, 0x9c,
  0x57, 0x9c, 0x57, 0x9c, 0x57, 0x9c, 0x57, 0x9c, 0x56, 0x9c, 0x56, 0x9c, 0x56, 0x9c, 0x56, 0x9c,
  0x56, 0x9c, 0x36, 0x94, 0x36, 0x94, 0x36, 0x94, 0x36, 0x94, 0x15, 0x94, 0x15, 0x94, 0x15, 0x94,
  0x15, 0x94, 0x15, 0x94, 0x15, 0x8c, 0x15, 0x8c, 0xf5, 0x8b, 0xf5, 0x8b, 0xf5, 0x8b, 0xf4, 0x8b,
  0xf4, 0x8b, 0xf4, 0x8b, 0xf4, 0x8b, 0xf4, 0x8b, 0xf4, 0x8b, 0xf4, 0x8b, 0xf4, 0x8b, 0xf4, 0x8b,
  0xf4, 0x8b, 0xf4, 0x8b, 0xf4, 0x8b, 0xf4, 0x8b, 0xf4, 0x8b, 0xf4, 0x8b, 0xf4, 0x8b, 0xf4, 0x8b,
  0xf4, 0x8b, 0xf4, 0x8b, 0xf4, 0x8b, 0xf4, 0x8b, 0xf4, 0x8b, 0xf4, 0x8b, 0xf4, 0x8b, 0xf4, 0x83,
  0xf4, 0x8b, 0xf4, 0x83, 0xf4, 0x83, 0xf4, 0x83, 0xf4, 0x83, 0xf4, 0x83, 0xf4, 0x83, 0xf4, 0x83,
  0xf4, 0x83, 0xf4, 0x83, 0xf4, 0x83, 0xf4, 0x83, 0xf4, 0x83, 0xf4, 0x7b, 0xf4, 0x83, 0x14, 0x84,
  0x14, 0x8c, 0x14, 0x8c, 0x14, 0x8c, 0x14, 0x8c, 0x14, 0x8c, 0x14, 0x8c, 0xf4, 0x8b, 0xf4, 0x8b,
  0x53, 0x53, 0x53, 0x53, 0x53, 0x53, 0x53, 0x53, 0x53, 0x53, 0x53, 0x53, 0x53, 0x53, 0x53, 0x53,
  0x53, 0x53, 0x53, 0x53, 0x53, 0x53, 0x53, 0x5b, 0x53, 0x5b, 0x53, 0x5b, 0x53, 0x5b, 0x53, 0x5b,
  0x53, 0x5b, 0x54, 0x5b, 0x54, 0x5b, 0x54, 0x5b, 0x74, 0x5b, 0x74, 0x5b, 0x74, 0x63, 0x74, 0x63,
  0x74, 0x63, 0x74, 0x63, 0x74, 0x63, 0x74, 0x63, 0x74, 0x63, 0x74, 0x6b, 0x74, 0x6b, 0x74, 0x6b,
  0x74, 0x6b, 0x74, 0x6b, 0x74, 0x6b, 0x74, 0x6b, 0x74, 0x73, 0x74, 0x73, 0x94, 0x73, 0x94, 0x73,
  0x94, 0x73, 0x94, 0x73, 0x94, 0x73, 0xb4, 0x7b, 0xb4, 0x7b, 0xb4, 0x7b, 0xb5, 0x7b, 0xd5, 0x7b,
  0xd5, 0x83, 0xd5, 0x83, 0xd5, 0x83, 0xf5, 0x83, 0xf5, 0x83, 0xf5, 0x8b, 0xf6, 0x8b, 0xf6, 0x8b,
  0x16, 0x8c, 0x16, 0x8c, 0x36, 0x94, 0x36, 0x94, 0x37, 0x94, 0x37, 0x94, 0x57, 0x9c, 0x57, 0x9c,
  0x57, 0x9c, 0x57, 0x9c, 0x77, 0xa4, 0x77, 0xa4, 0x77, 0xa4, 0x77, 0xa4, 0x77, 0xa4, 0x97, 0xa4,
  0x77, 0xa4, 0x98, 0xa4, 0x98, 0xa4, 0x98, 0xac, 0x97, 0xac, 0xb8, 0xb4, 0xb8, 0xac, 0x98, 0xac,
  0x98, 0xac, 0x98, 0xac, 0x98, 0xac, 0x98, 0xac, 0x97, 0xac, 0x97, 0xac, 0x77, 0xac, 0x97, 0xac,
  0x97, 0xac, 0x77, 0xac, 0x77, 0xa4, 0x77, 0xa4, 0x77, 0xa4, 0x77, 0xa4, 0x77, 0xa4, 0x56, 0xa4,
  0x56, 0xa4, 0x56, 0xa4, 0x56, 0xa4, 0x56, 0x9c, 0x36, 0x9c, 0x36, 0x9c, 0x36, 0x9c, 0x36, 0x9c,
  0x35, 0x9c, 0x35, 0x94, 0x15, 0x94, 0x15, 0x94, 0x15, 0x94, 0x15, 0x94, 0x15, 0x94, 0x14, 0x94,
  0x15, 0x94, 0xf4, 0x93, 0xf4, 0x93, 0xf4, 0x93, 0xf4, 0x93, 0xf4, 0x93, 0xf4, 0x93, 0xf4, 0x93,
  0xf4, 0x93, 0xf4, 0x8b, 0xf4, 0x93, 0x14, 0x94, 0xf4, 0x93, 0x14, 0x94, 0x14, 0x94, 0x14, 0x94,
  0x14, 0x94, 0x14, 0x94, 0x14, 0x94, 0x14, 0x94, 0x14, 0x94, 0x14, 0x94, 0x14, 0x94, 0x14, 0x94,
  0x14, 0x8c, 0x14, 0x8c, 0x14, 0x8c, 0x14, 0x8c, 0x14, 0x8c, 0x14, 0x8c, 0x14, 0x8c, 0x14, 0x8c,
  0x14, 0x8c, 0x14, 0x8c, 0x14, 0x8c, 0x14, 0x8c, 0x14, 0x8c, 0x14, 0x8c, 0x14, 0x94, 0x34, 0x94,
  0x34, 0x9c, 0x34, 0x94, 0x34, 0x94, 0x14, 0x94, 0x34, 0x94, 0x14, 0x94, 0x14, 0x94, 0x14, 0x94,
  0x53, 0x53, 0x53, 0x53, 0x53, 0x53, 0x53, 0x53, 0x73, 0x53, 0x73, 0x53, 0x74, 0x53, 0x73, 0x5b,
  0x74, 0x5b, 0x74, 0x5b, 0x74, 0x5b, 0x74, 0x5b, 0x74, 0x5b, 0x74, 0x5b, 0x74, 0x5b, 0x74, 0x5b,
  0x74, 0x5b, 0x54, 0x63, 0x74, 0x63, 0x74, 0x63, 0x54, 0x63, 0x74, 0x63, 0x74, 0x63, 0x74, 0x63,
  0x74, 0x63, 0x74, 0x6b, 0x74, 0x6b, 0x74, 0x6b, 0x74, 0x6b, 0x74, 0x6b, 0x94, 0x6b, 0x94, 0x6b,
  0x94, 0x6b, 0x94, 0x73, 0x94, 0x73, 0x94, 0x73, 0x94, 0x73, 0x94, 0x73, 0x94, 0x73, 0x94, 0x73,
  0xb4, 0x7b, 0xb4, 0x7b, 0xb4, 0x7b, 0xb5, 0x7b, 0xb5, 0x7b, 0xd5, 0x83, 0xd5, 0x83, 0xd5, 0x83,
  0xd5, 0x83, 0xf5, 0x83, 0xf5, 0x8b, 0xf5, 0x8b, 0xf5, 0x8b, 0x16, 0x8c, 0x16, 0x94, 0x16, 0x94,
  0x36, 0x94, 0x36, 0x94, 0x36, 0x9c, 0x57, 0x9c, 0x57, 0x9c, 0x57, 0x9c, 0x77, 0xa4, 0x77, 0xa4,
  0x77, 0xa4, 0x77, 0xa4, 0x77, 0xac, 0x97, 0xac, 0x98, 0xac, 0x98, 0xac, 0x98, 0xac, 0x98, 0xac,
  0x98, 0xac, 0x98, 0xac, 0x98, 0xb4, 0x98, 0xb4, 0x98, 0xb4, 0xd8, 0xbc, 0xb8, 0xb4, 0xb8, 0xb4,
  0x98, 0xb4, 0x98, 0xb4, 0x98, 0xb4, 0x98, 0xb4, 0x98, 0xb4, 0x98, 0xb4, 0x98, 0xb4, 0x97, 0xb4,
  0x97, 0xb4, 0x97, 0xb4, 0x97, 0xac, 0x97, 0xac, 0x97, 0xac, 0x97, 0xac, 0x97, 0xac, 0x97, 0xac,
  0x77, 0xac, 0x76, 0xac, 0x56, 0xac, 0x56, 0xa4, 0x56, 0xa4, 0x56, 0xa4, 0x56, 0xa4, 0x56, 0xa4,
  0x36, 0xa4, 0x35, 0xa4, 0x35, 0xa4, 0x35, 0x9c, 0x35, 0x9c, 0x35, 0x9c, 0x35, 0x9c, 0x15, 0x9c,
  0x15, 0x9c, 0x15, 0x9c, 0x15, 0x9c, 0x14, 0x9c, 0x14, 0x9c, 0x14, 0x9c, 0x14, 0x9c, 0x14, 0x9c,
  0x14, 0x9c, 0x14, 0x9c, 0x14, 0x9c, 0x14, 0x9c, 0x14, 0x9c, 0x14, 0x9c, 0x14, 0x9c, 0x14, 0x9c,
  0x14, 0x9c, 0x14, 0x9c, 0x14, 0x9c, 0x14, 0x9c, 0x14, 0x9c, 0x34, 0x9c, 0x14, 0x9c, 0x14, 0x9c,
  0x14, 0x9c, 0x34, 0x94, 0x34, 0x94, 0x34, 0x94, 0x34, 0x94, 0x14, 0x94, 0x34, 0x94, 0x34, 0x94,
  0x14, 0x94, 0x34, 0x94, 0x34, 0x94, 0x34, 0x94, 0x34, 0x94, 0x34, 0x9c, 0x34, 0xa4, 0x34, 0xa4,
  0x54, 0xa4, 0x54, 0xa4, 0x34, 0xa4, 0x54, 0x9c, 0x54, 0x9c, 0x34, 0x9c, 0x34, 0x9c, 0x55, 0x94,
  0x74, 0x53, 0x74, 0x53, 0x74, 0x53, 0x74, 0x5b, 0x74, 0x5b, 0x74, 0x5b, 0x74, 0x5b, 0x74, 0x5b,
  0x74, 0x5b, 0x74, 0x5b, 0x74, 0x5b, 0x74, 0x5b, 0x74, 0x63, 0x74, 0x63, 0x74, 0x63, 0x74, 0x63,
  0x74, 0x63, 0x74, 0x63, 0x74, 0x63, 0x74, 0x63, 0x74, 0x63, 0x74, 0x63, 0x74, 0x6b, 0x94, 0x6b,
  0x94, 0x6b, 0x94, 0x6b, 0x94, 0x6b, 0x94, 0x6b, 0x94, 0x6b, 0x94, 0x6b, 0x94, 0x73, 0x94, 0x73,
  0x94, 0x73, 0x94, 0x73, 0x94, 0x73, 0x94, 0x73, 0x94, 0x7b, 0xb4, 0x7b, 0xb4, 0x7b, 0xb4, 0x7b,
  0xb4, 0x7b, 0xb5, 0x7b, 0xb5, 0x83, 0xd5, 0x83, 0xd5, 0x83, 0xd5, 0x83, 0xd5, 0x83, 0xf5, 0x8b,
  0xf5, 0x8b, 0xf5, 0x8b, 0x16, 0x8c, 0x16, 0x8c, 0x16, 0x94, 0x36, 0x94, 0x36, 0x94, 0x36, 0x9c,
  0x36, 0x9c, 0x56, 0x9c, 0x56, 0x9c, 0x57, 0xa4, 0x77, 0xa4, 0x77, 0xa4, 0x77, 0xac, 0x77, 0xac,
  0x97, 0xac, 0x98, 0xac, 0x98, 0xb4, 0x98, 0xb4, 0xb8, 0xb4, 0xb8, 0xb4, 0x98, 0xb4, 0xb8, 0xb4,
  0xb8, 0xb4, 0xb8, 0xb4, 0xb8, 0xbc, 0xb8, 0xbc, 0xb8, 0xbc, 0xd9, 0xbc, 0xd8, 0xbc, 0xb8, 0xbc,
  0xb8, 0xbc, 0xb8, 0xbc, 0xb8, 0xbc, 0xb8, 0xbc, 0xb8, 0xbc, 0xd8, 0xbc, 0x39, 0xcd, 0x98, 0xb4,
  0xb8, 0xbc, 0xb8, 0xbc, 0xb8, 0xb4, 0xb7, 0xb4, 0xb7, 0xb4, 0xb7, 0xb4, 0x97, 0xb4, 0x97, 0xb4,
  0x97, 0xb4, 0x77, 0xb4, 0x77, 0xb4, 0x76, 0xac, 0x76, 0xac, 0x76, 0xac, 0x56, 0xac, 0x56, 0xac,
  0x56, 0xac, 0x56, 0xac, 0x56, 0xac, 0x56, 0xa4, 0x35, 0xa4, 0x35, 0xa4, 0x35, 0xa4, 0x35, 0xa4,
  0x35, 0xa4, 0x35, 0xa4, 0x35, 0xa4, 0x35, 0xa4, 0x35, 0xa4, 0x34, 0xa4, 0x34, 0xa4, 0x34, 0xa4,
  0x34, 0xa4, 0x34, 0xa4, 0x34, 0x9c, 0x34, 0x9c, 0x34, 0xa4, 0x34, 0xa4, 0x34, 0xa4, 0x34, 0xa4,
  0x34, 0xa4, 0x34, 0xa4, 0x34, 0xa4, 0x34, 0xa4, 0x34, 0xa4, 0x34, 0xa4, 0x34, 0xa4, 0x34, 0xa4,
  0x34, 0x9c, 0x34, 0x9c, 0x34, 0x9c, 0x34, 0x9c, 0x34, 0x9c, 0x34, 0x9c, 0x34, 0x9c, 0x34, 0x9c,
  0x34, 0x9c, 0x34, 0x9c, 0x34, 0x9c, 0x34, 0x9c, 0x54, 0xa4, 0x54, 0xac, 0x55, 0xac, 0x55, 0xac,
  0x55, 0xac, 0x55, 0xac, 0x55, 0xac, 0x55, 0xac, 0x55, 0xac, 0x55, 0xa4, 0x75, 0xa4, 0xf0, 0xcb,
  0x74, 0x5b, 0x74, 0x5b, 0x74, 0x5b, 0x74, 0x5b, 0x74, 0x5b, 0x74, 0x5b, 0x74, 0x5b, 0x74, 0x5b,
  0x74, 0x63, 0x74, 0x63, 0x94, 0x63, 0x94, 0x63, 0x74, 0x63, 0x74, 0x63, 0x74, 0x63, 0x74, 0x63,
  0x74, 0x63, 0x74, 0x6b, 0x94, 0x6b, 0x94, 0x6b, 0x94, 0x6b, 0x94, 0x6b, 0x94, 0x6b, 0x94, 0x6b,
  0x94, 0x6b, 0x94, 0x6b, 0x94, 0x73, 0x94, 0x73, 0x94, 0x73, 0x94, 0x73, 0x94, 0x73, 0x94, 0x73,
  0x94, 0x73, 0x94, 0x7b, 0xb4, 0x7b, 0xb4, 0x7b, 0xb4, 0x7b, 0xb4, 0x7b, 0xb4, 0x7b, 0xd4, 0x83,
  0xd5, 0x83, 0xd5, 0x83, 0xd5, 0x83, 0xd5, 0x83, 0xf5, 0x8b, 0xf5, 0x8b, 0xf5, 0x8b, 0xf5, 0x8b,
  0x16, 0x8c, 0x16, 0x94, 0x16, 0x94, 0x36, 0x94, 0x36, 0x9c, 0x36, 0x9c, 0x56, 0x9c, 0x57, 0xa4,
  0x57, 0xa4, 0x77, 0xa4, 0x77, 0xac, 0x77, 0xac, 0x77, 0xac, 0x77, 0xac, 0x97, 0xb4, 0x98, 0xb4,
  0x98, 0xb4, 0xb8, 0xb4, 0xb8, 0xbc, 0xd8, 0xbc, 0xd8, 0xbc, 0xd8, 0xbc, 0xb8, 0xbc, 0xd9, 0xbc,
  0xd9, 0xbc, 0xd9, 0xbc, 0xd9, 0xc4, 0xd9, 0xc4, 0xd9, 0xc4, 0xf9, 0xc4, 0xf9, 0xc4, 0xd9, 0xc4,
  0xd9, 0xc4, 0xd9, 0xc4, 0xd9, 0xc4, 0xd8, 0xc4, 0xd8, 0xc4, 0xd8, 0xc4, 0xd8, 0xc4, 0xd8, 0xc4,
  0xd8, 0xc4, 0xd8, 0xc4, 0xd8, 0xc4, 0xd8, 0xc4, 0xb8, 0xbc, 0xb7, 0xbc, 0xb7, 0xbc, 0xb7, 0xbc,
  0xb7, 0xbc, 0x97, 0xbc, 0x97, 0xbc, 0x97, 0xbc, 0x96, 0xb4, 0x96, 0xb4, 0x76, 0xb4, 0x76, 0xb4,
  0x76, 0xb4, 0x76, 0xb4, 0x76, 0xb4, 0x56, 0xb4, 0x55, 0xac, 0x55, 0xac, 0x55, 0xac, 0x55, 0xac,
  0x55, 0xac, 0x55, 0xac, 0x55, 0xac, 0x55, 0xac, 0x55, 0xac, 0x35, 0xac, 0x55, 0xac, 0x55, 0xac,
  0x35, 0xac, 0x34, 0xac, 0x35, 0xac, 0x54, 0xa4, 0x54, 0xa4, 0x54, 0xac, 0x54, 0xac, 0x54, 0xac,
  0x54, 0xa4, 0x54, 0xac, 0x54, 0xac, 0x54, 0xa4, 0x54, 0xac, 0x54, 0xac, 0x54, 0xa4, 0x54, 0xac,
  0x54, 0xac, 0x54, 0xa4, 0x54, 0xa4, 0x54, 0xa4, 0x54, 0xa4, 0x54, 0xa4, 0x54, 0xa4, 0x54, 0xa4,
  0x54, 0xa4, 0x54, 0xa4, 0x54, 0xac, 0x55, 0xac, 0x75, 0xb4, 0x75, 0xb4, 0x75, 0xb4, 0x75, 0xb4,
  0x75, 0xb4, 0x75, 0xb4, 0x75, 0xb4, 0x74, 0xb4, 0x75, 0xb4, 0x95, 0xb4, 0xf0, 0xd3, 0xc9, 0xfa,
  0x94, 0x5b, 0x94, 0x5b, 0x94, 0x5b, 0x94, 0x63, 0x94, 0x63, 0x94, 0x63, 0x94, 0x63, 0x94, 0x63,
  0x94, 0x63, 0x94, 0x63, 0x94, 0x63, 0x94, 0x63, 0x94, 0x63, 0x94, 0x6b, 0x94, 0x6b, 0x94, 0x6b,
  0x94, 0x6b, 0x94, 0x6b, 0x94, 0x6b, 0x94, 0x6b, 0x94, 0x6b, 0x94, 0x73, 0x94, 0x73, 0x94, 0x73,
  0x94, 0x73, 0x94, 0x73, 0xb4, 0x73, 0xb4, 0x73, 0xb4, 0x73, 0xb4, 0x7b, 0xb4, 0x7b, 0xb4, 0x7b,
  0xb4, 0x7b, 0xb4, 0x7b, 0xb4, 0x7b, 0xd4, 0x83, 0xd4, 0x83, 0xd4, 0x83, 0xd5, 0x83, 0xd5, 0x83,
  0xf5, 0x83, 0xf5, 0x8b, 0xf5, 0x8b, 0xf5, 0x8b, 0xf5, 0x8b, 0x16, 0x8c, 0x16, 0x94, 0x16, 0x94,
  0x36, 0x94, 0x36, 0x9c, 0x36, 0x9c, 0x36, 0x9c, 0x56, 0xa4, 0x56, 0xa4, 0x57, 0xa4, 0x77, 0xac,
  0x77, 0xac, 0x77, 0xac, 0x97, 0xb4, 0x97, 0xb4, 0x97, 0xb4, 0x97, 0xb4, 0x98, 0xbc, 0xb8, 0xbc,
  0xb8, 0xbc, 0xb8, 0xbc, 0xd8, 0xc4, 0xd9, 0xc4, 0xf9, 0xc4, 0xf9, 0xc4, 0xf9, 0xc4, 0xd9, 0xc4,
  0xf9, 0xc4, 0xf9, 0xc4, 0xf9, 0xcc, 0xf9, 0xcc, 0xf9, 0xcc, 0x19, 0xcd, 0x19, 0xcd, 0xf9, 0xcc,
  0xf9, 0xcc, 0xf9, 0xcc, 0xf9, 0xcc, 0xf9, 0xcc, 0xf9, 0xcc, 0xf9, 0xcc, 0xf9, 0xcc, 0xf9, 0xcc,
  0xf8, 0xcc, 0xd8, 0xcc, 0xd8, 0xcc, 0xd8, 0xcc, 0xd8, 0xc4, 0xd8, 0xc4, 0xd8, 0xc4, 0xd7, 0xc4,
  0xb7, 0xc4, 0xb7, 0xc4, 0xb7, 0xc4, 0xb7, 0xc4, 0xb7, 0xc4, 0x97, 0xbc, 0x96, 0xbc, 0x96, 0xbc,
  0x96, 0xbc, 0x96, 0xbc, 0x96, 0xbc, 0x76, 0xbc, 0x76, 0xb4, 0x76, 0xb4, 0x76, 0xb4, 0x75, 0xb4,
  0x75, 0xb4, 0x55, 0xb4, 0x55, 0xb4, 0x55, 0xb4, 0x55, 0xb4, 0x55, 0xb4, 0x55, 0xb4, 0x55, 0xb4,
  0x55, 0xb4, 0x55, 0xb4, 0x55, 0xb4, 0x55, 0xb4, 0x54, 0xac, 0x55, 0xac, 0x54, 0xb4, 0x54, 0xb4,
  0x54, 0xb4, 0x54, 0xb4, 0x54, 0xb4, 0x55, 0xb4, 0x55, 0xb4, 0x74, 0xb4, 0x54, 0xb4, 0x54, 0xac,
  0x55, 0xb4, 0x75, 0xac, 0x75, 0xb4, 0x55, 0xac, 0x55, 0xac, 0x55, 0xac, 0x55, 0xac, 0x54, 0xac,
  0x54, 0xac, 0x74, 0xb4, 0x75, 0xb4, 0x95, 0xbc, 0x95, 0xbc, 0x95, 0xbc, 0x95, 0xbc, 0x95, 0xbc,
  0x95, 0xbc, 0x95, 0xbc, 0x94, 0xbc, 0xb5, 0xbc, 0x53, 0xcc, 0x2b, 0xf3, 0xc9, 0xfa, 0xe9, 0xfa,
  0x94, 0x63, 0x94, 0x63, 0x94, 0x63, 0x94, 0x63, 0x94, 0x63, 0x94, 0x63, 0x94, 0x63, 0x94, 0x6b,
  0x94, 0x6b, 0x94, 0x6b, 0x94, 0x6b, 0x94, 0x6b, 0xb4, 0x6b, 0xb4, 0x6b, 0xb4, 0x6b, 0xb4, 0x6b,
  0xb4, 0x6b, 0xb4, 0x73, 0xb4, 0x73, 0xb4, 0x73, 0xb4, 0x73, 0xb4, 0x73, 0xb4, 0x73, 0xb4, 0x73,
  0xb4, 0x73, 0xb4, 0x7b, 0xb4, 0x7b, 0xb4, 0x7b, 0xb4, 0x7b, 0xb4, 0x7b, 0xb4, 0x7b, 0xb4, 0x7b,
  0xd4, 0x7b, 0xd4, 0x83, 0xd4, 0x83, 0xd4, 0x83, 0xd4, 0x83, 0xd5, 0x83, 0xf5, 0x8b, 0xf5, 0x8b,
  0xf5, 0x8b, 0xf5, 0x8b, 0x15, 0x8c, 0x15, 0x94, 0x15, 0x94, 0x16, 0x94, 0x36, 0x9c, 0x36, 0x9c,
  0x36, 0x9c, 0x56, 0xa4, 0x56, 0xa4, 0x56, 0xa4, 0x57, 0xac, 0x77, 0xac, 0x77, 0xac, 0x97, 0xb4,
  0x97, 0xb4, 0x97, 0xb4, 0x97, 0xb4, 0x97, 0xbc, 0x98, 0xbc, 0xb8, 0xbc, 0xb8, 0xc4, 0xb8, 0xc4,
  0xd8, 0xc4, 0xd8, 0xc4, 0xd8, 0xcc, 0xd9, 0xcc, 0xf9, 0xcc, 0xf9, 0xcc, 0xf9, 0xcc, 0xf9, 0xcc,
  0xf9, 0xcc, 0xf9, 0xd4, 0xf9, 0xd4, 0x19, 0xd5, 0x19, 0xd5, 0x3a, 0xd5, 0x19, 0xd5, 0x19, 0xd5,
  0x19, 0xd5, 0x19, 0xd5, 0x19, 0xd5, 0x19, 0xd5, 0x19, 0xd5, 0x19, 0xd5, 0xf9, 0xd4, 0xf9, 0xd4,
  0xf9, 0xd4, 0xf9, 0xd4, 0xf8, 0xd4, 0xf8, 0xd4, 0xf8, 0xd4, 0xf8, 0xd4, 0xd8, 0xcc, 0xd8, 0xcc,
  0xd8, 0xcc, 0xd7, 0xcc, 0xd7, 0xcc, 0xd7, 0xcc, 0xb7, 0xcc, 0xb7, 0xc4, 0xb7, 0xc4, 0xb7, 0xc4,
  0xb6, 0xc4, 0x96, 0xc4, 0x96, 0xc4, 0x96, 0xc4, 0x96, 0xc4, 0x96, 0xbc, 0x96, 0xbc, 0x96, 0xbc,
  0x76, 0xbc, 0x76, 0xbc, 0x75, 0xbc, 0x75, 0xbc, 0x75, 0xbc, 0x75, 0xbc, 0x75, 0xbc, 0x75, 0xbc,
  0x75, 0xbc, 0x55, 0xbc, 0x75, 0xb4, 0x75, 0xbc, 0x75, 0xb4, 0x75, 0xb4, 0x75, 0xb4, 0x75, 0xb4,
  0x75, 0xbc, 0x75, 0xbc, 0x75, 0xbc, 0x75, 0xbc, 0x75, 0xbc, 0x75, 0xbc, 0x75, 0xbc, 0x75, 0xbc,
  0x75, 0xbc, 0x75, 0xbc, 0x75, 0xbc, 0x75, 0xbc, 0x75, 0xbc, 0x75, 0xbc, 0x75, 0xb4, 0x75, 0xbc,
  0x75, 0xbc, 0x95, 0xc4, 0xb5, 0xc4, 0xb5, 0xc4, 0x95, 0xc4, 0x95, 0xc4, 0xb5, 0xc4, 0xb5, 0xc4,
  0xb5, 0xc4, 0xb5, 0xc4, 0xb5, 0xc4, 0xb5, 0xcc, 0x4c, 0xf3, 0xa8, 0xfa, 0xc9, 0xf2, 0x09, 0x9a,
  0xb4, 0x63, 0xb4, 0x63, 0xb4, 0x6b, 0xb4, 0x6b, 0xb4, 0x6b, 0xb4, 0x6b, 0xb4, 0x6b, 0xb4, 0x6b,
  0xb4, 0x6b, 0xb4, 0x6b, 0xb4, 0x6b, 0xb4, 0x6b, 0xb4, 0x73, 0xb4, 0x73, 0xb4, 0x73, 0xb4, 0x73,
  0xb4, 0x73, 0xd4, 0x73, 0xd4, 0x73, 0xd4, 0x73, 0xd4, 0x73, 0xd4, 0x7b, 0xd4, 0x7b, 0xd4, 0x7b,
  0xd4, 0x7b, 0xd4, 0x7b, 0xd4, 0x7b, 0xd4, 0x7b, 0xd4, 0x83, 0xd4, 0x83, 0xd4, 0x83, 0xd4, 0x83,
  0xd4, 0x83, 0xd4, 0x83, 0xf5, 0x83, 0xd5, 0x8b, 0xf5, 0x8b, 0xf5, 0x8b, 0xf5, 0x8b, 0xf5, 0x8b,
  0xf5, 0x93, 0x15, 0x94, 0x15, 0x94, 0x15, 0x9c, 0x36, 0x9c, 0x36, 0x9c, 0x36, 0xa4, 0x56, 0xa4,
  0x56, 0xa4, 0x56, 0xac, 0x56, 0xac, 0x77, 0xac, 0x77, 0xb4, 0x97, 0xb4, 0x97, 0xb4, 0x97, 0xbc,
  0x97, 0xbc, 0x97, 0xbc, 0xb8, 0xc4, 0xb8, 0xc4, 0xb8, 0xc4, 0xd8, 0xc4, 0xd8, 0xcc, 0xd8, 0xcc,
  0xf9, 0xcc, 0xf9, 0xcc, 0xf9, 0xd4, 0xf9, 0xd4, 0xf9, 0xd4, 0x19, 0xd5, 0x19, 0xd5, 0x19, 0xd5,
  0x19, 0xd5, 0x19, 0xdd, 0x19, 0xdd, 0x19, 0xdd, 0x39, 0xdd, 0x3a, 0xdd, 0x39, 0xdd, 0x39, 0xdd,
  0x39, 0xdd, 0x39, 0xdd, 0x19, 0xdd, 0x39, 0xdd, 0x39, 0xdd, 0x19, 0xdd, 0x19, 0xdd, 0x19, 0xdd,
  0x19, 0xdd, 0x19, 0xdd, 0x19, 0xdd, 0x19, 0xdd, 0x19, 0xdd, 0xf8, 0xd4, 0xf8, 0xd4, 0xf8, 0xd4,
  0xf8, 0xd4, 0xf8, 0xd4, 0xf8, 0xd4, 0xd7, 0xd4, 0xd7, 0xd4, 0xd7, 0xd4, 0xd7, 0xcc, 0xd7, 0xcc,
  0xb7, 0xcc, 0xb6, 0xcc, 0xb6, 0xcc, 0xb6, 0xcc, 0xb6, 0xcc, 0x96, 0xc4, 0x96, 0xc4, 0x96, 0xc4,
  0x96, 0xc4, 0x96, 0xc4, 0x96, 0xc4, 0x95, 0xc4, 0x95, 0xc4, 0x75, 0xc4, 0x75, 0xc4, 0x75, 0xc4,
  0x75, 0xc4, 0x75, 0xc4, 0x75, 0xc4, 0x75, 0xc4, 0x75, 0xc4, 0x75, 0xbc, 0x75, 0xbc, 0x75, 0xc4,
  0x75, 0xc4, 0x75, 0xc4, 0x75, 0xc4, 0x95, 0xc4, 0x95, 0xc4, 0x95, 0xc4, 0x95, 0xc4, 0x95, 0xc4,
  0x95, 0xc4, 0x95, 0xc4, 0x95, 0xc4, 0x95, 0xc4, 0x95, 0xc4, 0x95, 0xc4, 0x95, 0xc4, 0x95, 0xc4,
  0xb5, 0xcc, 0xb5, 0xcc, 0xb5, 0xcc, 0xb5, 0xcc, 0xb5, 0xcc, 0xb5, 0xcc, 0xb5, 0xcc, 0xb5, 0xcc,
  0xb5, 0xcc, 0xb5, 0xcc, 0x8d, 0xeb, 0xea, 0xfa, 0xe9, 0xfa, 0xe9, 0xfa, 0x69, 0x61, 0xe8, 0x30,
  0xd4, 0x6b, 0xb4, 0x6b, 0xd4, 0x6b, 0xd4, 0x6b, 0xd4, 0x6b, 0xd4, 0x6b, 0xb4, 0x6b, 0xd4, 0x73,
  0xd4, 0x73, 0xd4, 0x73, 0xd4, 0x73, 0xd4, 0x73, 0xd4, 0x73, 0xd4, 0x73, 0xd4, 0x73, 0xd4, 0x7b,
  0xd4, 0x7b, 0xd4, 0x7b, 0xd4, 0x7b, 0xd4, 0x7b, 0xd4, 0x7b, 0xd4, 0x7b, 0xd4, 0x7b, 0xd4, 0x83,
  0xd4, 0x83, 0xd4, 0x83, 0xd4, 0x83, 0xd4, 0x83, 0xd4, 0x83, 0xd4, 0x83, 0xd4, 0x83, 0xd4, 0x8b,
  0xf5, 0x8b, 0xf5, 0x8b, 0xf4, 0x8b, 0xf5, 0x8b, 0xf5, 0x93, 0xf5, 0x93, 0x15, 0x94, 0x15, 0x94,
  0x15, 0x9c, 0x15, 0x9c, 0x36, 0x9c, 0x36, 0xa4, 0x36, 0xa4, 0x56, 0xa4, 0x56, 0xac, 0x56, 0xac,
  0x76, 0xac, 0x76, 0xac, 0x77, 0xb4, 0x97, 0xb4, 0x97, 0xb4, 0x97, 0xbc, 0x97, 0xbc, 0x97, 0xc4,
  0xb8, 0xc4, 0xb8, 0xc4, 0xd8, 0xc4, 0xd8, 0xcc, 0xd8, 0xcc, 0xd9, 0xcc, 0xf9, 0xcc, 0xf9, 0xd4,
  0xf9, 0xd4, 0x19, 0xd5, 0x19, 0xdd, 0x19, 0xdd, 0x19, 0xdd, 0x39, 0xdd, 0x3a, 0xe5, 0x3a, 0xe5,
  0x39, 0xdd, 0x3a, 0xe5, 0x3a, 0xe5, 0x3a, 0xe5, 0x5a, 0xe5, 0x5a, 0xed, 0x5a, 0xe5, 0x3a, 0xe5,
  0x5a, 0xe5, 0x3a, 0xe5, 0x3a, 0xe5, 0x5a, 0xe5, 0x3a, 0xe5, 0x3a, 0xe5, 0x3a, 0xe5, 0x39, 0xe5,
  0x39, 0xe5, 0x39, 0xe5, 0x39, 0xe5, 0x19, 0xe5, 0x19, 0xe5, 0x19, 0xe5, 0x19, 0xdd, 0x18, 0xdd,
  0x18, 0xdd, 0xf8, 0xdc, 0xf8, 0xdc, 0xf8, 0xdc, 0xf7, 0xdc, 0xf7, 0xd4, 0xf7, 0xd4, 0xd7, 0xd4,
  0xd7, 0xd4, 0xd7, 0xd4, 0xd7, 0xd4, 0xd7, 0xd4, 0xb6, 0xd4, 0xb6, 0xcc, 0xb6, 0xcc, 0xb6, 0xcc,
  0xb6, 0xcc, 0x96, 0xcc, 0x96, 0xcc, 0x96, 0xcc, 0x95, 0xcc, 0x95, 0xcc, 0x95, 0xcc, 0x95, 0xcc,
  0x95, 0xcc, 0x95, 0xcc, 0x95, 0xcc, 0x95, 0xcc, 0x95, 0xcc, 0x95, 0xc4, 0x95, 0xc4, 0x95, 0xc4,
  0x95, 0xc4, 0x95, 0xc4, 0x95, 0xc4, 0x95, 0xc4, 0x95, 0xc4, 0x95, 0xc4, 0x95, 0xc4, 0xb5, 0xcc,
  0xb5, 0xc4, 0x95, 0xc4, 0xb5, 0xc4, 0xb5, 0xc4, 0xb5, 0xc4, 0xb5, 0xcc, 0xb5, 0xcc, 0xb5, 0xd4,
  0xb5, 0xd4, 0xb5, 0xd4, 0xd5, 0xd4, 0xd5, 0xd4, 0xb5, 0xd4, 0xb5, 0xd4, 0xb5, 0xd4, 0xb5, 0xd4,
  0xd6, 0xd4, 0x8e, 0xf3, 0xa8, 0xfa, 0xc9, 0xfa, 0xe9, 0xfa, 0xa9, 0xea, 0xc8, 0x28, 0x09, 0xaa,
  0xd4, 0x6b, 0xd4, 0x73, 0xd4, 0x73, 0xd4, 0x73, 0xd4, 0x73, 0xd4, 0x73, 0xd4, 0x73, 0xd4, 0x73,
  0xd4, 0x73, 0xd4, 0x73, 0xd4, 0x7b, 0xd4, 0x7b, 0xd4, 0x7b, 0xd4, 0x7b, 0xd4, 0x7b, 0xd4, 0x7b,
  0xd4, 0x7b, 0xf4, 0x7b, 0xf4, 0x7b, 0xf4, 0x83, 0xf4, 0x83, 0xf4, 0x83, 0xf4, 0x83, 0xf4, 0x83,
  0xf4, 0x83, 0xf4, 0x83, 0xf4, 0x83, 0xf4, 0x8b, 0xf4, 0x8b, 0xf4, 0x8b, 0xf4, 0x8b, 0xf5, 0x8b,
  0xf5, 0x93, 0xf5, 0x93, 0x15, 0x94, 0x15, 0x94, 0x15, 0x94, 0x15, 0x9c, 0x15, 0x9c, 0x35, 0x9c,
  0x35, 0xa4, 0x36, 0xa4, 0x36, 0xa4, 0x56, 0xa4, 0x56, 0xac, 0x56, 0xac, 0x76, 0xac, 0x76, 0xb4,
  0x77, 0xb4, 0x97, 0xb4, 0x97, 0xbc, 0x97, 0xbc, 0xb7, 0xbc, 0xb7, 0xc4, 0xb8, 0xc4, 0xd8, 0xc4,
  0xd8, 0xcc, 0xd8, 0xcc, 0xf8, 0xcc, 0xf9, 0xd4, 0xf9, 0xd4, 0x19, 0xd5, 0x19, 0xdd, 0x19, 0xdd,
  0x19, 0xdd, 0x39, 0xdd, 0x39, 0xe5, 0x39, 0xe5, 0x3a, 0xe5, 0x5a, 0xe5, 0x5a, 0xe5, 0x5a, 0xed,
  0x5a, 0xe5, 0x5a, 0xe5, 0x5a, 0xe5, 0x5a, 0xed, 0x7a, 0xed, 0x7a, 0xed, 0x7a, 0xed, 0x5a, 0xed,
  0x5a, 0xed, 0x5a, 0xed, 0x5a, 0xed, 0x7a, 0xed, 0x7a, 0xed, 0x5a, 0xed, 0x5a, 0xed, 0x5a, 0xed,
  0x5a, 0xed, 0x59, 0xed, 0x59, 0xed, 0x39, 0xed, 0x39, 0xe5, 0x39, 0xe5, 0x39, 0xe5, 0x39, 0xe5,
  0x18, 0xe5, 0x18, 0xe5, 0x18, 0xe5, 0x18, 0xe5, 0x18, 0xe5, 0x18, 0xe5, 0xf8, 0xdc, 0xf7, 0xdc,
  0xf7, 0xdc, 0xf7, 0xdc, 0xd7, 0xdc, 0xd7, 0xdc, 0xd6, 0xdc, 0xd6, 0xd4, 0xd6, 0xd4, 0xb6, 0xd4,
  0xb6, 0xd4, 0xb6, 0xd4, 0xb6, 0xd4, 0xb6, 0xd4, 0xb6, 0xd4, 0xb6, 0xd4, 0x96, 0xd4, 0x95, 0xd4,
  0xb5, 0xd4, 0x95, 0xcc, 0xb5, 0xcc, 0x95, 0xcc, 0x95, 0xcc, 0xb5, 0xcc, 0xb5, 0xcc, 0xb5, 0xcc,
  0xb5, 0xcc, 0xb5, 0xcc, 0xb5, 0xcc, 0xb5, 0xcc, 0xb5, 0xcc, 0xb5, 0xcc, 0xb5, 0xcc, 0xb5, 0xcc,
  0xb5, 0xcc, 0xb5, 0xcc, 0xb5, 0xcc, 0xb5, 0xcc, 0xb5, 0xd4, 0xb5, 0xd4, 0xd5, 0xd4, 0xd5, 0xdc,
  0xd5, 0xdc, 0xd5, 0xdc, 0xd5, 0xdc, 0xd5, 0xdc, 0xd5, 0xdc, 0xd5, 0xdc, 0xd5, 0xdc, 0xd5, 0xdc,
  0xf5, 0xdc, 0x2a, 0xfb, 0xc9, 0xfa, 0xc9, 0xfa, 0x09, 0xfb, 0xc9, 0x89, 0xc8, 0x28, 0xa9, 0xea,
  0xf4, 0x73, 0xf4, 0x73, 0xf4, 0x73, 0xf4, 0x73, 0xf4, 0x73, 0xf4, 0x7b, 0xf4, 0x7b, 0xf4, 0x7b,
  0xf4, 0x7b, 0xf4, 0x7b, 0xf4, 0x7b, 0xf4, 0x7b, 0xf4, 0x7b, 0xf4, 0x7b, 0xf4, 0x83, 0xf4, 0x83,
  0xf4, 0x83, 0xf4, 0x83, 0xf4, 0x83, 0xf4, 0x83, 0xf4, 0x83, 0xf4, 0x8b, 0xf4, 0x8b, 0xf4, 0x8b,
  0xf4, 0x8b, 0xf4, 0x8b, 0x14, 0x8c, 0xf4, 0x8b, 0xf4, 0x93, 0xf4, 0x93, 0x15, 0x94, 0x15, 0x94,
  0x15, 0x94, 0x15, 0x9c, 0x15, 0x9c, 0x35, 0x9c, 0x35, 0x9c, 0x35, 0xa4, 0x35, 0xa4, 0x55, 0xa4,
  0x56, 0xac, 0x56, 0xac, 0x56, 0xac, 0x76, 0xac, 0x76, 0xb4, 0x76, 0xb4, 0x96, 0xb4, 0x97, 0xbc,
  0x97, 0xbc, 0xb7, 0xbc, 0xb7, 0xc4, 0xb7, 0xc4, 0xd7, 0xc4, 0xd8, 0xcc, 0xd8, 0xcc, 0xf8, 0xcc,
  0xf8, 0xd4, 0xf8, 0xd4, 0x19, 0xdd, 0x19, 0xdd, 0x19, 0xdd, 0x39, 0xdd, 0x39, 0xe5, 0x39, 0xe5,
  0x39, 0xe5, 0x5a, 0xe5, 0x5a, 0xe5, 0x5a, 0xed, 0x5a, 0xed, 0x7a, 0xed, 0x7a, 0xed, 0x7a, 0xed,
  0x7a, 0xed, 0x7a, 0xed, 0x7a, 0xed, 0x7a, 0xed, 0x9b, 0xf5, 0x9b, 0xf5, 0x9b, 0xf5, 0x9a, 0xf5,
  0x9a, 0xf5, 0x9b, 0xf5, 0xbb, 0xf5, 0x9a, 0xf5, 0x9a, 0xf5, 0x9a, 0xf5, 0x7a, 0xf5, 0x7a, 0xf5,
  0x7a, 0xf5, 0x7a, 0xf5, 0x5a, 0xed, 0x59, 0xed, 0x59, 0xed, 0x59, 0xed, 0x59, 0xed, 0x39, 0xed,
  0x39, 0xed, 0x39, 0xed, 0x39, 0xed, 0x38, 0xed, 0x38, 0xe5, 0x18, 0xe5, 0x18, 0xe5, 0x17, 0xe5,
  0x17, 0xe5, 0xf7, 0xe4, 0xf7, 0xe4, 0xf7, 0xe4, 0xf7, 0xdc, 0xd7, 0xdc, 0xd7, 0xdc, 0xd6, 0xdc,
  0xd6, 0xdc, 0xd6, 0xdc, 0xd6, 0xdc, 0xd6, 0xdc, 0xb6, 0xdc, 0xb6, 0xdc, 0xb6, 0xd4, 0xb6, 0xd4,
  0xb5, 0xd4, 0xb5, 0xd4, 0xb5, 0xd4, 0xb5, 0xd4, 0xb5, 0xd4, 0xb5, 0xd4, 0xb5, 0xd4, 0xb5, 0xd4,
  0xb5, 0xd4, 0xb5, 0xd4, 0xb5, 0xd4, 0xb5, 0xd4, 0xb5, 0xd4, 0xb5, 0xd4, 0xb5, 0xd4, 0xb5, 0xd4,
  0xb5, 0xd4, 0xb5, 0xd4, 0xb5, 0xd4, 0xd5, 0xd4, 0xd5, 0xdc, 0xd5, 0xdc, 0xd5, 0xe4, 0xd5, 0xe4,
  0xd5, 0xe4, 0xd5, 0xe4, 0xf5, 0xe4, 0xd5, 0xe4, 0xd5, 0xe4, 0xf6, 0xe4, 0xd5, 0xe4, 0xf6, 0xe4,
  0x10, 0xf4, 0xc9, 0xfa, 0xe9, 0xfa, 0xe9, 0xfa, 0x69, 0xd2, 0xc8, 0x28, 0xe8, 0x30, 0x29, 0xaa,
  0xf4, 0x73, 0xf4, 0x7b, 0xf4, 0x7b, 0xf4, 0x7b, 0xf4, 0x7b, 0xf4, 0x7b, 0xf4, 0x7b, 0xf4, 0x7b,
  0xf4, 0x83, 0xf4, 0x83, 0xf4, 0x83, 0xf4, 0x83, 0xf4, 0x83, 0xf4, 0x83, 0xf4, 0x83, 0xf4, 0x8b,
  0xf4, 0x8b, 0x15, 0x8c, 0x15, 0x8c, 0x15, 0x8c, 0x15, 0x8c, 0x15, 0x8c, 0x15, 0x94, 0x15, 0x94,
  0x15, 0x94, 0x15, 0x94, 0x15, 0x94, 0x15, 0x94, 0x15, 0x94, 0x15, 0x9c, 0x35, 0x9c, 0x35, 0x9c,
  0x35, 0x9c, 0x35, 0xa4, 0x35, 0xa4, 0x35, 0xa4, 0x55, 0xa4, 0x55, 0xac, 0x56, 0xac, 0x56, 0xac,
  0x56, 0xb4, 0x76, 0xb4, 0x76, 0xb4, 0x96, 0xb4, 0x96, 0xbc, 0x96, 0xbc, 0xb7, 0xbc, 0xb7, 0xc4,
  0xb7, 0xc4, 0xb7, 0xc4, 0xd7, 0xcc, 0xd7, 0xcc, 0xd8, 0xcc, 0xf8, 0xd4, 0xf8, 0xd4, 0xf8, 0xd4,
  0x19, 0xdd, 0x19, 0xdd, 0x19, 0xdd, 0x39, 0xe5, 0x39, 0xe5, 0x39, 0xe5, 0x5a, 0xe5, 0x5a, 0xed,
  0x5a, 0xed, 0x7a, 0xed, 0x7a, 0xed, 0x7a, 0xed, 0x7a, 0xf5, 0x9a, 0xf5, 0x9b, 0xf5, 0xbb, 0xf5,
  0x9b, 0xf5, 0x9b, 0xf5, 0x9b, 0xf5, 0x9b, 0xf5, 0xbb, 0xf5, 0xdb, 0xfd, 0xbb, 0xf5, 0xbb, 0xf5,
  0xbb, 0xf5, 0xbb, 0xf5, 0xfb, 0xfd, 0xbb, 0xfd, 0xbb, 0xfd, 0xba, 0xf5, 0x9a, 0xf5, 0x9a, 0xf5,
  0x9a, 0xf5, 0x9a, 0xf5, 0x9a, 0xf5, 0x9a, 0xf5, 0x7a, 0xf5, 0x7a, 0xf5, 0x79, 0xf5, 0x79, 0xf5,
  0x59, 0xf5, 0x59, 0xf5, 0x59, 0xed, 0x59, 0xed, 0x38, 0xed, 0x38, 0xed, 0x38, 0xed, 0x38, 0xed,
  0x18, 0xed, 0x17, 0xed, 0x17, 0xe5, 0x17, 0xe5, 0xf7, 0xe4, 0xf7, 0xe4, 0xf7, 0xe4, 0xf7, 0xe4,
  0xf6, 0xe4, 0xf6, 0xe4, 0xd6, 0xe4, 0xd6, 0xdc, 0xd6, 0xdc, 0xd6, 0xdc, 0xd6, 0xdc, 0xd6, 0xdc,
  0xd6, 0xdc, 0xd5, 0xdc, 0xd5, 0xdc, 0xd5, 0xdc, 0xb5, 0xdc, 0xb5, 0xdc, 0xd5, 0xdc, 0xb5, 0xdc,
  0xd5, 0xdc, 0xb5, 0xdc, 0xd5, 0xdc, 0xd5, 0xdc, 0xd5, 0xdc, 0xd5, 0xdc, 0xd5, 0xdc, 0xd5, 0xdc,
  0xd5, 0xdc, 0xd5, 0xdc, 0xd5, 0xdc, 0xd5, 0xe4, 0xf5, 0xe4, 0xf5, 0xe4, 0xf5, 0xec, 0xf5, 0xec,
  0xf5, 0xec, 0xf5, 0xec, 0xf5, 0xec, 0xf5, 0xec, 0x16, 0xed, 0xb3, 0xf4, 0x4b, 0xfb, 0x2b, 0xfb,
  0xea, 0xfa, 0xe9, 0xfa, 0xc9, 0xf2, 0x09, 0xfb, 0x09, 0xa2, 0x68, 0x08, 0xe8, 0x38, 0x68, 0x61,
  0x14, 0x7c, 0x15, 0x7c, 0x14, 0x84, 0x14, 0x84, 0xf4, 0x83, 0xf4, 0x83, 0x14, 0x84, 0x14, 0x84,
  0x14, 0x84, 0x14, 0x8c, 0x14, 0x8c, 0x14, 0x8c, 0x14, 0x8c, 0x14, 0x8c, 0x15, 0x8c, 0x14, 0x8c,
  0x14, 0x8c, 0x15, 0x94, 0x15, 0x94, 0x15, 0x94, 0x35, 0x94, 0x35, 0x94, 0x35, 0x94, 0x35, 0x9c,
  0x35, 0x9c, 0x35, 0x9c, 0x35, 0x9c, 0x35, 0x9c, 0x35, 0x9c, 0x35, 0xa4, 0x35, 0xa4, 0x35, 0xa4,
  0x55, 0xa4, 0x55, 0xac, 0x55, 0xac, 0x55, 0xac, 0x56, 0xac, 0x56, 0xb4, 0x76, 0xb4, 0x76, 0xb4,
  0x76, 0xbc, 0x96, 0xbc, 0x96, 0xbc, 0x96, 0xbc, 0x97, 0xc4, 0xb7, 0xc4, 0xb7, 0xcc, 0xb7, 0xcc,
  0xd7, 0xcc, 0xd7, 0xd4, 0xf8, 0xd4, 0xf8, 0xd4, 0xf8, 0xd4, 0xf8, 0xdc, 0x18, 0xdd, 0x19, 0xdd,
  0x19, 0xe5, 0x39, 0xe5, 0x39, 0xe5, 0x59, 0xe5, 0x5a, 0xed, 0x5a, 0xed, 0x7a, 0xed, 0x7a, 0xf5,
  0x7a, 0xf5, 0x7a, 0xf5, 0x9a, 0xf5, 0x9b, 0xf5, 0x9b, 0xf5, 0xbb, 0xf5, 0xbb, 0xfd, 0xbb, 0xfd,
  0xbb, 0xfd, 0xbb, 0xfd, 0xbb, 0xfd, 0xdb, 0xfd, 0xdb, 0xfd, 0xdb, 0xfd, 0xdb, 0xfd, 0xbb, 0xfd,
  0xbb, 0xfd, 0xbb, 0xfd, 0xbb, 0xfd, 0xdb, 0xfd, 0xdb, 0xfd, 0xbb, 0xfd, 0xbb, 0xfd, 0xbb, 0xfd,
  0xbb, 0xfd, 0xba, 0xfd, 0xba, 0xfd, 0xba, 0xfd, 0x9a, 0xfd, 0x9a, 0xf5, 0x9a, 0xfd, 0x99, 0xf5,
  0x79, 0xf5, 0x79, 0xf5, 0x79, 0xf5, 0x79, 0xf5, 0x59, 0xf5, 0x59, 0xf5, 0x58, 0xf5, 0x38, 0xed,
  0x38, 0xed, 0x38, 0xed, 0x37, 0xed, 0x17, 0xed, 0x17, 0xed, 0x17, 0xed, 0x17, 0xed, 0x17, 0xed,
  0xf7, 0xe4, 0xf6, 0xe4, 0xf6, 0xe4, 0xf6, 0xe4, 0xf6, 0xe4, 0xf6, 0xe4, 0xf6, 0xe4, 0xd6, 0xe4,
  0xd6, 0xe4, 0xd6, 0xe4, 0xd5, 0xe4, 0xd5, 0xe4, 0xd5, 0xe4, 0xd5, 0xe4, 0xd5, 0xe4, 0xd5, 0xe4,
  0xd5, 0xe4, 0xd5, 0xe4, 0xd5, 0xe4, 0xd5, 0xe4, 0xd5, 0xe4, 0xd5, 0xe4, 0xd5, 0xe4, 0xd5, 0xe4,
  0xd5, 0xe4, 0xd5, 0xe4, 0xf5, 0xe4, 0xf5, 0xec, 0xf5, 0xec, 0xf5, 0xec, 0xf5, 0xec, 0xf5, 0xec,
  0xf5, 0xec, 0xd5, 0xec, 0x15, 0xed, 0xf5, 0xec, 0x72, 0xf4, 0xea, 0xfa, 0xa9, 0xfa, 0xa9, 0xfa,
  0xc9, 0xfa, 0xc9, 0xfa, 0xe9, 0xfa, 0xc9, 0xf2, 0x88, 0x79, 0x48, 0x69, 0x09, 0xaa, 0x09, 0xaa,
  0x14, 0x84, 0x15, 0x84, 0x15, 0x84, 0x14, 0x84, 0x15, 0x8c, 0x14, 0x8c, 0x14, 0x8c, 0x15, 0x8c,
  0x15, 0x8c, 0x15, 0x8c, 0x15, 0x8c, 0x15, 0x94, 0x15, 0x94, 0x35, 0x94, 0x35, 0x94, 0x35, 0x94,
  0x35, 0x94, 0x35, 0x9c, 0x35, 0x9c, 0x35, 0x9c, 0x35, 0x9c, 0x35, 0x9c, 0x35, 0x9c, 0x35, 0xa4,
  0x35, 0xa4, 0x35, 0xa4, 0x35, 0xa4, 0x35, 0xa4, 0x35, 0xa4, 0x55, 0xac, 0x55, 0xac, 0x55, 0xac,
  0x55, 0xac, 0x55, 0xb4, 0x55, 0xb4, 0x75, 0xb4, 0x76, 0xb4, 0x76, 0xbc, 0x96, 0xbc, 0x96, 0xbc,
  0x96, 0xc4, 0x96, 0xc4, 0xb6, 0xc4, 0xb6, 0xc4, 0xb7, 0xcc, 0xd7, 0xcc, 0xd7, 0xcc, 0xd7, 0xd4,
  0xf7, 0xd4, 0xf8, 0xdc, 0xf8, 0xdc, 0x18, 0xdd, 0x18, 0xdd, 0x19, 0xe5, 0x39, 0xe5, 0x39, 0xe5,
  0x39, 0xe5, 0x59, 0xed, 0x59, 0xed, 0x5a, 0xed, 0x7a, 0xf5, 0x7a, 0xf5, 0x9a, 0xf5, 0x9a, 0xf5,
  0x9a, 0xf5, 0x9b, 0xf5, 0xbb, 0xfd, 0xbb, 0xfd, 0xbb, 0xfd, 0xdb, 0xfd, 0xfb, 0xfd, 0xdb, 0xfd,
  0xdb, 0xfd, 0xdb, 0xfd, 0xdb, 0xfd, 0xfb, 0xfd, 0xfb, 0xfd, 0xfb, 0xfd, 0xfb, 0xfd, 0xdb, 0xfd,
  0xfc, 0xfd, 0x1c, 0xfe, 0xfb, 0xfd, 0xfb, 0xfd, 0xdb, 0xfd, 0xdb, 0xfd, 0xdb, 0xfd, 0xdb, 0xfd,
  0xdb, 0xfd, 0xdb, 0xfd, 0xdb, 0xfd, 0xba, 0xfd, 0xba, 0xfd, 0xba, 0xfd, 0xba, 0xfd, 0x9a, 0xfd,
  0x9a, 0xfd, 0x9a, 0xfd, 0x99, 0xfd, 0x79, 0xfd, 0x79, 0xf5, 0x79, 0xf5, 0x79, 0xf5, 0x78, 0xf5,
  0x58, 0xf5, 0x58, 0xf5, 0x58, 0xf5, 0x37, 0xf5, 0x37, 0xf5, 0x37, 0xed, 0x37, 0xed, 0x17, 0xed,
  0x17, 0xed, 0x17, 0xed, 0x16, 0xed, 0xf6, 0xec, 0xf6, 0xec, 0xf6, 0xec, 0xf6, 0xec, 0xf6, 0xec,
  0xf6, 0xec, 0xf6, 0xec, 0xf6, 0xe4, 0xf5, 0xe4, 0xf5, 0xe4, 0xf5, 0xe4, 0xf5, 0xe4, 0xf5, 0xe4,
  0xf5, 0xe4, 0xf5, 0xe4, 0xf5, 0xe4, 0xf5, 0xe4, 0xf5, 0xe4, 0xf5, 0xe4, 0xf5, 0xe4, 0xf5, 0xec,
  0xf5, 0xec, 0xf5, 0xec, 0x15, 0xf5, 0x15, 0xf5, 0x15, 0xf5, 0x15, 0xf5, 0x15, 0xf5, 0xf5, 0xf4,
  0xf5, 0xf4, 0x15, 0xf5, 0x31, 0xf4, 0x2b, 0xfb, 0xc9, 0xfa, 0xc9, 0xfa, 0xc9, 0xfa, 0xc9, 0xfa,
  0xe9, 0xfa, 0xe9, 0xfa, 0xa9, 0xea, 0xe9, 0x99, 0xa9, 0xe2, 0x09, 0xfb, 0x29, 0xba, 0x68, 0x69,
  0x15, 0x8c, 0x35, 0x8c, 0x35, 0x8c, 0x14, 0x8c, 0x14, 0x8c, 0x34, 0x94, 0x34, 0x94, 0x34, 0x94,
  0x34, 0x94, 0x34, 0x94, 0x35, 0x94, 0x35, 0x94, 0x35, 0x9c, 0x35, 0x9c, 0x35, 0x9c, 0x35, 0x9c,
  0x55, 0x9c, 0x55, 0xa4, 0x55, 0xa4, 0x55, 0xa4, 0x55, 0xa4, 0x55, 0xa4, 0x55, 0xa4, 0x55, 0xa4,
  0x55, 0xac, 0x55, 0xac, 0x55, 0xac, 0x55, 0xac, 0x55, 0xac, 0x55, 0xb4, 0x55, 0xb4, 0x75, 0xb4,
  0x75, 0xb4, 0x75, 0xbc, 0x76, 0xbc, 0x76, 0xbc, 0x96, 0xbc, 0x96, 0xc4, 0x96, 0xc4, 0x96, 0xc4,
  0xb6, 0xcc, 0xb6, 0xcc, 0xb7, 0xcc, 0xb7, 0xcc, 0xd7, 0xd4, 0xd7, 0xd4, 0xf7, 0xd4, 0xf7, 0xdc,
  0xf8, 0xdc, 0x18, 0xdd, 0x18, 0xe5, 0x18, 0xe5, 0x39, 0xe5, 0x39, 0xed, 0x39, 0xed, 0x59, 0xed,
  0x59, 0xed, 0x59, 0xf5, 0x7a, 0xf5, 0x7a, 0xf5, 0x9a, 0xf5, 0x9a, 0xf5, 0xba, 0xfd, 0xbb, 0xfd,
  0xbb, 0xfd, 0xbb, 0xfd, 0xbb, 0xfd, 0xdb, 0xfd, 0xdb, 0xfd, 0xdb, 0xfd, 0x1b, 0xfe, 0x1c, 0xfe,
  0xfc, 0xfd, 0xfb, 0xfd, 0xfb, 0xfd, 0x1c, 0xfe, 0x1c, 0xfe, 0x1c, 0xfe, 0x1c, 0xfe, 0xfb, 0xfd,
  0x1c, 0xfe, 0x3c, 0xfe, 0xfb, 0xfd, 0x1c, 0xfe, 0xfb, 0xfd, 0xfb, 0xfd, 0xfb, 0xfd, 0xfb, 0xfd,
  0xfb, 0xfd, 0xfb, 0xfd, 0xdb, 0xfd, 0xdb, 0xfd, 0xdb, 0xfd, 0xda, 0xfd, 0xda, 0xfd, 0xba, 0xfd,
  0xba, 0xfd, 0xba, 0xfd, 0xb9, 0xfd, 0xb9, 0xfd, 0x99, 0xfd, 0x99, 0xfd, 0x99, 0xfd, 0x79, 0xfd,
  0x78, 0xfd, 0x78, 0xf5, 0x58, 0xf5, 0x58, 0xf5, 0x57, 0xf5, 0x37, 0xf5, 0x37, 0xf5, 0x37, 0xf5,
  0x37, 0xf5, 0x17, 0xf5, 0x17, 0xf5, 0x16, 0xed, 0x16, 0xed, 0x16, 0xed, 0xf6, 0xec, 0xf6, 0xec,
  0xf6, 0xec, 0xf6, 0xec, 0xf6, 0xec, 0xf6, 0xec, 0xf5, 0xec, 0xf6, 0xec, 0xf5, 0xec, 0xf5, 0xec,
  0xf5, 0xec, 0xf5, 0xec, 0xf5, 0xec, 0xf5, 0xec, 0xf5, 0xec, 0xf5, 0xec, 0xf5, 0xec, 0x15, 0xed,
  0x15, 0xf5, 0x15, 0xf5, 0x15, 0xf5, 0x15, 0xfd, 0x15, 0xfd, 0x15, 0xfd, 0x15, 0xfd, 0x15, 0xfd,
  0x56, 0xfd, 0x92, 0xfc, 0xc9, 0xfa, 0xa9, 0xfa, 0xc9, 0xfa, 0xc9, 0xfa, 0xc9, 0xfa, 0xc9, 0xfa,
  0xe9, 0xfa, 0xc9, 0xfa, 0x89, 0xe2, 0xe9, 0xfa, 0x89, 0xda, 0xc8, 0x89, 0xe8, 0x30, 0xa8, 0x18,
  0x35, 0x94, 0x35, 0x94, 0x35, 0x94, 0x35, 0x94, 0x35, 0x94, 0x35, 0x9c, 0x35, 0x9c, 0x35, 0x9c,
  0x35, 0x9c, 0x55, 0x9c, 0x55, 0x9c, 0x55, 0xa4, 0x55, 0xa4, 0x55, 0xa4, 0x55, 0xa4, 0x55, 0xa4,
  0x55, 0xa4, 0x55, 0xac, 0x55, 0xac, 0x55, 0xac, 0x55, 0xac, 0x55, 0xac, 0x55, 0xac, 0x55, 0xb4,
  0x55, 0xb4, 0x55, 0xb4, 0x55, 0xb4, 0x75, 0xb4, 0x75, 0xbc, 0x75, 0xbc, 0x75, 0xbc, 0x75, 0xbc,
  0x95, 0xbc, 0x96, 0xc4, 0x96, 0xc4, 0x96, 0xc4, 0x96, 0xc4, 0x96, 0xcc, 0xb6, 0xcc, 0xb6, 0xcc,
  0xb6, 0xd4, 0xd6, 0xd4, 0xd7, 0xd4, 0xd7, 0xdc, 0xf7, 0xdc, 0xf7, 0xdc, 0xf7, 0xdc, 0x18, 0xe5,
  0x18, 0xe5, 0x18, 0xe5, 0x38, 0xed, 0x39, 0xed, 0x59, 0xed, 0x59, 0xf5, 0x59, 0xf5, 0x79, 0xf5,
  0x7a, 0xf5, 0x7a, 0xf5, 0x9a, 0xf5, 0x9a, 0xfd, 0xba, 0xfd, 0xbb, 0xfd, 0xbb, 0xfd, 0xdb, 0xfd,
  0xdb, 0xfd, 0xdb, 0xfd, 0xdb, 0xfd, 0xfb, 0xfd, 0xfb, 0xfd, 0xfb, 0xfd, 0x1c, 0xfe, 0x3c, 0xfe,
  0x1c, 0xfe, 0x1c, 0xfe, 0x1c, 0xfe, 0x1c, 0xfe, 0x5c, 0xfe, 0x3c, 0xfe, 0x1c, 0xfe, 0x1c, 0xfe,
  0x1c, 0xfe, 0x1c, 0xfe, 0x3c, 0xfe, 0x1c, 0xfe, 0x1c, 0xfe, 0x1c, 0xfe, 0x1b, 0xfe, 0x1b, 0xfe,
  0x1b, 0xfe, 0x1b, 0xfe, 0xfb, 0xfd, 0xfb, 0xfd, 0xfb, 0xfd, 0xfb, 0xfd, 0xfb, 0xfd, 0xda, 0xfd,
  0xda, 0xfd, 0xda, 0xfd, 0xba, 0xfd, 0xba, 0xfd, 0xb9, 0xfd, 0xb9, 0xfd, 0x99, 0xfd, 0x99, 0xfd,
  0x98, 0xfd, 0x78, 0xfd, 0x78, 0xfd, 0x78, 0xfd, 0x78, 0xfd, 0x57, 0xfd, 0x57, 0xf5, 0x57, 0xf5,
  0x37, 0xf5, 0x37, 0xf5, 0x37, 0xf5, 0x36, 0xf5, 0x16, 0xf5, 0x16, 0xf5, 0x16, 0xf5, 0x16, 0xf5,
  0x16, 0xf5, 0x16, 0xf5, 0x16, 0xf5, 0xf6, 0xf4, 0xf6, 0xf4, 0xf6, 0xf4, 0xf6, 0xf4, 0x15, 0xf5,
  0x15, 0xed, 0x15, 0xf5, 0x15, 0xf5, 0x15, 0xf5, 0x15, 0xf5, 0x15, 0xf5, 0x15, 0xf5, 0x15, 0xf5,
  0x35, 0xfd, 0x35, 0xfd, 0x35, 0xfd, 0x35, 0xfd, 0x35, 0xfd, 0x35, 0xfd, 0x35, 0xfd, 0x35, 0xfd,
  0x35, 0xfd, 0x6c, 0xfb, 0xa8, 0xfa, 0xc9, 0xfa, 0xa9, 0xfa, 0xc9, 0xfa, 0xe9, 0xfa, 0xc9, 0xfa,
  0x29, 0xba, 0x49, 0xca, 0xc9, 0xfa, 0xc8, 0x99, 0x87, 0x18, 0x87, 0x10, 0x87, 0x18, 0x87, 0x20,
  0x55, 0x9c, 0x55, 0x9c, 0x55, 0x9c, 0x55, 0x9c, 0x55, 0x9c, 0x55, 0xa4, 0x55, 0xa4, 0x55, 0xa4,
  0x55, 0xa4, 0x55, 0xa4, 0x55, 0xa4, 0x55, 0xac, 0x55, 0xac, 0x55, 0xac, 0x75, 0xac, 0x75, 0xac,
  0x75, 0xb4, 0x75, 0xb4, 0x75, 0xb4, 0x75, 0xb4, 0x75, 0xb4, 0x75, 0xb4, 0x75, 0xbc, 0x75, 0xbc,
  0x75, 0xbc, 0x75, 0xbc, 0x75, 0xbc, 0x75, 0xc4, 0x75, 0xc4, 0x95, 0xc4, 0x95, 0xc4, 0x95, 0xc4,
  0x96, 0xcc, 0x96, 0xcc, 0x96, 0xcc, 0xb6, 0xcc, 0xb6, 0xd4, 0xb6, 0xd4, 0xb6, 0xd4, 0xd6, 0xd4,
  0xd6, 0xdc, 0xd7, 0xdc, 0xd7, 0xdc, 0xf7, 0xdc, 0xf7, 0xe4, 0xf7, 0xe4, 0x18, 0xe5, 0x18, 0xe5,
  0x38, 0xed, 0x38, 0xed, 0x39, 0xed, 0x59, 0xf5, 0x59, 0xf5, 0x79, 0xf5, 0x79, 0xf5, 0x9a, 0xfd,
  0x9a, 0xfd, 0x9a, 0xfd, 0xba, 0xfd, 0xba, 0xfd, 0xbb, 0xfd, 0xdb, 0xfd, 0xdb, 0xfd, 0xfb, 0xfd,
  0xfb, 0xfd, 0xfb, 0xfd, 0xfb, 0xfd, 0x1b, 0xfe, 0x1c, 0xfe, 0x1c, 0xfe, 0x1c, 0xfe, 0x5c, 0xfe,
  0x5c, 0xfe, 0x3c, 0xfe, 0x3c, 0xfe, 0x3c, 0xfe, 0x7c, 0xfe, 0x5c, 0xfe, 0x3c, 0xfe, 0x3c, 0xfe,
  0x3c, 0xfe, 0x3c, 0xfe, 0x5c, 0xfe, 0x3c, 0xfe, 0x3c, 0xfe, 0x3c, 0xfe, 0x3c, 0xfe, 0x3c, 0xfe,
  0x3b, 0xfe, 0x3b, 0xfe, 0x1b, 0xfe, 0x1b, 0xfe, 0x1b, 0xfe, 0x1b, 0xfe, 0xfb, 0xfd, 0xfb, 0xfd,
  0xfa, 0xfd, 0xfa, 0xfd, 0xda, 0xfd, 0xda, 0xfd, 0xda, 0xfd, 0xb9, 0xfd, 0xb9, 0xfd, 0xb9, 0xfd,
  0x99, 0xfd, 0x98, 0xfd, 0x98, 0xfd, 0x78, 0xfd, 0x78, 0xfd, 0x78, 0xfd, 0x57, 0xfd, 0x57, 0xfd,
  0x57, 0xfd, 0x37, 0xfd, 0x37, 0xfd, 0x37, 0xfd, 0x36, 0xfd, 0x36, 0xf5, 0x36, 0xf5, 0x36, 0xf5,
  0x36, 0xf5, 0x16, 0xf5, 0x16, 0xf5, 0x16, 0xf5, 0x16, 0xf5, 0x16, 0xf5, 0x16, 0xf5, 0x16, 0xf5,
  0x15, 0xf5, 0x15, 0xf5, 0x15, 0xf5, 0x15, 0xf5, 0x15, 0xf5, 0x15, 0xfd, 0x35, 0xfd, 0x35, 0xfd,
  0x35, 0xfd, 0x35, 0xfd, 0x35, 0xfd, 0x35, 0xfd, 0x35, 0xfd, 0x35, 0xfd, 0x35, 0xfd, 0x55, 0xfd,
  0xd3, 0xfc, 0xc9, 0xfa, 0xc9, 0xfa, 0xa9, 0xfa, 0xc9, 0xfa, 0xc9, 0xfa, 0x69, 0xda, 0xe9, 0x89,
  0x48, 0x51, 0x28, 0xca, 0xc7, 0xa1, 0x87, 0x18, 0x87, 0x20, 0xa7, 0x20, 0x87, 0x20, 0x87, 0x20,
  0x75, 0xa4, 0x75, 0xa4, 0x75, 0xa4, 0x55, 0xa4, 0x75, 0xa4, 0x75, 0xac, 0x75, 0xac, 0x75, 0xac,
  0x75, 0xac, 0x75, 0xac, 0x75, 0xac, 0x75, 0xb4, 0x75, 0xb4, 0x75, 0xb4, 0x75, 0xb4, 0x75, 0xb4,
  0x75, 0xbc, 0x95, 0xbc, 0x95, 0xbc, 0x95, 0xbc, 0x95, 0xbc, 0x95, 0xbc, 0x95, 0xc4, 0x95, 0xc4,
  0x95, 0xc4, 0x95, 0xc4, 0x75, 0xc4, 0x95, 0xcc, 0x95, 0xcc, 0x96, 0xcc, 0x96, 0xcc, 0xb6, 0xcc,
  0xb6, 0xcc, 0xb6, 0xd4, 0xb6, 0xd4, 0xb6, 0xd4, 0xd6, 0xd4, 0xd6, 0xdc, 0xd6, 0xdc, 0xd6, 0xdc,
  0xf7, 0xdc, 0xf7, 0xe4, 0xf7, 0xe4, 0x17, 0xe5, 0x17, 0xe5, 0x18, 0xed, 0x38, 0xed, 0x38, 0xed,
  0x38, 0xed, 0x59, 0xf5, 0x59, 0xf5, 0x79, 0xf5, 0x79, 0xf5, 0x99, 0xfd, 0x9a, 0xfd, 0xba, 0xfd,
  0xba, 0xfd, 0xba, 0xfd, 0xba, 0xfd, 0xdb, 0xfd, 0xdb, 0xfd, 0xdb, 0xfd, 0xfb, 0xfd, 0xfb, 0xfd,
  0x1b, 0xfe, 0x1b, 0xfe, 0x1c, 0xfe, 0x1c, 0xfe, 0x1c, 0xfe, 0x3c, 0xfe, 0x3c, 0xfe, 0x5c, 0xfe,
  0x7d, 0xfe, 0x5c, 0xfe, 0x3c, 0xfe, 0x7d, 0xfe, 0xbd, 0xfe, 0x7c, 0xfe, 0x5c, 0xfe, 0x5c, 0xfe,
  0x5c, 0xfe, 0x5c, 0xfe, 0x7c, 0xfe, 0x5c, 0xfe, 0x5c, 0xfe, 0x5c, 0xfe, 0x5c, 0xfe, 0x5c, 0xfe,
  0x5c, 0xfe, 0x3c, 0xfe, 0x3b, 0xfe, 0x5b, 0xfe, 0x5b, 0xfe, 0x1b, 0xfe, 0x1b, 0xfe, 0x1b, 0xfe,
  0x1b, 0xfe, 0xfa, 0xfd, 0xfa, 0xfd, 0xfa, 0xfd, 0xda, 0xfd, 0xd9, 0xfd, 0xd9, 0xfd, 0xb9, 0xfd,
  0xb9, 0xfd, 0xb9, 0xfd, 0x98, 0xfd, 0x98, 0xfd, 0x98, 0xfd, 0x78, 0xfd, 0x77, 0xfd, 0x77, 0xfd,
  0x77, 0xfd, 0x57, 0xfd, 0x57, 0xfd, 0x57, 0xfd, 0x56, 0xfd, 0x36, 0xfd, 0x36, 0xfd, 0x36, 0xfd,
  0x36, 0xfd, 0x36, 0xfd, 0x36, 0xfd, 0x36, 0xfd, 0x36, 0xfd, 0x16, 0xfd, 0x36, 0xfd, 0x35, 0xfd,
  0x36, 0xfd, 0x35, 0xfd, 0x36, 0xfd, 0x36, 0xfd, 0x35, 0xfd, 0x35, 0xfd, 0x35, 0xfd, 0x35, 0xfd,
  0x55, 0xfd, 0x55, 0xfd, 0x55, 0xfd, 0x55, 0xfd, 0x55, 0xfd, 0x55, 0xfd, 0x55, 0xfd, 0x35, 0xf5,
  0x6d, 0xe3, 0xa8, 0xfa, 0xc9, 0xfa, 0xa9, 0xfa, 0x88, 0xea, 0x48, 0xda, 0x88, 0x79, 0x08, 0x39,
  0xc8, 0x99, 0x48, 0xe2, 0x27, 0x59, 0x87, 0x20, 0x87, 0x20, 0xa7, 0x20, 0x87, 0x20, 0x87, 0x20,
  0x75, 0xac, 0x75, 0xac, 0x75, 0xac, 0x75, 0xac, 0x75, 0xac, 0x75, 0xb4, 0x75, 0xb4, 0x75, 0xb4,
  0x75, 0xb4, 0x95, 0xb4, 0x95, 0xb4, 0x95, 0xbc, 0x95, 0xbc, 0x95, 0xbc, 0x95, 0xbc, 0x95, 0xbc,
  0x95, 0xc4, 0x95, 0xc4, 0x95, 0xc4, 0x95, 0xc4, 0x95, 0xc4, 0x95, 0xc4, 0x95, 0xcc, 0xb5, 0xcc,
  0x95, 0xcc, 0x95, 0xcc, 0x95, 0xcc, 0x95, 0xcc, 0x96, 0xd4, 0xb6, 0xd4, 0xb6, 0xd4, 0xb6, 0xd4,
  0xb6, 0xd4, 0xb6, 0xd4, 0xd6, 0xdc, 0xd6, 0xdc, 0xd6, 0xdc, 0xd6, 0xdc, 0xf6, 0xe4, 0xf7, 0xe4,
  0xf7, 0xe4, 0x17, 0xe5, 0x17, 0xed, 0x17, 0xed, 0x37, 0xed, 0x38, 0xed, 0x38, 0xed, 0x58, 0xf5,
  0x58, 0xf5, 0x59, 0xf5, 0x79, 0xf5, 0x79, 0xfd, 0x99, 0xfd, 0x9a, 0xfd, 0xba, 0xfd, 0xda, 0xfd,
  0xda, 0xfd, 0xda, 0xfd, 0xfb, 0xfd, 0xfb, 0xfd, 0xfb, 0xfd, 0xfb, 0xfd, 0x1b, 0xfe, 0x1b, 0xfe,
  0x1c, 0xfe, 0x3c, 0xfe, 0x3c, 0xfe, 0x3c, 0xfe, 0x5c, 0xfe, 0x5c, 0xfe, 0x5c, 0xfe, 0x5c, 0xfe,
  0xbd, 0xfe, 0x9d, 0xfe, 0x5c, 0xfe, 0xbd, 0xfe, 0xdd, 0xfe, 0x9d, 0xfe, 0x7d, 0xfe, 0x7d, 0xfe,
  0x7d, 0xfe, 0x7d, 0xfe, 0x7d, 0xfe, 0x7c, 0xfe, 0x7c, 0xfe, 0x5c, 0xfe, 0x5c, 0xfe, 0x5c, 0xfe,
  0x5c, 0xfe, 0x5c, 0xfe, 0x7c, 0xfe, 0x7c, 0xfe, 0x5b, 0xfe, 0x5b, 0xfe, 0x3b, 0xfe, 0x3b, 0xfe,
  0x1b, 0xfe, 0x1b, 0xfe, 0x1a, 0xfe, 0xfa, 0xfd, 0xfa, 0xfd, 0xfa, 0xfd, 0xd9, 0xfd, 0xd9, 0xfd,
  0xf9, 0xfd, 0xb9, 0xfd, 0xb9, 0xfd, 0xb8, 0xfd, 0x98, 0xfd, 0x98, 0xfd, 0x98, 0xfd, 0x77, 0xfd,
  0x77, 0xfd, 0x77, 0xfd, 0x77, 0xfd, 0x77, 0xfd, 0x57, 0xfd, 0x56, 0xfd, 0x56, 0xfd, 0x56, 0xfd,
  0x36, 0xfd, 0x36, 0xfd, 0x36, 0xfd, 0x36, 0xfd, 0x36, 0xfd, 0x36, 0xfd, 0x56, 0xfd, 0x56, 0xfd,
  0x56, 0xfd, 0x56, 0xfd, 0x55, 0xfd, 0x56, 0xfd, 0x55, 0xfd, 0x55, 0xfd, 0x55, 0xfd, 0x55, 0xfd,
  0x55, 0xfd, 0x55, 0xfd, 0x55, 0xfd, 0x55, 0xfd, 0x55, 0xfd, 0x55, 0xfd, 0x75, 0xfd, 0xd4, 0xe4,
  0x89, 0xda, 0xc9, 0xfa, 0x89, 0xf2, 0x48, 0xda, 0x28, 0xd2, 0xa8, 0x91, 0x88, 0x79, 0x48, 0x59,
  0x08, 0xba, 0x68, 0x71, 0x87, 0x20, 0xa6, 0x20, 0x87, 0x20, 0x87, 0x20, 0xa7, 0x20, 0xa7, 0x20,
  0x95, 0xb4, 0x95, 0xb4, 0x95, 0xb4, 0x95, 0xb4, 0x95, 0xb4, 0x95, 0xbc, 0x95, 0xbc, 0x95, 0xbc,
  0x96, 0xbc, 0x96, 0xbc, 0x95, 0xbc, 0x95, 0xc4, 0x95, 0xc4, 0x95, 0xc4, 0x95, 0xc4, 0xb6, 0xc4,
  0xb6, 0xc4, 0xb6, 0xcc, 0xb6, 0xcc, 0xb6, 0xcc, 0xb6, 0xcc, 0xb6, 0xcc, 0xb6, 0xcc, 0xb5, 0xcc,
  0xb5, 0xd4, 0xb5, 0xd4, 0xb5, 0xd4, 0xb6, 0xd4, 0xb6, 0xd4, 0xb6, 0xd4, 0xb6, 0xdc, 0xd6, 0xdc,
  0xd6, 0xdc, 0xd6, 0xdc, 0xd6, 0xdc, 0xd6, 0xe4, 0xf6, 0xe4, 0xf7, 0xe4, 0xf7, 0xe4, 0xf7, 0xec,
  0x17, 0xed, 0x17, 0xed, 0x17, 0xed, 0x37, 0xed, 0x38, 0xf5, 0x58, 0xf5, 0x58, 0xf5, 0x58, 0xf5,
  0x79, 0xf5, 0x79, 0xfd, 0x99, 0xfd, 0x99, 0xfd, 0xba, 0xfd, 0xba, 0xfd, 0xba, 0xfd, 0xda, 0xfd,
  0xfa, 0xfd, 0xfb, 0xfd, 0x1b, 0xfe, 0x1b, 0xfe, 0x1b, 0xfe, 0x1b, 0xfe, 0x3b, 0xfe, 0x3c, 0xfe,
  0x3c, 0xfe, 0x3c, 0xfe, 0x5c, 0xfe, 0x5c, 0xfe, 0x5c, 0xfe, 0x5c, 0xfe, 0x7c, 0xfe, 0x7d, 0xfe,
  0xbd, 0xfe, 0xdd, 0xfe, 0x9d, 0xfe, 0x7d, 0xfe, 0xbd, 0xfe, 0xdd, 0xfe, 0x9d, 0xfe, 0x7d, 0xfe,
  0x7d, 0xfe, 0x9d, 0xfe, 0x9d, 0xfe, 0x7d, 0xfe, 0x7c, 0xfe, 0x7c, 0xfe, 0x7c, 0xfe, 0x7c, 0xfe,
  0x7c, 0xfe, 0x9c, 0xfe, 0x9c, 0xfe, 0x5c, 0xfe, 0x7c, 0xfe, 0x7b, 0xfe, 0x5b, 0xfe, 0x3b, 0xfe,
  0x3b, 0xfe, 0x3b, 0xfe, 0x3a, 0xfe, 0x1a, 0xfe, 0x1a, 0xfe, 0xfa, 0xfd, 0xfa, 0xfd, 0xf9, 0xfd,
  0x1a, 0xfe, 0xd9, 0xfd, 0xd9, 0xfd, 0xb8, 0xfd, 0xb8, 0xfd, 0xb8, 0xfd, 0xb8, 0xfd, 0x97, 0xfd,
  0x97, 0xfd, 0x77, 0xfd, 0x77, 0xfd, 0x77, 0xfd, 0x77, 0xfd, 0x76, 0xfd, 0x56, 0xfd, 0x56, 0xfd,
  0x56, 0xfd, 0x56, 0xfd, 0x56, 0xfd, 0x56, 0xfd, 0x56, 0xfd, 0x56, 0xfd, 0x56, 0xfd, 0x56, 0xfd,
  0x56, 0xfd, 0x55, 0xfd, 0x55, 0xfd, 0x55, 0xfd, 0x55, 0xfd, 0x55, 0xfd, 0x55, 0xfd, 0x55, 0xfd,
  0x55, 0xfd, 0x55, 0xfd, 0x55, 0xfd, 0x55, 0xfd, 0x55, 0xfd, 0x55, 0xfd, 0x75, 0xfd, 0x72, 0xe4,
  0x69, 0xea, 0xa9, 0xfa, 0x48, 0xe2, 0x28, 0xda, 0x28, 0xd2, 0x08, 0xca, 0xc8, 0xa9, 0x28, 0x59,
  0x28, 0x49, 0xc7, 0x30, 0x87, 0x20, 0xa6, 0x20, 0x87, 0x20, 0xa7, 0x20, 0xa7, 0x20, 0xc7, 0x28,
  0x95, 0xbc, 0x95, 0xbc, 0x95, 0xbc, 0x95, 0xbc, 0x95, 0xbc, 0x95, 0xbc, 0x95, 0xc4, 0xb6, 0xc4,
  0xb6, 0xc4, 0xb6, 0xc4, 0xb5, 0xc4, 0xb5, 0xc4, 0xb5, 0xcc, 0xb5, 0xcc, 0xb6, 0xcc, 0xb6, 0xcc,
  0xb6, 0xcc, 0xb6, 0xcc, 0xb6, 0xd4, 0xb6, 0xd4, 0xb6, 0xd4, 0xb6, 0xd4, 0xb6, 0xd4, 0xb6, 0xd4,
  0xb5, 0xd4, 0xb5, 0xd4, 0xd6, 0xdc, 0xd6, 0xdc, 0xb6, 0xdc, 0xd6, 0xdc, 0xd6, 0xdc, 0xd6, 0xe4,
  0xd6, 0xe4, 0xf6, 0xe4, 0xf6, 0xe4, 0xf6, 0xe4, 0xf6, 0xe4, 0xf7, 0xec, 0x17, 0xed, 0x17, 0xed,
  0x37, 0xed, 0x37, 0xed, 0x37, 0xf5, 0x38, 0xf5, 0x58, 0xf5, 0x58, 0xf5, 0x78, 0xf5, 0x79, 0xfd,
  0x99, 0xfd, 0x99, 0xfd, 0xb9, 0xfd, 0xb9, 0xfd, 0xba, 0xfd, 0xda, 0xfd, 0xda, 0xfd, 0xfa, 0xfd,
  0xfb, 0xfd, 0x1b, 0xfe, 0x1b, 0xfe, 0x3b, 0xfe, 0x3b, 0xfe, 0x3c, 0xfe, 0x5c, 0xfe, 0x3c, 0xfe,
  0x5c, 0xfe, 0x5c, 0xfe, 0x5c, 0xfe, 0x7c, 0xfe, 0x7d, 0xfe, 0x7d, 0xfe, 0x7d, 0xfe, 0x7d, 0xfe,
  0x9d, 0xfe, 0xfd, 0xfe, 0xbd, 0xfe, 0x9d, 0xfe, 0xdd, 0xfe, 0xfd, 0xfe, 0x9d, 0xfe, 0x9d, 0xfe,
  0x9d, 0xfe, 0xbd, 0xfe, 0xbd, 0xfe, 0x9d, 0xfe, 0x9d, 0xfe, 0x9d, 0xfe, 0x9c, 0xfe, 0x7c, 0xfe,
  0xbc, 0xfe, 0xdc, 0xfe, 0x9c, 0xfe, 0xbc, 0xfe, 0x9c, 0xfe, 0x7b, 0xfe, 0x5b, 0xfe, 0x5b, 0xfe,
  0x5b, 0xfe, 0x5b, 0xfe, 0x3b, 0xfe, 0x3a, 0xfe, 0x1a, 0xfe, 0x1a, 0xfe, 0x1a, 0xfe, 0x19, 0xfe,
  0xf9, 0xfd, 0xf9, 0xfd, 0xf9, 0xfd, 0xd9, 0xfd, 0xd8, 0xfd, 0xb8, 0xfd, 0xb8, 0xfd, 0xb7, 0xfd,
  0xb7, 0xfd, 0x97, 0xfd, 0x97, 0xfd, 0x97, 0xfd, 0x97, 0xfd, 0x96, 0xfd, 0x76, 0xfd, 0x76, 0xfd,
  0x76, 0xfd, 0x76, 0xfd, 0x76, 0xfd, 0x76, 0xfd, 0x76, 0xfd, 0x76, 0xfd, 0x76, 0xfd, 0x76, 0xfd,
  0x76, 0xfd, 0x55, 0xfd, 0x55, 0xfd, 0x55, 0xfd, 0x75, 0xfd, 0x75, 0xfd, 0x75, 0xfd, 0x75, 0xfd,
  0x75, 0xfd, 0x75, 0xfd, 0x75, 0xfd, 0x75, 0xfd, 0xb6, 0xfd, 0x95, 0xfd, 0x13, 0xfd, 0x2b, 0xfb,
  0xa9, 0xfa, 0x89, 0xf2, 0x28, 0xda, 0x48, 0xe2, 0xe8, 0xb9, 0x47, 0x69, 0xc7, 0x30, 0xc7, 0x38,
  0xc7, 0x38, 0xa7, 0x30, 0xa7, 0x28, 0xa7, 0x28, 0xa7, 0x28, 0xa7, 0x28, 0xa7, 0x28, 0xa7, 0x20,
  0xb6, 0xc4, 0xb6, 0xc4, 0xb6, 0xc4, 0xb6, 0xc4, 0xb6, 0xc4, 0xb6, 0xc4, 0xb6, 0xcc, 0xb6, 0xcc,
  0xb6, 0xcc, 0xb6, 0xcc, 0xb6, 0xcc, 0xb6, 0xcc, 0xb6, 0xcc, 0xb6, 0xd4, 0xd6, 0xd4, 0xd6, 0xd4,
  0xd6, 0xd4, 0xd6, 0xd4, 0xd6, 0xd4, 0xd6, 0xd4, 0xd6, 0xd4, 0xd6, 0xdc, 0xd6, 0xdc, 0xd6, 0xdc,
  0xd6, 0xdc, 0xd5, 0xdc, 0xd6, 0xdc, 0xd6, 0xdc, 0xd6, 0xe4, 0xd6, 0xe4, 0xd6, 0xe4, 0xd6, 0xe4,
  0xf6, 0xe4, 0xf6, 0xe4, 0xf6, 0xec, 0xf6, 0xec, 0x17, 0xed, 0x17, 0xed, 0x17, 0xed, 0x37, 0xf5,
  0x37, 0xf5, 0x37, 0xf5, 0x57, 0xf5, 0x58, 0xf5, 0x58, 0xfd, 0x78, 0xfd, 0x78, 0xfd, 0x99, 0xfd,
  0x99, 0xfd, 0xb9, 0xfd, 0xb9, 0xfd, 0xba, 0xfd, 0xda, 0xfd, 0xda, 0xfd, 0xfa, 0xfd, 0xfb, 0xfd,
  0xfb, 0xfd, 0x1b, 0xfe, 0x1b, 0xfe, 0x3b, 0xfe, 0x5c, 0xfe, 0x5c, 0xfe, 0x5c, 0xfe, 0x5c, 0xfe,
  0x5c, 0xfe, 0x5c, 0xfe, 0x7c, 0xfe, 0x7d, 0xfe, 0x9d, 0xfe, 0x9d, 0xfe, 0x9d, 0xfe, 0x9d, 0xfe,
  0x9d, 0xfe, 0xfe, 0xfe, 0xfe, 0xfe, 0xbd, 0xfe, 0xdd, 0xfe, 0x1e, 0xff, 0xbd, 0xfe, 0xbd, 0xfe,
  0xbd, 0xfe, 0xdd, 0xfe, 0xbd, 0xfe, 0xbd, 0xfe, 0xbd, 0xfe, 0xbd, 0xfe, 0x9d, 0xfe, 0xdd, 0xfe,
  0xfd, 0xfe, 0xbc, 0xfe, 0xdc, 0xfe, 0xbc, 0xfe, 0x9c, 0xfe, 0x7c, 0xfe, 0x7b, 0xfe, 0x7b, 0xfe,
  0x7b, 0xfe, 0x5b, 0xfe, 0x5b, 0xfe, 0x5b, 0xfe, 0x3a, 0xfe, 0x3a, 0xfe, 0x3a, 0xfe, 0x1a, 0xfe,
  0x19, 0xfe, 0x19, 0xfe, 0xf9, 0xfd, 0xf9, 0xfd, 0xf8, 0xfd, 0xd8, 0xfd, 0xd8, 0xfd, 0xd7, 0xfd,
  0xb7, 0xfd, 0xb7, 0xfd, 0xb7, 0xfd, 0xb7, 0xfd, 0x97, 0xfd, 0x96, 0xfd, 0x96, 0xfd, 0x76, 0xfd,
  0x76, 0xfd, 0x76, 0xfd, 0x76, 0xfd, 0x96, 0xfd, 0x76, 0xfd, 0x96, 0xfd, 0x76, 0xfd, 0x76, 0xfd,
  0x76, 0xfd, 0x75, 0xfd, 0x75, 0xfd, 0x75, 0xfd, 0x75, 0xfd, 0x75, 0xfd, 0x75, 0xfd, 0x75, 0xfd,
  0x75, 0xfd, 0x75, 0xfd, 0x75, 0xfd, 0x34, 0xf5, 0xad, 0x9a, 0xd1, 0xbb, 0x2f, 0xfc, 0xa8, 0xfa,
  0xc9, 0xf2, 0x08, 0xc2, 0x08, 0xd2, 0xe8, 0xb1, 0xc7, 0x40, 0xa7, 0x30, 0xa7, 0x30, 0xa7, 0x30,
  0xa7, 0x30, 0xa7, 0x30, 0xa7, 0x28, 0xa7, 0x28, 0xa7, 0x28, 0xa7, 0x28, 0xa7, 0x28, 0xa7, 0x20,
  0xb6, 0xc4, 0xb6, 0xc4, 0xb6, 0xcc, 0xb6, 0xcc, 0xb6, 0xcc, 0xb6, 0xcc, 0xd6, 0xcc, 0xd6, 0xcc,
  0xd6, 0xd4, 0xd6, 0xd4, 0xd6, 0xd4, 0xd6, 0xd4, 0xd6, 0xd4, 0xd6, 0xd4, 0xd6, 0xd4, 0xd6, 0xd4,
  0xd6, 0xdc, 0xd6, 0xdc, 0xd6, 0xdc, 0xd6, 0xdc, 0xd6, 0xdc, 0xd6, 0xdc, 0xd6, 0xdc, 0xd6, 0xdc,
  0xd6, 0xe4, 0xd6, 0xe4, 0xf6, 0xe4, 0xf6, 0xe4, 0xf6, 0xe4, 0xf6, 0xe4, 0xf6, 0xec, 0xf6, 0xec,
  0xf6, 0xec, 0xf6, 0xec, 0x16, 0xed, 0x16, 0xed, 0x17, 0xed, 0x17, 0xf5, 0x37, 0xf5, 0x37, 0xf5,
  0x37, 0xf5, 0x57, 0xf5, 0x57, 0xfd, 0x78, 0xfd, 0x78, 0xfd, 0x78, 0xfd, 0x99, 0xfd, 0x99, 0xfd,
  0xb9, 0xfd, 0xb9, 0xfd, 0xb9, 0xfd, 0xda, 0xfd, 0xda, 0xfd, 0xfa, 0xfd, 0xfa, 0xfd, 0xfb, 0xfd,
  0x1b, 0xfe, 0x1b, 0xfe, 0x3b, 0xfe, 0x3b, 0xfe, 0x5b, 0xfe, 0x5c, 0xfe, 0x7c, 0xfe, 0x7c, 0xfe,
  0x7c, 0xfe, 0x7c, 0xfe, 0x7c, 0xfe, 0x9d, 0xfe, 0x9d, 0xfe, 0xbd, 0xfe, 0xbd, 0xfe, 0xbd, 0xfe,
  0xbd, 0xfe, 0xfd, 0xfe, 0x3e, 0xff, 0xfe, 0xfe, 0xfe, 0xfe, 0x5e, 0xff, 0xfd, 0xfe, 0xdd, 0xfe,
  0xdd, 0xfe, 0xfd, 0xfe, 0xdd, 0xfe, 0xdd, 0xfe, 0xdd, 0xfe, 0xbd, 0xfe, 0xfd, 0xfe, 0x1d, 0xff,
  0xdd, 0xfe, 0xfd, 0xfe, 0xdc, 0xfe, 0x9c, 0xfe, 0x9c, 0xfe, 0x9c, 0xfe, 0x9b, 0xfe, 0x9b, 0xfe,
  0x7b, 0xfe, 0x7b, 0xfe, 0x7b, 0xfe, 0x7b, 0xfe, 0x7a, 0xfe, 0x5a, 0xfe, 0x5a, 0xfe, 0x3a, 0xfe,
  0x39, 0xfe, 0x19, 0xfe, 0x19, 0xfe, 0xf9, 0xfd, 0xf8, 0xfd, 0xf8, 0xfd, 0xd8, 0xfd, 0xd8, 0xfd,
  0xb7, 0xfd, 0xb7, 0xfd, 0xb7, 0xfd, 0xb7, 0xfd, 0xb7, 0xfd, 0x96, 0xfd, 0x96, 0xfd, 0x96, 0xfd,
  0x96, 0xfd, 0x76, 0xfd, 0x96, 0xfd, 0x96, 0xfd, 0x96, 0xfd, 0x96, 0xfd, 0x76, 0xfd, 0x75, 0xfd,
  0x75, 0xfd, 0x75, 0xfd, 0x75, 0xfd, 0x75, 0xfd, 0x75, 0xfd, 0x75, 0xfd, 0x75, 0xfd, 0x75, 0xfd,
  0x75, 0xfd, 0x75, 0xfd, 0x95, 0xfd, 0x34, 0xf5, 0xee, 0xa2, 0x4d, 0xdb, 0x2a, 0xfb, 0xc9, 0xfa,
  0x47, 0x81, 0x27, 0x71, 0xe7, 0xb9, 0xa7, 0x40, 0xa7, 0x38, 0xa7, 0x38, 0xa7, 0x30, 0xa7, 0x30,
  0xa7, 0x30, 0xa7, 0x28, 0xa7, 0x28, 0xa7, 0x28, 0xa7, 0x28, 0xa7, 0x28, 0xa7, 0x28, 0xa7, 0x20,
  0xd6, 0xcc, 0xd6, 0xcc, 0xb6, 0xcc, 0xd6, 0xd4, 0xd6, 0xd4, 0xd6, 0xd4, 0xd6, 0xd4, 0xd6, 0xd4,
  0xd6, 0xd4, 0xd6, 0xd4, 0xd6, 0xd4, 0xd6, 0xdc, 0xd6, 0xdc, 0xd6, 0xdc, 0xd6, 0xdc, 0xd6, 0xdc,
  0xd6, 0xdc, 0xf6, 0xdc, 0xf6, 0xdc, 0xf6, 0xe4, 0xf6, 0xe4, 0xf6, 0xe4, 0xf6, 0xe4, 0xf6, 0xe4,
  0xd6, 0xe4, 0xf6, 0xe4, 0xf6, 0xe4, 0xf6, 0xec, 0xf6, 0xec, 0xf6, 0xec, 0xf6, 0xec, 0xf6, 0xec,
  0xf6, 0xec, 0x16, 0xed, 0x16, 0xf5, 0x16, 0xf5, 0x37, 0xf5, 0x37, 0xf5, 0x37, 0xf5, 0x37, 0xf5,
  0x57, 0xfd, 0x57, 0xfd, 0x78, 0xfd, 0x78, 0xfd, 0x78, 0xfd, 0x98, 0xfd, 0x99, 0xfd, 0xb9, 0xfd,
  0xb9, 0xfd, 0xd9, 0xfd, 0xd9, 0xfd, 0xda, 0xfd, 0xfa, 0xfd, 0xfa, 0xfd, 0x1a, 0xfe, 0x1b, 0xfe,
  0x3b, 0xfe, 0x3b, 0xfe, 0x5b, 0xfe, 0x5b, 0xfe, 0x7c, 0xfe, 0x7c, 0xfe, 0x7c, 0xfe, 0x9c, 0xfe,
  0x9c, 0xfe, 0xbd, 0xfe, 0x9d, 0xfe, 0x9d, 0xfe, 0xbd, 0xfe, 0xbd, 0xfe, 0xdd, 0xfe, 0xdd, 0xfe,
  0xdd, 0xfe, 0xdd, 0xfe, 0x5e, 0xff, 0x3e, 0xff, 0xfe, 0xfe, 0x5e, 0xff, 0xfe, 0xfe, 0xdd, 0xfe,
  0xfe, 0xfe, 0xfe, 0xfe, 0xfd, 0xfe, 0xfd, 0xfe, 0xdd, 0xfe, 0x1d, 0xff, 0x3d, 0xff, 0x1d, 0xff,
  0x1d, 0xff, 0xfd, 0xfe, 0xbc, 0xfe, 0xbc, 0xfe, 0xbc, 0xfe, 0xbc, 0xfe, 0xbb, 0xfe, 0x9b, 0xfe,
  0x9b, 0xfe, 0x9b, 0xfe, 0x9b, 0xfe, 0x7b, 0xfe, 0x7a, 0xfe, 0x7a, 0xfe, 0x5a, 0xfe, 0x5a, 0xfe,
  0x39, 0xfe, 0x39, 0xfe, 0x19, 0xfe, 0x19, 0xfe, 0xf8, 0xfd, 0xf8, 0xfd, 0xf8, 0xfd, 0xd8, 0xfd,
  0xd7, 0xfd, 0xd7, 0xfd, 0xb7, 0xfd, 0xb7, 0xfd, 0xb7, 0xfd, 0xb6, 0xfd, 0x96, 0xfd, 0x96, 0xfd,
  0x96, 0xfd, 0x96, 0xfd, 0x96, 0xfd, 0x96, 0xfd, 0x96, 0xfd, 0x96, 0xfd, 0x95, 0xfd, 0x95, 0xfd,
  0x95, 0xfd, 0x75, 0xfd, 0x95, 0xfd, 0x95, 0xfd, 0xb5, 0xfd, 0x95, 0xfd, 0x75, 0xfd, 0x75, 0xfd,
  0x75, 0xfd, 0x74, 0xfd, 0x74, 0xfd, 0x50, 0xfc, 0x8c, 0xfb, 0xe9, 0xfa, 0x68, 0xda, 0x87, 0x91,
  0x66, 0x30, 0xa7, 0x40, 0x87, 0x91, 0xe7, 0x50, 0xa7, 0x30, 0xa7, 0x38, 0xa7, 0x30, 0xa7, 0x30,
  0xa7, 0x28, 0xa7, 0x28, 0xa7, 0x28, 0xa7, 0x28, 0xa7, 0x28, 0xa7, 0x28, 0xa7, 0x28, 0xa7, 0x20,
  0xd6, 0xd4, 0xd6, 0xd4, 0xd6, 0xd4, 0xd6, 0xd4, 0xd6, 0xd4, 0xd6, 0xdc, 0xd6, 0xdc, 0xd6, 0xdc,
  0xd6, 0xdc, 0xd6, 0xdc, 0xd6, 0xdc, 0xf6, 0xdc, 0xf6, 0xdc, 0xf6, 0xdc, 0xf6, 0xe4, 0xf6, 0xe4,
  0xf6, 0xe4, 0xf6, 0xe4, 0xf6, 0xe4, 0xf6, 0xe4, 0xf6, 0xe4, 0xf6, 0xe4, 0xf6, 0xe4, 0xf6, 0xec,
  0xf6, 0xec, 0xf6, 0xec, 0xf6, 0xec, 0xf6, 0xec, 0xf6, 0xec, 0x16, 0xed, 0xf6, 0xf4, 0xf6, 0xf4,
  0x16, 0xf5, 0x16, 0xf5, 0x16, 0xf5, 0x36, 0xf5, 0x37, 0xf5, 0x37, 0xf5, 0x37, 0xfd, 0x57, 0xfd,
  0x57, 0xfd, 0x57, 0xfd, 0x78, 0xfd, 0x78, 0xfd, 0x98, 0xfd, 0x98, 0xfd, 0xb9, 0xfd, 0xb9, 0xfd,
  0xd9, 0xfd, 0xd9, 0xfd, 0xfa, 0xfd, 0xfa, 0xfd, 0x1a, 0xfe, 0x1a, 0xfe, 0x1a, 0xfe, 0x3b, 0xfe,
  0x3b, 0xfe, 0x5b, 0xfe, 0x5b, 0xfe, 0x7b, 0xfe, 0x7c, 0xfe, 0x9c, 0xfe, 0x9c, 0xfe, 0x9c, 0xfe,
  0x9c, 0xfe, 0xbd, 0xfe, 0xdd, 0xfe, 0xdd, 0xfe, 0xbd, 0xfe, 0xbd, 0xfe, 0xdd, 0xfe, 0xdd, 0xfe,
  0xfd, 0xfe, 0xdd, 0xfe, 0x3e, 0xff, 0x7e, 0xff, 0x1e, 0xff, 0x7e, 0xff, 0x3e, 0xff, 0xfd, 0xfe,
  0x3e, 0xff, 0x1e, 0xff, 0x3e, 0xff, 0x1d, 0xff, 0x1d, 0xff, 0x7e, 0xff, 0x3d, 0xff, 0x5d, 0xff,
  0xfd, 0xfe, 0xdc, 0xfe, 0xdc, 0xfe, 0xbc, 0xfe, 0xbc, 0xfe, 0xbc, 0xfe, 0xbc, 0xfe, 0xbb, 0xfe,
  0xbb, 0xfe, 0x9b, 0xfe, 0x9b, 0xfe, 0x9b, 0xfe, 0x7a, 0xfe, 0x7a, 0xfe, 0x5a, 0xfe, 0x5a, 0xfe,
  0x59, 0xfe, 0x39, 0xfe, 0x19, 0xfe, 0x19, 0xfe, 0x18, 0xfe, 0xf8, 0xfd, 0xf8, 0xfd, 0xf7, 0xfd,
  0xd7, 0xfd, 0xd7, 0xfd, 0xd7, 0xfd, 0xb7, 0xfd, 0xb6, 0xfd, 0xb6, 0xfd, 0xb6, 0xfd, 0x96, 0xfd,
  0x96, 0xfd, 0x96, 0xfd, 0xb6, 0xfd, 0xb6, 0xfd, 0xb6, 0xfd, 0x95, 0xfd, 0x95, 0xfd, 0x95, 0xfd,
  0x95, 0xfd, 0xd6, 0xfd, 0x70, 0xfc, 0x6b, 0xfb, 0xee, 0xfb, 0x13, 0xfd, 0x95, 0xfd, 0x95, 0xfd,
  0x94, 0xfd, 0xb5, 0xfd, 0x0e, 0xfc, 0x47, 0xea, 0x28, 0xd2, 0x28, 0xc2, 0xc7, 0x50, 0x45, 0x28,
  0xe6, 0x60, 0xe7, 0x58, 0x07, 0x61, 0xe7, 0x58, 0xa7, 0x30, 0xa7, 0x38, 0xa7, 0x30, 0xa7, 0x30,
  0xa7, 0x28, 0x87, 0x28, 0xa7, 0x28, 0xa7, 0x28, 0xa7, 0x28, 0xa7, 0x28, 0xa7, 0x28, 0xa7, 0x28,
  0xf6, 0xdc, 0xd6, 0xdc, 0xd6, 0xdc, 0xd6, 0xdc, 0xd6, 0xdc, 0xd6, 0xdc, 0xf6, 0xdc, 0xf6, 0xdc,
  0xf6, 0xe4, 0xf6, 0xe4, 0xf6, 0xe4, 0xf6, 0xe4, 0xf6, 0xe4, 0xf6, 0xe4, 0xf6, 0xe4, 0xf6, 0xe4,
  0xf6, 0xe4, 0xf6, 0xe4, 0xf6, 0xe4, 0xf6, 0xec, 0xf6, 0xec, 0xf6, 0xec, 0xf6, 0xec, 0xf6, 0xec,
  0xf6, 0xec, 0xf6, 0xec, 0xf6, 0xec, 0x16, 0xf5, 0x16, 0xf5, 0x16, 0xf5, 0x16, 0xf5, 0x16, 0xf5,
  0x16, 0xf5, 0x16, 0xf5, 0x36, 0xf5, 0x36, 0xf5, 0x36, 0xfd, 0x37, 0xfd, 0x57, 0xfd, 0x57, 0xfd,
  0x57, 0xfd, 0x77, 0xfd, 0x77, 0xfd, 0x98, 0xfd, 0x98, 0xfd, 0xb8, 0xfd, 0xb9, 0xfd, 0xb9, 0xfd,
  0xd9, 0xfd, 0xd9, 0xfd, 0xfa, 0xfd, 0x1a, 0xfe, 0x1a, 0xfe, 0x3a, 0xfe, 0x3b, 0xfe, 0x5b, 0xfe,
  0x5b, 0xfe, 0x5b, 0xfe, 0x7b, 0xfe, 0x7b, 0xfe, 0x7c, 0xfe, 0x7c, 0xfe, 0x9c, 0xfe, 0xdc, 0xfe,
  0xdd, 0xfe, 0xdd, 0xfe, 0xdd, 0xfe, 0xdd, 0xfe, 0xfd, 0xfe, 0xdd, 0xfe, 0xdd, 0xfe, 0xfd, 0xfe,
  0x1d, 0xff, 0x1d, 0xff, 0x3e, 0xff, 0xbe, 0xff, 0x5e, 0xff, 0x9e, 0xff, 0x7e, 0xff, 0x1e, 0xff,
  0x5e, 0xff, 0x5e, 0xff, 0x3e, 0xff, 0x3d, 0xff, 0x9e, 0xff, 0x7e, 0xff, 0x5d, 0xff, 0x1d, 0xff,
  0xdd, 0xfe, 0xdc, 0xfe, 0xdc, 0xfe, 0xdc, 0xfe, 0xdc, 0xfe, 0xdc, 0xfe, 0xdc, 0xfe, 0xbb, 0xfe,
  0xbb, 0xfe, 0xbb, 0xfe, 0x9b, 0xfe, 0x9b, 0xfe, 0x7a, 0xfe, 0x7a, 0xfe, 0x7a, 0xfe, 0x5a, 0xfe,
  0x59, 0xfe, 0x59, 0xfe, 0x39, 0xfe, 0x38, 0xfe, 0x18, 0xfe, 0x18, 0xfe, 0xf8, 0xfd, 0xf7, 0xfd,
  0xf7, 0xfd, 0xd7, 0xfd, 0xd6, 0xfd, 0xb6, 0xfd, 0xd6, 0xfd, 0xb6, 0xfd, 0xb6, 0xfd, 0xb6, 0xfd,
  0xb6, 0xfd, 0xb6, 0xfd, 0xb6, 0xfd, 0xb6, 0xfd, 0xb6, 0xfd, 0xb5, 0xfd, 0x95, 0xfd, 0xb5, 0xfd,
  0xb5, 0xfd, 0x4f, 0xfc, 0xc9, 0xfa, 0xc9, 0xfa, 0xc9, 0xfa, 0xc9, 0xfa, 0x4f, 0xfc, 0xb5, 0xfd,
  0x94, 0xfd, 0xb1, 0xfc, 0xe8, 0xfa, 0xe8, 0xb9, 0xa7, 0x50, 0x86, 0x48, 0xe6, 0x68, 0xa7, 0xb1,
  0x87, 0xa1, 0x27, 0x71, 0xc7, 0x48, 0xa7, 0x38, 0xa7, 0x38, 0xa7, 0x30, 0xa7, 0x30, 0xa7, 0x30,
  0xa7, 0x28, 0x87, 0x28, 0x86, 0x28, 0x87, 0x20, 0xa7, 0x20, 0xa7, 0x28, 0xa7, 0x28, 0xc7, 0x28,
  0xf6, 0xdc, 0xf6, 0xdc, 0xf6, 0xdc, 0xf5, 0xdc, 0xf6, 0xe4, 0xf6, 0xe4, 0xf6, 0xe4, 0xf6, 0xe4,
  0xf6, 0xe4, 0xf5, 0xe4, 0xf5, 0xe4, 0xf6, 0xe4, 0xf6, 0xe4, 0xf6, 0xe4, 0xf6, 0xe4, 0xf5, 0xec,
  0xf6, 0xec, 0xf6, 0xec, 0xf6, 0xec, 0xf6, 0xec, 0xf6, 0xec, 0xf6, 0xec, 0xf6, 0xec, 0xf6, 0xec,
  0xf6, 0xec, 0xf6, 0xf4, 0x16, 0xf5, 0x16, 0xf5, 0x16, 0xf5, 0x16, 0xf5, 0x16, 0xf5, 0x16, 0xf5,
  0x16, 0xf5, 0x16, 0xfd, 0x36, 0xfd, 0x36, 0xfd, 0x36, 0xfd, 0x36, 0xfd, 0x57, 0xfd, 0x57, 0xfd,
  0x77, 0xfd, 0x77, 0xfd, 0x77, 0xfd, 0x98, 0xfd, 0x98, 0xfd, 0xb8, 0xfd, 0xb8, 0xfd, 0xd9, 0xfd,
  0xd9, 0xfd, 0xf9, 0xfd, 0xf9, 0xfd, 0x1a, 0xfe, 0x1a, 0xfe, 0x3a, 0xfe, 0x5a, 0xfe, 0x7b, 0xfe,
  0x7b, 0xfe, 0x7b, 0xfe, 0x9b, 0xfe, 0x9b, 0xfe, 0x9b, 0xfe, 0x9c, 0xfe, 0x9c, 0xfe, 0x9c, 0xfe,
  0xdc, 0xfe, 0xfd, 0xfe, 0x1d, 0xff, 0x1d, 0xff, 0xfd, 0xfe, 0xfd, 0xfe, 0xfd, 0xfe, 0xfd, 0xfe,
  0xfd, 0xfe, 0x1e, 0xff, 0x3e, 0xff, 0xbf, 0xff, 0xdf, 0xff, 0xbf, 0xff, 0xbe, 0xff, 0x5e, 0xff,
  0x7e, 0xff, 0x7e, 0xff, 0x5e, 0xff, 0xbe, 0xff, 0xbe, 0xff, 0x7e, 0xff, 0x1d, 0xff, 0xfd, 0xfe,
  0xfc, 0xfe, 0xfc, 0xfe, 0xfc, 0xfe, 0xfc, 0xfe, 0xdc, 0xfe, 0xdc, 0xfe, 0xdb, 0xfe, 0xdb, 0xfe,
  0xbb, 0xfe, 0xbb, 0xfe, 0x9b, 0xfe, 0x9b, 0xfe, 0x9a, 0xfe, 0x9a, 0xfe, 0x7a, 0xfe, 0x79, 0xfe,
  0x59, 0xfe, 0x59, 0xfe, 0x59, 0xfe, 0x38, 0xfe, 0x38, 0xfe, 0x18, 0xfe, 0x17, 0xfe, 0xf7, 0xfd,
  0xf7, 0xfd, 0xd7, 0xfd, 0xd6, 0xfd, 0xb6, 0xfd, 0xd6, 0xfd, 0xb6, 0xfd, 0xb6, 0xfd, 0xb6, 0xfd,
  0xb6, 0xfd, 0xb6, 0xfd, 0xb5, 0xfd, 0xb5, 0xfd, 0xb5, 0xfd, 0x95, 0xfd, 0xd6, 0xfd, 0x54, 0xfd,
  0x4f, 0xfc, 0xa8, 0xfa, 0xe9, 0xfa, 0xe9, 0xfa, 0x0a, 0xfb, 0xc9, 0xfa, 0x6b, 0xfb, 0x2d, 0xd3,
  0xef, 0xdb, 0x2e, 0xfc, 0xc8, 0xfa, 0x88, 0x91, 0xc6, 0x60, 0x07, 0xda, 0xe7, 0xc9, 0x26, 0x81,
  0x46, 0x28, 0x86, 0x30, 0xa7, 0x38, 0xa7, 0x38, 0xa7, 0x38, 0xa7, 0x30, 0xa7, 0x30, 0xa7, 0x30,
  0xa7, 0x28, 0x86, 0x28, 0x86, 0x28, 0x86, 0x20, 0x86, 0x20, 0x87, 0x20, 0xa7, 0x20, 0xa7, 0x20,
  0xf6, 0xe4, 0xf5, 0xe4, 0xf5, 0xe4, 0xf6, 0xe4, 0xf6, 0xe4, 0xf6, 0xe4, 0xf6, 0xe4, 0xf5, 0xe4,
  0xf5, 0xe4, 0xf6, 0xe4, 0xf6, 0xec, 0xf5, 0xec, 0xf5, 0xec, 0xf5, 0xec, 0xf5, 0xec, 0xf5, 0xec,
  0xf5, 0xec, 0xf5, 0xec, 0xf5, 0xec, 0xf5, 0xec, 0xf5, 0xec, 0xf5, 0xec, 0x15, 0xed, 0xf5, 0xf4,
  0x15, 0xf5, 0x16, 0xf5, 0x16, 0xf5, 0x16, 0xf5, 0x16, 0xf5, 0x15, 0xf5, 0x16, 0xf5, 0x16, 0xf5,
  0x16, 0xfd, 0x36, 0xfd, 0x36, 0xfd, 0x36, 0xfd, 0x36, 0xfd, 0x56, 0xfd, 0x57, 0xfd, 0x77, 0xfd,
  0x77, 0xfd, 0x77, 0xfd, 0x97, 0xfd, 0x98, 0xfd, 0xb8, 0xfd, 0xb8, 0xfd, 0xb8, 0xfd, 0xd9, 0xfd,
  0xd9, 0xfd, 0xf9, 0xfd, 0x19, 0xfe, 0x1a, 0xfe, 0x1a, 0xfe, 0x3a, 0xfe, 0x3a, 0xfe, 0x5b, 0xfe,
  0x5b, 0xfe, 0x7b, 0xfe, 0x9b, 0xfe, 0xbb, 0xfe, 0xbc, 0xfe, 0xbc, 0xfe, 0xbc, 0xfe, 0xbc, 0xfe,
  0xbc, 0xfe, 0xbc, 0xfe, 0xfd, 0xfe, 0x1d, 0xff, 0x3d, 0xff, 0x3d, 0xff, 0x3d, 0xff, 0x1d, 0xff,
  0x1d, 0xff, 0x3e, 0xff, 0x5e, 0xff, 0x9f, 0xff, 0xff, 0xff, 0xff, 0xff, 0xff, 0xff, 0xbf, 0xff,
  0xde, 0xff, 0xbe, 0xff, 0xde, 0xff, 0xfe, 0xff, 0x9e, 0xff, 0x1d, 0xff, 0x1d, 0xff, 0x1d, 0xff,
  0x1d, 0xff, 0x3d, 0xff, 0x1c, 0xff, 0x1c, 0xff, 0xfc, 0xfe, 0xfc, 0xfe, 0xfc, 0xfe, 0xdb, 0xfe,
  0xdb, 0xfe, 0xdb, 0xfe, 0xbb, 0xfe, 0xbb, 0xfe, 0x9a, 0xfe, 0x9a, 0xfe, 0x9a, 0xfe, 0x79, 0xfe,
  0x79, 0xfe, 0x59, 0xfe, 0x59, 0xfe, 0x38, 0xfe, 0x38, 0xfe, 0x18, 0xfe, 0x17, 0xfe, 0xf7, 0xfd,
  0xf7, 0xfd, 0xd7, 0xfd, 0xd6, 0xfd, 0xb6, 0xfd, 0xb6, 0xfd, 0x95, 0xfd, 0x95, 0xfd, 0xb5, 0xfd,
  0x95, 0xfd, 0x95, 0xfd, 0x74, 0xfd, 0x75, 0xfd, 0xb1, 0xfc, 0x2a, 0xfb, 0x0e, 0xfc, 0xcd, 0xfb,
  0xc8, 0xfa, 0xe9, 0xfa, 0xc9, 0xfa, 0x89, 0xe2, 0xe9, 0xb9, 0x69, 0xe2, 0xf2, 0xfc, 0x14, 0xe5,
  0xf7, 0xf5, 0x4b, 0xf3, 0x87, 0xa1, 0xa6, 0x50, 0x26, 0x89, 0xa7, 0xb1, 0x45, 0x30, 0x65, 0x38,
  0x86, 0x40, 0xa6, 0x40, 0xa7, 0x40, 0xa7, 0x38, 0xa7, 0x38, 0xa7, 0x38, 0xa7, 0x30, 0xa7, 0x30,
  0xa7, 0x28, 0x86, 0x28, 0x86, 0x28, 0x86, 0x20, 0x86, 0x20, 0x86, 0x20, 0x86, 0x20, 0xa7, 0x20,
  0xf5, 0xe4, 0xf5, 0xe4, 0xf6, 0xe4, 0xf5, 0xe4, 0xf5, 0xe4, 0xf5, 0xe4, 0xf5, 0xec, 0xf5, 0xec,
  0xf6, 0xec, 0xf5, 0xec, 0xf5, 0xec, 0xf5, 0xec, 0x15, 0xed, 0xf5, 0xec, 0xf5, 0xec, 0xf5, 0xec,
  0xf5, 0xec, 0x15, 0xed, 0x15, 0xed, 0xf5, 0xf4, 0x15, 0xf5, 0x15, 0xf5, 0x15, 0xf5, 0x15, 0xf5,
  0x15, 0xf5, 0x16, 0xf5, 0x16, 0xf5, 0x15, 0xf5, 0x15, 0xf5, 0x15, 0xf5, 0x16, 0xfd, 0x36, 0xfd,
  0x16, 0xfd, 0x16, 0xfd, 0x36, 0xfd, 0x36, 0xfd, 0x36, 0xfd, 0x56, 0xfd, 0x57, 0xfd, 0x77, 0xfd,
  0x77, 0xfd, 0x77, 0xfd, 0x77, 0xfd, 0x97, 0xfd, 0xb8, 0xfd, 0xb8, 0xfd, 0xb8, 0xfd, 0xd9, 0xfd,
  0xf9, 0xfd, 0xf9, 0xfd, 0x19, 0xfe, 0x19, 0xfe, 0x3a, 0xfe, 0x3a, 0xfe, 0x5a, 0xfe, 0x5a, 0xfe,
  0x5b, 0xfe, 0x9b, 0xfe, 0xbb, 0xfe, 0xbb, 0xfe, 0xdb, 0xfe, 0xdc, 0xfe, 0xdc, 0xfe, 0xfc, 0xfe,
  0xfc, 0xfe, 0xfc, 0xfe, 0xfd, 0xfe, 0xdc, 0xfe, 0xfd, 0xfe, 0x3d, 0xff, 0x7e, 0xff, 0x9e, 0xff,
  0x7e, 0xff, 0x7e, 0xff, 0x7f, 0xff, 0xdf, 0xff, 0xff, 0xff, 0xff, 0xff, 0xff, 0xff, 0xff, 0xff,
  0xff, 0xff, 0xff, 0xff, 0xff, 0xff, 0x9e, 0xff, 0x3d, 0xff, 0x3d, 0xff, 0x5d, 0xff, 0x5d, 0xff,
  0x3d, 0xff, 0x3d, 0xff, 0x3d, 0xff, 0x1d, 0xff, 0x1c, 0xff, 0x1c, 0xff, 0xfc, 0xfe, 0xfc, 0xfe,
  0xfb, 0xfe, 0xdb, 0xfe, 0xdb, 0xfe, 0xdb, 0xfe, 0xbb, 0xfe, 0xba, 0xfe, 0x9a, 0xfe, 0x99, 0xfe,
  0x79, 0xfe, 0x79, 0xfe, 0x59, 0xfe, 0x58, 0xfe, 0x38, 0xfe, 0x38, 0xfe, 0x17, 0xfe, 0x17, 0xfe,
  0xf6, 0xfd, 0xd6, 0xfd, 0x95, 0xfd, 0x75, 0xfd, 0x54, 0xfd, 0x34, 0xfd, 0x54, 0xfd, 0x54, 0xfd,
  0x54, 0xfd, 0x33, 0xfd, 0x54, 0xfd, 0xb6, 0xfd, 0x0e, 0xfc, 0xc8, 0xfa, 0xe9, 0xfa, 0xe9, 0xfa,
  0xc9, 0xea, 0x09, 0xc2, 0xe9, 0xb9, 0x09, 0xba, 0xe9, 0xb9, 0x6b, 0xf3, 0x92, 0xe4, 0x92, 0xdc,
  0x93, 0xfd, 0x07, 0xd2, 0xe6, 0x68, 0x26, 0x81, 0xc7, 0xc1, 0x67, 0x99, 0x66, 0x40, 0x86, 0x40,
  0x86, 0x38, 0xa7, 0x40, 0xa7, 0x40, 0xa7, 0x38, 0xa7, 0x38, 0xa7, 0x38, 0xa7, 0x30, 0xa7, 0x30,
  0x86, 0x28, 0x86, 0x28, 0x86, 0x20, 0x86, 0x20, 0x86, 0x20, 0x86, 0x20, 0x87, 0x20, 0xa7, 0x20,
  0xf5, 0xe4, 0xf5, 0xe4, 0xf5, 0xe4, 0xf5, 0xe4, 0xf5, 0xec, 0xf5, 0xec, 0xf5, 0xec, 0xf5, 0xec,
  0xf5, 0xec, 0xf5, 0xec, 0xf5, 0xec, 0xf5, 0xec, 0xf5, 0xec, 0xf5, 0xec, 0xf5, 0xec, 0xf5, 0xec,
  0x15, 0xf5, 0x15, 0xf5, 0xf5, 0xf4, 0xf5, 0xf4, 0x15, 0xf5, 0x15, 0xf5, 0x15, 0xf5, 0xf5, 0xf4,
  0x15, 0xf5, 0x15, 0xf5, 0x15, 0xfd, 0x15, 0xfd, 0x16, 0xfd, 0x15, 0xfd, 0x15, 0xfd, 0x15, 0xfd,
  0x15, 0xfd, 0x36, 0xfd, 0x36, 0xfd, 0x36, 0xfd, 0x56, 0xfd, 0x56, 0xfd, 0x56, 0xfd, 0x76, 0xfd,
  0x77, 0xfd, 0x77, 0xfd, 0x97, 0xfd, 0x97, 0xfd, 0xb8, 0xfd, 0xb8, 0xfd, 0xd8, 0xfd, 0xd8, 0xfd,
  0xf9, 0xfd, 0xf9, 0xfd, 0x19, 0xfe, 0x19, 0xfe, 0x3a, 0xfe, 0x3a, 0xfe, 0x5a, 0xfe, 0x5a, 0xfe,
  0x7a, 0xfe, 0x7b, 0xfe, 0x9b, 0xfe, 0x9b, 0xfe, 0xbb, 0xfe, 0xdb, 0xfe, 0xfc, 0xfe, 0x1c, 0xff,
  0x3c, 0xff, 0x5d, 0xff, 0x5d, 0xff, 0x5d, 0xff, 0x5d, 0xff, 0x3d, 0xff, 0x5d, 0xff, 0x9e, 0xff,
  0xff, 0xff, 0xff, 0xff, 0xff, 0xff, 0xff, 0xff, 0xff, 0xff, 0xff, 0xff, 0xff, 0xff, 0xff, 0xff,
  0xff, 0xff, 0xff, 0xff, 0xde, 0xff, 0x7e, 0xff, 0x5d, 0xff, 0x7d, 0xff, 0x5d, 0xff, 0x5d, 0xff,
  0x3d, 0xff, 0x3d, 0xff, 0x3d, 0xff, 0x3d, 0xff, 0x3d, 0xff, 0x1c, 0xff, 0x1c, 0xff, 0x1c, 0xff,
  0x1c, 0xff, 0xfb, 0xfe, 0xdb, 0xfe, 0xdb, 0xfe, 0xba, 0xfe, 0xba, 0xfe, 0x9a, 0xfe, 0x99, 0xfe,
  0x79, 0xfe, 0x59, 0xfe, 0x58, 0xfe, 0x58, 0xfe, 0x37, 0xfe, 0x17, 0xfe, 0xf6, 0xfd, 0xd6, 0xfd,
  0x95, 0xfd, 0x75, 0xfd, 0x75, 0xfd, 0x74, 0xfd, 0x75, 0xfd, 0x95, 0xfd, 0x95, 0xfd, 0xb5, 0xfd,
  0x38, 0xfe, 0x9a, 0xfe, 0xfb, 0xfe, 0x58, 0xfe, 0x6b, 0xfb, 0xe9, 0xfa, 0xca, 0xea, 0x29, 0xc2,
  0xe9, 0xb1, 0xe9, 0xb1, 0xe9, 0xc1, 0xc9, 0xb1, 0x2a, 0xba, 0xe9, 0xf2, 0x2e, 0xfc, 0xb1, 0xec,
  0x8c, 0xfb, 0xe6, 0x80, 0xe6, 0x78, 0x47, 0xfa, 0x46, 0x91, 0xa6, 0x58, 0x86, 0x48, 0x86, 0x40,
  0xa6, 0x48, 0xa7, 0x40, 0xa7, 0x40, 0xa7, 0x38, 0xa7, 0x38, 0xa7, 0x38, 0xa7, 0x30, 0x86, 0x28,
  0x86, 0x28, 0x86, 0x28, 0x86, 0x28, 0xa7, 0x28, 0xa7, 0x28, 0xa7, 0x28, 0xa7, 0x28, 0xa7, 0x20,
  0xf5, 0xe4, 0xf5, 0xe4, 0xf5, 0xec, 0xf5, 0xec, 0xf5, 0xec, 0xf5, 0xec, 0xf5, 0xec, 0xf5, 0xec,
  0xf5, 0xec, 0xf5, 0xec, 0xf5, 0xec, 0xf5, 0xf4, 0xf5, 0xf4, 0xf5, 0xf4, 0xf5, 0xf4, 0xf5, 0xf4,
  0xf5, 0xf4, 0xf5, 0xf4, 0x15, 0xf5, 0xf5, 0xf4, 0x15, 0xf5, 0x15, 0xf5, 0x15, 0xf5, 0xf5, 0xf4,
  0x15, 0xf5, 0x15, 0xfd, 0x15, 0xfd, 0x15, 0xfd, 0x15, 0xfd, 0x15, 0xfd, 0x15, 0xfd, 0x35, 0xfd,
  0x15, 0xfd, 0x35, 0xfd, 0x36, 0xfd, 0x36, 0xfd, 0x36, 0xfd, 0x56, 0xfd, 0x76, 0xfd, 0x76, 0xfd,
  0x76, 0xfd, 0x77, 0xfd, 0x97, 0xfd, 0x97, 0xfd, 0xb7, 0xfd, 0xb8, 0xfd, 0xd8, 0xfd, 0xd8, 0xfd,
  0xd8, 0xfd, 0xf8, 0xfd, 0x19, 0xfe, 0x39, 0xfe, 0x39, 0xfe, 0x5a, 0xfe, 0x5a, 0xfe, 0x7a, 0xfe,
  0x7a, 0xfe, 0x7b, 0xfe, 0x9b, 0xfe, 0x9b, 0xfe, 0x9b, 0xfe, 0xbb, 0xfe, 0xdb, 0xfe, 0xdc, 0xfe,
  0xfc, 0xfe, 0x1c, 0xff, 0x3d, 0xff, 0x7d, 0xff, 0xbd, 0xff, 0xde, 0xff, 0xde, 0xff, 0xfe, 0xff,
  0xff, 0xff, 0xff, 0xff, 0xff, 0xff, 0xff, 0xff, 0xff, 0xff, 0xff, 0xff, 0xff, 0xff, 0xff, 0xff,
  0xff, 0xff, 0xff, 0xff, 0xff, 0xff, 0xde, 0xff, 0xbe, 0xff, 0x9e, 0xff, 0x7d, 0xff, 0x7d, 0xff,
  0x5d, 0xff, 0x5d, 0xff, 0x5d, 0xff, 0x5d, 0xff, 0x3d, 0xff, 0x3c, 0xff, 0x1c, 0xff, 0x1c, 0xff,
  0x1c, 0xff, 0x1b, 0xff, 0xfb, 0xfe, 0x1b, 0xff, 0x3c, 0xff, 0x3c, 0xff, 0xfb, 0xfe, 0xda, 0xfe,
  0xfa, 0xfe, 0xfa, 0xfe, 0xfa, 0xfe, 0xfb, 0xfe, 0x1b, 0xff, 0x1b, 0xff, 0x1b, 0xff, 0xfb, 0xfe,
  0x1b, 0xff, 0xfb, 0xfe, 0x1b, 0xff, 0xfb, 0xfe, 0xfb, 0xfe, 0xfb, 0xfe, 0xda, 0xfe, 0x3c, 0xff,
  0x99, 0xfe, 0xf6, 0xfd, 0xf6, 0xfd, 0x4f, 0xfc, 0xc9, 0xfa, 0x0a, 0xfb, 0x29, 0xc2, 0x09, 0xba,
  0xe9, 0xb9, 0x29, 0xd2, 0x09, 0xfb, 0x89, 0xe2, 0x49, 0xe2, 0xc9, 0xfa, 0xf1, 0xfc, 0x53, 0xfd,
  0xea, 0xfa, 0x06, 0x89, 0xc7, 0xc9, 0xc7, 0xc9, 0x65, 0x40, 0x86, 0x50, 0x86, 0x48, 0xa6, 0x48,
  0xa6, 0x48, 0xa6, 0x40, 0xa7, 0x40, 0xa7, 0x38, 0xa7, 0x38, 0xa7, 0x30, 0x86, 0x28, 0x86, 0x28,
  0x86, 0x28, 0x86, 0x28, 0xa7, 0x28, 0xa7, 0x28, 0xa7, 0x28, 0xa7, 0x28, 0xa7, 0x28, 0xa7, 0x20,
  0xf5, 0xec, 0xf5, 0xec, 0xf5, 0xec, 0xf5, 0xec, 0xf5, 0xec, 0xf5, 0xec, 0xf5, 0xec, 0xf5, 0xec,
  0xf5, 0xf4, 0xf5, 0xf4, 0xf5, 0xf4, 0xf5, 0xf4, 0xf5, 0xf4, 0xf5, 0xf4, 0xf5, 0xf4, 0xf5, 0xf4,
  0xf5, 0xf4, 0xf5, 0xf4, 0xf5, 0xf4, 0xf5, 0xf4, 0xf5, 0xf4, 0xf5, 0xfc, 0xf5, 0xfc, 0xf4, 0xfc,
  0x15, 0xfd, 0x15, 0xfd, 0x15, 0xfd, 0x15, 0xfd, 0x15, 0xfd, 0x15, 0xfd, 0x15, 0xfd, 0x35, 0xfd,
  0x35, 0xfd, 0x35, 0xfd, 0x35, 0xfd, 0x35, 0xfd, 0x56, 0xfd, 0x56, 0xfd, 0x76, 0xfd, 0x76, 0xfd,
  0x76, 0xfd, 0x96, 0xfd, 0x97, 0xfd, 0xb7, 0xfd, 0xb7, 0xfd, 0xd7, 0xfd, 0xd8, 0xfd, 0xf8, 0xfd,
  0xf8, 0xfd, 0x19, 0xfe, 0x19, 0xfe, 0x39, 0xfe, 0x59, 0xfe, 0x5a, 0xfe, 0x7a, 0xfe, 0x9a, 0xfe,
  0x9a, 0xfe, 0x9b, 0xfe, 0xbb, 0xfe, 0xbb, 0xfe, 0xbb, 0xfe, 0xdb, 0xfe, 0xdb, 0xfe, 0xfb, 0xfe,
  0xfc, 0xfe, 0xfc, 0xfe, 0x1c, 0xff, 0x3c, 0xff, 0x3d, 0xff, 0x7d, 0xff, 0x9d, 0xff, 0xde, 0xff,
  0xff, 0xff, 0xff, 0xff, 0xff, 0xff, 0xff, 0xff, 0xff, 0xff, 0xff, 0xff, 0xff, 0xff, 0xff, 0xff,
  0xff, 0xff, 0xff, 0xff, 0xff, 0xff, 0xff, 0xff, 0xfe, 0xff, 0xde, 0xff, 0xbe, 0xff, 0xbe, 0xff,
  0xbe, 0xff, 0xbe, 0xff, 0xbe, 0xff, 0xbe, 0xff, 0xbe, 0xff, 0xbe, 0xff, 0xbe, 0xff, 0xbe, 0xff,
  0xde, 0xff, 0xde, 0xff, 0xff, 0xff, 0xff, 0xff, 0xff, 0xff, 0xff, 0xff, 0xde, 0xff, 0xbe, 0xff,
  0x9d, 0xff, 0x9e, 0xff, 0x9d, 0xff, 0x7d, 0xff, 0x5c, 0xff, 0x3b, 0xff, 0xfb, 0xfe, 0xb9, 0xfe,
  0x78, 0xfe, 0x37, 0xfe, 0x17, 0xfe, 0xd6, 0xfd, 0xb5, 0xfd, 0x94, 0xfd, 0x94, 0xfd, 0x95, 0xfd,
  0x53, 0xfd, 0x33, 0xfd, 0x74, 0xfd, 0x0e, 0xfc, 0xe9, 0xfa, 0xca, 0xea, 0x29, 0xba, 0x09, 0xc2,
  0xe9, 0xc1, 0x68, 0xea, 0xcc, 0xfb, 0xd1, 0xfc, 0xab, 0xfb, 0x4f, 0xfc, 0xd1, 0xfc, 0x6b, 0xfb,
  0x88, 0xfa, 0xe7, 0xd9, 0xc7, 0xc9, 0xe6, 0x78, 0xa6, 0x58, 0xa6, 0x58, 0xa6, 0x50, 0xa6, 0x48,
  0xa6, 0x48, 0xa6, 0x40, 0x86, 0x38, 0xa7, 0x38, 0xa7, 0x38, 0x86, 0x30, 0x86, 0x28, 0x86, 0x28,
  0xa7, 0x28, 0xa7, 0x30, 0xa7, 0x28, 0xa7, 0x28, 0xa7, 0x28, 0xa7, 0x28, 0xc7, 0x28, 0xa7, 0x20,
  0xf5, 0xec, 0xf5, 0xec, 0xf5, 0xec, 0xf5, 0xec, 0xf5, 0xec, 0xf4, 0xf4, 0xf5, 0xf4, 0xf5, 0xf4,
  0xf4, 0xf4, 0xf5, 0xf4, 0xf5, 0xf4, 0xf5, 0xf4, 0xf4, 0xf4, 0xf5, 0xf4, 0xf4, 0xfc, 0xf4, 0xfc,
  0xf4, 0xfc, 0xf4, 0xfc, 0xf4, 0xfc, 0xf4, 0xfc, 0xf4, 0xfc, 0x14, 0xfd, 0x14, 0xfd, 0xf4, 0xfc,
  0x14, 0xfd, 0x15, 0xfd, 0x15, 0xfd, 0x15, 0xfd, 0x15, 0xfd, 0x35, 0xfd, 0x35, 0xfd, 0x35, 0xfd,
  0x35, 0xfd, 0x35, 0xfd, 0x35, 0xfd, 0x55, 0xfd, 0x55, 0xfd, 0x56, 0xfd, 0x76, 0xfd, 0x76, 0xfd,
  0x76, 0xfd, 0x96, 0xfd, 0x97, 0xfd, 0xb7, 0xfd, 0xb7, 0xfd, 0xd7, 0xfd, 0xf8, 0xfd, 0xf8, 0xfd,
  0x18, 0xfe, 0x18, 0xfe, 0x39, 0xfe, 0x59, 0xfe, 0x59, 0xfe, 0x7a, 0xfe, 0x7a, 0xfe, 0x9a, 0xfe,
  0x9a, 0xfe, 0xba, 0xfe, 0xbb, 0xfe, 0xdb, 0xfe, 0xdb, 0xfe, 0xfb, 0xfe, 0xfb, 0xfe, 0xfb, 0xfe,
  0xfb, 0xfe, 0x1c, 0xff, 0x1c, 0xff, 0x1c, 0xff, 0x3c, 0xff, 0x3c, 0xff, 0x5d, 0xff, 0x9e, 0xff,
  0xff, 0xff, 0xff, 0xff, 0xff, 0xff, 0xff, 0xff, 0xff, 0xff, 0xff, 0xff, 0xff, 0xff, 0xff, 0xff,
  0xff, 0xff, 0xff, 0xff, 0xff, 0xff, 0xff, 0xff, 0xff, 0xff, 0xff, 0xff, 0xff, 0xff, 0xff, 0xff,
  0xff, 0xff, 0xff, 0xff, 0xff, 0xff, 0xff, 0xff, 0xff, 0xff, 0xff, 0xff, 0xff, 0xff, 0xff, 0xff,
  0xdf, 0xff, 0xbe, 0xff, 0x9e, 0xff, 0x7d, 0xff, 0x3c, 0xff, 0x1b, 0xff, 0xda, 0xfe, 0x99, 0xfe,
  0x58, 0xfe, 0x38, 0xfe, 0x37, 0xfe, 0x17, 0xfe, 0xf6, 0xfd, 0xd5, 0xfd, 0x95, 0xfd, 0x74, 0xfd,
  0x54, 0xfd, 0x54, 0xfd, 0x53, 0xfd, 0x53, 0xfd, 0x53, 0xfd, 0x53, 0xfd, 0x53, 0xfd, 0x33, 0xfd,
  0x33, 0xfd, 0x13, 0xfd, 0x33, 0xfd, 0x70, 0xfc, 0xc9, 0xfa, 0xa9, 0xea, 0x49, 0xd2, 0x49, 0xd2,
  0x49, 0xda, 0xc8, 0xfa, 0x4f, 0xfc, 0x12, 0xfd, 0xf1, 0xfc, 0xb0, 0xfc, 0xc9, 0xea, 0x86, 0xb9,
  0xa7, 0xc1, 0x66, 0xa1, 0xc6, 0x70, 0xc6, 0x68, 0xc6, 0x60, 0xc6, 0x58, 0xa6, 0x50, 0x86, 0x40,
  0x86, 0x38, 0x87, 0x38, 0xe7, 0x50, 0xc7, 0x50, 0x86, 0x30, 0x86, 0x30, 0x86, 0x28, 0x86, 0x28,
  0xa7, 0x30, 0xa7, 0x30, 0xa7, 0x30, 0xa7, 0x28, 0xa7, 0x28, 0xa7, 0x28, 0xc7, 0x20, 0xc7, 0x20,
  0xf5, 0xf4, 0xf4, 0xf4, 0xf4, 0xf4, 0xf4, 0xf4, 0xf4, 0xf4, 0xf4, 0xf4, 0xf4, 0xf4, 0xf4, 0xf4,
  0xf4, 0xf4, 0xf4, 0xfc, 0xf4, 0xfc, 0xf4, 0xfc, 0xf4, 0xfc, 0xf4, 0xfc, 0xf4, 0xfc, 0xf4, 0xfc,
  0xf4, 0xfc, 0x14, 0xfd, 0x14, 0xfd, 0x14, 0xfd, 0x14, 0xfd, 0x14, 0xfd, 0x14, 0xfd, 0x14, 0xfd,
  0x14, 0xfd, 0x14, 0xfd, 0x14, 0xfd, 0x14, 0xfd, 0x14, 0xfd, 0x35, 0xfd, 0x34, 0xfd, 0x34, 0xfd,
  0x35, 0xfd, 0x35, 0xfd, 0x35, 0xfd, 0x55, 0xfd, 0x55, 0xfd, 0x75, 0xfd, 0x75, 0xfd, 0x76, 0xfd,
  0x96, 0xfd, 0x96, 0xfd, 0xb6, 0xfd, 0xb7, 0xfd, 0xd7, 0xfd, 0xd7, 0xfd, 0xf7, 0xfd, 0x18, 0xfe,
  0x18, 0xfe, 0x18, 0xfe, 0x38, 0xfe, 0x39, 0xfe, 0x59, 0xfe, 0x59, 0xfe, 0x79, 0xfe, 0x79, 0xfe,
  0x79, 0xfe, 0x9a, 0xfe, 0x9a, 0xfe, 0x9a, 0xfe, 0x9a, 0xfe, 0xba, 0xfe, 0xbb, 0xfe, 0xdb, 0xfe,
  0xfb, 0xfe, 0xfc, 0xfe, 0x1c, 0xff, 0x3c, 0xff, 0x5d, 0xff, 0x7d, 0xff, 0x9e, 0xff, 0xdf, 0xff,
  0xff, 0xff, 0xff, 0xff, 0xff, 0xff, 0xff, 0xff, 0xff, 0xff, 0xff, 0xff, 0xff, 0xff, 0xff, 0xff,
  0xff, 0xff, 0xff, 0xff, 0xff, 0xff, 0xff, 0xff, 0xff, 0xff, 0xff, 0xff, 0xff, 0xff, 0xff, 0xff,
  0xff, 0xff, 0xff, 0xff, 0xff, 0xff, 0xde, 0xff, 0xbe, 0xff, 0x9d, 0xff, 0x7d, 0xff, 0x5d, 0xff,
  0x1c, 0xff, 0xfb, 0xfe, 0xda, 0xfe, 0xba, 0xfe, 0xdb, 0xfe, 0xdb, 0xfe, 0x9a, 0xfe, 0x38, 0xfe,
  0x17, 0xfe, 0xf7, 0xfd, 0xd6, 0xfd, 0xb5, 0xfd, 0x95, 0xfd, 0x74, 0xfd, 0x54, 0xfd, 0x53, 0xfd,
  0x33, 0xfd, 0x33, 0xfd, 0x13, 0xfd, 0x33, 0xfd, 0x33, 0xfd, 0x33, 0xfd, 0x33, 0xfd, 0x33, 0xfd,
  0x12, 0xfd, 0xf2, 0xfc, 0xf2, 0xfc, 0xd1, 0xfc, 0xcd, 0xfb, 0x4b, 0xfb, 0x0a, 0xfb, 0x0a, 0xfb,
  0xea, 0xfa, 0xed, 0xfb, 0xd1, 0xfc, 0xb0, 0xfc, 0x6f, 0xfc, 0x68, 0xe2, 0x26, 0x99, 0xe6, 0x78,
  0xe6, 0x70, 0xc6, 0x70, 0xc6, 0x70, 0xc6, 0x68, 0xc6, 0x60, 0xc6, 0x58, 0xa6, 0x50, 0x47, 0x91,
  0xa7, 0xa9, 0x47, 0x81, 0xe7, 0x58, 0x86, 0x38, 0x86, 0x30, 0x86, 0x30, 0x86, 0x28, 0x86, 0x28,
  0xa7, 0x30, 0xa7, 0x30, 0xa7, 0x28, 0xa7, 0x28, 0xa7, 0x28, 0xa7, 0x20, 0xc7, 0x20, 0xc7, 0x20,
  0xf4, 0xf4, 0xf4, 0xf4, 0xf4, 0xfc, 0xf4, 0xfc, 0xf4, 0xfc, 0xf4, 0xfc, 0xf4, 0xfc, 0xf4, 0xfc,
  0xf4, 0xfc, 0xf4, 0xfc, 0xf4, 0xfc, 0xf4, 0xfc, 0xf4, 0xfc, 0xf4, 0xfc, 0x14, 0xfd, 0x14, 0xfd,
  0x14, 0xfd, 0x14, 0xfd, 0x14, 0xfd, 0x14, 0xfd, 0x14, 0xfd, 0x14, 0xfd, 0x14, 0xfd, 0x14, 0xfd,
  0x14, 0xfd, 0x14, 0xfd, 0x14, 0xfd, 0x34, 0xfd, 0x34, 0xfd, 0x34, 0xfd, 0x34, 0xfd, 0x34, 0xfd,
  0x34, 0xfd, 0x34, 0xfd, 0x55, 0xfd, 0x55, 0xfd, 0x75, 0xfd, 0x75, 0xfd, 0x75, 0xfd, 0x75, 0xfd,
  0x96, 0xfd, 0x96, 0xfd, 0x96, 0xfd, 0xb6, 0xfd, 0xb6, 0xfd, 0xb6, 0xfd, 0xd7, 0xfd, 0xd7, 0xfd,
  0xf7, 0xfd, 0xf7, 0xfd, 0x18, 0xfe, 0x38, 0xfe, 0x59, 0xfe, 0x79, 0xfe, 0x9a, 0xfe, 0xba, 0xfe,
  0xfb, 0xfe, 0xfb, 0xfe, 0x3c, 0xff, 0x3c, 0xff, 0x7d, 0xff, 0x7d, 0xff, 0x9e, 0xff, 0xbe, 0xff,
  0xdf, 0xff, 0xff, 0xff, 0xff, 0xff, 0xff, 0xff, 0xff, 0xff, 0xff, 0xff, 0xff, 0xff, 0xff, 0xff,
  0xff, 0xff, 0xff, 0xff, 0xff, 0xff, 0xff, 0xff, 0xff, 0xff, 0xff, 0xff, 0xff, 0xff, 0xff, 0xff,
  0xff, 0xff, 0xff, 0xff, 0xff, 0xff, 0xff, 0xff, 0xff, 0xff, 0xdf, 0xff, 0xbe, 0xff, 0x7d, 0xff,
  0x9d, 0xff, 0x9d, 0xff, 0x9d, 0xff, 0x9d, 0xff, 0x9d, 0xff, 0x9d, 0xff, 0x7c, 0xff, 0x3c, 0xff,
  0xfb, 0xfe, 0xda, 0xfe, 0xb9, 0xfe, 0xba, 0xfe, 0xba, 0xfe, 0xba, 0xfe, 0x58, 0xfe, 0xf7, 0xfd,
  0x95, 0xfd, 0x74, 0xfd, 0x34, 0xfd, 0x33, 0xfd, 0x13, 0xfd, 0x13, 0xfd, 0x13, 0xfd, 0x12, 0xfd,
  0xf2, 0xfc, 0x12, 0xfd, 0x12, 0xfd, 0x13, 0xfd, 0x13, 0xfd, 0xf2, 0xfc, 0xf2, 0xfc, 0xf2, 0xfc,
  0xd2, 0xfc, 0xd1, 0xfc, 0xb1, 0xfc, 0xb1, 0xfc, 0xd1, 0xfc, 0xb0, 0xfc, 0x70, 0xfc, 0x6f, 0xfc,
  0x6f, 0xfc, 0xb0, 0xfc, 0x6f, 0xfc, 0x0a, 0xf3, 0x69, 0xda, 0x47, 0x99, 0x06, 0x89, 0x06, 0x81,
  0x06, 0x81, 0xe6, 0x78, 0xe6, 0x70, 0xc6, 0x68, 0xc6, 0x60, 0xa6, 0x50, 0x47, 0x91, 0x68, 0xfa,
  0xe7, 0xc9, 0xa6, 0x50, 0x66, 0x30, 0x86, 0x38, 0x86, 0x30, 0x86, 0x30, 0x86, 0x28, 0xa7, 0x30,
  0xa7, 0x30, 0xa7, 0x28, 0xa7, 0x28, 0xa7, 0x28, 0xa7, 0x20, 0xc7, 0x20, 0xc7, 0x20, 0xc7, 0x20,
  0xf4, 0xfc, 0xf4, 0xfc, 0xf4, 0xfc, 0xf4, 0xfc, 0xf4, 0xfc, 0xf4, 0xfc, 0xf4, 0xfc, 0xf4, 0xfc,
  0xf4, 0xfc, 0xf4, 0xfc, 0xf4, 0xfc, 0xf4, 0xfc, 0x14, 0xfd, 0x14, 0xfd, 0x14, 0xfd, 0x14, 0xfd,
  0x14, 0xfd, 0x14, 0xfd, 0x14, 0xfd, 0x14, 0xfd, 0x14, 0xfd, 0x14, 0xfd, 0x14, 0xfd, 0x14, 0xfd,
  0x34, 0xfd, 0x34, 0xfd, 0x34, 0xfd, 0x34, 0xfd, 0x34, 0xfd, 0x14, 0xfd, 0x14, 0xfd, 0x14, 0xfd,
  0x13, 0xfd, 0x13, 0xfd, 0x14, 0xfd, 0x14, 0xfd, 0x34, 0xfd, 0x54, 0xfd, 0x55, 0xfd, 0x75, 0xfd,
  0x95, 0xfd, 0xb6, 0xfd, 0xf7, 0xfd, 0x17, 0xfe, 0x38, 0xfe, 0x79, 0xfe, 0x9a, 0xfe, 0xdb, 0xfe,
  0xfb, 0xfe, 0x3c, 0xff, 0x3c, 0xff, 0x7d, 0xff, 0x7d, 0xff, 0x9e, 0xff, 0xbe, 0xff, 0xbe, 0xff,
  0x9e, 0xff, 0x9e, 0xff, 0xbe, 0xff, 0x9e, 0xff, 0xbe, 0xff, 0x9e, 0xff, 0x7d, 0xff, 0x7d, 0xff,
  0x7d, 0xff, 0xbe, 0xff, 0xbe, 0xff, 0x9d, 0xff, 0x7d, 0xff, 0x7d, 0xff, 0x5c, 0xff, 0x7d, 0xff,
  0x9e, 0xff, 0xbe, 0xff, 0xff, 0xff, 0xff, 0xff, 0xff, 0xff, 0xff, 0xff, 0xff, 0xff, 0xff, 0xff,
  0xff, 0xff, 0xff, 0xff, 0xfe, 0xff, 0xde, 0xff, 0xbe, 0xff, 0xde, 0xff, 0xbd, 0xff, 0x3c, 0xff,
  0x3c, 0xff, 0x7d, 0xff, 0x9e, 0xff, 0x7d, 0xff, 0x5c, 0xff, 0x3c, 0xff, 0x1b, 0xff, 0xfb, 0xfe,
  0xfb, 0xfe, 0xfb, 0xfe, 0xfb, 0xfe, 0x9a, 0xfe, 0x58, 0xfe, 0x17, 0xfe, 0xb6, 0xfd, 0x95, 0xfd,
  0x75, 0xfd, 0x34, 0xfd, 0x13, 0xfd, 0x13, 0xfd, 0x13, 0xfd, 0x12, 0xfd, 0xf2, 0xfc, 0x12, 0xfd,
  0x12, 0xfd, 0x13, 0xfd, 0x12, 0xfd, 0xf2, 0xfc, 0xf2, 0xfc, 0xf2, 0xfc, 0xd1, 0xfc, 0xb1, 0xfc,
  0xb1, 0xfc, 0xb1, 0xfc, 0x90, 0xfc, 0x90, 0xfc, 0x70, 0xfc, 0x70, 0xfc, 0x70, 0xfc, 0x70, 0xfc,
  0x4f, 0xfc, 0x4f, 0xfc, 0x0a, 0xf3, 0x67, 0xb9, 0x26, 0x99, 0x06, 0x91, 0x06, 0x89, 0x06, 0x81,
  0x06, 0x81, 0x06, 0x79, 0xe6, 0x70, 0xc6, 0x68, 0xc6, 0x68, 0xa6, 0x50, 0xc7, 0xc1, 0x07, 0xda,
  0x66, 0x38, 0x65, 0x30, 0x86, 0x38, 0x86, 0x38, 0x86, 0x30, 0x86, 0x30, 0xa7, 0x30, 0xa7, 0x30,
  0xa7, 0x30, 0xa7, 0x28, 0xa7, 0x28, 0xa7, 0x20, 0xa7, 0x20, 0xc7, 0x20, 0xc7, 0x20, 0xc7, 0x20,
  0xf4, 0xfc, 0xf4, 0xfc, 0xf4, 0xfc, 0xf4, 0xfc, 0xf4, 0xfc, 0xf4, 0xfc, 0xf4, 0xfc, 0xf4, 0xfc,
  0x14, 0xfd, 0xf4, 0xfc, 0x14, 0xfd, 0x14, 0xfd, 0x14, 0xfd, 0x14, 0xfd, 0x14, 0xfd, 0x14, 0xfd,
  0x13, 0xfd, 0x14, 0xfd, 0xf3, 0xfc, 0xf3, 0xfc, 0xf3, 0xfc, 0xf3, 0xfc, 0xf3, 0xfc, 0xf3, 0xfc,
  0xf3, 0xfc, 0xf3, 0xfc, 0xf3, 0xfc, 0x14, 0xfd, 0x34, 0xfd, 0x54, 0xfd, 0x75, 0xfd, 0xb5, 0xfd,
  0xd6, 0xfd, 0xf7, 0xfd, 0x38, 0xfe, 0x59, 0xfe, 0xba, 0xfe, 0xba, 0xfe, 0x1b, 0xff, 0xfb, 0xfe,
  0x3c, 0xff, 0x3c, 0xff, 0x5c, 0xff, 0x5c, 0xff, 0x5c, 0xff, 0x5c, 0xff, 0x3c, 0xff, 0x3c, 0xff,
  0x1b, 0xff, 0xfb, 0xfe, 0xda, 0xfe, 0xba, 0xfe, 0x99, 0xfe, 0x99, 0xfe, 0x99, 0xfe, 0xda, 0xfe,
  0xda, 0xfe, 0xdb, 0xfe, 0xba, 0xfe, 0xba, 0xfe, 0xda, 0xfe, 0xda, 0xfe, 0xdb, 0xfe, 0xfb, 0xfe,
  0xfa, 0xfe, 0xfb, 0xfe, 0x3c, 0xff, 0x7d, 0xff, 0x1b, 0xff, 0xba, 0xfe, 0xfb, 0xfe, 0xfb, 0xfe,
  0x5c, 0xff, 0xfe, 0xff, 0xff, 0xff, 0xfe, 0xff, 0xff, 0xff, 0xff, 0xff, 0xff, 0xff, 0xff, 0xff,
  0xff, 0xff, 0xfe, 0xff, 0xbe, 0xff, 0x7d, 0xff, 0x5d, 0xff, 0x7d, 0xff, 0x3c, 0xff, 0x5c, 0xff,
  0x7c, 0xff, 0x3c, 0xff, 0xdb, 0xfe, 0xbb, 0xfe, 0xbb, 0xfe, 0x9a, 0xfe, 0x9a, 0xfe, 0x9a, 0xfe,
  0xfb, 0xfe, 0xda, 0xfe, 0x58, 0xfe, 0x78, 0xfe, 0x58, 0xfe, 0xb6, 0xfd, 0xb6, 0xfd, 0x95, 0xfd,
  0x75, 0xfd, 0x54, 0xfd, 0x34, 0xfd, 0x13, 0xfd, 0x13, 0xfd, 0xf3, 0xfc, 0x13, 0xfd, 0xf2, 0xfc,
  0xf2, 0xfc, 0xf2, 0xfc, 0xf2, 0xfc, 0xf2, 0xfc, 0xd2, 0xfc, 0xd1, 0xfc, 0xb1, 0xfc, 0x90, 0xfc,
  0x70, 0xfc, 0x70, 0xfc, 0x50, 0xfc, 0x4f, 0xfc, 0x4f, 0xfc, 0x4f, 0xfc, 0x2f, 0xfc, 0x2f, 0xfc,
  0x0e, 0xfc, 0x6c, 0xfb, 0x08, 0xda, 0x47, 0xa1, 0x47, 0x99, 0x26, 0x91, 0x26, 0x89, 0x06, 0x89,
  0x06, 0x81, 0x06, 0x79, 0xe6, 0x70, 0xc6, 0x68, 0xc6, 0x68, 0xa6, 0x58, 0x07, 0xda, 0xa7, 0xb1,
  0x66, 0x38, 0x86, 0x40, 0x86, 0x38, 0x86, 0x38, 0xa7, 0x38, 0xa7, 0x38, 0xa7, 0x30, 0xa7, 0x30,
  0xa7, 0x28, 0xa7, 0x28, 0xa7, 0x28, 0xa7, 0x20, 0xa7, 0x20, 0xa7, 0x20, 0xc7, 0x20, 0xc8, 0x20,
  0xf4, 0xfc, 0xf4, 0xfc, 0xf4, 0xfc, 0xf4, 0xfc, 0xf3, 0xfc, 0xf3, 0xfc, 0xf3, 0xfc, 0xf3, 0xfc,
  0xf3, 0xfc, 0xf3, 0xfc, 0xf3, 0xfc, 0xf3, 0xfc, 0xf3, 0xfc, 0xf3, 0xfc, 0xf3, 0xfc, 0x13, 0xfd,
  0x34, 0xfd, 0x34, 0xfd, 0x54, 0xfd, 0x55, 0xfd, 0x95, 0xfd, 0xb6, 0xfd, 0xd6, 0xfd, 0x17, 0xfe,
  0x37, 0xfe, 0x79, 0xfe, 0xb9, 0xfe, 0xda, 0xfe, 0xfa, 0xfe, 0xfb, 0xfe, 0xfb, 0xfe, 0xfb, 0xfe,
  0xfa, 0xfe, 0xda, 0xfe, 0xba, 0xfe, 0xb9, 0xfe, 0x79, 0xfe, 0x58, 0xfe, 0x38, 0xfe, 0x17, 0xfe,
  0x17, 0xfe, 0xf6, 0xfd, 0xd6, 0xfd, 0xd6, 0xfd, 0xb6, 0xfd, 0xb6, 0xfd, 0x95, 0xfd, 0x95, 0xfd,
  0x94, 0xfd, 0x95, 0xfd, 0xb5, 0xfd, 0xd6, 0xfd, 0xf7, 0xfd, 0x17, 0xfe, 0xf7, 0xfd, 0x17, 0xfe,
  0x79, 0xfe, 0x79, 0xfe, 0x99, 0xfe, 0xba, 0xfe, 0xdb, 0xfe, 0xda, 0xfe, 0xda, 0xfe, 0xda, 0xfe,
  0xda, 0xfe, 0x99, 0xfe, 0xb9, 0xfe, 0x1b, 0xff, 0xda, 0xfe, 0xb9, 0xfe, 0xba, 0xfe, 0xda, 0xfe,
  0xbc, 0xff, 0xfd, 0xff, 0x5c, 0xff, 0x9c, 0xff, 0x9d, 0xff, 0xbd, 0xff, 0xde, 0xff, 0xfe, 0xff,
  0xfe, 0xff, 0x9d, 0xff, 0x1c, 0xff, 0xfb, 0xfe, 0x1b, 0xff, 0xdb, 0xfe, 0xfb, 0xfe, 0xfb, 0xfe,
  0x1c, 0xff, 0x1b, 0xff, 0xbb, 0xfe, 0xdb, 0xfe, 0xfb, 0xfe, 0xdb, 0xfe, 0x79, 0xfe, 0x79, 0xfe,
  0xda, 0xfe, 0x58, 0xfe, 0xda, 0xfe, 0x99, 0xfe, 0xf7, 0xfd, 0xb6, 0xfd, 0x95, 0xfd, 0x74, 0xfd,
  0x75, 0xfd, 0x74, 0xfd, 0x54, 0xfd, 0x34, 0xfd, 0x33, 0xfd, 0x13, 0xfd, 0x13, 0xfd, 0xf3, 0xfc,
  0xf3, 0xfc, 0xf2, 0xfc, 0xd2, 0xfc, 0xd1, 0xfc, 0xb1, 0xfc, 0x90, 0xfc, 0x70, 0xfc, 0x2f, 0xfc,
  0x0f, 0xfc, 0x2f, 0xfc, 0x2f, 0xfc, 0x2f, 0xfc, 0x0f, 0xfc, 0x2f, 0xfc, 0xee, 0xfb, 0xee, 0xfb,
  0xee, 0xfb, 0x4b, 0xfb, 0xe8, 0xc1, 0x26, 0x99, 0x47, 0x99, 0x27, 0x91, 0x26, 0x91, 0x06, 0x89,
  0x06, 0x81, 0x07, 0x79, 0xe7, 0x70, 0xe7, 0x68, 0xc6, 0x60, 0xc6, 0x60, 0x47, 0xf2, 0x07, 0x71,
  0x86, 0x38, 0x86, 0x40, 0x86, 0x38, 0xa7, 0x38, 0xa7, 0x38, 0xa7, 0x38, 0xa7, 0x30, 0xa7, 0x30,
  0xa7, 0x28, 0xa7, 0x28, 0xa7, 0x20, 0xa7, 0x20, 0xa7, 0x20, 0xa7, 0x20, 0xc7, 0x20, 0xc8, 0x20,
  0xf3, 0xfc, 0xf3, 0xfc, 0xf3, 0xfc, 0xf3, 0xfc, 0x13, 0xfd, 0x14, 0xfd, 0x14, 0xfd, 0x34, 0xfd,
  0x54, 0xfd, 0x75, 0xfd, 0x75, 0xfd, 0x95, 0xfd, 0xd6, 0xfd, 0xf6, 0xfd, 0xf6, 0xfd, 0xf6, 0xfd,
  0xf6, 0xfd, 0x17, 0xfe, 0x58, 0xfe, 0x78, 0xfe, 0x58, 0xfe, 0x58, 0xfe, 0x58, 0xfe, 0x37, 0xfe,
  0x37, 0xfe, 0x17, 0xfe, 0xf6, 0xfd, 0xb6, 0xfd, 0x95, 0xfd, 0x95, 0xfd, 0x54, 0xfd, 0x54, 0xfd,
  0x33, 0xfd, 0x13, 0xfd, 0x13, 0xfd, 0xf2, 0xfc, 0xf2, 0xfc, 0xf2, 0xfc, 0xf2, 0xfc, 0xf2, 0xfc,
  0xf3, 0xfc, 0x13, 0xfd, 0x13, 0xfd, 0x33, 0xfd, 0x33, 0xfd, 0x33, 0xfd, 0x34, 0xfd, 0x34, 0xfd,
  0x13, 0xfd, 0x12, 0xfd, 0x12, 0xfd, 0x33, 0xfd, 0x94, 0xfd, 0xd5, 0xfd, 0xf6, 0xfd, 0xb6, 0xfd,
  0xd6, 0xfd, 0xf7, 0xfd, 0xd6, 0xfd, 0x38, 0xfe, 0x99, 0xfe, 0x38, 0xfe, 0xf7, 0xfd, 0x38, 0xfe,
  0x9a, 0xfe, 0xdb, 0xfe, 0xdb, 0xfe, 0x79, 0xfe, 0x79, 0xfe, 0xdb, 0xfe, 0xba, 0xfe, 0x3b, 0xff,
  0x3b, 0xff, 0xfb, 0xfe, 0xfb, 0xfe, 0x1b, 0xff, 0x5c, 0xff, 0x5d, 0xff, 0x3c, 0xff, 0xbc, 0xff,
  0xbc, 0xff, 0x7c, 0xff, 0xdb, 0xfe, 0xfb, 0xfe, 0xfb, 0xfe, 0xdb, 0xfe, 0x3c, 0xff, 0xba, 0xfe,
  0xfb, 0xfe, 0xdb, 0xfe, 0xbb, 0xfe, 0x1c, 0xff, 0xba, 0xfe, 0x9a, 0xfe, 0x59, 0xfe, 0x59, 0xfe,
  0x38, 0xfe, 0xba, 0xfe, 0x38, 0xfe, 0xb6, 0xfd, 0xb6, 0xfd, 0xb6, 0xfd, 0xb6, 0xfd, 0xb6, 0xfd,
  0x95, 0xfd, 0x75, 0xfd, 0x74, 0xfd, 0x54, 0xfd, 0x34, 0xfd, 0x13, 0xfd, 0xf3, 0xfc, 0xd2, 0xfc,
  0xb1, 0xfc, 0x50, 0xfc, 0x0f, 0xf4, 0xce, 0xf3, 0xce, 0xf3, 0xae, 0xeb, 0x8d, 0xeb, 0xad, 0xf3,
  0xad, 0xfb, 0xce, 0xf3, 0xee, 0xfb, 0xee, 0xfb, 0xee, 0xfb, 0xad, 0xfb, 0xad, 0xfb, 0xad, 0xfb,
  0x6c, 0xfb, 0x2a, 0xfb, 0xa8, 0xb1, 0x27, 0x99, 0x47, 0x99, 0x27, 0x91, 0x26, 0x89, 0x06, 0x81,
  0x07, 0x81, 0x07, 0x79, 0xe7, 0x70, 0xe7, 0x68, 0xe7, 0x68, 0x87, 0xa9, 0x87, 0xa9, 0xa6, 0x50,
  0x86, 0x40, 0x86, 0x40, 0x86, 0x38, 0xa7, 0x40, 0xa7, 0x38, 0xa7, 0x38, 0xa7, 0x30, 0xa7, 0x30,
  0xa7, 0x28, 0xa7, 0x28, 0xa7, 0x20, 0xa7, 0x20, 0xa7, 0x20, 0xa7, 0x20, 0xc7, 0x20, 0xc8, 0x20,
  0x95, 0xfd, 0x95, 0xfd, 0xb6, 0xfd, 0xd6, 0xfd, 0xd6, 0xfd, 0xf7, 0xfd, 0xf7, 0xfd, 0xf7, 0xfd,
  0x17, 0xfe, 0xf7, 0xfd, 0xf6, 0xfd, 0xf6, 0xfd, 0xb5, 0xfd, 0x34, 0xf5, 0x13, 0xfd, 0x13, 0xfd,
  0xd2, 0xfc, 0xd2, 0xfc, 0xd2, 0xfc, 0xd2, 0xf4, 0xd2, 0xfc, 0xb2, 0xfc, 0xd2, 0xfc, 0xb2, 0xfc,
  0xb2, 0xfc, 0xd2, 0xfc, 0xd2, 0xfc, 0xd2, 0xfc, 0xd2, 0xfc, 0xd2, 0xfc, 0xd2, 0xfc, 0xd2, 0xfc,
  0xd2, 0xfc, 0xd2, 0xfc, 0xd2, 0xfc, 0xb2, 0xfc, 0xb2, 0xfc, 0xd2, 0xfc, 0xd2, 0xfc, 0xd2, 0xfc,
  0xd2, 0xfc, 0xd2, 0xfc, 0xd2, 0xfc, 0xd2, 0xfc, 0xf2, 0xfc, 0xd2, 0xfc, 0xd2, 0xfc, 0xd2, 0xfc,
  0xd2, 0xfc, 0xf2, 0xfc, 0xf2, 0xfc, 0xf3, 0xfc, 0xf2, 0xfc, 0x13, 0xfd, 0x53, 0xfd, 0xb5, 0xfd,
  0xf6, 0xfd, 0xd6, 0xfd, 0xb6, 0xfd, 0x95, 0xfd, 0x94, 0xfd, 0xf6, 0xfd, 0xf7, 0xfd, 0xd7, 0xfd,
  0xd7, 0xfd, 0x18, 0xfe, 0x59, 0xfe, 0x38, 0xfe, 0x18, 0xfe, 0x59, 0xfe, 0xfa, 0xfe, 0xf9, 0xfe,
  0x58, 0xfe, 0x79, 0xfe, 0x79, 0xfe, 0x59, 0xfe, 0xda, 0xfe, 0xba, 0xfe, 0x9a, 0xfe, 0x3b, 0xff,
  0x1b, 0xff, 0xd9, 0xfe, 0x79, 0xfe, 0x9a, 0xfe, 0xba, 0xfe, 0xba, 0xfe, 0x9a, 0xfe, 0x59, 0xfe,
  0xba, 0xfe, 0xdb, 0xfe, 0xdb, 0xfe, 0xba, 0xfe, 0x59, 0xfe, 0x59, 0xfe, 0xda, 0xfe, 0x58, 0xfe,
  0x17, 0xfe, 0xd7, 0xfd, 0xb6, 0xfd, 0xd7, 0xfd, 0xd7, 0xfd, 0xd7, 0xfd, 0xd7, 0xfd, 0xd6, 0xfd,
  0xb6, 0xfd, 0x96, 0xfd, 0x95, 0xfd, 0x54, 0xfd, 0x13, 0xfd, 0xd2, 0xfc, 0x70, 0xfc, 0x0e, 0xfc,
  0x8d, 0xeb, 0x6d, 0xeb, 0x4c, 0xe3, 0x0c, 0xdb, 0x0c, 0xdb, 0x0c, 0xd3, 0x2c, 0xe3, 0x2b, 0xeb,
  0x2c, 0xe3, 0x4c, 0xeb, 0x8d, 0xf3, 0xad, 0xf3, 0x8d, 0xfb, 0x6d, 0xfb, 0x6d, 0xfb, 0x4c, 0xfb,
  0xe9, 0xfa, 0x28, 0xda, 0x47, 0x99, 0x47, 0x99, 0x47, 0x91, 0x27, 0x91, 0x26, 0x89, 0x27, 0x81,
  0x07, 0x81, 0xe7, 0x70, 0x07, 0x79, 0x07, 0x79, 0xc6, 0x60, 0xc6, 0x60, 0x86, 0x40, 0xa7, 0x48,
  0x86, 0x40, 0x86, 0x38, 0xa7, 0x40, 0xa7, 0x40, 0xa7, 0x38, 0xa7, 0x38, 0xa7, 0x30, 0xa7, 0x28,
  0xa7, 0x28, 0xa7, 0x20, 0x87, 0x20, 0xa7, 0x20, 0xa7, 0x20, 0xa7, 0x20, 0xc7, 0x20, 0xc8, 0x20,
  0xd6, 0xfd, 0xb6, 0xfd, 0x95, 0xfd, 0x95, 0xfd, 0x75, 0xfd, 0x74, 0xfd, 0x54, 0xfd, 0x34, 0xfd,
  0x13, 0xfd, 0xf3, 0xfc, 0xf3, 0xfc, 0x91, 0xf4, 0x30, 0xec, 0x0f, 0xec, 0x30, 0xf4, 0x10, 0xec,
  0xef, 0xeb, 0x0f, 0xf4, 0xef, 0xeb, 0xce, 0xeb, 0xcf, 0xeb, 0xef, 0xeb, 0x0f, 0xf4, 0x50, 0xfc,
  0x50, 0xfc, 0x50, 0xf4, 0x71, 0xfc, 0x71, 0xfc, 0x91, 0xfc, 0x71, 0xfc, 0x30, 0xf4, 0x50, 0xf4,
  0x50, 0xf4, 0x30, 0xf4, 0x10, 0xec, 0x10, 0xec, 0x0f, 0xec, 0x0f, 0xec, 0x10, 0xec, 0x10, 0xec,
  0x10, 0xec, 0x10, 0xf4, 0x10, 0xf4, 0x30, 0xf4, 0x30, 0xf4, 0x30, 0xfc, 0x50, 0xfc, 0x71, 0xfc,
  0x92, 0xfc, 0x92, 0xfc, 0xb2, 0xfc, 0xd2, 0xfc, 0x13, 0xfd, 0x34, 0xfd, 0x34, 0xfd, 0x54, 0xfd,
  0x74, 0xfd, 0x54, 0xfd, 0x75, 0xfd, 0xd6, 0xfd, 0xb5, 0xfd, 0x95, 0xfd, 0xd6, 0xfd, 0xf7, 0xfd,
  0x96, 0xfd, 0xb6, 0xfd, 0xb6, 0xfd, 0xf7, 0xfd, 0x38, 0xfe, 0xd9, 0xfe, 0xfa, 0xfe, 0x79, 0xfe,
  0x18, 0xfe, 0x38, 0xfe, 0x79, 0xfe, 0x59, 0xfe, 0x38, 0xfe, 0xf8, 0xfd, 0x38, 0xfe, 0xda, 0xfe,
  0xfa, 0xfe, 0x1a, 0xff, 0xb9, 0xfe, 0x59, 0xfe, 0x79, 0xfe, 0xba, 0xfe, 0x9a, 0xfe, 0xba, 0xfe,
  0xbb, 0xfe, 0x7a, 0xfe, 0x7a, 0xfe, 0x9a, 0xfe, 0xda, 0xfe, 0xda, 0xfe, 0x59, 0xfe, 0x17, 0xfe,
  0xf7, 0xfd, 0xf7, 0xfd, 0xf7, 0xfd, 0xd6, 0xfd, 0xd6, 0xfd, 0xd7, 0xfd, 0xb6, 0xfd, 0x94, 0xfd,
  0x53, 0xfd, 0x33, 0xfd, 0x91, 0xfc, 0x90, 0xfc, 0x90, 0xfc, 0xef, 0xf3, 0xae, 0xf3, 0x8d, 0xeb,
  0x4d, 0xe3, 0x2c, 0xdb, 0x0c, 0xdb, 0xec, 0xd2, 0xec, 0xd2, 0xeb, 0xd2, 0xeb, 0xda, 0xcb, 0xca,
  0xec, 0xd2, 0xec, 0xda, 0x0c, 0xeb, 0x2c, 0xeb, 0x0c, 0xeb, 0xeb, 0xea, 0xeb, 0xea, 0xeb, 0xea,
  0x09, 0xfb, 0xe8, 0xc9, 0x27, 0x91, 0x47, 0x99, 0x47, 0x91, 0x27, 0x89, 0x26, 0x81, 0x07, 0x81,
  0xe7, 0x70, 0x47, 0x99, 0x67, 0x99, 0xe7, 0x68, 0xa6, 0x58, 0xa6, 0x50, 0xa6, 0x50, 0xa6, 0x48,
  0xa6, 0x40, 0xa7, 0x40, 0xa7, 0x40, 0xa7, 0x40, 0xa7, 0x38, 0xa7, 0x30, 0xa7, 0x30, 0xa7, 0x28,
  0x87, 0x20, 0x86, 0x20, 0x87, 0x20, 0x87, 0x20, 0xa7, 0x20, 0xc7, 0x20, 0xc7, 0x20, 0xc8, 0x20,
  0xd2, 0xfc, 0xd2, 0xfc, 0xb2, 0xfc, 0xb2, 0xfc, 0xb1, 0xfc, 0x91, 0xfc, 0x71, 0xfc, 0x71, 0xfc,
  0x91, 0xfc, 0x91, 0xfc, 0x71, 0xfc, 0xef, 0xeb, 0xef, 0xeb, 0xef, 0xeb, 0xef, 0xeb, 0xcf, 0xeb,
  0xce, 0xeb, 0xae, 0xeb, 0xce, 0xeb, 0xce, 0xeb, 0xae, 0xeb, 0xce, 0xeb, 0xae, 0xeb, 0xce, 0xeb,
  0xef, 0xf3, 0xae, 0xeb, 0x8e, 0xe3, 0xae, 0xe3, 0xae, 0xe3, 0x8e, 0xe3, 0x6e, 0xdb, 0x6e, 0xdb,
  0x6e, 0xdb, 0x6e, 0xdb, 0x6e, 0xdb, 0x8e, 0xdb, 0x8e, 0xe3, 0xaf, 0xe3, 0xaf, 0xeb, 0xcf, 0xeb,
  0xcf, 0xeb, 0xef, 0xf3, 0xef, 0xf3, 0x10, 0xf4, 0x10, 0xfc, 0x30, 0xfc, 0x30, 0xfc, 0x50, 0xfc,
  0x71, 0xfc, 0x91, 0xfc, 0x92, 0xfc, 0xb2, 0xfc, 0xd2, 0xfc, 0xf3, 0xfc, 0xf3, 0xfc, 0xd3, 0xfc,
  0xf3, 0xfc, 0x13, 0xfd, 0x34, 0xfd, 0x54, 0xfd, 0x95, 0xfd, 0x95, 0xfd, 0x55, 0xfd, 0x75, 0xfd,
  0x95, 0xfd, 0xb6, 0xfd, 0xb6, 0xfd, 0x17, 0xfe, 0x98, 0xfe, 0x78, 0xfe, 0x58, 0xfe, 0x18, 0xfe,
  0x17, 0xfe, 0xf7, 0xfd, 0x38, 0xfe, 0x38, 0xfe, 0x58, 0xfe, 0xba, 0xfe, 0x9a, 0xfe, 0x99, 0xfe,
  0xb9, 0xfe, 0x79, 0xfe, 0xf9, 0xfe, 0x38, 0xfe, 0x39, 0xfe, 0x59, 0xfe, 0x9a, 0xfe, 0xdb, 0xfe,
  0x39, 0xfe, 0x39, 0xfe, 0x59, 0xfe, 0x79, 0xfe, 0x9a, 0xfe, 0x79, 0xfe, 0x79, 0xfe, 0x79, 0xfe,
  0x38, 0xfe, 0x17, 0xfe, 0xb4, 0xfd, 0x94, 0xfd, 0x53, 0xfd, 0x33, 0xfd, 0x33, 0xfd, 0xb1, 0xfc,
  0x30, 0xfc, 0x10, 0xfc, 0x30, 0xfc, 0xce, 0xf3, 0xae, 0xf3, 0x6d, 0xe3, 0x6d, 0xeb, 0x4d, 0xeb,
  0x2c, 0xe3, 0xec, 0xda, 0xcb, 0xd2, 0x0b, 0xe3, 0x2b, 0xeb, 0xab, 0xca, 0x8b, 0xc2, 0x8b, 0xca,
  0xab, 0xca, 0xab, 0xd2, 0xab, 0xda, 0xab, 0xda, 0xaa, 0xda, 0xaa, 0xda, 0x8a, 0xda, 0xaa, 0xea,
  0xe9, 0xfa, 0xa9, 0xf2, 0x47, 0xa1, 0x47, 0x91, 0x47, 0x91, 0x26, 0x89, 0x26, 0x81, 0x07, 0x79,
  0x67, 0xa1, 0xe7, 0xd9, 0xe7, 0x68, 0xc6, 0x60, 0xc6, 0x58, 0xa6, 0x50, 0xa6, 0x48, 0xa7, 0x48,
  0xa7, 0x48, 0xa7, 0x48, 0xa7, 0x40, 0xa7, 0x40, 0xa7, 0x38, 0xa7, 0x30, 0x86, 0x28, 0x86, 0x20,
  0x86, 0x20, 0x87, 0x20, 0xa7, 0x20, 0xa7, 0x20, 0xc7, 0x20, 0xc7, 0x20, 0xc7, 0x20, 0xc8, 0x20,
  0x91, 0xfc, 0x71, 0xfc, 0x50, 0xf4, 0x50, 0xf4, 0x50, 0xfc, 0x0f, 0xec, 0xef, 0xeb, 0x0f, 0xec,
  0x50, 0xf4, 0x30, 0xf4, 0x0f, 0xf4, 0xcf, 0xeb, 0xcf, 0xeb, 0xce, 0xeb, 0xae, 0xeb, 0xae, 0xeb,
  0xae, 0xeb, 0xae, 0xeb, 0x8e, 0xe3, 0x8e, 0xe3, 0x8e, 0xe3, 0x8e, 0xe3, 0x8e, 0xe3, 0x8e, 0xe3,
  0x6e, 0xe3, 0x6e, 0xdb, 0x4d, 0xdb, 0x6e, 0xdb, 0x6e, 0xdb, 0x6e, 0xdb, 0x6e, 0xdb, 0x6e, 0xe3,
  0x8e, 0xe3, 0x8e, 0xeb, 0xae, 0xeb, 0xce, 0xeb, 0xce, 0xf3, 0xef, 0xf3, 0xef, 0xf3, 0x0f, 0xfc,
  0x0f, 0xfc, 0x30, 0xfc, 0x30, 0xfc, 0x30, 0xfc, 0x50, 0xfc, 0x50, 0xfc, 0x70, 0xfc, 0x71, 0xfc,
  0x91, 0xfc, 0x91, 0xfc, 0x91, 0xfc, 0xb2, 0xfc, 0xb2, 0xfc, 0xd2, 0xfc, 0xd2, 0xfc, 0xf2, 0xfc,
  0xf3, 0xfc, 0x13, 0xfd, 0x14, 0xfd, 0x13, 0xfd, 0x74, 0xfd, 0xb6, 0xfd, 0x74, 0xfd, 0x75, 0xfd,
  0x95, 0xfd, 0xb6, 0xfd, 0xb6, 0xfd, 0xd6, 0xfd, 0xf6, 0xfd, 0xd6, 0xfd, 0x96, 0xfd, 0x96, 0xfd,
  0xb6, 0xfd, 0xf7, 0xfd, 0xf7, 0xfd, 0x17, 0xfe, 0x38, 0xfe, 0x18, 0xfe, 0x18, 0xfe, 0x38, 0xfe,
  0x78, 0xfe, 0x18, 0xfe, 0x78, 0xfe, 0x58, 0xfe, 0x18, 0xfe, 0x18, 0xfe, 0x39, 0xfe, 0x59, 0xfe,
  0x59, 0xfe, 0x59, 0xfe, 0x59, 0xfe, 0x79, 0xfe, 0x59, 0xfe, 0x59, 0xfe, 0x79, 0xfe, 0x39, 0xfe,
  0x38, 0xfe, 0xf7, 0xfd, 0xb4, 0xfd, 0xd4, 0xfc, 0x72, 0xfc, 0x51, 0xfc, 0x71, 0xfc, 0x51, 0xfc,
  0xf0, 0xfb, 0x0f, 0xfc, 0xef, 0xfb, 0xaf, 0xf3, 0x6e, 0xeb, 0x4d, 0xeb, 0x2d, 0xe3, 0x2c, 0xe3,
  0xec, 0xda, 0xcb, 0xca, 0xab, 0xca, 0xcb, 0xca, 0x8b, 0xc2, 0x6b, 0xba, 0x6a, 0xc2, 0x6a, 0xca,
  0x6a, 0xca, 0x6a, 0xca, 0x6a, 0xca, 0x6a, 0xca, 0x6a, 0xd2, 0x6a, 0xd2, 0x6a, 0xd2, 0xc9, 0xfa,
  0xe9, 0xfa, 0x28, 0xd2, 0x67, 0xa9, 0x27, 0x89, 0x27, 0x89, 0x26, 0x81, 0x26, 0x81, 0xe6, 0x70,
  0xa7, 0xb9, 0x67, 0x99, 0xc7, 0x58, 0xc6, 0x60, 0xa6, 0x50, 0xa6, 0x48, 0xa7, 0x48, 0xa7, 0x48,
  0xa7, 0x48, 0xa7, 0x40, 0xa7, 0x40, 0xa7, 0x40, 0xa7, 0x30, 0x86, 0x28, 0x86, 0x20, 0x86, 0x20,
  0x86, 0x20, 0xa7, 0x20, 0xa7, 0x20, 0xa7, 0x20, 0xc7, 0x20, 0xc7, 0x20, 0xc7, 0x20, 0xc8, 0x20,
  0x0f, 0xf4, 0xcf, 0xeb, 0xaf, 0xeb, 0xcf, 0xeb, 0xce, 0xeb, 0xae, 0xeb, 0xce, 0xeb, 0xae, 0xeb,
  0xae, 0xeb, 0xce, 0xeb, 0xce, 0xeb, 0xae, 0xeb, 0xae, 0xe3, 0xae, 0xe3, 0x8e, 0xe3, 0xae, 0xe3,
  0x8e, 0xe3, 0x8e, 0xe3, 0x8e, 0xe3, 0x6d, 0xdb, 0x6d, 0xdb, 0x6d, 0xdb, 0x6d, 0xe3, 0x6d, 0xdb,
  0x6d, 0xdb, 0x6d, 0xe3, 0x6d, 0xe3, 0x6d, 0xdb, 0x6d, 0xe3, 0x6d, 0xe3, 0x6d, 0xe3, 0x6d, 0xe3,
  0x8d, 0xe3, 0x8d, 0xeb, 0x8e, 0xeb, 0xae, 0xeb, 0xae, 0xeb, 0xae, 0xf3, 0xce, 0xf3, 0xce, 0xf3,
  0xcf, 0xf3, 0xef, 0xfb, 0xef, 0xfb, 0x0f, 0xfc, 0x0f, 0xfc, 0x30, 0xfc, 0x50, 0xfc, 0x50, 0xfc,
  0x70, 0xfc, 0x70, 0xfc, 0x71, 0xfc, 0x91, 0xfc, 0x91, 0xfc, 0x91, 0xfc, 0xb1, 0xfc, 0xb2, 0xfc,
  0xd1, 0xfc, 0xf2, 0xfc, 0x33, 0xfd, 0x53, 0xfd, 0x13, 0xfd, 0x54, 0xfd, 0x34, 0xfd, 0x33, 0xfd,
  0x54, 0xfd, 0x74, 0xfd, 0xb5, 0xfd, 0xd6, 0xfd, 0xd6, 0xfd, 0xb6, 0xfd, 0xf7, 0xfd, 0xd7, 0xfd,
  0xd6, 0xfd, 0xb6, 0xfd, 0xd7, 0xfd, 0x17, 0xfe, 0xf7, 0xfd, 0xf7, 0xfd, 0xb6, 0xfd, 0xf6, 0xfd,
  0x57, 0xfe, 0xf7, 0xfd, 0x38, 0xfe, 0x78, 0xfe, 0x38, 0xfe, 0x18, 0xfe, 0xf7, 0xfd, 0x18, 0xfe,
  0x39, 0xfe, 0x38, 0xfe, 0x18, 0xfe, 0xba, 0xfe, 0x99, 0xfe, 0x18, 0xfe, 0x18, 0xfe, 0xf7, 0xfd,
  0xd6, 0xfd, 0xf5, 0xfd, 0x15, 0xfe, 0xb5, 0xfd, 0x73, 0xfd, 0xd2, 0xfc, 0x30, 0xfc, 0xf0, 0xfb,
  0x4f, 0xfc, 0x4f, 0xfc, 0xce, 0xfb, 0xae, 0xf3, 0x6e, 0xf3, 0x4d, 0xeb, 0x2c, 0xe3, 0xec, 0xda,
  0xec, 0xda, 0x0b, 0xdb, 0xab, 0xca, 0x8b, 0xc2, 0x6a, 0xba, 0x6a, 0xc2, 0x4a, 0xc2, 0x4a, 0xc2,
  0x4a, 0xc2, 0x4a, 0xc2, 0x4a, 0xca, 0x29, 0xca, 0x09, 0xca, 0x09, 0xca, 0x4a, 0xca, 0x89, 0xe2,
  0xe9, 0xfa, 0x08, 0xca, 0x88, 0xa9, 0x67, 0x99, 0x27, 0x89, 0x06, 0x81, 0x06, 0x81, 0xe6, 0x70,
  0xc7, 0xc1, 0x47, 0x91, 0xa6, 0x58, 0xc6, 0x58, 0xa6, 0x50, 0xa6, 0x48, 0xa6, 0x48, 0xa7, 0x48,
  0xa7, 0x48, 0xa7, 0x40, 0xa7, 0x38, 0xa7, 0x38, 0x86, 0x28, 0x86, 0x28, 0x86, 0x20, 0x86, 0x20,
  0xa7, 0x20, 0xa7, 0x20, 0xa7, 0x20, 0xa7, 0x20, 0xc7, 0x20, 0xc7, 0x20, 0xc7, 0x20, 0xc8, 0x20,
  0xae, 0xeb, 0xae, 0xe3, 0xae, 0xe3, 0xae, 0xe3, 0xae, 0xe3, 0xae, 0xe3, 0x8e, 0xe3, 0x8e, 0xe3,
  0x8e, 0xe3, 0x8e, 0xe3, 0x8e, 0xe3, 0x8e, 0xe3, 0x8d, 0xe3, 0x8d, 0xe3, 0x6d, 0xe3, 0x6d, 0xdb,
  0x6d, 0xdb, 0x6d, 0xdb, 0x4d, 0xdb, 0x4d, 0xdb, 0x4d, 0xdb, 0x4d, 0xdb, 0x4d, 0xdb, 0x4d, 0xdb,
  0x4d, 0xdb, 0x4d, 0xdb, 0x4d, 0xdb, 0x4d, 0xdb, 0x4d, 0xdb, 0x4d, 0xdb, 0x4d, 0xe3, 0x4d, 0xe3,
  0x6d, 0xe3, 0x6d, 0xe3, 0x8d, 0xeb, 0x8d, 0xeb, 0x8e, 0xeb, 0xae, 0xeb, 0xae, 0xf3, 0xae, 0xf3,
  0xae, 0xf3, 0xce, 0xf3, 0xce, 0xfb, 0xce, 0xfb, 0xef, 0xfb, 0x0f, 0xfc, 0x2f, 0xfc, 0x2f, 0xfc,
  0xce, 0xfb, 0xad, 0xfb, 0xcd, 0xfb, 0x2f, 0xfc, 0x70, 0xfc, 0x70, 0xfc, 0x71, 0xfc, 0x91, 0xfc,
  0x91, 0xfc, 0xd1, 0xfc, 0x74, 0xfd, 0x33, 0xfd, 0x13, 0xfd, 0xf3, 0xfc, 0xb5, 0xfd, 0xb5, 0xfd,
  0x13, 0xfd, 0x54, 0xfd, 0xd4, 0xfd, 0x95, 0xfd, 0x96, 0xfd, 0xb6, 0xfd, 0xd6, 0xfd, 0xb6, 0xfd,
  0xf7, 0xfd, 0xba, 0xfe, 0x79, 0xfe, 0xf7, 0xfd, 0x59, 0xfe, 0x58, 0xfe, 0x95, 0xfd, 0x54, 0xfd,
  0x98, 0xfe, 0xfa, 0xfe, 0x78, 0xfe, 0x57, 0xfe, 0x58, 0xfe, 0xb6, 0xfd, 0xb6, 0xfd, 0xd7, 0xfd,
  0x18, 0xfe, 0x18, 0xfe, 0x79, 0xfe, 0x99, 0xfe, 0xf8, 0xfd, 0xd7, 0xfd, 0xd5, 0xfd, 0x95, 0xfd,
  0x34, 0xfd, 0x94, 0xfd, 0x53, 0xfd, 0xd3, 0xfc, 0x71, 0xfc, 0x10, 0xfc, 0xd0, 0xfb, 0xef, 0xfb,
  0xef, 0xfb, 0x6e, 0xf3, 0x4d, 0xf3, 0x4d, 0xf3, 0x2d, 0xeb, 0x0c, 0xe3, 0xec, 0xda, 0xcc, 0xd2,
  0x0c, 0xdb, 0xcb, 0xd2, 0x8b, 0xc2, 0x6b, 0xc2, 0x6a, 0xba, 0x4a, 0xba, 0x4a, 0xc2, 0x4a, 0xc2,
  0x6a, 0xd2, 0x29, 0xc2, 0x29, 0xc2, 0x29, 0xc2, 0x09, 0xc2, 0x09, 0xca, 0x09, 0xc2, 0x89, 0xda,
  0xc9, 0xfa, 0x88, 0xb1, 0x88, 0xa9, 0x88, 0xa9, 0x68, 0x99, 0x47, 0x91, 0x27, 0x81, 0xe7, 0x68,
  0xe7, 0xd1, 0xe7, 0xd1, 0xa6, 0x50, 0xa6, 0x50, 0xa6, 0x48, 0xa6, 0x48, 0xa6, 0x40, 0xa7, 0x48,
  0xa7, 0x48, 0xa7, 0x40, 0xa7, 0x38, 0x86, 0x30, 0x86, 0x28, 0x86, 0x28, 0x86, 0x20, 0x86, 0x20,
  0xa7, 0x20, 0xa7, 0x20, 0xa7, 0x20, 0xa7, 0x20, 0xc7, 0x20, 0xc7, 0x20, 0xc7, 0x20, 0xc8, 0x20,
  0x8e, 0xe3, 0x8e, 0xdb, 0x8e, 0xdb, 0x8e, 0xe3, 0x8d, 0xdb, 0x8d, 0xdb, 0x8d, 0xdb, 0x8d, 0xdb,
  0x8d, 0xdb, 0x6d, 0xdb, 0x6d, 0xdb, 0x6d, 0xdb, 0x6d, 0xdb, 0x4d, 0xd3, 0x4d, 0xd3, 0x2d, 0xd3,
  0x4d, 0xd3, 0x4d, 0xd3, 0x4d, 0xd3, 0x2d, 0xd3, 0x2d, 0xd3, 0x2c, 0xd3, 0x2c, 0xdb, 0x2d, 0xdb,
  0x4d, 0xdb, 0x4d, 0xdb, 0x4c, 0xdb, 0x4d, 0xdb, 0x4d, 0xdb, 0x2d, 0xdb, 0x4d, 0xe3, 0x6d, 0xe3,
  0x6d, 0xe3, 0x8d, 0xeb, 0x8e, 0xeb, 0x8e, 0xeb, 0xae, 0xeb, 0xae, 0xf3, 0xae, 0xf3, 0xae, 0xf3,
  0xae, 0xf3, 0xce, 0xf3, 0xce, 0xfb, 0xef, 0xfb, 0xef, 0xfb, 0x0f, 0xfc, 0x30, 0xfc, 0x0f, 0xfc,
  0x8c, 0xfb, 0x8c, 0xfb, 0xcd, 0xfb, 0xee, 0xfb, 0x4f, 0xfc, 0x70, 0xfc, 0x91, 0xfc, 0x91, 0xfc,
  0x91, 0xfc, 0x91, 0xfc, 0xd2, 0xfc, 0x33, 0xfd, 0x13, 0xfd, 0x54, 0xfd, 0x33, 0xfd, 0x78, 0xfe,
  0x33, 0xfd, 0x33, 0xfd, 0x74, 0xfd, 0x74, 0xfd, 0x54, 0xfd, 0x95, 0xfd, 0x95, 0xfd, 0x54, 0xfd,
  0x95, 0xfd, 0xd6, 0xfd, 0xb5, 0xfd, 0x95, 0xfd, 0xb6, 0xfd, 0x55, 0xfd, 0x54, 0xfd, 0x34, 0xfd,
  0xd5, 0xfd, 0xd6, 0xfd, 0x75, 0xfd, 0xb5, 0xfd, 0xb5, 0xfd, 0x76, 0xfd, 0xb6, 0xfd, 0xd7, 0xfd,
  0xd7, 0xfd, 0xd7, 0xfd, 0xd6, 0xfd, 0x94, 0xfd, 0x73, 0xfd, 0x53, 0xfd, 0x53, 0xfd, 0x34, 0xfd,
  0xd3, 0xfc, 0x94, 0xfd, 0x92, 0xfc, 0x51, 0xfc, 0xd1, 0xfc, 0xb1, 0xfc, 0xef, 0xfb, 0xcf, 0xfb,
  0x8e, 0xfb, 0x4e, 0xf3, 0x4d, 0xf3, 0x2d, 0xeb, 0x0c, 0xe3, 0xec, 0xda, 0xec, 0xda, 0xcc, 0xd2,
  0xab, 0xca, 0x8b, 0xc2, 0x8b, 0xc2, 0x6a, 0xc2, 0x6a, 0xc2, 0x4a, 0xc2, 0x4a, 0xc2, 0x6a, 0xd2,
  0xa9, 0xe2, 0xa9, 0xe2, 0x49, 0xca, 0x2a, 0xc2, 0x4a, 0xc2, 0x29, 0xca, 0x29, 0xc2, 0x69, 0xda,
  0xe9, 0xfa, 0xe8, 0xc1, 0x67, 0xa1, 0x67, 0x99, 0x68, 0x99, 0x68, 0x99, 0x68, 0x91, 0x07, 0x79,
  0x07, 0x71, 0x67, 0x91, 0xe7, 0x60, 0xa6, 0x48, 0xa6, 0x48, 0xa6, 0x48, 0xa7, 0x48, 0xa7, 0x48,
  0xa7, 0x40, 0xa7, 0x38, 0xa7, 0x38, 0x86, 0x28, 0x86, 0x28, 0x86, 0x20, 0x86, 0x20, 0x87, 0x20,
  0xa7, 0x20, 0xa7, 0x20, 0xa7, 0x20, 0xa7, 0x20, 0xc7, 0x20, 0xc7, 0x20, 0xc7, 0x20, 0xc7, 0x20,
  0x6d, 0xdb, 0x6d, 0xdb, 0x6d, 0xdb, 0x6d, 0xdb, 0x6d, 0xdb, 0x4d, 0xdb, 0x4d, 0xdb, 0x4d, 0xd3,
  0x2d, 0xd3, 0x2d, 0xcb, 0x2d, 0xcb, 0x2d, 0xcb, 0x0d, 0xc3, 0x0d, 0xc3, 0x0c, 0xc3, 0x0c, 0xcb,
  0x2d, 0xd3, 0x2d, 0xd3, 0x2d, 0xd3, 0x2d, 0xd3, 0x2c, 0xd3, 0x2c, 0xd3, 0x2d, 0xd3, 0x4d, 0xdb,
  0x4d, 0xdb, 0x4d, 0xd3, 0x4d, 0xd3, 0x4d, 0xd3, 0x4d, 0xd3, 0x2d, 0xdb, 0x4d, 0xdb, 0x4d, 0xdb,
  0x6d, 0xe3, 0x6d, 0xe3, 0x6d, 0xeb, 0x8d, 0xeb, 0x8d, 0xf3, 0x8e, 0xf3, 0xae, 0xf3, 0xae, 0xf3,
  0xae, 0xf3, 0xce, 0xfb, 0xef, 0xfb, 0x0f, 0xfc, 0x0f, 0xfc, 0x2f, 0xfc, 0x50, 0xfc, 0x50, 0xfc,
  0x2f, 0xfc, 0x2f, 0xfc, 0x91, 0xfc, 0x91, 0xfc, 0x91, 0xfc, 0xb2, 0xfc, 0xb1, 0xfc, 0xb1, 0xfc,
  0xb2, 0xfc, 0xb2, 0xfc, 0x91, 0xfc, 0x91, 0xfc, 0x91, 0xfc, 0xb2, 0xfc, 0xd2, 0xfc, 0x13, 0xfd,
  0x13, 0xfd, 0x53, 0xfd, 0x12, 0xfd, 0x53, 0xfd, 0x33, 0xfd, 0x34, 0xfd, 0x34, 0xfd, 0x34, 0xfd,
  0x14, 0xfd, 0x13, 0xfd, 0x14, 0xfd, 0x54, 0xfd, 0x34, 0xfd, 0x14, 0xfd, 0x14, 0xfd, 0x54, 0xfd,
  0x74, 0xfd, 0x75, 0xfd, 0x55, 0xfd, 0xb6, 0xfd, 0xf7, 0xfd, 0xb6, 0xfd, 0xb6, 0xfd, 0xb5, 0xfd,
  0x94, 0xfd, 0x93, 0xfd, 0x93, 0xfd, 0x53, 0xfd, 0x13, 0xfd, 0x93, 0xfc, 0xf3, 0xfc, 0x53, 0xfd,
  0x92, 0xfc, 0x92, 0xfc, 0x31, 0xfc, 0xb1, 0xfc, 0x71, 0xfc, 0xf0, 0xfb, 0xcf, 0xfb, 0xae, 0xfb,
  0xae, 0xfb, 0xae, 0xf3, 0x8d, 0xf3, 0x2d, 0xeb, 0x0c, 0xe3, 0xec, 0xda, 0xcc, 0xda, 0xcc, 0xd2,
  0xab, 0xca, 0x8b, 0xca, 0x8b, 0xc2, 0x6a, 0xc2, 0x6a, 0xc2, 0x6a, 0xca, 0xaa, 0xda, 0x69, 0xd2,
  0xe9, 0xb9, 0x49, 0xd2, 0x89, 0xe2, 0x49, 0xd2, 0x4a, 0xca, 0x4a, 0xca, 0x4a, 0xca, 0x4a, 0xca,
  0xc9, 0xfa, 0xa9, 0xf2, 0xa8, 0xb1, 0xc8, 0xb1, 0x67, 0x99, 0x27, 0x81, 0x47, 0x81, 0x27, 0x79,
  0xe7, 0x68, 0xe8, 0x58, 0xe7, 0x58, 0xc7, 0x50, 0xa7, 0x48, 0xa7, 0x48, 0xa6, 0x40, 0xa7, 0x40,
  0xa7, 0x40, 0xa7, 0x38, 0xa7, 0x30, 0x86, 0x28, 0x86, 0x28, 0x86, 0x20, 0x86, 0x20, 0x87, 0x20,
  0xa7, 0x20, 0xa7, 0x20, 0xa7, 0x20, 0xc7, 0x20, 0xa7, 0x20, 0xa7, 0x20, 0xa7, 0x20, 0xc7, 0x20,
  0x4d, 0xd3, 0x4d, 0xd3, 0x2d, 0xcb, 0x2d, 0xcb, 0x2d, 0xcb, 0x0d, 0xc3, 0x0d, 0xc3, 0x0d, 0xc3,
  0x0d, 0xc3, 0x0d, 0xcb, 0x0d, 0xcb, 0x0d, 0xc3, 0x0c, 0xc3, 0x0c, 0xcb, 0x0c, 0xc3, 0x0c, 0xcb,
  0x2c, 0xd3, 0x2d, 0xcb, 0x2c, 0xcb, 0x2c, 0xcb, 0x2c, 0xcb, 0x2d, 0xd3, 0x2d, 0xd3, 0x0c, 0xd3,
  0xcb, 0xd2, 0xeb, 0xd2, 0xeb, 0xda, 0x0c, 0xdb, 0x2c, 0xdb, 0x4d, 0xdb, 0x4d, 0xdb, 0x6d, 0xe3,
  0x8d, 0xe3, 0x8e, 0xeb, 0x8d, 0xf3, 0x8d, 0xf3, 0xae, 0xf3, 0xce, 0xfb, 0xee, 0xfb, 0xad, 0xf3,
  0x6c, 0xf3, 0x6c, 0xfb, 0xac, 0xfb, 0xcc, 0xfb, 0x4e, 0xfc, 0x70, 0xfc, 0x30, 0xfc, 0x30, 0xfc,
  0x50, 0xfc, 0x70, 0xfc, 0x91, 0xfc, 0x6f, 0xfc, 0x4e, 0xfc, 0x6f, 0xfc, 0x4e, 0xfc, 0x6e, 0xfc,
  0xb1, 0xfc, 0xd2, 0xfc, 0xf3, 0xfc, 0xf3, 0xfc, 0xf2, 0xfc, 0xf2, 0xfc, 0xd1, 0xfc, 0xf2, 0xfc,
  0x12, 0xfd, 0xd1, 0xfc, 0xd1, 0xfc, 0x11, 0xfd, 0x32, 0xfd, 0x75, 0xfd, 0x34, 0xfd, 0x14, 0xfd,
  0xf4, 0xfc, 0x14, 0xfd, 0x34, 0xfd, 0x14, 0xfd, 0xf4, 0xfc, 0xf3, 0xfc, 0xf4, 0xfc, 0x14, 0xfd,
  0x54, 0xfd, 0x55, 0xfd, 0x34, 0xfd, 0x14, 0xfd, 0x74, 0xfd, 0x54, 0xfd, 0x14, 0xfd, 0x14, 0xfd,
  0x73, 0xfd, 0x13, 0xfd, 0xf3, 0xfc, 0xb2, 0xfc, 0x92, 0xfc, 0xd2, 0xfc, 0x32, 0xfd, 0x92, 0xfc,
  0x51, 0xfc, 0x51, 0xfc, 0x31, 0xfc, 0x10, 0xfc, 0xf0, 0xfb, 0xcf, 0xfb, 0xcf, 0xfb, 0xee, 0xfb,
  0x0e, 0xfc, 0xce, 0xfb, 0x4d, 0xf3, 0x2d, 0xeb, 0x0c, 0xe3, 0xec, 0xda, 0xcc, 0xda, 0xcc, 0xd2,
  0xab, 0xca, 0xab, 0xca, 0x8b, 0xca, 0xaa, 0xda, 0x8a, 0xda, 0x49, 0xd2, 0xa9, 0xe2, 0x69, 0xd2,
  0x29, 0xca, 0xe9, 0xb9, 0xe9, 0xc1, 0xc9, 0xfa, 0xca, 0xea, 0x6a, 0xc2, 0x6a, 0xca, 0x6a, 0xc2,
  0x8a, 0xda, 0xe9, 0xfa, 0xc9, 0xf2, 0x28, 0xd2, 0xe8, 0xb1, 0x87, 0x99, 0x47, 0x81, 0xe7, 0x68,
  0xe7, 0x60, 0xe7, 0x60, 0xe7, 0x58, 0xc7, 0x50, 0xc7, 0x48, 0xa7, 0x48, 0xa6, 0x40, 0xa7, 0x40,
  0xa7, 0x38, 0xa7, 0x38, 0xa7, 0x30, 0x86, 0x28, 0x86, 0x20, 0x86, 0x20, 0x86, 0x20, 0x86, 0x20,
  0xa7, 0x20, 0xa7, 0x20, 0xa7, 0x20, 0xa7, 0x20, 0xa7, 0x20, 0xa7, 0x20, 0xc7, 0x20, 0xc7, 0x20,
  0x0d, 0xc3, 0x0d, 0xc3, 0x0d, 0xc3, 0x0d, 0xcb, 0x2d, 0xcb, 0x2d, 0xd3, 0x2d, 0xd3, 0x2d, 0xd3,
  0x4d, 0xd3, 0x2d, 0xd3, 0x0c, 0xcb, 0xec, 0xc2, 0x0c, 0xc3, 0x0c, 0xcb, 0x0c, 0xc3, 0xeb, 0xc2,
  0x0c, 0xcb, 0x0c, 0xcb, 0xab, 0xca, 0xca, 0xd2, 0xcb, 0xd2, 0x0c, 0xdb, 0x2c, 0xdb, 0x0c, 0xd3,
  0x0c, 0xd3, 0x2c, 0xdb, 0x4c, 0xdb, 0x8d, 0xe3, 0x8d, 0xe3, 0x8e, 0xe3, 0x8d, 0xf3, 0xad, 0xeb,
  0xae, 0xeb, 0x8c, 0xfb, 0x0a, 0xeb, 0x8c, 0xfb, 0xcd, 0xfb, 0x0b, 0xeb, 0xeb, 0xe2, 0xca, 0xda,
  0x6a, 0xd2, 0xea, 0xe2, 0x6b, 0xf3, 0x8c, 0xfb, 0xac, 0xfb, 0xed, 0xfb, 0x2f, 0xfc, 0x50, 0xfc,
  0x70, 0xfc, 0x70, 0xfc, 0x0e, 0xfc, 0xac, 0xfb, 0x6c, 0xfb, 0x6c, 0xfb, 0x6d, 0xfb, 0x8d, 0xfb,
  0x0d, 0xfc, 0x2e, 0xfc, 0x70, 0xfc, 0xd1, 0xfc, 0xb0, 0xfc, 0x70, 0xfc, 0x70, 0xfc, 0xb1, 0xfc,
  0x70, 0xfc, 0x50, 0xfc, 0x71, 0xfc, 0xb1, 0xfc, 0xd1, 0xfc, 0x11, 0xfd, 0x12, 0xfd, 0xf2, 0xfc,
  0x33, 0xfd, 0x33, 0xfd, 0x12, 0xfd, 0x12, 0xfd, 0x33, 0xfd, 0x33, 0xfd, 0xf3, 0xfc, 0xf3, 0xfc,
  0x13, 0xfd, 0x13, 0xfd, 0xb1, 0xfc, 0xf2, 0xfc, 0xf3, 0xfc, 0x13, 0xfd, 0x13, 0xfd, 0x13, 0xfd,
  0x13, 0xfd, 0xb2, 0xfc, 0x13, 0xfd, 0x92, 0xfc, 0xb2, 0xfc, 0x52, 0xfd, 0xb2, 0xfc, 0x51, 0xfc,
  0x51, 0xfc, 0x31, 0xfc, 0x10, 0xfc, 0x10, 0xfc, 0xd0, 0xfb, 0x0f, 0xfc, 0x8f, 0xfc, 0xae, 0xfb,
  0x4e, 0xf3, 0x4d, 0xf3, 0x2d, 0xeb, 0x0d, 0xeb, 0x0c, 0xe3, 0xec, 0xda, 0xcc, 0xda, 0xcc, 0xd2,
  0xab, 0xd2, 0xab, 0xca, 0xca, 0xe2, 0x2a, 0xfb, 0xca, 0xea, 0x49, 0xd2, 0x09, 0xc2, 0x09, 0xc2,
  0x29, 0xca, 0xe9, 0xc1, 0xc9, 0xb9, 0x89, 0xe2, 0xc9, 0xea, 0xaa, 0xda, 0x8a, 0xd2, 0x8b, 0xca,
  0x8a, 0xe2, 0xe9, 0xfa, 0xe9, 0xfa, 0x89, 0xea, 0xa9, 0xf2, 0x48, 0xd2, 0x27, 0x81, 0x47, 0x89,
  0x07, 0x71, 0xe7, 0x60, 0xe7, 0x58, 0xc7, 0x48, 0xa7, 0x40, 0xa7, 0x48, 0xa7, 0x40, 0xa7, 0x38,
  0xa7, 0x38, 0xa7, 0x30, 0xa7, 0x30, 0x86, 0x28, 0x86, 0x20, 0x86, 0x20, 0x86, 0x18, 0x86, 0x18,
  0x87, 0x18, 0xa7, 0x20, 0xa7, 0x20, 0xa7, 0x20, 0xa7, 0x20, 0xa7, 0x20, 0xc7, 0x20, 0xc7, 0x20,
  0x0c, 0xc3, 0x0c, 0xc3, 0x0c, 0xc3, 0x0c, 0xcb, 0x2c, 0xcb, 0x2d, 0xd3, 0x4d, 0xdb, 0x4d, 0xdb,
  0x2d, 0xd3, 0x0d, 0xcb, 0xec, 0xc2, 0xec, 0xc2, 0xec, 0xc2, 0x2c, 0xcb, 0x0c, 0xcb, 0xec, 0xca,
  0x2c, 0xd3, 0x0c, 0xd3, 0xcb, 0xca, 0xeb, 0xd2, 0xeb, 0xd2, 0x0c, 0xd3, 0x2c, 0xd3, 0x2c, 0xd3,
  0x2c, 0xd3, 0x4c, 0xe3, 0x4b, 0xeb, 0xeb, 0xca, 0x2c, 0xdb, 0x6c, 0xf3, 0xca, 0xda, 0x6a, 0xba,
  0x2b, 0xe3, 0xca, 0xe2, 0xa8, 0xa1, 0x49, 0xc2, 0x89, 0xd2, 0x09, 0xba, 0xe8, 0xb9, 0xe9, 0xb9,
  0x09, 0xc2, 0x29, 0xca, 0x6a, 0xd2, 0x8a, 0xda, 0x0b, 0xeb, 0x8c, 0xfb, 0xec, 0xfb, 0x0d, 0xfc,
  0xee, 0xfb, 0x6d, 0xfb, 0x0c, 0xf3, 0x4c, 0xfb, 0x2c, 0xf3, 0x2c, 0xf3, 0x4d, 0xf3, 0x4d, 0xf3,
  0xad, 0xfb, 0xae, 0xfb, 0xce, 0xfb, 0x0f, 0xfc, 0x2f, 0xfc, 0x0f, 0xfc, 0x0f, 0xfc, 0x10, 0xfc,
  0xef, 0xfb, 0x10, 0xfc, 0x10, 0xfc, 0x30, 0xfc, 0x50, 0xfc, 0x70, 0xfc, 0x91, 0xfc, 0x91, 0xfc,
  0xb1, 0xfc, 0xb1, 0xfc, 0xb1, 0xfc, 0xb1, 0xfc, 0xb1, 0xfc, 0xd1, 0xfc, 0x91, 0xfc, 0xb1, 0xfc,
  0xd2, 0xfc, 0xd2, 0xfc, 0x50, 0xfc, 0x71, 0xfc, 0x91, 0xfc, 0x13, 0xfd, 0xf3, 0xfc, 0xb2, 0xfc,
  0x92, 0xfc, 0xb2, 0xfc, 0xb2, 0xfc, 0x72, 0xfc, 0x12, 0xfd, 0x52, 0xfd, 0x71, 0xfc, 0x51, 0xfc,
  0x31, 0xfc, 0x30, 0xfc, 0x10, 0xfc, 0xef, 0xfb, 0xcf, 0xfb, 0x4f, 0xfc, 0x2f, 0xfc, 0x8e, 0xfb,
  0x6e, 0xf3, 0x4d, 0xf3, 0x2d, 0xeb, 0x0d, 0xe3, 0x0c, 0xe3, 0xec, 0xda, 0xec, 0xda, 0xcc, 0xd2,
  0xcb, 0xd2, 0xab, 0xd2, 0xea, 0xea, 0xea, 0xea, 0xaa, 0xda, 0x29, 0xc2, 0xe9, 0xb9, 0xe9, 0xb9,
  0xc9, 0xb9, 0xc9, 0xb9, 0xc9, 0xb9, 0xe9, 0xb9, 0xe9, 0xb9, 0x49, 0xd2, 0xc9, 0xfa, 0xc9, 0xf2,
  0xe9, 0xfa, 0x88, 0xe2, 0x08, 0xba, 0x47, 0x89, 0x47, 0x81, 0x88, 0xa9, 0x88, 0xa9, 0x47, 0x89,
  0xe7, 0x60, 0xc7, 0x50, 0xc7, 0x50, 0xc7, 0x48, 0xc7, 0x48, 0xc7, 0x40, 0xa7, 0x38, 0xa7, 0x38,
  0xa7, 0x38, 0xa7, 0x30, 0xa7, 0x30, 0x86, 0x20, 0x86, 0x20, 0x86, 0x20, 0x86, 0x18, 0x86, 0x18,
  0xa7, 0x20, 0xa7, 0x20, 0xa7, 0x20, 0xa7, 0x20, 0xa7, 0x20, 0xc7, 0x20, 0xc7, 0x20, 0xc7, 0x20,
  0x0c, 0xcb, 0x0c, 0xcb, 0x2c, 0xcb, 0x2c, 0xd3, 0x2c, 0xd3, 0x4d, 0xdb, 0x4d, 0xdb, 0x2c, 0xdb,
  0x0c, 0xdb, 0x0c, 0xdb, 0x0c, 0xdb, 0x0c, 0xd3, 0x2c, 0xdb, 0x4d, 0xdb, 0x4d, 0xdb, 0x2c, 0xd3,
  0x0c, 0xcb, 0xec, 0xc2, 0xec, 0xc2, 0xec, 0xba, 0xec, 0xba, 0xcc, 0xba, 0xab, 0xb2, 0x8b, 0xaa,
  0xaa, 0xba, 0x69, 0xb2, 0x08, 0xa2, 0xe8, 0xa1, 0x89, 0xca, 0x69, 0xca, 0xa8, 0x89, 0xa8, 0x89,
  0xc8, 0xa1, 0xc8, 0xa1, 0xc8, 0xa1, 0xc9, 0xa1, 0xe9, 0xa9, 0x09, 0xba, 0x09, 0xba, 0x09, 0xc2,
  0x29, 0xc2, 0x29, 0xca, 0x4a, 0xd2, 0x6a, 0xd2, 0x6a, 0xda, 0x0b, 0xeb, 0x0b, 0xeb, 0x0b, 0xf3,
  0x0c, 0xf3, 0x0c, 0xf3, 0x0c, 0xf3, 0x0c, 0xf3, 0x2c, 0xf3, 0x2c, 0xf3, 0x2c, 0xf3, 0x4d, 0xf3,
  0x6d, 0xfb, 0x8e, 0xfb, 0xae, 0xfb, 0xce, 0xfb, 0xef, 0xfb, 0x0f, 0xfc, 0x0f, 0xfc, 0xef, 0xfb,
  0xef, 0xfb, 0xef, 0xfb, 0xf0, 0xfb, 0xf0, 0xfb, 0xf0, 0xfb, 0x10, 0xfc, 0x10, 0xfc, 0x10, 0xfc,
  0x10, 0xfc, 0x30, 0xfc, 0x71, 0xfc, 0x91, 0xfc, 0x50, 0xfc, 0x50, 0xfc, 0x30, 0xfc, 0x30, 0xfc,
  0x71, 0xfc, 0x91, 0xfc, 0x50, 0xfc, 0x30, 0xfc, 0xb1, 0xfc, 0xf2, 0xfc, 0xb2, 0xfc, 0xf2, 0xfc,
  0x52, 0xfd, 0xd2, 0xfc, 0x92, 0xfc, 0x72, 0xfc, 0xb2, 0xfc, 0xf1, 0xfc, 0x51, 0xfc, 0x31, 0xfc,
  0x30, 0xfc, 0x2f, 0xfc, 0xef, 0xfb, 0xcf, 0xfb, 0xcf, 0xfb, 0xaf, 0xfb, 0x8e, 0xfb, 0x8e, 0xf3,
  0x6e, 0xf3, 0x4d, 0xeb, 0x2d, 0xeb, 0x2d, 0xe3, 0x0d, 0xe3, 0x0c, 0xdb, 0xec, 0xda, 0xcc, 0xda,
  0xcc, 0xd2, 0xab, 0xd2, 0x49, 0xca, 0xe9, 0xb9, 0xe9, 0xb9, 0xe9, 0xb9, 0xe9, 0xb9, 0xc9, 0xb9,
  0xc9, 0xb1, 0xc9, 0xb9, 0xc9, 0xb9, 0xc8, 0xb1, 0xa8, 0xa9, 0x88, 0xa1, 0x89, 0xea, 0xe9, 0xfa,
  0xe8, 0xb1, 0x47, 0x81, 0x47, 0x81, 0x47, 0x89, 0x88, 0xa9, 0x88, 0xa9, 0x27, 0x81, 0xe7, 0x60,
  0xc7, 0x50, 0xa7, 0x48, 0xc7, 0x48, 0xa7, 0x40, 0xa7, 0x40, 0xa7, 0x38, 0xa7, 0x38, 0xc8, 0x38,
  0xe8, 0x40, 0xe8, 0x38, 0xc8, 0x30, 0x86, 0x20, 0x86, 0x20, 0x86, 0x18, 0x86, 0x18, 0xa7, 0x20,
  0xa7, 0x20, 0xc7, 0x20, 0xc8, 0x28, 0xc7, 0x20, 0xc7, 0x20, 0xc7, 0x20, 0xc7, 0x20, 0xc7, 0x20,
  0x6d, 0xe3, 0x6d, 0xe3, 0x6d, 0xe3, 0x6d, 0xe3, 0x4d, 0xe3, 0x4d, 0xe3, 0x0c, 0xe3, 0x0c, 0xe3,
  0x0b, 0xe3, 0x0b, 0xeb, 0x0b, 0xe3, 0x0b, 0xe3, 0x0c, 0xdb, 0x0c, 0xdb, 0x0c, 0xd3, 0xec, 0xca,
  0xcb, 0xba, 0xcb, 0xb2, 0xab, 0xb2, 0xcb, 0xb2, 0xab, 0xb2, 0xab, 0xb2, 0x6b, 0xaa, 0x6a, 0xa2,
  0x2a, 0x9a, 0x09, 0x92, 0xe9, 0x91, 0xe9, 0x99, 0xc9, 0x99, 0xc9, 0x91, 0xe9, 0xa1, 0xe9, 0xa1,
  0xe9, 0xa1, 0x09, 0xaa, 0x09, 0xaa, 0x09, 0xb2, 0x29, 0xba, 0x09, 0xba, 0x2a, 0xba, 0x4a, 0xc2,
  0x4a, 0xca, 0x4a, 0xd2, 0x6a, 0xd2, 0x8b, 0xda, 0xab, 0xda, 0xab, 0xe2, 0xab, 0xe2, 0xcb, 0xea,
  0xec, 0xea, 0xec, 0xf2, 0x0c, 0xf3, 0x0c, 0xf3, 0x0c, 0xf3, 0x0c, 0xf3, 0x0c, 0xf3, 0x0c, 0xf3,
  0x4d, 0xf3, 0x6d, 0xfb, 0xae, 0xfb, 0xce, 0xfb, 0xcf, 0xfb, 0xef, 0xfb, 0xef, 0xfb, 0xef, 0xfb,
  0xf0, 0xfb, 0xf0, 0xfb, 0x10, 0xfc, 0x10, 0xfc, 0xf0, 0xfb, 0xf0, 0xfb, 0x10, 0xfc, 0x10, 0xfc,
  0x10, 0xfc, 0x30, 0xfc, 0x51, 0xfc, 0x51, 0xfc, 0x31, 0xfc, 0x31, 0xfc, 0x30, 0xfc, 0x51, 0xfc,
  0x51, 0xfc, 0x51, 0xfc, 0x31, 0xfc, 0x30, 0xfc, 0x51, 0xfc, 0x71, 0xfc, 0x92, 0xfc, 0xf2, 0xfc,
  0xb2, 0xfc, 0x72, 0xfc, 0x72, 0xfc, 0x51, 0xfc, 0x51, 0xfc, 0x50, 0xfc, 0x50, 0xfc, 0x30, 0xfc,
  0xef, 0xfb, 0xcf, 0xfb, 0xcf, 0xfb, 0xcf, 0xfb, 0xaf, 0xfb, 0xaf, 0xfb, 0x8e, 0xf3, 0x8e, 0xf3,
  0x6e, 0xf3, 0x4d, 0xeb, 0x4d, 0xeb, 0x2d, 0xe3, 0x2d, 0xe3, 0x0d, 0xe3, 0x0c, 0xdb, 0xec, 0xda,
  0xac, 0xd2, 0xaa, 0xe2, 0xa9, 0xea, 0x09, 0xc2, 0xe9, 0xb9, 0xe9, 0xb9, 0xe9, 0xb9, 0xc9, 0xb1,
  0xc9, 0xb1, 0xc9, 0xb1, 0xc9, 0xb1, 0xa8, 0xa9, 0xa8, 0xa9, 0x69, 0xe2, 0xe9, 0xfa, 0x69, 0xe2,
  0x27, 0x79, 0x27, 0x79, 0x47, 0x89, 0x88, 0xb1, 0x88, 0xa9, 0x27, 0x79, 0xc7, 0x58, 0xa7, 0x48,
  0xa7, 0x48, 0xa7, 0x40, 0xa7, 0x40, 0xa7, 0x40, 0xa7, 0x38, 0xa7, 0x38, 0xa7, 0x38, 0xc7, 0x38,
  0xe8, 0x38, 0xe8, 0x38, 0xe8, 0x30, 0xa7, 0x28, 0xa7, 0x28, 0xa7, 0x20, 0xa7, 0x20, 0xc7, 0x20,
  0xc8, 0x20, 0xc8, 0x20, 0xe8, 0x28, 0xe9, 0x28, 0xe8, 0x28, 0xe8, 0x28, 0xc8, 0x20, 0xc7, 0x20,
  0x4d, 0xe3, 0x4d, 0xe3, 0x4d, 0xe3, 0x4d, 0xe3, 0x4d, 0xe3, 0x4c, 0xe3, 0x0c, 0xdb, 0x0c, 0xdb,
  0xeb, 0xe2, 0xcb, 0xe2, 0xeb, 0xe2, 0xeb, 0xda, 0xeb, 0xd2, 0xcb, 0xd2, 0xeb, 0xd2, 0xcb, 0xca,
  0xab, 0xba, 0x8b, 0xb2, 0x8b, 0xb2, 0x8b, 0xaa, 0x8b, 0xaa, 0x6a, 0xaa, 0x4a, 0xa2, 0x29, 0xa2,
  0x29, 0x9a, 0x29, 0x9a, 0x09, 0xa2, 0x09, 0x9a, 0x09, 0xa2, 0x29, 0xaa, 0x29, 0xaa, 0x29, 0xaa,
  0x29, 0xaa, 0x29, 0xaa, 0x2a, 0xb2, 0x2a, 0xba, 0x4a, 0xc2, 0x8a, 0xd2, 0xaa, 0xda, 0x6a, 0xd2,
  0x8a, 0xd2, 0xaa, 0xda, 0x8b, 0xda, 0x8b, 0xda, 0xab, 0xe2, 0xcb, 0xe2, 0xcb, 0xe2, 0xcb, 0xea,
  0xec, 0xea, 0xec, 0xea, 0xec, 0xea, 0x0c, 0xeb, 0xec, 0xea, 0xec, 0xea, 0xec, 0xf2, 0x0c, 0xf3,
  0x2c, 0xf3, 0x4d, 0xf3, 0x6d, 0xfb, 0xae, 0xfb, 0xce, 0xfb, 0xcf, 0xfb, 0xef, 0xfb, 0xef, 0xfb,
  0xef, 0xfb, 0xf0, 0xfb, 0xf0, 0xfb, 0x10, 0xfc, 0x10, 0xfc, 0x10, 0xfc, 0x10, 0xfc, 0x10, 0xfc,
  0x10, 0xfc, 0x30, 0xfc, 0x30, 0xfc, 0x30, 0xfc, 0x30, 0xfc, 0x31, 0xfc, 0x31, 0xfc, 0x31, 0xfc,
  0x71, 0xfc, 0x51, 0xfc, 0x51, 0xfc, 0x31, 0xfc, 0x31, 0xfc, 0x51, 0xfc, 0x90, 0xfc, 0xb0, 0xfc,
  0xd0, 0xfc, 0x70, 0xfc, 0x90, 0xfc, 0x90, 0xfc, 0x31, 0xfc, 0x30, 0xfc, 0x10, 0xfc, 0x10, 0xfc,
  0xcf, 0xfb, 0xcf, 0xfb, 0xcf, 0xfb, 0xce, 0xfb, 0xaf, 0xfb, 0xaf, 0xfb, 0xaf, 0xf3, 0x8e, 0xf3,
  0x8e, 0xf3, 0x6e, 0xeb, 0x6e, 0xeb, 0x4e, 0xeb, 0x4d, 0xe3, 0x2d, 0xe3, 0x0d, 0xdb, 0x0c, 0xdb,
  0xcb, 0xda, 0xca, 0xea, 0x49, 0xd2, 0xe9, 0xb9, 0xe9, 0xb9, 0xe9, 0xb9, 0xc9, 0xb9, 0xc9, 0xb1,
  0xa8, 0xa9, 0x88, 0xa9, 0xa8, 0xa1, 0x68, 0x91, 0x08, 0xba, 0xc9, 0xf2, 0xa9, 0xfa, 0xe8, 0xb1,
  0x07, 0x71, 0x27, 0x79, 0x88, 0xa1, 0x88, 0xa9, 0x07, 0x71, 0xc7, 0x50, 0xa7, 0x48, 0xa7, 0x48,
  0xa7, 0x40, 0xa7, 0x40, 0xa7, 0x40, 0xa7, 0x40, 0xa7, 0x38, 0xa7, 0x38, 0xa7, 0x30, 0xa7, 0x30,
  0xe8, 0x38, 0xe8, 0x38, 0xe8, 0x30, 0xc8, 0x30, 0xc8, 0x28, 0xc8, 0x28, 0xc8, 0x28, 0xc8, 0x28,
  0xc8, 0x20, 0xc8, 0x20, 0xc7, 0x20, 0xe8, 0x28, 0xe8, 0x28, 0xe8, 0x28, 0xe8, 0x28, 0xe8, 0x28,
  0xec, 0xca, 0xec, 0xd2, 0x0c, 0xd3, 0x0c, 0xd3, 0x0c, 0xd3, 0xec, 0xd2, 0xec, 0xd2, 0xec, 0xd2,
  0xeb, 0xd2, 0xcb, 0xd2, 0xcb, 0xca, 0xcb, 0xc2, 0xab, 0xc2, 0xab, 0xca, 0xab, 0xc2, 0x8b, 0xba,
  0x8b, 0xb2, 0x8b, 0xb2, 0x8a, 0xb2, 0x6a, 0xaa, 0x6a, 0xaa, 0x4a, 0xa2, 0x8b, 0xb2, 0x6a, 0xaa,
  0x29, 0xa2, 0x29, 0xa2, 0x09, 0x9a, 0x49, 0xb2, 0x89, 0xe2, 0x69, 0xca, 0x49, 0xc2, 0x89, 0xda,
  0x89, 0xd2, 0x69, 0xca, 0x2a, 0xb2, 0x8a, 0xc2, 0x6b, 0xf3, 0x4b, 0xfb, 0x6b, 0xfb, 0x4a, 0xfb,
  0x4b, 0xfb, 0x8b, 0xfb, 0x4b, 0xfb, 0xeb, 0xe2, 0xcb, 0xe2, 0xcb, 0xe2, 0xcc, 0xe2, 0xec, 0xea,
  0xec, 0xea, 0xec, 0xea, 0xec, 0xea, 0xec, 0xea, 0xec, 0xea, 0xec, 0xea, 0xec, 0xea, 0x0c, 0xf3,
  0x2c, 0xf3, 0x2d, 0xf3, 0x4d, 0xf3, 0x6d, 0xfb, 0x8e, 0xfb, 0xae, 0xfb, 0xcf, 0xfb, 0xcf, 0xfb,
  0xef, 0xfb, 0xf0, 0xfb, 0xf0, 0xfb, 0xf0, 0xfb, 0x10, 0xfc, 0x10, 0xfc, 0x10, 0xfc, 0x10, 0xfc,
  0x10, 0xfc, 0x30, 0xfc, 0x30, 0xfc, 0x30, 0xfc, 0x30, 0xfc, 0x30, 0xfc, 0x70, 0xfc, 0xb0, 0xfc,
  0xb0, 0xfc, 0xaf, 0xfc, 0x50, 0xfc, 0x10, 0xfc, 0x31, 0xfc, 0x90, 0xfc, 0xcf, 0xfc, 0x6f, 0xfc,
  0x0e, 0xfc, 0x6f, 0xfc, 0x0f, 0xfc, 0x4e, 0xfc, 0x6f, 0xfc, 0x50, 0xfc, 0x10, 0xfc, 0x10, 0xfc,
  0xf0, 0xfb, 0xf0, 0xfb, 0xcf, 0xfb, 0xae, 0xfb, 0xcf, 0xfb, 0xcf, 0xf3, 0xaf, 0xf3, 0xaf, 0xf3,
  0x8f, 0xf3, 0x8f, 0xeb, 0x6e, 0xeb, 0x6e, 0xe3, 0x4e, 0xe3, 0x2d, 0xe3, 0x2d, 0xe3, 0x0d, 0xe3,
  0x2c, 0xe3, 0xca, 0xe2, 0xaa, 0xe2, 0x69, 0xda, 0x29, 0xca, 0xc9, 0xb9, 0xc9, 0xb9, 0xc9, 0xb1,
  0xa8, 0xa9, 0x88, 0xa1, 0x88, 0x99, 0x88, 0x99, 0x49, 0xd2, 0x49, 0xd2, 0x08, 0xba, 0x07, 0x71,
  0x07, 0x69, 0x47, 0x89, 0xa8, 0xb1, 0x27, 0x79, 0xc7, 0x50, 0xc7, 0x50, 0xa7, 0x48, 0xa7, 0x40,
  0xa7, 0x40, 0xa7, 0x40, 0xa7, 0x40, 0xa7, 0x38, 0xa7, 0x38, 0xa7, 0x30, 0xa7, 0x30, 0xc8, 0x38,
  0xe8, 0x38, 0xe8, 0x30, 0xe8, 0x30, 0xe8, 0x30, 0xe8, 0x30, 0xe8, 0x28, 0xc8, 0x20, 0xa7, 0x20,
  0xa7, 0x20, 0xa7, 0x20, 0xc7, 0x20, 0xc7, 0x20, 0xe8, 0x20, 0xe8, 0x28, 0xe8, 0x28, 0xe8, 0x20,
  0x8b, 0xc2, 0x8b, 0xc2, 0xab, 0xca, 0xab, 0xca, 0xab, 0xca, 0xab, 0xca, 0xab, 0xca, 0xab, 0xca,
  0xab, 0xca, 0xab, 0xc2, 0xab, 0xc2, 0x8b, 0xc2, 0x8b, 0xc2, 0x8b, 0xba, 0x8b, 0xba, 0x8b, 0xba,
  0x8b, 0xba, 0x8b, 0xb2, 0x8b, 0xb2, 0x6b, 0xaa, 0x6a, 0xaa, 0x6a, 0xa2, 0x6a, 0xaa, 0x6a, 0xa2,
  0x4a, 0x9a, 0x4a, 0xa2, 0x89, 0xd2, 0x69, 0xca, 0x29, 0xc2, 0xe9, 0xa1, 0x89, 0xd2, 0x69, 0xca,
  0x89, 0xda, 0xa9, 0xda, 0xca, 0xda, 0x4b, 0xf3, 0xca, 0xe2, 0x29, 0xca, 0x8a, 0xda, 0xea, 0xea,
  0xea, 0xea, 0x8a, 0xe2, 0xea, 0xf2, 0x6b, 0xfb, 0x8b, 0xfb, 0x6c, 0xf3, 0x2c, 0xeb, 0x0c, 0xeb,
  0xec, 0xea, 0x0c, 0xeb, 0x0c, 0xeb, 0x0c, 0xeb, 0x0c, 0xeb, 0x0c, 0xeb, 0x0c, 0xf3, 0x2c, 0xf3,
  0x2d, 0xf3, 0x4d, 0xf3, 0x6d, 0xf3, 0x6d, 0xf3, 0x8e, 0xfb, 0x8e, 0xfb, 0xae, 0xfb, 0xae, 0xfb,
  0xcf, 0xfb, 0xcf, 0xfb, 0xcf, 0xfb, 0xf0, 0xfb, 0xf0, 0xfb, 0xf0, 0xfb, 0xf0, 0xfb, 0x10, 0xfc,
  0x10, 0xfc, 0x10, 0xfc, 0x50, 0xfc, 0x30, 0xfc, 0x0f, 0xfc, 0x4f, 0xfc, 0x0e, 0xfc, 0xae, 0xfb,
  0xae, 0xfb, 0xee, 0xfb, 0xee, 0xfb, 0x0f, 0xfc, 0x0f, 0xfc, 0x6f, 0xfc, 0xee, 0xfb, 0x6e, 0xfb,
  0x8e, 0xfb, 0xce, 0xfb, 0x8e, 0xfb, 0x6e, 0xfb, 0xae, 0xfb, 0x2e, 0xfc, 0x0f, 0xfc, 0xf0, 0xfb,
  0xf0, 0xfb, 0xcf, 0xfb, 0xcf, 0xfb, 0xaf, 0xf3, 0xaf, 0xf3, 0x8f, 0xf3, 0x8e, 0xeb, 0x6e, 0xeb,
  0x6e, 0xeb, 0x4e, 0xe3, 0x4e, 0xe3, 0x4e, 0xe3, 0x2d, 0xdb, 0x2d, 0xdb, 0x0d, 0xdb, 0x0d, 0xd3,
  0x0c, 0xdb, 0x2a, 0xf3, 0x4a, 0xfb, 0xea, 0xf2, 0xe9, 0xc1, 0xe9, 0xc1, 0xc9, 0xb9, 0xc9, 0xb1,
  0xa8, 0xa9, 0xa8, 0xa9, 0x68, 0x91, 0x49, 0xda, 0xe9, 0xfa, 0x28, 0xda, 0xa8, 0xb1, 0xa8, 0xb1,
  0x07, 0x71, 0x68, 0x99, 0x68, 0x99, 0xc7, 0x58, 0xc7, 0x50, 0xa7, 0x48, 0xa7, 0x40, 0xa7, 0x40,
  0xa7, 0x38, 0xa7, 0x40, 0xa7, 0x38, 0xa7, 0x38, 0xa7, 0x38, 0xa7, 0x30, 0xc8, 0x38, 0xe8, 0x38,
  0xe8, 0x38, 0xe8, 0x30, 0xe8, 0x30, 0xe8, 0x30, 0xe8, 0x28, 0xc8, 0x20, 0xa7, 0x20, 0xa7, 0x20,
  0xa7, 0x20, 0xa7, 0x20, 0xc7, 0x20, 0xa7, 0x20, 0xc8, 0x20, 0xe8, 0x28, 0xe8, 0x28, 0xe8, 0x20,
  0xab, 0xca, 0xab, 0xca, 0xab, 0xca, 0xab, 0xca, 0x8b, 0xc2, 0x6b, 0xc2, 0x6b, 0xc2, 0x8b, 0xc2,
  0xab, 0xca, 0xab, 0xca, 0xab, 0xca, 0x8b, 0xba, 0x8b, 0xc2, 0xab, 0xc2, 0xab, 0xc2, 0xab, 0xc2,
  0xab, 0xc2, 0xab, 0xba, 0x8b, 0xb2, 0x8b, 0xaa, 0x6b, 0xaa, 0x6a, 0xaa, 0x6a, 0xa2, 0x6a, 0xaa,
  0x8a, 0xba, 0x89, 0xda, 0x28, 0xba, 0xc8, 0x91, 0xc8, 0x89, 0xa8, 0x91, 0xc8, 0x99, 0xa8, 0x91,
  0xa8, 0x91, 0xe8, 0xa1, 0x29, 0xba, 0x09, 0xb2, 0x08, 0xba, 0x29, 0xca, 0xc8, 0xb9, 0x09, 0xca,
  0x89, 0xe2, 0xa9, 0xea, 0x49, 0xda, 0xea, 0xf2, 0x2a, 0xfb, 0x8b, 0xfb, 0xac, 0xfb, 0xac, 0xfb,
  0x4c, 0xf3, 0x0c, 0xeb, 0x0c, 0xeb, 0x0c, 0xf3, 0x0c, 0xf3, 0x2d, 0xf3, 0x2d, 0xf3, 0x4d, 0xf3,
  0x4d, 0xf3, 0x4d, 0xf3, 0x6d, 0xf3, 0x6e, 0xf3, 0x8e, 0xfb, 0x8d, 0xfb, 0xae, 0xfb, 0xaf, 0xfb,
  0xaf, 0xfb, 0xaf, 0xfb, 0xae, 0xfb, 0xae, 0xfb, 0xcf, 0xfb, 0xcf, 0xfb, 0xf0, 0xfb, 0xf0, 0xfb,
  0xf0, 0xfb, 0xf0, 0xfb, 0x4f, 0xfc, 0x0e, 0xfc, 0xee, 0xfb, 0xce, 0xfb, 0x8e, 0xfb, 0x4d, 0xfb,
  0x6e, 0xfb, 0x4d, 0xfb, 0xae, 0xfb, 0x0f, 0xfc, 0xee, 0xfb, 0xce, 0xfb, 0x6e, 0xfb, 0x6d, 0xfb,
  0x4d, 0xfb, 0x4d, 0xfb, 0x4d, 0xfb, 0x4d, 0xfb, 0x2d, 0xfb, 0x2d, 0xfb, 0xee, 0xfb, 0xee, 0xfb,
  0x8f, 0xf3, 0x8f, 0xf3, 0x8e, 0xf3, 0x6e, 0xeb, 0x6e, 0xeb, 0x4e, 0xeb, 0x4e, 0xe3, 0x2d, 0xe3,
  0x2d, 0xdb, 0x2d, 0xdb, 0x2d, 0xdb, 0x2d, 0xdb, 0x0d, 0xdb, 0x0d, 0xdb, 0x0d, 0xd3, 0xed, 0xd2,
  0x2b, 0xf3, 0x6a, 0xfb, 0xea, 0xea, 0x09, 0xca, 0xe9, 0xc1, 0xe9, 0xc1, 0xe9, 0xb9, 0xc9, 0xb1,
  0x88, 0xa1, 0x88, 0x99, 0x88, 0x99, 0xc9, 0xfa, 0x68, 0xe2, 0xe8, 0xc9, 0xe8, 0xd1, 0xe8, 0xd1,
  0x48, 0x81, 0x68, 0x91, 0x07, 0x71, 0xc7, 0x50, 0xc7, 0x50, 0xe7, 0x58, 0xc7, 0x50, 0xa7, 0x38,
  0xa7, 0x38, 0xc7, 0x40, 0xa7, 0x38, 0xa7, 0x38, 0xa7, 0x30, 0xa7, 0x30, 0xe8, 0x38, 0xe8, 0x38,
  0xe8, 0x30, 0xe8, 0x30, 0xe8, 0x30, 0xe8, 0x28, 0xc8, 0x20, 0xa7, 0x20, 0xa7, 0x20, 0xa7, 0x20,
  0xa7, 0x20, 0xa7, 0x20, 0xa7, 0x20, 0xc7, 0x20, 0xc7, 0x20, 0xc8, 0x20, 0xe8, 0x20, 0xe8, 0x20,
  0xcb, 0xca, 0xcb, 0xd2, 0xcb, 0xd2, 0xcb, 0xd2, 0xcb, 0xca, 0xcb, 0xca, 0xcb, 0xd2, 0xcb, 0xd2,
  0xec, 0xd2, 0xec, 0xd2, 0xeb, 0xd2, 0xcb, 0xd2, 0xcb, 0xca, 0xcb, 0xca, 0xcb, 0xca, 0xcb, 0xca,
  0xcc, 0xca, 0xab, 0xba, 0x8b, 0xb2, 0x8b, 0xaa, 0x8b, 0xaa, 0x8b, 0xa2, 0x8b, 0xaa, 0x89, 0xca,
  0x48, 0xc2, 0xc7, 0xa1, 0x67, 0x71, 0x67, 0x71, 0x67, 0x79, 0x67, 0x79, 0x67, 0x79, 0x88, 0x81,
  0x88, 0x81, 0x87, 0x89, 0x67, 0x89, 0xa8, 0x99, 0xc8, 0xa1, 0xa8, 0xa1, 0xc8, 0xa9, 0xc8, 0xb1,
  0xe9, 0xc1, 0x49, 0xda, 0x69, 0xe2, 0x89, 0xe2, 0x49, 0xda, 0xca, 0xea, 0x0a, 0xfb, 0x4b, 0xfb,
  0x8b, 0xfb, 0xeb, 0xf2, 0x2c, 0xf3, 0x0c, 0xeb, 0x0c, 0xeb, 0x2c, 0xeb, 0x2d, 0xf3, 0x4d, 0xf3,
  0x4d, 0xf3, 0x4d, 0xf3, 0x6e, 0xf3, 0x6d, 0xf3, 0x6d, 0xfb, 0x6d, 0xfb, 0x8e, 0xfb, 0x8e, 0xf3,
  0x8f, 0xf3, 0xae, 0xfb, 0x8d, 0xfb, 0xae, 0xfb, 0xae, 0xfb, 0x8d, 0xfb, 0x8e, 0xfb, 0xcf, 0xfb,
  0xcf, 0xfb, 0xef, 0xfb, 0x2e, 0xfc, 0xce, 0xfb, 0x8e, 0xfb, 0x6e, 0xfb, 0x6e, 0xf3, 0x6e, 0xf3,
  0x6e, 0xfb, 0x4d, 0xf3, 0x6e, 0xf3, 0x8e, 0xfb, 0x8e, 0xfb, 0x6e, 0xfb, 0x6e, 0xfb, 0x6d, 0xfb,
  0x4d, 0xfb, 0x4d, 0xf3, 0x4d, 0xf3, 0x4d, 0xf3, 0x4d, 0xf3, 0x2d, 0xf3, 0x4d, 0xf3, 0xad, 0xf3,
  0x6e, 0xf3, 0x4e, 0xeb, 0x4e, 0xeb, 0x2d, 0xe3, 0x0d, 0xdb, 0x0d, 0xe3, 0x0c, 0xeb, 0xcd, 0xd2,
  0xcc, 0xd2, 0x8c, 0xfb, 0x8b, 0xfb, 0x6b, 0xfb, 0x0d, 0xdb, 0xed, 0xd2, 0xcd, 0xca, 0xec, 0xda,
  0x0a, 0xf3, 0x4a, 0xfb, 0x69, 0xda, 0xe9, 0xc1, 0x09, 0xc2, 0xe9, 0xc1, 0xe9, 0xb9, 0xa9, 0xb1,
  0xe9, 0xc1, 0xc8, 0xb1, 0x08, 0xc2, 0xe9, 0xfa, 0x48, 0xe2, 0xe8, 0xd1, 0xe8, 0xd1, 0xe8, 0xc9,
  0x28, 0x79, 0x48, 0x79, 0xe7, 0x58, 0xc7, 0x50, 0x27, 0x71, 0x47, 0x79, 0xe7, 0x58, 0xa7, 0x40,
  0xa7, 0x38, 0xc7, 0x38, 0xa7, 0x38, 0xa7, 0x38, 0xa7, 0x30, 0xc8, 0x30, 0xe8, 0x38, 0xe8, 0x30,
  0xe8, 0x30, 0xe8, 0x30, 0xe8, 0x30, 0xc8, 0x28, 0xa7, 0x20, 0xa7, 0x20, 0xa7, 0x20, 0xa7, 0x20,
  0xc8, 0x28, 0xc8, 0x28, 0xc8, 0x20, 0xc8, 0x20, 0xa7, 0x20, 0xc7, 0x20, 0xc8, 0x20, 0xe8, 0x20,
  0x0c, 0xd3, 0x0c, 0xd3, 0x0c, 0xdb, 0x0c, 0xdb, 0x0c, 0xdb, 0x0c, 0xdb, 0x0c, 0xdb, 0x0c, 0xdb,
  0x0c, 0xdb, 0x0c, 0xdb, 0xec, 0xda, 0x0c, 0xd3, 0xec, 0xd2, 0xec, 0xd2, 0xec, 0xca, 0xec, 0xca,
  0xec, 0xca, 0xcb, 0xba, 0xab, 0xb2, 0xab, 0xb2, 0x8b, 0xaa, 0xcb, 0xc2, 0x89, 0xca, 0xe8, 0xa1,
  0x67, 0x79, 0x27, 0x61, 0x47, 0x71, 0x67, 0x71, 0x67, 0x71, 0x67, 0x71, 0x67, 0x79, 0x67, 0x79,
  0x87, 0x81, 0x87, 0x81, 0x87, 0x89, 0x87, 0x91, 0x87, 0x91, 0x87, 0x99, 0xa8, 0x99, 0xa8, 0xa9,
  0xa8, 0xa9, 0xc8, 0xb9, 0x08, 0xd2, 0x69, 0xea, 0x89, 0xea, 0x29, 0xda, 0xca, 0xf2, 0x4b, 0xfb,
  0x2c, 0xeb, 0x0c, 0xeb, 0x2d, 0xeb, 0x2d, 0xeb, 0x2d, 0xeb, 0x2d, 0xeb, 0x2d, 0xeb, 0x4d, 0xeb,
  0x4d, 0xf3, 0x4c, 0xfb, 0x4d, 0xf3, 0x6e, 0xf3, 0x6e, 0xf3, 0x6e, 0xf3, 0x8e, 0xf3, 0x8e, 0xf3,
  0x8e, 0xf3, 0x8f, 0xf3, 0x8f, 0xf3, 0xaf, 0xf3, 0xaf, 0xf3, 0x8e, 0xf3, 0x6d, 0xfb, 0x8d, 0xfb,
  0xcf, 0xfb, 0x0e, 0xfc, 0xae, 0xfb, 0x6e, 0xf3, 0x6e, 0xf3, 0x4e, 0xf3, 0x4d, 0xf3, 0x4d, 0xf3,
  0x4d, 0xf3, 0x4d, 0xf3, 0x2d, 0xeb, 0x2d, 0xeb, 0x4d, 0xf3, 0x4d, 0xf3, 0x4d, 0xf3, 0x4d, 0xf3,
  0x4d, 0xf3, 0x2d, 0xf3, 0x2d, 0xf3, 0x2d, 0xeb, 0x0d, 0xeb, 0x0d, 0xeb, 0x0d, 0xeb, 0x0d, 0xeb,
  0x0d, 0xe3, 0x0d, 0xe3, 0x0d, 0xe3, 0xed, 0xe2, 0x0c, 0xeb, 0xcc, 0xda, 0xcc, 0xe2, 0xcc, 0xd2,
  0x0b, 0xe3, 0x6b, 0xfb, 0x0b, 0xfb, 0xea, 0xfa, 0x2b, 0xeb, 0xcd, 0xca, 0xac, 0xc2, 0xeb, 0xda,
  0x69, 0xea, 0xa9, 0xfa, 0x49, 0xe2, 0x09, 0xca, 0xe9, 0xc1, 0xe9, 0xc1, 0xc9, 0xb9, 0xe9, 0xc1,
  0xc9, 0xfa, 0xe9, 0xfa, 0xa9, 0xfa, 0x69, 0xea, 0x08, 0xd2, 0x08, 0xda, 0x08, 0xda, 0xc8, 0xb9,
  0x08, 0x69, 0x08, 0x61, 0xe8, 0x58, 0x08, 0x69, 0x68, 0x89, 0xe7, 0x58, 0x87, 0x38, 0xa7, 0x38,
  0xa7, 0x38, 0xc7, 0x38, 0xa7, 0x38, 0xa7, 0x30, 0xa7, 0x30, 0xa7, 0x30, 0xc8, 0x30, 0xc8, 0x30,
  0xc8, 0x30, 0xe8, 0x30, 0xc8, 0x30, 0xa7, 0x20, 0xa7, 0x20, 0xa7, 0x20, 0xa7, 0x20, 0xc8, 0x28,
  0xe9, 0x28, 0xe8, 0x28, 0xe8, 0x28, 0xe8, 0x28, 0xe8, 0x28, 0xc8, 0x20, 0xa7, 0x20, 0xc8, 0x20,
  0x0c, 0xd3, 0x0c, 0xd3, 0x0c, 0xd3, 0x0c, 0xd3, 0x0c, 0xdb, 0x0c, 0xdb, 0xec, 0xda, 0x0c, 0xdb,
  0x0c, 0xdb, 0x0c, 0xdb, 0xec, 0xda, 0xec, 0xd2, 0xcc, 0xca, 0xec, 0xd2, 0xec, 0xca, 0xec, 0xca,
  0xcc, 0xc2, 0xcc, 0xba, 0xcc, 0xba, 0xcc, 0xb2, 0xcb, 0xb2, 0xeb, 0xca, 0xa8, 0x79, 0x67, 0x69,
  0x67, 0x71, 0x87, 0x79, 0x67, 0x79, 0x47, 0x69, 0x47, 0x69, 0x47, 0x69, 0x47, 0x69, 0x67, 0x71,
  0x67, 0x71, 0x67, 0x79, 0x67, 0x79, 0x67, 0x79, 0x67, 0x81, 0x67, 0x81, 0x67, 0x91, 0x87, 0x99,
  0xc8, 0xb9, 0xa8, 0xb1, 0xa8, 0xb1, 0xe8, 0xc9, 0x89, 0xea, 0x69, 0xea, 0xaa, 0xea, 0x6b, 0xfb,
  0xec, 0xea, 0x0d, 0xe3, 0x0d, 0xeb, 0x0d, 0xeb, 0x2d, 0xeb, 0x2d, 0xeb, 0x2d, 0xeb, 0x2d, 0xeb,
  0x2d, 0xeb, 0x2d, 0xf3, 0x4d, 0xf3, 0x4d, 0xf3, 0x4d, 0xfb, 0x6d, 0xf3, 0x6e, 0xf3, 0x6e, 0xf3,
  0x8e, 0xf3, 0x8e, 0xf3, 0x6e, 0xf3, 0x6e, 0xfb, 0x8e, 0xfb, 0x8e, 0xf3, 0x8f, 0xf3, 0x8e, 0xf3,
  0x8e, 0xfb, 0x8e, 0xfb, 0x6e, 0xf3, 0x6e, 0xf3, 0x6e, 0xeb, 0x4e, 0xeb, 0x4e, 0xeb, 0x4e, 0xeb,
  0x4e, 0xeb, 0x4d, 0xeb, 0x2d, 0xeb, 0x2d, 0xeb, 0x2d, 0xeb, 0x2d, 0xeb, 0x2d, 0xeb, 0x2d, 0xeb,
  0x2d, 0xeb, 0x0d, 0xeb, 0x0d, 0xe3, 0x0d, 0xe3, 0x0d, 0xe3, 0xed, 0xe2, 0xed, 0xe2, 0xed, 0xe2,
  0xed, 0xda, 0xec, 0xda, 0xcc, 0xda, 0xcc, 0xe2, 0xeb, 0xf2, 0xac, 0xda, 0x2b, 0xeb, 0xab, 0xfb,
  0x8b, 0xfb, 0x0a, 0xfb, 0x6a, 0xea, 0x2a, 0xd2, 0x6a, 0xd2, 0xeb, 0xe2, 0x8c, 0xc2, 0x8c, 0xc2,
  0x6b, 0xc2, 0x8a, 0xe2, 0x89, 0xfa, 0x69, 0xea, 0x4a, 0xc2, 0xaa, 0xe2, 0x09, 0xc2, 0x69, 0xda,
  0x48, 0xe2, 0x28, 0xda, 0x08, 0xda, 0x08, 0xd2, 0xa8, 0xa9, 0x88, 0x99, 0x08, 0xd2, 0x88, 0x99,
  0xe7, 0x50, 0xe7, 0x50, 0xc7, 0x50, 0x27, 0x71, 0x27, 0x71, 0xa7, 0x38, 0xa7, 0x38, 0xa7, 0x38,
  0xa7, 0x38, 0xa7, 0x38, 0xa7, 0x38, 0xa7, 0x38, 0xa7, 0x30, 0xa7, 0x30, 0xa7, 0x30, 0xa7, 0x28,
  0xa7, 0x28, 0xa7, 0x28, 0xc8, 0x28, 0xc8, 0x28, 0xc8, 0x20, 0xc8, 0x20, 0xc8, 0x28, 0xe9, 0x28,
  0xe8, 0x28, 0xe8, 0x28, 0xe8, 0x28, 0xe8, 0x28, 0x09, 0x29, 0xe9, 0x28, 0xc8, 0x20, 0xc7, 0x18,
  0xeb, 0xd2, 0x0c, 0xdb, 0x0b, 0xdb, 0xea, 0xea, 0xca, 0xda, 0xcb, 0xd2, 0xeb, 0xd2, 0xeb, 0xd2,
  0xeb, 0xd2, 0xeb, 0xd2, 0xec, 0xd2, 0xec, 0xd2, 0xec, 0xca, 0xec, 0xca, 0xec, 0xca, 0xec, 0xc2,
  0xec, 0xba, 0xec, 0xba, 0xec, 0xba, 0xcc, 0xb2, 0xcb, 0xb2, 0x49, 0xb2, 0x87, 0x81, 0x87, 0x81,
  0x87, 0x79, 0x87, 0x79, 0x47, 0x69, 0x47, 0x61, 0x47, 0x69, 0x47, 0x69, 0x47, 0x69, 0x47, 0x69,
  0x27, 0x69, 0x47, 0x71, 0x47, 0x71, 0x47, 0x71, 0x47, 0x79, 0x47, 0x79, 0x47, 0x81, 0x67, 0x91,
  0xe8, 0xc9, 0x08, 0xda, 0xa7, 0xb1, 0xa8, 0xb1, 0xc8, 0xc1, 0x69, 0xe2, 0x29, 0xd2, 0xca, 0xea,
  0x4b, 0xfb, 0x0c, 0xeb, 0x0d, 0xe3, 0x0d, 0xe3, 0x2d, 0xe3, 0x2d, 0xe3, 0x2d, 0xe3, 0x2d, 0xeb,
  0x2d, 0xeb, 0x4d, 0xeb, 0x4d, 0xeb, 0x2c, 0xf3, 0x2c, 0xfb, 0x4d, 0xf3, 0x4e, 0xeb, 0x4e, 0xeb,
  0x6e, 0xeb, 0x4d, 0xf3, 0x4c, 0xfb, 0x4c, 0xfb, 0x6d, 0xfb, 0x6e, 0xf3, 0x6e, 0xeb, 0x6e, 0xeb,
  0x6e, 0xf3, 0x6e, 0xf3, 0x6e, 0xeb, 0x6e, 0xeb, 0x4e, 0xeb, 0x4e, 0xeb, 0x4e, 0xeb, 0x4d, 0xeb,
  0x4d, 0xeb, 0x2d, 0xeb, 0x2d, 0xe3, 0x0d, 0xe3, 0x0d, 0xe3, 0x0d, 0xe3, 0x0d, 0xe3, 0x0d, 0xe3,
  0xed, 0xe2, 0x0d, 0xeb, 0xec, 0xea, 0xec, 0xe2, 0xec, 0xea, 0xec, 0xf2, 0xec, 0xea, 0xcc, 0xda,
  0xcc, 0xd2, 0xcc, 0xd2, 0xac, 0xd2, 0xac, 0xca, 0x8c, 0xd2, 0xcb, 0xea, 0xab, 0xfb, 0x4b, 0xfb,
  0xeb, 0xfa, 0x8a, 0xea, 0x09, 0xd2, 0xea, 0xb9, 0xca, 0xb1, 0xaa, 0xe2, 0x0b, 0xeb, 0x6b, 0xba,
  0x6c, 0xba, 0x6c, 0xb2, 0x6b, 0xba, 0x4b, 0xb2, 0x4b, 0xa2, 0x4a, 0xc2, 0xc9, 0xf2, 0xa9, 0xf2,
  0x69, 0xea, 0x28, 0xda, 0xe8, 0xc9, 0xa8, 0xa9, 0x47, 0x81, 0x47, 0x79, 0x48, 0x81, 0x48, 0x79,
  0x27, 0x79, 0x07, 0x61, 0x27, 0x71, 0x27, 0x71, 0xc7, 0x48, 0xa7, 0x38, 0xa7, 0x38, 0xa7, 0x38,
  0xc7, 0x38, 0xc7, 0x38, 0xa7, 0x38, 0xc7, 0x38, 0xc7, 0x38, 0xc7, 0x30, 0xa7, 0x30, 0xa7, 0x28,
  0xa7, 0x28, 0xc8, 0x30, 0xe8, 0x30, 0xe8, 0x30, 0xe8, 0x30, 0xe8, 0x30, 0xe8, 0x30, 0xe8, 0x28,
  0xe8, 0x28, 0xe8, 0x28, 0xe8, 0x28, 0xe9, 0x28, 0xe9, 0x28, 0xe9, 0x28, 0xe9, 0x28, 0xe8, 0x20,
  0xa9, 0xda, 0x89, 0xda, 0xc9, 0xf2, 0x09, 0xfb, 0xe9, 0xfa, 0xaa, 0xda, 0xab, 0xc2, 0xab, 0xc2,
  0xab, 0xc2, 0xcb, 0xca, 0xcb, 0xca, 0xcb, 0xca, 0xcb, 0xca, 0xcb, 0xca, 0xcc, 0xc2, 0xcc, 0xba,
  0xec, 0xc2, 0xcb, 0xba, 0x8b, 0xb2, 0x4a, 0xa2, 0xe8, 0x91, 0xa7, 0x89, 0x87, 0x79, 0x67, 0x71,
  0x47, 0x69, 0x27, 0x61, 0x27, 0x61, 0x47, 0x61, 0x27, 0x61, 0x27, 0x69, 0x27, 0x69, 0x26, 0x69,
  0x26, 0x69, 0x26, 0x71, 0x27, 0x71, 0x47, 0x79, 0x47, 0x79, 0x47, 0x81, 0x47, 0x81, 0x87, 0x99,
  0xe8, 0xd1, 0x08, 0xda, 0xa7, 0xb1, 0xa8, 0xa9, 0x09, 0xd2, 0xca, 0xf2, 0x49, 0xda, 0x09, 0xd2,
  0x69, 0xf2, 0x0a, 0xfb, 0x2c, 0xeb, 0x0c, 0xe3, 0xed, 0xda, 0x0d, 0xe3, 0x0d, 0xe3, 0x0d, 0xe3,
  0x2d, 0xe3, 0x2d, 0xe3, 0x2d, 0xeb, 0x2d, 0xeb, 0x2d, 0xeb, 0x2d, 0xeb, 0x4e, 0xeb, 0x4e, 0xeb,
  0x4e, 0xeb, 0x4e, 0xeb, 0x4d, 0xf3, 0x4e, 0xeb, 0x4e, 0xeb, 0x4e, 0xeb, 0x4e, 0xeb, 0x4e, 0xeb,
  0x4e, 0xeb, 0x4e, 0xeb, 0x4e, 0xe3, 0x4e, 0xe3, 0x4e, 0xe3, 0x2e, 0xe3, 0x2e, 0xe3, 0x2e, 0xe3,
  0x2e, 0xe3, 0x2d, 0xe3, 0x0d, 0xe3, 0x2d, 0xeb, 0x2d, 0xeb, 0x0d, 0xdb, 0x0d, 0xdb, 0xed, 0xda,
  0xed, 0xda, 0x0d, 0xeb, 0xed, 0xe2, 0xed, 0xda, 0xed, 0xda, 0x0c, 0xf3, 0xec, 0xea, 0xcc, 0xda,
  0xcc, 0xda, 0xac, 0xd2, 0xcc, 0xe2, 0x0b, 0xf3, 0x8b, 0xea, 0xcb, 0xea, 0x8b, 0xfb, 0x2b, 0xfb,
  0x8a, 0xea, 0xea, 0xc1, 0xe9, 0xb9, 0xc9, 0xb1, 0xe9, 0xb9, 0xe9, 0xb9, 0xaa, 0xe2, 0xca, 0xda,
  0x2b, 0xb2, 0x4b, 0xaa, 0x4b, 0xaa, 0x4b, 0xa2, 0x6a, 0xc2, 0xc9, 0xea, 0xc9, 0xf2, 0x48, 0xe2,
  0x49, 0xda, 0x88, 0xa1, 0x47, 0x81, 0x48, 0x89, 0x68, 0x89, 0x48, 0x81, 0x48, 0x71, 0xa8, 0xb1,
  0xc8, 0xb9, 0x88, 0x99, 0x47, 0x79, 0xe7, 0x50, 0xc7, 0x40, 0xc7, 0x40, 0xc7, 0x40, 0xe8, 0x40,
  0xe7, 0x40, 0xe8, 0x40, 0xc8, 0x38, 0xc8, 0x38, 0xe8, 0x38, 0xe8, 0x38, 0xc8, 0x30, 0xc8, 0x30,
  0xe8, 0x30, 0x09, 0x39, 0x09, 0x31, 0xe9, 0x30, 0xe9, 0x30, 0xe9, 0x30, 0xe9, 0x30, 0xe9, 0x30,
  0xe9, 0x28, 0xe9, 0x28, 0xe9, 0x28, 0xe9, 0x28, 0x09, 0x29, 0x09, 0x29, 0xe9, 0x28, 0x09, 0x29,
  0x49, 0xca, 0xc8, 0xa9, 0xc8, 0xb1, 0x29, 0xca, 0xa9, 0xea, 0xc9, 0xfa, 0x6a, 0xba, 0x8b, 0xba,
  0x8b, 0xba, 0x8b, 0xba, 0xab, 0xba, 0xab, 0xba, 0xcc, 0xc2, 0xcc, 0xba, 0x8b, 0xb2, 0xaa, 0xca,
  0x49, 0xc2, 0xa8, 0x81, 0x87, 0x79, 0x67, 0x71, 0x47, 0x69, 0x27, 0x61, 0x27, 0x61, 0x47, 0x61,
  0x47, 0x61, 0x27, 0x61, 0x06, 0x61, 0x06, 0x61, 0x06, 0x61, 0x06, 0x61, 0x26, 0x69, 0x47, 0x71,
  0x47, 0x71, 0x47, 0x71, 0x47, 0x79, 0x47, 0x79, 0x47, 0x81, 0x47, 0x81, 0x67, 0x89, 0x67, 0x89,
  0x87, 0xa1, 0xc8, 0xc1, 0xa8, 0xa1, 0xe9, 0xb9, 0x09, 0xc2, 0xe9, 0xc1, 0x28, 0xda, 0xe8, 0xc9,
  0xa8, 0xb9, 0x49, 0xe2, 0xea, 0xf2, 0x2b, 0xf3, 0x2c, 0xeb, 0xed, 0xd2, 0xed, 0xda, 0xed, 0xda,
  0x0d, 0xe3, 0x0d, 0xe3, 0x0d, 0xe3, 0x2d, 0xe3, 0x2d, 0xe3, 0x2d, 0xeb, 0x2e, 0xeb, 0x2e, 0xeb,
  0x2e, 0xeb, 0x2e, 0xeb, 0x2e, 0xe3, 0x2e, 0xe3, 0x2e, 0xe3, 0x2e, 0xe3, 0x2e, 0xdb, 0x2e, 0xe3,
  0x2e, 0xe3, 0x2e, 0xe3, 0x2e, 0xe3, 0x2e, 0xe3, 0x2e, 0xdb, 0x2d, 0xe3, 0x2d, 0xe3, 0x2d, 0xe3,
  0x0d, 0xdb, 0x4d, 0xeb, 0x2d, 0xe3, 0x0d, 0xe3, 0x0d, 0xe3, 0xed, 0xd2, 0xed, 0xd2, 0xed, 0xd2,
  0xed, 0xda, 0xed, 0xd2, 0xed, 0xd2, 0xed, 0xda, 0xcc, 0xea, 0xcb, 0xea, 0x0c, 0xf3, 0x0b, 0xf3,
  0xab, 0xea, 0xab, 0xe2, 0xcb, 0xea, 0xeb, 0xfa, 0xcb, 0xf2, 0x2b, 0xfb, 0x4b, 0xfb, 0x0a, 0xfb,
  0x4a, 0xd2, 0xea, 0xb9, 0xc9, 0xb1, 0xc9, 0xb1, 0xe9, 0xb1, 0x09, 0xba, 0x29, 0xca, 0x4a, 0xfb,
  0xca, 0xe2, 0x2a, 0xb2, 0x2a, 0xa2, 0x2a, 0xba, 0xe9, 0xfa, 0xe9, 0xfa, 0x28, 0xd2, 0x28, 0xd2,
  0xc8, 0xb1, 0xe8, 0xc1, 0x49, 0xda, 0xc9, 0xf2, 0x28, 0xca, 0x48, 0x79, 0x88, 0x99, 0xe8, 0xc1,
  0xc8, 0xb1, 0xa8, 0x99, 0x48, 0x71, 0xc7, 0x48, 0xe7, 0x48, 0xe8, 0x48, 0xe8, 0x48, 0xe8, 0x40,
  0xe8, 0x40, 0xe8, 0x40, 0xe8, 0x40, 0xe8, 0x38, 0xe8, 0x40, 0xe8, 0x38, 0xe8, 0x38, 0x08, 0x39,
  0x09, 0x39, 0x09, 0x39, 0x09, 0x39, 0x09, 0x39, 0xe9, 0x30, 0x09, 0x31, 0x09, 0x31, 0x09, 0x31,
  0x09, 0x31, 0x09, 0x31, 0x09, 0x31, 0x09, 0x31, 0x09, 0x31, 0x09, 0x31, 0x09, 0x29, 0x09, 0x29,
  0xe8, 0xa9, 0xe8, 0xb1, 0xa8, 0xa1, 0x88, 0x99, 0xa8, 0x99, 0xa9, 0xea, 0x69, 0xd2, 0x6a, 0xb2,
  0x6a, 0xba, 0x6b, 0xba, 0x8b, 0xba, 0xab, 0xba, 0x6b, 0xa2, 0x09, 0x92, 0x28, 0xca, 0x48, 0xea,
  0x87, 0x99, 0x47, 0x61, 0x47, 0x69, 0x47, 0x69, 0x27, 0x61, 0x27, 0x61, 0x27, 0x61, 0x27, 0x61,
  0x27, 0x61, 0x26, 0x59, 0x06, 0x59, 0x06, 0x59, 0x06, 0x61, 0x27, 0x61, 0x47, 0x71, 0x47, 0x71,
  0x47, 0x71, 0x47, 0x79, 0x67, 0x79, 0x67, 0x81, 0x47, 0x79, 0x47, 0x81, 0x47, 0x81, 0x67, 0x81,
  0x67, 0x89, 0xa8, 0xa1, 0xc8, 0xa9, 0xc9, 0xb1, 0xc8, 0xb1, 0x88, 0xa1, 0x87, 0xa1, 0xc8, 0xb9,
  0xe8, 0xb9, 0x6a, 0xda, 0x8a, 0xea, 0xea, 0xfa, 0x0a, 0xfb, 0xeb, 0xea, 0x0c, 0xe3, 0xed, 0xd2,
  0xed, 0xda, 0xed, 0xda, 0x0d, 0xdb, 0x0d, 0xdb, 0x0d, 0xdb, 0x0d, 0xe3, 0x0d, 0xe3, 0x2d, 0xe3,
  0x2d, 0xe3, 0x2d, 0xe3, 0x0d, 0xe3, 0x2e, 0xeb, 0x2e, 0xe3, 0x0d, 0xdb, 0x0d, 0xeb, 0x0d, 0xdb,
  0x0d, 0xd3, 0x4d, 0xf3, 0x2d, 0xf3, 0x2d, 0xeb, 0x2d, 0xeb, 0x2d, 0xf3, 0x2d, 0xe3, 0x0d, 0xdb,
  0x2c, 0xf3, 0x2c, 0xfb, 0x0d, 0xe3, 0xed, 0xd2, 0xed, 0xd2, 0xed, 0xd2, 0xed, 0xca, 0x0c, 0xeb,
  0xec, 0xea, 0xcd, 0xca, 0xed, 0xd2, 0x0c, 0xfb, 0xeb, 0xfa, 0xcb, 0xfa, 0xcb, 0xf2, 0xcb, 0xea,
  0xeb, 0xf2, 0x0b, 0xfb, 0xeb, 0xf2, 0xab, 0xea, 0x0b, 0xfb, 0x0a, 0xfb, 0xca, 0xea, 0x2a, 0xca,
  0xea, 0xb1, 0xea, 0xb1, 0xc9, 0xa9, 0xc9, 0xa9, 0xe9, 0xb9, 0x0a, 0xba, 0x0a, 0xba, 0x8a, 0xd2,
  0x0a, 0xf3, 0x6a, 0xca, 0x0a, 0xb2, 0xa9, 0xea, 0xa9, 0xea, 0xe8, 0xc1, 0xe8, 0xc1, 0xc8, 0xb9,
  0xe8, 0xb9, 0xe9, 0xfa, 0x69, 0xda, 0xe8, 0xb1, 0x68, 0x81, 0x88, 0x89, 0xc8, 0xb9, 0xe8, 0xb9,
  0xc8, 0xb1, 0x88, 0x89, 0x08, 0x59, 0xe8, 0x48, 0xe8, 0x48, 0xe7, 0x48, 0xe7, 0x40, 0xe7, 0x40,
  0xe8, 0x40, 0xe8, 0x40, 0xe8, 0x38, 0xe8, 0x38, 0xe8, 0x38, 0xe8, 0x38, 0x08, 0x39, 0x29, 0x41,
  0x29, 0x39, 0x29, 0x39, 0x09, 0x39, 0x09, 0x39, 0xe9, 0x30, 0x09, 0x39, 0x29, 0x39, 0x29, 0x39,
  0x29, 0x39, 0x29, 0x31, 0x29, 0x31, 0x29, 0x31, 0x29, 0x31, 0x29, 0x31, 0x29, 0x31, 0x29, 0x31,
  0x88, 0x91, 0xa8, 0x99, 0xa8, 0xa1, 0xa8, 0x99, 0x88, 0x91, 0xe8, 0xb1, 0xc9, 0xea, 0x4a, 0xaa,
  0x8b, 0xb2, 0x6b, 0xaa, 0x2a, 0x9a, 0xe9, 0x89, 0xc9, 0x89, 0xa7, 0xb1, 0xc7, 0xc1, 0xa7, 0xa1,
  0x67, 0x71, 0x47, 0x69, 0x47, 0x69, 0x47, 0x61, 0x27, 0x61, 0x27, 0x59, 0x27, 0x59, 0x27, 0x59,
  0x26, 0x59, 0x06, 0x59, 0x27, 0x59, 0x27, 0x61, 0x26, 0x61, 0x47, 0x69, 0x27, 0x69, 0x27, 0x69,
  0x27, 0x69, 0x27, 0x71, 0x47, 0x71, 0x47, 0x79, 0x47, 0x79, 0x47, 0x79, 0x47, 0x81, 0x88, 0x91,
  0xc8, 0xa1, 0xc8, 0xa9, 0xc9, 0xb1, 0xc8, 0xa9, 0x88, 0xa1, 0x87, 0xa1, 0x88, 0x99, 0xc8, 0xb9,
  0x69, 0xda, 0x0a, 0xf3, 0x2a, 0xfb, 0x89, 0xf2, 0x28, 0xe2, 0x68, 0xfa, 0x0a, 0xfb, 0x2b, 0xf3,
  0xec, 0xd2, 0xed, 0xd2, 0xed, 0xd2, 0xed, 0xda, 0xed, 0xda, 0xed, 0xda, 0xed, 0xda, 0xed, 0xda,
  0x0d, 0xdb, 0x0d, 0xdb, 0xed, 0xda, 0x0d, 0xdb, 0xed, 0xda, 0x0d, 0xdb, 0x2c, 0xfb, 0x0d, 0xe3,
  0xed, 0xca, 0x0d, 0xdb, 0xed, 0xca, 0x0d, 0xdb, 0x2c, 0xfb, 0x0c, 0xeb, 0xed, 0xda, 0xed, 0xd2,
  0x2c, 0xf3, 0x0c, 0xe3, 0xed, 0xd2, 0xed, 0xca, 0xcd, 0xca, 0xcd, 0xca, 0xcd, 0xc2, 0x0c, 0xeb,
  0xec, 0xea, 0xcd, 0xc2, 0xcd, 0xc2, 0xcc, 0xda, 0xac, 0xd2, 0xac, 0xca, 0xac, 0xd2, 0x8c, 0xca,
  0xab, 0xd2, 0xcb, 0xe2, 0xab, 0xe2, 0x8b, 0xda, 0x8b, 0xda, 0x6a, 0xd2, 0xab, 0xd2, 0xac, 0xeb,
  0x4a, 0xc2, 0x0a, 0xba, 0x2a, 0xca, 0x4a, 0xc2, 0x0a, 0xba, 0x0a, 0xb2, 0x0a, 0xba, 0x0a, 0xb2,
  0x0a, 0xb2, 0x2a, 0xba, 0xe9, 0xf2, 0x49, 0xda, 0xe8, 0xc1, 0x49, 0xda, 0x49, 0xda, 0xc8, 0xb9,
  0xc8, 0xb9, 0x08, 0xc2, 0x47, 0x81, 0x48, 0x79, 0x68, 0x89, 0xa8, 0xa9, 0xe8, 0xb9, 0xe8, 0xc1,
  0x88, 0x99, 0x28, 0x61, 0xe7, 0x50, 0xe7, 0x48, 0xc7, 0x40, 0xc7, 0x40, 0xc7, 0x38, 0xc7, 0x38,
  0xc7, 0x38, 0xc7, 0x38, 0xc7, 0x38, 0xc8, 0x30, 0xc8, 0x30, 0xc8, 0x30, 0x09, 0x39, 0x09, 0x39,
  0xe8, 0x30, 0xe8, 0x30, 0xe8, 0x30, 0xe8, 0x30, 0xe8, 0x30, 0x09, 0x31, 0x09, 0x31, 0x09, 0x31,
  0x09, 0x31, 0x29, 0x31, 0x29, 0x31, 0x29, 0x31, 0x29, 0x31, 0x29, 0x31, 0x29, 0x31, 0x29, 0x31,
  0x88, 0x91, 0xa8, 0x91, 0x88, 0x91, 0x88, 0x91, 0x88, 0x91, 0x88, 0x91, 0x69, 0xda, 0x49, 0xc2,
  0x8b, 0xba, 0x69, 0xc2, 0xe8, 0xa9, 0x47, 0x71, 0x67, 0x81, 0xc7, 0xc9, 0x67, 0x81, 0x27, 0x61,
  0x47, 0x69, 0x68, 0x69, 0x47, 0x61, 0x27, 0x61, 0x27, 0x61, 0x27, 0x59, 0x06, 0x59, 0x07, 0x59,
  0x27, 0x59, 0x47, 0x61, 0x47, 0x61, 0x47, 0x61, 0x47, 0x69, 0x27, 0x61, 0x06, 0x59, 0x06, 0x61,
  0x06, 0x61, 0x07, 0x69, 0x27, 0x69, 0x27, 0x71, 0x27, 0x71, 0x67, 0x79, 0xa8, 0x99, 0xc8, 0xa9,
  0xc8, 0xa9, 0xe9, 0xb1, 0xa8, 0xa1, 0x87, 0x91, 0x87, 0x99, 0x88, 0xa1, 0xe9, 0xb9, 0x09, 0xc2,
  0xe9, 0xb9, 0xe9, 0xc9, 0x08, 0xc2, 0xc8, 0xb9, 0xc8, 0xc1, 0x28, 0xe2, 0x69, 0xea, 0xea, 0xf2,
  0x0b, 0xe3, 0xcc, 0xd2, 0xcc, 0xd2, 0xcc, 0xca, 0xcc, 0xd2, 0xcc, 0xd2, 0xcd, 0xd2, 0x2c, 0xe3,
  0x0c, 0xe3, 0xec, 0xe2, 0x4c, 0xeb, 0xed, 0xd2, 0xed, 0xd2, 0xed, 0xca, 0x0d, 0xdb, 0xed, 0xd2,
  0xed, 0xc2, 0xcd, 0xc2, 0xed, 0xc2, 0xed, 0xc2, 0xed, 0xca, 0xcd, 0xc2, 0xed, 0xc2, 0xed, 0xc2,
  0xed, 0xca, 0xcd, 0xc2, 0xcd, 0xc2, 0xcd, 0xc2, 0xcd, 0xc2, 0xcd, 0xc2, 0xad, 0xba, 0xac, 0xba,
  0xad, 0xc2, 0xac, 0xba, 0x8c, 0xba, 0x8c, 0xba, 0x6c, 0xb2, 0x6c, 0xb2, 0x6c, 0xb2, 0x6b, 0xb2,
  0x4b, 0xb2, 0x4b, 0xb2, 0x4b, 0xb2, 0x2b, 0xb2, 0x2b, 0xb2, 0x0a, 0xb2, 0x2a, 0xb2, 0xcb, 0xc2,
  0x6a, 0xca, 0x2a, 0xb2, 0x6a, 0xca, 0x6a, 0xca, 0x0a, 0xb2, 0x0a, 0xb2, 0x0a, 0xb2, 0x0a, 0xb2,
  0xea, 0xa1, 0x4a, 0xc2, 0x89, 0xea, 0xe8, 0xc1, 0xa9, 0xea, 0x49, 0xda, 0xc8, 0xc1, 0xc8, 0xb9,
  0xc8, 0xb1, 0x88, 0x91, 0x67, 0x81, 0x68, 0x89, 0xa8, 0xa1, 0x88, 0x99, 0x48, 0x79, 0xa8, 0x99,
  0x27, 0x69, 0xe7, 0x48, 0xe7, 0x48, 0xc7, 0x40, 0xc7, 0x40, 0xa7, 0x38, 0xa7, 0x38, 0xa7, 0x30,
  0xa7, 0x30, 0xc7, 0x30, 0xc7, 0x30, 0xc8, 0x30, 0xc8, 0x30, 0xc8, 0x30, 0xc8, 0x30, 0xc8, 0x28,
  0xa7, 0x28, 0xa7, 0x28, 0xc8, 0x28, 0xc8, 0x28, 0xc8, 0x28, 0xc8, 0x28, 0xe9, 0x30, 0xe9, 0x28,
  0xe9, 0x28, 0xe9, 0x28, 0x09, 0x29, 0x09, 0x29, 0x09, 0x29, 0x09, 0x29, 0x09, 0x29, 0x09, 0x29,
  0x88, 0x89, 0x88, 0x89, 0x88, 0x89, 0x88, 0x89, 0x88, 0x89, 0x88, 0x89, 0x88, 0x89, 0x08, 0xba,
  0xe8, 0xa9, 0x67, 0x81, 0x87, 0x91, 0x47, 0x71, 0x47, 0x71, 0x67, 0x79, 0x47, 0x69, 0x47, 0x69,
  0x47, 0x69, 0x68, 0x69, 0x47, 0x61, 0x27, 0x59, 0x27, 0x59, 0x07, 0x59, 0x06, 0x59, 0x27, 0x61,
  0x47, 0x61, 0x47, 0x61, 0x47, 0x61, 0x47, 0x61, 0x47, 0x61, 0x27, 0x61, 0x27, 0x61, 0x07, 0x61,
  0x07, 0x61, 0x07, 0x61, 0x07, 0x69, 0x27, 0x69, 0x47, 0x71, 0xa8, 0x91, 0xa8, 0x99, 0xa8, 0x99,
  0xa8, 0xa1, 0x88, 0x91, 0x67, 0x81, 0x67, 0x91, 0xa8, 0xb1, 0x29, 0xd2, 0x49, 0xda, 0x29, 0xd2,
  0x29, 0xda, 0x09, 0xd2, 0x88, 0xa9, 0x88, 0xa1, 0x88, 0xa9, 0x09, 0xca, 0x69, 0xe2, 0xca, 0xea,
  0xca, 0xf2, 0xeb, 0xea, 0xac, 0xca, 0xac, 0xd2, 0xac, 0xc2, 0x0c, 0xe3, 0xab, 0xfb, 0x8b, 0xfb,
  0xaa, 0xda, 0xea, 0xf2, 0xeb, 0xfb, 0x0c, 0xdb, 0xad, 0xc2, 0xcd, 0xc2, 0xcd, 0xc2, 0xad, 0xba,
  0xcd, 0xba, 0xcd, 0xba, 0xcd, 0xba, 0xad, 0xba, 0xad, 0xb2, 0xcd, 0xba, 0xcd, 0xba, 0xcd, 0xc2,
  0xcd, 0xc2, 0xed, 0xc2, 0xcd, 0xc2, 0xcd, 0xba, 0xad, 0xba, 0xac, 0xba, 0xac, 0xb2, 0x8c, 0xb2,
  0x8c, 0xb2, 0x8c, 0xb2, 0x6c, 0xb2, 0x6c, 0xb2, 0x6c, 0xb2, 0x4b, 0xb2, 0x4b, 0xaa, 0x4b, 0xaa,
  0x2b, 0xaa, 0x2b, 0xaa, 0x2b, 0xaa, 0x2b, 0xaa, 0x2b, 0xaa, 0x2b, 0xaa, 0x2a, 0xaa, 0x0a, 0xa2,
  0x0a, 0xa2, 0x0a, 0xa2, 0xea, 0x99, 0xea, 0xa1, 0x0a, 0xa2, 0xea, 0xa1, 0x0a, 0xa2, 0xea, 0xa1,
  0x0a, 0xaa, 0xc9, 0xf2, 0xc9, 0xf2, 0x89, 0xea, 0xe8, 0xc9, 0xc8, 0xc1, 0xc8, 0xb9, 0xc8, 0xb9,
  0xc8, 0xb1, 0x68, 0x91, 0x67, 0x81, 0x88, 0x99, 0x88, 0x99, 0x07, 0x61, 0xe7, 0x50, 0xe7, 0x50,
  0xc7, 0x48, 0xc7, 0x48, 0xc7, 0x40, 0xc7, 0x40, 0xc7, 0x38, 0xa7, 0x38, 0xc7, 0x38, 0xe8, 0x38,
  0xe8, 0x40, 0xe8, 0x40, 0xe8, 0x38, 0xe8, 0x38, 0xe8, 0x38, 0xe8, 0x30, 0xc8, 0x28, 0xa7, 0x28,
  0xa7, 0x28, 0xa7, 0x20, 0xa7, 0x20, 0xa7, 0x20, 0xa7, 0x20, 0xa7, 0x20, 0xc8, 0x28, 0xe8, 0x28,
  0xe8, 0x28, 0xe9, 0x28, 0xe9, 0x28, 0xe9, 0x28, 0xe9, 0x28, 0xe9, 0x20, 0xe9, 0x20, 0xe9, 0x20,
  0x68, 0x81, 0x88, 0x81, 0x88, 0x81, 0x88, 0x81, 0x88, 0x81, 0x88, 0x81, 0x27, 0x71, 0x27, 0x69,
  0x87, 0x91, 0x27, 0x69, 0x07, 0x61, 0x27, 0x69, 0x47, 0x71, 0x47, 0x69, 0x47, 0x61, 0x68, 0x69,
  0x68, 0x69, 0x48, 0x61, 0x47, 0x61, 0x07, 0x59, 0x07, 0x59, 0x07, 0x59, 0x27, 0x61, 0x47, 0x61,
  0x47, 0x59, 0x27, 0x59, 0x07, 0x51, 0x06, 0x51, 0x07, 0x59, 0x07, 0x59, 0x07, 0x59, 0x07, 0x59,
  0x07, 0x59, 0x07, 0x61, 0x27, 0x69, 0x47, 0x71, 0x68, 0x81, 0xa8, 0x89, 0xa8, 0x91, 0xa8, 0x91,
  0x67, 0x81, 0x47, 0x79, 0x47, 0x81, 0x88, 0x91, 0xc9, 0xa9, 0xe9, 0xb1, 0x09, 0xc2, 0x09, 0xca,
  0xc8, 0xb9, 0xe8, 0xc1, 0xc8, 0xb9, 0xa8, 0xb1, 0xc8, 0xb9, 0x29, 0xd2, 0x49, 0xd2, 0x49, 0xda,
  0x8a, 0xea, 0xaa, 0xf2, 0xca, 0xf2, 0x8a, 0xe2, 0x0b, 0xeb, 0x4b, 0xfb, 0x0b, 0xeb, 0x4a, 0xca,
  0xe9, 0xb1, 0xc9, 0xb1, 0x8c, 0xeb, 0x2c, 0xfc, 0xec, 0xd2, 0x8c, 0xba, 0xac, 0xba, 0xec, 0xc2,
  0x8c, 0xb2, 0x8c, 0xb2, 0x6c, 0xaa, 0xac, 0xb2, 0xcc, 0xb2, 0xac, 0xb2, 0xad, 0xaa, 0x8c, 0xb2,
  0xac, 0xb2, 0xad, 0xb2, 0xad, 0xb2, 0xad, 0xb2, 0xac, 0xb2, 0x8c, 0xb2, 0x8c, 0xb2, 0x8c, 0xb2,
  0x8c, 0xb2, 0x8c, 0xaa, 0x6c, 0xaa, 0x6c, 0xaa, 0x6c, 0xaa, 0x4c, 0xaa, 0x4c, 0xaa, 0x4b, 0xa2,
  0x2b, 0xa2, 0x2b, 0xa2, 0x2b, 0xaa, 0x2b, 0xa2, 0x2b, 0xa2, 0x2b, 0xa2, 0x2b, 0xa2, 0x0b, 0x9a,
  0x0b, 0x9a, 0x0a, 0xa2, 0x0a, 0xa2, 0xea, 0x99, 0x0a, 0x9a, 0x4a, 0xb2, 0x4a, 0xba, 0x49, 0xca,
  0xa9, 0xea, 0x69, 0xda, 0xe8, 0xb9, 0xe9, 0xc1, 0xe9, 0xc1, 0xe8, 0xc1, 0xc8, 0xb9, 0xc8, 0xb9,
  0xa8, 0xa9, 0x67, 0x81, 0x48, 0x79, 0x48, 0x81, 0x27, 0x69, 0x07, 0x59, 0xe7, 0x58, 0xe7, 0x48,
  0xc7, 0x48, 0xc7, 0x40, 0xc7, 0x40, 0xc7, 0x40, 0xc7, 0x38, 0xc8, 0x40, 0x08, 0x41, 0x08, 0x41,
  0xe8, 0x40, 0xe8, 0x38, 0xe8, 0x38, 0xe8, 0x38, 0xe8, 0x30, 0xe8, 0x30, 0xe8, 0x30, 0xc8, 0x30,
  0xa7, 0x28, 0xa7, 0x20, 0xa7, 0x20, 0xc8, 0x28, 0xc8, 0x28, 0xe8, 0x28, 0xe8, 0x28, 0xe8, 0x28,
  0xe9, 0x28, 0xe9, 0x28, 0xe9, 0x28, 0x09, 0x29, 0x09, 0x29, 0xe9, 0x20, 0xe8, 0x20, 0xe9, 0x20,
  0x47, 0x79, 0x48, 0x79, 0x68, 0x79, 0x68, 0x79, 0x68, 0x79, 0x68, 0x79, 0x27, 0x69, 0x27, 0x69,
  0x27, 0x61, 0x27, 0x69, 0x27, 0x61, 0x27, 0x61, 0x27, 0x61, 0x27, 0x61, 0x48, 0x61, 0x68, 0x61,
  0x68, 0x61, 0x47, 0x61, 0x27, 0x59, 0x07, 0x59, 0x07, 0x51, 0x27, 0x59, 0x47, 0x61, 0x27, 0x59,
  0x07, 0x51, 0xe6, 0x50, 0x06, 0x51, 0x06, 0x51, 0x07, 0x51, 0x07, 0x59, 0x07, 0x59, 0x07, 0x59,
  0x07, 0x59, 0x27, 0x69, 0x48, 0x71, 0x68, 0x71, 0x68, 0x79, 0x88, 0x81, 0x88, 0x81, 0x47, 0x71,
  0x47, 0x71, 0x47, 0x79, 0x88, 0x89, 0xa8, 0x91, 0xa8, 0x99, 0xc8, 0xa1, 0xa8, 0x99, 0x67, 0x89,
  0x67, 0x89, 0x88, 0xa1, 0xc8, 0xb1, 0xc8, 0xb1, 0x29, 0xd2, 0x09, 0xca, 0xe9, 0xc1, 0x09, 0xca,
  0x69, 0xda, 0x6a, 0xe2, 0x2a, 0xd2, 0x6a, 0xda, 0x0a, 0xfb, 0x8a, 0xea, 0x09, 0xca, 0xa9, 0xa9,
  0xa8, 0xa9, 0xe9, 0xc1, 0x6a, 0xd2, 0x8b, 0xeb, 0xac, 0xeb, 0xcb, 0xd2, 0xcb, 0xd2, 0x0c, 0xf4,
  0xcd, 0xe3, 0x8c, 0xaa, 0x2c, 0xc3, 0x0c, 0xf4, 0xec, 0xf3, 0xac, 0xeb, 0x8c, 0xe3, 0xcc, 0xb2,
  0x6c, 0xa2, 0xcc, 0xba, 0xec, 0xba, 0x8c, 0xaa, 0x8c, 0xaa, 0xac, 0xb2, 0x8c, 0xaa, 0x6c, 0xaa,
  0x6c, 0xaa, 0x6c, 0xaa, 0x6c, 0xa2, 0x6c, 0xa2, 0x6c, 0xa2, 0x4c, 0xa2, 0x4c, 0xa2, 0x4b, 0xa2,
  0x2b, 0xa2, 0x2b, 0xa2, 0x2b, 0x9a, 0x2b, 0xaa, 0x4a, 0xba, 0x0b, 0x9a, 0x0b, 0x92, 0xaa, 0xca,
  0xea, 0xda, 0xaa, 0xca, 0xea, 0xda, 0x8a, 0xd2, 0x89, 0xda, 0x89, 0xda, 0x29, 0xd2, 0x48, 0xd2,
  0xc8, 0xb9, 0x68, 0xa1, 0xc8, 0xb9, 0xe9, 0xc9, 0xe8, 0xc1, 0xc8, 0xb9, 0xe8, 0xc9, 0xe9, 0xc1,
  0x88, 0x91, 0x48, 0x79, 0x48, 0x71, 0x28, 0x69, 0x07, 0x61, 0x07, 0x59, 0xe7, 0x50, 0xe7, 0x48,
  0xc7, 0x40, 0xc7, 0x40, 0xc7, 0x40, 0xc7, 0x40, 0xc7, 0x40, 0xe8, 0x40, 0xe8, 0x40, 0xe8, 0x38,
  0xe8, 0x38, 0xe8, 0x38, 0xe8, 0x38, 0xe8, 0x38, 0xe8, 0x30, 0xe8, 0x30, 0xa7, 0x28, 0xa7, 0x20,
  0xa7, 0x20, 0x87, 0x20, 0x87, 0x20, 0xc8, 0x28, 0xe9, 0x30, 0xe8, 0x28, 0xe8, 0x28, 0xe9, 0x28,
  0xe9, 0x28, 0x09, 0x29, 0xe8, 0x28, 0xe8, 0x20, 0xe8, 0x20, 0xe8, 0x20, 0x09, 0x21, 0xe9, 0x20,
  0x47, 0x71, 0x47, 0x71, 0x47, 0x71, 0x47, 0x71, 0x47, 0x71, 0x27, 0x69, 0x07, 0x61, 0x27, 0x61,
  0x27, 0x61, 0x27, 0x61, 0x27, 0x61, 0x27, 0x61, 0x27, 0x61, 0x27, 0x61, 0x48, 0x61, 0x68, 0x61,
  0x48, 0x61, 0x48, 0x59, 0x27, 0x59, 0x07, 0x51, 0x07, 0x51, 0x27, 0x59, 0x27, 0x59, 0xe6, 0x50,
  0xe6, 0x50, 0x07, 0x51, 0x07, 0x51, 0x07, 0x51, 0x07, 0x51, 0x07, 0x51, 0x07, 0x51, 0x27, 0x59,
  0x27, 0x61, 0x47, 0x61, 0x47, 0x69, 0x48, 0x69, 0x48, 0x69, 0x27, 0x61, 0x06, 0x59, 0x27, 0x69,
  0x47, 0x71, 0x88, 0x81, 0xa8, 0x89, 0x48, 0x79, 0x88, 0x89, 0xa8, 0x91, 0x47, 0x81, 0x47, 0x79,
  0x67, 0x89, 0x68, 0x89, 0x68, 0x89, 0x47, 0x81, 0xa8, 0xa1, 0x09, 0xca, 0xe9, 0xc1, 0xe9, 0xc1,
  0xe9, 0xc1, 0x09, 0xca, 0x09, 0xca, 0x29, 0xd2, 0x4a, 0xda, 0x09, 0xca, 0xe9, 0xc1, 0xc8, 0xb1,
  0xe9, 0xc9, 0x4a, 0xd2, 0x4a, 0xd2, 0x8a, 0xea, 0xaa, 0xea, 0x6a, 0xd2, 0x0a, 0xba, 0x6a, 0xc2,
  0x6b, 0xe3, 0xab, 0xc2, 0x8b, 0xe3, 0xaa, 0xca, 0xe9, 0xb1, 0x09, 0xb2, 0x4b, 0xeb, 0x0b, 0xd3,
  0x2b, 0x9a, 0xac, 0xba, 0x8c, 0xeb, 0x4c, 0xdb, 0xcc, 0xeb, 0x8b, 0xe3, 0x8c, 0xe3, 0x6c, 0xa2,
  0x4c, 0x9a, 0x4c, 0xa2, 0x4c, 0x9a, 0x4c, 0x9a, 0x4b, 0x9a, 0x4b, 0x9a, 0x2b, 0x9a, 0x2b, 0x9a,
  0x2b, 0x9a, 0x2b, 0x92, 0x2b, 0x9a, 0x89, 0xea, 0xa9, 0xfa, 0xaa, 0xe2, 0x8a, 0xca, 0xca, 0xfb,
  0x0b, 0xdb, 0x0a, 0xa2, 0xe8, 0xb1, 0x08, 0xc2, 0x29, 0xca, 0xc8, 0xb9, 0xa8, 0xb1, 0xa8, 0xa9,
  0x88, 0xa1, 0x88, 0xa1, 0xa8, 0xb1, 0xc8, 0xb9, 0xc8, 0xb9, 0x29, 0xda, 0x49, 0xe2, 0x08, 0xd2,
  0x68, 0x89, 0x48, 0x71, 0x48, 0x71, 0x28, 0x69, 0x07, 0x59, 0xe7, 0x50, 0xe7, 0x48, 0xc7, 0x48,
  0xc7, 0x40, 0xe7, 0x40, 0xc7, 0x40, 0xc7, 0x40, 0xe8, 0x40, 0xe8, 0x40, 0xe8, 0x40, 0xe8, 0x38,
  0xe8, 0x38, 0xe8, 0x38, 0xe8, 0x38, 0xe8, 0x38, 0xe8, 0x30, 0x87, 0x20, 0x87, 0x20, 0xa7, 0x20,
  0xa7, 0x20, 0xa7, 0x20, 0x87, 0x18, 0xa7, 0x20, 0xe8, 0x28, 0xe8, 0x28, 0xe8, 0x28, 0xe8, 0x20,
  0xe8, 0x20, 0xe8, 0x20, 0xe8, 0x20, 0xc7, 0x18, 0xc7, 0x18, 0xc8, 0x20, 0xe9, 0x20, 0xe8, 0x20,
  0x27, 0x69, 0x47, 0x69, 0x47, 0x69, 0x27, 0x69, 0x27, 0x61, 0x06, 0x61, 0x06, 0x59, 0x07, 0x61,
  0x07, 0x61, 0x27, 0x61, 0x07, 0x59, 0x07, 0x59, 0x27, 0x59, 0x27, 0x59, 0x48, 0x59, 0x48, 0x59,
  0x48, 0x59, 0x48, 0x59, 0x48, 0x59, 0x27, 0x51, 0x07, 0x51, 0x27, 0x51, 0x07, 0x51, 0x07, 0x51,
  0x07, 0x51, 0x07, 0x51, 0xe6, 0x48, 0xe6, 0x48, 0x07, 0x51, 0x07, 0x51, 0x07, 0x51, 0x07, 0x51,
  0x07, 0x51, 0x27, 0x59, 0x47, 0x61, 0x48, 0x61, 0x48, 0x61, 0x27, 0x61, 0x07, 0x51, 0x07, 0x59,
  0x68, 0x71, 0x88, 0x81, 0x48, 0x71, 0x47, 0x71, 0x47, 0x71, 0x27, 0x69, 0x27, 0x71, 0x47, 0x79,
  0x67, 0x81, 0x67, 0x81, 0x47, 0x81, 0x47, 0x81, 0x47, 0x81, 0xc8, 0xb1, 0x09, 0xca, 0xe9, 0xc1,
  0x09, 0xc2, 0x09, 0xc2, 0x09, 0xc2, 0xe9, 0xc1, 0x09, 0xc2, 0x09, 0xca, 0xa8, 0xa9, 0xa8, 0xb1,
  0x09, 0xd2, 0x6a, 0xe2, 0x4a, 0xd2, 0x6a, 0xda, 0x6a, 0xe2, 0x4a, 0xd2, 0x2a, 0xc2, 0x8a, 0xea,
  0x4a, 0xd2, 0x2a, 0xca, 0x09, 0xca, 0xe9, 0xb9, 0xc9, 0xa9, 0xa9, 0xa1, 0xe9, 0xb1, 0x0a, 0xdb,
  0x6b, 0xb2, 0x0b, 0x8a, 0xeb, 0xca, 0x0a, 0xdb, 0x09, 0xb2, 0x29, 0xba, 0x8b, 0xeb, 0xca, 0xd2,
  0x0b, 0x92, 0x2c, 0x92, 0x2b, 0x92, 0x2b, 0x92, 0x0b, 0x8a, 0x0b, 0x92, 0x2b, 0x92, 0x2b, 0x92,
  0x0b, 0x92, 0x2b, 0x9a, 0xa9, 0xf2, 0xc9, 0xfa, 0x48, 0xda, 0x28, 0xca, 0x89, 0xda, 0xc9, 0xe2,
  0x29, 0xca, 0xa8, 0xb1, 0x88, 0xa1, 0xa8, 0xb1, 0xa9, 0xb9, 0xc9, 0xb9, 0xc8, 0xb9, 0xa8, 0xb1,
  0x88, 0x99, 0x88, 0x99, 0x67, 0x91, 0x08, 0xc2, 0x89, 0xea, 0x69, 0xea, 0x29, 0xca, 0xa8, 0x99,
  0x48, 0x71, 0x48, 0x71, 0x48, 0x69, 0x28, 0x61, 0x07, 0x59, 0xe7, 0x50, 0xe7, 0x48, 0xe7, 0x40,
  0xe7, 0x40, 0xe7, 0x40, 0xe7, 0x40, 0xe8, 0x40, 0xe8, 0x40, 0xe8, 0x40, 0x08, 0x39, 0xe8, 0x38,
  0xe8, 0x38, 0xe8, 0x38, 0xe8, 0x38, 0xc8, 0x30, 0xa7, 0x28, 0x87, 0x20, 0xa7, 0x20, 0xa7, 0x20,
  0xa7, 0x20, 0xa7, 0x20, 0xa7, 0x20, 0xc8, 0x20, 0xe8, 0x28, 0xe8, 0x28, 0xe8, 0x28, 0xe8, 0x20,
  0xc8, 0x20, 0xc8, 0x18, 0xc8, 0x18, 0xc8, 0x18, 0xc8, 0x18, 0xc8, 0x18, 0xc8, 0x18, 0xc8, 0x18,
  0x27, 0x61, 0x27, 0x61, 0x07, 0x59, 0x07, 0x59, 0x27, 0x61, 0x27, 0x61, 0x07, 0x61, 0x07, 0x59,
  0x07, 0x59, 0x07, 0x59, 0x07, 0x59, 0x07, 0x59, 0x27, 0x59, 0x27, 0x59, 0x27, 0x59, 0x28, 0x59,
  0x48, 0x59, 0x48, 0x59, 0x48, 0x59, 0x48, 0x59, 0x48, 0x51, 0x48, 0x51, 0x27, 0x51, 0x07, 0x49,
  0x07, 0x49, 0xe6, 0x48, 0xe6, 0x48, 0xe7, 0x48, 0xe7, 0x48, 0x07, 0x49, 0xe7, 0x48, 0x07, 0x51,
  0x07, 0x51, 0x27, 0x59, 0x48, 0x61, 0x47, 0x61, 0x27, 0x61, 0x48, 0x61, 0x27, 0x61, 0x07, 0x51,
  0x07, 0x59, 0x27, 0x61, 0x27, 0x69, 0x27, 0x69, 0x06, 0x59, 0x06, 0x59, 0x07, 0x61, 0x27, 0x71,
  0x47, 0x71, 0x27, 0x71, 0x47, 0x71, 0x47, 0x79, 0x67, 0x89, 0xc9, 0xa9, 0xc9, 0xa9, 0xc9, 0xa9,
  0xe9, 0xb9, 0x09, 0xca, 0x09, 0xc2, 0xe9, 0xc1, 0xe9, 0xc1, 0xe9, 0xb9, 0x88, 0x99, 0x88, 0x99,
  0xc9, 0xa9, 0x0a, 0xc2, 0x09, 0xba, 0x0a, 0xba, 0x0a, 0xba, 0x0a, 0xba, 0x0a, 0xba, 0x2a, 0xc2,
  0x2a, 0xba, 0x2a, 0xc2, 0x2a, 0xc2, 0x09, 0xba, 0xa9, 0xa1, 0xa8, 0x99, 0xa8, 0xa1, 0xa8, 0xa1,
  0x29, 0xb2, 0x6a, 0xba, 0x09, 0xb2, 0x29, 0xba, 0xc9, 0xa9, 0xa9, 0xa9, 0x09, 0xb2, 0xca, 0xd2,
  0x6a, 0xba, 0x8b, 0xaa, 0x4b, 0xa2, 0x2a, 0xa2, 0xcb, 0xb2, 0x2b, 0x92, 0xeb, 0x81, 0xea, 0x89,
  0xca, 0x89, 0x4a, 0xaa, 0x4a, 0xfb, 0xc9, 0xe2, 0x08, 0xd2, 0xa8, 0xb1, 0x68, 0xa1, 0xc9, 0xb9,
  0xa8, 0xb1, 0xa8, 0xa9, 0xc9, 0xc1, 0xc9, 0xc1, 0xc8, 0xb9, 0xc9, 0xb9, 0xc8, 0xb1, 0x88, 0x99,
  0x67, 0x91, 0x67, 0x91, 0x68, 0xe2, 0xc9, 0xfa, 0x89, 0xea, 0x49, 0xe2, 0x29, 0xd2, 0x88, 0x91,
  0x48, 0x71, 0x48, 0x69, 0x28, 0x61, 0x28, 0x61, 0x07, 0x51, 0xe7, 0x48, 0xe7, 0x48, 0xe7, 0x40,
  0xe8, 0x40, 0xe8, 0x40, 0xe8, 0x40, 0xe8, 0x38, 0xe8, 0x38, 0xe8, 0x40, 0x08, 0x39, 0xe8, 0x38,
  0xe8, 0x38, 0xe8, 0x30, 0xa7, 0x28, 0x87, 0x20, 0xa7, 0x20, 0xa7, 0x20, 0xa7, 0x20, 0x87, 0x18,
  0xa7, 0x20, 0xc8, 0x20, 0xa8, 0x20, 0xc8, 0x20, 0xc8, 0x20, 0xe8, 0x28, 0xe9, 0x28, 0xe8, 0x20,
  0xc8, 0x18, 0xe9, 0x20, 0xe9, 0x20, 0x09, 0x21, 0xe9, 0x20, 0xc8, 0x18, 0xc8, 0x18, 0xc8, 0x18,
  0xe6, 0x50, 0xe6, 0x48, 0xc6, 0x48, 0x07, 0x59, 0x27, 0x59, 0x07, 0x59, 0x27, 0x59, 0x27, 0x59,
  0x07, 0x59, 0x07, 0x59, 0x07, 0x51, 0x07, 0x51, 0x07, 0x51, 0x07, 0x51, 0x27, 0x59, 0x48, 0x59,
  0x48, 0x59, 0x48, 0x59, 0x48, 0x51, 0x48, 0x51, 0x28, 0x51, 0x48, 0x51, 0x28, 0x51, 0x27, 0x49,
  0x07, 0x49, 0xe6, 0x40, 0xe6, 0x48, 0xe7, 0x48, 0xe7, 0x48, 0xe7, 0x48, 0x07, 0x49, 0x07, 0x51,
  0x27, 0x59, 0x27, 0x59, 0x27, 0x59, 0x27, 0x59, 0x27, 0x59, 0x27, 0x59, 0x07, 0x51, 0xe6, 0x48,
  0xe6, 0x48, 0x07, 0x51, 0x28, 0x61, 0x27, 0x61, 0x07, 0x61, 0x07, 0x61, 0x07, 0x61, 0x07, 0x61,
  0x07, 0x61, 0x07, 0x61, 0x06, 0x61, 0x27, 0x69, 0x88, 0x91, 0xa9, 0xa1, 0xa9, 0xa1, 0xc9, 0xa9,
  0xc9, 0xa1, 0xc9, 0xb1, 0x09, 0xc2, 0x09, 0xc2, 0x09, 0xc2, 0xe9, 0xb1, 0x88, 0x99, 0x88, 0x99,
  0x09, 0xba, 0x0a, 0xba, 0x09, 0xba, 0x09, 0xba, 0x09, 0xba, 0x09, 0xba, 0x09, 0xba, 0x09, 0xba,
  0x09, 0xb2, 0x09, 0xba, 0x09, 0xba, 0x09, 0xba, 0xe9, 0xa9, 0xc9, 0xb1, 0xe9, 0xb1, 0xc9, 0xa9,
  0x88, 0x99, 0xa8, 0xa1, 0xa8, 0xa1, 0x88, 0x99, 0xa9, 0xa1, 0xa8, 0xa1, 0xa8, 0xa1, 0x88, 0x99,
  0xa8, 0xa1, 0x09, 0xaa, 0x09, 0xb2, 0xa8, 0xa9, 0x4a, 0xeb, 0xec, 0xf3, 0xcb, 0xc2, 0x8a, 0xca,
  0x6a, 0xca, 0xaa, 0xda, 0xa9, 0xda, 0xc8, 0xa9, 0x68, 0xa1, 0x88, 0xa1, 0x67, 0xa1, 0xa8, 0xb1,
  0xa8, 0xb1, 0xa8, 0xa9, 0xe9, 0xc1, 0xc9, 0xb9, 0xa8, 0xb1, 0xa8, 0xa9, 0xa8, 0xa1, 0xa8, 0xa1,
  0x68, 0x91, 0x28, 0xca, 0xc9, 0xfa, 0x29, 0xda, 0x29, 0xca, 0x29, 0xd2, 0x29, 0xd2, 0x09, 0xc2,
  0x68, 0x79, 0x48, 0x69, 0x28, 0x61, 0x08, 0x59, 0x08, 0x51, 0xe8, 0x48, 0xe7, 0x48, 0xe8, 0x40,
  0xe8, 0x40, 0xe8, 0x40, 0xe8, 0x38, 0xe8, 0x38, 0xc7, 0x38, 0xe8, 0x38, 0x08, 0x41, 0x08, 0x39,
  0x08, 0x39, 0xa7, 0x28, 0x87, 0x28, 0xa7, 0x20, 0xa7, 0x20, 0xa7, 0x20, 0x87, 0x18, 0x87, 0x18,
  0x87, 0x18, 0xa7, 0x20, 0x87, 0x18, 0xa7, 0x18, 0xe8, 0x28, 0x09, 0x21, 0xe9, 0x20, 0xe8, 0x20,
  0xe9, 0x20, 0xe9, 0x20, 0xe9, 0x20, 0x09, 0x21, 0xe8, 0x18, 0xc8, 0x18, 0xc8, 0x18, 0xc8, 0x18,
  0xc6, 0x40, 0xc6, 0x40, 0xc6, 0x48, 0xe7, 0x50, 0x27, 0x59, 0x27, 0x59, 0x27, 0x59, 0x07, 0x59,
  0x07, 0x59, 0x07, 0x59, 0x07, 0x51, 0x07, 0x51, 0x07, 0x51, 0x28, 0x51, 0x48, 0x59, 0x48, 0x51,
  0x48, 0x51, 0x48, 0x51, 0x48, 0x51, 0xe7, 0x40, 0xc6, 0x40, 0xe7, 0x40, 0xe7, 0x40, 0x07, 0x49,
  0x07, 0x41, 0xc6, 0x40, 0xe7, 0x40, 0xe7, 0x40, 0xe7, 0x40, 0x07, 0x49, 0x07, 0x51, 0x07, 0x51,
  0x07, 0x51, 0x07, 0x51, 0x07, 0x51, 0x28, 0x59, 0x07, 0x51, 0xe6, 0x48, 0xe6, 0x48, 0xe6, 0x48,
  0x07, 0x51, 0x27, 0x59, 0x28, 0x61, 0x28, 0x61, 0x27, 0x61, 0x27, 0x59, 0x07, 0x59, 0x07, 0x59,
  0x07, 0x59, 0x07, 0x61, 0x07, 0x61, 0x48, 0x71, 0x48, 0x71, 0x68, 0x81, 0x68, 0x89, 0x88, 0x89,
  0xa9, 0x99, 0xc9, 0xa1, 0xc9, 0xa1, 0xc9, 0xa9, 0xe9, 0xb1, 0xe9, 0xb1, 0xa9, 0xa1, 0x88, 0x91,
  0xa9, 0x99, 0xc9, 0xa1, 0xc9, 0xa1, 0xc9, 0xa9, 0xe9, 0xb1, 0xe9, 0xb1, 0xe9, 0xb1, 0xe9, 0xa9,
  0xe9, 0xa9, 0xe9, 0xb1, 0xe9, 0xb1, 0xe9, 0xb1, 0xe9, 0xb9, 0xe9, 0xb9, 0x29, 0xca, 0x2a, 0xca,
  0x09, 0xc2, 0xe9, 0xb9, 0x09, 0xc2, 0xe9, 0xb1, 0xc9, 0xa9, 0xe9, 0xb9, 0x09, 0xba, 0x09, 0xba,
  0xe9, 0xb1, 0xc9, 0xa9, 0xe9, 0xb1, 0xe9, 0xb9, 0xc9, 0xb1, 0xea, 0xda, 0xea, 0xe2, 0x69, 0xda,
  0x29, 0xca, 0xe9, 0xb1, 0xa8, 0xa9, 0xa8, 0xa9, 0x88, 0xa1, 0x68, 0x99, 0x67, 0x91, 0x47, 0x89,
  0x88, 0xa1, 0xa8, 0xa9, 0x88, 0xa1, 0x88, 0xa9, 0xa8, 0xa9, 0xc8, 0xa9, 0xc8, 0xa9, 0x88, 0x99,
  0xc8, 0xa9, 0x89, 0xea, 0x09, 0xca, 0xe9, 0xa9, 0xc9, 0x99, 0xc9, 0x91, 0xe9, 0xa1, 0xc9, 0x99,
  0x68, 0x71, 0x28, 0x61, 0x28, 0x59, 0x08, 0x59, 0x08, 0x51, 0x08, 0x49, 0xe8, 0x40, 0xe8, 0x40,
  0xe8, 0x40, 0xe8, 0x38, 0xe8, 0x38, 0xc7, 0x38, 0xc7, 0x30, 0xc7, 0x30, 0xe8, 0x38, 0xe8, 0x30,
  0xc8, 0x30, 0xa7, 0x28, 0xa7, 0x28, 0xa7, 0x20, 0xa7, 0x20, 0xa7, 0x20, 0xa7, 0x18, 0x87, 0x18,
  0x87, 0x18, 0x87, 0x18, 0x87, 0x18, 0x87, 0x18, 0xa7, 0x18, 0xe8, 0x20, 0x09, 0x21, 0x09, 0x21,
  0xe9, 0x20, 0xe9, 0x20, 0xe9, 0x20, 0xe9, 0x20, 0xe8, 0x18, 0xc8, 0x18, 0xc8, 0x18, 0xc8, 0x10,
  0xe7, 0x48, 0xe7, 0x48, 0x07, 0x49, 0x07, 0x51, 0x07, 0x49, 0x07, 0x49, 0xe7, 0x48, 0xc7, 0x48,
  0xc6, 0x40, 0xc6, 0x40, 0xe7, 0x48, 0x07, 0x49, 0x28, 0x51, 0x69, 0x59, 0x69, 0x59, 0x48, 0x51,
  0xe7, 0x40, 0xe7, 0x40, 0xc7, 0x40, 0xa6, 0x38, 0xc6, 0x38, 0xc6, 0x38, 0xc6, 0x38, 0xc7, 0x38,
  0xc7, 0x40, 0xc6, 0x38, 0xc7, 0x40, 0xe7, 0x40, 0x07, 0x49, 0x07, 0x49, 0x07, 0x49, 0x07, 0x49,
  0x07, 0x51, 0x07, 0x51, 0x07, 0x51, 0x07, 0x49, 0xe6, 0x40, 0xe6, 0x40, 0xe6, 0x40, 0x07, 0x51,
  0x28, 0x59, 0x27, 0x59, 0x27, 0x59, 0x28, 0x61, 0x07, 0x59, 0xe6, 0x50, 0x07, 0x51, 0x07, 0x59,
  0x07, 0x59, 0x27, 0x61, 0x48, 0x71, 0x48, 0x69, 0x28, 0x71, 0x48, 0x71, 0x48, 0x71, 0x48, 0x79,
  0x88, 0x89, 0xa9, 0x91, 0xa9, 0x99, 0xa9, 0x99, 0xa9, 0x99, 0xc9, 0xa1, 0xa9, 0xa1, 0xa9, 0xa1,
  0xa8, 0xa9, 0x88, 0x99, 0x68, 0x91, 0x88, 0x99, 0xa8, 0x99, 0xa8, 0x99, 0xa8, 0x99, 0xa9, 0xa1,
  0xc9, 0xa1, 0xe9, 0xa9, 0xc9, 0xa9, 0xe9, 0xa9, 0xe9, 0xb1, 0xe9, 0xb1, 0xe9, 0xb1, 0x09, 0xc2,
  0x09, 0xba, 0xe9, 0xb9, 0x09, 0xba, 0xe9, 0xb9, 0xe9, 0xb9, 0xe9, 0xb9, 0x29, 0xca, 0x2a, 0xd2,
  0x29, 0xca, 0xe9, 0xb9, 0xe9, 0xb9, 0xe9, 0xb1, 0xe9, 0xb1, 0xa9, 0xb1, 0xa9, 0xa9, 0x88, 0xa1,
  0xa8, 0xa1, 0xa8, 0xa1, 0xa8, 0xa1, 0x88, 0x99, 0x47, 0x89, 0x27, 0x79, 0x47, 0x89, 0xa7, 0xa1,
  0x09, 0xe3, 0xab, 0xf3, 0x2a, 0xe3, 0x0a, 0xe3, 0x69, 0xc2, 0xe8, 0xa9, 0x88, 0x99, 0xa8, 0xa1,
  0x29, 0xca, 0xe9, 0xa9, 0xa9, 0x91, 0xa9, 0x89, 0xa9, 0x81, 0xa9, 0x79, 0x89, 0x71, 0x89, 0x71,
  0x69, 0x69, 0x28, 0x61, 0x28, 0x59, 0x08, 0x51, 0x08, 0x49, 0xe8, 0x48, 0xe8, 0x40, 0xe8, 0x40,
  0xe8, 0x40, 0xe8, 0x38, 0xe7, 0x38, 0xc7, 0x30, 0xc7, 0x30, 0xc8, 0x38, 0xc8, 0x30, 0xc7, 0x30,
  0xc7, 0x30, 0xc7, 0x28, 0xa7, 0x28, 0xa7, 0x20, 0xa7, 0x20, 0xa7, 0x20, 0xa7, 0x18, 0x87, 0x18,
  0x87, 0x18, 0x87, 0x18, 0x87, 0x18, 0x87, 0x18, 0x87, 0x18, 0x87, 0x18, 0xa7, 0x18, 0xe8, 0x20,
  0xe9, 0x20, 0xe9, 0x20, 0xe9, 0x20, 0xe9, 0x20, 0xc8, 0x18, 0xc8, 0x10, 0xc8, 0x10, 0xc8, 0x10,
  0xc6, 0x38, 0xc6, 0x38, 0xc6, 0x38, 0xa6, 0x38, 0xc6, 0x38, 0xc6, 0x38, 0xc6, 0x38, 0xa6, 0x38,
  0xc6, 0x40, 0xe7, 0x40, 0x28, 0x49, 0x28, 0x51, 0x48, 0x51, 0x48, 0x51, 0x49, 0x51, 0xc7, 0x40,
  0xa6, 0x38, 0xa6, 0x38, 0xa6, 0x38, 0xc6, 0x38, 0xc6, 0x38, 0xc6, 0x38, 0xc7, 0x38, 0xc6, 0x38,
  0xc6, 0x38, 0xc7, 0x38, 0xe7, 0x40, 0x07, 0x49, 0x07, 0x49, 0x07, 0x49, 0x07, 0x49, 0x07, 0x49,
  0x07, 0x49, 0x07, 0x51, 0xe7, 0x48, 0xc6, 0x40, 0xc6, 0x40, 0xe7, 0x40, 0x07, 0x51, 0x27, 0x59,
  0x27, 0x59, 0x27, 0x59, 0x28, 0x59, 0x07, 0x51, 0xe6, 0x48, 0xe7, 0x50, 0xe7, 0x50, 0x07, 0x51,
  0x07, 0x59, 0x48, 0x69, 0x48, 0x69, 0x48, 0x69, 0x48, 0x71, 0x48, 0x71, 0x48, 0x71, 0x48, 0x71,
  0x48, 0x71, 0x68, 0x79, 0x88, 0x89, 0x88, 0x89, 0x88, 0x89, 0x88, 0x89, 0xa8, 0x91, 0xa9, 0x99,
  0xa8, 0x99, 0xa8, 0xa1, 0xc8, 0xa9, 0xc9, 0xa9, 0x88, 0xa1, 0x67, 0x99, 0x88, 0x99, 0xc9, 0xa9,
  0xe9, 0xa9, 0xe9, 0xb1, 0xe9, 0xb1, 0xc9, 0xa9, 0xe9, 0xa9, 0xc9, 0xa9, 0xc9, 0xa9, 0xc9, 0xa9,
  0xe9, 0xa9, 0xe9, 0xa9, 0xe9, 0xa9, 0xe9, 0xa9, 0xe9, 0xb1, 0xe9, 0xb1, 0xe9, 0xb9, 0x09, 0xc2,
  0xc9, 0xb1, 0xc8, 0xa1, 0xa8, 0xa1, 0xa8, 0x99, 0xa8, 0x99, 0xa8, 0x99, 0x88, 0x91, 0x68, 0x89,
  0x68, 0x89, 0x68, 0x89, 0x68, 0x89, 0x68, 0x89, 0x88, 0x99, 0x87, 0xa1, 0xa7, 0xb9, 0xc9, 0xea,
  0x29, 0xf3, 0xea, 0xea, 0xa9, 0xe2, 0x29, 0xd2, 0xa8, 0xa9, 0x88, 0x91, 0xc9, 0xb1, 0x09, 0xba,
  0xc9, 0x91, 0xa9, 0x89, 0xa9, 0x89, 0xa9, 0x81, 0xa9, 0x81, 0x89, 0x79, 0x89, 0x71, 0x89, 0x71,
  0x69, 0x69, 0x48, 0x59, 0x28, 0x59, 0x08, 0x51, 0x08, 0x49, 0xe8, 0x40, 0xe8, 0x40, 0xe8, 0x40,
  0xe8, 0x40, 0xe8, 0x38, 0xe8, 0x38, 0xc7, 0x38, 0xe8, 0x38, 0x08, 0x39, 0x08, 0x39, 0x08, 0x39,
  0xe8, 0x38, 0xe8, 0x30, 0xe8, 0x30, 0xa7, 0x20, 0x87, 0x20, 0xa7, 0x18, 0xa7, 0x18, 0x87, 0x18,
  0x87, 0x18, 0x87, 0x18, 0x87, 0x18, 0x87, 0x18, 0x87, 0x18, 0x87, 0x10, 0x87, 0x10, 0x87, 0x10,
  0xa8, 0x18, 0xc8, 0x18, 0xe8, 0x18, 0xc8, 0x18, 0xa8, 0x10, 0xa8, 0x10, 0xc8, 0x10, 0xc8, 0x10,
  0x86, 0x30, 0xa6, 0x30, 0xa6, 0x30, 0xa6, 0x30, 0xa6, 0x38, 0xa6, 0x38, 0xa6, 0x38, 0xc7, 0x38,
  0x07, 0x41, 0x28, 0x49, 0x49, 0x49, 0x28, 0x49, 0xc6, 0x38, 0xc7, 0x38, 0xe7, 0x38, 0xa6, 0x38,
  0xa6, 0x38, 0xa6, 0x38, 0xa6, 0x38, 0xc6, 0x38, 0xc7, 0x38, 0xc7, 0x38, 0xc6, 0x38, 0xc7, 0x38,
  0xe7, 0x40, 0xe7, 0x40, 0xe7, 0x40, 0x07, 0x41, 0x07, 0x49, 0x07, 0x49, 0x07, 0x49, 0x07, 0x49,
  0x07, 0x49, 0xc7, 0x40, 0xc6, 0x40, 0xc6, 0x40, 0xe7, 0x40, 0x07, 0x51, 0x27, 0x51, 0x27, 0x51,
  0x27, 0x51, 0x27, 0x59, 0x07, 0x51, 0xe6, 0x48, 0xe7, 0x48, 0x07, 0x51, 0xe7, 0x50, 0x07, 0x59,
  0x28, 0x61, 0x28, 0x61, 0x28, 0x69, 0x28, 0x69, 0x48, 0x69, 0x48, 0x71, 0x48, 0x71, 0x48, 0x71,
  0x48, 0x79, 0x68, 0x79, 0x68, 0x81, 0x68, 0x81, 0x88, 0x89, 0x88, 0x91, 0x88, 0x91, 0x88, 0x89,
  0x47, 0x81, 0x47, 0x81, 0x68, 0x89, 0x88, 0x91, 0x68, 0x91, 0x88, 0x91, 0xa8, 0xa1, 0xc9, 0xb1,
  0xe9, 0xb9, 0x09, 0xc2, 0x29, 0xd2, 0x29, 0xd2, 0x29, 0xca, 0x09, 0xc2, 0xe9, 0xb1, 0xc9, 0xa9,
  0xc9, 0xa9, 0xe9, 0xa9, 0xc9, 0xa9, 0xc9, 0xa9, 0xc9, 0xa9, 0xc9, 0xa1, 0x88, 0x91, 0x88, 0x89,
  0x88, 0x89, 0x88, 0x89, 0x68, 0x89, 0x88, 0x91, 0xa8, 0xa1, 0xa8, 0xa1, 0xa8, 0xa1, 0x88, 0x99,
  0x68, 0x89, 0x68, 0x89, 0x88, 0x99, 0xc8, 0xc1, 0x08, 0xd2, 0xe8, 0xd1, 0xe8, 0xc9, 0xc9, 0xea,
  0x48, 0xd2, 0xe8, 0xc9, 0xe9, 0xb9, 0xe9, 0xb1, 0xe9, 0xa9, 0x09, 0xba, 0xe9, 0xa9, 0xa9, 0x89,
  0xa9, 0x89, 0xa9, 0x89, 0xa9, 0x81, 0xa9, 0x79, 0xa9, 0x79, 0x89, 0x71, 0x89, 0x71, 0x69, 0x69,
  0x69, 0x61, 0x48, 0x59, 0x28, 0x51, 0x08, 0x49, 0x08, 0x49, 0x08, 0x41, 0xe8, 0x40, 0xe8, 0x40,
  0xe8, 0x38, 0x08, 0x41, 0xe8, 0x38, 0xe8, 0x38, 0x08, 0x39, 0xe8, 0x38, 0xe8, 0x38, 0xe8, 0x38,
  0xe8, 0x30, 0xe8, 0x30, 0xe8, 0x28, 0xc7, 0x28, 0xa7, 0x20, 0xa7, 0x20, 0xa7, 0x20, 0xa7, 0x20,
  0xa7, 0x18, 0xa7, 0x18, 0xa7, 0x18, 0xa7, 0x18, 0xa7, 0x18, 0xa8, 0x18, 0xc8, 0x18, 0xc8, 0x18,
  0xc8, 0x18, 0xe9, 0x18, 0xe9, 0x18, 0xc8, 0x18, 0xa8, 0x10, 0xa8, 0x10, 0xc8, 0x10, 0xc8, 0x10,
  0xa6, 0x30, 0xa6, 0x30, 0xa6, 0x30, 0xa6, 0x30, 0xa6, 0x30, 0xa6, 0x30, 0xa6, 0x30, 0xa6, 0x30,
  0xa6, 0x30, 0xa6, 0x30, 0xa6, 0x30, 0xa6, 0x30, 0xa6, 0x30, 0xa6, 0x30, 0xa6, 0x30, 0xa6, 0x30,
  0xa6, 0x30, 0xa6, 0x30, 0xa6, 0x30, 0xa6, 0x30, 0xa6, 0x30, 0xc7, 0x38, 0xc7, 0x38, 0xe7, 0x40,
  0xe8, 0x40, 0x08, 0x41, 0x07, 0x41, 0x07, 0x41, 0x07, 0x49, 0x07, 0x49, 0x07, 0x49, 0xe7, 0x40,
  0xc6, 0x38, 0xc6, 0x38, 0xc6, 0x40, 0xe7, 0x40, 0x07, 0x51, 0x07, 0x51, 0x07, 0x51, 0x07, 0x51,
  0x07, 0x51, 0xe7, 0x48, 0xe6, 0x40, 0xe7, 0x48, 0xe7, 0x48, 0xe7, 0x48, 0x07, 0x51, 0x07, 0x59,
  0x27, 0x61, 0x28, 0x61, 0x28, 0x61, 0x48, 0x69, 0x48, 0x69, 0x48, 0x71, 0x48, 0x71, 0x48, 0x71,
  0x48, 0x71, 0x48, 0x71, 0x48, 0x79, 0x48, 0x79, 0x68, 0x79, 0x68, 0x79, 0x68, 0x81, 0x68, 0x81,
  0x27, 0x71, 0x27, 0x79, 0x68, 0x81, 0x88, 0x89, 0x88, 0x89, 0x88, 0x91, 0x88, 0x91, 0x88, 0x91,
  0xa8, 0x99, 0xa8, 0xa1, 0xa8, 0xa1, 0xa8, 0xa1, 0xc8, 0xa1, 0xc8, 0xa1, 0xa8, 0x99, 0xa8, 0x99,
  0x88, 0x91, 0xa8, 0x91, 0xa8, 0x99, 0xa8, 0x99, 0xa8, 0x91, 0x88, 0x89, 0x68, 0x89, 0x88, 0x89,
  0x68, 0x89, 0x68, 0x89, 0xe8, 0xb9, 0x29, 0xd2, 0x29, 0xda, 0x09, 0xd2, 0x49, 0xe2, 0x49, 0xe2,
  0x09, 0xca, 0xc9, 0xb9, 0x09, 0xd2, 0xe8, 0xc9, 0x09, 0xca, 0x09, 0xca, 0xc8, 0xb1, 0xc8, 0xa9,
  0xc9, 0xa9, 0x09, 0xc2, 0x09, 0xba, 0xe9, 0xa9, 0xc9, 0xa1, 0xa9, 0x91, 0xa9, 0x81, 0xa9, 0x81,
  0xa9, 0x81, 0xa9, 0x81, 0xa9, 0x79, 0x89, 0x79, 0x89, 0x71, 0x89, 0x71, 0x89, 0x69, 0x69, 0x61,
  0x69, 0x61, 0x48, 0x59, 0x28, 0x51, 0x08, 0x49, 0x08, 0x49, 0x08, 0x41, 0xe8, 0x40, 0xe8, 0x40,
  0xe8, 0x40, 0xe8, 0x38, 0xc7, 0x30, 0xe8, 0x38, 0x08, 0x39, 0xe8, 0x38, 0xe8, 0x38, 0xe8, 0x30,
  0xe8, 0x30, 0xe8, 0x30, 0xe8, 0x30, 0xe8, 0x30, 0xe8, 0x28, 0xe8, 0x28, 0xe8, 0x28, 0xe8, 0x28,
  0xe8, 0x28, 0xe8, 0x28, 0xe8, 0x20, 0xe9, 0x20, 0xe8, 0x20, 0xe9, 0x20, 0xe9, 0x20, 0xe9, 0x20,
  0xe9, 0x20, 0xe9, 0x18, 0xe9, 0x18, 0xe9, 0x18, 0xc8, 0x18, 0xc8, 0x10, 0xa8, 0x10, 0xc8, 0x10,
  0xa6, 0x28, 0xa6, 0x30, 0xa6, 0x30, 0xc6, 0x30, 0xc7, 0x30, 0xe7, 0x38, 0xe7, 0x38, 0xe7, 0x38,
  0xe7, 0x38, 0xe7, 0x38, 0xc7, 0x38, 0xc7, 0x38, 0xc7, 0x30, 0xc7, 0x30, 0xc7, 0x30, 0xc7, 0x38,
  0xe7, 0x38, 0x08, 0x39, 0x08, 0x39, 0x08, 0x41, 0x28, 0x41, 0x48, 0x49, 0x29, 0x49, 0x28, 0x41,
  0x28, 0x41, 0x08, 0x41, 0x08, 0x41, 0x08, 0x41, 0x08, 0x41, 0x08, 0x49, 0xe7, 0x40, 0xc6, 0x38,
  0xc6, 0x38, 0xc6, 0x38, 0xe7, 0x40, 0x07, 0x49, 0x07, 0x49, 0x07, 0x49, 0x07, 0x49, 0x07, 0x49,
  0xc7, 0x40, 0xe6, 0x40, 0xe6, 0x48, 0xe6, 0x48, 0xe7, 0x48, 0xe7, 0x50, 0x07, 0x59, 0x07, 0x59,
  0x07, 0x59, 0x07, 0x59, 0x08, 0x59, 0x08, 0x59, 0x28, 0x61, 0x28, 0x69, 0x28, 0x69, 0x48, 0x69,
  0x48, 0x71, 0x48, 0x71, 0x48, 0x71, 0x48, 0x71, 0x48, 0x79, 0x48, 0x79, 0x48, 0x79, 0x47, 0x71,
  0x27, 0x69, 0x27, 0x71, 0x68, 0x81, 0x68, 0x81, 0x68, 0x81, 0x68, 0x81, 0x68, 0x81, 0x68, 0x81,
  0x68, 0x81, 0x68, 0x81, 0x68, 0x81, 0x68, 0x81, 0x68, 0x81, 0x68, 0x81, 0x68, 0x81, 0x68, 0x81,
  0x68, 0x81, 0x68, 0x81, 0x68, 0x81, 0x68, 0x81, 0x68, 0x81, 0x88, 0x89, 0x88, 0x89, 0x88, 0x91,
  0x88, 0x91, 0xe8, 0xb9, 0x29, 0xd2, 0x29, 0xd2, 0x29, 0xd2, 0x29, 0xda, 0x29, 0xda, 0x29, 0xd2,
  0x29, 0xca, 0x09, 0xc2, 0x09, 0xca, 0x09, 0xc2, 0xe9, 0xb1, 0xa8, 0xa1, 0x88, 0x89, 0xa9, 0x91,
  0xe9, 0xa1, 0xc9, 0x99, 0xc9, 0x91, 0xc9, 0x91, 0xa9, 0x89, 0xa9, 0x81, 0xa9, 0x81, 0xa9, 0x81,
  0xa9, 0x79, 0x89, 0x79, 0x89, 0x79, 0x89, 0x71, 0x89, 0x71, 0x89, 0x69, 0x69, 0x69, 0x69, 0x61,
  0x49, 0x59, 0x48, 0x51, 0x28, 0x51, 0x28, 0x49, 0x08, 0x49, 0x08, 0x41, 0xe8, 0x40, 0xe8, 0x40,
  0x08, 0x41, 0xe7, 0x38, 0xe8, 0x38, 0x08, 0x39, 0xe8, 0x38, 0x08, 0x39, 0xe8, 0x30, 0xe8, 0x30,
  0xe8, 0x30, 0xe8, 0x30, 0xe8, 0x30, 0xe8, 0x28, 0xe8, 0x28, 0xe8, 0x28, 0xe8, 0x28, 0xe8, 0x28,
  0xe8, 0x20, 0xe8, 0x20, 0xe8, 0x20, 0xe8, 0x20, 0xc8, 0x20, 0xe8, 0x20, 0xe8, 0x20, 0xe8, 0x18,
  0xe9, 0x18, 0xe9, 0x18, 0xe9, 0x18, 0xe9, 0x18, 0xe9, 0x18, 0xe9, 0x18, 0xc8, 0x10, 0xa8, 0x10,
  0xa6, 0x28, 0xc7, 0x28, 0xe7, 0x30, 0x28, 0x39, 0x48, 0x41, 0x48, 0x41, 0x68, 0x41, 0x69, 0x41,
  0x69, 0x41, 0x69, 0x41, 0x69, 0x41, 0x69, 0x41, 0x48, 0x41, 0x48, 0x41, 0x48, 0x41, 0x48, 0x41,
  0x69, 0x41, 0x69, 0x41, 0x69, 0x41, 0x89, 0x49, 0x89, 0x49, 0x69, 0x49, 0x69, 0x49, 0x49, 0x49,
  0x49, 0x49, 0x49, 0x49, 0x48, 0x49, 0x28, 0x49, 0x28, 0x49, 0x07, 0x41, 0xe7, 0x38, 0xe7, 0x38,
  0xe7, 0x40, 0x08, 0x49, 0x28, 0x49, 0x08, 0x49, 0x28, 0x49, 0x28, 0x49, 0x07, 0x49, 0xe7, 0x40,
  0xe7, 0x40, 0x07, 0x41, 0x07, 0x49, 0x07, 0x49, 0x07, 0x49, 0x07, 0x51, 0x07, 0x51, 0x07, 0x51,
  0x07, 0x51, 0x07, 0x59, 0x07, 0x59, 0x07, 0x61, 0x28, 0x61, 0x28, 0x61, 0x28, 0x61, 0x28, 0x69,
  0x28, 0x69, 0x27, 0x69, 0x48, 0x69, 0x48, 0x71, 0x48, 0x71, 0x48, 0x71, 0x48, 0x71, 0x27, 0x69,
  0x27, 0x69, 0x47, 0x71, 0x68, 0x81, 0x68, 0x79, 0x68, 0x81, 0x68, 0x81, 0x68, 0x81, 0x68, 0x81,
  0x68, 0x81, 0x68, 0x81, 0x68, 0x81, 0x68, 0x81, 0x68, 0x81, 0x68, 0x81, 0x68, 0x81, 0x68, 0x81,
  0x88, 0x89, 0xa8, 0x99, 0xa8, 0xa1, 0xa8, 0xa1, 0xa8, 0xa1, 0xc8, 0xa9, 0xa8, 0xa1, 0xa8, 0xa1,
  0xc8, 0xa9, 0xa8, 0xa1, 0xa8, 0xa1, 0xc9, 0xb1, 0x09, 0xc2, 0x09, 0xca, 0x29, 0xca, 0x29, 0xca,
  0x29, 0xd2, 0x29, 0xd2, 0x29, 0xd2, 0xe9, 0xb9, 0x88, 0x89, 0x88, 0x81, 0x88, 0x81, 0xa9, 0x89,
  0xc9, 0x91, 0xa9, 0x89, 0xa9, 0x89, 0xa9, 0x81, 0xa9, 0x81, 0xa9, 0x81, 0xa9, 0x79, 0x89, 0x79,
  0x89, 0x79, 0x89, 0x79, 0x89, 0x71, 0x89, 0x71, 0x89, 0x69, 0x69, 0x69, 0x69, 0x61, 0x49, 0x59,
  0x48, 0x59, 0x48, 0x51, 0x28, 0x51, 0x28, 0x49, 0x08, 0x49, 0x08, 0x41, 0x08, 0x41, 0x08, 0x41,
  0x08, 0x41, 0xc7, 0x30, 0xe8, 0x38, 0x08, 0x39, 0x08, 0x39, 0xe8, 0x38, 0xe8, 0x30, 0xe8, 0x30,
  0xe8, 0x30, 0xe8, 0x30, 0xe8, 0x28, 0xe8, 0x28, 0xc8, 0x28, 0xc8, 0x20, 0xe8, 0x20, 0xe8, 0x28,
  0xe8, 0x20, 0xe8, 0x20, 0xc8, 0x20, 0xc8, 0x20, 0xc8, 0x20, 0xc8, 0x20, 0xe8, 0x18, 0xe8, 0x18,
  0xe9, 0x18, 0xe9, 0x18, 0xe9, 0x18, 0xe9, 0x18, 0xe9, 0x18, 0xe9, 0x18, 0xe9, 0x18, 0xc8, 0x10,
  0xa6, 0x20, 0xa6, 0x20, 0xc6, 0x28, 0x28, 0x39, 0x48, 0x39, 0x48, 0x39, 0x48, 0x41, 0x48, 0x41,
  0x68, 0x41, 0x69, 0x41, 0x69, 0x41, 0x69, 0x41, 0x49, 0x41, 0x69, 0x41, 0x69, 0x49, 0x89, 0x49,
  0x89, 0x49, 0x89, 0x49, 0x89, 0x49, 0x89, 0x49, 0x89, 0x49, 0x69, 0x49, 0x69, 0x49, 0x69, 0x49,
  0x69, 0x49, 0x49, 0x49, 0x48, 0x41, 0x28, 0x41, 0x08, 0x41, 0x07, 0x39, 0x07, 0x41, 0x28, 0x41,
  0x48, 0x49, 0x48, 0x49, 0x28, 0x49, 0x28, 0x49, 0x28, 0x49, 0x28, 0x49, 0x07, 0x41, 0x07, 0x41,
  0x07, 0x41, 0x07, 0x41, 0x07, 0x41, 0x07, 0x49, 0x28, 0x51, 0x28, 0x51, 0x08, 0x51, 0x27, 0x51,
  0x27, 0x51, 0x27, 0x51, 0x07, 0x59, 0x07, 0x59, 0x27, 0x61, 0x27, 0x61, 0x27, 0x61, 0x27, 0x61,
  0x27, 0x61, 0x27, 0x61, 0x27, 0x69, 0x27, 0x69, 0x27, 0x69, 0x48, 0x71, 0x47, 0x71, 0x27, 0x69,
  0x27, 0x69, 0x48, 0x71, 0x48, 0x79, 0x48, 0x79, 0x48, 0x79, 0x68, 0x79, 0x68, 0x79, 0x68, 0x79,
  0x68, 0x79, 0x68, 0x79, 0x68, 0x79, 0x68, 0x79, 0x68, 0x79, 0x68, 0x79, 0x68, 0x79, 0x68, 0x81,
  0x68, 0x89, 0x88, 0x89, 0xa8, 0x99, 0xa8, 0x99, 0xa8, 0x99, 0xa9, 0x99, 0xa9, 0x91, 0xa9, 0x91,
  0xa9, 0x89, 0xa9, 0x89, 0xc9, 0x91, 0xc9, 0xa1, 0xe9, 0xa9, 0x09, 0xba, 0x09, 0xba, 0xe9, 0xb9,
  0xe9, 0xb1, 0xe9, 0xa9, 0xc9, 0xa1, 0xa9, 0x91, 0x88, 0x81, 0x88, 0x81, 0x88, 0x81, 0x88, 0x81,
  0xa9, 0x89, 0xa9, 0x89, 0xa9, 0x81, 0xa9, 0x81, 0xa9, 0x79, 0x89, 0x79, 0x89, 0x79, 0x89, 0x79,
  0x89, 0x71, 0x89, 0x71, 0x89, 0x71, 0x89, 0x69, 0x89, 0x69, 0x69, 0x61, 0x49, 0x59, 0x49, 0x59,
  0x48, 0x51, 0x48, 0x51, 0x28, 0x51, 0x28, 0x49, 0x08, 0x49, 0x08, 0x41, 0x08, 0x41, 0x08, 0x41,
  0xe8, 0x38, 0xc7, 0x30, 0xe8, 0x38, 0xe8, 0x38, 0x08, 0x39, 0xe8, 0x30, 0xe8, 0x30, 0xe8, 0x30,
  0xc8, 0x28, 0xc7, 0x28, 0xc7, 0x20, 0xc7, 0x20, 0xa7, 0x20, 0xc7, 0x20, 0xe8, 0x28, 0xe8, 0x20,
  0xe8, 0x20, 0xc8, 0x20, 0xc8, 0x20, 0xc8, 0x20, 0xc8, 0x20, 0xc8, 0x20, 0xc8, 0x18, 0xe9, 0x18,
  0xe9, 0x18, 0xe9, 0x18, 0xe9, 0x18, 0xe9, 0x18, 0xe9, 0x18, 0xe9, 0x18, 0xe9, 0x18, 0xc9, 0x10,
  0xa6, 0x20, 0xa6, 0x20, 0xa6, 0x20, 0xa6, 0x20, 0x28, 0x31, 0x48, 0x39, 0x48, 0x39, 0x48, 0x41,
  0x69, 0x41, 0x69, 0x41, 0x69, 0x41, 0x69, 0x41, 0x89, 0x41, 0x89, 0x49, 0x89, 0x49, 0x89, 0x49,
  0x89, 0x49, 0x89, 0x49, 0x89, 0x49, 0x69, 0x49, 0x69, 0x49, 0x69, 0x49, 0x69, 0x49, 0x48, 0x41,
  0x28, 0x41, 0x28, 0x41, 0x28, 0x41, 0x28, 0x41, 0x28, 0x41, 0x28, 0x49, 0x28, 0x49, 0x48, 0x49,
  0x48, 0x49, 0x28, 0x49, 0x28, 0x49, 0x48, 0x49, 0x28, 0x49, 0x07, 0x41, 0x07, 0x41, 0x07, 0x41,
  0x07, 0x49, 0x07, 0x49, 0x28, 0x49, 0x28, 0x51, 0x28, 0x51, 0x28, 0x51, 0x28, 0x51, 0x28, 0x51,
  0x28, 0x51, 0x28, 0x59, 0x07, 0x59, 0x07, 0x59, 0x07, 0x59, 0x07, 0x61, 0x27, 0x61, 0x28, 0x61,
  0x28, 0x69, 0x28, 0x69, 0x28, 0x69, 0x48, 0x69, 0x48, 0x69, 0x48, 0x71, 0x27, 0x69, 0x27, 0x61,
  0x27, 0x69, 0x48, 0x71, 0x48, 0x71, 0x48, 0x71, 0x48, 0x71, 0x48, 0x79, 0x48, 0x79, 0x48, 0x79,
  0x48, 0x79, 0x48, 0x79, 0x68, 0x79, 0x68, 0x79, 0x68, 0x79, 0x68, 0x79, 0x68, 0x79, 0x68, 0x81,
  0x68, 0x79, 0x88, 0x81, 0x88, 0x89, 0xa9, 0x89, 0xa9, 0x89, 0xa9, 0x89, 0xc9, 0x89, 0xc9, 0x89,
  0xa9, 0x89, 0xa9, 0x89, 0xa9, 0x89, 0xa9, 0x89, 0xa9, 0x89, 0xa9, 0x89, 0x89, 0x81, 0x89, 0x81,
  0x89, 0x81, 0x89, 0x81, 0xa9, 0x81, 0xa9, 0x89, 0x89, 0x81, 0x88, 0x79, 0x88, 0x79, 0x68, 0x79,
  0x88, 0x79, 0xa9, 0x81, 0x89, 0x79, 0x89, 0x79, 0x89, 0x79, 0x89, 0x79, 0x89, 0x71, 0x89, 0x71,
  0x89, 0x71, 0x89, 0x69, 0x89, 0x69, 0x69, 0x69, 0x48, 0x59, 0x48, 0x59, 0x28, 0x51, 0x28, 0x51,
  0x28, 0x51, 0x28, 0x51, 0x28, 0x49, 0x28, 0x49, 0x08, 0x49, 0x08, 0x49, 0x08, 0x41, 0x08, 0x41,
  0xe8, 0x38, 0xc7, 0x30, 0xc7, 0x30, 0xc7, 0x30, 0xc7, 0x30, 0xc7, 0x28, 0xc7, 0x28, 0xa7, 0x28,
  0xa7, 0x28, 0xa7, 0x28, 0xc7, 0x20, 0xc7, 0x20, 0xa7, 0x20, 0xe8, 0x20, 0xe8, 0x28, 0xe8, 0x20,
  0xe8, 0x20, 0xc8, 0x20, 0xc8, 0x20, 0xc8, 0x20, 0xc8, 0x20, 0xc8, 0x18, 0xc8, 0x18, 0xc9, 0x18,
  0xc9, 0x18, 0xe9, 0x18, 0xe9, 0x18, 0xe9, 0x18, 0xe9, 0x18, 0xe9, 0x18, 0xe9, 0x18, 0xe9, 0x10,
  0xa6, 0x20, 0xa6, 0x20, 0xa6, 0x20, 0xa6, 0x20, 0x07, 0x31, 0x69, 0x39, 0x48, 0x39, 0x69, 0x39,
  0x69, 0x39, 0x69, 0x41, 0x69, 0x41, 0x89, 0x49, 0x89, 0x49, 0x89, 0x49, 0x89, 0x49, 0x89, 0x49,
  0x89, 0x49, 0x69, 0x49, 0x69, 0x49, 0x69, 0x49, 0x69, 0x49, 0x48, 0x41, 0x08, 0x39, 0x07, 0x39,
  0x07, 0x39, 0x28, 0x41, 0x48, 0x49, 0x48, 0x49, 0x48, 0x49, 0x48, 0x49, 0x48, 0x49, 0x28, 0x49,
  0x28, 0x41, 0x28, 0x41, 0x28, 0x49, 0x28, 0x41, 0x07, 0x41, 0x07, 0x41, 0x07, 0x41, 0x07, 0x49,
  0x07, 0x49, 0x28, 0x49, 0x48, 0x51, 0x28, 0x51, 0x28, 0x51, 0x28, 0x59, 0x27, 0x59, 0x28, 0x51,
  0x28, 0x59, 0x28, 0x59, 0x27, 0x59, 0x27, 0x59, 0x28, 0x59, 0x28, 0x59, 0x28, 0x61, 0x48, 0x61,
  0x48, 0x69, 0x48, 0x69, 0x48, 0x71, 0x68, 0x71, 0x68, 0x71, 0x68, 0x71, 0x27, 0x61, 0x07, 0x61,
  0x28, 0x69, 0x48, 0x71, 0x68, 0x71, 0x68, 0x71, 0x68, 0x79, 0x68, 0x79, 0x88, 0x79, 0x88, 0x79,
  0x89, 0x79, 0x89, 0x79, 0x89, 0x81, 0x89, 0x81, 0x89, 0x81, 0x89, 0x81, 0xa9, 0x81, 0xa9, 0x81,
  0xa9, 0x81, 0xa9, 0x81, 0xa9, 0x81, 0xa9, 0x81, 0xa9, 0x81, 0xa9, 0x89, 0xa9, 0x81, 0xa9, 0x81,
  0xa9, 0x89, 0xa9, 0x89, 0xa9, 0x89, 0xa9, 0x89, 0xa9, 0x81, 0xa9, 0x81, 0x89, 0x81, 0x89, 0x81,
  0x89, 0x81, 0x89, 0x81, 0x89, 0x81, 0x89, 0x81, 0x89, 0x81, 0x88, 0x79, 0x68, 0x79, 0x68, 0x71,
  0x68, 0x71, 0x89, 0x71, 0x89, 0x79, 0x89, 0x79, 0x89, 0x71, 0x89, 0x71, 0x89, 0x71, 0x89, 0x71,
  0x89, 0x69, 0x89, 0x69, 0x69, 0x61, 0x48, 0x59, 0x28, 0x51, 0x28, 0x51, 0x28, 0x51, 0x28, 0x51,
  0x28, 0x51, 0x28, 0x51, 0x28, 0x49, 0x28, 0x49, 0x28, 0x49, 0x28, 0x49, 0x28, 0x49, 0x08, 0x41,
  0x08, 0x39, 0xe8, 0x38, 0xe8, 0x30, 0xe8, 0x30, 0xe8, 0x30, 0xe8, 0x30, 0xe8, 0x30, 0xe8, 0x28,
  0xc8, 0x28, 0xc7, 0x28, 0xa7, 0x20, 0xa7, 0x20, 0xc7, 0x20, 0xc8, 0x20, 0xc8, 0x20, 0xe8, 0x20,
  0xe8, 0x20, 0xc8, 0x20, 0xc8, 0x20, 0xc8, 0x18, 0xc8, 0x18, 0xc8, 0x18, 0xc8, 0x18, 0xc9, 0x18,
  0xe9, 0x18, 0xc9, 0x18, 0xc8, 0x18, 0xe9, 0x18, 0xe9, 0x18, 0xe9, 0x18, 0xc9, 0x10, 0xc9, 0x10,
  0xa6, 0x20, 0xa6, 0x20, 0xa7, 0x20, 0xa7, 0x20, 0xe7, 0x28, 0x49, 0x39, 0x68, 0x39, 0x49, 0x39,
  0x69, 0x41, 0x89, 0x41, 0x89, 0x49, 0x89, 0x41, 0x89, 0x41, 0x89, 0x49, 0x89, 0x49, 0x69, 0x41,
  0x69, 0x41, 0x49, 0x41, 0x49, 0x41, 0x49, 0x41, 0x28, 0x39, 0x07, 0x39, 0x07, 0x39, 0x08, 0x39,
  0x28, 0x41, 0x28, 0x49, 0x28, 0x49, 0x28, 0x49, 0x28, 0x49, 0x28, 0x49, 0x07, 0x41, 0xe7, 0x40,
  0x07, 0x41, 0x07, 0x41, 0x07, 0x41, 0x07, 0x41, 0x07, 0x41, 0x07, 0x41, 0x07, 0x41, 0x07, 0x41,
  0x07, 0x49, 0x28, 0x49, 0x28, 0x51, 0x28, 0x51, 0x28, 0x51, 0x07, 0x51, 0x27, 0x51, 0x27, 0x51,
  0x27, 0x51, 0x28, 0x51, 0x27, 0x59, 0x27, 0x59, 0x27, 0x59, 0x28, 0x59, 0x28, 0x59, 0x28, 0x59,
  0x28, 0x61, 0x28, 0x61, 0x28, 0x61, 0x48, 0x69, 0x48, 0x69, 0x48, 0x69, 0x48, 0x61, 0x48, 0x69,
  0x68, 0x71, 0x69, 0x71, 0x69, 0x71, 0x89, 0x71, 0x89, 0x71, 0x89, 0x79, 0x89, 0x79, 0x89, 0x79,
  0x89, 0x79, 0x89, 0x79, 0x89, 0x81, 0x89, 0x81, 0x89, 0x81, 0x89, 0x81, 0x89, 0x81, 0x89, 0x81,
  0x89, 0x81, 0x89, 0x81, 0x89, 0x81, 0x89, 0x81, 0x89, 0x81, 0x89, 0x81, 0x89, 0x81, 0x89, 0x81,
  0x89, 0x81, 0x89, 0x81, 0x89, 0x81, 0x89, 0x81, 0x89, 0x81, 0x89, 0x81, 0x89, 0x81, 0x89, 0x81,
  0x89, 0x79, 0x89, 0x79, 0x89, 0x79, 0x89, 0x79, 0x89, 0x79, 0x89, 0x79, 0x68, 0x71, 0x68, 0x71,
  0x68, 0x71, 0x68, 0x69, 0x89, 0x71, 0x89, 0x71, 0x89, 0x71, 0x89, 0x71, 0x89, 0x69, 0x89, 0x69,
  0x89, 0x69, 0x69, 0x69, 0x48, 0x59, 0x28, 0x51, 0x28, 0x51, 0x28, 0x51, 0x28, 0x51, 0x28, 0x51,
  0x28, 0x51, 0x28, 0x51, 0x28, 0x49, 0x28, 0x49, 0x28, 0x49, 0x28, 0x49, 0x28, 0x49, 0x08, 0x41,
  0x08, 0x39, 0x08, 0x39, 0x08, 0x39, 0xe8, 0x38, 0x08, 0x39, 0xe8, 0x30, 0xe8, 0x30, 0xe8, 0x30,
  0xe8, 0x28, 0xe8, 0x28, 0xc8, 0x28, 0xc7, 0x20, 0xa7, 0x20, 0xa7, 0x20, 0xc8, 0x20, 0xc8, 0x20,
  0xc8, 0x20, 0xc8, 0x20, 0x09, 0x21, 0x09, 0x21, 0xe9, 0x18, 0xc8, 0x18, 0xc8, 0x18, 0x09, 0x19,
  0x4a, 0x21, 0xe9, 0x18, 0xe9, 0x18, 0xe9, 0x18, 0xc8, 0x10, 0xc8, 0x10, 0xc8, 0x10, 0xa8, 0x10,
  0xa7, 0x20, 0xa7, 0x20, 0xa7, 0x20, 0xa7, 0x20, 0xa6, 0x20, 0xc7, 0x28, 0x48, 0x39, 0x89, 0x41,
  0x89, 0x41, 0x89, 0x41, 0x69, 0x41, 0x69, 0x41, 0x69, 0x49, 0x8a, 0x51, 0x8a, 0x51, 0x6a, 0x51,
  0x69, 0x49, 0x48, 0x41, 0x28, 0x41, 0x08, 0x39, 0x07, 0x39, 0x07, 0x39, 0x08, 0x39, 0x28, 0x41,
  0x28, 0x41, 0x28, 0x41, 0x08, 0x41, 0x08, 0x41, 0x08, 0x41, 0xe7, 0x40, 0xe7, 0x40, 0xe7, 0x40,
  0xe7, 0x40, 0x07, 0x41, 0x07, 0x41, 0x07, 0x41, 0x07, 0x41, 0x07, 0x41, 0x07, 0x41, 0x07, 0x49,
  0x08, 0x49, 0x08, 0x49, 0x28, 0x49, 0x28, 0x51, 0x07, 0x51, 0x28, 0x51, 0x28, 0x51, 0x28, 0x59,
  0x28, 0x59, 0x28, 0x59, 0x28, 0x59, 0x48, 0x61, 0x48, 0x61, 0x48, 0x61, 0x48, 0x61, 0x48, 0x61,
  0x68, 0x61, 0x68, 0x69, 0x68, 0x69, 0x68, 0x69, 0x68, 0x69, 0x48, 0x61, 0x48, 0x61, 0x48, 0x69,
  0x69, 0x69, 0x69, 0x69, 0x69, 0x69, 0x68, 0x69, 0x69, 0x69, 0x68, 0x71, 0x89, 0x71, 0x89, 0x79,
  0x89, 0x79, 0x89, 0x79, 0x89, 0x79, 0x89, 0x79, 0x89, 0x79, 0x89, 0x79, 0x89, 0x79, 0x89, 0x79,
  0x89, 0x79, 0x89, 0x79, 0x89, 0x79, 0x88, 0x79, 0x88, 0x79, 0x88, 0x79, 0x89, 0x79, 0x89, 0x81,
  0x89, 0x79, 0x89, 0x79, 0x89, 0x79, 0x89, 0x79, 0x89, 0x79, 0x89, 0x79, 0x89, 0x79, 0x88, 0x79,
  0x68, 0x79, 0x68, 0x79, 0x68, 0x79, 0x68, 0x79, 0x68, 0x71, 0x69, 0x71, 0x68, 0x71, 0x68, 0x69,
  0x68, 0x69, 0x68, 0x69, 0x68, 0x69, 0x89, 0x71, 0x69, 0x69, 0x69, 0x69, 0x69, 0x69, 0x69, 0x69,
  0x69, 0x69, 0x48, 0x61, 0x28, 0x51, 0x28, 0x51, 0x28, 0x51, 0x28, 0x51, 0x28, 0x51, 0x28, 0x51,
  0x28, 0x51, 0x28, 0x49, 0x28, 0x49, 0x28, 0x49, 0x28, 0x49, 0x08, 0x41, 0x08, 0x41, 0x08, 0x41,
  0x08, 0x39, 0x08, 0x39, 0x08, 0x39, 0xe8, 0x30, 0xe8, 0x30, 0xe8, 0x30, 0xe8, 0x30, 0xe8, 0x30,
  0xe8, 0x28, 0xe8, 0x28, 0xe8, 0x28, 0xc8, 0x20, 0xa7, 0x20, 0xa7, 0x18, 0xa7, 0x18, 0xa7, 0x18,
  0xa7, 0x18, 0xe9, 0x20, 0x4a, 0x29, 0x4a, 0x29, 0x2a, 0x21, 0xc8, 0x18, 0xa8, 0x10, 0xc8, 0x10,
  0xe9, 0x18, 0xc8, 0x10, 0xa8, 0x10, 0xa7, 0x10, 0xa7, 0x10, 0x87, 0x10, 0xa8, 0x10, 0x2a, 0x19,
  0xa7, 0x20, 0xa7, 0x20, 0xa7, 0x20, 0xc7, 0x20, 0xc7, 0x28, 0xa7, 0x28, 0xe8, 0x30, 0x49, 0x39,
  0x69, 0x41, 0x69, 0x41, 0x69, 0x41, 0x69, 0x49, 0x8a, 0x51, 0x8a, 0x51, 0x8a, 0x51, 0x8a, 0x59,
  0x8a, 0x59, 0x69, 0x49, 0x07, 0x39, 0xe7, 0x38, 0x07, 0x39, 0x28, 0x41, 0x28, 0x41, 0x28, 0x41,
  0x08, 0x41, 0x08, 0x41, 0xe7, 0x40, 0xe7, 0x40, 0xe7, 0x38, 0xe7, 0x38, 0xe7, 0x40, 0xe7, 0x40,
  0xe7, 0x40, 0xe7, 0x40, 0x07, 0x41, 0x07, 0x49, 0x07, 0x41, 0x07, 0x41, 0x07, 0x41, 0x07, 0x49,
  0x08, 0x49, 0x08, 0x49, 0x08, 0x49, 0x07, 0x49, 0x07, 0x49, 0x07, 0x51, 0x07, 0x51, 0x07, 0x51,
  0x07, 0x51, 0x07, 0x51, 0x07, 0x51, 0x07, 0x51, 0x27, 0x59, 0x27, 0x59, 0x27, 0x59, 0x27, 0x59,
  0x28, 0x59, 0x28, 0x59, 0x28, 0x59, 0x28, 0x59, 0x28, 0x59, 0x27, 0x59, 0x27, 0x59, 0x27, 0x59,
  0x28, 0x61, 0x28, 0x61, 0x28, 0x61, 0x28, 0x61, 0x28, 0x61, 0x28, 0x61, 0x48, 0x69, 0x68, 0x71,
  0x68, 0x71, 0x68, 0x71, 0x68, 0x71, 0x68, 0x71, 0x68, 0x71, 0x68, 0x71, 0x68, 0x71, 0x68, 0x71,
  0x48, 0x71, 0x48, 0x71, 0x48, 0x71, 0x48, 0x71, 0x48, 0x71, 0x48, 0x71, 0x68, 0x79, 0x89, 0x79,
  0x89, 0x79, 0x88, 0x79, 0x68, 0x79, 0x68, 0x79, 0x68, 0x79, 0x68, 0x71, 0x68, 0x71, 0x68, 0x71,
  0x68, 0x71, 0x68, 0x71, 0x68, 0x71, 0x68, 0x71, 0x68, 0x71, 0x68, 0x71, 0x68, 0x71, 0x48, 0x69,
  0x48, 0x69, 0x48, 0x69, 0x48, 0x61, 0x48, 0x69, 0x68, 0x69, 0x68, 0x69, 0x68, 0x69, 0x68, 0x61,
  0x69, 0x61, 0x48, 0x59, 0x28, 0x51, 0x28, 0x51, 0x28, 0x51, 0x28, 0x51, 0x28, 0x51, 0x28, 0x51,
  0x28, 0x49, 0x28, 0x49, 0x28, 0x49, 0x08, 0x49, 0x28, 0x49, 0x08, 0x41, 0x08, 0x41, 0x08, 0x39,
  0x08, 0x39, 0x08, 0x39, 0xe8, 0x30, 0xe8, 0x30, 0xe8, 0x30, 0xe8, 0x30, 0xe8, 0x30, 0xe8, 0x30,
  0xe8, 0x28, 0xe8, 0x28, 0xe8, 0x28, 0xe8, 0x20, 0xc8, 0x20, 0xc8, 0x18, 0xc8, 0x18, 0xc8, 0x18,
  0xc8, 0x18, 0x09, 0x21, 0x2a, 0x29, 0x4a, 0x29, 0x2a, 0x21, 0xe8, 0x18, 0xe8, 0x18, 0xc8, 0x18,
  0x87, 0x10, 0x87, 0x10, 0xa7, 0x10, 0xa7, 0x10, 0xa7, 0x10, 0x87, 0x08, 0x2a, 0x19, 0x6b, 0x21,
  0xa7, 0x20, 0xa7, 0x20, 0xa7, 0x20, 0xc7, 0x28, 0xc7, 0x28, 0xc7, 0x28, 0xc7, 0x28, 0xc7, 0x28,
  0xc7, 0x30, 0xe7, 0x30, 0x28, 0x39, 0x6a, 0x51, 0x8a, 0x51, 0x8a, 0x59, 0xaa, 0x59, 0x8a, 0x59,
  0x6a, 0x51, 0x69, 0x51, 0x49, 0x49, 0x28, 0x41, 0x69, 0x51, 0x8a, 0x59, 0x89, 0x59, 0x69, 0x59,
  0x69, 0x59, 0x69, 0x59, 0x69, 0x51, 0x48, 0x49, 0x08, 0x49, 0xe7, 0x38, 0xe7, 0x40, 0xe7, 0x40,
  0xe7, 0x40, 0x07, 0x41, 0x08, 0x49, 0x08, 0x49, 0x07, 0x41, 0x07, 0x41, 0x08, 0x49, 0x08, 0x49,
  0x08, 0x49, 0x08, 0x49, 0x08, 0x49, 0x07, 0x49, 0x07, 0x49, 0x07, 0x49, 0x07, 0x51, 0x07, 0x51,
  0x07, 0x51, 0x07, 0x51, 0x07, 0x51, 0x07, 0x51, 0x07, 0x51, 0x07, 0x59, 0x27, 0x59, 0x27, 0x59,
  0x27, 0x59, 0x27, 0x59, 0x27, 0x59, 0x27, 0x59, 0x27, 0x59, 0x07, 0x59, 0x27, 0x59, 0x27, 0x59,
  0x27, 0x61, 0x28, 0x59, 0x28, 0x61, 0x28, 0x61, 0x28, 0x61, 0x28, 0x61, 0x28, 0x61, 0x28, 0x61,
  0x28, 0x69, 0x48, 0x69, 0x48, 0x69, 0x48, 0x69, 0x48, 0x69, 0x48, 0x69, 0x48, 0x69, 0x48, 0x69,
  0x48, 0x69, 0x48, 0x71, 0x48, 0x71, 0x48, 0x71, 0x48, 0x71, 0x48, 0x71, 0x48, 0x71, 0x48, 0x71,
  0x68, 0x71, 0x68, 0x71, 0x68, 0x71, 0x68, 0x71, 0x48, 0x71, 0x48, 0x71, 0x68, 0x71, 0x68, 0x71,
  0x68, 0x71, 0x68, 0x71, 0x48, 0x71, 0x48, 0x71, 0x68, 0x71, 0x68, 0x71, 0x68, 0x69, 0x68, 0x69,
  0x48, 0x69, 0x48, 0x61, 0x48, 0x61, 0x48, 0x61, 0x48, 0x69, 0x48, 0x69, 0x48, 0x61, 0x68, 0x61,
  0x68, 0x61, 0x28, 0x59, 0x28, 0x51, 0x28, 0x51, 0x28, 0x51, 0x28, 0x51, 0x28, 0x49, 0x28, 0x49,
  0x28, 0x49, 0x28, 0x49, 0x28, 0x49, 0x08, 0x49, 0x08, 0x41, 0x08, 0x41, 0x08, 0x39, 0x08, 0x39,
  0x08, 0x39, 0xe8, 0x38, 0xe8, 0x30, 0xe8, 0x30, 0xe8, 0x30, 0xe8, 0x30, 0xe8, 0x28, 0xe8, 0x28,
  0xc8, 0x28, 0xc8, 0x28, 0xc8, 0x28, 0xc8, 0x20, 0xc8, 0x20, 0xc8, 0x20, 0xc8, 0x18, 0xc8, 0x18,
  0xc8, 0x18, 0x09, 0x21, 0xe9, 0x20, 0x09, 0x21, 0x29, 0x21, 0x29, 0x21, 0x09, 0x21, 0x09, 0x21,
  0x09, 0x19, 0x09, 0x19, 0x29, 0x19, 0xa7, 0x10, 0x87, 0x08, 0xc8, 0x10, 0x6b, 0x21, 0x6b, 0x21,
  0xa7, 0x20, 0xc7, 0x20, 0xc7, 0x28, 0xc7, 0x28, 0xc7, 0x28, 0xc7, 0x28, 0xc7, 0x28, 0xc7, 0x28,
  0xc7, 0x28, 0xc7, 0x28, 0xc7, 0x28, 0xc7, 0x30, 0x08, 0x39, 0x29, 0x41, 0x29, 0x49, 0x28, 0x49,
  0x28, 0x49, 0x28, 0x49, 0x49, 0x51, 0x69, 0x59, 0x89, 0x59, 0x89, 0x59, 0x89, 0x59, 0x89, 0x59,
  0x89, 0x59, 0x69, 0x59, 0x69, 0x59, 0x69, 0x59, 0x69, 0x59, 0x48, 0x51, 0x07, 0x41, 0xe7, 0x40,
  0x07, 0x49, 0x08, 0x49, 0x08, 0x49, 0x08, 0x49, 0x07, 0x49, 0x08, 0x49, 0x08, 0x49, 0x08, 0x49,
  0x07, 0x49, 0x08, 0x49, 0x28, 0x51, 0x28, 0x51, 0x27, 0x51, 0x27, 0x51, 0x27, 0x59, 0x27, 0x59,
  0x28, 0x59, 0x28, 0x59, 0x28, 0x59, 0x28, 0x59, 0x28, 0x59, 0x28, 0x59, 0x28, 0x61, 0x28, 0x61,
  0x28, 0x61, 0x28, 0x61, 0x27, 0x61, 0x28, 0x61, 0x27, 0x59, 0x27, 0x59, 0x27, 0x59, 0x48, 0x61,
  0x28, 0x61, 0x48, 0x61, 0x28, 0x61, 0x48, 0x61, 0x48, 0x61, 0x48, 0x61, 0x48, 0x61, 0x48, 0x69,
  0x48, 0x69, 0x48, 0x69, 0x48, 0x69, 0x48, 0x69, 0x48, 0x71, 0x48, 0x71, 0x48, 0x71, 0x48, 0x71,
  0x48, 0x71, 0x48, 0x71, 0x48, 0x71, 0x68, 0x71, 0x68, 0x71, 0x68, 0x71, 0x68, 0x71, 0x68, 0x71,
  0x68, 0x71, 0x68, 0x71, 0x68, 0x71, 0x68, 0x71, 0x68, 0x71, 0x68, 0x71, 0x48, 0x71, 0x48, 0x71,
  0x48, 0x71, 0x48, 0x71, 0x48, 0x71, 0x48, 0x69, 0x48, 0x69, 0x48, 0x69, 0x48, 0x69, 0x48, 0x69,
  0x48, 0x61, 0x48, 0x61, 0x48, 0x61, 0x48, 0x61, 0x48, 0x61, 0x68, 0x61, 0x48, 0x61, 0x48, 0x61,
  0x48, 0x61, 0x28, 0x59, 0x28, 0x51, 0x28, 0x51, 0x28, 0x51, 0x28, 0x51, 0x28, 0x51, 0x28, 0x49,
  0x28, 0x49, 0x28, 0x49, 0x28, 0x49, 0x08, 0x41, 0x08, 0x41, 0x08, 0x39, 0x08, 0x39, 0x08, 0x39,
  0x08, 0x39, 0xe8, 0x30, 0xe8, 0x30, 0xe8, 0x30, 0xe8, 0x30, 0xe8, 0x28, 0xe8, 0x28, 0xe8, 0x28,
  0xc8, 0x28, 0xc8, 0x28, 0xc8, 0x20, 0xc8, 0x20, 0xc8, 0x20, 0xc8, 0x18, 0xa8, 0x18, 0xc8, 0x18,
  0xa8, 0x18, 0xc8, 0x18, 0xc8, 0x18, 0xc8, 0x18, 0xc8, 0x18, 0xa8, 0x18, 0xa8, 0x10, 0x2a, 0x21,
  0x2a, 0x21, 0x4a, 0x21, 0x2a, 0x19, 0x87, 0x10, 0x87, 0x08, 0xe9, 0x10, 0x6b, 0x21, 0x4b, 0x21,
  0xa7, 0x20, 0xc7, 0x28, 0xc7, 0x28, 0xc7, 0x28, 0xc7, 0x28, 0xc7, 0x28, 0xc7, 0x28, 0xc7, 0x30,
  0xe7, 0x30, 0xe8, 0x30, 0x08, 0x41, 0x28, 0x49, 0x49, 0x49, 0x28, 0x49, 0x28, 0x49, 0x49, 0x51,
  0x49, 0x51, 0x69, 0x59, 0x69, 0x59, 0x89, 0x61, 0x89, 0x61, 0x89, 0x61, 0x89, 0x61, 0x89, 0x61,
  0x69, 0x59, 0x69, 0x59, 0x69, 0x59, 0x69, 0x61, 0x69, 0x61, 0x69, 0x61, 0x28, 0x51, 0x08, 0x51,
  0x28, 0x51, 0x28, 0x51, 0x28, 0x59, 0x48, 0x59, 0x28, 0x59, 0x28, 0x51, 0x28, 0x59, 0x48, 0x59,
  0x68, 0x61, 0x68, 0x69, 0x68, 0x69, 0x68, 0x69, 0x68, 0x69, 0x68, 0x69, 0x68, 0x69, 0x48, 0x61,
  0x48, 0x61, 0x48, 0x61, 0x48, 0x61, 0x48, 0x61, 0x48, 0x61, 0x48, 0x61, 0x48, 0x61, 0x48, 0x61,
  0x48, 0x61, 0x48, 0x61, 0x28, 0x61, 0x28, 0x61, 0x27, 0x59, 0x27, 0x61, 0x47, 0x61, 0x48, 0x61,
  0x48, 0x61, 0x48, 0x61, 0x48, 0x61, 0x48, 0x61, 0x48, 0x61, 0x48, 0x69, 0x48, 0x69, 0x48, 0x69,
  0x48, 0x69, 0x48, 0x69, 0x48, 0x69, 0x48, 0x69, 0x48, 0x69, 0x48, 0x71, 0x68, 0x71, 0x68, 0x71,
  0x68, 0x71, 0x68, 0x71, 0x68, 0x71, 0x48, 0x71, 0x48, 0x71, 0x48, 0x71, 0x68, 0x71, 0x68, 0x71,
  0x68, 0x71, 0x68, 0x71, 0x48, 0x71, 0x48, 0x71, 0x48, 0x71, 0x48, 0x69, 0x48, 0x69, 0x48, 0x69,
  0x48, 0x69, 0x48, 0x69, 0x48, 0x69, 0x48, 0x69, 0x48, 0x69, 0x48, 0x69, 0x48, 0x69, 0x48, 0x69,
  0x48, 0x61, 0x48, 0x61, 0x48, 0x61, 0x48, 0x61, 0x48, 0x59, 0x48, 0x61, 0x48, 0x61, 0x48, 0x61,
  0x68, 0x61, 0x48, 0x59, 0x08, 0x49, 0x28, 0x51, 0x28, 0x51, 0x28, 0x51, 0x28, 0x51, 0x28, 0x49,
  0x28, 0x49, 0x28, 0x49, 0x08, 0x41, 0x08, 0x41, 0x08, 0x39, 0x08, 0x39, 0x08, 0x39, 0xe8, 0x38,
  0xe8, 0x30, 0xe8, 0x30, 0xe8, 0x30, 0xe8, 0x28, 0xe8, 0x30, 0xe8, 0x28, 0xc8, 0x28, 0xe8, 0x28,
  0xc8, 0x20, 0xc8, 0x20, 0xc8, 0x20, 0xc8, 0x20, 0xc8, 0x18, 0xc8, 0x18, 0xa8, 0x18, 0xc8, 0x18,
  0xa8, 0x18, 0xa8, 0x18, 0xa8, 0x18, 0xc8, 0x18, 0xa7, 0x10, 0x87, 0x10, 0xc8, 0x18, 0x4a, 0x21,
  0x2a, 0x21, 0xe9, 0x18, 0xa7, 0x10, 0x87, 0x10, 0x87, 0x08, 0xc8, 0x10, 0x4a, 0x21, 0x4b, 0x21,
  0xe8, 0x30, 0xe8, 0x30, 0xe8, 0x30, 0x08, 0x39, 0x08, 0x39, 0x08, 0x39, 0x28, 0x41, 0x48, 0x41,
  0x49, 0x49, 0x69, 0x51, 0x69, 0x59, 0x69, 0x51, 0x48, 0x49, 0xe7, 0x30, 0xc7, 0x30, 0x48, 0x49,
  0x89, 0x61, 0x89, 0x61, 0x89, 0x61, 0x89, 0x61, 0x89, 0x61, 0x89, 0x61, 0x89, 0x61, 0x69, 0x61,
  0x69, 0x59, 0x69, 0x59, 0x69, 0x61, 0x69, 0x61, 0x69, 0x61, 0x69, 0x61, 0x69, 0x61, 0x48, 0x59,
  0x48, 0x59, 0x48, 0x59, 0x48, 0x61, 0x68, 0x61, 0x48, 0x61, 0x48, 0x59, 0x48, 0x61, 0x68, 0x69,
  0x88, 0x69, 0x88, 0x71, 0x88, 0x71, 0x88, 0x71, 0x88, 0x71, 0x88, 0x71, 0x68, 0x71, 0x68, 0x69,
  0x68, 0x69, 0x68, 0x69, 0x68, 0x69, 0x68, 0x69, 0x48, 0x69, 0x48, 0x61, 0x48, 0x61, 0x48, 0x61,
  0x48, 0x61, 0x48, 0x61, 0x48, 0x61, 0x48, 0x61, 0x48, 0x61, 0x48, 0x61, 0x48, 0x61, 0x48, 0x61,
  0x48, 0x61, 0x48, 0x61, 0x48, 0x61, 0x48, 0x61, 0x48, 0x69, 0x48, 0x69, 0x48, 0x69, 0x48, 0x69,
  0x48, 0x69, 0x48, 0x69, 0x48, 0x69, 0x48, 0x69, 0x48, 0x69, 0x48, 0x71, 0x48, 0x71, 0x48, 0x71,
  0x48, 0x71, 0x48, 0x71, 0x48, 0x71, 0x48, 0x71, 0x48, 0x71, 0x48, 0x71, 0x48, 0x71, 0x48, 0x71,
  0x48, 0x71, 0x48, 0x71, 0x48, 0x69, 0x48, 0x69, 0x48, 0x69, 0x48, 0x69, 0x48, 0x69, 0x48, 0x69,
  0x48, 0x69, 0x28, 0x69, 0x28, 0x61, 0x27, 0x61, 0x27, 0x61, 0x28, 0x61, 0x27, 0x61, 0x28, 0x61,
  0x48, 0x61, 0x48, 0x59, 0x48, 0x59, 0x48, 0x59, 0x48, 0x59, 0x28, 0x59, 0x48, 0x59, 0x48, 0x61,
  0x68, 0x61, 0x49, 0x61, 0x28, 0x51, 0x28, 0x51, 0x28, 0x49, 0x28, 0x49, 0x28, 0x49, 0x28, 0x49,
  0x28, 0x49, 0x08, 0x41, 0x08, 0x39, 0x08, 0x39, 0x08, 0x39, 0xe8, 0x38, 0xe8, 0x30, 0xe8, 0x30,
  0xe8, 0x30, 0xc8, 0x30, 0x09, 0x31, 0x4a, 0x39, 0x4a, 0x39, 0x4a, 0x39, 0xe9, 0x28, 0xc8, 0x20,
  0xc8, 0x20, 0xc8, 0x20, 0xc8, 0x20, 0xc8, 0x18, 0xc8, 0x18, 0xa8, 0x18, 0xa8, 0x18, 0xa8, 0x18,
  0xa8, 0x18, 0xa8, 0x18, 0xc8, 0x18, 0xa8, 0x18, 0xa7, 0x10, 0xa7, 0x10, 0xa7, 0x10, 0xc8, 0x18,
  0xc8, 0x18, 0x87, 0x10, 0xa7, 0x10, 0xa8, 0x10, 0xa8, 0x10, 0xc8, 0x10, 0x4a, 0x21, 0x4b, 0x21,
  0x28, 0x41, 0x28, 0x41, 0x28, 0x41, 0x28, 0x41, 0x48, 0x41, 0x48, 0x49, 0x48, 0x49, 0x48, 0x49,
  0x49, 0x49, 0x49, 0x51, 0x08, 0x39, 0xc7, 0x28, 0xa7, 0x28, 0xc7, 0x28, 0xc7, 0x28, 0xe7, 0x38,
  0x49, 0x51, 0x69, 0x61, 0x89, 0x61, 0x89, 0x61, 0x89, 0x61, 0x89, 0x61, 0x69, 0x59, 0x69, 0x59,
  0x69, 0x59, 0x69, 0x59, 0x69, 0x59, 0x69, 0x61, 0x69, 0x61, 0x69, 0x61, 0x69, 0x61, 0x69, 0x59,
  0x48, 0x59, 0x69, 0x61, 0x69, 0x61, 0x68, 0x61, 0x68, 0x61, 0x69, 0x61, 0x68, 0x61, 0x69, 0x69,
  0x69, 0x69, 0x89, 0x69, 0x88, 0x71, 0x89, 0x71, 0x88, 0x71, 0x88, 0x71, 0x88, 0x69, 0x88, 0x69,
  0x68, 0x69, 0x68, 0x69, 0x68, 0x69, 0x68, 0x69, 0x68, 0x69, 0x68, 0x69, 0x48, 0x61, 0x48, 0x61,
  0x48, 0x61, 0x48, 0x61, 0x48, 0x61, 0x48, 0x61, 0x48, 0x61, 0x48, 0x61, 0x48, 0x61, 0x48, 0x61,
  0x48, 0x61, 0x48, 0x61, 0x48, 0x61, 0x48, 0x61, 0x48, 0x69, 0x48, 0x69, 0x48, 0x69, 0x48, 0x69,
  0x48, 0x69, 0x48, 0x69, 0x48, 0x69, 0x48, 0x69, 0x48, 0x69, 0x68, 0x69, 0x48, 0x71, 0x48, 0x71,
  0x48, 0x71, 0x48, 0x71, 0x48, 0x71, 0x48, 0x71, 0x48, 0x71, 0x68, 0x71, 0x68, 0x71, 0x68, 0x71,
  0x68, 0x69, 0x48, 0x69, 0x48, 0x69, 0x48, 0x69, 0x48, 0x69, 0x48, 0x69, 0x48, 0x69, 0x68, 0x69,
  0x48, 0x69, 0x48, 0x61, 0x48, 0x61, 0x48, 0x61, 0x48, 0x61, 0x48, 0x61, 0x48, 0x61, 0x48, 0x61,
  0x48, 0x61, 0x48, 0x61, 0x48, 0x61, 0x48, 0x61, 0x48, 0x59, 0x48, 0x59, 0x48, 0x59, 0x69, 0x61,
  0x69, 0x61, 0x49, 0x59, 0x49, 0x59, 0x49, 0x51, 0x29, 0x49, 0x28, 0x49, 0x28, 0x49, 0x28, 0x51,
  0x28, 0x49, 0x08, 0x41, 0x08, 0x39, 0x08, 0x39, 0x08, 0x39, 0xe8, 0x38, 0x29, 0x39, 0x49, 0x41,
  0x49, 0x41, 0x29, 0x39, 0x6a, 0x41, 0x6a, 0x41, 0x4a, 0x39, 0x6a, 0x39, 0x4a, 0x31, 0xe8, 0x28,
  0xe8, 0x20, 0xe8, 0x20, 0xc8, 0x20, 0xe8, 0x18, 0xc8, 0x18, 0xc8, 0x18, 0xc8, 0x18, 0xc8, 0x18,
  0xc8, 0x18, 0xc8, 0x18, 0xc8, 0x18, 0xc8, 0x18, 0xc8, 0x18, 0xa8, 0x18, 0xc8, 0x10, 0xa8, 0x10,
  0xa8, 0x10, 0xc8, 0x10, 0xc8, 0x10, 0xc9, 0x10, 0x2a, 0x19, 0x4a, 0x21, 0x4a, 0x21, 0x4a, 0x21,
  0x28, 0x41, 0x28, 0x41, 0x28, 0x41, 0x28, 0x41, 0x48, 0x41, 0x48, 0x49, 0x48, 0x49, 0x48, 0x49,
  0x49, 0x49, 0x28, 0x41, 0xc7, 0x28, 0xc7, 0x28, 0xc7, 0x28, 0xc7, 0x30, 0xe7, 0x30, 0xc7, 0x30,
  0xc7, 0x30, 0x28, 0x49, 0x69, 0x59, 0x69, 0x59, 0x69, 0x59, 0x69, 0x59, 0x69, 0x59, 0x69, 0x59,
  0x69, 0x59, 0x69, 0x59, 0x69, 0x59, 0x69, 0x59, 0x69, 0x61, 0x69, 0x61, 0x69, 0x59, 0x69, 0x59,
  0x69, 0x61, 0x69, 0x61, 0x69, 0x61, 0x69, 0x61, 0x69, 0x61, 0x69, 0x61, 0x69, 0x61, 0x89, 0x61,
  0x89, 0x69, 0x89, 0x69, 0x89, 0x69, 0x89, 0x69, 0x89, 0x69, 0x88, 0x69, 0x88, 0x69, 0x88, 0x69,
  0x88, 0x69, 0x88, 0x69, 0x68, 0x69, 0x68, 0x69, 0x68, 0x69, 0x68, 0x69, 0x68, 0x69, 0x68, 0x61,
  0x68, 0x61, 0x68, 0x61, 0x68, 0x61, 0x48, 0x61, 0x48, 0x61, 0x68, 0x61, 0x68, 0x61, 0x68, 0x69,
  0x68, 0x69, 0x68, 0x69, 0x68, 0x69, 0x68, 0x69, 0x68, 0x69, 0x68, 0x69, 0x68, 0x69, 0x68, 0x69,
  0x68, 0x69, 0x68, 0x69, 0x68, 0x69, 0x68, 0x69, 0x68, 0x69, 0x68, 0x69, 0x69, 0x71, 0x69, 0x71,
  0x68, 0x71, 0x68, 0x71, 0x68, 0x71, 0x68, 0x71, 0x69, 0x71, 0x69, 0x71, 0x69, 0x69, 0x69, 0x69,
  0x68, 0x69, 0x69, 0x69, 0x69, 0x69, 0x69, 0x69, 0x69, 0x69, 0x69, 0x69, 0x69, 0x69, 0x89, 0x71,
  0x69, 0x69, 0x69, 0x69, 0x69, 0x69, 0x69, 0x69, 0x69, 0x61, 0x69, 0x61, 0x69, 0x61, 0x89, 0x61,
  0x89, 0x69, 0x89, 0x69, 0x89, 0x69, 0x69, 0x61, 0x69, 0x59, 0x69, 0x59, 0x69, 0x59, 0x69, 0x59,
  0x69, 0x61, 0x69, 0x59, 0x69, 0x59, 0x69, 0x59, 0x69, 0x59, 0x49, 0x51, 0x49, 0x51, 0x49, 0x49,
  0x29, 0x49, 0x29, 0x41, 0x29, 0x41, 0x29, 0x41, 0x29, 0x41, 0x6a, 0x41, 0x8a, 0x49, 0x6a, 0x49,
  0x6a, 0x41, 0x6a, 0x41, 0x4a, 0x41, 0x4a, 0x39, 0x4a, 0x39, 0x4a, 0x39, 0x4a, 0x39, 0x4a, 0x31,
  0x4a, 0x31, 0x2a, 0x31, 0x2a, 0x29, 0x29, 0x29, 0x09, 0x21, 0xe9, 0x20, 0xe9, 0x18, 0xe8, 0x18,
  0xe9, 0x20, 0xe9, 0x20, 0xe9, 0x18, 0xe8, 0x18, 0xe8, 0x18, 0xe9, 0x18, 0xe9, 0x18, 0x09, 0x19,
  0x2a, 0x21, 0x2a, 0x21, 0x2a, 0x19, 0x2a, 0x19, 0x4a, 0x21, 0x4a, 0x19, 0x4a, 0x19, 0x4a, 0x21,
  0x28, 0x41, 0x48, 0x41, 0x48, 0x41, 0x48, 0x41, 0x48, 0x41, 0x48, 0x49, 0x28, 0x49, 0x28, 0x41,
  0x08, 0x39, 0xc7, 0x30, 0xc7, 0x30, 0xc7, 0x30, 0xc7, 0x28, 0xc7, 0x30, 0xc7, 0x30, 0xc7, 0x30,
  0xe7, 0x30, 0xe7, 0x30, 0x08, 0x41, 0x49, 0x51, 0x49, 0x51, 0x49, 0x51, 0x49, 0x59, 0x49, 0x59,
  0x49, 0x59, 0x69, 0x59, 0x69, 0x59, 0x69, 0x59, 0x69, 0x59, 0x69, 0x59, 0x69, 0x59, 0x69, 0x59,
  0x69, 0x59, 0x69, 0x59, 0x69, 0x59, 0x69, 0x59, 0x69, 0x59, 0x69, 0x61, 0x69, 0x61, 0x69, 0x61,
  0x89, 0x61, 0x69, 0x61, 0x69, 0x61, 0x69, 0x69, 0x69, 0x69, 0x89, 0x69, 0x69, 0x69, 0x69, 0x69,
  0x69, 0x69, 0x69, 0x69, 0x69, 0x69, 0x69, 0x69, 0x68, 0x61, 0x68, 0x61, 0x68, 0x61, 0x69, 0x61,
  0x68, 0x61, 0x68, 0x61, 0x68, 0x61, 0x68, 0x61, 0x68, 0x61, 0x69, 0x61, 0x69, 0x61, 0x69, 0x69,
  0x69, 0x61, 0x69, 0x61, 0x69, 0x69, 0x69, 0x69, 0x69, 0x69, 0x89, 0x69, 0x89, 0x69, 0x89, 0x69,
  0x89, 0x69, 0x89, 0x69, 0x89, 0x71, 0x89, 0x71, 0x89, 0x71, 0x89, 0x71, 0x89, 0x71, 0x89, 0x71,
  0x89, 0x71, 0x89, 0x71, 0x89, 0x71, 0x89, 0x71, 0x89, 0x71, 0x89, 0x71, 0x89, 0x69, 0x89, 0x69,
  0x89, 0x71, 0x89, 0x71, 0x89, 0x71, 0x89, 0x69, 0x89, 0x69, 0x89, 0x69, 0x89, 0x69, 0x89, 0x69,
  0x89, 0x69, 0x89, 0x69, 0x89, 0x69, 0x89, 0x69, 0x89, 0x69, 0x89, 0x69, 0x89, 0x69, 0x89, 0x69,
  0x89, 0x69, 0x89, 0x69, 0x89, 0x61, 0x89, 0x61, 0x89, 0x61, 0x89, 0x59, 0x89, 0x59, 0x69, 0x59,
  0x89, 0x59, 0x89, 0x59, 0x69, 0x59, 0x69, 0x51, 0x69, 0x51, 0x69, 0x51, 0x69, 0x51, 0x69, 0x51,
  0x49, 0x49, 0x69, 0x49, 0x69, 0x49, 0x49, 0x49, 0x6a, 0x49, 0x6a, 0x49, 0x6a, 0x41, 0x6a, 0x41,
  0x4a, 0x41, 0x4a, 0x41, 0x4a, 0x39, 0x4a, 0x39, 0x4a, 0x39, 0x4a, 0x39, 0x4a, 0x31, 0x4a, 0x31,
  0x4a, 0x31, 0x4a, 0x31, 0x4a, 0x31, 0x4a, 0x29, 0x4a, 0x29, 0x4a, 0x29, 0x2a, 0x21, 0x2a, 0x21,
  0x2a, 0x29, 0x4a, 0x29, 0x2a, 0x21, 0x09, 0x21, 0x09, 0x21, 0x09, 0x19, 0x2a, 0x21, 0x4a, 0x21,
  0x4a, 0x21, 0x2a, 0x21, 0x4a, 0x21, 0x4a, 0x21, 0x4a, 0x21, 0x4a, 0x19, 0x4a, 0x19, 0x4a, 0x19
#endif
};

const lv_img_dsc_t xingkong = {
  {
    LV_IMG_CF_TRUE_COLOR,  // cf (color format)
    0,                            // always_zero
    0,                            // reserved
    160,                          // w (width)
    160                           // h (height)
  },
  25600 * LV_COLOR_SIZE / 8,  // data_size
  xingkong_map,                      // data
};