#include "wei_xin_pei_wang_mp3.h"

const unsigned char wei_xin_pei_wang_mp3[]  __attribute__((aligned(4), section(".rodata")))  = {
  0xff, 0xf3, 0x48, 0xc4, 0x00, 0x00, 0x00, 0x03, 0x48, 0x00, 0x00, 0x00,
  0x00, 0x2a, 0x5a, 0x60, 0x31, 0x26, 0x09, 0x4d, 0x1e, 0x11, 0xa2, 0x53,
  0x47, 0x8a, 0x64, 0x95, 0x89, 0xe5, 0x62, 0x4a, 0xc4, 0xe9, 0x58, 0x91,
  0xd8, 0x9d, 0x2b, 0x0c, 0x21, 0xe1, 0x3a, 0x56, 0x18, 0x43, 0xc5, 0x34,
  0xac, 0x42, 0x02, 0xc1, 0xb0, 0x4c, 0x80, 0x26, 0x21, 0x02, 0x05, 0x80,
  0x01, 0x62, 0x60, 0x99, 0x00, 0x18, 0x44, 0xd0, 0x58, 0xc0, 0x38, 0x2c,
  0x65, 0x86, 0x45, 0x48, 0x1a, 0xc5, 0x8c, 0xfa, 0x28, 0x1d, 0x99, 0x32,
  0xcc, 0xd0, 0x59, 0xa6, 0x71, 0x54, 0x1b, 0x77, 0x7f, 0x31, 0xd0, 0x03,
  0x66, 0x80, 0xb1, 0x33, 0x3c, 0xd1, 0xfe, 0xb2, 0x06, 0x71, 0x63, 0x00,
  0x41, 0x64, 0xb1, 0x03, 0xda, 0xa5, 0x33, 0x24, 0x2d, 0x09, 0x27, 0x59,
  0x67, 0xa7, 0xe2, 0x8b, 0xae, 0xc2, 0x3e, 0x29, 0xe9, 0xfe, 0xe6, 0x11,
  0x7c, 0xa5, 0x2e, 0x2b, 0xb8, 0x76, 0x27, 0x73, 0x7e, 0xe9, 0x5e, 0x6e,
  0xff, 0xf3, 0x48, 0xc4, 0x83, 0x18, 0x71, 0x25, 0xbc, 0x04, 0x08, 0x46,
  0x04, 0x10, 0x9f, 0x7a, 0x88, 0xa7, 0xee, 0xe5, 0x5e, 0xfa, 0x21, 0x5e,
  0x98, 0x42, 0x88, 0x56, 0x57, 0xff, 0xee, 0x64, 0x1d, 0xf7, 0xd0, 0x9f,
  0xaf, 0xbf, 0x5c, 0xca, 0x26, 0x84, 0x20, 0x90, 0x8d, 0x2b, 0xa5, 0x3e,
  0x8b, 0x34, 0x44, 0xa7, 0xfd, 0x17, 0x09, 0xcd, 0x29, 0xd1, 0x6f, 0xff,
  0x8f, 0xde, 0x23, 0x81, 0xe3, 0xdd, 0x99, 0x63, 0x26, 0x1e, 0x23, 0xec,
  0x01, 0xff, 0x9a, 0x77, 0xbb, 0x86, 0x5b, 0x03, 0x03, 0xc4, 0xfe, 0x69,
  0x3e, 0xac, 0x1d, 0x3f, 0x91, 0xf1, 0x0a, 0x3d, 0xa0, 0x95, 0x84, 0x93,
  0x22, 0xe4, 0x0a, 0x23, 0x65, 0xae, 0xaf, 0xd4, 0xee, 0x7a, 0x5d, 0x7e,
  0x6a, 0x78, 0x25, 0xb1, 0x36, 0x18, 0x4d, 0x7d, 0x1e, 0xa5, 0x5a, 0x6e,
  0x20, 0xa9, 0xb1, 0xb1, 0x19, 0xb1, 0x86, 0xb5, 0xc9, 0x4d, 0xd2, 0xac,
  0x40, 0x80, 0xad, 0xf8, 0x71, 0xcc, 0xa1, 0x94, 0x35, 0x4a, 0x4c, 0x54,
  0xff, 0xf3, 0x48, 0xc4, 0xa4, 0x1b, 0x9a, 0xa6, 0x00, 0x00, 0x29, 0x86,
  0x11, 0x19, 0x1d, 0xaf, 0x9f, 0x08, 0x49, 0x94, 0x55, 0x37, 0xd8, 0xa6,
  0x0b, 0x33, 0x77, 0xd5, 0xcf, 0x21, 0x32, 0xba, 0x15, 0x06, 0x52, 0x9e,
  0x70, 0xcd, 0x8c, 0x88, 0xb2, 0x6f, 0xef, 0x11, 0x08, 0x22, 0x67, 0x92,
  0x79, 0x32, 0x7d, 0x75, 0xe9, 0x1a, 0x4f, 0x05, 0x3e, 0xfd, 0x2d, 0xce,
  0xa1, 0x31, 0xe7, 0xf0, 0xdf, 0xec, 0xfa, 0x65, 0xe4, 0x59, 0x4b, 0xb1,
  0x43, 0x87, 0xca, 0x50, 0xe0, 0x5e, 0x6a, 0x0d, 0x84, 0x84, 0xe2, 0x91,
  0x88, 0xc4, 0x62, 0x34, 0x18, 0x0e, 0x85, 0x81, 0xbf, 0xfb, 0x31, 0xb9,
  0xe0, 0x70, 0x67, 0xff, 0x70, 0x2e, 0xd9, 0xa4, 0x8e, 0xff, 0xdd, 0x97,
  0x99, 0x64, 0x01, 0xb8, 0x1e, 0x71, 0x63, 0x20, 0x07, 0x80, 0xd5, 0x1c,
  0x0c, 0x4a, 0x2c, 0x7e, 0x41, 0xc8, 0xc1, 0xc0, 0x23, 0x40, 0x33, 0xe4,
  0x40, 0x38, 0x58, 0x6a, 0xb1, 0x64, 0xfc, 0x59, 0xe4, 0x98, 0xb7, 0x8a,
  0xff, 0xf3, 0x48, 0xc4, 0xb8, 0x1d, 0xa3, 0xfe, 0x08, 0x01, 0x46, 0x18,
  0x01, 0xd0, 0x76, 0x0c, 0xe0, 0xe6, 0x07, 0xf8, 0x20, 0x02, 0x00, 0x45,
  0xff, 0x16, 0xc1, 0x97, 0x2d, 0x8e, 0xf2, 0xe3, 0x00, 0x70, 0x90, 0x31,
  0x61, 0x44, 0xd4, 0x2f, 0x7a, 0x9b, 0xfa, 0x6a, 0x41, 0x14, 0x8d, 0x0d,
  0x04, 0x7a, 0x18, 0xcc, 0xd0, 0x9c, 0x10, 0xa0, 0xe5, 0x8e, 0xdf, 0xfa,
  0x68, 0x17, 0x09, 0x51, 0xc6, 0x32, 0x66, 0x89, 0x95, 0xca, 0x63, 0x8c,
  0xc0, 0x65, 0x03, 0xe4, 0x0d, 0xac, 0x5c, 0x84, 0x40, 0xdb, 0xff, 0xc9,
  0x83, 0x46, 0xdd, 0x04, 0x0d, 0xcc, 0x0d, 0x0a, 0x86, 0x06, 0xa2, 0xd8,
  0x4f, 0x97, 0x06, 0xd8, 0xa4, 0x06, 0x40, 0x52, 0x81, 0xfb, 0x88, 0xfc,
  0x7d, 0xff, 0xff, 0x7e, 0xcd, 0xf7, 0xe3, 0x48, 0x88, 0x08, 0x50, 0x52,
  0x84, 0xd9, 0x20, 0x82, 0x04, 0x48, 0x5c, 0x84, 0xe0, 0xb3, 0x07, 0x62,
  0x64, 0x0f, 0xff, 0xff, 0xff, 0xfb, 0x7f, 0x8e, 0x79, 0xf2, 0xfa, 0x6e,
  0xff, 0xf3, 0x48, 0xc4, 0xc4, 0x35, 0x9c, 0x16, 0x86, 0x5f, 0x9b, 0xa0,
  0x00, 0x66, 0x6e, 0x5c, 0x2f, 0x10, 0x43, 0x32, 0x58, 0xc8, 0x8a, 0x0f,
  0xa1, 0xe0, 0x83, 0x8e, 0xb1, 0x29, 0x92, 0xf5, 0x81, 0x33, 0x32, 0x8f,
  0x42, 0xd1, 0x49, 0xf6, 0xfd, 0xe7, 0xad, 0x6b, 0x25, 0x0e, 0x31, 0x56,
  0x23, 0xe9, 0x03, 0xda, 0xf7, 0xcf, 0x50, 0x4f, 0x50, 0x85, 0x81, 0x04,
  0xa6, 0x02, 0x4d, 0xc6, 0x96, 0x5d, 0x99, 0x96, 0x29, 0x92, 0xfe, 0x00,
  0x32, 0x0b, 0xd8, 0x32, 0x05, 0xe4, 0x8b, 0xc4, 0x04, 0xd0, 0x91, 0x51,
  0x0f, 0x26, 0xce, 0xbd, 0x22, 0xf1, 0x78, 0xc9, 0x12, 0x6c, 0xdd, 0x73,
  0xa8, 0x9a, 0x9a, 0x93, 0xc3, 0xa0, 0xb8, 0x37, 0x8a, 0x84, 0x58, 0xd8,
  0xe9, 0x99, 0x71, 0x91, 0x4d, 0x73, 0x05, 0x18, 0x1b, 0x3a, 0x24, 0xc9,
  0xa1, 0x6d, 0x34, 0x0f, 0x20, 0x75, 0x03, 0x54, 0x99, 0x69, 0x24, 0x9b,
  0x26, 0xb3, 0x34, 0xd6, 0xe7, 0x91, 0xa9, 0x13, 0x53, 0x33, 0xe9, 0x97,
  0xff, 0xf3, 0x48, 0xc4, 0x70, 0x35, 0xe4, 0x16, 0xba, 0xdf, 0xd9, 0x90,
  0x00, 0x9d, 0x13, 0x56, 0xad, 0xd6, 0xb6, 0x5a, 0x48, 0x2d, 0x48, 0xb5,
  0x14, 0xfd, 0x49, 0x24, 0xb5, 0x2e, 0xc9, 0x1d, 0x2e, 0xa8, 0xc9, 0x22,
  0xc3, 0x9f, 0x32, 0x2f, 0x3a, 0xb5, 0xd4, 0xe8, 0xa3, 0xd4, 0xa5, 0x98,
  0x17, 0x8a, 0xe6, 0x48, 0x31, 0xab, 0x14, 0x0c, 0x48, 0x68, 0xfc, 0x58,
  0x27, 0xc8, 0xba, 0xca, 0x24, 0x5c, 0xd8, 0xa8, 0x81, 0x49, 0x8c, 0x8a,
  0x48, 0xb3, 0x1b, 0x1b, 0x50, 0xb3, 0x22, 0x62, 0x6a, 0x74, 0xc5, 0x05,
  0xa7, 0x5b, 0xfa, 0x0d, 0x76, 0xb3, 0x33, 0x32, 0xd4, 0xed, 0x74, 0xd9,
  0x33, 0x8c, 0x5c, 0xa8, 0xf9, 0x35, 0x2e, 0x20, 0x99, 0x7c, 0xbc, 0x89,
  0x32, 0x64, 0x5c, 0x33, 0x2e, 0x1a, 0x2c, 0xc9, 0x15, 0x00, 0x80, 0x93,
  0xff, 0xff, 0x59, 0xcb, 0x26, 0x57, 0xc1, 0x8e, 0x72, 0x6a, 0x26, 0x01,
  0xa0, 0x3d, 0x33, 0x56, 0xec, 0xca, 0x5b, 0x54, 0x26, 0x80, 0x80, 0x06,
  0xff, 0xf3, 0x48, 0xc4, 0x1b, 0x23, 0x54, 0x16, 0xa1, 0x68, 0xd3, 0x04,
  0xd4, 0x6b, 0x30, 0x80, 0x08, 0x9b, 0x91, 0xba, 0x20, 0x89, 0x20, 0x88,
  0xb4, 0x47, 0xec, 0x9e, 0x99, 0x31, 0x75, 0x72, 0x7f, 0x9a, 0xd1, 0xab,
  0x57, 0x8c, 0x90, 0xd5, 0x25, 0x68, 0xa0, 0xa5, 0x85, 0xeb, 0x53, 0x1d,
  0xb8, 0x7d, 0x5c, 0xb6, 0x4d, 0x9d, 0x99, 0xc8, 0x94, 0x73, 0x2e, 0xf4,
  0xa7, 0x47, 0x47, 0x52, 0xd1, 0x66, 0x81, 0x06, 0x51, 0x42, 0x86, 0x30,
  0x90, 0x43, 0x88, 0x7a, 0x15, 0xbf, 0x95, 0x7f, 0x4a, 0x5d, 0x66, 0xd1,
  0xe5, 0x2d, 0xd5, 0x0a, 0xa4, 0x71, 0xd1, 0xbf, 0xe8, 0x94, 0xa5, 0xf3,
  0x4e, 0x56, 0x82, 0x30, 0xec, 0xec, 0x9d, 0x5f, 0xff, 0xff, 0x55, 0x7a,
  0x93, 0x3e, 0xda, 0x49, 0xb5, 0xd9, 0x1c, 0x86, 0x25, 0xf7, 0x28, 0x93,
  0x9c, 0x45, 0x80, 0xc5, 0x88, 0x14, 0x29, 0x95, 0x68, 0x0a, 0x81, 0xf1,
  0x35, 0x56, 0x46, 0x3f, 0xf5, 0xac, 0x31, 0xad, 0x2e, 0x92, 0xbc, 0x88,
  0xff, 0xf3, 0x48, 0xc4, 0x10, 0x1d, 0xf2, 0x7a, 0xb2, 0x3e, 0xca, 0x04,
  0xec, 0x78, 0x46, 0xe8, 0x62, 0xfa, 0xa3, 0xc7, 0x3e, 0xf2, 0x99, 0xb8,
  0xa5, 0xeb, 0x41, 0x97, 0xe7, 0xdf, 0xae, 0xbb, 0x15, 0x0f, 0x85, 0x0f,
  0xf9, 0xe1, 0x49, 0x24, 0x1d, 0x0a, 0x3f, 0xa2, 0x9a, 0x48, 0x02, 0x80,
  0xb1, 0x66, 0xe8, 0x81, 0x9d, 0x81, 0x80, 0xc1, 0xa5, 0x5c, 0xcd, 0x64,
  0x44, 0x6d, 0xef, 0xa4, 0xa4, 0x7b, 0xdd, 0x4b, 0x29, 0xbe, 0xea, 0x14,
  0x51, 0x82, 0xb1, 0xd3, 0xf6, 0x56, 0xa7, 0x66, 0xab, 0x3a, 0xef, 0x65,
  0x5f, 0xea, 0x55, 0x50, 0xc3, 0x94, 0x32, 0x9d, 0x11, 0x2c, 0xc1, 0x94,
  0x9e, 0x24, 0x60, 0x24, 0x05, 0x15, 0x05, 0x44, 0xa8, 0x0a, 0x2b, 0xff,
  0xca, 0xe2, 0x25, 0xda, 0xcf, 0xfa, 0x03, 0xb6, 0xa1, 0x2f, 0x22, 0x68,
  0xfe, 0xee, 0x65, 0x76, 0x32, 0xbe, 0x96, 0xb9, 0x68, 0x46, 0x1d, 0x3d,
  0xad, 0x00, 0xe0, 0x79, 0xa4, 0xdc, 0xe1, 0xd7, 0xf6, 0xce, 0x3b, 0xa5,
  0xff, 0xf3, 0x48, 0xc4, 0x1b, 0x1f, 0x71, 0xca, 0x80, 0x17, 0x59, 0x40,
  0x00, 0xbe, 0xe8, 0xb0, 0x59, 0x6c, 0x66, 0xf7, 0xeb, 0x4c, 0x1d, 0x02,
  0xe3, 0x83, 0xa0, 0x6c, 0x2a, 0x2a, 0x2a, 0xb5, 0x0c, 0x30, 0x1b, 0x40,
  0xf0, 0xe4, 0x1a, 0x87, 0xa6, 0xd4, 0x32, 0xfe, 0xb0, 0xd7, 0xc8, 0xa9,
  0xa2, 0xa6, 0xa3, 0x33, 0x7a, 0xaa, 0xeb, 0x24, 0xdc, 0x5b, 0x5f, 0x0c,
  0xca, 0xab, 0x5f, 0x34, 0xdf, 0xfe, 0xba, 0xde, 0xcd, 0x22, 0xa7, 0x72,
  0x20, 0xa8, 0x4b, 0x86, 0x94, 0xff, 0x95, 0xa8, 0x3a, 0x0d, 0x3f, 0x09,
  0x03, 0x47, 0x96, 0x0a, 0xba, 0x58, 0x05, 0x05, 0x43, 0x4a, 0x78, 0x8b,
  0xff, 0xf8, 0x98, 0x1a, 0x06, 0x83, 0xaa, 0x05, 0x41, 0x5c, 0xb1, 0xe4,
  0xd4, 0x74, 0x44, 0x55, 0xf6, 0xfe, 0xeb, 0xba, 0xaa, 0x09, 0x80, 0xc9,
  0x59, 0xd8, 0xe0, 0x8f, 0x32, 0xc2, 0x1a, 0x11, 0x43, 0x72, 0xcc, 0xb2,
  0x01, 0x08, 0x0e, 0x41, 0x89, 0x19, 0x78, 0xf2, 0x84, 0xe4, 0x02, 0x00,
  0xff, 0xf3, 0x48, 0xc4, 0x20, 0x25, 0x64, 0x16, 0x50, 0x01, 0x99, 0x88,
  0x00, 0x58, 0xe2, 0xcb, 0xad, 0xf1, 0x01, 0xc4, 0x9c, 0x5c, 0x03, 0xb3,
  0xff, 0x26, 0xdc, 0xe8, 0xd6, 0x0f, 0x53, 0xff, 0xc0, 0x0d, 0x89, 0xa8,
  0xb8, 0x07, 0x00, 0x84, 0x61, 0xd3, 0xff, 0xfe, 0x2e, 0x02, 0x71, 0x11,
  0x1e, 0x0c, 0xa0, 0xc8, 0x17, 0xff, 0xff, 0xf3, 0x85, 0xc2, 0x3c, 0x50,
  0x65, 0x71, 0x5a, 0x0f, 0x04, 0x1c, 0xb9, 0xff, 0xff, 0xfe, 0x45, 0x0d,
  0x05, 0xc6, 0x5f, 0x37, 0x48, 0xb2, 0x38, 0xc3, 0xa4, 0x14, 0x98, 0xc9,
  0x91, 0x4f, 0xff, 0xff, 0xff, 0xc8, 0xa1, 0x50, 0xb8, 0xa4, 0x08, 0x39,
  0xbc, 0x9c, 0x2e, 0x1a, 0x1b, 0xbc, 0x32, 0xdf, 0xff, 0xff, 0xff, 0xff,
  0xf8, 0xef, 0x40, 0xbe, 0x5f, 0x4c, 0xb8, 0x45, 0x0d, 0x12, 0x22, 0x85,
  0x41, 0x65, 0x93, 0xee, 0x99, 0x36, 0x44, 0xc8, 0x21, 0x38, 0xb5, 0x13,
  0x6d, 0xef, 0xdb, 0xee, 0xcb, 0xe3, 0xb2, 0xde, 0xc4, 0x21, 0x33, 0x59,
  0xff, 0xf3, 0x48, 0xc4, 0x0d, 0x20, 0x4a, 0x06, 0xa4, 0xcb, 0x98, 0x48,
  0x00, 0xc3, 0x09, 0xd0, 0x20, 0xd4, 0x00, 0xff, 0xbf, 0x92, 0xa0, 0x3e,
  0x21, 0xb1, 0x66, 0x99, 0x24, 0x8c, 0x44, 0x8a, 0x39, 0x92, 0x2b, 0x65,
  0x12, 0x89, 0x40, 0x26, 0xb8, 0x6c, 0x73, 0xdb, 0xf8, 0x16, 0xe9, 0x37,
  0xa8, 0x5c, 0x84, 0xc1, 0x57, 0xf7, 0x86, 0xe6, 0xcc, 0x8b, 0x92, 0x4a,
  0x4e, 0xf3, 0x22, 0x36, 0x28, 0x74, 0x6f, 0x17, 0xdf, 0x38, 0x46, 0x72,
  0x94, 0xe3, 0x90, 0xdb, 0x9e, 0xed, 0xd7, 0x9e, 0x37, 0x25, 0x7c, 0xa7,
  0x08, 0xcb, 0xe6, 0x7f, 0x3b, 0x5e, 0x73, 0x6d, 0xaf, 0x0c, 0xf5, 0xfe,
  0xc7, 0xaa, 0x32, 0x1e, 0x2c, 0xd3, 0x82, 0x12, 0x9c, 0x36, 0x87, 0x7c,
  0x81, 0xe4, 0x7b, 0x53, 0x73, 0xed, 0x20, 0xf9, 0xed, 0x64, 0x54, 0xf2,
  0xb4, 0x7a, 0xa7, 0x8f, 0x8c, 0x67, 0xa7, 0x88, 0xcb, 0xaa, 0xf0, 0x96,
  0x93, 0x8d, 0xfb, 0x92, 0x4f, 0xf1, 0x6f, 0x6f, 0x7b, 0x42, 0x0f, 0xc0,
  0xff, 0xf3, 0x48, 0xc4, 0x0e, 0x1f, 0xdc, 0x02, 0xd5, 0xb7, 0xcf, 0x38,
  0x03, 0x32, 0x8a, 0xea, 0x35, 0x96, 0xb5, 0xcc, 0x90, 0x9a, 0x97, 0x40,
  0xb3, 0x0f, 0x1a, 0xa5, 0x5f, 0x34, 0xd1, 0xd0, 0x7a, 0x00, 0xc5, 0x19,
  0x92, 0x6c, 0x70, 0xa1, 0xa0, 0xb8, 0x6c, 0x77, 0xf6, 0x41, 0xb1, 0x2a,
  0x1c, 0xa7, 0x35, 0x10, 0xab, 0x5e, 0xda, 0x24, 0xea, 0x3d, 0xcd, 0xd6,
  0xcf, 0xfa, 0xea, 0x77, 0x38, 0xed, 0xcf, 0x34, 0x4c, 0x37, 0x9a, 0xe8,
  0xf3, 0xcf, 0x72, 0x84, 0x51, 0x1d, 0xf7, 0xd5, 0x1f, 0xd9, 0x68, 0x71,
  0x84, 0xb9, 0xb9, 0xc9, 0x30, 0xb9, 0x6b, 0xb2, 0xe9, 0x53, 0x8e, 0xff,
  0x45, 0x1e, 0xd6, 0xfe, 0xa3, 0xcb, 0xfa, 0x29, 0xa9, 0xfa, 0x3d, 0xb6,
  0xb1, 0xf6, 0xdd, 0xb4, 0x54, 0x20, 0xcd, 0x4d, 0x8e, 0x57, 0x75, 0x35,
  0x33, 0xb3, 0x88, 0x97, 0x34, 0x1b, 0xb5, 0xb4, 0x86, 0x93, 0x97, 0x59,
  0x75, 0xb7, 0x5b, 0x1f, 0x5f, 0x5b, 0x9b, 0x0b, 0xcf, 0x5a, 0xc1, 0xfc,
  0xff, 0xf3, 0x48, 0xc4, 0x11, 0x1c, 0xf2, 0xb2, 0xde, 0x5e, 0x79, 0x8b,
  0x4a, 0x95, 0x6f, 0x50, 0xd6, 0xbf, 0xeb, 0xc3, 0x76, 0x9d, 0x50, 0xe3,
  0x78, 0xaf, 0xd4, 0x37, 0x3a, 0x4e, 0xf6, 0x9f, 0x35, 0xac, 0x34, 0x59,
  0x8e, 0x84, 0xc4, 0x7b, 0x17, 0xfe, 0xfc, 0x1c, 0xa2, 0x30, 0x49, 0x79,
  0xde, 0xa0, 0x41, 0x19, 0xf5, 0x5e, 0x99, 0xec, 0xc4, 0xf3, 0xb4, 0xfd,
  0xe7, 0x81, 0xc5, 0x45, 0xa8, 0xc9, 0x65, 0xb2, 0xfd, 0xbf, 0xd4, 0xa8,
  0x65, 0x6e, 0x67, 0x28, 0x74, 0x54, 0xc4, 0x37, 0xf5, 0x6f, 0xff, 0xfd,
  0x56, 0x8b, 0xec, 0xc8, 0xc2, 0xe2, 0x41, 0xd1, 0x13, 0x8b, 0x0c, 0x97,
  0x4b, 0x7f, 0x5f, 0xf9, 0x1e, 0x57, 0x79, 0xd0, 0x49, 0x9d, 0xba, 0x14,
  0xa0, 0x74, 0xf0, 0x95, 0xfc, 0x65, 0x1b, 0x91, 0xcb, 0xbd, 0xda, 0x77,
  0xff, 0xf5, 0xb8, 0x92, 0xf9, 0x08, 0x00, 0x5c, 0xa2, 0xd9, 0x8a, 0xe5,
  0xff, 0xfb, 0xca, 0x36, 0xe1, 0xbb, 0xd7, 0xea, 0xe7, 0x99, 0x06, 0xe1,
  0xff, 0xf3, 0x48, 0xc4, 0x20, 0x1c, 0x1a, 0xaa, 0xcd, 0xbe, 0xc2, 0x06,
  0xda, 0x18, 0x6a, 0xff, 0xf7, 0x73, 0xc5, 0x03, 0xeb, 0xaf, 0x92, 0xc5,
  0xcf, 0x30, 0x59, 0xbf, 0xe6, 0x58, 0xd1, 0x60, 0xf8, 0xde, 0x22, 0x92,
  0x4a, 0xff, 0xe9, 0x28, 0xb1, 0x84, 0x0b, 0x37, 0x4b, 0x4c, 0x9b, 0xb7,
  0xcf, 0xf8, 0xf6, 0xf5, 0xc8, 0x58, 0x47, 0x55, 0x2f, 0xfe, 0x52, 0x90,
  0xe9, 0xf3, 0xf7, 0x3e, 0x5e, 0xcb, 0xff, 0xff, 0xd8, 0x4c, 0xdd, 0xc9,
  0xd1, 0x40, 0x8d, 0xa1, 0xd1, 0x0b, 0x03, 0xe0, 0x44, 0xa4, 0x5c, 0xc2,
  0x22, 0xae, 0xff, 0xf7, 0xe1, 0x2f, 0xfd, 0x11, 0x2d, 0x0a, 0x5a, 0xbf,
  0x13, 0x27, 0xff, 0xf3, 0xd5, 0xb6, 0xb0, 0xd2, 0x8c, 0x78, 0xc0, 0xe4,
  0x18, 0x4c, 0x68, 0x0e, 0x3d, 0xaa, 0x4b, 0xce, 0x9b, 0xb4, 0x04, 0x06,
  0x48, 0x66, 0x25, 0x9e, 0xe7, 0x32, 0x81, 0x80, 0x7c, 0x11, 0xb9, 0xe5,
  0x41, 0x02, 0x08, 0xb9, 0x02, 0x59, 0xfd, 0x7a, 0x4c, 0x77, 0x95, 0xed,
  0xff, 0xf3, 0x48, 0xc4, 0x32, 0x1c, 0xe9, 0x0e, 0x9c, 0x36, 0xda, 0x46,
  0xc8, 0x73, 0xeb, 0x08, 0x12, 0x30, 0x43, 0x12, 0x1a, 0x26, 0x69, 0x82,
  0xe4, 0xd8, 0x2d, 0x1a, 0xe0, 0x70, 0xe1, 0x70, 0x7d, 0xfa, 0xaa, 0x2e,
  0x08, 0x6a, 0x38, 0x5c, 0x3f, 0x07, 0xde, 0x51, 0xc4, 0x0a, 0x5b, 0xf1,
  0xce, 0xa5, 0x0d, 0x5e, 0x4f, 0x73, 0x99, 0x08, 0x30, 0x20, 0x08, 0x2c,
  0x1f, 0x3e, 0xb0, 0xfc, 0x40, 0xfe, 0x24, 0x89, 0xc3, 0xe5, 0x01, 0xf1,
  0xc1, 0x83, 0x85, 0x3f, 0x2f, 0xbc, 0x75, 0x80, 0x14, 0xff, 0xfb, 0xc8,
  0x52, 0xa8, 0x04, 0x0b, 0x53, 0x28, 0x8d, 0x7d, 0x36, 0x32, 0xb4, 0xb4,
  0x32, 0x8e, 0x0a, 0x86, 0xaf, 0xe1, 0xda, 0x7c, 0x7e, 0xe3, 0xe8, 0xed,
  0xdc, 0x6b, 0xa3, 0x87, 0xc3, 0xe3, 0xbd, 0x88, 0xca, 0x9d, 0x55, 0x4f,
  0x77, 0x14, 0x22, 0x80, 0x63, 0xc3, 0x05, 0x95, 0x5e, 0xa7, 0x45, 0xff,
  0xfe, 0x8f, 0x5f, 0x97, 0xf6, 0xf5, 0x39, 0xc4, 0xc7, 0x90, 0x78, 0xab,
  0xff, 0xf3, 0x48, 0xc4, 0x41, 0x1c, 0x0a, 0x6e, 0xb4, 0x54, 0x0e, 0x4a,
  0x34, 0xae, 0x74, 0x56, 0xe9, 0x65, 0xff, 0xfd, 0xab, 0xe4, 0xb9, 0x06,
  0x38, 0xc0, 0xc4, 0x5d, 0xde, 0x3a, 0x8a, 0xab, 0x1e, 0x51, 0x65, 0x43,
  0xc7, 0x83, 0x47, 0x03, 0xa7, 0x81, 0xac, 0x4b, 0x00, 0x9d, 0x14, 0x06,
  0x84, 0x42, 0x2d, 0xb7, 0x2d, 0xf7, 0x17, 0x1c, 0x28, 0x65, 0x25, 0x0a,
  0xaa, 0x08, 0xd4, 0x92, 0x92, 0x3b, 0xed, 0xb6, 0xd7, 0xff, 0xff, 0xf8,
  0x4d, 0xa1, 0x9a, 0x34, 0x8d, 0x09, 0x8a, 0x46, 0x3f, 0x63, 0x21, 0x35,
  0xa9, 0x95, 0x38, 0xce, 0x45, 0xfd, 0x0c, 0x01, 0xa3, 0x5b, 0x44, 0x88,
  0x08, 0x00, 0x29, 0x14, 0xd8, 0x40, 0x6e, 0x99, 0x1e, 0xc9, 0xa4, 0xc9,
  0xa1, 0x50, 0x55, 0x25, 0xa5, 0xb5, 0xb5, 0x69, 0x22, 0x68, 0x04, 0x82,
  0xa5, 0x0a, 0x34, 0xac, 0x97, 0x01, 0x51, 0x28, 0x65, 0x2a, 0x18, 0xa6,
  0x75, 0xff, 0x54, 0x96, 0x86, 0xe9, 0x29, 0x4a, 0x02, 0x08, 0x38, 0x41,
  0xff, 0xf3, 0x48, 0xc4, 0x53, 0x1d, 0x42, 0x72, 0xda, 0x5e, 0xc2, 0x44,
  0xb6, 0xc0, 0x44, 0x94, 0xa5, 0x56, 0x37, 0xa7, 0xff, 0xff, 0xb3, 0x16,
  0xc6, 0x89, 0xb0, 0x52, 0xa0, 0xd1, 0xdf, 0x54, 0xac, 0x89, 0x50, 0xc9,
  0x22, 0xd1, 0x10, 0x97, 0x95, 0x77, 0xff, 0xfe, 0xf6, 0xb7, 0xeb, 0x40,
  0x2a, 0x5a, 0xf5, 0xe1, 0x7e, 0xb3, 0xa4, 0x86, 0xda, 0xc1, 0x85, 0xc3,
  0x98, 0xd0, 0xb8, 0x08, 0x75, 0xef, 0x67, 0x2f, 0x64, 0xe0, 0x24, 0x34,
  0xcb, 0x08, 0xcc, 0x58, 0x7c, 0x98, 0x52, 0x16, 0x9c, 0xa4, 0x15, 0x87,
  0xa6, 0x2c, 0x19, 0x7c, 0x8d, 0x07, 0xe2, 0x4b, 0xad, 0x7d, 0x58, 0x48,
  0xe2, 0xe5, 0xdf, 0xb4, 0xab, 0x4d, 0xb3, 0x04, 0x88, 0x56, 0xa9, 0x11,
  0x50, 0xeb, 0x0f, 0x32, 0xb5, 0xe8, 0x4a, 0xe7, 0x43, 0xce, 0x79, 0x94,
  0xcb, 0x46, 0x5e, 0xbf, 0x66, 0xfe, 0xe6, 0x7c, 0xbf, 0xef, 0x97, 0xf2,
  0xfe, 0xbb, 0x55, 0xd5, 0x0d, 0x95, 0x83, 0x09, 0x61, 0xd0, 0xd0, 0x77,
  0xff, 0xf3, 0x48, 0xc4, 0x61, 0x1c, 0xfa, 0x6a, 0x88, 0xde, 0xdb, 0x04,
  0xb0, 0x51, 0x51, 0x04, 0x12, 0x3b, 0x0f, 0x07, 0x45, 0xa9, 0xec, 0xff,
  0xff, 0xfd, 0xee, 0x88, 0x84, 0x40, 0xac, 0x45, 0x60, 0x44, 0xda, 0xfb,
  0xf4, 0xff, 0xff, 0xde, 0x60, 0xc6, 0x4e, 0xee, 0x0e, 0x63, 0x02, 0x0b,
  0x75, 0xe7, 0x2b, 0xb4, 0x92, 0x24, 0x0c, 0xf6, 0xcd, 0x52, 0x55, 0x18,
  0x0e, 0x3e, 0x29, 0x25, 0x44, 0x63, 0xa9, 0x15, 0x9e, 0x78, 0x9c, 0x83,
  0x2a, 0x33, 0x5e, 0x48, 0x15, 0x00, 0xe0, 0x6c, 0x9f, 0x7e, 0x7a, 0x88,
  0x4e, 0x7f, 0xf9, 0xa2, 0x8e, 0x49, 0x74, 0xd8, 0xd4, 0xad, 0x83, 0xcf,
  0x6f, 0x3d, 0x38, 0xe5, 0x17, 0x32, 0xbc, 0x8b, 0x91, 0x7d, 0xae, 0x61,
  0xc5, 0xc4, 0xe9, 0xee, 0xef, 0xfe, 0xb3, 0xef, 0x07, 0xc0, 0x83, 0x6a,
  0x71, 0x30, 0xc0, 0xbb, 0xd6, 0x0f, 0x8e, 0x10, 0x38, 0x57, 0x67, 0xfe,
  0xfa, 0xa6, 0x52, 0xff, 0x52, 0xcf, 0x90, 0x2e, 0x20, 0x72, 0x4c, 0x43,
  0xff, 0xf3, 0x48, 0xc4, 0x70, 0x1c, 0x89, 0xbe, 0x9c, 0x5e, 0xca, 0x46,
  0xb0, 0xe2, 0x05, 0x2a, 0x80, 0x0a, 0xaa, 0xa7, 0xc0, 0x3b, 0x01, 0x72,
  0x47, 0x65, 0xba, 0x01, 0x27, 0xb7, 0x66, 0xa3, 0x3a, 0x91, 0x0c, 0x02,
  0x12, 0x47, 0x04, 0xc4, 0x67, 0x7e, 0x60, 0xf0, 0x6b, 0x69, 0xa9, 0x79,
  0x50, 0xc6, 0xa8, 0xa9, 0x4c, 0x67, 0x94, 0xac, 0x67, 0x47, 0xcc, 0x61,
  0x11, 0x81, 0xf1, 0xe2, 0xa6, 0xcc, 0xce, 0xcd, 0xd1, 0x9f, 0xf0, 0xe2,
  0x9e, 0xad, 0x51, 0x70, 0x10, 0x00, 0x04, 0x53, 0x9d, 0x14, 0x40, 0x50,
  0x84, 0x53, 0x14, 0x78, 0x7c, 0xc1, 0xc1, 0x46, 0x5f, 0xfd, 0x17, 0xfe,
  0x9f, 0x5a, 0x13, 0xe6, 0x71, 0x01, 0x40, 0x41, 0x69, 0x0b, 0x06, 0x20,
  0x78, 0x40, 0x13, 0x13, 0x8e, 0x10, 0x3a, 0xa7, 0x7f, 0xff, 0xf0, 0xc4,
  0x40, 0x91, 0x01, 0x32, 0x61, 0x30, 0xf9, 0x7b, 0x04, 0xec, 0x79, 0xfa,
  0x6a, 0xed, 0x33, 0x6e, 0xb8, 0x87, 0xa0, 0x99, 0x70, 0x65, 0xc0, 0x54,
  0xff, 0xf3, 0x48, 0xc4, 0x80, 0x1c, 0xe2, 0x72, 0xa4, 0x54, 0x0e, 0x8a,
  0x30, 0xa0, 0xb9, 0x50, 0x5e, 0xea, 0x20, 0x41, 0x8d, 0x85, 0xc6, 0x5e,
  0x7f, 0x31, 0x24, 0x41, 0x17, 0xd8, 0xa2, 0xf7, 0xfd, 0x57, 0xe8, 0x9f,
  0xe7, 0x22, 0xff, 0xfc, 0xc6, 0xff, 0x02, 0xc2, 0xce, 0xf1, 0xea, 0xb4,
  0x12, 0x83, 0x00, 0x9a, 0x70, 0x82, 0x01, 0x01, 0x90, 0x70, 0x38, 0x82,
  0x8b, 0x15, 0x55, 0x15, 0x63, 0x37, 0x1a, 0xa8, 0x21, 0x82, 0x80, 0x07,
  0x1e, 0x99, 0x93, 0x74, 0x29, 0x2e, 0x9d, 0x5c, 0x49, 0x12, 0xf5, 0xfc,
  0x64, 0x2d, 0xd4, 0xd4, 0x39, 0xad, 0x4e, 0xaf, 0xf3, 0x56, 0x89, 0xf6,
  0xaa, 0x83, 0xd0, 0x45, 0x5a, 0xc7, 0x36, 0x0b, 0x02, 0xe7, 0xea, 0xff,
  0xd2, 0x55, 0xe2, 0x4d, 0xcb, 0xde, 0xde, 0xba, 0x00, 0x93, 0x47, 0xa7,
  0xfe, 0x00, 0xdd, 0x79, 0x99, 0x7c, 0xdc, 0x74, 0x04, 0x54, 0x01, 0x62,
  0x84, 0xc8, 0xcb, 0xa5, 0xd8, 0x19, 0x25, 0x4f, 0x90, 0x72, 0x6d, 0x9b,
  0xff, 0xf3, 0x48, 0xc4, 0x8f, 0x1c, 0xa2, 0xce, 0xac, 0x7e, 0x99, 0x50,
  0xf4, 0xde, 0xf7, 0xdc, 0x04, 0xc1, 0xb4, 0xf3, 0xd3, 0x5a, 0x82, 0x8b,
  0x34, 0x99, 0x21, 0x55, 0x9c, 0xee, 0xca, 0xeb, 0x57, 0x59, 0x1c, 0x49,
  0x4f, 0x23, 0xa3, 0x54, 0xbb, 0x23, 0x6b, 0xd7, 0xcb, 0x9f, 0xed, 0xfb,
  0x09, 0x88, 0x31, 0x0e, 0x91, 0x12, 0x08, 0x83, 0x5d, 0xa8, 0xaa, 0x47,
  0x4c, 0xd7, 0x57, 0x0e, 0xbb, 0x74, 0xca, 0xfe, 0x88, 0xb5, 0xfe, 0xfb,
  0xee, 0x8c, 0x1e, 0x69, 0x9d, 0x0a, 0x52, 0x8c, 0x14, 0x1b, 0x8e, 0xeb,
  0x7b, 0xeb, 0x3b, 0xff, 0xb8, 0xdb, 0x54, 0x9d, 0x9a, 0xc0, 0xcf, 0x12,
  0xd8, 0x4e, 0x0a, 0x5f, 0xf4, 0x03, 0xf7, 0xff, 0x35, 0x52, 0xa1, 0xa4,
  0xf4, 0x13, 0xa2, 0x44, 0x5a, 0x0f, 0x52, 0x39, 0x85, 0xb0, 0xe6, 0x34,
  0x8c, 0xa5, 0xca, 0xa9, 0xf3, 0xeb, 0x3e, 0xcd, 0x75, 0x08, 0x4c, 0xe3,
  0x30, 0x10, 0xab, 0xc6, 0x67, 0x0a, 0x46, 0xa7, 0x0f, 0x25, 0x2a, 0x02,
  0xff, 0xf3, 0x48, 0xc4, 0x9f, 0x1c, 0x32, 0xae, 0xad, 0xdc, 0xa3, 0xca,
  0x74, 0x6a, 0xaa, 0xa5, 0x18, 0xff, 0xf8, 0xdf, 0x1b, 0xaa, 0xaa, 0xbc,
  0x6b, 0x57, 0xe3, 0x2f, 0xfe, 0xc7, 0xaa, 0xf8, 0x61, 0x41, 0x85, 0x05,
  0x35, 0xf8, 0xd7, 0x38, 0xc7, 0xb3, 0x51, 0x32, 0x37, 0xdc, 0xd5, 0x75,
  0x5d, 0x40, 0x44, 0xc4, 0xb8, 0x89, 0x41, 0xd8, 0x94, 0x44, 0xa2, 0xae,
  0x8d, 0x75, 0x47, 0x94, 0x1d, 0xc3, 0x7f, 0xff, 0x96, 0x3d, 0xf1, 0x10,
  0x68, 0xb0, 0x88, 0x79, 0xd2, 0x20, 0xab, 0x87, 0x92, 0x02, 0x49, 0x9c,
  0xf2, 0xf1, 0x74, 0xba, 0x6d, 0x6d, 0xd1, 0xd6, 0x6c, 0x21, 0x89, 0x99,
  0x99, 0xc1, 0x51, 0xa1, 0x50, 0x82, 0x4e, 0x12, 0x67, 0x80, 0x40, 0xe6,
  0x10, 0x98, 0x6b, 0x7c, 0x94, 0x97, 0x64, 0x01, 0xba, 0xf5, 0x93, 0xff,
  0xd0, 0xd4, 0x19, 0xd0, 0xa8, 0xb4, 0xaf, 0x1b, 0xbf, 0xdf, 0xe5, 0xbd,
  0x79, 0x4c, 0xa7, 0x4e, 0x56, 0xfa, 0xd4, 0xdb, 0xff, 0x5f, 0x99, 0xcf,
  0xff, 0xf3, 0x48, 0xc4, 0xb1, 0x1c, 0x82, 0x3a, 0x8c, 0x7d, 0x4f, 0x18,
  0x00, 0x4f, 0xf3, 0x94, 0xba, 0x30, 0xbc, 0xbb, 0x84, 0x8e, 0x38, 0xd7,
  0xd6, 0xbd, 0x22, 0x43, 0x2f, 0x8b, 0xb1, 0x37, 0x33, 0x17, 0x24, 0xae,
  0xd9, 0xcc, 0x08, 0xf0, 0x94, 0x15, 0xbd, 0xef, 0xb8, 0xff, 0xc4, 0x7f,
  0x00, 0xeb, 0x4f, 0xbb, 0x80, 0xbb, 0x51, 0xbb, 0xde, 0xfd, 0x22, 0xb8,
  0x31, 0xc7, 0xcf, 0xf5, 0x8d, 0x11, 0xe5, 0x35, 0x12, 0xfe, 0xf1, 0x59,
  0xdc, 0x63, 0x9d, 0x6c, 0x85, 0xf0, 0xe0, 0x61, 0x27, 0x6a, 0xb5, 0x46,
  0xf3, 0xb8, 0x14, 0xb5, 0x2e, 0xeb, 0x1b, 0x93, 0xd2, 0x99, 0xbd, 0xef,
  0xb8, 0xf8, 0xf4, 0xd7, 0xd5, 0xa5, 0x21, 0x07, 0xea, 0x5d, 0xb9, 0x40,
  0xf0, 0x75, 0xcf, 0x31, 0xc7, 0x13, 0x45, 0xc3, 0xde, 0x26, 0x6d, 0x1e,
  0xf8, 0xc7, 0xc6, 0x7e, 0x77, 0xff, 0xff, 0xff, 0xff, 0xff, 0xff, 0xff,
  0xea, 0xc8, 0x95, 0x8f, 0x77, 0x57, 0x8e, 0xe7, 0x55, 0x7d, 0x22, 0x65,
  0xff, 0xf3, 0x48, 0xc4, 0xc2, 0x33, 0xdb, 0xca, 0xe2, 0x5f, 0x8c, 0x79,
  0x23, 0x94, 0xe7, 0x42, 0xde, 0xa1, 0xeb, 0x79, 0x2f, 0xeb, 0x7e, 0x0d,
  0xe0, 0xaa, 0xb5, 0x1a, 0xdb, 0x1c, 0x92, 0xd9, 0x1a, 0xf7, 0xee, 0x16,
  0x0f, 0x06, 0x18, 0x40, 0xfe, 0xd8, 0xd2, 0x94, 0x3f, 0xbb, 0x1a, 0xc9,
  0x4e, 0x30, 0xcf, 0x22, 0x8e, 0x9b, 0x7e, 0x56, 0xeb, 0x2f, 0xda, 0x53,
  0x43, 0xc5, 0xc2, 0xac, 0x3b, 0x6b, 0x25, 0x42, 0x77, 0xd5, 0xc0, 0xcb,
  0x19, 0x4e, 0xad, 0x7e, 0x94, 0x8a, 0x6a, 0xbd, 0xa3, 0x05, 0x10, 0x2d,
  0x5c, 0xd6, 0x97, 0x00, 0x21, 0x64, 0x9e, 0x14, 0x18, 0x9d, 0xde, 0x38,
  0xea, 0x74, 0x79, 0x93, 0xac, 0x56, 0xb7, 0x65, 0x89, 0xed, 0xfc, 0x97,
  0xe9, 0x14, 0x47, 0x8b, 0x96, 0x2f, 0x81, 0xf5, 0x18, 0xc3, 0xb6, 0xa5,
  0xad, 0x5b, 0x7e, 0xed, 0x36, 0x0f, 0xad, 0x2b, 0x68, 0x5e, 0x6c, 0xf1,
  0x05, 0x6a, 0x52, 0xb7, 0x69, 0x60, 0xcc, 0xbc, 0xbd, 0xe7, 0x9d, 0x43,
  0xff, 0xf3, 0x48, 0xc4, 0x75, 0x2b, 0xeb, 0xc2, 0xd6, 0x5b, 0xc8, 0x60,
  0x03, 0x62, 0x6a, 0xb5, 0xa7, 0xba, 0x19, 0x7a, 0xf1, 0x4d, 0x2c, 0xd4,
  0x70, 0x4b, 0xd2, 0xf6, 0xf7, 0xcf, 0xf6, 0xbb, 0x35, 0x6a, 0xb3, 0x1e,
  0x47, 0x31, 0x5a, 0xb4, 0x6b, 0xa6, 0x62, 0xbf, 0x6f, 0x5a, 0x76, 0xd5,
  0x99, 0xfc, 0xbe, 0xcf, 0xb2, 0xc5, 0xeb, 0x17, 0xde, 0x0f, 0xb4, 0x2c,
  0x5e, 0x67, 0x3f, 0x25, 0xaf, 0x58, 0x5d, 0xd6, 0xec, 0xd4, 0x1c, 0xa2,
  0x09, 0xbb, 0x46, 0x3d, 0xf8, 0x0f, 0xff, 0xb6, 0x87, 0xe0, 0x10, 0x43,
  0x82, 0x9a, 0x33, 0xc5, 0xd3, 0xab, 0x7d, 0x34, 0x40, 0x93, 0x25, 0x19,
  0x01, 0x03, 0xbf, 0xeb, 0x20, 0xb3, 0x0b, 0xf5, 0x63, 0xbd, 0xfd, 0xdd,
  0x48, 0xc3, 0x38, 0x75, 0x2b, 0xd1, 0xc3, 0x70, 0x87, 0xdd, 0xd7, 0xce,
  0xfb, 0xf0, 0xe0, 0x83, 0x2e, 0xf6, 0x34, 0x84, 0x36, 0xff, 0x8e, 0xc4,
  0x31, 0xae, 0x2b, 0x63, 0xe1, 0x7b, 0x17, 0xb1, 0x89, 0xd3, 0xff, 0xbe,
  0xff, 0xf3, 0x48, 0xc4, 0x48, 0x25, 0x3b, 0xca, 0xb6, 0xd0, 0xd9, 0x85,
  0x1d, 0x5c, 0x8a, 0x39, 0xfe, 0xd7, 0xcc, 0x6f, 0x58, 0xcf, 0x1f, 0xff,
  0x99, 0x77, 0x7e, 0x22, 0x8b, 0xa5, 0xb6, 0x85, 0x12, 0xa9, 0x63, 0xb1,
  0xaf, 0xd3, 0x55, 0x7d, 0xdf, 0xea, 0xad, 0xf7, 0x32, 0x66, 0x69, 0x6e,
  0x18, 0xa1, 0x50, 0xcd, 0x0a, 0x24, 0xbf, 0xd1, 0xd1, 0xca, 0xd9, 0x8c,
  0x69, 0x9e, 0x52, 0xff, 0xd0, 0xd5, 0x65, 0x2f, 0xa6, 0xad, 0xca, 0x53,
  0x3f, 0xeb, 0x59, 0x5a, 0xda, 0x95, 0x0c, 0xe6, 0x7f, 0x29, 0x65, 0x01,
  0x63, 0xba, 0x2a, 0x12, 0x63, 0x77, 0x0b, 0x69, 0x66, 0x8d, 0xdf, 0x9b,
  0x09, 0x4d, 0x1f, 0xff, 0xcc, 0xb2, 0xa2, 0x22, 0xa4, 0x19, 0x8d, 0x18,
  0xa4, 0x6a, 0x99, 0xb2, 0x99, 0x61, 0x51, 0x66, 0x6c, 0x34, 0xb9, 0xfe,
  0x97, 0x44, 0x5f, 0x45, 0xd0, 0xc5, 0xa3, 0x36, 0x6b, 0x41, 0x0a, 0xd8,
  0xc0, 0x56, 0x05, 0xed, 0x9d, 0x78, 0xe9, 0xd9, 0xda, 0x8d, 0x3a, 0xea,
  0xff, 0xf3, 0x48, 0xc4, 0x36, 0x24, 0x39, 0xb6, 0xc6, 0xfe, 0xd1, 0x8b,
  0x64, 0xc2, 0xec, 0x4d, 0xb7, 0x26, 0xac, 0xe9, 0x3b, 0x92, 0xd7, 0x8e,
  0x36, 0xe3, 0xc0, 0x0e, 0xdd, 0x5a, 0xd1, 0x09, 0x5c, 0x15, 0x42, 0xde,
  0x4e, 0x5f, 0x7d, 0x88, 0x38, 0x21, 0xd6, 0x74, 0x42, 0xda, 0x08, 0x94,
  0x8c, 0x6b, 0xbc, 0xee, 0x6c, 0x4f, 0xc5, 0xd1, 0xe9, 0xdc, 0xba, 0xa9,
  0x0a, 0x37, 0x51, 0x70, 0x52, 0x2c, 0xc0, 0xa3, 0x62, 0xd4, 0x31, 0xe1,
  0xd3, 0xa4, 0x92, 0xdb, 0xc3, 0x90, 0xe9, 0x15, 0x2d, 0xbd, 0x6e, 0x2d,
  0x2c, 0xca, 0xc6, 0x0f, 0xc7, 0x13, 0x79, 0xb4, 0x33, 0xfb, 0xb5, 0x6c,
  0x7e, 0xdd, 0x08, 0xa0, 0x7d, 0x8c, 0x38, 0x28, 0x10, 0x00, 0x60, 0x12,
  0xa1, 0x3d, 0x44, 0xa0, 0x59, 0x60, 0x0c, 0xd2, 0xe2, 0xf2, 0xc6, 0x30,
  0xc4, 0xca, 0xfa, 0xec, 0x65, 0xbc, 0xc3, 0x79, 0x3b, 0x9c, 0x27, 0x85,
  0xed, 0x62, 0x3c, 0xcd, 0xea, 0xe1, 0xc0, 0xa2, 0xca, 0x9e, 0x1a, 0x7c,
  0xff, 0xf3, 0x48, 0xc4, 0x28, 0x1d, 0x11, 0x1a, 0xb2, 0x26, 0x8b, 0xcc,
  0x5c, 0x83, 0x93, 0x95, 0x0b, 0x23, 0x66, 0x0b, 0xfa, 0x12, 0xf5, 0xcf,
  0x32, 0x10, 0x6a, 0x5b, 0x02, 0x0e, 0x94, 0x69, 0xc1, 0xe9, 0x48, 0x9e,
  0x44, 0x44, 0x1e, 0x8b, 0x80, 0x01, 0x95, 0x93, 0x5b, 0x02, 0x2a, 0x35,
  0x79, 0x34, 0xa1, 0xa2, 0x89, 0x04, 0x88, 0x04, 0x4f, 0x9a, 0x01, 0xba,
  0x0c, 0x8c, 0x1a, 0x7c, 0xf0, 0x95, 0x95, 0x1a, 0x3a, 0x70, 0x30, 0x3f,
  0xff, 0xfb, 0x1b, 0x49, 0x2a, 0x2e, 0x2f, 0xff, 0xcf, 0x6d, 0xfa, 0xd2,
  0xcd, 0xaa, 0x17, 0x15, 0x42, 0xea, 0xc0, 0x10, 0xa0, 0x11, 0xe9, 0xdf,
  0xaf, 0xa8, 0xf9, 0x15, 0x21, 0x3e, 0x9d, 0x87, 0x1a, 0x27, 0x8c, 0x0b,
  0x86, 0x58, 0xd6, 0xd8, 0x40, 0x89, 0xba, 0x80, 0xe8, 0x0a, 0x86, 0x84,
  0xa2, 0x63, 0x81, 0xa9, 0x8e, 0x20, 0x9e, 0x82, 0xd7, 0x02, 0xd6, 0x87,
  0x73, 0x5e, 0xbe, 0x8b, 0x17, 0x43, 0xe6, 0x99, 0xa4, 0x54, 0xe0, 0x6a,
  0xff, 0xf3, 0x48, 0xc4, 0x36, 0x1d, 0x4a, 0x76, 0xbe, 0x37, 0x49, 0x40,
  0x00, 0x70, 0xe9, 0xf6, 0x74, 0xbb, 0xfa, 0xbf, 0x98, 0xff, 0xae, 0xad,
  0x7e, 0x63, 0xab, 0x89, 0xd0, 0x5c, 0x51, 0xc9, 0xb4, 0xb9, 0x4b, 0x8d,
  0x7e, 0x55, 0x62, 0x7e, 0x3f, 0xfb, 0xbf, 0xea, 0x7d, 0xa4, 0xab, 0x6b,
  0x68, 0xb8, 0xe6, 0x0d, 0xbf, 0x67, 0xfc, 0x4a, 0xe2, 0x47, 0x52, 0xce,
  0x8c, 0xf6, 0x79, 0xf5, 0x47, 0x0b, 0x16, 0x4d, 0xa2, 0xe1, 0x31, 0xa0,
  0xd3, 0x48, 0xfb, 0x09, 0x55, 0x9a, 0x40, 0x0d, 0x56, 0x82, 0x03, 0x76,
  0x15, 0x2f, 0x6c, 0xd4, 0x7f, 0x0b, 0x42, 0x15, 0xd3, 0x2e, 0x6d, 0x9a,
  0x52, 0xe1, 0x0d, 0x12, 0x9a, 0xd2, 0x4d, 0xbd, 0x2d, 0x48, 0x5d, 0x00,
  0xb5, 0x00, 0xb0, 0x27, 0x10, 0xc6, 0xa2, 0x5c, 0xe9, 0xb0, 0x27, 0x82,
  0xf9, 0xa0, 0xfa, 0x05, 0x14, 0x8e, 0x8b, 0xd6, 0x9c, 0xd0, 0xc8, 0xbc,
  0x3b, 0x43, 0x93, 0xf5, 0x4f, 0x24, 0x5c, 0x24, 0x87, 0x68, 0x4d, 0x4d,
  0xff, 0xf3, 0x48, 0xc4, 0x43, 0x27, 0x8b, 0x26, 0x64, 0x35, 0x98, 0x68,
  0x00, 0x87, 0x52, 0x0e, 0x71, 0x14, 0x59, 0x0a, 0x96, 0xa3, 0x44, 0x54,
  0x5e, 0x4a, 0x91, 0x97, 0xf2, 0x81, 0xba, 0x06, 0x67, 0xd0, 0x29, 0x97,
  0x92, 0x62, 0x58, 0x4f, 0x4d, 0xc7, 0xa9, 0xa2, 0x17, 0xd7, 0xaa, 0x48,
  0x1a, 0x29, 0x12, 0x5c, 0x73, 0xba, 0x09, 0x97, 0x9d, 0xd9, 0xdc, 0xcc,
  0xb8, 0x70, 0xdc, 0xba, 0xbe, 0xeb, 0xfe, 0x70, 0x94, 0x25, 0x10, 0x41,
  0x05, 0x35, 0x93, 0x37, 0xad, 0x16, 0xff, 0xff, 0xff, 0xd1, 0x37, 0x25,
  0xe9, 0xa6, 0xa6, 0x63, 0x22, 0x50, 0xa0, 0xa3, 0x42, 0x87, 0x68, 0x93,
  0xb5, 0x1f, 0xfb, 0x5e, 0xe1, 0x01, 0xc4, 0x74, 0x2a, 0x70, 0x7b, 0xf4,
  0x9e, 0xff, 0xbf, 0xbf, 0xfd, 0xef, 0xff, 0xf4, 0x78, 0x14, 0x0e, 0xfe,
  0xff, 0xdb, 0x88, 0x83, 0x80, 0xc3, 0xe8, 0x2f, 0x28, 0x0d, 0x8e, 0xc6,
  0x0e, 0x93, 0xae, 0xbb, 0xa4, 0x8e, 0x9f, 0xa8, 0x5d, 0x16, 0xb1, 0xd0,
  0xff, 0xf3, 0x48, 0xc4, 0x27, 0x25, 0xf3, 0x66, 0xd6, 0x5f, 0x86, 0x58,
  0x01, 0xf4, 0xcf, 0xa6, 0x60, 0x65, 0x53, 0xca, 0x9c, 0xfe, 0x58, 0xff,
  0x87, 0xb9, 0xd5, 0x36, 0xaf, 0xd7, 0x0b, 0x2a, 0xe3, 0x94, 0xea, 0x5a,
  0x66, 0x2e, 0xf9, 0x65, 0xcf, 0xcb, 0x0f, 0xb2, 0x5e, 0x68, 0xe6, 0x3d,
  0xfc, 0xc5, 0xfa, 0x32, 0xf8, 0x6f, 0x93, 0xdf, 0x11, 0xba, 0x65, 0xc7,
  0x26, 0x29, 0x63, 0x78, 0x64, 0x77, 0xf3, 0x7f, 0x73, 0x7f, 0xfd, 0x75,
  0x74, 0xca, 0x61, 0xa2, 0xf3, 0x76, 0x48, 0x38, 0x71, 0x32, 0x78, 0xf8,
  0xd3, 0xe4, 0xcf, 0x9d, 0x8b, 0xba, 0x5a, 0xf8, 0xb8, 0xee, 0x6e, 0x9b,
  0x3f, 0x4c, 0xfb, 0xdd, 0xb1, 0x8f, 0xfd, 0xef, 0x39, 0x36, 0x3b, 0xc9,
  0xf0, 0x7d, 0xe5, 0x91, 0xea, 0xdc, 0xbe, 0x84, 0x4a, 0xc8, 0x15, 0xf9,
  0xbe, 0x74, 0xdf, 0xd7, 0x29, 0x56, 0x77, 0x45, 0x64, 0xb6, 0xf9, 0x19,
  0x17, 0xf8, 0xb1, 0xba, 0x48, 0x81, 0x82, 0x11, 0xa1, 0x6d, 0x43, 0x59,
  0xff, 0xf3, 0x48, 0xc4, 0x12, 0x1d, 0x6a, 0x6a, 0xb2, 0x5b, 0xcf, 0x28,
  0x00, 0xa6, 0xfb, 0xd4, 0x79, 0xa4, 0xb6, 0x71, 0x1a, 0x26, 0x20, 0x5a,
  0x82, 0x06, 0x14, 0x13, 0x39, 0x8e, 0x42, 0x98, 0x69, 0xc4, 0xd4, 0xea,
  0x42, 0x93, 0x2b, 0x05, 0x88, 0x07, 0xd9, 0x86, 0x32, 0xba, 0x5d, 0xa2,
  0x4a, 0x30, 0xa2, 0x41, 0xd5, 0x46, 0x20, 0x8a, 0xad, 0x55, 0x8c, 0x65,
  0xee, 0x5b, 0x4d, 0xd0, 0x49, 0xf9, 0x65, 0x2c, 0xb9, 0x9f, 0xff, 0xa6,
  0xbf, 0xa1, 0x94, 0x44, 0xa5, 0x2a, 0x3c, 0x48, 0x57, 0x43, 0x39, 0x62,
  0x45, 0x3a, 0x0d, 0x03, 0x41, 0xd8, 0x34, 0x7b, 0x95, 0x3b, 0xf1, 0x30,
  0x74, 0x15, 0x6e, 0x55, 0xd5, 0x3f, 0x11, 0x65, 0x80, 0xa7, 0x73, 0xb1,
  0x2f, 0x70, 0x6b, 0xe0, 0xad, 0x91, 0x11, 0x1a, 0x4a, 0x5f, 0xfd, 0xfa,
  0xff, 0x79, 0xf5, 0x5a, 0x40, 0x54, 0xd0, 0xb4, 0x04, 0xd0, 0x29, 0x62,
  0xe4, 0x77, 0x6b, 0x4f, 0x83, 0x0a, 0x35, 0x82, 0x87, 0x75, 0xfd, 0xc3,
  0xff, 0xf3, 0x48, 0xc4, 0x1f, 0x1b, 0xb1, 0xf6, 0x9d, 0xbe, 0xc9, 0x84,
  0xdc, 0x01, 0x21, 0xe7, 0xbd, 0x68, 0xa0, 0x04, 0xe7, 0x6a, 0xce, 0xd5,
  0x55, 0x4d, 0x4c, 0xda, 0xe9, 0xb2, 0x8f, 0xd7, 0x78, 0xfb, 0xad, 0xf2,
  0x77, 0x99, 0xfe, 0x77, 0x66, 0x3c, 0xfb, 0x7f, 0x28, 0xd3, 0x36, 0x4f,
  0x72, 0xd3, 0x20, 0xa1, 0xae, 0xde, 0xb7, 0x32, 0x52, 0x96, 0xac, 0x6e,
  0xf7, 0xf7, 0xa4, 0xa2, 0x7f, 0xc3, 0x53, 0xde, 0x22, 0x51, 0xed, 0x47,
  0xc1, 0xb0, 0x90, 0xb0, 0x6a, 0x74, 0x08, 0x1a, 0x7a, 0x87, 0xeb, 0x0d,
  0x7f, 0xfe, 0x28, 0x6c, 0xe7, 0xef, 0x0a, 0x32, 0x4d, 0x10, 0x31, 0x98,
  0xff, 0xf2, 0xdd, 0x24, 0x04, 0x89, 0x26, 0x45, 0xc6, 0x66, 0xe3, 0x26,
  0x80, 0x8a, 0x61, 0x08, 0x86, 0x21, 0x04, 0xa6, 0x01, 0x27, 0x32, 0xc7,
  0x08, 0x1d, 0xf8, 0x72, 0x25, 0x93, 0x0d, 0xd2, 0x45, 0x32, 0xff, 0xe4,
  0x4d, 0x36, 0x92, 0x08, 0x3b, 0x46, 0xd2, 0x40, 0x02, 0x18, 0xfb, 0xb2,
  0xff, 0xf3, 0x48, 0xc4, 0x33, 0x1d, 0x0a, 0x3e, 0x94, 0x34, 0xde, 0x4c,
  0x50, 0x41, 0x07, 0x77, 0x4e, 0xd2, 0x88, 0x83, 0x08, 0x20, 0x82, 0x11,
  0x77, 0xbd, 0xb5, 0xee, 0xf3, 0xb4, 0x47, 0xbb, 0x62, 0x7b, 0x12, 0x9b,
  0x7f, 0x0b, 0xa2, 0xd3, 0xdf, 0x04, 0x14, 0x66, 0x5d, 0xde, 0xb1, 0x0c,
  0x21, 0x29, 0xff, 0xfb, 0xee, 0xb4, 0xef, 0xc8, 0x7d, 0xbd, 0xbd, 0xf1,
  0x97, 0xef, 0x7c, 0x46, 0x1e, 0xc6, 0x3f, 0xf9, 0x4b, 0x42, 0x32, 0x7d,
  0xdf, 0xff, 0xff, 0xd3, 0x5f, 0xf5, 0xaa, 0x42, 0x80, 0xb6, 0xdb, 0x6b,
  0xf5, 0xb1, 0x78, 0x34, 0x50, 0x3c, 0x58, 0x09, 0x1c, 0x9a, 0x22, 0xc4,
  0xf3, 0xa4, 0x53, 0x0f, 0x84, 0x3e, 0xe4, 0x41, 0x14, 0x92, 0x4a, 0x43,
  0x45, 0x98, 0x68, 0x9f, 0xac, 0xf1, 0x5e, 0x87, 0xac, 0xc1, 0x6f, 0xa5,
  0xff, 0xff, 0xfd, 0xad, 0x59, 0x6a, 0x38, 0x9b, 0xae, 0x3d, 0x45, 0xc7,
  0x42, 0x91, 0xa8, 0x7c, 0x65, 0xac, 0x5c, 0xbc, 0xc0, 0xcc, 0xa9, 0x11,
  0xff, 0xf3, 0x48, 0xc4, 0x41, 0x26, 0x43, 0x0e, 0xb8, 0x5e, 0x9b, 0x07,
  0x90, 0xf9, 0x6e, 0x17, 0x92, 0x9e, 0x27, 0x69, 0x21, 0x73, 0xcb, 0xa7,
  0xc0, 0xd4, 0x4e, 0xbb, 0x11, 0x2f, 0x6c, 0xe2, 0x22, 0x70, 0xc4, 0x77,
  0x1c, 0x04, 0x85, 0x10, 0x9d, 0x41, 0x5c, 0x62, 0x97, 0x86, 0x96, 0x8e,
  0x9f, 0x66, 0x22, 0x58, 0x74, 0x72, 0xcc, 0x15, 0xfb, 0xea, 0xf5, 0xf6,
  0xcd, 0x7e, 0x07, 0x1c, 0xcd, 0xf9, 0xa4, 0xcc, 0xcd, 0x23, 0xcd, 0x88,
  0xb2, 0x3e, 0x47, 0xad, 0x65, 0xcf, 0x4d, 0x42, 0x06, 0xca, 0x0d, 0x3f,
  0xf5, 0x53, 0x81, 0x07, 0x1c, 0x58, 0x54, 0xda, 0x9a, 0x2a, 0x41, 0x43,
  0x18, 0x5d, 0x81, 0x73, 0x69, 0x41, 0x18, 0xcc, 0x88, 0xbf, 0xcb, 0xff,
  0xfe, 0xae, 0xca, 0x08, 0xa0, 0x2d, 0x1c, 0xf0, 0xaf, 0x8d, 0x5b, 0x92,
  0x42, 0x52, 0xf2, 0xf8, 0xfe, 0x58, 0x48, 0x23, 0x79, 0x55, 0x7c, 0x78,
  0x58, 0x6b, 0x2c, 0x31, 0x73, 0xff, 0x30, 0xae, 0x99, 0x50, 0x8e, 0x89,
  0xff, 0xf3, 0x48, 0xc4, 0x2b, 0x1c, 0x92, 0x8e, 0xc1, 0x1c, 0x78, 0x97,
  0x2e, 0xf7, 0x7f, 0x55, 0x75, 0xf4, 0x57, 0x01, 0x4d, 0x39, 0x60, 0xdc,
  0xbb, 0x7a, 0xfd, 0xda, 0x57, 0xfe, 0xd8, 0x36, 0x7b, 0x22, 0xe9, 0xd0,
  0x6e, 0x08, 0xa1, 0x90, 0xfe, 0x6e, 0x4d, 0x85, 0x47, 0x69, 0xd1, 0xe4,
  0xc9, 0x7b, 0xaf, 0xed, 0x43, 0x6e, 0x7d, 0xb4, 0xe9, 0x35, 0xae, 0xe3,
  0x6a, 0x27, 0x07, 0x73, 0x9b, 0x4d, 0x6f, 0x66, 0xab, 0x2f, 0x0c, 0x8c,
  0x4e, 0x47, 0xd4, 0xf4, 0x16, 0x79, 0xdf, 0xff, 0xfe, 0x74, 0x97, 0xe5,
  0x6a, 0x02, 0x0b, 0x2d, 0x9b, 0x22, 0x5b, 0xf6, 0xff, 0xff, 0xfd, 0x4a,
  0x16, 0xe4, 0x69, 0xac, 0xac, 0x64, 0x73, 0x79, 0xe9, 0x2c, 0xdf, 0x70,
  0x04, 0x00, 0x90, 0x85, 0x2d, 0x9a, 0x63, 0xff, 0x95, 0x49, 0x44, 0xa1,
  0x48, 0x45, 0xae, 0xe1, 0x58, 0x46, 0x2f, 0x05, 0xb2, 0x7f, 0xae, 0x2b,
  0x49, 0x14, 0xbd, 0x5a, 0x35, 0xcf, 0x86, 0x63, 0x9b, 0xff, 0xa6, 0xad,
  0xff, 0xf3, 0x48, 0xc4, 0x3b, 0x1c, 0x82, 0xb2, 0xad, 0xbe, 0xd2, 0x44,
  0xec, 0x41, 0x02, 0xc4, 0x9a, 0xba, 0x31, 0xe4, 0x9d, 0x90, 0x9f, 0x43,
  0x9c, 0xff, 0x3b, 0x7d, 0x4e, 0x72, 0x79, 0xce, 0x7f, 0xa1, 0x1b, 0xff,
  0xff, 0xc8, 0xa7, 0xdf, 0x9c, 0xe8, 0x49, 0xde, 0xe9, 0x66, 0xb1, 0x23,
  0x9d, 0x49, 0x8b, 0x6f, 0x48, 0x8e, 0x16, 0xb3, 0xff, 0xf2, 0x86, 0x52,
  0x28, 0xdf, 0xac, 0x3e, 0x2e, 0xa5, 0x83, 0x8b, 0x3c, 0x27, 0x9e, 0x12,
  0xb1, 0x80, 0x86, 0xaa, 0x11, 0xd7, 0x50, 0xab, 0x1a, 0x9b, 0xc3, 0x2c,
  0x7d, 0x4c, 0x09, 0x13, 0x22, 0x20, 0x0c, 0x05, 0xec, 0xa9, 0x1a, 0xec,
  0xc4, 0xeb, 0xae, 0xee, 0xce, 0xfe, 0xb5, 0x52, 0xc5, 0x7a, 0x52, 0xe7,
  0x71, 0x01, 0xad, 0x6c, 0xe6, 0x2a, 0x3f, 0xff, 0xff, 0xff, 0xff, 0xf4,
  0x66, 0x92, 0xc1, 0xe0, 0xe8, 0x60, 0x70, 0x26, 0x0c, 0x0a, 0x07, 0x13,
  0x3b, 0x31, 0x34, 0x65, 0x16, 0x33, 0x8d, 0x32, 0x87, 0x0c, 0x26, 0x26,
  0xff, 0xf3, 0x48, 0xc4, 0x4c, 0x1b, 0xe2, 0x72, 0xa0, 0x2a, 0x06, 0x8a,
  0x1c, 0x50, 0xf9, 0x59, 0xd4, 0x8d, 0x6a, 0x55, 0x8a, 0xed, 0xd7, 0xe5,
  0x94, 0xc3, 0x0d, 0x8b, 0x08, 0x57, 0xff, 0xff, 0xad, 0xff, 0xdd, 0x70,
  0xfb, 0xea, 0x02, 0x0b, 0x46, 0x91, 0x73, 0x8e, 0x05, 0x8b, 0xb0, 0x71,
  0x3a, 0x04, 0x07, 0x27, 0xcc, 0x04, 0xaa, 0x7f, 0xff, 0xf1, 0xc5, 0xc8,
  0x61, 0x5c, 0x56, 0x9b, 0x16, 0xb3, 0x23, 0x6b, 0xea, 0x56, 0x64, 0xa2,
  0x51, 0x22, 0x56, 0xc0, 0x9a, 0x9a, 0x4e, 0x0d, 0x22, 0xdc, 0xfc, 0xa2,
  0x38, 0xcb, 0x7a, 0x8c, 0xa2, 0x8a, 0xb9, 0xae, 0x0a, 0x89, 0x13, 0xa1,
  0x38, 0xd2, 0x74, 0x46, 0x91, 0x11, 0x37, 0xed, 0xae, 0x6f, 0x9a, 0x17,
  0xf1, 0x0a, 0xa7, 0xdf, 0x42, 0x7f, 0x32, 0x5a, 0x8e, 0x09, 0x70, 0xc2,
  0x85, 0x67, 0x73, 0x2b, 0xff, 0x64, 0xa9, 0xeb, 0x41, 0x0e, 0xd0, 0xed,
  0x34, 0x12, 0x68, 0xe9, 0xe5, 0x34, 0x15, 0x0e, 0x80, 0x8f, 0x7b, 0x1c,
  0xff, 0xf3, 0x48, 0xc4, 0x5f, 0x1c, 0x01, 0xfa, 0xa9, 0x1e, 0xca, 0x46,
  0xac, 0x4a, 0xaf, 0xf7, 0xaf, 0xff, 0xbb, 0xeb, 0x78, 0x34, 0x24, 0x58,
  0x05, 0x42, 0x66, 0x4d, 0x1d, 0x91, 0x17, 0xa2, 0x41, 0x4b, 0xf6, 0xff,
  0xed, 0x02, 0x73, 0x26, 0xb0, 0x8d, 0x07, 0x35, 0x2b, 0xe4, 0xf5, 0x41,
  0x54, 0xee, 0x2e, 0x30, 0xa2, 0x4d, 0xc3, 0x7b, 0x22, 0x32, 0xda, 0xd6,
  0xa9, 0xb3, 0xa5, 0xb3, 0x56, 0x97, 0x16, 0x66, 0xaa, 0x50, 0xc2, 0x9b,
  0x01, 0x01, 0x1a, 0xfa, 0xb0, 0x66, 0x35, 0xfe, 0x13, 0x31, 0xd5, 0x55,
  0x5e, 0x37, 0xec, 0xcd, 0xff, 0x78, 0xcd, 0xb3, 0x75, 0x49, 0x8f, 0xd7,
  0x3b, 0xfe, 0x51, 0x99, 0xaa, 0x89, 0x52, 0x3b, 0xe6, 0xb3, 0xff, 0x6a,
  0x5f, 0xdf, 0xfa, 0xbf, 0xf1, 0x8e, 0x97, 0xa8, 0x08, 0x90, 0x42, 0x95,
  0xa1, 0xa9, 0x7f, 0xff, 0xff, 0xc0, 0xc3, 0x4b, 0x4b, 0x3d, 0x2f, 0xff,
  0xff, 0x59, 0xdf, 0xc3, 0x71, 0x18, 0x48, 0x4a, 0x15, 0x22, 0x75, 0xe2,
  0xff, 0xf3, 0x48, 0xc4, 0x72, 0x1d, 0x2a, 0xae, 0x8c, 0x5f, 0x58, 0x18,
  0x00, 0x10, 0x48, 0x95, 0x41, 0x10, 0x90, 0x62, 0x8d, 0x46, 0xa5, 0x32,
  0xe0, 0x01, 0x07, 0x67, 0x83, 0x6c, 0xa7, 0xf9, 0x78, 0xd4, 0xa1, 0x9c,
  0x84, 0xb2, 0x1c, 0x7c, 0x0a, 0xd3, 0xe3, 0x60, 0x28, 0xcc, 0x82, 0x8d,
  0x93, 0x32, 0x22, 0x66, 0x08, 0x01, 0x69, 0x62, 0x51, 0x00, 0x60, 0xf4,
  0xd3, 0x40, 0xd1, 0xd0, 0x40, 0x02, 0x90, 0x0e, 0x10, 0xf9, 0xc4, 0xf2,
  0xcf, 0x79, 0x99, 0xb9, 0xba, 0x10, 0xe4, 0x80, 0xc7, 0x04, 0x03, 0x52,
  0x24, 0x3a, 0x20, 0xb2, 0x8f, 0x52, 0xf7, 0x3e, 0x84, 0x2e, 0x18, 0x0c,
  0x91, 0xe0, 0x33, 0x80, 0x80, 0x60, 0x98, 0xe7, 0x90, 0x7b, 0xdd, 0xbd,
  0xaa, 0x41, 0x80, 0x08, 0x20, 0x37, 0x30, 0x9d, 0x00, 0xa1, 0x03, 0x84,
  0x32, 0xd8, 0x0a, 0x28, 0xff, 0xd0, 0x6f, 0xb8, 0x0b, 0x81, 0x00, 0xe1,
  0x60, 0x34, 0x24, 0x0c, 0x89, 0x30, 0x1a, 0x1e, 0x17, 0x38, 0x16, 0x80,
  0xff, 0xf3, 0x48, 0xc4, 0x80, 0x33, 0xcc, 0x16, 0x54, 0x15, 0x99, 0xa0,
  0x00, 0x17, 0x50, 0x00, 0xc2, 0xff, 0xfb, 0x6f, 0xff, 0x19, 0x33, 0x01,
  0x66, 0x07, 0xc0, 0x29, 0x41, 0x71, 0x9b, 0x1a, 0x08, 0x48, 0x25, 0x02,
  0xa1, 0xdf, 0xfd, 0x7f, 0xb7, 0xfb, 0xee, 0x40, 0xc7, 0x18, 0xc8, 0x22,
  0x99, 0xa9, 0x17, 0x3e, 0x4f, 0x9c, 0x27, 0x05, 0x2e, 0x92, 0x04, 0x65,
  0xba, 0xbf, 0xff, 0xff, 0xed, 0x64, 0x16, 0xfc, 0x42, 0x83, 0x20, 0x5b,
  0x34, 0x92, 0x6c, 0x5f, 0x1b, 0x03, 0x9e, 0x6e, 0x39, 0x62, 0x83, 0x22,
  0x65, 0xc2, 0x00, 0x41, 0x06, 0x4c, 0xa0, 0x4b, 0x2a, 0xe9, 0x35, 0x14,
  0x24, 0x62, 0x00, 0x89, 0x39, 0xb2, 0xcd, 0x22, 0x54, 0xa8, 0x95, 0x09,
  0x41, 0xb2, 0xe9, 0x1d, 0x9a, 0x39, 0xc3, 0x9a, 0x78, 0xf8, 0xaa, 0x39,
  0x73, 0xd8, 0xc5, 0x3e, 0xc7, 0x21, 0x19, 0x00, 0xaa, 0x1e, 0x89, 0x42,
  0xf1, 0x2c, 0x54, 0x05, 0x64, 0x62, 0xd8, 0xd8, 0x7e, 0x20, 0x94, 0x58,
  0xff, 0xf3, 0x48, 0xc4, 0x33, 0x1f, 0x23, 0xd6, 0xa0, 0x01, 0xc9, 0x50,
  0x00, 0x22, 0x28, 0x6a, 0x1c, 0x71, 0x8e, 0x59, 0xc5, 0xa2, 0xa4, 0x8c,
  0x4c, 0x3f, 0x38, 0xd2, 0x63, 0x4d, 0x3d, 0x0d, 0x3c, 0x8a, 0xec, 0x54,
  0xd7, 0x98, 0x4c, 0x69, 0x8e, 0x40, 0x55, 0xd4, 0xd4, 0xa2, 0x9d, 0x73,
  0x56, 0x84, 0x2c, 0x8a, 0xe6, 0x1f, 0xa1, 0x3d, 0xe8, 0xa6, 0xb1, 0xcf,
  0xcd, 0x47, 0xf4, 0xf7, 0xff, 0xff, 0xff, 0xff, 0xff, 0xff, 0xff, 0xff,
  0xbe, 0x95, 0xd5, 0xaf, 0x54, 0xff, 0x47, 0x55, 0xc9, 0x0e, 0x12, 0xbd,
  0x95, 0xe1, 0x2a, 0x56, 0x60, 0x34, 0x03, 0xc8, 0x00, 0xfe, 0x6e, 0x0a,
  0x61, 0xe9, 0x22, 0x05, 0x14, 0x32, 0x99, 0x70, 0x35, 0x31, 0x10, 0xd9,
  0x6f, 0xda, 0xf6, 0x18, 0x30, 0xb3, 0x07, 0x01, 0x7d, 0xa5, 0x73, 0xd8,
  0xf3, 0x90, 0x0b, 0x37, 0x7e, 0x25, 0xf2, 0x8f, 0xae, 0xfa, 0x2d, 0x4a,
  0xb6, 0x74, 0xf2, 0x85, 0xc8, 0x0f, 0x5f, 0xdc, 0xf6, 0xd4, 0xed, 0x12,
  0xff, 0xf3, 0x48, 0xc4, 0x39, 0x1b, 0xb1, 0xf2, 0xaa, 0x16, 0xda, 0x47,
  0x0c, 0x14, 0x25, 0x26, 0x3e, 0x58, 0x8c, 0x98, 0xc8, 0x9b, 0x1d, 0x91,
  0x7e, 0x54, 0x6a, 0xa9, 0x6d, 0x2f, 0xfb, 0xca, 0xf0, 0x85, 0xb8, 0xec,
  0x90, 0x9e, 0xdf, 0xfe, 0x1e, 0x52, 0x37, 0xe7, 0x97, 0xf4, 0xe9, 0xb8,
  0x00, 0x56, 0x05, 0x41, 0x03, 0x0e, 0x49, 0xab, 0x75, 0x7f, 0xdf, 0xff,
  0xff, 0xff, 0xff, 0xd3, 0x5b, 0x4d, 0xa6, 0x16, 0x00, 0x68, 0x16, 0x52,
  0x23, 0xf5, 0x8e, 0x80, 0x30, 0x0d, 0x05, 0x59, 0x4c, 0x49, 0x4f, 0xd1,
  0x0b, 0xd6, 0x05, 0x81, 0x26, 0xaa, 0xd8, 0x80, 0x00, 0xe0, 0xc4, 0x9b,
  0xbe, 0xba, 0x1d, 0x82, 0x97, 0x4d, 0xd3, 0x18, 0x7a, 0x51, 0x32, 0xe3,
  0x36, 0xb3, 0xec, 0xa3, 0xb5, 0x1b, 0x9c, 0x2d, 0x86, 0x0f, 0x29, 0x43,
  0xa1, 0x10, 0x19, 0x75, 0x90, 0x8f, 0xf3, 0xa3, 0xa3, 0xab, 0x58, 0x3c,
  0x2c, 0x8a, 0x2a, 0x83, 0x87, 0xdd, 0x8b, 0xb7, 0xf4, 0x7b, 0x75, 0x37,
  0xff, 0xf3, 0x48, 0xc4, 0x4d, 0x1c, 0xea, 0xce, 0xb9, 0x96, 0xa3, 0xca,
  0xea, 0xac, 0x8e, 0xf6, 0x1e, 0x46, 0x13, 0x42, 0xab, 0xa1, 0x1c, 0x97,
  0xe2, 0x6e, 0xbf, 0x64, 0xfa, 0x9a, 0xef, 0xd3, 0x7d, 0xd1, 0x17, 0x20,
  0xee, 0xbf, 0xff, 0xfb, 0xf3, 0x42, 0xce, 0x50, 0xba, 0x2a, 0x2d, 0xa4,
  0xca, 0x61, 0xc0, 0xdd, 0xf6, 0x72, 0x54, 0x71, 0xdb, 0x95, 0x2f, 0x87,
  0x20, 0x15, 0xa8, 0xa2, 0x0c, 0xc5, 0x25, 0x10, 0xba, 0x3d, 0xb3, 0xc2,
  0x86, 0x22, 0xd4, 0xed, 0x27, 0x37, 0x36, 0xae, 0xd3, 0x56, 0xc7, 0x79,
  0xf7, 0x62, 0x69, 0x84, 0xfd, 0x67, 0xaa, 0xbc, 0x8f, 0xa7, 0x6a, 0x96,
  0xde, 0xb5, 0x9d, 0x73, 0x61, 0x9d, 0xf5, 0xe6, 0x46, 0x51, 0xad, 0xd5,
  0x64, 0x81, 0x76, 0x4e, 0xd5, 0x94, 0x0f, 0x5c, 0x50, 0x4c, 0x8a, 0x1e,
  0x2a, 0x3c, 0x1c, 0x0e, 0xc8, 0x01, 0x5b, 0x67, 0x92, 0xa8, 0x0a, 0x58,
  0x0a, 0xa1, 0xe3, 0x05, 0x49, 0x30, 0x0e, 0x11, 0x0a, 0xa0, 0xe3, 0xea,
  0xff, 0xf3, 0x48, 0xc4, 0x5c, 0x1b, 0xb0, 0xf2, 0xc9, 0xb6, 0x46, 0x12,
  0x3e, 0xa1, 0xcd, 0x20, 0xf0, 0x7c, 0x3e, 0x21, 0x02, 0x81, 0xff, 0xff,
  0xff, 0xa6, 0xdd, 0x0b, 0xfa, 0x9a, 0x66, 0x4d, 0xc1, 0x12, 0xec, 0x3a,
  0x72, 0x98, 0x1e, 0xfe, 0x58, 0x4a, 0x19, 0x40, 0x59, 0xa1, 0xf8, 0xa7,
  0xe9, 0xe5, 0xb6, 0xae, 0x03, 0x2a, 0x0c, 0xbd, 0xa7, 0x61, 0x7f, 0x58,
  0x33, 0xd5, 0xd2, 0xfc, 0xe5, 0x57, 0x1e, 0x8c, 0xe1, 0x34, 0x13, 0xb4,
  0x6c, 0xa5, 0x09, 0xa9, 0x6a, 0xf9, 0x80, 0x96, 0xad, 0x93, 0x2f, 0xba,
  0x8d, 0x7a, 0x2c, 0x4d, 0x13, 0x61, 0x2a, 0x1e, 0x4a, 0x2f, 0x2d, 0x49,
  0x8f, 0x52, 0x55, 0x07, 0xba, 0x07, 0x56, 0x8e, 0xed, 0x52, 0x5b, 0xd6,
  0xdf, 0x64, 0x9d, 0xb5, 0x24, 0x62, 0xc9, 0x3a, 0x6e, 0x81, 0x93, 0x36,
  0xea, 0x32, 0x2f, 0x3f, 0xd1, 0xe7, 0xa6, 0x87, 0xc2, 0x37, 0xa9, 0x3c,
  0x58, 0x07, 0x0c, 0xb0, 0x91, 0xef, 0xff, 0xff, 0xff, 0xc3, 0xbc, 0xed,
  0xff, 0xf3, 0x48, 0xc4, 0x70, 0x1c, 0x89, 0xd6, 0xa5, 0x9f, 0x59, 0x68,
  0x00, 0x8e, 0x09, 0x2a, 0x22, 0x03, 0x0c, 0x4f, 0xb6, 0x10, 0x70, 0xc7,
  0x35, 0x69, 0x9c, 0x81, 0x44, 0x20, 0x18, 0x6e, 0xa6, 0x46, 0x7a, 0x94,
  0x44, 0x21, 0xb8, 0x40, 0x10, 0x0d, 0x00, 0xc5, 0x44, 0x23, 0x16, 0xc7,
  0x13, 0x05, 0xc9, 0x20, 0x10, 0x6c, 0x60, 0x40, 0x12, 0xa4, 0x40, 0xda,
  0xcc, 0x02, 0xcf, 0x80, 0xc1, 0x86, 0x16, 0x78, 0xa3, 0x0a, 0x44, 0x31,
  0xf3, 0x11, 0xc6, 0x39, 0x81, 0x7f, 0x80, 0x14, 0x01, 0x1a, 0x1f, 0x31,
  0xc9, 0x88, 0xaa, 0x13, 0x78, 0x83, 0xcc, 0x40, 0x5c, 0x00, 0x02, 0xa8,
  0x03, 0x38, 0xc4, 0x0c, 0xc0, 0x31, 0x16, 0x26, 0x47, 0xe2, 0x38, 0x77,
  0x1e, 0x2f, 0x13, 0x80, 0x48, 0x80, 0xc9, 0x88, 0x20, 0x47, 0x9a, 0x26,
  0xa3, 0x8e, 0x8e, 0xba, 0xc3, 0xd4, 0x31, 0x51, 0xba, 0x46, 0x86, 0xc9,
  0x2d, 0x73, 0x13, 0x1d, 0x3f, 0x41, 0x9c, 0xfa, 0x26, 0xe6, 0xe7, 0x45,
  0xff, 0xf3, 0x48, 0xc4, 0x80, 0x31, 0xd3, 0x7a, 0x40, 0x01, 0x9d, 0xa0,
  0x00, 0xca, 0x89, 0x92, 0x46, 0x4e, 0x64, 0xbf, 0x6f, 0x63, 0x73, 0x75,
  0xbf, 0x41, 0x16, 0x46, 0x76, 0x5e, 0x4d, 0x14, 0x96, 0x65, 0xec, 0xd5,
  0xfd, 0x8f, 0x3d, 0x0b, 0x3a, 0x0e, 0x91, 0x78, 0xbc, 0x70, 0xf9, 0x8a,
  0xbb, 0xa5, 0xd4, 0xb7, 0xe9, 0xfe, 0xf9, 0xd4, 0xcb, 0xea, 0x4d, 0x3f,
  0xec, 0xc9, 0x74, 0x91, 0x45, 0x17, 0xa2, 0x6c, 0xa2, 0x92, 0x2a, 0x2f,
  0x24, 0xb3, 0x2e, 0x9b, 0x40, 0x95, 0x9f, 0x1d, 0x80, 0x89, 0xb8, 0xf2,
  0xea, 0x01, 0x84, 0x20, 0xc3, 0x0e, 0xb6, 0xdf, 0x6d, 0x84, 0xff, 0xab,
  0x47, 0x29, 0x15, 0x2e, 0x5e, 0xec, 0x28, 0x22, 0x26, 0x1e, 0x6e, 0x92,
  0x1e, 0xdd, 0x5e, 0x75, 0x87, 0x65, 0x26, 0x8b, 0x61, 0x8d, 0x8d, 0x21,
  0xc0, 0x99, 0x36, 0x60, 0x3a, 0x44, 0xd4, 0x98, 0x83, 0x62, 0xc2, 0xf8,
  0x05, 0xd4, 0x02, 0x96, 0x40, 0xcb, 0x84, 0x58, 0x59, 0xa7, 0xcf, 0x31,
  0xff, 0xf3, 0x48, 0xc4, 0x3b, 0x2b, 0x42, 0xb6, 0x95, 0x95, 0x99, 0x90,
  0x00, 0x1c, 0x1b, 0x28, 0x1f, 0x88, 0x1e, 0xd8, 0x6a, 0x43, 0x22, 0x2c,
  0xc0, 0x0d, 0xc2, 0x50, 0x84, 0x1c, 0x48, 0x09, 0x70, 0xa4, 0x05, 0x6e,
  0x58, 0x16, 0x11, 0x93, 0x2e, 0x15, 0xcc, 0x0f, 0x0c, 0x61, 0x06, 0x26,
  0x8b, 0xa6, 0x84, 0xd1, 0x32, 0xb9, 0x82, 0xd3, 0x44, 0xdd, 0x04, 0xcb,
  0xea, 0x53, 0x31, 0xc3, 0x15, 0xa6, 0x8b, 0x32, 0xd0, 0x59, 0xb9, 0x7c,
  0xcd, 0xd2, 0x64, 0xcb, 0x87, 0x8d, 0xd9, 0x90, 0x74, 0x29, 0x99, 0x67,
  0xd2, 0xae, 0x8a, 0x4d, 0x4c, 0xdc, 0xcd, 0x4c, 0x81, 0x83, 0x1a, 0x19,
  0x9b, 0xa2, 0xd5, 0xd4, 0x62, 0x81, 0xc7, 0x66, 0xa6, 0xe7, 0x54, 0xa5,
  0x3a, 0x5e, 0x5f, 0x40, 0xaf, 0x9b, 0xff, 0xcc, 0x51, 0x12, 0xfd, 0x61,
  0x2f, 0xff, 0xff, 0xf4, 0x05, 0xff, 0xe8, 0x8f, 0xeb, 0x78, 0xaf, 0x12,
  0xad, 0x67, 0x58, 0x89, 0x84, 0xe3, 0x46, 0x58, 0x08, 0x85, 0xd0, 0xc1,
  0xff, 0xf3, 0x48, 0xc4, 0x11, 0x1c, 0x19, 0x6e, 0x9c, 0x03, 0xd9, 0x78,
  0x00, 0x12, 0x29, 0x97, 0x46, 0xa2, 0x48, 0x60, 0x08, 0x08, 0x68, 0xaa,
  0x2a, 0xb4, 0xcb, 0x08, 0x97, 0xf1, 0x3a, 0x57, 0xc5, 0xd0, 0x02, 0xc4,
  0x25, 0x87, 0x15, 0x53, 0xa8, 0xda, 0x6b, 0x16, 0x24, 0xd8, 0x61, 0xbc,
  0xf9, 0x8e, 0xd4, 0xbf, 0xac, 0x43, 0xbc, 0x14, 0x25, 0x57, 0xbb, 0xf6,
  0xf7, 0x37, 0x91, 0x2c, 0xc1, 0x5b, 0x6a, 0x99, 0x8f, 0x8b, 0xef, 0x59,
  0xa6, 0xb1, 0x2e, 0xf1, 0x13, 0x5a, 0x87, 0xe0, 0x3c, 0xbb, 0xd3, 0x46,
  0x03, 0xe9, 0x0c, 0x7f, 0xe6, 0x05, 0x41, 0x81, 0x46, 0x5f, 0xff, 0xff,
  0xff, 0xff, 0xff, 0xfe, 0xb5, 0xe2, 0x65, 0x31, 0x36, 0x9b, 0x41, 0x32,
  0x15, 0x20, 0x88, 0x20, 0x01, 0x3b, 0x40, 0xff, 0xd6, 0xe6, 0x85, 0x90,
  0x89, 0x54, 0xb9, 0x65, 0x00, 0x0d, 0x45, 0x3a, 0x69, 0x2d, 0x69, 0xf4,
  0x62, 0x54, 0x57, 0xfe, 0x38, 0xc0, 0x14, 0xd9, 0xd6, 0x9f, 0xb0, 0xed,
  0xff, 0xf3, 0x48, 0xc4, 0x23, 0x1c, 0x9a, 0x0a, 0xae, 0x16, 0xc1, 0x85,
  0x30, 0xa9, 0x54, 0xbf, 0x73, 0x76, 0xe5, 0xee, 0x6c, 0xde, 0xa6, 0x69,
  0xe8, 0xd1, 0xf2, 0xd6, 0xea, 0xef, 0x64, 0xd1, 0x4e, 0x45, 0x50, 0x18,
  0x10, 0xea, 0x12, 0x88, 0x71, 0xda, 0xd0, 0x61, 0xb8, 0xf9, 0xb0, 0xf3,
  0xd9, 0x8f, 0xc5, 0x64, 0x94, 0x69, 0xc9, 0x74, 0xb9, 0x89, 0xe5, 0xa7,
  0x4e, 0xf9, 0x6a, 0x9f, 0x7a, 0xf7, 0xd2, 0x87, 0x63, 0x18, 0xca, 0x08,
  0x0e, 0x3b, 0x82, 0x6e, 0x2f, 0xa8, 0xeb, 0xb3, 0x69, 0xf5, 0x37, 0xfa,
  0x3f, 0xff, 0xff, 0xfa, 0x92, 0xbb, 0x3e, 0x31, 0x2a, 0x02, 0x9c, 0xde,
  0x10, 0x49, 0x38, 0x0f, 0xac, 0x2c, 0xa8, 0x0e, 0xc0, 0x2e, 0x58, 0xa0,
  0x38, 0x38, 0x03, 0xc8, 0xa4, 0x08, 0x01, 0xa3, 0x28, 0x0c, 0x4e, 0x5f,
  0xf3, 0xb1, 0xa1, 0x89, 0x91, 0xe1, 0x66, 0x26, 0x2f, 0x17, 0x4e, 0x51,
  0x9e, 0x81, 0x15, 0x4b, 0x80, 0x50, 0xc4, 0x43, 0x08, 0x62, 0x2a, 0x4d,
  0xff, 0xf3, 0x48, 0xc4, 0x33, 0x1c, 0x12, 0x02, 0xbe, 0x36, 0x93, 0xd0,
  0x56, 0xf5, 0xfb, 0x10, 0x23, 0x63, 0x6f, 0x20, 0x79, 0x49, 0x74, 0x6d,
  0x5a, 0x43, 0x71, 0x37, 0xde, 0x54, 0xf0, 0xbd, 0xff, 0x2d, 0x17, 0xb7,
  0x70, 0xfa, 0x1f, 0x07, 0x91, 0xd7, 0x66, 0x5d, 0xe9, 0x15, 0x11, 0xc5,
  0x36, 0x83, 0x2a, 0x87, 0x28, 0x44, 0xb4, 0x9c, 0xe6, 0x18, 0x63, 0xfe,
  0x79, 0x50, 0x41, 0x40, 0x34, 0x30, 0x65, 0xcc, 0xff, 0xff, 0xfd, 0xdf,
  0xde, 0xbb, 0xea, 0x00, 0x82, 0x94, 0x58, 0x20, 0x1c, 0x2d, 0xa1, 0xfc,
  0x02, 0x32, 0xc6, 0x9a, 0x9c, 0x96, 0x50, 0x58, 0x51, 0x5a, 0x04, 0x8d,
  0x61, 0xc6, 0xb2, 0x9c, 0x3c, 0xd7, 0x78, 0xdd, 0x96, 0xeb, 0xf5, 0x0c,
  0x48, 0x9c, 0x94, 0x1f, 0xfb, 0x2f, 0x2b, 0xa9, 0x5e, 0x79, 0x60, 0x70,
  0x0c, 0xc7, 0xef, 0x61, 0xcd, 0x72, 0x7a, 0x0a, 0xfd, 0xed, 0x85, 0x69,
  0xa4, 0x1c, 0x5f, 0x8a, 0x1a, 0x53, 0xeb, 0x37, 0xac, 0xb3, 0x82, 0x20,
  0xff, 0xf3, 0x48, 0xc4, 0x45, 0x1c, 0xd1, 0x22, 0xb2, 0xf6, 0x06, 0x18,
  0x18, 0x60, 0x79, 0x61, 0x00, 0xa3, 0x0c, 0x42, 0x43, 0x96, 0x91, 0x0c,
  0x8b, 0x94, 0x90, 0x1a, 0x11, 0x14, 0x06, 0x26, 0x14, 0x09, 0x95, 0xb4,
  0x35, 0xb8, 0xca, 0xdc, 0xa2, 0x77, 0xa3, 0xd1, 0xda, 0xb3, 0xce, 0x86,
  0xd3, 0x9e, 0x77, 0xfe, 0x5a, 0x54, 0x9e, 0xff, 0x67, 0xa7, 0x4a, 0x2a,
  0x61, 0x08, 0xc1, 0x75, 0xad, 0xdb, 0xcb, 0x1c, 0xb1, 0x89, 0x0f, 0xae,
  0x56, 0x2b, 0xe9, 0x2c, 0x76, 0x00, 0xa8, 0xb0, 0x97, 0xa2, 0x46, 0xee,
  0x30, 0x7a, 0x0c, 0x3c, 0x26, 0x15, 0xc5, 0xa4, 0x44, 0x36, 0x26, 0xb8,
  0xaa, 0x80, 0x12, 0xb5, 0x5d, 0x07, 0xc7, 0x6b, 0x16, 0x6a, 0xe5, 0x5b,
  0x1f, 0x93, 0xc4, 0x4c, 0xd4, 0xa4, 0x88, 0x9a, 0xe3, 0x96, 0xdd, 0xe7,
  0xf4, 0x19, 0xc3, 0x18, 0x66, 0x3d, 0xb8, 0x5e, 0xdb, 0x6d, 0x73, 0x3f,
  0x8d, 0x21, 0x7f, 0x76, 0xe2, 0x82, 0x14, 0xb1, 0x8f, 0xf5, 0xe9, 0x37,
  0xff, 0xf3, 0x48, 0xc4, 0x54, 0x1b, 0xf2, 0x06, 0xa1, 0xfe, 0xca, 0x46,
  0xb8, 0xc2, 0x06, 0x24, 0x55, 0xc1, 0x23, 0x2a, 0x96, 0x42, 0x27, 0xbf,
  0xe8, 0xc8, 0xce, 0xe3, 0x1f, 0x11, 0x7f, 0xff, 0x5a, 0xbf, 0x3a, 0xbe,
  0x58, 0x58, 0x3b, 0x36, 0x46, 0x00, 0x88, 0x35, 0x60, 0x00, 0x17, 0x9f,
  0xd9, 0x8e, 0xaa, 0xcd, 0x12, 0x03, 0x37, 0x10, 0x16, 0x2b, 0x09, 0x72,
  0x9d, 0x23, 0x34, 0x00, 0x49, 0xf4, 0x05, 0x02, 0xcd, 0x53, 0xa3, 0x0e,
  0x32, 0xe9, 0x88, 0xa3, 0x21, 0x2a, 0x78, 0xca, 0xee, 0x5b, 0xd6, 0x21,
  0xaf, 0x7f, 0x53, 0x96, 0xc7, 0x64, 0x7e, 0x6a, 0x52, 0x60, 0xf3, 0x4b,
  0xa4, 0xe2, 0xed, 0x55, 0xf3, 0x89, 0x42, 0xc4, 0x07, 0x2e, 0x11, 0x5d,
  0x94, 0xef, 0xbe, 0x5f, 0x95, 0x91, 0x50, 0x1b, 0x6c, 0xc6, 0x69, 0x4c,
  0x13, 0xbc, 0xcb, 0xa4, 0xbd, 0xfd, 0xee, 0xeb, 0x35, 0x95, 0x87, 0xb7,
  0xde, 0x53, 0xae, 0xb9, 0xdd, 0x0e, 0x89, 0xb1, 0xf9, 0x2e, 0x33, 0x94,
  0xff, 0xf3, 0x48, 0xc4, 0x67, 0x1c, 0xa2, 0xaa, 0x8a, 0x5e, 0xd2, 0x44,
  0xd0, 0xcf, 0x27, 0xfd, 0xb9, 0xd6, 0x2f, 0xfa, 0xf4, 0x7f, 0xb1, 0x19,
  0x5a, 0x62, 0x04, 0xed, 0xd1, 0xb7, 0x2f, 0xdf, 0xed, 0xef, 0xac, 0xb5,
  0x06, 0x28, 0x90, 0x82, 0x68, 0x04, 0xcc, 0x0c, 0x24, 0xdd, 0x93, 0x8e,
  0x39, 0x27, 0x34, 0x40, 0x03, 0x2c, 0x1a, 0x1f, 0x6d, 0xb8, 0xd9, 0xce,
  0xab, 0x47, 0x5a, 0xdf, 0x75, 0xbb, 0x2f, 0x05, 0x59, 0x89, 0x59, 0xd3,
  0x29, 0x91, 0x7b, 0xf9, 0x0d, 0x69, 0xdb, 0x24, 0xcb, 0xe7, 0x44, 0x81,
  0x81, 0x05, 0x8d, 0x4a, 0xac, 0xb9, 0x0a, 0x4f, 0x54, 0x25, 0x56, 0xdd,
  0xd0, 0x31, 0x39, 0x8a, 0x57, 0xe4, 0x23, 0x8d, 0x0e, 0x73, 0xff, 0xfb,
  0xf1, 0x70, 0xbd, 0xcc, 0xee, 0xfc, 0xd6, 0x9f, 0x0a, 0x8e, 0xf3, 0x4d,
  0x12, 0xca, 0xe4, 0x12, 0x21, 0x24, 0x49, 0xbf, 0xeb, 0x57, 0xfe, 0x28,
  0x59, 0xff, 0xe6, 0x08, 0x0a, 0x6d, 0x60, 0x04, 0xde, 0x65, 0xcb, 0x6e,
  0xff, 0xf3, 0x48, 0xc4, 0x77, 0x1c, 0x42, 0x5a, 0xb6, 0x5e, 0x7a, 0x46,
  0xb6, 0x48, 0x84, 0xc7, 0x1a, 0x24, 0xdb, 0x68, 0xb0, 0xcb, 0x15, 0x45,
  0x93, 0xe9, 0x39, 0x56, 0xae, 0x51, 0xa7, 0x9a, 0xbb, 0xf2, 0x2a, 0x21,
  0x64, 0x91, 0xa6, 0x07, 0xd8, 0x98, 0xa1, 0x01, 0xcf, 0x05, 0x58, 0xb4,
  0xdf, 0xf7, 0x75, 0xb8, 0x27, 0x37, 0xac, 0x08, 0xb0, 0x4c, 0xcf, 0x3a,
  0x89, 0x85, 0x46, 0x21, 0x03, 0xe4, 0x99, 0x13, 0xaa, 0x56, 0x8d, 0x3a,
  0x11, 0x91, 0x1b, 0xfd, 0x6e, 0x64, 0x22, 0x99, 0x8e, 0xeb, 0x53, 0x9c,
  0xe7, 0xff, 0xef, 0xd1, 0xa8, 0xa4, 0xf3, 0x87, 0x03, 0x16, 0x00, 0xcb,
  0x50, 0x63, 0xf5, 0x65, 0xc0, 0xe1, 0x70, 0xfe, 0x9a, 0x61, 0x60, 0x40,
  0x4e, 0x7c, 0x1f, 0x79, 0x73, 0xf2, 0x1c, 0xbb, 0xe0, 0xf9, 0xfc, 0x31,
  0xff, 0xeb, 0x86, 0x0d, 0xa9, 0x02, 0x61, 0xe8, 0xc2, 0x41, 0x06, 0x15,
  0x50, 0xc5, 0x29, 0x3e, 0x18, 0x29, 0x31, 0xac, 0x3a, 0x1c, 0xa9, 0x1f,
  0xff, 0xf3, 0x48, 0xc4, 0x89, 0x1c, 0xc2, 0x4a, 0x74, 0x34, 0xc2, 0x44,
  0xb4, 0x4d, 0xc4, 0xc0, 0x62, 0x10, 0x0a, 0x07, 0x85, 0x02, 0xad, 0x0e,
  0xa5, 0x5d, 0xfe, 0xc8, 0x1d, 0x53, 0x52, 0x16, 0xc1, 0x10, 0x8c, 0xe4,
  0x25, 0xa6, 0x4f, 0xdb, 0x9b, 0xd4, 0x04, 0xe2, 0xdc, 0x81, 0x9d, 0x3d,
  0x0a, 0xf0, 0xf6, 0x26, 0xf9, 0x68, 0xb2, 0x1f, 0x4c, 0xe8, 0x0f, 0x80,
  0xf1, 0xbb, 0x58, 0xa4, 0x7e, 0x4e, 0xad, 0xcb, 0xb6, 0x19, 0xb3, 0x3d,
  0x88, 0x0e, 0x93, 0x74, 0x67, 0x6f, 0x22, 0x01, 0xc7, 0x37, 0x75, 0x7d,
  0x5e, 0x62, 0xff, 0x83, 0xc7, 0x5d, 0xa9, 0xe7, 0xf2, 0x53, 0xbd, 0x18,
  0x1e, 0x08, 0x29, 0x7b, 0x70, 0xe8, 0xd4, 0x93, 0xea, 0x01, 0x23, 0x2a,
  0x58, 0x0f, 0xdf, 0x8c, 0x99, 0x9b, 0xd1, 0x91, 0x04, 0x2d, 0x77, 0xbc,
  0x7e, 0x00, 0x22, 0x17, 0x50, 0xbd, 0xe2, 0xbb, 0xc9, 0x5f, 0x42, 0xa6,
  0x84, 0xae, 0xe7, 0xbb, 0xc9, 0x10, 0x9d, 0xf2, 0xf3, 0xa4, 0x47, 0x5c,
  0xff, 0xf3, 0x48, 0xc4, 0x99, 0x1c, 0x71, 0xf6, 0x78, 0x00, 0x00, 0x86,
  0x01, 0x88, 0x92, 0x7a, 0x47, 0x37, 0x3d, 0x32, 0xb3, 0x04, 0x54, 0x0d,
  0xcd, 0x7a, 0x7e, 0x48, 0x88, 0x74, 0xcf, 0xcb, 0xa1, 0x12, 0xef, 0x12,
  0x8b, 0x24, 0x3d, 0xfc, 0x89, 0xe6, 0x79, 0x7f, 0x4f, 0xfe, 0x9f, 0xf3,
  0xfd, 0xcf, 0x44, 0x90, 0xb4, 0x24, 0x84, 0x5e, 0x1d, 0xce, 0xd9, 0xbf,
  0x5e, 0x49, 0xe4, 0x81, 0x29, 0x92, 0x71, 0x0c, 0xcd, 0x53, 0x34, 0x73,
  0xe1, 0x3a, 0xbc, 0x42, 0x92, 0xdf, 0x65, 0xcd, 0xc7, 0x5d, 0xcd, 0x71,
  0x12, 0x80, 0x51, 0xd0, 0x2a, 0x0e, 0xda, 0xd5, 0x95, 0xfd, 0x3f, 0xf4,
  0x10, 0xe5, 0x82, 0x28, 0x26, 0x83, 0x84, 0x93, 0x35, 0xc7, 0x25, 0x99,
  0x8f, 0x05, 0x30, 0x0e, 0x42, 0x03, 0x65, 0x22, 0xc3, 0x71, 0xa4, 0x26,
  0x07, 0x63, 0xf0, 0x37, 0x56, 0x70, 0xb1, 0x63, 0x6f, 0x29, 0x06, 0xf5,
  0xaa, 0xf7, 0x98, 0xae, 0xcb, 0x1b, 0x0d, 0xe2, 0xb9, 0xc3, 0xb0, 0xda,
  0xff, 0xf3, 0x48, 0xc4, 0xaa, 0x1c, 0x93, 0xfa, 0x8a, 0x2a, 0x01, 0x86,
  0x2d, 0xed, 0xec, 0xd1, 0x21, 0xe4, 0x3b, 0x9d, 0x6e, 0xab, 0xb6, 0x0e,
  0x8d, 0x1a, 0x1c, 0x12, 0xb9, 0x26, 0x4b, 0x24, 0x71, 0x91, 0x4b, 0x48,
  0xa1, 0xec, 0x3e, 0x06, 0x54, 0x05, 0xc5, 0xc3, 0x8d, 0xed, 0x93, 0xb9,
  0x49, 0xd3, 0xe8, 0xfa, 0x9b, 0xc5, 0xa2, 0x75, 0x0b, 0x56, 0x54, 0x2a,
  0x36, 0x53, 0x7a, 0xb4, 0xd0, 0xf4, 0x1a, 0x70, 0x91, 0x3c, 0x0a, 0x91,
  0xa1, 0xa2, 0xd5, 0x67, 0xab, 0x88, 0xa8, 0x77, 0x5d, 0x68, 0x82, 0x80,
  0x36, 0x49, 0x01, 0xf6, 0x02, 0x01, 0x00, 0x18, 0xa5, 0x26, 0xc0, 0x67,
  0xde, 0x6e, 0x9e, 0xc4, 0x95, 0x99, 0xa8, 0x68, 0x99, 0x68, 0x26, 0xbd,
  0x49, 0xac, 0xea, 0x26, 0x19, 0x87, 0x42, 0x39, 0xa0, 0xe2, 0xf9, 0xd6,
  0xc0, 0x1b, 0x08, 0x69, 0x98, 0x16, 0x98, 0x50, 0xdc, 0x14, 0xce, 0xcc,
  0x04, 0xe0, 0xe2, 0x08, 0x80, 0xcc, 0x76, 0x5e, 0xf8, 0xd4, 0x3b, 0x0c,
  0xff, 0xf3, 0x48, 0xc4, 0xba, 0x1d, 0x19, 0x1a, 0xae, 0x52, 0x16, 0x18,
  0x24, 0xc6, 0x11, 0xb9, 0x02, 0x51, 0x4a, 0xd6, 0x2c, 0x51, 0xf7, 0xe5,
  0x9d, 0xc7, 0x2f, 0xc7, 0x1d, 0x3e, 0xd1, 0x9b, 0x12, 0xea, 0xd4, 0x16,
  0xee, 0x4c, 0xbd, 0x4d, 0x02, 0x37, 0x6b, 0x5f, 0xdc, 0x2a, 0xf5, 0x5a,
  0x7f, 0xfd, 0x73, 0xf0, 0x71, 0xe4, 0xe5, 0x3f, 0xfa, 0x96, 0x64, 0x64,
  0x29, 0x4d, 0xef, 0x2e, 0xe9, 0x34, 0xa0, 0x5d, 0x00, 0xc8, 0xa6, 0x7a,
  0x06, 0xa6, 0x26, 0xd6, 0x06, 0x2b, 0x6e, 0x44, 0x3f, 0x84, 0xb5, 0x06,
  0x94, 0xc9, 0x56, 0x3c, 0xb3, 0xb1, 0x2e, 0xd2, 0xbd, 0x4a, 0x6c, 0xeb,
  0x03, 0x08, 0x3b, 0x50, 0x58, 0x09, 0x19, 0xee, 0xc1, 0x90, 0xe8, 0xcf,
  0x59, 0x85, 0x3d, 0x51, 0xd1, 0xca, 0x82, 0xba, 0x18, 0xa5, 0x6e, 0x8e,
  0x52, 0xb7, 0xa3, 0xab, 0x7d, 0x50, 0xdf, 0xd1, 0xff, 0x98, 0xc9, 0xe8,
  0xe0, 0x2c, 0x8a, 0x47, 0x28, 0x51, 0x2d, 0x8c, 0x05, 0x72, 0xc0, 0xcf,
  0xff, 0xf3, 0x48, 0xc4, 0xc8, 0x1c, 0x79, 0x16, 0xf7, 0x1e, 0xb7, 0x76,
  0x4a, 0x5b, 0xed, 0x2f, 0xe0, 0xe9, 0xbc, 0x0a, 0x77, 0xff, 0xff, 0xaf,
  0xad, 0xcb, 0x05, 0x4c, 0x16, 0x0e, 0x96, 0x24, 0x45, 0x4c, 0x16, 0x36,
  0x1a, 0x05, 0x49, 0x55, 0x14, 0x60, 0x0e, 0xd8, 0x8d, 0xbf, 0x8e, 0x3b,
  0x14, 0x30, 0x03, 0x00, 0x93, 0x05, 0x40, 0xa9, 0x35, 0x1e, 0x0a, 0x93,
  0x0f, 0x30, 0x7f, 0x30, 0x14, 0x00, 0x34, 0xaa, 0x7d, 0x5c, 0x88, 0x2d,
  0x05, 0x0c, 0x07, 0x44, 0xfc, 0xc0, 0x68, 0x03, 0x4c, 0x00, 0x12, 0x3a,
  0x23, 0x05, 0x57, 0x82, 0x88, 0x44, 0x09, 0x8d, 0x73, 0xbf, 0xf2, 0xde,
  0xe7, 0x7a, 0x52, 0xa4, 0x64, 0x58, 0x54, 0xde, 0x15, 0xa9, 0xa3, 0x4c,
  0x42, 0x59, 0xdd, 0x7d, 0x35, 0xd7, 0x41, 0x38, 0xed, 0xf7, 0x9c, 0xbd,
  0xaf, 0xa0, 0xca, 0x5d, 0xdf, 0xa1, 0xc9, 0xb9, 0x29, 0x70, 0xd3, 0x0c,
  0x42, 0x2b, 0x8d, 0xcb, 0xd9, 0xc3, 0x0e, 0x5c, 0x5e, 0xdd, 0xab, 0x9b,
  0xff, 0xf3, 0x48, 0xc4, 0xd9, 0x1c, 0x0a, 0x06, 0xb6, 0x56, 0x2e, 0x44,
  0x34, 0xca, 0x56, 0xe2, 0x00, 0x18, 0xbd, 0x4d, 0x64, 0x34, 0xa9, 0x03,
  0x0c, 0x54, 0x9e, 0x71, 0x54, 0x56, 0xe8, 0x36, 0x20, 0x59, 0x93, 0xce,
  0xb7, 0xa3, 0xb5, 0x36, 0x44, 0xbf, 0xb1, 0xff, 0xf6, 0x6a, 0x9d, 0x2a,
  0x14, 0x11, 0xc6, 0xe2, 0x59, 0x12, 0x03, 0xea, 0x34, 0x24, 0x34, 0x3a,
  0x7b, 0xe8, 0x5d, 0x0c, 0x37, 0xbb, 0x1e, 0xbf, 0x3d, 0x3f, 0xad, 0x5f,
  0xff, 0xfa, 0xeb, 0x9a, 0x3e, 0x87, 0xa1, 0xce, 0x7a, 0xcc, 0x4d, 0xcc,
  0x6b, 0xec, 0x50, 0xf3, 0xca, 0x1d, 0x2c, 0x68, 0xe9, 0x85, 0x04, 0xea,
  0x19, 0x09, 0xbd, 0x67, 0x49, 0x0d, 0xcb, 0x02, 0xe0, 0x32, 0x11, 0x41,
  0xec, 0x4f, 0x87, 0x39, 0x0d, 0x98, 0x00, 0x70, 0x06, 0x24, 0x23, 0xc3,
  0x7a, 0xa0, 0x65, 0xb7, 0x10, 0x10, 0x4c, 0x5c, 0x22, 0x2d, 0x78, 0x8c,
  0x02, 0xdb, 0x40, 0x91, 0x06, 0x18, 0xec, 0x40, 0x29, 0xb3, 0x05, 0x33,
  0xff, 0xf3, 0x48, 0xc4, 0xeb, 0x2e, 0x9c, 0x12, 0x64, 0x2c, 0xf6, 0x4e,
  0xbc, 0x48, 0x6e, 0x6a, 0x4b, 0x0f, 0xd3, 0x3c, 0xd2, 0xc7, 0xfe, 0x2f,
  0x52, 0xbd, 0xc8, 0x72, 0x51, 0x15, 0xa7, 0x94, 0x46, 0x2f, 0x65, 0x86,
  0x77, 0x6d, 0x72, 0xbd, 0x3e, 0x5c, 0xee, 0xb7, 0x6f, 0x0f, 0xcf, 0x73,
  0x0d, 0x19, 0xda, 0x66, 0xac, 0xdf, 0x2b, 0x14, 0x96, 0x26, 0xeb, 0xce,
  0x49, 0xef, 0x6b, 0x75, 0xe8, 0xc7, 0x52, 0x48, 0x34, 0x5b, 0x64, 0x64,
  0xee, 0x3c, 0x43, 0xbe, 0xf7, 0xb6, 0x3d, 0x3e, 0xc4, 0x0d, 0x5a, 0x16,
  0xc8, 0x5f, 0xee, 0x7e, 0xc5, 0xa7, 0xb1, 0x11, 0xef, 0x6f, 0xf6, 0x8f,
  0x7a, 0xf1, 0x7e, 0xef, 0xc3, 0xac, 0xfd, 0xbf, 0x18, 0xce, 0x7c, 0x4b,
  0x49, 0x88, 0x29, 0xc7, 0x64, 0x3c, 0xef, 0x88, 0x76, 0x25, 0x3d, 0xbf,
  0xff, 0xff, 0xff, 0xfc, 0xfb, 0xa3, 0x3b, 0x3b, 0xbd, 0x91, 0xbb, 0x76,
  0x79, 0xd0, 0x7b, 0xb4, 0x2a, 0x46, 0x45, 0x41, 0xbb, 0x4b, 0x5f, 0xff,
  0xff, 0xf3, 0x48, 0xc4, 0xb3, 0x2a, 0xf3, 0xfe, 0x78, 0x2a, 0xe1, 0x85,
  0xad, 0xef, 0x9b, 0xc2, 0x09, 0x30, 0x11, 0x34, 0x74, 0x46, 0x08, 0xac,
  0xb6, 0x33, 0x2d, 0xc6, 0x66, 0x5b, 0x5c, 0xbb, 0x0c, 0x7e, 0x72, 0x7b,
  0xb3, 0x36, 0x6e, 0xc6, 0x97, 0x79, 0xa4, 0xf0, 0xd0, 0x8d, 0xe5, 0xfc,
  0xb7, 0x72, 0x73, 0xad, 0x7d, 0xd0, 0x79, 0x7f, 0xaa, 0xdb, 0xe9, 0x70,
  0xd1, 0x47, 0x91, 0x28, 0xcb, 0xdb, 0x8f, 0xf9, 0x22, 0x53, 0xfc, 0x7f,
  0xf7, 0x4a, 0x57, 0xff, 0x4a, 0xc2, 0x95, 0x48, 0x74, 0x44, 0xbd, 0xf7,
  0x3b, 0xb5, 0x42, 0x8d, 0x10, 0xc8, 0xcd, 0x69, 0x59, 0xdf, 0xbc, 0xb5,
  0x6f, 0x2e, 0x22, 0xe6, 0xcf, 0x1d, 0x46, 0xb2, 0x4c, 0xcb, 0x2e, 0x6c,
  0x49, 0xf5, 0x3a, 0xb0, 0x34, 0xc0, 0x38, 0x02, 0x40, 0xe9, 0x2f, 0x91,
  0x57, 0x0a, 0xd5, 0xc1, 0x7c, 0x99, 0x76, 0xf9, 0x70, 0x72, 0x17, 0x05,
  0x42, 0xed, 0x5e, 0xdd, 0x76, 0x76, 0x0c, 0xc8, 0xa0, 0x50, 0x52, 0xfd,
  0xff, 0xf3, 0x48, 0xc4, 0x8a, 0x31, 0x6c, 0x0a, 0xb0, 0x7e, 0xcb, 0xc7,
  0x3d, 0xc3, 0x6e, 0x1b, 0xb4, 0x07, 0x08, 0x0c, 0x91, 0xd9, 0x19, 0xe1,
  0x38, 0x40, 0xcf, 0xa6, 0x35, 0xab, 0xf0, 0x00, 0x90, 0xdd, 0x0d, 0x1c,
  0xe2, 0x1b, 0x79, 0xab, 0xfb, 0xe8, 0x84, 0xfe, 0x64, 0x5e, 0x89, 0xf5,
  0x3e, 0xf1, 0x04, 0x21, 0x93, 0xcd, 0xf8, 0x00, 0x2d, 0x28, 0xb0, 0x45,
  0x4e, 0x0b, 0x92, 0xbb, 0x17, 0xa5, 0x3d, 0xdf, 0xbc, 0x4f, 0x0e, 0x2c,
  0x7d, 0x20, 0x23, 0x40, 0x3b, 0x4b, 0x63, 0xff, 0xff, 0x9b, 0xce, 0x3c,
  0xd7, 0x9a, 0xa0, 0x97, 0x64, 0xf8, 0x61, 0xbc, 0xf5, 0x9c, 0xa1, 0x47,
  0x17, 0xbe, 0xb0, 0xc2, 0xfe, 0xfd, 0x94, 0x22, 0x60, 0x88, 0xc9, 0xbb,
  0xf2, 0xdd, 0xcf, 0x76, 0x45, 0x62, 0x81, 0x0c, 0x16, 0x18, 0xd5, 0x7e,
  0xce, 0xc0, 0xf2, 0x04, 0x0a, 0x26, 0xe2, 0x63, 0xc5, 0xa4, 0xd4, 0x81,
  0x25, 0xf5, 0x7a, 0xe7, 0xe3, 0x54, 0xc5, 0xa9, 0x98, 0xfe, 0x9a, 0xac,
  0xff, 0xf3, 0x48, 0xc4, 0x47, 0x2b, 0xca, 0xb2, 0xb0, 0xfe, 0xc3, 0xcb,
  0x1c, 0x4b, 0x5d, 0xba, 0x33, 0xe8, 0x32, 0x6e, 0x65, 0x4c, 0xcb, 0xd1,
  0x70, 0xf2, 0xd9, 0x8f, 0x49, 0x9f, 0x29, 0x15, 0xea, 0x08, 0x0a, 0xc8,
  0xeb, 0x86, 0x44, 0xe3, 0x22, 0xe8, 0xf2, 0x24, 0x87, 0xb1, 0xf0, 0x32,
  0x1d, 0xb2, 0x2e, 0x08, 0x51, 0x26, 0x2d, 0xa5, 0xb0, 0x99, 0x2a, 0x0c,
  0x95, 0x52, 0x2e, 0x22, 0xea, 0x11, 0x2d, 0x46, 0xc8, 0x75, 0x7b, 0xd6,
  0x64, 0x83, 0x71, 0xfa, 0x92, 0x2b, 0xe3, 0x11, 0x4a, 0x92, 0xd4, 0x8c,
  0xa5, 0x44, 0x23, 0x3a, 0x9c, 0x90, 0xa0, 0x91, 0x50, 0xac, 0x28, 0xb4,
  0x31, 0x42, 0x80, 0xa3, 0x8d, 0x3d, 0x8b, 0x3c, 0x27, 0x3f, 0x83, 0x0b,
  0x6b, 0xc9, 0x09, 0x96, 0xd7, 0xfb, 0x7f, 0x8c, 0x0a, 0x2a, 0x08, 0x30,
  0x55, 0x54, 0x37, 0x5f, 0x39, 0xab, 0xff, 0xb0, 0x0b, 0x78, 0x68, 0x3b,
  0x88, 0xf9, 0x85, 0xe6, 0xce, 0xa3, 0x95, 0xea, 0x41, 0x46, 0xe3, 0x0a,
  0xff, 0xf3, 0x48, 0xc4, 0x1a, 0x1c, 0x69, 0xf6, 0xca, 0xf6, 0x79, 0x86,
  0xe8, 0xcf, 0xaa, 0xa2, 0x42, 0x57, 0x24, 0xf8, 0x3f, 0x69, 0x62, 0x92,
  0xb4, 0x79, 0x40, 0x69, 0xf9, 0xd6, 0x12, 0x86, 0xfa, 0x6b, 0x82, 0xb5,
  0x6e, 0x33, 0x61, 0x97, 0xee, 0xc6, 0xa1, 0x9e, 0x39, 0x10, 0x61, 0x41,
  0x85, 0x65, 0x55, 0xbd, 0x4f, 0xe1, 0xed, 0xaf, 0x94, 0x65, 0xff, 0xf6,
  0x3a, 0x46, 0xad, 0xcb, 0x0a, 0x85, 0x5e, 0x18, 0x50, 0x59, 0xeb, 0x70,
  0x6b, 0x12, 0x89, 0x54, 0xfb, 0x81, 0x50, 0x68, 0x4a, 0x1a, 0x4a, 0x83,
  0xb0, 0xd2, 0x80, 0x5a, 0xdd, 0xd7, 0x02, 0xb0, 0x88, 0xdd, 0xbf, 0xb3,
  0x2b, 0x5f, 0xff, 0xec, 0x4d, 0x0e, 0x60, 0xc0, 0x39, 0xaf, 0x70, 0x68,
  0xab, 0x96, 0x26, 0x11, 0x93, 0x60, 0x68, 0x95, 0x12, 0xae, 0x9c, 0x9a,
  0xda, 0x79, 0x08, 0xd1, 0x38, 0x12, 0x09, 0x01, 0x61, 0xdc, 0x8a, 0x25,
  0x43, 0x8e, 0x80, 0xf4, 0x02, 0xa0, 0x85, 0x41, 0x55, 0x61, 0xc3, 0x8c,
  0xff, 0xf3, 0x48, 0xc4, 0x2b, 0x1b, 0x31, 0xd6, 0x7c, 0xd6, 0x4b, 0x06,
  0xe0, 0x16, 0x06, 0x72, 0xa3, 0x33, 0x01, 0x18, 0x30, 0x10, 0x4d, 0x1b,
  0x6b, 0x48, 0xff, 0xd7, 0x87, 0xb5, 0x8d, 0xf5, 0x7f, 0x55, 0xd4, 0xff,
  0xf8, 0xd6, 0xc3, 0xa1, 0x44, 0x86, 0x02, 0x68, 0x2a, 0x58, 0xa8, 0x2c,
  0xff, 0x2c, 0x0d, 0x03, 0x40, 0x50, 0x54, 0x15, 0x3b, 0x53, 0xfe, 0x55,
  0xca, 0x37, 0xea, 0x83, 0x59, 0xe0, 0x55, 0x9f, 0xff, 0x96, 0xfe, 0xb1,
  0x28, 0x2a, 0x0a, 0x82, 0xc2, 0x20, 0x69, 0x00, 0x08, 0x11, 0x52, 0x5b,
  0xbb, 0xbf, 0x37, 0xf2, 0xe8, 0x0e, 0x21, 0x8e, 0x8f, 0xf5, 0x62, 0xb1,
  0x76, 0x4d, 0x87, 0x03, 0x93, 0xc7, 0x91, 0x0b, 0x62, 0x1a, 0x71, 0x9f,
  0x8c, 0x2b, 0x48, 0x62, 0xed, 0x56, 0x39, 0xcb, 0x91, 0x60, 0x26, 0x69,
  0x64, 0xe4, 0x34, 0x2d, 0x08, 0x6a, 0x39, 0x55, 0x56, 0x70, 0x16, 0x2a,
  0x16, 0x30, 0x52, 0x8c, 0x55, 0x60, 0x2f, 0x62, 0xd8, 0xe1, 0xd2, 0xcc,
  0xff, 0xf3, 0x48, 0xc4, 0x41, 0x1c, 0xc1, 0x2a, 0x7a, 0x5e, 0x43, 0xc6,
  0x3c, 0x88, 0x81, 0xb1, 0xe3, 0x58, 0x66, 0x60, 0x54, 0x55, 0x9b, 0xfd,
  0x27, 0x61, 0x20, 0x68, 0xd2, 0x08, 0x82, 0xc2, 0x22, 0x4a, 0x5a, 0xd8,
  0x81, 0x50, 0x0b, 0x8d, 0x09, 0x8a, 0xb2, 0x3c, 0x05, 0xbc, 0x05, 0x51,
  0xa2, 0x21, 0x27, 0xff, 0xff, 0xff, 0x91, 0x77, 0xf0, 0x29, 0x10, 0x11,
  0x10, 0x50, 0x19, 0x00, 0xe5, 0xbf, 0x6d, 0xf4, 0xfe, 0x67, 0x28, 0xe8,
  0x58, 0x86, 0xa7, 0x2c, 0xc9, 0x13, 0x33, 0x81, 0xa6, 0x59, 0x38, 0x30,
  0x05, 0xe8, 0x3b, 0x5e, 0x8d, 0x49, 0xd0, 0x08, 0x0f, 0x1b, 0x3b, 0x7b,
  0x96, 0x82, 0x64, 0xf3, 0xa6, 0x10, 0xcc, 0xde, 0x58, 0xc9, 0xe5, 0x18,
  0x73, 0x5f, 0x38, 0x73, 0x16, 0x52, 0x8c, 0x1e, 0x30, 0xb2, 0x2f, 0x85,
  0xfc, 0x86, 0xd9, 0x08, 0x15, 0x08, 0x29, 0x88, 0x1d, 0x73, 0x22, 0xe1,
  0xe2, 0xfc, 0xdd, 0xee, 0x93, 0x78, 0xb9, 0xf0, 0xb0, 0xb8, 0x12, 0x08,
  0xff, 0xf3, 0x48, 0xc4, 0x51, 0x1c, 0xe9, 0x62, 0x7c, 0x5e, 0xc3, 0x10,
  0x98, 0x13, 0x9c, 0x29, 0x28, 0x70, 0xa0, 0xd3, 0xfd, 0xa7, 0xef, 0x72,
  0x46, 0x02, 0x01, 0x8c, 0x01, 0xa0, 0x99, 0x77, 0xdc, 0x53, 0x5b, 0xfa,
  0x08, 0x73, 0xe8, 0xe8, 0xff, 0x56, 0x4b, 0x67, 0x97, 0x81, 0x3c, 0xba,
  0x01, 0xfd, 0xfc, 0x72, 0xb3, 0x12, 0x76, 0x42, 0x00, 0x8c, 0xe7, 0x3d,
  0x33, 0x9a, 0x0b, 0xa2, 0xd3, 0x0b, 0x26, 0x48, 0x56, 0x71, 0xe5, 0xa4,
  0xc3, 0xb0, 0xfa, 0xbb, 0x46, 0xa4, 0xe6, 0x32, 0x83, 0x64, 0xed, 0x84,
  0xd3, 0x38, 0x12, 0x23, 0x09, 0x29, 0x0c, 0x32, 0x01, 0x05, 0x96, 0xe1,
  0xde, 0x4b, 0x90, 0xa8, 0x0b, 0x1b, 0x16, 0x17, 0x00, 0x01, 0x23, 0x28,
  0x28, 0x11, 0x9c, 0x97, 0x2c, 0x0a, 0x06, 0x60, 0x20, 0x65, 0xa3, 0x54,
  0x6a, 0x92, 0x05, 0x47, 0xc9, 0x0c, 0xfd, 0xea, 0x93, 0xf6, 0xf9, 0x9f,
  0xfe, 0xf7, 0xe8, 0x6d, 0xf3, 0xbf, 0x3b, 0xff, 0xf7, 0xfa, 0x31, 0x8f,
  0xff, 0xf3, 0x48, 0xc4, 0x60, 0x2d, 0x14, 0x16, 0x7c, 0x14, 0xd9, 0xd9,
  0x7c, 0x45, 0x30, 0x70, 0x68, 0x44, 0xf3, 0x1c, 0xc8, 0xa0, 0x4e, 0x48,
  0xb0, 0x88, 0x23, 0x80, 0xf1, 0x79, 0xf7, 0x30, 0x68, 0x34, 0x45, 0x3c,
  0x6e, 0x88, 0xc7, 0xa1, 0xf2, 0xa7, 0x16, 0x2e, 0x42, 0x38, 0x25, 0x9c,
  0x40, 0x7c, 0xf7, 0x98, 0xaa, 0xfc, 0xc5, 0xb1, 0xe7, 0x9f, 0x99, 0xfe,
  0xa7, 0xff, 0xff, 0xff, 0xff, 0xfc, 0xc3, 0xf4, 0xd0, 0xc6, 0x99, 0x7a,
  0x8f, 0xde, 0xcf, 0xbe, 0xd2, 0xce, 0x58, 0x70, 0x3a, 0x37, 0x58, 0x2d,
  0x13, 0xcb, 0x31, 0xc8, 0xdf, 0x2b, 0x8f, 0xe0, 0x80, 0xe8, 0xb1, 0x45,
  0x8e, 0x2a, 0x1a, 0xaa, 0xaf, 0xfe, 0x65, 0x64, 0x2e, 0xc9, 0xf2, 0x73,
  0x53, 0xb1, 0xab, 0x29, 0xde, 0x22, 0x60, 0x58, 0x2b, 0x35, 0x2d, 0xd3,
  0x01, 0x0e, 0x34, 0x40, 0x6f, 0xa2, 0x93, 0x6e, 0x18, 0x14, 0x97, 0x92,
  0x0d, 0x88, 0x47, 0x63, 0xca, 0x56, 0xd8, 0x9b, 0xe9, 0x5c, 0xe4, 0x59,
  0xff, 0xf3, 0x48, 0xc4, 0x2e, 0x26, 0x1c, 0x16, 0x9c, 0x14, 0xc9, 0xcd,
  0x7c, 0xdf, 0x94, 0x2b, 0xa6, 0x5d, 0x1a, 0x5a, 0x4b, 0x61, 0xa7, 0xb4,
  0xd7, 0xe6, 0x1c, 0xc1, 0xd8, 0x8c, 0xe5, 0xda, 0x96, 0x63, 0x17, 0x75,
  0x98, 0xdc, 0x47, 0x12, 0xce, 0x3d, 0x14, 0xf7, 0xfe, 0x95, 0x5d, 0xf6,
  0x46, 0x4a, 0x36, 0xd4, 0x66, 0x5a, 0x18, 0xfd, 0x58, 0xa8, 0x60, 0x47,
  0x1c, 0x14, 0x89, 0x02, 0xf3, 0x06, 0xa3, 0xae, 0x8f, 0x6e, 0xde, 0xea,
  0xea, 0xf3, 0xca, 0xcf, 0x43, 0x46, 0x8a, 0x71, 0xa8, 0xd3, 0xfc, 0xc9,
  0xbf, 0x67, 0xf4, 0x6f, 0xb2, 0xd3, 0x6f, 0xff, 0xff, 0xff, 0xff, 0x9e,
  0xa7, 0xda, 0x79, 0xe7, 0xb3, 0x23, 0x34, 0x46, 0x1c, 0x81, 0xdc, 0x1e,
  0xdd, 0x13, 0xb0, 0xfd, 0xc4, 0xd8, 0xc3, 0xfc, 0xee, 0x1d, 0xf9, 0x75,
  0x04, 0x9d, 0x01, 0x39, 0x11, 0x71, 0x0f, 0xff, 0xe4, 0x04, 0x6b, 0xcd,
  0xbf, 0xc8, 0x18, 0xa4, 0xbc, 0xbf, 0xa0, 0xf8, 0x3c, 0x55, 0xd0, 0x57,
  0xff, 0xf3, 0x48, 0xc4, 0x18, 0x1d, 0x33, 0x12, 0xc5, 0x9e, 0x7a, 0x44,
  0xfa, 0x10, 0x02, 0x38, 0x85, 0x4b, 0x25, 0x2a, 0x0b, 0x35, 0x7e, 0xea,
  0xe5, 0x79, 0x79, 0xe5, 0xea, 0xf3, 0x4b, 0x2c, 0x4c, 0xa9, 0xf0, 0x11,
  0x32, 0x05, 0xd0, 0x0a, 0xc3, 0xa4, 0x12, 0xb9, 0x95, 0x37, 0x97, 0xb6,
  0x72, 0xab, 0xfa, 0x75, 0xf8, 0xea, 0x91, 0x5f, 0xce, 0xd7, 0x7b, 0x91,
  0xd6, 0xeb, 0x55, 0x14, 0x7c, 0x8c, 0xcc, 0x73, 0x08, 0x20, 0x52, 0x81,
  0x48, 0xad, 0x2a, 0xdf, 0xff, 0xff, 0xeb, 0x72, 0xad, 0x4c, 0xab, 0xef,
  0xe7, 0xf7, 0xfb, 0x55, 0xac, 0xc4, 0x47, 0x2a, 0x14, 0x97, 0x9c, 0xfd,
  0xd6, 0x2c, 0xe1, 0xff, 0xf9, 0x7a, 0x44, 0x86, 0x48, 0xa1, 0xce, 0xbb,
  0x2a, 0x05, 0x17, 0xa5, 0xdb, 0xeb, 0xff, 0xaf, 0xc9, 0x86, 0x0d, 0x1d,
  0xdf, 0xd6, 0xdd, 0xb6, 0x49, 0x44, 0xe5, 0xd0, 0x71, 0x3d, 0x25, 0x4a,
  0xa8, 0xe2, 0x32, 0x86, 0xb2, 0xf7, 0x4d, 0xc5, 0x33, 0xb8, 0x30, 0x44,
  0xff, 0xf3, 0x48, 0xc4, 0x26, 0x1c, 0xdb, 0xce, 0xca, 0x5f, 0x58, 0x28,
  0x00, 0x01, 0xec, 0xe2, 0xcf, 0x90, 0x48, 0x59, 0x69, 0x47, 0xd2, 0x22,
  0x54, 0x3b, 0xb8, 0x28, 0x80, 0xd1, 0x77, 0x15, 0x73, 0xf3, 0x8a, 0xa6,
  0x4f, 0x45, 0xd7, 0x6f, 0x5f, 0x3e, 0x6c, 0xa6, 0x13, 0x0e, 0x94, 0x63,
  0x15, 0xab, 0xff, 0xa7, 0x37, 0xd8, 0xcb, 0xef, 0x29, 0x63, 0x05, 0x9e,
  0x45, 0x67, 0xea, 0x5f, 0xb7, 0xa3, 0xd3, 0x79, 0xb5, 0xb7, 0xcd, 0xa7,
  0x5f, 0xff, 0xff, 0x4d, 0x15, 0xa8, 0xf6, 0xcd, 0xf7, 0x6a, 0xa5, 0x85,
  0x90, 0x25, 0x54, 0x1a, 0x54, 0x59, 0x0a, 0x10, 0x11, 0xc2, 0x71, 0xa7,
  0x41, 0x82, 0xc1, 0xa8, 0x74, 0x56, 0x12, 0x15, 0x12, 0x2e, 0xba, 0x46,
  0xee, 0x3a, 0x9a, 0xa5, 0x5f, 0x17, 0xa6, 0xb5, 0x8a, 0x74, 0xfd, 0x64,
  0xb5, 0x2e, 0xda, 0x69, 0xe1, 0x6e, 0x00, 0xc7, 0x0b, 0x88, 0x95, 0x39,
  0xc3, 0x61, 0xf2, 0x01, 0xd0, 0x9a, 0x85, 0x5c, 0xba, 0xa1, 0xec, 0x9b,
  0xff, 0xf3, 0x48, 0xc4, 0x35, 0x2a, 0x5b, 0x72, 0x85, 0xbf, 0x98, 0x68,
  0x00, 0x37, 0x1e, 0x04, 0x88, 0xf0, 0x24, 0xc1, 0x40, 0x4e, 0x12, 0xe5,
  0x15, 0x89, 0x8f, 0xc4, 0xbc, 0x46, 0x00, 0x74, 0x94, 0x11, 0x71, 0x8a,
  0x32, 0x44, 0x98, 0xc8, 0xdb, 0xf9, 0x58, 0xe5, 0x26, 0x8d, 0xa5, 0x23,
  0x41, 0xc5, 0x49, 0x2d, 0x25, 0xff, 0x12, 0xd0, 0x58, 0x83, 0x94, 0x07,
  0xa0, 0xbf, 0x9b, 0x17, 0x48, 0x24, 0x44, 0x09, 0x23, 0x94, 0x51, 0x64,
  0xbf, 0xf3, 0x63, 0xf5, 0x98, 0xa4, 0xe5, 0xe4, 0x4f, 0x1a, 0x09, 0xf5,
  0x7a, 0x35, 0x2e, 0xa2, 0xf1, 0x8f, 0xff, 0x8f, 0x62, 0x4c, 0x76, 0x9d,
  0x34, 0x25, 0x4a, 0x87, 0x53, 0x55, 0x9a, 0xa9, 0x25, 0x3d, 0x75, 0xd4,
  0x92, 0x5f, 0xff, 0xff, 0xfa, 0x96, 0x8b, 0x28, 0xc9, 0x25, 0x9e, 0x35,
  0x27, 0x1b, 0x1e, 0x2f, 0x96, 0x1e, 0xfd, 0x85, 0x84, 0xb5, 0x1f, 0x04,
  0x80, 0x49, 0x2f, 0x7d, 0x07, 0xdc, 0xf1, 0x12, 0x01, 0x2d, 0xde, 0x27,
  0xff, 0xf3, 0x48, 0xc4, 0x0e, 0x20, 0x0b, 0x1e, 0x9c, 0xcb, 0x89, 0x38,
  0x00, 0x34, 0x85, 0x5c, 0x4b, 0x78, 0x3a, 0x11, 0xc2, 0x9e, 0xe3, 0x82,
  0x40, 0x96, 0x3a, 0x2b, 0x09, 0x44, 0x3f, 0x3c, 0xf1, 0x24, 0x07, 0x89,
  0x68, 0x0b, 0x48, 0xa1, 0xff, 0x95, 0x05, 0xe1, 0x39, 0x10, 0x5e, 0x0e,
  0xcb, 0x88, 0xa4, 0x10, 0xb9, 0x5f, 0xe0, 0x18, 0x42, 0x41, 0x5c, 0x68,
  0x23, 0x12, 0x0a, 0x18, 0x48, 0xba, 0xff, 0xc1, 0xe1, 0x07, 0x1c, 0x20,
  0x79, 0xee, 0x61, 0x44, 0x31, 0xd9, 0xc4, 0xc6, 0x9b, 0xff, 0xec, 0xe8,
  0xcf, 0xcc, 0x32, 0x63, 0x94, 0x1e, 0x35, 0xd8, 0x93, 0xde, 0xbf, 0xff,
  0xd8, 0xc3, 0x98, 0xca, 0x32, 0xb9, 0xe6, 0x36, 0x50, 0xc2, 0x27, 0x8e,
  0x0a, 0x86, 0xa4, 0xcf, 0x31, 0x88, 0x1e, 0x06, 0xff, 0xff, 0x8d, 0x28,
  0xa0, 0x40, 0x22, 0x6f, 0x97, 0x27, 0x01, 0xaa, 0x8f, 0x5b, 0x19, 0x4f,
  0x3c, 0x00, 0x92, 0xa9, 0x64, 0x10, 0xb3, 0xed, 0x87, 0x42, 0xd2, 0x21,
  0xff, 0xf3, 0x48, 0xc4, 0x10, 0x21, 0x33, 0x32, 0x90, 0x01, 0x87, 0x40,
  0x00, 0x25, 0xd5, 0x7f, 0xc8, 0x90, 0x91, 0x56, 0x3a, 0x1b, 0xff, 0x9a,
  0x24, 0x51, 0x86, 0x9c, 0x7b, 0x32, 0x89, 0x24, 0xee, 0x19, 0x99, 0xc1,
  0xd1, 0xa2, 0xa2, 0xe1, 0xf8, 0xb8, 0xa0, 0x64, 0x16, 0x9a, 0x30, 0x5c,
  0xc6, 0x55, 0x48, 0xbf, 0x84, 0x0e, 0x09, 0x81, 0xad, 0x43, 0x07, 0xb4,
  0xa9, 0x56, 0xe8, 0xf2, 0xbf, 0x2c, 0xdf, 0xb5, 0x8c, 0x84, 0x1e, 0x73,
  0x4b, 0x8e, 0x1c, 0x31, 0xb1, 0xf3, 0x0c, 0x41, 0xc3, 0xc5, 0xaf, 0xff,
  0xff, 0x99, 0x3f, 0x28, 0x5c, 0x4e, 0x40, 0x7c, 0x7e, 0xac, 0x88, 0x96,
  0x1d, 0x07, 0xc3, 0x06, 0x89, 0x45, 0x4c, 0x36, 0x25, 0x62, 0xcb, 0xb5,
  0xf6, 0xc9, 0x36, 0x3f, 0x8f, 0xf3, 0xa0, 0xab, 0x5a, 0xf7, 0x97, 0xd2,
  0x4d, 0xcf, 0x0b, 0x9e, 0x0a, 0x1c, 0x2f, 0x06, 0xbe, 0x4a, 0x00, 0x86,
  0x10, 0x64, 0x34, 0x1a, 0x14, 0x30, 0xc0, 0xa7, 0xfb, 0x0e, 0x3a, 0x62,
  0xff, 0xf3, 0x48, 0xc4, 0x0e, 0x1f, 0xeb, 0x26, 0x74, 0xfd, 0x87, 0x88,
  0x00, 0x90, 0x0f, 0xfc, 0x06, 0xb8, 0xb3, 0x11, 0xff, 0x1a, 0x04, 0x5c,
  0xdc, 0x63, 0x3f, 0xf0, 0xf5, 0x16, 0x0d, 0xb7, 0x16, 0xf2, 0x73, 0xd4,
  0xff, 0x88, 0x28, 0x32, 0xa2, 0x01, 0x85, 0xcd, 0x89, 0x60, 0x63, 0x03,
  0x23, 0x67, 0x49, 0x27, 0xff, 0x02, 0x70, 0x2d, 0xfc, 0x5b, 0xcb, 0x03,
  0x98, 0x4e, 0x06, 0x30, 0xa3, 0xad, 0x6c, 0x97, 0xfe, 0x4a, 0x9b, 0x8b,
  0x98, 0x36, 0xc3, 0x10, 0x6e, 0xf0, 0xf9, 0xc9, 0x31, 0x09, 0x3f, 0xff,
  0xff, 0xc8, 0x83, 0x97, 0xc8, 0xba, 0x44, 0x4c, 0xe9, 0x3e, 0x54, 0x30,
  0x27, 0x0b, 0xdf, 0xff, 0xff, 0xff, 0x95, 0x49, 0xf2, 0x7c, 0x8c, 0x19,
  0x02, 0xa1, 0x03, 0x27, 0xc7, 0x1b, 0x39, 0xbe, 0x69, 0xff, 0xff, 0xef,
  0x0b, 0x38, 0x3f, 0x29, 0x3e, 0xb0, 0xfd, 0x1a, 0x96, 0xa1, 0x0a, 0xaa,
  0xbf, 0xff, 0x99, 0xdf, 0x0b, 0x08, 0x48, 0x12, 0x98, 0x71, 0xdc, 0xca,
  0xff, 0xf3, 0x48, 0xc4, 0x11, 0x21, 0x72, 0xc6, 0xa9, 0x95, 0xd8, 0x30,
  0x00, 0x71, 0xff, 0x7e, 0xe5, 0xbf, 0x4d, 0x2d, 0xad, 0x2a, 0xca, 0x4b,
  0x4b, 0x73, 0x0c, 0x4b, 0xb9, 0x55, 0x5b, 0x24, 0xfa, 0x04, 0xb2, 0xf3,
  0xcb, 0xb1, 0xb9, 0x55, 0x57, 0x9f, 0xfe, 0xdf, 0x08, 0xb5, 0x57, 0x6d,
  0x7a, 0xde, 0xf2, 0xbd, 0x03, 0x12, 0xc5, 0x03, 0x03, 0x91, 0x05, 0x20,
  0xb2, 0x27, 0x2c, 0x14, 0x8c, 0x09, 0x57, 0x22, 0xd5, 0xf2, 0xff, 0x3a,
  0xa0, 0xd2, 0xeb, 0x61, 0x16, 0xbf, 0x53, 0xff, 0xf1, 0x56, 0xff, 0xee,
  0xf9, 0x6b, 0xed, 0xb9, 0x9a, 0xb9, 0xfe, 0x3c, 0x36, 0x47, 0xb4, 0xa3,
  0x2c, 0xad, 0x86, 0x73, 0x5a, 0xdb, 0x25, 0x98, 0xaf, 0x8e, 0xa7, 0xfa,
  0xea, 0xe3, 0xa3, 0x9a, 0x7c, 0x8b, 0x03, 0x75, 0x8e, 0x5d, 0x4d, 0x39,
  0x7b, 0xa8, 0x5a, 0xbf, 0xd5, 0x33, 0xa2, 0x1c, 0x32, 0x59, 0x58, 0xc0,
  0xc1, 0x7c, 0x2d, 0x7d, 0xe6, 0x4d, 0xc7, 0x82, 0x01, 0xe7, 0x14, 0x11,
  0xff, 0xf3, 0x48, 0xc4, 0x0e, 0x1c, 0xf1, 0xbe, 0x9e, 0x2c, 0xd2, 0x46,
  0xb0, 0xa4, 0x16, 0x81, 0x88, 0xb4, 0x91, 0x8d, 0xc5, 0x17, 0x00, 0x4c,
  0x14, 0xea, 0x69, 0xd1, 0x7a, 0x5b, 0x28, 0x70, 0x4b, 0x48, 0xaa, 0x61,
  0x44, 0x26, 0xa5, 0x1b, 0x60, 0x9d, 0x0f, 0x8d, 0x6b, 0x6e, 0x36, 0xb3,
  0x33, 0xd6, 0x21, 0xff, 0xaa, 0x93, 0x55, 0x23, 0xdf, 0xe5, 0x12, 0x8e,
  0xaa, 0xec, 0x04, 0x1c, 0x04, 0x98, 0xfb, 0x1b, 0xf3, 0xb7, 0xbb, 0x19,
  0x6d, 0xc6, 0xc9, 0xb8, 0xcd, 0x86, 0xa2, 0x22, 0x4c, 0xc3, 0xa6, 0x5c,
  0xb1, 0x5b, 0x80, 0xae, 0x96, 0x6d, 0x61, 0x20, 0x68, 0x89, 0x64, 0xb1,
  0xfd, 0x10, 0x54, 0xe8, 0x96, 0xa7, 0xd3, 0xff, 0x2d, 0xe5, 0xbc, 0xdf,
  0xd6, 0x74, 0x1a, 0xf1, 0x81, 0xd4, 0x21, 0x00, 0x01, 0x06, 0x8d, 0xe7,
  0x83, 0xfc, 0x72, 0xab, 0x2e, 0x04, 0x09, 0x1c, 0xa4, 0xa9, 0x85, 0x02,
  0xb0, 0x59, 0xb8, 0x31, 0x0e, 0x66, 0x12, 0x1c, 0x6a, 0x44, 0x69, 0x73,
  0xff, 0xf3, 0x48, 0xc4, 0x1d, 0x1b, 0xe9, 0x72, 0x8a, 0x16, 0xda, 0x06,
  0xd4, 0x8b, 0x32, 0x74, 0x64, 0xa1, 0xc0, 0x50, 0xee, 0xb2, 0xc5, 0xc1,
  0x50, 0x4a, 0x2d, 0x7b, 0x96, 0x41, 0xd7, 0xa6, 0x1d, 0x88, 0xbc, 0xcd,
  0xb9, 0x57, 0x7a, 0x6f, 0x5f, 0xa5, 0x4c, 0x35, 0x8d, 0x18, 0x2a, 0x1d,
  0x1d, 0xf1, 0x41, 0x2d, 0x3a, 0x13, 0x8c, 0xc5, 0xa5, 0xbd, 0xf6, 0x06,
  0xe6, 0x8d, 0x74, 0x1c, 0x34, 0x13, 0x1b, 0xf8, 0xb2, 0x2f, 0x08, 0xa9,
  0x35, 0x8c, 0xfc, 0x0c, 0xc1, 0x55, 0x0e, 0x03, 0x40, 0xae, 0xd4, 0x1d,
  0x43, 0x5d, 0xd5, 0xff, 0xff, 0xc6, 0x2f, 0xe8, 0xb9, 0xe3, 0x55, 0x6a,
  0x06, 0xbf, 0x8d, 0xbb, 0xa6, 0xaf, 0xfd, 0xa1, 0x90, 0x3a, 0x5f, 0xdc,
  0x52, 0x3a, 0x56, 0x75, 0x5a, 0x32, 0x96, 0xe9, 0x2c, 0x34, 0x7b, 0x58,
  0x45, 0x78, 0x87, 0x4e, 0xb3, 0x96, 0x94, 0xc5, 0xb9, 0x0b, 0xf4, 0x16,
  0xb5, 0x7c, 0x9e, 0xc9, 0xae, 0xec, 0x7e, 0x7f, 0x91, 0xbf, 0xfd, 0xc8,
  0xff, 0xf3, 0x48, 0xc4, 0x30, 0x1c, 0xbb, 0x8a, 0xc8, 0xfe, 0x58, 0xca,
  0xb6, 0x51, 0xe8, 0x28, 0xcc, 0xa6, 0x65, 0xce, 0x72, 0x30, 0x7d, 0xc0,
  0x71, 0x20, 0x00, 0x81, 0xc1, 0x61, 0xd0, 0x10, 0x71, 0x45, 0xc3, 0xe8,
  0xe2, 0x62, 0xec, 0x2e, 0xe7, 0x46, 0x27, 0xb7, 0xc9, 0x7e, 0xcb, 0x5b,
  0xfc, 0x8c, 0x4a, 0x10, 0x8c, 0x46, 0x90, 0xfd, 0x43, 0x8a, 0x81, 0xc1,
  0x49, 0x4e, 0xfb, 0xff, 0x9f, 0x4c, 0x8a, 0x77, 0x21, 0x1a, 0x20, 0x28,
  0x1f, 0x02, 0x44, 0xf9, 0x39, 0x34, 0xf6, 0x5d, 0x0a, 0x00, 0x4f, 0x00,
  0xcc, 0x9f, 0xc0, 0x78, 0x7b, 0x76, 0x14, 0x1c, 0x2a, 0x86, 0x10, 0x0b,
  0x38, 0x6e, 0xad, 0xd8, 0x86, 0xef, 0x51, 0x8a, 0xed, 0x10, 0x8b, 0xe4,
  0x66, 0xb6, 0xda, 0x7f, 0xad, 0x4e, 0x40, 0x01, 0x13, 0x6a, 0x0b, 0x6f,
  0xd9, 0x33, 0x20, 0x6c, 0x7f, 0x3a, 0xc2, 0x0e, 0x1c, 0xd1, 0xed, 0xbb,
  0x8b, 0xe9, 0xc2, 0xe4, 0xaa, 0x1c, 0x75, 0x3b, 0x5d, 0xed, 0x17, 0x9b,
  0xff, 0xf3, 0x48, 0xc4, 0x40, 0x1c, 0x5b, 0x72, 0x9a, 0x14, 0x18, 0x47,
  0x69, 0x20, 0x00, 0x82, 0x7e, 0xbb, 0x9c, 0xbf, 0x99, 0xf9, 0xf4, 0xe1,
  0xbb, 0x99, 0xc2, 0xdf, 0x8d, 0x23, 0x9c, 0x99, 0x20, 0x02, 0x6e, 0x7b,
  0xa1, 0x6e, 0xfb, 0xbe, 0x7f, 0x90, 0x77, 0x7c, 0xf7, 0x73, 0xd6, 0xe4,
  0x81, 0x00, 0x15, 0x4f, 0xa7, 0x75, 0xef, 0x93, 0xfd, 0xaf, 0xb6, 0x1b,
  0xd4, 0x02, 0x6a, 0x0e, 0xc7, 0x65, 0xb2, 0xd8, 0xdb, 0xfc, 0x3f, 0xd2,
  0x30, 0xde, 0x42, 0x36, 0x87, 0x01, 0xc4, 0x28, 0xd9, 0x43, 0xaa, 0x8d,
  0xe5, 0xa3, 0x4e, 0xb3, 0x16, 0x0d, 0x1a, 0xdd, 0x37, 0x91, 0xad, 0xae,
  0xf7, 0xef, 0x19, 0x89, 0x89, 0x64, 0xcb, 0x91, 0x4b, 0x13, 0x7f, 0x63,
  0x71, 0x60, 0x0c, 0x4a, 0xa2, 0x1b, 0x8e, 0xe1, 0x82, 0xb9, 0x30, 0x95,
  0x53, 0x06, 0x0a, 0x38, 0x88, 0x46, 0x64, 0x17, 0x83, 0x8c, 0x68, 0x1a,
  0xc0, 0xa5, 0x57, 0x60, 0xa2, 0xc5, 0xd5, 0x68, 0x44, 0xee, 0xb6, 0xcf,
  0xff, 0xf3, 0x48, 0xc4, 0x51, 0x1b, 0xd9, 0xb2, 0xd2, 0x5c, 0x06, 0x86,
  0x1e, 0x3e, 0x16, 0xb8, 0x5b, 0x18, 0x38, 0xed, 0x38, 0xa7, 0xb2, 0x8a,
  0x9d, 0xe4, 0x58, 0x81, 0x10, 0x6d, 0x22, 0xe1, 0x1b, 0xda, 0x57, 0x91,
  0x5e, 0x89, 0xe9, 0x17, 0x67, 0x86, 0x3d, 0x35, 0x05, 0x42, 0x38, 0x95,
  0xeb, 0xa8, 0x01, 0xaa, 0x07, 0xff, 0xd5, 0x92, 0x88, 0x8f, 0x03, 0x6c,
  0x80, 0x8a, 0xd2, 0xd1, 0x43, 0x08, 0x60, 0x66, 0x8d, 0x9a, 0x90, 0x4a,
  0xe9, 0x4b, 0xe2, 0xa9, 0xa8, 0xa0, 0x61, 0x85, 0x5f, 0xae, 0xf3, 0x0a,
  0x8c, 0xed, 0x5e, 0xd5, 0x56, 0xb8, 0x35, 0xb7, 0x9c, 0x01, 0x84, 0x97,
  0x68, 0x20, 0x23, 0x2c, 0xe0, 0xc0, 0x47, 0x6a, 0x82, 0x52, 0xe3, 0x1c,
  0x3e, 0xe9, 0xff, 0xfe, 0x5e, 0xd2, 0xca, 0xbf, 0x54, 0x52, 0x71, 0x0a,
  0x47, 0x38, 0x46, 0x5a, 0x08, 0x2a, 0x1d, 0x8e, 0x72, 0x6e, 0xb5, 0x6f,
  0x7e, 0xc8, 0xe9, 0x10, 0x19, 0x9f, 0xc5, 0xab, 0x84, 0xce, 0x04, 0xc0,
  0xff, 0xf3, 0x48, 0xc4, 0x64, 0x1b, 0xc1, 0xb6, 0xb2, 0xfe, 0xd1, 0x86,
  0xe4, 0x4f, 0x31, 0x53, 0x3f, 0xff, 0xff, 0xd0, 0x98, 0x84, 0xab, 0xeb,
  0x80, 0x10, 0xf5, 0xbf, 0x80, 0x64, 0xa8, 0xff, 0xe1, 0xd9, 0x48, 0x36,
  0x40, 0xe9, 0x46, 0xe5, 0xb7, 0xda, 0x31, 0x6a, 0x80, 0xc6, 0x6a, 0x6f,
  0xec, 0xb6, 0xa4, 0xaa, 0x19, 0xa2, 0xb5, 0xce, 0xf3, 0x2a, 0x5e, 0x28,
  0x0a, 0x39, 0x0e, 0x1d, 0x47, 0x51, 0x20, 0xf3, 0xb6, 0xa2, 0x22, 0xbd,
  0xd4, 0xb5, 0x68, 0x88, 0x74, 0xbe, 0x55, 0x6a, 0x88, 0x87, 0x4b, 0xff,
  0xe8, 0xff, 0xb8, 0x88, 0xa8, 0x88, 0x75, 0x8c, 0x63, 0x14, 0xac, 0x67,
  0x33, 0xc4, 0x98, 0xcf, 0xff, 0x2d, 0x5b, 0xe5, 0x6c, 0xd5, 0x29, 0x5b,
  0x9a, 0xad, 0x2b, 0x50, 0xce, 0x61, 0xa2, 0xaa, 0x74, 0xab, 0x91, 0x06,
  0xb5, 0x0e, 0x1f, 0x11, 0x07, 0x72, 0xc7, 0xa8, 0xff, 0xe2, 0x5e, 0x25,
  0xf8, 0x97, 0x58, 0x2a, 0xe1, 0x31, 0x51, 0x2a, 0x4d, 0xdb, 0x6c, 0x76,
  0xff, 0xf3, 0x48, 0xc4, 0x78, 0x1c, 0xea, 0x76, 0x99, 0xbf, 0x58, 0x28,
  0x00, 0xcb, 0x60, 0xb6, 0xd9, 0x63, 0xad, 0x58, 0xad, 0x62, 0xbe, 0x3b,
  0xe8, 0xb1, 0x01, 0x80, 0x7c, 0x60, 0x2a, 0xbd, 0x8f, 0x86, 0x84, 0xd3,
  0x2b, 0x8c, 0x3e, 0x2c, 0xba, 0x0f, 0x9a, 0xbb, 0xb0, 0xf0, 0x3c, 0x14,
  0x1e, 0x4c, 0x90, 0x4f, 0xfe, 0xd2, 0x00, 0x41, 0x0d, 0xaa, 0x25, 0xe7,
  0xbe, 0xd3, 0x10, 0xc4, 0x71, 0xe2, 0x33, 0x99, 0x73, 0x12, 0x6c, 0x57,
  0xda, 0x55, 0x52, 0x58, 0xa4, 0x09, 0x97, 0xfb, 0x86, 0xb7, 0xed, 0x39,
  0x7e, 0xd2, 0xca, 0x1b, 0x8a, 0x9c, 0x61, 0xdb, 0x44, 0x4e, 0xe3, 0x65,
  0x1e, 0x5f, 0xba, 0xfb, 0xa8, 0x05, 0x61, 0xc0, 0x2f, 0x3c, 0xf1, 0x62,
  0x75, 0x62, 0xdf, 0x49, 0xdb, 0x46, 0x6f, 0xeb, 0x7e, 0x93, 0xff, 0xff,
  0x0e, 0xc3, 0x82, 0xc3, 0xa2, 0x45, 0x04, 0xd1, 0x56, 0xe7, 0xba, 0x4c,
  0x8c, 0xe5, 0x11, 0x6e, 0x2f, 0x7b, 0xff, 0xff, 0xff, 0xff, 0xff, 0xf7,
  0xff, 0xf3, 0x48, 0xc4, 0x87, 0x25, 0x0b, 0x7e, 0xde, 0x5f, 0x8b, 0x40,
  0x03, 0x3c, 0x3f, 0xa3, 0xf3, 0xf9, 0xf6, 0xcf, 0xd1, 0xfa, 0xdf, 0xaf,
  0x93, 0x87, 0x55, 0x75, 0xa1, 0x24, 0xa9, 0x08, 0x0f, 0xde, 0x5b, 0x6e,
  0x09, 0x26, 0x62, 0x01, 0x66, 0x51, 0x90, 0x26, 0xc2, 0x62, 0x20, 0x14,
  0x0e, 0xd3, 0xc9, 0x00, 0x98, 0x18, 0x98, 0x70, 0xb8, 0xb1, 0x29, 0x74,
  0x97, 0xae, 0xa5, 0x12, 0x8c, 0x7f, 0xff, 0x75, 0x03, 0xef, 0xe1, 0x30,
  0x7d, 0xe6, 0x10, 0x23, 0xe9, 0x3b, 0xa3, 0x14, 0x8f, 0x31, 0xd8, 0x62,
  0x58, 0xe7, 0x53, 0xdd, 0x0f, 0xf4, 0xa2, 0x9c, 0x8e, 0xb3, 0xe7, 0x0f,
  0xbb, 0xb3, 0xdf, 0xd5, 0x67, 0xea, 0x44, 0x29, 0xaa, 0x88, 0x2c, 0xb0,
  0x58, 0x0a, 0x74, 0x15, 0xa1, 0xda, 0xf1, 0x15, 0xe3, 0xc3, 0x4e, 0x92,
  0x51, 0x69, 0x53, 0xb4, 0xbd, 0x51, 0x16, 0x8f, 0x0d, 0x7d, 0x67, 0x79,
  0x21, 0x11, 0x56, 0xd2, 0xfa, 0x4c, 0x51, 0xd3, 0x36, 0x22, 0x7d, 0x4a,
  0xff, 0xf3, 0x48, 0xc4, 0x75, 0x1d, 0x19, 0xd2, 0xae, 0x3b, 0xdb, 0x28,
  0x02, 0x45, 0x03, 0x09, 0x62, 0xdf, 0xba, 0x29, 0x4a, 0x17, 0xf3, 0x2b,
  0xd3, 0xcd, 0x75, 0x20, 0xca, 0x0b, 0x7e, 0x6d, 0xe2, 0xa4, 0x9a, 0x0e,
  0xe2, 0x35, 0x37, 0x54, 0xaa, 0x4b, 0x7c, 0x1e, 0x81, 0xa3, 0x1b, 0xff,
  0xdb, 0x05, 0x89, 0xcf, 0xe2, 0x99, 0x30, 0xda, 0x75, 0x4c, 0xef, 0x97,
  0xe3, 0xea, 0x7c, 0x67, 0xed, 0x5b, 0x6f, 0xe9, 0x44, 0x41, 0x6b, 0x33,
  0x1d, 0x98, 0x0b, 0x62, 0x55, 0x2c, 0xa0, 0xdf, 0x4e, 0x17, 0x50, 0xaf,
  0x42, 0x21, 0xfc, 0x48, 0xda, 0xdd, 0x9b, 0x66, 0xb8, 0xb3, 0xdd, 0xd5,
  0x5e, 0xc3, 0x4a, 0xa8, 0xce, 0x5b, 0x2a, 0x1b, 0xe5, 0xbf, 0xea, 0xdf,
  0xfd, 0x0b, 0xf2, 0x1b, 0xd0, 0x31, 0xd3, 0xca, 0xdf, 0x7f, 0xfe, 0xb9,
  0x85, 0x72, 0x3f, 0xff, 0xff, 0xfe, 0xf4, 0xff, 0xaa, 0x44, 0x21, 0x00,
  0x99, 0x1d, 0x38, 0x13, 0x9a, 0xe9, 0x48, 0x15, 0x11, 0x72, 0xdc, 0x72,
  0xff, 0xf3, 0x48, 0xc4, 0x83, 0x1c, 0xf2, 0xba, 0xb2, 0xfe, 0xc3, 0xc4,
  0xbc, 0x94, 0xb5, 0xa8, 0x8a, 0x9d, 0x1a, 0x30, 0x06, 0x08, 0x28, 0x2b,
  0x4f, 0x8e, 0xe5, 0x24, 0x17, 0xc5, 0xe2, 0xf8, 0xcd, 0x14, 0xc4, 0x21,
  0x63, 0x3f, 0xf4, 0x34, 0xdb, 0xb6, 0x22, 0x57, 0x6d, 0xaa, 0x09, 0xbf,
  0xc7, 0x53, 0x2a, 0x23, 0xee, 0xed, 0xe3, 0x98, 0xd8, 0x39, 0x48, 0x5a,
  0x0d, 0x5c, 0xa2, 0x55, 0x4f, 0xa8, 0x01, 0xb0, 0x6c, 0x72, 0x67, 0x48,
  0x2c, 0x3e, 0x40, 0x40, 0x25, 0x0c, 0x8d, 0x24, 0xec, 0x28, 0x50, 0x11,
  0x41, 0x33, 0x96, 0x09, 0x5f, 0x15, 0x20, 0x38, 0x81, 0xb3, 0x1b, 0xb5,
  0xc3, 0xbf, 0xf0, 0x28, 0x53, 0xbc, 0xbd, 0xbf, 0xff, 0xff, 0xf9, 0x7e,
  0xdd, 0x39, 0xca, 0x08, 0x01, 0x0c, 0x60, 0x19, 0x4c, 0x97, 0xff, 0xfd,
  0xc8, 0xf8, 0xed, 0x32, 0x23, 0xd5, 0x35, 0x33, 0x39, 0x4a, 0xc2, 0xc7,
  0xb6, 0xb1, 0x27, 0xf5, 0xc2, 0xab, 0x24, 0x44, 0x00, 0xec, 0x8c, 0x7e,
  0xff, 0xf3, 0x48, 0xc4, 0x92, 0x1c, 0x21, 0x02, 0xa6, 0x36, 0x5e, 0x5e,
  0x2e, 0x96, 0xd3, 0x74, 0x9b, 0x2a, 0x00, 0x45, 0x8b, 0xf6, 0x7f, 0xb3,
  0x29, 0xdf, 0x27, 0xfe, 0xef, 0x57, 0x5c, 0x39, 0xdc, 0xb7, 0xf8, 0xea,
  0x25, 0xdc, 0x7f, 0x1a, 0xd5, 0x18, 0xd3, 0xdd, 0xbf, 0xab, 0x8f, 0x02,
  0xe4, 0xb2, 0xcb, 0x54, 0xda, 0x92, 0xcb, 0x14, 0xbd, 0x7f, 0x9a, 0xe9,
  0xda, 0x65, 0x13, 0x1e, 0x30, 0xcf, 0x5c, 0xec, 0x80, 0x14, 0x41, 0x6d,
  0xf6, 0x0f, 0x29, 0xca, 0xf3, 0x8b, 0xa7, 0x22, 0xbb, 0x75, 0x89, 0x37,
  0x17, 0x10, 0x09, 0x86, 0x11, 0x44, 0x44, 0xdc, 0x71, 0x85, 0x12, 0x74,
  0xfa, 0xb9, 0xdc, 0xf3, 0xfb, 0xf4, 0x6e, 0xe7, 0xa1, 0x2e, 0x4b, 0xd1,
  0x89, 0x23, 0xee, 0x77, 0xc8, 0xff, 0xff, 0xff, 0xff, 0xff, 0x9e, 0xf6,
  0x3b, 0x2b, 0xfa, 0x11, 0xd3, 0x54, 0xb2, 0xd0, 0xa8, 0x46, 0x3b, 0x0f,
  0x48, 0x11, 0x00, 0xa8, 0x17, 0x10, 0xfd, 0xe1, 0x5e, 0x81, 0x54, 0xc6,
  0xff, 0xf3, 0x48, 0xc4, 0xa4, 0x26, 0x04, 0x16, 0x9a, 0x36, 0xd3, 0x0b,
  0x68, 0x21, 0x8b, 0x33, 0x9c, 0x98, 0x67, 0xf8, 0x62, 0x21, 0x4a, 0x34,
  0x84, 0xc1, 0x80, 0x4a, 0x14, 0x66, 0xad, 0x01, 0x98, 0xd3, 0xe3, 0x44,
  0x67, 0xb9, 0xaf, 0xae, 0x32, 0x0d, 0x70, 0xe5, 0x67, 0x2d, 0xca, 0x50,
  0x71, 0xa9, 0x5b, 0x88, 0xe3, 0xf3, 0x29, 0x83, 0x3f, 0x8d, 0x4c, 0x72,
  0xe9, 0x7f, 0xfe, 0xb9, 0x2d, 0x0b, 0xe3, 0x7a, 0xbd, 0x3a, 0x7b, 0x1f,
  0x4e, 0x7b, 0x25, 0x95, 0xb9, 0x9f, 0x95, 0x1d, 0x6f, 0x04, 0x6c, 0x58,
  0xf0, 0x5b, 0xb2, 0x93, 0xa1, 0x4e, 0x18, 0x28, 0x82, 0xf4, 0x65, 0x18,
  0x33, 0xf9, 0xda, 0x72, 0x19, 0xfc, 0xcc, 0xe4, 0x4d, 0xbf, 0x2c, 0x76,
  0x4c, 0x3f, 0x2e, 0x47, 0xd7, 0x49, 0xf5, 0x89, 0xa7, 0x6e, 0x56, 0x9a,
  0x3f, 0xf5, 0xd3, 0x23, 0xdf, 0xb9, 0x60, 0x4b, 0x21, 0x8a, 0x94, 0xb6,
  0xa9, 0xcd, 0x20, 0x3b, 0x56, 0xde, 0x8b, 0x58, 0x2d, 0xa4, 0x2a, 0x2b,
  0xff, 0xf3, 0x48, 0xc4, 0x8f, 0x32, 0xab, 0xc6, 0x9e, 0x2e, 0xd3, 0x1b,
  0x5a, 0xd6, 0xe1, 0x37, 0xb0, 0xd0, 0x4d, 0x37, 0x58, 0xf1, 0x1b, 0x87,
  0x70, 0xf8, 0x34, 0xa8, 0xc0, 0x2c, 0xc6, 0x51, 0xa1, 0x38, 0x93, 0x53,
  0x1b, 0x92, 0x89, 0x95, 0x12, 0x66, 0x48, 0xa8, 0xb8, 0x82, 0x3f, 0x41,
  0xbd, 0xbd, 0xae, 0x93, 0x1b, 0xaf, 0x37, 0x59, 0xb9, 0xba, 0xe9, 0xa4,
  0x62, 0x64, 0xca, 0x6a, 0x48, 0x9b, 0x1e, 0x52, 0xe6, 0xb4, 0xba, 0x40,
  0xcd, 0x24, 0x01, 0x41, 0x17, 0x6c, 0x00, 0x1c, 0x3f, 0xf9, 0x9d, 0x23,
  0x86, 0x16, 0x52, 0x3d, 0xce, 0xc5, 0x87, 0xae, 0x89, 0xa5, 0x8c, 0xcd,
  0x65, 0xea, 0x85, 0x8b, 0x23, 0x75, 0x47, 0x4c, 0x20, 0x2d, 0x7a, 0x99,
  0xe1, 0x6e, 0x5a, 0xaa, 0xb6, 0x70, 0xcb, 0xf7, 0x02, 0x20, 0xd5, 0xcc,
  0x29, 0xb2, 0xb5, 0x28, 0x15, 0x00, 0xf3, 0x67, 0x8f, 0xeb, 0x07, 0x42,
  0x8f, 0x56, 0xb7, 0x77, 0x6b, 0xd1, 0xe7, 0xc9, 0x77, 0xad, 0x80, 0x5e,
  0xff, 0xf3, 0x48, 0xc4, 0x47, 0x28, 0x5a, 0xc6, 0x9a, 0x5c, 0xd3, 0x07,
  0x6c, 0xde, 0x76, 0x1c, 0xc0, 0x3f, 0x4e, 0xce, 0x6e, 0x2e, 0x9a, 0xd5,
  0x9f, 0xc1, 0x2a, 0xd7, 0x39, 0x5a, 0x90, 0xba, 0x7e, 0xa7, 0x69, 0x4a,
  0x8d, 0x69, 0x21, 0xd8, 0x6e, 0xd1, 0xca, 0x29, 0x44, 0x72, 0x54, 0x70,
  0xae, 0xd7, 0x5f, 0x99, 0x63, 0x7f, 0x3e, 0x98, 0x25, 0x23, 0x22, 0xe7,
  0xed, 0x60, 0x2b, 0x91, 0xb4, 0x05, 0xd2, 0x77, 0x70, 0x75, 0x33, 0x1d,
  0x08, 0x5c, 0x94, 0x12, 0x6a, 0x6a, 0x65, 0xaa, 0x90, 0x50, 0x89, 0xd2,
  0x6b, 0x22, 0x04, 0xd2, 0xff, 0xfd, 0x1c, 0xe9, 0x64, 0x19, 0x2c, 0x90,
  0x54, 0x0b, 0x2a, 0xb8, 0x10, 0x50, 0x7d, 0x2a, 0x03, 0x04, 0x0a, 0x44,
  0x47, 0x9f, 0x91, 0x2d, 0xff, 0xff, 0x10, 0x09, 0x00, 0x0f, 0x80, 0xf5,
  0xee, 0x7c, 0xa9, 0x49, 0x18, 0xc0, 0x3e, 0xd4, 0x36, 0x16, 0x89, 0x88,
  0x01, 0x23, 0x57, 0xff, 0x4c, 0x55, 0xbf, 0xfc, 0x36, 0x21, 0x86, 0xec,
  0xff, 0xf3, 0x48, 0xc4, 0x28, 0x1d, 0x02, 0x46, 0xb7, 0x1c, 0x7a, 0x46,
  0xb0, 0xe9, 0x76, 0x6d, 0x1a, 0x35, 0xdf, 0x69, 0x5d, 0xd1, 0xd9, 0x85,
  0xbd, 0xa1, 0xcd, 0x1d, 0x11, 0xce, 0x08, 0xff, 0xf2, 0x4a, 0xf4, 0x91,
  0x5f, 0xbe, 0x54, 0xaa, 0x05, 0x35, 0xcb, 0x86, 0xab, 0xa3, 0x90, 0x58,
  0xf1, 0x05, 0x9b, 0xdf, 0xb4, 0xcf, 0xff, 0xec, 0x27, 0x6d, 0x2e, 0x59,
  0xf5, 0x80, 0xc3, 0x00, 0x75, 0x0a, 0x1e, 0x0b, 0x06, 0x6f, 0x56, 0x18,
  0x22, 0xfb, 0x54, 0x92, 0x1d, 0xd2, 0x7f, 0x77, 0xf5, 0x6e, 0xb9, 0x17,
  0x68, 0x5b, 0x5e, 0x23, 0x97, 0x15, 0x37, 0x65, 0xb6, 0xdb, 0x12, 0x92,
  0xdb, 0xd0, 0xd4, 0x37, 0x70, 0xa0, 0x32, 0xa4, 0xad, 0xa5, 0x65, 0x5b,
  0x6e, 0xe9, 0x9f, 0xea, 0x9f, 0xa6, 0xb6, 0x77, 0xab, 0xb9, 0xb5, 0x08,
  0x7b, 0x10, 0xca, 0x8c, 0x10, 0x40, 0x51, 0x67, 0x2b, 0x95, 0x1c, 0x8e,
  0x8a, 0x6f, 0xd3, 0x27, 0x98, 0xfa, 0x26, 0xbe, 0xb7, 0xb0, 0x97, 0xd8,
  0xff, 0xf3, 0x48, 0xc4, 0x37, 0x29, 0xec, 0x16, 0xf2, 0x5e, 0x12, 0x59,
  0xee, 0x28, 0x81, 0x42, 0xa2, 0xfc, 0x48, 0x1b, 0x27, 0x36, 0x2c, 0x4c,
  0x60, 0xa0, 0x10, 0x2b, 0x6c, 0xb1, 0x03, 0xc5, 0x10, 0x42, 0x1b, 0x36,
  0x46, 0xd1, 0xa4, 0x2d, 0x20, 0xb5, 0x14, 0x24, 0x40, 0xbb, 0x7d, 0x79,
  0x30, 0xd9, 0x63, 0x25, 0x51, 0xcf, 0x45, 0x08, 0x15, 0x91, 0x1a, 0xed,
  0x90, 0x14, 0x56, 0x44, 0x66, 0xe2, 0x74, 0x98, 0xf2, 0xe6, 0xed, 0x04,
  0x27, 0x19, 0xec, 0x08, 0xc8, 0xdb, 0x50, 0xab, 0x0c, 0x5e, 0xa9, 0x90,
  0x61, 0x89, 0x91, 0x93, 0xc1, 0xc9, 0x10, 0x10, 0x6c, 0x83, 0xe3, 0xd1,
  0x68, 0xf1, 0x3a, 0xbb, 0x9d, 0xae, 0x93, 0x82, 0x41, 0xe1, 0xc2, 0xc7,
  0x20, 0x70, 0xa8, 0xb5, 0x59, 0x20, 0x3c, 0x7c, 0xf0, 0x70, 0x64, 0x90,
  0x24, 0x25, 0x10, 0xde, 0xb1, 0xe5, 0x23, 0x7f, 0xe7, 0x42, 0x6c, 0x83,
  0xff, 0xfe, 0xbf, 0x64, 0x73, 0x35, 0xfe, 0xf7, 0xa6, 0xbc, 0x15, 0x4c,
  0xff, 0xf3, 0x48, 0xc4, 0x12, 0x1b, 0x4c, 0x16, 0xd0, 0x0c, 0x00, 0x53,
  0x88, 0xe1, 0x9b, 0x5c, 0x40, 0xb9, 0xe7, 0xc5, 0x77, 0x42, 0x56, 0xd1,
  0x0a, 0xc4, 0x97, 0xd0, 0x1a, 0x74, 0xda, 0x83, 0x68, 0xd4, 0x6a, 0x9d,
  0x29, 0x5c, 0x5b, 0xd9, 0x4b, 0x5a, 0x5c, 0x3e, 0xc3, 0x3d, 0xb3, 0xf1,
  0xa4, 0x96, 0x4b, 0x36, 0x77, 0xed, 0x24, 0x72, 0xcc, 0x73, 0xe3, 0xf1,
  0x9b, 0xc9, 0x6d, 0xb4, 0xfd, 0x8c, 0x33, 0x76, 0x37, 0xfb, 0x97, 0xa5,
  0x65, 0xf1, 0x02, 0x1d, 0x66, 0x0c, 0xa6, 0xa4, 0x51, 0xbc, 0x74, 0x66,
  0x8b, 0x0d, 0x02, 0x0b, 0xd6, 0xa1, 0x7c, 0x6d, 0x28, 0xa2, 0xe6, 0xcb,
  0xb2, 0x0b, 0x97, 0x25, 0x46, 0x42, 0xb4, 0x10, 0x2a, 0x03, 0xff, 0xf7,
  0xdb, 0x68, 0xd2, 0xfc, 0x48, 0x10, 0x4c, 0x10, 0xb8, 0x4d, 0x0a, 0x20,
  0x64, 0x9d, 0xd2, 0x3c, 0xf4, 0x4f, 0x2c, 0x23, 0x1e, 0x4d, 0x67, 0xd5,
  0x28, 0xf2, 0xf6, 0x5e, 0x99, 0x76, 0x46, 0x2b, 0xa2, 0xfb, 0xab, 0x49,
  0xff, 0xf3, 0x48, 0xc4, 0x27, 0x1c, 0x5a, 0x32, 0xde, 0x58, 0x2a, 0x44,
  0x7e, 0x35, 0x94, 0x9f, 0x37, 0x71, 0xb3, 0x33, 0x1e, 0x49, 0xd1, 0x5e,
  0x8c, 0x02, 0xa7, 0x1c, 0x62, 0x95, 0xc9, 0xdb, 0x25, 0x36, 0xeb, 0x95,
  0x2e, 0xc7, 0x21, 0x04, 0xd0, 0x8d, 0x56, 0xfa, 0xa1, 0xae, 0xed, 0x91,
  0xa8, 0xec, 0xe8, 0x24, 0x40, 0x22, 0x50, 0x90, 0xfa, 0x90, 0x3a, 0x2e,
  0x86, 0xa7, 0x86, 0x45, 0x8c, 0xea, 0x41, 0x13, 0x49, 0xd5, 0x4d, 0x1f,
  0x68, 0xc5, 0x95, 0x41, 0xa4, 0xb6, 0xe0, 0x90, 0xf1, 0x08, 0x16, 0x41,
  0x42, 0x46, 0x21, 0x15, 0x0a, 0xc9, 0x88, 0xba, 0xff, 0x9a, 0x62, 0xea,
  0x7e, 0x19, 0x02, 0x01, 0xc2, 0x29, 0x10, 0x14, 0x98, 0xf8, 0x5b, 0x39,
  0x24, 0x02, 0x31, 0x21, 0x60, 0x50, 0x42, 0x2a, 0x3c, 0x91, 0xf9, 0x74,
  0x62, 0x37, 0x6f, 0x3e, 0xd2, 0x59, 0x7f, 0xe7, 0xf0, 0x53, 0xbd, 0x5c,
  0x90, 0x35, 0x21, 0x0e, 0x76, 0x3f, 0xfb, 0x68, 0x42, 0x2f, 0xfd, 0xb9,
  0xff, 0xf3, 0x48, 0xc4, 0x38, 0x1b, 0x32, 0x42, 0xc6, 0xf8, 0x06, 0xc4,
  0x18, 0x4c, 0x8a, 0x8f, 0xff, 0xa2, 0x97, 0xd8, 0xdd, 0x36, 0xa9, 0x4b,
  0x7d, 0xbf, 0xfe, 0x5a, 0x18, 0xc8, 0x63, 0x3a, 0xa0, 0x63, 0x19, 0x40,
  0x58, 0xc1, 0x80, 0x47, 0x80, 0xa1, 0x20, 0xa1, 0x5f, 0x62, 0x27, 0x44,
  0x50, 0xed, 0x6e, 0x83, 0x4f, 0xff, 0xf5, 0xf5, 0x1e, 0x51, 0xe2, 0x58,
  0x34, 0xf5, 0x75, 0x8c, 0x95, 0xb5, 0x26, 0xa7, 0x82, 0x52, 0xcb, 0x4a,
  0x20, 0xa6, 0x37, 0xfe, 0xfd, 0xa4, 0x18, 0x7c, 0x61, 0xa7, 0x0c, 0x19,
  0x88, 0xd0, 0xf0, 0x1b, 0x2b, 0x19, 0x10, 0x35, 0x36, 0x53, 0x2e, 0x13,
  0x42, 0x1a, 0x96, 0x58, 0x3a, 0x99, 0x5e, 0xc5, 0x5d, 0x92, 0x60, 0x2c,
  0xc1, 0x8b, 0x85, 0xb1, 0xd0, 0x65, 0x5f, 0x2c, 0x6c, 0xc8, 0x4f, 0xf4,
  0x60, 0x94, 0x86, 0x88, 0x07, 0x2f, 0xd0, 0xec, 0x61, 0x00, 0xc5, 0x1d,
  0xb7, 0x5c, 0x4d, 0x0c, 0xac, 0x3c, 0x41, 0xd8, 0x88, 0xca, 0x8d, 0xfd,
  0xff, 0xf3, 0x48, 0xc4, 0x4e, 0x1c, 0xc1, 0xca, 0xb2, 0xfe, 0xdb, 0xca,
  0x90, 0x29, 0xde, 0x8f, 0xe6, 0x7a, 0x71, 0x15, 0x10, 0x39, 0xbc, 0x42,
  0x89, 0x22, 0xd9, 0x5a, 0x72, 0x87, 0x5a, 0x39, 0xa9, 0x39, 0xfb, 0x3f,
  0xff, 0xff, 0xff, 0x50, 0x51, 0xc1, 0xa0, 0xe8, 0xf1, 0x15, 0xe9, 0x71,
  0xd7, 0x91, 0x20, 0x00, 0x62, 0x58, 0x4d, 0xbb, 0xff, 0x95, 0xd3, 0xf0,
  0xcc, 0xad, 0x38, 0x6b, 0xdf, 0xa5, 0x30, 0x34, 0x2d, 0x33, 0xcf, 0x72,
  0x52, 0xa7, 0x55, 0xad, 0x74, 0xe0, 0x35, 0x03, 0x2a, 0x0c, 0x92, 0x95,
  0x04, 0x55, 0x37, 0xef, 0x31, 0x26, 0xc5, 0xf5, 0x2e, 0x1f, 0x3c, 0x9a,
  0x26, 0x25, 0xbd, 0xb5, 0xff, 0xed, 0x75, 0xb4, 0xf2, 0x7b, 0xfb, 0xc3,
  0x09, 0x05, 0x6d, 0x94, 0x94, 0x86, 0x49, 0x45, 0x06, 0x42, 0x10, 0x08,
  0xe5, 0xd2, 0xfd, 0x6e, 0x60, 0x94, 0xcc, 0x4c, 0xf0, 0x91, 0xe1, 0x2b,
  0xe7, 0xa4, 0x27, 0x82, 0x47, 0xa8, 0xc4, 0x27, 0x56, 0xff, 0x42, 0x03,
  0xff, 0xf3, 0x48, 0xc4, 0x5e, 0x1c, 0x91, 0x22, 0x95, 0x16, 0xcb, 0x0c,
  0xac, 0x5f, 0xa3, 0xff, 0x9e, 0x51, 0xe4, 0x2f, 0x92, 0x8f, 0x3a, 0x74,
  0x2a, 0xc0, 0xe8, 0x6f, 0x16, 0x59, 0x41, 0x45, 0x07, 0x55, 0x41, 0x80,
  0x6a, 0x34, 0x79, 0x59, 0xa6, 0x69, 0x25, 0xa3, 0x3b, 0x31, 0xe2, 0xdf,
  0x39, 0xef, 0x32, 0xd2, 0x34, 0xd4, 0xb2, 0x20, 0x49, 0xab, 0xcd, 0xdc,
  0x02, 0xa6, 0xc8, 0xda, 0xb1, 0xa4, 0x4b, 0x62, 0xd7, 0x4d, 0x63, 0x19,
  0xee, 0xed, 0x98, 0xde, 0xd6, 0xc3, 0xea, 0xe3, 0x7b, 0x79, 0x1b, 0xfc,
  0xfb, 0x7f, 0xfd, 0xe0, 0xfd, 0x61, 0x40, 0xdd, 0x06, 0x72, 0x80, 0xd1,
  0xdc, 0x46, 0x27, 0x8d, 0xb8, 0x86, 0x53, 0x09, 0xa9, 0x7c, 0x31, 0x05,
  0x5c, 0xe6, 0x67, 0x64, 0x56, 0xdd, 0x1d, 0x39, 0x9a, 0x8e, 0x87, 0x23,
  0xa8, 0x42, 0x7d, 0xbf, 0xd7, 0xff, 0xff, 0xd3, 0xaa, 0xa3, 0x48, 0x87,
  0x44, 0xf8, 0xea, 0x69, 0xab, 0x85, 0xb4, 0x7f, 0xff, 0xd5, 0x95, 0xfa,
  0xff, 0xf3, 0x48, 0xc4, 0x6e, 0x1c, 0x6a, 0xaa, 0x78, 0x56, 0xdb, 0xc4,
  0x9c, 0xaf, 0xa7, 0x7c, 0x72, 0x04, 0x98, 0x05, 0x73, 0x43, 0xde, 0xa8,
  0x59, 0xe0, 0x12, 0x98, 0x69, 0x60, 0x68, 0x16, 0x8b, 0x34, 0x61, 0x03,
  0x1e, 0x51, 0x0a, 0x66, 0xfa, 0xcf, 0x12, 0x83, 0x2b, 0x01, 0x02, 0xcc,
  0x2a, 0xd1, 0x25, 0x4d, 0xa2, 0xd0, 0x02, 0x54, 0xdd, 0x35, 0x37, 0xda,
  0x98, 0xf3, 0xb9, 0xf3, 0x0a, 0x2e, 0xaf, 0x5b, 0x6d, 0x33, 0x99, 0x3c,
  0xc2, 0xf3, 0x07, 0xef, 0x7f, 0x3b, 0x58, 0x5c, 0xd3, 0x85, 0xc8, 0xf8,
  0xf0, 0x38, 0xc3, 0x8b, 0x57, 0x44, 0xe3, 0x29, 0x16, 0x4c, 0xdb, 0x5a,
  0x47, 0x38, 0xb4, 0xfb, 0xd3, 0xd1, 0xaa, 0xd1, 0xf5, 0x23, 0xfd, 0x5c,
  0xb4, 0x9f, 0xff, 0xff, 0x2a, 0x42, 0xd3, 0xff, 0xf2, 0xf8, 0x8a, 0x10,
  0xa0, 0xe3, 0x93, 0x09, 0xd8, 0xa5, 0xe5, 0x0b, 0xff, 0xff, 0xff, 0xff,
  0xf3, 0xd9, 0x2a, 0x16, 0x01, 0x8d, 0x34, 0x65, 0x23, 0x84, 0x17, 0xce,
  0xff, 0xf3, 0x48, 0xc4, 0x7f, 0x1d, 0x62, 0x82, 0x70, 0x76, 0xd3, 0x06,
  0xb8, 0xf1, 0x65, 0x8e, 0xd7, 0xd4, 0xd4, 0x1a, 0x12, 0xe0, 0x20, 0x38,
  0x84, 0x32, 0xc6, 0x80, 0x9a, 0x6b, 0x1c, 0xa6, 0x8f, 0x23, 0xf9, 0x51,
  0x70, 0x22, 0xc6, 0xab, 0x86, 0xe0, 0xd2, 0x07, 0xf9, 0xcd, 0x71, 0x4a,
  0x67, 0xe7, 0x1f, 0xff, 0x8f, 0xab, 0x6a, 0x57, 0x8a, 0xe3, 0xa6, 0xc2,
  0xca, 0x4b, 0x91, 0x62, 0x94, 0x8f, 0x17, 0x22, 0xfa, 0x5b, 0x2a, 0xce,
  0x6d, 0xa1, 0x26, 0x3b, 0x45, 0xd0, 0xa6, 0xe4, 0xf6, 0x20, 0xbe, 0xbc,
  0x28, 0xd8, 0xc2, 0x33, 0x2d, 0x51, 0x7b, 0xcc, 0x6f, 0xd1, 0xf0, 0x60,
  0x8e, 0x32, 0xab, 0xdf, 0xb7, 0xff, 0x75, 0xfa, 0xff, 0x42, 0xbc, 0x71,
  0x47, 0x01, 0x2b, 0x15, 0x1c, 0x81, 0x8e, 0x73, 0xb0, 0xa0, 0x05, 0x4f,
  0x4b, 0x47, 0x66, 0xb7, 0x0e, 0xcb, 0x97, 0x92, 0x41, 0x22, 0x6b, 0x15,
  0x72, 0xa7, 0xe3, 0x33, 0x51, 0x58, 0x5e, 0xa7, 0x57, 0x52, 0xa8, 0x91,
  0xff, 0xf3, 0x48, 0xc4, 0x8c, 0x1a, 0xda, 0x76, 0x5c, 0x24, 0xd3, 0xc4,
  0xbd, 0x49, 0x68, 0x34, 0xbc, 0x68, 0x92, 0xc5, 0x72, 0x5e, 0x50, 0xdb,
  0x6f, 0x63, 0x6b, 0x3a, 0xff, 0xeb, 0x38, 0x7b, 0xb6, 0xed, 0xbd, 0x4f,
  0x39, 0x9f, 0xaa, 0x16, 0x52, 0xea, 0x2c, 0x2c, 0xb0, 0xea, 0xc4, 0x4e,
  0x97, 0x64, 0xe5, 0x5a, 0xc2, 0xad, 0xdb, 0x0a, 0x85, 0x0d, 0x8b, 0x69,
  0x5e, 0xc5, 0xd7, 0xd1, 0xd0, 0xce, 0xce, 0x63, 0x3f, 0xd7, 0xae, 0x96,
  0x0c, 0x29, 0x42, 0xb1, 0x83, 0x82, 0x31, 0x14, 0xbd, 0x0e, 0xd6, 0xaf,
  0xd7, 0x95, 0x0f, 0x0a, 0x14, 0xb2, 0xa0, 0xaa, 0x80, 0xa5, 0x15, 0x17,
  0x8a, 0x12, 0x53, 0xaa, 0x5c, 0x2a, 0x15, 0x43, 0x82, 0x93, 0x87, 0x50,
  0x25, 0x44, 0x97, 0x27, 0x3b, 0xcb, 0x05, 0x1f, 0x93, 0x27, 0x69, 0x18,
  0x6a, 0x34, 0x8d, 0x4c, 0x53, 0xe7, 0xff, 0x3f, 0xfe, 0x9e, 0x4d, 0x39,
  0xd1, 0xec, 0x4b, 0x64, 0x14, 0x95, 0x6c, 0xcf, 0x74, 0x73, 0x9a, 0x67,
  0xff, 0xf3, 0x48, 0xc4, 0xa3, 0x1c, 0xda, 0x66, 0x48, 0x0c, 0xc3, 0xc4,
  0xbd, 0xe0, 0xd1, 0xbd, 0x67, 0x5f, 0x17, 0x4b, 0x75, 0x06, 0x88, 0x0f,
  0x0e, 0xe2, 0x87, 0xab, 0x6a, 0xca, 0xa7, 0x69, 0xe5, 0x7b, 0xb9, 0xb2,
  0x13, 0x91, 0x45, 0xe5, 0x5a, 0x05, 0x48, 0xc6, 0x90, 0xee, 0xa1, 0x3b,
  0x64, 0x5b, 0x23, 0x43, 0xb3, 0xc7, 0xac, 0xee, 0xc0, 0x98, 0x44, 0x99,
  0xe0, 0xd2, 0x20, 0x44, 0x92, 0x7d, 0x46, 0x3a, 0x29, 0x23, 0x53, 0xa8,
  0xee, 0x3f, 0x54, 0x8e, 0x26, 0xcd, 0x22, 0xc5, 0x47, 0xf8, 0xa8, 0x48,
  0xba, 0xac, 0x2c, 0x03, 0x3b, 0x60, 0x84, 0x85, 0x63, 0x7a, 0x69, 0xb5,
  0x34, 0xbb, 0xda, 0x51, 0x27, 0x9b, 0xf5, 0x51, 0xa4, 0x86, 0xb9, 0x9b,
  0xeb, 0xfd, 0xf9, 0x5f, 0x4b, 0x12, 0xcb, 0x70, 0xc1, 0xd6, 0x17, 0x71,
  0xc7, 0xe9, 0x66, 0x76, 0xbf, 0xf7, 0xa7, 0x01, 0xee, 0x8c, 0xaf, 0xf1,
  0x57, 0x6f, 0xdb, 0x37, 0xff, 0x8b, 0x41, 0xdc, 0x00, 0x51, 0x22, 0x96,
  0xff, 0xf3, 0x48, 0xc4, 0xb2, 0x16, 0x81, 0x2a, 0x2c, 0x0c, 0x0a, 0x4c,
  0x08, 0xec, 0x26, 0xbe, 0x48, 0x98, 0x56, 0xa6, 0xff, 0xdf, 0xde, 0xdc,
  0x5b, 0x12, 0xdf, 0xf7, 0x4c, 0x41, 0x28, 0x36, 0xb4, 0xb5, 0x34, 0x55,
  0x95, 0xa6, 0xa9, 0xc6, 0x74, 0x72, 0x36, 0x38, 0xa5, 0x9b, 0x89, 0x52,
  0x78, 0x6d, 0x0c, 0xd8, 0xe1, 0xec, 0x6a, 0xa7, 0xa8, 0xd1, 0xb2, 0x65,
  0xce, 0x0a, 0x92, 0xf2, 0x89, 0xa3, 0x07, 0x52, 0x07, 0x7a, 0x46, 0xae,
  0xa5, 0x0f, 0xf3, 0x22, 0x13, 0xe7, 0x3a, 0x4e, 0x99, 0x1c, 0xe3, 0x13,
  0xb1, 0x1b, 0xed, 0x54, 0xb3, 0x29, 0x37, 0xf5, 0xab, 0xf0, 0xc9, 0xb5,
  0xcd, 0xad, 0x52, 0x23, 0xd2, 0xc2, 0x30, 0xc6, 0x26, 0x9b, 0x1c, 0x33,
  0xca, 0x7a, 0x91, 0x90, 0x75, 0x12, 0x14, 0x05, 0x01, 0xa6, 0x25, 0x4a,
  0xb2, 0xa5, 0xdb, 0x99, 0x1d, 0xfb, 0xaf, 0x66, 0x26, 0xac, 0xa4, 0x71,
  0x5c, 0x11, 0x2c, 0x04, 0x65, 0x93, 0x65, 0xfc, 0x44, 0x1f, 0x97, 0xec,
  0xff, 0xf3, 0x48, 0xc4, 0xdb, 0x19, 0xb8, 0x72, 0x10, 0x0a, 0x0a, 0x4c,
  0x01, 0xdd, 0xb2, 0xe6, 0x09, 0xaa, 0xaf, 0xca, 0x08, 0x86, 0x97, 0x44,
  0xd8, 0xae, 0x6c, 0x4c, 0x12, 0x4a, 0xc8, 0xe1, 0x2b, 0xd7, 0x97, 0xca,
  0xd3, 0x51, 0xa9, 0x6e, 0x93, 0xe1, 0xc9, 0x6e, 0x35, 0x1b, 0x9d, 0xf1,
  0xb6, 0x70, 0xea, 0xd9, 0xfb, 0x3c, 0xe3, 0xc6, 0xfa, 0xac, 0x25, 0x66,
  0x94, 0xbc, 0x72, 0x3a, 0x47, 0x29, 0x29, 0x78, 0x25, 0x80, 0xcb, 0x35,
  0x1d, 0xca, 0x9a, 0x36, 0x28, 0xed, 0xe8, 0xd3, 0xc5, 0xcc, 0xf9, 0x3a,
  0xea, 0x99, 0x2c, 0xf4, 0x69, 0x59, 0x2a, 0x4d, 0xd2, 0xf6, 0x36, 0x52,
  0x0c, 0x39, 0x2f, 0xa8, 0x67, 0x0a, 0x8f, 0x7c, 0xaa, 0x7c, 0xa4, 0x8d,
  0xf5, 0xcd, 0x85, 0xce, 0x57, 0x93, 0x92, 0x78, 0x5e, 0x1b, 0xba, 0x6f,
  0xc2, 0x5d, 0xce, 0x8b, 0x84, 0x8b, 0x1a, 0x48, 0xdc, 0x72, 0xae, 0x12,
  0xdc, 0x4a, 0x65, 0xf1, 0xf2, 0x5a, 0xe5, 0xe0, 0x93, 0x25, 0xe4, 0xe4,
  0xff, 0xf3, 0x48, 0xc4, 0xf5, 0x1e, 0x3b, 0x76, 0x08, 0x4c, 0x09, 0x86,
  0x05, 0xf5, 0xd1, 0x74, 0x6b, 0x96, 0x8f, 0x93, 0xb6, 0x9d, 0xca, 0x4a,
  0xbc, 0xb1, 0xad, 0xb2, 0xa6, 0x51, 0x15, 0x71, 0x42, 0xa8, 0xd1, 0x45,
  0x1b, 0x8d, 0x10, 0x6a, 0x8d, 0x35, 0x6b, 0x52, 0xc7, 0x23, 0x59, 0x39,
  0x65, 0x2f, 0x86, 0x4c, 0xb2, 0xcb, 0x50, 0xc8, 0xd5, 0x94, 0x14, 0x74,
  0x32, 0x35, 0x6b, 0x51, 0xd0, 0xc9, 0x96, 0x4b, 0x2c, 0x72, 0x3f, 0xc9,
  0xac, 0xb2, 0xd4, 0x32, 0x35, 0x8b, 0x23, 0x91, 0x91, 0xab, 0x03, 0xa8,
  0xe8, 0x64, 0xca, 0x1a, 0x59, 0x61, 0x93, 0x7f, 0xcb, 0x3e, 0xdc, 0xc9,
  0xac, 0xb2, 0x39, 0x19, 0x32, 0xb0, 0x3a, 0x8e, 0x46, 0x4c, 0xb2, 0x59,
  0x48, 0xc9, 0xad, 0xec, 0xb3, 0xff, 0x32, 0x96, 0x59, 0x1c, 0x8c, 0x99,
  0x5a, 0xd4, 0x72, 0x32, 0x65, 0x04, 0x09, 0xd1, 0xd0, 0xd5, 0xad, 0x96,
  0x54, 0x32, 0xfc, 0xd6, 0x59, 0x64, 0x72, 0x35, 0x65, 0x60, 0x75, 0x1c,
  0xff, 0xf3, 0x48, 0xc4, 0xff, 0x24, 0xc3, 0xcd, 0xe0, 0xc2, 0x30, 0xcd,
  0xe1, 0x8c, 0x99, 0x41, 0x43, 0x03, 0x54, 0x1a, 0xba, 0x69, 0x54, 0x95,
  0x4c, 0x41, 0x4d, 0x45, 0x33, 0x2e, 0x31, 0x30, 0x30, 0x55, 0x55, 0x55,
  0x55, 0x55, 0x55, 0x55, 0x55, 0x55, 0x55, 0x55, 0x55, 0x55, 0x55, 0x55,
  0x55, 0x55, 0x55, 0x55, 0x55, 0x55, 0x55, 0x55, 0x55, 0x55, 0x55, 0x55,
  0x55, 0x55, 0x55, 0x55, 0x55, 0x55, 0x55, 0x55, 0x55, 0x55, 0x55, 0x55,
  0x55, 0x55, 0x55, 0x55, 0x55, 0x55, 0x55, 0x55, 0x55, 0x55, 0x55, 0x55,
  0x55, 0x55, 0x55, 0x55, 0x55, 0x55, 0x55, 0x55, 0x55, 0x55, 0x55, 0x55,
  0x55, 0x55, 0x55, 0x55, 0x55, 0x55, 0x55, 0x55, 0x55, 0x55, 0x55, 0x55,
  0x55, 0x55, 0x55, 0x55, 0x55, 0x55, 0x55, 0x55, 0x55, 0x55, 0x55, 0x55,
  0x55, 0x55, 0x55, 0x55, 0x55, 0x55, 0x55, 0x55, 0x55, 0x55, 0x55, 0x55,
  0x55, 0x55, 0x55, 0x55, 0x55, 0x55, 0x55, 0x55, 0x55, 0x55, 0x55, 0x55,
  0xff, 0xf3, 0x48, 0xc4, 0xef, 0x1d, 0xab, 0xcd, 0x9c, 0xca, 0x18, 0x46,
  0x01, 0x55, 0x55, 0x55, 0x55, 0x55, 0x55, 0x55, 0x4c, 0x41, 0x4d, 0x45,
  0x33, 0x2e, 0x31, 0x30, 0x30, 0x55, 0x55, 0x55, 0x55, 0x55, 0x55, 0x55,
  0x55, 0x55, 0x55, 0x55, 0x55, 0x55, 0x55, 0x55, 0x55, 0x55, 0x55, 0x55,
  0x55, 0x55, 0x55, 0x55, 0x55, 0x55, 0x55, 0x55, 0x55, 0x55, 0x55, 0x55,
  0x55, 0x55, 0x55, 0x55, 0x55, 0x55, 0x55, 0x55, 0x55, 0x55, 0x55, 0x55,
  0x55, 0x55, 0x55, 0x55, 0x55, 0x55, 0x55, 0x55, 0x55, 0x55, 0x55, 0x55,
  0x55, 0x55, 0x55, 0x55, 0x55, 0x55, 0x55, 0x55, 0x55, 0x55, 0x55, 0x55,
  0x55, 0x55, 0x55, 0x55, 0x55, 0x55, 0x55, 0x55, 0x55, 0x55, 0x55, 0x55,
  0x55, 0x55, 0x55, 0x55, 0x55, 0x55, 0x55, 0x55, 0x55, 0x55, 0x55, 0x55,
  0x55, 0x55, 0x55, 0x55, 0x55, 0x55, 0x55, 0x55, 0x55, 0x55, 0x55, 0x55,
  0x55, 0x55, 0x55, 0x55, 0x55, 0x55, 0x55, 0x55, 0x55, 0x55, 0x55, 0x55,
  0xff, 0xf3, 0x48, 0xc4, 0x7c, 0x00, 0x00, 0x03, 0x48, 0x00, 0x00, 0x00,
  0x00, 0x55, 0x55, 0x55, 0x55, 0x55, 0x55, 0x55, 0x4c, 0x41, 0x4d, 0x45,
  0x33, 0x2e, 0x31, 0x30, 0x30, 0x55, 0x55, 0x55, 0x55, 0x55, 0x55, 0x55,
  0x55, 0x55, 0x55, 0x55, 0x55, 0x55, 0x55, 0x55, 0x55, 0x55, 0x55, 0x55,
  0x55, 0x55, 0x55, 0x55, 0x55, 0x55, 0x55, 0x55, 0x55, 0x55, 0x55, 0x55,
  0x55, 0x55, 0x55, 0x55, 0x55, 0x55, 0x55, 0x55, 0x55, 0x55, 0x55, 0x55,
  0x55, 0x55, 0x55, 0x55, 0x55, 0x55, 0x55, 0x55, 0x55, 0x55, 0x55, 0x55,
  0x55, 0x55, 0x55, 0x55, 0x55, 0x55, 0x55, 0x55, 0x55, 0x55, 0x55, 0x55,
  0x55, 0x55, 0x55, 0x55, 0x55, 0x55, 0x55, 0x55, 0x55, 0x55, 0x55, 0x55,
  0x55, 0x55, 0x55, 0x55, 0x55, 0x55, 0x55, 0x55, 0x55, 0x55, 0x55, 0x55,
  0x55, 0x55, 0x55, 0x55, 0x55, 0x55, 0x55, 0x55, 0x55, 0x55, 0x55, 0x55,
  0x55, 0x55, 0x55, 0x55, 0x55, 0x55, 0x55, 0x55, 0x55, 0x55, 0x55, 0x55,
  0xff, 0xf3, 0x48, 0xc4, 0x7c, 0x00, 0x00, 0x03, 0x48, 0x00, 0x00, 0x00,
  0x00, 0x55, 0x55, 0x55, 0x55, 0x55, 0x55, 0x55, 0x4c, 0x41, 0x4d, 0x45,
  0x33, 0x2e, 0x31, 0x30, 0x30, 0x55, 0x55, 0x55, 0x55, 0x55, 0x55, 0x55,
  0x55, 0x55, 0x55, 0x55, 0x55, 0x55, 0x55, 0x55, 0x55, 0x55, 0x55, 0x55,
  0x55, 0x55, 0x55, 0x55, 0x55, 0x55, 0x55, 0x55, 0x55, 0x55, 0x55, 0x55,
  0x55, 0x55, 0x55, 0x55, 0x55, 0x55, 0x55, 0x55, 0x55, 0x55, 0x55, 0x55,
  0x55, 0x55, 0x55, 0x55, 0x55, 0x55, 0x55, 0x55, 0x55, 0x55, 0x55, 0x55,
  0x55, 0x55, 0x55, 0x55, 0x55, 0x55, 0x55, 0x55, 0x55, 0x55, 0x55, 0x55,
  0x55, 0x55, 0x55, 0x55, 0x55, 0x55, 0x55, 0x55, 0x55, 0x55, 0x55, 0x55,
  0x55, 0x55, 0x55, 0x55, 0x55, 0x55, 0x55, 0x55, 0x55, 0x55, 0x55, 0x55,
  0x55, 0x55, 0x55, 0x55, 0x55, 0x55, 0x55, 0x55, 0x55, 0x55, 0x55, 0x55,
  0x55, 0x55, 0x55, 0x55, 0x55, 0x55, 0x55, 0x55, 0x55, 0x55, 0x55, 0x55,
  0xff, 0xf3, 0x48, 0xc4, 0x7c, 0x00, 0x00, 0x03, 0x48, 0x00, 0x00, 0x00,
  0x00, 0x55, 0x55, 0x55, 0x55, 0x55, 0x55, 0x55, 0x4c, 0x41, 0x4d, 0x45,
  0x33, 0x2e, 0x31, 0x30, 0x30, 0x55, 0x55, 0x55, 0x55, 0x55, 0x55, 0x55,
  0x55, 0x55, 0x55, 0x55, 0x55, 0x55, 0x55, 0x55, 0x55, 0x55, 0x55, 0x55,
  0x55, 0x55, 0x55, 0x55, 0x55, 0x55, 0x55, 0x55, 0x55, 0x55, 0x55, 0x55,
  0x55, 0x55, 0x55, 0x55, 0x55, 0x55, 0x55, 0x55, 0x55, 0x55, 0x55, 0x55,
  0x55, 0x55, 0x55, 0x55, 0x55, 0x55, 0x55, 0x55, 0x55, 0x55, 0x55, 0x55,
  0x55, 0x55, 0x55, 0x55, 0x55, 0x55, 0x55, 0x55, 0x55, 0x55, 0x55, 0x55,
  0x55, 0x55, 0x55, 0x55, 0x55, 0x55, 0x55, 0x55, 0x55, 0x55, 0x55, 0x55,
  0x55, 0x55, 0x55, 0x55, 0x55, 0x55, 0x55, 0x55, 0x55, 0x55, 0x55, 0x55,
  0x55, 0x55, 0x55, 0x55, 0x55, 0x55, 0x55, 0x55, 0x55, 0x55, 0x55, 0x55,
  0x55, 0x55, 0x55, 0x55, 0x55, 0x55, 0x55, 0x55, 0x55, 0x55, 0x55, 0x55,
  0xff, 0xf3, 0x48, 0xc4, 0x7c, 0x00, 0x00, 0x03, 0x48, 0x00, 0x00, 0x00,
  0x00, 0x55, 0x55, 0x55, 0x55, 0x55, 0x55, 0x55, 0x4c, 0x41, 0x4d, 0x45,
  0x33, 0x2e, 0x31, 0x30, 0x30, 0x55, 0x55, 0x55, 0x55, 0x55, 0x55, 0x55,
  0x55, 0x55, 0x55, 0x55, 0x55, 0x55, 0x55, 0x55, 0x55, 0x55, 0x55, 0x55,
  0x55, 0x55, 0x55, 0x55, 0x55, 0x55, 0x55, 0x55, 0x55, 0x55, 0x55, 0x55,
  0x55, 0x55, 0x55, 0x55, 0x55, 0x55, 0x55, 0x55, 0x55, 0x55, 0x55, 0x55,
  0x55, 0x55, 0x55, 0x55, 0x55, 0x55, 0x55, 0x55, 0x55, 0x55, 0x55, 0x55,
  0x55, 0x55, 0x55, 0x55, 0x55, 0x55, 0x55, 0x55, 0x55, 0x55, 0x55, 0x55,
  0x55, 0x55, 0x55, 0x55, 0x55, 0x55, 0x55, 0x55, 0x55, 0x55, 0x55, 0x55,
  0x55, 0x55, 0x55, 0x55, 0x55, 0x55, 0x55, 0x55, 0x55, 0x55, 0x55, 0x55,
  0x55, 0x55, 0x55, 0x55, 0x55, 0x55, 0x55, 0x55, 0x55, 0x55, 0x55, 0x55,
  0x55, 0x55, 0x55, 0x55, 0x55, 0x55, 0x55, 0x55, 0x55, 0x55, 0x55, 0x55,
  0xff, 0xf3, 0x48, 0xc4, 0x7c, 0x00, 0x00, 0x03, 0x48, 0x00, 0x00, 0x00,
  0x00, 0x55, 0x55, 0x55, 0x55, 0x55, 0x55, 0x55, 0x4c, 0x41, 0x4d, 0x45,
  0x33, 0x2e, 0x31, 0x30, 0x30, 0x55, 0x55, 0x55, 0x55, 0x55, 0x55, 0x55,
  0x55, 0x55, 0x55, 0x55, 0x55, 0x55, 0x55, 0x55, 0x55, 0x55, 0x55, 0x55,
  0x55, 0x55, 0x55, 0x55, 0x55, 0x55, 0x55, 0x55, 0x55, 0x55, 0x55, 0x55,
  0x55, 0x55, 0x55, 0x55, 0x55, 0x55, 0x55, 0x55, 0x55, 0x55, 0x55, 0x55,
  0x55, 0x55, 0x55, 0x55, 0x55, 0x55, 0x55, 0x55, 0x55, 0x55, 0x55, 0x55,
  0x55, 0x55, 0x55, 0x55, 0x55, 0x55, 0x55, 0x55, 0x55, 0x55, 0x55, 0x55,
  0x55, 0x55, 0x55, 0x55, 0x55, 0x55, 0x55, 0x55, 0x55, 0x55, 0x55, 0x55,
  0x55, 0x55, 0x55, 0x55, 0x55, 0x55, 0x55, 0x55, 0x55, 0x55, 0x55, 0x55,
  0x55, 0x55, 0x55, 0x55, 0x55, 0x55, 0x55, 0x55, 0x55, 0x55, 0x55, 0x55,
  0x55, 0x55, 0x55, 0x55, 0x55, 0x55, 0x55, 0x55, 0x55, 0x55, 0x55, 0x55,
  0xff, 0xf3, 0x48, 0xc4, 0x7c, 0x00, 0x00, 0x03, 0x48, 0x00, 0x00, 0x00,
  0x00, 0x55, 0x55, 0x55, 0x55, 0x55, 0x55, 0x55, 0x55, 0x55, 0x55, 0x55,
  0x55, 0x55, 0x55, 0x55, 0x55, 0x55, 0x55, 0x55, 0x55, 0x55, 0x55, 0x55,
  0x55, 0x55, 0x55, 0x55, 0x55, 0x55, 0x55, 0x55, 0x55, 0x55, 0x55, 0x55,
  0x55, 0x55, 0x55, 0x55, 0x55, 0x55, 0x55, 0x55, 0x55, 0x55, 0x55, 0x55,
  0x55, 0x55, 0x55, 0x55, 0x55, 0x55, 0x55, 0x55, 0x55, 0x55, 0x55, 0x55,
  0x55, 0x55, 0x55, 0x55, 0x55, 0x55, 0x55, 0x55, 0x55, 0x55, 0x55, 0x55,
  0x55, 0x55, 0x55, 0x55, 0x55, 0x55, 0x55, 0x55, 0x55, 0x55, 0x55, 0x55,
  0x55, 0x55, 0x55, 0x55, 0x55, 0x55, 0x55, 0x55, 0x55, 0x55, 0x55, 0x55,
  0x55, 0x55, 0x55, 0x55, 0x55, 0x55, 0x55, 0x55, 0x55, 0x55, 0x55, 0x55,
  0x55, 0x55, 0x55, 0x55, 0x55, 0x55, 0x55, 0x55, 0x55, 0x55, 0x55, 0x55,
  0x55, 0x55, 0x55, 0x55, 0x55, 0x55, 0x55, 0x55, 0x55, 0x55, 0x55, 0x55
};

const unsigned int wei_xin_pei_wang_mp3_len = 16416;
