ISO-10303-21;
HEADER;
/* Generated by software containing ST-Developer
 * from STEP Tools, Inc. (www.steptools.com) 
 */

FILE_DESCRIPTION(
/* description */ (''),
/* implementation_level */ '2;1');

FILE_NAME(
/* name */ '3D_ESP32-BLUETOOTHSPEAKER-V1.1-SHELL.step',
/* time_stamp */ '2025-12-15T17:35:49+08:00',
/* author */ (''),
/* organization */ (''),
/* preprocessor_version */ 'ST-DEVELOPER v20.1',
/* originating_system */ 'Autodesk Translation Framework v14.21.0.0',
/* authorisation */ '');

FILE_SCHEMA (('AUTOMOTIVE_DESIGN { 1 0 10303 214 3 1 1 }'));
ENDSEC;

DATA;
#10=MECHANICAL_DESIGN_GEOMETRIC_PRESENTATION_REPRESENTATION('',(#17),#6649);
#11=ITEM_DEFINED_TRANSFORMATION($,$,#4035,#4365);
#12=(
REPRESENTATION_RELATIONSHIP($,$,#6660,#6659)
REPRESENTATION_RELATIONSHIP_WITH_TRANSFORMATION(#11)
SHAPE_REPRESENTATION_RELATIONSHIP()
);
#13=CONTEXT_DEPENDENT_SHAPE_REPRESENTATION(#12,#6658);
#14=NEXT_ASSEMBLY_USAGE_OCCURRENCE('SHELL:1','SHELL:1','SHELL:1',#6662,
#6663,'SHELL:1');
#15=SHAPE_REPRESENTATION_RELATIONSHIP('SRR','None',#6660,#16);
#16=ADVANCED_BREP_SHAPE_REPRESENTATION('',(#18),#6648);
#17=STYLED_ITEM('',(#6673),#18);
#18=MANIFOLD_SOLID_BREP('\X2\5B9E4F53\X0\1',#4021);
#19=CONICAL_SURFACE('',#4054,3.5,0.785398163397445);
#20=CONICAL_SURFACE('',#4070,3.5,0.785398163397448);
#21=CONICAL_SURFACE('',#4113,1.25,0.785398163397448);
#22=CONICAL_SURFACE('',#4120,1.25,0.785398163397448);
#23=CONICAL_SURFACE('',#4127,1.25,0.785398163397448);
#24=CONICAL_SURFACE('',#4134,2.5,1.32581766366803);
#25=CONICAL_SURFACE('',#4136,2.5,1.32581766366803);
#26=CONICAL_SURFACE('',#4138,2.5,1.32581766366803);
#27=CONICAL_SURFACE('',#4169,1.2,0.785398163397452);
#28=CONICAL_SURFACE('',#4173,1.20000000000001,0.785398163397444);
#29=CONICAL_SURFACE('',#4176,1.20000000000001,0.785398163397444);
#30=CONICAL_SURFACE('',#4180,1.2,0.785398163397448);
#31=CONICAL_SURFACE('',#4186,1.2,0.785398163397448);
#32=CONICAL_SURFACE('',#4237,3.5,0.785398163397449);
#33=CONICAL_SURFACE('',#4241,3.5,0.785398163397447);
#34=CONICAL_SURFACE('',#4255,1.75,0.785398163397447);
#35=CONICAL_SURFACE('',#4258,1.75,0.785398163397448);
#36=CONICAL_SURFACE('',#4261,1.75,0.785398163397448);
#37=CONICAL_SURFACE('',#4264,1.75,0.785398163397447);
#38=CONICAL_SURFACE('',#4272,3.25,0.785398163397449);
#39=CONICAL_SURFACE('',#4276,3.25,0.785398163397448);
#40=CONICAL_SURFACE('',#4349,3.5,0.785398163397448);
#41=CONICAL_SURFACE('',#4351,3.5,0.785398163397447);
#42=CONICAL_SURFACE('',#4354,3.5,0.785398163397445);
#43=CONICAL_SURFACE('',#4356,3.5,0.785398163397448);
#44=(
BOUNDED_CURVE()
B_SPLINE_CURVE(2,(#5689,#5690,#5691),.UNSPECIFIED.,.F.,.F.)
B_SPLINE_CURVE_WITH_KNOTS((3,3),(0.,0.147245151777156),.UNSPECIFIED.)
CURVE()
GEOMETRIC_REPRESENTATION_ITEM()
RATIONAL_B_SPLINE_CURVE((1.,1.,1.))
REPRESENTATION_ITEM('')
);
#45=(
BOUNDED_CURVE()
B_SPLINE_CURVE(2,(#5706,#5707,#5708),.UNSPECIFIED.,.F.,.F.)
B_SPLINE_CURVE_WITH_KNOTS((3,3),(0.,0.147245151777158),.UNSPECIFIED.)
CURVE()
GEOMETRIC_REPRESENTATION_ITEM()
RATIONAL_B_SPLINE_CURVE((1.,1.,1.))
REPRESENTATION_ITEM('')
);
#46=(
BOUNDED_CURVE()
B_SPLINE_CURVE(2,(#5987,#5988,#5989),.UNSPECIFIED.,.F.,.F.)
B_SPLINE_CURVE_WITH_KNOTS((3,3),(0.,0.320616388213206),.UNSPECIFIED.)
CURVE()
GEOMETRIC_REPRESENTATION_ITEM()
RATIONAL_B_SPLINE_CURVE((1.,1.29099444873563,1.))
REPRESENTATION_ITEM('')
);
#47=(
BOUNDED_CURVE()
B_SPLINE_CURVE(2,(#5991,#5992,#5993),.UNSPECIFIED.,.F.,.F.)
B_SPLINE_CURVE_WITH_KNOTS((3,3),(0.320616388213206,0.641232776426411),
 .UNSPECIFIED.)
CURVE()
GEOMETRIC_REPRESENTATION_ITEM()
RATIONAL_B_SPLINE_CURVE((1.,1.29099444873563,1.))
REPRESENTATION_ITEM('')
);
#48=(
BOUNDED_CURVE()
B_SPLINE_CURVE(2,(#5997,#5998,#5999),.UNSPECIFIED.,.F.,.F.)
B_SPLINE_CURVE_WITH_KNOTS((3,3),(0.,0.320616388213206),.UNSPECIFIED.)
CURVE()
GEOMETRIC_REPRESENTATION_ITEM()
RATIONAL_B_SPLINE_CURVE((1.,1.29099444873563,1.))
REPRESENTATION_ITEM('')
);
#49=(
BOUNDED_CURVE()
B_SPLINE_CURVE(2,(#6001,#6002,#6003),.UNSPECIFIED.,.F.,.F.)
B_SPLINE_CURVE_WITH_KNOTS((3,3),(0.320616388213206,0.641232776426411),
 .UNSPECIFIED.)
CURVE()
GEOMETRIC_REPRESENTATION_ITEM()
RATIONAL_B_SPLINE_CURVE((1.,1.29099444873563,1.))
REPRESENTATION_ITEM('')
);
#50=(
BOUNDED_CURVE()
B_SPLINE_CURVE(2,(#6007,#6008,#6009),.UNSPECIFIED.,.F.,.F.)
B_SPLINE_CURVE_WITH_KNOTS((3,3),(0.,0.320616388213206),.UNSPECIFIED.)
CURVE()
GEOMETRIC_REPRESENTATION_ITEM()
RATIONAL_B_SPLINE_CURVE((1.,1.29099444873557,1.))
REPRESENTATION_ITEM('')
);
#51=(
BOUNDED_CURVE()
B_SPLINE_CURVE(2,(#6011,#6012,#6013),.UNSPECIFIED.,.F.,.F.)
B_SPLINE_CURVE_WITH_KNOTS((3,3),(0.320616388213203,0.641232776426406),
 .UNSPECIFIED.)
CURVE()
GEOMETRIC_REPRESENTATION_ITEM()
RATIONAL_B_SPLINE_CURVE((1.,1.29099444873582,1.))
REPRESENTATION_ITEM('')
);
#52=FACE_BOUND('',#448,.T.);
#53=FACE_BOUND('',#458,.T.);
#54=FACE_BOUND('',#465,.T.);
#55=FACE_BOUND('',#470,.T.);
#56=FACE_BOUND('',#479,.T.);
#57=FACE_BOUND('',#503,.T.);
#58=FACE_BOUND('',#504,.T.);
#59=FACE_BOUND('',#505,.T.);
#60=FACE_BOUND('',#506,.T.);
#61=FACE_BOUND('',#507,.T.);
#62=FACE_BOUND('',#508,.T.);
#63=FACE_BOUND('',#593,.T.);
#64=FACE_BOUND('',#594,.T.);
#65=FACE_BOUND('',#595,.T.);
#66=FACE_BOUND('',#624,.T.);
#67=FACE_BOUND('',#626,.T.);
#68=FACE_BOUND('',#627,.T.);
#69=FACE_BOUND('',#628,.T.);
#70=FACE_BOUND('',#629,.T.);
#71=FACE_BOUND('',#640,.T.);
#72=FACE_BOUND('',#656,.T.);
#73=FACE_BOUND('',#664,.T.);
#74=FACE_BOUND('',#681,.T.);
#75=PLANE('',#4042);
#76=PLANE('',#4043);
#77=PLANE('',#4044);
#78=PLANE('',#4048);
#79=PLANE('',#4049);
#80=PLANE('',#4050);
#81=PLANE('',#4051);
#82=PLANE('',#4052);
#83=PLANE('',#4053);
#84=PLANE('',#4057);
#85=PLANE('',#4058);
#86=PLANE('',#4059);
#87=PLANE('',#4060);
#88=PLANE('',#4061);
#89=PLANE('',#4062);
#90=PLANE('',#4066);
#91=PLANE('',#4077);
#92=PLANE('',#4087);
#93=PLANE('',#4092);
#94=PLANE('',#4093);
#95=PLANE('',#4094);
#96=PLANE('',#4095);
#97=PLANE('',#4096);
#98=PLANE('',#4097);
#99=PLANE('',#4098);
#100=PLANE('',#4099);
#101=PLANE('',#4100);
#102=PLANE('',#4101);
#103=PLANE('',#4104);
#104=PLANE('',#4107);
#105=PLANE('',#4110);
#106=PLANE('',#4119);
#107=PLANE('',#4126);
#108=PLANE('',#4133);
#109=PLANE('',#4140);
#110=PLANE('',#4148);
#111=PLANE('',#4149);
#112=PLANE('',#4150);
#113=PLANE('',#4151);
#114=PLANE('',#4152);
#115=PLANE('',#4153);
#116=PLANE('',#4154);
#117=PLANE('',#4155);
#118=PLANE('',#4156);
#119=PLANE('',#4157);
#120=PLANE('',#4158);
#121=PLANE('',#4159);
#122=PLANE('',#4160);
#123=PLANE('',#4161);
#124=PLANE('',#4162);
#125=PLANE('',#4163);
#126=PLANE('',#4164);
#127=PLANE('',#4165);
#128=PLANE('',#4167);
#129=PLANE('',#4168);
#130=PLANE('',#4172);
#131=PLANE('',#4175);
#132=PLANE('',#4179);
#133=PLANE('',#4185);
#134=PLANE('',#4191);
#135=PLANE('',#4192);
#136=PLANE('',#4193);
#137=PLANE('',#4194);
#138=PLANE('',#4195);
#139=PLANE('',#4196);
#140=PLANE('',#4197);
#141=PLANE('',#4199);
#142=PLANE('',#4200);
#143=PLANE('',#4201);
#144=PLANE('',#4203);
#145=PLANE('',#4204);
#146=PLANE('',#4205);
#147=PLANE('',#4207);
#148=PLANE('',#4208);
#149=PLANE('',#4210);
#150=PLANE('',#4211);
#151=PLANE('',#4212);
#152=PLANE('',#4214);
#153=PLANE('',#4215);
#154=PLANE('',#4216);
#155=PLANE('',#4217);
#156=PLANE('',#4218);
#157=PLANE('',#4219);
#158=PLANE('',#4220);
#159=PLANE('',#4221);
#160=PLANE('',#4222);
#161=PLANE('',#4223);
#162=PLANE('',#4224);
#163=PLANE('',#4225);
#164=PLANE('',#4226);
#165=PLANE('',#4227);
#166=PLANE('',#4228);
#167=PLANE('',#4229);
#168=PLANE('',#4230);
#169=PLANE('',#4231);
#170=PLANE('',#4232);
#171=PLANE('',#4233);
#172=PLANE('',#4234);
#173=PLANE('',#4235);
#174=PLANE('',#4236);
#175=PLANE('',#4239);
#176=PLANE('',#4240);
#177=PLANE('',#4247);
#178=PLANE('',#4254);
#179=PLANE('',#4257);
#180=PLANE('',#4260);
#181=PLANE('',#4263);
#182=PLANE('',#4268);
#183=PLANE('',#4271);
#184=PLANE('',#4282);
#185=PLANE('',#4285);
#186=PLANE('',#4289);
#187=PLANE('',#4293);
#188=PLANE('',#4294);
#189=PLANE('',#4297);
#190=PLANE('',#4298);
#191=PLANE('',#4299);
#192=PLANE('',#4300);
#193=PLANE('',#4302);
#194=PLANE('',#4306);
#195=PLANE('',#4307);
#196=PLANE('',#4310);
#197=PLANE('',#4311);
#198=PLANE('',#4315);
#199=PLANE('',#4316);
#200=PLANE('',#4317);
#201=PLANE('',#4318);
#202=PLANE('',#4319);
#203=PLANE('',#4320);
#204=PLANE('',#4321);
#205=PLANE('',#4322);
#206=PLANE('',#4326);
#207=PLANE('',#4327);
#208=PLANE('',#4331);
#209=PLANE('',#4332);
#210=PLANE('',#4335);
#211=PLANE('',#4336);
#212=PLANE('',#4338);
#213=PLANE('',#4339);
#214=PLANE('',#4340);
#215=PLANE('',#4341);
#216=PLANE('',#4342);
#217=PLANE('',#4343);
#218=PLANE('',#4348);
#219=PLANE('',#4350);
#220=PLANE('',#4353);
#221=PLANE('',#4355);
#222=PLANE('',#4359);
#223=PLANE('',#4361);
#224=PLANE('',#4362);
#225=PLANE('',#4363);
#226=PLANE('',#4364);
#227=FACE_OUTER_BOUND('',#443,.T.);
#228=FACE_OUTER_BOUND('',#444,.T.);
#229=FACE_OUTER_BOUND('',#445,.T.);
#230=FACE_OUTER_BOUND('',#446,.T.);
#231=FACE_OUTER_BOUND('',#447,.T.);
#232=FACE_OUTER_BOUND('',#449,.T.);
#233=FACE_OUTER_BOUND('',#450,.T.);
#234=FACE_OUTER_BOUND('',#451,.T.);
#235=FACE_OUTER_BOUND('',#452,.T.);
#236=FACE_OUTER_BOUND('',#453,.T.);
#237=FACE_OUTER_BOUND('',#454,.T.);
#238=FACE_OUTER_BOUND('',#455,.T.);
#239=FACE_OUTER_BOUND('',#456,.T.);
#240=FACE_OUTER_BOUND('',#457,.T.);
#241=FACE_OUTER_BOUND('',#459,.T.);
#242=FACE_OUTER_BOUND('',#460,.T.);
#243=FACE_OUTER_BOUND('',#461,.T.);
#244=FACE_OUTER_BOUND('',#462,.T.);
#245=FACE_OUTER_BOUND('',#463,.T.);
#246=FACE_OUTER_BOUND('',#464,.T.);
#247=FACE_OUTER_BOUND('',#466,.T.);
#248=FACE_OUTER_BOUND('',#467,.T.);
#249=FACE_OUTER_BOUND('',#468,.T.);
#250=FACE_OUTER_BOUND('',#469,.T.);
#251=FACE_OUTER_BOUND('',#471,.T.);
#252=FACE_OUTER_BOUND('',#472,.T.);
#253=FACE_OUTER_BOUND('',#473,.T.);
#254=FACE_OUTER_BOUND('',#474,.T.);
#255=FACE_OUTER_BOUND('',#475,.T.);
#256=FACE_OUTER_BOUND('',#476,.T.);
#257=FACE_OUTER_BOUND('',#477,.T.);
#258=FACE_OUTER_BOUND('',#478,.T.);
#259=FACE_OUTER_BOUND('',#480,.T.);
#260=FACE_OUTER_BOUND('',#481,.T.);
#261=FACE_OUTER_BOUND('',#482,.T.);
#262=FACE_OUTER_BOUND('',#483,.T.);
#263=FACE_OUTER_BOUND('',#484,.T.);
#264=FACE_OUTER_BOUND('',#485,.T.);
#265=FACE_OUTER_BOUND('',#486,.T.);
#266=FACE_OUTER_BOUND('',#487,.T.);
#267=FACE_OUTER_BOUND('',#488,.T.);
#268=FACE_OUTER_BOUND('',#489,.T.);
#269=FACE_OUTER_BOUND('',#490,.T.);
#270=FACE_OUTER_BOUND('',#491,.T.);
#271=FACE_OUTER_BOUND('',#492,.T.);
#272=FACE_OUTER_BOUND('',#493,.T.);
#273=FACE_OUTER_BOUND('',#494,.T.);
#274=FACE_OUTER_BOUND('',#495,.T.);
#275=FACE_OUTER_BOUND('',#496,.T.);
#276=FACE_OUTER_BOUND('',#497,.T.);
#277=FACE_OUTER_BOUND('',#498,.T.);
#278=FACE_OUTER_BOUND('',#499,.T.);
#279=FACE_OUTER_BOUND('',#500,.T.);
#280=FACE_OUTER_BOUND('',#501,.T.);
#281=FACE_OUTER_BOUND('',#502,.T.);
#282=FACE_OUTER_BOUND('',#509,.T.);
#283=FACE_OUTER_BOUND('',#510,.T.);
#284=FACE_OUTER_BOUND('',#511,.T.);
#285=FACE_OUTER_BOUND('',#512,.T.);
#286=FACE_OUTER_BOUND('',#513,.T.);
#287=FACE_OUTER_BOUND('',#514,.T.);
#288=FACE_OUTER_BOUND('',#515,.T.);
#289=FACE_OUTER_BOUND('',#516,.T.);
#290=FACE_OUTER_BOUND('',#517,.T.);
#291=FACE_OUTER_BOUND('',#518,.T.);
#292=FACE_OUTER_BOUND('',#519,.T.);
#293=FACE_OUTER_BOUND('',#520,.T.);
#294=FACE_OUTER_BOUND('',#521,.T.);
#295=FACE_OUTER_BOUND('',#522,.T.);
#296=FACE_OUTER_BOUND('',#523,.T.);
#297=FACE_OUTER_BOUND('',#524,.T.);
#298=FACE_OUTER_BOUND('',#525,.T.);
#299=FACE_OUTER_BOUND('',#526,.T.);
#300=FACE_OUTER_BOUND('',#527,.T.);
#301=FACE_OUTER_BOUND('',#528,.T.);
#302=FACE_OUTER_BOUND('',#529,.T.);
#303=FACE_OUTER_BOUND('',#530,.T.);
#304=FACE_OUTER_BOUND('',#531,.T.);
#305=FACE_OUTER_BOUND('',#532,.T.);
#306=FACE_OUTER_BOUND('',#533,.T.);
#307=FACE_OUTER_BOUND('',#534,.T.);
#308=FACE_OUTER_BOUND('',#535,.T.);
#309=FACE_OUTER_BOUND('',#536,.T.);
#310=FACE_OUTER_BOUND('',#537,.T.);
#311=FACE_OUTER_BOUND('',#538,.T.);
#312=FACE_OUTER_BOUND('',#539,.T.);
#313=FACE_OUTER_BOUND('',#540,.T.);
#314=FACE_OUTER_BOUND('',#541,.T.);
#315=FACE_OUTER_BOUND('',#542,.T.);
#316=FACE_OUTER_BOUND('',#543,.T.);
#317=FACE_OUTER_BOUND('',#544,.T.);
#318=FACE_OUTER_BOUND('',#545,.T.);
#319=FACE_OUTER_BOUND('',#546,.T.);
#320=FACE_OUTER_BOUND('',#547,.T.);
#321=FACE_OUTER_BOUND('',#548,.T.);
#322=FACE_OUTER_BOUND('',#549,.T.);
#323=FACE_OUTER_BOUND('',#550,.T.);
#324=FACE_OUTER_BOUND('',#551,.T.);
#325=FACE_OUTER_BOUND('',#552,.T.);
#326=FACE_OUTER_BOUND('',#553,.T.);
#327=FACE_OUTER_BOUND('',#554,.T.);
#328=FACE_OUTER_BOUND('',#555,.T.);
#329=FACE_OUTER_BOUND('',#556,.T.);
#330=FACE_OUTER_BOUND('',#557,.T.);
#331=FACE_OUTER_BOUND('',#558,.T.);
#332=FACE_OUTER_BOUND('',#559,.T.);
#333=FACE_OUTER_BOUND('',#560,.T.);
#334=FACE_OUTER_BOUND('',#561,.T.);
#335=FACE_OUTER_BOUND('',#562,.T.);
#336=FACE_OUTER_BOUND('',#563,.T.);
#337=FACE_OUTER_BOUND('',#564,.T.);
#338=FACE_OUTER_BOUND('',#565,.T.);
#339=FACE_OUTER_BOUND('',#566,.T.);
#340=FACE_OUTER_BOUND('',#567,.T.);
#341=FACE_OUTER_BOUND('',#568,.T.);
#342=FACE_OUTER_BOUND('',#569,.T.);
#343=FACE_OUTER_BOUND('',#570,.T.);
#344=FACE_OUTER_BOUND('',#571,.T.);
#345=FACE_OUTER_BOUND('',#572,.T.);
#346=FACE_OUTER_BOUND('',#573,.T.);
#347=FACE_OUTER_BOUND('',#574,.T.);
#348=FACE_OUTER_BOUND('',#575,.T.);
#349=FACE_OUTER_BOUND('',#576,.T.);
#350=FACE_OUTER_BOUND('',#577,.T.);
#351=FACE_OUTER_BOUND('',#578,.T.);
#352=FACE_OUTER_BOUND('',#579,.T.);
#353=FACE_OUTER_BOUND('',#580,.T.);
#354=FACE_OUTER_BOUND('',#581,.T.);
#355=FACE_OUTER_BOUND('',#582,.T.);
#356=FACE_OUTER_BOUND('',#583,.T.);
#357=FACE_OUTER_BOUND('',#584,.T.);
#358=FACE_OUTER_BOUND('',#585,.T.);
#359=FACE_OUTER_BOUND('',#586,.T.);
#360=FACE_OUTER_BOUND('',#587,.T.);
#361=FACE_OUTER_BOUND('',#588,.T.);
#362=FACE_OUTER_BOUND('',#589,.T.);
#363=FACE_OUTER_BOUND('',#590,.T.);
#364=FACE_OUTER_BOUND('',#591,.T.);
#365=FACE_OUTER_BOUND('',#592,.T.);
#366=FACE_OUTER_BOUND('',#596,.T.);
#367=FACE_OUTER_BOUND('',#597,.T.);
#368=FACE_OUTER_BOUND('',#598,.T.);
#369=FACE_OUTER_BOUND('',#599,.T.);
#370=FACE_OUTER_BOUND('',#600,.T.);
#371=FACE_OUTER_BOUND('',#601,.T.);
#372=FACE_OUTER_BOUND('',#602,.T.);
#373=FACE_OUTER_BOUND('',#603,.T.);
#374=FACE_OUTER_BOUND('',#604,.T.);
#375=FACE_OUTER_BOUND('',#605,.T.);
#376=FACE_OUTER_BOUND('',#606,.T.);
#377=FACE_OUTER_BOUND('',#607,.T.);
#378=FACE_OUTER_BOUND('',#608,.T.);
#379=FACE_OUTER_BOUND('',#609,.T.);
#380=FACE_OUTER_BOUND('',#610,.T.);
#381=FACE_OUTER_BOUND('',#611,.T.);
#382=FACE_OUTER_BOUND('',#612,.T.);
#383=FACE_OUTER_BOUND('',#613,.T.);
#384=FACE_OUTER_BOUND('',#614,.T.);
#385=FACE_OUTER_BOUND('',#615,.T.);
#386=FACE_OUTER_BOUND('',#616,.T.);
#387=FACE_OUTER_BOUND('',#617,.T.);
#388=FACE_OUTER_BOUND('',#618,.T.);
#389=FACE_OUTER_BOUND('',#619,.T.);
#390=FACE_OUTER_BOUND('',#620,.T.);
#391=FACE_OUTER_BOUND('',#621,.T.);
#392=FACE_OUTER_BOUND('',#622,.T.);
#393=FACE_OUTER_BOUND('',#623,.T.);
#394=FACE_OUTER_BOUND('',#625,.T.);
#395=FACE_OUTER_BOUND('',#630,.T.);
#396=FACE_OUTER_BOUND('',#631,.T.);
#397=FACE_OUTER_BOUND('',#632,.T.);
#398=FACE_OUTER_BOUND('',#633,.T.);
#399=FACE_OUTER_BOUND('',#634,.T.);
#400=FACE_OUTER_BOUND('',#635,.T.);
#401=FACE_OUTER_BOUND('',#636,.T.);
#402=FACE_OUTER_BOUND('',#637,.T.);
#403=FACE_OUTER_BOUND('',#638,.T.);
#404=FACE_OUTER_BOUND('',#639,.T.);
#405=FACE_OUTER_BOUND('',#641,.T.);
#406=FACE_OUTER_BOUND('',#642,.T.);
#407=FACE_OUTER_BOUND('',#643,.T.);
#408=FACE_OUTER_BOUND('',#644,.T.);
#409=FACE_OUTER_BOUND('',#645,.T.);
#410=FACE_OUTER_BOUND('',#646,.T.);
#411=FACE_OUTER_BOUND('',#647,.T.);
#412=FACE_OUTER_BOUND('',#648,.T.);
#413=FACE_OUTER_BOUND('',#649,.T.);
#414=FACE_OUTER_BOUND('',#650,.T.);
#415=FACE_OUTER_BOUND('',#651,.T.);
#416=FACE_OUTER_BOUND('',#652,.T.);
#417=FACE_OUTER_BOUND('',#653,.T.);
#418=FACE_OUTER_BOUND('',#654,.T.);
#419=FACE_OUTER_BOUND('',#655,.T.);
#420=FACE_OUTER_BOUND('',#657,.T.);
#421=FACE_OUTER_BOUND('',#658,.T.);
#422=FACE_OUTER_BOUND('',#659,.T.);
#423=FACE_OUTER_BOUND('',#660,.T.);
#424=FACE_OUTER_BOUND('',#661,.T.);
#425=FACE_OUTER_BOUND('',#662,.T.);
#426=FACE_OUTER_BOUND('',#663,.T.);
#427=FACE_OUTER_BOUND('',#665,.T.);
#428=FACE_OUTER_BOUND('',#666,.T.);
#429=FACE_OUTER_BOUND('',#667,.T.);
#430=FACE_OUTER_BOUND('',#668,.T.);
#431=FACE_OUTER_BOUND('',#669,.T.);
#432=FACE_OUTER_BOUND('',#670,.T.);
#433=FACE_OUTER_BOUND('',#671,.T.);
#434=FACE_OUTER_BOUND('',#672,.T.);
#435=FACE_OUTER_BOUND('',#673,.T.);
#436=FACE_OUTER_BOUND('',#674,.T.);
#437=FACE_OUTER_BOUND('',#675,.T.);
#438=FACE_OUTER_BOUND('',#676,.T.);
#439=FACE_OUTER_BOUND('',#677,.T.);
#440=FACE_OUTER_BOUND('',#678,.T.);
#441=FACE_OUTER_BOUND('',#679,.T.);
#442=FACE_OUTER_BOUND('',#680,.T.);
#443=EDGE_LOOP('',(#2624,#2625,#2626,#2627));
#444=EDGE_LOOP('',(#2628,#2629,#2630,#2631));
#445=EDGE_LOOP('',(#2632,#2633,#2634,#2635,#2636,#2637,#2638,#2639));
#446=EDGE_LOOP('',(#2640,#2641,#2642,#2643,#2644,#2645,#2646,#2647));
#447=EDGE_LOOP('',(#2648,#2649,#2650,#2651,#2652,#2653,#2654,#2655,#2656,
#2657,#2658,#2659,#2660,#2661,#2662,#2663,#2664,#2665,#2666,#2667,#2668,
#2669,#2670,#2671,#2672,#2673,#2674,#2675,#2676,#2677,#2678,#2679,#2680,
#2681,#2682,#2683,#2684,#2685,#2686,#2687,#2688,#2689,#2690,#2691,#2692,
#2693,#2694,#2695,#2696,#2697,#2698,#2699,#2700,#2701,#2702,#2703,#2704));
#448=EDGE_LOOP('',(#2705,#2706,#2707,#2708,#2709,#2710,#2711,#2712,#2713,
#2714,#2715,#2716,#2717,#2718));
#449=EDGE_LOOP('',(#2719,#2720,#2721,#2722));
#450=EDGE_LOOP('',(#2723,#2724,#2725,#2726));
#451=EDGE_LOOP('',(#2727,#2728,#2729,#2730));
#452=EDGE_LOOP('',(#2731,#2732,#2733,#2734));
#453=EDGE_LOOP('',(#2735,#2736,#2737,#2738));
#454=EDGE_LOOP('',(#2739,#2740,#2741,#2742));
#455=EDGE_LOOP('',(#2743,#2744,#2745,#2746));
#456=EDGE_LOOP('',(#2747,#2748,#2749,#2750));
#457=EDGE_LOOP('',(#2751,#2752,#2753,#2754,#2755,#2756,#2757,#2758,#2759,
#2760,#2761,#2762,#2763,#2764));
#458=EDGE_LOOP('',(#2765,#2766,#2767,#2768));
#459=EDGE_LOOP('',(#2769,#2770,#2771,#2772));
#460=EDGE_LOOP('',(#2773,#2774,#2775,#2776));
#461=EDGE_LOOP('',(#2777,#2778,#2779,#2780));
#462=EDGE_LOOP('',(#2781,#2782,#2783,#2784));
#463=EDGE_LOOP('',(#2785,#2786,#2787,#2788,#2789,#2790));
#464=EDGE_LOOP('',(#2791,#2792,#2793,#2794,#2795,#2796,#2797,#2798,#2799,
#2800,#2801,#2802,#2803,#2804));
#465=EDGE_LOOP('',(#2805));
#466=EDGE_LOOP('',(#2806,#2807,#2808,#2809));
#467=EDGE_LOOP('',(#2810,#2811,#2812,#2813));
#468=EDGE_LOOP('',(#2814,#2815,#2816,#2817));
#469=EDGE_LOOP('',(#2818,#2819,#2820,#2821,#2822,#2823,#2824,#2825,#2826,
#2827,#2828,#2829,#2830,#2831,#2832,#2833,#2834,#2835,#2836,#2837,#2838,
#2839,#2840,#2841,#2842,#2843,#2844,#2845,#2846,#2847,#2848,#2849,#2850,
#2851));
#470=EDGE_LOOP('',(#2852,#2853,#2854,#2855,#2856,#2857,#2858,#2859));
#471=EDGE_LOOP('',(#2860,#2861,#2862,#2863,#2864,#2865,#2866,#2867,#2868,
#2869,#2870,#2871,#2872,#2873));
#472=EDGE_LOOP('',(#2874,#2875,#2876,#2877));
#473=EDGE_LOOP('',(#2878,#2879,#2880,#2881));
#474=EDGE_LOOP('',(#2882,#2883,#2884,#2885));
#475=EDGE_LOOP('',(#2886,#2887,#2888,#2889));
#476=EDGE_LOOP('',(#2890,#2891,#2892,#2893));
#477=EDGE_LOOP('',(#2894,#2895,#2896,#2897));
#478=EDGE_LOOP('',(#2898,#2899,#2900,#2901));
#479=EDGE_LOOP('',(#2902,#2903,#2904,#2905));
#480=EDGE_LOOP('',(#2906,#2907,#2908,#2909));
#481=EDGE_LOOP('',(#2910,#2911,#2912,#2913));
#482=EDGE_LOOP('',(#2914,#2915,#2916,#2917));
#483=EDGE_LOOP('',(#2918,#2919,#2920,#2921));
#484=EDGE_LOOP('',(#2922,#2923,#2924,#2925));
#485=EDGE_LOOP('',(#2926,#2927,#2928,#2929));
#486=EDGE_LOOP('',(#2930,#2931,#2932,#2933));
#487=EDGE_LOOP('',(#2934,#2935,#2936,#2937));
#488=EDGE_LOOP('',(#2938,#2939,#2940,#2941));
#489=EDGE_LOOP('',(#2942,#2943,#2944,#2945));
#490=EDGE_LOOP('',(#2946,#2947,#2948,#2949,#2950));
#491=EDGE_LOOP('',(#2951,#2952,#2953,#2954));
#492=EDGE_LOOP('',(#2955));
#493=EDGE_LOOP('',(#2956,#2957,#2958,#2959,#2960));
#494=EDGE_LOOP('',(#2961,#2962,#2963,#2964));
#495=EDGE_LOOP('',(#2965));
#496=EDGE_LOOP('',(#2966,#2967,#2968,#2969,#2970));
#497=EDGE_LOOP('',(#2971,#2972,#2973,#2974));
#498=EDGE_LOOP('',(#2975));
#499=EDGE_LOOP('',(#2976,#2977,#2978,#2979));
#500=EDGE_LOOP('',(#2980,#2981,#2982,#2983));
#501=EDGE_LOOP('',(#2984,#2985,#2986,#2987));
#502=EDGE_LOOP('',(#2988,#2989,#2990,#2991));
#503=EDGE_LOOP('',(#2992,#2993,#2994,#2995,#2996,#2997,#2998,#2999));
#504=EDGE_LOOP('',(#3000,#3001,#3002,#3003,#3004,#3005,#3006,#3007));
#505=EDGE_LOOP('',(#3008,#3009,#3010,#3011,#3012,#3013,#3014,#3015));
#506=EDGE_LOOP('',(#3016,#3017,#3018,#3019,#3020,#3021,#3022,#3023));
#507=EDGE_LOOP('',(#3024,#3025,#3026,#3027,#3028,#3029,#3030,#3031));
#508=EDGE_LOOP('',(#3032,#3033,#3034,#3035,#3036,#3037,#3038,#3039));
#509=EDGE_LOOP('',(#3040,#3041,#3042,#3043));
#510=EDGE_LOOP('',(#3044,#3045,#3046,#3047,#3048,#3049,#3050));
#511=EDGE_LOOP('',(#3051,#3052,#3053,#3054));
#512=EDGE_LOOP('',(#3055,#3056,#3057,#3058,#3059,#3060,#3061,#3062,#3063));
#513=EDGE_LOOP('',(#3064,#3065,#3066,#3067));
#514=EDGE_LOOP('',(#3068,#3069,#3070,#3071,#3072,#3073,#3074));
#515=EDGE_LOOP('',(#3075,#3076,#3077,#3078));
#516=EDGE_LOOP('',(#3079,#3080,#3081,#3082,#3083,#3084));
#517=EDGE_LOOP('',(#3085,#3086,#3087,#3088));
#518=EDGE_LOOP('',(#3089,#3090,#3091,#3092,#3093,#3094));
#519=EDGE_LOOP('',(#3095,#3096,#3097,#3098));
#520=EDGE_LOOP('',(#3099,#3100,#3101,#3102));
#521=EDGE_LOOP('',(#3103,#3104,#3105,#3106));
#522=EDGE_LOOP('',(#3107,#3108,#3109,#3110));
#523=EDGE_LOOP('',(#3111,#3112,#3113,#3114));
#524=EDGE_LOOP('',(#3115,#3116,#3117,#3118));
#525=EDGE_LOOP('',(#3119,#3120,#3121,#3122,#3123,#3124,#3125,#3126,#3127));
#526=EDGE_LOOP('',(#3128,#3129,#3130,#3131));
#527=EDGE_LOOP('',(#3132,#3133,#3134,#3135,#3136,#3137,#3138));
#528=EDGE_LOOP('',(#3139));
#529=EDGE_LOOP('',(#3140,#3141,#3142,#3143,#3144));
#530=EDGE_LOOP('',(#3145));
#531=EDGE_LOOP('',(#3146,#3147,#3148,#3149,#3150));
#532=EDGE_LOOP('',(#3151));
#533=EDGE_LOOP('',(#3152,#3153,#3154,#3155,#3156));
#534=EDGE_LOOP('',(#3157));
#535=EDGE_LOOP('',(#3158,#3159,#3160,#3161,#3162));
#536=EDGE_LOOP('',(#3163,#3164,#3165,#3166));
#537=EDGE_LOOP('',(#3167));
#538=EDGE_LOOP('',(#3168,#3169,#3170,#3171,#3172));
#539=EDGE_LOOP('',(#3173,#3174,#3175,#3176));
#540=EDGE_LOOP('',(#3177));
#541=EDGE_LOOP('',(#3178,#3179,#3180,#3181));
#542=EDGE_LOOP('',(#3182,#3183,#3184,#3185));
#543=EDGE_LOOP('',(#3186,#3187,#3188,#3189));
#544=EDGE_LOOP('',(#3190,#3191,#3192,#3193));
#545=EDGE_LOOP('',(#3194,#3195,#3196,#3197));
#546=EDGE_LOOP('',(#3198,#3199,#3200,#3201));
#547=EDGE_LOOP('',(#3202,#3203,#3204,#3205));
#548=EDGE_LOOP('',(#3206,#3207,#3208,#3209));
#549=EDGE_LOOP('',(#3210,#3211,#3212,#3213,#3214,#3215,#3216));
#550=EDGE_LOOP('',(#3217,#3218,#3219,#3220));
#551=EDGE_LOOP('',(#3221,#3222,#3223,#3224));
#552=EDGE_LOOP('',(#3225,#3226,#3227,#3228));
#553=EDGE_LOOP('',(#3229,#3230,#3231,#3232,#3233,#3234));
#554=EDGE_LOOP('',(#3235,#3236,#3237,#3238));
#555=EDGE_LOOP('',(#3239,#3240,#3241,#3242));
#556=EDGE_LOOP('',(#3243,#3244,#3245,#3246));
#557=EDGE_LOOP('',(#3247,#3248,#3249,#3250));
#558=EDGE_LOOP('',(#3251,#3252,#3253,#3254));
#559=EDGE_LOOP('',(#3255,#3256,#3257,#3258));
#560=EDGE_LOOP('',(#3259,#3260,#3261,#3262,#3263,#3264));
#561=EDGE_LOOP('',(#3265,#3266,#3267,#3268));
#562=EDGE_LOOP('',(#3269,#3270,#3271,#3272));
#563=EDGE_LOOP('',(#3273,#3274,#3275,#3276));
#564=EDGE_LOOP('',(#3277,#3278,#3279,#3280));
#565=EDGE_LOOP('',(#3281,#3282,#3283,#3284));
#566=EDGE_LOOP('',(#3285,#3286,#3287,#3288));
#567=EDGE_LOOP('',(#3289,#3290,#3291,#3292));
#568=EDGE_LOOP('',(#3293,#3294,#3295,#3296));
#569=EDGE_LOOP('',(#3297,#3298,#3299,#3300));
#570=EDGE_LOOP('',(#3301,#3302,#3303,#3304));
#571=EDGE_LOOP('',(#3305,#3306,#3307,#3308));
#572=EDGE_LOOP('',(#3309,#3310,#3311,#3312));
#573=EDGE_LOOP('',(#3313,#3314,#3315,#3316));
#574=EDGE_LOOP('',(#3317,#3318,#3319,#3320));
#575=EDGE_LOOP('',(#3321,#3322,#3323,#3324));
#576=EDGE_LOOP('',(#3325,#3326,#3327,#3328));
#577=EDGE_LOOP('',(#3329,#3330,#3331,#3332));
#578=EDGE_LOOP('',(#3333,#3334,#3335,#3336));
#579=EDGE_LOOP('',(#3337,#3338,#3339,#3340,#3341,#3342));
#580=EDGE_LOOP('',(#3343,#3344,#3345,#3346));
#581=EDGE_LOOP('',(#3347,#3348,#3349,#3350,#3351,#3352));
#582=EDGE_LOOP('',(#3353,#3354,#3355,#3356));
#583=EDGE_LOOP('',(#3357,#3358,#3359,#3360));
#584=EDGE_LOOP('',(#3361,#3362,#3363,#3364));
#585=EDGE_LOOP('',(#3365,#3366,#3367,#3368));
#586=EDGE_LOOP('',(#3369,#3370,#3371,#3372));
#587=EDGE_LOOP('',(#3373,#3374,#3375,#3376));
#588=EDGE_LOOP('',(#3377,#3378,#3379,#3380));
#589=EDGE_LOOP('',(#3381,#3382,#3383,#3384));
#590=EDGE_LOOP('',(#3385,#3386,#3387,#3388,#3389,#3390));
#591=EDGE_LOOP('',(#3391,#3392,#3393,#3394));
#592=EDGE_LOOP('',(#3395,#3396,#3397,#3398));
#593=EDGE_LOOP('',(#3399,#3400,#3401,#3402,#3403,#3404,#3405,#3406));
#594=EDGE_LOOP('',(#3407));
#595=EDGE_LOOP('',(#3408));
#596=EDGE_LOOP('',(#3409,#3410,#3411,#3412));
#597=EDGE_LOOP('',(#3413,#3414,#3415,#3416));
#598=EDGE_LOOP('',(#3417,#3418,#3419,#3420));
#599=EDGE_LOOP('',(#3421,#3422,#3423,#3424));
#600=EDGE_LOOP('',(#3425,#3426,#3427,#3428));
#601=EDGE_LOOP('',(#3429,#3430,#3431,#3432));
#602=EDGE_LOOP('',(#3433,#3434,#3435,#3436));
#603=EDGE_LOOP('',(#3437,#3438,#3439,#3440));
#604=EDGE_LOOP('',(#3441,#3442,#3443,#3444));
#605=EDGE_LOOP('',(#3445,#3446,#3447,#3448));
#606=EDGE_LOOP('',(#3449,#3450,#3451,#3452));
#607=EDGE_LOOP('',(#3453,#3454,#3455,#3456));
#608=EDGE_LOOP('',(#3457,#3458,#3459,#3460));
#609=EDGE_LOOP('',(#3461,#3462,#3463,#3464));
#610=EDGE_LOOP('',(#3465,#3466,#3467,#3468));
#611=EDGE_LOOP('',(#3469,#3470,#3471,#3472));
#612=EDGE_LOOP('',(#3473,#3474,#3475,#3476));
#613=EDGE_LOOP('',(#3477,#3478,#3479,#3480));
#614=EDGE_LOOP('',(#3481,#3482,#3483,#3484));
#615=EDGE_LOOP('',(#3485,#3486,#3487,#3488));
#616=EDGE_LOOP('',(#3489,#3490,#3491,#3492));
#617=EDGE_LOOP('',(#3493,#3494,#3495,#3496));
#618=EDGE_LOOP('',(#3497,#3498,#3499,#3500));
#619=EDGE_LOOP('',(#3501,#3502,#3503,#3504));
#620=EDGE_LOOP('',(#3505,#3506,#3507,#3508));
#621=EDGE_LOOP('',(#3509,#3510,#3511,#3512));
#622=EDGE_LOOP('',(#3513,#3514,#3515,#3516));
#623=EDGE_LOOP('',(#3517,#3518,#3519,#3520,#3521,#3522,#3523,#3524));
#624=EDGE_LOOP('',(#3525));
#625=EDGE_LOOP('',(#3526,#3527,#3528,#3529,#3530,#3531,#3532,#3533,#3534,
#3535,#3536,#3537));
#626=EDGE_LOOP('',(#3538,#3539,#3540,#3541));
#627=EDGE_LOOP('',(#3542,#3543,#3544,#3545,#3546,#3547,#3548,#3549));
#628=EDGE_LOOP('',(#3550));
#629=EDGE_LOOP('',(#3551));
#630=EDGE_LOOP('',(#3552,#3553,#3554,#3555,#3556,#3557));
#631=EDGE_LOOP('',(#3558));
#632=EDGE_LOOP('',(#3559,#3560,#3561,#3562));
#633=EDGE_LOOP('',(#3563,#3564,#3565,#3566));
#634=EDGE_LOOP('',(#3567,#3568,#3569,#3570));
#635=EDGE_LOOP('',(#3571,#3572,#3573,#3574));
#636=EDGE_LOOP('',(#3575,#3576,#3577,#3578));
#637=EDGE_LOOP('',(#3579,#3580,#3581,#3582));
#638=EDGE_LOOP('',(#3583,#3584,#3585,#3586));
#639=EDGE_LOOP('',(#3587,#3588,#3589,#3590,#3591,#3592,#3593,#3594));
#640=EDGE_LOOP('',(#3595));
#641=EDGE_LOOP('',(#3596,#3597,#3598,#3599,#3600,#3601));
#642=EDGE_LOOP('',(#3602));
#643=EDGE_LOOP('',(#3603,#3604,#3605,#3606));
#644=EDGE_LOOP('',(#3607,#3608,#3609,#3610));
#645=EDGE_LOOP('',(#3611,#3612,#3613,#3614));
#646=EDGE_LOOP('',(#3615,#3616,#3617,#3618));
#647=EDGE_LOOP('',(#3619,#3620,#3621,#3622,#3623,#3624));
#648=EDGE_LOOP('',(#3625,#3626,#3627,#3628));
#649=EDGE_LOOP('',(#3629,#3630,#3631,#3632));
#650=EDGE_LOOP('',(#3633,#3634,#3635,#3636));
#651=EDGE_LOOP('',(#3637,#3638,#3639,#3640));
#652=EDGE_LOOP('',(#3641,#3642,#3643,#3644));
#653=EDGE_LOOP('',(#3645,#3646,#3647,#3648));
#654=EDGE_LOOP('',(#3649,#3650,#3651,#3652));
#655=EDGE_LOOP('',(#3653,#3654,#3655,#3656,#3657,#3658,#3659,#3660));
#656=EDGE_LOOP('',(#3661));
#657=EDGE_LOOP('',(#3662,#3663,#3664,#3665,#3666));
#658=EDGE_LOOP('',(#3667));
#659=EDGE_LOOP('',(#3668,#3669,#3670,#3671));
#660=EDGE_LOOP('',(#3672,#3673,#3674,#3675));
#661=EDGE_LOOP('',(#3676,#3677,#3678,#3679));
#662=EDGE_LOOP('',(#3680,#3681,#3682,#3683));
#663=EDGE_LOOP('',(#3684,#3685,#3686,#3687,#3688,#3689,#3690,#3691));
#664=EDGE_LOOP('',(#3692,#3693,#3694,#3695));
#665=EDGE_LOOP('',(#3696,#3697,#3698,#3699));
#666=EDGE_LOOP('',(#3700,#3701,#3702,#3703));
#667=EDGE_LOOP('',(#3704,#3705,#3706,#3707));
#668=EDGE_LOOP('',(#3708,#3709,#3710,#3711));
#669=EDGE_LOOP('',(#3712,#3713,#3714,#3715));
#670=EDGE_LOOP('',(#3716,#3717,#3718,#3719));
#671=EDGE_LOOP('',(#3720,#3721,#3722,#3723));
#672=EDGE_LOOP('',(#3724,#3725,#3726,#3727));
#673=EDGE_LOOP('',(#3728,#3729,#3730,#3731));
#674=EDGE_LOOP('',(#3732,#3733,#3734,#3735));
#675=EDGE_LOOP('',(#3736,#3737,#3738,#3739,#3740,#3741));
#676=EDGE_LOOP('',(#3742,#3743,#3744,#3745));
#677=EDGE_LOOP('',(#3746,#3747,#3748,#3749));
#678=EDGE_LOOP('',(#3750,#3751,#3752,#3753));
#679=EDGE_LOOP('',(#3754,#3755,#3756,#3757));
#680=EDGE_LOOP('',(#3758,#3759,#3760,#3761));
#681=EDGE_LOOP('',(#3762,#3763,#3764,#3765));
#682=LINE('',#5487,#1132);
#683=LINE('',#5490,#1133);
#684=LINE('',#5495,#1134);
#685=LINE('',#5499,#1135);
#686=LINE('',#5501,#1136);
#687=LINE('',#5503,#1137);
#688=LINE('',#5505,#1138);
#689=LINE('',#5507,#1139);
#690=LINE('',#5509,#1140);
#691=LINE('',#5510,#1141);
#692=LINE('',#5513,#1142);
#693=LINE('',#5515,#1143);
#694=LINE('',#5517,#1144);
#695=LINE('',#5519,#1145);
#696=LINE('',#5521,#1146);
#697=LINE('',#5523,#1147);
#698=LINE('',#5524,#1148);
#699=LINE('',#5527,#1149);
#700=LINE('',#5531,#1150);
#701=LINE('',#5533,#1151);
#702=LINE('',#5535,#1152);
#703=LINE('',#5537,#1153);
#704=LINE('',#5539,#1154);
#705=LINE('',#5541,#1155);
#706=LINE('',#5543,#1156);
#707=LINE('',#5545,#1157);
#708=LINE('',#5547,#1158);
#709=LINE('',#5549,#1159);
#710=LINE('',#5551,#1160);
#711=LINE('',#5553,#1161);
#712=LINE('',#5555,#1162);
#713=LINE('',#5557,#1163);
#714=LINE('',#5559,#1164);
#715=LINE('',#5561,#1165);
#716=LINE('',#5563,#1166);
#717=LINE('',#5565,#1167);
#718=LINE('',#5567,#1168);
#719=LINE('',#5569,#1169);
#720=LINE('',#5571,#1170);
#721=LINE('',#5573,#1171);
#722=LINE('',#5575,#1172);
#723=LINE('',#5577,#1173);
#724=LINE('',#5579,#1174);
#725=LINE('',#5581,#1175);
#726=LINE('',#5583,#1176);
#727=LINE('',#5585,#1177);
#728=LINE('',#5587,#1178);
#729=LINE('',#5589,#1179);
#730=LINE('',#5591,#1180);
#731=LINE('',#5593,#1181);
#732=LINE('',#5595,#1182);
#733=LINE('',#5597,#1183);
#734=LINE('',#5599,#1184);
#735=LINE('',#5601,#1185);
#736=LINE('',#5603,#1186);
#737=LINE('',#5605,#1187);
#738=LINE('',#5607,#1188);
#739=LINE('',#5609,#1189);
#740=LINE('',#5611,#1190);
#741=LINE('',#5613,#1191);
#742=LINE('',#5615,#1192);
#743=LINE('',#5619,#1193);
#744=LINE('',#5621,#1194);
#745=LINE('',#5623,#1195);
#746=LINE('',#5625,#1196);
#747=LINE('',#5627,#1197);
#748=LINE('',#5629,#1198);
#749=LINE('',#5632,#1199);
#750=LINE('',#5635,#1200);
#751=LINE('',#5637,#1201);
#752=LINE('',#5639,#1202);
#753=LINE('',#5641,#1203);
#754=LINE('',#5643,#1204);
#755=LINE('',#5645,#1205);
#756=LINE('',#5647,#1206);
#757=LINE('',#5649,#1207);
#758=LINE('',#5651,#1208);
#759=LINE('',#5653,#1209);
#760=LINE('',#5655,#1210);
#761=LINE('',#5657,#1211);
#762=LINE('',#5659,#1212);
#763=LINE('',#5660,#1213);
#764=LINE('',#5664,#1214);
#765=LINE('',#5666,#1215);
#766=LINE('',#5668,#1216);
#767=LINE('',#5669,#1217);
#768=LINE('',#5672,#1218);
#769=LINE('',#5674,#1219);
#770=LINE('',#5675,#1220);
#771=LINE('',#5678,#1221);
#772=LINE('',#5680,#1222);
#773=LINE('',#5681,#1223);
#774=LINE('',#5683,#1224);
#775=LINE('',#5684,#1225);
#776=LINE('',#5693,#1226);
#777=LINE('',#5695,#1227);
#778=LINE('',#5696,#1228);
#779=LINE('',#5701,#1229);
#780=LINE('',#5710,#1230);
#781=LINE('',#5712,#1231);
#782=LINE('',#5713,#1232);
#783=LINE('',#5716,#1233);
#784=LINE('',#5718,#1234);
#785=LINE('',#5720,#1235);
#786=LINE('',#5722,#1236);
#787=LINE('',#5724,#1237);
#788=LINE('',#5726,#1238);
#789=LINE('',#5727,#1239);
#790=LINE('',#5729,#1240);
#791=LINE('',#5731,#1241);
#792=LINE('',#5733,#1242);
#793=LINE('',#5735,#1243);
#794=LINE('',#5737,#1244);
#795=LINE('',#5738,#1245);
#796=LINE('',#5741,#1246);
#797=LINE('',#5743,#1247);
#798=LINE('',#5745,#1248);
#799=LINE('',#5746,#1249);
#800=LINE('',#5749,#1250);
#801=LINE('',#5751,#1251);
#802=LINE('',#5752,#1252);
#803=LINE('',#5755,#1253);
#804=LINE('',#5756,#1254);
#805=LINE('',#5759,#1255);
#806=LINE('',#5761,#1256);
#807=LINE('',#5762,#1257);
#808=LINE('',#5764,#1258);
#809=LINE('',#5769,#1259);
#810=LINE('',#5772,#1260);
#811=LINE('',#5776,#1261);
#812=LINE('',#5778,#1262);
#813=LINE('',#5785,#1263);
#814=LINE('',#5791,#1264);
#815=LINE('',#5795,#1265);
#816=LINE('',#5797,#1266);
#817=LINE('',#5799,#1267);
#818=LINE('',#5801,#1268);
#819=LINE('',#5803,#1269);
#820=LINE('',#5804,#1270);
#821=LINE('',#5806,#1271);
#822=LINE('',#5809,#1272);
#823=LINE('',#5811,#1273);
#824=LINE('',#5814,#1274);
#825=LINE('',#5816,#1275);
#826=LINE('',#5819,#1276);
#827=LINE('',#5821,#1277);
#828=LINE('',#5824,#1278);
#829=LINE('',#5826,#1279);
#830=LINE('',#5829,#1280);
#831=LINE('',#5831,#1281);
#832=LINE('',#5833,#1282);
#833=LINE('',#5835,#1283);
#834=LINE('',#5836,#1284);
#835=LINE('',#5839,#1285);
#836=LINE('',#5843,#1286);
#837=LINE('',#5847,#1287);
#838=LINE('',#5851,#1288);
#839=LINE('',#5857,#1289);
#840=LINE('',#5860,#1290);
#841=LINE('',#5864,#1291);
#842=LINE('',#5867,#1292);
#843=LINE('',#5871,#1293);
#844=LINE('',#5873,#1294);
#845=LINE('',#5875,#1295);
#846=LINE('',#5876,#1296);
#847=LINE('',#5879,#1297);
#848=LINE('',#5881,#1298);
#849=LINE('',#5882,#1299);
#850=LINE('',#5885,#1300);
#851=LINE('',#5887,#1301);
#852=LINE('',#5888,#1302);
#853=LINE('',#5890,#1303);
#854=LINE('',#5891,#1304);
#855=LINE('',#5893,#1305);
#856=LINE('',#5894,#1306);
#857=LINE('',#5896,#1307);
#858=LINE('',#5899,#1308);
#859=LINE('',#5901,#1309);
#860=LINE('',#5903,#1310);
#861=LINE('',#5904,#1311);
#862=LINE('',#5906,#1312);
#863=LINE('',#5911,#1313);
#864=LINE('',#5912,#1314);
#865=LINE('',#5913,#1315);
#866=LINE('',#5917,#1316);
#867=LINE('',#5920,#1317);
#868=LINE('',#5921,#1318);
#869=LINE('',#5925,#1319);
#870=LINE('',#5928,#1320);
#871=LINE('',#5929,#1321);
#872=LINE('',#5933,#1322);
#873=LINE('',#5936,#1323);
#874=LINE('',#5937,#1324);
#875=LINE('',#5944,#1325);
#876=LINE('',#5950,#1326);
#877=LINE('',#5953,#1327);
#878=LINE('',#5959,#1328);
#879=LINE('',#5965,#1329);
#880=LINE('',#5968,#1330);
#881=LINE('',#5974,#1331);
#882=LINE('',#5980,#1332);
#883=LINE('',#5983,#1333);
#884=LINE('',#6017,#1334);
#885=LINE('',#6019,#1335);
#886=LINE('',#6020,#1336);
#887=LINE('',#6021,#1337);
#888=LINE('',#6023,#1338);
#889=LINE('',#6026,#1339);
#890=LINE('',#6027,#1340);
#891=LINE('',#6028,#1341);
#892=LINE('',#6030,#1342);
#893=LINE('',#6033,#1343);
#894=LINE('',#6034,#1344);
#895=LINE('',#6035,#1345);
#896=LINE('',#6037,#1346);
#897=LINE('',#6040,#1347);
#898=LINE('',#6041,#1348);
#899=LINE('',#6045,#1349);
#900=LINE('',#6047,#1350);
#901=LINE('',#6050,#1351);
#902=LINE('',#6051,#1352);
#903=LINE('',#6055,#1353);
#904=LINE('',#6057,#1354);
#905=LINE('',#6060,#1355);
#906=LINE('',#6061,#1356);
#907=LINE('',#6065,#1357);
#908=LINE('',#6067,#1358);
#909=LINE('',#6069,#1359);
#910=LINE('',#6070,#1360);
#911=LINE('',#6072,#1361);
#912=LINE('',#6073,#1362);
#913=LINE('',#6077,#1363);
#914=LINE('',#6079,#1364);
#915=LINE('',#6081,#1365);
#916=LINE('',#6082,#1366);
#917=LINE('',#6085,#1367);
#918=LINE('',#6087,#1368);
#919=LINE('',#6088,#1369);
#920=LINE('',#6089,#1370);
#921=LINE('',#6093,#1371);
#922=LINE('',#6095,#1372);
#923=LINE('',#6097,#1373);
#924=LINE('',#6098,#1374);
#925=LINE('',#6100,#1375);
#926=LINE('',#6101,#1376);
#927=LINE('',#6105,#1377);
#928=LINE('',#6107,#1378);
#929=LINE('',#6109,#1379);
#930=LINE('',#6110,#1380);
#931=LINE('',#6112,#1381);
#932=LINE('',#6114,#1382);
#933=LINE('',#6115,#1383);
#934=LINE('',#6119,#1384);
#935=LINE('',#6121,#1385);
#936=LINE('',#6123,#1386);
#937=LINE('',#6124,#1387);
#938=LINE('',#6126,#1388);
#939=LINE('',#6128,#1389);
#940=LINE('',#6129,#1390);
#941=LINE('',#6131,#1391);
#942=LINE('',#6133,#1392);
#943=LINE('',#6136,#1393);
#944=LINE('',#6138,#1394);
#945=LINE('',#6139,#1395);
#946=LINE('',#6141,#1396);
#947=LINE('',#6143,#1397);
#948=LINE('',#6145,#1398);
#949=LINE('',#6147,#1399);
#950=LINE('',#6148,#1400);
#951=LINE('',#6152,#1401);
#952=LINE('',#6157,#1402);
#953=LINE('',#6163,#1403);
#954=LINE('',#6168,#1404);
#955=LINE('',#6175,#1405);
#956=LINE('',#6179,#1406);
#957=LINE('',#6185,#1407);
#958=LINE('',#6189,#1408);
#959=LINE('',#6192,#1409);
#960=LINE('',#6195,#1410);
#961=LINE('',#6198,#1411);
#962=LINE('',#6200,#1412);
#963=LINE('',#6202,#1413);
#964=LINE('',#6206,#1414);
#965=LINE('',#6208,#1415);
#966=LINE('',#6212,#1416);
#967=LINE('',#6214,#1417);
#968=LINE('',#6217,#1418);
#969=LINE('',#6219,#1419);
#970=LINE('',#6223,#1420);
#971=LINE('',#6225,#1421);
#972=LINE('',#6229,#1422);
#973=LINE('',#6231,#1423);
#974=LINE('',#6232,#1424);
#975=LINE('',#6235,#1425);
#976=LINE('',#6236,#1426);
#977=LINE('',#6239,#1427);
#978=LINE('',#6240,#1428);
#979=LINE('',#6242,#1429);
#980=LINE('',#6243,#1430);
#981=LINE('',#6247,#1431);
#982=LINE('',#6249,#1432);
#983=LINE('',#6250,#1433);
#984=LINE('',#6253,#1434);
#985=LINE('',#6254,#1435);
#986=LINE('',#6257,#1436);
#987=LINE('',#6258,#1437);
#988=LINE('',#6260,#1438);
#989=LINE('',#6261,#1439);
#990=LINE('',#6264,#1440);
#991=LINE('',#6266,#1441);
#992=LINE('',#6268,#1442);
#993=LINE('',#6269,#1443);
#994=LINE('',#6272,#1444);
#995=LINE('',#6273,#1445);
#996=LINE('',#6276,#1446);
#997=LINE('',#6277,#1447);
#998=LINE('',#6279,#1448);
#999=LINE('',#6283,#1449);
#1000=LINE('',#6285,#1450);
#1001=LINE('',#6286,#1451);
#1002=LINE('',#6289,#1452);
#1003=LINE('',#6290,#1453);
#1004=LINE('',#6293,#1454);
#1005=LINE('',#6294,#1455);
#1006=LINE('',#6296,#1456);
#1007=LINE('',#6299,#1457);
#1008=LINE('',#6301,#1458);
#1009=LINE('',#6302,#1459);
#1010=LINE('',#6305,#1460);
#1011=LINE('',#6306,#1461);
#1012=LINE('',#6309,#1462);
#1013=LINE('',#6311,#1463);
#1014=LINE('',#6312,#1464);
#1015=LINE('',#6315,#1465);
#1016=LINE('',#6318,#1466);
#1017=LINE('',#6324,#1467);
#1018=LINE('',#6327,#1468);
#1019=LINE('',#6331,#1469);
#1020=LINE('',#6332,#1470);
#1021=LINE('',#6335,#1471);
#1022=LINE('',#6339,#1472);
#1023=LINE('',#6343,#1473);
#1024=LINE('',#6347,#1474);
#1025=LINE('',#6355,#1475);
#1026=LINE('',#6357,#1476);
#1027=LINE('',#6358,#1477);
#1028=LINE('',#6361,#1478);
#1029=LINE('',#6365,#1479);
#1030=LINE('',#6366,#1480);
#1031=LINE('',#6369,#1481);
#1032=LINE('',#6373,#1482);
#1033=LINE('',#6374,#1483);
#1034=LINE('',#6377,#1484);
#1035=LINE('',#6381,#1485);
#1036=LINE('',#6382,#1486);
#1037=LINE('',#6387,#1487);
#1038=LINE('',#6390,#1488);
#1039=LINE('',#6393,#1489);
#1040=LINE('',#6394,#1490);
#1041=LINE('',#6397,#1491);
#1042=LINE('',#6401,#1492);
#1043=LINE('',#6402,#1493);
#1044=LINE('',#6405,#1494);
#1045=LINE('',#6409,#1495);
#1046=LINE('',#6413,#1496);
#1047=LINE('',#6417,#1497);
#1048=LINE('',#6421,#1498);
#1049=LINE('',#6425,#1499);
#1050=LINE('',#6426,#1500);
#1051=LINE('',#6429,#1501);
#1052=LINE('',#6432,#1502);
#1053=LINE('',#6437,#1503);
#1054=LINE('',#6442,#1504);
#1055=LINE('',#6444,#1505);
#1056=LINE('',#6446,#1506);
#1057=LINE('',#6447,#1507);
#1058=LINE('',#6453,#1508);
#1059=LINE('',#6455,#1509);
#1060=LINE('',#6456,#1510);
#1061=LINE('',#6459,#1511);
#1062=LINE('',#6460,#1512);
#1063=LINE('',#6464,#1513);
#1064=LINE('',#6467,#1514);
#1065=LINE('',#6468,#1515);
#1066=LINE('',#6470,#1516);
#1067=LINE('',#6473,#1517);
#1068=LINE('',#6474,#1518);
#1069=LINE('',#6476,#1519);
#1070=LINE('',#6478,#1520);
#1071=LINE('',#6480,#1521);
#1072=LINE('',#6482,#1522);
#1073=LINE('',#6483,#1523);
#1074=LINE('',#6491,#1524);
#1075=LINE('',#6495,#1525);
#1076=LINE('',#6497,#1526);
#1077=LINE('',#6498,#1527);
#1078=LINE('',#6501,#1528);
#1079=LINE('',#6502,#1529);
#1080=LINE('',#6506,#1530);
#1081=LINE('',#6508,#1531);
#1082=LINE('',#6511,#1532);
#1083=LINE('',#6513,#1533);
#1084=LINE('',#6514,#1534);
#1085=LINE('',#6523,#1535);
#1086=LINE('',#6524,#1536);
#1087=LINE('',#6526,#1537);
#1088=LINE('',#6529,#1538);
#1089=LINE('',#6531,#1539);
#1090=LINE('',#6532,#1540);
#1091=LINE('',#6534,#1541);
#1092=LINE('',#6535,#1542);
#1093=LINE('',#6541,#1543);
#1094=LINE('',#6545,#1544);
#1095=LINE('',#6546,#1545);
#1096=LINE('',#6549,#1546);
#1097=LINE('',#6551,#1547);
#1098=LINE('',#6552,#1548);
#1099=LINE('',#6558,#1549);
#1100=LINE('',#6560,#1550);
#1101=LINE('',#6561,#1551);
#1102=LINE('',#6564,#1552);
#1103=LINE('',#6565,#1553);
#1104=LINE('',#6575,#1554);
#1105=LINE('',#6577,#1555);
#1106=LINE('',#6579,#1556);
#1107=LINE('',#6580,#1557);
#1108=LINE('',#6583,#1558);
#1109=LINE('',#6585,#1559);
#1110=LINE('',#6586,#1560);
#1111=LINE('',#6589,#1561);
#1112=LINE('',#6591,#1562);
#1113=LINE('',#6592,#1563);
#1114=LINE('',#6594,#1564);
#1115=LINE('',#6595,#1565);
#1116=LINE('',#6599,#1566);
#1117=LINE('',#6603,#1567);
#1118=LINE('',#6607,#1568);
#1119=LINE('',#6611,#1569);
#1120=LINE('',#6614,#1570);
#1121=LINE('',#6615,#1571);
#1122=LINE('',#6617,#1572);
#1123=LINE('',#6619,#1573);
#1124=LINE('',#6622,#1574);
#1125=LINE('',#6624,#1575);
#1126=LINE('',#6626,#1576);
#1127=LINE('',#6628,#1577);
#1128=LINE('',#6629,#1578);
#1129=LINE('',#6638,#1579);
#1130=LINE('',#6639,#1580);
#1131=LINE('',#6641,#1581);
#1132=VECTOR('',#4374,10.);
#1133=VECTOR('',#4377,10.);
#1134=VECTOR('',#4382,0.899999999999999);
#1135=VECTOR('',#4387,10.);
#1136=VECTOR('',#4388,10.);
#1137=VECTOR('',#4389,10.);
#1138=VECTOR('',#4390,10.);
#1139=VECTOR('',#4391,10.);
#1140=VECTOR('',#4392,10.);
#1141=VECTOR('',#4393,10.);
#1142=VECTOR('',#4396,10.);
#1143=VECTOR('',#4397,10.);
#1144=VECTOR('',#4398,10.);
#1145=VECTOR('',#4399,10.);
#1146=VECTOR('',#4400,10.);
#1147=VECTOR('',#4401,10.);
#1148=VECTOR('',#4402,10.);
#1149=VECTOR('',#4405,10.);
#1150=VECTOR('',#4408,10.);
#1151=VECTOR('',#4409,10.);
#1152=VECTOR('',#4410,10.);
#1153=VECTOR('',#4411,10.);
#1154=VECTOR('',#4412,10.);
#1155=VECTOR('',#4413,10.);
#1156=VECTOR('',#4414,10.);
#1157=VECTOR('',#4415,10.);
#1158=VECTOR('',#4416,10.);
#1159=VECTOR('',#4417,10.);
#1160=VECTOR('',#4418,10.);
#1161=VECTOR('',#4419,10.);
#1162=VECTOR('',#4420,10.);
#1163=VECTOR('',#4421,10.);
#1164=VECTOR('',#4422,10.);
#1165=VECTOR('',#4423,10.);
#1166=VECTOR('',#4424,10.);
#1167=VECTOR('',#4425,10.);
#1168=VECTOR('',#4426,10.);
#1169=VECTOR('',#4427,10.);
#1170=VECTOR('',#4428,10.);
#1171=VECTOR('',#4429,10.);
#1172=VECTOR('',#4430,10.);
#1173=VECTOR('',#4431,10.);
#1174=VECTOR('',#4432,10.);
#1175=VECTOR('',#4433,10.);
#1176=VECTOR('',#4434,10.);
#1177=VECTOR('',#4435,10.);
#1178=VECTOR('',#4436,10.);
#1179=VECTOR('',#4437,10.);
#1180=VECTOR('',#4438,10.);
#1181=VECTOR('',#4439,10.);
#1182=VECTOR('',#4440,10.);
#1183=VECTOR('',#4441,10.);
#1184=VECTOR('',#4442,10.);
#1185=VECTOR('',#4443,10.);
#1186=VECTOR('',#4444,10.);
#1187=VECTOR('',#4445,10.);
#1188=VECTOR('',#4446,10.);
#1189=VECTOR('',#4447,10.);
#1190=VECTOR('',#4448,10.);
#1191=VECTOR('',#4449,10.);
#1192=VECTOR('',#4450,10.);
#1193=VECTOR('',#4453,10.);
#1194=VECTOR('',#4454,10.);
#1195=VECTOR('',#4455,10.);
#1196=VECTOR('',#4456,10.);
#1197=VECTOR('',#4457,10.);
#1198=VECTOR('',#4458,10.);
#1199=VECTOR('',#4461,10.);
#1200=VECTOR('',#4462,10.);
#1201=VECTOR('',#4463,10.);
#1202=VECTOR('',#4464,10.);
#1203=VECTOR('',#4465,10.);
#1204=VECTOR('',#4466,10.);
#1205=VECTOR('',#4467,10.);
#1206=VECTOR('',#4468,10.);
#1207=VECTOR('',#4469,10.);
#1208=VECTOR('',#4470,10.);
#1209=VECTOR('',#4471,10.);
#1210=VECTOR('',#4472,10.);
#1211=VECTOR('',#4473,10.);
#1212=VECTOR('',#4474,10.);
#1213=VECTOR('',#4475,10.);
#1214=VECTOR('',#4478,10.);
#1215=VECTOR('',#4479,10.);
#1216=VECTOR('',#4480,10.);
#1217=VECTOR('',#4481,10.);
#1218=VECTOR('',#4484,10.);
#1219=VECTOR('',#4485,10.);
#1220=VECTOR('',#4486,10.);
#1221=VECTOR('',#4489,10.);
#1222=VECTOR('',#4490,10.);
#1223=VECTOR('',#4491,10.);
#1224=VECTOR('',#4494,10.);
#1225=VECTOR('',#4495,10.);
#1226=VECTOR('',#4500,10.);
#1227=VECTOR('',#4501,10.);
#1228=VECTOR('',#4502,10.);
#1229=VECTOR('',#4507,10.);
#1230=VECTOR('',#4512,10.);
#1231=VECTOR('',#4513,10.);
#1232=VECTOR('',#4514,10.);
#1233=VECTOR('',#4517,10.);
#1234=VECTOR('',#4518,10.);
#1235=VECTOR('',#4519,10.);
#1236=VECTOR('',#4520,10.);
#1237=VECTOR('',#4521,10.);
#1238=VECTOR('',#4522,10.);
#1239=VECTOR('',#4523,10.);
#1240=VECTOR('',#4524,10.);
#1241=VECTOR('',#4525,10.);
#1242=VECTOR('',#4526,10.);
#1243=VECTOR('',#4527,10.);
#1244=VECTOR('',#4528,10.);
#1245=VECTOR('',#4529,10.);
#1246=VECTOR('',#4530,10.);
#1247=VECTOR('',#4531,10.);
#1248=VECTOR('',#4532,10.);
#1249=VECTOR('',#4533,10.);
#1250=VECTOR('',#4536,10.);
#1251=VECTOR('',#4537,10.);
#1252=VECTOR('',#4538,10.);
#1253=VECTOR('',#4541,10.);
#1254=VECTOR('',#4542,10.);
#1255=VECTOR('',#4545,10.);
#1256=VECTOR('',#4546,10.);
#1257=VECTOR('',#4547,10.);
#1258=VECTOR('',#4550,10.);
#1259=VECTOR('',#4555,10.);
#1260=VECTOR('',#4558,10.);
#1261=VECTOR('',#4563,10.);
#1262=VECTOR('',#4564,10.);
#1263=VECTOR('',#4573,10.);
#1264=VECTOR('',#4582,10.);
#1265=VECTOR('',#4587,10.);
#1266=VECTOR('',#4588,10.);
#1267=VECTOR('',#4589,10.);
#1268=VECTOR('',#4590,10.);
#1269=VECTOR('',#4591,10.);
#1270=VECTOR('',#4592,10.);
#1271=VECTOR('',#4593,10.);
#1272=VECTOR('',#4596,10.);
#1273=VECTOR('',#4597,10.);
#1274=VECTOR('',#4600,10.);
#1275=VECTOR('',#4601,10.);
#1276=VECTOR('',#4604,10.);
#1277=VECTOR('',#4605,10.);
#1278=VECTOR('',#4608,10.);
#1279=VECTOR('',#4609,10.);
#1280=VECTOR('',#4612,10.);
#1281=VECTOR('',#4613,10.);
#1282=VECTOR('',#4614,10.);
#1283=VECTOR('',#4615,10.);
#1284=VECTOR('',#4616,10.);
#1285=VECTOR('',#4617,10.);
#1286=VECTOR('',#4620,10.);
#1287=VECTOR('',#4623,10.);
#1288=VECTOR('',#4626,10.);
#1289=VECTOR('',#4633,10.);
#1290=VECTOR('',#4636,10.);
#1291=VECTOR('',#4639,10.);
#1292=VECTOR('',#4642,10.);
#1293=VECTOR('',#4645,10.);
#1294=VECTOR('',#4646,10.);
#1295=VECTOR('',#4647,10.);
#1296=VECTOR('',#4648,10.);
#1297=VECTOR('',#4651,10.);
#1298=VECTOR('',#4652,10.);
#1299=VECTOR('',#4653,10.);
#1300=VECTOR('',#4656,10.);
#1301=VECTOR('',#4657,10.);
#1302=VECTOR('',#4658,10.);
#1303=VECTOR('',#4661,10.);
#1304=VECTOR('',#4662,10.);
#1305=VECTOR('',#4665,10.);
#1306=VECTOR('',#4666,10.);
#1307=VECTOR('',#4669,10.);
#1308=VECTOR('',#4672,10.);
#1309=VECTOR('',#4673,10.);
#1310=VECTOR('',#4674,10.);
#1311=VECTOR('',#4675,10.);
#1312=VECTOR('',#4678,10.);
#1313=VECTOR('',#4683,10.);
#1314=VECTOR('',#4684,10.);
#1315=VECTOR('',#4685,10.);
#1316=VECTOR('',#4690,10.);
#1317=VECTOR('',#4693,10.);
#1318=VECTOR('',#4694,10.);
#1319=VECTOR('',#4699,10.);
#1320=VECTOR('',#4702,10.);
#1321=VECTOR('',#4703,10.);
#1322=VECTOR('',#4708,10.);
#1323=VECTOR('',#4711,10.);
#1324=VECTOR('',#4712,10.);
#1325=VECTOR('',#4721,1.25);
#1326=VECTOR('',#4728,10.);
#1327=VECTOR('',#4731,10.);
#1328=VECTOR('',#4738,1.25);
#1329=VECTOR('',#4745,10.);
#1330=VECTOR('',#4748,10.);
#1331=VECTOR('',#4755,1.25);
#1332=VECTOR('',#4762,10.);
#1333=VECTOR('',#4765,10.);
#1334=VECTOR('',#4782,10.);
#1335=VECTOR('',#4783,10.);
#1336=VECTOR('',#4784,10.);
#1337=VECTOR('',#4785,10.);
#1338=VECTOR('',#4786,10.);
#1339=VECTOR('',#4789,10.);
#1340=VECTOR('',#4790,10.);
#1341=VECTOR('',#4791,10.);
#1342=VECTOR('',#4792,10.);
#1343=VECTOR('',#4795,10.);
#1344=VECTOR('',#4796,10.);
#1345=VECTOR('',#4797,10.);
#1346=VECTOR('',#4798,10.);
#1347=VECTOR('',#4801,10.);
#1348=VECTOR('',#4802,10.);
#1349=VECTOR('',#4805,10.);
#1350=VECTOR('',#4806,10.);
#1351=VECTOR('',#4809,10.);
#1352=VECTOR('',#4810,10.);
#1353=VECTOR('',#4813,10.);
#1354=VECTOR('',#4814,10.);
#1355=VECTOR('',#4817,10.);
#1356=VECTOR('',#4818,10.);
#1357=VECTOR('',#4821,10.);
#1358=VECTOR('',#4822,10.);
#1359=VECTOR('',#4823,10.);
#1360=VECTOR('',#4824,10.);
#1361=VECTOR('',#4827,10.);
#1362=VECTOR('',#4828,10.);
#1363=VECTOR('',#4831,10.);
#1364=VECTOR('',#4832,10.);
#1365=VECTOR('',#4833,10.);
#1366=VECTOR('',#4834,10.);
#1367=VECTOR('',#4837,10.);
#1368=VECTOR('',#4838,10.);
#1369=VECTOR('',#4839,10.);
#1370=VECTOR('',#4840,10.);
#1371=VECTOR('',#4843,10.);
#1372=VECTOR('',#4844,10.);
#1373=VECTOR('',#4845,10.);
#1374=VECTOR('',#4846,10.);
#1375=VECTOR('',#4849,10.);
#1376=VECTOR('',#4850,10.);
#1377=VECTOR('',#4853,10.);
#1378=VECTOR('',#4854,10.);
#1379=VECTOR('',#4855,10.);
#1380=VECTOR('',#4856,10.);
#1381=VECTOR('',#4859,10.);
#1382=VECTOR('',#4860,10.);
#1383=VECTOR('',#4861,10.);
#1384=VECTOR('',#4864,10.);
#1385=VECTOR('',#4865,10.);
#1386=VECTOR('',#4866,10.);
#1387=VECTOR('',#4867,10.);
#1388=VECTOR('',#4870,10.);
#1389=VECTOR('',#4871,10.);
#1390=VECTOR('',#4872,10.);
#1391=VECTOR('',#4875,10.);
#1392=VECTOR('',#4878,10.);
#1393=VECTOR('',#4881,10.);
#1394=VECTOR('',#4882,10.);
#1395=VECTOR('',#4883,10.);
#1396=VECTOR('',#4886,10.);
#1397=VECTOR('',#4889,10.);
#1398=VECTOR('',#4892,10.);
#1399=VECTOR('',#4895,10.);
#1400=VECTOR('',#4896,10.);
#1401=VECTOR('',#4903,10.);
#1402=VECTOR('',#4910,1.2);
#1403=VECTOR('',#4919,1.20000000000001);
#1404=VECTOR('',#4926,1.20000000000001);
#1405=VECTOR('',#4935,1.2);
#1406=VECTOR('',#4942,10.);
#1407=VECTOR('',#4949,1.2);
#1408=VECTOR('',#4956,10.);
#1409=VECTOR('',#4961,10.);
#1410=VECTOR('',#4966,10.);
#1411=VECTOR('',#4971,10.);
#1412=VECTOR('',#4974,10.);
#1413=VECTOR('',#4977,10.);
#1414=VECTOR('',#4984,10.);
#1415=VECTOR('',#4987,10.);
#1416=VECTOR('',#4994,10.);
#1417=VECTOR('',#4997,10.);
#1418=VECTOR('',#5002,10.);
#1419=VECTOR('',#5005,10.);
#1420=VECTOR('',#5012,10.);
#1421=VECTOR('',#5015,10.);
#1422=VECTOR('',#5020,10.);
#1423=VECTOR('',#5021,10.);
#1424=VECTOR('',#5022,10.);
#1425=VECTOR('',#5025,10.);
#1426=VECTOR('',#5026,10.);
#1427=VECTOR('',#5029,10.);
#1428=VECTOR('',#5030,10.);
#1429=VECTOR('',#5033,10.);
#1430=VECTOR('',#5034,10.);
#1431=VECTOR('',#5039,10.);
#1432=VECTOR('',#5040,10.);
#1433=VECTOR('',#5041,10.);
#1434=VECTOR('',#5044,10.);
#1435=VECTOR('',#5045,10.);
#1436=VECTOR('',#5048,10.);
#1437=VECTOR('',#5049,10.);
#1438=VECTOR('',#5052,10.);
#1439=VECTOR('',#5053,10.);
#1440=VECTOR('',#5058,10.);
#1441=VECTOR('',#5059,10.);
#1442=VECTOR('',#5060,10.);
#1443=VECTOR('',#5061,10.);
#1444=VECTOR('',#5064,10.);
#1445=VECTOR('',#5065,10.);
#1446=VECTOR('',#5068,10.);
#1447=VECTOR('',#5069,10.);
#1448=VECTOR('',#5072,10.);
#1449=VECTOR('',#5077,10.);
#1450=VECTOR('',#5078,10.);
#1451=VECTOR('',#5079,10.);
#1452=VECTOR('',#5082,10.);
#1453=VECTOR('',#5083,10.);
#1454=VECTOR('',#5086,10.);
#1455=VECTOR('',#5087,10.);
#1456=VECTOR('',#5090,10.);
#1457=VECTOR('',#5093,10.);
#1458=VECTOR('',#5094,10.);
#1459=VECTOR('',#5095,10.);
#1460=VECTOR('',#5098,10.);
#1461=VECTOR('',#5099,10.);
#1462=VECTOR('',#5102,10.);
#1463=VECTOR('',#5103,10.);
#1464=VECTOR('',#5104,10.);
#1465=VECTOR('',#5109,10.);
#1466=VECTOR('',#5114,10.);
#1467=VECTOR('',#5123,10.);
#1468=VECTOR('',#5126,10.);
#1469=VECTOR('',#5131,10.);
#1470=VECTOR('',#5132,10.);
#1471=VECTOR('',#5133,10.);
#1472=VECTOR('',#5136,10.);
#1473=VECTOR('',#5139,10.);
#1474=VECTOR('',#5142,10.);
#1475=VECTOR('',#5151,10.);
#1476=VECTOR('',#5152,10.);
#1477=VECTOR('',#5153,10.);
#1478=VECTOR('',#5156,10.);
#1479=VECTOR('',#5161,10.);
#1480=VECTOR('',#5162,10.);
#1481=VECTOR('',#5165,10.);
#1482=VECTOR('',#5170,10.);
#1483=VECTOR('',#5171,10.);
#1484=VECTOR('',#5174,10.);
#1485=VECTOR('',#5179,10.);
#1486=VECTOR('',#5180,10.);
#1487=VECTOR('',#5187,10.);
#1488=VECTOR('',#5190,10.);
#1489=VECTOR('',#5193,10.);
#1490=VECTOR('',#5194,10.);
#1491=VECTOR('',#5197,10.);
#1492=VECTOR('',#5202,10.);
#1493=VECTOR('',#5203,10.);
#1494=VECTOR('',#5206,3.25);
#1495=VECTOR('',#5211,3.);
#1496=VECTOR('',#5216,3.25);
#1497=VECTOR('',#5221,3.);
#1498=VECTOR('',#5226,10.);
#1499=VECTOR('',#5231,10.);
#1500=VECTOR('',#5232,10.);
#1501=VECTOR('',#5235,10.);
#1502=VECTOR('',#5240,10.);
#1503=VECTOR('',#5245,1.000002540005);
#1504=VECTOR('',#5250,10.);
#1505=VECTOR('',#5251,10.);
#1506=VECTOR('',#5252,10.);
#1507=VECTOR('',#5253,10.);
#1508=VECTOR('',#5260,10.);
#1509=VECTOR('',#5263,10.);
#1510=VECTOR('',#5264,10.);
#1511=VECTOR('',#5267,10.);
#1512=VECTOR('',#5268,10.);
#1513=VECTOR('',#5273,10.);
#1514=VECTOR('',#5276,10.);
#1515=VECTOR('',#5277,10.);
#1516=VECTOR('',#5280,10.);
#1517=VECTOR('',#5283,10.);
#1518=VECTOR('',#5284,10.);
#1519=VECTOR('',#5285,10.);
#1520=VECTOR('',#5286,10.);
#1521=VECTOR('',#5287,10.);
#1522=VECTOR('',#5288,10.);
#1523=VECTOR('',#5289,10.);
#1524=VECTOR('',#5300,1.000002540005);
#1525=VECTOR('',#5305,10.);
#1526=VECTOR('',#5306,10.);
#1527=VECTOR('',#5307,10.);
#1528=VECTOR('',#5310,10.);
#1529=VECTOR('',#5311,10.);
#1530=VECTOR('',#5316,10.);
#1531=VECTOR('',#5319,10.);
#1532=VECTOR('',#5322,10.);
#1533=VECTOR('',#5323,10.);
#1534=VECTOR('',#5324,10.);
#1535=VECTOR('',#5339,10.);
#1536=VECTOR('',#5340,10.);
#1537=VECTOR('',#5343,10.);
#1538=VECTOR('',#5346,10.);
#1539=VECTOR('',#5347,10.);
#1540=VECTOR('',#5348,10.);
#1541=VECTOR('',#5351,10.);
#1542=VECTOR('',#5352,10.);
#1543=VECTOR('',#5359,1.000002540005);
#1544=VECTOR('',#5364,10.);
#1545=VECTOR('',#5365,10.);
#1546=VECTOR('',#5368,10.);
#1547=VECTOR('',#5369,10.);
#1548=VECTOR('',#5370,10.);
#1549=VECTOR('',#5377,10.);
#1550=VECTOR('',#5380,10.);
#1551=VECTOR('',#5381,10.);
#1552=VECTOR('',#5384,10.);
#1553=VECTOR('',#5385,10.);
#1554=VECTOR('',#5400,10.);
#1555=VECTOR('',#5401,10.);
#1556=VECTOR('',#5402,10.);
#1557=VECTOR('',#5403,10.);
#1558=VECTOR('',#5406,10.);
#1559=VECTOR('',#5407,10.);
#1560=VECTOR('',#5408,10.);
#1561=VECTOR('',#5411,10.);
#1562=VECTOR('',#5412,10.);
#1563=VECTOR('',#5413,10.);
#1564=VECTOR('',#5416,10.);
#1565=VECTOR('',#5417,10.);
#1566=VECTOR('',#5420,10.);
#1567=VECTOR('',#5423,10.);
#1568=VECTOR('',#5426,10.);
#1569=VECTOR('',#5429,10.);
#1570=VECTOR('',#5434,10.);
#1571=VECTOR('',#5435,10.);
#1572=VECTOR('',#5438,10.);
#1573=VECTOR('',#5441,10.);
#1574=VECTOR('',#5446,10.);
#1575=VECTOR('',#5449,10.);
#1576=VECTOR('',#5452,10.);
#1577=VECTOR('',#5455,10.);
#1578=VECTOR('',#5456,10.);
#1579=VECTOR('',#5471,10.);
#1580=VECTOR('',#5472,10.);
#1581=VECTOR('',#5475,10.);
#1582=CIRCLE('',#4037,1.99999999999999);
#1583=CIRCLE('',#4038,1.99999999999999);
#1584=CIRCLE('',#4040,0.899999999999999);
#1585=CIRCLE('',#4041,0.899999999999999);
#1586=CIRCLE('',#4045,1.99999999999999);
#1587=CIRCLE('',#4046,2.);
#1588=CIRCLE('',#4047,1.99999999999999);
#1589=CIRCLE('',#4055,4.);
#1590=CIRCLE('',#4056,3.00000000000001);
#1591=CIRCLE('',#4064,4.);
#1592=CIRCLE('',#4065,4.);
#1593=CIRCLE('',#4067,4.);
#1594=CIRCLE('',#4068,2.);
#1595=CIRCLE('',#4069,2.);
#1596=CIRCLE('',#4071,3.);
#1597=CIRCLE('',#4072,4.);
#1598=CIRCLE('',#4074,2.);
#1599=CIRCLE('',#4076,2.);
#1600=CIRCLE('',#4078,2.5);
#1601=CIRCLE('',#4079,2.5);
#1602=CIRCLE('',#4080,2.5);
#1603=CIRCLE('',#4081,2.5);
#1604=CIRCLE('',#4082,2.5);
#1605=CIRCLE('',#4083,0.500000000000002);
#1606=CIRCLE('',#4084,0.5);
#1607=CIRCLE('',#4085,0.5);
#1608=CIRCLE('',#4086,0.5);
#1609=CIRCLE('',#4088,2.);
#1610=CIRCLE('',#4089,2.);
#1611=CIRCLE('',#4090,3.);
#1612=CIRCLE('',#4091,3.);
#1613=CIRCLE('',#4103,0.500000000000002);
#1614=CIRCLE('',#4106,0.5);
#1615=CIRCLE('',#4109,0.5);
#1616=CIRCLE('',#4112,0.5);
#1617=CIRCLE('',#4114,1.00000000000001);
#1618=CIRCLE('',#4115,1.5);
#1619=CIRCLE('',#4116,1.5);
#1620=CIRCLE('',#4118,1.5);
#1621=CIRCLE('',#4121,1.00000000000001);
#1622=CIRCLE('',#4122,1.5);
#1623=CIRCLE('',#4123,1.5);
#1624=CIRCLE('',#4125,1.5);
#1625=CIRCLE('',#4128,1.00000000000001);
#1626=CIRCLE('',#4129,1.5);
#1627=CIRCLE('',#4130,1.5);
#1628=CIRCLE('',#4132,1.5);
#1629=CIRCLE('',#4135,3.5);
#1630=CIRCLE('',#4137,3.5);
#1631=CIRCLE('',#4139,3.5);
#1632=CIRCLE('',#4141,2.5);
#1633=CIRCLE('',#4142,2.5);
#1634=CIRCLE('',#4143,2.5);
#1635=CIRCLE('',#4144,2.5);
#1636=CIRCLE('',#4145,1.5);
#1637=CIRCLE('',#4146,2.5);
#1638=CIRCLE('',#4147,1.5);
#1639=CIRCLE('',#4166,1.5);
#1640=CIRCLE('',#4170,0.899999999999999);
#1641=CIRCLE('',#4171,1.5);
#1642=CIRCLE('',#4174,0.900000000000007);
#1643=CIRCLE('',#4177,0.900000000000007);
#1644=CIRCLE('',#4178,1.5);
#1645=CIRCLE('',#4181,0.900000000000003);
#1646=CIRCLE('',#4182,1.5);
#1647=CIRCLE('',#4183,1.5);
#1648=CIRCLE('',#4187,0.900000000000003);
#1649=CIRCLE('',#4188,1.5);
#1650=CIRCLE('',#4189,1.5);
#1651=CIRCLE('',#4238,4.);
#1652=CIRCLE('',#4242,4.);
#1653=CIRCLE('',#4244,4.);
#1654=CIRCLE('',#4246,4.);
#1655=CIRCLE('',#4248,2.);
#1656=CIRCLE('',#4249,2.);
#1657=CIRCLE('',#4250,2.);
#1658=CIRCLE('',#4251,2.);
#1659=CIRCLE('',#4252,3.5);
#1660=CIRCLE('',#4253,3.5);
#1661=CIRCLE('',#4256,1.5);
#1662=CIRCLE('',#4259,1.5);
#1663=CIRCLE('',#4262,1.5);
#1664=CIRCLE('',#4265,1.5);
#1665=CIRCLE('',#4267,1.5);
#1666=CIRCLE('',#4270,1.5);
#1667=CIRCLE('',#4273,3.);
#1668=CIRCLE('',#4275,3.);
#1669=CIRCLE('',#4277,3.);
#1670=CIRCLE('',#4279,3.);
#1671=CIRCLE('',#4281,1.5);
#1672=CIRCLE('',#4284,1.5);
#1673=CIRCLE('',#4287,1.000002540005);
#1674=CIRCLE('',#4288,1.000002540005);
#1675=CIRCLE('',#4291,2.);
#1676=CIRCLE('',#4292,2.);
#1677=CIRCLE('',#4296,2.);
#1678=CIRCLE('',#4301,2.);
#1679=CIRCLE('',#4304,1.000002540005);
#1680=CIRCLE('',#4305,1.000002540005);
#1681=CIRCLE('',#4309,1.99999999999999);
#1682=CIRCLE('',#4313,1.99999999999999);
#1683=CIRCLE('',#4314,1.99999999999999);
#1684=CIRCLE('',#4324,1.000002540005);
#1685=CIRCLE('',#4325,1.000002540005);
#1686=CIRCLE('',#4329,1.99999999999999);
#1687=CIRCLE('',#4330,1.99999999999999);
#1688=CIRCLE('',#4334,1.99999999999999);
#1689=CIRCLE('',#4337,2.);
#1690=CIRCLE('',#4344,3.);
#1691=CIRCLE('',#4345,3.);
#1692=CIRCLE('',#4346,3.00000000000001);
#1693=CIRCLE('',#4347,3.);
#1694=CIRCLE('',#4352,4.);
#1695=VERTEX_POINT('',#5483);
#1696=VERTEX_POINT('',#5484);
#1697=VERTEX_POINT('',#5486);
#1698=VERTEX_POINT('',#5488);
#1699=VERTEX_POINT('',#5492);
#1700=VERTEX_POINT('',#5494);
#1701=VERTEX_POINT('',#5498);
#1702=VERTEX_POINT('',#5500);
#1703=VERTEX_POINT('',#5502);
#1704=VERTEX_POINT('',#5504);
#1705=VERTEX_POINT('',#5506);
#1706=VERTEX_POINT('',#5508);
#1707=VERTEX_POINT('',#5512);
#1708=VERTEX_POINT('',#5514);
#1709=VERTEX_POINT('',#5516);
#1710=VERTEX_POINT('',#5518);
#1711=VERTEX_POINT('',#5520);
#1712=VERTEX_POINT('',#5522);
#1713=VERTEX_POINT('',#5526);
#1714=VERTEX_POINT('',#5528);
#1715=VERTEX_POINT('',#5530);
#1716=VERTEX_POINT('',#5532);
#1717=VERTEX_POINT('',#5534);
#1718=VERTEX_POINT('',#5536);
#1719=VERTEX_POINT('',#5538);
#1720=VERTEX_POINT('',#5540);
#1721=VERTEX_POINT('',#5542);
#1722=VERTEX_POINT('',#5544);
#1723=VERTEX_POINT('',#5546);
#1724=VERTEX_POINT('',#5548);
#1725=VERTEX_POINT('',#5550);
#1726=VERTEX_POINT('',#5552);
#1727=VERTEX_POINT('',#5554);
#1728=VERTEX_POINT('',#5556);
#1729=VERTEX_POINT('',#5558);
#1730=VERTEX_POINT('',#5560);
#1731=VERTEX_POINT('',#5562);
#1732=VERTEX_POINT('',#5564);
#1733=VERTEX_POINT('',#5566);
#1734=VERTEX_POINT('',#5568);
#1735=VERTEX_POINT('',#5570);
#1736=VERTEX_POINT('',#5572);
#1737=VERTEX_POINT('',#5574);
#1738=VERTEX_POINT('',#5576);
#1739=VERTEX_POINT('',#5578);
#1740=VERTEX_POINT('',#5580);
#1741=VERTEX_POINT('',#5582);
#1742=VERTEX_POINT('',#5584);
#1743=VERTEX_POINT('',#5586);
#1744=VERTEX_POINT('',#5588);
#1745=VERTEX_POINT('',#5590);
#1746=VERTEX_POINT('',#5592);
#1747=VERTEX_POINT('',#5594);
#1748=VERTEX_POINT('',#5596);
#1749=VERTEX_POINT('',#5598);
#1750=VERTEX_POINT('',#5600);
#1751=VERTEX_POINT('',#5602);
#1752=VERTEX_POINT('',#5604);
#1753=VERTEX_POINT('',#5606);
#1754=VERTEX_POINT('',#5608);
#1755=VERTEX_POINT('',#5610);
#1756=VERTEX_POINT('',#5612);
#1757=VERTEX_POINT('',#5614);
#1758=VERTEX_POINT('',#5616);
#1759=VERTEX_POINT('',#5618);
#1760=VERTEX_POINT('',#5620);
#1761=VERTEX_POINT('',#5622);
#1762=VERTEX_POINT('',#5624);
#1763=VERTEX_POINT('',#5626);
#1764=VERTEX_POINT('',#5628);
#1765=VERTEX_POINT('',#5630);
#1766=VERTEX_POINT('',#5633);
#1767=VERTEX_POINT('',#5634);
#1768=VERTEX_POINT('',#5636);
#1769=VERTEX_POINT('',#5638);
#1770=VERTEX_POINT('',#5640);
#1771=VERTEX_POINT('',#5642);
#1772=VERTEX_POINT('',#5644);
#1773=VERTEX_POINT('',#5646);
#1774=VERTEX_POINT('',#5648);
#1775=VERTEX_POINT('',#5650);
#1776=VERTEX_POINT('',#5652);
#1777=VERTEX_POINT('',#5654);
#1778=VERTEX_POINT('',#5656);
#1779=VERTEX_POINT('',#5658);
#1780=VERTEX_POINT('',#5662);
#1781=VERTEX_POINT('',#5663);
#1782=VERTEX_POINT('',#5665);
#1783=VERTEX_POINT('',#5667);
#1784=VERTEX_POINT('',#5671);
#1785=VERTEX_POINT('',#5673);
#1786=VERTEX_POINT('',#5677);
#1787=VERTEX_POINT('',#5679);
#1788=VERTEX_POINT('',#5687);
#1789=VERTEX_POINT('',#5688);
#1790=VERTEX_POINT('',#5692);
#1791=VERTEX_POINT('',#5694);
#1792=VERTEX_POINT('',#5698);
#1793=VERTEX_POINT('',#5700);
#1794=VERTEX_POINT('',#5704);
#1795=VERTEX_POINT('',#5705);
#1796=VERTEX_POINT('',#5709);
#1797=VERTEX_POINT('',#5711);
#1798=VERTEX_POINT('',#5715);
#1799=VERTEX_POINT('',#5717);
#1800=VERTEX_POINT('',#5719);
#1801=VERTEX_POINT('',#5721);
#1802=VERTEX_POINT('',#5723);
#1803=VERTEX_POINT('',#5725);
#1804=VERTEX_POINT('',#5728);
#1805=VERTEX_POINT('',#5730);
#1806=VERTEX_POINT('',#5732);
#1807=VERTEX_POINT('',#5734);
#1808=VERTEX_POINT('',#5736);
#1809=VERTEX_POINT('',#5739);
#1810=VERTEX_POINT('',#5740);
#1811=VERTEX_POINT('',#5742);
#1812=VERTEX_POINT('',#5744);
#1813=VERTEX_POINT('',#5748);
#1814=VERTEX_POINT('',#5750);
#1815=VERTEX_POINT('',#5754);
#1816=VERTEX_POINT('',#5758);
#1817=VERTEX_POINT('',#5760);
#1818=VERTEX_POINT('',#5766);
#1819=VERTEX_POINT('',#5768);
#1820=VERTEX_POINT('',#5770);
#1821=VERTEX_POINT('',#5774);
#1822=VERTEX_POINT('',#5777);
#1823=VERTEX_POINT('',#5782);
#1824=VERTEX_POINT('',#5784);
#1825=VERTEX_POINT('',#5790);
#1826=VERTEX_POINT('',#5794);
#1827=VERTEX_POINT('',#5796);
#1828=VERTEX_POINT('',#5798);
#1829=VERTEX_POINT('',#5800);
#1830=VERTEX_POINT('',#5802);
#1831=VERTEX_POINT('',#5805);
#1832=VERTEX_POINT('',#5807);
#1833=VERTEX_POINT('',#5810);
#1834=VERTEX_POINT('',#5812);
#1835=VERTEX_POINT('',#5815);
#1836=VERTEX_POINT('',#5817);
#1837=VERTEX_POINT('',#5820);
#1838=VERTEX_POINT('',#5822);
#1839=VERTEX_POINT('',#5825);
#1840=VERTEX_POINT('',#5827);
#1841=VERTEX_POINT('',#5830);
#1842=VERTEX_POINT('',#5832);
#1843=VERTEX_POINT('',#5834);
#1844=VERTEX_POINT('',#5837);
#1845=VERTEX_POINT('',#5838);
#1846=VERTEX_POINT('',#5840);
#1847=VERTEX_POINT('',#5842);
#1848=VERTEX_POINT('',#5844);
#1849=VERTEX_POINT('',#5846);
#1850=VERTEX_POINT('',#5848);
#1851=VERTEX_POINT('',#5850);
#1852=VERTEX_POINT('',#5854);
#1853=VERTEX_POINT('',#5856);
#1854=VERTEX_POINT('',#5859);
#1855=VERTEX_POINT('',#5861);
#1856=VERTEX_POINT('',#5863);
#1857=VERTEX_POINT('',#5865);
#1858=VERTEX_POINT('',#5869);
#1859=VERTEX_POINT('',#5870);
#1860=VERTEX_POINT('',#5872);
#1861=VERTEX_POINT('',#5874);
#1862=VERTEX_POINT('',#5878);
#1863=VERTEX_POINT('',#5880);
#1864=VERTEX_POINT('',#5884);
#1865=VERTEX_POINT('',#5886);
#1866=VERTEX_POINT('',#5898);
#1867=VERTEX_POINT('',#5900);
#1868=VERTEX_POINT('',#5902);
#1869=VERTEX_POINT('',#5909);
#1870=VERTEX_POINT('',#5910);
#1871=VERTEX_POINT('',#5915);
#1872=VERTEX_POINT('',#5919);
#1873=VERTEX_POINT('',#5923);
#1874=VERTEX_POINT('',#5927);
#1875=VERTEX_POINT('',#5931);
#1876=VERTEX_POINT('',#5935);
#1877=VERTEX_POINT('',#5941);
#1878=VERTEX_POINT('',#5943);
#1879=VERTEX_POINT('',#5945);
#1880=VERTEX_POINT('',#5949);
#1881=VERTEX_POINT('',#5951);
#1882=VERTEX_POINT('',#5956);
#1883=VERTEX_POINT('',#5958);
#1884=VERTEX_POINT('',#5960);
#1885=VERTEX_POINT('',#5964);
#1886=VERTEX_POINT('',#5966);
#1887=VERTEX_POINT('',#5971);
#1888=VERTEX_POINT('',#5973);
#1889=VERTEX_POINT('',#5975);
#1890=VERTEX_POINT('',#5979);
#1891=VERTEX_POINT('',#5981);
#1892=VERTEX_POINT('',#5986);
#1893=VERTEX_POINT('',#5990);
#1894=VERTEX_POINT('',#5996);
#1895=VERTEX_POINT('',#6000);
#1896=VERTEX_POINT('',#6006);
#1897=VERTEX_POINT('',#6010);
#1898=VERTEX_POINT('',#6016);
#1899=VERTEX_POINT('',#6018);
#1900=VERTEX_POINT('',#6022);
#1901=VERTEX_POINT('',#6024);
#1902=VERTEX_POINT('',#6029);
#1903=VERTEX_POINT('',#6031);
#1904=VERTEX_POINT('',#6036);
#1905=VERTEX_POINT('',#6038);
#1906=VERTEX_POINT('',#6042);
#1907=VERTEX_POINT('',#6043);
#1908=VERTEX_POINT('',#6046);
#1909=VERTEX_POINT('',#6048);
#1910=VERTEX_POINT('',#6052);
#1911=VERTEX_POINT('',#6053);
#1912=VERTEX_POINT('',#6056);
#1913=VERTEX_POINT('',#6058);
#1914=VERTEX_POINT('',#6063);
#1915=VERTEX_POINT('',#6064);
#1916=VERTEX_POINT('',#6066);
#1917=VERTEX_POINT('',#6068);
#1918=VERTEX_POINT('',#6075);
#1919=VERTEX_POINT('',#6076);
#1920=VERTEX_POINT('',#6078);
#1921=VERTEX_POINT('',#6080);
#1922=VERTEX_POINT('',#6084);
#1923=VERTEX_POINT('',#6086);
#1924=VERTEX_POINT('',#6091);
#1925=VERTEX_POINT('',#6092);
#1926=VERTEX_POINT('',#6094);
#1927=VERTEX_POINT('',#6096);
#1928=VERTEX_POINT('',#6103);
#1929=VERTEX_POINT('',#6104);
#1930=VERTEX_POINT('',#6106);
#1931=VERTEX_POINT('',#6108);
#1932=VERTEX_POINT('',#6113);
#1933=VERTEX_POINT('',#6117);
#1934=VERTEX_POINT('',#6118);
#1935=VERTEX_POINT('',#6120);
#1936=VERTEX_POINT('',#6122);
#1937=VERTEX_POINT('',#6127);
#1938=VERTEX_POINT('',#6135);
#1939=VERTEX_POINT('',#6137);
#1940=VERTEX_POINT('',#6155);
#1941=VERTEX_POINT('',#6161);
#1942=VERTEX_POINT('',#6166);
#1943=VERTEX_POINT('',#6172);
#1944=VERTEX_POINT('',#6174);
#1945=VERTEX_POINT('',#6182);
#1946=VERTEX_POINT('',#6184);
#1947=VERTEX_POINT('',#6228);
#1948=VERTEX_POINT('',#6230);
#1949=VERTEX_POINT('',#6234);
#1950=VERTEX_POINT('',#6238);
#1951=VERTEX_POINT('',#6246);
#1952=VERTEX_POINT('',#6248);
#1953=VERTEX_POINT('',#6252);
#1954=VERTEX_POINT('',#6256);
#1955=VERTEX_POINT('',#6265);
#1956=VERTEX_POINT('',#6267);
#1957=VERTEX_POINT('',#6271);
#1958=VERTEX_POINT('',#6275);
#1959=VERTEX_POINT('',#6282);
#1960=VERTEX_POINT('',#6284);
#1961=VERTEX_POINT('',#6288);
#1962=VERTEX_POINT('',#6292);
#1963=VERTEX_POINT('',#6298);
#1964=VERTEX_POINT('',#6300);
#1965=VERTEX_POINT('',#6304);
#1966=VERTEX_POINT('',#6308);
#1967=VERTEX_POINT('',#6310);
#1968=VERTEX_POINT('',#6322);
#1969=VERTEX_POINT('',#6326);
#1970=VERTEX_POINT('',#6330);
#1971=VERTEX_POINT('',#6333);
#1972=VERTEX_POINT('',#6334);
#1973=VERTEX_POINT('',#6336);
#1974=VERTEX_POINT('',#6338);
#1975=VERTEX_POINT('',#6340);
#1976=VERTEX_POINT('',#6342);
#1977=VERTEX_POINT('',#6344);
#1978=VERTEX_POINT('',#6346);
#1979=VERTEX_POINT('',#6349);
#1980=VERTEX_POINT('',#6351);
#1981=VERTEX_POINT('',#6354);
#1982=VERTEX_POINT('',#6356);
#1983=VERTEX_POINT('',#6360);
#1984=VERTEX_POINT('',#6364);
#1985=VERTEX_POINT('',#6368);
#1986=VERTEX_POINT('',#6372);
#1987=VERTEX_POINT('',#6376);
#1988=VERTEX_POINT('',#6380);
#1989=VERTEX_POINT('',#6386);
#1990=VERTEX_POINT('',#6388);
#1991=VERTEX_POINT('',#6392);
#1992=VERTEX_POINT('',#6396);
#1993=VERTEX_POINT('',#6400);
#1994=VERTEX_POINT('',#6404);
#1995=VERTEX_POINT('',#6408);
#1996=VERTEX_POINT('',#6412);
#1997=VERTEX_POINT('',#6416);
#1998=VERTEX_POINT('',#6420);
#1999=VERTEX_POINT('',#6424);
#2000=VERTEX_POINT('',#6428);
#2001=VERTEX_POINT('',#6434);
#2002=VERTEX_POINT('',#6436);
#2003=VERTEX_POINT('',#6440);
#2004=VERTEX_POINT('',#6441);
#2005=VERTEX_POINT('',#6443);
#2006=VERTEX_POINT('',#6445);
#2007=VERTEX_POINT('',#6449);
#2008=VERTEX_POINT('',#6451);
#2009=VERTEX_POINT('',#6458);
#2010=VERTEX_POINT('',#6462);
#2011=VERTEX_POINT('',#6466);
#2012=VERTEX_POINT('',#6472);
#2013=VERTEX_POINT('',#6475);
#2014=VERTEX_POINT('',#6477);
#2015=VERTEX_POINT('',#6479);
#2016=VERTEX_POINT('',#6481);
#2017=VERTEX_POINT('',#6488);
#2018=VERTEX_POINT('',#6490);
#2019=VERTEX_POINT('',#6494);
#2020=VERTEX_POINT('',#6496);
#2021=VERTEX_POINT('',#6500);
#2022=VERTEX_POINT('',#6504);
#2023=VERTEX_POINT('',#6510);
#2024=VERTEX_POINT('',#6512);
#2025=VERTEX_POINT('',#6522);
#2026=VERTEX_POINT('',#6528);
#2027=VERTEX_POINT('',#6530);
#2028=VERTEX_POINT('',#6538);
#2029=VERTEX_POINT('',#6540);
#2030=VERTEX_POINT('',#6544);
#2031=VERTEX_POINT('',#6548);
#2032=VERTEX_POINT('',#6550);
#2033=VERTEX_POINT('',#6554);
#2034=VERTEX_POINT('',#6556);
#2035=VERTEX_POINT('',#6563);
#2036=VERTEX_POINT('',#6573);
#2037=VERTEX_POINT('',#6574);
#2038=VERTEX_POINT('',#6576);
#2039=VERTEX_POINT('',#6578);
#2040=VERTEX_POINT('',#6582);
#2041=VERTEX_POINT('',#6584);
#2042=VERTEX_POINT('',#6588);
#2043=VERTEX_POINT('',#6590);
#2044=VERTEX_POINT('',#6597);
#2045=VERTEX_POINT('',#6598);
#2046=VERTEX_POINT('',#6600);
#2047=VERTEX_POINT('',#6602);
#2048=VERTEX_POINT('',#6604);
#2049=VERTEX_POINT('',#6606);
#2050=VERTEX_POINT('',#6608);
#2051=VERTEX_POINT('',#6610);
#2052=VERTEX_POINT('',#6637);
#2053=EDGE_CURVE('',#1695,#1696,#1582,.T.);
#2054=EDGE_CURVE('',#1697,#1696,#682,.T.);
#2055=EDGE_CURVE('',#1698,#1697,#1583,.T.);
#2056=EDGE_CURVE('',#1695,#1698,#683,.T.);
#2057=EDGE_CURVE('',#1699,#1699,#1584,.T.);
#2058=EDGE_CURVE('',#1699,#1700,#684,.T.);
#2059=EDGE_CURVE('',#1700,#1700,#1585,.T.);
#2060=EDGE_CURVE('',#1696,#1701,#685,.T.);
#2061=EDGE_CURVE('',#1702,#1701,#686,.T.);
#2062=EDGE_CURVE('',#1703,#1702,#687,.T.);
#2063=EDGE_CURVE('',#1703,#1704,#688,.T.);
#2064=EDGE_CURVE('',#1704,#1705,#689,.T.);
#2065=EDGE_CURVE('',#1705,#1706,#690,.T.);
#2066=EDGE_CURVE('',#1697,#1706,#691,.T.);
#2067=EDGE_CURVE('',#1707,#1698,#692,.T.);
#2068=EDGE_CURVE('',#1707,#1708,#693,.T.);
#2069=EDGE_CURVE('',#1708,#1709,#694,.T.);
#2070=EDGE_CURVE('',#1709,#1710,#695,.T.);
#2071=EDGE_CURVE('',#1711,#1710,#696,.T.);
#2072=EDGE_CURVE('',#1712,#1711,#697,.T.);
#2073=EDGE_CURVE('',#1712,#1695,#698,.T.);
#2074=EDGE_CURVE('',#1706,#1713,#699,.T.);
#2075=EDGE_CURVE('',#1713,#1714,#1586,.T.);
#2076=EDGE_CURVE('',#1714,#1715,#700,.T.);
#2077=EDGE_CURVE('',#1715,#1716,#701,.T.);
#2078=EDGE_CURVE('',#1716,#1717,#702,.T.);
#2079=EDGE_CURVE('',#1718,#1717,#703,.T.);
#2080=EDGE_CURVE('',#1719,#1718,#704,.T.);
#2081=EDGE_CURVE('',#1719,#1720,#705,.T.);
#2082=EDGE_CURVE('',#1720,#1721,#706,.T.);
#2083=EDGE_CURVE('',#1722,#1721,#707,.T.);
#2084=EDGE_CURVE('',#1723,#1722,#708,.T.);
#2085=EDGE_CURVE('',#1723,#1724,#709,.T.);
#2086=EDGE_CURVE('',#1724,#1725,#710,.T.);
#2087=EDGE_CURVE('',#1726,#1725,#711,.T.);
#2088=EDGE_CURVE('',#1727,#1726,#712,.T.);
#2089=EDGE_CURVE('',#1727,#1728,#713,.T.);
#2090=EDGE_CURVE('',#1728,#1729,#714,.T.);
#2091=EDGE_CURVE('',#1730,#1729,#715,.T.);
#2092=EDGE_CURVE('',#1731,#1730,#716,.T.);
#2093=EDGE_CURVE('',#1731,#1732,#717,.T.);
#2094=EDGE_CURVE('',#1732,#1733,#718,.T.);
#2095=EDGE_CURVE('',#1734,#1733,#719,.T.);
#2096=EDGE_CURVE('',#1735,#1734,#720,.T.);
#2097=EDGE_CURVE('',#1735,#1736,#721,.T.);
#2098=EDGE_CURVE('',#1736,#1737,#722,.T.);
#2099=EDGE_CURVE('',#1738,#1737,#723,.T.);
#2100=EDGE_CURVE('',#1739,#1738,#724,.T.);
#2101=EDGE_CURVE('',#1739,#1740,#725,.T.);
#2102=EDGE_CURVE('',#1740,#1741,#726,.T.);
#2103=EDGE_CURVE('',#1742,#1741,#727,.T.);
#2104=EDGE_CURVE('',#1743,#1742,#728,.T.);
#2105=EDGE_CURVE('',#1743,#1744,#729,.T.);
#2106=EDGE_CURVE('',#1744,#1745,#730,.T.);
#2107=EDGE_CURVE('',#1746,#1745,#731,.T.);
#2108=EDGE_CURVE('',#1747,#1746,#732,.T.);
#2109=EDGE_CURVE('',#1747,#1748,#733,.T.);
#2110=EDGE_CURVE('',#1748,#1749,#734,.T.);
#2111=EDGE_CURVE('',#1750,#1749,#735,.T.);
#2112=EDGE_CURVE('',#1751,#1750,#736,.T.);
#2113=EDGE_CURVE('',#1751,#1752,#737,.T.);
#2114=EDGE_CURVE('',#1752,#1753,#738,.T.);
#2115=EDGE_CURVE('',#1754,#1753,#739,.T.);
#2116=EDGE_CURVE('',#1755,#1754,#740,.T.);
#2117=EDGE_CURVE('',#1755,#1756,#741,.T.);
#2118=EDGE_CURVE('',#1756,#1757,#742,.T.);
#2119=EDGE_CURVE('',#1757,#1758,#1587,.T.);
#2120=EDGE_CURVE('',#1758,#1759,#743,.T.);
#2121=EDGE_CURVE('',#1759,#1760,#744,.T.);
#2122=EDGE_CURVE('',#1760,#1761,#745,.T.);
#2123=EDGE_CURVE('',#1761,#1762,#746,.T.);
#2124=EDGE_CURVE('',#1762,#1763,#747,.T.);
#2125=EDGE_CURVE('',#1763,#1764,#748,.T.);
#2126=EDGE_CURVE('',#1764,#1765,#1588,.T.);
#2127=EDGE_CURVE('',#1765,#1707,#749,.T.);
#2128=EDGE_CURVE('',#1766,#1767,#750,.T.);
#2129=EDGE_CURVE('',#1768,#1767,#751,.T.);
#2130=EDGE_CURVE('',#1769,#1768,#752,.T.);
#2131=EDGE_CURVE('',#1769,#1770,#753,.T.);
#2132=EDGE_CURVE('',#1770,#1771,#754,.T.);
#2133=EDGE_CURVE('',#1771,#1772,#755,.T.);
#2134=EDGE_CURVE('',#1773,#1772,#756,.T.);
#2135=EDGE_CURVE('',#1773,#1774,#757,.T.);
#2136=EDGE_CURVE('',#1774,#1775,#758,.T.);
#2137=EDGE_CURVE('',#1775,#1776,#759,.T.);
#2138=EDGE_CURVE('',#1777,#1776,#760,.T.);
#2139=EDGE_CURVE('',#1778,#1777,#761,.T.);
#2140=EDGE_CURVE('',#1778,#1779,#762,.T.);
#2141=EDGE_CURVE('',#1779,#1766,#763,.T.);
#2142=EDGE_CURVE('',#1780,#1781,#764,.T.);
#2143=EDGE_CURVE('',#1780,#1782,#765,.T.);
#2144=EDGE_CURVE('',#1782,#1783,#766,.T.);
#2145=EDGE_CURVE('',#1781,#1783,#767,.T.);
#2146=EDGE_CURVE('',#1784,#1780,#768,.T.);
#2147=EDGE_CURVE('',#1784,#1785,#769,.T.);
#2148=EDGE_CURVE('',#1785,#1782,#770,.T.);
#2149=EDGE_CURVE('',#1786,#1784,#771,.T.);
#2150=EDGE_CURVE('',#1786,#1787,#772,.T.);
#2151=EDGE_CURVE('',#1787,#1785,#773,.T.);
#2152=EDGE_CURVE('',#1781,#1786,#774,.T.);
#2153=EDGE_CURVE('',#1783,#1787,#775,.T.);
#2154=EDGE_CURVE('',#1788,#1789,#44,.T.);
#2155=EDGE_CURVE('',#1790,#1789,#776,.T.);
#2156=EDGE_CURVE('',#1790,#1791,#777,.F.);
#2157=EDGE_CURVE('',#1788,#1791,#778,.T.);
#2158=EDGE_CURVE('',#1788,#1792,#1589,.T.);
#2159=EDGE_CURVE('',#1792,#1793,#779,.T.);
#2160=EDGE_CURVE('',#1793,#1789,#1590,.T.);
#2161=EDGE_CURVE('',#1794,#1795,#45,.T.);
#2162=EDGE_CURVE('',#1795,#1796,#780,.T.);
#2163=EDGE_CURVE('',#1796,#1797,#781,.F.);
#2164=EDGE_CURVE('',#1794,#1797,#782,.T.);
#2165=EDGE_CURVE('',#1797,#1798,#783,.T.);
#2166=EDGE_CURVE('',#1798,#1799,#784,.T.);
#2167=EDGE_CURVE('',#1800,#1799,#785,.T.);
#2168=EDGE_CURVE('',#1801,#1800,#786,.T.);
#2169=EDGE_CURVE('',#1801,#1802,#787,.T.);
#2170=EDGE_CURVE('',#1802,#1803,#788,.T.);
#2171=EDGE_CURVE('',#1803,#1763,#789,.T.);
#2172=EDGE_CURVE('',#1762,#1804,#790,.T.);
#2173=EDGE_CURVE('',#1804,#1805,#791,.T.);
#2174=EDGE_CURVE('',#1805,#1806,#792,.T.);
#2175=EDGE_CURVE('',#1807,#1806,#793,.T.);
#2176=EDGE_CURVE('',#1808,#1807,#794,.T.);
#2177=EDGE_CURVE('',#1797,#1808,#795,.T.);
#2178=EDGE_CURVE('',#1809,#1810,#796,.T.);
#2179=EDGE_CURVE('',#1810,#1811,#797,.T.);
#2180=EDGE_CURVE('',#1811,#1812,#798,.T.);
#2181=EDGE_CURVE('',#1812,#1809,#799,.T.);
#2182=EDGE_CURVE('',#1788,#1813,#800,.T.);
#2183=EDGE_CURVE('',#1791,#1814,#801,.T.);
#2184=EDGE_CURVE('',#1813,#1814,#802,.T.);
#2185=EDGE_CURVE('',#1814,#1815,#803,.T.);
#2186=EDGE_CURVE('',#1815,#1790,#804,.T.);
#2187=EDGE_CURVE('',#1816,#1795,#805,.T.);
#2188=EDGE_CURVE('',#1816,#1817,#806,.T.);
#2189=EDGE_CURVE('',#1817,#1796,#807,.T.);
#2190=EDGE_CURVE('',#1798,#1817,#808,.T.);
#2191=EDGE_CURVE('',#1813,#1818,#1591,.T.);
#2192=EDGE_CURVE('',#1818,#1819,#809,.T.);
#2193=EDGE_CURVE('',#1820,#1819,#1592,.T.);
#2194=EDGE_CURVE('',#1820,#1792,#810,.T.);
#2195=EDGE_CURVE('',#1821,#1816,#1593,.T.);
#2196=EDGE_CURVE('',#1818,#1821,#811,.T.);
#2197=EDGE_CURVE('',#1822,#1815,#812,.T.);
#2198=EDGE_CURVE('',#1701,#1822,#1594,.T.);
#2199=EDGE_CURVE('',#1799,#1712,#1595,.T.);
#2200=EDGE_CURVE('',#1794,#1823,#1596,.T.);
#2201=EDGE_CURVE('',#1824,#1823,#813,.T.);
#2202=EDGE_CURVE('',#1824,#1795,#1597,.T.);
#2203=EDGE_CURVE('',#1800,#1711,#1598,.T.);
#2204=EDGE_CURVE('',#1822,#1825,#814,.T.);
#2205=EDGE_CURVE('',#1702,#1825,#1599,.T.);
#2206=EDGE_CURVE('',#1826,#1790,#815,.T.);
#2207=EDGE_CURVE('',#1827,#1826,#816,.T.);
#2208=EDGE_CURVE('',#1828,#1827,#817,.T.);
#2209=EDGE_CURVE('',#1828,#1829,#818,.T.);
#2210=EDGE_CURVE('',#1829,#1830,#819,.T.);
#2211=EDGE_CURVE('',#1830,#1756,#820,.T.);
#2212=EDGE_CURVE('',#1755,#1831,#821,.T.);
#2213=EDGE_CURVE('',#1831,#1832,#1600,.T.);
#2214=EDGE_CURVE('',#1832,#1748,#822,.T.);
#2215=EDGE_CURVE('',#1747,#1833,#823,.T.);
#2216=EDGE_CURVE('',#1833,#1834,#1601,.T.);
#2217=EDGE_CURVE('',#1834,#1740,#824,.T.);
#2218=EDGE_CURVE('',#1739,#1835,#825,.T.);
#2219=EDGE_CURVE('',#1835,#1836,#1602,.T.);
#2220=EDGE_CURVE('',#1836,#1732,#826,.T.);
#2221=EDGE_CURVE('',#1731,#1837,#827,.T.);
#2222=EDGE_CURVE('',#1837,#1838,#1603,.T.);
#2223=EDGE_CURVE('',#1838,#1724,#828,.T.);
#2224=EDGE_CURVE('',#1723,#1839,#829,.T.);
#2225=EDGE_CURVE('',#1839,#1840,#1604,.T.);
#2226=EDGE_CURVE('',#1840,#1716,#830,.T.);
#2227=EDGE_CURVE('',#1715,#1841,#831,.T.);
#2228=EDGE_CURVE('',#1841,#1842,#832,.T.);
#2229=EDGE_CURVE('',#1842,#1843,#833,.T.);
#2230=EDGE_CURVE('',#1825,#1843,#834,.T.);
#2231=EDGE_CURVE('',#1844,#1845,#835,.T.);
#2232=EDGE_CURVE('',#1845,#1846,#1605,.T.);
#2233=EDGE_CURVE('',#1846,#1847,#836,.T.);
#2234=EDGE_CURVE('',#1847,#1848,#1606,.T.);
#2235=EDGE_CURVE('',#1848,#1849,#837,.T.);
#2236=EDGE_CURVE('',#1849,#1850,#1607,.T.);
#2237=EDGE_CURVE('',#1850,#1851,#838,.T.);
#2238=EDGE_CURVE('',#1851,#1844,#1608,.T.);
#2239=EDGE_CURVE('',#1852,#1808,#1609,.T.);
#2240=EDGE_CURVE('',#1852,#1853,#839,.T.);
#2241=EDGE_CURVE('',#1826,#1853,#1610,.T.);
#2242=EDGE_CURVE('',#1854,#1793,#840,.T.);
#2243=EDGE_CURVE('',#1855,#1854,#1611,.T.);
#2244=EDGE_CURVE('',#1856,#1855,#841,.T.);
#2245=EDGE_CURVE('',#1857,#1856,#1612,.T.);
#2246=EDGE_CURVE('',#1823,#1857,#842,.T.);
#2247=EDGE_CURVE('',#1858,#1859,#843,.T.);
#2248=EDGE_CURVE('',#1859,#1860,#844,.T.);
#2249=EDGE_CURVE('',#1860,#1861,#845,.T.);
#2250=EDGE_CURVE('',#1858,#1861,#846,.T.);
#2251=EDGE_CURVE('',#1859,#1862,#847,.T.);
#2252=EDGE_CURVE('',#1862,#1863,#848,.T.);
#2253=EDGE_CURVE('',#1863,#1860,#849,.T.);
#2254=EDGE_CURVE('',#1861,#1864,#850,.T.);
#2255=EDGE_CURVE('',#1864,#1865,#851,.T.);
#2256=EDGE_CURVE('',#1865,#1858,#852,.T.);
#2257=EDGE_CURVE('',#1862,#1865,#853,.T.);
#2258=EDGE_CURVE('',#1864,#1863,#854,.T.);
#2259=EDGE_CURVE('',#1861,#1810,#855,.T.);
#2260=EDGE_CURVE('',#1864,#1809,#856,.T.);
#2261=EDGE_CURVE('',#1860,#1811,#857,.T.);
#2262=EDGE_CURVE('',#1866,#1824,#858,.T.);
#2263=EDGE_CURVE('',#1867,#1866,#859,.T.);
#2264=EDGE_CURVE('',#1868,#1867,#860,.T.);
#2265=EDGE_CURVE('',#1824,#1868,#861,.T.);
#2266=EDGE_CURVE('',#1863,#1812,#862,.T.);
#2267=EDGE_CURVE('',#1869,#1870,#863,.T.);
#2268=EDGE_CURVE('',#1869,#1845,#864,.T.);
#2269=EDGE_CURVE('',#1870,#1844,#865,.T.);
#2270=EDGE_CURVE('',#1871,#1869,#1613,.T.);
#2271=EDGE_CURVE('',#1871,#1846,#866,.T.);
#2272=EDGE_CURVE('',#1872,#1871,#867,.T.);
#2273=EDGE_CURVE('',#1872,#1847,#868,.T.);
#2274=EDGE_CURVE('',#1873,#1872,#1614,.T.);
#2275=EDGE_CURVE('',#1873,#1848,#869,.T.);
#2276=EDGE_CURVE('',#1874,#1873,#870,.T.);
#2277=EDGE_CURVE('',#1874,#1849,#871,.T.);
#2278=EDGE_CURVE('',#1875,#1874,#1615,.T.);
#2279=EDGE_CURVE('',#1875,#1850,#872,.T.);
#2280=EDGE_CURVE('',#1876,#1875,#873,.T.);
#2281=EDGE_CURVE('',#1876,#1851,#874,.T.);
#2282=EDGE_CURVE('',#1870,#1876,#1616,.T.);
#2283=EDGE_CURVE('',#1877,#1877,#1617,.T.);
#2284=EDGE_CURVE('',#1877,#1878,#875,.T.);
#2285=EDGE_CURVE('',#1879,#1878,#1618,.T.);
#2286=EDGE_CURVE('',#1879,#1878,#1619,.T.);
#2287=EDGE_CURVE('',#1880,#1879,#876,.T.);
#2288=EDGE_CURVE('',#1881,#1880,#1620,.T.);
#2289=EDGE_CURVE('',#1881,#1878,#877,.T.);
#2290=EDGE_CURVE('',#1882,#1882,#1621,.T.);
#2291=EDGE_CURVE('',#1882,#1883,#878,.T.);
#2292=EDGE_CURVE('',#1884,#1883,#1622,.T.);
#2293=EDGE_CURVE('',#1884,#1883,#1623,.T.);
#2294=EDGE_CURVE('',#1885,#1884,#879,.T.);
#2295=EDGE_CURVE('',#1886,#1885,#1624,.T.);
#2296=EDGE_CURVE('',#1886,#1883,#880,.T.);
#2297=EDGE_CURVE('',#1887,#1887,#1625,.T.);
#2298=EDGE_CURVE('',#1887,#1888,#881,.T.);
#2299=EDGE_CURVE('',#1889,#1888,#1626,.T.);
#2300=EDGE_CURVE('',#1889,#1888,#1627,.T.);
#2301=EDGE_CURVE('',#1890,#1889,#882,.T.);
#2302=EDGE_CURVE('',#1891,#1890,#1628,.T.);
#2303=EDGE_CURVE('',#1891,#1888,#883,.T.);
#2304=EDGE_CURVE('',#1892,#1879,#46,.T.);
#2305=EDGE_CURVE('',#1878,#1893,#47,.T.);
#2306=EDGE_CURVE('',#1893,#1892,#1629,.T.);
#2307=EDGE_CURVE('',#1894,#1884,#48,.T.);
#2308=EDGE_CURVE('',#1883,#1895,#49,.T.);
#2309=EDGE_CURVE('',#1895,#1894,#1630,.T.);
#2310=EDGE_CURVE('',#1896,#1889,#50,.T.);
#2311=EDGE_CURVE('',#1888,#1897,#51,.T.);
#2312=EDGE_CURVE('',#1897,#1896,#1631,.T.);
#2313=EDGE_CURVE('',#1792,#1898,#884,.T.);
#2314=EDGE_CURVE('',#1899,#1820,#885,.T.);
#2315=EDGE_CURVE('',#1898,#1899,#886,.T.);
#2316=EDGE_CURVE('',#1893,#1734,#887,.T.);
#2317=EDGE_CURVE('',#1733,#1900,#888,.T.);
#2318=EDGE_CURVE('',#1900,#1901,#1632,.T.);
#2319=EDGE_CURVE('',#1901,#1738,#889,.T.);
#2320=EDGE_CURVE('',#1737,#1892,#890,.T.);
#2321=EDGE_CURVE('',#1895,#1726,#891,.T.);
#2322=EDGE_CURVE('',#1725,#1902,#892,.T.);
#2323=EDGE_CURVE('',#1902,#1903,#1633,.T.);
#2324=EDGE_CURVE('',#1903,#1730,#893,.T.);
#2325=EDGE_CURVE('',#1729,#1894,#894,.T.);
#2326=EDGE_CURVE('',#1897,#1718,#895,.T.);
#2327=EDGE_CURVE('',#1717,#1904,#896,.T.);
#2328=EDGE_CURVE('',#1904,#1905,#1634,.T.);
#2329=EDGE_CURVE('',#1905,#1722,#897,.T.);
#2330=EDGE_CURVE('',#1721,#1896,#898,.T.);
#2331=EDGE_CURVE('',#1906,#1907,#1635,.T.);
#2332=EDGE_CURVE('',#1907,#1746,#899,.T.);
#2333=EDGE_CURVE('',#1745,#1908,#900,.T.);
#2334=EDGE_CURVE('',#1908,#1909,#1636,.T.);
#2335=EDGE_CURVE('',#1909,#1742,#901,.T.);
#2336=EDGE_CURVE('',#1741,#1906,#902,.T.);
#2337=EDGE_CURVE('',#1910,#1911,#1637,.T.);
#2338=EDGE_CURVE('',#1911,#1754,#903,.T.);
#2339=EDGE_CURVE('',#1753,#1912,#904,.T.);
#2340=EDGE_CURVE('',#1912,#1913,#1638,.T.);
#2341=EDGE_CURVE('',#1913,#1750,#905,.T.);
#2342=EDGE_CURVE('',#1749,#1910,#906,.T.);
#2343=EDGE_CURVE('',#1914,#1915,#907,.T.);
#2344=EDGE_CURVE('',#1915,#1916,#908,.T.);
#2345=EDGE_CURVE('',#1916,#1917,#909,.T.);
#2346=EDGE_CURVE('',#1917,#1914,#910,.T.);
#2347=EDGE_CURVE('',#1914,#1719,#911,.T.);
#2348=EDGE_CURVE('',#1915,#1891,#912,.T.);
#2349=EDGE_CURVE('',#1918,#1919,#913,.T.);
#2350=EDGE_CURVE('',#1919,#1920,#914,.T.);
#2351=EDGE_CURVE('',#1920,#1921,#915,.T.);
#2352=EDGE_CURVE('',#1921,#1918,#916,.T.);
#2353=EDGE_CURVE('',#1918,#1922,#917,.T.);
#2354=EDGE_CURVE('',#1922,#1923,#918,.T.);
#2355=EDGE_CURVE('',#1727,#1923,#919,.T.);
#2356=EDGE_CURVE('',#1919,#1886,#920,.T.);
#2357=EDGE_CURVE('',#1924,#1925,#921,.T.);
#2358=EDGE_CURVE('',#1925,#1926,#922,.T.);
#2359=EDGE_CURVE('',#1926,#1927,#923,.T.);
#2360=EDGE_CURVE('',#1927,#1924,#924,.T.);
#2361=EDGE_CURVE('',#1924,#1735,#925,.T.);
#2362=EDGE_CURVE('',#1925,#1881,#926,.T.);
#2363=EDGE_CURVE('',#1928,#1929,#927,.T.);
#2364=EDGE_CURVE('',#1929,#1930,#928,.T.);
#2365=EDGE_CURVE('',#1930,#1931,#929,.T.);
#2366=EDGE_CURVE('',#1931,#1928,#930,.T.);
#2367=EDGE_CURVE('',#1928,#1743,#931,.T.);
#2368=EDGE_CURVE('',#1932,#1909,#932,.T.);
#2369=EDGE_CURVE('',#1929,#1932,#933,.T.);
#2370=EDGE_CURVE('',#1933,#1934,#934,.T.);
#2371=EDGE_CURVE('',#1934,#1935,#935,.T.);
#2372=EDGE_CURVE('',#1935,#1936,#936,.T.);
#2373=EDGE_CURVE('',#1936,#1933,#937,.T.);
#2374=EDGE_CURVE('',#1933,#1751,#938,.T.);
#2375=EDGE_CURVE('',#1937,#1913,#939,.T.);
#2376=EDGE_CURVE('',#1934,#1937,#940,.T.);
#2377=EDGE_CURVE('',#1736,#1927,#941,.T.);
#2378=EDGE_CURVE('',#1752,#1936,#942,.T.);
#2379=EDGE_CURVE('',#1922,#1938,#943,.T.);
#2380=EDGE_CURVE('',#1939,#1938,#944,.T.);
#2381=EDGE_CURVE('',#1923,#1939,#945,.T.);
#2382=EDGE_CURVE('',#1938,#1921,#946,.T.);
#2383=EDGE_CURVE('',#1744,#1931,#947,.T.);
#2384=EDGE_CURVE('',#1720,#1917,#948,.T.);
#2385=EDGE_CURVE('',#1885,#1920,#949,.T.);
#2386=EDGE_CURVE('',#1939,#1728,#950,.T.);
#2387=EDGE_CURVE('',#1886,#1885,#1639,.T.);
#2388=EDGE_CURVE('',#1890,#1916,#951,.T.);
#2389=EDGE_CURVE('',#1940,#1940,#1640,.T.);
#2390=EDGE_CURVE('',#1940,#1890,#952,.T.);
#2391=EDGE_CURVE('',#1891,#1890,#1641,.T.);
#2392=EDGE_CURVE('',#1941,#1941,#1642,.T.);
#2393=EDGE_CURVE('',#1941,#1885,#953,.T.);
#2394=EDGE_CURVE('',#1942,#1942,#1643,.T.);
#2395=EDGE_CURVE('',#1942,#1880,#954,.T.);
#2396=EDGE_CURVE('',#1881,#1880,#1644,.T.);
#2397=EDGE_CURVE('',#1943,#1943,#1645,.T.);
#2398=EDGE_CURVE('',#1943,#1944,#955,.T.);
#2399=EDGE_CURVE('',#1932,#1944,#1646,.T.);
#2400=EDGE_CURVE('',#1932,#1944,#1647,.T.);
#2401=EDGE_CURVE('',#1944,#1908,#956,.T.);
#2402=EDGE_CURVE('',#1945,#1945,#1648,.T.);
#2403=EDGE_CURVE('',#1945,#1946,#957,.T.);
#2404=EDGE_CURVE('',#1937,#1946,#1649,.T.);
#2405=EDGE_CURVE('',#1937,#1946,#1650,.T.);
#2406=EDGE_CURVE('',#1946,#1912,#958,.T.);
#2407=EDGE_CURVE('',#1946,#1935,#959,.T.);
#2408=EDGE_CURVE('',#1944,#1930,#960,.T.);
#2409=EDGE_CURVE('',#1880,#1926,#961,.T.);
#2410=EDGE_CURVE('',#1836,#1900,#962,.T.);
#2411=EDGE_CURVE('',#1835,#1901,#963,.T.);
#2412=EDGE_CURVE('',#1832,#1910,#964,.T.);
#2413=EDGE_CURVE('',#1831,#1911,#965,.T.);
#2414=EDGE_CURVE('',#1838,#1902,#966,.T.);
#2415=EDGE_CURVE('',#1837,#1903,#967,.T.);
#2416=EDGE_CURVE('',#1834,#1906,#968,.T.);
#2417=EDGE_CURVE('',#1833,#1907,#969,.T.);
#2418=EDGE_CURVE('',#1840,#1904,#970,.T.);
#2419=EDGE_CURVE('',#1839,#1905,#971,.T.);
#2420=EDGE_CURVE('',#1778,#1947,#972,.T.);
#2421=EDGE_CURVE('',#1948,#1947,#973,.T.);
#2422=EDGE_CURVE('',#1779,#1948,#974,.T.);
#2423=EDGE_CURVE('',#1949,#1948,#975,.T.);
#2424=EDGE_CURVE('',#1766,#1949,#976,.T.);
#2425=EDGE_CURVE('',#1950,#1949,#977,.T.);
#2426=EDGE_CURVE('',#1767,#1950,#978,.T.);
#2427=EDGE_CURVE('',#1767,#1778,#979,.T.);
#2428=EDGE_CURVE('',#1947,#1950,#980,.T.);
#2429=EDGE_CURVE('',#1773,#1951,#981,.T.);
#2430=EDGE_CURVE('',#1952,#1951,#982,.T.);
#2431=EDGE_CURVE('',#1774,#1952,#983,.T.);
#2432=EDGE_CURVE('',#1953,#1952,#984,.T.);
#2433=EDGE_CURVE('',#1775,#1953,#985,.T.);
#2434=EDGE_CURVE('',#1954,#1953,#986,.T.);
#2435=EDGE_CURVE('',#1776,#1954,#987,.T.);
#2436=EDGE_CURVE('',#1776,#1773,#988,.T.);
#2437=EDGE_CURVE('',#1951,#1954,#989,.T.);
#2438=EDGE_CURVE('',#1772,#1769,#990,.T.);
#2439=EDGE_CURVE('',#1772,#1955,#991,.T.);
#2440=EDGE_CURVE('',#1956,#1955,#992,.T.);
#2441=EDGE_CURVE('',#1769,#1956,#993,.T.);
#2442=EDGE_CURVE('',#1957,#1956,#994,.T.);
#2443=EDGE_CURVE('',#1770,#1957,#995,.T.);
#2444=EDGE_CURVE('',#1958,#1957,#996,.T.);
#2445=EDGE_CURVE('',#1771,#1958,#997,.T.);
#2446=EDGE_CURVE('',#1955,#1958,#998,.T.);
#2447=EDGE_CURVE('',#1769,#1959,#999,.T.);
#2448=EDGE_CURVE('',#1959,#1960,#1000,.T.);
#2449=EDGE_CURVE('',#1776,#1960,#1001,.T.);
#2450=EDGE_CURVE('',#1768,#1961,#1002,.T.);
#2451=EDGE_CURVE('',#1961,#1959,#1003,.T.);
#2452=EDGE_CURVE('',#1777,#1962,#1004,.T.);
#2453=EDGE_CURVE('',#1962,#1961,#1005,.T.);
#2454=EDGE_CURVE('',#1960,#1962,#1006,.T.);
#2455=EDGE_CURVE('',#1963,#1960,#1007,.T.);
#2456=EDGE_CURVE('',#1964,#1963,#1008,.T.);
#2457=EDGE_CURVE('',#1964,#1962,#1009,.T.);
#2458=EDGE_CURVE('',#1965,#1959,#1010,.T.);
#2459=EDGE_CURVE('',#1963,#1965,#1011,.T.);
#2460=EDGE_CURVE('',#1966,#1856,#1012,.T.);
#2461=EDGE_CURVE('',#1855,#1967,#1013,.T.);
#2462=EDGE_CURVE('',#1967,#1966,#1014,.T.);
#2463=EDGE_CURVE('',#1966,#1866,#1651,.T.);
#2464=EDGE_CURVE('',#1866,#1857,#1015,.T.);
#2465=EDGE_CURVE('',#1898,#1854,#1016,.T.);
#2466=EDGE_CURVE('',#1898,#1967,#1652,.T.);
#2467=EDGE_CURVE('',#1968,#1868,#1653,.T.);
#2468=EDGE_CURVE('',#1968,#1821,#1017,.T.);
#2469=EDGE_CURVE('',#1966,#1969,#1018,.T.);
#2470=EDGE_CURVE('',#1867,#1969,#1654,.T.);
#2471=EDGE_CURVE('',#1970,#1967,#1019,.T.);
#2472=EDGE_CURVE('',#1969,#1970,#1020,.T.);
#2473=EDGE_CURVE('',#1971,#1972,#1021,.T.);
#2474=EDGE_CURVE('',#1973,#1971,#1655,.T.);
#2475=EDGE_CURVE('',#1974,#1973,#1022,.T.);
#2476=EDGE_CURVE('',#1975,#1974,#1656,.T.);
#2477=EDGE_CURVE('',#1976,#1975,#1023,.T.);
#2478=EDGE_CURVE('',#1977,#1976,#1657,.T.);
#2479=EDGE_CURVE('',#1978,#1977,#1024,.T.);
#2480=EDGE_CURVE('',#1972,#1978,#1658,.T.);
#2481=EDGE_CURVE('',#1979,#1979,#1659,.T.);
#2482=EDGE_CURVE('',#1980,#1980,#1660,.T.);
#2483=EDGE_CURVE('',#1981,#1971,#1025,.T.);
#2484=EDGE_CURVE('',#1972,#1982,#1026,.T.);
#2485=EDGE_CURVE('',#1982,#1981,#1027,.T.);
#2486=EDGE_CURVE('',#1983,#1973,#1028,.T.);
#2487=EDGE_CURVE('',#1981,#1983,#1661,.T.);
#2488=EDGE_CURVE('',#1984,#1974,#1029,.T.);
#2489=EDGE_CURVE('',#1983,#1984,#1030,.T.);
#2490=EDGE_CURVE('',#1985,#1975,#1031,.T.);
#2491=EDGE_CURVE('',#1984,#1985,#1662,.T.);
#2492=EDGE_CURVE('',#1986,#1976,#1032,.T.);
#2493=EDGE_CURVE('',#1985,#1986,#1033,.T.);
#2494=EDGE_CURVE('',#1987,#1977,#1034,.T.);
#2495=EDGE_CURVE('',#1986,#1987,#1663,.T.);
#2496=EDGE_CURVE('',#1988,#1978,#1035,.T.);
#2497=EDGE_CURVE('',#1987,#1988,#1036,.T.);
#2498=EDGE_CURVE('',#1988,#1982,#1664,.T.);
#2499=EDGE_CURVE('',#1984,#1989,#1037,.T.);
#2500=EDGE_CURVE('',#1990,#1989,#1665,.T.);
#2501=EDGE_CURVE('',#1985,#1990,#1038,.T.);
#2502=EDGE_CURVE('',#1983,#1991,#1039,.T.);
#2503=EDGE_CURVE('',#1989,#1991,#1040,.T.);
#2504=EDGE_CURVE('',#1981,#1992,#1041,.T.);
#2505=EDGE_CURVE('',#1991,#1992,#1666,.T.);
#2506=EDGE_CURVE('',#1982,#1993,#1042,.T.);
#2507=EDGE_CURVE('',#1992,#1993,#1043,.T.);
#2508=EDGE_CURVE('',#1980,#1994,#1044,.T.);
#2509=EDGE_CURVE('',#1994,#1994,#1667,.T.);
#2510=EDGE_CURVE('',#1994,#1995,#1045,.T.);
#2511=EDGE_CURVE('',#1995,#1995,#1668,.T.);
#2512=EDGE_CURVE('',#1979,#1996,#1046,.T.);
#2513=EDGE_CURVE('',#1996,#1996,#1669,.T.);
#2514=EDGE_CURVE('',#1996,#1997,#1047,.T.);
#2515=EDGE_CURVE('',#1997,#1997,#1670,.T.);
#2516=EDGE_CURVE('',#1988,#1998,#1048,.T.);
#2517=EDGE_CURVE('',#1993,#1998,#1671,.T.);
#2518=EDGE_CURVE('',#1987,#1999,#1049,.T.);
#2519=EDGE_CURVE('',#1998,#1999,#1050,.T.);
#2520=EDGE_CURVE('',#1986,#2000,#1051,.T.);
#2521=EDGE_CURVE('',#1999,#2000,#1672,.T.);
#2522=EDGE_CURVE('',#2000,#1990,#1052,.T.);
#2523=EDGE_CURVE('',#2001,#2001,#1673,.T.);
#2524=EDGE_CURVE('',#2001,#2002,#1053,.T.);
#2525=EDGE_CURVE('',#2002,#2002,#1674,.T.);
#2526=EDGE_CURVE('',#2003,#2004,#1054,.T.);
#2527=EDGE_CURVE('',#2005,#2003,#1055,.T.);
#2528=EDGE_CURVE('',#2006,#2005,#1056,.T.);
#2529=EDGE_CURVE('',#2004,#2006,#1057,.T.);
#2530=EDGE_CURVE('',#2004,#2007,#1675,.T.);
#2531=EDGE_CURVE('',#2008,#2006,#1676,.T.);
#2532=EDGE_CURVE('',#2007,#2008,#1058,.T.);
#2533=EDGE_CURVE('',#2007,#1828,#1059,.T.);
#2534=EDGE_CURVE('',#1829,#2008,#1060,.T.);
#2535=EDGE_CURVE('',#2009,#1830,#1061,.T.);
#2536=EDGE_CURVE('',#1757,#2009,#1062,.T.);
#2537=EDGE_CURVE('',#2010,#2009,#1677,.T.);
#2538=EDGE_CURVE('',#1758,#2010,#1063,.T.);
#2539=EDGE_CURVE('',#2011,#2010,#1064,.T.);
#2540=EDGE_CURVE('',#1759,#2011,#1065,.T.);
#2541=EDGE_CURVE('',#2011,#2005,#1066,.T.);
#2542=EDGE_CURVE('',#2012,#2003,#1067,.T.);
#2543=EDGE_CURVE('',#1853,#2012,#1068,.T.);
#2544=EDGE_CURVE('',#2013,#1852,#1069,.T.);
#2545=EDGE_CURVE('',#2014,#2013,#1070,.T.);
#2546=EDGE_CURVE('',#2014,#2015,#1071,.T.);
#2547=EDGE_CURVE('',#2015,#2016,#1072,.T.);
#2548=EDGE_CURVE('',#2016,#1760,#1073,.T.);
#2549=EDGE_CURVE('',#1827,#2012,#1678,.T.);
#2550=EDGE_CURVE('',#2017,#2017,#1679,.T.);
#2551=EDGE_CURVE('',#2017,#2018,#1074,.T.);
#2552=EDGE_CURVE('',#2018,#2018,#1680,.T.);
#2553=EDGE_CURVE('',#2019,#1703,#1075,.T.);
#2554=EDGE_CURVE('',#2019,#2020,#1076,.T.);
#2555=EDGE_CURVE('',#1704,#2020,#1077,.T.);
#2556=EDGE_CURVE('',#2021,#1705,#1078,.T.);
#2557=EDGE_CURVE('',#1713,#2021,#1079,.T.);
#2558=EDGE_CURVE('',#2022,#2021,#1681,.T.);
#2559=EDGE_CURVE('',#1714,#2022,#1080,.T.);
#2560=EDGE_CURVE('',#1841,#2022,#1081,.T.);
#2561=EDGE_CURVE('',#1843,#2023,#1082,.T.);
#2562=EDGE_CURVE('',#2024,#1842,#1083,.T.);
#2563=EDGE_CURVE('',#2023,#2024,#1084,.T.);
#2564=EDGE_CURVE('',#2023,#2019,#1682,.T.);
#2565=EDGE_CURVE('',#2020,#2024,#1683,.T.);
#2566=EDGE_CURVE('',#2025,#2016,#1085,.T.);
#2567=EDGE_CURVE('',#1761,#2025,#1086,.T.);
#2568=EDGE_CURVE('',#1804,#2025,#1087,.T.);
#2569=EDGE_CURVE('',#1806,#2026,#1088,.T.);
#2570=EDGE_CURVE('',#2027,#1805,#1089,.T.);
#2571=EDGE_CURVE('',#2026,#2027,#1090,.T.);
#2572=EDGE_CURVE('',#2026,#2014,#1091,.T.);
#2573=EDGE_CURVE('',#2015,#2027,#1092,.T.);
#2574=EDGE_CURVE('',#2028,#2028,#1684,.T.);
#2575=EDGE_CURVE('',#2028,#2029,#1093,.T.);
#2576=EDGE_CURVE('',#2029,#2029,#1685,.T.);
#2577=EDGE_CURVE('',#1765,#2030,#1094,.T.);
#2578=EDGE_CURVE('',#1708,#2030,#1095,.T.);
#2579=EDGE_CURVE('',#1710,#2031,#1096,.T.);
#2580=EDGE_CURVE('',#2032,#1709,#1097,.T.);
#2581=EDGE_CURVE('',#2031,#2032,#1098,.T.);
#2582=EDGE_CURVE('',#2031,#2033,#1686,.T.);
#2583=EDGE_CURVE('',#2034,#2032,#1687,.T.);
#2584=EDGE_CURVE('',#2033,#2034,#1099,.T.);
#2585=EDGE_CURVE('',#2033,#1801,#1100,.T.);
#2586=EDGE_CURVE('',#1802,#2034,#1101,.T.);
#2587=EDGE_CURVE('',#2035,#1803,#1102,.T.);
#2588=EDGE_CURVE('',#1764,#2035,#1103,.T.);
#2589=EDGE_CURVE('',#2030,#2035,#1688,.T.);
#2590=EDGE_CURVE('',#2013,#1807,#1689,.T.);
#2591=EDGE_CURVE('',#2036,#2037,#1104,.T.);
#2592=EDGE_CURVE('',#2037,#2038,#1105,.T.);
#2593=EDGE_CURVE('',#2038,#2039,#1106,.T.);
#2594=EDGE_CURVE('',#2036,#2039,#1107,.T.);
#2595=EDGE_CURVE('',#2037,#2040,#1108,.T.);
#2596=EDGE_CURVE('',#2040,#2041,#1109,.T.);
#2597=EDGE_CURVE('',#2041,#2038,#1110,.T.);
#2598=EDGE_CURVE('',#2040,#2042,#1111,.T.);
#2599=EDGE_CURVE('',#2042,#2043,#1112,.T.);
#2600=EDGE_CURVE('',#2043,#2041,#1113,.T.);
#2601=EDGE_CURVE('',#2039,#2043,#1114,.T.);
#2602=EDGE_CURVE('',#2042,#2036,#1115,.T.);
#2603=EDGE_CURVE('',#2044,#2045,#1116,.T.);
#2604=EDGE_CURVE('',#2046,#2044,#1690,.T.);
#2605=EDGE_CURVE('',#2047,#2046,#1117,.T.);
#2606=EDGE_CURVE('',#2048,#2047,#1691,.T.);
#2607=EDGE_CURVE('',#2049,#2048,#1118,.T.);
#2608=EDGE_CURVE('',#2050,#2049,#1692,.T.);
#2609=EDGE_CURVE('',#2051,#2050,#1119,.T.);
#2610=EDGE_CURVE('',#2045,#2051,#1693,.T.);
#2611=EDGE_CURVE('',#1867,#2044,#1120,.T.);
#2612=EDGE_CURVE('',#2045,#1868,#1121,.T.);
#2613=EDGE_CURVE('',#1969,#2046,#1122,.T.);
#2614=EDGE_CURVE('',#1970,#2047,#1123,.T.);
#2615=EDGE_CURVE('',#1970,#1899,#1694,.T.);
#2616=EDGE_CURVE('',#1899,#2048,#1124,.T.);
#2617=EDGE_CURVE('',#1820,#2049,#1125,.T.);
#2618=EDGE_CURVE('',#1819,#2050,#1126,.T.);
#2619=EDGE_CURVE('',#1968,#2051,#1127,.T.);
#2620=EDGE_CURVE('',#1819,#1968,#1128,.T.);
#2621=EDGE_CURVE('',#2052,#1961,#1129,.T.);
#2622=EDGE_CURVE('',#1965,#2052,#1130,.T.);
#2623=EDGE_CURVE('',#2052,#1964,#1131,.T.);
#2624=ORIENTED_EDGE('',*,*,#2053,.T.);
#2625=ORIENTED_EDGE('',*,*,#2054,.F.);
#2626=ORIENTED_EDGE('',*,*,#2055,.F.);
#2627=ORIENTED_EDGE('',*,*,#2056,.F.);
#2628=ORIENTED_EDGE('',*,*,#2057,.T.);
#2629=ORIENTED_EDGE('',*,*,#2058,.T.);
#2630=ORIENTED_EDGE('',*,*,#2059,.F.);
#2631=ORIENTED_EDGE('',*,*,#2058,.F.);
#2632=ORIENTED_EDGE('',*,*,#2054,.T.);
#2633=ORIENTED_EDGE('',*,*,#2060,.T.);
#2634=ORIENTED_EDGE('',*,*,#2061,.F.);
#2635=ORIENTED_EDGE('',*,*,#2062,.F.);
#2636=ORIENTED_EDGE('',*,*,#2063,.T.);
#2637=ORIENTED_EDGE('',*,*,#2064,.T.);
#2638=ORIENTED_EDGE('',*,*,#2065,.T.);
#2639=ORIENTED_EDGE('',*,*,#2066,.F.);
#2640=ORIENTED_EDGE('',*,*,#2056,.T.);
#2641=ORIENTED_EDGE('',*,*,#2067,.F.);
#2642=ORIENTED_EDGE('',*,*,#2068,.T.);
#2643=ORIENTED_EDGE('',*,*,#2069,.T.);
#2644=ORIENTED_EDGE('',*,*,#2070,.T.);
#2645=ORIENTED_EDGE('',*,*,#2071,.F.);
#2646=ORIENTED_EDGE('',*,*,#2072,.F.);
#2647=ORIENTED_EDGE('',*,*,#2073,.T.);
#2648=ORIENTED_EDGE('',*,*,#2055,.T.);
#2649=ORIENTED_EDGE('',*,*,#2066,.T.);
#2650=ORIENTED_EDGE('',*,*,#2074,.T.);
#2651=ORIENTED_EDGE('',*,*,#2075,.T.);
#2652=ORIENTED_EDGE('',*,*,#2076,.T.);
#2653=ORIENTED_EDGE('',*,*,#2077,.T.);
#2654=ORIENTED_EDGE('',*,*,#2078,.T.);
#2655=ORIENTED_EDGE('',*,*,#2079,.F.);
#2656=ORIENTED_EDGE('',*,*,#2080,.F.);
#2657=ORIENTED_EDGE('',*,*,#2081,.T.);
#2658=ORIENTED_EDGE('',*,*,#2082,.T.);
#2659=ORIENTED_EDGE('',*,*,#2083,.F.);
#2660=ORIENTED_EDGE('',*,*,#2084,.F.);
#2661=ORIENTED_EDGE('',*,*,#2085,.T.);
#2662=ORIENTED_EDGE('',*,*,#2086,.T.);
#2663=ORIENTED_EDGE('',*,*,#2087,.F.);
#2664=ORIENTED_EDGE('',*,*,#2088,.F.);
#2665=ORIENTED_EDGE('',*,*,#2089,.T.);
#2666=ORIENTED_EDGE('',*,*,#2090,.T.);
#2667=ORIENTED_EDGE('',*,*,#2091,.F.);
#2668=ORIENTED_EDGE('',*,*,#2092,.F.);
#2669=ORIENTED_EDGE('',*,*,#2093,.T.);
#2670=ORIENTED_EDGE('',*,*,#2094,.T.);
#2671=ORIENTED_EDGE('',*,*,#2095,.F.);
#2672=ORIENTED_EDGE('',*,*,#2096,.F.);
#2673=ORIENTED_EDGE('',*,*,#2097,.T.);
#2674=ORIENTED_EDGE('',*,*,#2098,.T.);
#2675=ORIENTED_EDGE('',*,*,#2099,.F.);
#2676=ORIENTED_EDGE('',*,*,#2100,.F.);
#2677=ORIENTED_EDGE('',*,*,#2101,.T.);
#2678=ORIENTED_EDGE('',*,*,#2102,.T.);
#2679=ORIENTED_EDGE('',*,*,#2103,.F.);
#2680=ORIENTED_EDGE('',*,*,#2104,.F.);
#2681=ORIENTED_EDGE('',*,*,#2105,.T.);
#2682=ORIENTED_EDGE('',*,*,#2106,.T.);
#2683=ORIENTED_EDGE('',*,*,#2107,.F.);
#2684=ORIENTED_EDGE('',*,*,#2108,.F.);
#2685=ORIENTED_EDGE('',*,*,#2109,.T.);
#2686=ORIENTED_EDGE('',*,*,#2110,.T.);
#2687=ORIENTED_EDGE('',*,*,#2111,.F.);
#2688=ORIENTED_EDGE('',*,*,#2112,.F.);
#2689=ORIENTED_EDGE('',*,*,#2113,.T.);
#2690=ORIENTED_EDGE('',*,*,#2114,.T.);
#2691=ORIENTED_EDGE('',*,*,#2115,.F.);
#2692=ORIENTED_EDGE('',*,*,#2116,.F.);
#2693=ORIENTED_EDGE('',*,*,#2117,.T.);
#2694=ORIENTED_EDGE('',*,*,#2118,.T.);
#2695=ORIENTED_EDGE('',*,*,#2119,.T.);
#2696=ORIENTED_EDGE('',*,*,#2120,.T.);
#2697=ORIENTED_EDGE('',*,*,#2121,.T.);
#2698=ORIENTED_EDGE('',*,*,#2122,.T.);
#2699=ORIENTED_EDGE('',*,*,#2123,.T.);
#2700=ORIENTED_EDGE('',*,*,#2124,.T.);
#2701=ORIENTED_EDGE('',*,*,#2125,.T.);
#2702=ORIENTED_EDGE('',*,*,#2126,.T.);
#2703=ORIENTED_EDGE('',*,*,#2127,.T.);
#2704=ORIENTED_EDGE('',*,*,#2067,.T.);
#2705=ORIENTED_EDGE('',*,*,#2128,.T.);
#2706=ORIENTED_EDGE('',*,*,#2129,.F.);
#2707=ORIENTED_EDGE('',*,*,#2130,.F.);
#2708=ORIENTED_EDGE('',*,*,#2131,.T.);
#2709=ORIENTED_EDGE('',*,*,#2132,.T.);
#2710=ORIENTED_EDGE('',*,*,#2133,.T.);
#2711=ORIENTED_EDGE('',*,*,#2134,.F.);
#2712=ORIENTED_EDGE('',*,*,#2135,.T.);
#2713=ORIENTED_EDGE('',*,*,#2136,.T.);
#2714=ORIENTED_EDGE('',*,*,#2137,.T.);
#2715=ORIENTED_EDGE('',*,*,#2138,.F.);
#2716=ORIENTED_EDGE('',*,*,#2139,.F.);
#2717=ORIENTED_EDGE('',*,*,#2140,.T.);
#2718=ORIENTED_EDGE('',*,*,#2141,.T.);
#2719=ORIENTED_EDGE('',*,*,#2142,.F.);
#2720=ORIENTED_EDGE('',*,*,#2143,.T.);
#2721=ORIENTED_EDGE('',*,*,#2144,.T.);
#2722=ORIENTED_EDGE('',*,*,#2145,.F.);
#2723=ORIENTED_EDGE('',*,*,#2146,.F.);
#2724=ORIENTED_EDGE('',*,*,#2147,.T.);
#2725=ORIENTED_EDGE('',*,*,#2148,.T.);
#2726=ORIENTED_EDGE('',*,*,#2143,.F.);
#2727=ORIENTED_EDGE('',*,*,#2149,.F.);
#2728=ORIENTED_EDGE('',*,*,#2150,.T.);
#2729=ORIENTED_EDGE('',*,*,#2151,.T.);
#2730=ORIENTED_EDGE('',*,*,#2147,.F.);
#2731=ORIENTED_EDGE('',*,*,#2152,.F.);
#2732=ORIENTED_EDGE('',*,*,#2145,.T.);
#2733=ORIENTED_EDGE('',*,*,#2153,.T.);
#2734=ORIENTED_EDGE('',*,*,#2150,.F.);
#2735=ORIENTED_EDGE('',*,*,#2153,.F.);
#2736=ORIENTED_EDGE('',*,*,#2144,.F.);
#2737=ORIENTED_EDGE('',*,*,#2148,.F.);
#2738=ORIENTED_EDGE('',*,*,#2151,.F.);
#2739=ORIENTED_EDGE('',*,*,#2154,.T.);
#2740=ORIENTED_EDGE('',*,*,#2155,.F.);
#2741=ORIENTED_EDGE('',*,*,#2156,.T.);
#2742=ORIENTED_EDGE('',*,*,#2157,.F.);
#2743=ORIENTED_EDGE('',*,*,#2154,.F.);
#2744=ORIENTED_EDGE('',*,*,#2158,.T.);
#2745=ORIENTED_EDGE('',*,*,#2159,.T.);
#2746=ORIENTED_EDGE('',*,*,#2160,.T.);
#2747=ORIENTED_EDGE('',*,*,#2161,.T.);
#2748=ORIENTED_EDGE('',*,*,#2162,.T.);
#2749=ORIENTED_EDGE('',*,*,#2163,.T.);
#2750=ORIENTED_EDGE('',*,*,#2164,.F.);
#2751=ORIENTED_EDGE('',*,*,#2165,.T.);
#2752=ORIENTED_EDGE('',*,*,#2166,.T.);
#2753=ORIENTED_EDGE('',*,*,#2167,.F.);
#2754=ORIENTED_EDGE('',*,*,#2168,.F.);
#2755=ORIENTED_EDGE('',*,*,#2169,.T.);
#2756=ORIENTED_EDGE('',*,*,#2170,.T.);
#2757=ORIENTED_EDGE('',*,*,#2171,.T.);
#2758=ORIENTED_EDGE('',*,*,#2124,.F.);
#2759=ORIENTED_EDGE('',*,*,#2172,.T.);
#2760=ORIENTED_EDGE('',*,*,#2173,.T.);
#2761=ORIENTED_EDGE('',*,*,#2174,.T.);
#2762=ORIENTED_EDGE('',*,*,#2175,.F.);
#2763=ORIENTED_EDGE('',*,*,#2176,.F.);
#2764=ORIENTED_EDGE('',*,*,#2177,.F.);
#2765=ORIENTED_EDGE('',*,*,#2178,.T.);
#2766=ORIENTED_EDGE('',*,*,#2179,.T.);
#2767=ORIENTED_EDGE('',*,*,#2180,.T.);
#2768=ORIENTED_EDGE('',*,*,#2181,.T.);
#2769=ORIENTED_EDGE('',*,*,#2182,.F.);
#2770=ORIENTED_EDGE('',*,*,#2157,.T.);
#2771=ORIENTED_EDGE('',*,*,#2183,.T.);
#2772=ORIENTED_EDGE('',*,*,#2184,.F.);
#2773=ORIENTED_EDGE('',*,*,#2185,.F.);
#2774=ORIENTED_EDGE('',*,*,#2183,.F.);
#2775=ORIENTED_EDGE('',*,*,#2156,.F.);
#2776=ORIENTED_EDGE('',*,*,#2186,.F.);
#2777=ORIENTED_EDGE('',*,*,#2187,.F.);
#2778=ORIENTED_EDGE('',*,*,#2188,.T.);
#2779=ORIENTED_EDGE('',*,*,#2189,.T.);
#2780=ORIENTED_EDGE('',*,*,#2162,.F.);
#2781=ORIENTED_EDGE('',*,*,#2189,.F.);
#2782=ORIENTED_EDGE('',*,*,#2190,.F.);
#2783=ORIENTED_EDGE('',*,*,#2165,.F.);
#2784=ORIENTED_EDGE('',*,*,#2163,.F.);
#2785=ORIENTED_EDGE('',*,*,#2182,.T.);
#2786=ORIENTED_EDGE('',*,*,#2191,.T.);
#2787=ORIENTED_EDGE('',*,*,#2192,.T.);
#2788=ORIENTED_EDGE('',*,*,#2193,.F.);
#2789=ORIENTED_EDGE('',*,*,#2194,.T.);
#2790=ORIENTED_EDGE('',*,*,#2158,.F.);
#2791=ORIENTED_EDGE('',*,*,#2195,.F.);
#2792=ORIENTED_EDGE('',*,*,#2196,.F.);
#2793=ORIENTED_EDGE('',*,*,#2191,.F.);
#2794=ORIENTED_EDGE('',*,*,#2184,.T.);
#2795=ORIENTED_EDGE('',*,*,#2185,.T.);
#2796=ORIENTED_EDGE('',*,*,#2197,.F.);
#2797=ORIENTED_EDGE('',*,*,#2198,.F.);
#2798=ORIENTED_EDGE('',*,*,#2060,.F.);
#2799=ORIENTED_EDGE('',*,*,#2053,.F.);
#2800=ORIENTED_EDGE('',*,*,#2073,.F.);
#2801=ORIENTED_EDGE('',*,*,#2199,.F.);
#2802=ORIENTED_EDGE('',*,*,#2166,.F.);
#2803=ORIENTED_EDGE('',*,*,#2190,.T.);
#2804=ORIENTED_EDGE('',*,*,#2188,.F.);
#2805=ORIENTED_EDGE('',*,*,#2057,.F.);
#2806=ORIENTED_EDGE('',*,*,#2161,.F.);
#2807=ORIENTED_EDGE('',*,*,#2200,.T.);
#2808=ORIENTED_EDGE('',*,*,#2201,.F.);
#2809=ORIENTED_EDGE('',*,*,#2202,.T.);
#2810=ORIENTED_EDGE('',*,*,#2199,.T.);
#2811=ORIENTED_EDGE('',*,*,#2072,.T.);
#2812=ORIENTED_EDGE('',*,*,#2203,.F.);
#2813=ORIENTED_EDGE('',*,*,#2167,.T.);
#2814=ORIENTED_EDGE('',*,*,#2198,.T.);
#2815=ORIENTED_EDGE('',*,*,#2204,.T.);
#2816=ORIENTED_EDGE('',*,*,#2205,.F.);
#2817=ORIENTED_EDGE('',*,*,#2061,.T.);
#2818=ORIENTED_EDGE('',*,*,#2186,.T.);
#2819=ORIENTED_EDGE('',*,*,#2206,.F.);
#2820=ORIENTED_EDGE('',*,*,#2207,.F.);
#2821=ORIENTED_EDGE('',*,*,#2208,.F.);
#2822=ORIENTED_EDGE('',*,*,#2209,.T.);
#2823=ORIENTED_EDGE('',*,*,#2210,.T.);
#2824=ORIENTED_EDGE('',*,*,#2211,.T.);
#2825=ORIENTED_EDGE('',*,*,#2117,.F.);
#2826=ORIENTED_EDGE('',*,*,#2212,.T.);
#2827=ORIENTED_EDGE('',*,*,#2213,.T.);
#2828=ORIENTED_EDGE('',*,*,#2214,.T.);
#2829=ORIENTED_EDGE('',*,*,#2109,.F.);
#2830=ORIENTED_EDGE('',*,*,#2215,.T.);
#2831=ORIENTED_EDGE('',*,*,#2216,.T.);
#2832=ORIENTED_EDGE('',*,*,#2217,.T.);
#2833=ORIENTED_EDGE('',*,*,#2101,.F.);
#2834=ORIENTED_EDGE('',*,*,#2218,.T.);
#2835=ORIENTED_EDGE('',*,*,#2219,.T.);
#2836=ORIENTED_EDGE('',*,*,#2220,.T.);
#2837=ORIENTED_EDGE('',*,*,#2093,.F.);
#2838=ORIENTED_EDGE('',*,*,#2221,.T.);
#2839=ORIENTED_EDGE('',*,*,#2222,.T.);
#2840=ORIENTED_EDGE('',*,*,#2223,.T.);
#2841=ORIENTED_EDGE('',*,*,#2085,.F.);
#2842=ORIENTED_EDGE('',*,*,#2224,.T.);
#2843=ORIENTED_EDGE('',*,*,#2225,.T.);
#2844=ORIENTED_EDGE('',*,*,#2226,.T.);
#2845=ORIENTED_EDGE('',*,*,#2077,.F.);
#2846=ORIENTED_EDGE('',*,*,#2227,.T.);
#2847=ORIENTED_EDGE('',*,*,#2228,.T.);
#2848=ORIENTED_EDGE('',*,*,#2229,.T.);
#2849=ORIENTED_EDGE('',*,*,#2230,.F.);
#2850=ORIENTED_EDGE('',*,*,#2204,.F.);
#2851=ORIENTED_EDGE('',*,*,#2197,.T.);
#2852=ORIENTED_EDGE('',*,*,#2231,.T.);
#2853=ORIENTED_EDGE('',*,*,#2232,.T.);
#2854=ORIENTED_EDGE('',*,*,#2233,.T.);
#2855=ORIENTED_EDGE('',*,*,#2234,.T.);
#2856=ORIENTED_EDGE('',*,*,#2235,.T.);
#2857=ORIENTED_EDGE('',*,*,#2236,.T.);
#2858=ORIENTED_EDGE('',*,*,#2237,.T.);
#2859=ORIENTED_EDGE('',*,*,#2238,.T.);
#2860=ORIENTED_EDGE('',*,*,#2164,.T.);
#2861=ORIENTED_EDGE('',*,*,#2177,.T.);
#2862=ORIENTED_EDGE('',*,*,#2239,.F.);
#2863=ORIENTED_EDGE('',*,*,#2240,.T.);
#2864=ORIENTED_EDGE('',*,*,#2241,.F.);
#2865=ORIENTED_EDGE('',*,*,#2206,.T.);
#2866=ORIENTED_EDGE('',*,*,#2155,.T.);
#2867=ORIENTED_EDGE('',*,*,#2160,.F.);
#2868=ORIENTED_EDGE('',*,*,#2242,.F.);
#2869=ORIENTED_EDGE('',*,*,#2243,.F.);
#2870=ORIENTED_EDGE('',*,*,#2244,.F.);
#2871=ORIENTED_EDGE('',*,*,#2245,.F.);
#2872=ORIENTED_EDGE('',*,*,#2246,.F.);
#2873=ORIENTED_EDGE('',*,*,#2200,.F.);
#2874=ORIENTED_EDGE('',*,*,#2247,.T.);
#2875=ORIENTED_EDGE('',*,*,#2248,.T.);
#2876=ORIENTED_EDGE('',*,*,#2249,.T.);
#2877=ORIENTED_EDGE('',*,*,#2250,.F.);
#2878=ORIENTED_EDGE('',*,*,#2251,.T.);
#2879=ORIENTED_EDGE('',*,*,#2252,.T.);
#2880=ORIENTED_EDGE('',*,*,#2253,.T.);
#2881=ORIENTED_EDGE('',*,*,#2248,.F.);
#2882=ORIENTED_EDGE('',*,*,#2254,.T.);
#2883=ORIENTED_EDGE('',*,*,#2255,.T.);
#2884=ORIENTED_EDGE('',*,*,#2256,.T.);
#2885=ORIENTED_EDGE('',*,*,#2250,.T.);
#2886=ORIENTED_EDGE('',*,*,#2257,.T.);
#2887=ORIENTED_EDGE('',*,*,#2255,.F.);
#2888=ORIENTED_EDGE('',*,*,#2258,.T.);
#2889=ORIENTED_EDGE('',*,*,#2252,.F.);
#2890=ORIENTED_EDGE('',*,*,#2254,.F.);
#2891=ORIENTED_EDGE('',*,*,#2259,.T.);
#2892=ORIENTED_EDGE('',*,*,#2178,.F.);
#2893=ORIENTED_EDGE('',*,*,#2260,.F.);
#2894=ORIENTED_EDGE('',*,*,#2249,.F.);
#2895=ORIENTED_EDGE('',*,*,#2261,.T.);
#2896=ORIENTED_EDGE('',*,*,#2179,.F.);
#2897=ORIENTED_EDGE('',*,*,#2259,.F.);
#2898=ORIENTED_EDGE('',*,*,#2262,.F.);
#2899=ORIENTED_EDGE('',*,*,#2263,.F.);
#2900=ORIENTED_EDGE('',*,*,#2264,.F.);
#2901=ORIENTED_EDGE('',*,*,#2265,.F.);
#2902=ORIENTED_EDGE('',*,*,#2247,.F.);
#2903=ORIENTED_EDGE('',*,*,#2256,.F.);
#2904=ORIENTED_EDGE('',*,*,#2257,.F.);
#2905=ORIENTED_EDGE('',*,*,#2251,.F.);
#2906=ORIENTED_EDGE('',*,*,#2253,.F.);
#2907=ORIENTED_EDGE('',*,*,#2266,.T.);
#2908=ORIENTED_EDGE('',*,*,#2180,.F.);
#2909=ORIENTED_EDGE('',*,*,#2261,.F.);
#2910=ORIENTED_EDGE('',*,*,#2258,.F.);
#2911=ORIENTED_EDGE('',*,*,#2260,.T.);
#2912=ORIENTED_EDGE('',*,*,#2181,.F.);
#2913=ORIENTED_EDGE('',*,*,#2266,.F.);
#2914=ORIENTED_EDGE('',*,*,#2267,.F.);
#2915=ORIENTED_EDGE('',*,*,#2268,.T.);
#2916=ORIENTED_EDGE('',*,*,#2231,.F.);
#2917=ORIENTED_EDGE('',*,*,#2269,.F.);
#2918=ORIENTED_EDGE('',*,*,#2270,.F.);
#2919=ORIENTED_EDGE('',*,*,#2271,.T.);
#2920=ORIENTED_EDGE('',*,*,#2232,.F.);
#2921=ORIENTED_EDGE('',*,*,#2268,.F.);
#2922=ORIENTED_EDGE('',*,*,#2272,.F.);
#2923=ORIENTED_EDGE('',*,*,#2273,.T.);
#2924=ORIENTED_EDGE('',*,*,#2233,.F.);
#2925=ORIENTED_EDGE('',*,*,#2271,.F.);
#2926=ORIENTED_EDGE('',*,*,#2274,.F.);
#2927=ORIENTED_EDGE('',*,*,#2275,.T.);
#2928=ORIENTED_EDGE('',*,*,#2234,.F.);
#2929=ORIENTED_EDGE('',*,*,#2273,.F.);
#2930=ORIENTED_EDGE('',*,*,#2276,.F.);
#2931=ORIENTED_EDGE('',*,*,#2277,.T.);
#2932=ORIENTED_EDGE('',*,*,#2235,.F.);
#2933=ORIENTED_EDGE('',*,*,#2275,.F.);
#2934=ORIENTED_EDGE('',*,*,#2278,.F.);
#2935=ORIENTED_EDGE('',*,*,#2279,.T.);
#2936=ORIENTED_EDGE('',*,*,#2236,.F.);
#2937=ORIENTED_EDGE('',*,*,#2277,.F.);
#2938=ORIENTED_EDGE('',*,*,#2280,.F.);
#2939=ORIENTED_EDGE('',*,*,#2281,.T.);
#2940=ORIENTED_EDGE('',*,*,#2237,.F.);
#2941=ORIENTED_EDGE('',*,*,#2279,.F.);
#2942=ORIENTED_EDGE('',*,*,#2282,.F.);
#2943=ORIENTED_EDGE('',*,*,#2269,.T.);
#2944=ORIENTED_EDGE('',*,*,#2238,.F.);
#2945=ORIENTED_EDGE('',*,*,#2281,.F.);
#2946=ORIENTED_EDGE('',*,*,#2283,.T.);
#2947=ORIENTED_EDGE('',*,*,#2284,.T.);
#2948=ORIENTED_EDGE('',*,*,#2285,.F.);
#2949=ORIENTED_EDGE('',*,*,#2286,.T.);
#2950=ORIENTED_EDGE('',*,*,#2284,.F.);
#2951=ORIENTED_EDGE('',*,*,#2286,.F.);
#2952=ORIENTED_EDGE('',*,*,#2287,.F.);
#2953=ORIENTED_EDGE('',*,*,#2288,.F.);
#2954=ORIENTED_EDGE('',*,*,#2289,.T.);
#2955=ORIENTED_EDGE('',*,*,#2283,.F.);
#2956=ORIENTED_EDGE('',*,*,#2290,.T.);
#2957=ORIENTED_EDGE('',*,*,#2291,.T.);
#2958=ORIENTED_EDGE('',*,*,#2292,.F.);
#2959=ORIENTED_EDGE('',*,*,#2293,.T.);
#2960=ORIENTED_EDGE('',*,*,#2291,.F.);
#2961=ORIENTED_EDGE('',*,*,#2293,.F.);
#2962=ORIENTED_EDGE('',*,*,#2294,.F.);
#2963=ORIENTED_EDGE('',*,*,#2295,.F.);
#2964=ORIENTED_EDGE('',*,*,#2296,.T.);
#2965=ORIENTED_EDGE('',*,*,#2290,.F.);
#2966=ORIENTED_EDGE('',*,*,#2297,.T.);
#2967=ORIENTED_EDGE('',*,*,#2298,.T.);
#2968=ORIENTED_EDGE('',*,*,#2299,.F.);
#2969=ORIENTED_EDGE('',*,*,#2300,.T.);
#2970=ORIENTED_EDGE('',*,*,#2298,.F.);
#2971=ORIENTED_EDGE('',*,*,#2300,.F.);
#2972=ORIENTED_EDGE('',*,*,#2301,.F.);
#2973=ORIENTED_EDGE('',*,*,#2302,.F.);
#2974=ORIENTED_EDGE('',*,*,#2303,.T.);
#2975=ORIENTED_EDGE('',*,*,#2297,.F.);
#2976=ORIENTED_EDGE('',*,*,#2304,.T.);
#2977=ORIENTED_EDGE('',*,*,#2285,.T.);
#2978=ORIENTED_EDGE('',*,*,#2305,.T.);
#2979=ORIENTED_EDGE('',*,*,#2306,.T.);
#2980=ORIENTED_EDGE('',*,*,#2307,.T.);
#2981=ORIENTED_EDGE('',*,*,#2292,.T.);
#2982=ORIENTED_EDGE('',*,*,#2308,.T.);
#2983=ORIENTED_EDGE('',*,*,#2309,.T.);
#2984=ORIENTED_EDGE('',*,*,#2310,.T.);
#2985=ORIENTED_EDGE('',*,*,#2299,.T.);
#2986=ORIENTED_EDGE('',*,*,#2311,.T.);
#2987=ORIENTED_EDGE('',*,*,#2312,.T.);
#2988=ORIENTED_EDGE('',*,*,#2313,.F.);
#2989=ORIENTED_EDGE('',*,*,#2194,.F.);
#2990=ORIENTED_EDGE('',*,*,#2314,.F.);
#2991=ORIENTED_EDGE('',*,*,#2315,.F.);
#2992=ORIENTED_EDGE('',*,*,#2267,.T.);
#2993=ORIENTED_EDGE('',*,*,#2282,.T.);
#2994=ORIENTED_EDGE('',*,*,#2280,.T.);
#2995=ORIENTED_EDGE('',*,*,#2278,.T.);
#2996=ORIENTED_EDGE('',*,*,#2276,.T.);
#2997=ORIENTED_EDGE('',*,*,#2274,.T.);
#2998=ORIENTED_EDGE('',*,*,#2272,.T.);
#2999=ORIENTED_EDGE('',*,*,#2270,.T.);
#3000=ORIENTED_EDGE('',*,*,#2306,.F.);
#3001=ORIENTED_EDGE('',*,*,#2316,.T.);
#3002=ORIENTED_EDGE('',*,*,#2095,.T.);
#3003=ORIENTED_EDGE('',*,*,#2317,.T.);
#3004=ORIENTED_EDGE('',*,*,#2318,.T.);
#3005=ORIENTED_EDGE('',*,*,#2319,.T.);
#3006=ORIENTED_EDGE('',*,*,#2099,.T.);
#3007=ORIENTED_EDGE('',*,*,#2320,.T.);
#3008=ORIENTED_EDGE('',*,*,#2309,.F.);
#3009=ORIENTED_EDGE('',*,*,#2321,.T.);
#3010=ORIENTED_EDGE('',*,*,#2087,.T.);
#3011=ORIENTED_EDGE('',*,*,#2322,.T.);
#3012=ORIENTED_EDGE('',*,*,#2323,.T.);
#3013=ORIENTED_EDGE('',*,*,#2324,.T.);
#3014=ORIENTED_EDGE('',*,*,#2091,.T.);
#3015=ORIENTED_EDGE('',*,*,#2325,.T.);
#3016=ORIENTED_EDGE('',*,*,#2312,.F.);
#3017=ORIENTED_EDGE('',*,*,#2326,.T.);
#3018=ORIENTED_EDGE('',*,*,#2079,.T.);
#3019=ORIENTED_EDGE('',*,*,#2327,.T.);
#3020=ORIENTED_EDGE('',*,*,#2328,.T.);
#3021=ORIENTED_EDGE('',*,*,#2329,.T.);
#3022=ORIENTED_EDGE('',*,*,#2083,.T.);
#3023=ORIENTED_EDGE('',*,*,#2330,.T.);
#3024=ORIENTED_EDGE('',*,*,#2331,.T.);
#3025=ORIENTED_EDGE('',*,*,#2332,.T.);
#3026=ORIENTED_EDGE('',*,*,#2107,.T.);
#3027=ORIENTED_EDGE('',*,*,#2333,.T.);
#3028=ORIENTED_EDGE('',*,*,#2334,.T.);
#3029=ORIENTED_EDGE('',*,*,#2335,.T.);
#3030=ORIENTED_EDGE('',*,*,#2103,.T.);
#3031=ORIENTED_EDGE('',*,*,#2336,.T.);
#3032=ORIENTED_EDGE('',*,*,#2337,.T.);
#3033=ORIENTED_EDGE('',*,*,#2338,.T.);
#3034=ORIENTED_EDGE('',*,*,#2115,.T.);
#3035=ORIENTED_EDGE('',*,*,#2339,.T.);
#3036=ORIENTED_EDGE('',*,*,#2340,.T.);
#3037=ORIENTED_EDGE('',*,*,#2341,.T.);
#3038=ORIENTED_EDGE('',*,*,#2111,.T.);
#3039=ORIENTED_EDGE('',*,*,#2342,.T.);
#3040=ORIENTED_EDGE('',*,*,#2343,.T.);
#3041=ORIENTED_EDGE('',*,*,#2344,.T.);
#3042=ORIENTED_EDGE('',*,*,#2345,.T.);
#3043=ORIENTED_EDGE('',*,*,#2346,.T.);
#3044=ORIENTED_EDGE('',*,*,#2343,.F.);
#3045=ORIENTED_EDGE('',*,*,#2347,.T.);
#3046=ORIENTED_EDGE('',*,*,#2080,.T.);
#3047=ORIENTED_EDGE('',*,*,#2326,.F.);
#3048=ORIENTED_EDGE('',*,*,#2311,.F.);
#3049=ORIENTED_EDGE('',*,*,#2303,.F.);
#3050=ORIENTED_EDGE('',*,*,#2348,.F.);
#3051=ORIENTED_EDGE('',*,*,#2349,.T.);
#3052=ORIENTED_EDGE('',*,*,#2350,.T.);
#3053=ORIENTED_EDGE('',*,*,#2351,.T.);
#3054=ORIENTED_EDGE('',*,*,#2352,.T.);
#3055=ORIENTED_EDGE('',*,*,#2349,.F.);
#3056=ORIENTED_EDGE('',*,*,#2353,.T.);
#3057=ORIENTED_EDGE('',*,*,#2354,.T.);
#3058=ORIENTED_EDGE('',*,*,#2355,.F.);
#3059=ORIENTED_EDGE('',*,*,#2088,.T.);
#3060=ORIENTED_EDGE('',*,*,#2321,.F.);
#3061=ORIENTED_EDGE('',*,*,#2308,.F.);
#3062=ORIENTED_EDGE('',*,*,#2296,.F.);
#3063=ORIENTED_EDGE('',*,*,#2356,.F.);
#3064=ORIENTED_EDGE('',*,*,#2357,.T.);
#3065=ORIENTED_EDGE('',*,*,#2358,.T.);
#3066=ORIENTED_EDGE('',*,*,#2359,.T.);
#3067=ORIENTED_EDGE('',*,*,#2360,.T.);
#3068=ORIENTED_EDGE('',*,*,#2357,.F.);
#3069=ORIENTED_EDGE('',*,*,#2361,.T.);
#3070=ORIENTED_EDGE('',*,*,#2096,.T.);
#3071=ORIENTED_EDGE('',*,*,#2316,.F.);
#3072=ORIENTED_EDGE('',*,*,#2305,.F.);
#3073=ORIENTED_EDGE('',*,*,#2289,.F.);
#3074=ORIENTED_EDGE('',*,*,#2362,.F.);
#3075=ORIENTED_EDGE('',*,*,#2363,.T.);
#3076=ORIENTED_EDGE('',*,*,#2364,.T.);
#3077=ORIENTED_EDGE('',*,*,#2365,.T.);
#3078=ORIENTED_EDGE('',*,*,#2366,.T.);
#3079=ORIENTED_EDGE('',*,*,#2363,.F.);
#3080=ORIENTED_EDGE('',*,*,#2367,.T.);
#3081=ORIENTED_EDGE('',*,*,#2104,.T.);
#3082=ORIENTED_EDGE('',*,*,#2335,.F.);
#3083=ORIENTED_EDGE('',*,*,#2368,.F.);
#3084=ORIENTED_EDGE('',*,*,#2369,.F.);
#3085=ORIENTED_EDGE('',*,*,#2370,.T.);
#3086=ORIENTED_EDGE('',*,*,#2371,.T.);
#3087=ORIENTED_EDGE('',*,*,#2372,.T.);
#3088=ORIENTED_EDGE('',*,*,#2373,.T.);
#3089=ORIENTED_EDGE('',*,*,#2370,.F.);
#3090=ORIENTED_EDGE('',*,*,#2374,.T.);
#3091=ORIENTED_EDGE('',*,*,#2112,.T.);
#3092=ORIENTED_EDGE('',*,*,#2341,.F.);
#3093=ORIENTED_EDGE('',*,*,#2375,.F.);
#3094=ORIENTED_EDGE('',*,*,#2376,.F.);
#3095=ORIENTED_EDGE('',*,*,#2361,.F.);
#3096=ORIENTED_EDGE('',*,*,#2360,.F.);
#3097=ORIENTED_EDGE('',*,*,#2377,.F.);
#3098=ORIENTED_EDGE('',*,*,#2097,.F.);
#3099=ORIENTED_EDGE('',*,*,#2374,.F.);
#3100=ORIENTED_EDGE('',*,*,#2373,.F.);
#3101=ORIENTED_EDGE('',*,*,#2378,.F.);
#3102=ORIENTED_EDGE('',*,*,#2113,.F.);
#3103=ORIENTED_EDGE('',*,*,#2354,.F.);
#3104=ORIENTED_EDGE('',*,*,#2379,.T.);
#3105=ORIENTED_EDGE('',*,*,#2380,.F.);
#3106=ORIENTED_EDGE('',*,*,#2381,.F.);
#3107=ORIENTED_EDGE('',*,*,#2353,.F.);
#3108=ORIENTED_EDGE('',*,*,#2352,.F.);
#3109=ORIENTED_EDGE('',*,*,#2382,.F.);
#3110=ORIENTED_EDGE('',*,*,#2379,.F.);
#3111=ORIENTED_EDGE('',*,*,#2367,.F.);
#3112=ORIENTED_EDGE('',*,*,#2366,.F.);
#3113=ORIENTED_EDGE('',*,*,#2383,.F.);
#3114=ORIENTED_EDGE('',*,*,#2105,.F.);
#3115=ORIENTED_EDGE('',*,*,#2347,.F.);
#3116=ORIENTED_EDGE('',*,*,#2346,.F.);
#3117=ORIENTED_EDGE('',*,*,#2384,.F.);
#3118=ORIENTED_EDGE('',*,*,#2081,.F.);
#3119=ORIENTED_EDGE('',*,*,#2351,.F.);
#3120=ORIENTED_EDGE('',*,*,#2385,.F.);
#3121=ORIENTED_EDGE('',*,*,#2294,.T.);
#3122=ORIENTED_EDGE('',*,*,#2307,.F.);
#3123=ORIENTED_EDGE('',*,*,#2325,.F.);
#3124=ORIENTED_EDGE('',*,*,#2090,.F.);
#3125=ORIENTED_EDGE('',*,*,#2386,.F.);
#3126=ORIENTED_EDGE('',*,*,#2380,.T.);
#3127=ORIENTED_EDGE('',*,*,#2382,.T.);
#3128=ORIENTED_EDGE('',*,*,#2350,.F.);
#3129=ORIENTED_EDGE('',*,*,#2356,.T.);
#3130=ORIENTED_EDGE('',*,*,#2387,.T.);
#3131=ORIENTED_EDGE('',*,*,#2385,.T.);
#3132=ORIENTED_EDGE('',*,*,#2345,.F.);
#3133=ORIENTED_EDGE('',*,*,#2388,.F.);
#3134=ORIENTED_EDGE('',*,*,#2301,.T.);
#3135=ORIENTED_EDGE('',*,*,#2310,.F.);
#3136=ORIENTED_EDGE('',*,*,#2330,.F.);
#3137=ORIENTED_EDGE('',*,*,#2082,.F.);
#3138=ORIENTED_EDGE('',*,*,#2384,.T.);
#3139=ORIENTED_EDGE('',*,*,#2059,.T.);
#3140=ORIENTED_EDGE('',*,*,#2389,.T.);
#3141=ORIENTED_EDGE('',*,*,#2390,.T.);
#3142=ORIENTED_EDGE('',*,*,#2391,.F.);
#3143=ORIENTED_EDGE('',*,*,#2302,.T.);
#3144=ORIENTED_EDGE('',*,*,#2390,.F.);
#3145=ORIENTED_EDGE('',*,*,#2389,.F.);
#3146=ORIENTED_EDGE('',*,*,#2392,.T.);
#3147=ORIENTED_EDGE('',*,*,#2393,.T.);
#3148=ORIENTED_EDGE('',*,*,#2387,.F.);
#3149=ORIENTED_EDGE('',*,*,#2295,.T.);
#3150=ORIENTED_EDGE('',*,*,#2393,.F.);
#3151=ORIENTED_EDGE('',*,*,#2392,.F.);
#3152=ORIENTED_EDGE('',*,*,#2394,.T.);
#3153=ORIENTED_EDGE('',*,*,#2395,.T.);
#3154=ORIENTED_EDGE('',*,*,#2396,.F.);
#3155=ORIENTED_EDGE('',*,*,#2288,.T.);
#3156=ORIENTED_EDGE('',*,*,#2395,.F.);
#3157=ORIENTED_EDGE('',*,*,#2394,.F.);
#3158=ORIENTED_EDGE('',*,*,#2397,.T.);
#3159=ORIENTED_EDGE('',*,*,#2398,.T.);
#3160=ORIENTED_EDGE('',*,*,#2399,.F.);
#3161=ORIENTED_EDGE('',*,*,#2400,.T.);
#3162=ORIENTED_EDGE('',*,*,#2398,.F.);
#3163=ORIENTED_EDGE('',*,*,#2400,.F.);
#3164=ORIENTED_EDGE('',*,*,#2368,.T.);
#3165=ORIENTED_EDGE('',*,*,#2334,.F.);
#3166=ORIENTED_EDGE('',*,*,#2401,.F.);
#3167=ORIENTED_EDGE('',*,*,#2397,.F.);
#3168=ORIENTED_EDGE('',*,*,#2402,.T.);
#3169=ORIENTED_EDGE('',*,*,#2403,.T.);
#3170=ORIENTED_EDGE('',*,*,#2404,.F.);
#3171=ORIENTED_EDGE('',*,*,#2405,.T.);
#3172=ORIENTED_EDGE('',*,*,#2403,.F.);
#3173=ORIENTED_EDGE('',*,*,#2405,.F.);
#3174=ORIENTED_EDGE('',*,*,#2375,.T.);
#3175=ORIENTED_EDGE('',*,*,#2340,.F.);
#3176=ORIENTED_EDGE('',*,*,#2406,.F.);
#3177=ORIENTED_EDGE('',*,*,#2402,.F.);
#3178=ORIENTED_EDGE('',*,*,#2371,.F.);
#3179=ORIENTED_EDGE('',*,*,#2376,.T.);
#3180=ORIENTED_EDGE('',*,*,#2404,.T.);
#3181=ORIENTED_EDGE('',*,*,#2407,.T.);
#3182=ORIENTED_EDGE('',*,*,#2344,.F.);
#3183=ORIENTED_EDGE('',*,*,#2348,.T.);
#3184=ORIENTED_EDGE('',*,*,#2391,.T.);
#3185=ORIENTED_EDGE('',*,*,#2388,.T.);
#3186=ORIENTED_EDGE('',*,*,#2364,.F.);
#3187=ORIENTED_EDGE('',*,*,#2369,.T.);
#3188=ORIENTED_EDGE('',*,*,#2399,.T.);
#3189=ORIENTED_EDGE('',*,*,#2408,.T.);
#3190=ORIENTED_EDGE('',*,*,#2381,.T.);
#3191=ORIENTED_EDGE('',*,*,#2386,.T.);
#3192=ORIENTED_EDGE('',*,*,#2089,.F.);
#3193=ORIENTED_EDGE('',*,*,#2355,.T.);
#3194=ORIENTED_EDGE('',*,*,#2358,.F.);
#3195=ORIENTED_EDGE('',*,*,#2362,.T.);
#3196=ORIENTED_EDGE('',*,*,#2396,.T.);
#3197=ORIENTED_EDGE('',*,*,#2409,.T.);
#3198=ORIENTED_EDGE('',*,*,#2317,.F.);
#3199=ORIENTED_EDGE('',*,*,#2094,.F.);
#3200=ORIENTED_EDGE('',*,*,#2220,.F.);
#3201=ORIENTED_EDGE('',*,*,#2410,.T.);
#3202=ORIENTED_EDGE('',*,*,#2318,.F.);
#3203=ORIENTED_EDGE('',*,*,#2410,.F.);
#3204=ORIENTED_EDGE('',*,*,#2219,.F.);
#3205=ORIENTED_EDGE('',*,*,#2411,.T.);
#3206=ORIENTED_EDGE('',*,*,#2319,.F.);
#3207=ORIENTED_EDGE('',*,*,#2411,.F.);
#3208=ORIENTED_EDGE('',*,*,#2218,.F.);
#3209=ORIENTED_EDGE('',*,*,#2100,.T.);
#3210=ORIENTED_EDGE('',*,*,#2359,.F.);
#3211=ORIENTED_EDGE('',*,*,#2409,.F.);
#3212=ORIENTED_EDGE('',*,*,#2287,.T.);
#3213=ORIENTED_EDGE('',*,*,#2304,.F.);
#3214=ORIENTED_EDGE('',*,*,#2320,.F.);
#3215=ORIENTED_EDGE('',*,*,#2098,.F.);
#3216=ORIENTED_EDGE('',*,*,#2377,.T.);
#3217=ORIENTED_EDGE('',*,*,#2342,.F.);
#3218=ORIENTED_EDGE('',*,*,#2110,.F.);
#3219=ORIENTED_EDGE('',*,*,#2214,.F.);
#3220=ORIENTED_EDGE('',*,*,#2412,.T.);
#3221=ORIENTED_EDGE('',*,*,#2337,.F.);
#3222=ORIENTED_EDGE('',*,*,#2412,.F.);
#3223=ORIENTED_EDGE('',*,*,#2213,.F.);
#3224=ORIENTED_EDGE('',*,*,#2413,.T.);
#3225=ORIENTED_EDGE('',*,*,#2338,.F.);
#3226=ORIENTED_EDGE('',*,*,#2413,.F.);
#3227=ORIENTED_EDGE('',*,*,#2212,.F.);
#3228=ORIENTED_EDGE('',*,*,#2116,.T.);
#3229=ORIENTED_EDGE('',*,*,#2372,.F.);
#3230=ORIENTED_EDGE('',*,*,#2407,.F.);
#3231=ORIENTED_EDGE('',*,*,#2406,.T.);
#3232=ORIENTED_EDGE('',*,*,#2339,.F.);
#3233=ORIENTED_EDGE('',*,*,#2114,.F.);
#3234=ORIENTED_EDGE('',*,*,#2378,.T.);
#3235=ORIENTED_EDGE('',*,*,#2322,.F.);
#3236=ORIENTED_EDGE('',*,*,#2086,.F.);
#3237=ORIENTED_EDGE('',*,*,#2223,.F.);
#3238=ORIENTED_EDGE('',*,*,#2414,.T.);
#3239=ORIENTED_EDGE('',*,*,#2323,.F.);
#3240=ORIENTED_EDGE('',*,*,#2414,.F.);
#3241=ORIENTED_EDGE('',*,*,#2222,.F.);
#3242=ORIENTED_EDGE('',*,*,#2415,.T.);
#3243=ORIENTED_EDGE('',*,*,#2324,.F.);
#3244=ORIENTED_EDGE('',*,*,#2415,.F.);
#3245=ORIENTED_EDGE('',*,*,#2221,.F.);
#3246=ORIENTED_EDGE('',*,*,#2092,.T.);
#3247=ORIENTED_EDGE('',*,*,#2336,.F.);
#3248=ORIENTED_EDGE('',*,*,#2102,.F.);
#3249=ORIENTED_EDGE('',*,*,#2217,.F.);
#3250=ORIENTED_EDGE('',*,*,#2416,.T.);
#3251=ORIENTED_EDGE('',*,*,#2331,.F.);
#3252=ORIENTED_EDGE('',*,*,#2416,.F.);
#3253=ORIENTED_EDGE('',*,*,#2216,.F.);
#3254=ORIENTED_EDGE('',*,*,#2417,.T.);
#3255=ORIENTED_EDGE('',*,*,#2332,.F.);
#3256=ORIENTED_EDGE('',*,*,#2417,.F.);
#3257=ORIENTED_EDGE('',*,*,#2215,.F.);
#3258=ORIENTED_EDGE('',*,*,#2108,.T.);
#3259=ORIENTED_EDGE('',*,*,#2365,.F.);
#3260=ORIENTED_EDGE('',*,*,#2408,.F.);
#3261=ORIENTED_EDGE('',*,*,#2401,.T.);
#3262=ORIENTED_EDGE('',*,*,#2333,.F.);
#3263=ORIENTED_EDGE('',*,*,#2106,.F.);
#3264=ORIENTED_EDGE('',*,*,#2383,.T.);
#3265=ORIENTED_EDGE('',*,*,#2327,.F.);
#3266=ORIENTED_EDGE('',*,*,#2078,.F.);
#3267=ORIENTED_EDGE('',*,*,#2226,.F.);
#3268=ORIENTED_EDGE('',*,*,#2418,.T.);
#3269=ORIENTED_EDGE('',*,*,#2328,.F.);
#3270=ORIENTED_EDGE('',*,*,#2418,.F.);
#3271=ORIENTED_EDGE('',*,*,#2225,.F.);
#3272=ORIENTED_EDGE('',*,*,#2419,.T.);
#3273=ORIENTED_EDGE('',*,*,#2329,.F.);
#3274=ORIENTED_EDGE('',*,*,#2419,.F.);
#3275=ORIENTED_EDGE('',*,*,#2224,.F.);
#3276=ORIENTED_EDGE('',*,*,#2084,.T.);
#3277=ORIENTED_EDGE('',*,*,#2140,.F.);
#3278=ORIENTED_EDGE('',*,*,#2420,.T.);
#3279=ORIENTED_EDGE('',*,*,#2421,.F.);
#3280=ORIENTED_EDGE('',*,*,#2422,.F.);
#3281=ORIENTED_EDGE('',*,*,#2141,.F.);
#3282=ORIENTED_EDGE('',*,*,#2422,.T.);
#3283=ORIENTED_EDGE('',*,*,#2423,.F.);
#3284=ORIENTED_EDGE('',*,*,#2424,.F.);
#3285=ORIENTED_EDGE('',*,*,#2128,.F.);
#3286=ORIENTED_EDGE('',*,*,#2424,.T.);
#3287=ORIENTED_EDGE('',*,*,#2425,.F.);
#3288=ORIENTED_EDGE('',*,*,#2426,.F.);
#3289=ORIENTED_EDGE('',*,*,#2427,.F.);
#3290=ORIENTED_EDGE('',*,*,#2426,.T.);
#3291=ORIENTED_EDGE('',*,*,#2428,.F.);
#3292=ORIENTED_EDGE('',*,*,#2420,.F.);
#3293=ORIENTED_EDGE('',*,*,#2428,.T.);
#3294=ORIENTED_EDGE('',*,*,#2425,.T.);
#3295=ORIENTED_EDGE('',*,*,#2423,.T.);
#3296=ORIENTED_EDGE('',*,*,#2421,.T.);
#3297=ORIENTED_EDGE('',*,*,#2135,.F.);
#3298=ORIENTED_EDGE('',*,*,#2429,.T.);
#3299=ORIENTED_EDGE('',*,*,#2430,.F.);
#3300=ORIENTED_EDGE('',*,*,#2431,.F.);
#3301=ORIENTED_EDGE('',*,*,#2136,.F.);
#3302=ORIENTED_EDGE('',*,*,#2431,.T.);
#3303=ORIENTED_EDGE('',*,*,#2432,.F.);
#3304=ORIENTED_EDGE('',*,*,#2433,.F.);
#3305=ORIENTED_EDGE('',*,*,#2137,.F.);
#3306=ORIENTED_EDGE('',*,*,#2433,.T.);
#3307=ORIENTED_EDGE('',*,*,#2434,.F.);
#3308=ORIENTED_EDGE('',*,*,#2435,.F.);
#3309=ORIENTED_EDGE('',*,*,#2436,.F.);
#3310=ORIENTED_EDGE('',*,*,#2435,.T.);
#3311=ORIENTED_EDGE('',*,*,#2437,.F.);
#3312=ORIENTED_EDGE('',*,*,#2429,.F.);
#3313=ORIENTED_EDGE('',*,*,#2437,.T.);
#3314=ORIENTED_EDGE('',*,*,#2434,.T.);
#3315=ORIENTED_EDGE('',*,*,#2432,.T.);
#3316=ORIENTED_EDGE('',*,*,#2430,.T.);
#3317=ORIENTED_EDGE('',*,*,#2438,.F.);
#3318=ORIENTED_EDGE('',*,*,#2439,.T.);
#3319=ORIENTED_EDGE('',*,*,#2440,.F.);
#3320=ORIENTED_EDGE('',*,*,#2441,.F.);
#3321=ORIENTED_EDGE('',*,*,#2131,.F.);
#3322=ORIENTED_EDGE('',*,*,#2441,.T.);
#3323=ORIENTED_EDGE('',*,*,#2442,.F.);
#3324=ORIENTED_EDGE('',*,*,#2443,.F.);
#3325=ORIENTED_EDGE('',*,*,#2132,.F.);
#3326=ORIENTED_EDGE('',*,*,#2443,.T.);
#3327=ORIENTED_EDGE('',*,*,#2444,.F.);
#3328=ORIENTED_EDGE('',*,*,#2445,.F.);
#3329=ORIENTED_EDGE('',*,*,#2133,.F.);
#3330=ORIENTED_EDGE('',*,*,#2445,.T.);
#3331=ORIENTED_EDGE('',*,*,#2446,.F.);
#3332=ORIENTED_EDGE('',*,*,#2439,.F.);
#3333=ORIENTED_EDGE('',*,*,#2446,.T.);
#3334=ORIENTED_EDGE('',*,*,#2444,.T.);
#3335=ORIENTED_EDGE('',*,*,#2442,.T.);
#3336=ORIENTED_EDGE('',*,*,#2440,.T.);
#3337=ORIENTED_EDGE('',*,*,#2436,.T.);
#3338=ORIENTED_EDGE('',*,*,#2134,.T.);
#3339=ORIENTED_EDGE('',*,*,#2438,.T.);
#3340=ORIENTED_EDGE('',*,*,#2447,.T.);
#3341=ORIENTED_EDGE('',*,*,#2448,.T.);
#3342=ORIENTED_EDGE('',*,*,#2449,.F.);
#3343=ORIENTED_EDGE('',*,*,#2130,.T.);
#3344=ORIENTED_EDGE('',*,*,#2450,.T.);
#3345=ORIENTED_EDGE('',*,*,#2451,.T.);
#3346=ORIENTED_EDGE('',*,*,#2447,.F.);
#3347=ORIENTED_EDGE('',*,*,#2129,.T.);
#3348=ORIENTED_EDGE('',*,*,#2427,.T.);
#3349=ORIENTED_EDGE('',*,*,#2139,.T.);
#3350=ORIENTED_EDGE('',*,*,#2452,.T.);
#3351=ORIENTED_EDGE('',*,*,#2453,.T.);
#3352=ORIENTED_EDGE('',*,*,#2450,.F.);
#3353=ORIENTED_EDGE('',*,*,#2454,.T.);
#3354=ORIENTED_EDGE('',*,*,#2452,.F.);
#3355=ORIENTED_EDGE('',*,*,#2138,.T.);
#3356=ORIENTED_EDGE('',*,*,#2449,.T.);
#3357=ORIENTED_EDGE('',*,*,#2454,.F.);
#3358=ORIENTED_EDGE('',*,*,#2455,.F.);
#3359=ORIENTED_EDGE('',*,*,#2456,.F.);
#3360=ORIENTED_EDGE('',*,*,#2457,.T.);
#3361=ORIENTED_EDGE('',*,*,#2448,.F.);
#3362=ORIENTED_EDGE('',*,*,#2458,.F.);
#3363=ORIENTED_EDGE('',*,*,#2459,.F.);
#3364=ORIENTED_EDGE('',*,*,#2455,.T.);
#3365=ORIENTED_EDGE('',*,*,#2460,.T.);
#3366=ORIENTED_EDGE('',*,*,#2244,.T.);
#3367=ORIENTED_EDGE('',*,*,#2461,.T.);
#3368=ORIENTED_EDGE('',*,*,#2462,.T.);
#3369=ORIENTED_EDGE('',*,*,#2460,.F.);
#3370=ORIENTED_EDGE('',*,*,#2463,.T.);
#3371=ORIENTED_EDGE('',*,*,#2464,.T.);
#3372=ORIENTED_EDGE('',*,*,#2245,.T.);
#3373=ORIENTED_EDGE('',*,*,#2201,.T.);
#3374=ORIENTED_EDGE('',*,*,#2246,.T.);
#3375=ORIENTED_EDGE('',*,*,#2464,.F.);
#3376=ORIENTED_EDGE('',*,*,#2262,.T.);
#3377=ORIENTED_EDGE('',*,*,#2465,.T.);
#3378=ORIENTED_EDGE('',*,*,#2242,.T.);
#3379=ORIENTED_EDGE('',*,*,#2159,.F.);
#3380=ORIENTED_EDGE('',*,*,#2313,.T.);
#3381=ORIENTED_EDGE('',*,*,#2465,.F.);
#3382=ORIENTED_EDGE('',*,*,#2466,.T.);
#3383=ORIENTED_EDGE('',*,*,#2461,.F.);
#3384=ORIENTED_EDGE('',*,*,#2243,.T.);
#3385=ORIENTED_EDGE('',*,*,#2187,.T.);
#3386=ORIENTED_EDGE('',*,*,#2202,.F.);
#3387=ORIENTED_EDGE('',*,*,#2265,.T.);
#3388=ORIENTED_EDGE('',*,*,#2467,.F.);
#3389=ORIENTED_EDGE('',*,*,#2468,.T.);
#3390=ORIENTED_EDGE('',*,*,#2195,.T.);
#3391=ORIENTED_EDGE('',*,*,#2463,.F.);
#3392=ORIENTED_EDGE('',*,*,#2469,.T.);
#3393=ORIENTED_EDGE('',*,*,#2470,.F.);
#3394=ORIENTED_EDGE('',*,*,#2263,.T.);
#3395=ORIENTED_EDGE('',*,*,#2462,.F.);
#3396=ORIENTED_EDGE('',*,*,#2471,.F.);
#3397=ORIENTED_EDGE('',*,*,#2472,.F.);
#3398=ORIENTED_EDGE('',*,*,#2469,.F.);
#3399=ORIENTED_EDGE('',*,*,#2473,.F.);
#3400=ORIENTED_EDGE('',*,*,#2474,.F.);
#3401=ORIENTED_EDGE('',*,*,#2475,.F.);
#3402=ORIENTED_EDGE('',*,*,#2476,.F.);
#3403=ORIENTED_EDGE('',*,*,#2477,.F.);
#3404=ORIENTED_EDGE('',*,*,#2478,.F.);
#3405=ORIENTED_EDGE('',*,*,#2479,.F.);
#3406=ORIENTED_EDGE('',*,*,#2480,.F.);
#3407=ORIENTED_EDGE('',*,*,#2481,.F.);
#3408=ORIENTED_EDGE('',*,*,#2482,.F.);
#3409=ORIENTED_EDGE('',*,*,#2483,.T.);
#3410=ORIENTED_EDGE('',*,*,#2473,.T.);
#3411=ORIENTED_EDGE('',*,*,#2484,.T.);
#3412=ORIENTED_EDGE('',*,*,#2485,.T.);
#3413=ORIENTED_EDGE('',*,*,#2486,.T.);
#3414=ORIENTED_EDGE('',*,*,#2474,.T.);
#3415=ORIENTED_EDGE('',*,*,#2483,.F.);
#3416=ORIENTED_EDGE('',*,*,#2487,.T.);
#3417=ORIENTED_EDGE('',*,*,#2488,.T.);
#3418=ORIENTED_EDGE('',*,*,#2475,.T.);
#3419=ORIENTED_EDGE('',*,*,#2486,.F.);
#3420=ORIENTED_EDGE('',*,*,#2489,.T.);
#3421=ORIENTED_EDGE('',*,*,#2490,.T.);
#3422=ORIENTED_EDGE('',*,*,#2476,.T.);
#3423=ORIENTED_EDGE('',*,*,#2488,.F.);
#3424=ORIENTED_EDGE('',*,*,#2491,.T.);
#3425=ORIENTED_EDGE('',*,*,#2492,.T.);
#3426=ORIENTED_EDGE('',*,*,#2477,.T.);
#3427=ORIENTED_EDGE('',*,*,#2490,.F.);
#3428=ORIENTED_EDGE('',*,*,#2493,.T.);
#3429=ORIENTED_EDGE('',*,*,#2494,.T.);
#3430=ORIENTED_EDGE('',*,*,#2478,.T.);
#3431=ORIENTED_EDGE('',*,*,#2492,.F.);
#3432=ORIENTED_EDGE('',*,*,#2495,.T.);
#3433=ORIENTED_EDGE('',*,*,#2496,.T.);
#3434=ORIENTED_EDGE('',*,*,#2479,.T.);
#3435=ORIENTED_EDGE('',*,*,#2494,.F.);
#3436=ORIENTED_EDGE('',*,*,#2497,.T.);
#3437=ORIENTED_EDGE('',*,*,#2484,.F.);
#3438=ORIENTED_EDGE('',*,*,#2480,.T.);
#3439=ORIENTED_EDGE('',*,*,#2496,.F.);
#3440=ORIENTED_EDGE('',*,*,#2498,.T.);
#3441=ORIENTED_EDGE('',*,*,#2491,.F.);
#3442=ORIENTED_EDGE('',*,*,#2499,.T.);
#3443=ORIENTED_EDGE('',*,*,#2500,.F.);
#3444=ORIENTED_EDGE('',*,*,#2501,.F.);
#3445=ORIENTED_EDGE('',*,*,#2489,.F.);
#3446=ORIENTED_EDGE('',*,*,#2502,.T.);
#3447=ORIENTED_EDGE('',*,*,#2503,.F.);
#3448=ORIENTED_EDGE('',*,*,#2499,.F.);
#3449=ORIENTED_EDGE('',*,*,#2487,.F.);
#3450=ORIENTED_EDGE('',*,*,#2504,.T.);
#3451=ORIENTED_EDGE('',*,*,#2505,.F.);
#3452=ORIENTED_EDGE('',*,*,#2502,.F.);
#3453=ORIENTED_EDGE('',*,*,#2485,.F.);
#3454=ORIENTED_EDGE('',*,*,#2506,.T.);
#3455=ORIENTED_EDGE('',*,*,#2507,.F.);
#3456=ORIENTED_EDGE('',*,*,#2504,.F.);
#3457=ORIENTED_EDGE('',*,*,#2482,.T.);
#3458=ORIENTED_EDGE('',*,*,#2508,.T.);
#3459=ORIENTED_EDGE('',*,*,#2509,.T.);
#3460=ORIENTED_EDGE('',*,*,#2508,.F.);
#3461=ORIENTED_EDGE('',*,*,#2509,.F.);
#3462=ORIENTED_EDGE('',*,*,#2510,.T.);
#3463=ORIENTED_EDGE('',*,*,#2511,.F.);
#3464=ORIENTED_EDGE('',*,*,#2510,.F.);
#3465=ORIENTED_EDGE('',*,*,#2481,.T.);
#3466=ORIENTED_EDGE('',*,*,#2512,.T.);
#3467=ORIENTED_EDGE('',*,*,#2513,.T.);
#3468=ORIENTED_EDGE('',*,*,#2512,.F.);
#3469=ORIENTED_EDGE('',*,*,#2513,.F.);
#3470=ORIENTED_EDGE('',*,*,#2514,.T.);
#3471=ORIENTED_EDGE('',*,*,#2515,.F.);
#3472=ORIENTED_EDGE('',*,*,#2514,.F.);
#3473=ORIENTED_EDGE('',*,*,#2498,.F.);
#3474=ORIENTED_EDGE('',*,*,#2516,.T.);
#3475=ORIENTED_EDGE('',*,*,#2517,.F.);
#3476=ORIENTED_EDGE('',*,*,#2506,.F.);
#3477=ORIENTED_EDGE('',*,*,#2497,.F.);
#3478=ORIENTED_EDGE('',*,*,#2518,.T.);
#3479=ORIENTED_EDGE('',*,*,#2519,.F.);
#3480=ORIENTED_EDGE('',*,*,#2516,.F.);
#3481=ORIENTED_EDGE('',*,*,#2495,.F.);
#3482=ORIENTED_EDGE('',*,*,#2520,.T.);
#3483=ORIENTED_EDGE('',*,*,#2521,.F.);
#3484=ORIENTED_EDGE('',*,*,#2518,.F.);
#3485=ORIENTED_EDGE('',*,*,#2493,.F.);
#3486=ORIENTED_EDGE('',*,*,#2501,.T.);
#3487=ORIENTED_EDGE('',*,*,#2522,.F.);
#3488=ORIENTED_EDGE('',*,*,#2520,.F.);
#3489=ORIENTED_EDGE('',*,*,#2523,.F.);
#3490=ORIENTED_EDGE('',*,*,#2524,.T.);
#3491=ORIENTED_EDGE('',*,*,#2525,.F.);
#3492=ORIENTED_EDGE('',*,*,#2524,.F.);
#3493=ORIENTED_EDGE('',*,*,#2526,.F.);
#3494=ORIENTED_EDGE('',*,*,#2527,.F.);
#3495=ORIENTED_EDGE('',*,*,#2528,.F.);
#3496=ORIENTED_EDGE('',*,*,#2529,.F.);
#3497=ORIENTED_EDGE('',*,*,#2530,.F.);
#3498=ORIENTED_EDGE('',*,*,#2529,.T.);
#3499=ORIENTED_EDGE('',*,*,#2531,.F.);
#3500=ORIENTED_EDGE('',*,*,#2532,.F.);
#3501=ORIENTED_EDGE('',*,*,#2533,.F.);
#3502=ORIENTED_EDGE('',*,*,#2532,.T.);
#3503=ORIENTED_EDGE('',*,*,#2534,.F.);
#3504=ORIENTED_EDGE('',*,*,#2209,.F.);
#3505=ORIENTED_EDGE('',*,*,#2118,.F.);
#3506=ORIENTED_EDGE('',*,*,#2211,.F.);
#3507=ORIENTED_EDGE('',*,*,#2535,.F.);
#3508=ORIENTED_EDGE('',*,*,#2536,.F.);
#3509=ORIENTED_EDGE('',*,*,#2119,.F.);
#3510=ORIENTED_EDGE('',*,*,#2536,.T.);
#3511=ORIENTED_EDGE('',*,*,#2537,.F.);
#3512=ORIENTED_EDGE('',*,*,#2538,.F.);
#3513=ORIENTED_EDGE('',*,*,#2120,.F.);
#3514=ORIENTED_EDGE('',*,*,#2538,.T.);
#3515=ORIENTED_EDGE('',*,*,#2539,.F.);
#3516=ORIENTED_EDGE('',*,*,#2540,.F.);
#3517=ORIENTED_EDGE('',*,*,#2539,.T.);
#3518=ORIENTED_EDGE('',*,*,#2537,.T.);
#3519=ORIENTED_EDGE('',*,*,#2535,.T.);
#3520=ORIENTED_EDGE('',*,*,#2210,.F.);
#3521=ORIENTED_EDGE('',*,*,#2534,.T.);
#3522=ORIENTED_EDGE('',*,*,#2531,.T.);
#3523=ORIENTED_EDGE('',*,*,#2528,.T.);
#3524=ORIENTED_EDGE('',*,*,#2541,.F.);
#3525=ORIENTED_EDGE('',*,*,#2523,.T.);
#3526=ORIENTED_EDGE('',*,*,#2540,.T.);
#3527=ORIENTED_EDGE('',*,*,#2541,.T.);
#3528=ORIENTED_EDGE('',*,*,#2527,.T.);
#3529=ORIENTED_EDGE('',*,*,#2542,.F.);
#3530=ORIENTED_EDGE('',*,*,#2543,.F.);
#3531=ORIENTED_EDGE('',*,*,#2240,.F.);
#3532=ORIENTED_EDGE('',*,*,#2544,.F.);
#3533=ORIENTED_EDGE('',*,*,#2545,.F.);
#3534=ORIENTED_EDGE('',*,*,#2546,.T.);
#3535=ORIENTED_EDGE('',*,*,#2547,.T.);
#3536=ORIENTED_EDGE('',*,*,#2548,.T.);
#3537=ORIENTED_EDGE('',*,*,#2121,.F.);
#3538=ORIENTED_EDGE('',*,*,#2142,.T.);
#3539=ORIENTED_EDGE('',*,*,#2152,.T.);
#3540=ORIENTED_EDGE('',*,*,#2149,.T.);
#3541=ORIENTED_EDGE('',*,*,#2146,.T.);
#3542=ORIENTED_EDGE('',*,*,#2507,.T.);
#3543=ORIENTED_EDGE('',*,*,#2517,.T.);
#3544=ORIENTED_EDGE('',*,*,#2519,.T.);
#3545=ORIENTED_EDGE('',*,*,#2521,.T.);
#3546=ORIENTED_EDGE('',*,*,#2522,.T.);
#3547=ORIENTED_EDGE('',*,*,#2500,.T.);
#3548=ORIENTED_EDGE('',*,*,#2503,.T.);
#3549=ORIENTED_EDGE('',*,*,#2505,.T.);
#3550=ORIENTED_EDGE('',*,*,#2511,.T.);
#3551=ORIENTED_EDGE('',*,*,#2515,.T.);
#3552=ORIENTED_EDGE('',*,*,#2526,.T.);
#3553=ORIENTED_EDGE('',*,*,#2530,.T.);
#3554=ORIENTED_EDGE('',*,*,#2533,.T.);
#3555=ORIENTED_EDGE('',*,*,#2208,.T.);
#3556=ORIENTED_EDGE('',*,*,#2549,.T.);
#3557=ORIENTED_EDGE('',*,*,#2542,.T.);
#3558=ORIENTED_EDGE('',*,*,#2525,.T.);
#3559=ORIENTED_EDGE('',*,*,#2550,.F.);
#3560=ORIENTED_EDGE('',*,*,#2551,.T.);
#3561=ORIENTED_EDGE('',*,*,#2552,.F.);
#3562=ORIENTED_EDGE('',*,*,#2551,.F.);
#3563=ORIENTED_EDGE('',*,*,#2553,.F.);
#3564=ORIENTED_EDGE('',*,*,#2554,.T.);
#3565=ORIENTED_EDGE('',*,*,#2555,.F.);
#3566=ORIENTED_EDGE('',*,*,#2063,.F.);
#3567=ORIENTED_EDGE('',*,*,#2074,.F.);
#3568=ORIENTED_EDGE('',*,*,#2065,.F.);
#3569=ORIENTED_EDGE('',*,*,#2556,.F.);
#3570=ORIENTED_EDGE('',*,*,#2557,.F.);
#3571=ORIENTED_EDGE('',*,*,#2075,.F.);
#3572=ORIENTED_EDGE('',*,*,#2557,.T.);
#3573=ORIENTED_EDGE('',*,*,#2558,.F.);
#3574=ORIENTED_EDGE('',*,*,#2559,.F.);
#3575=ORIENTED_EDGE('',*,*,#2076,.F.);
#3576=ORIENTED_EDGE('',*,*,#2559,.T.);
#3577=ORIENTED_EDGE('',*,*,#2560,.F.);
#3578=ORIENTED_EDGE('',*,*,#2227,.F.);
#3579=ORIENTED_EDGE('',*,*,#2561,.F.);
#3580=ORIENTED_EDGE('',*,*,#2229,.F.);
#3581=ORIENTED_EDGE('',*,*,#2562,.F.);
#3582=ORIENTED_EDGE('',*,*,#2563,.F.);
#3583=ORIENTED_EDGE('',*,*,#2564,.F.);
#3584=ORIENTED_EDGE('',*,*,#2563,.T.);
#3585=ORIENTED_EDGE('',*,*,#2565,.F.);
#3586=ORIENTED_EDGE('',*,*,#2554,.F.);
#3587=ORIENTED_EDGE('',*,*,#2565,.T.);
#3588=ORIENTED_EDGE('',*,*,#2562,.T.);
#3589=ORIENTED_EDGE('',*,*,#2228,.F.);
#3590=ORIENTED_EDGE('',*,*,#2560,.T.);
#3591=ORIENTED_EDGE('',*,*,#2558,.T.);
#3592=ORIENTED_EDGE('',*,*,#2556,.T.);
#3593=ORIENTED_EDGE('',*,*,#2064,.F.);
#3594=ORIENTED_EDGE('',*,*,#2555,.T.);
#3595=ORIENTED_EDGE('',*,*,#2550,.T.);
#3596=ORIENTED_EDGE('',*,*,#2561,.T.);
#3597=ORIENTED_EDGE('',*,*,#2564,.T.);
#3598=ORIENTED_EDGE('',*,*,#2553,.T.);
#3599=ORIENTED_EDGE('',*,*,#2062,.T.);
#3600=ORIENTED_EDGE('',*,*,#2205,.T.);
#3601=ORIENTED_EDGE('',*,*,#2230,.T.);
#3602=ORIENTED_EDGE('',*,*,#2552,.T.);
#3603=ORIENTED_EDGE('',*,*,#2122,.F.);
#3604=ORIENTED_EDGE('',*,*,#2548,.F.);
#3605=ORIENTED_EDGE('',*,*,#2566,.F.);
#3606=ORIENTED_EDGE('',*,*,#2567,.F.);
#3607=ORIENTED_EDGE('',*,*,#2123,.F.);
#3608=ORIENTED_EDGE('',*,*,#2567,.T.);
#3609=ORIENTED_EDGE('',*,*,#2568,.F.);
#3610=ORIENTED_EDGE('',*,*,#2172,.F.);
#3611=ORIENTED_EDGE('',*,*,#2569,.F.);
#3612=ORIENTED_EDGE('',*,*,#2174,.F.);
#3613=ORIENTED_EDGE('',*,*,#2570,.F.);
#3614=ORIENTED_EDGE('',*,*,#2571,.F.);
#3615=ORIENTED_EDGE('',*,*,#2572,.F.);
#3616=ORIENTED_EDGE('',*,*,#2571,.T.);
#3617=ORIENTED_EDGE('',*,*,#2573,.F.);
#3618=ORIENTED_EDGE('',*,*,#2546,.F.);
#3619=ORIENTED_EDGE('',*,*,#2547,.F.);
#3620=ORIENTED_EDGE('',*,*,#2573,.T.);
#3621=ORIENTED_EDGE('',*,*,#2570,.T.);
#3622=ORIENTED_EDGE('',*,*,#2173,.F.);
#3623=ORIENTED_EDGE('',*,*,#2568,.T.);
#3624=ORIENTED_EDGE('',*,*,#2566,.T.);
#3625=ORIENTED_EDGE('',*,*,#2574,.F.);
#3626=ORIENTED_EDGE('',*,*,#2575,.T.);
#3627=ORIENTED_EDGE('',*,*,#2576,.F.);
#3628=ORIENTED_EDGE('',*,*,#2575,.F.);
#3629=ORIENTED_EDGE('',*,*,#2127,.F.);
#3630=ORIENTED_EDGE('',*,*,#2577,.T.);
#3631=ORIENTED_EDGE('',*,*,#2578,.F.);
#3632=ORIENTED_EDGE('',*,*,#2068,.F.);
#3633=ORIENTED_EDGE('',*,*,#2579,.F.);
#3634=ORIENTED_EDGE('',*,*,#2070,.F.);
#3635=ORIENTED_EDGE('',*,*,#2580,.F.);
#3636=ORIENTED_EDGE('',*,*,#2581,.F.);
#3637=ORIENTED_EDGE('',*,*,#2582,.F.);
#3638=ORIENTED_EDGE('',*,*,#2581,.T.);
#3639=ORIENTED_EDGE('',*,*,#2583,.F.);
#3640=ORIENTED_EDGE('',*,*,#2584,.F.);
#3641=ORIENTED_EDGE('',*,*,#2585,.F.);
#3642=ORIENTED_EDGE('',*,*,#2584,.T.);
#3643=ORIENTED_EDGE('',*,*,#2586,.F.);
#3644=ORIENTED_EDGE('',*,*,#2169,.F.);
#3645=ORIENTED_EDGE('',*,*,#2125,.F.);
#3646=ORIENTED_EDGE('',*,*,#2171,.F.);
#3647=ORIENTED_EDGE('',*,*,#2587,.F.);
#3648=ORIENTED_EDGE('',*,*,#2588,.F.);
#3649=ORIENTED_EDGE('',*,*,#2126,.F.);
#3650=ORIENTED_EDGE('',*,*,#2588,.T.);
#3651=ORIENTED_EDGE('',*,*,#2589,.F.);
#3652=ORIENTED_EDGE('',*,*,#2577,.F.);
#3653=ORIENTED_EDGE('',*,*,#2589,.T.);
#3654=ORIENTED_EDGE('',*,*,#2587,.T.);
#3655=ORIENTED_EDGE('',*,*,#2170,.F.);
#3656=ORIENTED_EDGE('',*,*,#2586,.T.);
#3657=ORIENTED_EDGE('',*,*,#2583,.T.);
#3658=ORIENTED_EDGE('',*,*,#2580,.T.);
#3659=ORIENTED_EDGE('',*,*,#2069,.F.);
#3660=ORIENTED_EDGE('',*,*,#2578,.T.);
#3661=ORIENTED_EDGE('',*,*,#2574,.T.);
#3662=ORIENTED_EDGE('',*,*,#2572,.T.);
#3663=ORIENTED_EDGE('',*,*,#2545,.T.);
#3664=ORIENTED_EDGE('',*,*,#2590,.T.);
#3665=ORIENTED_EDGE('',*,*,#2175,.T.);
#3666=ORIENTED_EDGE('',*,*,#2569,.T.);
#3667=ORIENTED_EDGE('',*,*,#2576,.T.);
#3668=ORIENTED_EDGE('',*,*,#2591,.T.);
#3669=ORIENTED_EDGE('',*,*,#2592,.T.);
#3670=ORIENTED_EDGE('',*,*,#2593,.T.);
#3671=ORIENTED_EDGE('',*,*,#2594,.F.);
#3672=ORIENTED_EDGE('',*,*,#2595,.T.);
#3673=ORIENTED_EDGE('',*,*,#2596,.T.);
#3674=ORIENTED_EDGE('',*,*,#2597,.T.);
#3675=ORIENTED_EDGE('',*,*,#2592,.F.);
#3676=ORIENTED_EDGE('',*,*,#2598,.T.);
#3677=ORIENTED_EDGE('',*,*,#2599,.T.);
#3678=ORIENTED_EDGE('',*,*,#2600,.T.);
#3679=ORIENTED_EDGE('',*,*,#2596,.F.);
#3680=ORIENTED_EDGE('',*,*,#2601,.T.);
#3681=ORIENTED_EDGE('',*,*,#2599,.F.);
#3682=ORIENTED_EDGE('',*,*,#2602,.T.);
#3683=ORIENTED_EDGE('',*,*,#2594,.T.);
#3684=ORIENTED_EDGE('',*,*,#2603,.F.);
#3685=ORIENTED_EDGE('',*,*,#2604,.F.);
#3686=ORIENTED_EDGE('',*,*,#2605,.F.);
#3687=ORIENTED_EDGE('',*,*,#2606,.F.);
#3688=ORIENTED_EDGE('',*,*,#2607,.F.);
#3689=ORIENTED_EDGE('',*,*,#2608,.F.);
#3690=ORIENTED_EDGE('',*,*,#2609,.F.);
#3691=ORIENTED_EDGE('',*,*,#2610,.F.);
#3692=ORIENTED_EDGE('',*,*,#2591,.F.);
#3693=ORIENTED_EDGE('',*,*,#2602,.F.);
#3694=ORIENTED_EDGE('',*,*,#2598,.F.);
#3695=ORIENTED_EDGE('',*,*,#2595,.F.);
#3696=ORIENTED_EDGE('',*,*,#2611,.T.);
#3697=ORIENTED_EDGE('',*,*,#2603,.T.);
#3698=ORIENTED_EDGE('',*,*,#2612,.T.);
#3699=ORIENTED_EDGE('',*,*,#2264,.T.);
#3700=ORIENTED_EDGE('',*,*,#2611,.F.);
#3701=ORIENTED_EDGE('',*,*,#2470,.T.);
#3702=ORIENTED_EDGE('',*,*,#2613,.T.);
#3703=ORIENTED_EDGE('',*,*,#2604,.T.);
#3704=ORIENTED_EDGE('',*,*,#2614,.T.);
#3705=ORIENTED_EDGE('',*,*,#2605,.T.);
#3706=ORIENTED_EDGE('',*,*,#2613,.F.);
#3707=ORIENTED_EDGE('',*,*,#2472,.T.);
#3708=ORIENTED_EDGE('',*,*,#2614,.F.);
#3709=ORIENTED_EDGE('',*,*,#2615,.T.);
#3710=ORIENTED_EDGE('',*,*,#2616,.T.);
#3711=ORIENTED_EDGE('',*,*,#2606,.T.);
#3712=ORIENTED_EDGE('',*,*,#2617,.T.);
#3713=ORIENTED_EDGE('',*,*,#2607,.T.);
#3714=ORIENTED_EDGE('',*,*,#2616,.F.);
#3715=ORIENTED_EDGE('',*,*,#2314,.T.);
#3716=ORIENTED_EDGE('',*,*,#2617,.F.);
#3717=ORIENTED_EDGE('',*,*,#2193,.T.);
#3718=ORIENTED_EDGE('',*,*,#2618,.T.);
#3719=ORIENTED_EDGE('',*,*,#2608,.T.);
#3720=ORIENTED_EDGE('',*,*,#2619,.T.);
#3721=ORIENTED_EDGE('',*,*,#2609,.T.);
#3722=ORIENTED_EDGE('',*,*,#2618,.F.);
#3723=ORIENTED_EDGE('',*,*,#2620,.T.);
#3724=ORIENTED_EDGE('',*,*,#2619,.F.);
#3725=ORIENTED_EDGE('',*,*,#2467,.T.);
#3726=ORIENTED_EDGE('',*,*,#2612,.F.);
#3727=ORIENTED_EDGE('',*,*,#2610,.T.);
#3728=ORIENTED_EDGE('',*,*,#2466,.F.);
#3729=ORIENTED_EDGE('',*,*,#2315,.T.);
#3730=ORIENTED_EDGE('',*,*,#2615,.F.);
#3731=ORIENTED_EDGE('',*,*,#2471,.T.);
#3732=ORIENTED_EDGE('',*,*,#2590,.F.);
#3733=ORIENTED_EDGE('',*,*,#2544,.T.);
#3734=ORIENTED_EDGE('',*,*,#2239,.T.);
#3735=ORIENTED_EDGE('',*,*,#2176,.T.);
#3736=ORIENTED_EDGE('',*,*,#2585,.T.);
#3737=ORIENTED_EDGE('',*,*,#2168,.T.);
#3738=ORIENTED_EDGE('',*,*,#2203,.T.);
#3739=ORIENTED_EDGE('',*,*,#2071,.T.);
#3740=ORIENTED_EDGE('',*,*,#2579,.T.);
#3741=ORIENTED_EDGE('',*,*,#2582,.T.);
#3742=ORIENTED_EDGE('',*,*,#2549,.F.);
#3743=ORIENTED_EDGE('',*,*,#2207,.T.);
#3744=ORIENTED_EDGE('',*,*,#2241,.T.);
#3745=ORIENTED_EDGE('',*,*,#2543,.T.);
#3746=ORIENTED_EDGE('',*,*,#2196,.T.);
#3747=ORIENTED_EDGE('',*,*,#2468,.F.);
#3748=ORIENTED_EDGE('',*,*,#2620,.F.);
#3749=ORIENTED_EDGE('',*,*,#2192,.F.);
#3750=ORIENTED_EDGE('',*,*,#2451,.F.);
#3751=ORIENTED_EDGE('',*,*,#2621,.F.);
#3752=ORIENTED_EDGE('',*,*,#2622,.F.);
#3753=ORIENTED_EDGE('',*,*,#2458,.T.);
#3754=ORIENTED_EDGE('',*,*,#2453,.F.);
#3755=ORIENTED_EDGE('',*,*,#2457,.F.);
#3756=ORIENTED_EDGE('',*,*,#2623,.F.);
#3757=ORIENTED_EDGE('',*,*,#2621,.T.);
#3758=ORIENTED_EDGE('',*,*,#2622,.T.);
#3759=ORIENTED_EDGE('',*,*,#2623,.T.);
#3760=ORIENTED_EDGE('',*,*,#2456,.T.);
#3761=ORIENTED_EDGE('',*,*,#2459,.T.);
#3762=ORIENTED_EDGE('',*,*,#2593,.F.);
#3763=ORIENTED_EDGE('',*,*,#2597,.F.);
#3764=ORIENTED_EDGE('',*,*,#2600,.F.);
#3765=ORIENTED_EDGE('',*,*,#2601,.F.);
#3766=CYLINDRICAL_SURFACE('',#4036,1.99999999999999);
#3767=CYLINDRICAL_SURFACE('',#4039,0.899999999999999);
#3768=CYLINDRICAL_SURFACE('',#4063,4.);
#3769=CYLINDRICAL_SURFACE('',#4073,2.);
#3770=CYLINDRICAL_SURFACE('',#4075,2.);
#3771=CYLINDRICAL_SURFACE('',#4102,0.500000000000002);
#3772=CYLINDRICAL_SURFACE('',#4105,0.5);
#3773=CYLINDRICAL_SURFACE('',#4108,0.5);
#3774=CYLINDRICAL_SURFACE('',#4111,0.5);
#3775=CYLINDRICAL_SURFACE('',#4117,1.5);
#3776=CYLINDRICAL_SURFACE('',#4124,1.5);
#3777=CYLINDRICAL_SURFACE('',#4131,1.5);
#3778=CYLINDRICAL_SURFACE('',#4184,1.5);
#3779=CYLINDRICAL_SURFACE('',#4190,1.5);
#3780=CYLINDRICAL_SURFACE('',#4198,2.5);
#3781=CYLINDRICAL_SURFACE('',#4202,2.5);
#3782=CYLINDRICAL_SURFACE('',#4206,2.5);
#3783=CYLINDRICAL_SURFACE('',#4209,2.5);
#3784=CYLINDRICAL_SURFACE('',#4213,2.5);
#3785=CYLINDRICAL_SURFACE('',#4243,4.);
#3786=CYLINDRICAL_SURFACE('',#4245,4.);
#3787=CYLINDRICAL_SURFACE('',#4266,1.5);
#3788=CYLINDRICAL_SURFACE('',#4269,1.5);
#3789=CYLINDRICAL_SURFACE('',#4274,3.);
#3790=CYLINDRICAL_SURFACE('',#4278,3.);
#3791=CYLINDRICAL_SURFACE('',#4280,1.5);
#3792=CYLINDRICAL_SURFACE('',#4283,1.5);
#3793=CYLINDRICAL_SURFACE('',#4286,1.000002540005);
#3794=CYLINDRICAL_SURFACE('',#4290,2.);
#3795=CYLINDRICAL_SURFACE('',#4295,2.);
#3796=CYLINDRICAL_SURFACE('',#4303,1.000002540005);
#3797=CYLINDRICAL_SURFACE('',#4308,1.99999999999999);
#3798=CYLINDRICAL_SURFACE('',#4312,1.99999999999999);
#3799=CYLINDRICAL_SURFACE('',#4323,1.000002540005);
#3800=CYLINDRICAL_SURFACE('',#4328,1.99999999999999);
#3801=CYLINDRICAL_SURFACE('',#4333,1.99999999999999);
#3802=CYLINDRICAL_SURFACE('',#4357,4.);
#3803=CYLINDRICAL_SURFACE('',#4358,2.);
#3804=CYLINDRICAL_SURFACE('',#4360,2.);
#3805=ADVANCED_FACE('',(#227),#3766,.T.);
#3806=ADVANCED_FACE('',(#228),#3767,.F.);
#3807=ADVANCED_FACE('',(#229),#75,.T.);
#3808=ADVANCED_FACE('',(#230),#76,.T.);
#3809=ADVANCED_FACE('',(#231,#52),#77,.T.);
#3810=ADVANCED_FACE('',(#232),#78,.F.);
#3811=ADVANCED_FACE('',(#233),#79,.F.);
#3812=ADVANCED_FACE('',(#234),#80,.F.);
#3813=ADVANCED_FACE('',(#235),#81,.F.);
#3814=ADVANCED_FACE('',(#236),#82,.F.);
#3815=ADVANCED_FACE('',(#237),#83,.T.);
#3816=ADVANCED_FACE('',(#238),#19,.T.);
#3817=ADVANCED_FACE('',(#239),#84,.T.);
#3818=ADVANCED_FACE('',(#240,#53),#85,.T.);
#3819=ADVANCED_FACE('',(#241),#86,.F.);
#3820=ADVANCED_FACE('',(#242),#87,.F.);
#3821=ADVANCED_FACE('',(#243),#88,.F.);
#3822=ADVANCED_FACE('',(#244),#89,.F.);
#3823=ADVANCED_FACE('',(#245),#3768,.T.);
#3824=ADVANCED_FACE('',(#246,#54),#90,.F.);
#3825=ADVANCED_FACE('',(#247),#20,.T.);
#3826=ADVANCED_FACE('',(#248),#3769,.F.);
#3827=ADVANCED_FACE('',(#249),#3770,.F.);
#3828=ADVANCED_FACE('',(#250,#55),#91,.T.);
#3829=ADVANCED_FACE('',(#251),#92,.T.);
#3830=ADVANCED_FACE('',(#252),#93,.T.);
#3831=ADVANCED_FACE('',(#253),#94,.T.);
#3832=ADVANCED_FACE('',(#254),#95,.T.);
#3833=ADVANCED_FACE('',(#255),#96,.T.);
#3834=ADVANCED_FACE('',(#256),#97,.F.);
#3835=ADVANCED_FACE('',(#257),#98,.F.);
#3836=ADVANCED_FACE('',(#258,#56),#99,.T.);
#3837=ADVANCED_FACE('',(#259),#100,.F.);
#3838=ADVANCED_FACE('',(#260),#101,.F.);
#3839=ADVANCED_FACE('',(#261),#102,.F.);
#3840=ADVANCED_FACE('',(#262),#3771,.F.);
#3841=ADVANCED_FACE('',(#263),#103,.F.);
#3842=ADVANCED_FACE('',(#264),#3772,.F.);
#3843=ADVANCED_FACE('',(#265),#104,.F.);
#3844=ADVANCED_FACE('',(#266),#3773,.F.);
#3845=ADVANCED_FACE('',(#267),#105,.F.);
#3846=ADVANCED_FACE('',(#268),#3774,.F.);
#3847=ADVANCED_FACE('',(#269),#21,.T.);
#3848=ADVANCED_FACE('',(#270),#3775,.T.);
#3849=ADVANCED_FACE('',(#271),#106,.T.);
#3850=ADVANCED_FACE('',(#272),#22,.T.);
#3851=ADVANCED_FACE('',(#273),#3776,.T.);
#3852=ADVANCED_FACE('',(#274),#107,.T.);
#3853=ADVANCED_FACE('',(#275),#23,.T.);
#3854=ADVANCED_FACE('',(#276),#3777,.T.);
#3855=ADVANCED_FACE('',(#277),#108,.T.);
#3856=ADVANCED_FACE('',(#278),#24,.T.);
#3857=ADVANCED_FACE('',(#279),#25,.T.);
#3858=ADVANCED_FACE('',(#280),#26,.T.);
#3859=ADVANCED_FACE('',(#281,#57,#58,#59,#60,#61,#62),#109,.T.);
#3860=ADVANCED_FACE('',(#282),#110,.T.);
#3861=ADVANCED_FACE('',(#283),#111,.F.);
#3862=ADVANCED_FACE('',(#284),#112,.T.);
#3863=ADVANCED_FACE('',(#285),#113,.F.);
#3864=ADVANCED_FACE('',(#286),#114,.T.);
#3865=ADVANCED_FACE('',(#287),#115,.F.);
#3866=ADVANCED_FACE('',(#288),#116,.T.);
#3867=ADVANCED_FACE('',(#289),#117,.F.);
#3868=ADVANCED_FACE('',(#290),#118,.T.);
#3869=ADVANCED_FACE('',(#291),#119,.F.);
#3870=ADVANCED_FACE('',(#292),#120,.F.);
#3871=ADVANCED_FACE('',(#293),#121,.F.);
#3872=ADVANCED_FACE('',(#294),#122,.F.);
#3873=ADVANCED_FACE('',(#295),#123,.F.);
#3874=ADVANCED_FACE('',(#296),#124,.F.);
#3875=ADVANCED_FACE('',(#297),#125,.F.);
#3876=ADVANCED_FACE('',(#298),#126,.F.);
#3877=ADVANCED_FACE('',(#299),#127,.T.);
#3878=ADVANCED_FACE('',(#300),#128,.F.);
#3879=ADVANCED_FACE('',(#301),#129,.T.);
#3880=ADVANCED_FACE('',(#302),#27,.T.);
#3881=ADVANCED_FACE('',(#303),#130,.T.);
#3882=ADVANCED_FACE('',(#304),#28,.T.);
#3883=ADVANCED_FACE('',(#305),#131,.T.);
#3884=ADVANCED_FACE('',(#306),#29,.T.);
#3885=ADVANCED_FACE('',(#307),#132,.T.);
#3886=ADVANCED_FACE('',(#308),#30,.T.);
#3887=ADVANCED_FACE('',(#309),#3778,.T.);
#3888=ADVANCED_FACE('',(#310),#133,.T.);
#3889=ADVANCED_FACE('',(#311),#31,.T.);
#3890=ADVANCED_FACE('',(#312),#3779,.T.);
#3891=ADVANCED_FACE('',(#313),#134,.T.);
#3892=ADVANCED_FACE('',(#314),#135,.T.);
#3893=ADVANCED_FACE('',(#315),#136,.T.);
#3894=ADVANCED_FACE('',(#316),#137,.T.);
#3895=ADVANCED_FACE('',(#317),#138,.T.);
#3896=ADVANCED_FACE('',(#318),#139,.T.);
#3897=ADVANCED_FACE('',(#319),#140,.F.);
#3898=ADVANCED_FACE('',(#320),#3780,.F.);
#3899=ADVANCED_FACE('',(#321),#141,.F.);
#3900=ADVANCED_FACE('',(#322),#142,.F.);
#3901=ADVANCED_FACE('',(#323),#143,.F.);
#3902=ADVANCED_FACE('',(#324),#3781,.F.);
#3903=ADVANCED_FACE('',(#325),#144,.F.);
#3904=ADVANCED_FACE('',(#326),#145,.F.);
#3905=ADVANCED_FACE('',(#327),#146,.F.);
#3906=ADVANCED_FACE('',(#328),#3782,.F.);
#3907=ADVANCED_FACE('',(#329),#147,.F.);
#3908=ADVANCED_FACE('',(#330),#148,.F.);
#3909=ADVANCED_FACE('',(#331),#3783,.F.);
#3910=ADVANCED_FACE('',(#332),#149,.F.);
#3911=ADVANCED_FACE('',(#333),#150,.F.);
#3912=ADVANCED_FACE('',(#334),#151,.F.);
#3913=ADVANCED_FACE('',(#335),#3784,.F.);
#3914=ADVANCED_FACE('',(#336),#152,.F.);
#3915=ADVANCED_FACE('',(#337),#153,.T.);
#3916=ADVANCED_FACE('',(#338),#154,.T.);
#3917=ADVANCED_FACE('',(#339),#155,.T.);
#3918=ADVANCED_FACE('',(#340),#156,.T.);
#3919=ADVANCED_FACE('',(#341),#157,.T.);
#3920=ADVANCED_FACE('',(#342),#158,.T.);
#3921=ADVANCED_FACE('',(#343),#159,.T.);
#3922=ADVANCED_FACE('',(#344),#160,.T.);
#3923=ADVANCED_FACE('',(#345),#161,.T.);
#3924=ADVANCED_FACE('',(#346),#162,.T.);
#3925=ADVANCED_FACE('',(#347),#163,.T.);
#3926=ADVANCED_FACE('',(#348),#164,.T.);
#3927=ADVANCED_FACE('',(#349),#165,.T.);
#3928=ADVANCED_FACE('',(#350),#166,.T.);
#3929=ADVANCED_FACE('',(#351),#167,.T.);
#3930=ADVANCED_FACE('',(#352),#168,.T.);
#3931=ADVANCED_FACE('',(#353),#169,.T.);
#3932=ADVANCED_FACE('',(#354),#170,.T.);
#3933=ADVANCED_FACE('',(#355),#171,.T.);
#3934=ADVANCED_FACE('',(#356),#172,.T.);
#3935=ADVANCED_FACE('',(#357),#173,.T.);
#3936=ADVANCED_FACE('',(#358),#174,.T.);
#3937=ADVANCED_FACE('',(#359),#32,.T.);
#3938=ADVANCED_FACE('',(#360),#175,.T.);
#3939=ADVANCED_FACE('',(#361),#176,.T.);
#3940=ADVANCED_FACE('',(#362),#33,.T.);
#3941=ADVANCED_FACE('',(#363),#3785,.T.);
#3942=ADVANCED_FACE('',(#364),#3786,.T.);
#3943=ADVANCED_FACE('',(#365,#63,#64,#65),#177,.T.);
#3944=ADVANCED_FACE('',(#366),#178,.T.);
#3945=ADVANCED_FACE('',(#367),#34,.F.);
#3946=ADVANCED_FACE('',(#368),#179,.T.);
#3947=ADVANCED_FACE('',(#369),#35,.F.);
#3948=ADVANCED_FACE('',(#370),#180,.T.);
#3949=ADVANCED_FACE('',(#371),#36,.F.);
#3950=ADVANCED_FACE('',(#372),#181,.T.);
#3951=ADVANCED_FACE('',(#373),#37,.F.);
#3952=ADVANCED_FACE('',(#374),#3787,.F.);
#3953=ADVANCED_FACE('',(#375),#182,.F.);
#3954=ADVANCED_FACE('',(#376),#3788,.F.);
#3955=ADVANCED_FACE('',(#377),#183,.F.);
#3956=ADVANCED_FACE('',(#378),#38,.F.);
#3957=ADVANCED_FACE('',(#379),#3789,.F.);
#3958=ADVANCED_FACE('',(#380),#39,.F.);
#3959=ADVANCED_FACE('',(#381),#3790,.F.);
#3960=ADVANCED_FACE('',(#382),#3791,.F.);
#3961=ADVANCED_FACE('',(#383),#184,.F.);
#3962=ADVANCED_FACE('',(#384),#3792,.F.);
#3963=ADVANCED_FACE('',(#385),#185,.F.);
#3964=ADVANCED_FACE('',(#386),#3793,.F.);
#3965=ADVANCED_FACE('',(#387),#186,.T.);
#3966=ADVANCED_FACE('',(#388),#3794,.T.);
#3967=ADVANCED_FACE('',(#389),#187,.T.);
#3968=ADVANCED_FACE('',(#390),#188,.T.);
#3969=ADVANCED_FACE('',(#391),#3795,.T.);
#3970=ADVANCED_FACE('',(#392),#189,.T.);
#3971=ADVANCED_FACE('',(#393,#66),#190,.T.);
#3972=ADVANCED_FACE('',(#394,#67,#68,#69,#70),#191,.T.);
#3973=ADVANCED_FACE('',(#395),#192,.T.);
#3974=ADVANCED_FACE('',(#396),#193,.T.);
#3975=ADVANCED_FACE('',(#397),#3796,.F.);
#3976=ADVANCED_FACE('',(#398),#194,.T.);
#3977=ADVANCED_FACE('',(#399),#195,.T.);
#3978=ADVANCED_FACE('',(#400),#3797,.T.);
#3979=ADVANCED_FACE('',(#401),#196,.T.);
#3980=ADVANCED_FACE('',(#402),#197,.T.);
#3981=ADVANCED_FACE('',(#403),#3798,.T.);
#3982=ADVANCED_FACE('',(#404,#71),#198,.T.);
#3983=ADVANCED_FACE('',(#405),#199,.T.);
#3984=ADVANCED_FACE('',(#406),#200,.T.);
#3985=ADVANCED_FACE('',(#407),#201,.T.);
#3986=ADVANCED_FACE('',(#408),#202,.T.);
#3987=ADVANCED_FACE('',(#409),#203,.T.);
#3988=ADVANCED_FACE('',(#410),#204,.T.);
#3989=ADVANCED_FACE('',(#411),#205,.T.);
#3990=ADVANCED_FACE('',(#412),#3799,.F.);
#3991=ADVANCED_FACE('',(#413),#206,.T.);
#3992=ADVANCED_FACE('',(#414),#207,.T.);
#3993=ADVANCED_FACE('',(#415),#3800,.T.);
#3994=ADVANCED_FACE('',(#416),#208,.T.);
#3995=ADVANCED_FACE('',(#417),#209,.T.);
#3996=ADVANCED_FACE('',(#418),#3801,.T.);
#3997=ADVANCED_FACE('',(#419,#72),#210,.T.);
#3998=ADVANCED_FACE('',(#420),#211,.T.);
#3999=ADVANCED_FACE('',(#421),#212,.T.);
#4000=ADVANCED_FACE('',(#422),#213,.T.);
#4001=ADVANCED_FACE('',(#423),#214,.T.);
#4002=ADVANCED_FACE('',(#424),#215,.T.);
#4003=ADVANCED_FACE('',(#425),#216,.T.);
#4004=ADVANCED_FACE('',(#426,#73),#217,.T.);
#4005=ADVANCED_FACE('',(#427),#218,.T.);
#4006=ADVANCED_FACE('',(#428),#40,.T.);
#4007=ADVANCED_FACE('',(#429),#219,.T.);
#4008=ADVANCED_FACE('',(#430),#41,.T.);
#4009=ADVANCED_FACE('',(#431),#220,.T.);
#4010=ADVANCED_FACE('',(#432),#42,.T.);
#4011=ADVANCED_FACE('',(#433),#221,.T.);
#4012=ADVANCED_FACE('',(#434),#43,.T.);
#4013=ADVANCED_FACE('',(#435),#3802,.T.);
#4014=ADVANCED_FACE('',(#436),#3803,.F.);
#4015=ADVANCED_FACE('',(#437),#222,.T.);
#4016=ADVANCED_FACE('',(#438),#3804,.F.);
#4017=ADVANCED_FACE('',(#439),#223,.T.);
#4018=ADVANCED_FACE('',(#440),#224,.T.);
#4019=ADVANCED_FACE('',(#441),#225,.T.);
#4020=ADVANCED_FACE('',(#442,#74),#226,.F.);
#4021=CLOSED_SHELL('',(#3805,#3806,#3807,#3808,#3809,#3810,#3811,#3812,
#3813,#3814,#3815,#3816,#3817,#3818,#3819,#3820,#3821,#3822,#3823,#3824,
#3825,#3826,#3827,#3828,#3829,#3830,#3831,#3832,#3833,#3834,#3835,#3836,
#3837,#3838,#3839,#3840,#3841,#3842,#3843,#3844,#3845,#3846,#3847,#3848,
#3849,#3850,#3851,#3852,#3853,#3854,#3855,#3856,#3857,#3858,#3859,#3860,
#3861,#3862,#3863,#3864,#3865,#3866,#3867,#3868,#3869,#3870,#3871,#3872,
#3873,#3874,#3875,#3876,#3877,#3878,#3879,#3880,#3881,#3882,#3883,#3884,
#3885,#3886,#3887,#3888,#3889,#3890,#3891,#3892,#3893,#3894,#3895,#3896,
#3897,#3898,#3899,#3900,#3901,#3902,#3903,#3904,#3905,#3906,#3907,#3908,
#3909,#3910,#3911,#3912,#3913,#3914,#3915,#3916,#3917,#3918,#3919,#3920,
#3921,#3922,#3923,#3924,#3925,#3926,#3927,#3928,#3929,#3930,#3931,#3932,
#3933,#3934,#3935,#3936,#3937,#3938,#3939,#3940,#3941,#3942,#3943,#3944,
#3945,#3946,#3947,#3948,#3949,#3950,#3951,#3952,#3953,#3954,#3955,#3956,
#3957,#3958,#3959,#3960,#3961,#3962,#3963,#3964,#3965,#3966,#3967,#3968,
#3969,#3970,#3971,#3972,#3973,#3974,#3975,#3976,#3977,#3978,#3979,#3980,
#3981,#3982,#3983,#3984,#3985,#3986,#3987,#3988,#3989,#3990,#3991,#3992,
#3993,#3994,#3995,#3996,#3997,#3998,#3999,#4000,#4001,#4002,#4003,#4004,
#4005,#4006,#4007,#4008,#4009,#4010,#4011,#4012,#4013,#4014,#4015,#4016,
#4017,#4018,#4019,#4020));
#4022=DERIVED_UNIT_ELEMENT(#4024,1.);
#4023=DERIVED_UNIT_ELEMENT(#6651,-3.);
#4024=(
MASS_UNIT()
NAMED_UNIT(*)
SI_UNIT(.KILO.,.GRAM.)
);
#4025=DERIVED_UNIT((#4022,#4023));
#4026=MEASURE_REPRESENTATION_ITEM('density measure',
POSITIVE_RATIO_MEASURE(7850.),#4025);
#4027=PROPERTY_DEFINITION_REPRESENTATION(#4032,#4029);
#4028=PROPERTY_DEFINITION_REPRESENTATION(#4033,#4030);
#4029=REPRESENTATION('material name',(#4031),#6648);
#4030=REPRESENTATION('density',(#4026),#6648);
#4031=DESCRIPTIVE_REPRESENTATION_ITEM('\X2\94A2\X0\','\X2\94A2\X0\');
#4032=PROPERTY_DEFINITION('material property','material name',#6663);
#4033=PROPERTY_DEFINITION('material property','density of part',#6663);
#4034=AXIS2_PLACEMENT_3D('',#5480,#4366,#4367);
#4035=AXIS2_PLACEMENT_3D('',#5481,#4368,#4369);
#4036=AXIS2_PLACEMENT_3D('',#5482,#4370,#4371);
#4037=AXIS2_PLACEMENT_3D('',#5485,#4372,#4373);
#4038=AXIS2_PLACEMENT_3D('',#5489,#4375,#4376);
#4039=AXIS2_PLACEMENT_3D('',#5491,#4378,#4379);
#4040=AXIS2_PLACEMENT_3D('',#5493,#4380,#4381);
#4041=AXIS2_PLACEMENT_3D('',#5496,#4383,#4384);
#4042=AXIS2_PLACEMENT_3D('',#5497,#4385,#4386);
#4043=AXIS2_PLACEMENT_3D('',#5511,#4394,#4395);
#4044=AXIS2_PLACEMENT_3D('',#5525,#4403,#4404);
#4045=AXIS2_PLACEMENT_3D('',#5529,#4406,#4407);
#4046=AXIS2_PLACEMENT_3D('',#5617,#4451,#4452);
#4047=AXIS2_PLACEMENT_3D('',#5631,#4459,#4460);
#4048=AXIS2_PLACEMENT_3D('',#5661,#4476,#4477);
#4049=AXIS2_PLACEMENT_3D('',#5670,#4482,#4483);
#4050=AXIS2_PLACEMENT_3D('',#5676,#4487,#4488);
#4051=AXIS2_PLACEMENT_3D('',#5682,#4492,#4493);
#4052=AXIS2_PLACEMENT_3D('',#5685,#4496,#4497);
#4053=AXIS2_PLACEMENT_3D('',#5686,#4498,#4499);
#4054=AXIS2_PLACEMENT_3D('',#5697,#4503,#4504);
#4055=AXIS2_PLACEMENT_3D('',#5699,#4505,#4506);
#4056=AXIS2_PLACEMENT_3D('',#5702,#4508,#4509);
#4057=AXIS2_PLACEMENT_3D('',#5703,#4510,#4511);
#4058=AXIS2_PLACEMENT_3D('',#5714,#4515,#4516);
#4059=AXIS2_PLACEMENT_3D('',#5747,#4534,#4535);
#4060=AXIS2_PLACEMENT_3D('',#5753,#4539,#4540);
#4061=AXIS2_PLACEMENT_3D('',#5757,#4543,#4544);
#4062=AXIS2_PLACEMENT_3D('',#5763,#4548,#4549);
#4063=AXIS2_PLACEMENT_3D('',#5765,#4551,#4552);
#4064=AXIS2_PLACEMENT_3D('',#5767,#4553,#4554);
#4065=AXIS2_PLACEMENT_3D('',#5771,#4556,#4557);
#4066=AXIS2_PLACEMENT_3D('',#5773,#4559,#4560);
#4067=AXIS2_PLACEMENT_3D('',#5775,#4561,#4562);
#4068=AXIS2_PLACEMENT_3D('',#5779,#4565,#4566);
#4069=AXIS2_PLACEMENT_3D('',#5780,#4567,#4568);
#4070=AXIS2_PLACEMENT_3D('',#5781,#4569,#4570);
#4071=AXIS2_PLACEMENT_3D('',#5783,#4571,#4572);
#4072=AXIS2_PLACEMENT_3D('',#5786,#4574,#4575);
#4073=AXIS2_PLACEMENT_3D('',#5787,#4576,#4577);
#4074=AXIS2_PLACEMENT_3D('',#5788,#4578,#4579);
#4075=AXIS2_PLACEMENT_3D('',#5789,#4580,#4581);
#4076=AXIS2_PLACEMENT_3D('',#5792,#4583,#4584);
#4077=AXIS2_PLACEMENT_3D('',#5793,#4585,#4586);
#4078=AXIS2_PLACEMENT_3D('',#5808,#4594,#4595);
#4079=AXIS2_PLACEMENT_3D('',#5813,#4598,#4599);
#4080=AXIS2_PLACEMENT_3D('',#5818,#4602,#4603);
#4081=AXIS2_PLACEMENT_3D('',#5823,#4606,#4607);
#4082=AXIS2_PLACEMENT_3D('',#5828,#4610,#4611);
#4083=AXIS2_PLACEMENT_3D('',#5841,#4618,#4619);
#4084=AXIS2_PLACEMENT_3D('',#5845,#4621,#4622);
#4085=AXIS2_PLACEMENT_3D('',#5849,#4624,#4625);
#4086=AXIS2_PLACEMENT_3D('',#5852,#4627,#4628);
#4087=AXIS2_PLACEMENT_3D('',#5853,#4629,#4630);
#4088=AXIS2_PLACEMENT_3D('',#5855,#4631,#4632);
#4089=AXIS2_PLACEMENT_3D('',#5858,#4634,#4635);
#4090=AXIS2_PLACEMENT_3D('',#5862,#4637,#4638);
#4091=AXIS2_PLACEMENT_3D('',#5866,#4640,#4641);
#4092=AXIS2_PLACEMENT_3D('',#5868,#4643,#4644);
#4093=AXIS2_PLACEMENT_3D('',#5877,#4649,#4650);
#4094=AXIS2_PLACEMENT_3D('',#5883,#4654,#4655);
#4095=AXIS2_PLACEMENT_3D('',#5889,#4659,#4660);
#4096=AXIS2_PLACEMENT_3D('',#5892,#4663,#4664);
#4097=AXIS2_PLACEMENT_3D('',#5895,#4667,#4668);
#4098=AXIS2_PLACEMENT_3D('',#5897,#4670,#4671);
#4099=AXIS2_PLACEMENT_3D('',#5905,#4676,#4677);
#4100=AXIS2_PLACEMENT_3D('',#5907,#4679,#4680);
#4101=AXIS2_PLACEMENT_3D('',#5908,#4681,#4682);
#4102=AXIS2_PLACEMENT_3D('',#5914,#4686,#4687);
#4103=AXIS2_PLACEMENT_3D('',#5916,#4688,#4689);
#4104=AXIS2_PLACEMENT_3D('',#5918,#4691,#4692);
#4105=AXIS2_PLACEMENT_3D('',#5922,#4695,#4696);
#4106=AXIS2_PLACEMENT_3D('',#5924,#4697,#4698);
#4107=AXIS2_PLACEMENT_3D('',#5926,#4700,#4701);
#4108=AXIS2_PLACEMENT_3D('',#5930,#4704,#4705);
#4109=AXIS2_PLACEMENT_3D('',#5932,#4706,#4707);
#4110=AXIS2_PLACEMENT_3D('',#5934,#4709,#4710);
#4111=AXIS2_PLACEMENT_3D('',#5938,#4713,#4714);
#4112=AXIS2_PLACEMENT_3D('',#5939,#4715,#4716);
#4113=AXIS2_PLACEMENT_3D('',#5940,#4717,#4718);
#4114=AXIS2_PLACEMENT_3D('',#5942,#4719,#4720);
#4115=AXIS2_PLACEMENT_3D('',#5946,#4722,#4723);
#4116=AXIS2_PLACEMENT_3D('',#5947,#4724,#4725);
#4117=AXIS2_PLACEMENT_3D('',#5948,#4726,#4727);
#4118=AXIS2_PLACEMENT_3D('',#5952,#4729,#4730);
#4119=AXIS2_PLACEMENT_3D('',#5954,#4732,#4733);
#4120=AXIS2_PLACEMENT_3D('',#5955,#4734,#4735);
#4121=AXIS2_PLACEMENT_3D('',#5957,#4736,#4737);
#4122=AXIS2_PLACEMENT_3D('',#5961,#4739,#4740);
#4123=AXIS2_PLACEMENT_3D('',#5962,#4741,#4742);
#4124=AXIS2_PLACEMENT_3D('',#5963,#4743,#4744);
#4125=AXIS2_PLACEMENT_3D('',#5967,#4746,#4747);
#4126=AXIS2_PLACEMENT_3D('',#5969,#4749,#4750);
#4127=AXIS2_PLACEMENT_3D('',#5970,#4751,#4752);
#4128=AXIS2_PLACEMENT_3D('',#5972,#4753,#4754);
#4129=AXIS2_PLACEMENT_3D('',#5976,#4756,#4757);
#4130=AXIS2_PLACEMENT_3D('',#5977,#4758,#4759);
#4131=AXIS2_PLACEMENT_3D('',#5978,#4760,#4761);
#4132=AXIS2_PLACEMENT_3D('',#5982,#4763,#4764);
#4133=AXIS2_PLACEMENT_3D('',#5984,#4766,#4767);
#4134=AXIS2_PLACEMENT_3D('',#5985,#4768,#4769);
#4135=AXIS2_PLACEMENT_3D('',#5994,#4770,#4771);
#4136=AXIS2_PLACEMENT_3D('',#5995,#4772,#4773);
#4137=AXIS2_PLACEMENT_3D('',#6004,#4774,#4775);
#4138=AXIS2_PLACEMENT_3D('',#6005,#4776,#4777);
#4139=AXIS2_PLACEMENT_3D('',#6014,#4778,#4779);
#4140=AXIS2_PLACEMENT_3D('',#6015,#4780,#4781);
#4141=AXIS2_PLACEMENT_3D('',#6025,#4787,#4788);
#4142=AXIS2_PLACEMENT_3D('',#6032,#4793,#4794);
#4143=AXIS2_PLACEMENT_3D('',#6039,#4799,#4800);
#4144=AXIS2_PLACEMENT_3D('',#6044,#4803,#4804);
#4145=AXIS2_PLACEMENT_3D('',#6049,#4807,#4808);
#4146=AXIS2_PLACEMENT_3D('',#6054,#4811,#4812);
#4147=AXIS2_PLACEMENT_3D('',#6059,#4815,#4816);
#4148=AXIS2_PLACEMENT_3D('',#6062,#4819,#4820);
#4149=AXIS2_PLACEMENT_3D('',#6071,#4825,#4826);
#4150=AXIS2_PLACEMENT_3D('',#6074,#4829,#4830);
#4151=AXIS2_PLACEMENT_3D('',#6083,#4835,#4836);
#4152=AXIS2_PLACEMENT_3D('',#6090,#4841,#4842);
#4153=AXIS2_PLACEMENT_3D('',#6099,#4847,#4848);
#4154=AXIS2_PLACEMENT_3D('',#6102,#4851,#4852);
#4155=AXIS2_PLACEMENT_3D('',#6111,#4857,#4858);
#4156=AXIS2_PLACEMENT_3D('',#6116,#4862,#4863);
#4157=AXIS2_PLACEMENT_3D('',#6125,#4868,#4869);
#4158=AXIS2_PLACEMENT_3D('',#6130,#4873,#4874);
#4159=AXIS2_PLACEMENT_3D('',#6132,#4876,#4877);
#4160=AXIS2_PLACEMENT_3D('',#6134,#4879,#4880);
#4161=AXIS2_PLACEMENT_3D('',#6140,#4884,#4885);
#4162=AXIS2_PLACEMENT_3D('',#6142,#4887,#4888);
#4163=AXIS2_PLACEMENT_3D('',#6144,#4890,#4891);
#4164=AXIS2_PLACEMENT_3D('',#6146,#4893,#4894);
#4165=AXIS2_PLACEMENT_3D('',#6149,#4897,#4898);
#4166=AXIS2_PLACEMENT_3D('',#6150,#4899,#4900);
#4167=AXIS2_PLACEMENT_3D('',#6151,#4901,#4902);
#4168=AXIS2_PLACEMENT_3D('',#6153,#4904,#4905);
#4169=AXIS2_PLACEMENT_3D('',#6154,#4906,#4907);
#4170=AXIS2_PLACEMENT_3D('',#6156,#4908,#4909);
#4171=AXIS2_PLACEMENT_3D('',#6158,#4911,#4912);
#4172=AXIS2_PLACEMENT_3D('',#6159,#4913,#4914);
#4173=AXIS2_PLACEMENT_3D('',#6160,#4915,#4916);
#4174=AXIS2_PLACEMENT_3D('',#6162,#4917,#4918);
#4175=AXIS2_PLACEMENT_3D('',#6164,#4920,#4921);
#4176=AXIS2_PLACEMENT_3D('',#6165,#4922,#4923);
#4177=AXIS2_PLACEMENT_3D('',#6167,#4924,#4925);
#4178=AXIS2_PLACEMENT_3D('',#6169,#4927,#4928);
#4179=AXIS2_PLACEMENT_3D('',#6170,#4929,#4930);
#4180=AXIS2_PLACEMENT_3D('',#6171,#4931,#4932);
#4181=AXIS2_PLACEMENT_3D('',#6173,#4933,#4934);
#4182=AXIS2_PLACEMENT_3D('',#6176,#4936,#4937);
#4183=AXIS2_PLACEMENT_3D('',#6177,#4938,#4939);
#4184=AXIS2_PLACEMENT_3D('',#6178,#4940,#4941);
#4185=AXIS2_PLACEMENT_3D('',#6180,#4943,#4944);
#4186=AXIS2_PLACEMENT_3D('',#6181,#4945,#4946);
#4187=AXIS2_PLACEMENT_3D('',#6183,#4947,#4948);
#4188=AXIS2_PLACEMENT_3D('',#6186,#4950,#4951);
#4189=AXIS2_PLACEMENT_3D('',#6187,#4952,#4953);
#4190=AXIS2_PLACEMENT_3D('',#6188,#4954,#4955);
#4191=AXIS2_PLACEMENT_3D('',#6190,#4957,#4958);
#4192=AXIS2_PLACEMENT_3D('',#6191,#4959,#4960);
#4193=AXIS2_PLACEMENT_3D('',#6193,#4962,#4963);
#4194=AXIS2_PLACEMENT_3D('',#6194,#4964,#4965);
#4195=AXIS2_PLACEMENT_3D('',#6196,#4967,#4968);
#4196=AXIS2_PLACEMENT_3D('',#6197,#4969,#4970);
#4197=AXIS2_PLACEMENT_3D('',#6199,#4972,#4973);
#4198=AXIS2_PLACEMENT_3D('',#6201,#4975,#4976);
#4199=AXIS2_PLACEMENT_3D('',#6203,#4978,#4979);
#4200=AXIS2_PLACEMENT_3D('',#6204,#4980,#4981);
#4201=AXIS2_PLACEMENT_3D('',#6205,#4982,#4983);
#4202=AXIS2_PLACEMENT_3D('',#6207,#4985,#4986);
#4203=AXIS2_PLACEMENT_3D('',#6209,#4988,#4989);
#4204=AXIS2_PLACEMENT_3D('',#6210,#4990,#4991);
#4205=AXIS2_PLACEMENT_3D('',#6211,#4992,#4993);
#4206=AXIS2_PLACEMENT_3D('',#6213,#4995,#4996);
#4207=AXIS2_PLACEMENT_3D('',#6215,#4998,#4999);
#4208=AXIS2_PLACEMENT_3D('',#6216,#5000,#5001);
#4209=AXIS2_PLACEMENT_3D('',#6218,#5003,#5004);
#4210=AXIS2_PLACEMENT_3D('',#6220,#5006,#5007);
#4211=AXIS2_PLACEMENT_3D('',#6221,#5008,#5009);
#4212=AXIS2_PLACEMENT_3D('',#6222,#5010,#5011);
#4213=AXIS2_PLACEMENT_3D('',#6224,#5013,#5014);
#4214=AXIS2_PLACEMENT_3D('',#6226,#5016,#5017);
#4215=AXIS2_PLACEMENT_3D('',#6227,#5018,#5019);
#4216=AXIS2_PLACEMENT_3D('',#6233,#5023,#5024);
#4217=AXIS2_PLACEMENT_3D('',#6237,#5027,#5028);
#4218=AXIS2_PLACEMENT_3D('',#6241,#5031,#5032);
#4219=AXIS2_PLACEMENT_3D('',#6244,#5035,#5036);
#4220=AXIS2_PLACEMENT_3D('',#6245,#5037,#5038);
#4221=AXIS2_PLACEMENT_3D('',#6251,#5042,#5043);
#4222=AXIS2_PLACEMENT_3D('',#6255,#5046,#5047);
#4223=AXIS2_PLACEMENT_3D('',#6259,#5050,#5051);
#4224=AXIS2_PLACEMENT_3D('',#6262,#5054,#5055);
#4225=AXIS2_PLACEMENT_3D('',#6263,#5056,#5057);
#4226=AXIS2_PLACEMENT_3D('',#6270,#5062,#5063);
#4227=AXIS2_PLACEMENT_3D('',#6274,#5066,#5067);
#4228=AXIS2_PLACEMENT_3D('',#6278,#5070,#5071);
#4229=AXIS2_PLACEMENT_3D('',#6280,#5073,#5074);
#4230=AXIS2_PLACEMENT_3D('',#6281,#5075,#5076);
#4231=AXIS2_PLACEMENT_3D('',#6287,#5080,#5081);
#4232=AXIS2_PLACEMENT_3D('',#6291,#5084,#5085);
#4233=AXIS2_PLACEMENT_3D('',#6295,#5088,#5089);
#4234=AXIS2_PLACEMENT_3D('',#6297,#5091,#5092);
#4235=AXIS2_PLACEMENT_3D('',#6303,#5096,#5097);
#4236=AXIS2_PLACEMENT_3D('',#6307,#5100,#5101);
#4237=AXIS2_PLACEMENT_3D('',#6313,#5105,#5106);
#4238=AXIS2_PLACEMENT_3D('',#6314,#5107,#5108);
#4239=AXIS2_PLACEMENT_3D('',#6316,#5110,#5111);
#4240=AXIS2_PLACEMENT_3D('',#6317,#5112,#5113);
#4241=AXIS2_PLACEMENT_3D('',#6319,#5115,#5116);
#4242=AXIS2_PLACEMENT_3D('',#6320,#5117,#5118);
#4243=AXIS2_PLACEMENT_3D('',#6321,#5119,#5120);
#4244=AXIS2_PLACEMENT_3D('',#6323,#5121,#5122);
#4245=AXIS2_PLACEMENT_3D('',#6325,#5124,#5125);
#4246=AXIS2_PLACEMENT_3D('',#6328,#5127,#5128);
#4247=AXIS2_PLACEMENT_3D('',#6329,#5129,#5130);
#4248=AXIS2_PLACEMENT_3D('',#6337,#5134,#5135);
#4249=AXIS2_PLACEMENT_3D('',#6341,#5137,#5138);
#4250=AXIS2_PLACEMENT_3D('',#6345,#5140,#5141);
#4251=AXIS2_PLACEMENT_3D('',#6348,#5143,#5144);
#4252=AXIS2_PLACEMENT_3D('',#6350,#5145,#5146);
#4253=AXIS2_PLACEMENT_3D('',#6352,#5147,#5148);
#4254=AXIS2_PLACEMENT_3D('',#6353,#5149,#5150);
#4255=AXIS2_PLACEMENT_3D('',#6359,#5154,#5155);
#4256=AXIS2_PLACEMENT_3D('',#6362,#5157,#5158);
#4257=AXIS2_PLACEMENT_3D('',#6363,#5159,#5160);
#4258=AXIS2_PLACEMENT_3D('',#6367,#5163,#5164);
#4259=AXIS2_PLACEMENT_3D('',#6370,#5166,#5167);
#4260=AXIS2_PLACEMENT_3D('',#6371,#5168,#5169);
#4261=AXIS2_PLACEMENT_3D('',#6375,#5172,#5173);
#4262=AXIS2_PLACEMENT_3D('',#6378,#5175,#5176);
#4263=AXIS2_PLACEMENT_3D('',#6379,#5177,#5178);
#4264=AXIS2_PLACEMENT_3D('',#6383,#5181,#5182);
#4265=AXIS2_PLACEMENT_3D('',#6384,#5183,#5184);
#4266=AXIS2_PLACEMENT_3D('',#6385,#5185,#5186);
#4267=AXIS2_PLACEMENT_3D('',#6389,#5188,#5189);
#4268=AXIS2_PLACEMENT_3D('',#6391,#5191,#5192);
#4269=AXIS2_PLACEMENT_3D('',#6395,#5195,#5196);
#4270=AXIS2_PLACEMENT_3D('',#6398,#5198,#5199);
#4271=AXIS2_PLACEMENT_3D('',#6399,#5200,#5201);
#4272=AXIS2_PLACEMENT_3D('',#6403,#5204,#5205);
#4273=AXIS2_PLACEMENT_3D('',#6406,#5207,#5208);
#4274=AXIS2_PLACEMENT_3D('',#6407,#5209,#5210);
#4275=AXIS2_PLACEMENT_3D('',#6410,#5212,#5213);
#4276=AXIS2_PLACEMENT_3D('',#6411,#5214,#5215);
#4277=AXIS2_PLACEMENT_3D('',#6414,#5217,#5218);
#4278=AXIS2_PLACEMENT_3D('',#6415,#5219,#5220);
#4279=AXIS2_PLACEMENT_3D('',#6418,#5222,#5223);
#4280=AXIS2_PLACEMENT_3D('',#6419,#5224,#5225);
#4281=AXIS2_PLACEMENT_3D('',#6422,#5227,#5228);
#4282=AXIS2_PLACEMENT_3D('',#6423,#5229,#5230);
#4283=AXIS2_PLACEMENT_3D('',#6427,#5233,#5234);
#4284=AXIS2_PLACEMENT_3D('',#6430,#5236,#5237);
#4285=AXIS2_PLACEMENT_3D('',#6431,#5238,#5239);
#4286=AXIS2_PLACEMENT_3D('',#6433,#5241,#5242);
#4287=AXIS2_PLACEMENT_3D('',#6435,#5243,#5244);
#4288=AXIS2_PLACEMENT_3D('',#6438,#5246,#5247);
#4289=AXIS2_PLACEMENT_3D('',#6439,#5248,#5249);
#4290=AXIS2_PLACEMENT_3D('',#6448,#5254,#5255);
#4291=AXIS2_PLACEMENT_3D('',#6450,#5256,#5257);
#4292=AXIS2_PLACEMENT_3D('',#6452,#5258,#5259);
#4293=AXIS2_PLACEMENT_3D('',#6454,#5261,#5262);
#4294=AXIS2_PLACEMENT_3D('',#6457,#5265,#5266);
#4295=AXIS2_PLACEMENT_3D('',#6461,#5269,#5270);
#4296=AXIS2_PLACEMENT_3D('',#6463,#5271,#5272);
#4297=AXIS2_PLACEMENT_3D('',#6465,#5274,#5275);
#4298=AXIS2_PLACEMENT_3D('',#6469,#5278,#5279);
#4299=AXIS2_PLACEMENT_3D('',#6471,#5281,#5282);
#4300=AXIS2_PLACEMENT_3D('',#6484,#5290,#5291);
#4301=AXIS2_PLACEMENT_3D('',#6485,#5292,#5293);
#4302=AXIS2_PLACEMENT_3D('',#6486,#5294,#5295);
#4303=AXIS2_PLACEMENT_3D('',#6487,#5296,#5297);
#4304=AXIS2_PLACEMENT_3D('',#6489,#5298,#5299);
#4305=AXIS2_PLACEMENT_3D('',#6492,#5301,#5302);
#4306=AXIS2_PLACEMENT_3D('',#6493,#5303,#5304);
#4307=AXIS2_PLACEMENT_3D('',#6499,#5308,#5309);
#4308=AXIS2_PLACEMENT_3D('',#6503,#5312,#5313);
#4309=AXIS2_PLACEMENT_3D('',#6505,#5314,#5315);
#4310=AXIS2_PLACEMENT_3D('',#6507,#5317,#5318);
#4311=AXIS2_PLACEMENT_3D('',#6509,#5320,#5321);
#4312=AXIS2_PLACEMENT_3D('',#6515,#5325,#5326);
#4313=AXIS2_PLACEMENT_3D('',#6516,#5327,#5328);
#4314=AXIS2_PLACEMENT_3D('',#6517,#5329,#5330);
#4315=AXIS2_PLACEMENT_3D('',#6518,#5331,#5332);
#4316=AXIS2_PLACEMENT_3D('',#6519,#5333,#5334);
#4317=AXIS2_PLACEMENT_3D('',#6520,#5335,#5336);
#4318=AXIS2_PLACEMENT_3D('',#6521,#5337,#5338);
#4319=AXIS2_PLACEMENT_3D('',#6525,#5341,#5342);
#4320=AXIS2_PLACEMENT_3D('',#6527,#5344,#5345);
#4321=AXIS2_PLACEMENT_3D('',#6533,#5349,#5350);
#4322=AXIS2_PLACEMENT_3D('',#6536,#5353,#5354);
#4323=AXIS2_PLACEMENT_3D('',#6537,#5355,#5356);
#4324=AXIS2_PLACEMENT_3D('',#6539,#5357,#5358);
#4325=AXIS2_PLACEMENT_3D('',#6542,#5360,#5361);
#4326=AXIS2_PLACEMENT_3D('',#6543,#5362,#5363);
#4327=AXIS2_PLACEMENT_3D('',#6547,#5366,#5367);
#4328=AXIS2_PLACEMENT_3D('',#6553,#5371,#5372);
#4329=AXIS2_PLACEMENT_3D('',#6555,#5373,#5374);
#4330=AXIS2_PLACEMENT_3D('',#6557,#5375,#5376);
#4331=AXIS2_PLACEMENT_3D('',#6559,#5378,#5379);
#4332=AXIS2_PLACEMENT_3D('',#6562,#5382,#5383);
#4333=AXIS2_PLACEMENT_3D('',#6566,#5386,#5387);
#4334=AXIS2_PLACEMENT_3D('',#6567,#5388,#5389);
#4335=AXIS2_PLACEMENT_3D('',#6568,#5390,#5391);
#4336=AXIS2_PLACEMENT_3D('',#6569,#5392,#5393);
#4337=AXIS2_PLACEMENT_3D('',#6570,#5394,#5395);
#4338=AXIS2_PLACEMENT_3D('',#6571,#5396,#5397);
#4339=AXIS2_PLACEMENT_3D('',#6572,#5398,#5399);
#4340=AXIS2_PLACEMENT_3D('',#6581,#5404,#5405);
#4341=AXIS2_PLACEMENT_3D('',#6587,#5409,#5410);
#4342=AXIS2_PLACEMENT_3D('',#6593,#5414,#5415);
#4343=AXIS2_PLACEMENT_3D('',#6596,#5418,#5419);
#4344=AXIS2_PLACEMENT_3D('',#6601,#5421,#5422);
#4345=AXIS2_PLACEMENT_3D('',#6605,#5424,#5425);
#4346=AXIS2_PLACEMENT_3D('',#6609,#5427,#5428);
#4347=AXIS2_PLACEMENT_3D('',#6612,#5430,#5431);
#4348=AXIS2_PLACEMENT_3D('',#6613,#5432,#5433);
#4349=AXIS2_PLACEMENT_3D('',#6616,#5436,#5437);
#4350=AXIS2_PLACEMENT_3D('',#6618,#5439,#5440);
#4351=AXIS2_PLACEMENT_3D('',#6620,#5442,#5443);
#4352=AXIS2_PLACEMENT_3D('',#6621,#5444,#5445);
#4353=AXIS2_PLACEMENT_3D('',#6623,#5447,#5448);
#4354=AXIS2_PLACEMENT_3D('',#6625,#5450,#5451);
#4355=AXIS2_PLACEMENT_3D('',#6627,#5453,#5454);
#4356=AXIS2_PLACEMENT_3D('',#6630,#5457,#5458);
#4357=AXIS2_PLACEMENT_3D('',#6631,#5459,#5460);
#4358=AXIS2_PLACEMENT_3D('',#6632,#5461,#5462);
#4359=AXIS2_PLACEMENT_3D('',#6633,#5463,#5464);
#4360=AXIS2_PLACEMENT_3D('',#6634,#5465,#5466);
#4361=AXIS2_PLACEMENT_3D('',#6635,#5467,#5468);
#4362=AXIS2_PLACEMENT_3D('',#6636,#5469,#5470);
#4363=AXIS2_PLACEMENT_3D('',#6640,#5473,#5474);
#4364=AXIS2_PLACEMENT_3D('',#6642,#5476,#5477);
#4365=AXIS2_PLACEMENT_3D('',#6643,#5478,#5479);
#4366=DIRECTION('axis',(0.,0.,1.));
#4367=DIRECTION('refdir',(1.,0.,0.));
#4368=DIRECTION('axis',(0.,0.,1.));
#4369=DIRECTION('refdir',(1.,0.,0.));
#4370=DIRECTION('center_axis',(0.,0.,1.));
#4371=DIRECTION('ref_axis',(-1.,0.,0.));
#4372=DIRECTION('center_axis',(0.,0.,-1.));
#4373=DIRECTION('ref_axis',(-1.,0.,0.));
#4374=DIRECTION('',(0.,0.,1.));
#4375=DIRECTION('center_axis',(0.,0.,-1.));
#4376=DIRECTION('ref_axis',(-1.,0.,0.));
#4377=DIRECTION('',(0.,0.,-1.));
#4378=DIRECTION('center_axis',(0.,0.,1.));
#4379=DIRECTION('ref_axis',(-1.,0.,0.));
#4380=DIRECTION('center_axis',(0.,0.,1.));
#4381=DIRECTION('ref_axis',(-1.,0.,0.));
#4382=DIRECTION('',(0.,0.,-1.));
#4383=DIRECTION('center_axis',(0.,0.,1.));
#4384=DIRECTION('ref_axis',(-1.,0.,0.));
#4385=DIRECTION('center_axis',(-1.,0.,0.));
#4386=DIRECTION('ref_axis',(0.,-1.,0.));
#4387=DIRECTION('',(0.,1.,0.));
#4388=DIRECTION('',(0.,0.,1.));
#4389=DIRECTION('',(0.,1.,0.));
#4390=DIRECTION('',(0.,0.,1.));
#4391=DIRECTION('',(0.,-1.,0.));
#4392=DIRECTION('',(0.,0.,-1.));
#4393=DIRECTION('',(0.,1.,0.));
#4394=DIRECTION('center_axis',(-1.,0.,0.));
#4395=DIRECTION('ref_axis',(0.,-1.,0.));
#4396=DIRECTION('',(0.,1.,0.));
#4397=DIRECTION('',(0.,0.,1.));
#4398=DIRECTION('',(0.,-1.,0.));
#4399=DIRECTION('',(0.,0.,-1.));
#4400=DIRECTION('',(0.,1.,0.));
#4401=DIRECTION('',(0.,0.,-1.));
#4402=DIRECTION('',(0.,1.,0.));
#4403=DIRECTION('center_axis',(0.,0.,1.));
#4404=DIRECTION('ref_axis',(1.,0.,0.));
#4405=DIRECTION('',(-1.,0.,0.));
#4406=DIRECTION('center_axis',(0.,0.,-1.));
#4407=DIRECTION('ref_axis',(-1.,0.,0.));
#4408=DIRECTION('',(0.,1.,0.));
#4409=DIRECTION('',(-1.,0.,0.));
#4410=DIRECTION('',(0.,1.,0.));
#4411=DIRECTION('',(1.,0.,0.));
#4412=DIRECTION('',(0.,1.,0.));
#4413=DIRECTION('',(-1.,0.,0.));
#4414=DIRECTION('',(0.,1.,0.));
#4415=DIRECTION('',(1.,0.,0.));
#4416=DIRECTION('',(0.,1.,0.));
#4417=DIRECTION('',(-1.,0.,0.));
#4418=DIRECTION('',(0.,1.,0.));
#4419=DIRECTION('',(1.,0.,0.));
#4420=DIRECTION('',(0.,1.,0.));
#4421=DIRECTION('',(-1.,0.,0.));
#4422=DIRECTION('',(0.,1.,0.));
#4423=DIRECTION('',(1.,0.,0.));
#4424=DIRECTION('',(0.,1.,0.));
#4425=DIRECTION('',(-1.,0.,0.));
#4426=DIRECTION('',(0.,1.,0.));
#4427=DIRECTION('',(1.,0.,0.));
#4428=DIRECTION('',(0.,1.,0.));
#4429=DIRECTION('',(-1.,0.,0.));
#4430=DIRECTION('',(0.,1.,0.));
#4431=DIRECTION('',(1.,0.,0.));
#4432=DIRECTION('',(0.,1.,0.));
#4433=DIRECTION('',(-1.,0.,0.));
#4434=DIRECTION('',(0.,1.,0.));
#4435=DIRECTION('',(1.,0.,0.));
#4436=DIRECTION('',(0.,1.,0.));
#4437=DIRECTION('',(-1.,0.,0.));
#4438=DIRECTION('',(0.,1.,0.));
#4439=DIRECTION('',(1.,0.,0.));
#4440=DIRECTION('',(0.,1.,0.));
#4441=DIRECTION('',(-1.,0.,0.));
#4442=DIRECTION('',(0.,1.,0.));
#4443=DIRECTION('',(1.,0.,0.));
#4444=DIRECTION('',(0.,1.,0.));
#4445=DIRECTION('',(-1.,0.,0.));
#4446=DIRECTION('',(0.,1.,0.));
#4447=DIRECTION('',(1.,0.,0.));
#4448=DIRECTION('',(0.,1.,0.));
#4449=DIRECTION('',(-1.,0.,0.));
#4450=DIRECTION('',(0.,-1.,0.));
#4451=DIRECTION('center_axis',(0.,0.,-1.));
#4452=DIRECTION('ref_axis',(-1.,0.,0.));
#4453=DIRECTION('',(-1.,0.,0.));
#4454=DIRECTION('',(0.,-1.,0.));
#4455=DIRECTION('',(1.,0.,0.));
#4456=DIRECTION('',(0.,-1.,0.));
#4457=DIRECTION('',(1.,0.,0.));
#4458=DIRECTION('',(0.,1.,0.));
#4459=DIRECTION('center_axis',(0.,0.,-1.));
#4460=DIRECTION('ref_axis',(-1.,0.,0.));
#4461=DIRECTION('',(1.,0.,0.));
#4462=DIRECTION('',(1.,0.,0.));
#4463=DIRECTION('',(0.,-1.,0.));
#4464=DIRECTION('',(-1.,-7.72329060608805E-17,0.));
#4465=DIRECTION('',(1.,0.,0.));
#4466=DIRECTION('',(0.,-1.,0.));
#4467=DIRECTION('',(-1.,0.,0.));
#4468=DIRECTION('',(0.,1.,0.));
#4469=DIRECTION('',(1.,0.,0.));
#4470=DIRECTION('',(0.,-1.,0.));
#4471=DIRECTION('',(-1.,0.,0.));
#4472=DIRECTION('',(1.,0.,0.));
#4473=DIRECTION('',(0.,-1.,0.));
#4474=DIRECTION('',(-1.,0.,0.));
#4475=DIRECTION('',(0.,1.,0.));
#4476=DIRECTION('center_axis',(0.,0.,-1.));
#4477=DIRECTION('ref_axis',(-9.02056207507939E-16,-1.,0.));
#4478=DIRECTION('',(0.,-1.,0.));
#4479=DIRECTION('',(-1.,0.,0.));
#4480=DIRECTION('',(-9.02056207507939E-16,-1.,0.));
#4481=DIRECTION('',(-1.,0.,0.));
#4482=DIRECTION('center_axis',(0.,1.,0.));
#4483=DIRECTION('ref_axis',(0.,0.,-1.));
#4484=DIRECTION('',(0.,0.,-1.));
#4485=DIRECTION('',(-1.,0.,0.));
#4486=DIRECTION('',(0.,0.,-1.));
#4487=DIRECTION('center_axis',(0.,0.,1.));
#4488=DIRECTION('ref_axis',(0.,1.,0.));
#4489=DIRECTION('',(0.,1.,0.));
#4490=DIRECTION('',(-1.,0.,0.));
#4491=DIRECTION('',(0.,1.,0.));
#4492=DIRECTION('center_axis',(0.,-1.,0.));
#4493=DIRECTION('ref_axis',(7.21644966006352E-15,0.,1.));
#4494=DIRECTION('',(0.,0.,1.));
#4495=DIRECTION('',(7.21644966006352E-15,0.,1.));
#4496=DIRECTION('center_axis',(-1.,0.,0.));
#4497=DIRECTION('ref_axis',(0.,0.,1.));
#4498=DIRECTION('center_axis',(0.,-0.707106781186549,-0.707106781186546));
#4499=DIRECTION('ref_axis',(-1.,0.,0.));
#4500=DIRECTION('',(1.,0.,0.));
#4501=DIRECTION('',(0.,-0.707106781186546,0.707106781186549));
#4502=DIRECTION('',(-1.,0.,0.));
#4503=DIRECTION('center_axis',(0.,0.,-1.));
#4504=DIRECTION('ref_axis',(0.707106781186549,0.707106781186546,0.));
#4505=DIRECTION('center_axis',(0.,0.,1.));
#4506=DIRECTION('ref_axis',(0.707106781186549,0.707106781186546,0.));
#4507=DIRECTION('',(0.,-0.707106781186546,0.707106781186549));
#4508=DIRECTION('center_axis',(0.,0.,-1.));
#4509=DIRECTION('ref_axis',(0.707106781186549,0.707106781186546,0.));
#4510=DIRECTION('center_axis',(0.,0.707106781186547,-0.707106781186548));
#4511=DIRECTION('ref_axis',(-1.,0.,0.));
#4512=DIRECTION('',(-1.,0.,0.));
#4513=DIRECTION('',(0.,-0.707106781186548,-0.707106781186547));
#4514=DIRECTION('',(-1.,0.,0.));
#4515=DIRECTION('center_axis',(0.,1.,0.));
#4516=DIRECTION('ref_axis',(-1.,0.,0.));
#4517=DIRECTION('',(0.,0.,-1.));
#4518=DIRECTION('',(1.,0.,0.));
#4519=DIRECTION('',(0.,0.,1.));
#4520=DIRECTION('',(1.,0.,0.));
#4521=DIRECTION('',(0.,0.,1.));
#4522=DIRECTION('',(-1.,0.,0.));
#4523=DIRECTION('',(0.,0.,-1.));
#4524=DIRECTION('',(0.,0.,1.));
#4525=DIRECTION('',(-1.,0.,0.));
#4526=DIRECTION('',(0.,0.,-1.));
#4527=DIRECTION('',(1.,0.,0.));
#4528=DIRECTION('',(0.,0.,-1.));
#4529=DIRECTION('',(-1.,0.,0.));
#4530=DIRECTION('',(0.,0.,1.));
#4531=DIRECTION('',(-1.,0.,0.));
#4532=DIRECTION('',(0.,0.,-1.));
#4533=DIRECTION('',(1.,0.,1.56369438457509E-17));
#4534=DIRECTION('center_axis',(0.,1.,0.));
#4535=DIRECTION('ref_axis',(0.,0.,-1.));
#4536=DIRECTION('',(0.,0.,-1.));
#4537=DIRECTION('',(0.,0.,-1.));
#4538=DIRECTION('',(-1.,0.,0.));
#4539=DIRECTION('center_axis',(-1.,0.,0.));
#4540=DIRECTION('ref_axis',(0.,0.,1.));
#4541=DIRECTION('',(0.,-1.,0.));
#4542=DIRECTION('',(0.,0.,1.));
#4543=DIRECTION('center_axis',(0.,-1.,0.));
#4544=DIRECTION('ref_axis',(0.,0.,1.));
#4545=DIRECTION('',(0.,0.,1.));
#4546=DIRECTION('',(-1.,0.,0.));
#4547=DIRECTION('',(0.,0.,1.));
#4548=DIRECTION('center_axis',(-1.,0.,0.));
#4549=DIRECTION('ref_axis',(0.,0.,1.));
#4550=DIRECTION('',(0.,-1.,0.));
#4551=DIRECTION('center_axis',(0.,0.,-1.));
#4552=DIRECTION('ref_axis',(0.707106781186549,0.707106781186546,0.));
#4553=DIRECTION('center_axis',(0.,0.,-1.));
#4554=DIRECTION('ref_axis',(0.707106781186549,0.707106781186546,0.));
#4555=DIRECTION('',(0.,0.,-1.));
#4556=DIRECTION('center_axis',(0.,0.,-1.));
#4557=DIRECTION('ref_axis',(0.707106781186549,0.707106781186546,0.));
#4558=DIRECTION('',(0.,0.,1.));
#4559=DIRECTION('center_axis',(0.,0.,-1.));
#4560=DIRECTION('ref_axis',(-1.,0.,0.));
#4561=DIRECTION('center_axis',(0.,0.,-1.));
#4562=DIRECTION('ref_axis',(0.707106781186546,-0.707106781186549,0.));
#4563=DIRECTION('',(0.,-1.,0.));
#4564=DIRECTION('',(-1.,0.,0.));
#4565=DIRECTION('center_axis',(0.,0.,1.));
#4566=DIRECTION('ref_axis',(0.707106781186546,0.707106781186549,0.));
#4567=DIRECTION('center_axis',(0.,0.,1.));
#4568=DIRECTION('ref_axis',(0.707106781186546,-0.707106781186549,0.));
#4569=DIRECTION('center_axis',(0.,0.,-1.));
#4570=DIRECTION('ref_axis',(0.707106781186546,-0.707106781186549,0.));
#4571=DIRECTION('center_axis',(0.,0.,-1.));
#4572=DIRECTION('ref_axis',(0.707106781186546,-0.707106781186549,0.));
#4573=DIRECTION('',(0.,0.707106781186548,0.707106781186547));
#4574=DIRECTION('center_axis',(0.,0.,1.));
#4575=DIRECTION('ref_axis',(0.707106781186546,-0.707106781186549,0.));
#4576=DIRECTION('center_axis',(0.,0.,1.));
#4577=DIRECTION('ref_axis',(0.707106781186546,-0.707106781186549,0.));
#4578=DIRECTION('center_axis',(0.,0.,1.));
#4579=DIRECTION('ref_axis',(0.707106781186546,-0.707106781186549,0.));
#4580=DIRECTION('center_axis',(0.,0.,1.));
#4581=DIRECTION('ref_axis',(0.707106781186546,0.707106781186549,0.));
#4582=DIRECTION('',(0.,0.,-1.));
#4583=DIRECTION('center_axis',(0.,0.,1.));
#4584=DIRECTION('ref_axis',(0.707106781186546,0.707106781186549,0.));
#4585=DIRECTION('center_axis',(0.,-1.,0.));
#4586=DIRECTION('ref_axis',(1.,0.,0.));
#4587=DIRECTION('',(1.,0.,0.));
#4588=DIRECTION('',(0.,0.,1.));
#4589=DIRECTION('',(-1.,0.,0.));
#4590=DIRECTION('',(0.,0.,1.));
#4591=DIRECTION('',(1.,0.,0.));
#4592=DIRECTION('',(0.,0.,-1.));
#4593=DIRECTION('',(0.,0.,1.));
#4594=DIRECTION('center_axis',(0.,1.,0.));
#4595=DIRECTION('ref_axis',(1.,0.,0.));
#4596=DIRECTION('',(0.,0.,-1.));
#4597=DIRECTION('',(0.,0.,1.));
#4598=DIRECTION('center_axis',(0.,1.,0.));
#4599=DIRECTION('ref_axis',(1.,0.,0.));
#4600=DIRECTION('',(0.,0.,-1.));
#4601=DIRECTION('',(0.,0.,1.));
#4602=DIRECTION('center_axis',(0.,1.,0.));
#4603=DIRECTION('ref_axis',(1.,0.,0.));
#4604=DIRECTION('',(0.,0.,-1.));
#4605=DIRECTION('',(0.,0.,1.));
#4606=DIRECTION('center_axis',(0.,1.,0.));
#4607=DIRECTION('ref_axis',(1.,0.,0.));
#4608=DIRECTION('',(0.,0.,-1.));
#4609=DIRECTION('',(0.,0.,1.));
#4610=DIRECTION('center_axis',(0.,1.,0.));
#4611=DIRECTION('ref_axis',(1.,0.,0.));
#4612=DIRECTION('',(0.,0.,-1.));
#4613=DIRECTION('',(0.,0.,1.));
#4614=DIRECTION('',(1.,0.,0.));
#4615=DIRECTION('',(0.,0.,-1.));
#4616=DIRECTION('',(-1.,0.,0.));
#4617=DIRECTION('',(0.,0.,1.));
#4618=DIRECTION('center_axis',(0.,1.,0.));
#4619=DIRECTION('ref_axis',(-1.,0.,2.22044604925031E-15));
#4620=DIRECTION('',(1.,0.,0.));
#4621=DIRECTION('center_axis',(0.,1.,0.));
#4622=DIRECTION('ref_axis',(0.,0.,1.));
#4623=DIRECTION('',(-4.93432462283855E-16,0.,-1.));
#4624=DIRECTION('center_axis',(0.,1.,0.));
#4625=DIRECTION('ref_axis',(1.,0.,0.));
#4626=DIRECTION('',(-1.,0.,0.));
#4627=DIRECTION('center_axis',(0.,1.,0.));
#4628=DIRECTION('ref_axis',(0.,0.,-1.));
#4629=DIRECTION('center_axis',(0.,0.,1.));
#4630=DIRECTION('ref_axis',(1.,0.,0.));
#4631=DIRECTION('center_axis',(0.,0.,1.));
#4632=DIRECTION('ref_axis',(-0.707106781186548,-0.707106781186547,0.));
#4633=DIRECTION('',(0.,1.,0.));
#4634=DIRECTION('center_axis',(0.,0.,1.));
#4635=DIRECTION('ref_axis',(-0.707106781186547,0.707106781186548,0.));
#4636=DIRECTION('',(1.,0.,0.));
#4637=DIRECTION('center_axis',(0.,0.,-1.));
#4638=DIRECTION('ref_axis',(-0.707106781186547,0.707106781186548,0.));
#4639=DIRECTION('',(0.,1.,0.));
#4640=DIRECTION('center_axis',(0.,0.,-1.));
#4641=DIRECTION('ref_axis',(-0.707106781186548,-0.707106781186548,0.));
#4642=DIRECTION('',(-1.,0.,0.));
#4643=DIRECTION('center_axis',(0.,-0.847998304005088,-0.52999894000318));
#4644=DIRECTION('ref_axis',(-1.,0.,0.));
#4645=DIRECTION('',(-1.,0.,0.));
#4646=DIRECTION('',(0.646761666763557,0.404226041727221,-0.646761666763553));
#4647=DIRECTION('',(1.,0.,0.));
#4648=DIRECTION('',(-0.646761666763555,0.404226041727222,-0.646761666763554));
#4649=DIRECTION('center_axis',(0.529998940003178,-0.847998304005089,0.));
#4650=DIRECTION('ref_axis',(0.,0.,-1.));
#4651=DIRECTION('',(0.,0.,-1.));
#4652=DIRECTION('',(0.646761666763557,0.40422604172722,0.646761666763553));
#4653=DIRECTION('',(0.,0.,1.));
#4654=DIRECTION('center_axis',(-0.52999894000318,-0.847998304005088,0.));
#4655=DIRECTION('ref_axis',(0.,0.,1.));
#4656=DIRECTION('',(0.,0.,-1.));
#4657=DIRECTION('',(0.646761666763555,-0.404226041727222,-0.646761666763555));
#4658=DIRECTION('',(0.,0.,1.));
#4659=DIRECTION('center_axis',(-8.28756366313722E-18,-0.847998304005088,
0.52999894000318));
#4660=DIRECTION('ref_axis',(1.,0.,1.56369438457509E-17));
#4661=DIRECTION('',(1.,0.,1.56369438457509E-17));
#4662=DIRECTION('',(-1.,0.,-1.56369438457509E-17));
#4663=DIRECTION('center_axis',(1.,0.,0.));
#4664=DIRECTION('ref_axis',(0.,0.,-1.));
#4665=DIRECTION('',(0.,1.,0.));
#4666=DIRECTION('',(0.,1.,0.));
#4667=DIRECTION('center_axis',(0.,0.,1.));
#4668=DIRECTION('ref_axis',(1.,-2.91850841673152E-17,0.));
#4669=DIRECTION('',(0.,1.,0.));
#4670=DIRECTION('center_axis',(0.,-1.,0.));
#4671=DIRECTION('ref_axis',(-1.,0.,0.));
#4672=DIRECTION('',(1.,0.,0.));
#4673=DIRECTION('',(0.,0.,1.));
#4674=DIRECTION('',(-1.,0.,0.));
#4675=DIRECTION('',(0.,0.,-1.));
#4676=DIRECTION('center_axis',(-1.,0.,0.));
#4677=DIRECTION('ref_axis',(0.,1.69847619565313E-16,1.));
#4678=DIRECTION('',(0.,1.,0.));
#4679=DIRECTION('center_axis',(1.56369438457509E-17,0.,-1.));
#4680=DIRECTION('ref_axis',(-1.,0.,-1.56369438457509E-17));
#4681=DIRECTION('center_axis',(-1.,0.,0.));
#4682=DIRECTION('ref_axis',(0.,0.,-1.));
#4683=DIRECTION('',(0.,0.,-1.));
#4684=DIRECTION('',(0.,-1.,0.));
#4685=DIRECTION('',(0.,-1.,0.));
#4686=DIRECTION('center_axis',(0.,-1.,0.));
#4687=DIRECTION('ref_axis',(-1.,0.,2.22044604925031E-15));
#4688=DIRECTION('center_axis',(0.,-1.,0.));
#4689=DIRECTION('ref_axis',(-1.,0.,2.22044604925031E-15));
#4690=DIRECTION('',(0.,-1.,0.));
#4691=DIRECTION('center_axis',(0.,0.,1.));
#4692=DIRECTION('ref_axis',(-1.,0.,0.));
#4693=DIRECTION('',(-1.,0.,0.));
#4694=DIRECTION('',(0.,-1.,0.));
#4695=DIRECTION('center_axis',(0.,-1.,0.));
#4696=DIRECTION('ref_axis',(0.,0.,1.));
#4697=DIRECTION('center_axis',(0.,-1.,0.));
#4698=DIRECTION('ref_axis',(0.,0.,1.));
#4699=DIRECTION('',(0.,-1.,0.));
#4700=DIRECTION('center_axis',(1.,0.,-4.93432462283855E-16));
#4701=DIRECTION('ref_axis',(4.93432462283855E-16,0.,1.));
#4702=DIRECTION('',(4.93432462283855E-16,0.,1.));
#4703=DIRECTION('',(0.,-1.,0.));
#4704=DIRECTION('center_axis',(0.,-1.,0.));
#4705=DIRECTION('ref_axis',(1.,0.,0.));
#4706=DIRECTION('center_axis',(0.,-1.,0.));
#4707=DIRECTION('ref_axis',(1.,0.,0.));
#4708=DIRECTION('',(0.,-1.,0.));
#4709=DIRECTION('center_axis',(0.,0.,-1.));
#4710=DIRECTION('ref_axis',(1.,0.,0.));
#4711=DIRECTION('',(1.,0.,0.));
#4712=DIRECTION('',(0.,-1.,0.));
#4713=DIRECTION('center_axis',(0.,-1.,0.));
#4714=DIRECTION('ref_axis',(0.,0.,-1.));
#4715=DIRECTION('center_axis',(0.,-1.,0.));
#4716=DIRECTION('ref_axis',(0.,0.,-1.));
#4717=DIRECTION('center_axis',(0.,-1.,0.));
#4718=DIRECTION('ref_axis',(-1.,0.,0.));
#4719=DIRECTION('center_axis',(0.,-1.,0.));
#4720=DIRECTION('ref_axis',(-1.,0.,0.));
#4721=DIRECTION('',(0.707106781186547,-0.707106781186547,-8.65956056235493E-17));
#4722=DIRECTION('center_axis',(0.,-1.,0.));
#4723=DIRECTION('ref_axis',(1.,0.,0.));
#4724=DIRECTION('center_axis',(0.,1.,0.));
#4725=DIRECTION('ref_axis',(-1.,0.,0.));
#4726=DIRECTION('center_axis',(0.,1.,0.));
#4727=DIRECTION('ref_axis',(1.,0.,0.));
#4728=DIRECTION('',(0.,1.,0.));
#4729=DIRECTION('center_axis',(0.,-1.,0.));
#4730=DIRECTION('ref_axis',(1.,0.,0.));
#4731=DIRECTION('',(0.,1.,0.));
#4732=DIRECTION('center_axis',(0.,1.,0.));
#4733=DIRECTION('ref_axis',(-1.,0.,0.));
#4734=DIRECTION('center_axis',(0.,-1.,0.));
#4735=DIRECTION('ref_axis',(-1.,0.,0.));
#4736=DIRECTION('center_axis',(0.,-1.,0.));
#4737=DIRECTION('ref_axis',(-1.,0.,0.));
#4738=DIRECTION('',(0.707106781186547,-0.707106781186547,-8.65956056235493E-17));
#4739=DIRECTION('center_axis',(0.,-1.,0.));
#4740=DIRECTION('ref_axis',(1.,0.,0.));
#4741=DIRECTION('center_axis',(0.,1.,0.));
#4742=DIRECTION('ref_axis',(-1.,0.,0.));
#4743=DIRECTION('center_axis',(0.,1.,0.));
#4744=DIRECTION('ref_axis',(1.,0.,0.));
#4745=DIRECTION('',(0.,1.,0.));
#4746=DIRECTION('center_axis',(0.,-1.,0.));
#4747=DIRECTION('ref_axis',(1.,0.,0.));
#4748=DIRECTION('',(0.,1.,0.));
#4749=DIRECTION('center_axis',(0.,1.,0.));
#4750=DIRECTION('ref_axis',(-1.,0.,0.));
#4751=DIRECTION('center_axis',(0.,-1.,0.));
#4752=DIRECTION('ref_axis',(-1.,0.,0.));
#4753=DIRECTION('center_axis',(0.,-1.,0.));
#4754=DIRECTION('ref_axis',(-1.,0.,0.));
#4755=DIRECTION('',(0.707106781186547,-0.707106781186547,-8.65956056235493E-17));
#4756=DIRECTION('center_axis',(0.,-1.,0.));
#4757=DIRECTION('ref_axis',(1.,0.,0.));
#4758=DIRECTION('center_axis',(0.,1.,0.));
#4759=DIRECTION('ref_axis',(-1.,0.,0.));
#4760=DIRECTION('center_axis',(0.,1.,0.));
#4761=DIRECTION('ref_axis',(1.,0.,0.));
#4762=DIRECTION('',(0.,1.,0.));
#4763=DIRECTION('center_axis',(0.,-1.,0.));
#4764=DIRECTION('ref_axis',(1.,0.,0.));
#4765=DIRECTION('',(0.,1.,0.));
#4766=DIRECTION('center_axis',(0.,1.,0.));
#4767=DIRECTION('ref_axis',(-1.,0.,0.));
#4768=DIRECTION('center_axis',(0.,-1.,0.));
#4769=DIRECTION('ref_axis',(1.,0.,0.));
#4770=DIRECTION('center_axis',(0.,1.,0.));
#4771=DIRECTION('ref_axis',(1.,0.,0.));
#4772=DIRECTION('center_axis',(0.,-1.,0.));
#4773=DIRECTION('ref_axis',(1.,0.,0.));
#4774=DIRECTION('center_axis',(0.,1.,0.));
#4775=DIRECTION('ref_axis',(1.,0.,0.));
#4776=DIRECTION('center_axis',(0.,-1.,0.));
#4777=DIRECTION('ref_axis',(1.,0.,0.));
#4778=DIRECTION('center_axis',(0.,1.,0.));
#4779=DIRECTION('ref_axis',(1.,0.,0.));
#4780=DIRECTION('center_axis',(0.,1.,0.));
#4781=DIRECTION('ref_axis',(1.,0.,0.));
#4782=DIRECTION('',(-1.,0.,0.));
#4783=DIRECTION('',(1.,0.,0.));
#4784=DIRECTION('',(0.,0.,-1.));
#4785=DIRECTION('',(0.,0.,-1.));
#4786=DIRECTION('',(0.,0.,1.));
#4787=DIRECTION('center_axis',(0.,-1.,0.));
#4788=DIRECTION('ref_axis',(1.,0.,0.));
#4789=DIRECTION('',(0.,0.,-1.));
#4790=DIRECTION('',(0.,0.,1.));
#4791=DIRECTION('',(0.,0.,-1.));
#4792=DIRECTION('',(0.,0.,1.));
#4793=DIRECTION('center_axis',(0.,-1.,0.));
#4794=DIRECTION('ref_axis',(1.,0.,0.));
#4795=DIRECTION('',(0.,0.,-1.));
#4796=DIRECTION('',(0.,0.,1.));
#4797=DIRECTION('',(0.,0.,-1.));
#4798=DIRECTION('',(0.,0.,1.));
#4799=DIRECTION('center_axis',(0.,-1.,0.));
#4800=DIRECTION('ref_axis',(1.,0.,0.));
#4801=DIRECTION('',(0.,0.,-1.));
#4802=DIRECTION('',(0.,0.,1.));
#4803=DIRECTION('center_axis',(0.,-1.,0.));
#4804=DIRECTION('ref_axis',(1.,0.,0.));
#4805=DIRECTION('',(0.,0.,-1.));
#4806=DIRECTION('',(0.,0.,1.));
#4807=DIRECTION('center_axis',(0.,1.,0.));
#4808=DIRECTION('ref_axis',(1.,0.,0.));
#4809=DIRECTION('',(0.,0.,-1.));
#4810=DIRECTION('',(0.,0.,1.));
#4811=DIRECTION('center_axis',(0.,-1.,0.));
#4812=DIRECTION('ref_axis',(1.,0.,0.));
#4813=DIRECTION('',(0.,0.,-1.));
#4814=DIRECTION('',(0.,0.,1.));
#4815=DIRECTION('center_axis',(0.,1.,0.));
#4816=DIRECTION('ref_axis',(1.,0.,0.));
#4817=DIRECTION('',(0.,0.,-1.));
#4818=DIRECTION('',(0.,0.,1.));
#4819=DIRECTION('center_axis',(0.,-0.996346649041751,-0.0854011413464365));
#4820=DIRECTION('ref_axis',(0.,0.0854011413464365,-0.996346649041751));
#4821=DIRECTION('',(0.,-0.0854011413464365,0.996346649041751));
#4822=DIRECTION('',(-1.,0.,0.));
#4823=DIRECTION('',(0.,0.0854011413464365,-0.996346649041751));
#4824=DIRECTION('',(1.,0.,0.));
#4825=DIRECTION('center_axis',(-1.,0.,0.));
#4826=DIRECTION('ref_axis',(0.,0.,1.));
#4827=DIRECTION('',(0.,0.,-1.));
#4828=DIRECTION('',(0.,0.,1.));
#4829=DIRECTION('center_axis',(0.,-0.996346649041751,-0.0854011413464365));
#4830=DIRECTION('ref_axis',(0.,0.0854011413464365,-0.996346649041751));
#4831=DIRECTION('',(0.,-0.0854011413464365,0.996346649041751));
#4832=DIRECTION('',(-1.,0.,0.));
#4833=DIRECTION('',(0.,0.0854011413464365,-0.996346649041751));
#4834=DIRECTION('',(1.,0.,0.));
#4835=DIRECTION('center_axis',(-1.,0.,0.));
#4836=DIRECTION('ref_axis',(0.,0.,1.));
#4837=DIRECTION('',(0.,0.,-1.));
#4838=DIRECTION('',(0.,-1.,0.));
#4839=DIRECTION('',(0.,0.,1.));
#4840=DIRECTION('',(0.,0.,1.));
#4841=DIRECTION('center_axis',(0.,-0.996346649041751,-0.0854011413464365));
#4842=DIRECTION('ref_axis',(0.,0.0854011413464365,-0.996346649041751));
#4843=DIRECTION('',(0.,-0.0854011413464365,0.996346649041751));
#4844=DIRECTION('',(-1.,0.,0.));
#4845=DIRECTION('',(0.,0.0854011413464365,-0.996346649041751));
#4846=DIRECTION('',(1.,0.,0.));
#4847=DIRECTION('center_axis',(-1.,0.,0.));
#4848=DIRECTION('ref_axis',(0.,0.,1.));
#4849=DIRECTION('',(0.,0.,-1.));
#4850=DIRECTION('',(0.,0.,1.));
#4851=DIRECTION('center_axis',(0.,-0.996346649041751,-0.0854011413464365));
#4852=DIRECTION('ref_axis',(0.,0.0854011413464365,-0.996346649041751));
#4853=DIRECTION('',(0.,-0.0854011413464365,0.996346649041751));
#4854=DIRECTION('',(-1.,0.,0.));
#4855=DIRECTION('',(0.,0.0854011413464365,-0.996346649041751));
#4856=DIRECTION('',(1.,0.,0.));
#4857=DIRECTION('center_axis',(-1.,0.,0.));
#4858=DIRECTION('ref_axis',(0.,0.,1.));
#4859=DIRECTION('',(0.,0.,-1.));
#4860=DIRECTION('',(0.,1.,0.));
#4861=DIRECTION('',(0.,0.,1.));
#4862=DIRECTION('center_axis',(0.,-0.996346649041751,-0.0854011413464365));
#4863=DIRECTION('ref_axis',(0.,0.0854011413464365,-0.996346649041751));
#4864=DIRECTION('',(0.,-0.0854011413464365,0.996346649041751));
#4865=DIRECTION('',(-1.,0.,0.));
#4866=DIRECTION('',(0.,0.0854011413464365,-0.996346649041751));
#4867=DIRECTION('',(1.,0.,0.));
#4868=DIRECTION('center_axis',(-1.,0.,0.));
#4869=DIRECTION('ref_axis',(0.,0.,1.));
#4870=DIRECTION('',(0.,0.,-1.));
#4871=DIRECTION('',(0.,1.,0.));
#4872=DIRECTION('',(0.,0.,1.));
#4873=DIRECTION('center_axis',(0.,1.,0.));
#4874=DIRECTION('ref_axis',(0.,0.,1.));
#4875=DIRECTION('',(0.,0.,1.));
#4876=DIRECTION('center_axis',(0.,1.,0.));
#4877=DIRECTION('ref_axis',(0.,0.,1.));
#4878=DIRECTION('',(0.,0.,1.));
#4879=DIRECTION('center_axis',(0.,0.,-1.));
#4880=DIRECTION('ref_axis',(-1.,0.,0.));
#4881=DIRECTION('',(-1.,0.,0.));
#4882=DIRECTION('',(0.,1.,0.));
#4883=DIRECTION('',(-1.,0.,0.));
#4884=DIRECTION('center_axis',(0.,1.,0.));
#4885=DIRECTION('ref_axis',(0.,0.,1.));
#4886=DIRECTION('',(0.,0.,1.));
#4887=DIRECTION('center_axis',(0.,1.,0.));
#4888=DIRECTION('ref_axis',(0.,0.,1.));
#4889=DIRECTION('',(0.,0.,1.));
#4890=DIRECTION('center_axis',(0.,1.,0.));
#4891=DIRECTION('ref_axis',(0.,0.,1.));
#4892=DIRECTION('',(0.,0.,1.));
#4893=DIRECTION('center_axis',(1.,0.,0.));
#4894=DIRECTION('ref_axis',(0.,0.,-1.));
#4895=DIRECTION('',(0.,0.,-1.));
#4896=DIRECTION('',(0.,0.,-1.));
#4897=DIRECTION('center_axis',(0.,-1.,0.));
#4898=DIRECTION('ref_axis',(1.,0.,0.));
#4899=DIRECTION('center_axis',(0.,1.,0.));
#4900=DIRECTION('ref_axis',(1.,0.,0.));
#4901=DIRECTION('center_axis',(1.,0.,0.));
#4902=DIRECTION('ref_axis',(0.,0.,-1.));
#4903=DIRECTION('',(0.,0.,-1.));
#4904=DIRECTION('center_axis',(0.,0.,1.));
#4905=DIRECTION('ref_axis',(1.,0.,0.));
#4906=DIRECTION('center_axis',(0.,1.,0.));
#4907=DIRECTION('ref_axis',(1.,0.,0.));
#4908=DIRECTION('center_axis',(0.,1.,0.));
#4909=DIRECTION('ref_axis',(1.,0.,0.));
#4910=DIRECTION('',(-0.70710678118655,0.707106781186545,-8.65956056235497E-17));
#4911=DIRECTION('center_axis',(0.,1.,0.));
#4912=DIRECTION('ref_axis',(1.,0.,0.));
#4913=DIRECTION('center_axis',(0.,-1.,0.));
#4914=DIRECTION('ref_axis',(1.,0.,0.));
#4915=DIRECTION('center_axis',(0.,1.,0.));
#4916=DIRECTION('ref_axis',(1.,0.,0.));
#4917=DIRECTION('center_axis',(0.,1.,0.));
#4918=DIRECTION('ref_axis',(1.,0.,0.));
#4919=DIRECTION('',(-0.707106781186545,0.70710678118655,-8.6595605623549E-17));
#4920=DIRECTION('center_axis',(0.,-1.,0.));
#4921=DIRECTION('ref_axis',(1.,0.,0.));
#4922=DIRECTION('center_axis',(0.,1.,0.));
#4923=DIRECTION('ref_axis',(1.,0.,0.));
#4924=DIRECTION('center_axis',(0.,1.,0.));
#4925=DIRECTION('ref_axis',(1.,0.,0.));
#4926=DIRECTION('',(-0.707106781186545,0.70710678118655,-8.6595605623549E-17));
#4927=DIRECTION('center_axis',(0.,1.,0.));
#4928=DIRECTION('ref_axis',(1.,0.,0.));
#4929=DIRECTION('center_axis',(0.,-1.,0.));
#4930=DIRECTION('ref_axis',(1.,0.,0.));
#4931=DIRECTION('center_axis',(0.,1.,0.));
#4932=DIRECTION('ref_axis',(1.,0.,0.));
#4933=DIRECTION('center_axis',(0.,1.,0.));
#4934=DIRECTION('ref_axis',(1.,0.,0.));
#4935=DIRECTION('',(-0.707106781186547,0.707106781186547,-8.65956056235493E-17));
#4936=DIRECTION('center_axis',(0.,1.,0.));
#4937=DIRECTION('ref_axis',(1.,0.,0.));
#4938=DIRECTION('center_axis',(0.,-1.,0.));
#4939=DIRECTION('ref_axis',(1.,0.,0.));
#4940=DIRECTION('center_axis',(0.,1.,0.));
#4941=DIRECTION('ref_axis',(1.,0.,0.));
#4942=DIRECTION('',(0.,1.,0.));
#4943=DIRECTION('center_axis',(0.,-1.,0.));
#4944=DIRECTION('ref_axis',(1.,0.,0.));
#4945=DIRECTION('center_axis',(0.,1.,0.));
#4946=DIRECTION('ref_axis',(1.,0.,0.));
#4947=DIRECTION('center_axis',(0.,1.,0.));
#4948=DIRECTION('ref_axis',(1.,0.,0.));
#4949=DIRECTION('',(-0.707106781186547,0.707106781186547,-8.65956056235493E-17));
#4950=DIRECTION('center_axis',(0.,1.,0.));
#4951=DIRECTION('ref_axis',(1.,0.,0.));
#4952=DIRECTION('center_axis',(0.,-1.,0.));
#4953=DIRECTION('ref_axis',(1.,0.,0.));
#4954=DIRECTION('center_axis',(0.,1.,0.));
#4955=DIRECTION('ref_axis',(1.,0.,0.));
#4956=DIRECTION('',(0.,1.,0.));
#4957=DIRECTION('center_axis',(0.,-1.,0.));
#4958=DIRECTION('ref_axis',(1.,0.,0.));
#4959=DIRECTION('center_axis',(0.,-1.,0.));
#4960=DIRECTION('ref_axis',(1.,0.,0.));
#4961=DIRECTION('',(0.,0.,-1.));
#4962=DIRECTION('center_axis',(0.,-1.,0.));
#4963=DIRECTION('ref_axis',(1.,0.,0.));
#4964=DIRECTION('center_axis',(0.,-1.,0.));
#4965=DIRECTION('ref_axis',(1.,0.,0.));
#4966=DIRECTION('',(0.,0.,-1.));
#4967=DIRECTION('center_axis',(0.,-1.,0.));
#4968=DIRECTION('ref_axis',(1.,0.,0.));
#4969=DIRECTION('center_axis',(0.,-1.,0.));
#4970=DIRECTION('ref_axis',(1.,0.,0.));
#4971=DIRECTION('',(0.,0.,-1.));
#4972=DIRECTION('center_axis',(1.,0.,0.));
#4973=DIRECTION('ref_axis',(0.,0.,-1.));
#4974=DIRECTION('',(0.,1.,0.));
#4975=DIRECTION('center_axis',(0.,1.,0.));
#4976=DIRECTION('ref_axis',(1.,0.,0.));
#4977=DIRECTION('',(0.,1.,0.));
#4978=DIRECTION('center_axis',(-1.,0.,0.));
#4979=DIRECTION('ref_axis',(0.,0.,1.));
#4980=DIRECTION('center_axis',(1.,0.,0.));
#4981=DIRECTION('ref_axis',(0.,0.,-1.));
#4982=DIRECTION('center_axis',(1.,0.,0.));
#4983=DIRECTION('ref_axis',(0.,0.,-1.));
#4984=DIRECTION('',(0.,1.,0.));
#4985=DIRECTION('center_axis',(0.,1.,0.));
#4986=DIRECTION('ref_axis',(1.,0.,0.));
#4987=DIRECTION('',(0.,1.,0.));
#4988=DIRECTION('center_axis',(-1.,0.,0.));
#4989=DIRECTION('ref_axis',(0.,0.,1.));
#4990=DIRECTION('center_axis',(1.,0.,0.));
#4991=DIRECTION('ref_axis',(0.,0.,-1.));
#4992=DIRECTION('center_axis',(1.,0.,0.));
#4993=DIRECTION('ref_axis',(0.,0.,-1.));
#4994=DIRECTION('',(0.,1.,0.));
#4995=DIRECTION('center_axis',(0.,1.,0.));
#4996=DIRECTION('ref_axis',(1.,0.,0.));
#4997=DIRECTION('',(0.,1.,0.));
#4998=DIRECTION('center_axis',(-1.,0.,0.));
#4999=DIRECTION('ref_axis',(0.,0.,1.));
#5000=DIRECTION('center_axis',(1.,0.,0.));
#5001=DIRECTION('ref_axis',(0.,0.,-1.));
#5002=DIRECTION('',(0.,1.,0.));
#5003=DIRECTION('center_axis',(0.,1.,0.));
#5004=DIRECTION('ref_axis',(1.,0.,0.));
#5005=DIRECTION('',(0.,1.,0.));
#5006=DIRECTION('center_axis',(-1.,0.,0.));
#5007=DIRECTION('ref_axis',(0.,0.,1.));
#5008=DIRECTION('center_axis',(1.,0.,0.));
#5009=DIRECTION('ref_axis',(0.,0.,-1.));
#5010=DIRECTION('center_axis',(1.,0.,0.));
#5011=DIRECTION('ref_axis',(0.,0.,-1.));
#5012=DIRECTION('',(0.,1.,0.));
#5013=DIRECTION('center_axis',(0.,1.,0.));
#5014=DIRECTION('ref_axis',(1.,0.,0.));
#5015=DIRECTION('',(0.,1.,0.));
#5016=DIRECTION('center_axis',(-1.,0.,0.));
#5017=DIRECTION('ref_axis',(0.,0.,1.));
#5018=DIRECTION('center_axis',(0.,-1.,0.));
#5019=DIRECTION('ref_axis',(1.,0.,0.));
#5020=DIRECTION('',(0.,0.,1.));
#5021=DIRECTION('',(1.,0.,0.));
#5022=DIRECTION('',(0.,0.,1.));
#5023=DIRECTION('center_axis',(-1.,0.,0.));
#5024=DIRECTION('ref_axis',(0.,-1.,0.));
#5025=DIRECTION('',(0.,-1.,0.));
#5026=DIRECTION('',(0.,0.,1.));
#5027=DIRECTION('center_axis',(0.,1.,0.));
#5028=DIRECTION('ref_axis',(-1.,0.,0.));
#5029=DIRECTION('',(-1.,0.,0.));
#5030=DIRECTION('',(0.,0.,1.));
#5031=DIRECTION('center_axis',(1.,0.,0.));
#5032=DIRECTION('ref_axis',(0.,1.,0.));
#5033=DIRECTION('',(0.,-1.,0.));
#5034=DIRECTION('',(0.,1.,0.));
#5035=DIRECTION('center_axis',(0.,0.,1.));
#5036=DIRECTION('ref_axis',(1.,0.,0.));
#5037=DIRECTION('center_axis',(0.,1.,0.));
#5038=DIRECTION('ref_axis',(-1.,0.,0.));
#5039=DIRECTION('',(0.,0.,1.));
#5040=DIRECTION('',(-1.,0.,0.));
#5041=DIRECTION('',(0.,0.,1.));
#5042=DIRECTION('center_axis',(1.,0.,0.));
#5043=DIRECTION('ref_axis',(0.,1.,0.));
#5044=DIRECTION('',(0.,1.,0.));
#5045=DIRECTION('',(0.,0.,1.));
#5046=DIRECTION('center_axis',(0.,-1.,0.));
#5047=DIRECTION('ref_axis',(1.,0.,0.));
#5048=DIRECTION('',(1.,0.,0.));
#5049=DIRECTION('',(0.,0.,1.));
#5050=DIRECTION('center_axis',(-1.,0.,0.));
#5051=DIRECTION('ref_axis',(0.,-1.,0.));
#5052=DIRECTION('',(0.,1.,0.));
#5053=DIRECTION('',(0.,-1.,0.));
#5054=DIRECTION('center_axis',(0.,0.,1.));
#5055=DIRECTION('ref_axis',(1.,0.,0.));
#5056=DIRECTION('center_axis',(-1.,0.,0.));
#5057=DIRECTION('ref_axis',(0.,-1.,0.));
#5058=DIRECTION('',(0.,1.,0.));
#5059=DIRECTION('',(0.,0.,1.));
#5060=DIRECTION('',(0.,-1.,0.));
#5061=DIRECTION('',(0.,0.,1.));
#5062=DIRECTION('center_axis',(0.,1.,0.));
#5063=DIRECTION('ref_axis',(-1.,0.,0.));
#5064=DIRECTION('',(-1.,0.,0.));
#5065=DIRECTION('',(0.,0.,1.));
#5066=DIRECTION('center_axis',(1.,0.,0.));
#5067=DIRECTION('ref_axis',(0.,1.,0.));
#5068=DIRECTION('',(0.,1.,0.));
#5069=DIRECTION('',(0.,0.,1.));
#5070=DIRECTION('center_axis',(0.,-1.,0.));
#5071=DIRECTION('ref_axis',(1.,0.,0.));
#5072=DIRECTION('',(1.,0.,0.));
#5073=DIRECTION('center_axis',(0.,0.,1.));
#5074=DIRECTION('ref_axis',(1.,0.,0.));
#5075=DIRECTION('center_axis',(-0.70710678118655,0.,0.707106781186545));
#5076=DIRECTION('ref_axis',(0.707106781186545,0.,0.70710678118655));
#5077=DIRECTION('',(-0.577350269189625,-0.577350269189625,-0.577350269189628));
#5078=DIRECTION('',(0.,-1.,0.));
#5079=DIRECTION('',(-0.577350269189625,0.577350269189625,-0.577350269189628));
#5080=DIRECTION('center_axis',(5.46119116063924E-17,-0.70710678118655,0.707106781186545));
#5081=DIRECTION('ref_axis',(1.,0.,-7.7232906060881E-17));
#5082=DIRECTION('',(0.577350269189626,-0.577350269189624,-0.577350269189628));
#5083=DIRECTION('',(1.,7.72329060608805E-17,0.));
#5084=DIRECTION('center_axis',(0.707106781186548,0.,0.707106781186547));
#5085=DIRECTION('ref_axis',(0.707106781186547,0.,-0.707106781186548));
#5086=DIRECTION('',(0.577350269189624,0.577350269189625,-0.577350269189628));
#5087=DIRECTION('',(0.,1.,0.));
#5088=DIRECTION('center_axis',(0.,0.707106781186549,0.707106781186546));
#5089=DIRECTION('ref_axis',(1.,0.,0.));
#5090=DIRECTION('',(-1.,0.,0.));
#5091=DIRECTION('center_axis',(0.,1.,0.));
#5092=DIRECTION('ref_axis',(-1.,0.,0.));
#5093=DIRECTION('',(0.,0.,1.));
#5094=DIRECTION('',(1.,0.,0.));
#5095=DIRECTION('',(0.,0.,1.));
#5096=DIRECTION('center_axis',(-1.,0.,0.));
#5097=DIRECTION('ref_axis',(0.,-1.,0.));
#5098=DIRECTION('',(0.,0.,1.));
#5099=DIRECTION('',(0.,1.,0.));
#5100=DIRECTION('center_axis',(-0.707106781186548,0.,0.707106781186547));
#5101=DIRECTION('ref_axis',(0.707106781186547,0.,0.707106781186548));
#5102=DIRECTION('',(0.707106781186547,0.,0.707106781186548));
#5103=DIRECTION('',(-0.707106781186547,0.,-0.707106781186548));
#5104=DIRECTION('',(0.,-1.,0.));
#5105=DIRECTION('center_axis',(0.,0.,-1.));
#5106=DIRECTION('ref_axis',(-0.707106781186548,-0.707106781186548,0.));
#5107=DIRECTION('center_axis',(0.,0.,1.));
#5108=DIRECTION('ref_axis',(-0.707106781186548,-0.707106781186547,0.));
#5109=DIRECTION('',(0.,0.707106781186548,0.707106781186547));
#5110=DIRECTION('center_axis',(0.,-0.707106781186547,0.707106781186548));
#5111=DIRECTION('ref_axis',(1.,0.,0.));
#5112=DIRECTION('center_axis',(0.,0.707106781186549,0.707106781186546));
#5113=DIRECTION('ref_axis',(1.,0.,0.));
#5114=DIRECTION('',(7.85046229341889E-16,-0.707106781186546,0.707106781186549));
#5115=DIRECTION('center_axis',(0.,0.,-1.));
#5116=DIRECTION('ref_axis',(-0.707106781186547,0.707106781186548,0.));
#5117=DIRECTION('center_axis',(0.,0.,1.));
#5118=DIRECTION('ref_axis',(-0.707106781186547,0.707106781186548,0.));
#5119=DIRECTION('center_axis',(0.,0.,-1.));
#5120=DIRECTION('ref_axis',(0.707106781186546,-0.707106781186549,0.));
#5121=DIRECTION('center_axis',(0.,0.,-1.));
#5122=DIRECTION('ref_axis',(0.707106781186546,-0.707106781186549,0.));
#5123=DIRECTION('',(0.,0.,1.));
#5124=DIRECTION('center_axis',(0.,0.,-1.));
#5125=DIRECTION('ref_axis',(-0.707106781186548,-0.707106781186547,0.));
#5126=DIRECTION('',(0.,0.,-1.));
#5127=DIRECTION('center_axis',(0.,0.,-1.));
#5128=DIRECTION('ref_axis',(-0.707106781186548,-0.707106781186547,0.));
#5129=DIRECTION('center_axis',(-1.,0.,0.));
#5130=DIRECTION('ref_axis',(0.,1.,0.));
#5131=DIRECTION('',(0.,0.,1.));
#5132=DIRECTION('',(0.,1.,0.));
#5133=DIRECTION('',(0.,1.,0.));
#5134=DIRECTION('center_axis',(-1.,0.,0.));
#5135=DIRECTION('ref_axis',(0.,-1.,-3.70074341541719E-16));
#5136=DIRECTION('',(0.,0.,1.));
#5137=DIRECTION('center_axis',(-1.,0.,0.));
#5138=DIRECTION('ref_axis',(0.,0.,-1.));
#5139=DIRECTION('',(0.,-1.,1.59974497151345E-16));
#5140=DIRECTION('center_axis',(-1.,0.,0.));
#5141=DIRECTION('ref_axis',(0.,1.,0.));
#5142=DIRECTION('',(0.,3.82835515236189E-15,-1.));
#5143=DIRECTION('center_axis',(-1.,0.,0.));
#5144=DIRECTION('ref_axis',(0.,2.96059473233375E-15,1.));
#5145=DIRECTION('center_axis',(-1.,0.,0.));
#5146=DIRECTION('ref_axis',(0.,-1.,0.));
#5147=DIRECTION('center_axis',(-1.,0.,0.));
#5148=DIRECTION('ref_axis',(0.,-1.,0.));
#5149=DIRECTION('center_axis',(-0.707106781186548,0.,-0.707106781186547));
#5150=DIRECTION('ref_axis',(-0.707106781186547,0.,0.707106781186548));
#5151=DIRECTION('',(-0.707106781186547,0.,0.707106781186548));
#5152=DIRECTION('',(0.707106781186547,0.,-0.707106781186548));
#5153=DIRECTION('',(0.,-1.,0.));
#5154=DIRECTION('center_axis',(-1.,0.,0.));
#5155=DIRECTION('ref_axis',(0.,-1.,-3.70074341541719E-16));
#5156=DIRECTION('',(-0.707106781186549,-0.707106781186546,0.));
#5157=DIRECTION('center_axis',(1.,0.,0.));
#5158=DIRECTION('ref_axis',(0.,-1.,-3.70074341541719E-16));
#5159=DIRECTION('center_axis',(-0.707106781186546,0.707106781186549,0.));
#5160=DIRECTION('ref_axis',(0.,0.,1.));
#5161=DIRECTION('',(-0.707106781186549,-0.707106781186546,0.));
#5162=DIRECTION('',(0.,0.,-1.));
#5163=DIRECTION('center_axis',(-1.,0.,0.));
#5164=DIRECTION('ref_axis',(0.,0.,-1.));
#5165=DIRECTION('',(-0.707106781186548,0.,-0.707106781186547));
#5166=DIRECTION('center_axis',(1.,0.,0.));
#5167=DIRECTION('ref_axis',(0.,0.,-1.));
#5168=DIRECTION('center_axis',(-0.707106781186548,1.13119051752624E-16,
0.707106781186547));
#5169=DIRECTION('ref_axis',(0.707106781186547,0.,0.707106781186548));
#5170=DIRECTION('',(-0.707106781186546,0.,-0.707106781186549));
#5171=DIRECTION('',(0.,1.,-1.59974497151345E-16));
#5172=DIRECTION('center_axis',(-1.,0.,0.));
#5173=DIRECTION('ref_axis',(0.,1.,0.));
#5174=DIRECTION('',(-0.707106781186549,0.707106781186546,0.));
#5175=DIRECTION('center_axis',(1.,0.,0.));
#5176=DIRECTION('ref_axis',(0.,1.,0.));
#5177=DIRECTION('center_axis',(-0.707106781186543,-0.707106781186552,-2.70705588902557E-15));
#5178=DIRECTION('ref_axis',(-3.82835515236193E-15,0.,1.));
#5179=DIRECTION('',(-0.707106781186552,0.707106781186543,3.14018491736757E-15));
#5180=DIRECTION('',(0.,-3.82835515236189E-15,1.));
#5181=DIRECTION('center_axis',(-1.,0.,0.));
#5182=DIRECTION('ref_axis',(0.,2.96059473233375E-15,1.));
#5183=DIRECTION('center_axis',(1.,0.,0.));
#5184=DIRECTION('ref_axis',(0.,2.96059473233375E-15,1.));
#5185=DIRECTION('center_axis',(1.,0.,0.));
#5186=DIRECTION('ref_axis',(0.,0.,-1.));
#5187=DIRECTION('',(1.,0.,0.));
#5188=DIRECTION('center_axis',(-1.,0.,0.));
#5189=DIRECTION('ref_axis',(0.,0.,-1.));
#5190=DIRECTION('',(1.,0.,0.));
#5191=DIRECTION('center_axis',(0.,-1.,0.));
#5192=DIRECTION('ref_axis',(0.,0.,-1.));
#5193=DIRECTION('',(1.,0.,0.));
#5194=DIRECTION('',(0.,0.,1.));
#5195=DIRECTION('center_axis',(1.,0.,0.));
#5196=DIRECTION('ref_axis',(0.,-1.,-3.70074341541719E-16));
#5197=DIRECTION('',(1.,0.,0.));
#5198=DIRECTION('center_axis',(-1.,0.,0.));
#5199=DIRECTION('ref_axis',(0.,-1.,-3.70074341541719E-16));
#5200=DIRECTION('center_axis',(0.,0.,1.));
#5201=DIRECTION('ref_axis',(0.,-1.,0.));
#5202=DIRECTION('',(1.,0.,0.));
#5203=DIRECTION('',(0.,1.,0.));
#5204=DIRECTION('center_axis',(-1.,0.,0.));
#5205=DIRECTION('ref_axis',(0.,-1.,0.));
#5206=DIRECTION('',(0.707106781186547,-0.707106781186548,8.65956056235494E-17));
#5207=DIRECTION('center_axis',(1.,0.,0.));
#5208=DIRECTION('ref_axis',(0.,-1.,0.));
#5209=DIRECTION('center_axis',(1.,0.,0.));
#5210=DIRECTION('ref_axis',(0.,-1.,0.));
#5211=DIRECTION('',(1.,0.,0.));
#5212=DIRECTION('center_axis',(-1.,0.,0.));
#5213=DIRECTION('ref_axis',(0.,-1.,0.));
#5214=DIRECTION('center_axis',(-1.,0.,0.));
#5215=DIRECTION('ref_axis',(0.,-1.,0.));
#5216=DIRECTION('',(0.707106781186548,-0.707106781186548,8.65956056235494E-17));
#5217=DIRECTION('center_axis',(1.,0.,0.));
#5218=DIRECTION('ref_axis',(0.,-1.,0.));
#5219=DIRECTION('center_axis',(1.,0.,0.));
#5220=DIRECTION('ref_axis',(0.,-1.,0.));
#5221=DIRECTION('',(1.,0.,0.));
#5222=DIRECTION('center_axis',(-1.,0.,0.));
#5223=DIRECTION('ref_axis',(0.,-1.,0.));
#5224=DIRECTION('center_axis',(1.,0.,0.));
#5225=DIRECTION('ref_axis',(0.,2.96059473233375E-15,1.));
#5226=DIRECTION('',(1.,0.,0.));
#5227=DIRECTION('center_axis',(-1.,0.,0.));
#5228=DIRECTION('ref_axis',(0.,2.96059473233375E-15,1.));
#5229=DIRECTION('center_axis',(0.,1.,3.82835515236189E-15));
#5230=DIRECTION('ref_axis',(0.,-3.82835515236189E-15,1.));
#5231=DIRECTION('',(1.,0.,0.));
#5232=DIRECTION('',(0.,3.82835515236189E-15,-1.));
#5233=DIRECTION('center_axis',(1.,0.,0.));
#5234=DIRECTION('ref_axis',(0.,1.,0.));
#5235=DIRECTION('',(1.,0.,0.));
#5236=DIRECTION('center_axis',(-1.,0.,0.));
#5237=DIRECTION('ref_axis',(0.,1.,0.));
#5238=DIRECTION('center_axis',(0.,-1.59974497151345E-16,-1.));
#5239=DIRECTION('ref_axis',(0.,1.,-1.59974497151345E-16));
#5240=DIRECTION('',(0.,-1.,1.59974497151345E-16));
#5241=DIRECTION('center_axis',(0.,0.,1.));
#5242=DIRECTION('ref_axis',(-1.,0.,0.));
#5243=DIRECTION('center_axis',(0.,0.,-1.));
#5244=DIRECTION('ref_axis',(-1.,0.,0.));
#5245=DIRECTION('',(0.,0.,-1.));
#5246=DIRECTION('center_axis',(0.,0.,1.));
#5247=DIRECTION('ref_axis',(-1.,0.,0.));
#5248=DIRECTION('center_axis',(0.,1.,0.));
#5249=DIRECTION('ref_axis',(-1.,0.,0.));
#5250=DIRECTION('',(1.,0.,0.));
#5251=DIRECTION('',(0.,0.,-1.));
#5252=DIRECTION('',(-1.,0.,0.));
#5253=DIRECTION('',(0.,0.,1.));
#5254=DIRECTION('center_axis',(0.,0.,1.));
#5255=DIRECTION('ref_axis',(-1.,0.,0.));
#5256=DIRECTION('center_axis',(0.,0.,-1.));
#5257=DIRECTION('ref_axis',(-1.,0.,0.));
#5258=DIRECTION('center_axis',(0.,0.,1.));
#5259=DIRECTION('ref_axis',(-1.,0.,0.));
#5260=DIRECTION('',(0.,0.,1.));
#5261=DIRECTION('center_axis',(-1.,0.,0.));
#5262=DIRECTION('ref_axis',(0.,-1.,0.));
#5263=DIRECTION('',(0.,1.,0.));
#5264=DIRECTION('',(0.,-1.,0.));
#5265=DIRECTION('center_axis',(1.,0.,0.));
#5266=DIRECTION('ref_axis',(0.,1.,0.));
#5267=DIRECTION('',(0.,1.,0.));
#5268=DIRECTION('',(0.,0.,1.));
#5269=DIRECTION('center_axis',(0.,0.,1.));
#5270=DIRECTION('ref_axis',(0.721266770431257,-0.692657379857938,0.));
#5271=DIRECTION('center_axis',(0.,0.,1.));
#5272=DIRECTION('ref_axis',(-1.,0.,0.));
#5273=DIRECTION('',(0.,0.,1.));
#5274=DIRECTION('center_axis',(0.,-1.,0.));
#5275=DIRECTION('ref_axis',(1.,0.,0.));
#5276=DIRECTION('',(1.,0.,0.));
#5277=DIRECTION('',(0.,0.,1.));
#5278=DIRECTION('center_axis',(0.,0.,1.));
#5279=DIRECTION('ref_axis',(-1.,0.,0.));
#5280=DIRECTION('',(0.,1.,0.));
#5281=DIRECTION('center_axis',(1.,0.,0.));
#5282=DIRECTION('ref_axis',(0.,1.,0.));
#5283=DIRECTION('',(0.,-1.,0.));
#5284=DIRECTION('',(0.,0.,-1.));
#5285=DIRECTION('',(0.,0.,1.));
#5286=DIRECTION('',(0.,-1.,0.));
#5287=DIRECTION('',(0.,0.,1.));
#5288=DIRECTION('',(0.,1.,0.));
#5289=DIRECTION('',(0.,0.,-1.));
#5290=DIRECTION('center_axis',(0.,0.,1.));
#5291=DIRECTION('ref_axis',(1.,0.,0.));
#5292=DIRECTION('center_axis',(0.,0.,1.));
#5293=DIRECTION('ref_axis',(-0.707106781186547,0.707106781186548,0.));
#5294=DIRECTION('center_axis',(0.,0.,1.));
#5295=DIRECTION('ref_axis',(1.,0.,0.));
#5296=DIRECTION('center_axis',(0.,0.,1.));
#5297=DIRECTION('ref_axis',(-1.,0.,0.));
#5298=DIRECTION('center_axis',(0.,0.,-1.));
#5299=DIRECTION('ref_axis',(-1.,0.,0.));
#5300=DIRECTION('',(0.,0.,-1.));
#5301=DIRECTION('center_axis',(0.,0.,1.));
#5302=DIRECTION('ref_axis',(-1.,0.,0.));
#5303=DIRECTION('center_axis',(0.,1.,0.));
#5304=DIRECTION('ref_axis',(-1.,0.,0.));
#5305=DIRECTION('',(1.,0.,0.));
#5306=DIRECTION('',(0.,0.,1.));
#5307=DIRECTION('',(-1.,0.,0.));
#5308=DIRECTION('center_axis',(0.,-1.,0.));
#5309=DIRECTION('ref_axis',(1.,0.,0.));
#5310=DIRECTION('',(1.,0.,0.));
#5311=DIRECTION('',(0.,0.,1.));
#5312=DIRECTION('center_axis',(0.,0.,1.));
#5313=DIRECTION('ref_axis',(-1.,0.,0.));
#5314=DIRECTION('center_axis',(0.,0.,1.));
#5315=DIRECTION('ref_axis',(-1.,0.,0.));
#5316=DIRECTION('',(0.,0.,1.));
#5317=DIRECTION('center_axis',(-1.,0.,0.));
#5318=DIRECTION('ref_axis',(0.,-1.,0.));
#5319=DIRECTION('',(0.,-1.,0.));
#5320=DIRECTION('center_axis',(1.,0.,0.));
#5321=DIRECTION('ref_axis',(0.,1.,0.));
#5322=DIRECTION('',(0.,-1.,0.));
#5323=DIRECTION('',(0.,1.,0.));
#5324=DIRECTION('',(0.,0.,1.));
#5325=DIRECTION('center_axis',(0.,0.,1.));
#5326=DIRECTION('ref_axis',(-1.,0.,0.));
#5327=DIRECTION('center_axis',(0.,0.,-1.));
#5328=DIRECTION('ref_axis',(-1.,0.,0.));
#5329=DIRECTION('center_axis',(0.,0.,1.));
#5330=DIRECTION('ref_axis',(-1.,0.,0.));
#5331=DIRECTION('center_axis',(0.,0.,1.));
#5332=DIRECTION('ref_axis',(-1.,0.,0.));
#5333=DIRECTION('center_axis',(0.,0.,1.));
#5334=DIRECTION('ref_axis',(1.,0.,0.));
#5335=DIRECTION('center_axis',(0.,0.,1.));
#5336=DIRECTION('ref_axis',(1.,0.,0.));
#5337=DIRECTION('center_axis',(0.,1.,0.));
#5338=DIRECTION('ref_axis',(-1.,0.,0.));
#5339=DIRECTION('',(-1.,0.,0.));
#5340=DIRECTION('',(0.,0.,1.));
#5341=DIRECTION('center_axis',(1.,0.,0.));
#5342=DIRECTION('ref_axis',(0.,1.,0.));
#5343=DIRECTION('',(0.,1.,0.));
#5344=DIRECTION('center_axis',(-1.,0.,0.));
#5345=DIRECTION('ref_axis',(0.,-1.,0.));
#5346=DIRECTION('',(0.,1.,0.));
#5347=DIRECTION('',(0.,-1.,0.));
#5348=DIRECTION('',(0.,0.,1.));
#5349=DIRECTION('center_axis',(0.,-1.,0.));
#5350=DIRECTION('ref_axis',(1.,0.,0.));
#5351=DIRECTION('',(-1.,0.,0.));
#5352=DIRECTION('',(1.,0.,0.));
#5353=DIRECTION('center_axis',(0.,0.,1.));
#5354=DIRECTION('ref_axis',(1.,0.,0.));
#5355=DIRECTION('center_axis',(0.,0.,1.));
#5356=DIRECTION('ref_axis',(-1.,0.,0.));
#5357=DIRECTION('center_axis',(0.,0.,-1.));
#5358=DIRECTION('ref_axis',(-1.,0.,0.));
#5359=DIRECTION('',(0.,0.,-1.));
#5360=DIRECTION('center_axis',(0.,0.,1.));
#5361=DIRECTION('ref_axis',(-1.,0.,0.));
#5362=DIRECTION('center_axis',(0.,1.,0.));
#5363=DIRECTION('ref_axis',(-1.,0.,0.));
#5364=DIRECTION('',(0.,0.,1.));
#5365=DIRECTION('',(-1.,0.,0.));
#5366=DIRECTION('center_axis',(0.,-1.,0.));
#5367=DIRECTION('ref_axis',(1.,0.,0.));
#5368=DIRECTION('',(-1.,0.,0.));
#5369=DIRECTION('',(1.,0.,0.));
#5370=DIRECTION('',(0.,0.,1.));
#5371=DIRECTION('center_axis',(0.,0.,1.));
#5372=DIRECTION('ref_axis',(-1.,0.,0.));
#5373=DIRECTION('center_axis',(0.,0.,-1.));
#5374=DIRECTION('ref_axis',(-1.,0.,0.));
#5375=DIRECTION('center_axis',(0.,0.,1.));
#5376=DIRECTION('ref_axis',(-1.,0.,0.));
#5377=DIRECTION('',(0.,0.,1.));
#5378=DIRECTION('center_axis',(1.,0.,0.));
#5379=DIRECTION('ref_axis',(0.,1.,0.));
#5380=DIRECTION('',(0.,-1.,0.));
#5381=DIRECTION('',(0.,1.,0.));
#5382=DIRECTION('center_axis',(-1.,0.,0.));
#5383=DIRECTION('ref_axis',(0.,-1.,0.));
#5384=DIRECTION('',(0.,-1.,0.));
#5385=DIRECTION('',(0.,0.,1.));
#5386=DIRECTION('center_axis',(0.,0.,1.));
#5387=DIRECTION('ref_axis',(-1.,0.,0.));
#5388=DIRECTION('center_axis',(0.,0.,1.));
#5389=DIRECTION('ref_axis',(-1.,0.,0.));
#5390=DIRECTION('center_axis',(0.,0.,1.));
#5391=DIRECTION('ref_axis',(-1.,0.,0.));
#5392=DIRECTION('center_axis',(0.,0.,1.));
#5393=DIRECTION('ref_axis',(1.,0.,0.));
#5394=DIRECTION('center_axis',(0.,0.,1.));
#5395=DIRECTION('ref_axis',(-0.707106781186548,-0.707106781186547,0.));
#5396=DIRECTION('center_axis',(0.,0.,1.));
#5397=DIRECTION('ref_axis',(1.,0.,0.));
#5398=DIRECTION('center_axis',(-0.707106781186549,0.,-0.707106781186546));
#5399=DIRECTION('ref_axis',(-0.707106781186546,0.,0.707106781186549));
#5400=DIRECTION('',(0.,-1.,0.));
#5401=DIRECTION('',(-0.577350269189624,0.577350269189626,0.577350269189626));
#5402=DIRECTION('',(0.,1.,0.));
#5403=DIRECTION('',(-0.577350269189623,-0.577350269189629,0.577350269189625));
#5404=DIRECTION('center_axis',(0.,0.707106781186548,-0.707106781186548));
#5405=DIRECTION('ref_axis',(-1.,0.,0.));
#5406=DIRECTION('',(-1.,0.,0.));
#5407=DIRECTION('',(0.577350269189626,0.577350269189626,0.577350269189625));
#5408=DIRECTION('',(1.,0.,0.));
#5409=DIRECTION('center_axis',(0.707106781186547,0.,-0.707106781186548));
#5410=DIRECTION('ref_axis',(-0.707106781186548,0.,-0.707106781186547));
#5411=DIRECTION('',(0.,1.,0.));
#5412=DIRECTION('',(0.577350269189626,-0.577350269189626,0.577350269189625));
#5413=DIRECTION('',(0.,-1.,0.));
#5414=DIRECTION('center_axis',(0.,-0.707106781186547,-0.707106781186548));
#5415=DIRECTION('ref_axis',(-1.,0.,0.));
#5416=DIRECTION('',(-1.,0.,0.));
#5417=DIRECTION('',(1.,0.,0.));
#5418=DIRECTION('center_axis',(0.,0.,-1.));
#5419=DIRECTION('ref_axis',(-1.,0.,0.));
#5420=DIRECTION('',(1.,0.,0.));
#5421=DIRECTION('center_axis',(0.,0.,1.));
#5422=DIRECTION('ref_axis',(-0.707106781186548,-0.707106781186547,0.));
#5423=DIRECTION('',(0.,-1.,0.));
#5424=DIRECTION('center_axis',(0.,0.,1.));
#5425=DIRECTION('ref_axis',(-0.707106781186547,0.707106781186548,0.));
#5426=DIRECTION('',(-1.,0.,0.));
#5427=DIRECTION('center_axis',(0.,0.,1.));
#5428=DIRECTION('ref_axis',(0.707106781186549,0.707106781186546,0.));
#5429=DIRECTION('',(0.,1.,0.));
#5430=DIRECTION('center_axis',(0.,0.,1.));
#5431=DIRECTION('ref_axis',(0.707106781186546,-0.707106781186549,0.));
#5432=DIRECTION('center_axis',(0.,-0.707106781186548,-0.707106781186547));
#5433=DIRECTION('ref_axis',(-1.,0.,0.));
#5434=DIRECTION('',(0.,0.707106781186547,-0.707106781186548));
#5435=DIRECTION('',(0.,-0.707106781186547,0.707106781186548));
#5436=DIRECTION('center_axis',(0.,0.,1.));
#5437=DIRECTION('ref_axis',(-0.707106781186548,-0.707106781186547,0.));
#5438=DIRECTION('',(0.707106781186548,1.96261557335472E-16,-0.707106781186547));
#5439=DIRECTION('center_axis',(-0.707106781186548,0.,-0.707106781186547));
#5440=DIRECTION('ref_axis',(-0.707106781186547,0.,0.707106781186548));
#5441=DIRECTION('',(0.707106781186547,0.,-0.707106781186548));
#5442=DIRECTION('center_axis',(0.,0.,1.));
#5443=DIRECTION('ref_axis',(-0.707106781186547,0.707106781186548,0.));
#5444=DIRECTION('center_axis',(0.,0.,-1.));
#5445=DIRECTION('ref_axis',(-0.707106781186547,0.707106781186548,0.));
#5446=DIRECTION('',(1.96261557335472E-16,-0.707106781186546,-0.707106781186549));
#5447=DIRECTION('center_axis',(0.,0.707106781186549,-0.707106781186546));
#5448=DIRECTION('ref_axis',(-1.,0.,0.));
#5449=DIRECTION('',(0.,-0.707106781186546,-0.707106781186549));
#5450=DIRECTION('center_axis',(0.,0.,1.));
#5451=DIRECTION('ref_axis',(0.707106781186549,0.707106781186546,0.));
#5452=DIRECTION('',(-0.707106781186546,0.,-0.707106781186549));
#5453=DIRECTION('center_axis',(0.707106781186549,0.,-0.707106781186546));
#5454=DIRECTION('ref_axis',(-0.707106781186546,0.,-0.707106781186549));
#5455=DIRECTION('',(-0.707106781186546,1.57009245868378E-15,-0.707106781186549));
#5456=DIRECTION('',(0.,-1.,0.));
#5457=DIRECTION('center_axis',(0.,0.,1.));
#5458=DIRECTION('ref_axis',(0.707106781186546,-0.707106781186549,0.));
#5459=DIRECTION('center_axis',(0.,0.,1.));
#5460=DIRECTION('ref_axis',(-0.707106781186547,0.707106781186548,0.));
#5461=DIRECTION('center_axis',(0.,0.,1.));
#5462=DIRECTION('ref_axis',(-0.707106781186548,-0.707106781186547,0.));
#5463=DIRECTION('center_axis',(0.,0.,1.));
#5464=DIRECTION('ref_axis',(1.,0.,0.));
#5465=DIRECTION('center_axis',(0.,0.,1.));
#5466=DIRECTION('ref_axis',(-0.707106781186547,0.707106781186548,0.));
#5467=DIRECTION('center_axis',(1.,0.,0.));
#5468=DIRECTION('ref_axis',(0.,-1.,0.));
#5469=DIRECTION('center_axis',(7.72329060608805E-17,-1.,0.));
#5470=DIRECTION('ref_axis',(1.,7.72329060608805E-17,0.));
#5471=DIRECTION('',(0.,0.,1.));
#5472=DIRECTION('',(-1.,-7.72329060608805E-17,0.));
#5473=DIRECTION('center_axis',(1.,0.,0.));
#5474=DIRECTION('ref_axis',(0.,1.,0.));
#5475=DIRECTION('',(0.,-1.,0.));
#5476=DIRECTION('center_axis',(0.,0.,-1.));
#5477=DIRECTION('ref_axis',(1.,0.,0.));
#5478=DIRECTION('',(0.,0.,1.));
#5479=DIRECTION('',(1.,0.,0.));
#5480=CARTESIAN_POINT('',(0.,0.,0.));
#5481=CARTESIAN_POINT('',(0.,0.,0.));
#5482=CARTESIAN_POINT('Origin',(95.487477774956,17.7520065298087,-7.2));
#5483=CARTESIAN_POINT('',(96.987477774956,16.4291308742765,6.8));
#5484=CARTESIAN_POINT('',(96.987477774956,19.074882185341,6.8));
#5485=CARTESIAN_POINT('Origin',(95.487477774956,17.7520065298087,6.8));
#5486=CARTESIAN_POINT('',(96.987477774956,19.074882185341,-7.2));
#5487=CARTESIAN_POINT('',(96.987477774956,19.074882185341,-7.2));
#5488=CARTESIAN_POINT('',(96.987477774956,16.4291308742765,-7.2));
#5489=CARTESIAN_POINT('Origin',(95.487477774956,17.7520065298087,-7.2));
#5490=CARTESIAN_POINT('',(96.987477774956,16.4291308742765,-7.2));
#5491=CARTESIAN_POINT('Origin',(95.487477774956,17.7520065298087,-7.2));
#5492=CARTESIAN_POINT('',(96.387477774956,17.7520065298087,6.8));
#5493=CARTESIAN_POINT('Origin',(95.487477774956,17.7520065298087,6.8));
#5494=CARTESIAN_POINT('',(96.387477774956,17.7520065298087,-7.2));
#5495=CARTESIAN_POINT('',(96.387477774956,17.7520065298087,-7.2));
#5496=CARTESIAN_POINT('Origin',(95.487477774956,17.7520065298087,-7.2));
#5497=CARTESIAN_POINT('Origin',(96.987477774956,39.3499996010214,-7.2));
#5498=CARTESIAN_POINT('',(96.987477774956,37.3499996010214,6.8));
#5499=CARTESIAN_POINT('',(96.987477774956,28.5999996010214,6.8));
#5500=CARTESIAN_POINT('',(96.987477774956,37.3499996010214,-7.2));
#5501=CARTESIAN_POINT('',(96.987477774956,37.3499996010214,-7.2));
#5502=CARTESIAN_POINT('',(96.987477774956,36.657373567892,-7.2));
#5503=CARTESIAN_POINT('',(96.987477774956,28.5999996010214,-7.2));
#5504=CARTESIAN_POINT('',(96.987477774956,36.657373567892,0.));
#5505=CARTESIAN_POINT('',(96.987477774956,36.657373567892,-7.2));
#5506=CARTESIAN_POINT('',(96.987477774956,35.157373567892,0.));
#5507=CARTESIAN_POINT('',(96.987477774956,37.9977676713021,0.));
#5508=CARTESIAN_POINT('',(96.987477774956,35.157373567892,-7.2));
#5509=CARTESIAN_POINT('',(96.987477774956,35.157373567892,-7.2));
#5510=CARTESIAN_POINT('',(96.987477774956,28.5999996010214,-7.2));
#5511=CARTESIAN_POINT('Origin',(96.987477774956,39.3499996010214,-7.2));
#5512=CARTESIAN_POINT('',(96.987477774956,2.72490479190451,-7.2));
#5513=CARTESIAN_POINT('',(96.987477774956,28.5999996010214,-7.2));
#5514=CARTESIAN_POINT('',(96.987477774956,2.72490479190451,0.));
#5515=CARTESIAN_POINT('',(96.987477774956,2.72490479190451,-7.2));
#5516=CARTESIAN_POINT('',(96.987477774956,1.22490479190451,0.));
#5517=CARTESIAN_POINT('',(96.987477774956,19.770500716768,0.));
#5518=CARTESIAN_POINT('',(96.987477774956,1.22490479190451,-7.2));
#5519=CARTESIAN_POINT('',(96.987477774956,1.22490479190451,-7.2));
#5520=CARTESIAN_POINT('',(96.987477774956,-1.6500003989786,-7.2));
#5521=CARTESIAN_POINT('',(96.987477774956,28.5999996010214,-7.2));
#5522=CARTESIAN_POINT('',(96.987477774956,-1.6500003989786,6.8));
#5523=CARTESIAN_POINT('',(96.987477774956,-1.6500003989786,-7.2));
#5524=CARTESIAN_POINT('',(96.987477774956,28.5999996010214,6.8));
#5525=CARTESIAN_POINT('Origin',(48.000088900178,17.8499996010214,-7.2));
#5526=CARTESIAN_POINT('',(88.7082326898152,35.157373567892,-7.2));
#5527=CARTESIAN_POINT('',(68.3541607949966,35.157373567892,-7.2));
#5528=CARTESIAN_POINT('',(86.1330364094785,37.8010646538086,-7.2));
#5529=CARTESIAN_POINT('Origin',(86.868173736347,35.941071882144,-7.2));
#5530=CARTESIAN_POINT('',(86.1330364094785,39.3499996010214,-7.2));
#5531=CARTESIAN_POINT('',(86.1330364094785,28.5999996010214,-7.2));
#5532=CARTESIAN_POINT('',(83.018161036322,39.3499996010214,-7.2));
#5533=CARTESIAN_POINT('',(23.506394462789,39.3499996010214,-7.2));
#5534=CARTESIAN_POINT('',(83.018161036322,41.3499996010214,-7.2));
#5535=CARTESIAN_POINT('',(83.018161036322,39.3499996010214,-7.2));
#5536=CARTESIAN_POINT('',(82.018161036322,41.3499996010214,-7.2));
#5537=CARTESIAN_POINT('',(40.015430530861,41.3499996010214,-7.2));
#5538=CARTESIAN_POINT('',(82.018161036322,39.9499996010214,-7.2));
#5539=CARTESIAN_POINT('',(82.018161036322,39.3499996010214,-7.2));
#5540=CARTESIAN_POINT('',(79.018161036322,39.9499996010214,-7.2));
#5541=CARTESIAN_POINT('',(82.0384002681388,39.9499996010214,-7.2));
#5542=CARTESIAN_POINT('',(79.018161036322,41.3499996010214,-7.2));
#5543=CARTESIAN_POINT('',(79.018161036322,39.3499996010214,-7.2));
#5544=CARTESIAN_POINT('',(78.018161036322,41.3499996010214,-7.2));
#5545=CARTESIAN_POINT('',(38.015430530861,41.3499996010214,-7.2));
#5546=CARTESIAN_POINT('',(78.018161036322,39.3499996010214,-7.2));
#5547=CARTESIAN_POINT('',(78.018161036322,39.3499996010214,-7.2));
#5548=CARTESIAN_POINT('',(74.636161036322,39.3499996010214,-7.2));
#5549=CARTESIAN_POINT('',(23.506394462789,39.3499996010214,-7.2));
#5550=CARTESIAN_POINT('',(74.636161036322,41.3499996010214,-7.2));
#5551=CARTESIAN_POINT('',(74.636161036322,39.3499996010214,-7.2));
#5552=CARTESIAN_POINT('',(73.636161036322,41.3499996010214,-7.2));
#5553=CARTESIAN_POINT('',(35.824430530861,41.3499996010214,-7.2));
#5554=CARTESIAN_POINT('',(73.636161036322,39.3499996010214,-7.2));
#5555=CARTESIAN_POINT('',(73.636161036322,39.3499996010214,-7.2));
#5556=CARTESIAN_POINT('',(70.636161036322,39.3499996010214,-7.2));
#5557=CARTESIAN_POINT('',(23.506394462789,39.3499996010214,-7.2));
#5558=CARTESIAN_POINT('',(70.636161036322,41.3499996010214,-7.2));
#5559=CARTESIAN_POINT('',(70.636161036322,39.3499996010214,-7.2));
#5560=CARTESIAN_POINT('',(69.636161036322,41.3499996010214,-7.2));
#5561=CARTESIAN_POINT('',(33.824430530861,41.3499996010214,-7.2));
#5562=CARTESIAN_POINT('',(69.636161036322,39.3499996010214,-7.2));
#5563=CARTESIAN_POINT('',(69.636161036322,39.3499996010214,-7.2));
#5564=CARTESIAN_POINT('',(66.254127508255,39.3499996010214,-7.2));
#5565=CARTESIAN_POINT('',(23.506394462789,39.3499996010214,-7.2));
#5566=CARTESIAN_POINT('',(66.254127508255,41.3499996010214,-7.2));
#5567=CARTESIAN_POINT('',(66.254127508255,39.3499996010214,-7.2));
#5568=CARTESIAN_POINT('',(65.254127508255,41.3499996010214,-7.2));
#5569=CARTESIAN_POINT('',(31.6334137668275,41.3499996010214,-7.2));
#5570=CARTESIAN_POINT('',(65.254127508255,39.9499996010214,-7.19999983906746));
#5571=CARTESIAN_POINT('',(65.254127508255,39.3499996010214,-7.2));
#5572=CARTESIAN_POINT('',(62.254127508255,39.9499996010214,-7.19999983906746));
#5573=CARTESIAN_POINT('',(62.2499986086041,39.9499996010214,-7.19999983906746));
#5574=CARTESIAN_POINT('',(62.254127508255,41.3499996010214,-7.2));
#5575=CARTESIAN_POINT('',(62.254127508255,39.3499996010214,-7.2));
#5576=CARTESIAN_POINT('',(61.254127508255,41.3499996010214,-7.2));
#5577=CARTESIAN_POINT('',(29.6334137668275,41.3499996010214,-7.2));
#5578=CARTESIAN_POINT('',(61.254127508255,39.3499996010214,-7.2));
#5579=CARTESIAN_POINT('',(61.254127508255,39.3499996010214,-7.2));
#5580=CARTESIAN_POINT('',(36.282067564135,39.3499996010214,-7.2));
#5581=CARTESIAN_POINT('',(23.506394462789,39.3499996010214,-7.2));
#5582=CARTESIAN_POINT('',(36.282067564135,41.3499996010214,-7.2));
#5583=CARTESIAN_POINT('',(36.282067564135,39.3499996010214,-7.2));
#5584=CARTESIAN_POINT('',(35.282067564135,41.3499996010214,-7.2));
#5585=CARTESIAN_POINT('',(16.6473837947675,41.3499996010214,-7.2));
#5586=CARTESIAN_POINT('',(35.282067564135,39.9499996010214,-7.19999983906746));
#5587=CARTESIAN_POINT('',(35.282067564135,39.3499996010214,-7.2));
#5588=CARTESIAN_POINT('',(32.282067564135,39.9499996010214,-7.19999983906746));
#5589=CARTESIAN_POINT('',(32.2591655463742,39.9499996010214,-7.19999983906746));
#5590=CARTESIAN_POINT('',(32.282067564135,41.3499996010214,-7.2));
#5591=CARTESIAN_POINT('',(32.282067564135,39.3499996010214,-7.2));
#5592=CARTESIAN_POINT('',(31.282067564135,41.3499996010214,-7.2));
#5593=CARTESIAN_POINT('',(14.6473837947675,41.3499996010214,-7.2));
#5594=CARTESIAN_POINT('',(31.282067564135,39.3499996010214,-7.2));
#5595=CARTESIAN_POINT('',(31.282067564135,39.3499996010214,-7.2));
#5596=CARTESIAN_POINT('',(27.900050800102,39.3499996010214,-7.2));
#5597=CARTESIAN_POINT('',(23.506394462789,39.3499996010214,-7.2));
#5598=CARTESIAN_POINT('',(27.900050800102,41.3499996010214,-7.2));
#5599=CARTESIAN_POINT('',(27.900050800102,39.3499996010214,-7.2));
#5600=CARTESIAN_POINT('',(26.900050800102,41.3499996010214,-7.2));
#5601=CARTESIAN_POINT('',(12.456375412751,41.3499996010214,-7.2));
#5602=CARTESIAN_POINT('',(26.900050800102,39.9499996010214,-7.19999983906746));
#5603=CARTESIAN_POINT('',(26.900050800102,39.3499996010214,-7.2));
#5604=CARTESIAN_POINT('',(23.900050800102,39.9499996010214,-7.19999983906746));
#5605=CARTESIAN_POINT('',(23.8999994657934,39.9499996010214,-7.19999983906746));
#5606=CARTESIAN_POINT('',(23.900050800102,41.3499996010214,-7.2));
#5607=CARTESIAN_POINT('',(23.900050800102,39.3499996010214,-7.2));
#5608=CARTESIAN_POINT('',(22.900050800102,41.3499996010214,-7.2));
#5609=CARTESIAN_POINT('',(10.456375412751,41.3499996010214,-7.2));
#5610=CARTESIAN_POINT('',(22.900050800102,39.3499996010214,-7.2));
#5611=CARTESIAN_POINT('',(22.900050800102,39.3499996010214,-7.2));
#5612=CARTESIAN_POINT('',(2.74845393207347,39.3499996010214,-7.2));
#5613=CARTESIAN_POINT('',(23.506394462789,39.3499996010214,-7.2));
#5614=CARTESIAN_POINT('',(2.74845393207347,37.9353427610265,-7.2));
#5615=CARTESIAN_POINT('',(2.74845393207348,27.8926711810239,-7.2));
#5616=CARTESIAN_POINT('',(0.195243272711286,35.2766747672104,-7.2));
#5617=CARTESIAN_POINT('Origin',(2.032004064008,36.068072136144,-7.2));
#5618=CARTESIAN_POINT('',(-0.987299974599953,35.2766747672104,-7.2));
#5619=CARTESIAN_POINT('',(23.506394462789,35.2766747672104,-7.2));
#5620=CARTESIAN_POINT('',(-0.987299974599951,10.8945681267473,-7.2));
#5621=CARTESIAN_POINT('',(-0.987299974599951,7.0999996010214,-7.2));
#5622=CARTESIAN_POINT('',(15.4176303125514,10.8945681267473,-7.2));
#5623=CARTESIAN_POINT('',(31.7088596063647,10.8945681267473,-7.2));
#5624=CARTESIAN_POINT('',(15.4176303125514,-3.65000039897861,-7.2));
#5625=CARTESIAN_POINT('',(15.4176303125514,7.0999996010214,-7.2));
#5626=CARTESIAN_POINT('',(86.2162278666027,-3.6500003989786,-7.2));
#5627=CARTESIAN_POINT('',(72.493783337567,-3.6500003989786,-7.2));
#5628=CARTESIAN_POINT('',(86.2162278666027,0.189928349955465,-7.2));
#5629=CARTESIAN_POINT('',(86.2162278666027,9.01996397548843,-7.2));
#5630=CARTESIAN_POINT('',(88.8713106008539,2.72490479190451,-7.2));
#5631=CARTESIAN_POINT('Origin',(86.995173990348,2.032004064008,-7.2));
#5632=CARTESIAN_POINT('',(72.493783337567,2.72490479190451,-7.2));
#5633=CARTESIAN_POINT('',(17.6903645471746,32.8499996010214,-7.2));
#5634=CARTESIAN_POINT('',(19.6903645471746,32.8499996010214,-7.2));
#5635=CARTESIAN_POINT('',(33.8452267236763,32.8499996010214,-7.2));
#5636=CARTESIAN_POINT('',(19.6903645471746,38.8499996010214,-7.2));
#5637=CARTESIAN_POINT('',(19.6903645471746,7.5999996010214,-7.2));
#5638=CARTESIAN_POINT('',(78.1903645471746,38.8499996010214,-7.2));
#5639=CARTESIAN_POINT('',(34.0952267236763,38.8499996010214,-7.2));
#5640=CARTESIAN_POINT('',(80.1903645471747,38.8499996010214,-7.2));
#5641=CARTESIAN_POINT('',(64.0952267236763,38.8499996010214,-7.2));
#5642=CARTESIAN_POINT('',(80.1903645471747,34.8499996010214,-7.2));
#5643=CARTESIAN_POINT('',(80.1903645471747,26.3499996010214,-7.2));
#5644=CARTESIAN_POINT('',(78.1903645471746,34.8499996010214,-7.2));
#5645=CARTESIAN_POINT('',(63.0952267236763,34.8499996010214,-7.2));
#5646=CARTESIAN_POINT('',(78.1903645471746,0.849999601021394,-7.2));
#5647=CARTESIAN_POINT('',(78.1903645471746,28.0999996010214,-7.2));
#5648=CARTESIAN_POINT('',(80.1903645471747,0.849999601021394,-7.2));
#5649=CARTESIAN_POINT('',(64.0952267236763,0.849999601021394,-7.2));
#5650=CARTESIAN_POINT('',(80.1903645471747,-3.15000039897861,-7.2));
#5651=CARTESIAN_POINT('',(80.1903645471747,7.3499996010214,-7.2));
#5652=CARTESIAN_POINT('',(78.1903645471746,-3.15000039897861,-7.2));
#5653=CARTESIAN_POINT('',(63.0952267236763,-3.15000039897861,-7.2));
#5654=CARTESIAN_POINT('',(19.6903645471746,-3.15000039897861,-7.2));
#5655=CARTESIAN_POINT('',(62.8452267236763,-3.15000039897861,-7.2));
#5656=CARTESIAN_POINT('',(19.6903645471746,2.8499996010214,-7.2));
#5657=CARTESIAN_POINT('',(19.6903645471746,7.5999996010214,-7.2));
#5658=CARTESIAN_POINT('',(17.6903645471746,2.8499996010214,-7.2));
#5659=CARTESIAN_POINT('',(32.8452267236763,2.8499996010214,-7.2));
#5660=CARTESIAN_POINT('',(17.6903645471746,25.3499996010214,-7.2));
#5661=CARTESIAN_POINT('Origin',(-0.987299974599953,26.5269497945764,6.8));
#5662=CARTESIAN_POINT('',(-0.987299974599953,26.5269497945764,6.8));
#5663=CARTESIAN_POINT('',(-0.98729997459996,18.5269497945764,6.8));
#5664=CARTESIAN_POINT('',(-0.987299974599953,11.4384746977989,6.8));
#5665=CARTESIAN_POINT('',(-1.98729997459995,26.5269497945764,6.8));
#5666=CARTESIAN_POINT('',(-0.987299974599953,26.5269497945764,6.8));
#5667=CARTESIAN_POINT('',(-1.98729997459996,18.5269497945764,6.8));
#5668=CARTESIAN_POINT('',(-1.98729997459996,18.5269497945764,6.8));
#5669=CARTESIAN_POINT('',(-0.98729997459996,18.5269497945764,6.8));
#5670=CARTESIAN_POINT('Origin',(-0.987299974599953,26.5269497945764,7.8));
#5671=CARTESIAN_POINT('',(-0.987299974599953,26.5269497945764,7.8));
#5672=CARTESIAN_POINT('',(-0.987299974599953,26.5269497945764,0.299999999999999));
#5673=CARTESIAN_POINT('',(-1.98729997459995,26.5269497945764,7.8));
#5674=CARTESIAN_POINT('',(-0.987299974599953,26.5269497945764,7.8));
#5675=CARTESIAN_POINT('',(-1.98729997459995,26.5269497945764,6.8));
#5676=CARTESIAN_POINT('Origin',(-0.987299974599953,18.5269497945764,7.8));
#5677=CARTESIAN_POINT('',(-0.987299974599953,18.5269497945764,7.8));
#5678=CARTESIAN_POINT('',(-0.987299974599953,7.4384746977989,7.8));
#5679=CARTESIAN_POINT('',(-1.98729997459995,18.5269497945764,7.8));
#5680=CARTESIAN_POINT('',(-0.987299974599953,18.5269497945764,7.8));
#5681=CARTESIAN_POINT('',(-1.98729997459995,26.5269497945764,7.8));
#5682=CARTESIAN_POINT('Origin',(-0.98729997459996,18.5269497945764,6.8));
#5683=CARTESIAN_POINT('',(-0.987299974599953,18.5269497945764,-0.200000000000001));
#5684=CARTESIAN_POINT('',(-1.98729997459995,18.5269497945764,7.8));
#5685=CARTESIAN_POINT('Origin',(-1.98729997459995,22.5269497945764,7.3));
#5686=CARTESIAN_POINT('Origin',(49.000088900178,39.8499996010214,8.3));
#5687=CARTESIAN_POINT('',(97.6332290860206,40.3499996010214,7.8));
#5688=CARTESIAN_POINT('',(97.2235457524558,39.3499996010214,8.8));
#5689=CARTESIAN_POINT('Ctrl Pts',(97.6332290860206,40.3499996010214,7.8));
#5690=CARTESIAN_POINT('Ctrl Pts',(97.4283874192381,39.8080394925709,8.34196010845045));
#5691=CARTESIAN_POINT('Ctrl Pts',(97.2235457524558,39.3499996010214,8.8));
#5692=CARTESIAN_POINT('',(18.987477774956,39.3499996010214,8.8));
#5693=CARTESIAN_POINT('',(67.4420420304882,39.3499996010214,8.8));
#5694=CARTESIAN_POINT('',(18.987477774956,40.3499996010214,7.8));
#5695=CARTESIAN_POINT('',(18.987477774956,40.0999996010214,8.05));
#5696=CARTESIAN_POINT('',(98.987477774956,40.3499996010214,7.8));
#5697=CARTESIAN_POINT('Origin',(94.987477774956,37.3499996010214,8.3));
#5698=CARTESIAN_POINT('',(94.987477774956,41.3499996010214,7.8));
#5699=CARTESIAN_POINT('Origin',(94.987477774956,37.3499996010214,7.8));
#5700=CARTESIAN_POINT('',(94.987477774956,40.3499996010214,8.8));
#5701=CARTESIAN_POINT('',(94.987477774956,41.3499996010214,7.8));
#5702=CARTESIAN_POINT('Origin',(94.987477774956,37.3499996010214,8.8));
#5703=CARTESIAN_POINT('Origin',(97.987477774956,-4.15000039897861,8.3));
#5704=CARTESIAN_POINT('',(97.2235457524558,-3.65000039897861,8.8));
#5705=CARTESIAN_POINT('',(97.6332290860206,-4.65000039897861,7.8));
#5706=CARTESIAN_POINT('Ctrl Pts',(97.2235457524558,-3.6500003989786,8.8));
#5707=CARTESIAN_POINT('Ctrl Pts',(97.4283874192383,-4.10804029052861,8.34196010844999));
#5708=CARTESIAN_POINT('Ctrl Pts',(97.6332290860206,-4.65000039897861,7.8));
#5709=CARTESIAN_POINT('',(18.987477774956,-4.65000039897861,7.8));
#5710=CARTESIAN_POINT('',(98.987477774956,-4.65000039897861,7.8));
#5711=CARTESIAN_POINT('',(18.987477774956,-3.65000039897861,8.8));
#5712=CARTESIAN_POINT('',(18.987477774956,-4.40000039897861,8.05));
#5713=CARTESIAN_POINT('',(96.987477774956,-3.65000039897861,8.8));
#5714=CARTESIAN_POINT('Origin',(96.987477774956,-3.65000039897861,-7.2));
#5715=CARTESIAN_POINT('',(18.987477774956,-3.65000039897861,6.8));
#5716=CARTESIAN_POINT('',(18.987477774956,-3.65000039897861,0.0499999999999995));
#5717=CARTESIAN_POINT('',(94.987477774956,-3.65000039897861,6.8));
#5718=CARTESIAN_POINT('',(97.987477774956,-3.65000039897861,6.8));
#5719=CARTESIAN_POINT('',(94.987477774956,-3.6500003989786,-7.2));
#5720=CARTESIAN_POINT('',(94.987477774956,-3.65000039897861,-7.2));
#5721=CARTESIAN_POINT('',(87.7162278666027,-3.6500003989786,-7.2));
#5722=CARTESIAN_POINT('',(72.493783337567,-3.6500003989786,-7.2));
#5723=CARTESIAN_POINT('',(87.7162278666027,-3.65000039897861,0.));
#5724=CARTESIAN_POINT('',(87.7162278666027,-3.65000039897861,-7.2));
#5725=CARTESIAN_POINT('',(86.2162278666027,-3.65000039897861,0.));
#5726=CARTESIAN_POINT('',(93.989401828804,-3.65000039897861,0.));
#5727=CARTESIAN_POINT('',(86.2162278666027,-3.65000039897861,-7.2));
#5728=CARTESIAN_POINT('',(15.4176303125514,-3.65000039897861,0.));
#5729=CARTESIAN_POINT('',(15.4176303125514,-3.65000039897861,-7.2));
#5730=CARTESIAN_POINT('',(13.4176303125514,-3.6500003989786,0.));
#5731=CARTESIAN_POINT('',(52.1013214719659,-3.65000039897861,0.));
#5732=CARTESIAN_POINT('',(13.4176303125514,-3.6500003989786,-7.2));
#5733=CARTESIAN_POINT('',(13.4176303125514,-3.6500003989786,-7.2));
#5734=CARTESIAN_POINT('',(1.01270002540005,-3.6500003989786,-7.2));
#5735=CARTESIAN_POINT('',(72.493783337567,-3.6500003989786,-7.2));
#5736=CARTESIAN_POINT('',(1.01270002540005,-3.65000039897861,8.8));
#5737=CARTESIAN_POINT('',(1.01270002540005,-3.65000039897861,-7.2));
#5738=CARTESIAN_POINT('',(96.987477774956,-3.65000039897861,8.8));
#5739=CARTESIAN_POINT('',(79.614192370929,-3.65000039897861,1.600050800102));
#5740=CARTESIAN_POINT('',(79.614192370929,-3.65000039897861,4.650050857197));
#5741=CARTESIAN_POINT('',(79.614192370929,-3.65000039897861,-1.2749745714015));
#5742=CARTESIAN_POINT('',(61.864192185841,-3.65000039897861,4.650050857197));
#5743=CARTESIAN_POINT('',(79.4258349803985,-3.65000039897861,4.650050857197));
#5744=CARTESIAN_POINT('',(61.864192185841,-3.65000039897861,1.600050800102));
#5745=CARTESIAN_POINT('',(61.864192185841,-3.65000039897861,-2.799974599949));
#5746=CARTESIAN_POINT('',(88.3008350729425,-3.65000039897861,1.600050800102));
#5747=CARTESIAN_POINT('Origin',(98.987477774956,40.3499996010214,7.8));
#5748=CARTESIAN_POINT('',(97.6332290860206,40.3499996010214,6.8));
#5749=CARTESIAN_POINT('',(97.6332290860206,40.3499996010214,-8.2));
#5750=CARTESIAN_POINT('',(18.987477774956,40.3499996010214,6.8));
#5751=CARTESIAN_POINT('',(18.987477774956,40.3499996010214,6.8));
#5752=CARTESIAN_POINT('',(98.987477774956,40.3499996010214,6.8));
#5753=CARTESIAN_POINT('Origin',(18.987477774956,39.8499996010214,7.3));
#5754=CARTESIAN_POINT('',(18.987477774956,39.3499996010214,6.8));
#5755=CARTESIAN_POINT('',(18.987477774956,-4.65000039897861,6.8));
#5756=CARTESIAN_POINT('',(18.987477774956,39.3499996010214,0.0499999999999995));
#5757=CARTESIAN_POINT('Origin',(98.987477774956,-4.65000039897861,6.8));
#5758=CARTESIAN_POINT('',(97.6332290860206,-4.65000039897861,6.8));
#5759=CARTESIAN_POINT('',(97.6332290860206,-4.65000039897861,-8.2));
#5760=CARTESIAN_POINT('',(18.987477774956,-4.65000039897861,6.8));
#5761=CARTESIAN_POINT('',(98.987477774956,-4.65000039897861,6.8));
#5762=CARTESIAN_POINT('',(18.987477774956,-4.65000039897861,7.8));
#5763=CARTESIAN_POINT('Origin',(18.987477774956,-4.15000039897861,7.3));
#5764=CARTESIAN_POINT('',(18.987477774956,-4.65000039897861,6.8));
#5765=CARTESIAN_POINT('Origin',(94.987477774956,37.3499996010214,-8.2));
#5766=CARTESIAN_POINT('',(98.987477774956,37.3499996010214,6.8));
#5767=CARTESIAN_POINT('Origin',(94.987477774956,37.3499996010214,6.8));
#5768=CARTESIAN_POINT('',(98.987477774956,37.3499996010214,-8.2));
#5769=CARTESIAN_POINT('',(98.987477774956,37.3499996010214,-8.2));
#5770=CARTESIAN_POINT('',(94.987477774956,41.3499996010214,-8.2));
#5771=CARTESIAN_POINT('Origin',(94.987477774956,37.3499996010214,-8.2));
#5772=CARTESIAN_POINT('',(94.987477774956,41.3499996010214,-8.2));
#5773=CARTESIAN_POINT('Origin',(94.8818503188477,17.8499996010214,6.8));
#5774=CARTESIAN_POINT('',(98.987477774956,-1.65000039897861,6.8));
#5775=CARTESIAN_POINT('Origin',(94.987477774956,-1.65000039897861,6.8));
#5776=CARTESIAN_POINT('',(98.987477774956,29.5999996010214,6.8));
#5777=CARTESIAN_POINT('',(94.987477774956,39.3499996010214,6.8));
#5778=CARTESIAN_POINT('',(49.000088900178,39.3499996010214,6.8));
#5779=CARTESIAN_POINT('Origin',(94.987477774956,37.3499996010214,6.8));
#5780=CARTESIAN_POINT('Origin',(94.987477774956,-1.6500003989786,6.8));
#5781=CARTESIAN_POINT('Origin',(94.987477774956,-1.65000039897861,8.3));
#5782=CARTESIAN_POINT('',(94.987477774956,-4.65000039897861,8.8));
#5783=CARTESIAN_POINT('Origin',(94.987477774956,-1.65000039897861,8.8));
#5784=CARTESIAN_POINT('',(94.987477774956,-5.65000039897861,7.8));
#5785=CARTESIAN_POINT('',(94.987477774956,-5.65000039897861,7.8));
#5786=CARTESIAN_POINT('Origin',(94.987477774956,-1.65000039897861,7.8));
#5787=CARTESIAN_POINT('Origin',(94.987477774956,-1.6500003989786,-7.2));
#5788=CARTESIAN_POINT('Origin',(94.987477774956,-1.6500003989786,-7.2));
#5789=CARTESIAN_POINT('Origin',(94.987477774956,37.3499996010214,-7.2));
#5790=CARTESIAN_POINT('',(94.987477774956,39.3499996010214,-7.2));
#5791=CARTESIAN_POINT('',(94.987477774956,39.3499996010214,-7.2));
#5792=CARTESIAN_POINT('Origin',(94.987477774956,37.3499996010214,-7.2));
#5793=CARTESIAN_POINT('Origin',(-0.987299974599953,39.3499996010214,-7.2));
#5794=CARTESIAN_POINT('',(1.01270002540005,39.3499996010214,8.8));
#5795=CARTESIAN_POINT('',(67.4420420304882,39.3499996010214,8.8));
#5796=CARTESIAN_POINT('',(1.01270002540005,39.3499996010214,-7.2));
#5797=CARTESIAN_POINT('',(1.01270002540005,39.3499996010214,-7.2));
#5798=CARTESIAN_POINT('',(1.24845393207347,39.3499996010214,-7.2));
#5799=CARTESIAN_POINT('',(23.506394462789,39.3499996010214,-7.2));
#5800=CARTESIAN_POINT('',(1.24845393207347,39.3499996010214,0.));
#5801=CARTESIAN_POINT('',(1.24845393207347,39.3499996010214,-7.2));
#5802=CARTESIAN_POINT('',(2.74845393207347,39.3499996010214,0.));
#5803=CARTESIAN_POINT('',(0.267526035052036,39.3499996010214,0.));
#5804=CARTESIAN_POINT('',(2.74845393207347,39.3499996010214,-7.2));
#5805=CARTESIAN_POINT('',(22.900050800102,39.3499996010214,2.460050750842));
#5806=CARTESIAN_POINT('',(22.900050800102,39.3499996010214,-7.2));
#5807=CARTESIAN_POINT('',(27.900050800102,39.3499996010214,2.460050750842));
#5808=CARTESIAN_POINT('Origin',(25.400050800102,39.3499996010214,2.460050750842));
#5809=CARTESIAN_POINT('',(27.900050800102,39.3499996010214,-2.369974624579));
#5810=CARTESIAN_POINT('',(31.282067564135,39.3499996010214,2.460050750842));
#5811=CARTESIAN_POINT('',(31.282067564135,39.3499996010214,-7.2));
#5812=CARTESIAN_POINT('',(36.282067564135,39.3499996010214,2.460050750842));
#5813=CARTESIAN_POINT('Origin',(33.782067564135,39.3499996010214,2.460050750842));
#5814=CARTESIAN_POINT('',(36.282067564135,39.3499996010214,-2.369974624579));
#5815=CARTESIAN_POINT('',(61.254127508255,39.3499996010214,2.460050750842));
#5816=CARTESIAN_POINT('',(61.254127508255,39.3499996010214,-7.2));
#5817=CARTESIAN_POINT('',(66.254127508255,39.3499996010214,2.460050750842));
#5818=CARTESIAN_POINT('Origin',(63.754127508255,39.3499996010214,2.460050750842));
#5819=CARTESIAN_POINT('',(66.254127508255,39.3499996010214,-2.369974624579));
#5820=CARTESIAN_POINT('',(69.636161036322,39.3499996010214,2.460050750842));
#5821=CARTESIAN_POINT('',(69.636161036322,39.3499996010214,-7.2));
#5822=CARTESIAN_POINT('',(74.636161036322,39.3499996010214,2.460050750842));
#5823=CARTESIAN_POINT('Origin',(72.136161036322,39.3499996010214,2.460050750842));
#5824=CARTESIAN_POINT('',(74.636161036322,39.3499996010214,-2.369974624579));
#5825=CARTESIAN_POINT('',(78.018161036322,39.3499996010214,2.460050750842));
#5826=CARTESIAN_POINT('',(78.018161036322,39.3499996010214,-7.2));
#5827=CARTESIAN_POINT('',(83.018161036322,39.3499996010214,2.460050750842));
#5828=CARTESIAN_POINT('Origin',(80.518161036322,39.3499996010214,2.460050750842));
#5829=CARTESIAN_POINT('',(83.018161036322,39.3499996010214,-2.369974624579));
#5830=CARTESIAN_POINT('',(86.1330364094785,39.3499996010214,0.));
#5831=CARTESIAN_POINT('',(86.1330364094785,39.3499996010214,-7.2));
#5832=CARTESIAN_POINT('',(87.6330364094785,39.3499996010214,0.));
#5833=CARTESIAN_POINT('',(44.9702628905258,39.3499996010214,0.));
#5834=CARTESIAN_POINT('',(87.6330364094785,39.3499996010214,-7.2));
#5835=CARTESIAN_POINT('',(87.6330364094785,39.3499996010214,-7.2));
#5836=CARTESIAN_POINT('',(23.506394462789,39.3499996010214,-7.2));
#5837=CARTESIAN_POINT('',(5.275019039558,39.3499996010214,1.95005071063));
#5838=CARTESIAN_POINT('',(5.275019039558,39.3499996010214,6.45005064775));
#5839=CARTESIAN_POINT('',(5.275019039558,39.3499996010214,-0.374974676125));
#5840=CARTESIAN_POINT('',(5.775019039558,39.3499996010214,6.95005064775));
#5841=CARTESIAN_POINT('Origin',(5.775019039558,39.3499996010214,6.45005064775));
#5842=CARTESIAN_POINT('',(13.275018976678,39.3499996010214,6.95005064775));
#5843=CARTESIAN_POINT('',(6.14385950103902,39.3499996010214,6.95005064775));
#5844=CARTESIAN_POINT('',(13.775018976678,39.3499996010214,6.45005064775));
#5845=CARTESIAN_POINT('Origin',(13.275018976678,39.3499996010214,6.45005064775));
#5846=CARTESIAN_POINT('',(13.775018976678,39.3499996010214,1.95005071063));
#5847=CARTESIAN_POINT('',(13.775018976678,39.3499996010214,-2.624974644685));
#5848=CARTESIAN_POINT('',(13.275018976678,39.3499996010214,1.45005071063));
#5849=CARTESIAN_POINT('Origin',(13.275018976678,39.3499996010214,1.95005071063));
#5850=CARTESIAN_POINT('',(5.775019039558,39.3499996010214,1.45005071063));
#5851=CARTESIAN_POINT('',(2.39385953247902,39.3499996010214,1.45005071063));
#5852=CARTESIAN_POINT('Origin',(5.775019039558,39.3499996010214,1.95005071063));
#5853=CARTESIAN_POINT('Origin',(48.000088900178,17.8499996010214,8.8));
#5854=CARTESIAN_POINT('',(-0.987299974599953,-1.6500003989786,8.8));
#5855=CARTESIAN_POINT('Origin',(1.01270002540005,-1.6500003989786,8.8));
#5856=CARTESIAN_POINT('',(-0.987299974599953,37.3499996010214,8.8));
#5857=CARTESIAN_POINT('',(-0.987299974599953,-3.65000039897861,8.8));
#5858=CARTESIAN_POINT('Origin',(1.01270002540005,37.3499996010214,8.8));
#5859=CARTESIAN_POINT('',(1.01270002540005,40.3499996010214,8.8));
#5860=CARTESIAN_POINT('',(22.506394462789,40.3499996010214,8.8));
#5861=CARTESIAN_POINT('',(-1.98729997459995,37.3499996010214,8.8));
#5862=CARTESIAN_POINT('Origin',(1.01270002540005,37.3499996010214,8.8));
#5863=CARTESIAN_POINT('',(-1.98729997459995,-1.65000039897861,8.8));
#5864=CARTESIAN_POINT('',(-1.98729997459995,6.0999996010214,8.8));
#5865=CARTESIAN_POINT('',(1.01270002540005,-4.65000039897861,8.8));
#5866=CARTESIAN_POINT('Origin',(1.01270002540005,-1.65000039897861,8.8));
#5867=CARTESIAN_POINT('',(73.493783337567,-4.65000039897861,8.8));
#5868=CARTESIAN_POINT('Origin',(80.4258349803985,-5.15000039897861,5.450050857197));
#5869=CARTESIAN_POINT('',(81.214192370929,-5.65000039897861,6.250050857197));
#5870=CARTESIAN_POINT('',(60.264192185841,-5.65000039897861,6.250050857197));
#5871=CARTESIAN_POINT('',(80.4258349803985,-5.65000039897861,6.250050857197));
#5872=CARTESIAN_POINT('',(61.864192185841,-4.65000039897861,4.650050857197));
#5873=CARTESIAN_POINT('',(60.264192185841,-5.65000039897861,6.250050857197));
#5874=CARTESIAN_POINT('',(79.614192370929,-4.65000039897861,4.650050857197));
#5875=CARTESIAN_POINT('',(80.4258349803985,-4.65000039897861,4.650050857197));
#5876=CARTESIAN_POINT('',(81.214192370929,-5.65000039897861,6.250050857197));
#5877=CARTESIAN_POINT('Origin',(61.064192185841,-5.15000039897861,-3.299974599949));
#5878=CARTESIAN_POINT('',(60.264192185841,-5.65000039897861,5.08001019989724E-5));
#5879=CARTESIAN_POINT('',(60.264192185841,-5.65000039897861,-3.299974599949));
#5880=CARTESIAN_POINT('',(61.864192185841,-4.65000039897861,1.600050800102));
#5881=CARTESIAN_POINT('',(60.264192185841,-5.65000039897861,5.08001019989724E-5));
#5882=CARTESIAN_POINT('',(61.864192185841,-4.65000039897861,-3.299974599949));
#5883=CARTESIAN_POINT('Origin',(80.414192370929,-5.15000039897861,-1.7749745714015));
#5884=CARTESIAN_POINT('',(79.614192370929,-4.65000039897861,1.600050800102));
#5885=CARTESIAN_POINT('',(79.614192370929,-4.65000039897861,-1.7749745714015));
#5886=CARTESIAN_POINT('',(81.214192370929,-5.65000039897861,5.08001019994264E-5));
#5887=CARTESIAN_POINT('',(79.614192370929,-4.65000039897861,1.600050800102));
#5888=CARTESIAN_POINT('',(81.214192370929,-5.65000039897861,-1.7749745714015));
#5889=CARTESIAN_POINT('Origin',(89.3008350729425,-5.15000039897861,0.800050800102));
#5890=CARTESIAN_POINT('',(89.3008350729425,-5.65000039897861,5.08001019994264E-5));
#5891=CARTESIAN_POINT('',(89.3008350729425,-4.65000039897861,1.600050800102));
#5892=CARTESIAN_POINT('Origin',(79.614192370929,-5.65000039897861,4.650050857197));
#5893=CARTESIAN_POINT('',(79.614192370929,-5.65000039897861,4.650050857197));
#5894=CARTESIAN_POINT('',(79.614192370929,-5.65000039897861,1.600050800102));
#5895=CARTESIAN_POINT('Origin',(61.864192185841,-5.65000039897861,4.650050857197));
#5896=CARTESIAN_POINT('',(61.864192185841,-5.65000039897861,4.650050857197));
#5897=CARTESIAN_POINT('Origin',(98.987477774956,-5.65000039897861,-8.2));
#5898=CARTESIAN_POINT('',(1.01270002540005,-5.65000039897861,7.8));
#5899=CARTESIAN_POINT('',(73.493783337567,-5.65000039897861,7.8));
#5900=CARTESIAN_POINT('',(1.01270002540005,-5.65000039897861,-8.2));
#5901=CARTESIAN_POINT('',(1.01270002540005,-5.65000039897861,-8.2));
#5902=CARTESIAN_POINT('',(94.987477774956,-5.65000039897861,-8.2));
#5903=CARTESIAN_POINT('',(73.493783337567,-5.65000039897861,-8.2));
#5904=CARTESIAN_POINT('',(94.987477774956,-5.65000039897861,-8.2));
#5905=CARTESIAN_POINT('Origin',(61.864192185841,-5.65000039897861,1.600050800102));
#5906=CARTESIAN_POINT('',(61.864192185841,-5.65000039897861,1.600050800102));
#5907=CARTESIAN_POINT('Origin',(79.614192370929,-5.65000039897861,1.600050800102));
#5908=CARTESIAN_POINT('Origin',(5.275019039558,41.3499996010214,6.45005064775));
#5909=CARTESIAN_POINT('',(5.275019039558,41.3499996010214,6.45005064775));
#5910=CARTESIAN_POINT('',(5.275019039558,41.3499996010214,1.95005071063));
#5911=CARTESIAN_POINT('',(5.275019039558,41.3499996010214,-0.874974676125));
#5912=CARTESIAN_POINT('',(5.275019039558,41.3499996010214,6.45005064775));
#5913=CARTESIAN_POINT('',(5.275019039558,41.3499996010214,1.95005071063));
#5914=CARTESIAN_POINT('Origin',(5.775019039558,41.3499996010214,6.45005064775));
#5915=CARTESIAN_POINT('',(5.775019039558,41.3499996010214,6.95005064775));
#5916=CARTESIAN_POINT('Origin',(5.775019039558,41.3499996010214,6.45005064775));
#5917=CARTESIAN_POINT('',(5.775019039558,41.3499996010214,6.95005064775));
#5918=CARTESIAN_POINT('Origin',(13.275018976678,41.3499996010214,6.95005064775));
#5919=CARTESIAN_POINT('',(13.275018976678,41.3499996010214,6.95005064775));
#5920=CARTESIAN_POINT('',(5.14385950103902,41.3499996010214,6.95005064775));
#5921=CARTESIAN_POINT('',(13.275018976678,41.3499996010214,6.95005064775));
#5922=CARTESIAN_POINT('Origin',(13.275018976678,41.3499996010214,6.45005064775));
#5923=CARTESIAN_POINT('',(13.775018976678,41.3499996010214,6.45005064775));
#5924=CARTESIAN_POINT('Origin',(13.275018976678,41.3499996010214,6.45005064775));
#5925=CARTESIAN_POINT('',(13.775018976678,41.3499996010214,6.45005064775));
#5926=CARTESIAN_POINT('Origin',(13.775018976678,41.3499996010214,1.95005071063));
#5927=CARTESIAN_POINT('',(13.775018976678,41.3499996010214,1.95005071063));
#5928=CARTESIAN_POINT('',(13.775018976678,41.3499996010214,-3.124974644685));
#5929=CARTESIAN_POINT('',(13.775018976678,41.3499996010214,1.95005071063));
#5930=CARTESIAN_POINT('Origin',(13.275018976678,41.3499996010214,1.95005071063));
#5931=CARTESIAN_POINT('',(13.275018976678,41.3499996010214,1.45005071063));
#5932=CARTESIAN_POINT('Origin',(13.275018976678,41.3499996010214,1.95005071063));
#5933=CARTESIAN_POINT('',(13.275018976678,41.3499996010214,1.45005071063));
#5934=CARTESIAN_POINT('Origin',(5.775019039558,41.3499996010214,1.45005071063));
#5935=CARTESIAN_POINT('',(5.775019039558,41.3499996010214,1.45005071063));
#5936=CARTESIAN_POINT('',(1.39385953247902,41.3499996010214,1.45005071063));
#5937=CARTESIAN_POINT('',(5.775019039558,41.3499996010214,1.45005071063));
#5938=CARTESIAN_POINT('Origin',(5.775019039558,41.3499996010214,1.95005071063));
#5939=CARTESIAN_POINT('Origin',(5.775019039558,41.3499996010214,1.95005071063));
#5940=CARTESIAN_POINT('Origin',(63.754127508255,42.0999996010214,2.460050750842));
#5941=CARTESIAN_POINT('',(64.754127508255,42.3499996010214,2.460050750842));
#5942=CARTESIAN_POINT('Origin',(63.754127508255,42.3499996010214,2.460050750842));
#5943=CARTESIAN_POINT('',(65.254127508255,41.8499996010214,2.460050750842));
#5944=CARTESIAN_POINT('',(65.004127508255,42.0999996010214,2.460050750842));
#5945=CARTESIAN_POINT('',(62.254127508255,41.8499996010214,2.460050750842));
#5946=CARTESIAN_POINT('Origin',(63.754127508255,41.8499996010214,2.460050750842));
#5947=CARTESIAN_POINT('Origin',(63.754127508255,41.8499996010214,2.460050750842));
#5948=CARTESIAN_POINT('Origin',(63.754127508255,39.3499996010214,2.460050750842));
#5949=CARTESIAN_POINT('',(62.254127508255,39.3499996010214,2.460050750842));
#5950=CARTESIAN_POINT('',(62.254127508255,39.3499996010214,2.460050750842));
#5951=CARTESIAN_POINT('',(65.254127508255,39.3499996010214,2.460050750842));
#5952=CARTESIAN_POINT('Origin',(63.754127508255,39.3499996010214,2.460050750842));
#5953=CARTESIAN_POINT('',(65.254127508255,39.3499996010214,2.460050750842));
#5954=CARTESIAN_POINT('Origin',(63.754127508255,42.3499996010214,2.460050750842));
#5955=CARTESIAN_POINT('Origin',(72.136161036322,42.0999996010214,2.460050750842));
#5956=CARTESIAN_POINT('',(73.136161036322,42.3499996010214,2.460050750842));
#5957=CARTESIAN_POINT('Origin',(72.136161036322,42.3499996010214,2.460050750842));
#5958=CARTESIAN_POINT('',(73.636161036322,41.8499996010214,2.460050750842));
#5959=CARTESIAN_POINT('',(73.386161036322,42.0999996010214,2.460050750842));
#5960=CARTESIAN_POINT('',(70.636161036322,41.8499996010214,2.460050750842));
#5961=CARTESIAN_POINT('Origin',(72.136161036322,41.8499996010214,2.460050750842));
#5962=CARTESIAN_POINT('Origin',(72.136161036322,41.8499996010214,2.460050750842));
#5963=CARTESIAN_POINT('Origin',(72.136161036322,39.3499996010214,2.460050750842));
#5964=CARTESIAN_POINT('',(70.636161036322,39.3499996010214,2.460050750842));
#5965=CARTESIAN_POINT('',(70.636161036322,39.3499996010214,2.460050750842));
#5966=CARTESIAN_POINT('',(73.636161036322,39.3499996010214,2.460050750842));
#5967=CARTESIAN_POINT('Origin',(72.136161036322,39.3499996010214,2.460050750842));
#5968=CARTESIAN_POINT('',(73.636161036322,39.3499996010214,2.460050750842));
#5969=CARTESIAN_POINT('Origin',(72.136161036322,42.3499996010214,2.460050750842));
#5970=CARTESIAN_POINT('Origin',(80.518161036322,42.0999996010214,2.460050750842));
#5971=CARTESIAN_POINT('',(81.518161036322,42.3499996010214,2.460050750842));
#5972=CARTESIAN_POINT('Origin',(80.518161036322,42.3499996010214,2.460050750842));
#5973=CARTESIAN_POINT('',(82.018161036322,41.8499996010214,2.460050750842));
#5974=CARTESIAN_POINT('',(81.768161036322,42.0999996010214,2.460050750842));
#5975=CARTESIAN_POINT('',(79.018161036322,41.8499996010214,2.460050750842));
#5976=CARTESIAN_POINT('Origin',(80.518161036322,41.8499996010214,2.460050750842));
#5977=CARTESIAN_POINT('Origin',(80.518161036322,41.8499996010214,2.460050750842));
#5978=CARTESIAN_POINT('Origin',(80.518161036322,39.3499996010214,2.460050750842));
#5979=CARTESIAN_POINT('',(79.018161036322,39.3499996010214,2.460050750842));
#5980=CARTESIAN_POINT('',(79.018161036322,39.3499996010214,2.460050750842));
#5981=CARTESIAN_POINT('',(82.018161036322,39.3499996010214,2.460050750842));
#5982=CARTESIAN_POINT('Origin',(80.518161036322,39.3499996010214,2.460050750842));
#5983=CARTESIAN_POINT('',(82.018161036322,39.3499996010214,2.460050750842));
#5984=CARTESIAN_POINT('Origin',(80.518161036322,42.3499996010214,2.460050750842));
#5985=CARTESIAN_POINT('Origin',(63.754127508255,41.5999996010214,2.460050750842));
#5986=CARTESIAN_POINT('',(62.254127508255,41.3499996010214,-0.702226909326382));
#5987=CARTESIAN_POINT('Ctrl Pts',(62.254127508255,41.3499996010214,-0.702226909326405));
#5988=CARTESIAN_POINT('Ctrl Pts',(62.254127508255,41.8499996010214,1.51136745279146));
#5989=CARTESIAN_POINT('Ctrl Pts',(62.254127508255,41.8499996010214,2.460050750842));
#5990=CARTESIAN_POINT('',(65.254127508255,41.3499996010214,-0.702226909326382));
#5991=CARTESIAN_POINT('Ctrl Pts',(65.254127508255,41.8499996010214,2.460050750842));
#5992=CARTESIAN_POINT('Ctrl Pts',(65.254127508255,41.8499996010214,1.51136745279146));
#5993=CARTESIAN_POINT('Ctrl Pts',(65.254127508255,41.3499996010214,-0.702226909326405));
#5994=CARTESIAN_POINT('Origin',(63.754127508255,41.3499996010214,2.460050750842));
#5995=CARTESIAN_POINT('Origin',(72.136161036322,41.5999996010214,2.460050750842));
#5996=CARTESIAN_POINT('',(70.636161036322,41.3499996010214,-0.702226909326382));
#5997=CARTESIAN_POINT('Ctrl Pts',(70.636161036322,41.3499996010214,-0.702226909326405));
#5998=CARTESIAN_POINT('Ctrl Pts',(70.636161036322,41.8499996010214,1.51136745279146));
#5999=CARTESIAN_POINT('Ctrl Pts',(70.636161036322,41.8499996010214,2.460050750842));
#6000=CARTESIAN_POINT('',(73.636161036322,41.3499996010214,-0.702226909326382));
#6001=CARTESIAN_POINT('Ctrl Pts',(73.636161036322,41.8499996010214,2.460050750842));
#6002=CARTESIAN_POINT('Ctrl Pts',(73.636161036322,41.8499996010214,1.51136745279146));
#6003=CARTESIAN_POINT('Ctrl Pts',(73.636161036322,41.3499996010214,-0.702226909326405));
#6004=CARTESIAN_POINT('Origin',(72.136161036322,41.3499996010214,2.460050750842));
#6005=CARTESIAN_POINT('Origin',(80.518161036322,41.5999996010214,2.460050750842));
#6006=CARTESIAN_POINT('',(79.018161036322,41.3499996010214,-0.702226909326382));
#6007=CARTESIAN_POINT('Ctrl Pts',(79.018161036322,41.3499996010214,-0.702226909326405));
#6008=CARTESIAN_POINT('Ctrl Pts',(79.018161036322,41.8499996010214,1.51136745279146));
#6009=CARTESIAN_POINT('Ctrl Pts',(79.018161036322,41.8499996010214,2.460050750842));
#6010=CARTESIAN_POINT('',(82.018161036322,41.3499996010214,-0.702226909326382));
#6011=CARTESIAN_POINT('Ctrl Pts',(82.018161036322,41.8499996010214,2.460050750842));
#6012=CARTESIAN_POINT('Ctrl Pts',(82.018161036322,41.8499996010214,1.51136745279145));
#6013=CARTESIAN_POINT('Ctrl Pts',(82.018161036322,41.3499996010214,-0.702226909326379));
#6014=CARTESIAN_POINT('Origin',(80.518161036322,41.3499996010214,2.460050750842));
#6015=CARTESIAN_POINT('Origin',(-2.98729997459995,41.3499996010214,-8.2));
#6016=CARTESIAN_POINT('',(1.01270002540005,41.3499996010214,7.8));
#6017=CARTESIAN_POINT('',(22.506394462789,41.3499996010214,7.8));
#6018=CARTESIAN_POINT('',(1.01270002540005,41.3499996010214,-8.2));
#6019=CARTESIAN_POINT('',(22.506394462789,41.3499996010214,-8.2));
#6020=CARTESIAN_POINT('',(1.01270002540005,41.3499996010214,-8.2));
#6021=CARTESIAN_POINT('',(65.254127508255,41.3499996010214,-7.7));
#6022=CARTESIAN_POINT('',(66.254127508255,41.3499996010214,2.460050750842));
#6023=CARTESIAN_POINT('',(66.254127508255,41.3499996010214,-2.869974624579));
#6024=CARTESIAN_POINT('',(61.254127508255,41.3499996010214,2.460050750842));
#6025=CARTESIAN_POINT('Origin',(63.754127508255,41.3499996010214,2.460050750842));
#6026=CARTESIAN_POINT('',(61.254127508255,41.3499996010214,-7.7));
#6027=CARTESIAN_POINT('',(62.254127508255,41.3499996010214,-2.869974624579));
#6028=CARTESIAN_POINT('',(73.636161036322,41.3499996010214,-7.7));
#6029=CARTESIAN_POINT('',(74.636161036322,41.3499996010214,2.460050750842));
#6030=CARTESIAN_POINT('',(74.636161036322,41.3499996010214,-2.869974624579));
#6031=CARTESIAN_POINT('',(69.636161036322,41.3499996010214,2.460050750842));
#6032=CARTESIAN_POINT('Origin',(72.136161036322,41.3499996010214,2.460050750842));
#6033=CARTESIAN_POINT('',(69.636161036322,41.3499996010214,-7.7));
#6034=CARTESIAN_POINT('',(70.636161036322,41.3499996010214,-2.869974624579));
#6035=CARTESIAN_POINT('',(82.018161036322,41.3499996010214,-7.7));
#6036=CARTESIAN_POINT('',(83.018161036322,41.3499996010214,2.460050750842));
#6037=CARTESIAN_POINT('',(83.018161036322,41.3499996010214,-2.869974624579));
#6038=CARTESIAN_POINT('',(78.018161036322,41.3499996010214,2.460050750842));
#6039=CARTESIAN_POINT('Origin',(80.518161036322,41.3499996010214,2.460050750842));
#6040=CARTESIAN_POINT('',(78.018161036322,41.3499996010214,-7.7));
#6041=CARTESIAN_POINT('',(79.018161036322,41.3499996010214,-2.869974624579));
#6042=CARTESIAN_POINT('',(36.282067564135,41.3499996010214,2.460050750842));
#6043=CARTESIAN_POINT('',(31.282067564135,41.3499996010214,2.460050750842));
#6044=CARTESIAN_POINT('Origin',(33.782067564135,41.3499996010214,2.460050750842));
#6045=CARTESIAN_POINT('',(31.282067564135,41.3499996010214,-7.7));
#6046=CARTESIAN_POINT('',(32.282067564135,41.3499996010214,2.460050750842));
#6047=CARTESIAN_POINT('',(32.282067564135,41.3499996010214,-2.869974624579));
#6048=CARTESIAN_POINT('',(35.282067564135,41.3499996010214,2.460050750842));
#6049=CARTESIAN_POINT('Origin',(33.782067564135,41.3499996010214,2.460050750842));
#6050=CARTESIAN_POINT('',(35.282067564135,41.3499996010214,-7.7));
#6051=CARTESIAN_POINT('',(36.282067564135,41.3499996010214,-2.869974624579));
#6052=CARTESIAN_POINT('',(27.900050800102,41.3499996010214,2.460050750842));
#6053=CARTESIAN_POINT('',(22.900050800102,41.3499996010214,2.460050750842));
#6054=CARTESIAN_POINT('Origin',(25.400050800102,41.3499996010214,2.460050750842));
#6055=CARTESIAN_POINT('',(22.900050800102,41.3499996010214,-7.7));
#6056=CARTESIAN_POINT('',(23.900050800102,41.3499996010214,2.460050750842));
#6057=CARTESIAN_POINT('',(23.900050800102,41.3499996010214,-2.869974624579));
#6058=CARTESIAN_POINT('',(26.900050800102,41.3499996010214,2.460050750842));
#6059=CARTESIAN_POINT('Origin',(25.400050800102,41.3499996010214,2.460050750842));
#6060=CARTESIAN_POINT('',(26.900050800102,41.3499996010214,-7.7));
#6061=CARTESIAN_POINT('',(27.900050800102,41.3499996010214,-2.869974624579));
#6062=CARTESIAN_POINT('Origin',(38.9336519922786,39.6499996010214,-3.6));
#6063=CARTESIAN_POINT('',(82.018161036322,39.9499996010214,-7.1));
#6064=CARTESIAN_POINT('',(82.018161036322,39.3499996010214,-0.1));
#6065=CARTESIAN_POINT('',(82.018161036322,39.8020660515887,-5.37410858995138));
#6066=CARTESIAN_POINT('',(79.018161036322,39.3499996010214,-0.1));
#6067=CARTESIAN_POINT('',(38.9336519922786,39.3499996010214,-0.1));
#6068=CARTESIAN_POINT('',(79.018161036322,39.9499996010214,-7.1));
#6069=CARTESIAN_POINT('',(79.018161036322,39.3910833413624,-0.579310303978343));
#6070=CARTESIAN_POINT('',(78.8546039591571,39.9499996010214,-7.1));
#6071=CARTESIAN_POINT('Origin',(82.018161036322,39.3499996010214,-7.2));
#6072=CARTESIAN_POINT('',(82.018161036322,39.9499996010214,-7.175));
#6073=CARTESIAN_POINT('',(82.018161036322,39.3499996010214,-7.2));
#6074=CARTESIAN_POINT('Origin',(34.8229869751962,39.6499996010214,-3.59976676107159));
#6075=CARTESIAN_POINT('',(73.636161036322,39.9499996010214,-7.09976676107159));
#6076=CARTESIAN_POINT('',(73.636161036322,39.3499996010214,-0.0997667610715858));
#6077=CARTESIAN_POINT('',(73.636161036322,39.8020759746387,-5.37399111994002));
#6078=CARTESIAN_POINT('',(70.636161036322,39.3499996010214,-0.0997667610715858));
#6079=CARTESIAN_POINT('',(34.8229869751962,39.3499996010214,-0.0997667610715858));
#6080=CARTESIAN_POINT('',(70.636161036322,39.9499996010214,-7.09976676107159));
#6081=CARTESIAN_POINT('',(70.636161036322,39.3910932644124,-0.57919283396699));
#6082=CARTESIAN_POINT('',(73.726262659808,39.9499996010214,-7.09976676107159));
#6083=CARTESIAN_POINT('Origin',(73.636161036322,39.3499996010214,-7.2));
#6084=CARTESIAN_POINT('',(73.636161036322,39.9499996010214,-7.19976676107159));
#6085=CARTESIAN_POINT('',(73.636161036322,39.9499996010214,-7.17488338053579));
#6086=CARTESIAN_POINT('',(73.636161036322,39.3499996010214,-7.19976676107159));
#6087=CARTESIAN_POINT('',(73.636161036322,39.3499996010214,-7.19976676107159));
#6088=CARTESIAN_POINT('',(73.636161036322,39.3499996010214,-7.2));
#6089=CARTESIAN_POINT('',(73.636161036322,39.3499996010214,-7.2));
#6090=CARTESIAN_POINT('Origin',(30.6313493170021,39.6499996010214,-3.59999984130263));
#6091=CARTESIAN_POINT('',(65.254127508255,39.9499996010214,-7.09999984130263));
#6092=CARTESIAN_POINT('',(65.254127508255,39.3499996010214,-0.0999998413026326));
#6093=CARTESIAN_POINT('',(65.254127508255,39.8020660583404,-5.37410851002398));
#6094=CARTESIAN_POINT('',(62.254127508255,39.3499996010214,-0.0999998413026326));
#6095=CARTESIAN_POINT('',(30.6313493170021,39.3499996010214,-0.0999998413026326));
#6096=CARTESIAN_POINT('',(62.254127508255,39.9499996010214,-7.09999984130263));
#6097=CARTESIAN_POINT('',(62.254127508255,39.3910833481141,-0.579310224050941));
#6098=CARTESIAN_POINT('',(65.257091238175,39.9499996010214,-7.09999984130263));
#6099=CARTESIAN_POINT('Origin',(65.254127508255,39.3499996010214,-7.2));
#6100=CARTESIAN_POINT('',(65.254127508255,39.9499996010214,-7.17499992009252));
#6101=CARTESIAN_POINT('',(65.254127508255,39.3499996010214,-7.2));
#6102=CARTESIAN_POINT('Origin',(15.6359327858871,39.6499996010214,-3.59999984130263));
#6103=CARTESIAN_POINT('',(35.282067564135,39.9499996010214,-7.09999984130263));
#6104=CARTESIAN_POINT('',(35.282067564135,39.3499996010214,-0.0999998413026326));
#6105=CARTESIAN_POINT('',(35.282067564135,39.8020660583404,-5.37410851002398));
#6106=CARTESIAN_POINT('',(32.282067564135,39.3499996010214,-0.0999998413026326));
#6107=CARTESIAN_POINT('',(15.6359327858871,39.3499996010214,-0.0999998413026326));
#6108=CARTESIAN_POINT('',(32.282067564135,39.9499996010214,-7.09999984130263));
#6109=CARTESIAN_POINT('',(32.282067564135,39.3910833481141,-0.579310224050941));
#6110=CARTESIAN_POINT('',(35.2999992109835,39.9499996010214,-7.09999984130263));
#6111=CARTESIAN_POINT('Origin',(35.282067564135,39.3499996010214,-7.2));
#6112=CARTESIAN_POINT('',(35.282067564135,39.9499996010214,-7.17499992009252));
#6113=CARTESIAN_POINT('',(35.282067564135,39.3499996010214,2.460050750842));
#6114=CARTESIAN_POINT('',(35.282067564135,39.3499996010214,2.460050750842));
#6115=CARTESIAN_POINT('',(35.282067564135,39.3499996010214,-7.2));
#6116=CARTESIAN_POINT('Origin',(11.4563497455967,39.6499996010214,-3.59999983906746));
#6117=CARTESIAN_POINT('',(26.900050800102,39.9499996010214,-7.09999983906746));
#6118=CARTESIAN_POINT('',(26.900050800102,39.3499996010214,-0.0999998390674584));
#6119=CARTESIAN_POINT('',(26.900050800102,39.8020660584355,-5.37410850889824));
#6120=CARTESIAN_POINT('',(23.900050800102,39.3499996010214,-0.0999998390674584));
#6121=CARTESIAN_POINT('',(11.4563497455967,39.3499996010214,-0.0999998390674584));
#6122=CARTESIAN_POINT('',(23.900050800102,39.9499996010214,-7.09999983906746));
#6123=CARTESIAN_POINT('',(23.900050800102,39.3910833482092,-0.579310222925203));
#6124=CARTESIAN_POINT('',(26.927780496573,39.9499996010214,-7.09999983906746));
#6125=CARTESIAN_POINT('Origin',(26.900050800102,39.3499996010214,-7.2));
#6126=CARTESIAN_POINT('',(26.900050800102,39.9499996010214,-7.17499991953373));
#6127=CARTESIAN_POINT('',(26.900050800102,39.3499996010214,2.460050750842));
#6128=CARTESIAN_POINT('',(26.900050800102,39.3499996010214,2.460050750842));
#6129=CARTESIAN_POINT('',(26.900050800102,39.3499996010214,-7.2));
#6130=CARTESIAN_POINT('Origin',(63.7535449233895,39.9499996010214,-7.14999984018505));
#6131=CARTESIAN_POINT('',(62.254127508255,39.9499996010214,-2.34497454467152));
#6132=CARTESIAN_POINT('Origin',(25.4138899811832,39.9499996010214,-7.14999983906746));
#6133=CARTESIAN_POINT('',(23.900050800102,39.9499996010214,-2.34497454411273));
#6134=CARTESIAN_POINT('Origin',(73.726262659808,39.3499996010214,-7.19976676107159));
#6135=CARTESIAN_POINT('',(70.636161036322,39.9499996010214,-7.19976676107159));
#6136=CARTESIAN_POINT('',(70.6332739249924,39.9499996010214,-7.19976676107159));
#6137=CARTESIAN_POINT('',(70.636161036322,39.3499996010214,-7.19976676107159));
#6138=CARTESIAN_POINT('',(70.636161036322,39.3499996010214,-7.19976676107159));
#6139=CARTESIAN_POINT('',(36.369481342604,39.3499996010214,-7.19976676107159));
#6140=CARTESIAN_POINT('Origin',(72.1797682924002,39.9499996010214,-7.14976676107159));
#6141=CARTESIAN_POINT('',(70.636161036322,39.9499996010214,-2.34485800511479));
#6142=CARTESIAN_POINT('Origin',(33.7795823786789,39.9499996010214,-7.14999984018505));
#6143=CARTESIAN_POINT('',(32.282067564135,39.9499996010214,-2.34497454467152));
#6144=CARTESIAN_POINT('Origin',(80.4465021136479,39.9499996010214,-7.15));
#6145=CARTESIAN_POINT('',(79.018161036322,39.9499996010214,-2.344974624579));
#6146=CARTESIAN_POINT('Origin',(70.636161036322,39.3499996010214,2.460050750842));
#6147=CARTESIAN_POINT('',(70.636161036322,39.3499996010214,-2.369974624579));
#6148=CARTESIAN_POINT('',(70.636161036322,39.3499996010214,-2.369974624579));
#6149=CARTESIAN_POINT('Origin',(-0.987299974599953,39.3499996010214,-7.2));
#6150=CARTESIAN_POINT('Origin',(72.136161036322,39.3499996010214,2.460050750842));
#6151=CARTESIAN_POINT('Origin',(79.018161036322,39.3499996010214,2.460050750842));
#6152=CARTESIAN_POINT('',(79.018161036322,39.3499996010214,-2.369974624579));
#6153=CARTESIAN_POINT('Origin',(48.000088900178,17.8499996010214,-7.2));
#6154=CARTESIAN_POINT('Origin',(80.518161036322,39.0499996010214,2.460050750842));
#6155=CARTESIAN_POINT('',(79.618161036322,38.7499996010214,2.460050750842));
#6156=CARTESIAN_POINT('Origin',(80.518161036322,38.7499996010214,2.460050750842));
#6157=CARTESIAN_POINT('',(79.318161036322,39.0499996010214,2.460050750842));
#6158=CARTESIAN_POINT('Origin',(80.518161036322,39.3499996010214,2.460050750842));
#6159=CARTESIAN_POINT('Origin',(80.518161036322,38.7499996010214,2.460050750842));
#6160=CARTESIAN_POINT('Origin',(72.136161036322,39.0499996010214,2.460050750842));
#6161=CARTESIAN_POINT('',(71.236161036322,38.7499996010214,2.460050750842));
#6162=CARTESIAN_POINT('Origin',(72.136161036322,38.7499996010214,2.460050750842));
#6163=CARTESIAN_POINT('',(70.936161036322,39.0499996010214,2.460050750842));
#6164=CARTESIAN_POINT('Origin',(72.136161036322,38.7499996010214,2.460050750842));
#6165=CARTESIAN_POINT('Origin',(63.754127508255,39.0499996010214,2.460050750842));
#6166=CARTESIAN_POINT('',(62.854127508255,38.7499996010214,2.460050750842));
#6167=CARTESIAN_POINT('Origin',(63.754127508255,38.7499996010214,2.460050750842));
#6168=CARTESIAN_POINT('',(62.554127508255,39.0499996010214,2.460050750842));
#6169=CARTESIAN_POINT('Origin',(63.754127508255,39.3499996010214,2.460050750842));
#6170=CARTESIAN_POINT('Origin',(63.754127508255,38.7499996010214,2.460050750842));
#6171=CARTESIAN_POINT('Origin',(33.782067564135,39.0499996010214,2.460050750842));
#6172=CARTESIAN_POINT('',(32.882067564135,38.7499996010214,2.460050750842));
#6173=CARTESIAN_POINT('Origin',(33.782067564135,38.7499996010214,2.460050750842));
#6174=CARTESIAN_POINT('',(32.282067564135,39.3499996010214,2.460050750842));
#6175=CARTESIAN_POINT('',(32.582067564135,39.0499996010214,2.460050750842));
#6176=CARTESIAN_POINT('Origin',(33.782067564135,39.3499996010214,2.460050750842));
#6177=CARTESIAN_POINT('Origin',(33.782067564135,39.3499996010214,2.460050750842));
#6178=CARTESIAN_POINT('Origin',(33.782067564135,39.3499996010214,2.460050750842));
#6179=CARTESIAN_POINT('',(32.282067564135,39.3499996010214,2.460050750842));
#6180=CARTESIAN_POINT('Origin',(33.782067564135,38.7499996010214,2.460050750842));
#6181=CARTESIAN_POINT('Origin',(25.400050800102,39.0499996010214,2.460050750842));
#6182=CARTESIAN_POINT('',(24.500050800102,38.7499996010214,2.460050750842));
#6183=CARTESIAN_POINT('Origin',(25.400050800102,38.7499996010214,2.460050750842));
#6184=CARTESIAN_POINT('',(23.900050800102,39.3499996010214,2.460050750842));
#6185=CARTESIAN_POINT('',(24.200050800102,39.0499996010214,2.460050750842));
#6186=CARTESIAN_POINT('Origin',(25.400050800102,39.3499996010214,2.460050750842));
#6187=CARTESIAN_POINT('Origin',(25.400050800102,39.3499996010214,2.460050750842));
#6188=CARTESIAN_POINT('Origin',(25.400050800102,39.3499996010214,2.460050750842));
#6189=CARTESIAN_POINT('',(23.900050800102,39.3499996010214,2.460050750842));
#6190=CARTESIAN_POINT('Origin',(25.400050800102,38.7499996010214,2.460050750842));
#6191=CARTESIAN_POINT('Origin',(-0.987299974599953,39.3499996010214,-7.2));
#6192=CARTESIAN_POINT('',(23.900050800102,39.3499996010214,-2.369974624579));
#6193=CARTESIAN_POINT('Origin',(-0.987299974599953,39.3499996010214,-7.2));
#6194=CARTESIAN_POINT('Origin',(-0.987299974599953,39.3499996010214,-7.2));
#6195=CARTESIAN_POINT('',(32.282067564135,39.3499996010214,-2.369974624579));
#6196=CARTESIAN_POINT('Origin',(-0.987299974599953,39.3499996010214,-7.2));
#6197=CARTESIAN_POINT('Origin',(-0.987299974599953,39.3499996010214,-7.2));
#6198=CARTESIAN_POINT('',(62.254127508255,39.3499996010214,-2.369974624579));
#6199=CARTESIAN_POINT('Origin',(66.254127508255,39.3499996010214,2.460050750842));
#6200=CARTESIAN_POINT('',(66.254127508255,39.3499996010214,2.460050750842));
#6201=CARTESIAN_POINT('Origin',(63.754127508255,39.3499996010214,2.460050750842));
#6202=CARTESIAN_POINT('',(61.254127508255,39.3499996010214,2.460050750842));
#6203=CARTESIAN_POINT('Origin',(61.254127508255,39.3499996010214,-7.2));
#6204=CARTESIAN_POINT('Origin',(62.254127508255,39.3499996010214,2.460050750842));
#6205=CARTESIAN_POINT('Origin',(27.900050800102,39.3499996010214,2.460050750842));
#6206=CARTESIAN_POINT('',(27.900050800102,39.3499996010214,2.460050750842));
#6207=CARTESIAN_POINT('Origin',(25.400050800102,39.3499996010214,2.460050750842));
#6208=CARTESIAN_POINT('',(22.900050800102,39.3499996010214,2.460050750842));
#6209=CARTESIAN_POINT('Origin',(22.900050800102,39.3499996010214,-7.2));
#6210=CARTESIAN_POINT('Origin',(23.900050800102,39.3499996010214,2.460050750842));
#6211=CARTESIAN_POINT('Origin',(74.636161036322,39.3499996010214,2.460050750842));
#6212=CARTESIAN_POINT('',(74.636161036322,39.3499996010214,2.460050750842));
#6213=CARTESIAN_POINT('Origin',(72.136161036322,39.3499996010214,2.460050750842));
#6214=CARTESIAN_POINT('',(69.636161036322,39.3499996010214,2.460050750842));
#6215=CARTESIAN_POINT('Origin',(69.636161036322,39.3499996010214,-7.2));
#6216=CARTESIAN_POINT('Origin',(36.282067564135,39.3499996010214,2.460050750842));
#6217=CARTESIAN_POINT('',(36.282067564135,39.3499996010214,2.460050750842));
#6218=CARTESIAN_POINT('Origin',(33.782067564135,39.3499996010214,2.460050750842));
#6219=CARTESIAN_POINT('',(31.282067564135,39.3499996010214,2.460050750842));
#6220=CARTESIAN_POINT('Origin',(31.282067564135,39.3499996010214,-7.2));
#6221=CARTESIAN_POINT('Origin',(32.282067564135,39.3499996010214,2.460050750842));
#6222=CARTESIAN_POINT('Origin',(83.018161036322,39.3499996010214,2.460050750842));
#6223=CARTESIAN_POINT('',(83.018161036322,39.3499996010214,2.460050750842));
#6224=CARTESIAN_POINT('Origin',(80.518161036322,39.3499996010214,2.460050750842));
#6225=CARTESIAN_POINT('',(78.018161036322,39.3499996010214,2.460050750842));
#6226=CARTESIAN_POINT('Origin',(78.018161036322,39.3499996010214,-7.2));
#6227=CARTESIAN_POINT('Origin',(17.6903645471746,2.8499996010214,-7.2));
#6228=CARTESIAN_POINT('',(19.6903645471746,2.8499996010214,-5.2));
#6229=CARTESIAN_POINT('',(19.6903645471746,2.8499996010214,-7.2));
#6230=CARTESIAN_POINT('',(17.6903645471746,2.8499996010214,-5.2));
#6231=CARTESIAN_POINT('',(17.6903645471746,2.8499996010214,-5.2));
#6232=CARTESIAN_POINT('',(17.6903645471746,2.8499996010214,-7.2));
#6233=CARTESIAN_POINT('Origin',(17.6903645471746,32.8499996010214,-7.2));
#6234=CARTESIAN_POINT('',(17.6903645471746,32.8499996010214,-5.2));
#6235=CARTESIAN_POINT('',(17.6903645471746,32.8499996010214,-5.2));
#6236=CARTESIAN_POINT('',(17.6903645471746,32.8499996010214,-7.2));
#6237=CARTESIAN_POINT('Origin',(19.6903645471746,32.8499996010214,-7.2));
#6238=CARTESIAN_POINT('',(19.6903645471746,32.8499996010214,-5.2));
#6239=CARTESIAN_POINT('',(19.6903645471746,32.8499996010214,-5.2));
#6240=CARTESIAN_POINT('',(19.6903645471746,32.8499996010214,-7.2));
#6241=CARTESIAN_POINT('Origin',(19.6903645471746,2.8499996010214,-7.2));
#6242=CARTESIAN_POINT('',(19.6903645471746,7.5999996010214,-7.2));
#6243=CARTESIAN_POINT('',(19.6903645471746,2.8499996010214,-5.2));
#6244=CARTESIAN_POINT('Origin',(18.6903645471746,17.8499996010214,-5.2));
#6245=CARTESIAN_POINT('Origin',(80.1903645471747,0.849999601021394,-7.2));
#6246=CARTESIAN_POINT('',(78.1903645471746,0.849999601021394,-5.2));
#6247=CARTESIAN_POINT('',(78.1903645471746,0.849999601021394,-7.2));
#6248=CARTESIAN_POINT('',(80.1903645471747,0.849999601021394,-5.2));
#6249=CARTESIAN_POINT('',(80.1903645471747,0.849999601021394,-5.2));
#6250=CARTESIAN_POINT('',(80.1903645471747,0.849999601021394,-7.2));
#6251=CARTESIAN_POINT('Origin',(80.1903645471747,-3.15000039897861,-7.2));
#6252=CARTESIAN_POINT('',(80.1903645471747,-3.15000039897861,-5.2));
#6253=CARTESIAN_POINT('',(80.1903645471747,-3.15000039897861,-5.2));
#6254=CARTESIAN_POINT('',(80.1903645471747,-3.15000039897861,-7.2));
#6255=CARTESIAN_POINT('Origin',(78.1903645471746,-3.15000039897861,-7.2));
#6256=CARTESIAN_POINT('',(78.1903645471746,-3.15000039897861,-5.2));
#6257=CARTESIAN_POINT('',(78.1903645471746,-3.15000039897861,-5.2));
#6258=CARTESIAN_POINT('',(78.1903645471746,-3.15000039897861,-7.2));
#6259=CARTESIAN_POINT('Origin',(78.1903645471746,0.849999601021394,-7.2));
#6260=CARTESIAN_POINT('',(78.1903645471746,28.0999996010214,-7.2));
#6261=CARTESIAN_POINT('',(78.1903645471746,0.849999601021394,-5.2));
#6262=CARTESIAN_POINT('Origin',(79.1903645471747,-1.15000039897861,-5.2));
#6263=CARTESIAN_POINT('Origin',(78.1903645471746,38.8499996010214,-7.2));
#6264=CARTESIAN_POINT('',(78.1903645471746,28.0999996010214,-7.2));
#6265=CARTESIAN_POINT('',(78.1903645471746,34.8499996010214,-5.2));
#6266=CARTESIAN_POINT('',(78.1903645471746,34.8499996010214,-7.2));
#6267=CARTESIAN_POINT('',(78.1903645471746,38.8499996010214,-5.2));
#6268=CARTESIAN_POINT('',(78.1903645471746,34.8499996010214,-5.2));
#6269=CARTESIAN_POINT('',(78.1903645471746,38.8499996010214,-7.2));
#6270=CARTESIAN_POINT('Origin',(80.1903645471747,38.8499996010214,-7.2));
#6271=CARTESIAN_POINT('',(80.1903645471747,38.8499996010214,-5.2));
#6272=CARTESIAN_POINT('',(78.1903645471746,38.8499996010214,-5.2));
#6273=CARTESIAN_POINT('',(80.1903645471747,38.8499996010214,-7.2));
#6274=CARTESIAN_POINT('Origin',(80.1903645471747,34.8499996010214,-7.2));
#6275=CARTESIAN_POINT('',(80.1903645471747,34.8499996010214,-5.2));
#6276=CARTESIAN_POINT('',(80.1903645471747,38.8499996010214,-5.2));
#6277=CARTESIAN_POINT('',(80.1903645471747,34.8499996010214,-7.2));
#6278=CARTESIAN_POINT('Origin',(78.1903645471746,34.8499996010214,-7.2));
#6279=CARTESIAN_POINT('',(80.1903645471747,34.8499996010214,-5.2));
#6280=CARTESIAN_POINT('Origin',(79.1903645471747,36.8499996010214,-5.2));
#6281=CARTESIAN_POINT('Origin',(77.9403645471746,28.0999996010214,-7.45));
#6282=CARTESIAN_POINT('',(77.6903645471746,38.3499996010214,-7.7));
#6283=CARTESIAN_POINT('',(78.1903645471746,38.8499996010214,-7.2));
#6284=CARTESIAN_POINT('',(77.6903645471746,-2.65000039897861,-7.7));
#6285=CARTESIAN_POINT('',(77.6903645471746,28.0999996010214,-7.7));
#6286=CARTESIAN_POINT('',(78.1903645471746,-3.15000039897861,-7.2));
#6287=CARTESIAN_POINT('Origin',(34.0952267236763,38.5999996010214,-7.45));
#6288=CARTESIAN_POINT('',(20.1903645471746,38.3499996010214,-7.7));
#6289=CARTESIAN_POINT('',(19.6903645471746,38.8499996010214,-7.2));
#6290=CARTESIAN_POINT('',(34.0952267236763,38.3499996010214,-7.7));
#6291=CARTESIAN_POINT('Origin',(19.9403645471746,7.5999996010214,-7.45));
#6292=CARTESIAN_POINT('',(20.1903645471746,-2.65000039897861,-7.7));
#6293=CARTESIAN_POINT('',(19.6903645471746,-3.15000039897861,-7.2));
#6294=CARTESIAN_POINT('',(20.1903645471746,7.5999996010214,-7.7));
#6295=CARTESIAN_POINT('Origin',(62.8452267236763,-2.90000039897861,-7.45));
#6296=CARTESIAN_POINT('',(62.8452267236763,-2.65000039897861,-7.7));
#6297=CARTESIAN_POINT('Origin',(77.6903645471746,-2.65000039897861,-8.2));
#6298=CARTESIAN_POINT('',(77.6903645471746,-2.65000039897861,-8.2));
#6299=CARTESIAN_POINT('',(77.6903645471746,-2.65000039897861,-8.2));
#6300=CARTESIAN_POINT('',(20.1903645471746,-2.65000039897861,-8.2));
#6301=CARTESIAN_POINT('',(62.8452267236763,-2.65000039897861,-8.2));
#6302=CARTESIAN_POINT('',(20.1903645471746,-2.65000039897861,-8.2));
#6303=CARTESIAN_POINT('Origin',(77.6903645471746,38.3499996010214,-8.2));
#6304=CARTESIAN_POINT('',(77.6903645471746,38.3499996010214,-8.2));
#6305=CARTESIAN_POINT('',(77.6903645471746,38.3499996010214,-8.2));
#6306=CARTESIAN_POINT('',(77.6903645471746,28.0999996010214,-8.2));
#6307=CARTESIAN_POINT('Origin',(-2.48729997459995,6.0999996010214,8.3));
#6308=CARTESIAN_POINT('',(-2.98729997459995,-1.65000039897861,7.8));
#6309=CARTESIAN_POINT('',(-2.98729997459995,-1.65000039897861,7.8));
#6310=CARTESIAN_POINT('',(-2.98729997459995,37.3499996010214,7.8));
#6311=CARTESIAN_POINT('',(-1.98729997459995,37.3499996010214,8.8));
#6312=CARTESIAN_POINT('',(-2.98729997459995,6.0999996010214,7.8));
#6313=CARTESIAN_POINT('Origin',(1.01270002540005,-1.65000039897861,8.3));
#6314=CARTESIAN_POINT('Origin',(1.01270002540005,-1.65000039897861,7.8));
#6315=CARTESIAN_POINT('',(1.01270002540005,-5.65000039897861,7.8));
#6316=CARTESIAN_POINT('Origin',(73.493783337567,-5.15000039897861,8.3));
#6317=CARTESIAN_POINT('Origin',(22.506394462789,40.8499996010214,8.3));
#6318=CARTESIAN_POINT('',(1.01270002540005,41.3499996010214,7.8));
#6319=CARTESIAN_POINT('Origin',(1.01270002540005,37.3499996010214,8.3));
#6320=CARTESIAN_POINT('Origin',(1.01270002540005,37.3499996010214,7.8));
#6321=CARTESIAN_POINT('Origin',(94.987477774956,-1.65000039897861,-8.2));
#6322=CARTESIAN_POINT('',(98.987477774956,-1.65000039897861,-8.2));
#6323=CARTESIAN_POINT('Origin',(94.987477774956,-1.65000039897861,-8.2));
#6324=CARTESIAN_POINT('',(98.987477774956,-1.65000039897861,-8.2));
#6325=CARTESIAN_POINT('Origin',(1.01270002540005,-1.65000039897861,-8.2));
#6326=CARTESIAN_POINT('',(-2.98729997459995,-1.65000039897861,-8.2));
#6327=CARTESIAN_POINT('',(-2.98729997459995,-1.65000039897861,-8.2));
#6328=CARTESIAN_POINT('Origin',(1.01270002540005,-1.65000039897861,-8.2));
#6329=CARTESIAN_POINT('Origin',(-2.98729997459995,-5.65000039897861,-8.2));
#6330=CARTESIAN_POINT('',(-2.98729997459995,37.3499996010214,-8.2));
#6331=CARTESIAN_POINT('',(-2.98729997459995,37.3499996010214,-8.2));
#6332=CARTESIAN_POINT('',(-2.98729997459995,6.0999996010214,-8.2));
#6333=CARTESIAN_POINT('',(-2.98729997459995,23.073053041115,5.860050765679));
#6334=CARTESIAN_POINT('',(-2.98729997459995,30.013053131097,5.860050765679));
#6335=CARTESIAN_POINT('',(-2.98729997459995,12.1815263660592,5.860050765679));
#6336=CARTESIAN_POINT('',(-2.98729997459995,21.073053041115,3.860050765679));
#6337=CARTESIAN_POINT('Origin',(-2.98729997459995,23.073053041115,3.860050765679));
#6338=CARTESIAN_POINT('',(-2.98729997459995,21.073053041115,2.700050733874));
#6339=CARTESIAN_POINT('',(-2.98729997459995,21.073053041115,-2.1699746171605));
#6340=CARTESIAN_POINT('',(-2.98729997459995,23.073053041115,0.700050733874002));
#6341=CARTESIAN_POINT('Origin',(-2.98729997459995,23.073053041115,2.700050733874));
#6342=CARTESIAN_POINT('',(-2.98729997459995,30.013053131097,0.700050733873999));
#6343=CARTESIAN_POINT('',(-2.98729997459995,8.7115263210682,0.700050733874003));
#6344=CARTESIAN_POINT('',(-2.98729997459995,32.013053131097,2.700050733874));
#6345=CARTESIAN_POINT('Origin',(-2.98729997459995,30.013053131097,2.700050733874));
#6346=CARTESIAN_POINT('',(-2.98729997459995,32.013053131097,3.860050765679));
#6347=CARTESIAN_POINT('',(-2.98729997459995,32.013053131097,-2.74997463306293));
#6348=CARTESIAN_POINT('Origin',(-2.98729997459995,30.013053131097,3.860050765679));
#6349=CARTESIAN_POINT('',(-2.98729997459995,8.79100838201694,3.900050747679));
#6350=CARTESIAN_POINT('Origin',(-2.98729997459995,5.29100838201694,3.900050747679));
#6351=CARTESIAN_POINT('',(-2.98729997459995,18.4430276860549,3.900050747679));
#6352=CARTESIAN_POINT('Origin',(-2.98729997459995,14.9430276860549,3.900050747679));
#6353=CARTESIAN_POINT('Origin',(-2.73729997459995,12.1815263660592,5.610050765679));
#6354=CARTESIAN_POINT('',(-2.48729997459995,23.073053041115,5.360050765679));
#6355=CARTESIAN_POINT('',(-2.48729997459995,23.073053041115,5.360050765679));
#6356=CARTESIAN_POINT('',(-2.48729997459995,30.013053131097,5.360050765679));
#6357=CARTESIAN_POINT('',(-2.98729997459995,30.013053131097,5.860050765679));
#6358=CARTESIAN_POINT('',(-2.48729997459995,12.1815263660592,5.360050765679));
#6359=CARTESIAN_POINT('Origin',(-2.73729997459995,23.073053041115,3.860050765679));
#6360=CARTESIAN_POINT('',(-2.48729997459995,21.573053041115,3.860050765679));
#6361=CARTESIAN_POINT('',(-2.48729997459995,21.573053041115,3.860050765679));
#6362=CARTESIAN_POINT('Origin',(-2.48729997459995,23.073053041115,3.860050765679));
#6363=CARTESIAN_POINT('Origin',(-2.73729997459995,21.323053041115,-2.1699746171605));
#6364=CARTESIAN_POINT('',(-2.48729997459995,21.573053041115,2.700050733874));
#6365=CARTESIAN_POINT('',(-2.48729997459995,21.573053041115,2.700050733874));
#6366=CARTESIAN_POINT('',(-2.48729997459995,21.573053041115,-2.1699746171605));
#6367=CARTESIAN_POINT('Origin',(-2.73729997459995,23.073053041115,2.700050733874));
#6368=CARTESIAN_POINT('',(-2.48729997459995,23.073053041115,1.200050733874));
#6369=CARTESIAN_POINT('',(-2.48729997459995,23.073053041115,1.200050733874));
#6370=CARTESIAN_POINT('Origin',(-2.48729997459995,23.073053041115,2.700050733874));
#6371=CARTESIAN_POINT('Origin',(-2.73729997459995,8.7115263210682,0.950050733874003));
#6372=CARTESIAN_POINT('',(-2.48729997459995,30.013053131097,1.200050733874));
#6373=CARTESIAN_POINT('',(-2.48729997459995,30.013053131097,1.200050733874));
#6374=CARTESIAN_POINT('',(-2.48729997459995,8.7115263210682,1.200050733874));
#6375=CARTESIAN_POINT('Origin',(-2.73729997459995,30.013053131097,2.700050733874));
#6376=CARTESIAN_POINT('',(-2.48729997459995,31.513053131097,2.700050733874));
#6377=CARTESIAN_POINT('',(-2.48729997459995,31.513053131097,2.700050733874));
#6378=CARTESIAN_POINT('Origin',(-2.48729997459995,30.013053131097,2.700050733874));
#6379=CARTESIAN_POINT('Origin',(-2.73729997459995,31.763053131097,-2.74997463306293));
#6380=CARTESIAN_POINT('',(-2.48729997459995,31.513053131097,3.860050765679));
#6381=CARTESIAN_POINT('',(-2.48729997459995,31.513053131097,3.860050765679));
#6382=CARTESIAN_POINT('',(-2.48729997459995,31.513053131097,-2.74997463306293));
#6383=CARTESIAN_POINT('Origin',(-2.73729997459995,30.013053131097,3.860050765679));
#6384=CARTESIAN_POINT('Origin',(-2.48729997459995,30.013053131097,3.860050765679));
#6385=CARTESIAN_POINT('Origin',(-2.98729997459995,23.073053041115,2.700050733874));
#6386=CARTESIAN_POINT('',(-0.987299974599951,21.573053041115,2.700050733874));
#6387=CARTESIAN_POINT('',(-2.98729997459995,21.573053041115,2.700050733874));
#6388=CARTESIAN_POINT('',(-0.987299974599951,23.073053041115,1.200050733874));
#6389=CARTESIAN_POINT('Origin',(-0.987299974599953,23.073053041115,2.700050733874));
#6390=CARTESIAN_POINT('',(-2.98729997459995,23.073053041115,1.200050733874));
#6391=CARTESIAN_POINT('Origin',(-2.98729997459995,21.573053041115,3.860050765679));
#6392=CARTESIAN_POINT('',(-0.987299974599951,21.573053041115,3.860050765679));
#6393=CARTESIAN_POINT('',(-2.98729997459995,21.573053041115,3.860050765679));
#6394=CARTESIAN_POINT('',(-0.987299974599953,21.573053041115,-1.6699746171605));
#6395=CARTESIAN_POINT('Origin',(-2.98729997459995,23.073053041115,3.860050765679));
#6396=CARTESIAN_POINT('',(-0.987299974599951,23.073053041115,5.360050765679));
#6397=CARTESIAN_POINT('',(-2.98729997459995,23.073053041115,5.360050765679));
#6398=CARTESIAN_POINT('Origin',(-0.987299974599953,23.073053041115,3.860050765679));
#6399=CARTESIAN_POINT('Origin',(-2.98729997459995,30.013053131097,5.360050765679));
#6400=CARTESIAN_POINT('',(-0.987299974599951,30.013053131097,5.360050765679));
#6401=CARTESIAN_POINT('',(-2.98729997459995,30.013053131097,5.360050765679));
#6402=CARTESIAN_POINT('',(-0.987299974599953,13.1815263660592,5.360050765679));
#6403=CARTESIAN_POINT('Origin',(-2.73729997459995,14.9430276860549,3.900050747679));
#6404=CARTESIAN_POINT('',(-2.48729997459995,17.9430276860549,3.900050747679));
#6405=CARTESIAN_POINT('',(-2.73729997459995,18.1930276860549,3.900050747679));
#6406=CARTESIAN_POINT('Origin',(-2.48729997459995,14.9430276860549,3.900050747679));
#6407=CARTESIAN_POINT('Origin',(-2.98729997459995,14.9430276860549,3.900050747679));
#6408=CARTESIAN_POINT('',(-0.987299974599951,17.9430276860549,3.900050747679));
#6409=CARTESIAN_POINT('',(-2.98729997459995,17.9430276860549,3.900050747679));
#6410=CARTESIAN_POINT('Origin',(-0.987299974599953,14.9430276860549,3.900050747679));
#6411=CARTESIAN_POINT('Origin',(-2.73729997459995,5.29100838201694,3.900050747679));
#6412=CARTESIAN_POINT('',(-2.48729997459995,8.29100838201694,3.900050747679));
#6413=CARTESIAN_POINT('',(-2.73729997459995,8.54100838201694,3.900050747679));
#6414=CARTESIAN_POINT('Origin',(-2.48729997459995,5.29100838201694,3.900050747679));
#6415=CARTESIAN_POINT('Origin',(-2.98729997459995,5.29100838201694,3.900050747679));
#6416=CARTESIAN_POINT('',(-0.987299974599951,8.29100838201694,3.900050747679));
#6417=CARTESIAN_POINT('',(-2.98729997459995,8.29100838201694,3.900050747679));
#6418=CARTESIAN_POINT('Origin',(-0.987299974599953,5.29100838201694,3.900050747679));
#6419=CARTESIAN_POINT('Origin',(-2.98729997459995,30.013053131097,3.860050765679));
#6420=CARTESIAN_POINT('',(-0.987299974599951,31.513053131097,3.860050765679));
#6421=CARTESIAN_POINT('',(-2.98729997459995,31.513053131097,3.860050765679));
#6422=CARTESIAN_POINT('Origin',(-0.987299974599953,30.013053131097,3.860050765679));
#6423=CARTESIAN_POINT('Origin',(-2.98729997459995,31.513053131097,2.700050733874));
#6424=CARTESIAN_POINT('',(-0.987299974599951,31.513053131097,2.700050733874));
#6425=CARTESIAN_POINT('',(-2.98729997459995,31.513053131097,2.700050733874));
#6426=CARTESIAN_POINT('',(-0.987299974599953,31.513053131097,-2.24997463306293));
#6427=CARTESIAN_POINT('Origin',(-2.98729997459995,30.013053131097,2.700050733874));
#6428=CARTESIAN_POINT('',(-0.987299974599951,30.013053131097,1.200050733874));
#6429=CARTESIAN_POINT('',(-2.98729997459995,30.013053131097,1.200050733874));
#6430=CARTESIAN_POINT('Origin',(-0.987299974599953,30.013053131097,2.700050733874));
#6431=CARTESIAN_POINT('Origin',(-2.98729997459995,23.073053041115,1.200050733874));
#6432=CARTESIAN_POINT('',(-0.987299974599953,9.7115263210682,1.200050733874));
#6433=CARTESIAN_POINT('Origin',(2.032004064008,36.068072136144,-7.2));
#6434=CARTESIAN_POINT('',(3.032006604013,36.068072136144,0.));
#6435=CARTESIAN_POINT('Origin',(2.032004064008,36.068072136144,0.));
#6436=CARTESIAN_POINT('',(3.032006604013,36.068072136144,-7.2));
#6437=CARTESIAN_POINT('',(3.032006604013,36.068072136144,-7.2));
#6438=CARTESIAN_POINT('Origin',(2.032004064008,36.068072136144,-7.2));
#6439=CARTESIAN_POINT('Origin',(0.161741432384881,36.7766747672104,-7.2));
#6440=CARTESIAN_POINT('',(-0.987299974599951,36.7766747672104,-7.2));
#6441=CARTESIAN_POINT('',(0.161741432384881,36.7766747672104,-7.2));
#6442=CARTESIAN_POINT('',(24.0809151662815,36.7766747672104,-7.2));
#6443=CARTESIAN_POINT('',(-0.987299974599951,36.7766747672104,0.));
#6444=CARTESIAN_POINT('',(-0.987299974599953,36.7766747672104,-7.2));
#6445=CARTESIAN_POINT('',(0.161741432384881,36.7766747672104,0.));
#6446=CARTESIAN_POINT('',(0.399999991059303,36.7766747672104,0.));
#6447=CARTESIAN_POINT('',(0.161741432384881,36.7766747672104,-7.2));
#6448=CARTESIAN_POINT('Origin',(2.032004064008,36.068072136144,-7.2));
#6449=CARTESIAN_POINT('',(1.24845393207347,37.9081941947981,-7.2));
#6450=CARTESIAN_POINT('Origin',(2.032004064008,36.068072136144,-7.2));
#6451=CARTESIAN_POINT('',(1.24845393207347,37.9081941947981,0.));
#6452=CARTESIAN_POINT('Origin',(2.032004064008,36.068072136144,0.));
#6453=CARTESIAN_POINT('',(1.24845393207347,37.9081941947981,-7.2));
#6454=CARTESIAN_POINT('Origin',(1.24845393207347,39.3499996010214,-7.2));
#6455=CARTESIAN_POINT('',(1.24845393207347,28.5999996010214,-7.2));
#6456=CARTESIAN_POINT('',(1.24845393207347,39.3499996010214,0.));
#6457=CARTESIAN_POINT('Origin',(2.74845393207347,37.9353427610265,-7.2));
#6458=CARTESIAN_POINT('',(2.74845393207347,37.9353427610265,0.));
#6459=CARTESIAN_POINT('',(2.74845393207347,37.4999991618097,0.));
#6460=CARTESIAN_POINT('',(2.74845393207347,37.9353427610265,-7.2));
#6461=CARTESIAN_POINT('Origin',(2.032004064008,36.068072136144,-7.2));
#6462=CARTESIAN_POINT('',(0.195243272711286,35.2766747672104,0.));
#6463=CARTESIAN_POINT('Origin',(2.032004064008,36.068072136144,0.));
#6464=CARTESIAN_POINT('',(0.195243272711286,35.2766747672104,-7.2));
#6465=CARTESIAN_POINT('Origin',(-0.987299974599953,35.2766747672104,-7.2));
#6466=CARTESIAN_POINT('',(-0.987299974599953,35.2766747672104,0.));
#6467=CARTESIAN_POINT('',(-0.987299974599953,35.2766747672104,0.));
#6468=CARTESIAN_POINT('',(-0.987299974599953,35.2766747672104,-7.2));
#6469=CARTESIAN_POINT('Origin',(1.52235204470403,36.7090358685827,0.));
#6470=CARTESIAN_POINT('',(-0.987299974599953,16.529517734802,0.));
#6471=CARTESIAN_POINT('Origin',(-0.987299974599953,-3.65000039897861,-7.2));
#6472=CARTESIAN_POINT('',(-0.987299974599951,37.3499996010214,-7.2));
#6473=CARTESIAN_POINT('',(-0.987299974599951,7.0999996010214,-7.2));
#6474=CARTESIAN_POINT('',(-0.987299974599953,37.3499996010214,-7.2));
#6475=CARTESIAN_POINT('',(-0.987299974599951,-1.6500003989786,-7.2));
#6476=CARTESIAN_POINT('',(-0.987299974599953,-1.6500003989786,-7.2));
#6477=CARTESIAN_POINT('',(-0.98729997459995,8.89456812674728,-7.2));
#6478=CARTESIAN_POINT('',(-0.987299974599951,7.0999996010214,-7.2));
#6479=CARTESIAN_POINT('',(-0.98729997459995,8.89456812674728,0.));
#6480=CARTESIAN_POINT('',(-0.987299974599953,8.89456812674728,-7.2));
#6481=CARTESIAN_POINT('',(-0.987299974599951,10.8945681267473,0.));
#6482=CARTESIAN_POINT('',(-0.987299974599953,-0.0138582675471352,0.));
#6483=CARTESIAN_POINT('',(-0.987299974599953,10.8945681267473,-7.2));
#6484=CARTESIAN_POINT('Origin',(48.000088900178,17.8499996010214,-7.2));
#6485=CARTESIAN_POINT('Origin',(1.01270002540005,37.3499996010214,-7.2));
#6486=CARTESIAN_POINT('Origin',(48.000088900178,17.8499996010214,-7.2));
#6487=CARTESIAN_POINT('Origin',(86.868173736347,35.941071882144,-7.2));
#6488=CARTESIAN_POINT('',(87.868176276352,35.941071882144,0.));
#6489=CARTESIAN_POINT('Origin',(86.868173736347,35.941071882144,0.));
#6490=CARTESIAN_POINT('',(87.868176276352,35.941071882144,-7.2));
#6491=CARTESIAN_POINT('',(87.868176276352,35.941071882144,-7.2));
#6492=CARTESIAN_POINT('Origin',(86.868173736347,35.941071882144,-7.2));
#6493=CARTESIAN_POINT('Origin',(96.987477774956,36.657373567892,-7.2));
#6494=CARTESIAN_POINT('',(88.735501210304,36.657373567892,-7.2));
#6495=CARTESIAN_POINT('',(72.493783337567,36.657373567892,-7.2));
#6496=CARTESIAN_POINT('',(88.735501210304,36.657373567892,0.));
#6497=CARTESIAN_POINT('',(88.735501210304,36.657373567892,-7.2));
#6498=CARTESIAN_POINT('',(88.471305673815,36.657373567892,0.));
#6499=CARTESIAN_POINT('Origin',(88.7082326898152,35.157373567892,-7.2));
#6500=CARTESIAN_POINT('',(88.7082326898152,35.157373567892,0.));
#6501=CARTESIAN_POINT('',(96.987477774956,35.157373567892,0.));
#6502=CARTESIAN_POINT('',(88.7082326898152,35.157373567892,-7.2));
#6503=CARTESIAN_POINT('Origin',(86.868173736347,35.941071882144,-7.2));
#6504=CARTESIAN_POINT('',(86.1330364094785,37.8010646538086,0.));
#6505=CARTESIAN_POINT('Origin',(86.868173736347,35.941071882144,0.));
#6506=CARTESIAN_POINT('',(86.1330364094785,37.8010646538086,-7.2));
#6507=CARTESIAN_POINT('Origin',(86.1330364094785,39.3499996010214,-7.2));
#6508=CARTESIAN_POINT('',(86.1330364094785,37.0840863364437,0.));
#6509=CARTESIAN_POINT('Origin',(87.6330364094785,37.7890397095831,-7.2));
#6510=CARTESIAN_POINT('',(87.6330364094785,37.7890397095831,-7.2));
#6511=CARTESIAN_POINT('',(87.6330364094785,27.8195196553023,-7.2));
#6512=CARTESIAN_POINT('',(87.6330364094785,37.7890397095831,0.));
#6513=CARTESIAN_POINT('',(87.6330364094785,39.3499996010214,0.));
#6514=CARTESIAN_POINT('',(87.6330364094785,37.7890397095831,-7.2));
#6515=CARTESIAN_POINT('Origin',(86.868173736347,35.941071882144,-7.2));
#6516=CARTESIAN_POINT('Origin',(86.868173736347,35.941071882144,-7.2));
#6517=CARTESIAN_POINT('Origin',(86.868173736347,35.941071882144,0.));
#6518=CARTESIAN_POINT('Origin',(90.9278257556515,36.6455357415827,0.));
#6519=CARTESIAN_POINT('Origin',(48.000088900178,17.8499996010214,-7.2));
#6520=CARTESIAN_POINT('Origin',(48.000088900178,17.8499996010214,-7.2));
#6521=CARTESIAN_POINT('Origin',(15.4176303125514,10.8945681267473,-7.2));
#6522=CARTESIAN_POINT('',(15.4176303125514,10.8945681267473,0.));
#6523=CARTESIAN_POINT('',(-0.987299974599951,10.8945681267473,0.));
#6524=CARTESIAN_POINT('',(15.4176303125514,10.8945681267473,-7.2));
#6525=CARTESIAN_POINT('Origin',(15.4176303125514,-3.65000039897861,-7.2));
#6526=CARTESIAN_POINT('',(15.4176303125514,-3.65000039897861,0.));
#6527=CARTESIAN_POINT('Origin',(13.4176303125514,8.89456812674728,-7.2));
#6528=CARTESIAN_POINT('',(13.4176303125514,8.89456812674728,-7.2));
#6529=CARTESIAN_POINT('',(13.4176303125514,13.3722838638843,-7.2));
#6530=CARTESIAN_POINT('',(13.4176303125514,8.89456812674728,0.));
#6531=CARTESIAN_POINT('',(13.4176303125514,8.89456812674728,0.));
#6532=CARTESIAN_POINT('',(13.4176303125514,8.89456812674728,-7.2));
#6533=CARTESIAN_POINT('Origin',(-0.98729997459995,8.89456812674728,-7.2));
#6534=CARTESIAN_POINT('',(23.506394462789,8.89456812674728,-7.2));
#6535=CARTESIAN_POINT('',(-0.98729997459995,8.89456812674728,0.));
#6536=CARTESIAN_POINT('Origin',(7.21516516897575,3.62228386388433,0.));
#6537=CARTESIAN_POINT('Origin',(86.995173990348,2.032004064008,-7.2));
#6538=CARTESIAN_POINT('',(87.995176530353,2.032004064008,0.));
#6539=CARTESIAN_POINT('Origin',(86.995173990348,2.032004064008,0.));
#6540=CARTESIAN_POINT('',(87.995176530353,2.032004064008,-7.2));
#6541=CARTESIAN_POINT('',(87.995176530353,2.032004064008,-7.2));
#6542=CARTESIAN_POINT('Origin',(86.995173990348,2.032004064008,-7.2));
#6543=CARTESIAN_POINT('Origin',(96.987477774956,2.72490479190451,-7.2));
#6544=CARTESIAN_POINT('',(88.8713106008539,2.72490479190451,0.));
#6545=CARTESIAN_POINT('',(88.8713106008539,2.72490479190451,-7.2));
#6546=CARTESIAN_POINT('',(88.2983023007006,2.72490479190451,0.));
#6547=CARTESIAN_POINT('Origin',(88.8250894979521,1.22490479190451,-7.2));
#6548=CARTESIAN_POINT('',(88.8250894979521,1.22490479190451,-7.2));
#6549=CARTESIAN_POINT('',(68.4125891990651,1.22490479190451,-7.2));
#6550=CARTESIAN_POINT('',(88.8250894979521,1.22490479190451,0.));
#6551=CARTESIAN_POINT('',(96.987477774956,1.22490479190451,0.));
#6552=CARTESIAN_POINT('',(88.8250894979521,1.22490479190451,-7.2));
#6553=CARTESIAN_POINT('Origin',(86.995173990348,2.032004064008,-7.2));
#6554=CARTESIAN_POINT('',(87.7162278666027,0.166506460809854,-7.2));
#6555=CARTESIAN_POINT('Origin',(86.995173990348,2.032004064008,-7.2));
#6556=CARTESIAN_POINT('',(87.7162278666027,0.166506460809854,0.));
#6557=CARTESIAN_POINT('Origin',(86.995173990348,2.032004064008,0.));
#6558=CARTESIAN_POINT('',(87.7162278666027,0.166506460809854,-7.2));
#6559=CARTESIAN_POINT('Origin',(87.7162278666027,-3.6500003989786,-7.2));
#6560=CARTESIAN_POINT('',(87.7162278666027,7.0999996010214,-7.2));
#6561=CARTESIAN_POINT('',(87.7162278666027,0.895849199655496,0.));
#6562=CARTESIAN_POINT('Origin',(86.2162278666027,0.189928349955465,-7.2));
#6563=CARTESIAN_POINT('',(86.2162278666027,0.189928349955465,0.));
#6564=CARTESIAN_POINT('',(86.2162278666027,-3.6500003989786,0.));
#6565=CARTESIAN_POINT('',(86.2162278666027,0.189928349955465,-7.2));
#6566=CARTESIAN_POINT('Origin',(86.995173990348,2.032004064008,-7.2));
#6567=CARTESIAN_POINT('Origin',(86.995173990348,2.032004064008,0.));
#6568=CARTESIAN_POINT('Origin',(90.991325882652,0.191001832514694,0.));
#6569=CARTESIAN_POINT('Origin',(48.000088900178,17.8499996010214,-7.2));
#6570=CARTESIAN_POINT('Origin',(1.01270002540005,-1.6500003989786,-7.2));
#6571=CARTESIAN_POINT('Origin',(48.000088900178,17.8499996010214,-7.2));
#6572=CARTESIAN_POINT('Origin',(70.9903645471747,8.8499996010214,-8.7));
#6573=CARTESIAN_POINT('',(71.4903645471746,36.8499996010214,-9.2));
#6574=CARTESIAN_POINT('',(71.4903645471746,-1.15000039897859,-9.2));
#6575=CARTESIAN_POINT('',(71.4903645471746,8.8499996010214,-9.2));
#6576=CARTESIAN_POINT('',(70.4903645471747,-0.150000398978594,-8.2));
#6577=CARTESIAN_POINT('',(71.4903645471746,-1.15000039897859,-9.2));
#6578=CARTESIAN_POINT('',(70.4903645471747,35.8499996010214,-8.2));
#6579=CARTESIAN_POINT('',(70.4903645471747,-0.150000398978594,-8.2));
#6580=CARTESIAN_POINT('',(71.4903645471746,36.8499996010214,-9.2));
#6581=CARTESIAN_POINT('Origin',(35.2452267236763,-0.650000398978594,-8.7));
#6582=CARTESIAN_POINT('',(21.4903645471746,-1.15000039897859,-9.2));
#6583=CARTESIAN_POINT('',(35.2452267236763,-1.15000039897859,-9.2));
#6584=CARTESIAN_POINT('',(22.4903645471746,-0.150000398978594,-8.2));
#6585=CARTESIAN_POINT('',(21.4903645471746,-1.15000039897859,-9.2));
#6586=CARTESIAN_POINT('',(22.4903645471746,-0.150000398978594,-8.2));
#6587=CARTESIAN_POINT('Origin',(21.9903645471746,26.8499996010214,-8.7));
#6588=CARTESIAN_POINT('',(21.4903645471746,36.8499996010214,-9.2));
#6589=CARTESIAN_POINT('',(21.4903645471746,26.8499996010214,-9.2));
#6590=CARTESIAN_POINT('',(22.4903645471746,35.8499996010214,-8.2));
#6591=CARTESIAN_POINT('',(21.4903645471746,36.8499996010214,-9.2));
#6592=CARTESIAN_POINT('',(22.4903645471746,35.8499996010214,-8.2));
#6593=CARTESIAN_POINT('Origin',(59.2452267236763,36.3499996010214,-8.7));
#6594=CARTESIAN_POINT('',(70.4903645471747,35.8499996010214,-8.2));
#6595=CARTESIAN_POINT('',(59.2452267236763,36.8499996010214,-9.2));
#6596=CARTESIAN_POINT('Origin',(48.000088900178,17.8499996010214,-9.2));
#6597=CARTESIAN_POINT('',(1.01270002540005,-4.65000039897861,-9.2));
#6598=CARTESIAN_POINT('',(94.987477774956,-4.65000039897861,-9.2));
#6599=CARTESIAN_POINT('',(73.493783337567,-4.65000039897861,-9.2));
#6600=CARTESIAN_POINT('',(-1.98729997459995,-1.65000039897861,-9.2));
#6601=CARTESIAN_POINT('Origin',(1.01270002540005,-1.65000039897861,-9.2));
#6602=CARTESIAN_POINT('',(-1.98729997459995,37.3499996010214,-9.2));
#6603=CARTESIAN_POINT('',(-1.98729997459995,6.0999996010214,-9.2));
#6604=CARTESIAN_POINT('',(1.01270002540005,40.3499996010214,-9.2));
#6605=CARTESIAN_POINT('Origin',(1.01270002540005,37.3499996010214,-9.2));
#6606=CARTESIAN_POINT('',(94.987477774956,40.3499996010214,-9.2));
#6607=CARTESIAN_POINT('',(22.506394462789,40.3499996010214,-9.2));
#6608=CARTESIAN_POINT('',(97.987477774956,37.3499996010214,-9.2));
#6609=CARTESIAN_POINT('Origin',(94.987477774956,37.3499996010214,-9.2));
#6610=CARTESIAN_POINT('',(97.987477774956,-1.65000039897861,-9.2));
#6611=CARTESIAN_POINT('',(97.987477774956,29.5999996010214,-9.2));
#6612=CARTESIAN_POINT('Origin',(94.987477774956,-1.65000039897861,-9.2));
#6613=CARTESIAN_POINT('Origin',(73.493783337567,-5.15000039897861,-8.7));
#6614=CARTESIAN_POINT('',(1.01270002540005,-5.65000039897861,-8.2));
#6615=CARTESIAN_POINT('',(94.987477774956,-4.65000039897861,-9.2));
#6616=CARTESIAN_POINT('Origin',(1.01270002540005,-1.65000039897861,-8.7));
#6617=CARTESIAN_POINT('',(-2.98729997459995,-1.65000039897861,-8.2));
#6618=CARTESIAN_POINT('Origin',(-2.48729997459995,6.0999996010214,-8.7));
#6619=CARTESIAN_POINT('',(-2.98729997459995,37.3499996010214,-8.2));
#6620=CARTESIAN_POINT('Origin',(1.01270002540005,37.3499996010214,-8.7));
#6621=CARTESIAN_POINT('Origin',(1.01270002540005,37.3499996010214,-8.2));
#6622=CARTESIAN_POINT('',(1.01270002540005,41.3499996010214,-8.2));
#6623=CARTESIAN_POINT('Origin',(22.506394462789,40.8499996010214,-8.7));
#6624=CARTESIAN_POINT('',(94.987477774956,41.3499996010214,-8.2));
#6625=CARTESIAN_POINT('Origin',(94.987477774956,37.3499996010214,-8.7));
#6626=CARTESIAN_POINT('',(98.987477774956,37.3499996010214,-8.2));
#6627=CARTESIAN_POINT('Origin',(98.487477774956,29.5999996010214,-8.7));
#6628=CARTESIAN_POINT('',(98.987477774956,-1.65000039897861,-8.2));
#6629=CARTESIAN_POINT('',(98.987477774956,29.5999996010214,-8.2));
#6630=CARTESIAN_POINT('Origin',(94.987477774956,-1.65000039897861,-8.7));
#6631=CARTESIAN_POINT('Origin',(1.01270002540005,37.3499996010214,-8.2));
#6632=CARTESIAN_POINT('Origin',(1.01270002540005,-1.6500003989786,-7.2));
#6633=CARTESIAN_POINT('Origin',(48.000088900178,17.8499996010214,-7.2));
#6634=CARTESIAN_POINT('Origin',(1.01270002540005,37.3499996010214,-7.2));
#6635=CARTESIAN_POINT('Origin',(98.987477774956,41.3499996010214,-8.2));
#6636=CARTESIAN_POINT('Origin',(20.1903645471746,38.3499996010214,-8.2));
#6637=CARTESIAN_POINT('',(20.1903645471746,38.3499996010214,-8.2));
#6638=CARTESIAN_POINT('',(20.1903645471746,38.3499996010214,-8.2));
#6639=CARTESIAN_POINT('',(34.0952267236763,38.3499996010214,-8.2));
#6640=CARTESIAN_POINT('Origin',(20.1903645471746,-2.65000039897861,-8.2));
#6641=CARTESIAN_POINT('',(20.1903645471746,7.5999996010214,-8.2));
#6642=CARTESIAN_POINT('Origin',(48.000088900178,17.8499996010214,-8.2));
#6643=CARTESIAN_POINT('',(0.,0.,0.));
#6644=UNCERTAINTY_MEASURE_WITH_UNIT(LENGTH_MEASURE(0.01),#6650,
'DISTANCE_ACCURACY_VALUE',
'Maximum model space distance between geometric entities at asserted c
onnectivities');
#6645=UNCERTAINTY_MEASURE_WITH_UNIT(LENGTH_MEASURE(0.01),#6650,
'DISTANCE_ACCURACY_VALUE',
'Maximum model space distance between geometric entities at asserted c
onnectivities');
#6646=UNCERTAINTY_MEASURE_WITH_UNIT(LENGTH_MEASURE(0.01),#6650,
'DISTANCE_ACCURACY_VALUE',
'Maximum model space distance between geometric entities at asserted c
onnectivities');
#6647=(
GEOMETRIC_REPRESENTATION_CONTEXT(3)
GLOBAL_UNCERTAINTY_ASSIGNED_CONTEXT((#6644))
GLOBAL_UNIT_ASSIGNED_CONTEXT((#6650,#6652,#6653))
REPRESENTATION_CONTEXT('','3D')
);
#6648=(
GEOMETRIC_REPRESENTATION_CONTEXT(3)
GLOBAL_UNCERTAINTY_ASSIGNED_CONTEXT((#6645))
GLOBAL_UNIT_ASSIGNED_CONTEXT((#6650,#6652,#6653))
REPRESENTATION_CONTEXT('','3D')
);
#6649=(
GEOMETRIC_REPRESENTATION_CONTEXT(3)
GLOBAL_UNCERTAINTY_ASSIGNED_CONTEXT((#6646))
GLOBAL_UNIT_ASSIGNED_CONTEXT((#6650,#6652,#6653))
REPRESENTATION_CONTEXT('','3D')
);
#6650=(
LENGTH_UNIT()
NAMED_UNIT(*)
SI_UNIT(.MILLI.,.METRE.)
);
#6651=(
LENGTH_UNIT()
NAMED_UNIT(*)
SI_UNIT($,.METRE.)
);
#6652=(
NAMED_UNIT(*)
PLANE_ANGLE_UNIT()
SI_UNIT($,.RADIAN.)
);
#6653=(
NAMED_UNIT(*)
SI_UNIT($,.STERADIAN.)
SOLID_ANGLE_UNIT()
);
#6654=SHAPE_DEFINITION_REPRESENTATION(#6656,#6659);
#6655=SHAPE_DEFINITION_REPRESENTATION(#6657,#6660);
#6656=PRODUCT_DEFINITION_SHAPE('',$,#6662);
#6657=PRODUCT_DEFINITION_SHAPE('',$,#6663);
#6658=PRODUCT_DEFINITION_SHAPE($,$,#14);
#6659=SHAPE_REPRESENTATION('',(#4034,#4365),#6647);
#6660=SHAPE_REPRESENTATION('',(#4035),#6648);
#6661=PRODUCT_DEFINITION_CONTEXT('part definition',#6669,'design');
#6662=PRODUCT_DEFINITION('3D_ESP32-BLUETOOTHSPEAKER-V1.1_2025-12-09',
'3D_ESP32-BLUETOOTHSPEAKER-V1.1_2025-12-09',#6664,#6661);
#6663=PRODUCT_DEFINITION('SHELL','SHELL',#6665,#6661);
#6664=PRODUCT_DEFINITION_FORMATION('',$,#6671);
#6665=PRODUCT_DEFINITION_FORMATION('',$,#6672);
#6666=PRODUCT_RELATED_PRODUCT_CATEGORY(
'3D_ESP32-BLUETOOTHSPEAKER-V1.1_2025-12-09',
'3D_ESP32-BLUETOOTHSPEAKER-V1.1_2025-12-09',(#6671));
#6667=PRODUCT_RELATED_PRODUCT_CATEGORY('SHELL','SHELL',(#6672));
#6668=APPLICATION_PROTOCOL_DEFINITION('international standard',
'automotive_design',2009,#6669);
#6669=APPLICATION_CONTEXT(
'Core Data for Automotive Mechanical Design Process');
#6670=PRODUCT_CONTEXT('part definition',#6669,'mechanical');
#6671=PRODUCT('3D_ESP32-BLUETOOTHSPEAKER-V1.1_2025-12-09',
'3D_ESP32-BLUETOOTHSPEAKER-V1.1_2025-12-09',$,(#6670));
#6672=PRODUCT('SHELL','SHELL',$,(#6670));
#6673=PRESENTATION_STYLE_ASSIGNMENT((#6675));
#6674=PRESENTATION_STYLE_ASSIGNMENT((#6676));
#6675=SURFACE_STYLE_USAGE(.BOTH.,#6677);
#6676=SURFACE_STYLE_USAGE(.BOTH.,#6678);
#6677=SURFACE_SIDE_STYLE('',(#6679));
#6678=SURFACE_SIDE_STYLE('',(#6680));
#6679=SURFACE_STYLE_FILL_AREA(#6681);
#6680=SURFACE_STYLE_FILL_AREA(#6682);
#6681=FILL_AREA_STYLE('\X2\94A2\X0\ - \X2\7F0E5149\X0\',(#6683));
#6682=FILL_AREA_STYLE('\X2\4E597F29919B68118102\X0\(\X2\767D8272\X0\)',
(#6684));
#6683=FILL_AREA_STYLE_COLOUR('\X2\94A2\X0\ - \X2\7F0E5149\X0\',#6685);
#6684=FILL_AREA_STYLE_COLOUR('\X2\4E597F29919B68118102\X0\(\X2\767D8272\X0\)',
#6686);
#6685=COLOUR_RGB('\X2\94A2\X0\ - \X2\7F0E5149\X0\',0.627450980392157,0.627450980392157,
0.627450980392157);
#6686=COLOUR_RGB('\X2\4E597F29919B68118102\X0\(\X2\767D8272\X0\)',0.972549019607843,
0.968627450980392,0.929411764705882);
ENDSEC;
END-ISO-10303-21;
