ISO-10303-21;
HEADER;
/* Generated by software containing ST-Developer
 * from STEP Tools, Inc. (www.steptools.com) 
 */

FILE_DESCRIPTION(
/* description */ (''),
/* implementation_level */ '2;1');

FILE_NAME(
/* name */ '3D_ESP32-BLUETOOTHSPEAKER-V1.1-TOPSHELL.step',
/* time_stamp */ '2025-12-15T17:41:25+08:00',
/* author */ (''),
/* organization */ (''),
/* preprocessor_version */ 'ST-DEVELOPER v20.1',
/* originating_system */ 'Autodesk Translation Framework v14.21.0.0',
/* authorisation */ '');

FILE_SCHEMA (('AUTOMOTIVE_DESIGN { 1 0 10303 214 3 1 1 }'));
ENDSEC;

DATA;
#10=MECHANICAL_DESIGN_GEOMETRIC_PRESENTATION_REPRESENTATION('',(#20,#21),
#8381);
#11=CONTEXT_DEPENDENT_OVER_RIDING_STYLED_ITEM('',(#8406),#8392,#21,(#15));
#12=MAPPED_ITEM('',#13,#4606);
#13=REPRESENTATION_MAP(#4606,#8391);
#14=ITEM_DEFINED_TRANSFORMATION($,$,#4378,#4605);
#15=(
REPRESENTATION_RELATIONSHIP($,$,#8392,#8391)
REPRESENTATION_RELATIONSHIP_WITH_TRANSFORMATION(#14)
SHAPE_REPRESENTATION_RELATIONSHIP()
);
#16=CONTEXT_DEPENDENT_SHAPE_REPRESENTATION(#15,#8390);
#17=NEXT_ASSEMBLY_USAGE_OCCURRENCE('topshell:1','topshell:1',
'topshell:1',#8394,#8395,'topshell:1');
#18=SHAPE_REPRESENTATION_RELATIONSHIP('SRR','None',#8392,#19);
#19=ADVANCED_BREP_SHAPE_REPRESENTATION('',(#22),#8380);
#20=STYLED_ITEM('',(#8406),#22);
#21=STYLED_ITEM('',(#8407),#12);
#22=MANIFOLD_SOLID_BREP('\X2\5B9E4F53\X0\1',#4364);
#23=CONICAL_SURFACE('',#4573,3.50000000000003,0.785398163397436);
#24=CONICAL_SURFACE('',#4576,3.50000000000002,0.785398163397446);
#25=CONICAL_SURFACE('',#4581,1.49999999999999,0.785398163397447);
#26=(
BOUNDED_CURVE()
B_SPLINE_CURVE(3,(#8069,#8070,#8071,#8072),.UNSPECIFIED.,.F.,.F.)
B_SPLINE_CURVE_WITH_KNOTS((4,4),(0.,0.774948481291365),.UNSPECIFIED.)
CURVE()
GEOMETRIC_REPRESENTATION_ITEM()
RATIONAL_B_SPLINE_CURVE((1.,1.,1.,1.))
REPRESENTATION_ITEM('')
);
#27=(
BOUNDED_CURVE()
B_SPLINE_CURVE(3,(#8073,#8074,#8075,#8076),.UNSPECIFIED.,.F.,.F.)
B_SPLINE_CURVE_WITH_KNOTS((4,4),(0.,0.774948481291365),.UNSPECIFIED.)
CURVE()
GEOMETRIC_REPRESENTATION_ITEM()
RATIONAL_B_SPLINE_CURVE((1.,1.,1.,1.))
REPRESENTATION_ITEM('')
);
#28=(
BOUNDED_CURVE()
B_SPLINE_CURVE(3,(#8107,#8108,#8109,#8110),.UNSPECIFIED.,.F.,.F.)
B_SPLINE_CURVE_WITH_KNOTS((4,4),(0.244151612001685,1.),.UNSPECIFIED.)
CURVE()
GEOMETRIC_REPRESENTATION_ITEM()
RATIONAL_B_SPLINE_CURVE((1.,1.,1.,1.))
REPRESENTATION_ITEM('')
);
#29=(
BOUNDED_CURVE()
B_SPLINE_CURVE(3,(#8113,#8114,#8115,#8116),.UNSPECIFIED.,.F.,.F.)
B_SPLINE_CURVE_WITH_KNOTS((4,4),(0.244151612001685,1.),.UNSPECIFIED.)
CURVE()
GEOMETRIC_REPRESENTATION_ITEM()
RATIONAL_B_SPLINE_CURVE((1.,1.,1.,1.))
REPRESENTATION_ITEM('')
);
#30=(
BOUNDED_CURVE()
B_SPLINE_CURVE(3,(#8168,#8169,#8170,#8171),.UNSPECIFIED.,.F.,.F.)
B_SPLINE_CURVE_WITH_KNOTS((4,4),(0.,1.),.UNSPECIFIED.)
CURVE()
GEOMETRIC_REPRESENTATION_ITEM()
RATIONAL_B_SPLINE_CURVE((1.,1.,1.,1.))
REPRESENTATION_ITEM('')
);
#31=(
BOUNDED_CURVE()
B_SPLINE_CURVE(3,(#8174,#8175,#8176,#8177),.UNSPECIFIED.,.F.,.F.)
B_SPLINE_CURVE_WITH_KNOTS((4,4),(0.,1.),.UNSPECIFIED.)
CURVE()
GEOMETRIC_REPRESENTATION_ITEM()
RATIONAL_B_SPLINE_CURVE((1.,1.,1.,1.))
REPRESENTATION_ITEM('')
);
#32=(
BOUNDED_CURVE()
B_SPLINE_CURVE(3,(#8228,#8229,#8230,#8231),.UNSPECIFIED.,.F.,.F.)
B_SPLINE_CURVE_WITH_KNOTS((4,4),(0.,1.),.UNSPECIFIED.)
CURVE()
GEOMETRIC_REPRESENTATION_ITEM()
RATIONAL_B_SPLINE_CURVE((1.,1.,1.,1.))
REPRESENTATION_ITEM('')
);
#33=(
BOUNDED_CURVE()
B_SPLINE_CURVE(3,(#8232,#8233,#8234,#8235),.UNSPECIFIED.,.F.,.F.)
B_SPLINE_CURVE_WITH_KNOTS((4,4),(0.,1.),.UNSPECIFIED.)
CURVE()
GEOMETRIC_REPRESENTATION_ITEM()
RATIONAL_B_SPLINE_CURVE((1.,1.,1.,1.))
REPRESENTATION_ITEM('')
);
#34=(
BOUNDED_CURVE()
B_SPLINE_CURVE(2,(#8279,#8280,#8281),.UNSPECIFIED.,.F.,.F.)
B_SPLINE_CURVE_WITH_KNOTS((3,3),(0.,0.0896804570814641),.UNSPECIFIED.)
CURVE()
GEOMETRIC_REPRESENTATION_ITEM()
RATIONAL_B_SPLINE_CURVE((1.,1.,1.))
REPRESENTATION_ITEM('')
);
#35=(
BOUNDED_CURVE()
B_SPLINE_CURVE(2,(#8285,#8286,#8287),.UNSPECIFIED.,.F.,.F.)
B_SPLINE_CURVE_WITH_KNOTS((3,3),(0.,0.0816315051898787),.UNSPECIFIED.)
CURVE()
GEOMETRIC_REPRESENTATION_ITEM()
RATIONAL_B_SPLINE_CURVE((1.,1.01217748463784,1.0179085439047))
REPRESENTATION_ITEM('')
);
#36=(
BOUNDED_CURVE()
B_SPLINE_CURVE(2,(#8294,#8295,#8296),.UNSPECIFIED.,.F.,.F.)
B_SPLINE_CURVE_WITH_KNOTS((3,3),(0.226777060243422,0.308408565431652),
 .UNSPECIFIED.)
CURVE()
GEOMETRIC_REPRESENTATION_ITEM()
RATIONAL_B_SPLINE_CURVE((1.01790854390475,1.01217748463779,1.))
REPRESENTATION_ITEM('')
);
#37=(
BOUNDED_CURVE()
B_SPLINE_CURVE(2,(#8299,#8300,#8301),.UNSPECIFIED.,.F.,.F.)
B_SPLINE_CURVE_WITH_KNOTS((3,3),(0.,0.0896804570814646),.UNSPECIFIED.)
CURVE()
GEOMETRIC_REPRESENTATION_ITEM()
RATIONAL_B_SPLINE_CURVE((1.,1.,1.))
REPRESENTATION_ITEM('')
);
#38=(
BOUNDED_SURFACE()
B_SPLINE_SURFACE(3,1,((#8061,#8062),(#8063,#8064),(#8065,#8066),(#8067,
#8068)),.UNSPECIFIED.,.F.,.F.,.F.)
B_SPLINE_SURFACE_WITH_KNOTS((4,4),(2,2),(0.,0.774948481291365),(0.,0.12),
 .UNSPECIFIED.)
GEOMETRIC_REPRESENTATION_ITEM()
RATIONAL_B_SPLINE_SURFACE(((1.,1.),(1.,1.),(1.,1.),(1.,1.)))
REPRESENTATION_ITEM('')
SURFACE()
);
#39=(
BOUNDED_SURFACE()
B_SPLINE_SURFACE(3,1,((#8098,#8099),(#8100,#8101),(#8102,#8103),(#8104,
#8105)),.UNSPECIFIED.,.F.,.F.,.F.)
B_SPLINE_SURFACE_WITH_KNOTS((4,4),(2,2),(0.244151612001685,1.),(0.,0.12),
 .UNSPECIFIED.)
GEOMETRIC_REPRESENTATION_ITEM()
RATIONAL_B_SPLINE_SURFACE(((1.,1.),(1.,1.),(1.,1.),(1.,1.)))
REPRESENTATION_ITEM('')
SURFACE()
);
#40=(
BOUNDED_SURFACE()
B_SPLINE_SURFACE(3,1,((#8159,#8160),(#8161,#8162),(#8163,#8164),(#8165,
#8166)),.UNSPECIFIED.,.F.,.F.,.F.)
B_SPLINE_SURFACE_WITH_KNOTS((4,4),(2,2),(0.,1.),(0.,0.12),.UNSPECIFIED.)
GEOMETRIC_REPRESENTATION_ITEM()
RATIONAL_B_SPLINE_SURFACE(((1.,1.),(1.,1.),(1.,1.),(1.,1.)))
REPRESENTATION_ITEM('')
SURFACE()
);
#41=(
BOUNDED_SURFACE()
B_SPLINE_SURFACE(3,1,((#8220,#8221),(#8222,#8223),(#8224,#8225),(#8226,
#8227)),.UNSPECIFIED.,.F.,.F.,.F.)
B_SPLINE_SURFACE_WITH_KNOTS((4,4),(2,2),(0.,1.),(0.,0.12),.UNSPECIFIED.)
GEOMETRIC_REPRESENTATION_ITEM()
RATIONAL_B_SPLINE_SURFACE(((1.,1.),(1.,1.),(1.,1.),(1.,1.)))
REPRESENTATION_ITEM('')
SURFACE()
);
#42=CYLINDRICAL_SURFACE('',#4450,0.314267941951753);
#43=CYLINDRICAL_SURFACE('',#4453,0.309357510089869);
#44=CYLINDRICAL_SURFACE('',#4456,2.18023384602865);
#45=CYLINDRICAL_SURFACE('',#4459,1.65972750345866);
#46=CYLINDRICAL_SURFACE('',#4462,1.63517538452149);
#47=CYLINDRICAL_SURFACE('',#4465,2.18023384602864);
#48=CYLINDRICAL_SURFACE('',#4468,0.309357510089874);
#49=CYLINDRICAL_SURFACE('',#4471,0.31426794195175);
#50=CYLINDRICAL_SURFACE('',#4474,1.58607098515828);
#51=CYLINDRICAL_SURFACE('',#4477,1.00663946024577);
#52=CYLINDRICAL_SURFACE('',#4480,0.311261149178536);
#53=CYLINDRICAL_SURFACE('',#4483,0.932982941945397);
#54=CYLINDRICAL_SURFACE('',#4486,0.932982941945392);
#55=CYLINDRICAL_SURFACE('',#4489,0.928072469711305);
#56=CYLINDRICAL_SURFACE('',#4492,0.932982941945397);
#57=CYLINDRICAL_SURFACE('',#4495,0.31917837381363);
#58=CYLINDRICAL_SURFACE('',#4498,0.982087260564167);
#59=CYLINDRICAL_SURFACE('',#4501,1.59589192962646);
#60=CYLINDRICAL_SURFACE('',#4504,0.643266937255866);
#61=CYLINDRICAL_SURFACE('',#4507,0.643267179489132);
#62=CYLINDRICAL_SURFACE('',#4510,1.05083338737488);
#63=CYLINDRICAL_SURFACE('',#4513,3.29490288798014);
#64=CYLINDRICAL_SURFACE('',#4517,0.643266614278168);
#65=CYLINDRICAL_SURFACE('',#4520,0.643267179489134);
#66=CYLINDRICAL_SURFACE('',#4523,1.05574385960897);
#67=CYLINDRICAL_SURFACE('',#4527,3.29981344095866);
#68=CYLINDRICAL_SURFACE('',#4530,0.417387111981704);
#69=CYLINDRICAL_SURFACE('',#4533,3.29490288798014);
#70=CYLINDRICAL_SURFACE('',#4537,3.29981344095866);
#71=CYLINDRICAL_SURFACE('',#4540,0.414022928287099);
#72=CYLINDRICAL_SURFACE('',#4543,1.81195109303792);
#73=CYLINDRICAL_SURFACE('',#4546,2.08693543879191);
#74=CYLINDRICAL_SURFACE('',#4549,3.29981344095866);
#75=CYLINDRICAL_SURFACE('',#4553,3.29490288798014);
#76=CYLINDRICAL_SURFACE('',#4556,2.10657732772827);
#77=CYLINDRICAL_SURFACE('',#4559,1.81195109303792);
#78=CYLINDRICAL_SURFACE('',#4583,0.999999999999996);
#79=CYLINDRICAL_SURFACE('',#4599,4.00000000000002);
#80=CYLINDRICAL_SURFACE('',#4601,4.00000000000002);
#81=CYLINDRICAL_SURFACE('',#4603,2.);
#82=CYLINDRICAL_SURFACE('',#4604,2.);
#83=CIRCLE('',#4442,3.00000000000004);
#84=CIRCLE('',#4443,3.00000000000003);
#85=CIRCLE('',#4444,2.);
#86=CIRCLE('',#4445,2.);
#87=CIRCLE('',#4446,1.99999999999999);
#88=CIRCLE('',#4451,0.314267941951753);
#89=CIRCLE('',#4452,0.314267941951753);
#90=CIRCLE('',#4454,0.309357510089869);
#91=CIRCLE('',#4455,0.309357510089869);
#92=CIRCLE('',#4457,2.18023384602865);
#93=CIRCLE('',#4458,2.18023384602865);
#94=CIRCLE('',#4460,1.65972750345866);
#95=CIRCLE('',#4461,1.65972750345866);
#96=CIRCLE('',#4463,1.63517538452149);
#97=CIRCLE('',#4464,1.63517538452149);
#98=CIRCLE('',#4466,2.18023384602864);
#99=CIRCLE('',#4467,2.18023384602864);
#100=CIRCLE('',#4469,0.309357510089874);
#101=CIRCLE('',#4470,0.309357510089874);
#102=CIRCLE('',#4472,0.31426794195175);
#103=CIRCLE('',#4473,0.31426794195175);
#104=CIRCLE('',#4475,1.58607098515828);
#105=CIRCLE('',#4476,1.58607098515828);
#106=CIRCLE('',#4478,1.00663946024577);
#107=CIRCLE('',#4479,1.00663946024577);
#108=CIRCLE('',#4481,0.311261149178536);
#109=CIRCLE('',#4482,0.311261149178536);
#110=CIRCLE('',#4484,0.932982941945397);
#111=CIRCLE('',#4485,0.932982941945397);
#112=CIRCLE('',#4487,0.932982941945392);
#113=CIRCLE('',#4488,0.932982941945392);
#114=CIRCLE('',#4490,0.928072469711305);
#115=CIRCLE('',#4491,0.928072469711305);
#116=CIRCLE('',#4493,0.932982941945397);
#117=CIRCLE('',#4494,0.932982941945397);
#118=CIRCLE('',#4496,0.31917837381363);
#119=CIRCLE('',#4497,0.31917837381363);
#120=CIRCLE('',#4499,0.982087260564167);
#121=CIRCLE('',#4500,0.982087260564167);
#122=CIRCLE('',#4502,1.59589192962646);
#123=CIRCLE('',#4503,1.59589192962646);
#124=CIRCLE('',#4505,0.643266937255866);
#125=CIRCLE('',#4506,0.643266937255866);
#126=CIRCLE('',#4508,0.643267179489132);
#127=CIRCLE('',#4509,0.643267179489132);
#128=CIRCLE('',#4511,1.05083338737488);
#129=CIRCLE('',#4512,1.05083338737488);
#130=CIRCLE('',#4514,3.29490288798014);
#131=CIRCLE('',#4515,3.29490288798014);
#132=CIRCLE('',#4518,0.643266614278168);
#133=CIRCLE('',#4519,0.643266614278168);
#134=CIRCLE('',#4521,0.643267179489134);
#135=CIRCLE('',#4522,0.643267179489134);
#136=CIRCLE('',#4524,1.05574385960897);
#137=CIRCLE('',#4525,1.05574385960897);
#138=CIRCLE('',#4528,3.29981344095866);
#139=CIRCLE('',#4529,3.29981344095866);
#140=CIRCLE('',#4531,0.417387111981704);
#141=CIRCLE('',#4532,0.417387111981704);
#142=CIRCLE('',#4534,3.29490288798014);
#143=CIRCLE('',#4535,3.29490288798014);
#144=CIRCLE('',#4538,3.29981344095866);
#145=CIRCLE('',#4539,3.29981344095866);
#146=CIRCLE('',#4541,0.414022928287099);
#147=CIRCLE('',#4542,0.414022928287099);
#148=CIRCLE('',#4544,1.81195109303792);
#149=CIRCLE('',#4545,1.81195109303792);
#150=CIRCLE('',#4547,2.08693543879191);
#151=CIRCLE('',#4548,2.08693543879191);
#152=CIRCLE('',#4550,3.29981344095866);
#153=CIRCLE('',#4551,3.29981344095866);
#154=CIRCLE('',#4554,3.29490288798014);
#155=CIRCLE('',#4555,3.29490288798014);
#156=CIRCLE('',#4557,2.10657732772827);
#157=CIRCLE('',#4558,2.10657732772827);
#158=CIRCLE('',#4560,1.81195109303792);
#159=CIRCLE('',#4561,1.81195109303792);
#160=CIRCLE('',#4564,4.00000000000002);
#161=CIRCLE('',#4565,4.00000000000002);
#162=CIRCLE('',#4566,2.);
#163=CIRCLE('',#4567,2.);
#164=CIRCLE('',#4568,0.999999999999996);
#165=CIRCLE('',#4574,4.00000000000002);
#166=CIRCLE('',#4577,4.00000000000002);
#167=CIRCLE('',#4582,0.999999999999996);
#168=CIRCLE('',#4591,4.00000000000002);
#169=CIRCLE('',#4597,4.00000000000002);
#170=FACE_BOUND('',#748,.T.);
#171=FACE_BOUND('',#749,.T.);
#172=FACE_BOUND('',#771,.T.);
#173=FACE_BOUND('',#863,.T.);
#174=FACE_BOUND('',#865,.T.);
#175=FACE_BOUND('',#866,.T.);
#176=FACE_BOUND('',#867,.T.);
#177=FACE_BOUND('',#868,.T.);
#178=FACE_BOUND('',#869,.T.);
#179=FACE_BOUND('',#870,.T.);
#180=FACE_BOUND('',#871,.T.);
#181=FACE_BOUND('',#872,.T.);
#182=FACE_BOUND('',#873,.T.);
#183=FACE_BOUND('',#922,.T.);
#184=FACE_BOUND('',#923,.T.);
#185=FACE_BOUND('',#924,.T.);
#186=FACE_BOUND('',#925,.T.);
#187=FACE_BOUND('',#926,.T.);
#188=FACE_BOUND('',#928,.T.);
#189=FACE_BOUND('',#929,.T.);
#190=B_SPLINE_CURVE_WITH_KNOTS('',3,(#5496,#5497,#5498,#5499,#5500),
 .UNSPECIFIED.,.F.,.F.,(4,1,4),(0.,0.0183313830342837,0.0459263507038004),
 .UNSPECIFIED.);
#191=B_SPLINE_CURVE_WITH_KNOTS('',3,(#5503,#5504,#5505,#5506,#5507),
 .UNSPECIFIED.,.F.,.F.,(4,1,4),(0.,0.0183313830342837,0.0459263507038004),
 .UNSPECIFIED.);
#192=B_SPLINE_CURVE_WITH_KNOTS('',3,(#5519,#5520,#5521,#5522,#5523),
 .UNSPECIFIED.,.F.,.F.,(4,1,4),(0.,0.0129292295193929,0.0261308811780449),
 .UNSPECIFIED.);
#193=B_SPLINE_CURVE_WITH_KNOTS('',3,(#5526,#5527,#5528,#5529,#5530),
 .UNSPECIFIED.,.F.,.F.,(4,1,4),(0.,0.0129292295193929,0.0261308811780449),
 .UNSPECIFIED.);
#194=B_SPLINE_CURVE_WITH_KNOTS('',3,(#5542,#5543,#5544,#5545,#5546),
 .UNSPECIFIED.,.F.,.F.,(4,1,4),(0.,0.0141570262062836,0.0275355461231953),
 .UNSPECIFIED.);
#195=B_SPLINE_CURVE_WITH_KNOTS('',3,(#5549,#5550,#5551,#5552,#5553),
 .UNSPECIFIED.,.F.,.F.,(4,1,4),(0.,0.0141570262062836,0.0275355461231953),
 .UNSPECIFIED.);
#196=B_SPLINE_CURVE_WITH_KNOTS('',3,(#5565,#5566,#5567,#5568,#5569),
 .UNSPECIFIED.,.F.,.F.,(4,1,4),(0.,0.0130988750924709,0.0276528972534132),
 .UNSPECIFIED.);
#197=B_SPLINE_CURVE_WITH_KNOTS('',3,(#5572,#5573,#5574,#5575,#5576),
 .UNSPECIFIED.,.F.,.F.,(4,1,4),(0.,0.0130988750924709,0.0276528972534132),
 .UNSPECIFIED.);
#198=B_SPLINE_CURVE_WITH_KNOTS('',3,(#5588,#5589,#5590,#5591,#5592),
 .UNSPECIFIED.,.F.,.F.,(4,1,4),(0.,0.0145629063450279,0.0276468981268144),
 .UNSPECIFIED.);
#199=B_SPLINE_CURVE_WITH_KNOTS('',3,(#5595,#5596,#5597,#5598,#5599),
 .UNSPECIFIED.,.F.,.F.,(4,1,4),(0.,0.0145629063450279,0.0276468981268144),
 .UNSPECIFIED.);
#200=B_SPLINE_CURVE_WITH_KNOTS('',3,(#5611,#5612,#5613,#5614,#5615),
 .UNSPECIFIED.,.F.,.F.,(4,1,4),(0.,0.0226803935890287,0.03809718581971),
 .UNSPECIFIED.);
#201=B_SPLINE_CURVE_WITH_KNOTS('',3,(#5618,#5619,#5620,#5621,#5622),
 .UNSPECIFIED.,.F.,.F.,(4,1,4),(0.,0.0226803935890287,0.03809718581971),
 .UNSPECIFIED.);
#202=B_SPLINE_CURVE_WITH_KNOTS('',3,(#5652,#5653,#5654,#5655,#5656),
 .UNSPECIFIED.,.F.,.F.,(4,1,4),(0.,0.018972882825565,0.0443023305647698),
 .UNSPECIFIED.);
#203=B_SPLINE_CURVE_WITH_KNOTS('',3,(#5659,#5660,#5661,#5662,#5663),
 .UNSPECIFIED.,.F.,.F.,(4,1,4),(0.,0.018972882825565,0.0443023305647698),
 .UNSPECIFIED.);
#204=B_SPLINE_CURVE_WITH_KNOTS('',3,(#5675,#5676,#5677,#5678,#5679),
 .UNSPECIFIED.,.F.,.F.,(4,1,4),(0.,0.0147066130621118,0.0299214298691919),
 .UNSPECIFIED.);
#205=B_SPLINE_CURVE_WITH_KNOTS('',3,(#5682,#5683,#5684,#5685,#5686),
 .UNSPECIFIED.,.F.,.F.,(4,1,4),(0.,0.0147066130621118,0.0299214298691919),
 .UNSPECIFIED.);
#206=B_SPLINE_CURVE_WITH_KNOTS('',3,(#5698,#5699,#5700,#5701,#5702),
 .UNSPECIFIED.,.F.,.F.,(4,1,4),(0.,0.0158269648752531,0.0307694672022639),
 .UNSPECIFIED.);
#207=B_SPLINE_CURVE_WITH_KNOTS('',3,(#5705,#5706,#5707,#5708,#5709),
 .UNSPECIFIED.,.F.,.F.,(4,1,4),(0.,0.0158269648752531,0.0307694672022639),
 .UNSPECIFIED.);
#208=B_SPLINE_CURVE_WITH_KNOTS('',3,(#5721,#5722,#5723,#5724,#5725),
 .UNSPECIFIED.,.F.,.F.,(4,1,4),(0.,0.0126043162679413,0.0261662554706966),
 .UNSPECIFIED.);
#209=B_SPLINE_CURVE_WITH_KNOTS('',3,(#5728,#5729,#5730,#5731,#5732),
 .UNSPECIFIED.,.F.,.F.,(4,1,4),(0.,0.0126043162679413,0.0261662554706966),
 .UNSPECIFIED.);
#210=B_SPLINE_CURVE_WITH_KNOTS('',3,(#5744,#5745,#5746,#5747,#5748),
 .UNSPECIFIED.,.F.,.F.,(4,1,4),(0.,0.0109489043241781,0.022721869336252),
 .UNSPECIFIED.);
#211=B_SPLINE_CURVE_WITH_KNOTS('',3,(#5751,#5752,#5753,#5754,#5755),
 .UNSPECIFIED.,.F.,.F.,(4,1,4),(0.,0.0109489043241781,0.022721869336252),
 .UNSPECIFIED.);
#212=B_SPLINE_CURVE_WITH_KNOTS('',3,(#5767,#5768,#5769,#5770,#5771),
 .UNSPECIFIED.,.F.,.F.,(4,1,4),(0.,0.013004205364269,0.0244461451693942),
 .UNSPECIFIED.);
#213=B_SPLINE_CURVE_WITH_KNOTS('',3,(#5774,#5775,#5776,#5777,#5778),
 .UNSPECIFIED.,.F.,.F.,(4,1,4),(0.,0.013004205364269,0.0244461451693942),
 .UNSPECIFIED.);
#214=B_SPLINE_CURVE_WITH_KNOTS('',3,(#5790,#5791,#5792,#5793,#5794),
 .UNSPECIFIED.,.F.,.F.,(4,1,4),(0.,0.0163749875039833,0.0270702886187358),
 .UNSPECIFIED.);
#215=B_SPLINE_CURVE_WITH_KNOTS('',3,(#5797,#5798,#5799,#5800,#5801),
 .UNSPECIFIED.,.F.,.F.,(4,1,4),(0.,0.0163749875039833,0.0270702886187358),
 .UNSPECIFIED.);
#216=B_SPLINE_CURVE_WITH_KNOTS('',3,(#5823,#5824,#5825,#5826,#5827),
 .UNSPECIFIED.,.F.,.F.,(4,1,4),(0.,0.0222924824014593,0.0487461385881203),
 .UNSPECIFIED.);
#217=B_SPLINE_CURVE_WITH_KNOTS('',3,(#5831,#5832,#5833,#5834,#5835),
 .UNSPECIFIED.,.F.,.F.,(4,1,4),(0.,0.0222924824014593,0.0487461385881203),
 .UNSPECIFIED.);
#218=B_SPLINE_CURVE_WITH_KNOTS('',3,(#5848,#5849,#5850,#5851,#5852),
 .UNSPECIFIED.,.F.,.F.,(4,1,4),(0.,0.0170925425899633,0.0362158804281831),
 .UNSPECIFIED.);
#219=B_SPLINE_CURVE_WITH_KNOTS('',3,(#5855,#5856,#5857,#5858,#5859),
 .UNSPECIFIED.,.F.,.F.,(4,1,4),(0.,0.0170925425899633,0.0362158804281831),
 .UNSPECIFIED.);
#220=B_SPLINE_CURVE_WITH_KNOTS('',3,(#5871,#5872,#5873,#5874,#5875),
 .UNSPECIFIED.,.F.,.F.,(4,1,4),(0.,0.01887450999667,0.035804930656567),
 .UNSPECIFIED.);
#221=B_SPLINE_CURVE_WITH_KNOTS('',3,(#5878,#5879,#5880,#5881,#5882),
 .UNSPECIFIED.,.F.,.F.,(4,1,4),(0.,0.01887450999667,0.035804930656567),
 .UNSPECIFIED.);
#222=B_SPLINE_CURVE_WITH_KNOTS('',3,(#5894,#5895,#5896,#5897,#5898),
 .UNSPECIFIED.,.F.,.F.,(4,1,4),(0.,0.0204573513368084,0.0404569386165596),
 .UNSPECIFIED.);
#223=B_SPLINE_CURVE_WITH_KNOTS('',3,(#5901,#5902,#5903,#5904,#5905),
 .UNSPECIFIED.,.F.,.F.,(4,1,4),(0.,0.0204573513368084,0.0404569386165596),
 .UNSPECIFIED.);
#224=B_SPLINE_CURVE_WITH_KNOTS('',3,(#5917,#5918,#5919,#5920,#5921),
 .UNSPECIFIED.,.F.,.F.,(4,1,4),(0.,0.0236726136137555,0.048398977650461),
 .UNSPECIFIED.);
#225=B_SPLINE_CURVE_WITH_KNOTS('',3,(#5924,#5925,#5926,#5927,#5928),
 .UNSPECIFIED.,.F.,.F.,(4,1,4),(0.,0.0236726136137555,0.048398977650461),
 .UNSPECIFIED.);
#226=B_SPLINE_CURVE_WITH_KNOTS('',3,(#5940,#5941,#5942,#5943,#5944),
 .UNSPECIFIED.,.F.,.F.,(4,1,4),(0.,0.0263802817385741,0.0505824626580035),
 .UNSPECIFIED.);
#227=B_SPLINE_CURVE_WITH_KNOTS('',3,(#5947,#5948,#5949,#5950,#5951),
 .UNSPECIFIED.,.F.,.F.,(4,1,4),(0.,0.0263802817385741,0.0505824626580035),
 .UNSPECIFIED.);
#228=B_SPLINE_CURVE_WITH_KNOTS('',3,(#5963,#5964,#5965,#5966,#5967),
 .UNSPECIFIED.,.F.,.F.,(4,1,4),(0.,0.0201763710960566,0.0421985494574686),
 .UNSPECIFIED.);
#229=B_SPLINE_CURVE_WITH_KNOTS('',3,(#5970,#5971,#5972,#5973,#5974),
 .UNSPECIFIED.,.F.,.F.,(4,1,4),(0.,0.0201763710960566,0.0421985494574686),
 .UNSPECIFIED.);
#230=B_SPLINE_CURVE_WITH_KNOTS('',3,(#5986,#5987,#5988,#5989,#5990),
 .UNSPECIFIED.,.F.,.F.,(4,1,4),(0.,0.0188546712089795,0.0380690384474269),
 .UNSPECIFIED.);
#231=B_SPLINE_CURVE_WITH_KNOTS('',3,(#5993,#5994,#5995,#5996,#5997),
 .UNSPECIFIED.,.F.,.F.,(4,1,4),(0.,0.0188546712089795,0.0380690384474269),
 .UNSPECIFIED.);
#232=B_SPLINE_CURVE_WITH_KNOTS('',3,(#6009,#6010,#6011,#6012,#6013),
 .UNSPECIFIED.,.F.,.F.,(4,1,4),(0.,0.0212800900449746,0.0417264424667828),
 .UNSPECIFIED.);
#233=B_SPLINE_CURVE_WITH_KNOTS('',3,(#6016,#6017,#6018,#6019,#6020),
 .UNSPECIFIED.,.F.,.F.,(4,1,4),(0.,0.0212800900449746,0.0417264424667828),
 .UNSPECIFIED.);
#234=B_SPLINE_CURVE_WITH_KNOTS('',3,(#6032,#6033,#6034,#6035,#6036),
 .UNSPECIFIED.,.F.,.F.,(4,1,4),(0.,0.0218326215236817,0.0434629249817087),
 .UNSPECIFIED.);
#235=B_SPLINE_CURVE_WITH_KNOTS('',3,(#6039,#6040,#6041,#6042,#6043),
 .UNSPECIFIED.,.F.,.F.,(4,1,4),(0.,0.0218326215236817,0.0434629249817087),
 .UNSPECIFIED.);
#236=B_SPLINE_CURVE_WITH_KNOTS('',3,(#6055,#6056,#6057,#6058,#6059),
 .UNSPECIFIED.,.F.,.F.,(4,1,4),(0.,0.0310606896423898,0.0561799325800038),
 .UNSPECIFIED.);
#237=B_SPLINE_CURVE_WITH_KNOTS('',3,(#6062,#6063,#6064,#6065,#6066),
 .UNSPECIFIED.,.F.,.F.,(4,1,4),(0.,0.0310606896423898,0.0561799325800038),
 .UNSPECIFIED.);
#238=B_SPLINE_CURVE_WITH_KNOTS('',3,(#6095,#6096,#6097,#6098,#6099),
 .UNSPECIFIED.,.F.,.F.,(4,1,4),(0.,0.0398764259942411,0.0796578519177369),
 .UNSPECIFIED.);
#239=B_SPLINE_CURVE_WITH_KNOTS('',3,(#6103,#6104,#6105,#6106,#6107),
 .UNSPECIFIED.,.F.,.F.,(4,1,4),(0.,0.0398764259942411,0.0796578519177369),
 .UNSPECIFIED.);
#240=B_SPLINE_CURVE_WITH_KNOTS('',3,(#6120,#6121,#6122,#6123,#6124),
 .UNSPECIFIED.,.F.,.F.,(4,1,4),(0.,0.027699559497035,0.056163539731905),
 .UNSPECIFIED.);
#241=B_SPLINE_CURVE_WITH_KNOTS('',3,(#6127,#6128,#6129,#6130,#6131),
 .UNSPECIFIED.,.F.,.F.,(4,1,4),(0.,0.027699559497035,0.056163539731905),
 .UNSPECIFIED.);
#242=B_SPLINE_CURVE_WITH_KNOTS('',3,(#6143,#6144,#6145,#6146,#6147),
 .UNSPECIFIED.,.F.,.F.,(4,1,4),(0.,0.0286438984019247,0.0563559863830507),
 .UNSPECIFIED.);
#243=B_SPLINE_CURVE_WITH_KNOTS('',3,(#6150,#6151,#6152,#6153,#6154),
 .UNSPECIFIED.,.F.,.F.,(4,1,4),(0.,0.0286438984019247,0.0563559863830507),
 .UNSPECIFIED.);
#244=B_SPLINE_CURVE_WITH_KNOTS('',3,(#6166,#6167,#6168,#6169,#6170),
 .UNSPECIFIED.,.F.,.F.,(4,1,4),(0.,0.0344418941150606,0.0655089788919215),
 .UNSPECIFIED.);
#245=B_SPLINE_CURVE_WITH_KNOTS('',3,(#6173,#6174,#6175,#6176,#6177),
 .UNSPECIFIED.,.F.,.F.,(4,1,4),(0.,0.0344418941150606,0.0655089788919215),
 .UNSPECIFIED.);
#246=B_SPLINE_CURVE_WITH_KNOTS('',3,(#6189,#6190,#6191,#6192,#6193),
 .UNSPECIFIED.,.F.,.F.,(4,1,4),(0.,0.0438669579953981,0.0956881655230924),
 .UNSPECIFIED.);
#247=B_SPLINE_CURVE_WITH_KNOTS('',3,(#6196,#6197,#6198,#6199,#6200),
 .UNSPECIFIED.,.F.,.F.,(4,1,4),(0.,0.0438669579953981,0.0956881655230924),
 .UNSPECIFIED.);
#248=B_SPLINE_CURVE_WITH_KNOTS('',3,(#6212,#6213,#6214,#6215,#6216),
 .UNSPECIFIED.,.F.,.F.,(4,1,4),(0.,0.0416037724374525,0.0821309915435431),
 .UNSPECIFIED.);
#249=B_SPLINE_CURVE_WITH_KNOTS('',3,(#6219,#6220,#6221,#6222,#6223),
 .UNSPECIFIED.,.F.,.F.,(4,1,4),(0.,0.0416037724374525,0.0821309915435431),
 .UNSPECIFIED.);
#250=B_SPLINE_CURVE_WITH_KNOTS('',3,(#6235,#6236,#6237,#6238,#6239),
 .UNSPECIFIED.,.F.,.F.,(4,1,4),(0.,0.0403517078486075,0.0813883502569013),
 .UNSPECIFIED.);
#251=B_SPLINE_CURVE_WITH_KNOTS('',3,(#6242,#6243,#6244,#6245,#6246),
 .UNSPECIFIED.,.F.,.F.,(4,1,4),(0.,0.0403517078486075,0.0813883502569013),
 .UNSPECIFIED.);
#252=B_SPLINE_CURVE_WITH_KNOTS('',3,(#6258,#6259,#6260,#6261,#6262),
 .UNSPECIFIED.,.F.,.F.,(4,1,4),(0.,0.0490189056864165,0.0919674568398397),
 .UNSPECIFIED.);
#253=B_SPLINE_CURVE_WITH_KNOTS('',3,(#6265,#6266,#6267,#6268,#6269),
 .UNSPECIFIED.,.F.,.F.,(4,1,4),(0.,0.0490189056864165,0.0919674568398397),
 .UNSPECIFIED.);
#254=B_SPLINE_CURVE_WITH_KNOTS('',3,(#6280,#6281,#6282,#6283,#6284),
 .UNSPECIFIED.,.F.,.F.,(4,1,4),(0.,0.0448705380264953,0.103406228842571),
 .UNSPECIFIED.);
#255=B_SPLINE_CURVE_WITH_KNOTS('',3,(#6285,#6286,#6287,#6288,#6289),
 .UNSPECIFIED.,.F.,.F.,(4,1,4),(0.,0.0448705380264953,0.103406228842571),
 .UNSPECIFIED.);
#256=B_SPLINE_CURVE_WITH_KNOTS('',3,(#6302,#6303,#6304,#6305,#6306),
 .UNSPECIFIED.,.F.,.F.,(4,1,4),(0.,0.038011886836417,0.0761382285369836),
 .UNSPECIFIED.);
#257=B_SPLINE_CURVE_WITH_KNOTS('',3,(#6310,#6311,#6312,#6313,#6314),
 .UNSPECIFIED.,.F.,.F.,(4,1,4),(0.,0.038011886836417,0.0761382285369836),
 .UNSPECIFIED.);
#258=B_SPLINE_CURVE_WITH_KNOTS('',3,(#6327,#6328,#6329,#6330,#6331),
 .UNSPECIFIED.,.F.,.F.,(4,1,4),(0.,0.040434087612909,0.0792080814176447),
 .UNSPECIFIED.);
#259=B_SPLINE_CURVE_WITH_KNOTS('',3,(#6334,#6335,#6336,#6337,#6338),
 .UNSPECIFIED.,.F.,.F.,(4,1,4),(0.,0.040434087612909,0.0792080814176447),
 .UNSPECIFIED.);
#260=B_SPLINE_CURVE_WITH_KNOTS('',3,(#6350,#6351,#6352,#6353,#6354),
 .UNSPECIFIED.,.F.,.F.,(4,1,4),(0.,0.0377441665149139,0.0757828093536538),
 .UNSPECIFIED.);
#261=B_SPLINE_CURVE_WITH_KNOTS('',3,(#6357,#6358,#6359,#6360,#6361),
 .UNSPECIFIED.,.F.,.F.,(4,1,4),(0.,0.0377441665149139,0.0757828093536538),
 .UNSPECIFIED.);
#262=B_SPLINE_CURVE_WITH_KNOTS('',3,(#6373,#6374,#6375,#6376,#6377),
 .UNSPECIFIED.,.F.,.F.,(4,1,4),(0.,0.0386844934282168,0.0763652181227003),
 .UNSPECIFIED.);
#263=B_SPLINE_CURVE_WITH_KNOTS('',3,(#6380,#6381,#6382,#6383,#6384),
 .UNSPECIFIED.,.F.,.F.,(4,1,4),(0.,0.0386844934282168,0.0763652181227003),
 .UNSPECIFIED.);
#264=B_SPLINE_CURVE_WITH_KNOTS('',3,(#6396,#6397,#6398,#6399,#6400),
 .UNSPECIFIED.,.F.,.F.,(4,1,4),(0.,0.0434743866042214,0.0843028968316227),
 .UNSPECIFIED.);
#265=B_SPLINE_CURVE_WITH_KNOTS('',3,(#6403,#6404,#6405,#6406,#6407),
 .UNSPECIFIED.,.F.,.F.,(4,1,4),(0.,0.0434743866042214,0.0843028968316227),
 .UNSPECIFIED.);
#266=B_SPLINE_CURVE_WITH_KNOTS('',3,(#6419,#6420,#6421,#6422,#6423),
 .UNSPECIFIED.,.F.,.F.,(4,1,4),(0.,0.040092043247687,0.082957355208148),
 .UNSPECIFIED.);
#267=B_SPLINE_CURVE_WITH_KNOTS('',3,(#6426,#6427,#6428,#6429,#6430),
 .UNSPECIFIED.,.F.,.F.,(4,1,4),(0.,0.040092043247687,0.082957355208148),
 .UNSPECIFIED.);
#268=B_SPLINE_CURVE_WITH_KNOTS('',3,(#6442,#6443,#6444,#6445,#6446),
 .UNSPECIFIED.,.F.,.F.,(4,1,4),(0.,0.0377962395864787,0.0759877476655428),
 .UNSPECIFIED.);
#269=B_SPLINE_CURVE_WITH_KNOTS('',3,(#6449,#6450,#6451,#6452,#6453),
 .UNSPECIFIED.,.F.,.F.,(4,1,4),(0.,0.0377962395864787,0.0759877476655428),
 .UNSPECIFIED.);
#270=B_SPLINE_CURVE_WITH_KNOTS('',3,(#6465,#6466,#6467,#6468,#6469),
 .UNSPECIFIED.,.F.,.F.,(4,1,4),(0.,0.0398057117225909,0.0782110677506827),
 .UNSPECIFIED.);
#271=B_SPLINE_CURVE_WITH_KNOTS('',3,(#6472,#6473,#6474,#6475,#6476),
 .UNSPECIFIED.,.F.,.F.,(4,1,4),(0.,0.0398057117225909,0.0782110677506827),
 .UNSPECIFIED.);
#272=B_SPLINE_CURVE_WITH_KNOTS('',3,(#6488,#6489,#6490,#6491,#6492),
 .UNSPECIFIED.,.F.,.F.,(4,1,4),(0.,0.0558128882408306,0.114379342096572),
 .UNSPECIFIED.);
#273=B_SPLINE_CURVE_WITH_KNOTS('',3,(#6495,#6496,#6497,#6498,#6499),
 .UNSPECIFIED.,.F.,.F.,(4,1,4),(0.,0.0558128882408306,0.114379342096572),
 .UNSPECIFIED.);
#274=B_SPLINE_CURVE_WITH_KNOTS('',3,(#6511,#6512,#6513,#6514,#6515),
 .UNSPECIFIED.,.F.,.F.,(4,1,4),(0.,0.067335054151612,0.126001204756109),
 .UNSPECIFIED.);
#275=B_SPLINE_CURVE_WITH_KNOTS('',3,(#6518,#6519,#6520,#6521,#6522),
 .UNSPECIFIED.,.F.,.F.,(4,1,4),(0.,0.067335054151612,0.126001204756109),
 .UNSPECIFIED.);
#276=B_SPLINE_CURVE_WITH_KNOTS('',3,(#6533,#6534,#6535,#6536,#6537),
 .UNSPECIFIED.,.F.,.F.,(4,1,4),(0.,0.0386398118570864,0.0773511385801306),
 .UNSPECIFIED.);
#277=B_SPLINE_CURVE_WITH_KNOTS('',3,(#6538,#6539,#6540,#6541,#6542),
 .UNSPECIFIED.,.F.,.F.,(4,1,4),(0.,0.0386398118570864,0.0773511385801306),
 .UNSPECIFIED.);
#278=B_SPLINE_CURVE_WITH_KNOTS('',3,(#6703,#6704,#6705,#6706,#6707),
 .UNSPECIFIED.,.F.,.F.,(4,1,4),(0.,0.0287037014405513,0.0566572939966333),
 .UNSPECIFIED.);
#279=B_SPLINE_CURVE_WITH_KNOTS('',3,(#6711,#6712,#6713,#6714,#6715),
 .UNSPECIFIED.,.F.,.F.,(4,1,4),(0.,0.0287037014405513,0.0566572939966333),
 .UNSPECIFIED.);
#280=B_SPLINE_CURVE_WITH_KNOTS('',3,(#6728,#6729,#6730,#6731,#6732),
 .UNSPECIFIED.,.F.,.F.,(4,1,4),(0.,0.0375407349540146,0.0696240380886627),
 .UNSPECIFIED.);
#281=B_SPLINE_CURVE_WITH_KNOTS('',3,(#6735,#6736,#6737,#6738,#6739),
 .UNSPECIFIED.,.F.,.F.,(4,1,4),(0.,0.0375407349540146,0.0696240380886627),
 .UNSPECIFIED.);
#282=B_SPLINE_CURVE_WITH_KNOTS('',3,(#6751,#6752,#6753,#6754,#6755),
 .UNSPECIFIED.,.F.,.F.,(4,1,4),(0.,0.028684920760738,0.0593430882775619),
 .UNSPECIFIED.);
#283=B_SPLINE_CURVE_WITH_KNOTS('',3,(#6758,#6759,#6760,#6761,#6762),
 .UNSPECIFIED.,.F.,.F.,(4,1,4),(0.,0.028684920760738,0.0593430882775619),
 .UNSPECIFIED.);
#284=B_SPLINE_CURVE_WITH_KNOTS('',3,(#6774,#6775,#6776,#6777,#6778),
 .UNSPECIFIED.,.F.,.F.,(4,1,4),(0.,0.02516857299433,0.0518927035411502),
 .UNSPECIFIED.);
#285=B_SPLINE_CURVE_WITH_KNOTS('',3,(#6781,#6782,#6783,#6784,#6785),
 .UNSPECIFIED.,.F.,.F.,(4,1,4),(0.,0.02516857299433,0.0518927035411502),
 .UNSPECIFIED.);
#286=B_SPLINE_CURVE_WITH_KNOTS('',3,(#6797,#6798,#6799,#6800,#6801),
 .UNSPECIFIED.,.F.,.F.,(4,1,4),(0.,0.0235033567107689,0.0476709245421537),
 .UNSPECIFIED.);
#287=B_SPLINE_CURVE_WITH_KNOTS('',3,(#6804,#6805,#6806,#6807,#6808),
 .UNSPECIFIED.,.F.,.F.,(4,1,4),(0.,0.0235033567107689,0.0476709245421537),
 .UNSPECIFIED.);
#288=B_SPLINE_CURVE_WITH_KNOTS('',3,(#6820,#6821,#6822,#6823,#6824),
 .UNSPECIFIED.,.F.,.F.,(4,1,4),(0.,0.0220164312247025,0.0449700174430461),
 .UNSPECIFIED.);
#289=B_SPLINE_CURVE_WITH_KNOTS('',3,(#6827,#6828,#6829,#6830,#6831),
 .UNSPECIFIED.,.F.,.F.,(4,1,4),(0.,0.0220164312247025,0.0449700174430461),
 .UNSPECIFIED.);
#290=B_SPLINE_CURVE_WITH_KNOTS('',3,(#6843,#6844,#6845,#6846,#6847),
 .UNSPECIFIED.,.F.,.F.,(4,1,4),(0.,0.0265627069249223,0.0497798815550249),
 .UNSPECIFIED.);
#291=B_SPLINE_CURVE_WITH_KNOTS('',3,(#6850,#6851,#6852,#6853,#6854),
 .UNSPECIFIED.,.F.,.F.,(4,1,4),(0.,0.0265627069249223,0.0497798815550249),
 .UNSPECIFIED.);
#292=B_SPLINE_CURVE_WITH_KNOTS('',3,(#6866,#6867,#6868,#6869,#6870),
 .UNSPECIFIED.,.F.,.F.,(4,1,4),(0.,0.0420694658902829,0.0691696919774828),
 .UNSPECIFIED.);
#293=B_SPLINE_CURVE_WITH_KNOTS('',3,(#6873,#6874,#6875,#6876,#6877),
 .UNSPECIFIED.,.F.,.F.,(4,1,4),(0.,0.0420694658902829,0.0691696919774828),
 .UNSPECIFIED.);
#294=B_SPLINE_CURVE_WITH_KNOTS('',3,(#6889,#6890,#6891,#6892,#6893),
 .UNSPECIFIED.,.F.,.F.,(4,1,4),(0.,0.0232347229869277,0.0638646989344228),
 .UNSPECIFIED.);
#295=B_SPLINE_CURVE_WITH_KNOTS('',3,(#6896,#6897,#6898,#6899,#6900),
 .UNSPECIFIED.,.F.,.F.,(4,1,4),(0.,0.0232347229869277,0.0638646989344228),
 .UNSPECIFIED.);
#296=B_SPLINE_CURVE_WITH_KNOTS('',3,(#6912,#6913,#6914,#6915,#6916),
 .UNSPECIFIED.,.F.,.F.,(4,1,4),(0.,0.0150197703804802,0.0297644919260349),
 .UNSPECIFIED.);
#297=B_SPLINE_CURVE_WITH_KNOTS('',3,(#6919,#6920,#6921,#6922,#6923),
 .UNSPECIFIED.,.F.,.F.,(4,1,4),(0.,0.0150197703804802,0.0297644919260349),
 .UNSPECIFIED.);
#298=B_SPLINE_CURVE_WITH_KNOTS('',3,(#6935,#6936,#6937,#6938,#6939),
 .UNSPECIFIED.,.F.,.F.,(4,1,4),(0.,0.0190917223256123,0.0368424371000346),
 .UNSPECIFIED.);
#299=B_SPLINE_CURVE_WITH_KNOTS('',3,(#6942,#6943,#6944,#6945,#6946),
 .UNSPECIFIED.,.F.,.F.,(4,1,4),(0.,0.0190917223256123,0.0368424371000346),
 .UNSPECIFIED.);
#300=B_SPLINE_CURVE_WITH_KNOTS('',3,(#6958,#6959,#6960,#6961,#6962),
 .UNSPECIFIED.,.F.,.F.,(4,1,4),(0.,0.0313050098976989,0.0548466948696745),
 .UNSPECIFIED.);
#301=B_SPLINE_CURVE_WITH_KNOTS('',3,(#6965,#6966,#6967,#6968,#6969),
 .UNSPECIFIED.,.F.,.F.,(4,1,4),(0.,0.0313050098976989,0.0548466948696745),
 .UNSPECIFIED.);
#302=B_SPLINE_CURVE_WITH_KNOTS('',3,(#6981,#6982,#6983,#6984,#6985),
 .UNSPECIFIED.,.F.,.F.,(4,1,4),(0.,0.0244808774176859,0.0550606343178112),
 .UNSPECIFIED.);
#303=B_SPLINE_CURVE_WITH_KNOTS('',3,(#6988,#6989,#6990,#6991,#6992),
 .UNSPECIFIED.,.F.,.F.,(4,1,4),(0.,0.0244808774176859,0.0550606343178112),
 .UNSPECIFIED.);
#304=B_SPLINE_CURVE_WITH_KNOTS('',3,(#7004,#7005,#7006,#7007,#7008),
 .UNSPECIFIED.,.F.,.F.,(4,1,4),(0.,0.025856424761324,0.0486930056548569),
 .UNSPECIFIED.);
#305=B_SPLINE_CURVE_WITH_KNOTS('',3,(#7011,#7012,#7013,#7014,#7015),
 .UNSPECIFIED.,.F.,.F.,(4,1,4),(0.,0.025856424761324,0.0486930056548569),
 .UNSPECIFIED.);
#306=B_SPLINE_CURVE_WITH_KNOTS('',3,(#7033,#7034,#7035,#7036,#7037),
 .UNSPECIFIED.,.F.,.F.,(4,1,4),(0.,0.0246237515485758,0.0499901022877812),
 .UNSPECIFIED.);
#307=B_SPLINE_CURVE_WITH_KNOTS('',3,(#7040,#7041,#7042,#7043,#7044),
 .UNSPECIFIED.,.F.,.F.,(4,1,4),(0.,0.0246237515485758,0.0499901022877812),
 .UNSPECIFIED.);
#308=B_SPLINE_CURVE_WITH_KNOTS('',3,(#7056,#7057,#7058,#7059,#7060),
 .UNSPECIFIED.,.F.,.F.,(4,1,4),(0.,0.0261555350858796,0.0509282349706419),
 .UNSPECIFIED.);
#309=B_SPLINE_CURVE_WITH_KNOTS('',3,(#7063,#7064,#7065,#7066,#7067),
 .UNSPECIFIED.,.F.,.F.,(4,1,4),(0.,0.0261555350858796,0.0509282349706419),
 .UNSPECIFIED.);
#310=B_SPLINE_CURVE_WITH_KNOTS('',3,(#7079,#7080,#7081,#7082,#7083),
 .UNSPECIFIED.,.F.,.F.,(4,1,4),(0.,0.0315011470734138,0.0601065523192531),
 .UNSPECIFIED.);
#311=B_SPLINE_CURVE_WITH_KNOTS('',3,(#7086,#7087,#7088,#7089,#7090),
 .UNSPECIFIED.,.F.,.F.,(4,1,4),(0.,0.0315011470734138,0.0601065523192531),
 .UNSPECIFIED.);
#312=B_SPLINE_CURVE_WITH_KNOTS('',3,(#7102,#7103,#7104,#7105,#7106),
 .UNSPECIFIED.,.F.,.F.,(4,1,4),(0.,0.0272455782916816,0.0562637550644097),
 .UNSPECIFIED.);
#313=B_SPLINE_CURVE_WITH_KNOTS('',3,(#7109,#7110,#7111,#7112,#7113),
 .UNSPECIFIED.,.F.,.F.,(4,1,4),(0.,0.0272455782916816,0.0562637550644097),
 .UNSPECIFIED.);
#314=B_SPLINE_CURVE_WITH_KNOTS('',3,(#7125,#7126,#7127,#7128,#7129),
 .UNSPECIFIED.,.F.,.F.,(4,1,4),(0.,0.0235200750722799,0.048699692845356),
 .UNSPECIFIED.);
#315=B_SPLINE_CURVE_WITH_KNOTS('',3,(#7132,#7133,#7134,#7135,#7136),
 .UNSPECIFIED.,.F.,.F.,(4,1,4),(0.,0.0235200750722799,0.048699692845356),
 .UNSPECIFIED.);
#316=B_SPLINE_CURVE_WITH_KNOTS('',3,(#7148,#7149,#7150,#7151,#7152),
 .UNSPECIFIED.,.F.,.F.,(4,1,4),(0.,0.0222081838350033,0.0448644955494171),
 .UNSPECIFIED.);
#317=B_SPLINE_CURVE_WITH_KNOTS('',3,(#7155,#7156,#7157,#7158,#7159),
 .UNSPECIFIED.,.F.,.F.,(4,1,4),(0.,0.0222081838350033,0.0448644955494171),
 .UNSPECIFIED.);
#318=B_SPLINE_CURVE_WITH_KNOTS('',3,(#7171,#7172,#7173,#7174,#7175),
 .UNSPECIFIED.,.F.,.F.,(4,1,4),(0.,0.0193624545610064,0.0392089893966184),
 .UNSPECIFIED.);
#319=B_SPLINE_CURVE_WITH_KNOTS('',3,(#7178,#7179,#7180,#7181,#7182),
 .UNSPECIFIED.,.F.,.F.,(4,1,4),(0.,0.0193624545610064,0.0392089893966184),
 .UNSPECIFIED.);
#320=B_SPLINE_CURVE_WITH_KNOTS('',3,(#7194,#7195,#7196,#7197,#7198),
 .UNSPECIFIED.,.F.,.F.,(4,1,4),(0.,0.0225963589043028,0.0428700585611667),
 .UNSPECIFIED.);
#321=B_SPLINE_CURVE_WITH_KNOTS('',3,(#7201,#7202,#7203,#7204,#7205),
 .UNSPECIFIED.,.F.,.F.,(4,1,4),(0.,0.0225963589043028,0.0428700585611667),
 .UNSPECIFIED.);
#322=B_SPLINE_CURVE_WITH_KNOTS('',3,(#7217,#7218,#7219,#7220,#7221),
 .UNSPECIFIED.,.F.,.F.,(4,1,4),(0.,0.0364456579685348,0.0609559542396805),
 .UNSPECIFIED.);
#323=B_SPLINE_CURVE_WITH_KNOTS('',3,(#7224,#7225,#7226,#7227,#7228),
 .UNSPECIFIED.,.F.,.F.,(4,1,4),(0.,0.0364456579685348,0.0609559542396805),
 .UNSPECIFIED.);
#324=B_SPLINE_CURVE_WITH_KNOTS('',3,(#7240,#7241,#7242,#7243,#7244),
 .UNSPECIFIED.,.F.,.F.,(4,1,4),(0.,0.0202999316652416,0.0553962191789187),
 .UNSPECIFIED.);
#325=B_SPLINE_CURVE_WITH_KNOTS('',3,(#7247,#7248,#7249,#7250,#7251),
 .UNSPECIFIED.,.F.,.F.,(4,1,4),(0.,0.0202999316652416,0.0553962191789187),
 .UNSPECIFIED.);
#326=B_SPLINE_CURVE_WITH_KNOTS('',3,(#7263,#7264,#7265,#7266,#7267),
 .UNSPECIFIED.,.F.,.F.,(4,1,4),(0.,0.014547182573353,0.0325876193193981),
 .UNSPECIFIED.);
#327=B_SPLINE_CURVE_WITH_KNOTS('',3,(#7270,#7271,#7272,#7273,#7274),
 .UNSPECIFIED.,.F.,.F.,(4,1,4),(0.,0.014547182573353,0.0325876193193981),
 .UNSPECIFIED.);
#328=B_SPLINE_CURVE_WITH_KNOTS('',3,(#7286,#7287,#7288,#7289,#7290),
 .UNSPECIFIED.,.F.,.F.,(4,1,4),(0.,0.0133821746912109,0.0263602124842411),
 .UNSPECIFIED.);
#329=B_SPLINE_CURVE_WITH_KNOTS('',3,(#7293,#7294,#7295,#7296,#7297),
 .UNSPECIFIED.,.F.,.F.,(4,1,4),(0.,0.0133821746912109,0.0263602124842411),
 .UNSPECIFIED.);
#330=B_SPLINE_CURVE_WITH_KNOTS('',3,(#7309,#7310,#7311,#7312,#7313),
 .UNSPECIFIED.,.F.,.F.,(4,1,4),(0.,0.0138547857463449,0.027400439600526),
 .UNSPECIFIED.);
#331=B_SPLINE_CURVE_WITH_KNOTS('',3,(#7316,#7317,#7318,#7319,#7320),
 .UNSPECIFIED.,.F.,.F.,(4,1,4),(0.,0.0138547857463449,0.027400439600526),
 .UNSPECIFIED.);
#332=B_SPLINE_CURVE_WITH_KNOTS('',3,(#7332,#7333,#7334,#7335,#7336),
 .UNSPECIFIED.,.F.,.F.,(4,1,4),(0.,0.0171521909258518,0.0321656377445811),
 .UNSPECIFIED.);
#333=B_SPLINE_CURVE_WITH_KNOTS('',3,(#7339,#7340,#7341,#7342,#7343),
 .UNSPECIFIED.,.F.,.F.,(4,1,4),(0.,0.0171521909258518,0.0321656377445811),
 .UNSPECIFIED.);
#334=B_SPLINE_CURVE_WITH_KNOTS('',3,(#7355,#7356,#7357,#7358,#7359),
 .UNSPECIFIED.,.F.,.F.,(4,1,4),(0.,0.0214512550073614,0.0408485652963723),
 .UNSPECIFIED.);
#335=B_SPLINE_CURVE_WITH_KNOTS('',3,(#7362,#7363,#7364,#7365,#7366),
 .UNSPECIFIED.,.F.,.F.,(4,1,4),(0.,0.0214512550073614,0.0408485652963723),
 .UNSPECIFIED.);
#336=B_SPLINE_CURVE_WITH_KNOTS('',3,(#7378,#7379,#7380,#7381,#7382),
 .UNSPECIFIED.,.F.,.F.,(4,1,4),(0.,0.0227447456029193,0.0471472794833159),
 .UNSPECIFIED.);
#337=B_SPLINE_CURVE_WITH_KNOTS('',3,(#7385,#7386,#7387,#7388,#7389),
 .UNSPECIFIED.,.F.,.F.,(4,1,4),(0.,0.0227447456029193,0.0471472794833159),
 .UNSPECIFIED.);
#338=B_SPLINE_CURVE_WITH_KNOTS('',3,(#7401,#7402,#7403,#7404,#7405),
 .UNSPECIFIED.,.F.,.F.,(4,1,4),(0.,0.0180028900326366,0.0385405939274602),
 .UNSPECIFIED.);
#339=B_SPLINE_CURVE_WITH_KNOTS('',3,(#7408,#7409,#7410,#7411,#7412),
 .UNSPECIFIED.,.F.,.F.,(4,1,4),(0.,0.0180028900326366,0.0385405939274602),
 .UNSPECIFIED.);
#340=B_SPLINE_CURVE_WITH_KNOTS('',3,(#7424,#7425,#7426,#7427,#7428),
 .UNSPECIFIED.,.F.,.F.,(4,1,4),(0.,0.0209618688569712,0.0392325429192175),
 .UNSPECIFIED.);
#341=B_SPLINE_CURVE_WITH_KNOTS('',3,(#7431,#7432,#7433,#7434,#7435),
 .UNSPECIFIED.,.F.,.F.,(4,1,4),(0.,0.0209618688569712,0.0392325429192175),
 .UNSPECIFIED.);
#342=B_SPLINE_CURVE_WITH_KNOTS('',3,(#7452,#7453,#7454,#7455,#7456),
 .UNSPECIFIED.,.F.,.F.,(4,1,4),(0.,0.0280695609844187,0.0569481713470462),
 .UNSPECIFIED.);
#343=B_SPLINE_CURVE_WITH_KNOTS('',3,(#7457,#7458,#7459,#7460,#7461),
 .UNSPECIFIED.,.F.,.F.,(4,1,4),(0.,0.0280695609844187,0.0569481713470462),
 .UNSPECIFIED.);
#344=B_SPLINE_CURVE_WITH_KNOTS('',3,(#7483,#7484,#7485,#7486,#7487),
 .UNSPECIFIED.,.F.,.F.,(4,1,4),(0.,0.0224235078278606,0.0515058089558429),
 .UNSPECIFIED.);
#345=B_SPLINE_CURVE_WITH_KNOTS('',3,(#7490,#7491,#7492,#7493,#7494),
 .UNSPECIFIED.,.F.,.F.,(4,1,4),(0.,0.0224235078278606,0.0515058089558429),
 .UNSPECIFIED.);
#346=B_SPLINE_CURVE_WITH_KNOTS('',3,(#7506,#7507,#7508,#7509,#7510),
 .UNSPECIFIED.,.F.,.F.,(4,1,4),(0.,0.0197704803775938,0.0392062413942221),
 .UNSPECIFIED.);
#347=B_SPLINE_CURVE_WITH_KNOTS('',3,(#7513,#7514,#7515,#7516,#7517),
 .UNSPECIFIED.,.F.,.F.,(4,1,4),(0.,0.0197704803775938,0.0392062413942221),
 .UNSPECIFIED.);
#348=B_SPLINE_CURVE_WITH_KNOTS('',3,(#7529,#7530,#7531,#7532,#7533),
 .UNSPECIFIED.,.F.,.F.,(4,1,4),(0.,0.0142372024564332,0.0283708872577944),
 .UNSPECIFIED.);
#349=B_SPLINE_CURVE_WITH_KNOTS('',3,(#7536,#7537,#7538,#7539,#7540),
 .UNSPECIFIED.,.F.,.F.,(4,1,4),(0.,0.0142372024564332,0.0283708872577944),
 .UNSPECIFIED.);
#350=B_SPLINE_CURVE_WITH_KNOTS('',3,(#7552,#7553,#7554,#7555,#7556),
 .UNSPECIFIED.,.F.,.F.,(4,1,4),(0.,0.0153602504278967,0.0298795725369734),
 .UNSPECIFIED.);
#351=B_SPLINE_CURVE_WITH_KNOTS('',3,(#7559,#7560,#7561,#7562,#7563),
 .UNSPECIFIED.,.F.,.F.,(4,1,4),(0.,0.0153602504278967,0.0298795725369734),
 .UNSPECIFIED.);
#352=B_SPLINE_CURVE_WITH_KNOTS('',3,(#7575,#7576,#7577,#7578,#7579),
 .UNSPECIFIED.,.F.,.F.,(4,1,4),(0.,0.024290435583834,0.0430856152108535),
 .UNSPECIFIED.);
#353=B_SPLINE_CURVE_WITH_KNOTS('',3,(#7582,#7583,#7584,#7585,#7586),
 .UNSPECIFIED.,.F.,.F.,(4,1,4),(0.,0.024290435583834,0.0430856152108535),
 .UNSPECIFIED.);
#354=B_SPLINE_CURVE_WITH_KNOTS('',3,(#7622,#7623,#7624,#7625,#7626),
 .UNSPECIFIED.,.F.,.F.,(4,1,4),(0.,0.00896635631887284,0.0221704014806231),
 .UNSPECIFIED.);
#355=B_SPLINE_CURVE_WITH_KNOTS('',3,(#7629,#7630,#7631,#7632,#7633),
 .UNSPECIFIED.,.F.,.F.,(4,1,4),(0.,0.00896635631887284,0.0221704014806231),
 .UNSPECIFIED.);
#356=B_SPLINE_CURVE_WITH_KNOTS('',3,(#7645,#7646,#7647,#7648,#7649),
 .UNSPECIFIED.,.F.,.F.,(4,1,4),(0.,0.0102095508677022,0.0198600672266027),
 .UNSPECIFIED.);
#357=B_SPLINE_CURVE_WITH_KNOTS('',3,(#7652,#7653,#7654,#7655,#7656),
 .UNSPECIFIED.,.F.,.F.,(4,1,4),(0.,0.0102095508677022,0.0198600672266027),
 .UNSPECIFIED.);
#358=B_SPLINE_CURVE_WITH_KNOTS('',3,(#7668,#7669,#7670,#7671,#7672),
 .UNSPECIFIED.,.F.,.F.,(4,1,4),(0.,0.0161875107869029,0.02852176953321),
 .UNSPECIFIED.);
#359=B_SPLINE_CURVE_WITH_KNOTS('',3,(#7675,#7676,#7677,#7678,#7679),
 .UNSPECIFIED.,.F.,.F.,(4,1,4),(0.,0.0161875107869029,0.02852176953321),
 .UNSPECIFIED.);
#360=B_SPLINE_CURVE_WITH_KNOTS('',3,(#7691,#7692,#7693,#7694,#7695),
 .UNSPECIFIED.,.F.,.F.,(4,1,4),(0.,0.0286336583522554,0.0503065028355346),
 .UNSPECIFIED.);
#361=B_SPLINE_CURVE_WITH_KNOTS('',3,(#7698,#7699,#7700,#7701,#7702),
 .UNSPECIFIED.,.F.,.F.,(4,1,4),(0.,0.0286336583522554,0.0503065028355346),
 .UNSPECIFIED.);
#362=B_SPLINE_CURVE_WITH_KNOTS('',3,(#7732,#7733,#7734,#7735,#7736),
 .UNSPECIFIED.,.F.,.F.,(4,1,4),(0.,0.0246821704724695,0.0518502652883234),
 .UNSPECIFIED.);
#363=B_SPLINE_CURVE_WITH_KNOTS('',3,(#7739,#7740,#7741,#7742,#7743),
 .UNSPECIFIED.,.F.,.F.,(4,1,4),(0.,0.0246821704724695,0.0518502652883234),
 .UNSPECIFIED.);
#364=B_SPLINE_CURVE_WITH_KNOTS('',3,(#7755,#7756,#7757,#7758,#7759),
 .UNSPECIFIED.,.F.,.F.,(4,1,4),(0.,0.0157726103678346,0.0282867659013),
 .UNSPECIFIED.);
#365=B_SPLINE_CURVE_WITH_KNOTS('',3,(#7762,#7763,#7764,#7765,#7766),
 .UNSPECIFIED.,.F.,.F.,(4,1,4),(0.,0.0157726103678346,0.0282867659013),
 .UNSPECIFIED.);
#366=B_SPLINE_CURVE_WITH_KNOTS('',3,(#7778,#7779,#7780,#7781,#7782),
 .UNSPECIFIED.,.F.,.F.,(4,1,4),(0.,0.0318135394323564,0.070654177345548),
 .UNSPECIFIED.);
#367=B_SPLINE_CURVE_WITH_KNOTS('',3,(#7785,#7786,#7787,#7788,#7789),
 .UNSPECIFIED.,.F.,.F.,(4,1,4),(0.,0.0318135394323564,0.070654177345548),
 .UNSPECIFIED.);
#368=B_SPLINE_CURVE_WITH_KNOTS('',3,(#7801,#7802,#7803,#7804,#7805),
 .UNSPECIFIED.,.F.,.F.,(4,1,4),(0.,0.0298671461086213,0.058777443460361),
 .UNSPECIFIED.);
#369=B_SPLINE_CURVE_WITH_KNOTS('',3,(#7808,#7809,#7810,#7811,#7812),
 .UNSPECIFIED.,.F.,.F.,(4,1,4),(0.,0.0298671461086213,0.058777443460361),
 .UNSPECIFIED.);
#370=B_SPLINE_CURVE_WITH_KNOTS('',3,(#7824,#7825,#7826,#7827,#7828),
 .UNSPECIFIED.,.F.,.F.,(4,1,4),(0.,0.0234849984133621,0.0473765902848934),
 .UNSPECIFIED.);
#371=B_SPLINE_CURVE_WITH_KNOTS('',3,(#7831,#7832,#7833,#7834,#7835),
 .UNSPECIFIED.,.F.,.F.,(4,1,4),(0.,0.0234849984133621,0.0473765902848934),
 .UNSPECIFIED.);
#372=B_SPLINE_CURVE_WITH_KNOTS('',3,(#7847,#7848,#7849,#7850,#7851),
 .UNSPECIFIED.,.F.,.F.,(4,1,4),(0.,0.0218512862221197,0.0445286470353295),
 .UNSPECIFIED.);
#373=B_SPLINE_CURVE_WITH_KNOTS('',3,(#7854,#7855,#7856,#7857,#7858),
 .UNSPECIFIED.,.F.,.F.,(4,1,4),(0.,0.0218512862221197,0.0445286470353295),
 .UNSPECIFIED.);
#374=B_SPLINE_CURVE_WITH_KNOTS('',3,(#7870,#7871,#7872,#7873,#7874),
 .UNSPECIFIED.,.F.,.F.,(4,1,4),(0.,0.0353579302483802,0.0617459018569751),
 .UNSPECIFIED.);
#375=B_SPLINE_CURVE_WITH_KNOTS('',3,(#7877,#7878,#7879,#7880,#7881),
 .UNSPECIFIED.,.F.,.F.,(4,1,4),(0.,0.0353579302483802,0.0617459018569751),
 .UNSPECIFIED.);
#376=B_SPLINE_SURFACE_WITH_KNOTS('',3,1,((#5485,#5486),(#5487,#5488),(#5489,
#5490),(#5491,#5492),(#5493,#5494)),.UNSPECIFIED.,.F.,.F.,.F.,(4,1,4),(2,
2),(0.,0.0183313830342837,0.0459263507038004),(0.,0.1),.UNSPECIFIED.);
#377=B_SPLINE_SURFACE_WITH_KNOTS('',3,1,((#5508,#5509),(#5510,#5511),(#5512,
#5513),(#5514,#5515),(#5516,#5517)),.UNSPECIFIED.,.F.,.F.,.F.,(4,1,4),(2,
2),(0.,0.0129292295193929,0.0261308811780449),(0.,0.1),.UNSPECIFIED.);
#378=B_SPLINE_SURFACE_WITH_KNOTS('',3,1,((#5531,#5532),(#5533,#5534),(#5535,
#5536),(#5537,#5538),(#5539,#5540)),.UNSPECIFIED.,.F.,.F.,.F.,(4,1,4),(2,
2),(0.,0.0141570262062836,0.0275355461231953),(0.,0.1),.UNSPECIFIED.);
#379=B_SPLINE_SURFACE_WITH_KNOTS('',3,1,((#5554,#5555),(#5556,#5557),(#5558,
#5559),(#5560,#5561),(#5562,#5563)),.UNSPECIFIED.,.F.,.F.,.F.,(4,1,4),(2,
2),(0.,0.0130988750924709,0.0276528972534132),(0.,0.1),.UNSPECIFIED.);
#380=B_SPLINE_SURFACE_WITH_KNOTS('',3,1,((#5577,#5578),(#5579,#5580),(#5581,
#5582),(#5583,#5584),(#5585,#5586)),.UNSPECIFIED.,.F.,.F.,.F.,(4,1,4),(2,
2),(0.,0.0145629063450279,0.0276468981268144),(0.,0.1),.UNSPECIFIED.);
#381=B_SPLINE_SURFACE_WITH_KNOTS('',3,1,((#5600,#5601),(#5602,#5603),(#5604,
#5605),(#5606,#5607),(#5608,#5609)),.UNSPECIFIED.,.F.,.F.,.F.,(4,1,4),(2,
2),(0.,0.0226803935890287,0.03809718581971),(0.,0.1),.UNSPECIFIED.);
#382=B_SPLINE_SURFACE_WITH_KNOTS('',3,1,((#5641,#5642),(#5643,#5644),(#5645,
#5646),(#5647,#5648),(#5649,#5650)),.UNSPECIFIED.,.F.,.F.,.F.,(4,1,4),(2,
2),(0.,0.018972882825565,0.0443023305647698),(0.,0.1),.UNSPECIFIED.);
#383=B_SPLINE_SURFACE_WITH_KNOTS('',3,1,((#5664,#5665),(#5666,#5667),(#5668,
#5669),(#5670,#5671),(#5672,#5673)),.UNSPECIFIED.,.F.,.F.,.F.,(4,1,4),(2,
2),(0.,0.0147066130621118,0.0299214298691919),(0.,0.1),.UNSPECIFIED.);
#384=B_SPLINE_SURFACE_WITH_KNOTS('',3,1,((#5687,#5688),(#5689,#5690),(#5691,
#5692),(#5693,#5694),(#5695,#5696)),.UNSPECIFIED.,.F.,.F.,.F.,(4,1,4),(2,
2),(0.,0.0158269648752531,0.0307694672022639),(0.,0.1),.UNSPECIFIED.);
#385=B_SPLINE_SURFACE_WITH_KNOTS('',3,1,((#5710,#5711),(#5712,#5713),(#5714,
#5715),(#5716,#5717),(#5718,#5719)),.UNSPECIFIED.,.F.,.F.,.F.,(4,1,4),(2,
2),(0.,0.0126043162679413,0.0261662554706966),(0.,0.1),.UNSPECIFIED.);
#386=B_SPLINE_SURFACE_WITH_KNOTS('',3,1,((#5733,#5734),(#5735,#5736),(#5737,
#5738),(#5739,#5740),(#5741,#5742)),.UNSPECIFIED.,.F.,.F.,.F.,(4,1,4),(2,
2),(0.,0.0109489043241781,0.022721869336252),(0.,0.1),.UNSPECIFIED.);
#387=B_SPLINE_SURFACE_WITH_KNOTS('',3,1,((#5756,#5757),(#5758,#5759),(#5760,
#5761),(#5762,#5763),(#5764,#5765)),.UNSPECIFIED.,.F.,.F.,.F.,(4,1,4),(2,
2),(0.,0.013004205364269,0.0244461451693942),(0.,0.1),.UNSPECIFIED.);
#388=B_SPLINE_SURFACE_WITH_KNOTS('',3,1,((#5779,#5780),(#5781,#5782),(#5783,
#5784),(#5785,#5786),(#5787,#5788)),.UNSPECIFIED.,.F.,.F.,.F.,(4,1,4),(2,
2),(0.,0.0163749875039833,0.0270702886187358),(0.,0.1),.UNSPECIFIED.);
#389=B_SPLINE_SURFACE_WITH_KNOTS('',3,1,((#5811,#5812),(#5813,#5814),(#5815,
#5816),(#5817,#5818),(#5819,#5820)),.UNSPECIFIED.,.F.,.F.,.F.,(4,1,4),(2,
2),(0.,0.0222924824014593,0.0487461385881203),(0.,0.1),.UNSPECIFIED.);
#390=B_SPLINE_SURFACE_WITH_KNOTS('',3,1,((#5837,#5838),(#5839,#5840),(#5841,
#5842),(#5843,#5844),(#5845,#5846)),.UNSPECIFIED.,.F.,.F.,.F.,(4,1,4),(2,
2),(0.,0.0170925425899633,0.0362158804281831),(0.,0.1),.UNSPECIFIED.);
#391=B_SPLINE_SURFACE_WITH_KNOTS('',3,1,((#5860,#5861),(#5862,#5863),(#5864,
#5865),(#5866,#5867),(#5868,#5869)),.UNSPECIFIED.,.F.,.F.,.F.,(4,1,4),(2,
2),(0.,0.01887450999667,0.035804930656567),(0.,0.1),.UNSPECIFIED.);
#392=B_SPLINE_SURFACE_WITH_KNOTS('',3,1,((#5883,#5884),(#5885,#5886),(#5887,
#5888),(#5889,#5890),(#5891,#5892)),.UNSPECIFIED.,.F.,.F.,.F.,(4,1,4),(2,
2),(0.,0.0204573513368084,0.0404569386165596),(0.,0.1),.UNSPECIFIED.);
#393=B_SPLINE_SURFACE_WITH_KNOTS('',3,1,((#5906,#5907),(#5908,#5909),(#5910,
#5911),(#5912,#5913),(#5914,#5915)),.UNSPECIFIED.,.F.,.F.,.F.,(4,1,4),(2,
2),(0.,0.0236726136137555,0.048398977650461),(0.,0.1),.UNSPECIFIED.);
#394=B_SPLINE_SURFACE_WITH_KNOTS('',3,1,((#5929,#5930),(#5931,#5932),(#5933,
#5934),(#5935,#5936),(#5937,#5938)),.UNSPECIFIED.,.F.,.F.,.F.,(4,1,4),(2,
2),(0.,0.0263802817385741,0.0505824626580035),(0.,0.1),.UNSPECIFIED.);
#395=B_SPLINE_SURFACE_WITH_KNOTS('',3,1,((#5952,#5953),(#5954,#5955),(#5956,
#5957),(#5958,#5959),(#5960,#5961)),.UNSPECIFIED.,.F.,.F.,.F.,(4,1,4),(2,
2),(0.,0.0201763710960566,0.0421985494574686),(0.,0.1),.UNSPECIFIED.);
#396=B_SPLINE_SURFACE_WITH_KNOTS('',3,1,((#5975,#5976),(#5977,#5978),(#5979,
#5980),(#5981,#5982),(#5983,#5984)),.UNSPECIFIED.,.F.,.F.,.F.,(4,1,4),(2,
2),(0.,0.0188546712089795,0.0380690384474269),(0.,0.1),.UNSPECIFIED.);
#397=B_SPLINE_SURFACE_WITH_KNOTS('',3,1,((#5998,#5999),(#6000,#6001),(#6002,
#6003),(#6004,#6005),(#6006,#6007)),.UNSPECIFIED.,.F.,.F.,.F.,(4,1,4),(2,
2),(0.,0.0212800900449746,0.0417264424667828),(0.,0.1),.UNSPECIFIED.);
#398=B_SPLINE_SURFACE_WITH_KNOTS('',3,1,((#6021,#6022),(#6023,#6024),(#6025,
#6026),(#6027,#6028),(#6029,#6030)),.UNSPECIFIED.,.F.,.F.,.F.,(4,1,4),(2,
2),(0.,0.0218326215236817,0.0434629249817087),(0.,0.1),.UNSPECIFIED.);
#399=B_SPLINE_SURFACE_WITH_KNOTS('',3,1,((#6044,#6045),(#6046,#6047),(#6048,
#6049),(#6050,#6051),(#6052,#6053)),.UNSPECIFIED.,.F.,.F.,.F.,(4,1,4),(2,
2),(0.,0.0310606896423898,0.0561799325800038),(0.,0.1),.UNSPECIFIED.);
#400=B_SPLINE_SURFACE_WITH_KNOTS('',3,1,((#6083,#6084),(#6085,#6086),(#6087,
#6088),(#6089,#6090),(#6091,#6092)),.UNSPECIFIED.,.F.,.F.,.F.,(4,1,4),(2,
2),(0.,0.0398764259942411,0.0796578519177369),(0.,0.1),.UNSPECIFIED.);
#401=B_SPLINE_SURFACE_WITH_KNOTS('',3,1,((#6109,#6110),(#6111,#6112),(#6113,
#6114),(#6115,#6116),(#6117,#6118)),.UNSPECIFIED.,.F.,.F.,.F.,(4,1,4),(2,
2),(0.,0.027699559497035,0.056163539731905),(0.,0.1),.UNSPECIFIED.);
#402=B_SPLINE_SURFACE_WITH_KNOTS('',3,1,((#6132,#6133),(#6134,#6135),(#6136,
#6137),(#6138,#6139),(#6140,#6141)),.UNSPECIFIED.,.F.,.F.,.F.,(4,1,4),(2,
2),(0.,0.0286438984019247,0.0563559863830507),(0.,0.1),.UNSPECIFIED.);
#403=B_SPLINE_SURFACE_WITH_KNOTS('',3,1,((#6155,#6156),(#6157,#6158),(#6159,
#6160),(#6161,#6162),(#6163,#6164)),.UNSPECIFIED.,.F.,.F.,.F.,(4,1,4),(2,
2),(0.,0.0344418941150606,0.0655089788919215),(0.,0.1),.UNSPECIFIED.);
#404=B_SPLINE_SURFACE_WITH_KNOTS('',3,1,((#6178,#6179),(#6180,#6181),(#6182,
#6183),(#6184,#6185),(#6186,#6187)),.UNSPECIFIED.,.F.,.F.,.F.,(4,1,4),(2,
2),(0.,0.0438669579953981,0.0956881655230924),(0.,0.1),.UNSPECIFIED.);
#405=B_SPLINE_SURFACE_WITH_KNOTS('',3,1,((#6201,#6202),(#6203,#6204),(#6205,
#6206),(#6207,#6208),(#6209,#6210)),.UNSPECIFIED.,.F.,.F.,.F.,(4,1,4),(2,
2),(0.,0.0416037724374525,0.0821309915435431),(0.,0.1),.UNSPECIFIED.);
#406=B_SPLINE_SURFACE_WITH_KNOTS('',3,1,((#6224,#6225),(#6226,#6227),(#6228,
#6229),(#6230,#6231),(#6232,#6233)),.UNSPECIFIED.,.F.,.F.,.F.,(4,1,4),(2,
2),(0.,0.0403517078486075,0.0813883502569013),(0.,0.1),.UNSPECIFIED.);
#407=B_SPLINE_SURFACE_WITH_KNOTS('',3,1,((#6247,#6248),(#6249,#6250),(#6251,
#6252),(#6253,#6254),(#6255,#6256)),.UNSPECIFIED.,.F.,.F.,.F.,(4,1,4),(2,
2),(0.,0.0490189056864165,0.0919674568398397),(0.,0.1),.UNSPECIFIED.);
#408=B_SPLINE_SURFACE_WITH_KNOTS('',3,1,((#6270,#6271),(#6272,#6273),(#6274,
#6275),(#6276,#6277),(#6278,#6279)),.UNSPECIFIED.,.F.,.F.,.F.,(4,1,4),(2,
2),(0.,0.0448705380264953,0.103406228842571),(0.,0.1),.UNSPECIFIED.);
#409=B_SPLINE_SURFACE_WITH_KNOTS('',3,1,((#6290,#6291),(#6292,#6293),(#6294,
#6295),(#6296,#6297),(#6298,#6299)),.UNSPECIFIED.,.F.,.F.,.F.,(4,1,4),(2,
2),(0.,0.038011886836417,0.0761382285369836),(0.,0.1),.UNSPECIFIED.);
#410=B_SPLINE_SURFACE_WITH_KNOTS('',3,1,((#6316,#6317),(#6318,#6319),(#6320,
#6321),(#6322,#6323),(#6324,#6325)),.UNSPECIFIED.,.F.,.F.,.F.,(4,1,4),(2,
2),(0.,0.040434087612909,0.0792080814176447),(0.,0.1),.UNSPECIFIED.);
#411=B_SPLINE_SURFACE_WITH_KNOTS('',3,1,((#6339,#6340),(#6341,#6342),(#6343,
#6344),(#6345,#6346),(#6347,#6348)),.UNSPECIFIED.,.F.,.F.,.F.,(4,1,4),(2,
2),(0.,0.0377441665149139,0.0757828093536538),(0.,0.1),.UNSPECIFIED.);
#412=B_SPLINE_SURFACE_WITH_KNOTS('',3,1,((#6362,#6363),(#6364,#6365),(#6366,
#6367),(#6368,#6369),(#6370,#6371)),.UNSPECIFIED.,.F.,.F.,.F.,(4,1,4),(2,
2),(0.,0.0386844934282168,0.0763652181227003),(0.,0.1),.UNSPECIFIED.);
#413=B_SPLINE_SURFACE_WITH_KNOTS('',3,1,((#6385,#6386),(#6387,#6388),(#6389,
#6390),(#6391,#6392),(#6393,#6394)),.UNSPECIFIED.,.F.,.F.,.F.,(4,1,4),(2,
2),(0.,0.0434743866042214,0.0843028968316227),(0.,0.1),.UNSPECIFIED.);
#414=B_SPLINE_SURFACE_WITH_KNOTS('',3,1,((#6408,#6409),(#6410,#6411),(#6412,
#6413),(#6414,#6415),(#6416,#6417)),.UNSPECIFIED.,.F.,.F.,.F.,(4,1,4),(2,
2),(0.,0.040092043247687,0.082957355208148),(0.,0.1),.UNSPECIFIED.);
#415=B_SPLINE_SURFACE_WITH_KNOTS('',3,1,((#6431,#6432),(#6433,#6434),(#6435,
#6436),(#6437,#6438),(#6439,#6440)),.UNSPECIFIED.,.F.,.F.,.F.,(4,1,4),(2,
2),(0.,0.0377962395864787,0.0759877476655428),(0.,0.1),.UNSPECIFIED.);
#416=B_SPLINE_SURFACE_WITH_KNOTS('',3,1,((#6454,#6455),(#6456,#6457),(#6458,
#6459),(#6460,#6461),(#6462,#6463)),.UNSPECIFIED.,.F.,.F.,.F.,(4,1,4),(2,
2),(0.,0.0398057117225909,0.0782110677506827),(0.,0.1),.UNSPECIFIED.);
#417=B_SPLINE_SURFACE_WITH_KNOTS('',3,1,((#6477,#6478),(#6479,#6480),(#6481,
#6482),(#6483,#6484),(#6485,#6486)),.UNSPECIFIED.,.F.,.F.,.F.,(4,1,4),(2,
2),(0.,0.0558128882408306,0.114379342096572),(0.,0.1),.UNSPECIFIED.);
#418=B_SPLINE_SURFACE_WITH_KNOTS('',3,1,((#6500,#6501),(#6502,#6503),(#6504,
#6505),(#6506,#6507),(#6508,#6509)),.UNSPECIFIED.,.F.,.F.,.F.,(4,1,4),(2,
2),(0.,0.067335054151612,0.126001204756109),(0.,0.1),.UNSPECIFIED.);
#419=B_SPLINE_SURFACE_WITH_KNOTS('',3,1,((#6523,#6524),(#6525,#6526),(#6527,
#6528),(#6529,#6530),(#6531,#6532)),.UNSPECIFIED.,.F.,.F.,.F.,(4,1,4),(2,
2),(0.,0.0386398118570864,0.0773511385801306),(0.,0.1),.UNSPECIFIED.);
#420=B_SPLINE_SURFACE_WITH_KNOTS('',3,1,((#6691,#6692),(#6693,#6694),(#6695,
#6696),(#6697,#6698),(#6699,#6700)),.UNSPECIFIED.,.F.,.F.,.F.,(4,1,4),(2,
2),(0.,0.0287037014405513,0.0566572939966333),(0.,0.1),.UNSPECIFIED.);
#421=B_SPLINE_SURFACE_WITH_KNOTS('',3,1,((#6717,#6718),(#6719,#6720),(#6721,
#6722),(#6723,#6724),(#6725,#6726)),.UNSPECIFIED.,.F.,.F.,.F.,(4,1,4),(2,
2),(0.,0.0375407349540146,0.0696240380886627),(0.,0.1),.UNSPECIFIED.);
#422=B_SPLINE_SURFACE_WITH_KNOTS('',3,1,((#6740,#6741),(#6742,#6743),(#6744,
#6745),(#6746,#6747),(#6748,#6749)),.UNSPECIFIED.,.F.,.F.,.F.,(4,1,4),(2,
2),(0.,0.028684920760738,0.0593430882775619),(0.,0.1),.UNSPECIFIED.);
#423=B_SPLINE_SURFACE_WITH_KNOTS('',3,1,((#6763,#6764),(#6765,#6766),(#6767,
#6768),(#6769,#6770),(#6771,#6772)),.UNSPECIFIED.,.F.,.F.,.F.,(4,1,4),(2,
2),(0.,0.02516857299433,0.0518927035411502),(0.,0.1),.UNSPECIFIED.);
#424=B_SPLINE_SURFACE_WITH_KNOTS('',3,1,((#6786,#6787),(#6788,#6789),(#6790,
#6791),(#6792,#6793),(#6794,#6795)),.UNSPECIFIED.,.F.,.F.,.F.,(4,1,4),(2,
2),(0.,0.0235033567107689,0.0476709245421537),(0.,0.1),.UNSPECIFIED.);
#425=B_SPLINE_SURFACE_WITH_KNOTS('',3,1,((#6809,#6810),(#6811,#6812),(#6813,
#6814),(#6815,#6816),(#6817,#6818)),.UNSPECIFIED.,.F.,.F.,.F.,(4,1,4),(2,
2),(0.,0.0220164312247025,0.0449700174430461),(0.,0.1),.UNSPECIFIED.);
#426=B_SPLINE_SURFACE_WITH_KNOTS('',3,1,((#6832,#6833),(#6834,#6835),(#6836,
#6837),(#6838,#6839),(#6840,#6841)),.UNSPECIFIED.,.F.,.F.,.F.,(4,1,4),(2,
2),(0.,0.0265627069249223,0.0497798815550249),(0.,0.1),.UNSPECIFIED.);
#427=B_SPLINE_SURFACE_WITH_KNOTS('',3,1,((#6855,#6856),(#6857,#6858),(#6859,
#6860),(#6861,#6862),(#6863,#6864)),.UNSPECIFIED.,.F.,.F.,.F.,(4,1,4),(2,
2),(0.,0.0420694658902829,0.0691696919774828),(0.,0.1),.UNSPECIFIED.);
#428=B_SPLINE_SURFACE_WITH_KNOTS('',3,1,((#6878,#6879),(#6880,#6881),(#6882,
#6883),(#6884,#6885),(#6886,#6887)),.UNSPECIFIED.,.F.,.F.,.F.,(4,1,4),(2,
2),(0.,0.0232347229869277,0.0638646989344228),(0.,0.1),.UNSPECIFIED.);
#429=B_SPLINE_SURFACE_WITH_KNOTS('',3,1,((#6901,#6902),(#6903,#6904),(#6905,
#6906),(#6907,#6908),(#6909,#6910)),.UNSPECIFIED.,.F.,.F.,.F.,(4,1,4),(2,
2),(0.,0.0150197703804802,0.0297644919260349),(0.,0.1),.UNSPECIFIED.);
#430=B_SPLINE_SURFACE_WITH_KNOTS('',3,1,((#6924,#6925),(#6926,#6927),(#6928,
#6929),(#6930,#6931),(#6932,#6933)),.UNSPECIFIED.,.F.,.F.,.F.,(4,1,4),(2,
2),(0.,0.0190917223256123,0.0368424371000346),(0.,0.1),.UNSPECIFIED.);
#431=B_SPLINE_SURFACE_WITH_KNOTS('',3,1,((#6947,#6948),(#6949,#6950),(#6951,
#6952),(#6953,#6954),(#6955,#6956)),.UNSPECIFIED.,.F.,.F.,.F.,(4,1,4),(2,
2),(0.,0.0313050098976989,0.0548466948696745),(0.,0.1),.UNSPECIFIED.);
#432=B_SPLINE_SURFACE_WITH_KNOTS('',3,1,((#6970,#6971),(#6972,#6973),(#6974,
#6975),(#6976,#6977),(#6978,#6979)),.UNSPECIFIED.,.F.,.F.,.F.,(4,1,4),(2,
2),(0.,0.0244808774176859,0.0550606343178112),(0.,0.1),.UNSPECIFIED.);
#433=B_SPLINE_SURFACE_WITH_KNOTS('',3,1,((#6993,#6994),(#6995,#6996),(#6997,
#6998),(#6999,#7000),(#7001,#7002)),.UNSPECIFIED.,.F.,.F.,.F.,(4,1,4),(2,
2),(0.,0.025856424761324,0.0486930056548569),(0.,0.1),.UNSPECIFIED.);
#434=B_SPLINE_SURFACE_WITH_KNOTS('',3,1,((#7022,#7023),(#7024,#7025),(#7026,
#7027),(#7028,#7029),(#7030,#7031)),.UNSPECIFIED.,.F.,.F.,.F.,(4,1,4),(2,
2),(0.,0.0246237515485758,0.0499901022877812),(0.,0.1),.UNSPECIFIED.);
#435=B_SPLINE_SURFACE_WITH_KNOTS('',3,1,((#7045,#7046),(#7047,#7048),(#7049,
#7050),(#7051,#7052),(#7053,#7054)),.UNSPECIFIED.,.F.,.F.,.F.,(4,1,4),(2,
2),(0.,0.0261555350858796,0.0509282349706419),(0.,0.1),.UNSPECIFIED.);
#436=B_SPLINE_SURFACE_WITH_KNOTS('',3,1,((#7068,#7069),(#7070,#7071),(#7072,
#7073),(#7074,#7075),(#7076,#7077)),.UNSPECIFIED.,.F.,.F.,.F.,(4,1,4),(2,
2),(0.,0.0315011470734138,0.0601065523192531),(0.,0.1),.UNSPECIFIED.);
#437=B_SPLINE_SURFACE_WITH_KNOTS('',3,1,((#7091,#7092),(#7093,#7094),(#7095,
#7096),(#7097,#7098),(#7099,#7100)),.UNSPECIFIED.,.F.,.F.,.F.,(4,1,4),(2,
2),(0.,0.0272455782916816,0.0562637550644097),(0.,0.1),.UNSPECIFIED.);
#438=B_SPLINE_SURFACE_WITH_KNOTS('',3,1,((#7114,#7115),(#7116,#7117),(#7118,
#7119),(#7120,#7121),(#7122,#7123)),.UNSPECIFIED.,.F.,.F.,.F.,(4,1,4),(2,
2),(0.,0.0235200750722799,0.048699692845356),(0.,0.1),.UNSPECIFIED.);
#439=B_SPLINE_SURFACE_WITH_KNOTS('',3,1,((#7137,#7138),(#7139,#7140),(#7141,
#7142),(#7143,#7144),(#7145,#7146)),.UNSPECIFIED.,.F.,.F.,.F.,(4,1,4),(2,
2),(0.,0.0222081838350033,0.0448644955494171),(0.,0.1),.UNSPECIFIED.);
#440=B_SPLINE_SURFACE_WITH_KNOTS('',3,1,((#7160,#7161),(#7162,#7163),(#7164,
#7165),(#7166,#7167),(#7168,#7169)),.UNSPECIFIED.,.F.,.F.,.F.,(4,1,4),(2,
2),(0.,0.0193624545610064,0.0392089893966184),(0.,0.1),.UNSPECIFIED.);
#441=B_SPLINE_SURFACE_WITH_KNOTS('',3,1,((#7183,#7184),(#7185,#7186),(#7187,
#7188),(#7189,#7190),(#7191,#7192)),.UNSPECIFIED.,.F.,.F.,.F.,(4,1,4),(2,
2),(0.,0.0225963589043028,0.0428700585611667),(0.,0.1),.UNSPECIFIED.);
#442=B_SPLINE_SURFACE_WITH_KNOTS('',3,1,((#7206,#7207),(#7208,#7209),(#7210,
#7211),(#7212,#7213),(#7214,#7215)),.UNSPECIFIED.,.F.,.F.,.F.,(4,1,4),(2,
2),(0.,0.0364456579685348,0.0609559542396805),(0.,0.1),.UNSPECIFIED.);
#443=B_SPLINE_SURFACE_WITH_KNOTS('',3,1,((#7229,#7230),(#7231,#7232),(#7233,
#7234),(#7235,#7236),(#7237,#7238)),.UNSPECIFIED.,.F.,.F.,.F.,(4,1,4),(2,
2),(0.,0.0202999316652416,0.0553962191789187),(0.,0.1),.UNSPECIFIED.);
#444=B_SPLINE_SURFACE_WITH_KNOTS('',3,1,((#7252,#7253),(#7254,#7255),(#7256,
#7257),(#7258,#7259),(#7260,#7261)),.UNSPECIFIED.,.F.,.F.,.F.,(4,1,4),(2,
2),(0.,0.014547182573353,0.0325876193193981),(0.,0.1),.UNSPECIFIED.);
#445=B_SPLINE_SURFACE_WITH_KNOTS('',3,1,((#7275,#7276),(#7277,#7278),(#7279,
#7280),(#7281,#7282),(#7283,#7284)),.UNSPECIFIED.,.F.,.F.,.F.,(4,1,4),(2,
2),(0.,0.0133821746912109,0.0263602124842411),(0.,0.1),.UNSPECIFIED.);
#446=B_SPLINE_SURFACE_WITH_KNOTS('',3,1,((#7298,#7299),(#7300,#7301),(#7302,
#7303),(#7304,#7305),(#7306,#7307)),.UNSPECIFIED.,.F.,.F.,.F.,(4,1,4),(2,
2),(0.,0.0138547857463449,0.027400439600526),(0.,0.1),.UNSPECIFIED.);
#447=B_SPLINE_SURFACE_WITH_KNOTS('',3,1,((#7321,#7322),(#7323,#7324),(#7325,
#7326),(#7327,#7328),(#7329,#7330)),.UNSPECIFIED.,.F.,.F.,.F.,(4,1,4),(2,
2),(0.,0.0171521909258518,0.0321656377445811),(0.,0.1),.UNSPECIFIED.);
#448=B_SPLINE_SURFACE_WITH_KNOTS('',3,1,((#7344,#7345),(#7346,#7347),(#7348,
#7349),(#7350,#7351),(#7352,#7353)),.UNSPECIFIED.,.F.,.F.,.F.,(4,1,4),(2,
2),(0.,0.0214512550073614,0.0408485652963723),(0.,0.1),.UNSPECIFIED.);
#449=B_SPLINE_SURFACE_WITH_KNOTS('',3,1,((#7367,#7368),(#7369,#7370),(#7371,
#7372),(#7373,#7374),(#7375,#7376)),.UNSPECIFIED.,.F.,.F.,.F.,(4,1,4),(2,
2),(0.,0.0227447456029193,0.0471472794833159),(0.,0.1),.UNSPECIFIED.);
#450=B_SPLINE_SURFACE_WITH_KNOTS('',3,1,((#7390,#7391),(#7392,#7393),(#7394,
#7395),(#7396,#7397),(#7398,#7399)),.UNSPECIFIED.,.F.,.F.,.F.,(4,1,4),(2,
2),(0.,0.0180028900326366,0.0385405939274602),(0.,0.1),.UNSPECIFIED.);
#451=B_SPLINE_SURFACE_WITH_KNOTS('',3,1,((#7413,#7414),(#7415,#7416),(#7417,
#7418),(#7419,#7420),(#7421,#7422)),.UNSPECIFIED.,.F.,.F.,.F.,(4,1,4),(2,
2),(0.,0.0209618688569712,0.0392325429192175),(0.,0.1),.UNSPECIFIED.);
#452=B_SPLINE_SURFACE_WITH_KNOTS('',3,1,((#7442,#7443),(#7444,#7445),(#7446,
#7447),(#7448,#7449),(#7450,#7451)),.UNSPECIFIED.,.F.,.F.,.F.,(4,1,4),(2,
2),(0.,0.0280695609844187,0.0569481713470462),(0.,0.1),.UNSPECIFIED.);
#453=B_SPLINE_SURFACE_WITH_KNOTS('',3,1,((#7472,#7473),(#7474,#7475),(#7476,
#7477),(#7478,#7479),(#7480,#7481)),.UNSPECIFIED.,.F.,.F.,.F.,(4,1,4),(2,
2),(0.,0.0224235078278606,0.0515058089558429),(0.,0.1),.UNSPECIFIED.);
#454=B_SPLINE_SURFACE_WITH_KNOTS('',3,1,((#7495,#7496),(#7497,#7498),(#7499,
#7500),(#7501,#7502),(#7503,#7504)),.UNSPECIFIED.,.F.,.F.,.F.,(4,1,4),(2,
2),(0.,0.0197704803775938,0.0392062413942221),(0.,0.1),.UNSPECIFIED.);
#455=B_SPLINE_SURFACE_WITH_KNOTS('',3,1,((#7518,#7519),(#7520,#7521),(#7522,
#7523),(#7524,#7525),(#7526,#7527)),.UNSPECIFIED.,.F.,.F.,.F.,(4,1,4),(2,
2),(0.,0.0142372024564332,0.0283708872577944),(0.,0.1),.UNSPECIFIED.);
#456=B_SPLINE_SURFACE_WITH_KNOTS('',3,1,((#7541,#7542),(#7543,#7544),(#7545,
#7546),(#7547,#7548),(#7549,#7550)),.UNSPECIFIED.,.F.,.F.,.F.,(4,1,4),(2,
2),(0.,0.0153602504278967,0.0298795725369734),(0.,0.1),.UNSPECIFIED.);
#457=B_SPLINE_SURFACE_WITH_KNOTS('',3,1,((#7564,#7565),(#7566,#7567),(#7568,
#7569),(#7570,#7571),(#7572,#7573)),.UNSPECIFIED.,.F.,.F.,.F.,(4,1,4),(2,
2),(0.,0.024290435583834,0.0430856152108535),(0.,0.1),.UNSPECIFIED.);
#458=B_SPLINE_SURFACE_WITH_KNOTS('',3,1,((#7611,#7612),(#7613,#7614),(#7615,
#7616),(#7617,#7618),(#7619,#7620)),.UNSPECIFIED.,.F.,.F.,.F.,(4,1,4),(2,
2),(0.,0.00896635631887284,0.0221704014806231),(0.,0.1),.UNSPECIFIED.);
#459=B_SPLINE_SURFACE_WITH_KNOTS('',3,1,((#7634,#7635),(#7636,#7637),(#7638,
#7639),(#7640,#7641),(#7642,#7643)),.UNSPECIFIED.,.F.,.F.,.F.,(4,1,4),(2,
2),(0.,0.0102095508677022,0.0198600672266027),(0.,0.1),.UNSPECIFIED.);
#460=B_SPLINE_SURFACE_WITH_KNOTS('',3,1,((#7657,#7658),(#7659,#7660),(#7661,
#7662),(#7663,#7664),(#7665,#7666)),.UNSPECIFIED.,.F.,.F.,.F.,(4,1,4),(2,
2),(0.,0.0161875107869029,0.02852176953321),(0.,0.1),.UNSPECIFIED.);
#461=B_SPLINE_SURFACE_WITH_KNOTS('',3,1,((#7680,#7681),(#7682,#7683),(#7684,
#7685),(#7686,#7687),(#7688,#7689)),.UNSPECIFIED.,.F.,.F.,.F.,(4,1,4),(2,
2),(0.,0.0286336583522554,0.0503065028355346),(0.,0.1),.UNSPECIFIED.);
#462=B_SPLINE_SURFACE_WITH_KNOTS('',3,1,((#7721,#7722),(#7723,#7724),(#7725,
#7726),(#7727,#7728),(#7729,#7730)),.UNSPECIFIED.,.F.,.F.,.F.,(4,1,4),(2,
2),(0.,0.0246821704724695,0.0518502652883234),(0.,0.1),.UNSPECIFIED.);
#463=B_SPLINE_SURFACE_WITH_KNOTS('',3,1,((#7744,#7745),(#7746,#7747),(#7748,
#7749),(#7750,#7751),(#7752,#7753)),.UNSPECIFIED.,.F.,.F.,.F.,(4,1,4),(2,
2),(0.,0.0157726103678346,0.0282867659013),(0.,0.1),.UNSPECIFIED.);
#464=B_SPLINE_SURFACE_WITH_KNOTS('',3,1,((#7767,#7768),(#7769,#7770),(#7771,
#7772),(#7773,#7774),(#7775,#7776)),.UNSPECIFIED.,.F.,.F.,.F.,(4,1,4),(2,
2),(0.,0.0318135394323564,0.070654177345548),(0.,0.1),.UNSPECIFIED.);
#465=B_SPLINE_SURFACE_WITH_KNOTS('',3,1,((#7790,#7791),(#7792,#7793),(#7794,
#7795),(#7796,#7797),(#7798,#7799)),.UNSPECIFIED.,.F.,.F.,.F.,(4,1,4),(2,
2),(0.,0.0298671461086213,0.058777443460361),(0.,0.1),.UNSPECIFIED.);
#466=B_SPLINE_SURFACE_WITH_KNOTS('',3,1,((#7813,#7814),(#7815,#7816),(#7817,
#7818),(#7819,#7820),(#7821,#7822)),.UNSPECIFIED.,.F.,.F.,.F.,(4,1,4),(2,
2),(0.,0.0234849984133621,0.0473765902848934),(0.,0.1),.UNSPECIFIED.);
#467=B_SPLINE_SURFACE_WITH_KNOTS('',3,1,((#7836,#7837),(#7838,#7839),(#7840,
#7841),(#7842,#7843),(#7844,#7845)),.UNSPECIFIED.,.F.,.F.,.F.,(4,1,4),(2,
2),(0.,0.0218512862221197,0.0445286470353295),(0.,0.1),.UNSPECIFIED.);
#468=B_SPLINE_SURFACE_WITH_KNOTS('',3,1,((#7859,#7860),(#7861,#7862),(#7863,
#7864),(#7865,#7866),(#7867,#7868)),.UNSPECIFIED.,.F.,.F.,.F.,(4,1,4),(2,
2),(0.,0.0353579302483802,0.0617459018569751),(0.,0.1),.UNSPECIFIED.);
#469=FACE_OUTER_BOUND('',#705,.T.);
#470=FACE_OUTER_BOUND('',#706,.T.);
#471=FACE_OUTER_BOUND('',#707,.T.);
#472=FACE_OUTER_BOUND('',#708,.T.);
#473=FACE_OUTER_BOUND('',#709,.T.);
#474=FACE_OUTER_BOUND('',#710,.T.);
#475=FACE_OUTER_BOUND('',#711,.T.);
#476=FACE_OUTER_BOUND('',#712,.T.);
#477=FACE_OUTER_BOUND('',#713,.T.);
#478=FACE_OUTER_BOUND('',#714,.T.);
#479=FACE_OUTER_BOUND('',#715,.T.);
#480=FACE_OUTER_BOUND('',#716,.T.);
#481=FACE_OUTER_BOUND('',#717,.T.);
#482=FACE_OUTER_BOUND('',#718,.T.);
#483=FACE_OUTER_BOUND('',#719,.T.);
#484=FACE_OUTER_BOUND('',#720,.T.);
#485=FACE_OUTER_BOUND('',#721,.T.);
#486=FACE_OUTER_BOUND('',#722,.T.);
#487=FACE_OUTER_BOUND('',#723,.T.);
#488=FACE_OUTER_BOUND('',#724,.T.);
#489=FACE_OUTER_BOUND('',#725,.T.);
#490=FACE_OUTER_BOUND('',#726,.T.);
#491=FACE_OUTER_BOUND('',#727,.T.);
#492=FACE_OUTER_BOUND('',#728,.T.);
#493=FACE_OUTER_BOUND('',#729,.T.);
#494=FACE_OUTER_BOUND('',#730,.T.);
#495=FACE_OUTER_BOUND('',#731,.T.);
#496=FACE_OUTER_BOUND('',#732,.T.);
#497=FACE_OUTER_BOUND('',#733,.T.);
#498=FACE_OUTER_BOUND('',#734,.T.);
#499=FACE_OUTER_BOUND('',#735,.T.);
#500=FACE_OUTER_BOUND('',#736,.T.);
#501=FACE_OUTER_BOUND('',#737,.T.);
#502=FACE_OUTER_BOUND('',#738,.T.);
#503=FACE_OUTER_BOUND('',#739,.T.);
#504=FACE_OUTER_BOUND('',#740,.T.);
#505=FACE_OUTER_BOUND('',#741,.T.);
#506=FACE_OUTER_BOUND('',#742,.T.);
#507=FACE_OUTER_BOUND('',#743,.T.);
#508=FACE_OUTER_BOUND('',#744,.T.);
#509=FACE_OUTER_BOUND('',#745,.T.);
#510=FACE_OUTER_BOUND('',#746,.T.);
#511=FACE_OUTER_BOUND('',#747,.T.);
#512=FACE_OUTER_BOUND('',#750,.T.);
#513=FACE_OUTER_BOUND('',#751,.T.);
#514=FACE_OUTER_BOUND('',#752,.T.);
#515=FACE_OUTER_BOUND('',#753,.T.);
#516=FACE_OUTER_BOUND('',#754,.T.);
#517=FACE_OUTER_BOUND('',#755,.T.);
#518=FACE_OUTER_BOUND('',#756,.T.);
#519=FACE_OUTER_BOUND('',#757,.T.);
#520=FACE_OUTER_BOUND('',#758,.T.);
#521=FACE_OUTER_BOUND('',#759,.T.);
#522=FACE_OUTER_BOUND('',#760,.T.);
#523=FACE_OUTER_BOUND('',#761,.T.);
#524=FACE_OUTER_BOUND('',#762,.T.);
#525=FACE_OUTER_BOUND('',#763,.T.);
#526=FACE_OUTER_BOUND('',#764,.T.);
#527=FACE_OUTER_BOUND('',#765,.T.);
#528=FACE_OUTER_BOUND('',#766,.T.);
#529=FACE_OUTER_BOUND('',#767,.T.);
#530=FACE_OUTER_BOUND('',#768,.T.);
#531=FACE_OUTER_BOUND('',#769,.T.);
#532=FACE_OUTER_BOUND('',#770,.T.);
#533=FACE_OUTER_BOUND('',#772,.T.);
#534=FACE_OUTER_BOUND('',#773,.T.);
#535=FACE_OUTER_BOUND('',#774,.T.);
#536=FACE_OUTER_BOUND('',#775,.T.);
#537=FACE_OUTER_BOUND('',#776,.T.);
#538=FACE_OUTER_BOUND('',#777,.T.);
#539=FACE_OUTER_BOUND('',#778,.T.);
#540=FACE_OUTER_BOUND('',#779,.T.);
#541=FACE_OUTER_BOUND('',#780,.T.);
#542=FACE_OUTER_BOUND('',#781,.T.);
#543=FACE_OUTER_BOUND('',#782,.T.);
#544=FACE_OUTER_BOUND('',#783,.T.);
#545=FACE_OUTER_BOUND('',#784,.T.);
#546=FACE_OUTER_BOUND('',#785,.T.);
#547=FACE_OUTER_BOUND('',#786,.T.);
#548=FACE_OUTER_BOUND('',#787,.T.);
#549=FACE_OUTER_BOUND('',#788,.T.);
#550=FACE_OUTER_BOUND('',#789,.T.);
#551=FACE_OUTER_BOUND('',#790,.T.);
#552=FACE_OUTER_BOUND('',#791,.T.);
#553=FACE_OUTER_BOUND('',#792,.T.);
#554=FACE_OUTER_BOUND('',#793,.T.);
#555=FACE_OUTER_BOUND('',#794,.T.);
#556=FACE_OUTER_BOUND('',#795,.T.);
#557=FACE_OUTER_BOUND('',#796,.T.);
#558=FACE_OUTER_BOUND('',#797,.T.);
#559=FACE_OUTER_BOUND('',#798,.T.);
#560=FACE_OUTER_BOUND('',#799,.T.);
#561=FACE_OUTER_BOUND('',#800,.T.);
#562=FACE_OUTER_BOUND('',#801,.T.);
#563=FACE_OUTER_BOUND('',#802,.T.);
#564=FACE_OUTER_BOUND('',#803,.T.);
#565=FACE_OUTER_BOUND('',#804,.T.);
#566=FACE_OUTER_BOUND('',#805,.T.);
#567=FACE_OUTER_BOUND('',#806,.T.);
#568=FACE_OUTER_BOUND('',#807,.T.);
#569=FACE_OUTER_BOUND('',#808,.T.);
#570=FACE_OUTER_BOUND('',#809,.T.);
#571=FACE_OUTER_BOUND('',#810,.T.);
#572=FACE_OUTER_BOUND('',#811,.T.);
#573=FACE_OUTER_BOUND('',#812,.T.);
#574=FACE_OUTER_BOUND('',#813,.T.);
#575=FACE_OUTER_BOUND('',#814,.T.);
#576=FACE_OUTER_BOUND('',#815,.T.);
#577=FACE_OUTER_BOUND('',#816,.T.);
#578=FACE_OUTER_BOUND('',#817,.T.);
#579=FACE_OUTER_BOUND('',#818,.T.);
#580=FACE_OUTER_BOUND('',#819,.T.);
#581=FACE_OUTER_BOUND('',#820,.T.);
#582=FACE_OUTER_BOUND('',#821,.T.);
#583=FACE_OUTER_BOUND('',#822,.T.);
#584=FACE_OUTER_BOUND('',#823,.T.);
#585=FACE_OUTER_BOUND('',#824,.T.);
#586=FACE_OUTER_BOUND('',#825,.T.);
#587=FACE_OUTER_BOUND('',#826,.T.);
#588=FACE_OUTER_BOUND('',#827,.T.);
#589=FACE_OUTER_BOUND('',#828,.T.);
#590=FACE_OUTER_BOUND('',#829,.T.);
#591=FACE_OUTER_BOUND('',#830,.T.);
#592=FACE_OUTER_BOUND('',#831,.T.);
#593=FACE_OUTER_BOUND('',#832,.T.);
#594=FACE_OUTER_BOUND('',#833,.T.);
#595=FACE_OUTER_BOUND('',#834,.T.);
#596=FACE_OUTER_BOUND('',#835,.T.);
#597=FACE_OUTER_BOUND('',#836,.T.);
#598=FACE_OUTER_BOUND('',#837,.T.);
#599=FACE_OUTER_BOUND('',#838,.T.);
#600=FACE_OUTER_BOUND('',#839,.T.);
#601=FACE_OUTER_BOUND('',#840,.T.);
#602=FACE_OUTER_BOUND('',#841,.T.);
#603=FACE_OUTER_BOUND('',#842,.T.);
#604=FACE_OUTER_BOUND('',#843,.T.);
#605=FACE_OUTER_BOUND('',#844,.T.);
#606=FACE_OUTER_BOUND('',#845,.T.);
#607=FACE_OUTER_BOUND('',#846,.T.);
#608=FACE_OUTER_BOUND('',#847,.T.);
#609=FACE_OUTER_BOUND('',#848,.T.);
#610=FACE_OUTER_BOUND('',#849,.T.);
#611=FACE_OUTER_BOUND('',#850,.T.);
#612=FACE_OUTER_BOUND('',#851,.T.);
#613=FACE_OUTER_BOUND('',#852,.T.);
#614=FACE_OUTER_BOUND('',#853,.T.);
#615=FACE_OUTER_BOUND('',#854,.T.);
#616=FACE_OUTER_BOUND('',#855,.T.);
#617=FACE_OUTER_BOUND('',#856,.T.);
#618=FACE_OUTER_BOUND('',#857,.T.);
#619=FACE_OUTER_BOUND('',#858,.T.);
#620=FACE_OUTER_BOUND('',#859,.T.);
#621=FACE_OUTER_BOUND('',#860,.T.);
#622=FACE_OUTER_BOUND('',#861,.T.);
#623=FACE_OUTER_BOUND('',#862,.T.);
#624=FACE_OUTER_BOUND('',#864,.T.);
#625=FACE_OUTER_BOUND('',#874,.T.);
#626=FACE_OUTER_BOUND('',#875,.T.);
#627=FACE_OUTER_BOUND('',#876,.T.);
#628=FACE_OUTER_BOUND('',#877,.T.);
#629=FACE_OUTER_BOUND('',#878,.T.);
#630=FACE_OUTER_BOUND('',#879,.T.);
#631=FACE_OUTER_BOUND('',#880,.T.);
#632=FACE_OUTER_BOUND('',#881,.T.);
#633=FACE_OUTER_BOUND('',#882,.T.);
#634=FACE_OUTER_BOUND('',#883,.T.);
#635=FACE_OUTER_BOUND('',#884,.T.);
#636=FACE_OUTER_BOUND('',#885,.T.);
#637=FACE_OUTER_BOUND('',#886,.T.);
#638=FACE_OUTER_BOUND('',#887,.T.);
#639=FACE_OUTER_BOUND('',#888,.T.);
#640=FACE_OUTER_BOUND('',#889,.T.);
#641=FACE_OUTER_BOUND('',#890,.T.);
#642=FACE_OUTER_BOUND('',#891,.T.);
#643=FACE_OUTER_BOUND('',#892,.T.);
#644=FACE_OUTER_BOUND('',#893,.T.);
#645=FACE_OUTER_BOUND('',#894,.T.);
#646=FACE_OUTER_BOUND('',#895,.T.);
#647=FACE_OUTER_BOUND('',#896,.T.);
#648=FACE_OUTER_BOUND('',#897,.T.);
#649=FACE_OUTER_BOUND('',#898,.T.);
#650=FACE_OUTER_BOUND('',#899,.T.);
#651=FACE_OUTER_BOUND('',#900,.T.);
#652=FACE_OUTER_BOUND('',#901,.T.);
#653=FACE_OUTER_BOUND('',#902,.T.);
#654=FACE_OUTER_BOUND('',#903,.T.);
#655=FACE_OUTER_BOUND('',#904,.T.);
#656=FACE_OUTER_BOUND('',#905,.T.);
#657=FACE_OUTER_BOUND('',#906,.T.);
#658=FACE_OUTER_BOUND('',#907,.T.);
#659=FACE_OUTER_BOUND('',#908,.T.);
#660=FACE_OUTER_BOUND('',#909,.T.);
#661=FACE_OUTER_BOUND('',#910,.T.);
#662=FACE_OUTER_BOUND('',#911,.T.);
#663=FACE_OUTER_BOUND('',#912,.T.);
#664=FACE_OUTER_BOUND('',#913,.T.);
#665=FACE_OUTER_BOUND('',#914,.T.);
#666=FACE_OUTER_BOUND('',#915,.T.);
#667=FACE_OUTER_BOUND('',#916,.T.);
#668=FACE_OUTER_BOUND('',#917,.T.);
#669=FACE_OUTER_BOUND('',#918,.T.);
#670=FACE_OUTER_BOUND('',#919,.T.);
#671=FACE_OUTER_BOUND('',#920,.T.);
#672=FACE_OUTER_BOUND('',#921,.T.);
#673=FACE_OUTER_BOUND('',#927,.T.);
#674=FACE_OUTER_BOUND('',#930,.T.);
#675=FACE_OUTER_BOUND('',#931,.T.);
#676=FACE_OUTER_BOUND('',#932,.T.);
#677=FACE_OUTER_BOUND('',#933,.T.);
#678=FACE_OUTER_BOUND('',#934,.T.);
#679=FACE_OUTER_BOUND('',#935,.T.);
#680=FACE_OUTER_BOUND('',#936,.T.);
#681=FACE_OUTER_BOUND('',#937,.T.);
#682=FACE_OUTER_BOUND('',#938,.T.);
#683=FACE_OUTER_BOUND('',#939,.T.);
#684=FACE_OUTER_BOUND('',#940,.T.);
#685=FACE_OUTER_BOUND('',#941,.T.);
#686=FACE_OUTER_BOUND('',#942,.T.);
#687=FACE_OUTER_BOUND('',#943,.T.);
#688=FACE_OUTER_BOUND('',#944,.T.);
#689=FACE_OUTER_BOUND('',#945,.T.);
#690=FACE_OUTER_BOUND('',#946,.T.);
#691=FACE_OUTER_BOUND('',#947,.T.);
#692=FACE_OUTER_BOUND('',#948,.T.);
#693=FACE_OUTER_BOUND('',#949,.T.);
#694=FACE_OUTER_BOUND('',#950,.T.);
#695=FACE_OUTER_BOUND('',#951,.T.);
#696=FACE_OUTER_BOUND('',#952,.T.);
#697=FACE_OUTER_BOUND('',#953,.T.);
#698=FACE_OUTER_BOUND('',#954,.T.);
#699=FACE_OUTER_BOUND('',#955,.T.);
#700=FACE_OUTER_BOUND('',#956,.T.);
#701=FACE_OUTER_BOUND('',#957,.T.);
#702=FACE_OUTER_BOUND('',#958,.T.);
#703=FACE_OUTER_BOUND('',#959,.T.);
#704=FACE_OUTER_BOUND('',#960,.T.);
#705=EDGE_LOOP('',(#2747,#2748,#2749,#2750));
#706=EDGE_LOOP('',(#2751,#2752,#2753,#2754));
#707=EDGE_LOOP('',(#2755,#2756,#2757,#2758));
#708=EDGE_LOOP('',(#2759,#2760,#2761,#2762));
#709=EDGE_LOOP('',(#2763,#2764,#2765,#2766));
#710=EDGE_LOOP('',(#2767,#2768,#2769,#2770));
#711=EDGE_LOOP('',(#2771,#2772,#2773,#2774));
#712=EDGE_LOOP('',(#2775,#2776,#2777,#2778));
#713=EDGE_LOOP('',(#2779,#2780,#2781,#2782,#2783,#2784,#2785,#2786));
#714=EDGE_LOOP('',(#2787,#2788,#2789,#2790));
#715=EDGE_LOOP('',(#2791,#2792,#2793,#2794));
#716=EDGE_LOOP('',(#2795,#2796,#2797,#2798));
#717=EDGE_LOOP('',(#2799,#2800,#2801,#2802));
#718=EDGE_LOOP('',(#2803,#2804,#2805,#2806));
#719=EDGE_LOOP('',(#2807,#2808,#2809,#2810));
#720=EDGE_LOOP('',(#2811,#2812,#2813,#2814));
#721=EDGE_LOOP('',(#2815,#2816,#2817,#2818));
#722=EDGE_LOOP('',(#2819,#2820,#2821,#2822));
#723=EDGE_LOOP('',(#2823,#2824,#2825,#2826));
#724=EDGE_LOOP('',(#2827,#2828,#2829,#2830));
#725=EDGE_LOOP('',(#2831,#2832,#2833,#2834));
#726=EDGE_LOOP('',(#2835,#2836,#2837,#2838));
#727=EDGE_LOOP('',(#2839,#2840,#2841,#2842));
#728=EDGE_LOOP('',(#2843,#2844,#2845,#2846));
#729=EDGE_LOOP('',(#2847,#2848,#2849,#2850));
#730=EDGE_LOOP('',(#2851,#2852,#2853,#2854));
#731=EDGE_LOOP('',(#2855,#2856,#2857,#2858));
#732=EDGE_LOOP('',(#2859,#2860,#2861,#2862));
#733=EDGE_LOOP('',(#2863,#2864,#2865,#2866));
#734=EDGE_LOOP('',(#2867,#2868,#2869,#2870));
#735=EDGE_LOOP('',(#2871,#2872,#2873,#2874));
#736=EDGE_LOOP('',(#2875,#2876,#2877,#2878));
#737=EDGE_LOOP('',(#2879,#2880,#2881,#2882));
#738=EDGE_LOOP('',(#2883,#2884,#2885,#2886));
#739=EDGE_LOOP('',(#2887,#2888,#2889,#2890));
#740=EDGE_LOOP('',(#2891,#2892,#2893,#2894));
#741=EDGE_LOOP('',(#2895,#2896,#2897,#2898));
#742=EDGE_LOOP('',(#2899,#2900,#2901,#2902));
#743=EDGE_LOOP('',(#2903,#2904,#2905,#2906));
#744=EDGE_LOOP('',(#2907,#2908,#2909,#2910));
#745=EDGE_LOOP('',(#2911,#2912,#2913,#2914));
#746=EDGE_LOOP('',(#2915,#2916,#2917,#2918));
#747=EDGE_LOOP('',(#2919,#2920,#2921,#2922,#2923,#2924,#2925,#2926,#2927,
#2928,#2929,#2930,#2931,#2932));
#748=EDGE_LOOP('',(#2933,#2934,#2935,#2936,#2937,#2938,#2939,#2940,#2941,
#2942));
#749=EDGE_LOOP('',(#2943,#2944,#2945,#2946,#2947,#2948,#2949,#2950,#2951));
#750=EDGE_LOOP('',(#2952,#2953,#2954,#2955));
#751=EDGE_LOOP('',(#2956,#2957,#2958,#2959));
#752=EDGE_LOOP('',(#2960,#2961,#2962,#2963));
#753=EDGE_LOOP('',(#2964,#2965,#2966,#2967));
#754=EDGE_LOOP('',(#2968,#2969,#2970,#2971));
#755=EDGE_LOOP('',(#2972,#2973,#2974,#2975));
#756=EDGE_LOOP('',(#2976,#2977,#2978,#2979));
#757=EDGE_LOOP('',(#2980,#2981,#2982,#2983));
#758=EDGE_LOOP('',(#2984,#2985,#2986,#2987));
#759=EDGE_LOOP('',(#2988,#2989,#2990,#2991));
#760=EDGE_LOOP('',(#2992,#2993,#2994,#2995));
#761=EDGE_LOOP('',(#2996,#2997,#2998,#2999));
#762=EDGE_LOOP('',(#3000,#3001,#3002,#3003));
#763=EDGE_LOOP('',(#3004,#3005,#3006,#3007));
#764=EDGE_LOOP('',(#3008,#3009,#3010,#3011));
#765=EDGE_LOOP('',(#3012,#3013,#3014,#3015));
#766=EDGE_LOOP('',(#3016,#3017,#3018,#3019));
#767=EDGE_LOOP('',(#3020,#3021,#3022,#3023));
#768=EDGE_LOOP('',(#3024,#3025,#3026,#3027));
#769=EDGE_LOOP('',(#3028,#3029,#3030,#3031));
#770=EDGE_LOOP('',(#3032,#3033,#3034,#3035,#3036,#3037,#3038,#3039,#3040,
#3041,#3042));
#771=EDGE_LOOP('',(#3043,#3044,#3045,#3046,#3047,#3048,#3049,#3050,#3051));
#772=EDGE_LOOP('',(#3052,#3053,#3054,#3055));
#773=EDGE_LOOP('',(#3056,#3057,#3058,#3059));
#774=EDGE_LOOP('',(#3060,#3061,#3062,#3063));
#775=EDGE_LOOP('',(#3064,#3065,#3066,#3067));
#776=EDGE_LOOP('',(#3068,#3069,#3070,#3071));
#777=EDGE_LOOP('',(#3072,#3073,#3074,#3075));
#778=EDGE_LOOP('',(#3076,#3077,#3078,#3079));
#779=EDGE_LOOP('',(#3080,#3081,#3082,#3083));
#780=EDGE_LOOP('',(#3084,#3085,#3086,#3087));
#781=EDGE_LOOP('',(#3088,#3089,#3090,#3091));
#782=EDGE_LOOP('',(#3092,#3093,#3094,#3095));
#783=EDGE_LOOP('',(#3096,#3097,#3098,#3099));
#784=EDGE_LOOP('',(#3100,#3101,#3102,#3103,#3104,#3105,#3106,#3107,#3108,
#3109,#3110,#3111));
#785=EDGE_LOOP('',(#3112,#3113,#3114,#3115));
#786=EDGE_LOOP('',(#3116,#3117,#3118,#3119));
#787=EDGE_LOOP('',(#3120,#3121,#3122,#3123));
#788=EDGE_LOOP('',(#3124,#3125,#3126,#3127));
#789=EDGE_LOOP('',(#3128,#3129,#3130,#3131));
#790=EDGE_LOOP('',(#3132,#3133,#3134,#3135));
#791=EDGE_LOOP('',(#3136,#3137,#3138,#3139));
#792=EDGE_LOOP('',(#3140,#3141,#3142,#3143));
#793=EDGE_LOOP('',(#3144,#3145,#3146,#3147));
#794=EDGE_LOOP('',(#3148,#3149,#3150,#3151));
#795=EDGE_LOOP('',(#3152,#3153,#3154,#3155));
#796=EDGE_LOOP('',(#3156,#3157,#3158,#3159));
#797=EDGE_LOOP('',(#3160,#3161,#3162,#3163));
#798=EDGE_LOOP('',(#3164,#3165,#3166,#3167,#3168,#3169,#3170,#3171));
#799=EDGE_LOOP('',(#3172,#3173,#3174,#3175));
#800=EDGE_LOOP('',(#3176,#3177,#3178,#3179));
#801=EDGE_LOOP('',(#3180,#3181,#3182,#3183));
#802=EDGE_LOOP('',(#3184,#3185,#3186,#3187));
#803=EDGE_LOOP('',(#3188,#3189,#3190,#3191));
#804=EDGE_LOOP('',(#3192,#3193,#3194,#3195));
#805=EDGE_LOOP('',(#3196,#3197,#3198,#3199));
#806=EDGE_LOOP('',(#3200,#3201,#3202,#3203));
#807=EDGE_LOOP('',(#3204,#3205,#3206,#3207));
#808=EDGE_LOOP('',(#3208,#3209,#3210,#3211));
#809=EDGE_LOOP('',(#3212,#3213,#3214,#3215));
#810=EDGE_LOOP('',(#3216,#3217,#3218,#3219));
#811=EDGE_LOOP('',(#3220,#3221,#3222,#3223));
#812=EDGE_LOOP('',(#3224,#3225,#3226,#3227));
#813=EDGE_LOOP('',(#3228,#3229,#3230,#3231));
#814=EDGE_LOOP('',(#3232,#3233,#3234,#3235));
#815=EDGE_LOOP('',(#3236,#3237,#3238,#3239));
#816=EDGE_LOOP('',(#3240,#3241,#3242,#3243));
#817=EDGE_LOOP('',(#3244,#3245,#3246,#3247));
#818=EDGE_LOOP('',(#3248,#3249,#3250,#3251));
#819=EDGE_LOOP('',(#3252,#3253,#3254,#3255));
#820=EDGE_LOOP('',(#3256,#3257,#3258,#3259));
#821=EDGE_LOOP('',(#3260,#3261,#3262,#3263));
#822=EDGE_LOOP('',(#3264,#3265,#3266,#3267));
#823=EDGE_LOOP('',(#3268,#3269,#3270,#3271));
#824=EDGE_LOOP('',(#3272,#3273,#3274,#3275));
#825=EDGE_LOOP('',(#3276,#3277,#3278,#3279));
#826=EDGE_LOOP('',(#3280,#3281,#3282,#3283));
#827=EDGE_LOOP('',(#3284,#3285,#3286,#3287));
#828=EDGE_LOOP('',(#3288,#3289,#3290,#3291));
#829=EDGE_LOOP('',(#3292,#3293,#3294,#3295));
#830=EDGE_LOOP('',(#3296,#3297,#3298,#3299));
#831=EDGE_LOOP('',(#3300,#3301,#3302,#3303));
#832=EDGE_LOOP('',(#3304,#3305,#3306,#3307));
#833=EDGE_LOOP('',(#3308,#3309,#3310,#3311));
#834=EDGE_LOOP('',(#3312,#3313,#3314,#3315,#3316,#3317,#3318,#3319,#3320,
#3321,#3322,#3323,#3324,#3325,#3326,#3327,#3328,#3329,#3330,#3331,#3332,
#3333,#3334,#3335,#3336,#3337,#3338,#3339,#3340,#3341,#3342,#3343,#3344,
#3345,#3346));
#835=EDGE_LOOP('',(#3347,#3348,#3349,#3350));
#836=EDGE_LOOP('',(#3351,#3352,#3353,#3354));
#837=EDGE_LOOP('',(#3355,#3356,#3357,#3358));
#838=EDGE_LOOP('',(#3359,#3360,#3361,#3362));
#839=EDGE_LOOP('',(#3363,#3364,#3365,#3366));
#840=EDGE_LOOP('',(#3367,#3368,#3369,#3370));
#841=EDGE_LOOP('',(#3371,#3372,#3373,#3374));
#842=EDGE_LOOP('',(#3375,#3376,#3377,#3378));
#843=EDGE_LOOP('',(#3379,#3380,#3381,#3382));
#844=EDGE_LOOP('',(#3383,#3384,#3385,#3386));
#845=EDGE_LOOP('',(#3387,#3388,#3389,#3390));
#846=EDGE_LOOP('',(#3391,#3392,#3393,#3394));
#847=EDGE_LOOP('',(#3395,#3396,#3397,#3398));
#848=EDGE_LOOP('',(#3399,#3400,#3401,#3402));
#849=EDGE_LOOP('',(#3403,#3404,#3405,#3406));
#850=EDGE_LOOP('',(#3407,#3408,#3409,#3410));
#851=EDGE_LOOP('',(#3411,#3412,#3413,#3414));
#852=EDGE_LOOP('',(#3415,#3416,#3417,#3418));
#853=EDGE_LOOP('',(#3419,#3420,#3421,#3422));
#854=EDGE_LOOP('',(#3423,#3424,#3425,#3426));
#855=EDGE_LOOP('',(#3427,#3428,#3429,#3430));
#856=EDGE_LOOP('',(#3431,#3432,#3433,#3434));
#857=EDGE_LOOP('',(#3435,#3436,#3437,#3438));
#858=EDGE_LOOP('',(#3439,#3440,#3441,#3442));
#859=EDGE_LOOP('',(#3443,#3444,#3445,#3446));
#860=EDGE_LOOP('',(#3447,#3448,#3449,#3450));
#861=EDGE_LOOP('',(#3451,#3452,#3453,#3454));
#862=EDGE_LOOP('',(#3455,#3456,#3457,#3458,#3459,#3460,#3461,#3462,#3463,
#3464,#3465,#3466,#3467,#3468,#3469,#3470,#3471,#3472,#3473));
#863=EDGE_LOOP('',(#3474,#3475,#3476,#3477,#3478,#3479,#3480,#3481));
#864=EDGE_LOOP('',(#3482,#3483,#3484,#3485,#3486,#3487,#3488,#3489));
#865=EDGE_LOOP('',(#3490,#3491,#3492,#3493,#3494,#3495,#3496,#3497));
#866=EDGE_LOOP('',(#3498,#3499,#3500,#3501,#3502,#3503,#3504,#3505,#3506,
#3507,#3508,#3509,#3510,#3511));
#867=EDGE_LOOP('',(#3512,#3513,#3514,#3515,#3516,#3517,#3518,#3519,#3520,
#3521,#3522));
#868=EDGE_LOOP('',(#3523,#3524,#3525,#3526,#3527,#3528,#3529,#3530,#3531,
#3532,#3533,#3534));
#869=EDGE_LOOP('',(#3535,#3536,#3537,#3538));
#870=EDGE_LOOP('',(#3539,#3540,#3541,#3542,#3543,#3544,#3545,#3546));
#871=EDGE_LOOP('',(#3547,#3548,#3549,#3550,#3551,#3552,#3553,#3554,#3555,
#3556,#3557,#3558,#3559,#3560,#3561,#3562,#3563,#3564,#3565,#3566,#3567,
#3568,#3569,#3570,#3571,#3572,#3573,#3574,#3575,#3576,#3577,#3578,#3579,
#3580,#3581));
#872=EDGE_LOOP('',(#3582,#3583,#3584,#3585,#3586,#3587,#3588,#3589,#3590,
#3591,#3592,#3593,#3594,#3595,#3596,#3597,#3598,#3599,#3600));
#873=EDGE_LOOP('',(#3601));
#874=EDGE_LOOP('',(#3602,#3603,#3604,#3605,#3606,#3607,#3608,#3609));
#875=EDGE_LOOP('',(#3610,#3611,#3612,#3613,#3614,#3615,#3616,#3617,#3618));
#876=EDGE_LOOP('',(#3619,#3620,#3621,#3622,#3623,#3624,#3625,#3626,#3627,
#3628));
#877=EDGE_LOOP('',(#3629,#3630,#3631,#3632));
#878=EDGE_LOOP('',(#3633,#3634,#3635,#3636));
#879=EDGE_LOOP('',(#3637,#3638,#3639,#3640));
#880=EDGE_LOOP('',(#3641,#3642,#3643,#3644));
#881=EDGE_LOOP('',(#3645,#3646,#3647,#3648));
#882=EDGE_LOOP('',(#3649,#3650,#3651,#3652));
#883=EDGE_LOOP('',(#3653,#3654,#3655,#3656));
#884=EDGE_LOOP('',(#3657,#3658,#3659,#3660));
#885=EDGE_LOOP('',(#3661,#3662,#3663,#3664));
#886=EDGE_LOOP('',(#3665,#3666,#3667,#3668));
#887=EDGE_LOOP('',(#3669,#3670,#3671,#3672));
#888=EDGE_LOOP('',(#3673,#3674,#3675,#3676));
#889=EDGE_LOOP('',(#3677,#3678,#3679,#3680));
#890=EDGE_LOOP('',(#3681,#3682,#3683,#3684));
#891=EDGE_LOOP('',(#3685,#3686,#3687,#3688));
#892=EDGE_LOOP('',(#3689,#3690,#3691,#3692));
#893=EDGE_LOOP('',(#3693,#3694,#3695,#3696));
#894=EDGE_LOOP('',(#3697,#3698,#3699,#3700));
#895=EDGE_LOOP('',(#3701,#3702,#3703,#3704));
#896=EDGE_LOOP('',(#3705,#3706,#3707,#3708));
#897=EDGE_LOOP('',(#3709,#3710,#3711,#3712));
#898=EDGE_LOOP('',(#3713,#3714,#3715,#3716));
#899=EDGE_LOOP('',(#3717,#3718,#3719,#3720));
#900=EDGE_LOOP('',(#3721,#3722,#3723,#3724));
#901=EDGE_LOOP('',(#3725,#3726,#3727,#3728));
#902=EDGE_LOOP('',(#3729,#3730,#3731,#3732));
#903=EDGE_LOOP('',(#3733,#3734,#3735,#3736));
#904=EDGE_LOOP('',(#3737,#3738,#3739,#3740));
#905=EDGE_LOOP('',(#3741,#3742,#3743,#3744));
#906=EDGE_LOOP('',(#3745,#3746,#3747,#3748));
#907=EDGE_LOOP('',(#3749,#3750,#3751,#3752));
#908=EDGE_LOOP('',(#3753,#3754,#3755,#3756));
#909=EDGE_LOOP('',(#3757,#3758,#3759,#3760));
#910=EDGE_LOOP('',(#3761,#3762,#3763,#3764));
#911=EDGE_LOOP('',(#3765,#3766,#3767,#3768));
#912=EDGE_LOOP('',(#3769,#3770,#3771,#3772));
#913=EDGE_LOOP('',(#3773,#3774,#3775,#3776));
#914=EDGE_LOOP('',(#3777,#3778,#3779,#3780));
#915=EDGE_LOOP('',(#3781,#3782,#3783,#3784));
#916=EDGE_LOOP('',(#3785,#3786,#3787,#3788));
#917=EDGE_LOOP('',(#3789,#3790,#3791,#3792));
#918=EDGE_LOOP('',(#3793,#3794,#3795,#3796));
#919=EDGE_LOOP('',(#3797,#3798,#3799,#3800));
#920=EDGE_LOOP('',(#3801,#3802,#3803,#3804));
#921=EDGE_LOOP('',(#3805,#3806,#3807,#3808,#3809,#3810,#3811,#3812,#3813,
#3814,#3815,#3816,#3817,#3818));
#922=EDGE_LOOP('',(#3819,#3820,#3821,#3822));
#923=EDGE_LOOP('',(#3823,#3824));
#924=EDGE_LOOP('',(#3825,#3826,#3827,#3828));
#925=EDGE_LOOP('',(#3829,#3830));
#926=EDGE_LOOP('',(#3831,#3832,#3833,#3834,#3835,#3836,#3837,#3838,#3839,
#3840,#3841,#3842,#3843,#3844,#3845,#3846,#3847,#3848));
#927=EDGE_LOOP('',(#3849,#3850,#3851,#3852,#3853,#3854,#3855,#3856,#3857,
#3858,#3859,#3860,#3861,#3862,#3863,#3864));
#928=EDGE_LOOP('',(#3865));
#929=EDGE_LOOP('',(#3866,#3867,#3868,#3869,#3870,#3871,#3872,#3873,#3874,
#3875,#3876,#3877,#3878,#3879));
#930=EDGE_LOOP('',(#3880,#3881,#3882,#3883));
#931=EDGE_LOOP('',(#3884,#3885));
#932=EDGE_LOOP('',(#3886,#3887,#3888,#3889));
#933=EDGE_LOOP('',(#3890,#3891));
#934=EDGE_LOOP('',(#3892,#3893,#3894,#3895,#3896));
#935=EDGE_LOOP('',(#3897,#3898,#3899,#3900));
#936=EDGE_LOOP('',(#3901,#3902,#3903,#3904,#3905));
#937=EDGE_LOOP('',(#3906,#3907,#3908,#3909,#3910,#3911,#3912,#3913,#3914));
#938=EDGE_LOOP('',(#3915,#3916,#3917,#3918,#3919,#3920));
#939=EDGE_LOOP('',(#3921,#3922,#3923,#3924));
#940=EDGE_LOOP('',(#3925,#3926,#3927,#3928));
#941=EDGE_LOOP('',(#3929,#3930,#3931,#3932));
#942=EDGE_LOOP('',(#3933,#3934,#3935,#3936));
#943=EDGE_LOOP('',(#3937,#3938,#3939,#3940));
#944=EDGE_LOOP('',(#3941,#3942,#3943,#3944));
#945=EDGE_LOOP('',(#3945,#3946,#3947,#3948));
#946=EDGE_LOOP('',(#3949,#3950,#3951,#3952,#3953,#3954,#3955,#3956));
#947=EDGE_LOOP('',(#3957,#3958,#3959,#3960));
#948=EDGE_LOOP('',(#3961,#3962,#3963,#3964));
#949=EDGE_LOOP('',(#3965,#3966,#3967,#3968,#3969));
#950=EDGE_LOOP('',(#3970,#3971,#3972,#3973));
#951=EDGE_LOOP('',(#3974,#3975,#3976,#3977));
#952=EDGE_LOOP('',(#3978,#3979,#3980,#3981,#3982));
#953=EDGE_LOOP('',(#3983,#3984,#3985,#3986));
#954=EDGE_LOOP('',(#3987,#3988,#3989,#3990,#3991,#3992,#3993,#3994,#3995,
#3996,#3997,#3998,#3999,#4000,#4001,#4002,#4003,#4004));
#955=EDGE_LOOP('',(#4005,#4006,#4007,#4008,#4009));
#956=EDGE_LOOP('',(#4010,#4011,#4012,#4013));
#957=EDGE_LOOP('',(#4014,#4015,#4016,#4017,#4018));
#958=EDGE_LOOP('',(#4019,#4020,#4021,#4022,#4023,#4024));
#959=EDGE_LOOP('',(#4025,#4026,#4027,#4028));
#960=EDGE_LOOP('',(#4029,#4030,#4031,#4032));
#961=LINE('',#5430,#1319);
#962=LINE('',#5432,#1320);
#963=LINE('',#5434,#1321);
#964=LINE('',#5435,#1322);
#965=LINE('',#5438,#1323);
#966=LINE('',#5440,#1324);
#967=LINE('',#5441,#1325);
#968=LINE('',#5444,#1326);
#969=LINE('',#5446,#1327);
#970=LINE('',#5447,#1328);
#971=LINE('',#5450,#1329);
#972=LINE('',#5452,#1330);
#973=LINE('',#5453,#1331);
#974=LINE('',#5456,#1332);
#975=LINE('',#5458,#1333);
#976=LINE('',#5459,#1334);
#977=LINE('',#5462,#1335);
#978=LINE('',#5464,#1336);
#979=LINE('',#5465,#1337);
#980=LINE('',#5468,#1338);
#981=LINE('',#5470,#1339);
#982=LINE('',#5471,#1340);
#983=LINE('',#5473,#1341);
#984=LINE('',#5474,#1342);
#985=LINE('',#5479,#1343);
#986=LINE('',#5481,#1344);
#987=LINE('',#5483,#1345);
#988=LINE('',#5484,#1346);
#989=LINE('',#5502,#1347);
#990=LINE('',#5525,#1348);
#991=LINE('',#5548,#1349);
#992=LINE('',#5571,#1350);
#993=LINE('',#5594,#1351);
#994=LINE('',#5617,#1352);
#995=LINE('',#5625,#1353);
#996=LINE('',#5627,#1354);
#997=LINE('',#5628,#1355);
#998=LINE('',#5630,#1356);
#999=LINE('',#5631,#1357);
#1000=LINE('',#5635,#1358);
#1001=LINE('',#5637,#1359);
#1002=LINE('',#5639,#1360);
#1003=LINE('',#5640,#1361);
#1004=LINE('',#5658,#1362);
#1005=LINE('',#5681,#1363);
#1006=LINE('',#5704,#1364);
#1007=LINE('',#5727,#1365);
#1008=LINE('',#5750,#1366);
#1009=LINE('',#5773,#1367);
#1010=LINE('',#5796,#1368);
#1011=LINE('',#5804,#1369);
#1012=LINE('',#5806,#1370);
#1013=LINE('',#5807,#1371);
#1014=LINE('',#5809,#1372);
#1015=LINE('',#5810,#1373);
#1016=LINE('',#5829,#1374);
#1017=LINE('',#5836,#1375);
#1018=LINE('',#5854,#1376);
#1019=LINE('',#5877,#1377);
#1020=LINE('',#5900,#1378);
#1021=LINE('',#5923,#1379);
#1022=LINE('',#5946,#1380);
#1023=LINE('',#5969,#1381);
#1024=LINE('',#5992,#1382);
#1025=LINE('',#6015,#1383);
#1026=LINE('',#6038,#1384);
#1027=LINE('',#6061,#1385);
#1028=LINE('',#6069,#1386);
#1029=LINE('',#6071,#1387);
#1030=LINE('',#6072,#1388);
#1031=LINE('',#6075,#1389);
#1032=LINE('',#6077,#1390);
#1033=LINE('',#6078,#1391);
#1034=LINE('',#6080,#1392);
#1035=LINE('',#6081,#1393);
#1036=LINE('',#6101,#1394);
#1037=LINE('',#6108,#1395);
#1038=LINE('',#6126,#1396);
#1039=LINE('',#6149,#1397);
#1040=LINE('',#6172,#1398);
#1041=LINE('',#6195,#1399);
#1042=LINE('',#6218,#1400);
#1043=LINE('',#6241,#1401);
#1044=LINE('',#6264,#1402);
#1045=LINE('',#6308,#1403);
#1046=LINE('',#6315,#1404);
#1047=LINE('',#6333,#1405);
#1048=LINE('',#6356,#1406);
#1049=LINE('',#6379,#1407);
#1050=LINE('',#6402,#1408);
#1051=LINE('',#6425,#1409);
#1052=LINE('',#6448,#1410);
#1053=LINE('',#6471,#1411);
#1054=LINE('',#6494,#1412);
#1055=LINE('',#6517,#1413);
#1056=LINE('',#6547,#1414);
#1057=LINE('',#6549,#1415);
#1058=LINE('',#6551,#1416);
#1059=LINE('',#6552,#1417);
#1060=LINE('',#6555,#1418);
#1061=LINE('',#6557,#1419);
#1062=LINE('',#6558,#1420);
#1063=LINE('',#6561,#1421);
#1064=LINE('',#6563,#1422);
#1065=LINE('',#6564,#1423);
#1066=LINE('',#6567,#1424);
#1067=LINE('',#6569,#1425);
#1068=LINE('',#6570,#1426);
#1069=LINE('',#6573,#1427);
#1070=LINE('',#6575,#1428);
#1071=LINE('',#6576,#1429);
#1072=LINE('',#6579,#1430);
#1073=LINE('',#6581,#1431);
#1074=LINE('',#6582,#1432);
#1075=LINE('',#6585,#1433);
#1076=LINE('',#6587,#1434);
#1077=LINE('',#6588,#1435);
#1078=LINE('',#6591,#1436);
#1079=LINE('',#6593,#1437);
#1080=LINE('',#6594,#1438);
#1081=LINE('',#6597,#1439);
#1082=LINE('',#6599,#1440);
#1083=LINE('',#6600,#1441);
#1084=LINE('',#6603,#1442);
#1085=LINE('',#6605,#1443);
#1086=LINE('',#6606,#1444);
#1087=LINE('',#6609,#1445);
#1088=LINE('',#6611,#1446);
#1089=LINE('',#6612,#1447);
#1090=LINE('',#6614,#1448);
#1091=LINE('',#6615,#1449);
#1092=LINE('',#6620,#1450);
#1093=LINE('',#6622,#1451);
#1094=LINE('',#6624,#1452);
#1095=LINE('',#6625,#1453);
#1096=LINE('',#6628,#1454);
#1097=LINE('',#6630,#1455);
#1098=LINE('',#6631,#1456);
#1099=LINE('',#6634,#1457);
#1100=LINE('',#6636,#1458);
#1101=LINE('',#6637,#1459);
#1102=LINE('',#6639,#1460);
#1103=LINE('',#6640,#1461);
#1104=LINE('',#6645,#1462);
#1105=LINE('',#6647,#1463);
#1106=LINE('',#6649,#1464);
#1107=LINE('',#6650,#1465);
#1108=LINE('',#6653,#1466);
#1109=LINE('',#6655,#1467);
#1110=LINE('',#6656,#1468);
#1111=LINE('',#6659,#1469);
#1112=LINE('',#6661,#1470);
#1113=LINE('',#6662,#1471);
#1114=LINE('',#6665,#1472);
#1115=LINE('',#6667,#1473);
#1116=LINE('',#6668,#1474);
#1117=LINE('',#6671,#1475);
#1118=LINE('',#6673,#1476);
#1119=LINE('',#6674,#1477);
#1120=LINE('',#6677,#1478);
#1121=LINE('',#6679,#1479);
#1122=LINE('',#6680,#1480);
#1123=LINE('',#6683,#1481);
#1124=LINE('',#6685,#1482);
#1125=LINE('',#6686,#1483);
#1126=LINE('',#6688,#1484);
#1127=LINE('',#6689,#1485);
#1128=LINE('',#6709,#1486);
#1129=LINE('',#6716,#1487);
#1130=LINE('',#6734,#1488);
#1131=LINE('',#6757,#1489);
#1132=LINE('',#6780,#1490);
#1133=LINE('',#6803,#1491);
#1134=LINE('',#6826,#1492);
#1135=LINE('',#6849,#1493);
#1136=LINE('',#6872,#1494);
#1137=LINE('',#6895,#1495);
#1138=LINE('',#6918,#1496);
#1139=LINE('',#6941,#1497);
#1140=LINE('',#6964,#1498);
#1141=LINE('',#6987,#1499);
#1142=LINE('',#7010,#1500);
#1143=LINE('',#7018,#1501);
#1144=LINE('',#7020,#1502);
#1145=LINE('',#7021,#1503);
#1146=LINE('',#7039,#1504);
#1147=LINE('',#7062,#1505);
#1148=LINE('',#7085,#1506);
#1149=LINE('',#7108,#1507);
#1150=LINE('',#7131,#1508);
#1151=LINE('',#7154,#1509);
#1152=LINE('',#7177,#1510);
#1153=LINE('',#7200,#1511);
#1154=LINE('',#7223,#1512);
#1155=LINE('',#7246,#1513);
#1156=LINE('',#7269,#1514);
#1157=LINE('',#7292,#1515);
#1158=LINE('',#7315,#1516);
#1159=LINE('',#7338,#1517);
#1160=LINE('',#7361,#1518);
#1161=LINE('',#7384,#1519);
#1162=LINE('',#7407,#1520);
#1163=LINE('',#7430,#1521);
#1164=LINE('',#7438,#1522);
#1165=LINE('',#7440,#1523);
#1166=LINE('',#7441,#1524);
#1167=LINE('',#7466,#1525);
#1168=LINE('',#7468,#1526);
#1169=LINE('',#7470,#1527);
#1170=LINE('',#7471,#1528);
#1171=LINE('',#7489,#1529);
#1172=LINE('',#7512,#1530);
#1173=LINE('',#7535,#1531);
#1174=LINE('',#7558,#1532);
#1175=LINE('',#7581,#1533);
#1176=LINE('',#7589,#1534);
#1177=LINE('',#7591,#1535);
#1178=LINE('',#7592,#1536);
#1179=LINE('',#7594,#1537);
#1180=LINE('',#7595,#1538);
#1181=LINE('',#7599,#1539);
#1182=LINE('',#7601,#1540);
#1183=LINE('',#7603,#1541);
#1184=LINE('',#7604,#1542);
#1185=LINE('',#7607,#1543);
#1186=LINE('',#7609,#1544);
#1187=LINE('',#7610,#1545);
#1188=LINE('',#7628,#1546);
#1189=LINE('',#7651,#1547);
#1190=LINE('',#7674,#1548);
#1191=LINE('',#7697,#1549);
#1192=LINE('',#7705,#1550);
#1193=LINE('',#7707,#1551);
#1194=LINE('',#7708,#1552);
#1195=LINE('',#7711,#1553);
#1196=LINE('',#7713,#1554);
#1197=LINE('',#7714,#1555);
#1198=LINE('',#7717,#1556);
#1199=LINE('',#7719,#1557);
#1200=LINE('',#7720,#1558);
#1201=LINE('',#7738,#1559);
#1202=LINE('',#7761,#1560);
#1203=LINE('',#7784,#1561);
#1204=LINE('',#7807,#1562);
#1205=LINE('',#7830,#1563);
#1206=LINE('',#7853,#1564);
#1207=LINE('',#7876,#1565);
#1208=LINE('',#7884,#1566);
#1209=LINE('',#7886,#1567);
#1210=LINE('',#7887,#1568);
#1211=LINE('',#7890,#1569);
#1212=LINE('',#7892,#1570);
#1213=LINE('',#7893,#1571);
#1214=LINE('',#7895,#1572);
#1215=LINE('',#7896,#1573);
#1216=LINE('',#7903,#1574);
#1217=LINE('',#7907,#1575);
#1218=LINE('',#7911,#1576);
#1219=LINE('',#7914,#1577);
#1220=LINE('',#7925,#1578);
#1221=LINE('',#7928,#1579);
#1222=LINE('',#7933,#1580);
#1223=LINE('',#7939,#1581);
#1224=LINE('',#7945,#1582);
#1225=LINE('',#7951,#1583);
#1226=LINE('',#7957,#1584);
#1227=LINE('',#7963,#1585);
#1228=LINE('',#7969,#1586);
#1229=LINE('',#7975,#1587);
#1230=LINE('',#7981,#1588);
#1231=LINE('',#7987,#1589);
#1232=LINE('',#7993,#1590);
#1233=LINE('',#7999,#1591);
#1234=LINE('',#8005,#1592);
#1235=LINE('',#8011,#1593);
#1236=LINE('',#8017,#1594);
#1237=LINE('',#8023,#1595);
#1238=LINE('',#8033,#1596);
#1239=LINE('',#8036,#1597);
#1240=LINE('',#8045,#1598);
#1241=LINE('',#8048,#1599);
#1242=LINE('',#8053,#1600);
#1243=LINE('',#8057,#1601);
#1244=LINE('',#8059,#1602);
#1245=LINE('',#8060,#1603);
#1246=LINE('',#8082,#1604);
#1247=LINE('',#8085,#1605);
#1248=LINE('',#8094,#1606);
#1249=LINE('',#8097,#1607);
#1250=LINE('',#8112,#1608);
#1251=LINE('',#8119,#1609);
#1252=LINE('',#8121,#1610);
#1253=LINE('',#8122,#1611);
#1254=LINE('',#8131,#1612);
#1255=LINE('',#8134,#1613);
#1256=LINE('',#8139,#1614);
#1257=LINE('',#8143,#1615);
#1258=LINE('',#8145,#1616);
#1259=LINE('',#8146,#1617);
#1260=LINE('',#8151,#1618);
#1261=LINE('',#8157,#1619);
#1262=LINE('',#8173,#1620);
#1263=LINE('',#8182,#1621);
#1264=LINE('',#8188,#1622);
#1265=LINE('',#8194,#1623);
#1266=LINE('',#8198,#1624);
#1267=LINE('',#8200,#1625);
#1268=LINE('',#8201,#1626);
#1269=LINE('',#8206,#1627);
#1270=LINE('',#8212,#1628);
#1271=LINE('',#8218,#1629);
#1272=LINE('',#8242,#1630);
#1273=LINE('',#8246,#1631);
#1274=LINE('',#8248,#1632);
#1275=LINE('',#8250,#1633);
#1276=LINE('',#8254,#1634);
#1277=LINE('',#8256,#1635);
#1278=LINE('',#8258,#1636);
#1279=LINE('',#8260,#1637);
#1280=LINE('',#8262,#1638);
#1281=LINE('',#8266,#1639);
#1282=LINE('',#8268,#1640);
#1283=LINE('',#8269,#1641);
#1284=LINE('',#8284,#1642);
#1285=LINE('',#8290,#1643);
#1286=LINE('',#8291,#1644);
#1287=LINE('',#8305,#1645);
#1288=LINE('',#8306,#1646);
#1289=LINE('',#8307,#1647);
#1290=LINE('',#8310,#1648);
#1291=LINE('',#8311,#1649);
#1292=LINE('',#8314,#1650);
#1293=LINE('',#8317,#1651);
#1294=LINE('',#8320,#1652);
#1295=LINE('',#8322,#1653);
#1296=LINE('',#8323,#1654);
#1297=LINE('',#8326,#1655);
#1298=LINE('',#8328,#1656);
#1299=LINE('',#8329,#1657);
#1300=LINE('',#8331,#1658);
#1301=LINE('',#8332,#1659);
#1302=LINE('',#8335,#1660);
#1303=LINE('',#8336,#1661);
#1304=LINE('',#8339,#1662);
#1305=LINE('',#8341,#1663);
#1306=LINE('',#8342,#1664);
#1307=LINE('',#8345,#1665);
#1308=LINE('',#8347,#1666);
#1309=LINE('',#8351,#1667);
#1310=LINE('',#8352,#1668);
#1311=LINE('',#8355,#1669);
#1312=LINE('',#8356,#1670);
#1313=LINE('',#8358,#1671);
#1314=LINE('',#8359,#1672);
#1315=LINE('',#8361,#1673);
#1316=LINE('',#8366,#1674);
#1317=LINE('',#8368,#1675);
#1318=LINE('',#8371,#1676);
#1319=VECTOR('',#4613,10.);
#1320=VECTOR('',#4614,10.);
#1321=VECTOR('',#4615,10.);
#1322=VECTOR('',#4616,10.);
#1323=VECTOR('',#4619,10.);
#1324=VECTOR('',#4620,10.);
#1325=VECTOR('',#4621,10.);
#1326=VECTOR('',#4624,10.);
#1327=VECTOR('',#4625,10.);
#1328=VECTOR('',#4626,10.);
#1329=VECTOR('',#4629,10.);
#1330=VECTOR('',#4630,10.);
#1331=VECTOR('',#4631,10.);
#1332=VECTOR('',#4634,10.);
#1333=VECTOR('',#4635,10.);
#1334=VECTOR('',#4636,10.);
#1335=VECTOR('',#4639,10.);
#1336=VECTOR('',#4640,10.);
#1337=VECTOR('',#4641,10.);
#1338=VECTOR('',#4644,10.);
#1339=VECTOR('',#4645,10.);
#1340=VECTOR('',#4646,10.);
#1341=VECTOR('',#4649,10.);
#1342=VECTOR('',#4650,10.);
#1343=VECTOR('',#4655,10.);
#1344=VECTOR('',#4656,10.);
#1345=VECTOR('',#4657,10.);
#1346=VECTOR('',#4658,10.);
#1347=VECTOR('',#4659,10.);
#1348=VECTOR('',#4660,10.);
#1349=VECTOR('',#4661,10.);
#1350=VECTOR('',#4662,10.);
#1351=VECTOR('',#4663,10.);
#1352=VECTOR('',#4664,10.);
#1353=VECTOR('',#4667,10.);
#1354=VECTOR('',#4668,10.);
#1355=VECTOR('',#4669,10.);
#1356=VECTOR('',#4672,10.);
#1357=VECTOR('',#4673,10.);
#1358=VECTOR('',#4676,10.);
#1359=VECTOR('',#4677,10.);
#1360=VECTOR('',#4678,10.);
#1361=VECTOR('',#4679,10.);
#1362=VECTOR('',#4680,10.);
#1363=VECTOR('',#4681,10.);
#1364=VECTOR('',#4682,10.);
#1365=VECTOR('',#4683,10.);
#1366=VECTOR('',#4684,10.);
#1367=VECTOR('',#4685,10.);
#1368=VECTOR('',#4686,10.);
#1369=VECTOR('',#4689,10.);
#1370=VECTOR('',#4690,10.);
#1371=VECTOR('',#4691,10.);
#1372=VECTOR('',#4694,10.);
#1373=VECTOR('',#4695,10.);
#1374=VECTOR('',#4696,10.);
#1375=VECTOR('',#4697,10.);
#1376=VECTOR('',#4698,10.);
#1377=VECTOR('',#4699,10.);
#1378=VECTOR('',#4700,10.);
#1379=VECTOR('',#4701,10.);
#1380=VECTOR('',#4702,10.);
#1381=VECTOR('',#4703,10.);
#1382=VECTOR('',#4704,10.);
#1383=VECTOR('',#4705,10.);
#1384=VECTOR('',#4706,10.);
#1385=VECTOR('',#4707,10.);
#1386=VECTOR('',#4710,10.);
#1387=VECTOR('',#4711,10.);
#1388=VECTOR('',#4712,10.);
#1389=VECTOR('',#4715,10.);
#1390=VECTOR('',#4716,10.);
#1391=VECTOR('',#4717,10.);
#1392=VECTOR('',#4720,10.);
#1393=VECTOR('',#4721,10.);
#1394=VECTOR('',#4724,10.);
#1395=VECTOR('',#4725,10.);
#1396=VECTOR('',#4726,10.);
#1397=VECTOR('',#4727,10.);
#1398=VECTOR('',#4728,10.);
#1399=VECTOR('',#4729,10.);
#1400=VECTOR('',#4730,10.);
#1401=VECTOR('',#4731,10.);
#1402=VECTOR('',#4732,10.);
#1403=VECTOR('',#4733,10.);
#1404=VECTOR('',#4734,10.);
#1405=VECTOR('',#4735,10.);
#1406=VECTOR('',#4736,10.);
#1407=VECTOR('',#4737,10.);
#1408=VECTOR('',#4738,10.);
#1409=VECTOR('',#4739,10.);
#1410=VECTOR('',#4740,10.);
#1411=VECTOR('',#4741,10.);
#1412=VECTOR('',#4742,10.);
#1413=VECTOR('',#4743,10.);
#1414=VECTOR('',#4748,10.);
#1415=VECTOR('',#4749,10.);
#1416=VECTOR('',#4750,10.);
#1417=VECTOR('',#4751,10.);
#1418=VECTOR('',#4754,10.);
#1419=VECTOR('',#4755,10.);
#1420=VECTOR('',#4756,10.);
#1421=VECTOR('',#4759,10.);
#1422=VECTOR('',#4760,10.);
#1423=VECTOR('',#4761,10.);
#1424=VECTOR('',#4764,10.);
#1425=VECTOR('',#4765,10.);
#1426=VECTOR('',#4766,10.);
#1427=VECTOR('',#4769,10.);
#1428=VECTOR('',#4770,10.);
#1429=VECTOR('',#4771,10.);
#1430=VECTOR('',#4774,10.);
#1431=VECTOR('',#4775,10.);
#1432=VECTOR('',#4776,10.);
#1433=VECTOR('',#4779,10.);
#1434=VECTOR('',#4780,10.);
#1435=VECTOR('',#4781,10.);
#1436=VECTOR('',#4784,10.);
#1437=VECTOR('',#4785,10.);
#1438=VECTOR('',#4786,10.);
#1439=VECTOR('',#4789,10.);
#1440=VECTOR('',#4790,10.);
#1441=VECTOR('',#4791,10.);
#1442=VECTOR('',#4794,10.);
#1443=VECTOR('',#4795,10.);
#1444=VECTOR('',#4796,10.);
#1445=VECTOR('',#4799,10.);
#1446=VECTOR('',#4800,10.);
#1447=VECTOR('',#4801,10.);
#1448=VECTOR('',#4804,10.);
#1449=VECTOR('',#4805,10.);
#1450=VECTOR('',#4810,10.);
#1451=VECTOR('',#4811,10.);
#1452=VECTOR('',#4812,10.);
#1453=VECTOR('',#4813,10.);
#1454=VECTOR('',#4816,10.);
#1455=VECTOR('',#4817,10.);
#1456=VECTOR('',#4818,10.);
#1457=VECTOR('',#4821,10.);
#1458=VECTOR('',#4822,10.);
#1459=VECTOR('',#4823,10.);
#1460=VECTOR('',#4826,10.);
#1461=VECTOR('',#4827,10.);
#1462=VECTOR('',#4832,10.);
#1463=VECTOR('',#4833,10.);
#1464=VECTOR('',#4834,10.);
#1465=VECTOR('',#4835,10.);
#1466=VECTOR('',#4838,10.);
#1467=VECTOR('',#4839,10.);
#1468=VECTOR('',#4840,10.);
#1469=VECTOR('',#4843,10.);
#1470=VECTOR('',#4844,10.);
#1471=VECTOR('',#4845,10.);
#1472=VECTOR('',#4848,10.);
#1473=VECTOR('',#4849,10.);
#1474=VECTOR('',#4850,10.);
#1475=VECTOR('',#4853,10.);
#1476=VECTOR('',#4854,10.);
#1477=VECTOR('',#4855,10.);
#1478=VECTOR('',#4858,10.);
#1479=VECTOR('',#4859,10.);
#1480=VECTOR('',#4860,10.);
#1481=VECTOR('',#4863,10.);
#1482=VECTOR('',#4864,10.);
#1483=VECTOR('',#4865,10.);
#1484=VECTOR('',#4868,10.);
#1485=VECTOR('',#4869,10.);
#1486=VECTOR('',#4872,10.);
#1487=VECTOR('',#4873,10.);
#1488=VECTOR('',#4874,10.);
#1489=VECTOR('',#4875,10.);
#1490=VECTOR('',#4876,10.);
#1491=VECTOR('',#4877,10.);
#1492=VECTOR('',#4878,10.);
#1493=VECTOR('',#4879,10.);
#1494=VECTOR('',#4880,10.);
#1495=VECTOR('',#4881,10.);
#1496=VECTOR('',#4882,10.);
#1497=VECTOR('',#4883,10.);
#1498=VECTOR('',#4884,10.);
#1499=VECTOR('',#4885,10.);
#1500=VECTOR('',#4886,10.);
#1501=VECTOR('',#4889,10.);
#1502=VECTOR('',#4890,10.);
#1503=VECTOR('',#4891,10.);
#1504=VECTOR('',#4892,10.);
#1505=VECTOR('',#4893,10.);
#1506=VECTOR('',#4894,10.);
#1507=VECTOR('',#4895,10.);
#1508=VECTOR('',#4896,10.);
#1509=VECTOR('',#4897,10.);
#1510=VECTOR('',#4898,10.);
#1511=VECTOR('',#4899,10.);
#1512=VECTOR('',#4900,10.);
#1513=VECTOR('',#4901,10.);
#1514=VECTOR('',#4902,10.);
#1515=VECTOR('',#4903,10.);
#1516=VECTOR('',#4904,10.);
#1517=VECTOR('',#4905,10.);
#1518=VECTOR('',#4906,10.);
#1519=VECTOR('',#4907,10.);
#1520=VECTOR('',#4908,10.);
#1521=VECTOR('',#4909,10.);
#1522=VECTOR('',#4912,10.);
#1523=VECTOR('',#4913,10.);
#1524=VECTOR('',#4914,10.);
#1525=VECTOR('',#4919,10.);
#1526=VECTOR('',#4920,10.);
#1527=VECTOR('',#4921,10.);
#1528=VECTOR('',#4922,10.);
#1529=VECTOR('',#4923,10.);
#1530=VECTOR('',#4924,10.);
#1531=VECTOR('',#4925,10.);
#1532=VECTOR('',#4926,10.);
#1533=VECTOR('',#4927,10.);
#1534=VECTOR('',#4930,10.);
#1535=VECTOR('',#4931,10.);
#1536=VECTOR('',#4932,10.);
#1537=VECTOR('',#4935,10.);
#1538=VECTOR('',#4936,10.);
#1539=VECTOR('',#4939,10.);
#1540=VECTOR('',#4940,10.);
#1541=VECTOR('',#4941,10.);
#1542=VECTOR('',#4942,10.);
#1543=VECTOR('',#4945,10.);
#1544=VECTOR('',#4946,10.);
#1545=VECTOR('',#4947,10.);
#1546=VECTOR('',#4948,10.);
#1547=VECTOR('',#4949,10.);
#1548=VECTOR('',#4950,10.);
#1549=VECTOR('',#4951,10.);
#1550=VECTOR('',#4954,10.);
#1551=VECTOR('',#4955,10.);
#1552=VECTOR('',#4956,10.);
#1553=VECTOR('',#4959,10.);
#1554=VECTOR('',#4960,10.);
#1555=VECTOR('',#4961,10.);
#1556=VECTOR('',#4964,10.);
#1557=VECTOR('',#4965,10.);
#1558=VECTOR('',#4966,10.);
#1559=VECTOR('',#4967,10.);
#1560=VECTOR('',#4968,10.);
#1561=VECTOR('',#4969,10.);
#1562=VECTOR('',#4970,10.);
#1563=VECTOR('',#4971,10.);
#1564=VECTOR('',#4972,10.);
#1565=VECTOR('',#4973,10.);
#1566=VECTOR('',#4976,10.);
#1567=VECTOR('',#4977,10.);
#1568=VECTOR('',#4978,10.);
#1569=VECTOR('',#4981,10.);
#1570=VECTOR('',#4982,10.);
#1571=VECTOR('',#4983,10.);
#1572=VECTOR('',#4986,10.);
#1573=VECTOR('',#4987,10.);
#1574=VECTOR('',#4994,10.);
#1575=VECTOR('',#4997,10.);
#1576=VECTOR('',#5000,10.);
#1577=VECTOR('',#5003,10.);
#1578=VECTOR('',#5016,10.);
#1579=VECTOR('',#5019,10.);
#1580=VECTOR('',#5024,10.);
#1581=VECTOR('',#5031,10.);
#1582=VECTOR('',#5038,10.);
#1583=VECTOR('',#5045,10.);
#1584=VECTOR('',#5052,10.);
#1585=VECTOR('',#5059,10.);
#1586=VECTOR('',#5066,10.);
#1587=VECTOR('',#5073,10.);
#1588=VECTOR('',#5080,10.);
#1589=VECTOR('',#5087,10.);
#1590=VECTOR('',#5094,10.);
#1591=VECTOR('',#5101,10.);
#1592=VECTOR('',#5108,10.);
#1593=VECTOR('',#5115,10.);
#1594=VECTOR('',#5122,10.);
#1595=VECTOR('',#5129,10.);
#1596=VECTOR('',#5142,10.);
#1597=VECTOR('',#5145,10.);
#1598=VECTOR('',#5156,10.);
#1599=VECTOR('',#5159,10.);
#1600=VECTOR('',#5164,10.);
#1601=VECTOR('',#5169,10.);
#1602=VECTOR('',#5170,10.);
#1603=VECTOR('',#5171,10.);
#1604=VECTOR('',#5176,10.);
#1605=VECTOR('',#5179,10.);
#1606=VECTOR('',#5190,10.);
#1607=VECTOR('',#5193,10.);
#1608=VECTOR('',#5194,10.);
#1609=VECTOR('',#5197,10.);
#1610=VECTOR('',#5198,10.);
#1611=VECTOR('',#5199,10.);
#1612=VECTOR('',#5210,10.);
#1613=VECTOR('',#5213,10.);
#1614=VECTOR('',#5218,10.);
#1615=VECTOR('',#5223,10.);
#1616=VECTOR('',#5224,10.);
#1617=VECTOR('',#5225,10.);
#1618=VECTOR('',#5230,10.);
#1619=VECTOR('',#5237,10.);
#1620=VECTOR('',#5240,10.);
#1621=VECTOR('',#5245,10.);
#1622=VECTOR('',#5252,10.);
#1623=VECTOR('',#5259,10.);
#1624=VECTOR('',#5264,10.);
#1625=VECTOR('',#5265,10.);
#1626=VECTOR('',#5266,10.);
#1627=VECTOR('',#5271,10.);
#1628=VECTOR('',#5278,10.);
#1629=VECTOR('',#5285,10.);
#1630=VECTOR('',#5294,10.);
#1631=VECTOR('',#5297,10.);
#1632=VECTOR('',#5298,10.);
#1633=VECTOR('',#5299,10.);
#1634=VECTOR('',#5302,10.);
#1635=VECTOR('',#5303,10.);
#1636=VECTOR('',#5304,10.);
#1637=VECTOR('',#5305,10.);
#1638=VECTOR('',#5306,10.);
#1639=VECTOR('',#5309,10.);
#1640=VECTOR('',#5310,10.);
#1641=VECTOR('',#5311,10.);
#1642=VECTOR('',#5326,10.);
#1643=VECTOR('',#5329,10.);
#1644=VECTOR('',#5330,10.);
#1645=VECTOR('',#5339,10.);
#1646=VECTOR('',#5340,10.);
#1647=VECTOR('',#5341,10.);
#1648=VECTOR('',#5344,10.);
#1649=VECTOR('',#5345,10.);
#1650=VECTOR('',#5348,1.49999999999999);
#1651=VECTOR('',#5353,0.999999999999996);
#1652=VECTOR('',#5356,10.);
#1653=VECTOR('',#5357,10.);
#1654=VECTOR('',#5358,10.);
#1655=VECTOR('',#5361,10.);
#1656=VECTOR('',#5362,10.);
#1657=VECTOR('',#5363,10.);
#1658=VECTOR('',#5366,10.);
#1659=VECTOR('',#5367,10.);
#1660=VECTOR('',#5372,10.);
#1661=VECTOR('',#5373,10.);
#1662=VECTOR('',#5376,10.);
#1663=VECTOR('',#5377,10.);
#1664=VECTOR('',#5378,10.);
#1665=VECTOR('',#5381,10.);
#1666=VECTOR('',#5382,10.);
#1667=VECTOR('',#5387,10.);
#1668=VECTOR('',#5388,10.);
#1669=VECTOR('',#5391,10.);
#1670=VECTOR('',#5392,10.);
#1671=VECTOR('',#5395,10.);
#1672=VECTOR('',#5396,10.);
#1673=VECTOR('',#5399,10.);
#1674=VECTOR('',#5408,10.);
#1675=VECTOR('',#5411,10.);
#1676=VECTOR('',#5416,10.);
#1677=VERTEX_POINT('',#5428);
#1678=VERTEX_POINT('',#5429);
#1679=VERTEX_POINT('',#5431);
#1680=VERTEX_POINT('',#5433);
#1681=VERTEX_POINT('',#5437);
#1682=VERTEX_POINT('',#5439);
#1683=VERTEX_POINT('',#5443);
#1684=VERTEX_POINT('',#5445);
#1685=VERTEX_POINT('',#5449);
#1686=VERTEX_POINT('',#5451);
#1687=VERTEX_POINT('',#5455);
#1688=VERTEX_POINT('',#5457);
#1689=VERTEX_POINT('',#5461);
#1690=VERTEX_POINT('',#5463);
#1691=VERTEX_POINT('',#5467);
#1692=VERTEX_POINT('',#5469);
#1693=VERTEX_POINT('',#5477);
#1694=VERTEX_POINT('',#5478);
#1695=VERTEX_POINT('',#5480);
#1696=VERTEX_POINT('',#5482);
#1697=VERTEX_POINT('',#5495);
#1698=VERTEX_POINT('',#5501);
#1699=VERTEX_POINT('',#5518);
#1700=VERTEX_POINT('',#5524);
#1701=VERTEX_POINT('',#5541);
#1702=VERTEX_POINT('',#5547);
#1703=VERTEX_POINT('',#5564);
#1704=VERTEX_POINT('',#5570);
#1705=VERTEX_POINT('',#5587);
#1706=VERTEX_POINT('',#5593);
#1707=VERTEX_POINT('',#5610);
#1708=VERTEX_POINT('',#5616);
#1709=VERTEX_POINT('',#5624);
#1710=VERTEX_POINT('',#5626);
#1711=VERTEX_POINT('',#5633);
#1712=VERTEX_POINT('',#5634);
#1713=VERTEX_POINT('',#5636);
#1714=VERTEX_POINT('',#5638);
#1715=VERTEX_POINT('',#5651);
#1716=VERTEX_POINT('',#5657);
#1717=VERTEX_POINT('',#5674);
#1718=VERTEX_POINT('',#5680);
#1719=VERTEX_POINT('',#5697);
#1720=VERTEX_POINT('',#5703);
#1721=VERTEX_POINT('',#5720);
#1722=VERTEX_POINT('',#5726);
#1723=VERTEX_POINT('',#5743);
#1724=VERTEX_POINT('',#5749);
#1725=VERTEX_POINT('',#5766);
#1726=VERTEX_POINT('',#5772);
#1727=VERTEX_POINT('',#5789);
#1728=VERTEX_POINT('',#5795);
#1729=VERTEX_POINT('',#5803);
#1730=VERTEX_POINT('',#5805);
#1731=VERTEX_POINT('',#5821);
#1732=VERTEX_POINT('',#5822);
#1733=VERTEX_POINT('',#5828);
#1734=VERTEX_POINT('',#5830);
#1735=VERTEX_POINT('',#5847);
#1736=VERTEX_POINT('',#5853);
#1737=VERTEX_POINT('',#5870);
#1738=VERTEX_POINT('',#5876);
#1739=VERTEX_POINT('',#5893);
#1740=VERTEX_POINT('',#5899);
#1741=VERTEX_POINT('',#5916);
#1742=VERTEX_POINT('',#5922);
#1743=VERTEX_POINT('',#5939);
#1744=VERTEX_POINT('',#5945);
#1745=VERTEX_POINT('',#5962);
#1746=VERTEX_POINT('',#5968);
#1747=VERTEX_POINT('',#5985);
#1748=VERTEX_POINT('',#5991);
#1749=VERTEX_POINT('',#6008);
#1750=VERTEX_POINT('',#6014);
#1751=VERTEX_POINT('',#6031);
#1752=VERTEX_POINT('',#6037);
#1753=VERTEX_POINT('',#6054);
#1754=VERTEX_POINT('',#6060);
#1755=VERTEX_POINT('',#6068);
#1756=VERTEX_POINT('',#6070);
#1757=VERTEX_POINT('',#6074);
#1758=VERTEX_POINT('',#6076);
#1759=VERTEX_POINT('',#6093);
#1760=VERTEX_POINT('',#6094);
#1761=VERTEX_POINT('',#6100);
#1762=VERTEX_POINT('',#6102);
#1763=VERTEX_POINT('',#6119);
#1764=VERTEX_POINT('',#6125);
#1765=VERTEX_POINT('',#6142);
#1766=VERTEX_POINT('',#6148);
#1767=VERTEX_POINT('',#6165);
#1768=VERTEX_POINT('',#6171);
#1769=VERTEX_POINT('',#6188);
#1770=VERTEX_POINT('',#6194);
#1771=VERTEX_POINT('',#6211);
#1772=VERTEX_POINT('',#6217);
#1773=VERTEX_POINT('',#6234);
#1774=VERTEX_POINT('',#6240);
#1775=VERTEX_POINT('',#6257);
#1776=VERTEX_POINT('',#6263);
#1777=VERTEX_POINT('',#6300);
#1778=VERTEX_POINT('',#6301);
#1779=VERTEX_POINT('',#6307);
#1780=VERTEX_POINT('',#6309);
#1781=VERTEX_POINT('',#6326);
#1782=VERTEX_POINT('',#6332);
#1783=VERTEX_POINT('',#6349);
#1784=VERTEX_POINT('',#6355);
#1785=VERTEX_POINT('',#6372);
#1786=VERTEX_POINT('',#6378);
#1787=VERTEX_POINT('',#6395);
#1788=VERTEX_POINT('',#6401);
#1789=VERTEX_POINT('',#6418);
#1790=VERTEX_POINT('',#6424);
#1791=VERTEX_POINT('',#6441);
#1792=VERTEX_POINT('',#6447);
#1793=VERTEX_POINT('',#6464);
#1794=VERTEX_POINT('',#6470);
#1795=VERTEX_POINT('',#6487);
#1796=VERTEX_POINT('',#6493);
#1797=VERTEX_POINT('',#6510);
#1798=VERTEX_POINT('',#6516);
#1799=VERTEX_POINT('',#6545);
#1800=VERTEX_POINT('',#6546);
#1801=VERTEX_POINT('',#6548);
#1802=VERTEX_POINT('',#6550);
#1803=VERTEX_POINT('',#6554);
#1804=VERTEX_POINT('',#6556);
#1805=VERTEX_POINT('',#6560);
#1806=VERTEX_POINT('',#6562);
#1807=VERTEX_POINT('',#6566);
#1808=VERTEX_POINT('',#6568);
#1809=VERTEX_POINT('',#6572);
#1810=VERTEX_POINT('',#6574);
#1811=VERTEX_POINT('',#6578);
#1812=VERTEX_POINT('',#6580);
#1813=VERTEX_POINT('',#6584);
#1814=VERTEX_POINT('',#6586);
#1815=VERTEX_POINT('',#6590);
#1816=VERTEX_POINT('',#6592);
#1817=VERTEX_POINT('',#6596);
#1818=VERTEX_POINT('',#6598);
#1819=VERTEX_POINT('',#6602);
#1820=VERTEX_POINT('',#6604);
#1821=VERTEX_POINT('',#6608);
#1822=VERTEX_POINT('',#6610);
#1823=VERTEX_POINT('',#6618);
#1824=VERTEX_POINT('',#6619);
#1825=VERTEX_POINT('',#6621);
#1826=VERTEX_POINT('',#6623);
#1827=VERTEX_POINT('',#6627);
#1828=VERTEX_POINT('',#6629);
#1829=VERTEX_POINT('',#6633);
#1830=VERTEX_POINT('',#6635);
#1831=VERTEX_POINT('',#6643);
#1832=VERTEX_POINT('',#6644);
#1833=VERTEX_POINT('',#6646);
#1834=VERTEX_POINT('',#6648);
#1835=VERTEX_POINT('',#6652);
#1836=VERTEX_POINT('',#6654);
#1837=VERTEX_POINT('',#6658);
#1838=VERTEX_POINT('',#6660);
#1839=VERTEX_POINT('',#6664);
#1840=VERTEX_POINT('',#6666);
#1841=VERTEX_POINT('',#6670);
#1842=VERTEX_POINT('',#6672);
#1843=VERTEX_POINT('',#6676);
#1844=VERTEX_POINT('',#6678);
#1845=VERTEX_POINT('',#6682);
#1846=VERTEX_POINT('',#6684);
#1847=VERTEX_POINT('',#6701);
#1848=VERTEX_POINT('',#6702);
#1849=VERTEX_POINT('',#6708);
#1850=VERTEX_POINT('',#6710);
#1851=VERTEX_POINT('',#6727);
#1852=VERTEX_POINT('',#6733);
#1853=VERTEX_POINT('',#6750);
#1854=VERTEX_POINT('',#6756);
#1855=VERTEX_POINT('',#6773);
#1856=VERTEX_POINT('',#6779);
#1857=VERTEX_POINT('',#6796);
#1858=VERTEX_POINT('',#6802);
#1859=VERTEX_POINT('',#6819);
#1860=VERTEX_POINT('',#6825);
#1861=VERTEX_POINT('',#6842);
#1862=VERTEX_POINT('',#6848);
#1863=VERTEX_POINT('',#6865);
#1864=VERTEX_POINT('',#6871);
#1865=VERTEX_POINT('',#6888);
#1866=VERTEX_POINT('',#6894);
#1867=VERTEX_POINT('',#6911);
#1868=VERTEX_POINT('',#6917);
#1869=VERTEX_POINT('',#6934);
#1870=VERTEX_POINT('',#6940);
#1871=VERTEX_POINT('',#6957);
#1872=VERTEX_POINT('',#6963);
#1873=VERTEX_POINT('',#6980);
#1874=VERTEX_POINT('',#6986);
#1875=VERTEX_POINT('',#7003);
#1876=VERTEX_POINT('',#7009);
#1877=VERTEX_POINT('',#7017);
#1878=VERTEX_POINT('',#7019);
#1879=VERTEX_POINT('',#7032);
#1880=VERTEX_POINT('',#7038);
#1881=VERTEX_POINT('',#7055);
#1882=VERTEX_POINT('',#7061);
#1883=VERTEX_POINT('',#7078);
#1884=VERTEX_POINT('',#7084);
#1885=VERTEX_POINT('',#7101);
#1886=VERTEX_POINT('',#7107);
#1887=VERTEX_POINT('',#7124);
#1888=VERTEX_POINT('',#7130);
#1889=VERTEX_POINT('',#7147);
#1890=VERTEX_POINT('',#7153);
#1891=VERTEX_POINT('',#7170);
#1892=VERTEX_POINT('',#7176);
#1893=VERTEX_POINT('',#7193);
#1894=VERTEX_POINT('',#7199);
#1895=VERTEX_POINT('',#7216);
#1896=VERTEX_POINT('',#7222);
#1897=VERTEX_POINT('',#7239);
#1898=VERTEX_POINT('',#7245);
#1899=VERTEX_POINT('',#7262);
#1900=VERTEX_POINT('',#7268);
#1901=VERTEX_POINT('',#7285);
#1902=VERTEX_POINT('',#7291);
#1903=VERTEX_POINT('',#7308);
#1904=VERTEX_POINT('',#7314);
#1905=VERTEX_POINT('',#7331);
#1906=VERTEX_POINT('',#7337);
#1907=VERTEX_POINT('',#7354);
#1908=VERTEX_POINT('',#7360);
#1909=VERTEX_POINT('',#7377);
#1910=VERTEX_POINT('',#7383);
#1911=VERTEX_POINT('',#7400);
#1912=VERTEX_POINT('',#7406);
#1913=VERTEX_POINT('',#7423);
#1914=VERTEX_POINT('',#7429);
#1915=VERTEX_POINT('',#7437);
#1916=VERTEX_POINT('',#7439);
#1917=VERTEX_POINT('',#7464);
#1918=VERTEX_POINT('',#7465);
#1919=VERTEX_POINT('',#7467);
#1920=VERTEX_POINT('',#7469);
#1921=VERTEX_POINT('',#7482);
#1922=VERTEX_POINT('',#7488);
#1923=VERTEX_POINT('',#7505);
#1924=VERTEX_POINT('',#7511);
#1925=VERTEX_POINT('',#7528);
#1926=VERTEX_POINT('',#7534);
#1927=VERTEX_POINT('',#7551);
#1928=VERTEX_POINT('',#7557);
#1929=VERTEX_POINT('',#7574);
#1930=VERTEX_POINT('',#7580);
#1931=VERTEX_POINT('',#7588);
#1932=VERTEX_POINT('',#7590);
#1933=VERTEX_POINT('',#7597);
#1934=VERTEX_POINT('',#7598);
#1935=VERTEX_POINT('',#7600);
#1936=VERTEX_POINT('',#7602);
#1937=VERTEX_POINT('',#7606);
#1938=VERTEX_POINT('',#7608);
#1939=VERTEX_POINT('',#7621);
#1940=VERTEX_POINT('',#7627);
#1941=VERTEX_POINT('',#7644);
#1942=VERTEX_POINT('',#7650);
#1943=VERTEX_POINT('',#7667);
#1944=VERTEX_POINT('',#7673);
#1945=VERTEX_POINT('',#7690);
#1946=VERTEX_POINT('',#7696);
#1947=VERTEX_POINT('',#7704);
#1948=VERTEX_POINT('',#7706);
#1949=VERTEX_POINT('',#7710);
#1950=VERTEX_POINT('',#7712);
#1951=VERTEX_POINT('',#7716);
#1952=VERTEX_POINT('',#7718);
#1953=VERTEX_POINT('',#7731);
#1954=VERTEX_POINT('',#7737);
#1955=VERTEX_POINT('',#7754);
#1956=VERTEX_POINT('',#7760);
#1957=VERTEX_POINT('',#7777);
#1958=VERTEX_POINT('',#7783);
#1959=VERTEX_POINT('',#7800);
#1960=VERTEX_POINT('',#7806);
#1961=VERTEX_POINT('',#7823);
#1962=VERTEX_POINT('',#7829);
#1963=VERTEX_POINT('',#7846);
#1964=VERTEX_POINT('',#7852);
#1965=VERTEX_POINT('',#7869);
#1966=VERTEX_POINT('',#7875);
#1967=VERTEX_POINT('',#7883);
#1968=VERTEX_POINT('',#7885);
#1969=VERTEX_POINT('',#7889);
#1970=VERTEX_POINT('',#7891);
#1971=VERTEX_POINT('',#7899);
#1972=VERTEX_POINT('',#7900);
#1973=VERTEX_POINT('',#7902);
#1974=VERTEX_POINT('',#7904);
#1975=VERTEX_POINT('',#7906);
#1976=VERTEX_POINT('',#7908);
#1977=VERTEX_POINT('',#7910);
#1978=VERTEX_POINT('',#7912);
#1979=VERTEX_POINT('',#7915);
#1980=VERTEX_POINT('',#7921);
#1981=VERTEX_POINT('',#7922);
#1982=VERTEX_POINT('',#7924);
#1983=VERTEX_POINT('',#7926);
#1984=VERTEX_POINT('',#7930);
#1985=VERTEX_POINT('',#7932);
#1986=VERTEX_POINT('',#7936);
#1987=VERTEX_POINT('',#7938);
#1988=VERTEX_POINT('',#7942);
#1989=VERTEX_POINT('',#7944);
#1990=VERTEX_POINT('',#7948);
#1991=VERTEX_POINT('',#7950);
#1992=VERTEX_POINT('',#7954);
#1993=VERTEX_POINT('',#7956);
#1994=VERTEX_POINT('',#7960);
#1995=VERTEX_POINT('',#7962);
#1996=VERTEX_POINT('',#7966);
#1997=VERTEX_POINT('',#7968);
#1998=VERTEX_POINT('',#7972);
#1999=VERTEX_POINT('',#7974);
#2000=VERTEX_POINT('',#7978);
#2001=VERTEX_POINT('',#7980);
#2002=VERTEX_POINT('',#7984);
#2003=VERTEX_POINT('',#7986);
#2004=VERTEX_POINT('',#7990);
#2005=VERTEX_POINT('',#7992);
#2006=VERTEX_POINT('',#7996);
#2007=VERTEX_POINT('',#7998);
#2008=VERTEX_POINT('',#8002);
#2009=VERTEX_POINT('',#8004);
#2010=VERTEX_POINT('',#8008);
#2011=VERTEX_POINT('',#8010);
#2012=VERTEX_POINT('',#8014);
#2013=VERTEX_POINT('',#8016);
#2014=VERTEX_POINT('',#8020);
#2015=VERTEX_POINT('',#8022);
#2016=VERTEX_POINT('',#8029);
#2017=VERTEX_POINT('',#8030);
#2018=VERTEX_POINT('',#8032);
#2019=VERTEX_POINT('',#8034);
#2020=VERTEX_POINT('',#8041);
#2021=VERTEX_POINT('',#8042);
#2022=VERTEX_POINT('',#8044);
#2023=VERTEX_POINT('',#8046);
#2024=VERTEX_POINT('',#8050);
#2025=VERTEX_POINT('',#8052);
#2026=VERTEX_POINT('',#8056);
#2027=VERTEX_POINT('',#8058);
#2028=VERTEX_POINT('',#8078);
#2029=VERTEX_POINT('',#8079);
#2030=VERTEX_POINT('',#8081);
#2031=VERTEX_POINT('',#8083);
#2032=VERTEX_POINT('',#8090);
#2033=VERTEX_POINT('',#8091);
#2034=VERTEX_POINT('',#8093);
#2035=VERTEX_POINT('',#8095);
#2036=VERTEX_POINT('',#8106);
#2037=VERTEX_POINT('',#8111);
#2038=VERTEX_POINT('',#8118);
#2039=VERTEX_POINT('',#8120);
#2040=VERTEX_POINT('',#8127);
#2041=VERTEX_POINT('',#8128);
#2042=VERTEX_POINT('',#8130);
#2043=VERTEX_POINT('',#8132);
#2044=VERTEX_POINT('',#8136);
#2045=VERTEX_POINT('',#8138);
#2046=VERTEX_POINT('',#8142);
#2047=VERTEX_POINT('',#8144);
#2048=VERTEX_POINT('',#8148);
#2049=VERTEX_POINT('',#8150);
#2050=VERTEX_POINT('',#8154);
#2051=VERTEX_POINT('',#8156);
#2052=VERTEX_POINT('',#8167);
#2053=VERTEX_POINT('',#8172);
#2054=VERTEX_POINT('',#8179);
#2055=VERTEX_POINT('',#8181);
#2056=VERTEX_POINT('',#8185);
#2057=VERTEX_POINT('',#8187);
#2058=VERTEX_POINT('',#8191);
#2059=VERTEX_POINT('',#8193);
#2060=VERTEX_POINT('',#8197);
#2061=VERTEX_POINT('',#8199);
#2062=VERTEX_POINT('',#8203);
#2063=VERTEX_POINT('',#8205);
#2064=VERTEX_POINT('',#8209);
#2065=VERTEX_POINT('',#8211);
#2066=VERTEX_POINT('',#8215);
#2067=VERTEX_POINT('',#8217);
#2068=VERTEX_POINT('',#8238);
#2069=VERTEX_POINT('',#8239);
#2070=VERTEX_POINT('',#8241);
#2071=VERTEX_POINT('',#8243);
#2072=VERTEX_POINT('',#8245);
#2073=VERTEX_POINT('',#8247);
#2074=VERTEX_POINT('',#8249);
#2075=VERTEX_POINT('',#8251);
#2076=VERTEX_POINT('',#8253);
#2077=VERTEX_POINT('',#8255);
#2078=VERTEX_POINT('',#8257);
#2079=VERTEX_POINT('',#8259);
#2080=VERTEX_POINT('',#8261);
#2081=VERTEX_POINT('',#8263);
#2082=VERTEX_POINT('',#8265);
#2083=VERTEX_POINT('',#8267);
#2084=VERTEX_POINT('',#8270);
#2085=VERTEX_POINT('',#8277);
#2086=VERTEX_POINT('',#8278);
#2087=VERTEX_POINT('',#8282);
#2088=VERTEX_POINT('',#8289);
#2089=VERTEX_POINT('',#8293);
#2090=VERTEX_POINT('',#8297);
#2091=VERTEX_POINT('',#8304);
#2092=VERTEX_POINT('',#8309);
#2093=VERTEX_POINT('',#8313);
#2094=VERTEX_POINT('',#8319);
#2095=VERTEX_POINT('',#8321);
#2096=VERTEX_POINT('',#8325);
#2097=VERTEX_POINT('',#8327);
#2098=VERTEX_POINT('',#8338);
#2099=VERTEX_POINT('',#8340);
#2100=VERTEX_POINT('',#8344);
#2101=VERTEX_POINT('',#8346);
#2102=VERTEX_POINT('',#8350);
#2103=VERTEX_POINT('',#8354);
#2104=EDGE_CURVE('',#1677,#1678,#961,.T.);
#2105=EDGE_CURVE('',#1677,#1679,#962,.T.);
#2106=EDGE_CURVE('',#1679,#1680,#963,.T.);
#2107=EDGE_CURVE('',#1678,#1680,#964,.T.);
#2108=EDGE_CURVE('',#1681,#1677,#965,.T.);
#2109=EDGE_CURVE('',#1681,#1682,#966,.T.);
#2110=EDGE_CURVE('',#1682,#1679,#967,.T.);
#2111=EDGE_CURVE('',#1683,#1681,#968,.T.);
#2112=EDGE_CURVE('',#1683,#1684,#969,.T.);
#2113=EDGE_CURVE('',#1684,#1682,#970,.T.);
#2114=EDGE_CURVE('',#1685,#1683,#971,.T.);
#2115=EDGE_CURVE('',#1685,#1686,#972,.T.);
#2116=EDGE_CURVE('',#1686,#1684,#973,.T.);
#2117=EDGE_CURVE('',#1687,#1685,#974,.T.);
#2118=EDGE_CURVE('',#1687,#1688,#975,.T.);
#2119=EDGE_CURVE('',#1688,#1686,#976,.T.);
#2120=EDGE_CURVE('',#1689,#1687,#977,.T.);
#2121=EDGE_CURVE('',#1689,#1690,#978,.T.);
#2122=EDGE_CURVE('',#1690,#1688,#979,.T.);
#2123=EDGE_CURVE('',#1691,#1689,#980,.T.);
#2124=EDGE_CURVE('',#1691,#1692,#981,.T.);
#2125=EDGE_CURVE('',#1692,#1690,#982,.T.);
#2126=EDGE_CURVE('',#1678,#1691,#983,.T.);
#2127=EDGE_CURVE('',#1680,#1692,#984,.T.);
#2128=EDGE_CURVE('',#1693,#1694,#985,.T.);
#2129=EDGE_CURVE('',#1693,#1695,#986,.T.);
#2130=EDGE_CURVE('',#1695,#1696,#987,.T.);
#2131=EDGE_CURVE('',#1694,#1696,#988,.T.);
#2132=EDGE_CURVE('',#1697,#1693,#190,.T.);
#2133=EDGE_CURVE('',#1697,#1698,#989,.T.);
#2134=EDGE_CURVE('',#1698,#1695,#191,.T.);
#2135=EDGE_CURVE('',#1699,#1697,#192,.T.);
#2136=EDGE_CURVE('',#1699,#1700,#990,.T.);
#2137=EDGE_CURVE('',#1700,#1698,#193,.T.);
#2138=EDGE_CURVE('',#1701,#1699,#194,.T.);
#2139=EDGE_CURVE('',#1701,#1702,#991,.T.);
#2140=EDGE_CURVE('',#1702,#1700,#195,.T.);
#2141=EDGE_CURVE('',#1703,#1701,#196,.T.);
#2142=EDGE_CURVE('',#1703,#1704,#992,.T.);
#2143=EDGE_CURVE('',#1704,#1702,#197,.T.);
#2144=EDGE_CURVE('',#1705,#1703,#198,.T.);
#2145=EDGE_CURVE('',#1705,#1706,#993,.T.);
#2146=EDGE_CURVE('',#1706,#1704,#199,.T.);
#2147=EDGE_CURVE('',#1707,#1705,#200,.T.);
#2148=EDGE_CURVE('',#1707,#1708,#994,.T.);
#2149=EDGE_CURVE('',#1708,#1706,#201,.T.);
#2150=EDGE_CURVE('',#1709,#1707,#995,.T.);
#2151=EDGE_CURVE('',#1709,#1710,#996,.T.);
#2152=EDGE_CURVE('',#1710,#1708,#997,.T.);
#2153=EDGE_CURVE('',#1694,#1709,#998,.T.);
#2154=EDGE_CURVE('',#1696,#1710,#999,.T.);
#2155=EDGE_CURVE('',#1711,#1712,#1000,.T.);
#2156=EDGE_CURVE('',#1711,#1713,#1001,.T.);
#2157=EDGE_CURVE('',#1713,#1714,#1002,.T.);
#2158=EDGE_CURVE('',#1712,#1714,#1003,.T.);
#2159=EDGE_CURVE('',#1715,#1711,#202,.T.);
#2160=EDGE_CURVE('',#1715,#1716,#1004,.T.);
#2161=EDGE_CURVE('',#1716,#1713,#203,.T.);
#2162=EDGE_CURVE('',#1717,#1715,#204,.T.);
#2163=EDGE_CURVE('',#1717,#1718,#1005,.T.);
#2164=EDGE_CURVE('',#1718,#1716,#205,.T.);
#2165=EDGE_CURVE('',#1719,#1717,#206,.T.);
#2166=EDGE_CURVE('',#1719,#1720,#1006,.T.);
#2167=EDGE_CURVE('',#1720,#1718,#207,.T.);
#2168=EDGE_CURVE('',#1721,#1719,#208,.T.);
#2169=EDGE_CURVE('',#1721,#1722,#1007,.T.);
#2170=EDGE_CURVE('',#1722,#1720,#209,.T.);
#2171=EDGE_CURVE('',#1723,#1721,#210,.T.);
#2172=EDGE_CURVE('',#1723,#1724,#1008,.T.);
#2173=EDGE_CURVE('',#1724,#1722,#211,.T.);
#2174=EDGE_CURVE('',#1725,#1723,#212,.T.);
#2175=EDGE_CURVE('',#1725,#1726,#1009,.T.);
#2176=EDGE_CURVE('',#1726,#1724,#213,.T.);
#2177=EDGE_CURVE('',#1727,#1725,#214,.T.);
#2178=EDGE_CURVE('',#1727,#1728,#1010,.T.);
#2179=EDGE_CURVE('',#1728,#1726,#215,.T.);
#2180=EDGE_CURVE('',#1729,#1727,#1011,.T.);
#2181=EDGE_CURVE('',#1729,#1730,#1012,.T.);
#2182=EDGE_CURVE('',#1730,#1728,#1013,.T.);
#2183=EDGE_CURVE('',#1712,#1729,#1014,.T.);
#2184=EDGE_CURVE('',#1714,#1730,#1015,.T.);
#2185=EDGE_CURVE('',#1731,#1732,#216,.T.);
#2186=EDGE_CURVE('',#1731,#1733,#1016,.T.);
#2187=EDGE_CURVE('',#1733,#1734,#217,.T.);
#2188=EDGE_CURVE('',#1732,#1734,#1017,.T.);
#2189=EDGE_CURVE('',#1735,#1731,#218,.T.);
#2190=EDGE_CURVE('',#1735,#1736,#1018,.T.);
#2191=EDGE_CURVE('',#1736,#1733,#219,.T.);
#2192=EDGE_CURVE('',#1737,#1735,#220,.T.);
#2193=EDGE_CURVE('',#1737,#1738,#1019,.T.);
#2194=EDGE_CURVE('',#1738,#1736,#221,.T.);
#2195=EDGE_CURVE('',#1739,#1737,#222,.T.);
#2196=EDGE_CURVE('',#1739,#1740,#1020,.T.);
#2197=EDGE_CURVE('',#1740,#1738,#223,.T.);
#2198=EDGE_CURVE('',#1741,#1739,#224,.T.);
#2199=EDGE_CURVE('',#1741,#1742,#1021,.T.);
#2200=EDGE_CURVE('',#1742,#1740,#225,.T.);
#2201=EDGE_CURVE('',#1743,#1741,#226,.T.);
#2202=EDGE_CURVE('',#1743,#1744,#1022,.T.);
#2203=EDGE_CURVE('',#1744,#1742,#227,.T.);
#2204=EDGE_CURVE('',#1745,#1743,#228,.T.);
#2205=EDGE_CURVE('',#1745,#1746,#1023,.T.);
#2206=EDGE_CURVE('',#1746,#1744,#229,.T.);
#2207=EDGE_CURVE('',#1747,#1745,#230,.T.);
#2208=EDGE_CURVE('',#1747,#1748,#1024,.T.);
#2209=EDGE_CURVE('',#1748,#1746,#231,.T.);
#2210=EDGE_CURVE('',#1749,#1747,#232,.T.);
#2211=EDGE_CURVE('',#1749,#1750,#1025,.T.);
#2212=EDGE_CURVE('',#1750,#1748,#233,.T.);
#2213=EDGE_CURVE('',#1751,#1749,#234,.T.);
#2214=EDGE_CURVE('',#1751,#1752,#1026,.T.);
#2215=EDGE_CURVE('',#1752,#1750,#235,.T.);
#2216=EDGE_CURVE('',#1753,#1751,#236,.T.);
#2217=EDGE_CURVE('',#1753,#1754,#1027,.T.);
#2218=EDGE_CURVE('',#1754,#1752,#237,.T.);
#2219=EDGE_CURVE('',#1755,#1753,#1028,.T.);
#2220=EDGE_CURVE('',#1755,#1756,#1029,.T.);
#2221=EDGE_CURVE('',#1756,#1754,#1030,.T.);
#2222=EDGE_CURVE('',#1757,#1755,#1031,.T.);
#2223=EDGE_CURVE('',#1757,#1758,#1032,.T.);
#2224=EDGE_CURVE('',#1758,#1756,#1033,.T.);
#2225=EDGE_CURVE('',#1732,#1757,#1034,.T.);
#2226=EDGE_CURVE('',#1734,#1758,#1035,.T.);
#2227=EDGE_CURVE('',#1759,#1760,#238,.T.);
#2228=EDGE_CURVE('',#1759,#1761,#1036,.T.);
#2229=EDGE_CURVE('',#1761,#1762,#239,.T.);
#2230=EDGE_CURVE('',#1760,#1762,#1037,.T.);
#2231=EDGE_CURVE('',#1763,#1759,#240,.T.);
#2232=EDGE_CURVE('',#1763,#1764,#1038,.T.);
#2233=EDGE_CURVE('',#1764,#1761,#241,.T.);
#2234=EDGE_CURVE('',#1765,#1763,#242,.T.);
#2235=EDGE_CURVE('',#1765,#1766,#1039,.T.);
#2236=EDGE_CURVE('',#1766,#1764,#243,.T.);
#2237=EDGE_CURVE('',#1767,#1765,#244,.T.);
#2238=EDGE_CURVE('',#1767,#1768,#1040,.T.);
#2239=EDGE_CURVE('',#1768,#1766,#245,.T.);
#2240=EDGE_CURVE('',#1769,#1767,#246,.T.);
#2241=EDGE_CURVE('',#1769,#1770,#1041,.T.);
#2242=EDGE_CURVE('',#1770,#1768,#247,.T.);
#2243=EDGE_CURVE('',#1771,#1769,#248,.T.);
#2244=EDGE_CURVE('',#1771,#1772,#1042,.T.);
#2245=EDGE_CURVE('',#1772,#1770,#249,.T.);
#2246=EDGE_CURVE('',#1773,#1771,#250,.T.);
#2247=EDGE_CURVE('',#1773,#1774,#1043,.T.);
#2248=EDGE_CURVE('',#1774,#1772,#251,.T.);
#2249=EDGE_CURVE('',#1775,#1773,#252,.T.);
#2250=EDGE_CURVE('',#1775,#1776,#1044,.T.);
#2251=EDGE_CURVE('',#1776,#1774,#253,.T.);
#2252=EDGE_CURVE('',#1760,#1775,#254,.T.);
#2253=EDGE_CURVE('',#1762,#1776,#255,.T.);
#2254=EDGE_CURVE('',#1777,#1778,#256,.T.);
#2255=EDGE_CURVE('',#1777,#1779,#1045,.T.);
#2256=EDGE_CURVE('',#1779,#1780,#257,.T.);
#2257=EDGE_CURVE('',#1778,#1780,#1046,.T.);
#2258=EDGE_CURVE('',#1781,#1777,#258,.T.);
#2259=EDGE_CURVE('',#1781,#1782,#1047,.T.);
#2260=EDGE_CURVE('',#1782,#1779,#259,.T.);
#2261=EDGE_CURVE('',#1783,#1781,#260,.T.);
#2262=EDGE_CURVE('',#1783,#1784,#1048,.T.);
#2263=EDGE_CURVE('',#1784,#1782,#261,.T.);
#2264=EDGE_CURVE('',#1785,#1783,#262,.T.);
#2265=EDGE_CURVE('',#1785,#1786,#1049,.T.);
#2266=EDGE_CURVE('',#1786,#1784,#263,.T.);
#2267=EDGE_CURVE('',#1787,#1785,#264,.T.);
#2268=EDGE_CURVE('',#1787,#1788,#1050,.T.);
#2269=EDGE_CURVE('',#1788,#1786,#265,.T.);
#2270=EDGE_CURVE('',#1789,#1787,#266,.T.);
#2271=EDGE_CURVE('',#1789,#1790,#1051,.T.);
#2272=EDGE_CURVE('',#1790,#1788,#267,.T.);
#2273=EDGE_CURVE('',#1791,#1789,#268,.T.);
#2274=EDGE_CURVE('',#1791,#1792,#1052,.T.);
#2275=EDGE_CURVE('',#1792,#1790,#269,.T.);
#2276=EDGE_CURVE('',#1793,#1791,#270,.T.);
#2277=EDGE_CURVE('',#1793,#1794,#1053,.T.);
#2278=EDGE_CURVE('',#1794,#1792,#271,.T.);
#2279=EDGE_CURVE('',#1795,#1793,#272,.T.);
#2280=EDGE_CURVE('',#1795,#1796,#1054,.T.);
#2281=EDGE_CURVE('',#1796,#1794,#273,.T.);
#2282=EDGE_CURVE('',#1797,#1795,#274,.T.);
#2283=EDGE_CURVE('',#1797,#1798,#1055,.T.);
#2284=EDGE_CURVE('',#1798,#1796,#275,.T.);
#2285=EDGE_CURVE('',#1778,#1797,#276,.T.);
#2286=EDGE_CURVE('',#1780,#1798,#277,.T.);
#2287=EDGE_CURVE('',#1799,#1800,#1056,.T.);
#2288=EDGE_CURVE('',#1799,#1801,#1057,.T.);
#2289=EDGE_CURVE('',#1801,#1802,#1058,.T.);
#2290=EDGE_CURVE('',#1800,#1802,#1059,.T.);
#2291=EDGE_CURVE('',#1803,#1799,#1060,.T.);
#2292=EDGE_CURVE('',#1803,#1804,#1061,.T.);
#2293=EDGE_CURVE('',#1804,#1801,#1062,.T.);
#2294=EDGE_CURVE('',#1805,#1803,#1063,.T.);
#2295=EDGE_CURVE('',#1805,#1806,#1064,.T.);
#2296=EDGE_CURVE('',#1806,#1804,#1065,.T.);
#2297=EDGE_CURVE('',#1807,#1805,#1066,.T.);
#2298=EDGE_CURVE('',#1807,#1808,#1067,.T.);
#2299=EDGE_CURVE('',#1808,#1806,#1068,.T.);
#2300=EDGE_CURVE('',#1809,#1807,#1069,.T.);
#2301=EDGE_CURVE('',#1809,#1810,#1070,.T.);
#2302=EDGE_CURVE('',#1810,#1808,#1071,.T.);
#2303=EDGE_CURVE('',#1811,#1809,#1072,.T.);
#2304=EDGE_CURVE('',#1811,#1812,#1073,.T.);
#2305=EDGE_CURVE('',#1812,#1810,#1074,.T.);
#2306=EDGE_CURVE('',#1813,#1811,#1075,.T.);
#2307=EDGE_CURVE('',#1813,#1814,#1076,.T.);
#2308=EDGE_CURVE('',#1814,#1812,#1077,.T.);
#2309=EDGE_CURVE('',#1815,#1813,#1078,.T.);
#2310=EDGE_CURVE('',#1815,#1816,#1079,.T.);
#2311=EDGE_CURVE('',#1816,#1814,#1080,.T.);
#2312=EDGE_CURVE('',#1817,#1815,#1081,.T.);
#2313=EDGE_CURVE('',#1817,#1818,#1082,.T.);
#2314=EDGE_CURVE('',#1818,#1816,#1083,.T.);
#2315=EDGE_CURVE('',#1819,#1817,#1084,.T.);
#2316=EDGE_CURVE('',#1819,#1820,#1085,.T.);
#2317=EDGE_CURVE('',#1820,#1818,#1086,.T.);
#2318=EDGE_CURVE('',#1821,#1819,#1087,.T.);
#2319=EDGE_CURVE('',#1821,#1822,#1088,.T.);
#2320=EDGE_CURVE('',#1822,#1820,#1089,.T.);
#2321=EDGE_CURVE('',#1800,#1821,#1090,.T.);
#2322=EDGE_CURVE('',#1802,#1822,#1091,.T.);
#2323=EDGE_CURVE('',#1823,#1824,#1092,.T.);
#2324=EDGE_CURVE('',#1823,#1825,#1093,.T.);
#2325=EDGE_CURVE('',#1825,#1826,#1094,.T.);
#2326=EDGE_CURVE('',#1824,#1826,#1095,.T.);
#2327=EDGE_CURVE('',#1827,#1823,#1096,.T.);
#2328=EDGE_CURVE('',#1827,#1828,#1097,.T.);
#2329=EDGE_CURVE('',#1828,#1825,#1098,.T.);
#2330=EDGE_CURVE('',#1829,#1827,#1099,.T.);
#2331=EDGE_CURVE('',#1829,#1830,#1100,.T.);
#2332=EDGE_CURVE('',#1830,#1828,#1101,.T.);
#2333=EDGE_CURVE('',#1824,#1829,#1102,.T.);
#2334=EDGE_CURVE('',#1826,#1830,#1103,.T.);
#2335=EDGE_CURVE('',#1831,#1832,#1104,.T.);
#2336=EDGE_CURVE('',#1831,#1833,#1105,.T.);
#2337=EDGE_CURVE('',#1833,#1834,#1106,.T.);
#2338=EDGE_CURVE('',#1832,#1834,#1107,.T.);
#2339=EDGE_CURVE('',#1835,#1831,#1108,.T.);
#2340=EDGE_CURVE('',#1835,#1836,#1109,.T.);
#2341=EDGE_CURVE('',#1836,#1833,#1110,.T.);
#2342=EDGE_CURVE('',#1837,#1835,#1111,.T.);
#2343=EDGE_CURVE('',#1837,#1838,#1112,.T.);
#2344=EDGE_CURVE('',#1838,#1836,#1113,.T.);
#2345=EDGE_CURVE('',#1839,#1837,#1114,.T.);
#2346=EDGE_CURVE('',#1839,#1840,#1115,.T.);
#2347=EDGE_CURVE('',#1840,#1838,#1116,.T.);
#2348=EDGE_CURVE('',#1841,#1839,#1117,.T.);
#2349=EDGE_CURVE('',#1841,#1842,#1118,.T.);
#2350=EDGE_CURVE('',#1842,#1840,#1119,.T.);
#2351=EDGE_CURVE('',#1843,#1841,#1120,.T.);
#2352=EDGE_CURVE('',#1843,#1844,#1121,.T.);
#2353=EDGE_CURVE('',#1844,#1842,#1122,.T.);
#2354=EDGE_CURVE('',#1845,#1843,#1123,.T.);
#2355=EDGE_CURVE('',#1845,#1846,#1124,.T.);
#2356=EDGE_CURVE('',#1846,#1844,#1125,.T.);
#2357=EDGE_CURVE('',#1832,#1845,#1126,.T.);
#2358=EDGE_CURVE('',#1834,#1846,#1127,.T.);
#2359=EDGE_CURVE('',#1847,#1848,#278,.T.);
#2360=EDGE_CURVE('',#1847,#1849,#1128,.T.);
#2361=EDGE_CURVE('',#1849,#1850,#279,.T.);
#2362=EDGE_CURVE('',#1848,#1850,#1129,.T.);
#2363=EDGE_CURVE('',#1851,#1847,#280,.T.);
#2364=EDGE_CURVE('',#1851,#1852,#1130,.T.);
#2365=EDGE_CURVE('',#1852,#1849,#281,.T.);
#2366=EDGE_CURVE('',#1853,#1851,#282,.T.);
#2367=EDGE_CURVE('',#1853,#1854,#1131,.T.);
#2368=EDGE_CURVE('',#1854,#1852,#283,.T.);
#2369=EDGE_CURVE('',#1855,#1853,#284,.T.);
#2370=EDGE_CURVE('',#1855,#1856,#1132,.T.);
#2371=EDGE_CURVE('',#1856,#1854,#285,.T.);
#2372=EDGE_CURVE('',#1857,#1855,#286,.T.);
#2373=EDGE_CURVE('',#1857,#1858,#1133,.T.);
#2374=EDGE_CURVE('',#1858,#1856,#287,.T.);
#2375=EDGE_CURVE('',#1859,#1857,#288,.T.);
#2376=EDGE_CURVE('',#1859,#1860,#1134,.T.);
#2377=EDGE_CURVE('',#1860,#1858,#289,.T.);
#2378=EDGE_CURVE('',#1861,#1859,#290,.T.);
#2379=EDGE_CURVE('',#1861,#1862,#1135,.T.);
#2380=EDGE_CURVE('',#1862,#1860,#291,.T.);
#2381=EDGE_CURVE('',#1863,#1861,#292,.T.);
#2382=EDGE_CURVE('',#1863,#1864,#1136,.T.);
#2383=EDGE_CURVE('',#1864,#1862,#293,.T.);
#2384=EDGE_CURVE('',#1865,#1863,#294,.T.);
#2385=EDGE_CURVE('',#1865,#1866,#1137,.T.);
#2386=EDGE_CURVE('',#1866,#1864,#295,.T.);
#2387=EDGE_CURVE('',#1867,#1865,#296,.T.);
#2388=EDGE_CURVE('',#1867,#1868,#1138,.T.);
#2389=EDGE_CURVE('',#1868,#1866,#297,.T.);
#2390=EDGE_CURVE('',#1869,#1867,#298,.T.);
#2391=EDGE_CURVE('',#1869,#1870,#1139,.T.);
#2392=EDGE_CURVE('',#1870,#1868,#299,.T.);
#2393=EDGE_CURVE('',#1871,#1869,#300,.T.);
#2394=EDGE_CURVE('',#1871,#1872,#1140,.T.);
#2395=EDGE_CURVE('',#1872,#1870,#301,.T.);
#2396=EDGE_CURVE('',#1873,#1871,#302,.T.);
#2397=EDGE_CURVE('',#1873,#1874,#1141,.T.);
#2398=EDGE_CURVE('',#1874,#1872,#303,.T.);
#2399=EDGE_CURVE('',#1875,#1873,#304,.T.);
#2400=EDGE_CURVE('',#1875,#1876,#1142,.T.);
#2401=EDGE_CURVE('',#1876,#1874,#305,.T.);
#2402=EDGE_CURVE('',#1877,#1875,#1143,.T.);
#2403=EDGE_CURVE('',#1877,#1878,#1144,.T.);
#2404=EDGE_CURVE('',#1878,#1876,#1145,.T.);
#2405=EDGE_CURVE('',#1879,#1877,#306,.T.);
#2406=EDGE_CURVE('',#1879,#1880,#1146,.T.);
#2407=EDGE_CURVE('',#1880,#1878,#307,.T.);
#2408=EDGE_CURVE('',#1881,#1879,#308,.T.);
#2409=EDGE_CURVE('',#1881,#1882,#1147,.T.);
#2410=EDGE_CURVE('',#1882,#1880,#309,.T.);
#2411=EDGE_CURVE('',#1883,#1881,#310,.T.);
#2412=EDGE_CURVE('',#1883,#1884,#1148,.T.);
#2413=EDGE_CURVE('',#1884,#1882,#311,.T.);
#2414=EDGE_CURVE('',#1885,#1883,#312,.T.);
#2415=EDGE_CURVE('',#1885,#1886,#1149,.T.);
#2416=EDGE_CURVE('',#1886,#1884,#313,.T.);
#2417=EDGE_CURVE('',#1887,#1885,#314,.T.);
#2418=EDGE_CURVE('',#1887,#1888,#1150,.T.);
#2419=EDGE_CURVE('',#1888,#1886,#315,.T.);
#2420=EDGE_CURVE('',#1889,#1887,#316,.T.);
#2421=EDGE_CURVE('',#1889,#1890,#1151,.T.);
#2422=EDGE_CURVE('',#1890,#1888,#317,.T.);
#2423=EDGE_CURVE('',#1891,#1889,#318,.T.);
#2424=EDGE_CURVE('',#1891,#1892,#1152,.T.);
#2425=EDGE_CURVE('',#1892,#1890,#319,.T.);
#2426=EDGE_CURVE('',#1893,#1891,#320,.T.);
#2427=EDGE_CURVE('',#1893,#1894,#1153,.T.);
#2428=EDGE_CURVE('',#1894,#1892,#321,.T.);
#2429=EDGE_CURVE('',#1895,#1893,#322,.T.);
#2430=EDGE_CURVE('',#1895,#1896,#1154,.T.);
#2431=EDGE_CURVE('',#1896,#1894,#323,.T.);
#2432=EDGE_CURVE('',#1897,#1895,#324,.T.);
#2433=EDGE_CURVE('',#1897,#1898,#1155,.T.);
#2434=EDGE_CURVE('',#1898,#1896,#325,.T.);
#2435=EDGE_CURVE('',#1899,#1897,#326,.T.);
#2436=EDGE_CURVE('',#1899,#1900,#1156,.T.);
#2437=EDGE_CURVE('',#1900,#1898,#327,.T.);
#2438=EDGE_CURVE('',#1901,#1899,#328,.T.);
#2439=EDGE_CURVE('',#1901,#1902,#1157,.T.);
#2440=EDGE_CURVE('',#1902,#1900,#329,.T.);
#2441=EDGE_CURVE('',#1903,#1901,#330,.T.);
#2442=EDGE_CURVE('',#1903,#1904,#1158,.T.);
#2443=EDGE_CURVE('',#1904,#1902,#331,.T.);
#2444=EDGE_CURVE('',#1905,#1903,#332,.T.);
#2445=EDGE_CURVE('',#1905,#1906,#1159,.T.);
#2446=EDGE_CURVE('',#1906,#1904,#333,.T.);
#2447=EDGE_CURVE('',#1907,#1905,#334,.T.);
#2448=EDGE_CURVE('',#1907,#1908,#1160,.T.);
#2449=EDGE_CURVE('',#1908,#1906,#335,.T.);
#2450=EDGE_CURVE('',#1909,#1907,#336,.T.);
#2451=EDGE_CURVE('',#1909,#1910,#1161,.T.);
#2452=EDGE_CURVE('',#1910,#1908,#337,.T.);
#2453=EDGE_CURVE('',#1911,#1909,#338,.T.);
#2454=EDGE_CURVE('',#1911,#1912,#1162,.T.);
#2455=EDGE_CURVE('',#1912,#1910,#339,.T.);
#2456=EDGE_CURVE('',#1913,#1911,#340,.T.);
#2457=EDGE_CURVE('',#1913,#1914,#1163,.T.);
#2458=EDGE_CURVE('',#1914,#1912,#341,.T.);
#2459=EDGE_CURVE('',#1915,#1913,#1164,.T.);
#2460=EDGE_CURVE('',#1915,#1916,#1165,.T.);
#2461=EDGE_CURVE('',#1916,#1914,#1166,.T.);
#2462=EDGE_CURVE('',#1848,#1915,#342,.T.);
#2463=EDGE_CURVE('',#1850,#1916,#343,.T.);
#2464=EDGE_CURVE('',#1917,#1918,#1167,.T.);
#2465=EDGE_CURVE('',#1917,#1919,#1168,.T.);
#2466=EDGE_CURVE('',#1919,#1920,#1169,.T.);
#2467=EDGE_CURVE('',#1918,#1920,#1170,.T.);
#2468=EDGE_CURVE('',#1921,#1917,#344,.T.);
#2469=EDGE_CURVE('',#1921,#1922,#1171,.T.);
#2470=EDGE_CURVE('',#1922,#1919,#345,.T.);
#2471=EDGE_CURVE('',#1923,#1921,#346,.T.);
#2472=EDGE_CURVE('',#1923,#1924,#1172,.T.);
#2473=EDGE_CURVE('',#1924,#1922,#347,.T.);
#2474=EDGE_CURVE('',#1925,#1923,#348,.T.);
#2475=EDGE_CURVE('',#1925,#1926,#1173,.T.);
#2476=EDGE_CURVE('',#1926,#1924,#349,.T.);
#2477=EDGE_CURVE('',#1927,#1925,#350,.T.);
#2478=EDGE_CURVE('',#1927,#1928,#1174,.T.);
#2479=EDGE_CURVE('',#1928,#1926,#351,.T.);
#2480=EDGE_CURVE('',#1929,#1927,#352,.T.);
#2481=EDGE_CURVE('',#1929,#1930,#1175,.T.);
#2482=EDGE_CURVE('',#1930,#1928,#353,.T.);
#2483=EDGE_CURVE('',#1931,#1929,#1176,.T.);
#2484=EDGE_CURVE('',#1931,#1932,#1177,.T.);
#2485=EDGE_CURVE('',#1932,#1930,#1178,.T.);
#2486=EDGE_CURVE('',#1918,#1931,#1179,.T.);
#2487=EDGE_CURVE('',#1920,#1932,#1180,.T.);
#2488=EDGE_CURVE('',#1933,#1934,#1181,.T.);
#2489=EDGE_CURVE('',#1933,#1935,#1182,.T.);
#2490=EDGE_CURVE('',#1935,#1936,#1183,.T.);
#2491=EDGE_CURVE('',#1934,#1936,#1184,.T.);
#2492=EDGE_CURVE('',#1937,#1933,#1185,.T.);
#2493=EDGE_CURVE('',#1937,#1938,#1186,.T.);
#2494=EDGE_CURVE('',#1938,#1935,#1187,.T.);
#2495=EDGE_CURVE('',#1939,#1937,#354,.T.);
#2496=EDGE_CURVE('',#1939,#1940,#1188,.T.);
#2497=EDGE_CURVE('',#1940,#1938,#355,.T.);
#2498=EDGE_CURVE('',#1941,#1939,#356,.T.);
#2499=EDGE_CURVE('',#1941,#1942,#1189,.T.);
#2500=EDGE_CURVE('',#1942,#1940,#357,.T.);
#2501=EDGE_CURVE('',#1943,#1941,#358,.T.);
#2502=EDGE_CURVE('',#1943,#1944,#1190,.T.);
#2503=EDGE_CURVE('',#1944,#1942,#359,.T.);
#2504=EDGE_CURVE('',#1945,#1943,#360,.T.);
#2505=EDGE_CURVE('',#1945,#1946,#1191,.T.);
#2506=EDGE_CURVE('',#1946,#1944,#361,.T.);
#2507=EDGE_CURVE('',#1947,#1945,#1192,.T.);
#2508=EDGE_CURVE('',#1947,#1948,#1193,.T.);
#2509=EDGE_CURVE('',#1948,#1946,#1194,.T.);
#2510=EDGE_CURVE('',#1949,#1947,#1195,.T.);
#2511=EDGE_CURVE('',#1949,#1950,#1196,.T.);
#2512=EDGE_CURVE('',#1950,#1948,#1197,.T.);
#2513=EDGE_CURVE('',#1951,#1949,#1198,.T.);
#2514=EDGE_CURVE('',#1951,#1952,#1199,.T.);
#2515=EDGE_CURVE('',#1952,#1950,#1200,.T.);
#2516=EDGE_CURVE('',#1953,#1951,#362,.T.);
#2517=EDGE_CURVE('',#1953,#1954,#1201,.T.);
#2518=EDGE_CURVE('',#1954,#1952,#363,.T.);
#2519=EDGE_CURVE('',#1955,#1953,#364,.T.);
#2520=EDGE_CURVE('',#1955,#1956,#1202,.T.);
#2521=EDGE_CURVE('',#1956,#1954,#365,.T.);
#2522=EDGE_CURVE('',#1957,#1955,#366,.T.);
#2523=EDGE_CURVE('',#1957,#1958,#1203,.T.);
#2524=EDGE_CURVE('',#1958,#1956,#367,.T.);
#2525=EDGE_CURVE('',#1959,#1957,#368,.T.);
#2526=EDGE_CURVE('',#1959,#1960,#1204,.T.);
#2527=EDGE_CURVE('',#1960,#1958,#369,.T.);
#2528=EDGE_CURVE('',#1961,#1959,#370,.T.);
#2529=EDGE_CURVE('',#1961,#1962,#1205,.T.);
#2530=EDGE_CURVE('',#1962,#1960,#371,.T.);
#2531=EDGE_CURVE('',#1963,#1961,#372,.T.);
#2532=EDGE_CURVE('',#1963,#1964,#1206,.T.);
#2533=EDGE_CURVE('',#1964,#1962,#373,.T.);
#2534=EDGE_CURVE('',#1965,#1963,#374,.T.);
#2535=EDGE_CURVE('',#1965,#1966,#1207,.T.);
#2536=EDGE_CURVE('',#1966,#1964,#375,.T.);
#2537=EDGE_CURVE('',#1967,#1965,#1208,.T.);
#2538=EDGE_CURVE('',#1967,#1968,#1209,.T.);
#2539=EDGE_CURVE('',#1968,#1966,#1210,.T.);
#2540=EDGE_CURVE('',#1969,#1967,#1211,.T.);
#2541=EDGE_CURVE('',#1969,#1970,#1212,.T.);
#2542=EDGE_CURVE('',#1970,#1968,#1213,.T.);
#2543=EDGE_CURVE('',#1934,#1969,#1214,.T.);
#2544=EDGE_CURVE('',#1936,#1970,#1215,.T.);
#2545=EDGE_CURVE('',#1971,#1972,#83,.T.);
#2546=EDGE_CURVE('',#1973,#1971,#1216,.T.);
#2547=EDGE_CURVE('',#1974,#1973,#84,.T.);
#2548=EDGE_CURVE('',#1974,#1975,#1217,.T.);
#2549=EDGE_CURVE('',#1975,#1976,#85,.T.);
#2550=EDGE_CURVE('',#1976,#1977,#1218,.T.);
#2551=EDGE_CURVE('',#1977,#1978,#86,.T.);
#2552=EDGE_CURVE('',#1978,#1972,#1219,.T.);
#2553=EDGE_CURVE('',#1979,#1979,#87,.T.);
#2554=EDGE_CURVE('',#1980,#1981,#88,.T.);
#2555=EDGE_CURVE('',#1980,#1982,#1220,.T.);
#2556=EDGE_CURVE('',#1982,#1983,#89,.T.);
#2557=EDGE_CURVE('',#1981,#1983,#1221,.T.);
#2558=EDGE_CURVE('',#1984,#1980,#90,.T.);
#2559=EDGE_CURVE('',#1984,#1985,#1222,.T.);
#2560=EDGE_CURVE('',#1985,#1982,#91,.T.);
#2561=EDGE_CURVE('',#1986,#1984,#92,.T.);
#2562=EDGE_CURVE('',#1986,#1987,#1223,.T.);
#2563=EDGE_CURVE('',#1987,#1985,#93,.T.);
#2564=EDGE_CURVE('',#1988,#1986,#94,.T.);
#2565=EDGE_CURVE('',#1988,#1989,#1224,.T.);
#2566=EDGE_CURVE('',#1989,#1987,#95,.T.);
#2567=EDGE_CURVE('',#1990,#1988,#96,.T.);
#2568=EDGE_CURVE('',#1990,#1991,#1225,.T.);
#2569=EDGE_CURVE('',#1991,#1989,#97,.T.);
#2570=EDGE_CURVE('',#1992,#1990,#98,.T.);
#2571=EDGE_CURVE('',#1992,#1993,#1226,.T.);
#2572=EDGE_CURVE('',#1993,#1991,#99,.T.);
#2573=EDGE_CURVE('',#1994,#1992,#100,.T.);
#2574=EDGE_CURVE('',#1994,#1995,#1227,.T.);
#2575=EDGE_CURVE('',#1995,#1993,#101,.T.);
#2576=EDGE_CURVE('',#1996,#1994,#102,.T.);
#2577=EDGE_CURVE('',#1996,#1997,#1228,.T.);
#2578=EDGE_CURVE('',#1997,#1995,#103,.T.);
#2579=EDGE_CURVE('',#1998,#1996,#104,.T.);
#2580=EDGE_CURVE('',#1998,#1999,#1229,.T.);
#2581=EDGE_CURVE('',#1999,#1997,#105,.T.);
#2582=EDGE_CURVE('',#2000,#1998,#106,.T.);
#2583=EDGE_CURVE('',#2000,#2001,#1230,.T.);
#2584=EDGE_CURVE('',#2001,#1999,#107,.T.);
#2585=EDGE_CURVE('',#2002,#2000,#108,.T.);
#2586=EDGE_CURVE('',#2002,#2003,#1231,.T.);
#2587=EDGE_CURVE('',#2003,#2001,#109,.T.);
#2588=EDGE_CURVE('',#2004,#2002,#110,.T.);
#2589=EDGE_CURVE('',#2004,#2005,#1232,.T.);
#2590=EDGE_CURVE('',#2005,#2003,#111,.T.);
#2591=EDGE_CURVE('',#2006,#2004,#112,.T.);
#2592=EDGE_CURVE('',#2006,#2007,#1233,.T.);
#2593=EDGE_CURVE('',#2007,#2005,#113,.T.);
#2594=EDGE_CURVE('',#2008,#2006,#114,.T.);
#2595=EDGE_CURVE('',#2008,#2009,#1234,.T.);
#2596=EDGE_CURVE('',#2009,#2007,#115,.T.);
#2597=EDGE_CURVE('',#2010,#2008,#116,.T.);
#2598=EDGE_CURVE('',#2010,#2011,#1235,.T.);
#2599=EDGE_CURVE('',#2011,#2009,#117,.T.);
#2600=EDGE_CURVE('',#2012,#2010,#118,.T.);
#2601=EDGE_CURVE('',#2012,#2013,#1236,.T.);
#2602=EDGE_CURVE('',#2013,#2011,#119,.T.);
#2603=EDGE_CURVE('',#2014,#2012,#120,.T.);
#2604=EDGE_CURVE('',#2014,#2015,#1237,.T.);
#2605=EDGE_CURVE('',#2015,#2013,#121,.T.);
#2606=EDGE_CURVE('',#1981,#2014,#122,.T.);
#2607=EDGE_CURVE('',#1983,#2015,#123,.T.);
#2608=EDGE_CURVE('',#2016,#2017,#124,.T.);
#2609=EDGE_CURVE('',#2016,#2018,#1238,.T.);
#2610=EDGE_CURVE('',#2018,#2019,#125,.T.);
#2611=EDGE_CURVE('',#2017,#2019,#1239,.T.);
#2612=EDGE_CURVE('',#2017,#2016,#126,.T.);
#2613=EDGE_CURVE('',#2019,#2018,#127,.T.);
#2614=EDGE_CURVE('',#2020,#2021,#128,.T.);
#2615=EDGE_CURVE('',#2020,#2022,#1240,.T.);
#2616=EDGE_CURVE('',#2022,#2023,#129,.T.);
#2617=EDGE_CURVE('',#2021,#2023,#1241,.T.);
#2618=EDGE_CURVE('',#2024,#2020,#130,.T.);
#2619=EDGE_CURVE('',#2024,#2025,#1242,.T.);
#2620=EDGE_CURVE('',#2025,#2022,#131,.T.);
#2621=EDGE_CURVE('',#2026,#2024,#1243,.T.);
#2622=EDGE_CURVE('',#2026,#2027,#1244,.T.);
#2623=EDGE_CURVE('',#2027,#2025,#1245,.T.);
#2624=EDGE_CURVE('',#2021,#2026,#26,.T.);
#2625=EDGE_CURVE('',#2023,#2027,#27,.T.);
#2626=EDGE_CURVE('',#2028,#2029,#132,.T.);
#2627=EDGE_CURVE('',#2028,#2030,#1246,.T.);
#2628=EDGE_CURVE('',#2030,#2031,#133,.T.);
#2629=EDGE_CURVE('',#2029,#2031,#1247,.T.);
#2630=EDGE_CURVE('',#2029,#2028,#134,.T.);
#2631=EDGE_CURVE('',#2031,#2030,#135,.T.);
#2632=EDGE_CURVE('',#2032,#2033,#136,.T.);
#2633=EDGE_CURVE('',#2032,#2034,#1248,.T.);
#2634=EDGE_CURVE('',#2034,#2035,#137,.T.);
#2635=EDGE_CURVE('',#2033,#2035,#1249,.T.);
#2636=EDGE_CURVE('',#2036,#2032,#28,.T.);
#2637=EDGE_CURVE('',#2036,#2037,#1250,.T.);
#2638=EDGE_CURVE('',#2037,#2034,#29,.T.);
#2639=EDGE_CURVE('',#2038,#2036,#1251,.T.);
#2640=EDGE_CURVE('',#2038,#2039,#1252,.T.);
#2641=EDGE_CURVE('',#2039,#2037,#1253,.T.);
#2642=EDGE_CURVE('',#2033,#2038,#138,.T.);
#2643=EDGE_CURVE('',#2035,#2039,#139,.T.);
#2644=EDGE_CURVE('',#2040,#2041,#140,.T.);
#2645=EDGE_CURVE('',#2040,#2042,#1254,.T.);
#2646=EDGE_CURVE('',#2042,#2043,#141,.T.);
#2647=EDGE_CURVE('',#2041,#2043,#1255,.T.);
#2648=EDGE_CURVE('',#2044,#2040,#142,.T.);
#2649=EDGE_CURVE('',#2044,#2045,#1256,.T.);
#2650=EDGE_CURVE('',#2045,#2042,#143,.T.);
#2651=EDGE_CURVE('',#2046,#2044,#1257,.T.);
#2652=EDGE_CURVE('',#2046,#2047,#1258,.T.);
#2653=EDGE_CURVE('',#2047,#2045,#1259,.T.);
#2654=EDGE_CURVE('',#2048,#2046,#144,.T.);
#2655=EDGE_CURVE('',#2048,#2049,#1260,.T.);
#2656=EDGE_CURVE('',#2049,#2047,#145,.T.);
#2657=EDGE_CURVE('',#2050,#2048,#146,.T.);
#2658=EDGE_CURVE('',#2050,#2051,#1261,.T.);
#2659=EDGE_CURVE('',#2051,#2049,#147,.T.);
#2660=EDGE_CURVE('',#2052,#2050,#30,.T.);
#2661=EDGE_CURVE('',#2052,#2053,#1262,.T.);
#2662=EDGE_CURVE('',#2053,#2051,#31,.T.);
#2663=EDGE_CURVE('',#2054,#2052,#148,.T.);
#2664=EDGE_CURVE('',#2054,#2055,#1263,.T.);
#2665=EDGE_CURVE('',#2055,#2053,#149,.T.);
#2666=EDGE_CURVE('',#2056,#2054,#150,.T.);
#2667=EDGE_CURVE('',#2056,#2057,#1264,.T.);
#2668=EDGE_CURVE('',#2057,#2055,#151,.T.);
#2669=EDGE_CURVE('',#2058,#2056,#152,.T.);
#2670=EDGE_CURVE('',#2058,#2059,#1265,.T.);
#2671=EDGE_CURVE('',#2059,#2057,#153,.T.);
#2672=EDGE_CURVE('',#2060,#2058,#1266,.T.);
#2673=EDGE_CURVE('',#2060,#2061,#1267,.T.);
#2674=EDGE_CURVE('',#2061,#2059,#1268,.T.);
#2675=EDGE_CURVE('',#2062,#2060,#154,.T.);
#2676=EDGE_CURVE('',#2062,#2063,#1269,.T.);
#2677=EDGE_CURVE('',#2063,#2061,#155,.T.);
#2678=EDGE_CURVE('',#2064,#2062,#156,.T.);
#2679=EDGE_CURVE('',#2064,#2065,#1270,.T.);
#2680=EDGE_CURVE('',#2065,#2063,#157,.T.);
#2681=EDGE_CURVE('',#2066,#2064,#158,.T.);
#2682=EDGE_CURVE('',#2066,#2067,#1271,.T.);
#2683=EDGE_CURVE('',#2067,#2065,#159,.T.);
#2684=EDGE_CURVE('',#2041,#2066,#32,.T.);
#2685=EDGE_CURVE('',#2043,#2067,#33,.T.);
#2686=EDGE_CURVE('',#2068,#2069,#160,.T.);
#2687=EDGE_CURVE('',#2070,#2068,#1272,.T.);
#2688=EDGE_CURVE('',#2071,#2070,#161,.T.);
#2689=EDGE_CURVE('',#2072,#2071,#1273,.T.);
#2690=EDGE_CURVE('',#2073,#2072,#1274,.T.);
#2691=EDGE_CURVE('',#2073,#2074,#1275,.T.);
#2692=EDGE_CURVE('',#2075,#2074,#162,.T.);
#2693=EDGE_CURVE('',#2075,#2076,#1276,.T.);
#2694=EDGE_CURVE('',#2076,#2077,#1277,.T.);
#2695=EDGE_CURVE('',#2078,#2077,#1278,.T.);
#2696=EDGE_CURVE('',#2079,#2078,#1279,.T.);
#2697=EDGE_CURVE('',#2079,#2080,#1280,.T.);
#2698=EDGE_CURVE('',#2081,#2080,#163,.T.);
#2699=EDGE_CURVE('',#2081,#2082,#1281,.T.);
#2700=EDGE_CURVE('',#2083,#2082,#1282,.T.);
#2701=EDGE_CURVE('',#2069,#2083,#1283,.T.);
#2702=EDGE_CURVE('',#2084,#2084,#164,.T.);
#2703=EDGE_CURVE('',#2085,#2086,#34,.T.);
#2704=EDGE_CURVE('',#2086,#2087,#165,.T.);
#2705=EDGE_CURVE('',#2087,#1971,#1284,.T.);
#2706=EDGE_CURVE('',#1972,#2085,#35,.T.);
#2707=EDGE_CURVE('',#2088,#1973,#1285,.T.);
#2708=EDGE_CURVE('',#2087,#2088,#1286,.T.);
#2709=EDGE_CURVE('',#2089,#1974,#36,.T.);
#2710=EDGE_CURVE('',#2088,#2090,#166,.T.);
#2711=EDGE_CURVE('',#2090,#2089,#37,.T.);
#2712=EDGE_CURVE('',#2091,#2089,#1287,.T.);
#2713=EDGE_CURVE('',#2091,#2082,#1288,.T.);
#2714=EDGE_CURVE('',#2081,#1975,#1289,.T.);
#2715=EDGE_CURVE('',#2090,#2092,#1290,.T.);
#2716=EDGE_CURVE('',#2092,#2091,#1291,.T.);
#2717=EDGE_CURVE('',#1979,#2093,#1292,.T.);
#2718=EDGE_CURVE('',#2093,#2093,#167,.T.);
#2719=EDGE_CURVE('',#2093,#2084,#1293,.T.);
#2720=EDGE_CURVE('',#2094,#2076,#1294,.T.);
#2721=EDGE_CURVE('',#2094,#2095,#1295,.T.);
#2722=EDGE_CURVE('',#2077,#2095,#1296,.T.);
#2723=EDGE_CURVE('',#2079,#2096,#1297,.T.);
#2724=EDGE_CURVE('',#2097,#2078,#1298,.T.);
#2725=EDGE_CURVE('',#2096,#2097,#1299,.T.);
#2726=EDGE_CURVE('',#2096,#2094,#1300,.T.);
#2727=EDGE_CURVE('',#2095,#2097,#1301,.T.);
#2728=EDGE_CURVE('',#2075,#1977,#1302,.T.);
#2729=EDGE_CURVE('',#2080,#1976,#1303,.T.);
#2730=EDGE_CURVE('',#2085,#2098,#1304,.T.);
#2731=EDGE_CURVE('',#2098,#2099,#1305,.T.);
#2732=EDGE_CURVE('',#2099,#2086,#1306,.T.);
#2733=EDGE_CURVE('',#2099,#2100,#1307,.T.);
#2734=EDGE_CURVE('',#2100,#2101,#1308,.T.);
#2735=EDGE_CURVE('',#2101,#2086,#168,.T.);
#2736=EDGE_CURVE('',#2102,#2092,#1309,.T.);
#2737=EDGE_CURVE('',#2083,#2102,#1310,.T.);
#2738=EDGE_CURVE('',#2103,#2102,#1311,.T.);
#2739=EDGE_CURVE('',#2069,#2103,#1312,.T.);
#2740=EDGE_CURVE('',#2071,#2101,#1313,.T.);
#2741=EDGE_CURVE('',#2072,#2100,#1314,.T.);
#2742=EDGE_CURVE('',#2073,#2098,#1315,.T.);
#2743=EDGE_CURVE('',#2090,#2103,#169,.T.);
#2744=EDGE_CURVE('',#2068,#2088,#1316,.T.);
#2745=EDGE_CURVE('',#2070,#2087,#1317,.T.);
#2746=EDGE_CURVE('',#2074,#1978,#1318,.T.);
#2747=ORIENTED_EDGE('',*,*,#2104,.F.);
#2748=ORIENTED_EDGE('',*,*,#2105,.T.);
#2749=ORIENTED_EDGE('',*,*,#2106,.T.);
#2750=ORIENTED_EDGE('',*,*,#2107,.F.);
#2751=ORIENTED_EDGE('',*,*,#2108,.F.);
#2752=ORIENTED_EDGE('',*,*,#2109,.T.);
#2753=ORIENTED_EDGE('',*,*,#2110,.T.);
#2754=ORIENTED_EDGE('',*,*,#2105,.F.);
#2755=ORIENTED_EDGE('',*,*,#2111,.F.);
#2756=ORIENTED_EDGE('',*,*,#2112,.T.);
#2757=ORIENTED_EDGE('',*,*,#2113,.T.);
#2758=ORIENTED_EDGE('',*,*,#2109,.F.);
#2759=ORIENTED_EDGE('',*,*,#2114,.F.);
#2760=ORIENTED_EDGE('',*,*,#2115,.T.);
#2761=ORIENTED_EDGE('',*,*,#2116,.T.);
#2762=ORIENTED_EDGE('',*,*,#2112,.F.);
#2763=ORIENTED_EDGE('',*,*,#2117,.F.);
#2764=ORIENTED_EDGE('',*,*,#2118,.T.);
#2765=ORIENTED_EDGE('',*,*,#2119,.T.);
#2766=ORIENTED_EDGE('',*,*,#2115,.F.);
#2767=ORIENTED_EDGE('',*,*,#2120,.F.);
#2768=ORIENTED_EDGE('',*,*,#2121,.T.);
#2769=ORIENTED_EDGE('',*,*,#2122,.T.);
#2770=ORIENTED_EDGE('',*,*,#2118,.F.);
#2771=ORIENTED_EDGE('',*,*,#2123,.F.);
#2772=ORIENTED_EDGE('',*,*,#2124,.T.);
#2773=ORIENTED_EDGE('',*,*,#2125,.T.);
#2774=ORIENTED_EDGE('',*,*,#2121,.F.);
#2775=ORIENTED_EDGE('',*,*,#2126,.F.);
#2776=ORIENTED_EDGE('',*,*,#2107,.T.);
#2777=ORIENTED_EDGE('',*,*,#2127,.T.);
#2778=ORIENTED_EDGE('',*,*,#2124,.F.);
#2779=ORIENTED_EDGE('',*,*,#2127,.F.);
#2780=ORIENTED_EDGE('',*,*,#2106,.F.);
#2781=ORIENTED_EDGE('',*,*,#2110,.F.);
#2782=ORIENTED_EDGE('',*,*,#2113,.F.);
#2783=ORIENTED_EDGE('',*,*,#2116,.F.);
#2784=ORIENTED_EDGE('',*,*,#2119,.F.);
#2785=ORIENTED_EDGE('',*,*,#2122,.F.);
#2786=ORIENTED_EDGE('',*,*,#2125,.F.);
#2787=ORIENTED_EDGE('',*,*,#2128,.F.);
#2788=ORIENTED_EDGE('',*,*,#2129,.T.);
#2789=ORIENTED_EDGE('',*,*,#2130,.T.);
#2790=ORIENTED_EDGE('',*,*,#2131,.F.);
#2791=ORIENTED_EDGE('',*,*,#2132,.F.);
#2792=ORIENTED_EDGE('',*,*,#2133,.T.);
#2793=ORIENTED_EDGE('',*,*,#2134,.T.);
#2794=ORIENTED_EDGE('',*,*,#2129,.F.);
#2795=ORIENTED_EDGE('',*,*,#2135,.F.);
#2796=ORIENTED_EDGE('',*,*,#2136,.T.);
#2797=ORIENTED_EDGE('',*,*,#2137,.T.);
#2798=ORIENTED_EDGE('',*,*,#2133,.F.);
#2799=ORIENTED_EDGE('',*,*,#2138,.F.);
#2800=ORIENTED_EDGE('',*,*,#2139,.T.);
#2801=ORIENTED_EDGE('',*,*,#2140,.T.);
#2802=ORIENTED_EDGE('',*,*,#2136,.F.);
#2803=ORIENTED_EDGE('',*,*,#2141,.F.);
#2804=ORIENTED_EDGE('',*,*,#2142,.T.);
#2805=ORIENTED_EDGE('',*,*,#2143,.T.);
#2806=ORIENTED_EDGE('',*,*,#2139,.F.);
#2807=ORIENTED_EDGE('',*,*,#2144,.F.);
#2808=ORIENTED_EDGE('',*,*,#2145,.T.);
#2809=ORIENTED_EDGE('',*,*,#2146,.T.);
#2810=ORIENTED_EDGE('',*,*,#2142,.F.);
#2811=ORIENTED_EDGE('',*,*,#2147,.F.);
#2812=ORIENTED_EDGE('',*,*,#2148,.T.);
#2813=ORIENTED_EDGE('',*,*,#2149,.T.);
#2814=ORIENTED_EDGE('',*,*,#2145,.F.);
#2815=ORIENTED_EDGE('',*,*,#2150,.F.);
#2816=ORIENTED_EDGE('',*,*,#2151,.T.);
#2817=ORIENTED_EDGE('',*,*,#2152,.T.);
#2818=ORIENTED_EDGE('',*,*,#2148,.F.);
#2819=ORIENTED_EDGE('',*,*,#2153,.F.);
#2820=ORIENTED_EDGE('',*,*,#2131,.T.);
#2821=ORIENTED_EDGE('',*,*,#2154,.T.);
#2822=ORIENTED_EDGE('',*,*,#2151,.F.);
#2823=ORIENTED_EDGE('',*,*,#2155,.F.);
#2824=ORIENTED_EDGE('',*,*,#2156,.T.);
#2825=ORIENTED_EDGE('',*,*,#2157,.T.);
#2826=ORIENTED_EDGE('',*,*,#2158,.F.);
#2827=ORIENTED_EDGE('',*,*,#2159,.F.);
#2828=ORIENTED_EDGE('',*,*,#2160,.T.);
#2829=ORIENTED_EDGE('',*,*,#2161,.T.);
#2830=ORIENTED_EDGE('',*,*,#2156,.F.);
#2831=ORIENTED_EDGE('',*,*,#2162,.F.);
#2832=ORIENTED_EDGE('',*,*,#2163,.T.);
#2833=ORIENTED_EDGE('',*,*,#2164,.T.);
#2834=ORIENTED_EDGE('',*,*,#2160,.F.);
#2835=ORIENTED_EDGE('',*,*,#2165,.F.);
#2836=ORIENTED_EDGE('',*,*,#2166,.T.);
#2837=ORIENTED_EDGE('',*,*,#2167,.T.);
#2838=ORIENTED_EDGE('',*,*,#2163,.F.);
#2839=ORIENTED_EDGE('',*,*,#2168,.F.);
#2840=ORIENTED_EDGE('',*,*,#2169,.T.);
#2841=ORIENTED_EDGE('',*,*,#2170,.T.);
#2842=ORIENTED_EDGE('',*,*,#2166,.F.);
#2843=ORIENTED_EDGE('',*,*,#2171,.F.);
#2844=ORIENTED_EDGE('',*,*,#2172,.T.);
#2845=ORIENTED_EDGE('',*,*,#2173,.T.);
#2846=ORIENTED_EDGE('',*,*,#2169,.F.);
#2847=ORIENTED_EDGE('',*,*,#2174,.F.);
#2848=ORIENTED_EDGE('',*,*,#2175,.T.);
#2849=ORIENTED_EDGE('',*,*,#2176,.T.);
#2850=ORIENTED_EDGE('',*,*,#2172,.F.);
#2851=ORIENTED_EDGE('',*,*,#2177,.F.);
#2852=ORIENTED_EDGE('',*,*,#2178,.T.);
#2853=ORIENTED_EDGE('',*,*,#2179,.T.);
#2854=ORIENTED_EDGE('',*,*,#2175,.F.);
#2855=ORIENTED_EDGE('',*,*,#2180,.F.);
#2856=ORIENTED_EDGE('',*,*,#2181,.T.);
#2857=ORIENTED_EDGE('',*,*,#2182,.T.);
#2858=ORIENTED_EDGE('',*,*,#2178,.F.);
#2859=ORIENTED_EDGE('',*,*,#2183,.F.);
#2860=ORIENTED_EDGE('',*,*,#2158,.T.);
#2861=ORIENTED_EDGE('',*,*,#2184,.T.);
#2862=ORIENTED_EDGE('',*,*,#2181,.F.);
#2863=ORIENTED_EDGE('',*,*,#2185,.F.);
#2864=ORIENTED_EDGE('',*,*,#2186,.T.);
#2865=ORIENTED_EDGE('',*,*,#2187,.T.);
#2866=ORIENTED_EDGE('',*,*,#2188,.F.);
#2867=ORIENTED_EDGE('',*,*,#2189,.F.);
#2868=ORIENTED_EDGE('',*,*,#2190,.T.);
#2869=ORIENTED_EDGE('',*,*,#2191,.T.);
#2870=ORIENTED_EDGE('',*,*,#2186,.F.);
#2871=ORIENTED_EDGE('',*,*,#2192,.F.);
#2872=ORIENTED_EDGE('',*,*,#2193,.T.);
#2873=ORIENTED_EDGE('',*,*,#2194,.T.);
#2874=ORIENTED_EDGE('',*,*,#2190,.F.);
#2875=ORIENTED_EDGE('',*,*,#2195,.F.);
#2876=ORIENTED_EDGE('',*,*,#2196,.T.);
#2877=ORIENTED_EDGE('',*,*,#2197,.T.);
#2878=ORIENTED_EDGE('',*,*,#2193,.F.);
#2879=ORIENTED_EDGE('',*,*,#2198,.F.);
#2880=ORIENTED_EDGE('',*,*,#2199,.T.);
#2881=ORIENTED_EDGE('',*,*,#2200,.T.);
#2882=ORIENTED_EDGE('',*,*,#2196,.F.);
#2883=ORIENTED_EDGE('',*,*,#2201,.F.);
#2884=ORIENTED_EDGE('',*,*,#2202,.T.);
#2885=ORIENTED_EDGE('',*,*,#2203,.T.);
#2886=ORIENTED_EDGE('',*,*,#2199,.F.);
#2887=ORIENTED_EDGE('',*,*,#2204,.F.);
#2888=ORIENTED_EDGE('',*,*,#2205,.T.);
#2889=ORIENTED_EDGE('',*,*,#2206,.T.);
#2890=ORIENTED_EDGE('',*,*,#2202,.F.);
#2891=ORIENTED_EDGE('',*,*,#2207,.F.);
#2892=ORIENTED_EDGE('',*,*,#2208,.T.);
#2893=ORIENTED_EDGE('',*,*,#2209,.T.);
#2894=ORIENTED_EDGE('',*,*,#2205,.F.);
#2895=ORIENTED_EDGE('',*,*,#2210,.F.);
#2896=ORIENTED_EDGE('',*,*,#2211,.T.);
#2897=ORIENTED_EDGE('',*,*,#2212,.T.);
#2898=ORIENTED_EDGE('',*,*,#2208,.F.);
#2899=ORIENTED_EDGE('',*,*,#2213,.F.);
#2900=ORIENTED_EDGE('',*,*,#2214,.T.);
#2901=ORIENTED_EDGE('',*,*,#2215,.T.);
#2902=ORIENTED_EDGE('',*,*,#2211,.F.);
#2903=ORIENTED_EDGE('',*,*,#2216,.F.);
#2904=ORIENTED_EDGE('',*,*,#2217,.T.);
#2905=ORIENTED_EDGE('',*,*,#2218,.T.);
#2906=ORIENTED_EDGE('',*,*,#2214,.F.);
#2907=ORIENTED_EDGE('',*,*,#2219,.F.);
#2908=ORIENTED_EDGE('',*,*,#2220,.T.);
#2909=ORIENTED_EDGE('',*,*,#2221,.T.);
#2910=ORIENTED_EDGE('',*,*,#2217,.F.);
#2911=ORIENTED_EDGE('',*,*,#2222,.F.);
#2912=ORIENTED_EDGE('',*,*,#2223,.T.);
#2913=ORIENTED_EDGE('',*,*,#2224,.T.);
#2914=ORIENTED_EDGE('',*,*,#2220,.F.);
#2915=ORIENTED_EDGE('',*,*,#2225,.F.);
#2916=ORIENTED_EDGE('',*,*,#2188,.T.);
#2917=ORIENTED_EDGE('',*,*,#2226,.T.);
#2918=ORIENTED_EDGE('',*,*,#2223,.F.);
#2919=ORIENTED_EDGE('',*,*,#2226,.F.);
#2920=ORIENTED_EDGE('',*,*,#2187,.F.);
#2921=ORIENTED_EDGE('',*,*,#2191,.F.);
#2922=ORIENTED_EDGE('',*,*,#2194,.F.);
#2923=ORIENTED_EDGE('',*,*,#2197,.F.);
#2924=ORIENTED_EDGE('',*,*,#2200,.F.);
#2925=ORIENTED_EDGE('',*,*,#2203,.F.);
#2926=ORIENTED_EDGE('',*,*,#2206,.F.);
#2927=ORIENTED_EDGE('',*,*,#2209,.F.);
#2928=ORIENTED_EDGE('',*,*,#2212,.F.);
#2929=ORIENTED_EDGE('',*,*,#2215,.F.);
#2930=ORIENTED_EDGE('',*,*,#2218,.F.);
#2931=ORIENTED_EDGE('',*,*,#2221,.F.);
#2932=ORIENTED_EDGE('',*,*,#2224,.F.);
#2933=ORIENTED_EDGE('',*,*,#2184,.F.);
#2934=ORIENTED_EDGE('',*,*,#2157,.F.);
#2935=ORIENTED_EDGE('',*,*,#2161,.F.);
#2936=ORIENTED_EDGE('',*,*,#2164,.F.);
#2937=ORIENTED_EDGE('',*,*,#2167,.F.);
#2938=ORIENTED_EDGE('',*,*,#2170,.F.);
#2939=ORIENTED_EDGE('',*,*,#2173,.F.);
#2940=ORIENTED_EDGE('',*,*,#2176,.F.);
#2941=ORIENTED_EDGE('',*,*,#2179,.F.);
#2942=ORIENTED_EDGE('',*,*,#2182,.F.);
#2943=ORIENTED_EDGE('',*,*,#2154,.F.);
#2944=ORIENTED_EDGE('',*,*,#2130,.F.);
#2945=ORIENTED_EDGE('',*,*,#2134,.F.);
#2946=ORIENTED_EDGE('',*,*,#2137,.F.);
#2947=ORIENTED_EDGE('',*,*,#2140,.F.);
#2948=ORIENTED_EDGE('',*,*,#2143,.F.);
#2949=ORIENTED_EDGE('',*,*,#2146,.F.);
#2950=ORIENTED_EDGE('',*,*,#2149,.F.);
#2951=ORIENTED_EDGE('',*,*,#2152,.F.);
#2952=ORIENTED_EDGE('',*,*,#2227,.F.);
#2953=ORIENTED_EDGE('',*,*,#2228,.T.);
#2954=ORIENTED_EDGE('',*,*,#2229,.T.);
#2955=ORIENTED_EDGE('',*,*,#2230,.F.);
#2956=ORIENTED_EDGE('',*,*,#2231,.F.);
#2957=ORIENTED_EDGE('',*,*,#2232,.T.);
#2958=ORIENTED_EDGE('',*,*,#2233,.T.);
#2959=ORIENTED_EDGE('',*,*,#2228,.F.);
#2960=ORIENTED_EDGE('',*,*,#2234,.F.);
#2961=ORIENTED_EDGE('',*,*,#2235,.T.);
#2962=ORIENTED_EDGE('',*,*,#2236,.T.);
#2963=ORIENTED_EDGE('',*,*,#2232,.F.);
#2964=ORIENTED_EDGE('',*,*,#2237,.F.);
#2965=ORIENTED_EDGE('',*,*,#2238,.T.);
#2966=ORIENTED_EDGE('',*,*,#2239,.T.);
#2967=ORIENTED_EDGE('',*,*,#2235,.F.);
#2968=ORIENTED_EDGE('',*,*,#2240,.F.);
#2969=ORIENTED_EDGE('',*,*,#2241,.T.);
#2970=ORIENTED_EDGE('',*,*,#2242,.T.);
#2971=ORIENTED_EDGE('',*,*,#2238,.F.);
#2972=ORIENTED_EDGE('',*,*,#2243,.F.);
#2973=ORIENTED_EDGE('',*,*,#2244,.T.);
#2974=ORIENTED_EDGE('',*,*,#2245,.T.);
#2975=ORIENTED_EDGE('',*,*,#2241,.F.);
#2976=ORIENTED_EDGE('',*,*,#2246,.F.);
#2977=ORIENTED_EDGE('',*,*,#2247,.T.);
#2978=ORIENTED_EDGE('',*,*,#2248,.T.);
#2979=ORIENTED_EDGE('',*,*,#2244,.F.);
#2980=ORIENTED_EDGE('',*,*,#2249,.F.);
#2981=ORIENTED_EDGE('',*,*,#2250,.T.);
#2982=ORIENTED_EDGE('',*,*,#2251,.T.);
#2983=ORIENTED_EDGE('',*,*,#2247,.F.);
#2984=ORIENTED_EDGE('',*,*,#2252,.F.);
#2985=ORIENTED_EDGE('',*,*,#2230,.T.);
#2986=ORIENTED_EDGE('',*,*,#2253,.T.);
#2987=ORIENTED_EDGE('',*,*,#2250,.F.);
#2988=ORIENTED_EDGE('',*,*,#2254,.F.);
#2989=ORIENTED_EDGE('',*,*,#2255,.T.);
#2990=ORIENTED_EDGE('',*,*,#2256,.T.);
#2991=ORIENTED_EDGE('',*,*,#2257,.F.);
#2992=ORIENTED_EDGE('',*,*,#2258,.F.);
#2993=ORIENTED_EDGE('',*,*,#2259,.T.);
#2994=ORIENTED_EDGE('',*,*,#2260,.T.);
#2995=ORIENTED_EDGE('',*,*,#2255,.F.);
#2996=ORIENTED_EDGE('',*,*,#2261,.F.);
#2997=ORIENTED_EDGE('',*,*,#2262,.T.);
#2998=ORIENTED_EDGE('',*,*,#2263,.T.);
#2999=ORIENTED_EDGE('',*,*,#2259,.F.);
#3000=ORIENTED_EDGE('',*,*,#2264,.F.);
#3001=ORIENTED_EDGE('',*,*,#2265,.T.);
#3002=ORIENTED_EDGE('',*,*,#2266,.T.);
#3003=ORIENTED_EDGE('',*,*,#2262,.F.);
#3004=ORIENTED_EDGE('',*,*,#2267,.F.);
#3005=ORIENTED_EDGE('',*,*,#2268,.T.);
#3006=ORIENTED_EDGE('',*,*,#2269,.T.);
#3007=ORIENTED_EDGE('',*,*,#2265,.F.);
#3008=ORIENTED_EDGE('',*,*,#2270,.F.);
#3009=ORIENTED_EDGE('',*,*,#2271,.T.);
#3010=ORIENTED_EDGE('',*,*,#2272,.T.);
#3011=ORIENTED_EDGE('',*,*,#2268,.F.);
#3012=ORIENTED_EDGE('',*,*,#2273,.F.);
#3013=ORIENTED_EDGE('',*,*,#2274,.T.);
#3014=ORIENTED_EDGE('',*,*,#2275,.T.);
#3015=ORIENTED_EDGE('',*,*,#2271,.F.);
#3016=ORIENTED_EDGE('',*,*,#2276,.F.);
#3017=ORIENTED_EDGE('',*,*,#2277,.T.);
#3018=ORIENTED_EDGE('',*,*,#2278,.T.);
#3019=ORIENTED_EDGE('',*,*,#2274,.F.);
#3020=ORIENTED_EDGE('',*,*,#2279,.F.);
#3021=ORIENTED_EDGE('',*,*,#2280,.T.);
#3022=ORIENTED_EDGE('',*,*,#2281,.T.);
#3023=ORIENTED_EDGE('',*,*,#2277,.F.);
#3024=ORIENTED_EDGE('',*,*,#2282,.F.);
#3025=ORIENTED_EDGE('',*,*,#2283,.T.);
#3026=ORIENTED_EDGE('',*,*,#2284,.T.);
#3027=ORIENTED_EDGE('',*,*,#2280,.F.);
#3028=ORIENTED_EDGE('',*,*,#2285,.F.);
#3029=ORIENTED_EDGE('',*,*,#2257,.T.);
#3030=ORIENTED_EDGE('',*,*,#2286,.T.);
#3031=ORIENTED_EDGE('',*,*,#2283,.F.);
#3032=ORIENTED_EDGE('',*,*,#2286,.F.);
#3033=ORIENTED_EDGE('',*,*,#2256,.F.);
#3034=ORIENTED_EDGE('',*,*,#2260,.F.);
#3035=ORIENTED_EDGE('',*,*,#2263,.F.);
#3036=ORIENTED_EDGE('',*,*,#2266,.F.);
#3037=ORIENTED_EDGE('',*,*,#2269,.F.);
#3038=ORIENTED_EDGE('',*,*,#2272,.F.);
#3039=ORIENTED_EDGE('',*,*,#2275,.F.);
#3040=ORIENTED_EDGE('',*,*,#2278,.F.);
#3041=ORIENTED_EDGE('',*,*,#2281,.F.);
#3042=ORIENTED_EDGE('',*,*,#2284,.F.);
#3043=ORIENTED_EDGE('',*,*,#2253,.F.);
#3044=ORIENTED_EDGE('',*,*,#2229,.F.);
#3045=ORIENTED_EDGE('',*,*,#2233,.F.);
#3046=ORIENTED_EDGE('',*,*,#2236,.F.);
#3047=ORIENTED_EDGE('',*,*,#2239,.F.);
#3048=ORIENTED_EDGE('',*,*,#2242,.F.);
#3049=ORIENTED_EDGE('',*,*,#2245,.F.);
#3050=ORIENTED_EDGE('',*,*,#2248,.F.);
#3051=ORIENTED_EDGE('',*,*,#2251,.F.);
#3052=ORIENTED_EDGE('',*,*,#2287,.F.);
#3053=ORIENTED_EDGE('',*,*,#2288,.T.);
#3054=ORIENTED_EDGE('',*,*,#2289,.T.);
#3055=ORIENTED_EDGE('',*,*,#2290,.F.);
#3056=ORIENTED_EDGE('',*,*,#2291,.F.);
#3057=ORIENTED_EDGE('',*,*,#2292,.T.);
#3058=ORIENTED_EDGE('',*,*,#2293,.T.);
#3059=ORIENTED_EDGE('',*,*,#2288,.F.);
#3060=ORIENTED_EDGE('',*,*,#2294,.F.);
#3061=ORIENTED_EDGE('',*,*,#2295,.T.);
#3062=ORIENTED_EDGE('',*,*,#2296,.T.);
#3063=ORIENTED_EDGE('',*,*,#2292,.F.);
#3064=ORIENTED_EDGE('',*,*,#2297,.F.);
#3065=ORIENTED_EDGE('',*,*,#2298,.T.);
#3066=ORIENTED_EDGE('',*,*,#2299,.T.);
#3067=ORIENTED_EDGE('',*,*,#2295,.F.);
#3068=ORIENTED_EDGE('',*,*,#2300,.F.);
#3069=ORIENTED_EDGE('',*,*,#2301,.T.);
#3070=ORIENTED_EDGE('',*,*,#2302,.T.);
#3071=ORIENTED_EDGE('',*,*,#2298,.F.);
#3072=ORIENTED_EDGE('',*,*,#2303,.F.);
#3073=ORIENTED_EDGE('',*,*,#2304,.T.);
#3074=ORIENTED_EDGE('',*,*,#2305,.T.);
#3075=ORIENTED_EDGE('',*,*,#2301,.F.);
#3076=ORIENTED_EDGE('',*,*,#2306,.F.);
#3077=ORIENTED_EDGE('',*,*,#2307,.T.);
#3078=ORIENTED_EDGE('',*,*,#2308,.T.);
#3079=ORIENTED_EDGE('',*,*,#2304,.F.);
#3080=ORIENTED_EDGE('',*,*,#2309,.F.);
#3081=ORIENTED_EDGE('',*,*,#2310,.T.);
#3082=ORIENTED_EDGE('',*,*,#2311,.T.);
#3083=ORIENTED_EDGE('',*,*,#2307,.F.);
#3084=ORIENTED_EDGE('',*,*,#2312,.F.);
#3085=ORIENTED_EDGE('',*,*,#2313,.T.);
#3086=ORIENTED_EDGE('',*,*,#2314,.T.);
#3087=ORIENTED_EDGE('',*,*,#2310,.F.);
#3088=ORIENTED_EDGE('',*,*,#2315,.F.);
#3089=ORIENTED_EDGE('',*,*,#2316,.T.);
#3090=ORIENTED_EDGE('',*,*,#2317,.T.);
#3091=ORIENTED_EDGE('',*,*,#2313,.F.);
#3092=ORIENTED_EDGE('',*,*,#2318,.F.);
#3093=ORIENTED_EDGE('',*,*,#2319,.T.);
#3094=ORIENTED_EDGE('',*,*,#2320,.T.);
#3095=ORIENTED_EDGE('',*,*,#2316,.F.);
#3096=ORIENTED_EDGE('',*,*,#2321,.F.);
#3097=ORIENTED_EDGE('',*,*,#2290,.T.);
#3098=ORIENTED_EDGE('',*,*,#2322,.T.);
#3099=ORIENTED_EDGE('',*,*,#2319,.F.);
#3100=ORIENTED_EDGE('',*,*,#2322,.F.);
#3101=ORIENTED_EDGE('',*,*,#2289,.F.);
#3102=ORIENTED_EDGE('',*,*,#2293,.F.);
#3103=ORIENTED_EDGE('',*,*,#2296,.F.);
#3104=ORIENTED_EDGE('',*,*,#2299,.F.);
#3105=ORIENTED_EDGE('',*,*,#2302,.F.);
#3106=ORIENTED_EDGE('',*,*,#2305,.F.);
#3107=ORIENTED_EDGE('',*,*,#2308,.F.);
#3108=ORIENTED_EDGE('',*,*,#2311,.F.);
#3109=ORIENTED_EDGE('',*,*,#2314,.F.);
#3110=ORIENTED_EDGE('',*,*,#2317,.F.);
#3111=ORIENTED_EDGE('',*,*,#2320,.F.);
#3112=ORIENTED_EDGE('',*,*,#2323,.F.);
#3113=ORIENTED_EDGE('',*,*,#2324,.T.);
#3114=ORIENTED_EDGE('',*,*,#2325,.T.);
#3115=ORIENTED_EDGE('',*,*,#2326,.F.);
#3116=ORIENTED_EDGE('',*,*,#2327,.F.);
#3117=ORIENTED_EDGE('',*,*,#2328,.T.);
#3118=ORIENTED_EDGE('',*,*,#2329,.T.);
#3119=ORIENTED_EDGE('',*,*,#2324,.F.);
#3120=ORIENTED_EDGE('',*,*,#2330,.F.);
#3121=ORIENTED_EDGE('',*,*,#2331,.T.);
#3122=ORIENTED_EDGE('',*,*,#2332,.T.);
#3123=ORIENTED_EDGE('',*,*,#2328,.F.);
#3124=ORIENTED_EDGE('',*,*,#2333,.F.);
#3125=ORIENTED_EDGE('',*,*,#2326,.T.);
#3126=ORIENTED_EDGE('',*,*,#2334,.T.);
#3127=ORIENTED_EDGE('',*,*,#2331,.F.);
#3128=ORIENTED_EDGE('',*,*,#2334,.F.);
#3129=ORIENTED_EDGE('',*,*,#2325,.F.);
#3130=ORIENTED_EDGE('',*,*,#2329,.F.);
#3131=ORIENTED_EDGE('',*,*,#2332,.F.);
#3132=ORIENTED_EDGE('',*,*,#2335,.F.);
#3133=ORIENTED_EDGE('',*,*,#2336,.T.);
#3134=ORIENTED_EDGE('',*,*,#2337,.T.);
#3135=ORIENTED_EDGE('',*,*,#2338,.F.);
#3136=ORIENTED_EDGE('',*,*,#2339,.F.);
#3137=ORIENTED_EDGE('',*,*,#2340,.T.);
#3138=ORIENTED_EDGE('',*,*,#2341,.T.);
#3139=ORIENTED_EDGE('',*,*,#2336,.F.);
#3140=ORIENTED_EDGE('',*,*,#2342,.F.);
#3141=ORIENTED_EDGE('',*,*,#2343,.T.);
#3142=ORIENTED_EDGE('',*,*,#2344,.T.);
#3143=ORIENTED_EDGE('',*,*,#2340,.F.);
#3144=ORIENTED_EDGE('',*,*,#2345,.F.);
#3145=ORIENTED_EDGE('',*,*,#2346,.T.);
#3146=ORIENTED_EDGE('',*,*,#2347,.T.);
#3147=ORIENTED_EDGE('',*,*,#2343,.F.);
#3148=ORIENTED_EDGE('',*,*,#2348,.F.);
#3149=ORIENTED_EDGE('',*,*,#2349,.T.);
#3150=ORIENTED_EDGE('',*,*,#2350,.T.);
#3151=ORIENTED_EDGE('',*,*,#2346,.F.);
#3152=ORIENTED_EDGE('',*,*,#2351,.F.);
#3153=ORIENTED_EDGE('',*,*,#2352,.T.);
#3154=ORIENTED_EDGE('',*,*,#2353,.T.);
#3155=ORIENTED_EDGE('',*,*,#2349,.F.);
#3156=ORIENTED_EDGE('',*,*,#2354,.F.);
#3157=ORIENTED_EDGE('',*,*,#2355,.T.);
#3158=ORIENTED_EDGE('',*,*,#2356,.T.);
#3159=ORIENTED_EDGE('',*,*,#2352,.F.);
#3160=ORIENTED_EDGE('',*,*,#2357,.F.);
#3161=ORIENTED_EDGE('',*,*,#2338,.T.);
#3162=ORIENTED_EDGE('',*,*,#2358,.T.);
#3163=ORIENTED_EDGE('',*,*,#2355,.F.);
#3164=ORIENTED_EDGE('',*,*,#2358,.F.);
#3165=ORIENTED_EDGE('',*,*,#2337,.F.);
#3166=ORIENTED_EDGE('',*,*,#2341,.F.);
#3167=ORIENTED_EDGE('',*,*,#2344,.F.);
#3168=ORIENTED_EDGE('',*,*,#2347,.F.);
#3169=ORIENTED_EDGE('',*,*,#2350,.F.);
#3170=ORIENTED_EDGE('',*,*,#2353,.F.);
#3171=ORIENTED_EDGE('',*,*,#2356,.F.);
#3172=ORIENTED_EDGE('',*,*,#2359,.F.);
#3173=ORIENTED_EDGE('',*,*,#2360,.T.);
#3174=ORIENTED_EDGE('',*,*,#2361,.T.);
#3175=ORIENTED_EDGE('',*,*,#2362,.F.);
#3176=ORIENTED_EDGE('',*,*,#2363,.F.);
#3177=ORIENTED_EDGE('',*,*,#2364,.T.);
#3178=ORIENTED_EDGE('',*,*,#2365,.T.);
#3179=ORIENTED_EDGE('',*,*,#2360,.F.);
#3180=ORIENTED_EDGE('',*,*,#2366,.F.);
#3181=ORIENTED_EDGE('',*,*,#2367,.T.);
#3182=ORIENTED_EDGE('',*,*,#2368,.T.);
#3183=ORIENTED_EDGE('',*,*,#2364,.F.);
#3184=ORIENTED_EDGE('',*,*,#2369,.F.);
#3185=ORIENTED_EDGE('',*,*,#2370,.T.);
#3186=ORIENTED_EDGE('',*,*,#2371,.T.);
#3187=ORIENTED_EDGE('',*,*,#2367,.F.);
#3188=ORIENTED_EDGE('',*,*,#2372,.F.);
#3189=ORIENTED_EDGE('',*,*,#2373,.T.);
#3190=ORIENTED_EDGE('',*,*,#2374,.T.);
#3191=ORIENTED_EDGE('',*,*,#2370,.F.);
#3192=ORIENTED_EDGE('',*,*,#2375,.F.);
#3193=ORIENTED_EDGE('',*,*,#2376,.T.);
#3194=ORIENTED_EDGE('',*,*,#2377,.T.);
#3195=ORIENTED_EDGE('',*,*,#2373,.F.);
#3196=ORIENTED_EDGE('',*,*,#2378,.F.);
#3197=ORIENTED_EDGE('',*,*,#2379,.T.);
#3198=ORIENTED_EDGE('',*,*,#2380,.T.);
#3199=ORIENTED_EDGE('',*,*,#2376,.F.);
#3200=ORIENTED_EDGE('',*,*,#2381,.F.);
#3201=ORIENTED_EDGE('',*,*,#2382,.T.);
#3202=ORIENTED_EDGE('',*,*,#2383,.T.);
#3203=ORIENTED_EDGE('',*,*,#2379,.F.);
#3204=ORIENTED_EDGE('',*,*,#2384,.F.);
#3205=ORIENTED_EDGE('',*,*,#2385,.T.);
#3206=ORIENTED_EDGE('',*,*,#2386,.T.);
#3207=ORIENTED_EDGE('',*,*,#2382,.F.);
#3208=ORIENTED_EDGE('',*,*,#2387,.F.);
#3209=ORIENTED_EDGE('',*,*,#2388,.T.);
#3210=ORIENTED_EDGE('',*,*,#2389,.T.);
#3211=ORIENTED_EDGE('',*,*,#2385,.F.);
#3212=ORIENTED_EDGE('',*,*,#2390,.F.);
#3213=ORIENTED_EDGE('',*,*,#2391,.T.);
#3214=ORIENTED_EDGE('',*,*,#2392,.T.);
#3215=ORIENTED_EDGE('',*,*,#2388,.F.);
#3216=ORIENTED_EDGE('',*,*,#2393,.F.);
#3217=ORIENTED_EDGE('',*,*,#2394,.T.);
#3218=ORIENTED_EDGE('',*,*,#2395,.T.);
#3219=ORIENTED_EDGE('',*,*,#2391,.F.);
#3220=ORIENTED_EDGE('',*,*,#2396,.F.);
#3221=ORIENTED_EDGE('',*,*,#2397,.T.);
#3222=ORIENTED_EDGE('',*,*,#2398,.T.);
#3223=ORIENTED_EDGE('',*,*,#2394,.F.);
#3224=ORIENTED_EDGE('',*,*,#2399,.F.);
#3225=ORIENTED_EDGE('',*,*,#2400,.T.);
#3226=ORIENTED_EDGE('',*,*,#2401,.T.);
#3227=ORIENTED_EDGE('',*,*,#2397,.F.);
#3228=ORIENTED_EDGE('',*,*,#2402,.F.);
#3229=ORIENTED_EDGE('',*,*,#2403,.T.);
#3230=ORIENTED_EDGE('',*,*,#2404,.T.);
#3231=ORIENTED_EDGE('',*,*,#2400,.F.);
#3232=ORIENTED_EDGE('',*,*,#2405,.F.);
#3233=ORIENTED_EDGE('',*,*,#2406,.T.);
#3234=ORIENTED_EDGE('',*,*,#2407,.T.);
#3235=ORIENTED_EDGE('',*,*,#2403,.F.);
#3236=ORIENTED_EDGE('',*,*,#2408,.F.);
#3237=ORIENTED_EDGE('',*,*,#2409,.T.);
#3238=ORIENTED_EDGE('',*,*,#2410,.T.);
#3239=ORIENTED_EDGE('',*,*,#2406,.F.);
#3240=ORIENTED_EDGE('',*,*,#2411,.F.);
#3241=ORIENTED_EDGE('',*,*,#2412,.T.);
#3242=ORIENTED_EDGE('',*,*,#2413,.T.);
#3243=ORIENTED_EDGE('',*,*,#2409,.F.);
#3244=ORIENTED_EDGE('',*,*,#2414,.F.);
#3245=ORIENTED_EDGE('',*,*,#2415,.T.);
#3246=ORIENTED_EDGE('',*,*,#2416,.T.);
#3247=ORIENTED_EDGE('',*,*,#2412,.F.);
#3248=ORIENTED_EDGE('',*,*,#2417,.F.);
#3249=ORIENTED_EDGE('',*,*,#2418,.T.);
#3250=ORIENTED_EDGE('',*,*,#2419,.T.);
#3251=ORIENTED_EDGE('',*,*,#2415,.F.);
#3252=ORIENTED_EDGE('',*,*,#2420,.F.);
#3253=ORIENTED_EDGE('',*,*,#2421,.T.);
#3254=ORIENTED_EDGE('',*,*,#2422,.T.);
#3255=ORIENTED_EDGE('',*,*,#2418,.F.);
#3256=ORIENTED_EDGE('',*,*,#2423,.F.);
#3257=ORIENTED_EDGE('',*,*,#2424,.T.);
#3258=ORIENTED_EDGE('',*,*,#2425,.T.);
#3259=ORIENTED_EDGE('',*,*,#2421,.F.);
#3260=ORIENTED_EDGE('',*,*,#2426,.F.);
#3261=ORIENTED_EDGE('',*,*,#2427,.T.);
#3262=ORIENTED_EDGE('',*,*,#2428,.T.);
#3263=ORIENTED_EDGE('',*,*,#2424,.F.);
#3264=ORIENTED_EDGE('',*,*,#2429,.F.);
#3265=ORIENTED_EDGE('',*,*,#2430,.T.);
#3266=ORIENTED_EDGE('',*,*,#2431,.T.);
#3267=ORIENTED_EDGE('',*,*,#2427,.F.);
#3268=ORIENTED_EDGE('',*,*,#2432,.F.);
#3269=ORIENTED_EDGE('',*,*,#2433,.T.);
#3270=ORIENTED_EDGE('',*,*,#2434,.T.);
#3271=ORIENTED_EDGE('',*,*,#2430,.F.);
#3272=ORIENTED_EDGE('',*,*,#2435,.F.);
#3273=ORIENTED_EDGE('',*,*,#2436,.T.);
#3274=ORIENTED_EDGE('',*,*,#2437,.T.);
#3275=ORIENTED_EDGE('',*,*,#2433,.F.);
#3276=ORIENTED_EDGE('',*,*,#2438,.F.);
#3277=ORIENTED_EDGE('',*,*,#2439,.T.);
#3278=ORIENTED_EDGE('',*,*,#2440,.T.);
#3279=ORIENTED_EDGE('',*,*,#2436,.F.);
#3280=ORIENTED_EDGE('',*,*,#2441,.F.);
#3281=ORIENTED_EDGE('',*,*,#2442,.T.);
#3282=ORIENTED_EDGE('',*,*,#2443,.T.);
#3283=ORIENTED_EDGE('',*,*,#2439,.F.);
#3284=ORIENTED_EDGE('',*,*,#2444,.F.);
#3285=ORIENTED_EDGE('',*,*,#2445,.T.);
#3286=ORIENTED_EDGE('',*,*,#2446,.T.);
#3287=ORIENTED_EDGE('',*,*,#2442,.F.);
#3288=ORIENTED_EDGE('',*,*,#2447,.F.);
#3289=ORIENTED_EDGE('',*,*,#2448,.T.);
#3290=ORIENTED_EDGE('',*,*,#2449,.T.);
#3291=ORIENTED_EDGE('',*,*,#2445,.F.);
#3292=ORIENTED_EDGE('',*,*,#2450,.F.);
#3293=ORIENTED_EDGE('',*,*,#2451,.T.);
#3294=ORIENTED_EDGE('',*,*,#2452,.T.);
#3295=ORIENTED_EDGE('',*,*,#2448,.F.);
#3296=ORIENTED_EDGE('',*,*,#2453,.F.);
#3297=ORIENTED_EDGE('',*,*,#2454,.T.);
#3298=ORIENTED_EDGE('',*,*,#2455,.T.);
#3299=ORIENTED_EDGE('',*,*,#2451,.F.);
#3300=ORIENTED_EDGE('',*,*,#2456,.F.);
#3301=ORIENTED_EDGE('',*,*,#2457,.T.);
#3302=ORIENTED_EDGE('',*,*,#2458,.T.);
#3303=ORIENTED_EDGE('',*,*,#2454,.F.);
#3304=ORIENTED_EDGE('',*,*,#2459,.F.);
#3305=ORIENTED_EDGE('',*,*,#2460,.T.);
#3306=ORIENTED_EDGE('',*,*,#2461,.T.);
#3307=ORIENTED_EDGE('',*,*,#2457,.F.);
#3308=ORIENTED_EDGE('',*,*,#2462,.F.);
#3309=ORIENTED_EDGE('',*,*,#2362,.T.);
#3310=ORIENTED_EDGE('',*,*,#2463,.T.);
#3311=ORIENTED_EDGE('',*,*,#2460,.F.);
#3312=ORIENTED_EDGE('',*,*,#2463,.F.);
#3313=ORIENTED_EDGE('',*,*,#2361,.F.);
#3314=ORIENTED_EDGE('',*,*,#2365,.F.);
#3315=ORIENTED_EDGE('',*,*,#2368,.F.);
#3316=ORIENTED_EDGE('',*,*,#2371,.F.);
#3317=ORIENTED_EDGE('',*,*,#2374,.F.);
#3318=ORIENTED_EDGE('',*,*,#2377,.F.);
#3319=ORIENTED_EDGE('',*,*,#2380,.F.);
#3320=ORIENTED_EDGE('',*,*,#2383,.F.);
#3321=ORIENTED_EDGE('',*,*,#2386,.F.);
#3322=ORIENTED_EDGE('',*,*,#2389,.F.);
#3323=ORIENTED_EDGE('',*,*,#2392,.F.);
#3324=ORIENTED_EDGE('',*,*,#2395,.F.);
#3325=ORIENTED_EDGE('',*,*,#2398,.F.);
#3326=ORIENTED_EDGE('',*,*,#2401,.F.);
#3327=ORIENTED_EDGE('',*,*,#2404,.F.);
#3328=ORIENTED_EDGE('',*,*,#2407,.F.);
#3329=ORIENTED_EDGE('',*,*,#2410,.F.);
#3330=ORIENTED_EDGE('',*,*,#2413,.F.);
#3331=ORIENTED_EDGE('',*,*,#2416,.F.);
#3332=ORIENTED_EDGE('',*,*,#2419,.F.);
#3333=ORIENTED_EDGE('',*,*,#2422,.F.);
#3334=ORIENTED_EDGE('',*,*,#2425,.F.);
#3335=ORIENTED_EDGE('',*,*,#2428,.F.);
#3336=ORIENTED_EDGE('',*,*,#2431,.F.);
#3337=ORIENTED_EDGE('',*,*,#2434,.F.);
#3338=ORIENTED_EDGE('',*,*,#2437,.F.);
#3339=ORIENTED_EDGE('',*,*,#2440,.F.);
#3340=ORIENTED_EDGE('',*,*,#2443,.F.);
#3341=ORIENTED_EDGE('',*,*,#2446,.F.);
#3342=ORIENTED_EDGE('',*,*,#2449,.F.);
#3343=ORIENTED_EDGE('',*,*,#2452,.F.);
#3344=ORIENTED_EDGE('',*,*,#2455,.F.);
#3345=ORIENTED_EDGE('',*,*,#2458,.F.);
#3346=ORIENTED_EDGE('',*,*,#2461,.F.);
#3347=ORIENTED_EDGE('',*,*,#2464,.F.);
#3348=ORIENTED_EDGE('',*,*,#2465,.T.);
#3349=ORIENTED_EDGE('',*,*,#2466,.T.);
#3350=ORIENTED_EDGE('',*,*,#2467,.F.);
#3351=ORIENTED_EDGE('',*,*,#2468,.F.);
#3352=ORIENTED_EDGE('',*,*,#2469,.T.);
#3353=ORIENTED_EDGE('',*,*,#2470,.T.);
#3354=ORIENTED_EDGE('',*,*,#2465,.F.);
#3355=ORIENTED_EDGE('',*,*,#2471,.F.);
#3356=ORIENTED_EDGE('',*,*,#2472,.T.);
#3357=ORIENTED_EDGE('',*,*,#2473,.T.);
#3358=ORIENTED_EDGE('',*,*,#2469,.F.);
#3359=ORIENTED_EDGE('',*,*,#2474,.F.);
#3360=ORIENTED_EDGE('',*,*,#2475,.T.);
#3361=ORIENTED_EDGE('',*,*,#2476,.T.);
#3362=ORIENTED_EDGE('',*,*,#2472,.F.);
#3363=ORIENTED_EDGE('',*,*,#2477,.F.);
#3364=ORIENTED_EDGE('',*,*,#2478,.T.);
#3365=ORIENTED_EDGE('',*,*,#2479,.T.);
#3366=ORIENTED_EDGE('',*,*,#2475,.F.);
#3367=ORIENTED_EDGE('',*,*,#2480,.F.);
#3368=ORIENTED_EDGE('',*,*,#2481,.T.);
#3369=ORIENTED_EDGE('',*,*,#2482,.T.);
#3370=ORIENTED_EDGE('',*,*,#2478,.F.);
#3371=ORIENTED_EDGE('',*,*,#2483,.F.);
#3372=ORIENTED_EDGE('',*,*,#2484,.T.);
#3373=ORIENTED_EDGE('',*,*,#2485,.T.);
#3374=ORIENTED_EDGE('',*,*,#2481,.F.);
#3375=ORIENTED_EDGE('',*,*,#2486,.F.);
#3376=ORIENTED_EDGE('',*,*,#2467,.T.);
#3377=ORIENTED_EDGE('',*,*,#2487,.T.);
#3378=ORIENTED_EDGE('',*,*,#2484,.F.);
#3379=ORIENTED_EDGE('',*,*,#2488,.F.);
#3380=ORIENTED_EDGE('',*,*,#2489,.T.);
#3381=ORIENTED_EDGE('',*,*,#2490,.T.);
#3382=ORIENTED_EDGE('',*,*,#2491,.F.);
#3383=ORIENTED_EDGE('',*,*,#2492,.F.);
#3384=ORIENTED_EDGE('',*,*,#2493,.T.);
#3385=ORIENTED_EDGE('',*,*,#2494,.T.);
#3386=ORIENTED_EDGE('',*,*,#2489,.F.);
#3387=ORIENTED_EDGE('',*,*,#2495,.F.);
#3388=ORIENTED_EDGE('',*,*,#2496,.T.);
#3389=ORIENTED_EDGE('',*,*,#2497,.T.);
#3390=ORIENTED_EDGE('',*,*,#2493,.F.);
#3391=ORIENTED_EDGE('',*,*,#2498,.F.);
#3392=ORIENTED_EDGE('',*,*,#2499,.T.);
#3393=ORIENTED_EDGE('',*,*,#2500,.T.);
#3394=ORIENTED_EDGE('',*,*,#2496,.F.);
#3395=ORIENTED_EDGE('',*,*,#2501,.F.);
#3396=ORIENTED_EDGE('',*,*,#2502,.T.);
#3397=ORIENTED_EDGE('',*,*,#2503,.T.);
#3398=ORIENTED_EDGE('',*,*,#2499,.F.);
#3399=ORIENTED_EDGE('',*,*,#2504,.F.);
#3400=ORIENTED_EDGE('',*,*,#2505,.T.);
#3401=ORIENTED_EDGE('',*,*,#2506,.T.);
#3402=ORIENTED_EDGE('',*,*,#2502,.F.);
#3403=ORIENTED_EDGE('',*,*,#2507,.F.);
#3404=ORIENTED_EDGE('',*,*,#2508,.T.);
#3405=ORIENTED_EDGE('',*,*,#2509,.T.);
#3406=ORIENTED_EDGE('',*,*,#2505,.F.);
#3407=ORIENTED_EDGE('',*,*,#2510,.F.);
#3408=ORIENTED_EDGE('',*,*,#2511,.T.);
#3409=ORIENTED_EDGE('',*,*,#2512,.T.);
#3410=ORIENTED_EDGE('',*,*,#2508,.F.);
#3411=ORIENTED_EDGE('',*,*,#2513,.F.);
#3412=ORIENTED_EDGE('',*,*,#2514,.T.);
#3413=ORIENTED_EDGE('',*,*,#2515,.T.);
#3414=ORIENTED_EDGE('',*,*,#2511,.F.);
#3415=ORIENTED_EDGE('',*,*,#2516,.F.);
#3416=ORIENTED_EDGE('',*,*,#2517,.T.);
#3417=ORIENTED_EDGE('',*,*,#2518,.T.);
#3418=ORIENTED_EDGE('',*,*,#2514,.F.);
#3419=ORIENTED_EDGE('',*,*,#2519,.F.);
#3420=ORIENTED_EDGE('',*,*,#2520,.T.);
#3421=ORIENTED_EDGE('',*,*,#2521,.T.);
#3422=ORIENTED_EDGE('',*,*,#2517,.F.);
#3423=ORIENTED_EDGE('',*,*,#2522,.F.);
#3424=ORIENTED_EDGE('',*,*,#2523,.T.);
#3425=ORIENTED_EDGE('',*,*,#2524,.T.);
#3426=ORIENTED_EDGE('',*,*,#2520,.F.);
#3427=ORIENTED_EDGE('',*,*,#2525,.F.);
#3428=ORIENTED_EDGE('',*,*,#2526,.T.);
#3429=ORIENTED_EDGE('',*,*,#2527,.T.);
#3430=ORIENTED_EDGE('',*,*,#2523,.F.);
#3431=ORIENTED_EDGE('',*,*,#2528,.F.);
#3432=ORIENTED_EDGE('',*,*,#2529,.T.);
#3433=ORIENTED_EDGE('',*,*,#2530,.T.);
#3434=ORIENTED_EDGE('',*,*,#2526,.F.);
#3435=ORIENTED_EDGE('',*,*,#2531,.F.);
#3436=ORIENTED_EDGE('',*,*,#2532,.T.);
#3437=ORIENTED_EDGE('',*,*,#2533,.T.);
#3438=ORIENTED_EDGE('',*,*,#2529,.F.);
#3439=ORIENTED_EDGE('',*,*,#2534,.F.);
#3440=ORIENTED_EDGE('',*,*,#2535,.T.);
#3441=ORIENTED_EDGE('',*,*,#2536,.T.);
#3442=ORIENTED_EDGE('',*,*,#2532,.F.);
#3443=ORIENTED_EDGE('',*,*,#2537,.F.);
#3444=ORIENTED_EDGE('',*,*,#2538,.T.);
#3445=ORIENTED_EDGE('',*,*,#2539,.T.);
#3446=ORIENTED_EDGE('',*,*,#2535,.F.);
#3447=ORIENTED_EDGE('',*,*,#2540,.F.);
#3448=ORIENTED_EDGE('',*,*,#2541,.T.);
#3449=ORIENTED_EDGE('',*,*,#2542,.T.);
#3450=ORIENTED_EDGE('',*,*,#2538,.F.);
#3451=ORIENTED_EDGE('',*,*,#2543,.F.);
#3452=ORIENTED_EDGE('',*,*,#2491,.T.);
#3453=ORIENTED_EDGE('',*,*,#2544,.T.);
#3454=ORIENTED_EDGE('',*,*,#2541,.F.);
#3455=ORIENTED_EDGE('',*,*,#2544,.F.);
#3456=ORIENTED_EDGE('',*,*,#2490,.F.);
#3457=ORIENTED_EDGE('',*,*,#2494,.F.);
#3458=ORIENTED_EDGE('',*,*,#2497,.F.);
#3459=ORIENTED_EDGE('',*,*,#2500,.F.);
#3460=ORIENTED_EDGE('',*,*,#2503,.F.);
#3461=ORIENTED_EDGE('',*,*,#2506,.F.);
#3462=ORIENTED_EDGE('',*,*,#2509,.F.);
#3463=ORIENTED_EDGE('',*,*,#2512,.F.);
#3464=ORIENTED_EDGE('',*,*,#2515,.F.);
#3465=ORIENTED_EDGE('',*,*,#2518,.F.);
#3466=ORIENTED_EDGE('',*,*,#2521,.F.);
#3467=ORIENTED_EDGE('',*,*,#2524,.F.);
#3468=ORIENTED_EDGE('',*,*,#2527,.F.);
#3469=ORIENTED_EDGE('',*,*,#2530,.F.);
#3470=ORIENTED_EDGE('',*,*,#2533,.F.);
#3471=ORIENTED_EDGE('',*,*,#2536,.F.);
#3472=ORIENTED_EDGE('',*,*,#2539,.F.);
#3473=ORIENTED_EDGE('',*,*,#2542,.F.);
#3474=ORIENTED_EDGE('',*,*,#2487,.F.);
#3475=ORIENTED_EDGE('',*,*,#2466,.F.);
#3476=ORIENTED_EDGE('',*,*,#2470,.F.);
#3477=ORIENTED_EDGE('',*,*,#2473,.F.);
#3478=ORIENTED_EDGE('',*,*,#2476,.F.);
#3479=ORIENTED_EDGE('',*,*,#2479,.F.);
#3480=ORIENTED_EDGE('',*,*,#2482,.F.);
#3481=ORIENTED_EDGE('',*,*,#2485,.F.);
#3482=ORIENTED_EDGE('',*,*,#2545,.F.);
#3483=ORIENTED_EDGE('',*,*,#2546,.F.);
#3484=ORIENTED_EDGE('',*,*,#2547,.F.);
#3485=ORIENTED_EDGE('',*,*,#2548,.T.);
#3486=ORIENTED_EDGE('',*,*,#2549,.T.);
#3487=ORIENTED_EDGE('',*,*,#2550,.T.);
#3488=ORIENTED_EDGE('',*,*,#2551,.T.);
#3489=ORIENTED_EDGE('',*,*,#2552,.T.);
#3490=ORIENTED_EDGE('',*,*,#2104,.T.);
#3491=ORIENTED_EDGE('',*,*,#2126,.T.);
#3492=ORIENTED_EDGE('',*,*,#2123,.T.);
#3493=ORIENTED_EDGE('',*,*,#2120,.T.);
#3494=ORIENTED_EDGE('',*,*,#2117,.T.);
#3495=ORIENTED_EDGE('',*,*,#2114,.T.);
#3496=ORIENTED_EDGE('',*,*,#2111,.T.);
#3497=ORIENTED_EDGE('',*,*,#2108,.T.);
#3498=ORIENTED_EDGE('',*,*,#2185,.T.);
#3499=ORIENTED_EDGE('',*,*,#2225,.T.);
#3500=ORIENTED_EDGE('',*,*,#2222,.T.);
#3501=ORIENTED_EDGE('',*,*,#2219,.T.);
#3502=ORIENTED_EDGE('',*,*,#2216,.T.);
#3503=ORIENTED_EDGE('',*,*,#2213,.T.);
#3504=ORIENTED_EDGE('',*,*,#2210,.T.);
#3505=ORIENTED_EDGE('',*,*,#2207,.T.);
#3506=ORIENTED_EDGE('',*,*,#2204,.T.);
#3507=ORIENTED_EDGE('',*,*,#2201,.T.);
#3508=ORIENTED_EDGE('',*,*,#2198,.T.);
#3509=ORIENTED_EDGE('',*,*,#2195,.T.);
#3510=ORIENTED_EDGE('',*,*,#2192,.T.);
#3511=ORIENTED_EDGE('',*,*,#2189,.T.);
#3512=ORIENTED_EDGE('',*,*,#2254,.T.);
#3513=ORIENTED_EDGE('',*,*,#2285,.T.);
#3514=ORIENTED_EDGE('',*,*,#2282,.T.);
#3515=ORIENTED_EDGE('',*,*,#2279,.T.);
#3516=ORIENTED_EDGE('',*,*,#2276,.T.);
#3517=ORIENTED_EDGE('',*,*,#2273,.T.);
#3518=ORIENTED_EDGE('',*,*,#2270,.T.);
#3519=ORIENTED_EDGE('',*,*,#2267,.T.);
#3520=ORIENTED_EDGE('',*,*,#2264,.T.);
#3521=ORIENTED_EDGE('',*,*,#2261,.T.);
#3522=ORIENTED_EDGE('',*,*,#2258,.T.);
#3523=ORIENTED_EDGE('',*,*,#2287,.T.);
#3524=ORIENTED_EDGE('',*,*,#2321,.T.);
#3525=ORIENTED_EDGE('',*,*,#2318,.T.);
#3526=ORIENTED_EDGE('',*,*,#2315,.T.);
#3527=ORIENTED_EDGE('',*,*,#2312,.T.);
#3528=ORIENTED_EDGE('',*,*,#2309,.T.);
#3529=ORIENTED_EDGE('',*,*,#2306,.T.);
#3530=ORIENTED_EDGE('',*,*,#2303,.T.);
#3531=ORIENTED_EDGE('',*,*,#2300,.T.);
#3532=ORIENTED_EDGE('',*,*,#2297,.T.);
#3533=ORIENTED_EDGE('',*,*,#2294,.T.);
#3534=ORIENTED_EDGE('',*,*,#2291,.T.);
#3535=ORIENTED_EDGE('',*,*,#2323,.T.);
#3536=ORIENTED_EDGE('',*,*,#2333,.T.);
#3537=ORIENTED_EDGE('',*,*,#2330,.T.);
#3538=ORIENTED_EDGE('',*,*,#2327,.T.);
#3539=ORIENTED_EDGE('',*,*,#2335,.T.);
#3540=ORIENTED_EDGE('',*,*,#2357,.T.);
#3541=ORIENTED_EDGE('',*,*,#2354,.T.);
#3542=ORIENTED_EDGE('',*,*,#2351,.T.);
#3543=ORIENTED_EDGE('',*,*,#2348,.T.);
#3544=ORIENTED_EDGE('',*,*,#2345,.T.);
#3545=ORIENTED_EDGE('',*,*,#2342,.T.);
#3546=ORIENTED_EDGE('',*,*,#2339,.T.);
#3547=ORIENTED_EDGE('',*,*,#2359,.T.);
#3548=ORIENTED_EDGE('',*,*,#2462,.T.);
#3549=ORIENTED_EDGE('',*,*,#2459,.T.);
#3550=ORIENTED_EDGE('',*,*,#2456,.T.);
#3551=ORIENTED_EDGE('',*,*,#2453,.T.);
#3552=ORIENTED_EDGE('',*,*,#2450,.T.);
#3553=ORIENTED_EDGE('',*,*,#2447,.T.);
#3554=ORIENTED_EDGE('',*,*,#2444,.T.);
#3555=ORIENTED_EDGE('',*,*,#2441,.T.);
#3556=ORIENTED_EDGE('',*,*,#2438,.T.);
#3557=ORIENTED_EDGE('',*,*,#2435,.T.);
#3558=ORIENTED_EDGE('',*,*,#2432,.T.);
#3559=ORIENTED_EDGE('',*,*,#2429,.T.);
#3560=ORIENTED_EDGE('',*,*,#2426,.T.);
#3561=ORIENTED_EDGE('',*,*,#2423,.T.);
#3562=ORIENTED_EDGE('',*,*,#2420,.T.);
#3563=ORIENTED_EDGE('',*,*,#2417,.T.);
#3564=ORIENTED_EDGE('',*,*,#2414,.T.);
#3565=ORIENTED_EDGE('',*,*,#2411,.T.);
#3566=ORIENTED_EDGE('',*,*,#2408,.T.);
#3567=ORIENTED_EDGE('',*,*,#2405,.T.);
#3568=ORIENTED_EDGE('',*,*,#2402,.T.);
#3569=ORIENTED_EDGE('',*,*,#2399,.T.);
#3570=ORIENTED_EDGE('',*,*,#2396,.T.);
#3571=ORIENTED_EDGE('',*,*,#2393,.T.);
#3572=ORIENTED_EDGE('',*,*,#2390,.T.);
#3573=ORIENTED_EDGE('',*,*,#2387,.T.);
#3574=ORIENTED_EDGE('',*,*,#2384,.T.);
#3575=ORIENTED_EDGE('',*,*,#2381,.T.);
#3576=ORIENTED_EDGE('',*,*,#2378,.T.);
#3577=ORIENTED_EDGE('',*,*,#2375,.T.);
#3578=ORIENTED_EDGE('',*,*,#2372,.T.);
#3579=ORIENTED_EDGE('',*,*,#2369,.T.);
#3580=ORIENTED_EDGE('',*,*,#2366,.T.);
#3581=ORIENTED_EDGE('',*,*,#2363,.T.);
#3582=ORIENTED_EDGE('',*,*,#2488,.T.);
#3583=ORIENTED_EDGE('',*,*,#2543,.T.);
#3584=ORIENTED_EDGE('',*,*,#2540,.T.);
#3585=ORIENTED_EDGE('',*,*,#2537,.T.);
#3586=ORIENTED_EDGE('',*,*,#2534,.T.);
#3587=ORIENTED_EDGE('',*,*,#2531,.T.);
#3588=ORIENTED_EDGE('',*,*,#2528,.T.);
#3589=ORIENTED_EDGE('',*,*,#2525,.T.);
#3590=ORIENTED_EDGE('',*,*,#2522,.T.);
#3591=ORIENTED_EDGE('',*,*,#2519,.T.);
#3592=ORIENTED_EDGE('',*,*,#2516,.T.);
#3593=ORIENTED_EDGE('',*,*,#2513,.T.);
#3594=ORIENTED_EDGE('',*,*,#2510,.T.);
#3595=ORIENTED_EDGE('',*,*,#2507,.T.);
#3596=ORIENTED_EDGE('',*,*,#2504,.T.);
#3597=ORIENTED_EDGE('',*,*,#2501,.T.);
#3598=ORIENTED_EDGE('',*,*,#2498,.T.);
#3599=ORIENTED_EDGE('',*,*,#2495,.T.);
#3600=ORIENTED_EDGE('',*,*,#2492,.T.);
#3601=ORIENTED_EDGE('',*,*,#2553,.F.);
#3602=ORIENTED_EDGE('',*,*,#2464,.T.);
#3603=ORIENTED_EDGE('',*,*,#2486,.T.);
#3604=ORIENTED_EDGE('',*,*,#2483,.T.);
#3605=ORIENTED_EDGE('',*,*,#2480,.T.);
#3606=ORIENTED_EDGE('',*,*,#2477,.T.);
#3607=ORIENTED_EDGE('',*,*,#2474,.T.);
#3608=ORIENTED_EDGE('',*,*,#2471,.T.);
#3609=ORIENTED_EDGE('',*,*,#2468,.T.);
#3610=ORIENTED_EDGE('',*,*,#2227,.T.);
#3611=ORIENTED_EDGE('',*,*,#2252,.T.);
#3612=ORIENTED_EDGE('',*,*,#2249,.T.);
#3613=ORIENTED_EDGE('',*,*,#2246,.T.);
#3614=ORIENTED_EDGE('',*,*,#2243,.T.);
#3615=ORIENTED_EDGE('',*,*,#2240,.T.);
#3616=ORIENTED_EDGE('',*,*,#2237,.T.);
#3617=ORIENTED_EDGE('',*,*,#2234,.T.);
#3618=ORIENTED_EDGE('',*,*,#2231,.T.);
#3619=ORIENTED_EDGE('',*,*,#2155,.T.);
#3620=ORIENTED_EDGE('',*,*,#2183,.T.);
#3621=ORIENTED_EDGE('',*,*,#2180,.T.);
#3622=ORIENTED_EDGE('',*,*,#2177,.T.);
#3623=ORIENTED_EDGE('',*,*,#2174,.T.);
#3624=ORIENTED_EDGE('',*,*,#2171,.T.);
#3625=ORIENTED_EDGE('',*,*,#2168,.T.);
#3626=ORIENTED_EDGE('',*,*,#2165,.T.);
#3627=ORIENTED_EDGE('',*,*,#2162,.T.);
#3628=ORIENTED_EDGE('',*,*,#2159,.T.);
#3629=ORIENTED_EDGE('',*,*,#2554,.F.);
#3630=ORIENTED_EDGE('',*,*,#2555,.T.);
#3631=ORIENTED_EDGE('',*,*,#2556,.T.);
#3632=ORIENTED_EDGE('',*,*,#2557,.F.);
#3633=ORIENTED_EDGE('',*,*,#2558,.F.);
#3634=ORIENTED_EDGE('',*,*,#2559,.T.);
#3635=ORIENTED_EDGE('',*,*,#2560,.T.);
#3636=ORIENTED_EDGE('',*,*,#2555,.F.);
#3637=ORIENTED_EDGE('',*,*,#2561,.F.);
#3638=ORIENTED_EDGE('',*,*,#2562,.T.);
#3639=ORIENTED_EDGE('',*,*,#2563,.T.);
#3640=ORIENTED_EDGE('',*,*,#2559,.F.);
#3641=ORIENTED_EDGE('',*,*,#2564,.F.);
#3642=ORIENTED_EDGE('',*,*,#2565,.T.);
#3643=ORIENTED_EDGE('',*,*,#2566,.T.);
#3644=ORIENTED_EDGE('',*,*,#2562,.F.);
#3645=ORIENTED_EDGE('',*,*,#2567,.F.);
#3646=ORIENTED_EDGE('',*,*,#2568,.T.);
#3647=ORIENTED_EDGE('',*,*,#2569,.T.);
#3648=ORIENTED_EDGE('',*,*,#2565,.F.);
#3649=ORIENTED_EDGE('',*,*,#2570,.F.);
#3650=ORIENTED_EDGE('',*,*,#2571,.T.);
#3651=ORIENTED_EDGE('',*,*,#2572,.T.);
#3652=ORIENTED_EDGE('',*,*,#2568,.F.);
#3653=ORIENTED_EDGE('',*,*,#2573,.F.);
#3654=ORIENTED_EDGE('',*,*,#2574,.T.);
#3655=ORIENTED_EDGE('',*,*,#2575,.T.);
#3656=ORIENTED_EDGE('',*,*,#2571,.F.);
#3657=ORIENTED_EDGE('',*,*,#2576,.F.);
#3658=ORIENTED_EDGE('',*,*,#2577,.T.);
#3659=ORIENTED_EDGE('',*,*,#2578,.T.);
#3660=ORIENTED_EDGE('',*,*,#2574,.F.);
#3661=ORIENTED_EDGE('',*,*,#2579,.F.);
#3662=ORIENTED_EDGE('',*,*,#2580,.T.);
#3663=ORIENTED_EDGE('',*,*,#2581,.T.);
#3664=ORIENTED_EDGE('',*,*,#2577,.F.);
#3665=ORIENTED_EDGE('',*,*,#2582,.F.);
#3666=ORIENTED_EDGE('',*,*,#2583,.T.);
#3667=ORIENTED_EDGE('',*,*,#2584,.T.);
#3668=ORIENTED_EDGE('',*,*,#2580,.F.);
#3669=ORIENTED_EDGE('',*,*,#2585,.F.);
#3670=ORIENTED_EDGE('',*,*,#2586,.T.);
#3671=ORIENTED_EDGE('',*,*,#2587,.T.);
#3672=ORIENTED_EDGE('',*,*,#2583,.F.);
#3673=ORIENTED_EDGE('',*,*,#2588,.F.);
#3674=ORIENTED_EDGE('',*,*,#2589,.T.);
#3675=ORIENTED_EDGE('',*,*,#2590,.T.);
#3676=ORIENTED_EDGE('',*,*,#2586,.F.);
#3677=ORIENTED_EDGE('',*,*,#2591,.F.);
#3678=ORIENTED_EDGE('',*,*,#2592,.T.);
#3679=ORIENTED_EDGE('',*,*,#2593,.T.);
#3680=ORIENTED_EDGE('',*,*,#2589,.F.);
#3681=ORIENTED_EDGE('',*,*,#2594,.F.);
#3682=ORIENTED_EDGE('',*,*,#2595,.T.);
#3683=ORIENTED_EDGE('',*,*,#2596,.T.);
#3684=ORIENTED_EDGE('',*,*,#2592,.F.);
#3685=ORIENTED_EDGE('',*,*,#2597,.F.);
#3686=ORIENTED_EDGE('',*,*,#2598,.T.);
#3687=ORIENTED_EDGE('',*,*,#2599,.T.);
#3688=ORIENTED_EDGE('',*,*,#2595,.F.);
#3689=ORIENTED_EDGE('',*,*,#2600,.F.);
#3690=ORIENTED_EDGE('',*,*,#2601,.T.);
#3691=ORIENTED_EDGE('',*,*,#2602,.T.);
#3692=ORIENTED_EDGE('',*,*,#2598,.F.);
#3693=ORIENTED_EDGE('',*,*,#2603,.F.);
#3694=ORIENTED_EDGE('',*,*,#2604,.T.);
#3695=ORIENTED_EDGE('',*,*,#2605,.T.);
#3696=ORIENTED_EDGE('',*,*,#2601,.F.);
#3697=ORIENTED_EDGE('',*,*,#2606,.F.);
#3698=ORIENTED_EDGE('',*,*,#2557,.T.);
#3699=ORIENTED_EDGE('',*,*,#2607,.T.);
#3700=ORIENTED_EDGE('',*,*,#2604,.F.);
#3701=ORIENTED_EDGE('',*,*,#2608,.F.);
#3702=ORIENTED_EDGE('',*,*,#2609,.T.);
#3703=ORIENTED_EDGE('',*,*,#2610,.T.);
#3704=ORIENTED_EDGE('',*,*,#2611,.F.);
#3705=ORIENTED_EDGE('',*,*,#2612,.F.);
#3706=ORIENTED_EDGE('',*,*,#2611,.T.);
#3707=ORIENTED_EDGE('',*,*,#2613,.T.);
#3708=ORIENTED_EDGE('',*,*,#2609,.F.);
#3709=ORIENTED_EDGE('',*,*,#2614,.F.);
#3710=ORIENTED_EDGE('',*,*,#2615,.T.);
#3711=ORIENTED_EDGE('',*,*,#2616,.T.);
#3712=ORIENTED_EDGE('',*,*,#2617,.F.);
#3713=ORIENTED_EDGE('',*,*,#2618,.F.);
#3714=ORIENTED_EDGE('',*,*,#2619,.T.);
#3715=ORIENTED_EDGE('',*,*,#2620,.T.);
#3716=ORIENTED_EDGE('',*,*,#2615,.F.);
#3717=ORIENTED_EDGE('',*,*,#2621,.F.);
#3718=ORIENTED_EDGE('',*,*,#2622,.T.);
#3719=ORIENTED_EDGE('',*,*,#2623,.T.);
#3720=ORIENTED_EDGE('',*,*,#2619,.F.);
#3721=ORIENTED_EDGE('',*,*,#2624,.F.);
#3722=ORIENTED_EDGE('',*,*,#2617,.T.);
#3723=ORIENTED_EDGE('',*,*,#2625,.T.);
#3724=ORIENTED_EDGE('',*,*,#2622,.F.);
#3725=ORIENTED_EDGE('',*,*,#2626,.F.);
#3726=ORIENTED_EDGE('',*,*,#2627,.T.);
#3727=ORIENTED_EDGE('',*,*,#2628,.T.);
#3728=ORIENTED_EDGE('',*,*,#2629,.F.);
#3729=ORIENTED_EDGE('',*,*,#2630,.F.);
#3730=ORIENTED_EDGE('',*,*,#2629,.T.);
#3731=ORIENTED_EDGE('',*,*,#2631,.T.);
#3732=ORIENTED_EDGE('',*,*,#2627,.F.);
#3733=ORIENTED_EDGE('',*,*,#2632,.F.);
#3734=ORIENTED_EDGE('',*,*,#2633,.T.);
#3735=ORIENTED_EDGE('',*,*,#2634,.T.);
#3736=ORIENTED_EDGE('',*,*,#2635,.F.);
#3737=ORIENTED_EDGE('',*,*,#2636,.F.);
#3738=ORIENTED_EDGE('',*,*,#2637,.T.);
#3739=ORIENTED_EDGE('',*,*,#2638,.T.);
#3740=ORIENTED_EDGE('',*,*,#2633,.F.);
#3741=ORIENTED_EDGE('',*,*,#2639,.F.);
#3742=ORIENTED_EDGE('',*,*,#2640,.T.);
#3743=ORIENTED_EDGE('',*,*,#2641,.T.);
#3744=ORIENTED_EDGE('',*,*,#2637,.F.);
#3745=ORIENTED_EDGE('',*,*,#2642,.F.);
#3746=ORIENTED_EDGE('',*,*,#2635,.T.);
#3747=ORIENTED_EDGE('',*,*,#2643,.T.);
#3748=ORIENTED_EDGE('',*,*,#2640,.F.);
#3749=ORIENTED_EDGE('',*,*,#2644,.F.);
#3750=ORIENTED_EDGE('',*,*,#2645,.T.);
#3751=ORIENTED_EDGE('',*,*,#2646,.T.);
#3752=ORIENTED_EDGE('',*,*,#2647,.F.);
#3753=ORIENTED_EDGE('',*,*,#2648,.F.);
#3754=ORIENTED_EDGE('',*,*,#2649,.T.);
#3755=ORIENTED_EDGE('',*,*,#2650,.T.);
#3756=ORIENTED_EDGE('',*,*,#2645,.F.);
#3757=ORIENTED_EDGE('',*,*,#2651,.F.);
#3758=ORIENTED_EDGE('',*,*,#2652,.T.);
#3759=ORIENTED_EDGE('',*,*,#2653,.T.);
#3760=ORIENTED_EDGE('',*,*,#2649,.F.);
#3761=ORIENTED_EDGE('',*,*,#2654,.F.);
#3762=ORIENTED_EDGE('',*,*,#2655,.T.);
#3763=ORIENTED_EDGE('',*,*,#2656,.T.);
#3764=ORIENTED_EDGE('',*,*,#2652,.F.);
#3765=ORIENTED_EDGE('',*,*,#2657,.F.);
#3766=ORIENTED_EDGE('',*,*,#2658,.T.);
#3767=ORIENTED_EDGE('',*,*,#2659,.T.);
#3768=ORIENTED_EDGE('',*,*,#2655,.F.);
#3769=ORIENTED_EDGE('',*,*,#2660,.F.);
#3770=ORIENTED_EDGE('',*,*,#2661,.T.);
#3771=ORIENTED_EDGE('',*,*,#2662,.T.);
#3772=ORIENTED_EDGE('',*,*,#2658,.F.);
#3773=ORIENTED_EDGE('',*,*,#2663,.F.);
#3774=ORIENTED_EDGE('',*,*,#2664,.T.);
#3775=ORIENTED_EDGE('',*,*,#2665,.T.);
#3776=ORIENTED_EDGE('',*,*,#2661,.F.);
#3777=ORIENTED_EDGE('',*,*,#2666,.F.);
#3778=ORIENTED_EDGE('',*,*,#2667,.T.);
#3779=ORIENTED_EDGE('',*,*,#2668,.T.);
#3780=ORIENTED_EDGE('',*,*,#2664,.F.);
#3781=ORIENTED_EDGE('',*,*,#2669,.F.);
#3782=ORIENTED_EDGE('',*,*,#2670,.T.);
#3783=ORIENTED_EDGE('',*,*,#2671,.T.);
#3784=ORIENTED_EDGE('',*,*,#2667,.F.);
#3785=ORIENTED_EDGE('',*,*,#2672,.F.);
#3786=ORIENTED_EDGE('',*,*,#2673,.T.);
#3787=ORIENTED_EDGE('',*,*,#2674,.T.);
#3788=ORIENTED_EDGE('',*,*,#2670,.F.);
#3789=ORIENTED_EDGE('',*,*,#2675,.F.);
#3790=ORIENTED_EDGE('',*,*,#2676,.T.);
#3791=ORIENTED_EDGE('',*,*,#2677,.T.);
#3792=ORIENTED_EDGE('',*,*,#2673,.F.);
#3793=ORIENTED_EDGE('',*,*,#2678,.F.);
#3794=ORIENTED_EDGE('',*,*,#2679,.T.);
#3795=ORIENTED_EDGE('',*,*,#2680,.T.);
#3796=ORIENTED_EDGE('',*,*,#2676,.F.);
#3797=ORIENTED_EDGE('',*,*,#2681,.F.);
#3798=ORIENTED_EDGE('',*,*,#2682,.T.);
#3799=ORIENTED_EDGE('',*,*,#2683,.T.);
#3800=ORIENTED_EDGE('',*,*,#2679,.F.);
#3801=ORIENTED_EDGE('',*,*,#2684,.F.);
#3802=ORIENTED_EDGE('',*,*,#2647,.T.);
#3803=ORIENTED_EDGE('',*,*,#2685,.T.);
#3804=ORIENTED_EDGE('',*,*,#2682,.F.);
#3805=ORIENTED_EDGE('',*,*,#2685,.F.);
#3806=ORIENTED_EDGE('',*,*,#2646,.F.);
#3807=ORIENTED_EDGE('',*,*,#2650,.F.);
#3808=ORIENTED_EDGE('',*,*,#2653,.F.);
#3809=ORIENTED_EDGE('',*,*,#2656,.F.);
#3810=ORIENTED_EDGE('',*,*,#2659,.F.);
#3811=ORIENTED_EDGE('',*,*,#2662,.F.);
#3812=ORIENTED_EDGE('',*,*,#2665,.F.);
#3813=ORIENTED_EDGE('',*,*,#2668,.F.);
#3814=ORIENTED_EDGE('',*,*,#2671,.F.);
#3815=ORIENTED_EDGE('',*,*,#2674,.F.);
#3816=ORIENTED_EDGE('',*,*,#2677,.F.);
#3817=ORIENTED_EDGE('',*,*,#2680,.F.);
#3818=ORIENTED_EDGE('',*,*,#2683,.F.);
#3819=ORIENTED_EDGE('',*,*,#2643,.F.);
#3820=ORIENTED_EDGE('',*,*,#2634,.F.);
#3821=ORIENTED_EDGE('',*,*,#2638,.F.);
#3822=ORIENTED_EDGE('',*,*,#2641,.F.);
#3823=ORIENTED_EDGE('',*,*,#2631,.F.);
#3824=ORIENTED_EDGE('',*,*,#2628,.F.);
#3825=ORIENTED_EDGE('',*,*,#2625,.F.);
#3826=ORIENTED_EDGE('',*,*,#2616,.F.);
#3827=ORIENTED_EDGE('',*,*,#2620,.F.);
#3828=ORIENTED_EDGE('',*,*,#2623,.F.);
#3829=ORIENTED_EDGE('',*,*,#2613,.F.);
#3830=ORIENTED_EDGE('',*,*,#2610,.F.);
#3831=ORIENTED_EDGE('',*,*,#2607,.F.);
#3832=ORIENTED_EDGE('',*,*,#2556,.F.);
#3833=ORIENTED_EDGE('',*,*,#2560,.F.);
#3834=ORIENTED_EDGE('',*,*,#2563,.F.);
#3835=ORIENTED_EDGE('',*,*,#2566,.F.);
#3836=ORIENTED_EDGE('',*,*,#2569,.F.);
#3837=ORIENTED_EDGE('',*,*,#2572,.F.);
#3838=ORIENTED_EDGE('',*,*,#2575,.F.);
#3839=ORIENTED_EDGE('',*,*,#2578,.F.);
#3840=ORIENTED_EDGE('',*,*,#2581,.F.);
#3841=ORIENTED_EDGE('',*,*,#2584,.F.);
#3842=ORIENTED_EDGE('',*,*,#2587,.F.);
#3843=ORIENTED_EDGE('',*,*,#2590,.F.);
#3844=ORIENTED_EDGE('',*,*,#2593,.F.);
#3845=ORIENTED_EDGE('',*,*,#2596,.F.);
#3846=ORIENTED_EDGE('',*,*,#2599,.F.);
#3847=ORIENTED_EDGE('',*,*,#2602,.F.);
#3848=ORIENTED_EDGE('',*,*,#2605,.F.);
#3849=ORIENTED_EDGE('',*,*,#2686,.F.);
#3850=ORIENTED_EDGE('',*,*,#2687,.F.);
#3851=ORIENTED_EDGE('',*,*,#2688,.F.);
#3852=ORIENTED_EDGE('',*,*,#2689,.F.);
#3853=ORIENTED_EDGE('',*,*,#2690,.F.);
#3854=ORIENTED_EDGE('',*,*,#2691,.T.);
#3855=ORIENTED_EDGE('',*,*,#2692,.F.);
#3856=ORIENTED_EDGE('',*,*,#2693,.T.);
#3857=ORIENTED_EDGE('',*,*,#2694,.T.);
#3858=ORIENTED_EDGE('',*,*,#2695,.F.);
#3859=ORIENTED_EDGE('',*,*,#2696,.F.);
#3860=ORIENTED_EDGE('',*,*,#2697,.T.);
#3861=ORIENTED_EDGE('',*,*,#2698,.F.);
#3862=ORIENTED_EDGE('',*,*,#2699,.T.);
#3863=ORIENTED_EDGE('',*,*,#2700,.F.);
#3864=ORIENTED_EDGE('',*,*,#2701,.F.);
#3865=ORIENTED_EDGE('',*,*,#2702,.T.);
#3866=ORIENTED_EDGE('',*,*,#2644,.T.);
#3867=ORIENTED_EDGE('',*,*,#2684,.T.);
#3868=ORIENTED_EDGE('',*,*,#2681,.T.);
#3869=ORIENTED_EDGE('',*,*,#2678,.T.);
#3870=ORIENTED_EDGE('',*,*,#2675,.T.);
#3871=ORIENTED_EDGE('',*,*,#2672,.T.);
#3872=ORIENTED_EDGE('',*,*,#2669,.T.);
#3873=ORIENTED_EDGE('',*,*,#2666,.T.);
#3874=ORIENTED_EDGE('',*,*,#2663,.T.);
#3875=ORIENTED_EDGE('',*,*,#2660,.T.);
#3876=ORIENTED_EDGE('',*,*,#2657,.T.);
#3877=ORIENTED_EDGE('',*,*,#2654,.T.);
#3878=ORIENTED_EDGE('',*,*,#2651,.T.);
#3879=ORIENTED_EDGE('',*,*,#2648,.T.);
#3880=ORIENTED_EDGE('',*,*,#2632,.T.);
#3881=ORIENTED_EDGE('',*,*,#2642,.T.);
#3882=ORIENTED_EDGE('',*,*,#2639,.T.);
#3883=ORIENTED_EDGE('',*,*,#2636,.T.);
#3884=ORIENTED_EDGE('',*,*,#2626,.T.);
#3885=ORIENTED_EDGE('',*,*,#2630,.T.);
#3886=ORIENTED_EDGE('',*,*,#2614,.T.);
#3887=ORIENTED_EDGE('',*,*,#2624,.T.);
#3888=ORIENTED_EDGE('',*,*,#2621,.T.);
#3889=ORIENTED_EDGE('',*,*,#2618,.T.);
#3890=ORIENTED_EDGE('',*,*,#2608,.T.);
#3891=ORIENTED_EDGE('',*,*,#2612,.T.);
#3892=ORIENTED_EDGE('',*,*,#2703,.T.);
#3893=ORIENTED_EDGE('',*,*,#2704,.T.);
#3894=ORIENTED_EDGE('',*,*,#2705,.T.);
#3895=ORIENTED_EDGE('',*,*,#2545,.T.);
#3896=ORIENTED_EDGE('',*,*,#2706,.T.);
#3897=ORIENTED_EDGE('',*,*,#2707,.T.);
#3898=ORIENTED_EDGE('',*,*,#2546,.T.);
#3899=ORIENTED_EDGE('',*,*,#2705,.F.);
#3900=ORIENTED_EDGE('',*,*,#2708,.T.);
#3901=ORIENTED_EDGE('',*,*,#2709,.T.);
#3902=ORIENTED_EDGE('',*,*,#2547,.T.);
#3903=ORIENTED_EDGE('',*,*,#2707,.F.);
#3904=ORIENTED_EDGE('',*,*,#2710,.T.);
#3905=ORIENTED_EDGE('',*,*,#2711,.T.);
#3906=ORIENTED_EDGE('',*,*,#2128,.T.);
#3907=ORIENTED_EDGE('',*,*,#2153,.T.);
#3908=ORIENTED_EDGE('',*,*,#2150,.T.);
#3909=ORIENTED_EDGE('',*,*,#2147,.T.);
#3910=ORIENTED_EDGE('',*,*,#2144,.T.);
#3911=ORIENTED_EDGE('',*,*,#2141,.T.);
#3912=ORIENTED_EDGE('',*,*,#2138,.T.);
#3913=ORIENTED_EDGE('',*,*,#2135,.T.);
#3914=ORIENTED_EDGE('',*,*,#2132,.T.);
#3915=ORIENTED_EDGE('',*,*,#2709,.F.);
#3916=ORIENTED_EDGE('',*,*,#2712,.F.);
#3917=ORIENTED_EDGE('',*,*,#2713,.T.);
#3918=ORIENTED_EDGE('',*,*,#2699,.F.);
#3919=ORIENTED_EDGE('',*,*,#2714,.T.);
#3920=ORIENTED_EDGE('',*,*,#2548,.F.);
#3921=ORIENTED_EDGE('',*,*,#2711,.F.);
#3922=ORIENTED_EDGE('',*,*,#2715,.T.);
#3923=ORIENTED_EDGE('',*,*,#2716,.T.);
#3924=ORIENTED_EDGE('',*,*,#2712,.T.);
#3925=ORIENTED_EDGE('',*,*,#2553,.T.);
#3926=ORIENTED_EDGE('',*,*,#2717,.T.);
#3927=ORIENTED_EDGE('',*,*,#2718,.T.);
#3928=ORIENTED_EDGE('',*,*,#2717,.F.);
#3929=ORIENTED_EDGE('',*,*,#2718,.F.);
#3930=ORIENTED_EDGE('',*,*,#2719,.T.);
#3931=ORIENTED_EDGE('',*,*,#2702,.F.);
#3932=ORIENTED_EDGE('',*,*,#2719,.F.);
#3933=ORIENTED_EDGE('',*,*,#2720,.F.);
#3934=ORIENTED_EDGE('',*,*,#2721,.T.);
#3935=ORIENTED_EDGE('',*,*,#2722,.F.);
#3936=ORIENTED_EDGE('',*,*,#2694,.F.);
#3937=ORIENTED_EDGE('',*,*,#2723,.F.);
#3938=ORIENTED_EDGE('',*,*,#2696,.T.);
#3939=ORIENTED_EDGE('',*,*,#2724,.F.);
#3940=ORIENTED_EDGE('',*,*,#2725,.F.);
#3941=ORIENTED_EDGE('',*,*,#2726,.F.);
#3942=ORIENTED_EDGE('',*,*,#2725,.T.);
#3943=ORIENTED_EDGE('',*,*,#2727,.F.);
#3944=ORIENTED_EDGE('',*,*,#2721,.F.);
#3945=ORIENTED_EDGE('',*,*,#2727,.T.);
#3946=ORIENTED_EDGE('',*,*,#2724,.T.);
#3947=ORIENTED_EDGE('',*,*,#2695,.T.);
#3948=ORIENTED_EDGE('',*,*,#2722,.T.);
#3949=ORIENTED_EDGE('',*,*,#2723,.T.);
#3950=ORIENTED_EDGE('',*,*,#2726,.T.);
#3951=ORIENTED_EDGE('',*,*,#2720,.T.);
#3952=ORIENTED_EDGE('',*,*,#2693,.F.);
#3953=ORIENTED_EDGE('',*,*,#2728,.T.);
#3954=ORIENTED_EDGE('',*,*,#2550,.F.);
#3955=ORIENTED_EDGE('',*,*,#2729,.F.);
#3956=ORIENTED_EDGE('',*,*,#2697,.F.);
#3957=ORIENTED_EDGE('',*,*,#2703,.F.);
#3958=ORIENTED_EDGE('',*,*,#2730,.T.);
#3959=ORIENTED_EDGE('',*,*,#2731,.T.);
#3960=ORIENTED_EDGE('',*,*,#2732,.T.);
#3961=ORIENTED_EDGE('',*,*,#2732,.F.);
#3962=ORIENTED_EDGE('',*,*,#2733,.T.);
#3963=ORIENTED_EDGE('',*,*,#2734,.T.);
#3964=ORIENTED_EDGE('',*,*,#2735,.T.);
#3965=ORIENTED_EDGE('',*,*,#2700,.T.);
#3966=ORIENTED_EDGE('',*,*,#2713,.F.);
#3967=ORIENTED_EDGE('',*,*,#2716,.F.);
#3968=ORIENTED_EDGE('',*,*,#2736,.F.);
#3969=ORIENTED_EDGE('',*,*,#2737,.F.);
#3970=ORIENTED_EDGE('',*,*,#2701,.T.);
#3971=ORIENTED_EDGE('',*,*,#2737,.T.);
#3972=ORIENTED_EDGE('',*,*,#2738,.F.);
#3973=ORIENTED_EDGE('',*,*,#2739,.F.);
#3974=ORIENTED_EDGE('',*,*,#2689,.T.);
#3975=ORIENTED_EDGE('',*,*,#2740,.T.);
#3976=ORIENTED_EDGE('',*,*,#2734,.F.);
#3977=ORIENTED_EDGE('',*,*,#2741,.F.);
#3978=ORIENTED_EDGE('',*,*,#2690,.T.);
#3979=ORIENTED_EDGE('',*,*,#2741,.T.);
#3980=ORIENTED_EDGE('',*,*,#2733,.F.);
#3981=ORIENTED_EDGE('',*,*,#2731,.F.);
#3982=ORIENTED_EDGE('',*,*,#2742,.F.);
#3983=ORIENTED_EDGE('',*,*,#2715,.F.);
#3984=ORIENTED_EDGE('',*,*,#2743,.T.);
#3985=ORIENTED_EDGE('',*,*,#2738,.T.);
#3986=ORIENTED_EDGE('',*,*,#2736,.T.);
#3987=ORIENTED_EDGE('',*,*,#2554,.T.);
#3988=ORIENTED_EDGE('',*,*,#2606,.T.);
#3989=ORIENTED_EDGE('',*,*,#2603,.T.);
#3990=ORIENTED_EDGE('',*,*,#2600,.T.);
#3991=ORIENTED_EDGE('',*,*,#2597,.T.);
#3992=ORIENTED_EDGE('',*,*,#2594,.T.);
#3993=ORIENTED_EDGE('',*,*,#2591,.T.);
#3994=ORIENTED_EDGE('',*,*,#2588,.T.);
#3995=ORIENTED_EDGE('',*,*,#2585,.T.);
#3996=ORIENTED_EDGE('',*,*,#2582,.T.);
#3997=ORIENTED_EDGE('',*,*,#2579,.T.);
#3998=ORIENTED_EDGE('',*,*,#2576,.T.);
#3999=ORIENTED_EDGE('',*,*,#2573,.T.);
#4000=ORIENTED_EDGE('',*,*,#2570,.T.);
#4001=ORIENTED_EDGE('',*,*,#2567,.T.);
#4002=ORIENTED_EDGE('',*,*,#2564,.T.);
#4003=ORIENTED_EDGE('',*,*,#2561,.T.);
#4004=ORIENTED_EDGE('',*,*,#2558,.T.);
#4005=ORIENTED_EDGE('',*,*,#2710,.F.);
#4006=ORIENTED_EDGE('',*,*,#2744,.F.);
#4007=ORIENTED_EDGE('',*,*,#2686,.T.);
#4008=ORIENTED_EDGE('',*,*,#2739,.T.);
#4009=ORIENTED_EDGE('',*,*,#2743,.F.);
#4010=ORIENTED_EDGE('',*,*,#2708,.F.);
#4011=ORIENTED_EDGE('',*,*,#2745,.F.);
#4012=ORIENTED_EDGE('',*,*,#2687,.T.);
#4013=ORIENTED_EDGE('',*,*,#2744,.T.);
#4014=ORIENTED_EDGE('',*,*,#2704,.F.);
#4015=ORIENTED_EDGE('',*,*,#2735,.F.);
#4016=ORIENTED_EDGE('',*,*,#2740,.F.);
#4017=ORIENTED_EDGE('',*,*,#2688,.T.);
#4018=ORIENTED_EDGE('',*,*,#2745,.T.);
#4019=ORIENTED_EDGE('',*,*,#2706,.F.);
#4020=ORIENTED_EDGE('',*,*,#2552,.F.);
#4021=ORIENTED_EDGE('',*,*,#2746,.F.);
#4022=ORIENTED_EDGE('',*,*,#2691,.F.);
#4023=ORIENTED_EDGE('',*,*,#2742,.T.);
#4024=ORIENTED_EDGE('',*,*,#2730,.F.);
#4025=ORIENTED_EDGE('',*,*,#2692,.T.);
#4026=ORIENTED_EDGE('',*,*,#2746,.T.);
#4027=ORIENTED_EDGE('',*,*,#2551,.F.);
#4028=ORIENTED_EDGE('',*,*,#2728,.F.);
#4029=ORIENTED_EDGE('',*,*,#2698,.T.);
#4030=ORIENTED_EDGE('',*,*,#2729,.T.);
#4031=ORIENTED_EDGE('',*,*,#2549,.F.);
#4032=ORIENTED_EDGE('',*,*,#2714,.F.);
#4033=PLANE('',#4379);
#4034=PLANE('',#4380);
#4035=PLANE('',#4381);
#4036=PLANE('',#4382);
#4037=PLANE('',#4383);
#4038=PLANE('',#4384);
#4039=PLANE('',#4385);
#4040=PLANE('',#4386);
#4041=PLANE('',#4387);
#4042=PLANE('',#4388);
#4043=PLANE('',#4389);
#4044=PLANE('',#4390);
#4045=PLANE('',#4391);
#4046=PLANE('',#4392);
#4047=PLANE('',#4393);
#4048=PLANE('',#4394);
#4049=PLANE('',#4395);
#4050=PLANE('',#4396);
#4051=PLANE('',#4397);
#4052=PLANE('',#4398);
#4053=PLANE('',#4399);
#4054=PLANE('',#4400);
#4055=PLANE('',#4401);
#4056=PLANE('',#4402);
#4057=PLANE('',#4403);
#4058=PLANE('',#4404);
#4059=PLANE('',#4405);
#4060=PLANE('',#4406);
#4061=PLANE('',#4407);
#4062=PLANE('',#4408);
#4063=PLANE('',#4409);
#4064=PLANE('',#4410);
#4065=PLANE('',#4411);
#4066=PLANE('',#4412);
#4067=PLANE('',#4413);
#4068=PLANE('',#4414);
#4069=PLANE('',#4415);
#4070=PLANE('',#4416);
#4071=PLANE('',#4417);
#4072=PLANE('',#4418);
#4073=PLANE('',#4419);
#4074=PLANE('',#4420);
#4075=PLANE('',#4421);
#4076=PLANE('',#4422);
#4077=PLANE('',#4423);
#4078=PLANE('',#4424);
#4079=PLANE('',#4425);
#4080=PLANE('',#4426);
#4081=PLANE('',#4427);
#4082=PLANE('',#4428);
#4083=PLANE('',#4429);
#4084=PLANE('',#4430);
#4085=PLANE('',#4431);
#4086=PLANE('',#4432);
#4087=PLANE('',#4433);
#4088=PLANE('',#4434);
#4089=PLANE('',#4435);
#4090=PLANE('',#4436);
#4091=PLANE('',#4437);
#4092=PLANE('',#4438);
#4093=PLANE('',#4439);
#4094=PLANE('',#4440);
#4095=PLANE('',#4441);
#4096=PLANE('',#4447);
#4097=PLANE('',#4448);
#4098=PLANE('',#4449);
#4099=PLANE('',#4516);
#4100=PLANE('',#4526);
#4101=PLANE('',#4536);
#4102=PLANE('',#4552);
#4103=PLANE('',#4562);
#4104=PLANE('',#4563);
#4105=PLANE('',#4569);
#4106=PLANE('',#4570);
#4107=PLANE('',#4571);
#4108=PLANE('',#4572);
#4109=PLANE('',#4575);
#4110=PLANE('',#4578);
#4111=PLANE('',#4579);
#4112=PLANE('',#4580);
#4113=PLANE('',#4584);
#4114=PLANE('',#4585);
#4115=PLANE('',#4586);
#4116=PLANE('',#4587);
#4117=PLANE('',#4588);
#4118=PLANE('',#4589);
#4119=PLANE('',#4590);
#4120=PLANE('',#4592);
#4121=PLANE('',#4593);
#4122=PLANE('',#4594);
#4123=PLANE('',#4595);
#4124=PLANE('',#4596);
#4125=PLANE('',#4598);
#4126=PLANE('',#4600);
#4127=PLANE('',#4602);
#4128=ADVANCED_FACE('',(#469),#4033,.F.);
#4129=ADVANCED_FACE('',(#470),#4034,.F.);
#4130=ADVANCED_FACE('',(#471),#4035,.F.);
#4131=ADVANCED_FACE('',(#472),#4036,.F.);
#4132=ADVANCED_FACE('',(#473),#4037,.F.);
#4133=ADVANCED_FACE('',(#474),#4038,.F.);
#4134=ADVANCED_FACE('',(#475),#4039,.F.);
#4135=ADVANCED_FACE('',(#476),#4040,.F.);
#4136=ADVANCED_FACE('',(#477),#4041,.F.);
#4137=ADVANCED_FACE('',(#478),#4042,.F.);
#4138=ADVANCED_FACE('',(#479),#376,.F.);
#4139=ADVANCED_FACE('',(#480),#377,.F.);
#4140=ADVANCED_FACE('',(#481),#378,.F.);
#4141=ADVANCED_FACE('',(#482),#379,.F.);
#4142=ADVANCED_FACE('',(#483),#380,.F.);
#4143=ADVANCED_FACE('',(#484),#381,.F.);
#4144=ADVANCED_FACE('',(#485),#4043,.F.);
#4145=ADVANCED_FACE('',(#486),#4044,.F.);
#4146=ADVANCED_FACE('',(#487),#4045,.F.);
#4147=ADVANCED_FACE('',(#488),#382,.F.);
#4148=ADVANCED_FACE('',(#489),#383,.F.);
#4149=ADVANCED_FACE('',(#490),#384,.F.);
#4150=ADVANCED_FACE('',(#491),#385,.F.);
#4151=ADVANCED_FACE('',(#492),#386,.F.);
#4152=ADVANCED_FACE('',(#493),#387,.F.);
#4153=ADVANCED_FACE('',(#494),#388,.F.);
#4154=ADVANCED_FACE('',(#495),#4046,.F.);
#4155=ADVANCED_FACE('',(#496),#4047,.F.);
#4156=ADVANCED_FACE('',(#497),#389,.F.);
#4157=ADVANCED_FACE('',(#498),#390,.F.);
#4158=ADVANCED_FACE('',(#499),#391,.F.);
#4159=ADVANCED_FACE('',(#500),#392,.F.);
#4160=ADVANCED_FACE('',(#501),#393,.F.);
#4161=ADVANCED_FACE('',(#502),#394,.F.);
#4162=ADVANCED_FACE('',(#503),#395,.F.);
#4163=ADVANCED_FACE('',(#504),#396,.F.);
#4164=ADVANCED_FACE('',(#505),#397,.F.);
#4165=ADVANCED_FACE('',(#506),#398,.F.);
#4166=ADVANCED_FACE('',(#507),#399,.F.);
#4167=ADVANCED_FACE('',(#508),#4048,.F.);
#4168=ADVANCED_FACE('',(#509),#4049,.F.);
#4169=ADVANCED_FACE('',(#510),#4050,.F.);
#4170=ADVANCED_FACE('',(#511,#170,#171),#4051,.T.);
#4171=ADVANCED_FACE('',(#512),#400,.F.);
#4172=ADVANCED_FACE('',(#513),#401,.F.);
#4173=ADVANCED_FACE('',(#514),#402,.F.);
#4174=ADVANCED_FACE('',(#515),#403,.F.);
#4175=ADVANCED_FACE('',(#516),#404,.F.);
#4176=ADVANCED_FACE('',(#517),#405,.F.);
#4177=ADVANCED_FACE('',(#518),#406,.F.);
#4178=ADVANCED_FACE('',(#519),#407,.F.);
#4179=ADVANCED_FACE('',(#520),#408,.F.);
#4180=ADVANCED_FACE('',(#521),#409,.F.);
#4181=ADVANCED_FACE('',(#522),#410,.F.);
#4182=ADVANCED_FACE('',(#523),#411,.F.);
#4183=ADVANCED_FACE('',(#524),#412,.F.);
#4184=ADVANCED_FACE('',(#525),#413,.F.);
#4185=ADVANCED_FACE('',(#526),#414,.F.);
#4186=ADVANCED_FACE('',(#527),#415,.F.);
#4187=ADVANCED_FACE('',(#528),#416,.F.);
#4188=ADVANCED_FACE('',(#529),#417,.F.);
#4189=ADVANCED_FACE('',(#530),#418,.F.);
#4190=ADVANCED_FACE('',(#531),#419,.F.);
#4191=ADVANCED_FACE('',(#532,#172),#4052,.T.);
#4192=ADVANCED_FACE('',(#533),#4053,.F.);
#4193=ADVANCED_FACE('',(#534),#4054,.F.);
#4194=ADVANCED_FACE('',(#535),#4055,.F.);
#4195=ADVANCED_FACE('',(#536),#4056,.F.);
#4196=ADVANCED_FACE('',(#537),#4057,.F.);
#4197=ADVANCED_FACE('',(#538),#4058,.F.);
#4198=ADVANCED_FACE('',(#539),#4059,.F.);
#4199=ADVANCED_FACE('',(#540),#4060,.F.);
#4200=ADVANCED_FACE('',(#541),#4061,.F.);
#4201=ADVANCED_FACE('',(#542),#4062,.F.);
#4202=ADVANCED_FACE('',(#543),#4063,.F.);
#4203=ADVANCED_FACE('',(#544),#4064,.F.);
#4204=ADVANCED_FACE('',(#545),#4065,.F.);
#4205=ADVANCED_FACE('',(#546),#4066,.F.);
#4206=ADVANCED_FACE('',(#547),#4067,.F.);
#4207=ADVANCED_FACE('',(#548),#4068,.F.);
#4208=ADVANCED_FACE('',(#549),#4069,.F.);
#4209=ADVANCED_FACE('',(#550),#4070,.F.);
#4210=ADVANCED_FACE('',(#551),#4071,.F.);
#4211=ADVANCED_FACE('',(#552),#4072,.F.);
#4212=ADVANCED_FACE('',(#553),#4073,.F.);
#4213=ADVANCED_FACE('',(#554),#4074,.F.);
#4214=ADVANCED_FACE('',(#555),#4075,.F.);
#4215=ADVANCED_FACE('',(#556),#4076,.F.);
#4216=ADVANCED_FACE('',(#557),#4077,.F.);
#4217=ADVANCED_FACE('',(#558),#4078,.F.);
#4218=ADVANCED_FACE('',(#559),#4079,.F.);
#4219=ADVANCED_FACE('',(#560),#420,.F.);
#4220=ADVANCED_FACE('',(#561),#421,.F.);
#4221=ADVANCED_FACE('',(#562),#422,.F.);
#4222=ADVANCED_FACE('',(#563),#423,.F.);
#4223=ADVANCED_FACE('',(#564),#424,.F.);
#4224=ADVANCED_FACE('',(#565),#425,.F.);
#4225=ADVANCED_FACE('',(#566),#426,.F.);
#4226=ADVANCED_FACE('',(#567),#427,.F.);
#4227=ADVANCED_FACE('',(#568),#428,.F.);
#4228=ADVANCED_FACE('',(#569),#429,.F.);
#4229=ADVANCED_FACE('',(#570),#430,.F.);
#4230=ADVANCED_FACE('',(#571),#431,.F.);
#4231=ADVANCED_FACE('',(#572),#432,.F.);
#4232=ADVANCED_FACE('',(#573),#433,.F.);
#4233=ADVANCED_FACE('',(#574),#4080,.F.);
#4234=ADVANCED_FACE('',(#575),#434,.F.);
#4235=ADVANCED_FACE('',(#576),#435,.F.);
#4236=ADVANCED_FACE('',(#577),#436,.F.);
#4237=ADVANCED_FACE('',(#578),#437,.F.);
#4238=ADVANCED_FACE('',(#579),#438,.F.);
#4239=ADVANCED_FACE('',(#580),#439,.F.);
#4240=ADVANCED_FACE('',(#581),#440,.F.);
#4241=ADVANCED_FACE('',(#582),#441,.F.);
#4242=ADVANCED_FACE('',(#583),#442,.F.);
#4243=ADVANCED_FACE('',(#584),#443,.F.);
#4244=ADVANCED_FACE('',(#585),#444,.F.);
#4245=ADVANCED_FACE('',(#586),#445,.F.);
#4246=ADVANCED_FACE('',(#587),#446,.F.);
#4247=ADVANCED_FACE('',(#588),#447,.F.);
#4248=ADVANCED_FACE('',(#589),#448,.F.);
#4249=ADVANCED_FACE('',(#590),#449,.F.);
#4250=ADVANCED_FACE('',(#591),#450,.F.);
#4251=ADVANCED_FACE('',(#592),#451,.F.);
#4252=ADVANCED_FACE('',(#593),#4081,.F.);
#4253=ADVANCED_FACE('',(#594),#452,.F.);
#4254=ADVANCED_FACE('',(#595),#4082,.T.);
#4255=ADVANCED_FACE('',(#596),#4083,.F.);
#4256=ADVANCED_FACE('',(#597),#453,.F.);
#4257=ADVANCED_FACE('',(#598),#454,.F.);
#4258=ADVANCED_FACE('',(#599),#455,.F.);
#4259=ADVANCED_FACE('',(#600),#456,.F.);
#4260=ADVANCED_FACE('',(#601),#457,.F.);
#4261=ADVANCED_FACE('',(#602),#4084,.F.);
#4262=ADVANCED_FACE('',(#603),#4085,.F.);
#4263=ADVANCED_FACE('',(#604),#4086,.F.);
#4264=ADVANCED_FACE('',(#605),#4087,.F.);
#4265=ADVANCED_FACE('',(#606),#458,.F.);
#4266=ADVANCED_FACE('',(#607),#459,.F.);
#4267=ADVANCED_FACE('',(#608),#460,.F.);
#4268=ADVANCED_FACE('',(#609),#461,.F.);
#4269=ADVANCED_FACE('',(#610),#4088,.F.);
#4270=ADVANCED_FACE('',(#611),#4089,.F.);
#4271=ADVANCED_FACE('',(#612),#4090,.F.);
#4272=ADVANCED_FACE('',(#613),#462,.F.);
#4273=ADVANCED_FACE('',(#614),#463,.F.);
#4274=ADVANCED_FACE('',(#615),#464,.F.);
#4275=ADVANCED_FACE('',(#616),#465,.F.);
#4276=ADVANCED_FACE('',(#617),#466,.F.);
#4277=ADVANCED_FACE('',(#618),#467,.F.);
#4278=ADVANCED_FACE('',(#619),#468,.F.);
#4279=ADVANCED_FACE('',(#620),#4091,.F.);
#4280=ADVANCED_FACE('',(#621),#4092,.F.);
#4281=ADVANCED_FACE('',(#622),#4093,.F.);
#4282=ADVANCED_FACE('',(#623,#173),#4094,.T.);
#4283=ADVANCED_FACE('',(#624,#174,#175,#176,#177,#178,#179,#180,#181,#182),
#4095,.T.);
#4284=ADVANCED_FACE('',(#625),#4096,.T.);
#4285=ADVANCED_FACE('',(#626),#4097,.T.);
#4286=ADVANCED_FACE('',(#627),#4098,.T.);
#4287=ADVANCED_FACE('',(#628),#42,.T.);
#4288=ADVANCED_FACE('',(#629),#43,.T.);
#4289=ADVANCED_FACE('',(#630),#44,.T.);
#4290=ADVANCED_FACE('',(#631),#45,.T.);
#4291=ADVANCED_FACE('',(#632),#46,.T.);
#4292=ADVANCED_FACE('',(#633),#47,.T.);
#4293=ADVANCED_FACE('',(#634),#48,.T.);
#4294=ADVANCED_FACE('',(#635),#49,.T.);
#4295=ADVANCED_FACE('',(#636),#50,.F.);
#4296=ADVANCED_FACE('',(#637),#51,.F.);
#4297=ADVANCED_FACE('',(#638),#52,.T.);
#4298=ADVANCED_FACE('',(#639),#53,.T.);
#4299=ADVANCED_FACE('',(#640),#54,.T.);
#4300=ADVANCED_FACE('',(#641),#55,.T.);
#4301=ADVANCED_FACE('',(#642),#56,.T.);
#4302=ADVANCED_FACE('',(#643),#57,.T.);
#4303=ADVANCED_FACE('',(#644),#58,.F.);
#4304=ADVANCED_FACE('',(#645),#59,.F.);
#4305=ADVANCED_FACE('',(#646),#60,.T.);
#4306=ADVANCED_FACE('',(#647),#61,.T.);
#4307=ADVANCED_FACE('',(#648),#62,.T.);
#4308=ADVANCED_FACE('',(#649),#63,.F.);
#4309=ADVANCED_FACE('',(#650),#4099,.F.);
#4310=ADVANCED_FACE('',(#651),#38,.F.);
#4311=ADVANCED_FACE('',(#652),#64,.T.);
#4312=ADVANCED_FACE('',(#653),#65,.T.);
#4313=ADVANCED_FACE('',(#654),#66,.T.);
#4314=ADVANCED_FACE('',(#655),#39,.F.);
#4315=ADVANCED_FACE('',(#656),#4100,.F.);
#4316=ADVANCED_FACE('',(#657),#67,.F.);
#4317=ADVANCED_FACE('',(#658),#68,.F.);
#4318=ADVANCED_FACE('',(#659),#69,.F.);
#4319=ADVANCED_FACE('',(#660),#4101,.F.);
#4320=ADVANCED_FACE('',(#661),#70,.F.);
#4321=ADVANCED_FACE('',(#662),#71,.F.);
#4322=ADVANCED_FACE('',(#663),#40,.F.);
#4323=ADVANCED_FACE('',(#664),#72,.F.);
#4324=ADVANCED_FACE('',(#665),#73,.F.);
#4325=ADVANCED_FACE('',(#666),#74,.F.);
#4326=ADVANCED_FACE('',(#667),#4102,.F.);
#4327=ADVANCED_FACE('',(#668),#75,.F.);
#4328=ADVANCED_FACE('',(#669),#76,.F.);
#4329=ADVANCED_FACE('',(#670),#77,.F.);
#4330=ADVANCED_FACE('',(#671),#41,.F.);
#4331=ADVANCED_FACE('',(#672,#183,#184,#185,#186,#187),#4103,.T.);
#4332=ADVANCED_FACE('',(#673,#188,#189),#4104,.F.);
#4333=ADVANCED_FACE('',(#674),#4105,.F.);
#4334=ADVANCED_FACE('',(#675),#4106,.F.);
#4335=ADVANCED_FACE('',(#676),#4107,.F.);
#4336=ADVANCED_FACE('',(#677),#4108,.F.);
#4337=ADVANCED_FACE('',(#678),#23,.T.);
#4338=ADVANCED_FACE('',(#679),#4109,.T.);
#4339=ADVANCED_FACE('',(#680),#24,.T.);
#4340=ADVANCED_FACE('',(#681),#4110,.T.);
#4341=ADVANCED_FACE('',(#682),#4111,.T.);
#4342=ADVANCED_FACE('',(#683),#4112,.T.);
#4343=ADVANCED_FACE('',(#684),#25,.F.);
#4344=ADVANCED_FACE('',(#685),#78,.F.);
#4345=ADVANCED_FACE('',(#686),#4113,.T.);
#4346=ADVANCED_FACE('',(#687),#4114,.T.);
#4347=ADVANCED_FACE('',(#688),#4115,.T.);
#4348=ADVANCED_FACE('',(#689),#4116,.T.);
#4349=ADVANCED_FACE('',(#690),#4117,.T.);
#4350=ADVANCED_FACE('',(#691),#4118,.T.);
#4351=ADVANCED_FACE('',(#692),#4119,.T.);
#4352=ADVANCED_FACE('',(#693),#4120,.T.);
#4353=ADVANCED_FACE('',(#694),#4121,.T.);
#4354=ADVANCED_FACE('',(#695),#4122,.T.);
#4355=ADVANCED_FACE('',(#696),#4123,.T.);
#4356=ADVANCED_FACE('',(#697),#4124,.T.);
#4357=ADVANCED_FACE('',(#698),#4125,.F.);
#4358=ADVANCED_FACE('',(#699),#79,.T.);
#4359=ADVANCED_FACE('',(#700),#4126,.T.);
#4360=ADVANCED_FACE('',(#701),#80,.T.);
#4361=ADVANCED_FACE('',(#702),#4127,.T.);
#4362=ADVANCED_FACE('',(#703),#81,.T.);
#4363=ADVANCED_FACE('',(#704),#82,.T.);
#4364=CLOSED_SHELL('',(#4128,#4129,#4130,#4131,#4132,#4133,#4134,#4135,
#4136,#4137,#4138,#4139,#4140,#4141,#4142,#4143,#4144,#4145,#4146,#4147,
#4148,#4149,#4150,#4151,#4152,#4153,#4154,#4155,#4156,#4157,#4158,#4159,
#4160,#4161,#4162,#4163,#4164,#4165,#4166,#4167,#4168,#4169,#4170,#4171,
#4172,#4173,#4174,#4175,#4176,#4177,#4178,#4179,#4180,#4181,#4182,#4183,
#4184,#4185,#4186,#4187,#4188,#4189,#4190,#4191,#4192,#4193,#4194,#4195,
#4196,#4197,#4198,#4199,#4200,#4201,#4202,#4203,#4204,#4205,#4206,#4207,
#4208,#4209,#4210,#4211,#4212,#4213,#4214,#4215,#4216,#4217,#4218,#4219,
#4220,#4221,#4222,#4223,#4224,#4225,#4226,#4227,#4228,#4229,#4230,#4231,
#4232,#4233,#4234,#4235,#4236,#4237,#4238,#4239,#4240,#4241,#4242,#4243,
#4244,#4245,#4246,#4247,#4248,#4249,#4250,#4251,#4252,#4253,#4254,#4255,
#4256,#4257,#4258,#4259,#4260,#4261,#4262,#4263,#4264,#4265,#4266,#4267,
#4268,#4269,#4270,#4271,#4272,#4273,#4274,#4275,#4276,#4277,#4278,#4279,
#4280,#4281,#4282,#4283,#4284,#4285,#4286,#4287,#4288,#4289,#4290,#4291,
#4292,#4293,#4294,#4295,#4296,#4297,#4298,#4299,#4300,#4301,#4302,#4303,
#4304,#4305,#4306,#4307,#4308,#4309,#4310,#4311,#4312,#4313,#4314,#4315,
#4316,#4317,#4318,#4319,#4320,#4321,#4322,#4323,#4324,#4325,#4326,#4327,
#4328,#4329,#4330,#4331,#4332,#4333,#4334,#4335,#4336,#4337,#4338,#4339,
#4340,#4341,#4342,#4343,#4344,#4345,#4346,#4347,#4348,#4349,#4350,#4351,
#4352,#4353,#4354,#4355,#4356,#4357,#4358,#4359,#4360,#4361,#4362,#4363));
#4365=DERIVED_UNIT_ELEMENT(#4367,1.);
#4366=DERIVED_UNIT_ELEMENT(#8383,-3.);
#4367=(
MASS_UNIT()
NAMED_UNIT(*)
SI_UNIT(.KILO.,.GRAM.)
);
#4368=DERIVED_UNIT((#4365,#4366));
#4369=MEASURE_REPRESENTATION_ITEM('density measure',
POSITIVE_RATIO_MEASURE(7850.),#4368);
#4370=PROPERTY_DEFINITION_REPRESENTATION(#4375,#4372);
#4371=PROPERTY_DEFINITION_REPRESENTATION(#4376,#4373);
#4372=REPRESENTATION('material name',(#4374),#8380);
#4373=REPRESENTATION('density',(#4369),#8380);
#4374=DESCRIPTIVE_REPRESENTATION_ITEM('\X2\94A2\X0\','\X2\94A2\X0\');
#4375=PROPERTY_DEFINITION('material property','material name',#8395);
#4376=PROPERTY_DEFINITION('material property','density of part',#8395);
#4377=AXIS2_PLACEMENT_3D('',#5425,#4607,#4608);
#4378=AXIS2_PLACEMENT_3D('',#5426,#4609,#4610);
#4379=AXIS2_PLACEMENT_3D('',#5427,#4611,#4612);
#4380=AXIS2_PLACEMENT_3D('',#5436,#4617,#4618);
#4381=AXIS2_PLACEMENT_3D('',#5442,#4622,#4623);
#4382=AXIS2_PLACEMENT_3D('',#5448,#4627,#4628);
#4383=AXIS2_PLACEMENT_3D('',#5454,#4632,#4633);
#4384=AXIS2_PLACEMENT_3D('',#5460,#4637,#4638);
#4385=AXIS2_PLACEMENT_3D('',#5466,#4642,#4643);
#4386=AXIS2_PLACEMENT_3D('',#5472,#4647,#4648);
#4387=AXIS2_PLACEMENT_3D('',#5475,#4651,#4652);
#4388=AXIS2_PLACEMENT_3D('',#5476,#4653,#4654);
#4389=AXIS2_PLACEMENT_3D('',#5623,#4665,#4666);
#4390=AXIS2_PLACEMENT_3D('',#5629,#4670,#4671);
#4391=AXIS2_PLACEMENT_3D('',#5632,#4674,#4675);
#4392=AXIS2_PLACEMENT_3D('',#5802,#4687,#4688);
#4393=AXIS2_PLACEMENT_3D('',#5808,#4692,#4693);
#4394=AXIS2_PLACEMENT_3D('',#6067,#4708,#4709);
#4395=AXIS2_PLACEMENT_3D('',#6073,#4713,#4714);
#4396=AXIS2_PLACEMENT_3D('',#6079,#4718,#4719);
#4397=AXIS2_PLACEMENT_3D('',#6082,#4722,#4723);
#4398=AXIS2_PLACEMENT_3D('',#6543,#4744,#4745);
#4399=AXIS2_PLACEMENT_3D('',#6544,#4746,#4747);
#4400=AXIS2_PLACEMENT_3D('',#6553,#4752,#4753);
#4401=AXIS2_PLACEMENT_3D('',#6559,#4757,#4758);
#4402=AXIS2_PLACEMENT_3D('',#6565,#4762,#4763);
#4403=AXIS2_PLACEMENT_3D('',#6571,#4767,#4768);
#4404=AXIS2_PLACEMENT_3D('',#6577,#4772,#4773);
#4405=AXIS2_PLACEMENT_3D('',#6583,#4777,#4778);
#4406=AXIS2_PLACEMENT_3D('',#6589,#4782,#4783);
#4407=AXIS2_PLACEMENT_3D('',#6595,#4787,#4788);
#4408=AXIS2_PLACEMENT_3D('',#6601,#4792,#4793);
#4409=AXIS2_PLACEMENT_3D('',#6607,#4797,#4798);
#4410=AXIS2_PLACEMENT_3D('',#6613,#4802,#4803);
#4411=AXIS2_PLACEMENT_3D('',#6616,#4806,#4807);
#4412=AXIS2_PLACEMENT_3D('',#6617,#4808,#4809);
#4413=AXIS2_PLACEMENT_3D('',#6626,#4814,#4815);
#4414=AXIS2_PLACEMENT_3D('',#6632,#4819,#4820);
#4415=AXIS2_PLACEMENT_3D('',#6638,#4824,#4825);
#4416=AXIS2_PLACEMENT_3D('',#6641,#4828,#4829);
#4417=AXIS2_PLACEMENT_3D('',#6642,#4830,#4831);
#4418=AXIS2_PLACEMENT_3D('',#6651,#4836,#4837);
#4419=AXIS2_PLACEMENT_3D('',#6657,#4841,#4842);
#4420=AXIS2_PLACEMENT_3D('',#6663,#4846,#4847);
#4421=AXIS2_PLACEMENT_3D('',#6669,#4851,#4852);
#4422=AXIS2_PLACEMENT_3D('',#6675,#4856,#4857);
#4423=AXIS2_PLACEMENT_3D('',#6681,#4861,#4862);
#4424=AXIS2_PLACEMENT_3D('',#6687,#4866,#4867);
#4425=AXIS2_PLACEMENT_3D('',#6690,#4870,#4871);
#4426=AXIS2_PLACEMENT_3D('',#7016,#4887,#4888);
#4427=AXIS2_PLACEMENT_3D('',#7436,#4910,#4911);
#4428=AXIS2_PLACEMENT_3D('',#7462,#4915,#4916);
#4429=AXIS2_PLACEMENT_3D('',#7463,#4917,#4918);
#4430=AXIS2_PLACEMENT_3D('',#7587,#4928,#4929);
#4431=AXIS2_PLACEMENT_3D('',#7593,#4933,#4934);
#4432=AXIS2_PLACEMENT_3D('',#7596,#4937,#4938);
#4433=AXIS2_PLACEMENT_3D('',#7605,#4943,#4944);
#4434=AXIS2_PLACEMENT_3D('',#7703,#4952,#4953);
#4435=AXIS2_PLACEMENT_3D('',#7709,#4957,#4958);
#4436=AXIS2_PLACEMENT_3D('',#7715,#4962,#4963);
#4437=AXIS2_PLACEMENT_3D('',#7882,#4974,#4975);
#4438=AXIS2_PLACEMENT_3D('',#7888,#4979,#4980);
#4439=AXIS2_PLACEMENT_3D('',#7894,#4984,#4985);
#4440=AXIS2_PLACEMENT_3D('',#7897,#4988,#4989);
#4441=AXIS2_PLACEMENT_3D('',#7898,#4990,#4991);
#4442=AXIS2_PLACEMENT_3D('',#7901,#4992,#4993);
#4443=AXIS2_PLACEMENT_3D('',#7905,#4995,#4996);
#4444=AXIS2_PLACEMENT_3D('',#7909,#4998,#4999);
#4445=AXIS2_PLACEMENT_3D('',#7913,#5001,#5002);
#4446=AXIS2_PLACEMENT_3D('',#7916,#5004,#5005);
#4447=AXIS2_PLACEMENT_3D('',#7917,#5006,#5007);
#4448=AXIS2_PLACEMENT_3D('',#7918,#5008,#5009);
#4449=AXIS2_PLACEMENT_3D('',#7919,#5010,#5011);
#4450=AXIS2_PLACEMENT_3D('',#7920,#5012,#5013);
#4451=AXIS2_PLACEMENT_3D('',#7923,#5014,#5015);
#4452=AXIS2_PLACEMENT_3D('',#7927,#5017,#5018);
#4453=AXIS2_PLACEMENT_3D('',#7929,#5020,#5021);
#4454=AXIS2_PLACEMENT_3D('',#7931,#5022,#5023);
#4455=AXIS2_PLACEMENT_3D('',#7934,#5025,#5026);
#4456=AXIS2_PLACEMENT_3D('',#7935,#5027,#5028);
#4457=AXIS2_PLACEMENT_3D('',#7937,#5029,#5030);
#4458=AXIS2_PLACEMENT_3D('',#7940,#5032,#5033);
#4459=AXIS2_PLACEMENT_3D('',#7941,#5034,#5035);
#4460=AXIS2_PLACEMENT_3D('',#7943,#5036,#5037);
#4461=AXIS2_PLACEMENT_3D('',#7946,#5039,#5040);
#4462=AXIS2_PLACEMENT_3D('',#7947,#5041,#5042);
#4463=AXIS2_PLACEMENT_3D('',#7949,#5043,#5044);
#4464=AXIS2_PLACEMENT_3D('',#7952,#5046,#5047);
#4465=AXIS2_PLACEMENT_3D('',#7953,#5048,#5049);
#4466=AXIS2_PLACEMENT_3D('',#7955,#5050,#5051);
#4467=AXIS2_PLACEMENT_3D('',#7958,#5053,#5054);
#4468=AXIS2_PLACEMENT_3D('',#7959,#5055,#5056);
#4469=AXIS2_PLACEMENT_3D('',#7961,#5057,#5058);
#4470=AXIS2_PLACEMENT_3D('',#7964,#5060,#5061);
#4471=AXIS2_PLACEMENT_3D('',#7965,#5062,#5063);
#4472=AXIS2_PLACEMENT_3D('',#7967,#5064,#5065);
#4473=AXIS2_PLACEMENT_3D('',#7970,#5067,#5068);
#4474=AXIS2_PLACEMENT_3D('',#7971,#5069,#5070);
#4475=AXIS2_PLACEMENT_3D('',#7973,#5071,#5072);
#4476=AXIS2_PLACEMENT_3D('',#7976,#5074,#5075);
#4477=AXIS2_PLACEMENT_3D('',#7977,#5076,#5077);
#4478=AXIS2_PLACEMENT_3D('',#7979,#5078,#5079);
#4479=AXIS2_PLACEMENT_3D('',#7982,#5081,#5082);
#4480=AXIS2_PLACEMENT_3D('',#7983,#5083,#5084);
#4481=AXIS2_PLACEMENT_3D('',#7985,#5085,#5086);
#4482=AXIS2_PLACEMENT_3D('',#7988,#5088,#5089);
#4483=AXIS2_PLACEMENT_3D('',#7989,#5090,#5091);
#4484=AXIS2_PLACEMENT_3D('',#7991,#5092,#5093);
#4485=AXIS2_PLACEMENT_3D('',#7994,#5095,#5096);
#4486=AXIS2_PLACEMENT_3D('',#7995,#5097,#5098);
#4487=AXIS2_PLACEMENT_3D('',#7997,#5099,#5100);
#4488=AXIS2_PLACEMENT_3D('',#8000,#5102,#5103);
#4489=AXIS2_PLACEMENT_3D('',#8001,#5104,#5105);
#4490=AXIS2_PLACEMENT_3D('',#8003,#5106,#5107);
#4491=AXIS2_PLACEMENT_3D('',#8006,#5109,#5110);
#4492=AXIS2_PLACEMENT_3D('',#8007,#5111,#5112);
#4493=AXIS2_PLACEMENT_3D('',#8009,#5113,#5114);
#4494=AXIS2_PLACEMENT_3D('',#8012,#5116,#5117);
#4495=AXIS2_PLACEMENT_3D('',#8013,#5118,#5119);
#4496=AXIS2_PLACEMENT_3D('',#8015,#5120,#5121);
#4497=AXIS2_PLACEMENT_3D('',#8018,#5123,#5124);
#4498=AXIS2_PLACEMENT_3D('',#8019,#5125,#5126);
#4499=AXIS2_PLACEMENT_3D('',#8021,#5127,#5128);
#4500=AXIS2_PLACEMENT_3D('',#8024,#5130,#5131);
#4501=AXIS2_PLACEMENT_3D('',#8025,#5132,#5133);
#4502=AXIS2_PLACEMENT_3D('',#8026,#5134,#5135);
#4503=AXIS2_PLACEMENT_3D('',#8027,#5136,#5137);
#4504=AXIS2_PLACEMENT_3D('',#8028,#5138,#5139);
#4505=AXIS2_PLACEMENT_3D('',#8031,#5140,#5141);
#4506=AXIS2_PLACEMENT_3D('',#8035,#5143,#5144);
#4507=AXIS2_PLACEMENT_3D('',#8037,#5146,#5147);
#4508=AXIS2_PLACEMENT_3D('',#8038,#5148,#5149);
#4509=AXIS2_PLACEMENT_3D('',#8039,#5150,#5151);
#4510=AXIS2_PLACEMENT_3D('',#8040,#5152,#5153);
#4511=AXIS2_PLACEMENT_3D('',#8043,#5154,#5155);
#4512=AXIS2_PLACEMENT_3D('',#8047,#5157,#5158);
#4513=AXIS2_PLACEMENT_3D('',#8049,#5160,#5161);
#4514=AXIS2_PLACEMENT_3D('',#8051,#5162,#5163);
#4515=AXIS2_PLACEMENT_3D('',#8054,#5165,#5166);
#4516=AXIS2_PLACEMENT_3D('',#8055,#5167,#5168);
#4517=AXIS2_PLACEMENT_3D('',#8077,#5172,#5173);
#4518=AXIS2_PLACEMENT_3D('',#8080,#5174,#5175);
#4519=AXIS2_PLACEMENT_3D('',#8084,#5177,#5178);
#4520=AXIS2_PLACEMENT_3D('',#8086,#5180,#5181);
#4521=AXIS2_PLACEMENT_3D('',#8087,#5182,#5183);
#4522=AXIS2_PLACEMENT_3D('',#8088,#5184,#5185);
#4523=AXIS2_PLACEMENT_3D('',#8089,#5186,#5187);
#4524=AXIS2_PLACEMENT_3D('',#8092,#5188,#5189);
#4525=AXIS2_PLACEMENT_3D('',#8096,#5191,#5192);
#4526=AXIS2_PLACEMENT_3D('',#8117,#5195,#5196);
#4527=AXIS2_PLACEMENT_3D('',#8123,#5200,#5201);
#4528=AXIS2_PLACEMENT_3D('',#8124,#5202,#5203);
#4529=AXIS2_PLACEMENT_3D('',#8125,#5204,#5205);
#4530=AXIS2_PLACEMENT_3D('',#8126,#5206,#5207);
#4531=AXIS2_PLACEMENT_3D('',#8129,#5208,#5209);
#4532=AXIS2_PLACEMENT_3D('',#8133,#5211,#5212);
#4533=AXIS2_PLACEMENT_3D('',#8135,#5214,#5215);
#4534=AXIS2_PLACEMENT_3D('',#8137,#5216,#5217);
#4535=AXIS2_PLACEMENT_3D('',#8140,#5219,#5220);
#4536=AXIS2_PLACEMENT_3D('',#8141,#5221,#5222);
#4537=AXIS2_PLACEMENT_3D('',#8147,#5226,#5227);
#4538=AXIS2_PLACEMENT_3D('',#8149,#5228,#5229);
#4539=AXIS2_PLACEMENT_3D('',#8152,#5231,#5232);
#4540=AXIS2_PLACEMENT_3D('',#8153,#5233,#5234);
#4541=AXIS2_PLACEMENT_3D('',#8155,#5235,#5236);
#4542=AXIS2_PLACEMENT_3D('',#8158,#5238,#5239);
#4543=AXIS2_PLACEMENT_3D('',#8178,#5241,#5242);
#4544=AXIS2_PLACEMENT_3D('',#8180,#5243,#5244);
#4545=AXIS2_PLACEMENT_3D('',#8183,#5246,#5247);
#4546=AXIS2_PLACEMENT_3D('',#8184,#5248,#5249);
#4547=AXIS2_PLACEMENT_3D('',#8186,#5250,#5251);
#4548=AXIS2_PLACEMENT_3D('',#8189,#5253,#5254);
#4549=AXIS2_PLACEMENT_3D('',#8190,#5255,#5256);
#4550=AXIS2_PLACEMENT_3D('',#8192,#5257,#5258);
#4551=AXIS2_PLACEMENT_3D('',#8195,#5260,#5261);
#4552=AXIS2_PLACEMENT_3D('',#8196,#5262,#5263);
#4553=AXIS2_PLACEMENT_3D('',#8202,#5267,#5268);
#4554=AXIS2_PLACEMENT_3D('',#8204,#5269,#5270);
#4555=AXIS2_PLACEMENT_3D('',#8207,#5272,#5273);
#4556=AXIS2_PLACEMENT_3D('',#8208,#5274,#5275);
#4557=AXIS2_PLACEMENT_3D('',#8210,#5276,#5277);
#4558=AXIS2_PLACEMENT_3D('',#8213,#5279,#5280);
#4559=AXIS2_PLACEMENT_3D('',#8214,#5281,#5282);
#4560=AXIS2_PLACEMENT_3D('',#8216,#5283,#5284);
#4561=AXIS2_PLACEMENT_3D('',#8219,#5286,#5287);
#4562=AXIS2_PLACEMENT_3D('',#8236,#5288,#5289);
#4563=AXIS2_PLACEMENT_3D('',#8237,#5290,#5291);
#4564=AXIS2_PLACEMENT_3D('',#8240,#5292,#5293);
#4565=AXIS2_PLACEMENT_3D('',#8244,#5295,#5296);
#4566=AXIS2_PLACEMENT_3D('',#8252,#5300,#5301);
#4567=AXIS2_PLACEMENT_3D('',#8264,#5307,#5308);
#4568=AXIS2_PLACEMENT_3D('',#8271,#5312,#5313);
#4569=AXIS2_PLACEMENT_3D('',#8272,#5314,#5315);
#4570=AXIS2_PLACEMENT_3D('',#8273,#5316,#5317);
#4571=AXIS2_PLACEMENT_3D('',#8274,#5318,#5319);
#4572=AXIS2_PLACEMENT_3D('',#8275,#5320,#5321);
#4573=AXIS2_PLACEMENT_3D('',#8276,#5322,#5323);
#4574=AXIS2_PLACEMENT_3D('',#8283,#5324,#5325);
#4575=AXIS2_PLACEMENT_3D('',#8288,#5327,#5328);
#4576=AXIS2_PLACEMENT_3D('',#8292,#5331,#5332);
#4577=AXIS2_PLACEMENT_3D('',#8298,#5333,#5334);
#4578=AXIS2_PLACEMENT_3D('',#8302,#5335,#5336);
#4579=AXIS2_PLACEMENT_3D('',#8303,#5337,#5338);
#4580=AXIS2_PLACEMENT_3D('',#8308,#5342,#5343);
#4581=AXIS2_PLACEMENT_3D('',#8312,#5346,#5347);
#4582=AXIS2_PLACEMENT_3D('',#8315,#5349,#5350);
#4583=AXIS2_PLACEMENT_3D('',#8316,#5351,#5352);
#4584=AXIS2_PLACEMENT_3D('',#8318,#5354,#5355);
#4585=AXIS2_PLACEMENT_3D('',#8324,#5359,#5360);
#4586=AXIS2_PLACEMENT_3D('',#8330,#5364,#5365);
#4587=AXIS2_PLACEMENT_3D('',#8333,#5368,#5369);
#4588=AXIS2_PLACEMENT_3D('',#8334,#5370,#5371);
#4589=AXIS2_PLACEMENT_3D('',#8337,#5374,#5375);
#4590=AXIS2_PLACEMENT_3D('',#8343,#5379,#5380);
#4591=AXIS2_PLACEMENT_3D('',#8348,#5383,#5384);
#4592=AXIS2_PLACEMENT_3D('',#8349,#5385,#5386);
#4593=AXIS2_PLACEMENT_3D('',#8353,#5389,#5390);
#4594=AXIS2_PLACEMENT_3D('',#8357,#5393,#5394);
#4595=AXIS2_PLACEMENT_3D('',#8360,#5397,#5398);
#4596=AXIS2_PLACEMENT_3D('',#8362,#5400,#5401);
#4597=AXIS2_PLACEMENT_3D('',#8363,#5402,#5403);
#4598=AXIS2_PLACEMENT_3D('',#8364,#5404,#5405);
#4599=AXIS2_PLACEMENT_3D('',#8365,#5406,#5407);
#4600=AXIS2_PLACEMENT_3D('',#8367,#5409,#5410);
#4601=AXIS2_PLACEMENT_3D('',#8369,#5412,#5413);
#4602=AXIS2_PLACEMENT_3D('',#8370,#5414,#5415);
#4603=AXIS2_PLACEMENT_3D('',#8372,#5417,#5418);
#4604=AXIS2_PLACEMENT_3D('',#8373,#5419,#5420);
#4605=AXIS2_PLACEMENT_3D('',#8374,#5421,#5422);
#4606=AXIS2_PLACEMENT_3D('',#8375,#5423,#5424);
#4607=DIRECTION('axis',(0.,0.,1.));
#4608=DIRECTION('refdir',(1.,0.,0.));
#4609=DIRECTION('axis',(0.,0.,1.));
#4610=DIRECTION('refdir',(1.,0.,0.));
#4611=DIRECTION('center_axis',(-0.00373556754090802,0.999993022743233,0.));
#4612=DIRECTION('ref_axis',(0.999993022743233,0.00373556754090802,3.29663204815906E-16));
#4613=DIRECTION('',(0.999993022743233,0.00373556754090802,0.));
#4614=DIRECTION('',(0.,0.,-1.));
#4615=DIRECTION('',(0.999993022743233,0.00373556754090802,3.29663204815906E-16));
#4616=DIRECTION('',(0.,0.,-1.));
#4617=DIRECTION('center_axis',(0.999993022743232,0.00373556754097019,0.));
#4618=DIRECTION('ref_axis',(0.00373556754097019,-0.999993022743232,1.21877435404764E-16));
#4619=DIRECTION('',(0.00373556754097019,-0.999993022743232,0.));
#4620=DIRECTION('',(0.,0.,-1.));
#4621=DIRECTION('',(0.00373556754097019,-0.999993022743232,1.21877435404764E-16));
#4622=DIRECTION('center_axis',(-0.003735567540902,0.999993022743233,0.));
#4623=DIRECTION('ref_axis',(0.999993022743233,0.003735567540902,3.29663204815906E-16));
#4624=DIRECTION('',(0.999993022743233,0.003735567540902,0.));
#4625=DIRECTION('',(0.,0.,-1.));
#4626=DIRECTION('',(0.999993022743233,0.003735567540902,3.29663204815906E-16));
#4627=DIRECTION('center_axis',(-0.999993022743232,-0.00373556754096729,
0.));
#4628=DIRECTION('ref_axis',(-0.00373556754096729,0.999993022743232,-1.21877435404764E-16));
#4629=DIRECTION('',(-0.00373556754096729,0.999993022743232,0.));
#4630=DIRECTION('',(0.,0.,-1.));
#4631=DIRECTION('',(-0.00373556754096729,0.999993022743232,-1.21877435404764E-16));
#4632=DIRECTION('center_axis',(0.003735567540902,-0.999993022743233,0.));
#4633=DIRECTION('ref_axis',(-0.999993022743233,-0.003735567540902,-3.29663204815906E-16));
#4634=DIRECTION('',(-0.999993022743233,-0.003735567540902,0.));
#4635=DIRECTION('',(0.,0.,-1.));
#4636=DIRECTION('',(-0.999993022743233,-0.003735567540902,-3.29663204815906E-16));
#4637=DIRECTION('center_axis',(0.999993022743232,0.00373556754097003,0.));
#4638=DIRECTION('ref_axis',(0.00373556754097003,-0.999993022743232,1.21877435404764E-16));
#4639=DIRECTION('',(0.00373556754097003,-0.999993022743232,0.));
#4640=DIRECTION('',(0.,0.,-1.));
#4641=DIRECTION('',(0.00373556754097003,-0.999993022743232,1.21877435404764E-16));
#4642=DIRECTION('center_axis',(0.00373556754090802,-0.999993022743233,0.));
#4643=DIRECTION('ref_axis',(-0.999993022743233,-0.00373556754090802,-3.29663204815906E-16));
#4644=DIRECTION('',(-0.999993022743233,-0.00373556754090802,0.));
#4645=DIRECTION('',(0.,0.,-1.));
#4646=DIRECTION('',(-0.999993022743233,-0.00373556754090802,-3.29663204815906E-16));
#4647=DIRECTION('center_axis',(0.999993022743232,0.00373556754096435,0.));
#4648=DIRECTION('ref_axis',(0.00373556754096435,-0.999993022743232,1.21877435404764E-16));
#4649=DIRECTION('',(0.00373556754096435,-0.999993022743232,0.));
#4650=DIRECTION('',(0.00373556754096435,-0.999993022743232,1.21877435404764E-16));
#4651=DIRECTION('center_axis',(0.,0.,-1.));
#4652=DIRECTION('ref_axis',(-1.,0.,0.));
#4653=DIRECTION('center_axis',(0.999996849582182,0.00251014455970809,0.));
#4654=DIRECTION('ref_axis',(0.00251014455970809,-0.999996849582182,1.21604107553264E-16));
#4655=DIRECTION('',(0.00251014455970809,-0.999996849582182,0.));
#4656=DIRECTION('',(0.,0.,-1.));
#4657=DIRECTION('',(0.00251014455970809,-0.999996849582182,1.21604107553264E-16));
#4658=DIRECTION('',(0.,0.,-1.));
#4659=DIRECTION('',(0.,0.,-1.));
#4660=DIRECTION('',(0.,0.,-1.));
#4661=DIRECTION('',(0.,0.,-1.));
#4662=DIRECTION('',(0.,0.,-1.));
#4663=DIRECTION('',(0.,0.,-1.));
#4664=DIRECTION('',(0.,0.,-1.));
#4665=DIRECTION('center_axis',(-0.999996849582182,-0.00251014455970801,
0.));
#4666=DIRECTION('ref_axis',(-0.00251014455970801,0.999996849582182,-1.21604107553264E-16));
#4667=DIRECTION('',(-0.00251014455970801,0.999996849582182,0.));
#4668=DIRECTION('',(0.,0.,-1.));
#4669=DIRECTION('',(-0.00251014455970801,0.999996849582182,-1.21604107553264E-16));
#4670=DIRECTION('center_axis',(-0.00251014455971211,0.999996849582182,0.));
#4671=DIRECTION('ref_axis',(0.999996849582182,0.00251014455971211,3.42556506648242E-16));
#4672=DIRECTION('',(0.999996849582182,0.00251014455971211,0.));
#4673=DIRECTION('',(0.999996849582182,0.00251014455971211,3.42556506648242E-16));
#4674=DIRECTION('center_axis',(0.999996849582182,0.00251014455970889,0.));
#4675=DIRECTION('ref_axis',(0.00251014455970889,-0.999996849582182,1.21604107553264E-16));
#4676=DIRECTION('',(0.00251014455970889,-0.999996849582182,0.));
#4677=DIRECTION('',(0.,0.,-1.));
#4678=DIRECTION('',(0.00251014455970889,-0.999996849582182,1.21604107553264E-16));
#4679=DIRECTION('',(0.,0.,-1.));
#4680=DIRECTION('',(0.,0.,-1.));
#4681=DIRECTION('',(0.,0.,-1.));
#4682=DIRECTION('',(0.,0.,-1.));
#4683=DIRECTION('',(0.,0.,-1.));
#4684=DIRECTION('',(0.,0.,-1.));
#4685=DIRECTION('',(0.,0.,-1.));
#4686=DIRECTION('',(0.,0.,-1.));
#4687=DIRECTION('center_axis',(-0.999996849582182,-0.00251014455971354,
0.));
#4688=DIRECTION('ref_axis',(-0.00251014455971354,0.999996849582182,-1.21604107553263E-16));
#4689=DIRECTION('',(-0.00251014455971354,0.999996849582182,0.));
#4690=DIRECTION('',(0.,0.,-1.));
#4691=DIRECTION('',(-0.00251014455971354,0.999996849582182,-1.21604107553263E-16));
#4692=DIRECTION('center_axis',(-0.00251014455971223,0.999996849582182,0.));
#4693=DIRECTION('ref_axis',(0.999996849582182,0.00251014455971223,3.42556506648243E-16));
#4694=DIRECTION('',(0.999996849582182,0.00251014455971223,0.));
#4695=DIRECTION('',(0.999996849582182,0.00251014455971223,3.42556506648243E-16));
#4696=DIRECTION('',(0.,0.,-1.));
#4697=DIRECTION('',(0.,0.,-1.));
#4698=DIRECTION('',(0.,0.,-1.));
#4699=DIRECTION('',(0.,0.,-1.));
#4700=DIRECTION('',(0.,0.,-1.));
#4701=DIRECTION('',(0.,0.,-1.));
#4702=DIRECTION('',(0.,0.,-1.));
#4703=DIRECTION('',(0.,0.,-1.));
#4704=DIRECTION('',(0.,0.,-1.));
#4705=DIRECTION('',(0.,0.,-1.));
#4706=DIRECTION('',(0.,0.,-1.));
#4707=DIRECTION('',(0.,0.,-1.));
#4708=DIRECTION('center_axis',(-0.999996849582182,-0.00251014455971003,
0.));
#4709=DIRECTION('ref_axis',(-0.00251014455971003,0.999996849582182,-1.21604107553264E-16));
#4710=DIRECTION('',(-0.00251014455971003,0.999996849582182,0.));
#4711=DIRECTION('',(0.,0.,-1.));
#4712=DIRECTION('',(-0.00251014455971003,0.999996849582182,-1.21604107553264E-16));
#4713=DIRECTION('center_axis',(0.00251014455971209,-0.999996849582182,0.));
#4714=DIRECTION('ref_axis',(-0.999996849582182,-0.00251014455971209,-3.42556506648243E-16));
#4715=DIRECTION('',(-0.999996849582182,-0.00251014455971209,0.));
#4716=DIRECTION('',(0.,0.,-1.));
#4717=DIRECTION('',(-0.999996849582182,-0.00251014455971209,-3.42556506648243E-16));
#4718=DIRECTION('center_axis',(0.999996849582182,0.0025101445597099,0.));
#4719=DIRECTION('ref_axis',(0.0025101445597099,-0.999996849582182,1.21604107553264E-16));
#4720=DIRECTION('',(0.0025101445597099,-0.999996849582182,0.));
#4721=DIRECTION('',(0.0025101445597099,-0.999996849582182,1.21604107553264E-16));
#4722=DIRECTION('center_axis',(-3.42860671341134E-16,1.2074385809796E-16,
1.));
#4723=DIRECTION('ref_axis',(-1.,0.,-3.42860671341134E-16));
#4724=DIRECTION('',(0.,0.,-1.));
#4725=DIRECTION('',(0.,0.,-1.));
#4726=DIRECTION('',(0.,0.,-1.));
#4727=DIRECTION('',(0.,0.,-1.));
#4728=DIRECTION('',(0.,0.,-1.));
#4729=DIRECTION('',(0.,0.,-1.));
#4730=DIRECTION('',(0.,0.,-1.));
#4731=DIRECTION('',(0.,0.,-1.));
#4732=DIRECTION('',(0.,0.,-1.));
#4733=DIRECTION('',(0.,0.,-1.));
#4734=DIRECTION('',(0.,0.,-1.));
#4735=DIRECTION('',(0.,0.,-1.));
#4736=DIRECTION('',(0.,0.,-1.));
#4737=DIRECTION('',(0.,0.,-1.));
#4738=DIRECTION('',(0.,0.,-1.));
#4739=DIRECTION('',(0.,0.,-1.));
#4740=DIRECTION('',(0.,0.,-1.));
#4741=DIRECTION('',(0.,0.,-1.));
#4742=DIRECTION('',(0.,0.,-1.));
#4743=DIRECTION('',(0.,0.,-1.));
#4744=DIRECTION('center_axis',(-3.42860671341134E-16,1.2074385809796E-16,
1.));
#4745=DIRECTION('ref_axis',(-1.,0.,-3.42860671341134E-16));
#4746=DIRECTION('center_axis',(-0.00361728166111244,0.999993457615291,0.));
#4747=DIRECTION('ref_axis',(0.999993457615291,0.00361728166111244,3.4674420420209E-16));
#4748=DIRECTION('',(0.999993457615291,0.00361728166111244,0.));
#4749=DIRECTION('',(0.,0.,-1.));
#4750=DIRECTION('',(0.999993457615291,0.00361728166111244,3.4674420420209E-16));
#4751=DIRECTION('',(0.,0.,-1.));
#4752=DIRECTION('center_axis',(0.999993457615291,0.00361728166110918,0.));
#4753=DIRECTION('ref_axis',(0.00361728166110918,-0.999993457615291,1.96890318163862E-16));
#4754=DIRECTION('',(0.00361728166110918,-0.999993457615291,0.));
#4755=DIRECTION('',(0.,0.,-1.));
#4756=DIRECTION('',(0.00361728166110918,-0.999993457615291,1.96890318163862E-16));
#4757=DIRECTION('center_axis',(-0.00361728166110968,0.999993457615291,0.));
#4758=DIRECTION('ref_axis',(0.999993457615291,0.00361728166110968,3.4674420420209E-16));
#4759=DIRECTION('',(0.999993457615291,0.00361728166110968,0.));
#4760=DIRECTION('',(0.,0.,-1.));
#4761=DIRECTION('',(0.999993457615291,0.00361728166110968,3.4674420420209E-16));
#4762=DIRECTION('center_axis',(-0.999993457615291,-0.00361728166110918,
0.));
#4763=DIRECTION('ref_axis',(-0.00361728166110918,0.999993457615291,-1.96890318163862E-16));
#4764=DIRECTION('',(-0.00361728166110918,0.999993457615291,0.));
#4765=DIRECTION('',(0.,0.,-1.));
#4766=DIRECTION('',(-0.00361728166110918,0.999993457615291,-1.96890318163862E-16));
#4767=DIRECTION('center_axis',(-0.00361728166111327,0.999993457615291,0.));
#4768=DIRECTION('ref_axis',(0.999993457615291,0.00361728166111327,3.46744204202091E-16));
#4769=DIRECTION('',(0.999993457615291,0.00361728166111327,0.));
#4770=DIRECTION('',(0.,0.,-1.));
#4771=DIRECTION('',(0.999993457615291,0.00361728166111327,3.46744204202091E-16));
#4772=DIRECTION('center_axis',(-0.999993457615291,-0.00361728166111906,
0.));
#4773=DIRECTION('ref_axis',(-0.00361728166111906,0.999993457615291,-1.96890318163862E-16));
#4774=DIRECTION('',(-0.00361728166111906,0.999993457615291,0.));
#4775=DIRECTION('',(0.,0.,-1.));
#4776=DIRECTION('',(-0.00361728166111906,0.999993457615291,-1.96890318163862E-16));
#4777=DIRECTION('center_axis',(0.00361728166111327,-0.999993457615291,0.));
#4778=DIRECTION('ref_axis',(-0.999993457615291,-0.00361728166111327,-3.46744204202091E-16));
#4779=DIRECTION('',(-0.999993457615291,-0.00361728166111327,0.));
#4780=DIRECTION('',(0.,0.,-1.));
#4781=DIRECTION('',(-0.999993457615291,-0.00361728166111327,-3.46744204202091E-16));
#4782=DIRECTION('center_axis',(-0.999993457615291,-0.0036172816611085,0.));
#4783=DIRECTION('ref_axis',(-0.0036172816611085,0.999993457615291,-1.96890318163863E-16));
#4784=DIRECTION('',(-0.0036172816611085,0.999993457615291,0.));
#4785=DIRECTION('',(0.,0.,-1.));
#4786=DIRECTION('',(-0.0036172816611085,0.999993457615291,-1.96890318163863E-16));
#4787=DIRECTION('center_axis',(0.00361728166110968,-0.999993457615291,0.));
#4788=DIRECTION('ref_axis',(-0.999993457615291,-0.00361728166110968,-3.4674420420209E-16));
#4789=DIRECTION('',(-0.999993457615291,-0.00361728166110968,0.));
#4790=DIRECTION('',(0.,0.,-1.));
#4791=DIRECTION('',(-0.999993457615291,-0.00361728166110968,-3.4674420420209E-16));
#4792=DIRECTION('center_axis',(0.999993457615291,0.0036172816611085,0.));
#4793=DIRECTION('ref_axis',(0.0036172816611085,-0.999993457615291,1.96890318163863E-16));
#4794=DIRECTION('',(0.0036172816611085,-0.999993457615291,0.));
#4795=DIRECTION('',(0.,0.,-1.));
#4796=DIRECTION('',(0.0036172816611085,-0.999993457615291,1.96890318163863E-16));
#4797=DIRECTION('center_axis',(0.00361728166111244,-0.999993457615291,0.));
#4798=DIRECTION('ref_axis',(-0.999993457615291,-0.00361728166111244,-3.4674420420209E-16));
#4799=DIRECTION('',(-0.999993457615291,-0.00361728166111244,0.));
#4800=DIRECTION('',(0.,0.,-1.));
#4801=DIRECTION('',(-0.999993457615291,-0.00361728166111244,-3.4674420420209E-16));
#4802=DIRECTION('center_axis',(0.999993457615291,0.00361728166111906,0.));
#4803=DIRECTION('ref_axis',(0.00361728166111906,-0.999993457615291,1.96890318163862E-16));
#4804=DIRECTION('',(0.00361728166111906,-0.999993457615291,0.));
#4805=DIRECTION('',(0.00361728166111906,-0.999993457615291,1.96890318163862E-16));
#4806=DIRECTION('center_axis',(0.,0.,-1.));
#4807=DIRECTION('ref_axis',(-1.,0.,0.));
#4808=DIRECTION('center_axis',(-0.00373556754091428,0.999993022743233,0.));
#4809=DIRECTION('ref_axis',(0.999993022743233,0.00373556754091428,5.03525958479923E-16));
#4810=DIRECTION('',(0.999993022743233,0.00373556754091428,0.));
#4811=DIRECTION('',(0.,0.,-1.));
#4812=DIRECTION('',(0.999993022743233,0.00373556754091428,5.03525958479923E-16));
#4813=DIRECTION('',(0.,0.,-1.));
#4814=DIRECTION('center_axis',(-0.999993022743232,-0.00373556754096616,
0.));
#4815=DIRECTION('ref_axis',(-0.00373556754096616,0.999993022743232,-1.96890348914328E-16));
#4816=DIRECTION('',(-0.00373556754096616,0.999993022743232,0.));
#4817=DIRECTION('',(0.,0.,-1.));
#4818=DIRECTION('',(-0.00373556754096616,0.999993022743232,-1.96890348914328E-16));
#4819=DIRECTION('center_axis',(0.00373556754091428,-0.999993022743233,0.));
#4820=DIRECTION('ref_axis',(-0.999993022743233,-0.00373556754091428,-5.03525958479923E-16));
#4821=DIRECTION('',(-0.999993022743233,-0.00373556754091428,0.));
#4822=DIRECTION('',(0.,0.,-1.));
#4823=DIRECTION('',(-0.999993022743233,-0.00373556754091428,-5.03525958479923E-16));
#4824=DIRECTION('center_axis',(0.999993022743232,0.00373556754096616,0.));
#4825=DIRECTION('ref_axis',(0.00373556754096616,-0.999993022743232,1.96890348914328E-16));
#4826=DIRECTION('',(0.00373556754096616,-0.999993022743232,0.));
#4827=DIRECTION('',(0.00373556754096616,-0.999993022743232,1.96890348914328E-16));
#4828=DIRECTION('center_axis',(0.,0.,-1.));
#4829=DIRECTION('ref_axis',(-1.,0.,0.));
#4830=DIRECTION('center_axis',(-0.00251014455971318,0.999996849582182,0.));
#4831=DIRECTION('ref_axis',(0.999996849582182,0.00251014455971318,3.42556506648243E-16));
#4832=DIRECTION('',(0.999996849582182,0.00251014455971318,0.));
#4833=DIRECTION('',(0.,0.,-1.));
#4834=DIRECTION('',(0.999996849582182,0.00251014455971318,3.42556506648243E-16));
#4835=DIRECTION('',(0.,0.,-1.));
#4836=DIRECTION('center_axis',(0.999996849582182,0.0025101445597094,0.));
#4837=DIRECTION('ref_axis',(0.0025101445597094,-0.999996849582182,1.21604107553264E-16));
#4838=DIRECTION('',(0.0025101445597094,-0.999996849582182,0.));
#4839=DIRECTION('',(0.,0.,-1.));
#4840=DIRECTION('',(0.0025101445597094,-0.999996849582182,1.21604107553264E-16));
#4841=DIRECTION('center_axis',(-0.00251014455971656,0.999996849582182,0.));
#4842=DIRECTION('ref_axis',(0.999996849582182,0.00251014455971656,3.42556506648245E-16));
#4843=DIRECTION('',(0.999996849582182,0.00251014455971656,0.));
#4844=DIRECTION('',(0.,0.,-1.));
#4845=DIRECTION('',(0.999996849582182,0.00251014455971656,3.42556506648245E-16));
#4846=DIRECTION('center_axis',(-0.999996849582182,-0.00251014455971071,
0.));
#4847=DIRECTION('ref_axis',(-0.00251014455971071,0.999996849582182,-1.21604107553263E-16));
#4848=DIRECTION('',(-0.00251014455971071,0.999996849582182,0.));
#4849=DIRECTION('',(0.,0.,-1.));
#4850=DIRECTION('',(-0.00251014455971071,0.999996849582182,-1.21604107553263E-16));
#4851=DIRECTION('center_axis',(0.00251014455971656,-0.999996849582182,0.));
#4852=DIRECTION('ref_axis',(-0.999996849582182,-0.00251014455971656,-3.42556506648245E-16));
#4853=DIRECTION('',(-0.999996849582182,-0.00251014455971656,0.));
#4854=DIRECTION('',(0.,0.,-1.));
#4855=DIRECTION('',(-0.999996849582182,-0.00251014455971656,-3.42556506648245E-16));
#4856=DIRECTION('center_axis',(0.999996849582182,0.00251014455971264,0.));
#4857=DIRECTION('ref_axis',(0.00251014455971264,-0.999996849582182,1.21604107553263E-16));
#4858=DIRECTION('',(0.00251014455971264,-0.999996849582182,0.));
#4859=DIRECTION('',(0.,0.,-1.));
#4860=DIRECTION('',(0.00251014455971264,-0.999996849582182,1.21604107553263E-16));
#4861=DIRECTION('center_axis',(0.00251014455971318,-0.999996849582182,0.));
#4862=DIRECTION('ref_axis',(-0.999996849582182,-0.00251014455971318,-3.42556506648243E-16));
#4863=DIRECTION('',(-0.999996849582182,-0.00251014455971318,0.));
#4864=DIRECTION('',(0.,0.,-1.));
#4865=DIRECTION('',(-0.999996849582182,-0.00251014455971318,-3.42556506648243E-16));
#4866=DIRECTION('center_axis',(0.999996849582182,0.00251014455970918,0.));
#4867=DIRECTION('ref_axis',(0.00251014455970918,-0.999996849582182,1.21604107553264E-16));
#4868=DIRECTION('',(0.00251014455970918,-0.999996849582182,0.));
#4869=DIRECTION('',(0.00251014455970918,-0.999996849582182,1.21604107553264E-16));
#4870=DIRECTION('center_axis',(0.,0.,-1.));
#4871=DIRECTION('ref_axis',(-1.,0.,0.));
#4872=DIRECTION('',(0.,0.,-1.));
#4873=DIRECTION('',(0.,0.,-1.));
#4874=DIRECTION('',(0.,0.,-1.));
#4875=DIRECTION('',(0.,0.,-1.));
#4876=DIRECTION('',(0.,0.,-1.));
#4877=DIRECTION('',(0.,0.,-1.));
#4878=DIRECTION('',(0.,0.,-1.));
#4879=DIRECTION('',(0.,0.,-1.));
#4880=DIRECTION('',(0.,0.,-1.));
#4881=DIRECTION('',(0.,0.,-1.));
#4882=DIRECTION('',(0.,0.,-1.));
#4883=DIRECTION('',(0.,0.,-1.));
#4884=DIRECTION('',(0.,0.,-1.));
#4885=DIRECTION('',(0.,0.,-1.));
#4886=DIRECTION('',(0.,0.,-1.));
#4887=DIRECTION('center_axis',(0.996891947724142,0.0787809911258193,0.));
#4888=DIRECTION('ref_axis',(0.0787809911258193,-0.996891947724142,1.46277014896077E-16));
#4889=DIRECTION('',(0.0787809911258193,-0.996891947724142,0.));
#4890=DIRECTION('',(0.,0.,-1.));
#4891=DIRECTION('',(0.0787809911258193,-0.996891947724142,1.46277014896077E-16));
#4892=DIRECTION('',(0.,0.,-1.));
#4893=DIRECTION('',(0.,0.,-1.));
#4894=DIRECTION('',(0.,0.,-1.));
#4895=DIRECTION('',(0.,0.,-1.));
#4896=DIRECTION('',(0.,0.,-1.));
#4897=DIRECTION('',(0.,0.,-1.));
#4898=DIRECTION('',(0.,0.,-1.));
#4899=DIRECTION('',(0.,0.,-1.));
#4900=DIRECTION('',(0.,0.,-1.));
#4901=DIRECTION('',(0.,0.,-1.));
#4902=DIRECTION('',(0.,0.,-1.));
#4903=DIRECTION('',(0.,0.,-1.));
#4904=DIRECTION('',(0.,0.,-1.));
#4905=DIRECTION('',(0.,0.,-1.));
#4906=DIRECTION('',(0.,0.,-1.));
#4907=DIRECTION('',(0.,0.,-1.));
#4908=DIRECTION('',(0.,0.,-1.));
#4909=DIRECTION('',(0.,0.,-1.));
#4910=DIRECTION('center_axis',(-0.995867342012453,-0.0908198057311915,0.));
#4911=DIRECTION('ref_axis',(-0.0908198057311915,0.995867342012453,-1.50127608793762E-16));
#4912=DIRECTION('',(-0.0908198057311915,0.995867342012453,0.));
#4913=DIRECTION('',(0.,0.,-1.));
#4914=DIRECTION('',(-0.0908198057311915,0.995867342012453,-1.50127608793762E-16));
#4915=DIRECTION('center_axis',(-3.30116186062746E-16,1.20645105867242E-16,
1.));
#4916=DIRECTION('ref_axis',(-1.,0.,-3.30116186062746E-16));
#4917=DIRECTION('center_axis',(0.999993022743232,0.00373556754096916,0.));
#4918=DIRECTION('ref_axis',(0.00373556754096916,-0.999993022743232,1.21877435404764E-16));
#4919=DIRECTION('',(0.00373556754096916,-0.999993022743232,0.));
#4920=DIRECTION('',(0.,0.,-1.));
#4921=DIRECTION('',(0.00373556754096916,-0.999993022743232,1.21877435404764E-16));
#4922=DIRECTION('',(0.,0.,-1.));
#4923=DIRECTION('',(0.,0.,-1.));
#4924=DIRECTION('',(0.,0.,-1.));
#4925=DIRECTION('',(0.,0.,-1.));
#4926=DIRECTION('',(0.,0.,-1.));
#4927=DIRECTION('',(0.,0.,-1.));
#4928=DIRECTION('center_axis',(-0.999993022743232,-0.00373556754096936,
0.));
#4929=DIRECTION('ref_axis',(-0.00373556754096936,0.999993022743232,-1.21877435404764E-16));
#4930=DIRECTION('',(-0.00373556754096936,0.999993022743232,0.));
#4931=DIRECTION('',(0.,0.,-1.));
#4932=DIRECTION('',(-0.00373556754096936,0.999993022743232,-1.21877435404764E-16));
#4933=DIRECTION('center_axis',(-0.00373556754090686,0.999993022743233,0.));
#4934=DIRECTION('ref_axis',(0.999993022743233,0.00373556754090686,3.29663204815906E-16));
#4935=DIRECTION('',(0.999993022743233,0.00373556754090686,0.));
#4936=DIRECTION('',(0.999993022743233,0.00373556754090686,3.29663204815906E-16));
#4937=DIRECTION('center_axis',(-0.00373556754090875,0.999993022743233,0.));
#4938=DIRECTION('ref_axis',(0.999993022743233,0.00373556754090875,3.29663204815906E-16));
#4939=DIRECTION('',(0.999993022743233,0.00373556754090875,0.));
#4940=DIRECTION('',(0.,0.,-1.));
#4941=DIRECTION('',(0.999993022743233,0.00373556754090875,3.29663204815906E-16));
#4942=DIRECTION('',(0.,0.,-1.));
#4943=DIRECTION('center_axis',(0.999993022743232,0.0037355675409714,0.));
#4944=DIRECTION('ref_axis',(0.0037355675409714,-0.999993022743232,1.21877435404765E-16));
#4945=DIRECTION('',(0.0037355675409714,-0.999993022743232,0.));
#4946=DIRECTION('',(0.,0.,-1.));
#4947=DIRECTION('',(0.0037355675409714,-0.999993022743232,1.21877435404765E-16));
#4948=DIRECTION('',(0.,0.,-1.));
#4949=DIRECTION('',(0.,0.,-1.));
#4950=DIRECTION('',(0.,0.,-1.));
#4951=DIRECTION('',(0.,0.,-1.));
#4952=DIRECTION('center_axis',(0.539844591716055,-0.841764703937463,0.));
#4953=DIRECTION('ref_axis',(-0.841764703937464,-0.539844591716055,-2.12750545706631E-16));
#4954=DIRECTION('',(-0.841764703937464,-0.539844591716055,0.));
#4955=DIRECTION('',(0.,0.,-1.));
#4956=DIRECTION('',(-0.841764703937464,-0.539844591716055,-2.12750545706631E-16));
#4957=DIRECTION('center_axis',(0.999993022743232,0.00373556754096647,0.));
#4958=DIRECTION('ref_axis',(0.00373556754096647,-0.999993022743232,1.21877435404764E-16));
#4959=DIRECTION('',(0.00373556754096647,-0.999993022743232,0.));
#4960=DIRECTION('',(0.,0.,-1.));
#4961=DIRECTION('',(0.00373556754096647,-0.999993022743232,1.21877435404764E-16));
#4962=DIRECTION('center_axis',(-0.541658061655453,0.840598919963414,0.));
#4963=DIRECTION('ref_axis',(0.840598919963414,0.541658061655453,2.12146915274518E-16));
#4964=DIRECTION('',(0.840598919963414,0.541658061655453,0.));
#4965=DIRECTION('',(0.,0.,-1.));
#4966=DIRECTION('',(0.840598919963414,0.541658061655453,2.12146915274518E-16));
#4967=DIRECTION('',(0.,0.,-1.));
#4968=DIRECTION('',(0.,0.,-1.));
#4969=DIRECTION('',(0.,0.,-1.));
#4970=DIRECTION('',(0.,0.,-1.));
#4971=DIRECTION('',(0.,0.,-1.));
#4972=DIRECTION('',(0.,0.,-1.));
#4973=DIRECTION('',(0.,0.,-1.));
#4974=DIRECTION('center_axis',(-0.999993022743232,-0.00373556754096651,
0.));
#4975=DIRECTION('ref_axis',(-0.00373556754096651,0.999993022743232,-1.21877435404764E-16));
#4976=DIRECTION('',(-0.00373556754096651,0.999993022743232,0.));
#4977=DIRECTION('',(0.,0.,-1.));
#4978=DIRECTION('',(-0.00373556754096651,0.999993022743232,-1.21877435404764E-16));
#4979=DIRECTION('center_axis',(0.00373556754090731,-0.999993022743233,0.));
#4980=DIRECTION('ref_axis',(-0.999993022743233,-0.00373556754090731,-3.29663204815906E-16));
#4981=DIRECTION('',(-0.999993022743233,-0.00373556754090731,0.));
#4982=DIRECTION('',(0.,0.,-1.));
#4983=DIRECTION('',(-0.999993022743233,-0.00373556754090731,-3.29663204815906E-16));
#4984=DIRECTION('center_axis',(0.999993022743232,0.00373556754096606,0.));
#4985=DIRECTION('ref_axis',(0.00373556754096606,-0.999993022743232,1.21877435404764E-16));
#4986=DIRECTION('',(0.00373556754096606,-0.999993022743232,0.));
#4987=DIRECTION('',(0.00373556754096606,-0.999993022743232,1.21877435404764E-16));
#4988=DIRECTION('center_axis',(-3.30116186062746E-16,1.20645105867242E-16,
1.));
#4989=DIRECTION('ref_axis',(-1.,0.,-3.30116186062746E-16));
#4990=DIRECTION('center_axis',(0.,0.,1.));
#4991=DIRECTION('ref_axis',(-1.,0.,0.));
#4992=DIRECTION('center_axis',(0.,0.,-1.));
#4993=DIRECTION('ref_axis',(0.866025403784439,0.5,0.));
#4994=DIRECTION('',(4.55476112666731E-16,-1.,0.));
#4995=DIRECTION('center_axis',(0.,0.,-1.));
#4996=DIRECTION('ref_axis',(1.,2.2204460492503E-15,0.));
#4997=DIRECTION('',(-1.,0.,0.));
#4998=DIRECTION('center_axis',(0.,0.,1.));
#4999=DIRECTION('ref_axis',(4.16333634234433E-16,1.,0.));
#5000=DIRECTION('',(0.,-1.,0.));
#5001=DIRECTION('center_axis',(0.,0.,1.));
#5002=DIRECTION('ref_axis',(-1.,0.,0.));
#5003=DIRECTION('',(1.,0.,0.));
#5004=DIRECTION('center_axis',(0.,0.,1.));
#5005=DIRECTION('ref_axis',(-1.,0.,0.));
#5006=DIRECTION('center_axis',(0.,0.,1.));
#5007=DIRECTION('ref_axis',(-1.,0.,0.));
#5008=DIRECTION('center_axis',(0.,0.,1.));
#5009=DIRECTION('ref_axis',(-1.,0.,0.));
#5010=DIRECTION('center_axis',(0.,0.,1.));
#5011=DIRECTION('ref_axis',(-1.,0.,0.));
#5012=DIRECTION('center_axis',(0.,0.,1.));
#5013=DIRECTION('ref_axis',(0.0156242710589677,-0.999877933626838,0.));
#5014=DIRECTION('center_axis',(0.,0.,-1.));
#5015=DIRECTION('ref_axis',(0.0156242710589677,-0.999877933626838,0.));
#5016=DIRECTION('',(0.,0.,1.));
#5017=DIRECTION('center_axis',(0.,0.,-1.));
#5018=DIRECTION('ref_axis',(0.0156242710589677,-0.999877933626838,0.));
#5019=DIRECTION('',(0.,0.,1.));
#5020=DIRECTION('center_axis',(0.,0.,1.));
#5021=DIRECTION('ref_axis',(0.999999999999742,-7.1776906082471E-7,0.));
#5022=DIRECTION('center_axis',(0.,0.,-1.));
#5023=DIRECTION('ref_axis',(0.999999999999742,-7.1776906082471E-7,0.));
#5024=DIRECTION('',(0.,0.,1.));
#5025=DIRECTION('center_axis',(0.,0.,-1.));
#5026=DIRECTION('ref_axis',(0.999999999999742,-7.1776906082471E-7,0.));
#5027=DIRECTION('center_axis',(0.,0.,1.));
#5028=DIRECTION('ref_axis',(0.0804474267326853,0.996758853249917,0.));
#5029=DIRECTION('center_axis',(0.,0.,-1.));
#5030=DIRECTION('ref_axis',(0.0804474267326853,0.996758853249917,0.));
#5031=DIRECTION('',(0.,0.,1.));
#5032=DIRECTION('center_axis',(0.,0.,-1.));
#5033=DIRECTION('ref_axis',(0.0804474267326853,0.996758853249917,0.));
#5034=DIRECTION('center_axis',(0.,0.,1.));
#5035=DIRECTION('ref_axis',(-0.761047564394535,0.648696080402175,0.));
#5036=DIRECTION('center_axis',(0.,0.,-1.));
#5037=DIRECTION('ref_axis',(-0.761047564394535,0.648696080402175,0.));
#5038=DIRECTION('',(0.,0.,1.));
#5039=DIRECTION('center_axis',(0.,0.,-1.));
#5040=DIRECTION('ref_axis',(-0.761047564394535,0.648696080402175,0.));
#5041=DIRECTION('center_axis',(0.,0.,1.));
#5042=DIRECTION('ref_axis',(0.997303684792478,-0.0733850141333021,0.));
#5043=DIRECTION('center_axis',(0.,0.,-1.));
#5044=DIRECTION('ref_axis',(0.997303684792478,-0.0733850141333021,0.));
#5045=DIRECTION('',(0.,0.,1.));
#5046=DIRECTION('center_axis',(0.,0.,-1.));
#5047=DIRECTION('ref_axis',(0.997303684792478,-0.0733850141333021,0.));
#5048=DIRECTION('center_axis',(0.,0.,1.));
#5049=DIRECTION('ref_axis',(0.696579648339426,0.717479472542122,0.));
#5050=DIRECTION('center_axis',(0.,0.,-1.));
#5051=DIRECTION('ref_axis',(0.696579648339426,0.717479472542122,0.));
#5052=DIRECTION('',(0.,0.,1.));
#5053=DIRECTION('center_axis',(0.,0.,-1.));
#5054=DIRECTION('ref_axis',(0.696579648339426,0.717479472542122,0.));
#5055=DIRECTION('center_axis',(0.,0.,1.));
#5056=DIRECTION('ref_axis',(-3.26258299258385E-7,0.999999999999947,0.));
#5057=DIRECTION('center_axis',(0.,0.,-1.));
#5058=DIRECTION('ref_axis',(-3.26258299258385E-7,0.999999999999947,0.));
#5059=DIRECTION('',(0.,0.,1.));
#5060=DIRECTION('center_axis',(0.,0.,-1.));
#5061=DIRECTION('ref_axis',(-3.26258299258385E-7,0.999999999999947,0.));
#5062=DIRECTION('center_axis',(0.,0.,1.));
#5063=DIRECTION('ref_axis',(-0.9999999926651,0.000121118950623178,0.));
#5064=DIRECTION('center_axis',(0.,0.,-1.));
#5065=DIRECTION('ref_axis',(-0.9999999926651,0.000121118950623178,0.));
#5066=DIRECTION('',(0.,0.,1.));
#5067=DIRECTION('center_axis',(0.,0.,-1.));
#5068=DIRECTION('ref_axis',(-0.9999999926651,0.000121118950623178,0.));
#5069=DIRECTION('center_axis',(0.,0.,1.));
#5070=DIRECTION('ref_axis',(0.671639495694582,0.740878119411775,0.));
#5071=DIRECTION('center_axis',(0.,0.,1.));
#5072=DIRECTION('ref_axis',(0.671639495694582,0.740878119411775,0.));
#5073=DIRECTION('',(0.,0.,1.));
#5074=DIRECTION('center_axis',(0.,0.,1.));
#5075=DIRECTION('ref_axis',(0.671639495694582,0.740878119411775,0.));
#5076=DIRECTION('center_axis',(0.,0.,1.));
#5077=DIRECTION('ref_axis',(0.998873091051086,-0.0474610153078211,0.));
#5078=DIRECTION('center_axis',(0.,0.,1.));
#5079=DIRECTION('ref_axis',(0.998873091051086,-0.0474610153078211,0.));
#5080=DIRECTION('',(0.,0.,1.));
#5081=DIRECTION('center_axis',(0.,0.,1.));
#5082=DIRECTION('ref_axis',(0.998873091051086,-0.0474610153078211,0.));
#5083=DIRECTION('center_axis',(0.,0.,1.));
#5084=DIRECTION('ref_axis',(-0.993883785290207,0.110431070524603,0.));
#5085=DIRECTION('center_axis',(0.,0.,-1.));
#5086=DIRECTION('ref_axis',(-0.993883785290207,0.110431070524603,0.));
#5087=DIRECTION('',(0.,0.,1.));
#5088=DIRECTION('center_axis',(0.,0.,-1.));
#5089=DIRECTION('ref_axis',(-0.993883785290207,0.110431070524603,0.));
#5090=DIRECTION('center_axis',(0.,0.,1.));
#5091=DIRECTION('ref_axis',(0.865789579814944,0.500408236826556,0.));
#5092=DIRECTION('center_axis',(0.,0.,-1.));
#5093=DIRECTION('ref_axis',(0.865789579814944,0.500408236826556,0.));
#5094=DIRECTION('',(0.,0.,1.));
#5095=DIRECTION('center_axis',(0.,0.,-1.));
#5096=DIRECTION('ref_axis',(0.865789579814944,0.500408236826556,0.));
#5097=DIRECTION('center_axis',(0.,0.,1.));
#5098=DIRECTION('ref_axis',(-0.869042652800623,0.494737170236133,0.));
#5099=DIRECTION('center_axis',(0.,0.,-1.));
#5100=DIRECTION('ref_axis',(-0.869042652800623,0.494737170236133,0.));
#5101=DIRECTION('',(0.,0.,1.));
#5102=DIRECTION('center_axis',(0.,0.,-1.));
#5103=DIRECTION('ref_axis',(-0.869042652800623,0.494737170236133,0.));
#5104=DIRECTION('center_axis',(0.,0.,1.));
#5105=DIRECTION('ref_axis',(-0.00323512715928043,-0.999994766962439,0.));
#5106=DIRECTION('center_axis',(0.,0.,-1.));
#5107=DIRECTION('ref_axis',(-0.00323512715928043,-0.999994766962439,0.));
#5108=DIRECTION('',(0.,0.,1.));
#5109=DIRECTION('center_axis',(0.,0.,-1.));
#5110=DIRECTION('ref_axis',(-0.00323512715928043,-0.999994766962439,0.));
#5111=DIRECTION('center_axis',(0.,0.,1.));
#5112=DIRECTION('ref_axis',(0.865789579814944,0.500408236826556,0.));
#5113=DIRECTION('center_axis',(0.,0.,-1.));
#5114=DIRECTION('ref_axis',(0.865789579814944,0.500408236826556,0.));
#5115=DIRECTION('',(0.,0.,1.));
#5116=DIRECTION('center_axis',(0.,0.,-1.));
#5117=DIRECTION('ref_axis',(0.865789579814944,0.500408236826556,0.));
#5118=DIRECTION('center_axis',(0.,0.,1.));
#5119=DIRECTION('ref_axis',(0.119534338121275,-0.992830067035597,0.));
#5120=DIRECTION('center_axis',(0.,0.,-1.));
#5121=DIRECTION('ref_axis',(0.119534338121275,-0.992830067035597,0.));
#5122=DIRECTION('',(0.,0.,1.));
#5123=DIRECTION('center_axis',(0.,0.,-1.));
#5124=DIRECTION('ref_axis',(0.119534338121275,-0.992830067035597,0.));
#5125=DIRECTION('center_axis',(0.,0.,1.));
#5126=DIRECTION('ref_axis',(-0.753072374385276,0.657937686211789,0.));
#5127=DIRECTION('center_axis',(0.,0.,1.));
#5128=DIRECTION('ref_axis',(-0.753072374385276,0.657937686211789,0.));
#5129=DIRECTION('',(0.,0.,1.));
#5130=DIRECTION('center_axis',(0.,0.,1.));
#5131=DIRECTION('ref_axis',(-0.753072374385276,0.657937686211789,0.));
#5132=DIRECTION('center_axis',(0.,0.,1.));
#5133=DIRECTION('ref_axis',(0.0999420539487725,0.994993259199529,0.));
#5134=DIRECTION('center_axis',(0.,0.,1.));
#5135=DIRECTION('ref_axis',(0.0999420539487725,0.994993259199529,0.));
#5136=DIRECTION('center_axis',(0.,0.,1.));
#5137=DIRECTION('ref_axis',(0.0999420539487725,0.994993259199529,0.));
#5138=DIRECTION('center_axis',(0.,0.,1.));
#5139=DIRECTION('ref_axis',(-1.,1.86830125186225E-13,0.));
#5140=DIRECTION('center_axis',(0.,0.,-1.));
#5141=DIRECTION('ref_axis',(-1.,1.86830125186225E-13,0.));
#5142=DIRECTION('',(0.,0.,1.));
#5143=DIRECTION('center_axis',(0.,0.,-1.));
#5144=DIRECTION('ref_axis',(-1.,1.86830125186225E-13,0.));
#5145=DIRECTION('',(0.,0.,1.));
#5146=DIRECTION('center_axis',(0.,0.,1.));
#5147=DIRECTION('ref_axis',(1.25971522847335E-10,1.,0.));
#5148=DIRECTION('center_axis',(0.,0.,-1.));
#5149=DIRECTION('ref_axis',(0.999999874477623,-0.000501043649054517,0.));
#5150=DIRECTION('center_axis',(0.,0.,-1.));
#5151=DIRECTION('ref_axis',(0.999999874477623,-0.000501043649054517,0.));
#5152=DIRECTION('center_axis',(0.,0.,1.));
#5153=DIRECTION('ref_axis',(0.916385142830471,0.400297726697988,0.));
#5154=DIRECTION('center_axis',(0.,0.,-1.));
#5155=DIRECTION('ref_axis',(0.916385142830471,0.400297726697988,0.));
#5156=DIRECTION('',(0.,0.,1.));
#5157=DIRECTION('center_axis',(0.,0.,-1.));
#5158=DIRECTION('ref_axis',(0.916385142830471,0.400297726697988,0.));
#5159=DIRECTION('',(0.,0.,1.));
#5160=DIRECTION('center_axis',(0.,0.,1.));
#5161=DIRECTION('ref_axis',(0.999998891082389,0.0014892394008261,0.));
#5162=DIRECTION('center_axis',(0.,0.,1.));
#5163=DIRECTION('ref_axis',(0.999998891082389,0.0014892394008261,0.));
#5164=DIRECTION('',(0.,0.,1.));
#5165=DIRECTION('center_axis',(0.,0.,1.));
#5166=DIRECTION('ref_axis',(0.999998891082389,0.0014892394008261,0.));
#5167=DIRECTION('center_axis',(1.,-2.08622460760872E-15,0.));
#5168=DIRECTION('ref_axis',(2.08622460760872E-15,1.,0.));
#5169=DIRECTION('',(2.08622460760872E-15,1.,0.));
#5170=DIRECTION('',(0.,0.,1.));
#5171=DIRECTION('',(2.08622460760872E-15,1.,0.));
#5172=DIRECTION('center_axis',(0.,0.,1.));
#5173=DIRECTION('ref_axis',(-1.,-5.04829921986952E-14,0.));
#5174=DIRECTION('center_axis',(0.,0.,-1.));
#5175=DIRECTION('ref_axis',(-1.,-5.04829921986952E-14,0.));
#5176=DIRECTION('',(0.,0.,1.));
#5177=DIRECTION('center_axis',(0.,0.,-1.));
#5178=DIRECTION('ref_axis',(-1.,-5.04829921986952E-14,0.));
#5179=DIRECTION('',(0.,0.,1.));
#5180=DIRECTION('center_axis',(0.,0.,1.));
#5181=DIRECTION('ref_axis',(4.3567966001464E-10,1.,0.));
#5182=DIRECTION('center_axis',(0.,0.,-1.));
#5183=DIRECTION('ref_axis',(0.999999623432869,-0.000867833002638643,0.));
#5184=DIRECTION('center_axis',(0.,0.,-1.));
#5185=DIRECTION('ref_axis',(0.999999623432869,-0.000867833002638643,0.));
#5186=DIRECTION('center_axis',(0.,0.,1.));
#5187=DIRECTION('ref_axis',(0.414970285549849,0.90983496421641,0.));
#5188=DIRECTION('center_axis',(0.,0.,-1.));
#5189=DIRECTION('ref_axis',(0.414970285549849,0.90983496421641,0.));
#5190=DIRECTION('',(0.,0.,1.));
#5191=DIRECTION('center_axis',(0.,0.,-1.));
#5192=DIRECTION('ref_axis',(0.414970285549849,0.90983496421641,0.));
#5193=DIRECTION('',(0.,0.,1.));
#5194=DIRECTION('',(0.,0.,1.));
#5195=DIRECTION('center_axis',(-1.,0.,0.));
#5196=DIRECTION('ref_axis',(0.,-1.,0.));
#5197=DIRECTION('',(0.,-1.,0.));
#5198=DIRECTION('',(0.,0.,1.));
#5199=DIRECTION('',(0.,-1.,0.));
#5200=DIRECTION('center_axis',(0.,0.,1.));
#5201=DIRECTION('ref_axis',(-0.00148370468653006,0.999998899309596,0.));
#5202=DIRECTION('center_axis',(0.,0.,1.));
#5203=DIRECTION('ref_axis',(-0.00148370468653006,0.999998899309596,0.));
#5204=DIRECTION('center_axis',(0.,0.,1.));
#5205=DIRECTION('ref_axis',(-0.00148370468653006,0.999998899309596,0.));
#5206=DIRECTION('center_axis',(0.,0.,1.));
#5207=DIRECTION('ref_axis',(-0.55885090119626,-0.829268153393176,0.));
#5208=DIRECTION('center_axis',(0.,0.,1.));
#5209=DIRECTION('ref_axis',(-0.55885090119626,-0.829268153393176,0.));
#5210=DIRECTION('',(0.,0.,1.));
#5211=DIRECTION('center_axis',(0.,0.,1.));
#5212=DIRECTION('ref_axis',(-0.55885090119626,-0.829268153393176,0.));
#5213=DIRECTION('',(0.,0.,1.));
#5214=DIRECTION('center_axis',(0.,0.,1.));
#5215=DIRECTION('ref_axis',(0.00148943544813242,-0.999998890790408,0.));
#5216=DIRECTION('center_axis',(0.,0.,1.));
#5217=DIRECTION('ref_axis',(0.00148943544813242,-0.999998890790408,0.));
#5218=DIRECTION('',(0.,0.,1.));
#5219=DIRECTION('center_axis',(0.,0.,1.));
#5220=DIRECTION('ref_axis',(0.00148943544813242,-0.999998890790408,0.));
#5221=DIRECTION('center_axis',(-6.52697981803273E-17,-1.,0.));
#5222=DIRECTION('ref_axis',(1.,-6.52697981803273E-17,0.));
#5223=DIRECTION('',(1.,-6.52697981803273E-17,0.));
#5224=DIRECTION('',(0.,0.,1.));
#5225=DIRECTION('',(1.,-6.52697981803273E-17,0.));
#5226=DIRECTION('center_axis',(0.,0.,1.));
#5227=DIRECTION('ref_axis',(-0.999995574200426,-0.00297516042615407,0.));
#5228=DIRECTION('center_axis',(0.,0.,1.));
#5229=DIRECTION('ref_axis',(-0.999995574200426,-0.00297516042615407,0.));
#5230=DIRECTION('',(0.,0.,1.));
#5231=DIRECTION('center_axis',(0.,0.,1.));
#5232=DIRECTION('ref_axis',(-0.999995574200426,-0.00297516042615407,0.));
#5233=DIRECTION('center_axis',(0.,0.,1.));
#5234=DIRECTION('ref_axis',(-0.830221057397002,-0.557434297343287,0.));
#5235=DIRECTION('center_axis',(0.,0.,1.));
#5236=DIRECTION('ref_axis',(-0.830221057397002,-0.557434297343287,0.));
#5237=DIRECTION('',(0.,0.,1.));
#5238=DIRECTION('center_axis',(0.,0.,1.));
#5239=DIRECTION('ref_axis',(-0.830221057397002,-0.557434297343287,0.));
#5240=DIRECTION('',(0.,0.,1.));
#5241=DIRECTION('center_axis',(0.,0.,1.));
#5242=DIRECTION('ref_axis',(0.0107626223080995,0.999942081303239,0.));
#5243=DIRECTION('center_axis',(0.,0.,1.));
#5244=DIRECTION('ref_axis',(0.0107626223080995,0.999942081303239,0.));
#5245=DIRECTION('',(0.,0.,1.));
#5246=DIRECTION('center_axis',(0.,0.,1.));
#5247=DIRECTION('ref_axis',(0.0107626223080995,0.999942081303239,0.));
#5248=DIRECTION('center_axis',(0.,0.,1.));
#5249=DIRECTION('ref_axis',(0.380686371372541,0.924704215763726,0.));
#5250=DIRECTION('center_axis',(0.,0.,1.));
#5251=DIRECTION('ref_axis',(0.380686371372541,0.924704215763726,0.));
#5252=DIRECTION('',(0.,0.,1.));
#5253=DIRECTION('center_axis',(0.,0.,1.));
#5254=DIRECTION('ref_axis',(0.380686371372541,0.924704215763726,0.));
#5255=DIRECTION('center_axis',(0.,0.,1.));
#5256=DIRECTION('ref_axis',(-0.00148370468653006,0.999998899309596,0.));
#5257=DIRECTION('center_axis',(0.,0.,1.));
#5258=DIRECTION('ref_axis',(-0.00148370468653006,0.999998899309596,0.));
#5259=DIRECTION('',(0.,0.,1.));
#5260=DIRECTION('center_axis',(0.,0.,1.));
#5261=DIRECTION('ref_axis',(-0.00148370468653006,0.999998899309596,0.));
#5262=DIRECTION('center_axis',(0.,1.,0.));
#5263=DIRECTION('ref_axis',(-1.,0.,0.));
#5264=DIRECTION('',(-1.,0.,0.));
#5265=DIRECTION('',(0.,0.,1.));
#5266=DIRECTION('',(-1.,0.,0.));
#5267=DIRECTION('center_axis',(0.,0.,1.));
#5268=DIRECTION('ref_axis',(0.999998891082389,0.0014892394008261,0.));
#5269=DIRECTION('center_axis',(0.,0.,1.));
#5270=DIRECTION('ref_axis',(0.999998891082389,0.0014892394008261,0.));
#5271=DIRECTION('',(0.,0.,1.));
#5272=DIRECTION('center_axis',(0.,0.,1.));
#5273=DIRECTION('ref_axis',(0.999998891082389,0.0014892394008261,0.));
#5274=DIRECTION('center_axis',(0.,0.,1.));
#5275=DIRECTION('ref_axis',(-0.00369735406820316,0.999993164763087,0.));
#5276=DIRECTION('center_axis',(0.,0.,1.));
#5277=DIRECTION('ref_axis',(-0.00369735406820316,0.999993164763087,0.));
#5278=DIRECTION('',(0.,0.,1.));
#5279=DIRECTION('center_axis',(0.,0.,1.));
#5280=DIRECTION('ref_axis',(-0.00369735406820316,0.999993164763087,0.));
#5281=DIRECTION('center_axis',(0.,0.,1.));
#5282=DIRECTION('ref_axis',(0.916066604265117,0.401026154446537,0.));
#5283=DIRECTION('center_axis',(0.,0.,1.));
#5284=DIRECTION('ref_axis',(0.916066604265117,0.401026154446537,0.));
#5285=DIRECTION('',(0.,0.,1.));
#5286=DIRECTION('center_axis',(0.,0.,1.));
#5287=DIRECTION('ref_axis',(0.916066604265117,0.401026154446537,0.));
#5288=DIRECTION('center_axis',(0.,0.,-1.));
#5289=DIRECTION('ref_axis',(1.,0.,0.));
#5290=DIRECTION('center_axis',(0.,0.,1.));
#5291=DIRECTION('ref_axis',(-1.,0.,0.));
#5292=DIRECTION('center_axis',(0.,0.,1.));
#5293=DIRECTION('ref_axis',(1.,2.2204460492503E-15,0.));
#5294=DIRECTION('',(-4.55476112666731E-16,1.,0.));
#5295=DIRECTION('center_axis',(0.,0.,1.));
#5296=DIRECTION('ref_axis',(0.66143782776615,-0.749999999999998,0.));
#5297=DIRECTION('',(1.,0.,0.));
#5298=DIRECTION('',(0.,-1.,0.));
#5299=DIRECTION('',(-1.,0.,0.));
#5300=DIRECTION('center_axis',(0.,0.,1.));
#5301=DIRECTION('ref_axis',(-1.,0.,0.));
#5302=DIRECTION('',(0.,1.,0.));
#5303=DIRECTION('',(-1.,0.,0.));
#5304=DIRECTION('',(0.,-1.,0.));
#5305=DIRECTION('',(-1.,0.,0.));
#5306=DIRECTION('',(0.,1.,0.));
#5307=DIRECTION('center_axis',(0.,0.,1.));
#5308=DIRECTION('ref_axis',(4.16333634234433E-16,1.,0.));
#5309=DIRECTION('',(1.,0.,0.));
#5310=DIRECTION('',(0.,-1.,0.));
#5311=DIRECTION('',(-1.,0.,0.));
#5312=DIRECTION('center_axis',(0.,0.,1.));
#5313=DIRECTION('ref_axis',(-1.,0.,0.));
#5314=DIRECTION('center_axis',(0.,0.,1.));
#5315=DIRECTION('ref_axis',(-1.,0.,0.));
#5316=DIRECTION('center_axis',(0.,0.,1.));
#5317=DIRECTION('ref_axis',(-1.,0.,0.));
#5318=DIRECTION('center_axis',(0.,0.,1.));
#5319=DIRECTION('ref_axis',(-1.,0.,0.));
#5320=DIRECTION('center_axis',(0.,0.,1.));
#5321=DIRECTION('ref_axis',(-1.,0.,0.));
#5322=DIRECTION('center_axis',(0.,0.,-1.));
#5323=DIRECTION('ref_axis',(0.866025403784439,0.5,0.));
#5324=DIRECTION('center_axis',(0.,0.,1.));
#5325=DIRECTION('ref_axis',(0.866025403784439,0.5,0.));
#5326=DIRECTION('',(-0.70710678118654,1.76635401601927E-15,0.707106781186555));
#5327=DIRECTION('center_axis',(0.707106781186548,3.22070247935134E-16,0.707106781186547));
#5328=DIRECTION('ref_axis',(0.707106781186547,0.,-0.707106781186548));
#5329=DIRECTION('',(-0.707106781186547,0.,0.707106781186548));
#5330=DIRECTION('',(-4.55476112666731E-16,1.,0.));
#5331=DIRECTION('center_axis',(0.,0.,-1.));
#5332=DIRECTION('ref_axis',(1.,2.2204460492503E-15,0.));
#5333=DIRECTION('center_axis',(0.,0.,1.));
#5334=DIRECTION('ref_axis',(1.,2.2204460492503E-15,0.));
#5335=DIRECTION('center_axis',(0.,0.,1.));
#5336=DIRECTION('ref_axis',(-1.,0.,0.));
#5337=DIRECTION('center_axis',(0.,1.,0.));
#5338=DIRECTION('ref_axis',(-1.,0.,0.));
#5339=DIRECTION('',(1.,0.,0.));
#5340=DIRECTION('',(0.,0.,-1.));
#5341=DIRECTION('',(0.,0.,1.));
#5342=DIRECTION('center_axis',(0.,0.707106781186548,0.707106781186547));
#5343=DIRECTION('ref_axis',(1.,0.,0.));
#5344=DIRECTION('',(-1.,0.,0.));
#5345=DIRECTION('',(0.,-0.707106781186547,0.707106781186548));
#5346=DIRECTION('center_axis',(0.,0.,1.));
#5347=DIRECTION('ref_axis',(-1.,0.,0.));
#5348=DIRECTION('',(-0.707106781186546,-8.65956056235492E-17,-0.707106781186549));
#5349=DIRECTION('center_axis',(0.,0.,-1.));
#5350=DIRECTION('ref_axis',(-1.,0.,0.));
#5351=DIRECTION('center_axis',(0.,0.,-1.));
#5352=DIRECTION('ref_axis',(-1.,0.,0.));
#5353=DIRECTION('',(0.,0.,-1.));
#5354=DIRECTION('center_axis',(0.,-1.,0.));
#5355=DIRECTION('ref_axis',(0.,0.,1.));
#5356=DIRECTION('',(0.,0.,-1.));
#5357=DIRECTION('',(-1.,0.,0.));
#5358=DIRECTION('',(0.,0.,1.));
#5359=DIRECTION('center_axis',(0.,1.,0.));
#5360=DIRECTION('ref_axis',(0.,0.,-1.));
#5361=DIRECTION('',(0.,0.,1.));
#5362=DIRECTION('',(0.,0.,-1.));
#5363=DIRECTION('',(-1.,0.,0.));
#5364=DIRECTION('center_axis',(0.,0.,1.));
#5365=DIRECTION('ref_axis',(0.,1.,0.));
#5366=DIRECTION('',(0.,-1.,0.));
#5367=DIRECTION('',(0.,1.,0.));
#5368=DIRECTION('center_axis',(-1.,0.,0.));
#5369=DIRECTION('ref_axis',(0.,0.,1.));
#5370=DIRECTION('center_axis',(-1.,0.,0.));
#5371=DIRECTION('ref_axis',(0.,-1.,0.));
#5372=DIRECTION('',(0.,0.,1.));
#5373=DIRECTION('',(0.,0.,1.));
#5374=DIRECTION('center_axis',(0.,-0.707106781186549,0.707106781186546));
#5375=DIRECTION('ref_axis',(1.,0.,0.));
#5376=DIRECTION('',(-1.,0.,0.));
#5377=DIRECTION('',(0.,-0.707106781186546,-0.707106781186549));
#5378=DIRECTION('',(1.,0.,0.));
#5379=DIRECTION('center_axis',(0.,0.,1.));
#5380=DIRECTION('ref_axis',(-1.,0.,0.));
#5381=DIRECTION('',(0.,-1.,0.));
#5382=DIRECTION('',(1.,0.,0.));
#5383=DIRECTION('center_axis',(0.,0.,1.));
#5384=DIRECTION('ref_axis',(0.66143782776615,-0.749999999999998,0.));
#5385=DIRECTION('center_axis',(-1.,0.,0.));
#5386=DIRECTION('ref_axis',(0.,-1.,0.));
#5387=DIRECTION('',(0.,-1.,0.));
#5388=DIRECTION('',(0.,0.,1.));
#5389=DIRECTION('center_axis',(0.,1.,0.));
#5390=DIRECTION('ref_axis',(-1.,0.,0.));
#5391=DIRECTION('',(-1.,0.,0.));
#5392=DIRECTION('',(0.,0.,1.));
#5393=DIRECTION('center_axis',(0.,-1.,0.));
#5394=DIRECTION('ref_axis',(1.,0.,0.));
#5395=DIRECTION('',(0.,0.,1.));
#5396=DIRECTION('',(0.,0.,1.));
#5397=DIRECTION('center_axis',(-1.,0.,0.));
#5398=DIRECTION('ref_axis',(0.,-1.,0.));
#5399=DIRECTION('',(0.,0.,1.));
#5400=DIRECTION('center_axis',(0.,0.,1.));
#5401=DIRECTION('ref_axis',(-1.,0.,0.));
#5402=DIRECTION('center_axis',(0.,0.,1.));
#5403=DIRECTION('ref_axis',(1.,2.2204460492503E-15,0.));
#5404=DIRECTION('center_axis',(0.,0.,1.));
#5405=DIRECTION('ref_axis',(-1.,0.,0.));
#5406=DIRECTION('center_axis',(0.,0.,1.));
#5407=DIRECTION('ref_axis',(1.,2.2204460492503E-15,0.));
#5408=DIRECTION('',(0.,0.,1.));
#5409=DIRECTION('center_axis',(1.,4.55476112666731E-16,0.));
#5410=DIRECTION('ref_axis',(-4.55476112666731E-16,1.,0.));
#5411=DIRECTION('',(0.,0.,1.));
#5412=DIRECTION('center_axis',(0.,0.,1.));
#5413=DIRECTION('ref_axis',(-0.866025403784439,-0.5,0.));
#5414=DIRECTION('center_axis',(0.,-1.,0.));
#5415=DIRECTION('ref_axis',(1.,0.,0.));
#5416=DIRECTION('',(0.,0.,1.));
#5417=DIRECTION('center_axis',(0.,0.,1.));
#5418=DIRECTION('ref_axis',(-1.,0.,0.));
#5419=DIRECTION('center_axis',(0.,0.,1.));
#5420=DIRECTION('ref_axis',(4.16333634234433E-16,1.,0.));
#5421=DIRECTION('',(0.,0.,1.));
#5422=DIRECTION('',(1.,0.,0.));
#5423=DIRECTION('center_axis',(0.,0.,1.));
#5424=DIRECTION('ref_axis',(1.,0.,0.));
#5425=CARTESIAN_POINT('',(0.,0.,0.));
#5426=CARTESIAN_POINT('',(0.,0.,0.));
#5427=CARTESIAN_POINT('Origin',(24.0815035311281,37.2118326522254,8.8));
#5428=CARTESIAN_POINT('',(24.0815035311281,37.2118326522254,8.8));
#5429=CARTESIAN_POINT('',(26.7274604208123,37.2217168718619,8.8));
#5430=CARTESIAN_POINT('',(36.5044588876755,37.2582397648118,8.8));
#5431=CARTESIAN_POINT('',(24.0815035311281,37.2118326522254,7.8));
#5432=CARTESIAN_POINT('',(24.0815035311281,37.2118326522254,8.8));
#5433=CARTESIAN_POINT('',(26.7274604208123,37.2217168718619,7.8));
#5434=CARTESIAN_POINT('',(24.0815035311281,37.2118326522254,7.8));
#5435=CARTESIAN_POINT('',(26.7274604208123,37.2217168718619,8.8));
#5436=CARTESIAN_POINT('Origin',(24.0777959930085,38.2043223370095,8.8));
#5437=CARTESIAN_POINT('',(24.0777959930085,38.2043223370095,8.8));
#5438=CARTESIAN_POINT('',(24.1159870900465,27.9807538564283,8.8));
#5439=CARTESIAN_POINT('',(24.0777959930085,38.2043223370095,7.8));
#5440=CARTESIAN_POINT('',(24.0777959930085,38.2043223370095,8.8));
#5441=CARTESIAN_POINT('',(24.0777959930085,38.2043223370095,7.8));
#5442=CARTESIAN_POINT('Origin',(23.7237736952545,38.202999853578,8.8));
#5443=CARTESIAN_POINT('',(23.7237736952545,38.202999853578,8.8));
#5444=CARTESIAN_POINT('',(36.3237402006789,38.2500682078801,8.8));
#5445=CARTESIAN_POINT('',(23.7237736952545,38.202999853578,7.8));
#5446=CARTESIAN_POINT('',(23.7237736952545,38.202999853578,8.8));
#5447=CARTESIAN_POINT('',(23.7237736952545,38.202999853578,7.8));
#5448=CARTESIAN_POINT('Origin',(23.7326564986547,35.8251171556607,8.8));
#5449=CARTESIAN_POINT('',(23.7326564986547,35.8251171556607,8.8));
#5450=CARTESIAN_POINT('',(23.7664061939926,26.7904900240381,8.8));
#5451=CARTESIAN_POINT('',(23.7326564986547,35.8251171556607,7.8));
#5452=CARTESIAN_POINT('',(23.7326564986547,35.8251171556607,8.8));
#5453=CARTESIAN_POINT('',(23.7326564986547,35.8251171556607,7.8));
#5454=CARTESIAN_POINT('Origin',(24.0866787964086,35.8264396390923,8.8));
#5455=CARTESIAN_POINT('',(24.0866787964086,35.8264396390923,8.8));
#5456=CARTESIAN_POINT('',(36.509634152956,35.8728467516786,8.8));
#5457=CARTESIAN_POINT('',(24.0866787964086,35.8264396390923,7.8));
#5458=CARTESIAN_POINT('',(24.0866787964086,35.8264396390923,8.8));
#5459=CARTESIAN_POINT('',(24.0866787964086,35.8264396390923,7.8));
#5460=CARTESIAN_POINT('Origin',(24.0829865459307,36.8148368975202,8.8));
#5461=CARTESIAN_POINT('',(24.0829865459307,36.8148368975202,8.8));
#5462=CARTESIAN_POINT('',(24.1185823665076,27.2860111366836,8.8));
#5463=CARTESIAN_POINT('',(24.0829865459307,36.8148368975202,7.8));
#5464=CARTESIAN_POINT('',(24.0829865459307,36.8148368975202,8.8));
#5465=CARTESIAN_POINT('',(24.0829865459307,36.8148368975202,7.8));
#5466=CARTESIAN_POINT('Origin',(26.7289434356149,36.8247211171567,8.8));
#5467=CARTESIAN_POINT('',(26.7289434356149,36.8247211171567,8.8));
#5468=CARTESIAN_POINT('',(37.8289203473201,36.8661861199249,8.8));
#5469=CARTESIAN_POINT('',(26.7289434356149,36.8247211171567,7.8));
#5470=CARTESIAN_POINT('',(26.7289434356149,36.8247211171567,8.8));
#5471=CARTESIAN_POINT('',(26.7289434356149,36.8247211171567,7.8));
#5472=CARTESIAN_POINT('Origin',(26.7274604208123,37.2217168718619,8.8));
#5473=CARTESIAN_POINT('',(26.7637977487905,27.4943932336729,8.8));
#5474=CARTESIAN_POINT('',(26.7274604208123,37.2217168718619,7.8));
#5475=CARTESIAN_POINT('Origin',(25.2381768220432,34.2193775228155,7.8));
#5476=CARTESIAN_POINT('Origin',(32.5136985520868,31.2136203447548,8.8));
#5477=CARTESIAN_POINT('',(32.5136985520868,31.2136203447548,8.8));
#5478=CARTESIAN_POINT('',(32.5152036113927,30.6140315447721,8.8));
#5479=CARTESIAN_POINT('',(32.530522748137,24.5111605274771,8.8));
#5480=CARTESIAN_POINT('',(32.5136985520868,31.2136203447548,7.8));
#5481=CARTESIAN_POINT('',(32.5136985520868,31.2136203447548,8.8));
#5482=CARTESIAN_POINT('',(32.5152036113927,30.6140315447721,7.8));
#5483=CARTESIAN_POINT('',(32.5136985520868,31.2136203447548,7.8));
#5484=CARTESIAN_POINT('',(32.5152036113927,30.6140315447721,8.8));
#5485=CARTESIAN_POINT('Ctrl Pts',(32.5545035738564,31.6700680984958,8.8));
#5486=CARTESIAN_POINT('Ctrl Pts',(32.5545035738564,31.6700680984958,7.8));
#5487=CARTESIAN_POINT('Ctrl Pts',(32.5425370379387,31.6100121645046,8.8));
#5488=CARTESIAN_POINT('Ctrl Pts',(32.5425370379387,31.6100121645046,7.8));
#5489=CARTESIAN_POINT('Ctrl Pts',(32.5125567945365,31.4595516192658,8.8));
#5490=CARTESIAN_POINT('Ctrl Pts',(32.5125567945365,31.4595516192658,7.8));
#5491=CARTESIAN_POINT('Ctrl Pts',(32.5132700129449,31.3059264366368,8.8));
#5492=CARTESIAN_POINT('Ctrl Pts',(32.5132700129449,31.3059264366368,7.8));
#5493=CARTESIAN_POINT('Ctrl Pts',(32.5136985520868,31.2136203447548,8.8));
#5494=CARTESIAN_POINT('Ctrl Pts',(32.5136985520868,31.2136203447548,7.8));
#5495=CARTESIAN_POINT('',(32.5545035738564,31.6700680984958,8.8));
#5496=CARTESIAN_POINT('Ctrl Pts',(32.5545035738564,31.6700680984958,8.8));
#5497=CARTESIAN_POINT('Ctrl Pts',(32.5425370379387,31.6100121645046,8.8));
#5498=CARTESIAN_POINT('Ctrl Pts',(32.5125567945365,31.4595516192658,8.8));
#5499=CARTESIAN_POINT('Ctrl Pts',(32.5132700129449,31.3059264366368,8.8));
#5500=CARTESIAN_POINT('Ctrl Pts',(32.5136985520868,31.2136203447548,8.8));
#5501=CARTESIAN_POINT('',(32.5545035738564,31.6700680984958,7.8));
#5502=CARTESIAN_POINT('',(32.5545035738564,31.6700680984958,8.8));
#5503=CARTESIAN_POINT('Ctrl Pts',(32.5545035738564,31.6700680984958,7.8));
#5504=CARTESIAN_POINT('Ctrl Pts',(32.5425370379387,31.6100121645046,7.8));
#5505=CARTESIAN_POINT('Ctrl Pts',(32.5125567945365,31.4595516192658,7.8));
#5506=CARTESIAN_POINT('Ctrl Pts',(32.5132700129449,31.3059264366368,7.8));
#5507=CARTESIAN_POINT('Ctrl Pts',(32.5136985520868,31.2136203447548,7.8));
#5508=CARTESIAN_POINT('Ctrl Pts',(32.7095147684719,31.8750962366601,8.8));
#5509=CARTESIAN_POINT('Ctrl Pts',(32.7095147684719,31.8750962366601,7.8));
#5510=CARTESIAN_POINT('Ctrl Pts',(32.6746372062827,31.8483492169419,8.8));
#5511=CARTESIAN_POINT('Ctrl Pts',(32.6746372062827,31.8483492169419,7.8));
#5512=CARTESIAN_POINT('Ctrl Pts',(32.604147202839,31.7942916110284,8.8));
#5513=CARTESIAN_POINT('Ctrl Pts',(32.604147202839,31.7942916110284,7.8));
#5514=CARTESIAN_POINT('Ctrl Pts',(32.571166062886,31.7117627319708,8.8));
#5515=CARTESIAN_POINT('Ctrl Pts',(32.571166062886,31.7117627319708,7.8));
#5516=CARTESIAN_POINT('Ctrl Pts',(32.5545035738564,31.6700680984958,8.8));
#5517=CARTESIAN_POINT('Ctrl Pts',(32.5545035738564,31.6700680984958,7.8));
#5518=CARTESIAN_POINT('',(32.7095147684719,31.8750962366601,8.8));
#5519=CARTESIAN_POINT('Ctrl Pts',(32.7095147684719,31.8750962366601,8.8));
#5520=CARTESIAN_POINT('Ctrl Pts',(32.6746372062827,31.8483492169419,8.8));
#5521=CARTESIAN_POINT('Ctrl Pts',(32.604147202839,31.7942916110284,8.8));
#5522=CARTESIAN_POINT('Ctrl Pts',(32.571166062886,31.7117627319708,8.8));
#5523=CARTESIAN_POINT('Ctrl Pts',(32.5545035738564,31.6700680984958,8.8));
#5524=CARTESIAN_POINT('',(32.7095147684719,31.8750962366601,7.8));
#5525=CARTESIAN_POINT('',(32.7095147684719,31.8750962366601,8.8));
#5526=CARTESIAN_POINT('Ctrl Pts',(32.7095147684719,31.8750962366601,7.8));
#5527=CARTESIAN_POINT('Ctrl Pts',(32.6746372062827,31.8483492169419,7.8));
#5528=CARTESIAN_POINT('Ctrl Pts',(32.604147202839,31.7942916110284,7.8));
#5529=CARTESIAN_POINT('Ctrl Pts',(32.571166062886,31.7117627319708,7.8));
#5530=CARTESIAN_POINT('Ctrl Pts',(32.5545035738564,31.6700680984958,7.8));
#5531=CARTESIAN_POINT('Ctrl Pts',(32.9722946483266,31.9473795542281,8.8));
#5532=CARTESIAN_POINT('Ctrl Pts',(32.9722946483266,31.9473795542281,7.8));
#5533=CARTESIAN_POINT('Ctrl Pts',(32.9245668976445,31.9446276021635,8.8));
#5534=CARTESIAN_POINT('Ctrl Pts',(32.9245668976445,31.9446276021635,7.8));
#5535=CARTESIAN_POINT('Ctrl Pts',(32.8317359837848,31.939275030098,8.8));
#5536=CARTESIAN_POINT('Ctrl Pts',(32.8317359837848,31.939275030098,7.8));
#5537=CARTESIAN_POINT('Ctrl Pts',(32.7494799716793,31.8960821065419,8.8));
#5538=CARTESIAN_POINT('Ctrl Pts',(32.7494799716793,31.8960821065419,7.8));
#5539=CARTESIAN_POINT('Ctrl Pts',(32.7095147684719,31.8750962366601,8.8));
#5540=CARTESIAN_POINT('Ctrl Pts',(32.7095147684719,31.8750962366601,7.8));
#5541=CARTESIAN_POINT('',(32.9722946483266,31.9473795542281,8.8));
#5542=CARTESIAN_POINT('Ctrl Pts',(32.9722946483266,31.9473795542281,8.8));
#5543=CARTESIAN_POINT('Ctrl Pts',(32.9245668976445,31.9446276021635,8.8));
#5544=CARTESIAN_POINT('Ctrl Pts',(32.8317359837848,31.939275030098,8.8));
#5545=CARTESIAN_POINT('Ctrl Pts',(32.7494799716793,31.8960821065419,8.8));
#5546=CARTESIAN_POINT('Ctrl Pts',(32.7095147684719,31.8750962366601,8.8));
#5547=CARTESIAN_POINT('',(32.9722946483266,31.9473795542281,7.8));
#5548=CARTESIAN_POINT('',(32.9722946483266,31.9473795542281,8.8));
#5549=CARTESIAN_POINT('Ctrl Pts',(32.9722946483266,31.9473795542281,7.8));
#5550=CARTESIAN_POINT('Ctrl Pts',(32.9245668976445,31.9446276021635,7.8));
#5551=CARTESIAN_POINT('Ctrl Pts',(32.8317359837848,31.939275030098,7.8));
#5552=CARTESIAN_POINT('Ctrl Pts',(32.7494799716793,31.8960821065419,7.8));
#5553=CARTESIAN_POINT('Ctrl Pts',(32.7095147684719,31.8750962366601,7.8));
#5554=CARTESIAN_POINT('Ctrl Pts',(33.2344236811537,31.8712978062723,8.8));
#5555=CARTESIAN_POINT('Ctrl Pts',(33.2344236811537,31.8712978062723,7.8));
#5556=CARTESIAN_POINT('Ctrl Pts',(33.1961068074683,31.8935671880059,8.8));
#5557=CARTESIAN_POINT('Ctrl Pts',(33.1961068074683,31.8935671880059,7.8));
#5558=CARTESIAN_POINT('Ctrl Pts',(33.1152164589754,31.9405798452477,8.8));
#5559=CARTESIAN_POINT('Ctrl Pts',(33.1152164589754,31.9405798452477,7.8));
#5560=CARTESIAN_POINT('Ctrl Pts',(33.021577733383,31.9450348411677,8.8));
#5561=CARTESIAN_POINT('Ctrl Pts',(33.021577733383,31.9450348411677,7.8));
#5562=CARTESIAN_POINT('Ctrl Pts',(32.9722946483266,31.9473795542281,8.8));
#5563=CARTESIAN_POINT('Ctrl Pts',(32.9722946483266,31.9473795542281,7.8));
#5564=CARTESIAN_POINT('',(33.2344236811537,31.8712978062723,8.8));
#5565=CARTESIAN_POINT('Ctrl Pts',(33.2344236811537,31.8712978062723,8.8));
#5566=CARTESIAN_POINT('Ctrl Pts',(33.1961068074683,31.8935671880059,8.8));
#5567=CARTESIAN_POINT('Ctrl Pts',(33.1152164589754,31.9405798452477,8.8));
#5568=CARTESIAN_POINT('Ctrl Pts',(33.021577733383,31.9450348411677,8.8));
#5569=CARTESIAN_POINT('Ctrl Pts',(32.9722946483266,31.9473795542281,8.8));
#5570=CARTESIAN_POINT('',(33.2344236811537,31.8712978062723,7.8));
#5571=CARTESIAN_POINT('',(33.2344236811537,31.8712978062723,8.8));
#5572=CARTESIAN_POINT('Ctrl Pts',(33.2344236811537,31.8712978062723,7.8));
#5573=CARTESIAN_POINT('Ctrl Pts',(33.1961068074683,31.8935671880059,7.8));
#5574=CARTESIAN_POINT('Ctrl Pts',(33.1152164589754,31.9405798452477,7.8));
#5575=CARTESIAN_POINT('Ctrl Pts',(33.021577733383,31.9450348411677,7.8));
#5576=CARTESIAN_POINT('Ctrl Pts',(32.9722946483266,31.9473795542281,7.8));
#5577=CARTESIAN_POINT('Ctrl Pts',(33.3843820328359,31.6435017101534,8.8));
#5578=CARTESIAN_POINT('Ctrl Pts',(33.3843820328359,31.6435017101534,7.8));
#5579=CARTESIAN_POINT('Ctrl Pts',(33.367806373489,31.6900452203999,8.8));
#5580=CARTESIAN_POINT('Ctrl Pts',(33.367806373489,31.6900452203999,7.8));
#5581=CARTESIAN_POINT('Ctrl Pts',(33.3363383715332,31.7784055830747,8.8));
#5582=CARTESIAN_POINT('Ctrl Pts',(33.3363383715332,31.7784055830747,7.8));
#5583=CARTESIAN_POINT('Ctrl Pts',(33.2671617572027,31.841458019132,8.8));
#5584=CARTESIAN_POINT('Ctrl Pts',(33.2671617572027,31.841458019132,7.8));
#5585=CARTESIAN_POINT('Ctrl Pts',(33.2344236811537,31.8712978062723,8.8));
#5586=CARTESIAN_POINT('Ctrl Pts',(33.2344236811537,31.8712978062723,7.8));
#5587=CARTESIAN_POINT('',(33.3843820328359,31.6435017101534,8.8));
#5588=CARTESIAN_POINT('Ctrl Pts',(33.3843820328359,31.6435017101534,8.8));
#5589=CARTESIAN_POINT('Ctrl Pts',(33.367806373489,31.6900452203999,8.8));
#5590=CARTESIAN_POINT('Ctrl Pts',(33.3363383715332,31.7784055830747,8.8));
#5591=CARTESIAN_POINT('Ctrl Pts',(33.2671617572027,31.841458019132,8.8));
#5592=CARTESIAN_POINT('Ctrl Pts',(33.2344236811537,31.8712978062723,8.8));
#5593=CARTESIAN_POINT('',(33.3843820328359,31.6435017101534,7.8));
#5594=CARTESIAN_POINT('',(33.3843820328359,31.6435017101534,8.8));
#5595=CARTESIAN_POINT('Ctrl Pts',(33.3843820328359,31.6435017101534,7.8));
#5596=CARTESIAN_POINT('Ctrl Pts',(33.367806373489,31.6900452203999,7.8));
#5597=CARTESIAN_POINT('Ctrl Pts',(33.3363383715332,31.7784055830747,7.8));
#5598=CARTESIAN_POINT('Ctrl Pts',(33.2671617572027,31.841458019132,7.8));
#5599=CARTESIAN_POINT('Ctrl Pts',(33.2344236811537,31.8712978062723,7.8));
#5600=CARTESIAN_POINT('Ctrl Pts',(33.4201207655639,31.265009090664,8.8));
#5601=CARTESIAN_POINT('Ctrl Pts',(33.4201207655639,31.265009090664,7.8));
#5602=CARTESIAN_POINT('Ctrl Pts',(33.4199769726243,31.3408627496011,8.8));
#5603=CARTESIAN_POINT('Ctrl Pts',(33.4199769726243,31.3408627496011,7.8));
#5604=CARTESIAN_POINT('Ctrl Pts',(33.4197354377356,31.4682772465447,8.8));
#5605=CARTESIAN_POINT('Ctrl Pts',(33.4197354377356,31.4682772465447,7.8));
#5606=CARTESIAN_POINT('Ctrl Pts',(33.3945669624158,31.5930214571877,8.8));
#5607=CARTESIAN_POINT('Ctrl Pts',(33.3945669624158,31.5930214571877,7.8));
#5608=CARTESIAN_POINT('Ctrl Pts',(33.3843820328359,31.6435017101534,8.8));
#5609=CARTESIAN_POINT('Ctrl Pts',(33.3843820328359,31.6435017101534,7.8));
#5610=CARTESIAN_POINT('',(33.4201207655639,31.265009090664,8.8));
#5611=CARTESIAN_POINT('Ctrl Pts',(33.4201207655639,31.265009090664,8.8));
#5612=CARTESIAN_POINT('Ctrl Pts',(33.4199769726243,31.3408627496011,8.8));
#5613=CARTESIAN_POINT('Ctrl Pts',(33.4197354377356,31.4682772465447,8.8));
#5614=CARTESIAN_POINT('Ctrl Pts',(33.3945669624158,31.5930214571877,8.8));
#5615=CARTESIAN_POINT('Ctrl Pts',(33.3843820328359,31.6435017101534,8.8));
#5616=CARTESIAN_POINT('',(33.4201207655639,31.265009090664,7.8));
#5617=CARTESIAN_POINT('',(33.4201207655639,31.265009090664,8.8));
#5618=CARTESIAN_POINT('Ctrl Pts',(33.4201207655639,31.265009090664,7.8));
#5619=CARTESIAN_POINT('Ctrl Pts',(33.4199769726243,31.3408627496011,7.8));
#5620=CARTESIAN_POINT('Ctrl Pts',(33.4197354377356,31.4682772465447,7.8));
#5621=CARTESIAN_POINT('Ctrl Pts',(33.3945669624158,31.5930214571877,7.8));
#5622=CARTESIAN_POINT('Ctrl Pts',(33.3843820328359,31.6435017101534,7.8));
#5623=CARTESIAN_POINT('Origin',(33.421749106436,30.6163071121836,8.8));
#5624=CARTESIAN_POINT('',(33.421749106436,30.6163071121836,8.8));
#5625=CARTESIAN_POINT('',(33.4378207728333,24.2136416948973,8.8));
#5626=CARTESIAN_POINT('',(33.421749106436,30.6163071121836,7.8));
#5627=CARTESIAN_POINT('',(33.421749106436,30.6163071121836,8.8));
#5628=CARTESIAN_POINT('',(33.421749106436,30.6163071121836,7.8));
#5629=CARTESIAN_POINT('Origin',(32.5152036113927,30.6140315447721,8.8));
#5630=CARTESIAN_POINT('',(40.741574589388,30.6346809901831,8.8));
#5631=CARTESIAN_POINT('',(32.5152036113927,30.6140315447721,7.8));
#5632=CARTESIAN_POINT('Origin',(33.7740311123007,31.310918032708,8.8));
#5633=CARTESIAN_POINT('',(33.7740311123007,31.310918032708,8.8));
#5634=CARTESIAN_POINT('',(33.7757724609635,30.6171957647806,8.8));
#5635=CARTESIAN_POINT('',(33.7909734530294,24.561391481458,8.8));
#5636=CARTESIAN_POINT('',(33.7740311123007,31.310918032708,7.8));
#5637=CARTESIAN_POINT('',(33.7740311123007,31.310918032708,8.8));
#5638=CARTESIAN_POINT('',(33.7757724609635,30.6171957647806,7.8));
#5639=CARTESIAN_POINT('',(33.7740311123007,31.310918032708,7.8));
#5640=CARTESIAN_POINT('',(33.7757724609635,30.6171957647806,8.8));
#5641=CARTESIAN_POINT('Ctrl Pts',(33.8230655746893,31.749991965315,8.8));
#5642=CARTESIAN_POINT('Ctrl Pts',(33.8230655746893,31.749991965315,7.8));
#5643=CARTESIAN_POINT('Ctrl Pts',(33.8086726777265,31.6882192463662,8.8));
#5644=CARTESIAN_POINT('Ctrl Pts',(33.8086726777265,31.6882192463662,7.8));
#5645=CARTESIAN_POINT('Ctrl Pts',(33.775064770858,31.5439778340349,8.8));
#5646=CARTESIAN_POINT('Ctrl Pts',(33.775064770858,31.5439778340349,7.8));
#5647=CARTESIAN_POINT('Ctrl Pts',(33.7744071187886,31.3956965088809,8.8));
#5648=CARTESIAN_POINT('Ctrl Pts',(33.7744071187886,31.3956965088809,7.8));
#5649=CARTESIAN_POINT('Ctrl Pts',(33.7740311123007,31.310918032708,8.8));
#5650=CARTESIAN_POINT('Ctrl Pts',(33.7740311123007,31.310918032708,7.8));
#5651=CARTESIAN_POINT('',(33.8230655746893,31.749991965315,8.8));
#5652=CARTESIAN_POINT('Ctrl Pts',(33.8230655746893,31.749991965315,8.8));
#5653=CARTESIAN_POINT('Ctrl Pts',(33.8086726777265,31.6882192463662,8.8));
#5654=CARTESIAN_POINT('Ctrl Pts',(33.775064770858,31.5439778340349,8.8));
#5655=CARTESIAN_POINT('Ctrl Pts',(33.7744071187886,31.3956965088809,8.8));
#5656=CARTESIAN_POINT('Ctrl Pts',(33.7740311123007,31.310918032708,8.8));
#5657=CARTESIAN_POINT('',(33.8230655746893,31.749991965315,7.8));
#5658=CARTESIAN_POINT('',(33.8230655746893,31.749991965315,8.8));
#5659=CARTESIAN_POINT('Ctrl Pts',(33.8230655746893,31.749991965315,7.8));
#5660=CARTESIAN_POINT('Ctrl Pts',(33.8086726777265,31.6882192463662,7.8));
#5661=CARTESIAN_POINT('Ctrl Pts',(33.775064770858,31.5439778340349,7.8));
#5662=CARTESIAN_POINT('Ctrl Pts',(33.7744071187886,31.3956965088809,7.8));
#5663=CARTESIAN_POINT('Ctrl Pts',(33.7740311123007,31.310918032708,7.8));
#5664=CARTESIAN_POINT('Ctrl Pts',(33.9964091943485,31.9888316622556,8.8));
#5665=CARTESIAN_POINT('Ctrl Pts',(33.9964091943485,31.9888316622556,7.8));
#5666=CARTESIAN_POINT('Ctrl Pts',(33.9581546299256,31.9568962379743,8.8));
#5667=CARTESIAN_POINT('Ctrl Pts',(33.9581546299256,31.9568962379743,7.8));
#5668=CARTESIAN_POINT('Ctrl Pts',(33.8803235710867,31.891921824495,8.8));
#5669=CARTESIAN_POINT('Ctrl Pts',(33.8803235710867,31.891921824495,7.8));
#5670=CARTESIAN_POINT('Ctrl Pts',(33.8423664689833,31.7978345965901,8.8));
#5671=CARTESIAN_POINT('Ctrl Pts',(33.8423664689833,31.7978345965901,7.8));
#5672=CARTESIAN_POINT('Ctrl Pts',(33.8230655746893,31.749991965315,8.8));
#5673=CARTESIAN_POINT('Ctrl Pts',(33.8230655746893,31.749991965315,7.8));
#5674=CARTESIAN_POINT('',(33.9964091943485,31.9888316622556,8.8));
#5675=CARTESIAN_POINT('Ctrl Pts',(33.9964091943485,31.9888316622556,8.8));
#5676=CARTESIAN_POINT('Ctrl Pts',(33.9581546299256,31.9568962379743,8.8));
#5677=CARTESIAN_POINT('Ctrl Pts',(33.8803235710867,31.891921824495,8.8));
#5678=CARTESIAN_POINT('Ctrl Pts',(33.8423664689833,31.7978345965901,8.8));
#5679=CARTESIAN_POINT('Ctrl Pts',(33.8230655746893,31.749991965315,8.8));
#5680=CARTESIAN_POINT('',(33.9964091943485,31.9888316622556,7.8));
#5681=CARTESIAN_POINT('',(33.9964091943485,31.9888316622556,8.8));
#5682=CARTESIAN_POINT('Ctrl Pts',(33.9964091943485,31.9888316622556,7.8));
#5683=CARTESIAN_POINT('Ctrl Pts',(33.9581546299256,31.9568962379743,7.8));
#5684=CARTESIAN_POINT('Ctrl Pts',(33.8803235710867,31.891921824495,7.8));
#5685=CARTESIAN_POINT('Ctrl Pts',(33.8423664689833,31.7978345965901,7.8));
#5686=CARTESIAN_POINT('Ctrl Pts',(33.8230655746893,31.749991965315,7.8));
#5687=CARTESIAN_POINT('Ctrl Pts',(34.2878025955975,32.0755114845209,8.8));
#5688=CARTESIAN_POINT('Ctrl Pts',(34.2878025955975,32.0755114845209,7.8));
#5689=CARTESIAN_POINT('Ctrl Pts',(34.2343407099589,32.0722262216253,8.8));
#5690=CARTESIAN_POINT('Ctrl Pts',(34.2343407099589,32.0722262216253,7.8));
#5691=CARTESIAN_POINT('Ctrl Pts',(34.1304045636608,32.0658392870669,8.8));
#5692=CARTESIAN_POINT('Ctrl Pts',(34.1304045636608,32.0658392870669,7.8));
#5693=CARTESIAN_POINT('Ctrl Pts',(34.0402101099156,32.0140042073196,8.8));
#5694=CARTESIAN_POINT('Ctrl Pts',(34.0402101099156,32.0140042073196,7.8));
#5695=CARTESIAN_POINT('Ctrl Pts',(33.9964091943485,31.9888316622556,8.8));
#5696=CARTESIAN_POINT('Ctrl Pts',(33.9964091943485,31.9888316622556,7.8));
#5697=CARTESIAN_POINT('',(34.2878025955975,32.0755114845209,8.8));
#5698=CARTESIAN_POINT('Ctrl Pts',(34.2878025955975,32.0755114845209,8.8));
#5699=CARTESIAN_POINT('Ctrl Pts',(34.2343407099589,32.0722262216253,8.8));
#5700=CARTESIAN_POINT('Ctrl Pts',(34.1304045636608,32.0658392870669,8.8));
#5701=CARTESIAN_POINT('Ctrl Pts',(34.0402101099156,32.0140042073196,8.8));
#5702=CARTESIAN_POINT('Ctrl Pts',(33.9964091943485,31.9888316622556,8.8));
#5703=CARTESIAN_POINT('',(34.2878025955975,32.0755114845209,7.8));
#5704=CARTESIAN_POINT('',(34.2878025955975,32.0755114845209,8.8));
#5705=CARTESIAN_POINT('Ctrl Pts',(34.2878025955975,32.0755114845209,7.8));
#5706=CARTESIAN_POINT('Ctrl Pts',(34.2343407099589,32.0722262216253,7.8));
#5707=CARTESIAN_POINT('Ctrl Pts',(34.1304045636608,32.0658392870669,7.8));
#5708=CARTESIAN_POINT('Ctrl Pts',(34.0402101099156,32.0140042073196,7.8));
#5709=CARTESIAN_POINT('Ctrl Pts',(33.9964091943485,31.9888316622556,7.8));
#5710=CARTESIAN_POINT('Ctrl Pts',(34.5406792263125,32.0168009899098,8.8));
#5711=CARTESIAN_POINT('Ctrl Pts',(34.5406792263125,32.0168009899098,7.8));
#5712=CARTESIAN_POINT('Ctrl Pts',(34.5019194233868,32.0340063755507,8.8));
#5713=CARTESIAN_POINT('Ctrl Pts',(34.5019194233868,32.0340063755507,7.8));
#5714=CARTESIAN_POINT('Ctrl Pts',(34.4214550107373,32.0697243396655,8.8));
#5715=CARTESIAN_POINT('Ctrl Pts',(34.4214550107373,32.0697243396655,7.8));
#5716=CARTESIAN_POINT('Ctrl Pts',(34.3334272695432,32.0735359377504,8.8));
#5717=CARTESIAN_POINT('Ctrl Pts',(34.3334272695432,32.0735359377504,7.8));
#5718=CARTESIAN_POINT('Ctrl Pts',(34.2878025955975,32.0755114845209,8.8));
#5719=CARTESIAN_POINT('Ctrl Pts',(34.2878025955975,32.0755114845209,7.8));
#5720=CARTESIAN_POINT('',(34.5406792263125,32.0168009899098,8.8));
#5721=CARTESIAN_POINT('Ctrl Pts',(34.5406792263125,32.0168009899098,8.8));
#5722=CARTESIAN_POINT('Ctrl Pts',(34.5019194233868,32.0340063755507,8.8));
#5723=CARTESIAN_POINT('Ctrl Pts',(34.4214550107373,32.0697243396655,8.8));
#5724=CARTESIAN_POINT('Ctrl Pts',(34.3334272695432,32.0735359377504,8.8));
#5725=CARTESIAN_POINT('Ctrl Pts',(34.2878025955975,32.0755114845209,8.8));
#5726=CARTESIAN_POINT('',(34.5406792263125,32.0168009899098,7.8));
#5727=CARTESIAN_POINT('',(34.5406792263125,32.0168009899098,8.8));
#5728=CARTESIAN_POINT('Ctrl Pts',(34.5406792263125,32.0168009899098,7.8));
#5729=CARTESIAN_POINT('Ctrl Pts',(34.5019194233868,32.0340063755507,7.8));
#5730=CARTESIAN_POINT('Ctrl Pts',(34.4214550107373,32.0697243396655,7.8));
#5731=CARTESIAN_POINT('Ctrl Pts',(34.3334272695432,32.0735359377504,7.8));
#5732=CARTESIAN_POINT('Ctrl Pts',(34.2878025955975,32.0755114845209,7.8));
#5733=CARTESIAN_POINT('Ctrl Pts',(34.7078391708292,31.865787655194,8.8));
#5734=CARTESIAN_POINT('Ctrl Pts',(34.7078391708292,31.865787655194,7.8));
#5735=CARTESIAN_POINT('Ctrl Pts',(34.6858699287862,31.8953942410426,8.8));
#5736=CARTESIAN_POINT('Ctrl Pts',(34.6858699287862,31.8953942410426,7.8));
#5737=CARTESIAN_POINT('Ctrl Pts',(34.6402779469461,31.9568357291793,8.8));
#5738=CARTESIAN_POINT('Ctrl Pts',(34.6402779469461,31.9568357291793,7.8));
#5739=CARTESIAN_POINT('Ctrl Pts',(34.5746719175492,31.9963350584201,8.8));
#5740=CARTESIAN_POINT('Ctrl Pts',(34.5746719175492,31.9963350584201,7.8));
#5741=CARTESIAN_POINT('Ctrl Pts',(34.5406792263125,32.0168009899098,8.8));
#5742=CARTESIAN_POINT('Ctrl Pts',(34.5406792263125,32.0168009899098,7.8));
#5743=CARTESIAN_POINT('',(34.7078391708292,31.865787655194,8.8));
#5744=CARTESIAN_POINT('Ctrl Pts',(34.7078391708292,31.865787655194,8.8));
#5745=CARTESIAN_POINT('Ctrl Pts',(34.6858699287862,31.8953942410426,8.8));
#5746=CARTESIAN_POINT('Ctrl Pts',(34.6402779469461,31.9568357291793,8.8));
#5747=CARTESIAN_POINT('Ctrl Pts',(34.5746719175492,31.9963350584201,8.8));
#5748=CARTESIAN_POINT('Ctrl Pts',(34.5406792263125,32.0168009899098,8.8));
#5749=CARTESIAN_POINT('',(34.7078391708292,31.865787655194,7.8));
#5750=CARTESIAN_POINT('',(34.7078391708292,31.865787655194,8.8));
#5751=CARTESIAN_POINT('Ctrl Pts',(34.7078391708292,31.865787655194,7.8));
#5752=CARTESIAN_POINT('Ctrl Pts',(34.6858699287862,31.8953942410426,7.8));
#5753=CARTESIAN_POINT('Ctrl Pts',(34.6402779469461,31.9568357291793,7.8));
#5754=CARTESIAN_POINT('Ctrl Pts',(34.5746719175492,31.9963350584201,7.8));
#5755=CARTESIAN_POINT('Ctrl Pts',(34.5406792263125,32.0168009899098,7.8));
#5756=CARTESIAN_POINT('Ctrl Pts',(34.7902695827467,31.6367986386756,8.8));
#5757=CARTESIAN_POINT('Ctrl Pts',(34.7902695827467,31.6367986386756,7.8));
#5758=CARTESIAN_POINT('Ctrl Pts',(34.781294426615,31.6794718615993,8.8));
#5759=CARTESIAN_POINT('Ctrl Pts',(34.781294426615,31.6794718615993,7.8));
#5760=CARTESIAN_POINT('Ctrl Pts',(34.7644223484242,31.7596917422623,8.8));
#5761=CARTESIAN_POINT('Ctrl Pts',(34.7644223484242,31.7596917422623,7.8));
#5762=CARTESIAN_POINT('Ctrl Pts',(34.7258791780484,31.8319618589668,8.8));
#5763=CARTESIAN_POINT('Ctrl Pts',(34.7258791780484,31.8319618589668,7.8));
#5764=CARTESIAN_POINT('Ctrl Pts',(34.7078391708292,31.865787655194,8.8));
#5765=CARTESIAN_POINT('Ctrl Pts',(34.7078391708292,31.865787655194,7.8));
#5766=CARTESIAN_POINT('',(34.7902695827467,31.6367986386756,8.8));
#5767=CARTESIAN_POINT('Ctrl Pts',(34.7902695827467,31.6367986386756,8.8));
#5768=CARTESIAN_POINT('Ctrl Pts',(34.781294426615,31.6794718615993,8.8));
#5769=CARTESIAN_POINT('Ctrl Pts',(34.7644223484242,31.7596917422623,8.8));
#5770=CARTESIAN_POINT('Ctrl Pts',(34.7258791780484,31.8319618589668,8.8));
#5771=CARTESIAN_POINT('Ctrl Pts',(34.7078391708292,31.865787655194,8.8));
#5772=CARTESIAN_POINT('',(34.7902695827467,31.6367986386756,7.8));
#5773=CARTESIAN_POINT('',(34.7902695827467,31.6367986386756,8.8));
#5774=CARTESIAN_POINT('Ctrl Pts',(34.7902695827467,31.6367986386756,7.8));
#5775=CARTESIAN_POINT('Ctrl Pts',(34.781294426615,31.6794718615993,7.8));
#5776=CARTESIAN_POINT('Ctrl Pts',(34.7644223484242,31.7596917422623,7.8));
#5777=CARTESIAN_POINT('Ctrl Pts',(34.7258791780484,31.8319618589668,7.8));
#5778=CARTESIAN_POINT('Ctrl Pts',(34.7078391708292,31.865787655194,7.8));
#5779=CARTESIAN_POINT('Ctrl Pts',(34.8052723690145,31.366712710262,8.8));
#5780=CARTESIAN_POINT('Ctrl Pts',(34.8052723690145,31.366712710262,7.8));
#5781=CARTESIAN_POINT('Ctrl Pts',(34.8052388396902,31.4213625928422,8.8));
#5782=CARTESIAN_POINT('Ctrl Pts',(34.8052388396902,31.4213625928422,7.8));
#5783=CARTESIAN_POINT('Ctrl Pts',(34.8051834107327,31.5117069728955,8.8));
#5784=CARTESIAN_POINT('Ctrl Pts',(34.8051834107327,31.5117069728955,7.8));
#5785=CARTESIAN_POINT('Ctrl Pts',(34.7944932128346,31.6013723937287,8.8));
#5786=CARTESIAN_POINT('Ctrl Pts',(34.7944932128346,31.6013723937287,7.8));
#5787=CARTESIAN_POINT('Ctrl Pts',(34.7902695827467,31.6367986386756,8.8));
#5788=CARTESIAN_POINT('Ctrl Pts',(34.7902695827467,31.6367986386756,7.8));
#5789=CARTESIAN_POINT('',(34.8052723690145,31.366712710262,8.8));
#5790=CARTESIAN_POINT('Ctrl Pts',(34.8052723690145,31.366712710262,8.8));
#5791=CARTESIAN_POINT('Ctrl Pts',(34.8052388396902,31.4213625928422,8.8));
#5792=CARTESIAN_POINT('Ctrl Pts',(34.8051834107327,31.5117069728955,8.8));
#5793=CARTESIAN_POINT('Ctrl Pts',(34.7944932128346,31.6013723937287,8.8));
#5794=CARTESIAN_POINT('Ctrl Pts',(34.7902695827467,31.6367986386756,8.8));
#5795=CARTESIAN_POINT('',(34.8052723690145,31.366712710262,7.8));
#5796=CARTESIAN_POINT('',(34.8052723690145,31.366712710262,8.8));
#5797=CARTESIAN_POINT('Ctrl Pts',(34.8052723690145,31.366712710262,7.8));
#5798=CARTESIAN_POINT('Ctrl Pts',(34.8052388396902,31.4213625928422,7.8));
#5799=CARTESIAN_POINT('Ctrl Pts',(34.8051834107327,31.5117069728955,7.8));
#5800=CARTESIAN_POINT('Ctrl Pts',(34.7944932128346,31.6013723937287,7.8));
#5801=CARTESIAN_POINT('Ctrl Pts',(34.7902695827467,31.6367986386756,7.8));
#5802=CARTESIAN_POINT('Origin',(34.8071472722709,30.6197846728084,8.8));
#5803=CARTESIAN_POINT('',(34.8071472722709,30.6197846728084,8.8));
#5804=CARTESIAN_POINT('',(34.8232189386683,24.2171192555221,8.8));
#5805=CARTESIAN_POINT('',(34.8071472722709,30.6197846728084,7.8));
#5806=CARTESIAN_POINT('',(34.8071472722709,30.6197846728084,8.8));
#5807=CARTESIAN_POINT('',(34.8071472722709,30.6197846728084,7.8));
#5808=CARTESIAN_POINT('Origin',(33.7757724609635,30.6171957647806,8.8));
#5809=CARTESIAN_POINT('',(41.3718590141734,30.6362631001873,8.8));
#5810=CARTESIAN_POINT('',(33.7757724609635,30.6171957647806,7.8));
#5811=CARTESIAN_POINT('Ctrl Pts',(35.1079445997618,31.8514440344649,8.8));
#5812=CARTESIAN_POINT('Ctrl Pts',(35.1079445997618,31.8514440344649,7.8));
#5813=CARTESIAN_POINT('Ctrl Pts',(35.1227229923743,31.7784617526467,8.8));
#5814=CARTESIAN_POINT('Ctrl Pts',(35.1227229923743,31.7784617526467,7.8));
#5815=CARTESIAN_POINT('Ctrl Pts',(35.1550383514907,31.6188741230629,8.8));
#5816=CARTESIAN_POINT('Ctrl Pts',(35.1550383514907,31.6188741230629,7.8));
#5817=CARTESIAN_POINT('Ctrl Pts',(35.1577980724268,31.4559936680164,8.8));
#5818=CARTESIAN_POINT('Ctrl Pts',(35.1577980724268,31.4559936680164,7.8));
#5819=CARTESIAN_POINT('Ctrl Pts',(35.159295723542,31.367601362859,8.8));
#5820=CARTESIAN_POINT('Ctrl Pts',(35.159295723542,31.367601362859,7.8));
#5821=CARTESIAN_POINT('',(35.1079445997618,31.8514440344649,8.8));
#5822=CARTESIAN_POINT('',(35.159295723542,31.367601362859,8.8));
#5823=CARTESIAN_POINT('Ctrl Pts',(35.1079445997618,31.8514440344649,8.8));
#5824=CARTESIAN_POINT('Ctrl Pts',(35.1227229923743,31.7784617526467,8.8));
#5825=CARTESIAN_POINT('Ctrl Pts',(35.1550383514907,31.6188741230629,8.8));
#5826=CARTESIAN_POINT('Ctrl Pts',(35.1577980724268,31.4559936680164,8.8));
#5827=CARTESIAN_POINT('Ctrl Pts',(35.159295723542,31.367601362859,8.8));
#5828=CARTESIAN_POINT('',(35.1079445997618,31.8514440344649,7.8));
#5829=CARTESIAN_POINT('',(35.1079445997618,31.8514440344649,8.8));
#5830=CARTESIAN_POINT('',(35.159295723542,31.367601362859,7.8));
#5831=CARTESIAN_POINT('Ctrl Pts',(35.1079445997618,31.8514440344649,7.8));
#5832=CARTESIAN_POINT('Ctrl Pts',(35.1227229923743,31.7784617526467,7.8));
#5833=CARTESIAN_POINT('Ctrl Pts',(35.1550383514907,31.6188741230629,7.8));
#5834=CARTESIAN_POINT('Ctrl Pts',(35.1577980724268,31.4559936680164,7.8));
#5835=CARTESIAN_POINT('Ctrl Pts',(35.159295723542,31.367601362859,7.8));
#5836=CARTESIAN_POINT('',(35.159295723542,31.367601362859,8.8));
#5837=CARTESIAN_POINT('Ctrl Pts',(34.958757808136,32.1795152771253,8.8));
#5838=CARTESIAN_POINT('Ctrl Pts',(34.958757808136,32.1795152771253,7.8));
#5839=CARTESIAN_POINT('Ctrl Pts',(34.9900236450507,32.1315002129335,8.8));
#5840=CARTESIAN_POINT('Ctrl Pts',(34.9900236450507,32.1315002129335,7.8));
#5841=CARTESIAN_POINT('Ctrl Pts',(35.0562700683217,32.0297653297602,8.8));
#5842=CARTESIAN_POINT('Ctrl Pts',(35.0562700683217,32.0297653297602,7.8));
#5843=CARTESIAN_POINT('Ctrl Pts',(35.0900876521337,31.9130657645961,8.8));
#5844=CARTESIAN_POINT('Ctrl Pts',(35.0900876521337,31.9130657645961,7.8));
#5845=CARTESIAN_POINT('Ctrl Pts',(35.1079445997618,31.8514440344649,8.8));
#5846=CARTESIAN_POINT('Ctrl Pts',(35.1079445997618,31.8514440344649,7.8));
#5847=CARTESIAN_POINT('',(34.958757808136,32.1795152771253,8.8));
#5848=CARTESIAN_POINT('Ctrl Pts',(34.958757808136,32.1795152771253,8.8));
#5849=CARTESIAN_POINT('Ctrl Pts',(34.9900236450507,32.1315002129335,8.8));
#5850=CARTESIAN_POINT('Ctrl Pts',(35.0562700683217,32.0297653297602,8.8));
#5851=CARTESIAN_POINT('Ctrl Pts',(35.0900876521337,31.9130657645961,8.8));
#5852=CARTESIAN_POINT('Ctrl Pts',(35.1079445997618,31.8514440344649,8.8));
#5853=CARTESIAN_POINT('',(34.958757808136,32.1795152771253,7.8));
#5854=CARTESIAN_POINT('',(34.958757808136,32.1795152771253,8.8));
#5855=CARTESIAN_POINT('Ctrl Pts',(34.958757808136,32.1795152771253,7.8));
#5856=CARTESIAN_POINT('Ctrl Pts',(34.9900236450507,32.1315002129335,7.8));
#5857=CARTESIAN_POINT('Ctrl Pts',(35.0562700683217,32.0297653297602,7.8));
#5858=CARTESIAN_POINT('Ctrl Pts',(35.0900876521337,31.9130657645961,7.8));
#5859=CARTESIAN_POINT('Ctrl Pts',(35.1079445997618,31.8514440344649,7.8));
#5860=CARTESIAN_POINT('Ctrl Pts',(34.6788749850859,32.3987998603689,8.8));
#5861=CARTESIAN_POINT('Ctrl Pts',(34.6788749850859,32.3987998603689,7.8));
#5862=CARTESIAN_POINT('Ctrl Pts',(34.7348527982175,32.3688301295768,8.8));
#5863=CARTESIAN_POINT('Ctrl Pts',(34.7348527982175,32.3688301295768,7.8));
#5864=CARTESIAN_POINT('Ctrl Pts',(34.8410426658133,32.3119775737755,8.8));
#5865=CARTESIAN_POINT('Ctrl Pts',(34.8410426658133,32.3119775737755,7.8));
#5866=CARTESIAN_POINT('Ctrl Pts',(34.9209659507233,32.2220416346422,8.8));
#5867=CARTESIAN_POINT('Ctrl Pts',(34.9209659507233,32.2220416346422,7.8));
#5868=CARTESIAN_POINT('Ctrl Pts',(34.958757808136,32.1795152771253,8.8));
#5869=CARTESIAN_POINT('Ctrl Pts',(34.958757808136,32.1795152771253,7.8));
#5870=CARTESIAN_POINT('',(34.6788749850859,32.3987998603689,8.8));
#5871=CARTESIAN_POINT('Ctrl Pts',(34.6788749850859,32.3987998603689,8.8));
#5872=CARTESIAN_POINT('Ctrl Pts',(34.7348527982175,32.3688301295768,8.8));
#5873=CARTESIAN_POINT('Ctrl Pts',(34.8410426658133,32.3119775737755,8.8));
#5874=CARTESIAN_POINT('Ctrl Pts',(34.9209659507233,32.2220416346422,8.8));
#5875=CARTESIAN_POINT('Ctrl Pts',(34.958757808136,32.1795152771253,8.8));
#5876=CARTESIAN_POINT('',(34.6788749850859,32.3987998603689,7.8));
#5877=CARTESIAN_POINT('',(34.6788749850859,32.3987998603689,8.8));
#5878=CARTESIAN_POINT('Ctrl Pts',(34.6788749850859,32.3987998603689,7.8));
#5879=CARTESIAN_POINT('Ctrl Pts',(34.7348527982175,32.3688301295768,7.8));
#5880=CARTESIAN_POINT('Ctrl Pts',(34.8410426658133,32.3119775737755,7.8));
#5881=CARTESIAN_POINT('Ctrl Pts',(34.9209659507233,32.2220416346422,7.8));
#5882=CARTESIAN_POINT('Ctrl Pts',(34.958757808136,32.1795152771253,7.8));
#5883=CARTESIAN_POINT('Ctrl Pts',(34.2867701138832,32.4868337956477,8.8));
#5884=CARTESIAN_POINT('Ctrl Pts',(34.2867701138832,32.4868337956477,7.8));
#5885=CARTESIAN_POINT('Ctrl Pts',(34.3554519369288,32.4834678033619,8.8));
#5886=CARTESIAN_POINT('Ctrl Pts',(34.3554519369288,32.4834678033619,7.8));
#5887=CARTESIAN_POINT('Ctrl Pts',(34.4912787237537,32.476811137939,8.8));
#5888=CARTESIAN_POINT('Ctrl Pts',(34.4912787237537,32.476811137939,7.8));
#5889=CARTESIAN_POINT('Ctrl Pts',(34.6168163777438,32.4246067245815,8.8));
#5890=CARTESIAN_POINT('Ctrl Pts',(34.6168163777438,32.4246067245815,7.8));
#5891=CARTESIAN_POINT('Ctrl Pts',(34.6788749850859,32.3987998603689,8.8));
#5892=CARTESIAN_POINT('Ctrl Pts',(34.6788749850859,32.3987998603689,7.8));
#5893=CARTESIAN_POINT('',(34.2867701138832,32.4868337956477,8.8));
#5894=CARTESIAN_POINT('Ctrl Pts',(34.2867701138832,32.4868337956477,8.8));
#5895=CARTESIAN_POINT('Ctrl Pts',(34.3554519369288,32.4834678033619,8.8));
#5896=CARTESIAN_POINT('Ctrl Pts',(34.4912787237537,32.476811137939,8.8));
#5897=CARTESIAN_POINT('Ctrl Pts',(34.6168163777438,32.4246067245815,8.8));
#5898=CARTESIAN_POINT('Ctrl Pts',(34.6788749850859,32.3987998603689,8.8));
#5899=CARTESIAN_POINT('',(34.2867701138832,32.4868337956477,7.8));
#5900=CARTESIAN_POINT('',(34.2867701138832,32.4868337956477,8.8));
#5901=CARTESIAN_POINT('Ctrl Pts',(34.2867701138832,32.4868337956477,7.8));
#5902=CARTESIAN_POINT('Ctrl Pts',(34.3554519369288,32.4834678033619,7.8));
#5903=CARTESIAN_POINT('Ctrl Pts',(34.4912787237537,32.476811137939,7.8));
#5904=CARTESIAN_POINT('Ctrl Pts',(34.6168163777438,32.4246067245815,7.8));
#5905=CARTESIAN_POINT('Ctrl Pts',(34.6788749850859,32.3987998603689,7.8));
#5906=CARTESIAN_POINT('Ctrl Pts',(33.8328413085017,32.3393771672398,8.8));
#5907=CARTESIAN_POINT('Ctrl Pts',(33.8328413085017,32.3393771672398,7.8));
#5908=CARTESIAN_POINT('Ctrl Pts',(33.9006658119417,32.3822175179606,8.8));
#5909=CARTESIAN_POINT('Ctrl Pts',(33.9006658119417,32.3822175179606,7.8));
#5910=CARTESIAN_POINT('Ctrl Pts',(34.0393339235285,32.4698051925161,8.8));
#5911=CARTESIAN_POINT('Ctrl Pts',(34.0393339235285,32.4698051925161,7.8));
#5912=CARTESIAN_POINT('Ctrl Pts',(34.2031028491921,32.4810757994407,8.8));
#5913=CARTESIAN_POINT('Ctrl Pts',(34.2031028491921,32.4810757994407,7.8));
#5914=CARTESIAN_POINT('Ctrl Pts',(34.2867701138832,32.4868337956477,8.8));
#5915=CARTESIAN_POINT('Ctrl Pts',(34.2867701138832,32.4868337956477,7.8));
#5916=CARTESIAN_POINT('',(33.8328413085017,32.3393771672398,8.8));
#5917=CARTESIAN_POINT('Ctrl Pts',(33.8328413085017,32.3393771672398,8.8));
#5918=CARTESIAN_POINT('Ctrl Pts',(33.9006658119417,32.3822175179606,8.8));
#5919=CARTESIAN_POINT('Ctrl Pts',(34.0393339235285,32.4698051925161,8.8));
#5920=CARTESIAN_POINT('Ctrl Pts',(34.2031028491921,32.4810757994407,8.8));
#5921=CARTESIAN_POINT('Ctrl Pts',(34.2867701138832,32.4868337956477,8.8));
#5922=CARTESIAN_POINT('',(33.8328413085017,32.3393771672398,7.8));
#5923=CARTESIAN_POINT('',(33.8328413085017,32.3393771672398,8.8));
#5924=CARTESIAN_POINT('Ctrl Pts',(33.8328413085017,32.3393771672398,7.8));
#5925=CARTESIAN_POINT('Ctrl Pts',(33.9006658119417,32.3822175179606,7.8));
#5926=CARTESIAN_POINT('Ctrl Pts',(34.0393339235285,32.4698051925161,7.8));
#5927=CARTESIAN_POINT('Ctrl Pts',(34.2031028491921,32.4810757994407,7.8));
#5928=CARTESIAN_POINT('Ctrl Pts',(34.2867701138832,32.4868337956477,7.8));
#5929=CARTESIAN_POINT('Ctrl Pts',(33.5617235123948,31.9202096007417,8.8));
#5930=CARTESIAN_POINT('Ctrl Pts',(33.5617235123948,31.9202096007417,7.8));
#5931=CARTESIAN_POINT('Ctrl Pts',(33.5913178557464,32.0045984746023,8.8));
#5932=CARTESIAN_POINT('Ctrl Pts',(33.5913178557464,32.0045984746023,7.8));
#5933=CARTESIAN_POINT('Ctrl Pts',(33.6480630710669,32.1664086138232,8.8));
#5934=CARTESIAN_POINT('Ctrl Pts',(33.6480630710669,32.1664086138232,7.8));
#5935=CARTESIAN_POINT('Ctrl Pts',(33.7730424498264,32.2834002176562,8.8));
#5936=CARTESIAN_POINT('Ctrl Pts',(33.7730424498264,32.2834002176562,7.8));
#5937=CARTESIAN_POINT('Ctrl Pts',(33.8328413085017,32.3393771672398,8.8));
#5938=CARTESIAN_POINT('Ctrl Pts',(33.8328413085017,32.3393771672398,7.8));
#5939=CARTESIAN_POINT('',(33.5617235123948,31.9202096007417,8.8));
#5940=CARTESIAN_POINT('Ctrl Pts',(33.5617235123948,31.9202096007417,8.8));
#5941=CARTESIAN_POINT('Ctrl Pts',(33.5913178557464,32.0045984746023,8.8));
#5942=CARTESIAN_POINT('Ctrl Pts',(33.6480630710669,32.1664086138232,8.8));
#5943=CARTESIAN_POINT('Ctrl Pts',(33.7730424498264,32.2834002176562,8.8));
#5944=CARTESIAN_POINT('Ctrl Pts',(33.8328413085017,32.3393771672398,8.8));
#5945=CARTESIAN_POINT('',(33.5617235123948,31.9202096007417,7.8));
#5946=CARTESIAN_POINT('',(33.5617235123948,31.9202096007417,8.8));
#5947=CARTESIAN_POINT('Ctrl Pts',(33.5617235123948,31.9202096007417,7.8));
#5948=CARTESIAN_POINT('Ctrl Pts',(33.5913178557464,32.0045984746023,7.8));
#5949=CARTESIAN_POINT('Ctrl Pts',(33.6480630710669,32.1664086138232,7.8));
#5950=CARTESIAN_POINT('Ctrl Pts',(33.7730424498264,32.2834002176562,7.8));
#5951=CARTESIAN_POINT('Ctrl Pts',(33.8328413085017,32.3393771672398,7.8));
#5952=CARTESIAN_POINT('Ctrl Pts',(33.2867176823685,32.2346636039993,8.8));
#5953=CARTESIAN_POINT('Ctrl Pts',(33.2867176823685,32.2346636039993,7.8));
#5954=CARTESIAN_POINT('Ctrl Pts',(33.3413947939349,32.194154254238,8.8));
#5955=CARTESIAN_POINT('Ctrl Pts',(33.3413947939349,32.194154254238,7.8));
#5956=CARTESIAN_POINT('Ctrl Pts',(33.4557510766204,32.1094296131591,8.8));
#5957=CARTESIAN_POINT('Ctrl Pts',(33.4557510766204,32.1094296131591,7.8));
#5958=CARTESIAN_POINT('Ctrl Pts',(33.5253840942462,31.9850957676309,8.8));
#5959=CARTESIAN_POINT('Ctrl Pts',(33.5253840942462,31.9850957676309,7.8));
#5960=CARTESIAN_POINT('Ctrl Pts',(33.5617235123948,31.9202096007417,8.8));
#5961=CARTESIAN_POINT('Ctrl Pts',(33.5617235123948,31.9202096007417,7.8));
#5962=CARTESIAN_POINT('',(33.2867176823685,32.2346636039993,8.8));
#5963=CARTESIAN_POINT('Ctrl Pts',(33.2867176823685,32.2346636039993,8.8));
#5964=CARTESIAN_POINT('Ctrl Pts',(33.3413947939349,32.194154254238,8.8));
#5965=CARTESIAN_POINT('Ctrl Pts',(33.4557510766204,32.1094296131591,8.8));
#5966=CARTESIAN_POINT('Ctrl Pts',(33.5253840942462,31.9850957676309,8.8));
#5967=CARTESIAN_POINT('Ctrl Pts',(33.5617235123948,31.9202096007417,8.8));
#5968=CARTESIAN_POINT('',(33.2867176823685,32.2346636039993,7.8));
#5969=CARTESIAN_POINT('',(33.2867176823685,32.2346636039993,8.8));
#5970=CARTESIAN_POINT('Ctrl Pts',(33.2867176823685,32.2346636039993,7.8));
#5971=CARTESIAN_POINT('Ctrl Pts',(33.3413947939349,32.194154254238,7.8));
#5972=CARTESIAN_POINT('Ctrl Pts',(33.4557510766204,32.1094296131591,7.8));
#5973=CARTESIAN_POINT('Ctrl Pts',(33.5253840942462,31.9850957676309,7.8));
#5974=CARTESIAN_POINT('Ctrl Pts',(33.5617235123948,31.9202096007417,7.8));
#5975=CARTESIAN_POINT('Ctrl Pts',(32.92424672589,32.3381197222689,8.8));
#5976=CARTESIAN_POINT('Ctrl Pts',(32.92424672589,32.3381197222689,7.8));
#5977=CARTESIAN_POINT('Ctrl Pts',(32.9877023242981,32.3337684170522,8.8));
#5978=CARTESIAN_POINT('Ctrl Pts',(32.9877023242981,32.3337684170522,7.8));
#5979=CARTESIAN_POINT('Ctrl Pts',(33.1158240819637,32.3249827955073,8.8));
#5980=CARTESIAN_POINT('Ctrl Pts',(33.1158240819637,32.3249827955073,7.8));
#5981=CARTESIAN_POINT('Ctrl Pts',(33.2293954551447,32.2649590463449,8.8));
#5982=CARTESIAN_POINT('Ctrl Pts',(33.2293954551447,32.2649590463449,7.8));
#5983=CARTESIAN_POINT('Ctrl Pts',(33.2867176823685,32.2346636039993,8.8));
#5984=CARTESIAN_POINT('Ctrl Pts',(33.2867176823685,32.2346636039993,7.8));
#5985=CARTESIAN_POINT('',(32.92424672589,32.3381197222689,8.8));
#5986=CARTESIAN_POINT('Ctrl Pts',(32.92424672589,32.3381197222689,8.8));
#5987=CARTESIAN_POINT('Ctrl Pts',(32.9877023242981,32.3337684170522,8.8));
#5988=CARTESIAN_POINT('Ctrl Pts',(33.1158240819637,32.3249827955073,8.8));
#5989=CARTESIAN_POINT('Ctrl Pts',(33.2293954551447,32.2649590463449,8.8));
#5990=CARTESIAN_POINT('Ctrl Pts',(33.2867176823685,32.2346636039993,8.8));
#5991=CARTESIAN_POINT('',(32.92424672589,32.3381197222689,7.8));
#5992=CARTESIAN_POINT('',(32.92424672589,32.3381197222689,8.8));
#5993=CARTESIAN_POINT('Ctrl Pts',(32.92424672589,32.3381197222689,7.8));
#5994=CARTESIAN_POINT('Ctrl Pts',(32.9877023242981,32.3337684170522,7.8));
#5995=CARTESIAN_POINT('Ctrl Pts',(33.1158240819637,32.3249827955073,7.8));
#5996=CARTESIAN_POINT('Ctrl Pts',(33.2293954551447,32.2649590463449,7.8));
#5997=CARTESIAN_POINT('Ctrl Pts',(33.2867176823685,32.2346636039993,7.8));
#5998=CARTESIAN_POINT('Ctrl Pts',(32.5285679240423,32.2194589690673,8.8));
#5999=CARTESIAN_POINT('Ctrl Pts',(32.5285679240423,32.2194589690673,7.8));
#6000=CARTESIAN_POINT('Ctrl Pts',(32.591587414495,32.2539328429813,8.8));
#6001=CARTESIAN_POINT('Ctrl Pts',(32.591587414495,32.2539328429813,7.8));
#6002=CARTESIAN_POINT('Ctrl Pts',(32.7151573400501,32.3215299308433,8.8));
#6003=CARTESIAN_POINT('Ctrl Pts',(32.7151573400501,32.3215299308433,7.8));
#6004=CARTESIAN_POINT('Ctrl Pts',(32.8554848939955,32.3326639482009,8.8));
#6005=CARTESIAN_POINT('Ctrl Pts',(32.8554848939955,32.3326639482009,7.8));
#6006=CARTESIAN_POINT('Ctrl Pts',(32.92424672589,32.3381197222689,8.8));
#6007=CARTESIAN_POINT('Ctrl Pts',(32.92424672589,32.3381197222689,7.8));
#6008=CARTESIAN_POINT('',(32.5285679240423,32.2194589690673,8.8));
#6009=CARTESIAN_POINT('Ctrl Pts',(32.5285679240423,32.2194589690673,8.8));
#6010=CARTESIAN_POINT('Ctrl Pts',(32.591587414495,32.2539328429813,8.8));
#6011=CARTESIAN_POINT('Ctrl Pts',(32.7151573400501,32.3215299308433,8.8));
#6012=CARTESIAN_POINT('Ctrl Pts',(32.8554848939955,32.3326639482009,8.8));
#6013=CARTESIAN_POINT('Ctrl Pts',(32.92424672589,32.3381197222689,8.8));
#6014=CARTESIAN_POINT('',(32.5285679240423,32.2194589690673,7.8));
#6015=CARTESIAN_POINT('',(32.5285679240423,32.2194589690673,8.8));
#6016=CARTESIAN_POINT('Ctrl Pts',(32.5285679240423,32.2194589690673,7.8));
#6017=CARTESIAN_POINT('Ctrl Pts',(32.591587414495,32.2539328429813,7.8));
#6018=CARTESIAN_POINT('Ctrl Pts',(32.7151573400501,32.3215299308433,7.8));
#6019=CARTESIAN_POINT('Ctrl Pts',(32.8554848939955,32.3326639482009,7.8));
#6020=CARTESIAN_POINT('Ctrl Pts',(32.92424672589,32.3381197222689,7.8));
#6021=CARTESIAN_POINT('Ctrl Pts',(32.2490309270367,31.8933810641955,8.8));
#6022=CARTESIAN_POINT('Ctrl Pts',(32.2490309270367,31.8933810641955,7.8));
#6023=CARTESIAN_POINT('Ctrl Pts',(32.2831660601633,31.9588589184384,8.8));
#6024=CARTESIAN_POINT('Ctrl Pts',(32.2831660601633,31.9588589184384,7.8));
#6025=CARTESIAN_POINT('Ctrl Pts',(32.3511200037021,32.0892078581586,8.8));
#6026=CARTESIAN_POINT('Ctrl Pts',(32.3511200037021,32.0892078581586,7.8));
#6027=CARTESIAN_POINT('Ctrl Pts',(32.4696024608604,32.1761768777925,8.8));
#6028=CARTESIAN_POINT('Ctrl Pts',(32.4696024608604,32.1761768777925,7.8));
#6029=CARTESIAN_POINT('Ctrl Pts',(32.5285679240423,32.2194589690673,8.8));
#6030=CARTESIAN_POINT('Ctrl Pts',(32.5285679240423,32.2194589690673,7.8));
#6031=CARTESIAN_POINT('',(32.2490309270367,31.8933810641955,8.8));
#6032=CARTESIAN_POINT('Ctrl Pts',(32.2490309270367,31.8933810641955,8.8));
#6033=CARTESIAN_POINT('Ctrl Pts',(32.2831660601633,31.9588589184384,8.8));
#6034=CARTESIAN_POINT('Ctrl Pts',(32.3511200037021,32.0892078581586,8.8));
#6035=CARTESIAN_POINT('Ctrl Pts',(32.4696024608604,32.1761768777925,8.8));
#6036=CARTESIAN_POINT('Ctrl Pts',(32.5285679240423,32.2194589690673,8.8));
#6037=CARTESIAN_POINT('',(32.2490309270367,31.8933810641955,7.8));
#6038=CARTESIAN_POINT('',(32.2490309270367,31.8933810641955,8.8));
#6039=CARTESIAN_POINT('Ctrl Pts',(32.2490309270367,31.8933810641955,7.8));
#6040=CARTESIAN_POINT('Ctrl Pts',(32.2831660601633,31.9588589184384,7.8));
#6041=CARTESIAN_POINT('Ctrl Pts',(32.3511200037021,32.0892078581586,7.8));
#6042=CARTESIAN_POINT('Ctrl Pts',(32.4696024608604,32.1761768777925,7.8));
#6043=CARTESIAN_POINT('Ctrl Pts',(32.5285679240423,32.2194589690673,7.8));
#6044=CARTESIAN_POINT('Ctrl Pts',(32.1593512858933,31.3416535987023,8.8));
#6045=CARTESIAN_POINT('Ctrl Pts',(32.1593512858933,31.3416535987023,7.8));
#6046=CARTESIAN_POINT('Ctrl Pts',(32.1609940558726,31.4459164776974,8.8));
#6047=CARTESIAN_POINT('Ctrl Pts',(32.1609940558726,31.4459164776974,7.8));
#6048=CARTESIAN_POINT('Ctrl Pts',(32.1639653584337,31.6344983018609,8.8));
#6049=CARTESIAN_POINT('Ctrl Pts',(32.1639653584337,31.6344983018609,7.8));
#6050=CARTESIAN_POINT('Ctrl Pts',(32.2227479706628,31.8133933034582,8.8));
#6051=CARTESIAN_POINT('Ctrl Pts',(32.2227479706628,31.8133933034582,7.8));
#6052=CARTESIAN_POINT('Ctrl Pts',(32.2490309270367,31.8933810641955,8.8));
#6053=CARTESIAN_POINT('Ctrl Pts',(32.2490309270367,31.8933810641955,7.8));
#6054=CARTESIAN_POINT('',(32.1593512858933,31.3416535987023,8.8));
#6055=CARTESIAN_POINT('Ctrl Pts',(32.1593512858933,31.3416535987023,8.8));
#6056=CARTESIAN_POINT('Ctrl Pts',(32.1609940558726,31.4459164776974,8.8));
#6057=CARTESIAN_POINT('Ctrl Pts',(32.1639653584337,31.6344983018609,8.8));
#6058=CARTESIAN_POINT('Ctrl Pts',(32.2227479706628,31.8133933034582,8.8));
#6059=CARTESIAN_POINT('Ctrl Pts',(32.2490309270367,31.8933810641955,8.8));
#6060=CARTESIAN_POINT('',(32.1593512858933,31.3416535987023,7.8));
#6061=CARTESIAN_POINT('',(32.1593512858933,31.3416535987023,8.8));
#6062=CARTESIAN_POINT('Ctrl Pts',(32.1593512858933,31.3416535987023,7.8));
#6063=CARTESIAN_POINT('Ctrl Pts',(32.1609940558726,31.4459164776974,7.8));
#6064=CARTESIAN_POINT('Ctrl Pts',(32.1639653584337,31.6344983018609,7.8));
#6065=CARTESIAN_POINT('Ctrl Pts',(32.2227479706628,31.8133933034582,7.8));
#6066=CARTESIAN_POINT('Ctrl Pts',(32.2490309270367,31.8933810641955,7.8));
#6067=CARTESIAN_POINT('Origin',(32.1621764827636,30.2161455243404,8.8));
#6068=CARTESIAN_POINT('',(32.1621764827636,30.2161455243404,8.8));
#6069=CARTESIAN_POINT('',(32.1777498872006,24.0119787905974,8.8));
#6070=CARTESIAN_POINT('',(32.1621764827636,30.2161455243404,7.8));
#6071=CARTESIAN_POINT('',(32.1621764827636,30.2161455243404,8.8));
#6072=CARTESIAN_POINT('',(32.1621764827636,30.2161455243404,7.8));
#6073=CARTESIAN_POINT('Origin',(35.1621671507191,30.2236759583188,8.8));
#6074=CARTESIAN_POINT('',(35.1621671507191,30.2236759583188,8.8));
#6075=CARTESIAN_POINT('',(42.0655546210116,30.2410045134131,8.8));
#6076=CARTESIAN_POINT('',(35.1621671507191,30.2236759583188,7.8));
#6077=CARTESIAN_POINT('',(35.1621671507191,30.2236759583188,8.8));
#6078=CARTESIAN_POINT('',(35.1621671507191,30.2236759583188,7.8));
#6079=CARTESIAN_POINT('Origin',(35.159295723542,31.367601362859,8.8));
#6080=CARTESIAN_POINT('',(35.1763048415675,24.5914719268459,8.8));
#6081=CARTESIAN_POINT('',(35.159295723542,31.367601362859,7.8));
#6082=CARTESIAN_POINT('Origin',(33.6507903582138,34.3287872906467,7.8));
#6083=CARTESIAN_POINT('Ctrl Pts',(32.4403497947587,34.346461135111,8.8));
#6084=CARTESIAN_POINT('Ctrl Pts',(32.4403497947587,34.346461135111,7.8));
#6085=CARTESIAN_POINT('Ctrl Pts',(32.4526975082177,34.210936696483,8.8));
#6086=CARTESIAN_POINT('Ctrl Pts',(32.4526975082177,34.210936696483,7.8));
#6087=CARTESIAN_POINT('Ctrl Pts',(32.4773635184159,33.9402106874613,8.8));
#6088=CARTESIAN_POINT('Ctrl Pts',(32.4773635184159,33.9402106874613,7.8));
#6089=CARTESIAN_POINT('Ctrl Pts',(32.6470108712777,33.7278170646435,8.8));
#6090=CARTESIAN_POINT('Ctrl Pts',(32.6470108712777,33.7278170646435,7.8));
#6091=CARTESIAN_POINT('Ctrl Pts',(32.731733386868,33.6217469037072,8.8));
#6092=CARTESIAN_POINT('Ctrl Pts',(32.731733386868,33.6217469037072,7.8));
#6093=CARTESIAN_POINT('',(32.4403497947587,34.346461135111,8.8));
#6094=CARTESIAN_POINT('',(32.731733386868,33.6217469037072,8.8));
#6095=CARTESIAN_POINT('Ctrl Pts',(32.4403497947587,34.346461135111,8.8));
#6096=CARTESIAN_POINT('Ctrl Pts',(32.4526975082177,34.210936696483,8.8));
#6097=CARTESIAN_POINT('Ctrl Pts',(32.4773635184159,33.9402106874613,8.8));
#6098=CARTESIAN_POINT('Ctrl Pts',(32.6470108712777,33.7278170646435,8.8));
#6099=CARTESIAN_POINT('Ctrl Pts',(32.731733386868,33.6217469037072,8.8));
#6100=CARTESIAN_POINT('',(32.4403497947587,34.346461135111,7.8));
#6101=CARTESIAN_POINT('',(32.4403497947587,34.346461135111,8.8));
#6102=CARTESIAN_POINT('',(32.731733386868,33.6217469037072,7.8));
#6103=CARTESIAN_POINT('Ctrl Pts',(32.4403497947587,34.346461135111,7.8));
#6104=CARTESIAN_POINT('Ctrl Pts',(32.4526975082177,34.210936696483,7.8));
#6105=CARTESIAN_POINT('Ctrl Pts',(32.4773635184159,33.9402106874613,7.8));
#6106=CARTESIAN_POINT('Ctrl Pts',(32.6470108712777,33.7278170646435,7.8));
#6107=CARTESIAN_POINT('Ctrl Pts',(32.731733386868,33.6217469037072,7.8));
#6108=CARTESIAN_POINT('',(32.731733386868,33.6217469037072,8.8));
#6109=CARTESIAN_POINT('Ctrl Pts',(32.5894154090938,34.8819666051416,8.8));
#6110=CARTESIAN_POINT('Ctrl Pts',(32.5894154090938,34.8819666051416,7.8));
#6111=CARTESIAN_POINT('Ctrl Pts',(32.5457556694697,34.7993027396083,8.8));
#6112=CARTESIAN_POINT('Ctrl Pts',(32.5457556694697,34.7993027396083,7.8));
#6113=CARTESIAN_POINT('Ctrl Pts',(32.4572313187006,34.6316937457985,8.8));
#6114=CARTESIAN_POINT('Ctrl Pts',(32.4572313187006,34.6316937457985,7.8));
#6115=CARTESIAN_POINT('Ctrl Pts',(32.446027798368,34.4423974853212,8.8));
#6116=CARTESIAN_POINT('Ctrl Pts',(32.446027798368,34.4423974853212,7.8));
#6117=CARTESIAN_POINT('Ctrl Pts',(32.4403497947587,34.346461135111,8.8));
#6118=CARTESIAN_POINT('Ctrl Pts',(32.4403497947587,34.346461135111,7.8));
#6119=CARTESIAN_POINT('',(32.5894154090938,34.8819666051416,8.8));
#6120=CARTESIAN_POINT('Ctrl Pts',(32.5894154090938,34.8819666051416,8.8));
#6121=CARTESIAN_POINT('Ctrl Pts',(32.5457556694697,34.7993027396083,8.8));
#6122=CARTESIAN_POINT('Ctrl Pts',(32.4572313187006,34.6316937457985,8.8));
#6123=CARTESIAN_POINT('Ctrl Pts',(32.446027798368,34.4423974853212,8.8));
#6124=CARTESIAN_POINT('Ctrl Pts',(32.4403497947587,34.346461135111,8.8));
#6125=CARTESIAN_POINT('',(32.5894154090938,34.8819666051416,7.8));
#6126=CARTESIAN_POINT('',(32.5894154090938,34.8819666051416,8.8));
#6127=CARTESIAN_POINT('Ctrl Pts',(32.5894154090938,34.8819666051416,7.8));
#6128=CARTESIAN_POINT('Ctrl Pts',(32.5457556694697,34.7993027396083,7.8));
#6129=CARTESIAN_POINT('Ctrl Pts',(32.4572313187006,34.6316937457985,7.8));
#6130=CARTESIAN_POINT('Ctrl Pts',(32.446027798368,34.4423974853212,7.8));
#6131=CARTESIAN_POINT('Ctrl Pts',(32.4403497947587,34.346461135111,7.8));
#6132=CARTESIAN_POINT('Ctrl Pts',(33.0121065919282,35.2452387412931,8.8));
#6133=CARTESIAN_POINT('Ctrl Pts',(33.0121065919282,35.2452387412931,7.8));
#6134=CARTESIAN_POINT('Ctrl Pts',(32.9267038613514,35.1996570168861,8.8));
#6135=CARTESIAN_POINT('Ctrl Pts',(32.9267038613514,35.1996570168861,7.8));
#6136=CARTESIAN_POINT('Ctrl Pts',(32.7586766237902,35.1099763804045,8.8));
#6137=CARTESIAN_POINT('Ctrl Pts',(32.7586766237902,35.1099763804045,7.8));
#6138=CARTESIAN_POINT('Ctrl Pts',(32.6452104503022,34.9571274435506,8.8));
#6139=CARTESIAN_POINT('Ctrl Pts',(32.6452104503022,34.9571274435506,7.8));
#6140=CARTESIAN_POINT('Ctrl Pts',(32.5894154090938,34.8819666051416,8.8));
#6141=CARTESIAN_POINT('Ctrl Pts',(32.5894154090938,34.8819666051416,7.8));
#6142=CARTESIAN_POINT('',(33.0121065919282,35.2452387412931,8.8));
#6143=CARTESIAN_POINT('Ctrl Pts',(33.0121065919282,35.2452387412931,8.8));
#6144=CARTESIAN_POINT('Ctrl Pts',(32.9267038613514,35.1996570168861,8.8));
#6145=CARTESIAN_POINT('Ctrl Pts',(32.7586766237902,35.1099763804045,8.8));
#6146=CARTESIAN_POINT('Ctrl Pts',(32.6452104503022,34.9571274435506,8.8));
#6147=CARTESIAN_POINT('Ctrl Pts',(32.5894154090938,34.8819666051416,8.8));
#6148=CARTESIAN_POINT('',(33.0121065919282,35.2452387412931,7.8));
#6149=CARTESIAN_POINT('',(33.0121065919282,35.2452387412931,8.8));
#6150=CARTESIAN_POINT('Ctrl Pts',(33.0121065919282,35.2452387412931,7.8));
#6151=CARTESIAN_POINT('Ctrl Pts',(32.9267038613514,35.1996570168861,7.8));
#6152=CARTESIAN_POINT('Ctrl Pts',(32.7586766237902,35.1099763804045,7.8));
#6153=CARTESIAN_POINT('Ctrl Pts',(32.6452104503022,34.9571274435506,7.8));
#6154=CARTESIAN_POINT('Ctrl Pts',(32.5894154090938,34.8819666051416,7.8));
#6155=CARTESIAN_POINT('Ctrl Pts',(33.651289058361,35.3706501725846,8.8));
#6156=CARTESIAN_POINT('Ctrl Pts',(33.651289058361,35.3706501725846,7.8));
#6157=CARTESIAN_POINT('Ctrl Pts',(33.5357002763856,35.3663508001068,8.8));
#6158=CARTESIAN_POINT('Ctrl Pts',(33.5357002763856,35.3663508001068,7.8));
#6159=CARTESIAN_POINT('Ctrl Pts',(33.31584874751,35.3581733317029,8.8));
#6160=CARTESIAN_POINT('Ctrl Pts',(33.31584874751,35.3581733317029,7.8));
#6161=CARTESIAN_POINT('Ctrl Pts',(33.1098159304464,35.2815681210713,8.8));
#6162=CARTESIAN_POINT('Ctrl Pts',(33.1098159304464,35.2815681210713,7.8));
#6163=CARTESIAN_POINT('Ctrl Pts',(33.0121065919282,35.2452387412931,8.8));
#6164=CARTESIAN_POINT('Ctrl Pts',(33.0121065919282,35.2452387412931,7.8));
#6165=CARTESIAN_POINT('',(33.651289058361,35.3706501725846,8.8));
#6166=CARTESIAN_POINT('Ctrl Pts',(33.651289058361,35.3706501725846,8.8));
#6167=CARTESIAN_POINT('Ctrl Pts',(33.5357002763856,35.3663508001068,8.8));
#6168=CARTESIAN_POINT('Ctrl Pts',(33.31584874751,35.3581733317029,8.8));
#6169=CARTESIAN_POINT('Ctrl Pts',(33.1098159304464,35.2815681210713,8.8));
#6170=CARTESIAN_POINT('Ctrl Pts',(33.0121065919282,35.2452387412931,8.8));
#6171=CARTESIAN_POINT('',(33.651289058361,35.3706501725846,7.8));
#6172=CARTESIAN_POINT('',(33.651289058361,35.3706501725846,8.8));
#6173=CARTESIAN_POINT('Ctrl Pts',(33.651289058361,35.3706501725846,7.8));
#6174=CARTESIAN_POINT('Ctrl Pts',(33.5357002763856,35.3663508001068,7.8));
#6175=CARTESIAN_POINT('Ctrl Pts',(33.31584874751,35.3581733317029,7.8));
#6176=CARTESIAN_POINT('Ctrl Pts',(33.1098159304464,35.2815681210713,7.8));
#6177=CARTESIAN_POINT('Ctrl Pts',(33.0121065919282,35.2452387412931,7.8));
#6178=CARTESIAN_POINT('Ctrl Pts',(34.5462831796217,35.0833322953937,8.8));
#6179=CARTESIAN_POINT('Ctrl Pts',(34.5462831796217,35.0833322953937,7.8));
#6180=CARTESIAN_POINT('Ctrl Pts',(34.4230925780746,35.1673253497197,8.8));
#6181=CARTESIAN_POINT('Ctrl Pts',(34.4230925780746,35.1673253497197,7.8));
#6182=CARTESIAN_POINT('Ctrl Pts',(34.1543736331009,35.3505416394378,8.8));
#6183=CARTESIAN_POINT('Ctrl Pts',(34.1543736331009,35.3505416394378,7.8));
#6184=CARTESIAN_POINT('Ctrl Pts',(33.8280266419626,35.3635858861076,8.8));
#6185=CARTESIAN_POINT('Ctrl Pts',(33.8280266419626,35.3635858861076,7.8));
#6186=CARTESIAN_POINT('Ctrl Pts',(33.651289058361,35.3706501725846,8.8));
#6187=CARTESIAN_POINT('Ctrl Pts',(33.651289058361,35.3706501725846,7.8));
#6188=CARTESIAN_POINT('',(34.5462831796217,35.0833322953937,8.8));
#6189=CARTESIAN_POINT('Ctrl Pts',(34.5462831796217,35.0833322953937,8.8));
#6190=CARTESIAN_POINT('Ctrl Pts',(34.4230925780746,35.1673253497197,8.8));
#6191=CARTESIAN_POINT('Ctrl Pts',(34.1543736331009,35.3505416394378,8.8));
#6192=CARTESIAN_POINT('Ctrl Pts',(33.8280266419626,35.3635858861076,8.8));
#6193=CARTESIAN_POINT('Ctrl Pts',(33.651289058361,35.3706501725846,8.8));
#6194=CARTESIAN_POINT('',(34.5462831796217,35.0833322953937,7.8));
#6195=CARTESIAN_POINT('',(34.5462831796217,35.0833322953937,8.8));
#6196=CARTESIAN_POINT('Ctrl Pts',(34.5462831796217,35.0833322953937,7.8));
#6197=CARTESIAN_POINT('Ctrl Pts',(34.4230925780746,35.1673253497197,7.8));
#6198=CARTESIAN_POINT('Ctrl Pts',(34.1543736331009,35.3505416394378,7.8));
#6199=CARTESIAN_POINT('Ctrl Pts',(33.8280266419626,35.3635858861076,7.8));
#6200=CARTESIAN_POINT('Ctrl Pts',(33.651289058361,35.3706501725846,7.8));
#6201=CARTESIAN_POINT('Ctrl Pts',(34.863277441448,34.3464037551693,8.8));
#6202=CARTESIAN_POINT('Ctrl Pts',(34.863277441448,34.3464037551693,7.8));
#6203=CARTESIAN_POINT('Ctrl Pts',(34.8504918571676,34.4884984253346,8.8));
#6204=CARTESIAN_POINT('Ctrl Pts',(34.8504918571676,34.4884984253346,7.8));
#6205=CARTESIAN_POINT('Ctrl Pts',(34.8252515327237,34.7690108757686,8.8));
#6206=CARTESIAN_POINT('Ctrl Pts',(34.8252515327237,34.7690108757686,7.8));
#6207=CARTESIAN_POINT('Ctrl Pts',(34.638456475726,34.9794780733615,8.8));
#6208=CARTESIAN_POINT('Ctrl Pts',(34.638456475726,34.9794780733615,7.8));
#6209=CARTESIAN_POINT('Ctrl Pts',(34.5462831796217,35.0833322953937,8.8));
#6210=CARTESIAN_POINT('Ctrl Pts',(34.5462831796217,35.0833322953937,7.8));
#6211=CARTESIAN_POINT('',(34.863277441448,34.3464037551693,8.8));
#6212=CARTESIAN_POINT('Ctrl Pts',(34.863277441448,34.3464037551693,8.8));
#6213=CARTESIAN_POINT('Ctrl Pts',(34.8504918571676,34.4884984253346,8.8));
#6214=CARTESIAN_POINT('Ctrl Pts',(34.8252515327237,34.7690108757686,8.8));
#6215=CARTESIAN_POINT('Ctrl Pts',(34.638456475726,34.9794780733615,8.8));
#6216=CARTESIAN_POINT('Ctrl Pts',(34.5462831796217,35.0833322953937,8.8));
#6217=CARTESIAN_POINT('',(34.863277441448,34.3464037551693,7.8));
#6218=CARTESIAN_POINT('',(34.863277441448,34.3464037551693,8.8));
#6219=CARTESIAN_POINT('Ctrl Pts',(34.863277441448,34.3464037551693,7.8));
#6220=CARTESIAN_POINT('Ctrl Pts',(34.8504918571676,34.4884984253346,7.8));
#6221=CARTESIAN_POINT('Ctrl Pts',(34.8252515327237,34.7690108757686,7.8));
#6222=CARTESIAN_POINT('Ctrl Pts',(34.638456475726,34.9794780733615,7.8));
#6223=CARTESIAN_POINT('Ctrl Pts',(34.5462831796217,35.0833322953937,7.8));
#6224=CARTESIAN_POINT('Ctrl Pts',(34.5530409752608,33.6140403659624,8.8));
#6225=CARTESIAN_POINT('Ctrl Pts',(34.5530409752608,33.6140403659624,7.8));
#6226=CARTESIAN_POINT('Ctrl Pts',(34.6437994321145,33.7182612631811,8.8));
#6227=CARTESIAN_POINT('Ctrl Pts',(34.6437994321145,33.7182612631811,7.8));
#6228=CARTESIAN_POINT('Ctrl Pts',(34.8268568903739,33.9284721151913,8.8));
#6229=CARTESIAN_POINT('Ctrl Pts',(34.8268568903739,33.9284721151913,7.8));
#6230=CARTESIAN_POINT('Ctrl Pts',(34.8510693367285,34.206313803865,8.8));
#6231=CARTESIAN_POINT('Ctrl Pts',(34.8510693367285,34.206313803865,7.8));
#6232=CARTESIAN_POINT('Ctrl Pts',(34.863277441448,34.3464037551693,8.8));
#6233=CARTESIAN_POINT('Ctrl Pts',(34.863277441448,34.3464037551693,7.8));
#6234=CARTESIAN_POINT('',(34.5530409752608,33.6140403659624,8.8));
#6235=CARTESIAN_POINT('Ctrl Pts',(34.5530409752608,33.6140403659624,8.8));
#6236=CARTESIAN_POINT('Ctrl Pts',(34.6437994321145,33.7182612631811,8.8));
#6237=CARTESIAN_POINT('Ctrl Pts',(34.8268568903739,33.9284721151913,8.8));
#6238=CARTESIAN_POINT('Ctrl Pts',(34.8510693367285,34.206313803865,8.8));
#6239=CARTESIAN_POINT('Ctrl Pts',(34.863277441448,34.3464037551693,8.8));
#6240=CARTESIAN_POINT('',(34.5530409752608,33.6140403659624,7.8));
#6241=CARTESIAN_POINT('',(34.5530409752608,33.6140403659624,8.8));
#6242=CARTESIAN_POINT('Ctrl Pts',(34.5530409752608,33.6140403659624,7.8));
#6243=CARTESIAN_POINT('Ctrl Pts',(34.6437994321145,33.7182612631811,7.8));
#6244=CARTESIAN_POINT('Ctrl Pts',(34.8268568903739,33.9284721151913,7.8));
#6245=CARTESIAN_POINT('Ctrl Pts',(34.8510693367285,34.206313803865,7.8));
#6246=CARTESIAN_POINT('Ctrl Pts',(34.863277441448,34.3464037551693,7.8));
#6247=CARTESIAN_POINT('Ctrl Pts',(33.6994099728911,33.3202869392007,8.8));
#6248=CARTESIAN_POINT('Ctrl Pts',(33.6994099728911,33.3202869392007,7.8));
#6249=CARTESIAN_POINT('Ctrl Pts',(33.8665517015751,33.3293088899451,8.8));
#6250=CARTESIAN_POINT('Ctrl Pts',(33.8665517015751,33.3293088899451,7.8));
#6251=CARTESIAN_POINT('Ctrl Pts',(34.1801368276329,33.3462355400626,8.8));
#6252=CARTESIAN_POINT('Ctrl Pts',(34.1801368276329,33.3462355400626,7.8));
#6253=CARTESIAN_POINT('Ctrl Pts',(34.4343323572255,33.5287885901697,8.8));
#6254=CARTESIAN_POINT('Ctrl Pts',(34.4343323572255,33.5287885901697,7.8));
#6255=CARTESIAN_POINT('Ctrl Pts',(34.5530409752608,33.6140403659624,8.8));
#6256=CARTESIAN_POINT('Ctrl Pts',(34.5530409752608,33.6140403659624,7.8));
#6257=CARTESIAN_POINT('',(33.6994099728911,33.3202869392007,8.8));
#6258=CARTESIAN_POINT('Ctrl Pts',(33.6994099728911,33.3202869392007,8.8));
#6259=CARTESIAN_POINT('Ctrl Pts',(33.8665517015751,33.3293088899451,8.8));
#6260=CARTESIAN_POINT('Ctrl Pts',(34.1801368276329,33.3462355400626,8.8));
#6261=CARTESIAN_POINT('Ctrl Pts',(34.4343323572255,33.5287885901697,8.8));
#6262=CARTESIAN_POINT('Ctrl Pts',(34.5530409752608,33.6140403659624,8.8));
#6263=CARTESIAN_POINT('',(33.6994099728911,33.3202869392007,7.8));
#6264=CARTESIAN_POINT('',(33.6994099728911,33.3202869392007,8.8));
#6265=CARTESIAN_POINT('Ctrl Pts',(33.6994099728911,33.3202869392007,7.8));
#6266=CARTESIAN_POINT('Ctrl Pts',(33.8665517015751,33.3293088899451,7.8));
#6267=CARTESIAN_POINT('Ctrl Pts',(34.1801368276329,33.3462355400626,7.8));
#6268=CARTESIAN_POINT('Ctrl Pts',(34.4343323572255,33.5287885901697,7.8));
#6269=CARTESIAN_POINT('Ctrl Pts',(34.5530409752608,33.6140403659624,7.8));
#6270=CARTESIAN_POINT('Ctrl Pts',(32.731733386868,33.6217469037072,8.8));
#6271=CARTESIAN_POINT('Ctrl Pts',(32.731733386868,33.6217469037072,7.8));
#6272=CARTESIAN_POINT('Ctrl Pts',(32.8565679969226,33.5338164983224,8.8));
#6273=CARTESIAN_POINT('Ctrl Pts',(32.8565679969226,33.5338164983224,7.8));
#6274=CARTESIAN_POINT('Ctrl Pts',(33.144255125772,33.3311768148831,8.8));
#6275=CARTESIAN_POINT('Ctrl Pts',(33.144255125772,33.3311768148831,7.8));
#6276=CARTESIAN_POINT('Ctrl Pts',(33.4987431378029,33.3242232047292,8.8));
#6277=CARTESIAN_POINT('Ctrl Pts',(33.4987431378029,33.3242232047292,7.8));
#6278=CARTESIAN_POINT('Ctrl Pts',(33.6994099728911,33.3202869392007,8.8));
#6279=CARTESIAN_POINT('Ctrl Pts',(33.6994099728911,33.3202869392007,7.8));
#6280=CARTESIAN_POINT('Ctrl Pts',(32.731733386868,33.6217469037072,8.8));
#6281=CARTESIAN_POINT('Ctrl Pts',(32.8565679969226,33.5338164983224,8.8));
#6282=CARTESIAN_POINT('Ctrl Pts',(33.144255125772,33.3311768148831,8.8));
#6283=CARTESIAN_POINT('Ctrl Pts',(33.4987431378029,33.3242232047292,8.8));
#6284=CARTESIAN_POINT('Ctrl Pts',(33.6994099728911,33.3202869392007,8.8));
#6285=CARTESIAN_POINT('Ctrl Pts',(32.731733386868,33.6217469037072,7.8));
#6286=CARTESIAN_POINT('Ctrl Pts',(32.8565679969226,33.5338164983224,7.8));
#6287=CARTESIAN_POINT('Ctrl Pts',(33.144255125772,33.3311768148831,7.8));
#6288=CARTESIAN_POINT('Ctrl Pts',(33.4987431378029,33.3242232047292,7.8));
#6289=CARTESIAN_POINT('Ctrl Pts',(33.6994099728911,33.3202869392007,7.8));
#6290=CARTESIAN_POINT('Ctrl Pts',(35.0002336104632,33.5916294096455,8.8));
#6291=CARTESIAN_POINT('Ctrl Pts',(35.0002336104632,33.5916294096455,7.8));
#6292=CARTESIAN_POINT('Ctrl Pts',(34.925970568183,33.4869489046217,8.8));
#6293=CARTESIAN_POINT('Ctrl Pts',(34.925970568183,33.4869489046217,7.8));
#6294=CARTESIAN_POINT('Ctrl Pts',(34.7772208755062,33.2772726986189,8.8));
#6295=CARTESIAN_POINT('Ctrl Pts',(34.7772208755062,33.2772726986189,7.8));
#6296=CARTESIAN_POINT('Ctrl Pts',(34.5544126910968,33.1490028099292,8.8));
#6297=CARTESIAN_POINT('Ctrl Pts',(34.5544126910968,33.1490028099292,7.8));
#6298=CARTESIAN_POINT('Ctrl Pts',(34.442841130585,33.0847714546685,8.8));
#6299=CARTESIAN_POINT('Ctrl Pts',(34.442841130585,33.0847714546685,7.8));
#6300=CARTESIAN_POINT('',(35.0002336104632,33.5916294096455,8.8));
#6301=CARTESIAN_POINT('',(34.442841130585,33.0847714546685,8.8));
#6302=CARTESIAN_POINT('Ctrl Pts',(35.0002336104632,33.5916294096455,8.8));
#6303=CARTESIAN_POINT('Ctrl Pts',(34.925970568183,33.4869489046217,8.8));
#6304=CARTESIAN_POINT('Ctrl Pts',(34.7772208755062,33.2772726986189,8.8));
#6305=CARTESIAN_POINT('Ctrl Pts',(34.5544126910968,33.1490028099292,8.8));
#6306=CARTESIAN_POINT('Ctrl Pts',(34.442841130585,33.0847714546685,8.8));
#6307=CARTESIAN_POINT('',(35.0002336104632,33.5916294096455,7.8));
#6308=CARTESIAN_POINT('',(35.0002336104632,33.5916294096455,8.8));
#6309=CARTESIAN_POINT('',(34.442841130585,33.0847714546685,7.8));
#6310=CARTESIAN_POINT('Ctrl Pts',(35.0002336104632,33.5916294096455,7.8));
#6311=CARTESIAN_POINT('Ctrl Pts',(34.925970568183,33.4869489046217,7.8));
#6312=CARTESIAN_POINT('Ctrl Pts',(34.7772208755062,33.2772726986189,7.8));
#6313=CARTESIAN_POINT('Ctrl Pts',(34.5544126910968,33.1490028099292,7.8));
#6314=CARTESIAN_POINT('Ctrl Pts',(34.442841130585,33.0847714546685,7.8));
#6315=CARTESIAN_POINT('',(34.442841130585,33.0847714546685,8.8));
#6316=CARTESIAN_POINT('Ctrl Pts',(35.2029709197508,34.3493029695179,8.8));
#6317=CARTESIAN_POINT('Ctrl Pts',(35.2029709197508,34.3493029695179,7.8));
#6318=CARTESIAN_POINT('Ctrl Pts',(35.195523960996,34.2130534809256,8.8));
#6319=CARTESIAN_POINT('Ctrl Pts',(35.195523960996,34.2130534809256,7.8));
#6320=CARTESIAN_POINT('Ctrl Pts',(35.1809357917015,33.9461484702612,8.8));
#6321=CARTESIAN_POINT('Ctrl Pts',(35.1809357917015,33.9461484702612,7.8));
#6322=CARTESIAN_POINT('Ctrl Pts',(35.0596201337348,33.7081396493075,8.8));
#6323=CARTESIAN_POINT('Ctrl Pts',(35.0596201337348,33.7081396493075,7.8));
#6324=CARTESIAN_POINT('Ctrl Pts',(35.0002336104632,33.5916294096455,8.8));
#6325=CARTESIAN_POINT('Ctrl Pts',(35.0002336104632,33.5916294096455,7.8));
#6326=CARTESIAN_POINT('',(35.2029709197508,34.3493029695179,8.8));
#6327=CARTESIAN_POINT('Ctrl Pts',(35.2029709197508,34.3493029695179,8.8));
#6328=CARTESIAN_POINT('Ctrl Pts',(35.195523960996,34.2130534809256,8.8));
#6329=CARTESIAN_POINT('Ctrl Pts',(35.1809357917015,33.9461484702612,8.8));
#6330=CARTESIAN_POINT('Ctrl Pts',(35.0596201337348,33.7081396493075,8.8));
#6331=CARTESIAN_POINT('Ctrl Pts',(35.0002336104632,33.5916294096455,8.8));
#6332=CARTESIAN_POINT('',(35.2029709197508,34.3493029695179,7.8));
#6333=CARTESIAN_POINT('',(35.2029709197508,34.3493029695179,8.8));
#6334=CARTESIAN_POINT('Ctrl Pts',(35.2029709197508,34.3493029695179,7.8));
#6335=CARTESIAN_POINT('Ctrl Pts',(35.195523960996,34.2130534809256,7.8));
#6336=CARTESIAN_POINT('Ctrl Pts',(35.1809357917015,33.9461484702612,7.8));
#6337=CARTESIAN_POINT('Ctrl Pts',(35.0596201337348,33.7081396493075,7.8));
#6338=CARTESIAN_POINT('Ctrl Pts',(35.0002336104632,33.5916294096455,7.8));
#6339=CARTESIAN_POINT('Ctrl Pts',(35.015944939699,35.0773491013399,8.8));
#6340=CARTESIAN_POINT('Ctrl Pts',(35.015944939699,35.0773491013399,7.8));
#6341=CARTESIAN_POINT('Ctrl Pts',(35.0702491923488,34.962465687922,8.8));
#6342=CARTESIAN_POINT('Ctrl Pts',(35.0702491923488,34.962465687922,7.8));
#6343=CARTESIAN_POINT('Ctrl Pts',(35.179281374157,34.7318025518449,8.8));
#6344=CARTESIAN_POINT('Ctrl Pts',(35.179281374157,34.7318025518449,7.8));
#6345=CARTESIAN_POINT('Ctrl Pts',(35.1950539748648,34.4771326950912,8.8));
#6346=CARTESIAN_POINT('Ctrl Pts',(35.1950539748648,34.4771326950912,7.8));
#6347=CARTESIAN_POINT('Ctrl Pts',(35.2029709197508,34.3493029695179,8.8));
#6348=CARTESIAN_POINT('Ctrl Pts',(35.2029709197508,34.3493029695179,7.8));
#6349=CARTESIAN_POINT('',(35.015944939699,35.0773491013399,8.8));
#6350=CARTESIAN_POINT('Ctrl Pts',(35.015944939699,35.0773491013399,8.8));
#6351=CARTESIAN_POINT('Ctrl Pts',(35.0702491923488,34.962465687922,8.8));
#6352=CARTESIAN_POINT('Ctrl Pts',(35.179281374157,34.7318025518449,8.8));
#6353=CARTESIAN_POINT('Ctrl Pts',(35.1950539748648,34.4771326950912,8.8));
#6354=CARTESIAN_POINT('Ctrl Pts',(35.2029709197508,34.3493029695179,8.8));
#6355=CARTESIAN_POINT('',(35.015944939699,35.0773491013399,7.8));
#6356=CARTESIAN_POINT('',(35.015944939699,35.0773491013399,8.8));
#6357=CARTESIAN_POINT('Ctrl Pts',(35.015944939699,35.0773491013399,7.8));
#6358=CARTESIAN_POINT('Ctrl Pts',(35.0702491923488,34.962465687922,7.8));
#6359=CARTESIAN_POINT('Ctrl Pts',(35.179281374157,34.7318025518449,7.8));
#6360=CARTESIAN_POINT('Ctrl Pts',(35.1950539748648,34.4771326950912,7.8));
#6361=CARTESIAN_POINT('Ctrl Pts',(35.2029709197508,34.3493029695179,7.8));
#6362=CARTESIAN_POINT('Ctrl Pts',(34.4692754542141,35.5978064577356,8.8));
#6363=CARTESIAN_POINT('Ctrl Pts',(34.4692754542141,35.5978064577356,7.8));
#6364=CARTESIAN_POINT('Ctrl Pts',(34.5817884910421,35.5310591654718,8.8));
#6365=CARTESIAN_POINT('Ctrl Pts',(34.5817884910421,35.5310591654718,7.8));
#6366=CARTESIAN_POINT('Ctrl Pts',(34.8038951244136,35.3992965112114,8.8));
#6367=CARTESIAN_POINT('Ctrl Pts',(34.8038951244136,35.3992965112114,7.8));
#6368=CARTESIAN_POINT('Ctrl Pts',(34.9458837826433,35.1837203708284,8.8));
#6369=CARTESIAN_POINT('Ctrl Pts',(34.9458837826433,35.1837203708284,7.8));
#6370=CARTESIAN_POINT('Ctrl Pts',(35.015944939699,35.0773491013399,8.8));
#6371=CARTESIAN_POINT('Ctrl Pts',(35.015944939699,35.0773491013399,7.8));
#6372=CARTESIAN_POINT('',(34.4692754542141,35.5978064577356,8.8));
#6373=CARTESIAN_POINT('Ctrl Pts',(34.4692754542141,35.5978064577356,8.8));
#6374=CARTESIAN_POINT('Ctrl Pts',(34.5817884910421,35.5310591654718,8.8));
#6375=CARTESIAN_POINT('Ctrl Pts',(34.8038951244136,35.3992965112114,8.8));
#6376=CARTESIAN_POINT('Ctrl Pts',(34.9458837826433,35.1837203708284,8.8));
#6377=CARTESIAN_POINT('Ctrl Pts',(35.015944939699,35.0773491013399,8.8));
#6378=CARTESIAN_POINT('',(34.4692754542141,35.5978064577356,7.8));
#6379=CARTESIAN_POINT('',(34.4692754542141,35.5978064577356,8.8));
#6380=CARTESIAN_POINT('Ctrl Pts',(34.4692754542141,35.5978064577356,7.8));
#6381=CARTESIAN_POINT('Ctrl Pts',(34.5817884910421,35.5310591654718,7.8));
#6382=CARTESIAN_POINT('Ctrl Pts',(34.8038951244136,35.3992965112114,7.8));
#6383=CARTESIAN_POINT('Ctrl Pts',(34.9458837826433,35.1837203708284,7.8));
#6384=CARTESIAN_POINT('Ctrl Pts',(35.015944939699,35.0773491013399,7.8));
#6385=CARTESIAN_POINT('Ctrl Pts',(33.6523080837413,35.7799311013811,8.8));
#6386=CARTESIAN_POINT('Ctrl Pts',(33.6523080837413,35.7799311013811,7.8));
#6387=CARTESIAN_POINT('Ctrl Pts',(33.7984172165481,35.7736342627909,8.8));
#6388=CARTESIAN_POINT('Ctrl Pts',(33.7984172165481,35.7736342627909,7.8));
#6389=CARTESIAN_POINT('Ctrl Pts',(34.0817431956195,35.7614238148582,8.8));
#6390=CARTESIAN_POINT('Ctrl Pts',(34.0817431956195,35.7614238148582,7.8));
#6391=CARTESIAN_POINT('Ctrl Pts',(34.3428294631128,35.6511923589707,8.8));
#6392=CARTESIAN_POINT('Ctrl Pts',(34.3428294631128,35.6511923589707,7.8));
#6393=CARTESIAN_POINT('Ctrl Pts',(34.4692754542141,35.5978064577356,8.8));
#6394=CARTESIAN_POINT('Ctrl Pts',(34.4692754542141,35.5978064577356,7.8));
#6395=CARTESIAN_POINT('',(33.6523080837413,35.7799311013811,8.8));
#6396=CARTESIAN_POINT('Ctrl Pts',(33.6523080837413,35.7799311013811,8.8));
#6397=CARTESIAN_POINT('Ctrl Pts',(33.7984172165481,35.7736342627909,8.8));
#6398=CARTESIAN_POINT('Ctrl Pts',(34.0817431956195,35.7614238148582,8.8));
#6399=CARTESIAN_POINT('Ctrl Pts',(34.3428294631128,35.6511923589707,8.8));
#6400=CARTESIAN_POINT('Ctrl Pts',(34.4692754542141,35.5978064577356,8.8));
#6401=CARTESIAN_POINT('',(33.6523080837413,35.7799311013811,7.8));
#6402=CARTESIAN_POINT('',(33.6523080837413,35.7799311013811,8.8));
#6403=CARTESIAN_POINT('Ctrl Pts',(33.6523080837413,35.7799311013811,7.8));
#6404=CARTESIAN_POINT('Ctrl Pts',(33.7984172165481,35.7736342627909,7.8));
#6405=CARTESIAN_POINT('Ctrl Pts',(34.0817431956195,35.7614238148582,7.8));
#6406=CARTESIAN_POINT('Ctrl Pts',(34.3428294631128,35.6511923589707,7.8));
#6407=CARTESIAN_POINT('Ctrl Pts',(34.4692754542141,35.5978064577356,7.8));
#6408=CARTESIAN_POINT('Ctrl Pts',(32.8474974668042,35.6029444943482,8.8));
#6409=CARTESIAN_POINT('Ctrl Pts',(32.8474974668042,35.6029444943482,7.8));
#6410=CARTESIAN_POINT('Ctrl Pts',(32.9720377591551,35.6542732113281,8.8));
#6411=CARTESIAN_POINT('Ctrl Pts',(32.9720377591551,35.6542732113281,7.8));
#6412=CARTESIAN_POINT('Ctrl Pts',(33.2297331129801,35.7604811833333,8.8));
#6413=CARTESIAN_POINT('Ctrl Pts',(33.2297331129801,35.7604811833333,7.8));
#6414=CARTESIAN_POINT('Ctrl Pts',(33.5083450891873,35.7733048962347,8.8));
#6415=CARTESIAN_POINT('Ctrl Pts',(33.5083450891873,35.7733048962347,7.8));
#6416=CARTESIAN_POINT('Ctrl Pts',(33.6523080837413,35.7799311013811,8.8));
#6417=CARTESIAN_POINT('Ctrl Pts',(33.6523080837413,35.7799311013811,7.8));
#6418=CARTESIAN_POINT('',(32.8474974668042,35.6029444943482,8.8));
#6419=CARTESIAN_POINT('Ctrl Pts',(32.8474974668042,35.6029444943482,8.8));
#6420=CARTESIAN_POINT('Ctrl Pts',(32.9720377591551,35.6542732113281,8.8));
#6421=CARTESIAN_POINT('Ctrl Pts',(33.2297331129801,35.7604811833333,8.8));
#6422=CARTESIAN_POINT('Ctrl Pts',(33.5083450891873,35.7733048962347,8.8));
#6423=CARTESIAN_POINT('Ctrl Pts',(33.6523080837413,35.7799311013811,8.8));
#6424=CARTESIAN_POINT('',(32.8474974668042,35.6029444943482,7.8));
#6425=CARTESIAN_POINT('',(32.8474974668042,35.6029444943482,8.8));
#6426=CARTESIAN_POINT('Ctrl Pts',(32.8474974668042,35.6029444943482,7.8));
#6427=CARTESIAN_POINT('Ctrl Pts',(32.9720377591551,35.6542732113281,7.8));
#6428=CARTESIAN_POINT('Ctrl Pts',(33.2297331129801,35.7604811833333,7.8));
#6429=CARTESIAN_POINT('Ctrl Pts',(33.5083450891873,35.7733048962347,7.8));
#6430=CARTESIAN_POINT('Ctrl Pts',(33.6523080837413,35.7799311013811,7.8));
#6431=CARTESIAN_POINT('Ctrl Pts',(32.295228394445,35.0930294530044,8.8));
#6432=CARTESIAN_POINT('Ctrl Pts',(32.295228394445,35.0930294530044,7.8));
#6433=CARTESIAN_POINT('Ctrl Pts',(32.3679595989292,35.19794099421,8.8));
#6434=CARTESIAN_POINT('Ctrl Pts',(32.3679595989292,35.19794099421,7.8));
#6435=CARTESIAN_POINT('Ctrl Pts',(32.5141826220187,35.4088612288035,8.8));
#6436=CARTESIAN_POINT('Ctrl Pts',(32.5141826220187,35.4088612288035,7.8));
#6437=CARTESIAN_POINT('Ctrl Pts',(32.7360078927613,35.5380261117951,8.8));
#6438=CARTESIAN_POINT('Ctrl Pts',(32.7360078927613,35.5380261117951,7.8));
#6439=CARTESIAN_POINT('Ctrl Pts',(32.8474974668042,35.6029444943482,8.8));
#6440=CARTESIAN_POINT('Ctrl Pts',(32.8474974668042,35.6029444943482,7.8));
#6441=CARTESIAN_POINT('',(32.295228394445,35.0930294530044,8.8));
#6442=CARTESIAN_POINT('Ctrl Pts',(32.295228394445,35.0930294530044,8.8));
#6443=CARTESIAN_POINT('Ctrl Pts',(32.3679595989292,35.19794099421,8.8));
#6444=CARTESIAN_POINT('Ctrl Pts',(32.5141826220187,35.4088612288035,8.8));
#6445=CARTESIAN_POINT('Ctrl Pts',(32.7360078927613,35.5380261117951,8.8));
#6446=CARTESIAN_POINT('Ctrl Pts',(32.8474974668042,35.6029444943482,8.8));
#6447=CARTESIAN_POINT('',(32.295228394445,35.0930294530044,7.8));
#6448=CARTESIAN_POINT('',(32.295228394445,35.0930294530044,8.8));
#6449=CARTESIAN_POINT('Ctrl Pts',(32.295228394445,35.0930294530044,7.8));
#6450=CARTESIAN_POINT('Ctrl Pts',(32.3679595989292,35.19794099421,7.8));
#6451=CARTESIAN_POINT('Ctrl Pts',(32.5141826220187,35.4088612288035,7.8));
#6452=CARTESIAN_POINT('Ctrl Pts',(32.7360078927613,35.5380261117951,7.8));
#6453=CARTESIAN_POINT('Ctrl Pts',(32.8474974668042,35.6029444943482,7.8));
#6454=CARTESIAN_POINT('Ctrl Pts',(32.0986097966768,34.3435570817099,8.8));
#6455=CARTESIAN_POINT('Ctrl Pts',(32.0986097966768,34.3435570817099,7.8));
#6456=CARTESIAN_POINT('Ctrl Pts',(32.1059355993242,34.4776031235861,8.8));
#6457=CARTESIAN_POINT('Ctrl Pts',(32.1059355993242,34.4776031235861,7.8));
#6458=CARTESIAN_POINT('Ctrl Pts',(32.1203294845831,34.7409794987142,8.8));
#6459=CARTESIAN_POINT('Ctrl Pts',(32.1203294845831,34.7409794987142,7.8));
#6460=CARTESIAN_POINT('Ctrl Pts',(32.2376288326979,34.9770886326973,8.8));
#6461=CARTESIAN_POINT('Ctrl Pts',(32.2376288326979,34.9770886326973,7.8));
#6462=CARTESIAN_POINT('Ctrl Pts',(32.295228394445,35.0930294530044,8.8));
#6463=CARTESIAN_POINT('Ctrl Pts',(32.295228394445,35.0930294530044,7.8));
#6464=CARTESIAN_POINT('',(32.0986097966768,34.3435570817099,8.8));
#6465=CARTESIAN_POINT('Ctrl Pts',(32.0986097966768,34.3435570817099,8.8));
#6466=CARTESIAN_POINT('Ctrl Pts',(32.1059355993242,34.4776031235861,8.8));
#6467=CARTESIAN_POINT('Ctrl Pts',(32.1203294845831,34.7409794987142,8.8));
#6468=CARTESIAN_POINT('Ctrl Pts',(32.2376288326979,34.9770886326973,8.8));
#6469=CARTESIAN_POINT('Ctrl Pts',(32.295228394445,35.0930294530044,8.8));
#6470=CARTESIAN_POINT('',(32.0986097966768,34.3435570817099,7.8));
#6471=CARTESIAN_POINT('',(32.0986097966768,34.3435570817099,8.8));
#6472=CARTESIAN_POINT('Ctrl Pts',(32.0986097966768,34.3435570817099,7.8));
#6473=CARTESIAN_POINT('Ctrl Pts',(32.1059355993242,34.4776031235861,7.8));
#6474=CARTESIAN_POINT('Ctrl Pts',(32.1203294845831,34.7409794987142,7.8));
#6475=CARTESIAN_POINT('Ctrl Pts',(32.2376288326979,34.9770886326973,7.8));
#6476=CARTESIAN_POINT('Ctrl Pts',(32.295228394445,35.0930294530044,7.8));
#6477=CARTESIAN_POINT('Ctrl Pts',(32.5237861011991,33.309150114359,8.8));
#6478=CARTESIAN_POINT('Ctrl Pts',(32.5237861011991,33.309150114359,7.8));
#6479=CARTESIAN_POINT('Ctrl Pts',(32.4001882544768,33.4546945110602,8.8));
#6480=CARTESIAN_POINT('Ctrl Pts',(32.4001882544768,33.4546945110602,7.8));
#6481=CARTESIAN_POINT('Ctrl Pts',(32.1468947798289,33.7529638331691,8.8));
#6482=CARTESIAN_POINT('Ctrl Pts',(32.1468947798289,33.7529638331691,7.8));
#6483=CARTESIAN_POINT('Ctrl Pts',(32.1149610483631,34.1435582783408,8.8));
#6484=CARTESIAN_POINT('Ctrl Pts',(32.1149610483631,34.1435582783408,7.8));
#6485=CARTESIAN_POINT('Ctrl Pts',(32.0986097966768,34.3435570817099,8.8));
#6486=CARTESIAN_POINT('Ctrl Pts',(32.0986097966768,34.3435570817099,7.8));
#6487=CARTESIAN_POINT('',(32.5237861011991,33.309150114359,8.8));
#6488=CARTESIAN_POINT('Ctrl Pts',(32.5237861011991,33.309150114359,8.8));
#6489=CARTESIAN_POINT('Ctrl Pts',(32.4001882544768,33.4546945110602,8.8));
#6490=CARTESIAN_POINT('Ctrl Pts',(32.1468947798289,33.7529638331691,8.8));
#6491=CARTESIAN_POINT('Ctrl Pts',(32.1149610483631,34.1435582783408,8.8));
#6492=CARTESIAN_POINT('Ctrl Pts',(32.0986097966768,34.3435570817099,8.8));
#6493=CARTESIAN_POINT('',(32.5237861011991,33.309150114359,7.8));
#6494=CARTESIAN_POINT('',(32.5237861011991,33.309150114359,8.8));
#6495=CARTESIAN_POINT('Ctrl Pts',(32.5237861011991,33.309150114359,7.8));
#6496=CARTESIAN_POINT('Ctrl Pts',(32.4001882544768,33.4546945110602,7.8));
#6497=CARTESIAN_POINT('Ctrl Pts',(32.1468947798289,33.7529638331691,7.8));
#6498=CARTESIAN_POINT('Ctrl Pts',(32.1149610483631,34.1435582783408,7.8));
#6499=CARTESIAN_POINT('Ctrl Pts',(32.0986097966768,34.3435570817099,7.8));
#6500=CARTESIAN_POINT('Ctrl Pts',(33.6942982074712,32.9109957370027,8.8));
#6501=CARTESIAN_POINT('Ctrl Pts',(33.6942982074712,32.9109957370027,7.8));
#6502=CARTESIAN_POINT('Ctrl Pts',(33.4645065784677,32.9220220844365,8.8));
#6503=CARTESIAN_POINT('Ctrl Pts',(33.4645065784677,32.9220220844365,7.8));
#6504=CARTESIAN_POINT('Ctrl Pts',(33.0345073386643,32.9426552164393,8.8));
#6505=CARTESIAN_POINT('Ctrl Pts',(33.0345073386643,32.9426552164393,7.8));
#6506=CARTESIAN_POINT('Ctrl Pts',(32.6860348591105,33.1927199806456,8.8));
#6507=CARTESIAN_POINT('Ctrl Pts',(32.6860348591105,33.1927199806456,7.8));
#6508=CARTESIAN_POINT('Ctrl Pts',(32.5237861011991,33.309150114359,8.8));
#6509=CARTESIAN_POINT('Ctrl Pts',(32.5237861011991,33.309150114359,7.8));
#6510=CARTESIAN_POINT('',(33.6942982074712,32.9109957370027,8.8));
#6511=CARTESIAN_POINT('Ctrl Pts',(33.6942982074712,32.9109957370027,8.8));
#6512=CARTESIAN_POINT('Ctrl Pts',(33.4645065784677,32.9220220844365,8.8));
#6513=CARTESIAN_POINT('Ctrl Pts',(33.0345073386643,32.9426552164393,8.8));
#6514=CARTESIAN_POINT('Ctrl Pts',(32.6860348591105,33.1927199806456,8.8));
#6515=CARTESIAN_POINT('Ctrl Pts',(32.5237861011991,33.309150114359,8.8));
#6516=CARTESIAN_POINT('',(33.6942982074712,32.9109957370027,7.8));
#6517=CARTESIAN_POINT('',(33.6942982074712,32.9109957370027,8.8));
#6518=CARTESIAN_POINT('Ctrl Pts',(33.6942982074712,32.9109957370027,7.8));
#6519=CARTESIAN_POINT('Ctrl Pts',(33.4645065784677,32.9220220844365,7.8));
#6520=CARTESIAN_POINT('Ctrl Pts',(33.0345073386643,32.9426552164393,7.8));
#6521=CARTESIAN_POINT('Ctrl Pts',(32.6860348591105,33.1927199806456,7.8));
#6522=CARTESIAN_POINT('Ctrl Pts',(32.5237861011991,33.309150114359,7.8));
#6523=CARTESIAN_POINT('Ctrl Pts',(34.442841130585,33.0847714546685,8.8));
#6524=CARTESIAN_POINT('Ctrl Pts',(34.442841130585,33.0847714546685,7.8));
#6525=CARTESIAN_POINT('Ctrl Pts',(34.3231932371994,33.0343345772136,8.8));
#6526=CARTESIAN_POINT('Ctrl Pts',(34.3231932371994,33.0343345772136,7.8));
#6527=CARTESIAN_POINT('Ctrl Pts',(34.0836760051716,32.9333674733366,8.8));
#6528=CARTESIAN_POINT('Ctrl Pts',(34.0836760051716,32.9333674733366,7.8));
#6529=CARTESIAN_POINT('Ctrl Pts',(33.8241707817449,32.9184575774204,8.8));
#6530=CARTESIAN_POINT('Ctrl Pts',(33.8241707817449,32.9184575774204,7.8));
#6531=CARTESIAN_POINT('Ctrl Pts',(33.6942982074712,32.9109957370027,8.8));
#6532=CARTESIAN_POINT('Ctrl Pts',(33.6942982074712,32.9109957370027,7.8));
#6533=CARTESIAN_POINT('Ctrl Pts',(34.442841130585,33.0847714546685,8.8));
#6534=CARTESIAN_POINT('Ctrl Pts',(34.3231932371994,33.0343345772136,8.8));
#6535=CARTESIAN_POINT('Ctrl Pts',(34.0836760051716,32.9333674733366,8.8));
#6536=CARTESIAN_POINT('Ctrl Pts',(33.8241707817449,32.9184575774204,8.8));
#6537=CARTESIAN_POINT('Ctrl Pts',(33.6942982074712,32.9109957370027,8.8));
#6538=CARTESIAN_POINT('Ctrl Pts',(34.442841130585,33.0847714546685,7.8));
#6539=CARTESIAN_POINT('Ctrl Pts',(34.3231932371994,33.0343345772136,7.8));
#6540=CARTESIAN_POINT('Ctrl Pts',(34.0836760051716,32.9333674733366,7.8));
#6541=CARTESIAN_POINT('Ctrl Pts',(33.8241707817449,32.9184575774204,7.8));
#6542=CARTESIAN_POINT('Ctrl Pts',(33.6942982074712,32.9109957370027,7.8));
#6543=CARTESIAN_POINT('Origin',(33.6507903582138,34.3287872906467,7.8));
#6544=CARTESIAN_POINT('Origin',(63.9762685014951,37.1256476599887,8.8));
#6545=CARTESIAN_POINT('',(63.9762685014951,37.1256476599887,8.8));
#6546=CARTESIAN_POINT('',(65.0731235819272,37.129615319714,8.8));
#6547=CARTESIAN_POINT('',(56.453414184415,37.0984351989939,8.8));
#6548=CARTESIAN_POINT('',(63.9762685014951,37.1256476599887,7.8));
#6549=CARTESIAN_POINT('',(63.9762685014951,37.1256476599887,8.8));
#6550=CARTESIAN_POINT('',(65.0731235819272,37.129615319714,7.8));
#6551=CARTESIAN_POINT('',(63.9762685014951,37.1256476599887,7.8));
#6552=CARTESIAN_POINT('',(65.0731235819272,37.129615319714,8.8));
#6553=CARTESIAN_POINT('Origin',(63.9723304510501,38.2143172881065,8.8));
#6554=CARTESIAN_POINT('',(63.9723304510501,38.2143172881065,8.8));
#6555=CARTESIAN_POINT('',(64.0090639926942,28.0593709055587,8.8));
#6556=CARTESIAN_POINT('',(63.9723304510501,38.2143172881065,7.8));
#6557=CARTESIAN_POINT('',(63.9723304510501,38.2143172881065,8.8));
#6558=CARTESIAN_POINT('',(63.9723304510501,38.2143172881065,7.8));
#6559=CARTESIAN_POINT('Origin',(63.513943333323,38.2126591619438,8.8));
#6560=CARTESIAN_POINT('',(63.513943333323,38.2126591619438,8.8));
#6561=CARTESIAN_POINT('',(56.2202825751064,38.1862757640304,8.8));
#6562=CARTESIAN_POINT('',(63.513943333323,38.2126591619438,7.8));
#6563=CARTESIAN_POINT('',(63.513943333323,38.2126591619438,8.8));
#6564=CARTESIAN_POINT('',(63.513943333323,38.2126591619438,7.8));
#6565=CARTESIAN_POINT('Origin',(63.517881383768,37.123989533826,8.8));
#6566=CARTESIAN_POINT('',(63.517881383768,37.123989533826,8.8));
#6567=CARTESIAN_POINT('',(63.5526459001896,27.5133779653371,8.8));
#6568=CARTESIAN_POINT('',(63.517881383768,37.123989533826,7.8));
#6569=CARTESIAN_POINT('',(63.517881383768,37.123989533826,8.8));
#6570=CARTESIAN_POINT('',(63.517881383768,37.123989533826,7.8));
#6571=CARTESIAN_POINT('Origin',(62.4292117556502,37.1200514833809,8.8));
#6572=CARTESIAN_POINT('',(62.4292117556502,37.1200514833809,8.8));
#6573=CARTESIAN_POINT('',(55.6798858114925,37.09563711069,8.8));
#6574=CARTESIAN_POINT('',(62.4292117556502,37.1200514833809,7.8));
#6575=CARTESIAN_POINT('',(62.4292117556502,37.1200514833809,8.8));
#6576=CARTESIAN_POINT('',(62.4292117556502,37.1200514833809,7.8));
#6577=CARTESIAN_POINT('Origin',(62.4308896216925,36.6562072981039,8.8));
#6578=CARTESIAN_POINT('',(62.4308896216925,36.6562072981039,8.8));
#6579=CARTESIAN_POINT('',(62.464815205093,27.2775178222536,8.8));
#6580=CARTESIAN_POINT('',(62.4308896216925,36.6562072981039,7.8));
#6581=CARTESIAN_POINT('',(62.4308896216925,36.6562072981039,8.8));
#6582=CARTESIAN_POINT('',(62.4308896216925,36.6562072981039,7.8));
#6583=CARTESIAN_POINT('Origin',(63.5195592498103,36.6601453485489,8.8));
#6584=CARTESIAN_POINT('',(63.5195592498103,36.6601453485489,8.8));
#6585=CARTESIAN_POINT('',(56.2258984915937,36.6337619506355,8.8));
#6586=CARTESIAN_POINT('',(63.5195592498103,36.6601453485489,7.8));
#6587=CARTESIAN_POINT('',(63.5195592498103,36.6601453485489,8.8));
#6588=CARTESIAN_POINT('',(63.5195592498103,36.6601453485489,7.8));
#6589=CARTESIAN_POINT('Origin',(63.5234972997163,35.5714758694418,8.8));
#6590=CARTESIAN_POINT('',(63.5234972997163,35.5714758694418,8.8));
#6591=CARTESIAN_POINT('',(63.5554538581638,26.737121133145,8.8));
#6592=CARTESIAN_POINT('',(63.5234972997163,35.5714758694418,7.8));
#6593=CARTESIAN_POINT('',(63.5234972997163,35.5714758694418,8.8));
#6594=CARTESIAN_POINT('',(63.5234972997163,35.5714758694418,7.8));
#6595=CARTESIAN_POINT('Origin',(63.9818844174434,35.5731339956045,8.8));
#6596=CARTESIAN_POINT('',(63.9818844174434,35.5731339956045,8.8));
#6597=CARTESIAN_POINT('',(56.4590301003633,35.5459215346097,8.8));
#6598=CARTESIAN_POINT('',(63.9818844174434,35.5731339956045,7.8));
#6599=CARTESIAN_POINT('',(63.9818844174434,35.5731339956045,8.8));
#6600=CARTESIAN_POINT('',(63.9818844174434,35.5731339956045,7.8));
#6601=CARTESIAN_POINT('Origin',(63.9779463675374,36.6618034747117,8.8));
#6602=CARTESIAN_POINT('',(63.9779463675374,36.6618034747117,8.8));
#6603=CARTESIAN_POINT('',(64.0118719509378,27.2831139988613,8.8));
#6604=CARTESIAN_POINT('',(63.9779463675374,36.6618034747117,7.8));
#6605=CARTESIAN_POINT('',(63.9779463675374,36.6618034747117,8.8));
#6606=CARTESIAN_POINT('',(63.9779463675374,36.6618034747117,7.8));
#6607=CARTESIAN_POINT('Origin',(65.0748014479695,36.665771134437,8.8));
#6608=CARTESIAN_POINT('',(65.0748014479695,36.665771134437,8.8));
#6609=CARTESIAN_POINT('',(57.0035195906733,36.6365748435795,8.8));
#6610=CARTESIAN_POINT('',(65.0748014479695,36.665771134437,7.8));
#6611=CARTESIAN_POINT('',(65.0748014479695,36.665771134437,8.8));
#6612=CARTESIAN_POINT('',(65.0748014479695,36.665771134437,7.8));
#6613=CARTESIAN_POINT('Origin',(65.0731235819272,37.129615319714,8.8));
#6614=CARTESIAN_POINT('',(65.1078880983489,27.5190037512252,8.8));
#6615=CARTESIAN_POINT('',(65.0731235819272,37.129615319714,7.8));
#6616=CARTESIAN_POINT('Origin',(63.7520066018099,36.8928965787741,7.8));
#6617=CARTESIAN_POINT('Origin',(80.4069196628265,38.4658272548244,8.8));
#6618=CARTESIAN_POINT('',(80.4069196628265,38.4658272548244,8.8));
#6619=CARTESIAN_POINT('',(80.7616238329591,38.4671522854541,8.8));
#6620=CARTESIAN_POINT('',(64.6652177746196,38.4070226539173,8.8));
#6621=CARTESIAN_POINT('',(80.4069196628265,38.4658272548244,7.8));
#6622=CARTESIAN_POINT('',(80.4069196628265,38.4658272548244,8.8));
#6623=CARTESIAN_POINT('',(80.7616238329591,38.4671522854541,7.8));
#6624=CARTESIAN_POINT('',(80.4069196628265,38.4658272548244,7.8));
#6625=CARTESIAN_POINT('',(80.7616238329591,38.4671522854541,8.8));
#6626=CARTESIAN_POINT('Origin',(80.4190793686681,35.2107339211299,8.8));
#6627=CARTESIAN_POINT('',(80.4190793686681,35.2107339211299,8.8));
#6628=CARTESIAN_POINT('',(80.4512860226305,26.5891713619836,8.8));
#6629=CARTESIAN_POINT('',(80.4190793686681,35.2107339211299,7.8));
#6630=CARTESIAN_POINT('',(80.4190793686681,35.2107339211299,8.8));
#6631=CARTESIAN_POINT('',(80.4190793686681,35.2107339211299,7.8));
#6632=CARTESIAN_POINT('Origin',(80.7737835388006,35.2120589517595,8.8));
#6633=CARTESIAN_POINT('',(80.7737835388006,35.2120589517595,8.8));
#6634=CARTESIAN_POINT('',(64.8547295655273,35.1525918355376,8.8));
#6635=CARTESIAN_POINT('',(80.7737835388006,35.2120589517595,7.8));
#6636=CARTESIAN_POINT('',(80.7737835388006,35.2120589517595,8.8));
#6637=CARTESIAN_POINT('',(80.7737835388006,35.2120589517595,7.8));
#6638=CARTESIAN_POINT('Origin',(80.7616238329591,38.4671522854541,8.8));
#6639=CARTESIAN_POINT('',(80.7999103398423,28.2180430594605,8.8));
#6640=CARTESIAN_POINT('',(80.7616238329591,38.4671522854541,7.8));
#6641=CARTESIAN_POINT('Origin',(80.5903516008135,36.838943103292,7.8));
#6642=CARTESIAN_POINT('Origin',(32.4980469601768,37.4489355740442,8.8));
#6643=CARTESIAN_POINT('',(32.4980469601768,37.4489355740442,8.8));
#6644=CARTESIAN_POINT('',(35.1440139755825,37.4555773546774,8.8));
#6645=CARTESIAN_POINT('',(40.7244179381722,37.4695850194551,8.8));
#6646=CARTESIAN_POINT('',(32.4980469601768,37.4489355740442,7.8));
#6647=CARTESIAN_POINT('',(32.4980469601768,37.4489355740442,8.8));
#6648=CARTESIAN_POINT('',(35.1440139755825,37.4555773546774,7.8));
#6649=CARTESIAN_POINT('',(32.4980469601768,37.4489355740442,7.8));
#6650=CARTESIAN_POINT('',(35.1440139755825,37.4555773546774,8.8));
#6651=CARTESIAN_POINT('Origin',(32.4955556502115,38.441429056953,8.8));
#6652=CARTESIAN_POINT('',(32.4955556502115,38.441429056953,8.8));
#6653=CARTESIAN_POINT('',(32.5214512971994,28.1250648835762,8.8));
#6654=CARTESIAN_POINT('',(32.4955556502115,38.441429056953,7.8));
#6655=CARTESIAN_POINT('',(32.4955556502115,38.441429056953,8.8));
#6656=CARTESIAN_POINT('',(32.4955556502115,38.441429056953,7.8));
#6657=CARTESIAN_POINT('Origin',(32.1415319976617,38.4405404036079,8.8));
#6658=CARTESIAN_POINT('',(32.1415319976617,38.4405404036079,8.8));
#6659=CARTESIAN_POINT('',(40.5449148019319,38.4616341756914,8.8));
#6660=CARTESIAN_POINT('',(32.1415319976617,38.4405404036079,7.8));
#6661=CARTESIAN_POINT('',(32.1415319976617,38.4405404036079,8.8));
#6662=CARTESIAN_POINT('',(32.1415319976617,38.4405404036079,7.8));
#6663=CARTESIAN_POINT('Origin',(32.1475008686259,36.062648605853,8.8));
#6664=CARTESIAN_POINT('',(32.1475008686259,36.062648605853,8.8));
#6665=CARTESIAN_POINT('',(32.1704120801317,26.9352303313537,8.8));
#6666=CARTESIAN_POINT('',(32.1475008686259,36.062648605853,7.8));
#6667=CARTESIAN_POINT('',(32.1475008686259,36.062648605853,8.8));
#6668=CARTESIAN_POINT('',(32.1475008686259,36.062648605853,7.8));
#6669=CARTESIAN_POINT('Origin',(32.5015245211756,36.0635372591981,8.8));
#6670=CARTESIAN_POINT('',(32.5015245211756,36.0635372591981,8.8));
#6671=CARTESIAN_POINT('',(40.727895499171,36.0841867046091,8.8));
#6672=CARTESIAN_POINT('',(32.5015245211756,36.0635372591981,7.8));
#6673=CARTESIAN_POINT('',(32.5015245211756,36.0635372591981,8.8));
#6674=CARTESIAN_POINT('',(32.5015245211756,36.0635372591981,7.8));
#6675=CARTESIAN_POINT('Origin',(32.4990434838637,37.0519383000895,8.8));
#6676=CARTESIAN_POINT('',(32.4990434838637,37.0519383000895,8.8));
#6677=CARTESIAN_POINT('',(32.5231952140255,27.4303195051445,8.8));
#6678=CARTESIAN_POINT('',(32.4990434838637,37.0519383000895,7.8));
#6679=CARTESIAN_POINT('',(32.4990434838637,37.0519383000895,8.8));
#6680=CARTESIAN_POINT('',(32.4990434838637,37.0519383000895,7.8));
#6681=CARTESIAN_POINT('Origin',(35.1450104992694,37.0585800807228,8.8));
#6682=CARTESIAN_POINT('',(35.1450104992694,37.0585800807228,8.8));
#6683=CARTESIAN_POINT('',(42.0483979695619,37.0759086358172,8.8));
#6684=CARTESIAN_POINT('',(35.1450104992694,37.0585800807228,7.8));
#6685=CARTESIAN_POINT('',(35.1450104992694,37.0585800807228,8.8));
#6686=CARTESIAN_POINT('',(35.1450104992694,37.0585800807228,7.8));
#6687=CARTESIAN_POINT('Origin',(35.1440139755825,37.4555773546774,8.8));
#6688=CARTESIAN_POINT('',(35.1686639675878,27.6354599227551,8.8));
#6689=CARTESIAN_POINT('',(35.1440139755825,37.4555773546774,7.8));
#6690=CARTESIAN_POINT('Origin',(33.6507903582138,34.3287872906467,7.8));
#6691=CARTESIAN_POINT('Ctrl Pts',(26.6729831478833,33.7272867901954,8.8));
#6692=CARTESIAN_POINT('Ctrl Pts',(26.6729831478833,33.7272867901954,7.8));
#6693=CARTESIAN_POINT('Ctrl Pts',(26.6292932307264,33.6406786615139,8.8));
#6694=CARTESIAN_POINT('Ctrl Pts',(26.6292932307264,33.6406786615139,7.8));
#6695=CARTESIAN_POINT('Ctrl Pts',(26.5430551374906,33.4697257194561,8.8));
#6696=CARTESIAN_POINT('Ctrl Pts',(26.5430551374906,33.4697257194561,7.8));
#6697=CARTESIAN_POINT('Ctrl Pts',(26.3920213145715,33.3521689653074,8.8));
#6698=CARTESIAN_POINT('Ctrl Pts',(26.3920213145715,33.3521689653074,7.8));
#6699=CARTESIAN_POINT('Ctrl Pts',(26.3175042021178,33.2941687789964,8.8));
#6700=CARTESIAN_POINT('Ctrl Pts',(26.3175042021178,33.2941687789964,7.8));
#6701=CARTESIAN_POINT('',(26.6729831478833,33.7272867901954,8.8));
#6702=CARTESIAN_POINT('',(26.3175042021178,33.2941687789964,8.8));
#6703=CARTESIAN_POINT('Ctrl Pts',(26.6729831478833,33.7272867901954,8.8));
#6704=CARTESIAN_POINT('Ctrl Pts',(26.6292932307264,33.6406786615139,8.8));
#6705=CARTESIAN_POINT('Ctrl Pts',(26.5430551374906,33.4697257194561,8.8));
#6706=CARTESIAN_POINT('Ctrl Pts',(26.3920213145715,33.3521689653074,8.8));
#6707=CARTESIAN_POINT('Ctrl Pts',(26.3175042021178,33.2941687789964,8.8));
#6708=CARTESIAN_POINT('',(26.6729831478833,33.7272867901954,7.8));
#6709=CARTESIAN_POINT('',(26.6729831478833,33.7272867901954,8.8));
#6710=CARTESIAN_POINT('',(26.3175042021178,33.2941687789964,7.8));
#6711=CARTESIAN_POINT('Ctrl Pts',(26.6729831478833,33.7272867901954,7.8));
#6712=CARTESIAN_POINT('Ctrl Pts',(26.6292932307264,33.6406786615139,7.8));
#6713=CARTESIAN_POINT('Ctrl Pts',(26.5430551374906,33.4697257194561,7.8));
#6714=CARTESIAN_POINT('Ctrl Pts',(26.3920213145715,33.3521689653074,7.8));
#6715=CARTESIAN_POINT('Ctrl Pts',(26.3175042021178,33.2941687789964,7.8));
#6716=CARTESIAN_POINT('',(26.3175042021178,33.2941687789964,8.8));
#6717=CARTESIAN_POINT('Ctrl Pts',(26.7891230426504,34.4101947118168,8.8));
#6718=CARTESIAN_POINT('Ctrl Pts',(26.7891230426504,34.4101947118168,7.8));
#6719=CARTESIAN_POINT('Ctrl Pts',(26.7863964989795,34.2842203722827,8.8));
#6720=CARTESIAN_POINT('Ctrl Pts',(26.7863964989795,34.2842203722827,7.8));
#6721=CARTESIAN_POINT('Ctrl Pts',(26.7813397791089,34.0505850365691,8.8));
#6722=CARTESIAN_POINT('Ctrl Pts',(26.7813397791089,34.0505850365691,7.8));
#6723=CARTESIAN_POINT('Ctrl Pts',(26.707163951397,33.8292703394314,8.8));
#6724=CARTESIAN_POINT('Ctrl Pts',(26.707163951397,33.8292703394314,7.8));
#6725=CARTESIAN_POINT('Ctrl Pts',(26.6729831478833,33.7272867901954,8.8));
#6726=CARTESIAN_POINT('Ctrl Pts',(26.6729831478833,33.7272867901954,7.8));
#6727=CARTESIAN_POINT('',(26.7891230426504,34.4101947118168,8.8));
#6728=CARTESIAN_POINT('Ctrl Pts',(26.7891230426504,34.4101947118168,8.8));
#6729=CARTESIAN_POINT('Ctrl Pts',(26.7863964989795,34.2842203722827,8.8));
#6730=CARTESIAN_POINT('Ctrl Pts',(26.7813397791089,34.0505850365691,8.8));
#6731=CARTESIAN_POINT('Ctrl Pts',(26.707163951397,33.8292703394314,8.8));
#6732=CARTESIAN_POINT('Ctrl Pts',(26.6729831478833,33.7272867901954,8.8));
#6733=CARTESIAN_POINT('',(26.7891230426504,34.4101947118168,7.8));
#6734=CARTESIAN_POINT('',(26.7891230426504,34.4101947118168,8.8));
#6735=CARTESIAN_POINT('Ctrl Pts',(26.7891230426504,34.4101947118168,7.8));
#6736=CARTESIAN_POINT('Ctrl Pts',(26.7863964989795,34.2842203722827,7.8));
#6737=CARTESIAN_POINT('Ctrl Pts',(26.7813397791089,34.0505850365691,7.8));
#6738=CARTESIAN_POINT('Ctrl Pts',(26.707163951397,33.8292703394314,7.8));
#6739=CARTESIAN_POINT('Ctrl Pts',(26.6729831478833,33.7272867901954,7.8));
#6740=CARTESIAN_POINT('Ctrl Pts',(26.6692972990029,34.9878547866781,8.8));
#6741=CARTESIAN_POINT('Ctrl Pts',(26.6692972990029,34.9878547866781,7.8));
#6742=CARTESIAN_POINT('Ctrl Pts',(26.7039422195591,34.8980189525017,8.8));
#6743=CARTESIAN_POINT('Ctrl Pts',(26.7039422195591,34.8980189525017,7.8));
#6744=CARTESIAN_POINT('Ctrl Pts',(26.7756152981109,34.7121674424877,8.8));
#6745=CARTESIAN_POINT('Ctrl Pts',(26.7756152981109,34.7121674424877,7.8));
#6746=CARTESIAN_POINT('Ctrl Pts',(26.7845217435773,34.5130591716591,8.8));
#6747=CARTESIAN_POINT('Ctrl Pts',(26.7845217435773,34.5130591716591,7.8));
#6748=CARTESIAN_POINT('Ctrl Pts',(26.7891230426504,34.4101947118168,8.8));
#6749=CARTESIAN_POINT('Ctrl Pts',(26.7891230426504,34.4101947118168,7.8));
#6750=CARTESIAN_POINT('',(26.6692972990029,34.9878547866781,8.8));
#6751=CARTESIAN_POINT('Ctrl Pts',(26.6692972990029,34.9878547866781,8.8));
#6752=CARTESIAN_POINT('Ctrl Pts',(26.7039422195591,34.8980189525017,8.8));
#6753=CARTESIAN_POINT('Ctrl Pts',(26.7756152981109,34.7121674424877,8.8));
#6754=CARTESIAN_POINT('Ctrl Pts',(26.7845217435773,34.5130591716591,8.8));
#6755=CARTESIAN_POINT('Ctrl Pts',(26.7891230426504,34.4101947118168,8.8));
#6756=CARTESIAN_POINT('',(26.6692972990029,34.9878547866781,7.8));
#6757=CARTESIAN_POINT('',(26.6692972990029,34.9878547866781,8.8));
#6758=CARTESIAN_POINT('Ctrl Pts',(26.6692972990029,34.9878547866781,7.8));
#6759=CARTESIAN_POINT('Ctrl Pts',(26.7039422195591,34.8980189525017,7.8));
#6760=CARTESIAN_POINT('Ctrl Pts',(26.7756152981109,34.7121674424877,7.8));
#6761=CARTESIAN_POINT('Ctrl Pts',(26.7845217435773,34.5130591716591,7.8));
#6762=CARTESIAN_POINT('Ctrl Pts',(26.7891230426504,34.4101947118168,7.8));
#6763=CARTESIAN_POINT('Ctrl Pts',(26.338360097576,35.3805501738068,8.8));
#6764=CARTESIAN_POINT('Ctrl Pts',(26.338360097576,35.3805501738068,7.8));
#6765=CARTESIAN_POINT('Ctrl Pts',(26.4057784444924,35.3288939241691,8.8));
#6766=CARTESIAN_POINT('Ctrl Pts',(26.4057784444924,35.3288939241691,7.8));
#6767=CARTESIAN_POINT('Ctrl Pts',(26.5447819664861,35.2223887818592,8.8));
#6768=CARTESIAN_POINT('Ctrl Pts',(26.5447819664861,35.2223887818592,7.8));
#6769=CARTESIAN_POINT('Ctrl Pts',(26.6269709443504,35.0675796595707,8.8));
#6770=CARTESIAN_POINT('Ctrl Pts',(26.6269709443504,35.0675796595707,7.8));
#6771=CARTESIAN_POINT('Ctrl Pts',(26.6692972990029,34.9878547866781,8.8));
#6772=CARTESIAN_POINT('Ctrl Pts',(26.6692972990029,34.9878547866781,7.8));
#6773=CARTESIAN_POINT('',(26.338360097576,35.3805501738068,8.8));
#6774=CARTESIAN_POINT('Ctrl Pts',(26.338360097576,35.3805501738068,8.8));
#6775=CARTESIAN_POINT('Ctrl Pts',(26.4057784444924,35.3288939241691,8.8));
#6776=CARTESIAN_POINT('Ctrl Pts',(26.5447819664861,35.2223887818592,8.8));
#6777=CARTESIAN_POINT('Ctrl Pts',(26.6269709443504,35.0675796595707,8.8));
#6778=CARTESIAN_POINT('Ctrl Pts',(26.6692972990029,34.9878547866781,8.8));
#6779=CARTESIAN_POINT('',(26.338360097576,35.3805501738068,7.8));
#6780=CARTESIAN_POINT('',(26.338360097576,35.3805501738068,8.8));
#6781=CARTESIAN_POINT('Ctrl Pts',(26.338360097576,35.3805501738068,7.8));
#6782=CARTESIAN_POINT('Ctrl Pts',(26.4057784444924,35.3288939241691,7.8));
#6783=CARTESIAN_POINT('Ctrl Pts',(26.5447819664861,35.2223887818592,7.8));
#6784=CARTESIAN_POINT('Ctrl Pts',(26.6269709443504,35.0675796595707,7.8));
#6785=CARTESIAN_POINT('Ctrl Pts',(26.6692972990029,34.9878547866781,7.8));
#6786=CARTESIAN_POINT('Ctrl Pts',(25.8866230472583,35.515971592745,8.8));
#6787=CARTESIAN_POINT('Ctrl Pts',(25.8866230472583,35.515971592745,7.8));
#6788=CARTESIAN_POINT('Ctrl Pts',(25.9657809017854,35.5102426636669,8.8));
#6789=CARTESIAN_POINT('Ctrl Pts',(25.9657809017854,35.5102426636669,7.8));
#6790=CARTESIAN_POINT('Ctrl Pts',(26.1263336328917,35.4986229044492,8.8));
#6791=CARTESIAN_POINT('Ctrl Pts',(26.1263336328917,35.4986229044492,7.8));
#6792=CARTESIAN_POINT('Ctrl Pts',(26.2670311512409,35.4202716466907,8.8));
#6793=CARTESIAN_POINT('Ctrl Pts',(26.2670311512409,35.4202716466907,7.8));
#6794=CARTESIAN_POINT('Ctrl Pts',(26.338360097576,35.3805501738068,8.8));
#6795=CARTESIAN_POINT('Ctrl Pts',(26.338360097576,35.3805501738068,7.8));
#6796=CARTESIAN_POINT('',(25.8866230472583,35.515971592745,8.8));
#6797=CARTESIAN_POINT('Ctrl Pts',(25.8866230472583,35.515971592745,8.8));
#6798=CARTESIAN_POINT('Ctrl Pts',(25.9657809017854,35.5102426636669,8.8));
#6799=CARTESIAN_POINT('Ctrl Pts',(26.1263336328917,35.4986229044492,8.8));
#6800=CARTESIAN_POINT('Ctrl Pts',(26.2670311512409,35.4202716466907,8.8));
#6801=CARTESIAN_POINT('Ctrl Pts',(26.338360097576,35.3805501738068,8.8));
#6802=CARTESIAN_POINT('',(25.8866230472583,35.515971592745,7.8));
#6803=CARTESIAN_POINT('',(25.8866230472583,35.515971592745,8.8));
#6804=CARTESIAN_POINT('Ctrl Pts',(25.8866230472583,35.515971592745,7.8));
#6805=CARTESIAN_POINT('Ctrl Pts',(25.9657809017854,35.5102426636669,7.8));
#6806=CARTESIAN_POINT('Ctrl Pts',(26.1263336328917,35.4986229044492,7.8));
#6807=CARTESIAN_POINT('Ctrl Pts',(26.2670311512409,35.4202716466907,7.8));
#6808=CARTESIAN_POINT('Ctrl Pts',(26.338360097576,35.3805501738068,7.8));
#6809=CARTESIAN_POINT('Ctrl Pts',(25.4604211259995,35.3895491930939,8.8));
#6810=CARTESIAN_POINT('Ctrl Pts',(25.4604211259995,35.3895491930939,7.8));
#6811=CARTESIAN_POINT('Ctrl Pts',(25.5251685372056,35.4261955435361,8.8));
#6812=CARTESIAN_POINT('Ctrl Pts',(25.5251685372056,35.4261955435361,7.8));
#6813=CARTESIAN_POINT('Ctrl Pts',(25.6574194084577,35.5010481389358,8.8));
#6814=CARTESIAN_POINT('Ctrl Pts',(25.6574194084577,35.5010481389358,7.8));
#6815=CARTESIAN_POINT('Ctrl Pts',(25.8091677121292,35.5109284742233,8.8));
#6816=CARTESIAN_POINT('Ctrl Pts',(25.8091677121292,35.5109284742233,7.8));
#6817=CARTESIAN_POINT('Ctrl Pts',(25.8866230472583,35.515971592745,8.8));
#6818=CARTESIAN_POINT('Ctrl Pts',(25.8866230472583,35.515971592745,7.8));
#6819=CARTESIAN_POINT('',(25.4604211259995,35.3895491930939,8.8));
#6820=CARTESIAN_POINT('Ctrl Pts',(25.4604211259995,35.3895491930939,8.8));
#6821=CARTESIAN_POINT('Ctrl Pts',(25.5251685372056,35.4261955435361,8.8));
#6822=CARTESIAN_POINT('Ctrl Pts',(25.6574194084577,35.5010481389358,8.8));
#6823=CARTESIAN_POINT('Ctrl Pts',(25.8091677121292,35.5109284742233,8.8));
#6824=CARTESIAN_POINT('Ctrl Pts',(25.8866230472583,35.515971592745,8.8));
#6825=CARTESIAN_POINT('',(25.4604211259995,35.3895491930939,7.8));
#6826=CARTESIAN_POINT('',(25.4604211259995,35.3895491930939,8.8));
#6827=CARTESIAN_POINT('Ctrl Pts',(25.4604211259995,35.3895491930939,7.8));
#6828=CARTESIAN_POINT('Ctrl Pts',(25.5251685372056,35.4261955435361,7.8));
#6829=CARTESIAN_POINT('Ctrl Pts',(25.6574194084577,35.5010481389358,7.8));
#6830=CARTESIAN_POINT('Ctrl Pts',(25.8091677121292,35.5109284742233,7.8));
#6831=CARTESIAN_POINT('Ctrl Pts',(25.8866230472583,35.515971592745,7.8));
#6832=CARTESIAN_POINT('Ctrl Pts',(25.1559336546876,35.0016422617095,8.8));
#6833=CARTESIAN_POINT('Ctrl Pts',(25.1559336546876,35.0016422617095,7.8));
#6834=CARTESIAN_POINT('Ctrl Pts',(25.1962187828257,35.0817379843698,8.8));
#6835=CARTESIAN_POINT('Ctrl Pts',(25.1962187828257,35.0817379843698,7.8));
#6836=CARTESIAN_POINT('Ctrl Pts',(25.2717151888514,35.2318414959723,8.8));
#6837=CARTESIAN_POINT('Ctrl Pts',(25.2717151888514,35.2318414959723,7.8));
#6838=CARTESIAN_POINT('Ctrl Pts',(25.4004020111821,35.3393892642428,8.8));
#6839=CARTESIAN_POINT('Ctrl Pts',(25.4004020111821,35.3393892642428,7.8));
#6840=CARTESIAN_POINT('Ctrl Pts',(25.4604211259995,35.3895491930939,8.8));
#6841=CARTESIAN_POINT('Ctrl Pts',(25.4604211259995,35.3895491930939,7.8));
#6842=CARTESIAN_POINT('',(25.1559336546876,35.0016422617095,8.8));
#6843=CARTESIAN_POINT('Ctrl Pts',(25.1559336546876,35.0016422617095,8.8));
#6844=CARTESIAN_POINT('Ctrl Pts',(25.1962187828257,35.0817379843698,8.8));
#6845=CARTESIAN_POINT('Ctrl Pts',(25.2717151888514,35.2318414959723,8.8));
#6846=CARTESIAN_POINT('Ctrl Pts',(25.4004020111821,35.3393892642428,8.8));
#6847=CARTESIAN_POINT('Ctrl Pts',(25.4604211259995,35.3895491930939,8.8));
#6848=CARTESIAN_POINT('',(25.1559336546876,35.0016422617095,7.8));
#6849=CARTESIAN_POINT('',(25.1559336546876,35.0016422617095,8.8));
#6850=CARTESIAN_POINT('Ctrl Pts',(25.1559336546876,35.0016422617095,7.8));
#6851=CARTESIAN_POINT('Ctrl Pts',(25.1962187828257,35.0817379843698,7.8));
#6852=CARTESIAN_POINT('Ctrl Pts',(25.2717151888514,35.2318414959723,7.8));
#6853=CARTESIAN_POINT('Ctrl Pts',(25.4004020111821,35.3393892642428,7.8));
#6854=CARTESIAN_POINT('Ctrl Pts',(25.4604211259995,35.3895491930939,7.8));
#6855=CARTESIAN_POINT('Ctrl Pts',(24.9670785807319,34.3368803714469,8.8));
#6856=CARTESIAN_POINT('Ctrl Pts',(24.9670785807319,34.3368803714469,7.8));
#6857=CARTESIAN_POINT('Ctrl Pts',(24.9971883122346,34.4740583789708,8.8));
#6858=CARTESIAN_POINT('Ctrl Pts',(24.9971883122346,34.4740583789708,7.8));
#6859=CARTESIAN_POINT('Ctrl Pts',(25.0466940715662,34.6996034465327,8.8));
#6860=CARTESIAN_POINT('Ctrl Pts',(25.0466940715662,34.6996034465327,7.8));
#6861=CARTESIAN_POINT('Ctrl Pts',(25.1251824349943,34.9166175692307,8.8));
#6862=CARTESIAN_POINT('Ctrl Pts',(25.1251824349943,34.9166175692307,7.8));
#6863=CARTESIAN_POINT('Ctrl Pts',(25.1559336546876,35.0016422617095,8.8));
#6864=CARTESIAN_POINT('Ctrl Pts',(25.1559336546876,35.0016422617095,7.8));
#6865=CARTESIAN_POINT('',(24.9670785807319,34.3368803714469,8.8));
#6866=CARTESIAN_POINT('Ctrl Pts',(24.9670785807319,34.3368803714469,8.8));
#6867=CARTESIAN_POINT('Ctrl Pts',(24.9971883122346,34.4740583789708,8.8));
#6868=CARTESIAN_POINT('Ctrl Pts',(25.0466940715662,34.6996034465327,8.8));
#6869=CARTESIAN_POINT('Ctrl Pts',(25.1251824349943,34.9166175692307,8.8));
#6870=CARTESIAN_POINT('Ctrl Pts',(25.1559336546876,35.0016422617095,8.8));
#6871=CARTESIAN_POINT('',(24.9670785807319,34.3368803714469,7.8));
#6872=CARTESIAN_POINT('',(24.9670785807319,34.3368803714469,8.8));
#6873=CARTESIAN_POINT('Ctrl Pts',(24.9670785807319,34.3368803714469,7.8));
#6874=CARTESIAN_POINT('Ctrl Pts',(24.9971883122346,34.4740583789708,7.8));
#6875=CARTESIAN_POINT('Ctrl Pts',(25.0466940715662,34.6996034465327,7.8));
#6876=CARTESIAN_POINT('Ctrl Pts',(25.1251824349943,34.9166175692307,7.8));
#6877=CARTESIAN_POINT('Ctrl Pts',(25.1559336546876,35.0016422617095,7.8));
#6878=CARTESIAN_POINT('Ctrl Pts',(24.7554689026208,33.7375179830688,8.8));
#6879=CARTESIAN_POINT('Ctrl Pts',(24.7554689026208,33.7375179830688,7.8));
#6880=CARTESIAN_POINT('Ctrl Pts',(24.7930834880983,33.8056074782607,8.8));
#6881=CARTESIAN_POINT('Ctrl Pts',(24.7930834880983,33.8056074782607,7.8));
#6882=CARTESIAN_POINT('Ctrl Pts',(24.8964737535392,33.9927633618696,8.8));
#6883=CARTESIAN_POINT('Ctrl Pts',(24.8964737535392,33.9927633618696,7.8));
#6884=CARTESIAN_POINT('Ctrl Pts',(24.9396257709705,34.2030796219059,8.8));
#6885=CARTESIAN_POINT('Ctrl Pts',(24.9396257709705,34.2030796219059,7.8));
#6886=CARTESIAN_POINT('Ctrl Pts',(24.9670785807319,34.3368803714469,8.8));
#6887=CARTESIAN_POINT('Ctrl Pts',(24.9670785807319,34.3368803714469,7.8));
#6888=CARTESIAN_POINT('',(24.7554689026208,33.7375179830688,8.8));
#6889=CARTESIAN_POINT('Ctrl Pts',(24.7554689026208,33.7375179830688,8.8));
#6890=CARTESIAN_POINT('Ctrl Pts',(24.7930834880983,33.8056074782607,8.8));
#6891=CARTESIAN_POINT('Ctrl Pts',(24.8964737535392,33.9927633618696,8.8));
#6892=CARTESIAN_POINT('Ctrl Pts',(24.9396257709705,34.2030796219059,8.8));
#6893=CARTESIAN_POINT('Ctrl Pts',(24.9670785807319,34.3368803714469,8.8));
#6894=CARTESIAN_POINT('',(24.7554689026208,33.7375179830688,7.8));
#6895=CARTESIAN_POINT('',(24.7554689026208,33.7375179830688,8.8));
#6896=CARTESIAN_POINT('Ctrl Pts',(24.7554689026208,33.7375179830688,7.8));
#6897=CARTESIAN_POINT('Ctrl Pts',(24.7930834880983,33.8056074782607,7.8));
#6898=CARTESIAN_POINT('Ctrl Pts',(24.8964737535392,33.9927633618696,7.8));
#6899=CARTESIAN_POINT('Ctrl Pts',(24.9396257709705,34.2030796219059,7.8));
#6900=CARTESIAN_POINT('Ctrl Pts',(24.9670785807319,34.3368803714469,7.8));
#6901=CARTESIAN_POINT('Ctrl Pts',(24.4898763571986,33.6198811177548,8.8));
#6902=CARTESIAN_POINT('Ctrl Pts',(24.4898763571986,33.6198811177548,7.8));
#6903=CARTESIAN_POINT('Ctrl Pts',(24.541195049263,33.6247508576389,8.8));
#6904=CARTESIAN_POINT('Ctrl Pts',(24.541195049263,33.6247508576389,7.8));
#6905=CARTESIAN_POINT('Ctrl Pts',(24.64289266227,33.6344011605258,8.8));
#6906=CARTESIAN_POINT('Ctrl Pts',(24.64289266227,33.6344011605258,7.8));
#6907=CARTESIAN_POINT('Ctrl Pts',(24.718175380962,33.7033581155612,8.8));
#6908=CARTESIAN_POINT('Ctrl Pts',(24.718175380962,33.7033581155612,7.8));
#6909=CARTESIAN_POINT('Ctrl Pts',(24.7554689026208,33.7375179830688,8.8));
#6910=CARTESIAN_POINT('Ctrl Pts',(24.7554689026208,33.7375179830688,7.8));
#6911=CARTESIAN_POINT('',(24.4898763571986,33.6198811177548,8.8));
#6912=CARTESIAN_POINT('Ctrl Pts',(24.4898763571986,33.6198811177548,8.8));
#6913=CARTESIAN_POINT('Ctrl Pts',(24.541195049263,33.6247508576389,8.8));
#6914=CARTESIAN_POINT('Ctrl Pts',(24.64289266227,33.6344011605258,8.8));
#6915=CARTESIAN_POINT('Ctrl Pts',(24.718175380962,33.7033581155612,8.8));
#6916=CARTESIAN_POINT('Ctrl Pts',(24.7554689026208,33.7375179830688,8.8));
#6917=CARTESIAN_POINT('',(24.4898763571986,33.6198811177548,7.8));
#6918=CARTESIAN_POINT('',(24.4898763571986,33.6198811177548,8.8));
#6919=CARTESIAN_POINT('Ctrl Pts',(24.4898763571986,33.6198811177548,7.8));
#6920=CARTESIAN_POINT('Ctrl Pts',(24.541195049263,33.6247508576389,7.8));
#6921=CARTESIAN_POINT('Ctrl Pts',(24.64289266227,33.6344011605258,7.8));
#6922=CARTESIAN_POINT('Ctrl Pts',(24.718175380962,33.7033581155612,7.8));
#6923=CARTESIAN_POINT('Ctrl Pts',(24.7554689026208,33.7375179830688,7.8));
#6924=CARTESIAN_POINT('Ctrl Pts',(24.1710503948218,33.7834253880662,8.8));
#6925=CARTESIAN_POINT('Ctrl Pts',(24.1710503948218,33.7834253880662,7.8));
#6926=CARTESIAN_POINT('Ctrl Pts',(24.216277527292,33.735565271501,8.8));
#6927=CARTESIAN_POINT('Ctrl Pts',(24.216277527292,33.735565271501,7.8));
#6928=CARTESIAN_POINT('Ctrl Pts',(24.3035550266622,33.6432067454299,8.8));
#6929=CARTESIAN_POINT('Ctrl Pts',(24.3035550266622,33.6432067454299,7.8));
#6930=CARTESIAN_POINT('Ctrl Pts',(24.4292948248784,33.6274653393939,8.8));
#6931=CARTESIAN_POINT('Ctrl Pts',(24.4292948248784,33.6274653393939,7.8));
#6932=CARTESIAN_POINT('Ctrl Pts',(24.4898763571986,33.6198811177548,8.8));
#6933=CARTESIAN_POINT('Ctrl Pts',(24.4898763571986,33.6198811177548,7.8));
#6934=CARTESIAN_POINT('',(24.1710503948218,33.7834253880662,8.8));
#6935=CARTESIAN_POINT('Ctrl Pts',(24.1710503948218,33.7834253880662,8.8));
#6936=CARTESIAN_POINT('Ctrl Pts',(24.216277527292,33.735565271501,8.8));
#6937=CARTESIAN_POINT('Ctrl Pts',(24.3035550266622,33.6432067454299,8.8));
#6938=CARTESIAN_POINT('Ctrl Pts',(24.4292948248784,33.6274653393939,8.8));
#6939=CARTESIAN_POINT('Ctrl Pts',(24.4898763571986,33.6198811177548,8.8));
#6940=CARTESIAN_POINT('',(24.1710503948218,33.7834253880662,7.8));
#6941=CARTESIAN_POINT('',(24.1710503948218,33.7834253880662,8.8));
#6942=CARTESIAN_POINT('Ctrl Pts',(24.1710503948218,33.7834253880662,7.8));
#6943=CARTESIAN_POINT('Ctrl Pts',(24.216277527292,33.735565271501,7.8));
#6944=CARTESIAN_POINT('Ctrl Pts',(24.3035550266622,33.6432067454299,7.8));
#6945=CARTESIAN_POINT('Ctrl Pts',(24.4292948248784,33.6274653393939,7.8));
#6946=CARTESIAN_POINT('Ctrl Pts',(24.4898763571986,33.6198811177548,7.8));
#6947=CARTESIAN_POINT('Ctrl Pts',(24.0370987217715,34.3078262368021,8.8));
#6948=CARTESIAN_POINT('Ctrl Pts',(24.0370987217715,34.3078262368021,7.8));
#6949=CARTESIAN_POINT('Ctrl Pts',(24.039111750473,34.2014693120111,8.8));
#6950=CARTESIAN_POINT('Ctrl Pts',(24.039111750473,34.2014693120111,7.8));
#6951=CARTESIAN_POINT('Ctrl Pts',(24.0426385971763,34.0151309009916,8.8));
#6952=CARTESIAN_POINT('Ctrl Pts',(24.0426385971763,34.0151309009916,7.8));
#6953=CARTESIAN_POINT('Ctrl Pts',(24.1324856216633,33.8530114440936,8.8));
#6954=CARTESIAN_POINT('Ctrl Pts',(24.1324856216633,33.8530114440936,7.8));
#6955=CARTESIAN_POINT('Ctrl Pts',(24.1710503948218,33.7834253880662,8.8));
#6956=CARTESIAN_POINT('Ctrl Pts',(24.1710503948218,33.7834253880662,7.8));
#6957=CARTESIAN_POINT('',(24.0370987217715,34.3078262368021,8.8));
#6958=CARTESIAN_POINT('Ctrl Pts',(24.0370987217715,34.3078262368021,8.8));
#6959=CARTESIAN_POINT('Ctrl Pts',(24.039111750473,34.2014693120111,8.8));
#6960=CARTESIAN_POINT('Ctrl Pts',(24.0426385971763,34.0151309009916,8.8));
#6961=CARTESIAN_POINT('Ctrl Pts',(24.1324856216633,33.8530114440936,8.8));
#6962=CARTESIAN_POINT('Ctrl Pts',(24.1710503948218,33.7834253880662,8.8));
#6963=CARTESIAN_POINT('',(24.0370987217715,34.3078262368021,7.8));
#6964=CARTESIAN_POINT('',(24.0370987217715,34.3078262368021,8.8));
#6965=CARTESIAN_POINT('Ctrl Pts',(24.0370987217715,34.3078262368021,7.8));
#6966=CARTESIAN_POINT('Ctrl Pts',(24.039111750473,34.2014693120111,7.8));
#6967=CARTESIAN_POINT('Ctrl Pts',(24.0426385971763,34.0151309009916,7.8));
#6968=CARTESIAN_POINT('Ctrl Pts',(24.1324856216633,33.8530114440936,7.8));
#6969=CARTESIAN_POINT('Ctrl Pts',(24.1710503948218,33.7834253880662,7.8));
#6970=CARTESIAN_POINT('Ctrl Pts',(24.1804380356949,34.8312166902434,8.8));
#6971=CARTESIAN_POINT('Ctrl Pts',(24.1804380356949,34.8312166902434,7.8));
#6972=CARTESIAN_POINT('Ctrl Pts',(24.1384611714712,34.7597543345954,8.8));
#6973=CARTESIAN_POINT('Ctrl Pts',(24.1384611714712,34.7597543345954,7.8));
#6974=CARTESIAN_POINT('Ctrl Pts',(24.0440498180136,34.599026327805,8.8));
#6975=CARTESIAN_POINT('Ctrl Pts',(24.0440498180136,34.599026327805,7.8));
#6976=CARTESIAN_POINT('Ctrl Pts',(24.0395807612654,34.4118055375213,8.8));
#6977=CARTESIAN_POINT('Ctrl Pts',(24.0395807612654,34.4118055375213,7.8));
#6978=CARTESIAN_POINT('Ctrl Pts',(24.0370987217715,34.3078262368021,8.8));
#6979=CARTESIAN_POINT('Ctrl Pts',(24.0370987217715,34.3078262368021,7.8));
#6980=CARTESIAN_POINT('',(24.1804380356949,34.8312166902434,8.8));
#6981=CARTESIAN_POINT('Ctrl Pts',(24.1804380356949,34.8312166902434,8.8));
#6982=CARTESIAN_POINT('Ctrl Pts',(24.1384611714712,34.7597543345954,8.8));
#6983=CARTESIAN_POINT('Ctrl Pts',(24.0440498180136,34.599026327805,8.8));
#6984=CARTESIAN_POINT('Ctrl Pts',(24.0395807612654,34.4118055375213,8.8));
#6985=CARTESIAN_POINT('Ctrl Pts',(24.0370987217715,34.3078262368021,8.8));
#6986=CARTESIAN_POINT('',(24.1804380356949,34.8312166902434,7.8));
#6987=CARTESIAN_POINT('',(24.1804380356949,34.8312166902434,8.8));
#6988=CARTESIAN_POINT('Ctrl Pts',(24.1804380356949,34.8312166902434,7.8));
#6989=CARTESIAN_POINT('Ctrl Pts',(24.1384611714712,34.7597543345954,7.8));
#6990=CARTESIAN_POINT('Ctrl Pts',(24.0440498180136,34.599026327805,7.8));
#6991=CARTESIAN_POINT('Ctrl Pts',(24.0395807612654,34.4118055375213,7.8));
#6992=CARTESIAN_POINT('Ctrl Pts',(24.0370987217715,34.3078262368021,7.8));
#6993=CARTESIAN_POINT('Ctrl Pts',(24.6093998276075,35.0405284483389,8.8));
#6994=CARTESIAN_POINT('Ctrl Pts',(24.6093998276075,35.0405284483389,7.8));
#6995=CARTESIAN_POINT('Ctrl Pts',(24.5221840615411,35.0258958644253,8.8));
#6996=CARTESIAN_POINT('Ctrl Pts',(24.5221840615411,35.0258958644253,7.8));
#6997=CARTESIAN_POINT('Ctrl Pts',(24.3579387016562,34.9983396768305,8.8));
#6998=CARTESIAN_POINT('Ctrl Pts',(24.3579387016562,34.9983396768305,7.8));
#6999=CARTESIAN_POINT('Ctrl Pts',(24.2371070102057,34.8845724802952,8.8));
#7000=CARTESIAN_POINT('Ctrl Pts',(24.2371070102057,34.8845724802952,7.8));
#7001=CARTESIAN_POINT('Ctrl Pts',(24.1804380356949,34.8312166902434,8.8));
#7002=CARTESIAN_POINT('Ctrl Pts',(24.1804380356949,34.8312166902434,7.8));
#7003=CARTESIAN_POINT('',(24.6093998276075,35.0405284483389,8.8));
#7004=CARTESIAN_POINT('Ctrl Pts',(24.6093998276075,35.0405284483389,8.8));
#7005=CARTESIAN_POINT('Ctrl Pts',(24.5221840615411,35.0258958644253,8.8));
#7006=CARTESIAN_POINT('Ctrl Pts',(24.3579387016562,34.9983396768305,8.8));
#7007=CARTESIAN_POINT('Ctrl Pts',(24.2371070102057,34.8845724802952,8.8));
#7008=CARTESIAN_POINT('Ctrl Pts',(24.1804380356949,34.8312166902434,8.8));
#7009=CARTESIAN_POINT('',(24.6093998276075,35.0405284483389,7.8));
#7010=CARTESIAN_POINT('',(24.6093998276075,35.0405284483389,8.8));
#7011=CARTESIAN_POINT('Ctrl Pts',(24.6093998276075,35.0405284483389,7.8));
#7012=CARTESIAN_POINT('Ctrl Pts',(24.5221840615411,35.0258958644253,7.8));
#7013=CARTESIAN_POINT('Ctrl Pts',(24.3579387016562,34.9983396768305,7.8));
#7014=CARTESIAN_POINT('Ctrl Pts',(24.2371070102057,34.8845724802952,7.8));
#7015=CARTESIAN_POINT('Ctrl Pts',(24.1804380356949,34.8312166902434,7.8));
#7016=CARTESIAN_POINT('Origin',(24.5793287459466,35.4210468797354,8.8));
#7017=CARTESIAN_POINT('',(24.5793287459466,35.4210468797354,8.8));
#7018=CARTESIAN_POINT('',(25.3450928696079,25.7310940392741,8.8));
#7019=CARTESIAN_POINT('',(24.5793287459466,35.4210468797354,7.8));
#7020=CARTESIAN_POINT('',(24.5793287459466,35.4210468797354,8.8));
#7021=CARTESIAN_POINT('',(24.5793287459466,35.4210468797354,7.8));
#7022=CARTESIAN_POINT('Ctrl Pts',(24.107167542863,35.2719417516274,8.8));
#7023=CARTESIAN_POINT('Ctrl Pts',(24.107167542863,35.2719417516274,7.8));
#7024=CARTESIAN_POINT('Ctrl Pts',(24.1795306972047,35.3126509646324,8.8));
#7025=CARTESIAN_POINT('Ctrl Pts',(24.1795306972047,35.3126509646324,7.8));
#7026=CARTESIAN_POINT('Ctrl Pts',(24.3264393224103,35.3952970926264,8.8));
#7027=CARTESIAN_POINT('Ctrl Pts',(24.3264393224103,35.3952970926264,7.8));
#7028=CARTESIAN_POINT('Ctrl Pts',(24.4942015729179,35.4123790337179,8.8));
#7029=CARTESIAN_POINT('Ctrl Pts',(24.4942015729179,35.4123790337179,7.8));
#7030=CARTESIAN_POINT('Ctrl Pts',(24.5793287459466,35.4210468797354,8.8));
#7031=CARTESIAN_POINT('Ctrl Pts',(24.5793287459466,35.4210468797354,7.8));
#7032=CARTESIAN_POINT('',(24.107167542863,35.2719417516274,8.8));
#7033=CARTESIAN_POINT('Ctrl Pts',(24.107167542863,35.2719417516274,8.8));
#7034=CARTESIAN_POINT('Ctrl Pts',(24.1795306972047,35.3126509646324,8.8));
#7035=CARTESIAN_POINT('Ctrl Pts',(24.3264393224103,35.3952970926264,8.8));
#7036=CARTESIAN_POINT('Ctrl Pts',(24.4942015729179,35.4123790337179,8.8));
#7037=CARTESIAN_POINT('Ctrl Pts',(24.5793287459466,35.4210468797354,8.8));
#7038=CARTESIAN_POINT('',(24.107167542863,35.2719417516274,7.8));
#7039=CARTESIAN_POINT('',(24.107167542863,35.2719417516274,8.8));
#7040=CARTESIAN_POINT('Ctrl Pts',(24.107167542863,35.2719417516274,7.8));
#7041=CARTESIAN_POINT('Ctrl Pts',(24.1795306972047,35.3126509646324,7.8));
#7042=CARTESIAN_POINT('Ctrl Pts',(24.3264393224103,35.3952970926264,7.8));
#7043=CARTESIAN_POINT('Ctrl Pts',(24.4942015729179,35.4123790337179,7.8));
#7044=CARTESIAN_POINT('Ctrl Pts',(24.5793287459466,35.4210468797354,7.8));
#7045=CARTESIAN_POINT('Ctrl Pts',(23.7924673712733,34.8788807673891,8.8));
#7046=CARTESIAN_POINT('Ctrl Pts',(23.7924673712733,34.8788807673891,7.8));
#7047=CARTESIAN_POINT('Ctrl Pts',(23.8312120562558,34.9583856320135,8.8));
#7048=CARTESIAN_POINT('Ctrl Pts',(23.8312120562558,34.9583856320135,7.8));
#7049=CARTESIAN_POINT('Ctrl Pts',(23.9066530064859,35.1131919632013,8.8));
#7050=CARTESIAN_POINT('Ctrl Pts',(23.9066530064859,35.1131919632013,7.8));
#7051=CARTESIAN_POINT('Ctrl Pts',(24.041550302578,35.2199917872979,8.8));
#7052=CARTESIAN_POINT('Ctrl Pts',(24.041550302578,35.2199917872979,7.8));
#7053=CARTESIAN_POINT('Ctrl Pts',(24.107167542863,35.2719417516274,8.8));
#7054=CARTESIAN_POINT('Ctrl Pts',(24.107167542863,35.2719417516274,7.8));
#7055=CARTESIAN_POINT('',(23.7924673712733,34.8788807673891,8.8));
#7056=CARTESIAN_POINT('Ctrl Pts',(23.7924673712733,34.8788807673891,8.8));
#7057=CARTESIAN_POINT('Ctrl Pts',(23.8312120562558,34.9583856320135,8.8));
#7058=CARTESIAN_POINT('Ctrl Pts',(23.9066530064859,35.1131919632013,8.8));
#7059=CARTESIAN_POINT('Ctrl Pts',(24.041550302578,35.2199917872979,8.8));
#7060=CARTESIAN_POINT('Ctrl Pts',(24.107167542863,35.2719417516274,8.8));
#7061=CARTESIAN_POINT('',(23.7924673712733,34.8788807673891,7.8));
#7062=CARTESIAN_POINT('',(23.7924673712733,34.8788807673891,8.8));
#7063=CARTESIAN_POINT('Ctrl Pts',(23.7924673712733,34.8788807673891,7.8));
#7064=CARTESIAN_POINT('Ctrl Pts',(23.8312120562558,34.9583856320135,7.8));
#7065=CARTESIAN_POINT('Ctrl Pts',(23.9066530064859,35.1131919632013,7.8));
#7066=CARTESIAN_POINT('Ctrl Pts',(24.041550302578,35.2199917872979,7.8));
#7067=CARTESIAN_POINT('Ctrl Pts',(24.107167542863,35.2719417516274,7.8));
#7068=CARTESIAN_POINT('Ctrl Pts',(23.687230601436,34.2901481457296,8.8));
#7069=CARTESIAN_POINT('Ctrl Pts',(23.687230601436,34.2901481457296,7.8));
#7070=CARTESIAN_POINT('Ctrl Pts',(23.6903842956908,34.3957960887921,8.8));
#7071=CARTESIAN_POINT('Ctrl Pts',(23.6903842956908,34.3957960887921,7.8));
#7072=CARTESIAN_POINT('Ctrl Pts',(23.6964017809677,34.5973802914977,8.8));
#7073=CARTESIAN_POINT('Ctrl Pts',(23.6964017809677,34.5973802914977,7.8));
#7074=CARTESIAN_POINT('Ctrl Pts',(23.7614907677094,34.7881101947314,8.8));
#7075=CARTESIAN_POINT('Ctrl Pts',(23.7614907677094,34.7881101947314,7.8));
#7076=CARTESIAN_POINT('Ctrl Pts',(23.7924673712733,34.8788807673891,8.8));
#7077=CARTESIAN_POINT('Ctrl Pts',(23.7924673712733,34.8788807673891,7.8));
#7078=CARTESIAN_POINT('',(23.687230601436,34.2901481457296,8.8));
#7079=CARTESIAN_POINT('Ctrl Pts',(23.687230601436,34.2901481457296,8.8));
#7080=CARTESIAN_POINT('Ctrl Pts',(23.6903842956908,34.3957960887921,8.8));
#7081=CARTESIAN_POINT('Ctrl Pts',(23.6964017809677,34.5973802914977,8.8));
#7082=CARTESIAN_POINT('Ctrl Pts',(23.7614907677094,34.7881101947314,8.8));
#7083=CARTESIAN_POINT('Ctrl Pts',(23.7924673712733,34.8788807673891,8.8));
#7084=CARTESIAN_POINT('',(23.687230601436,34.2901481457296,7.8));
#7085=CARTESIAN_POINT('',(23.687230601436,34.2901481457296,8.8));
#7086=CARTESIAN_POINT('Ctrl Pts',(23.687230601436,34.2901481457296,7.8));
#7087=CARTESIAN_POINT('Ctrl Pts',(23.6903842956908,34.3957960887921,7.8));
#7088=CARTESIAN_POINT('Ctrl Pts',(23.6964017809677,34.5973802914977,7.8));
#7089=CARTESIAN_POINT('Ctrl Pts',(23.7614907677094,34.7881101947314,7.8));
#7090=CARTESIAN_POINT('Ctrl Pts',(23.7924673712733,34.8788807673891,7.8));
#7091=CARTESIAN_POINT('Ctrl Pts',(23.7916053547887,33.7400567018108,8.8));
#7092=CARTESIAN_POINT('Ctrl Pts',(23.7916053547887,33.7400567018108,7.8));
#7093=CARTESIAN_POINT('Ctrl Pts',(23.7614481724162,33.826281801741,8.8));
#7094=CARTESIAN_POINT('Ctrl Pts',(23.7614481724162,33.826281801741,7.8));
#7095=CARTESIAN_POINT('Ctrl Pts',(23.6991717801051,34.0043418102655,8.8));
#7096=CARTESIAN_POINT('Ctrl Pts',(23.6991717801051,34.0043418102655,7.8));
#7097=CARTESIAN_POINT('Ctrl Pts',(23.6912937274233,34.1928991905687,8.8));
#7098=CARTESIAN_POINT('Ctrl Pts',(23.6912937274233,34.1928991905687,7.8));
#7099=CARTESIAN_POINT('Ctrl Pts',(23.687230601436,34.2901481457296,8.8));
#7100=CARTESIAN_POINT('Ctrl Pts',(23.687230601436,34.2901481457296,7.8));
#7101=CARTESIAN_POINT('',(23.7916053547887,33.7400567018108,8.8));
#7102=CARTESIAN_POINT('Ctrl Pts',(23.7916053547887,33.7400567018108,8.8));
#7103=CARTESIAN_POINT('Ctrl Pts',(23.7614481724162,33.826281801741,8.8));
#7104=CARTESIAN_POINT('Ctrl Pts',(23.6991717801051,34.0043418102655,8.8));
#7105=CARTESIAN_POINT('Ctrl Pts',(23.6912937274233,34.1928991905687,8.8));
#7106=CARTESIAN_POINT('Ctrl Pts',(23.687230601436,34.2901481457296,8.8));
#7107=CARTESIAN_POINT('',(23.7916053547887,33.7400567018108,7.8));
#7108=CARTESIAN_POINT('',(23.7916053547887,33.7400567018108,8.8));
#7109=CARTESIAN_POINT('Ctrl Pts',(23.7916053547887,33.7400567018108,7.8));
#7110=CARTESIAN_POINT('Ctrl Pts',(23.7614481724162,33.826281801741,7.8));
#7111=CARTESIAN_POINT('Ctrl Pts',(23.6991717801051,34.0043418102655,7.8));
#7112=CARTESIAN_POINT('Ctrl Pts',(23.6912937274233,34.1928991905687,7.8));
#7113=CARTESIAN_POINT('Ctrl Pts',(23.687230601436,34.2901481457296,7.8));
#7114=CARTESIAN_POINT('Ctrl Pts',(24.0928054020549,33.3646444755849,8.8));
#7115=CARTESIAN_POINT('Ctrl Pts',(24.0928054020549,33.3646444755849,7.8));
#7116=CARTESIAN_POINT('Ctrl Pts',(24.0302274449877,33.4136551713519,8.8));
#7117=CARTESIAN_POINT('Ctrl Pts',(24.0302274449877,33.4136551713519,7.8));
#7118=CARTESIAN_POINT('Ctrl Pts',(23.9006561201218,33.5151346871552,8.8));
#7119=CARTESIAN_POINT('Ctrl Pts',(23.9006561201218,33.5151346871552,7.8));
#7120=CARTESIAN_POINT('Ctrl Pts',(23.8287721416193,33.6633985642298,8.8));
#7121=CARTESIAN_POINT('Ctrl Pts',(23.8287721416193,33.6633985642298,7.8));
#7122=CARTESIAN_POINT('Ctrl Pts',(23.7916053547887,33.7400567018108,8.8));
#7123=CARTESIAN_POINT('Ctrl Pts',(23.7916053547887,33.7400567018108,7.8));
#7124=CARTESIAN_POINT('',(24.0928054020549,33.3646444755849,8.8));
#7125=CARTESIAN_POINT('Ctrl Pts',(24.0928054020549,33.3646444755849,8.8));
#7126=CARTESIAN_POINT('Ctrl Pts',(24.0302274449877,33.4136551713519,8.8));
#7127=CARTESIAN_POINT('Ctrl Pts',(23.9006561201218,33.5151346871552,8.8));
#7128=CARTESIAN_POINT('Ctrl Pts',(23.8287721416193,33.6633985642298,8.8));
#7129=CARTESIAN_POINT('Ctrl Pts',(23.7916053547887,33.7400567018108,8.8));
#7130=CARTESIAN_POINT('',(24.0928054020549,33.3646444755849,7.8));
#7131=CARTESIAN_POINT('',(24.0928054020549,33.3646444755849,8.8));
#7132=CARTESIAN_POINT('Ctrl Pts',(24.0928054020549,33.3646444755849,7.8));
#7133=CARTESIAN_POINT('Ctrl Pts',(24.0302274449877,33.4136551713519,7.8));
#7134=CARTESIAN_POINT('Ctrl Pts',(23.9006561201218,33.5151346871552,7.8));
#7135=CARTESIAN_POINT('Ctrl Pts',(23.8287721416193,33.6633985642298,7.8));
#7136=CARTESIAN_POINT('Ctrl Pts',(23.7916053547887,33.7400567018108,7.8));
#7137=CARTESIAN_POINT('Ctrl Pts',(24.517908718265,33.237309424845,8.8));
#7138=CARTESIAN_POINT('Ctrl Pts',(24.517908718265,33.237309424845,7.8));
#7139=CARTESIAN_POINT('Ctrl Pts',(24.4430864804405,33.2426131909892,8.8));
#7140=CARTESIAN_POINT('Ctrl Pts',(24.4430864804405,33.2426131909892,7.8));
#7141=CARTESIAN_POINT('Ctrl Pts',(24.2919322041242,33.2533277453328,8.8));
#7142=CARTESIAN_POINT('Ctrl Pts',(24.2919322041242,33.2533277453328,7.8));
#7143=CARTESIAN_POINT('Ctrl Pts',(24.159621530019,33.3272926333629,8.8));
#7144=CARTESIAN_POINT('Ctrl Pts',(24.159621530019,33.3272926333629,7.8));
#7145=CARTESIAN_POINT('Ctrl Pts',(24.0928054020549,33.3646444755849,8.8));
#7146=CARTESIAN_POINT('Ctrl Pts',(24.0928054020549,33.3646444755849,7.8));
#7147=CARTESIAN_POINT('',(24.517908718265,33.237309424845,8.8));
#7148=CARTESIAN_POINT('Ctrl Pts',(24.517908718265,33.237309424845,8.8));
#7149=CARTESIAN_POINT('Ctrl Pts',(24.4430864804405,33.2426131909892,8.8));
#7150=CARTESIAN_POINT('Ctrl Pts',(24.2919322041242,33.2533277453328,8.8));
#7151=CARTESIAN_POINT('Ctrl Pts',(24.159621530019,33.3272926333629,8.8));
#7152=CARTESIAN_POINT('Ctrl Pts',(24.0928054020549,33.3646444755849,8.8));
#7153=CARTESIAN_POINT('',(24.517908718265,33.237309424845,7.8));
#7154=CARTESIAN_POINT('',(24.517908718265,33.237309424845,8.8));
#7155=CARTESIAN_POINT('Ctrl Pts',(24.517908718265,33.237309424845,7.8));
#7156=CARTESIAN_POINT('Ctrl Pts',(24.4430864804405,33.2426131909892,7.8));
#7157=CARTESIAN_POINT('Ctrl Pts',(24.2919322041242,33.2533277453328,7.8));
#7158=CARTESIAN_POINT('Ctrl Pts',(24.159621530019,33.3272926333629,7.8));
#7159=CARTESIAN_POINT('Ctrl Pts',(24.0928054020549,33.3646444755849,7.8));
#7160=CARTESIAN_POINT('Ctrl Pts',(24.8909776954728,33.3440925548268,8.8));
#7161=CARTESIAN_POINT('Ctrl Pts',(24.8909776954728,33.3440925548268,7.8));
#7162=CARTESIAN_POINT('Ctrl Pts',(24.8334213376991,33.3131401931569,8.8));
#7163=CARTESIAN_POINT('Ctrl Pts',(24.8334213376991,33.3131401931569,7.8));
#7164=CARTESIAN_POINT('Ctrl Pts',(24.7168696569942,33.2504616305455,8.8));
#7165=CARTESIAN_POINT('Ctrl Pts',(24.7168696569942,33.2504616305455,7.8));
#7166=CARTESIAN_POINT('Ctrl Pts',(24.5847726611857,33.2417294297809,8.8));
#7167=CARTESIAN_POINT('Ctrl Pts',(24.5847726611857,33.2417294297809,7.8));
#7168=CARTESIAN_POINT('Ctrl Pts',(24.517908718265,33.237309424845,8.8));
#7169=CARTESIAN_POINT('Ctrl Pts',(24.517908718265,33.237309424845,7.8));
#7170=CARTESIAN_POINT('',(24.8909776954728,33.3440925548268,8.8));
#7171=CARTESIAN_POINT('Ctrl Pts',(24.8909776954728,33.3440925548268,8.8));
#7172=CARTESIAN_POINT('Ctrl Pts',(24.8334213376991,33.3131401931569,8.8));
#7173=CARTESIAN_POINT('Ctrl Pts',(24.7168696569942,33.2504616305455,8.8));
#7174=CARTESIAN_POINT('Ctrl Pts',(24.5847726611857,33.2417294297809,8.8));
#7175=CARTESIAN_POINT('Ctrl Pts',(24.517908718265,33.237309424845,8.8));
#7176=CARTESIAN_POINT('',(24.8909776954728,33.3440925548268,7.8));
#7177=CARTESIAN_POINT('',(24.8909776954728,33.3440925548268,8.8));
#7178=CARTESIAN_POINT('Ctrl Pts',(24.8909776954728,33.3440925548268,7.8));
#7179=CARTESIAN_POINT('Ctrl Pts',(24.8334213376991,33.3131401931569,7.8));
#7180=CARTESIAN_POINT('Ctrl Pts',(24.7168696569942,33.2504616305455,7.8));
#7181=CARTESIAN_POINT('Ctrl Pts',(24.5847726611857,33.2417294297809,7.8));
#7182=CARTESIAN_POINT('Ctrl Pts',(24.517908718265,33.237309424845,7.8));
#7183=CARTESIAN_POINT('Ctrl Pts',(25.1691109025493,33.6653928166353,8.8));
#7184=CARTESIAN_POINT('Ctrl Pts',(25.1691109025493,33.6653928166353,7.8));
#7185=CARTESIAN_POINT('Ctrl Pts',(25.1312454846153,33.5992782341455,8.8));
#7186=CARTESIAN_POINT('Ctrl Pts',(25.1312454846153,33.5992782341455,7.8));
#7187=CARTESIAN_POINT('Ctrl Pts',(25.0594068007304,33.4738449271651,8.8));
#7188=CARTESIAN_POINT('Ctrl Pts',(25.0594068007304,33.4738449271651,7.8));
#7189=CARTESIAN_POINT('Ctrl Pts',(24.9450555836098,33.3857524227344,8.8));
#7190=CARTESIAN_POINT('Ctrl Pts',(24.9450555836098,33.3857524227344,7.8));
#7191=CARTESIAN_POINT('Ctrl Pts',(24.8909776954728,33.3440925548268,8.8));
#7192=CARTESIAN_POINT('Ctrl Pts',(24.8909776954728,33.3440925548268,7.8));
#7193=CARTESIAN_POINT('',(25.1691109025493,33.6653928166353,8.8));
#7194=CARTESIAN_POINT('Ctrl Pts',(25.1691109025493,33.6653928166353,8.8));
#7195=CARTESIAN_POINT('Ctrl Pts',(25.1312454846153,33.5992782341455,8.8));
#7196=CARTESIAN_POINT('Ctrl Pts',(25.0594068007304,33.4738449271651,8.8));
#7197=CARTESIAN_POINT('Ctrl Pts',(24.9450555836098,33.3857524227344,8.8));
#7198=CARTESIAN_POINT('Ctrl Pts',(24.8909776954728,33.3440925548268,8.8));
#7199=CARTESIAN_POINT('',(25.1691109025493,33.6653928166353,7.8));
#7200=CARTESIAN_POINT('',(25.1691109025493,33.6653928166353,8.8));
#7201=CARTESIAN_POINT('Ctrl Pts',(25.1691109025493,33.6653928166353,7.8));
#7202=CARTESIAN_POINT('Ctrl Pts',(25.1312454846153,33.5992782341455,7.8));
#7203=CARTESIAN_POINT('Ctrl Pts',(25.0594068007304,33.4738449271651,7.8));
#7204=CARTESIAN_POINT('Ctrl Pts',(24.9450555836098,33.3857524227344,7.8));
#7205=CARTESIAN_POINT('Ctrl Pts',(24.8909776954728,33.3440925548268,7.8));
#7206=CARTESIAN_POINT('Ctrl Pts',(25.3541903450619,34.2452153122516,8.8));
#7207=CARTESIAN_POINT('Ctrl Pts',(25.3541903450619,34.2452153122516,7.8));
#7208=CARTESIAN_POINT('Ctrl Pts',(25.3263334036408,34.1266648368539,8.8));
#7209=CARTESIAN_POINT('Ctrl Pts',(25.3263334036408,34.1266648368539,7.8));
#7210=CARTESIAN_POINT('Ctrl Pts',(25.2797422171684,33.9283872434113,8.8));
#7211=CARTESIAN_POINT('Ctrl Pts',(25.2797422171684,33.9283872434113,7.8));
#7212=CARTESIAN_POINT('Ctrl Pts',(25.2008381198073,33.7408152351854,8.8));
#7213=CARTESIAN_POINT('Ctrl Pts',(25.2008381198073,33.7408152351854,7.8));
#7214=CARTESIAN_POINT('Ctrl Pts',(25.1691109025493,33.6653928166353,8.8));
#7215=CARTESIAN_POINT('Ctrl Pts',(25.1691109025493,33.6653928166353,7.8));
#7216=CARTESIAN_POINT('',(25.3541903450619,34.2452153122516,8.8));
#7217=CARTESIAN_POINT('Ctrl Pts',(25.3541903450619,34.2452153122516,8.8));
#7218=CARTESIAN_POINT('Ctrl Pts',(25.3263334036408,34.1266648368539,8.8));
#7219=CARTESIAN_POINT('Ctrl Pts',(25.2797422171684,33.9283872434113,8.8));
#7220=CARTESIAN_POINT('Ctrl Pts',(25.2008381198073,33.7408152351854,8.8));
#7221=CARTESIAN_POINT('Ctrl Pts',(25.1691109025493,33.6653928166353,8.8));
#7222=CARTESIAN_POINT('',(25.3541903450619,34.2452153122516,7.8));
#7223=CARTESIAN_POINT('',(25.3541903450619,34.2452153122516,8.8));
#7224=CARTESIAN_POINT('Ctrl Pts',(25.3541903450619,34.2452153122516,7.8));
#7225=CARTESIAN_POINT('Ctrl Pts',(25.3263334036408,34.1266648368539,7.8));
#7226=CARTESIAN_POINT('Ctrl Pts',(25.2797422171684,33.9283872434113,7.8));
#7227=CARTESIAN_POINT('Ctrl Pts',(25.2008381198073,33.7408152351854,7.8));
#7228=CARTESIAN_POINT('Ctrl Pts',(25.1691109025493,33.6653928166353,7.8));
#7229=CARTESIAN_POINT('Ctrl Pts',(25.4985108713437,34.7798643566817,8.8));
#7230=CARTESIAN_POINT('Ctrl Pts',(25.4985108713437,34.7798643566817,7.8));
#7231=CARTESIAN_POINT('Ctrl Pts',(25.4780881361854,34.7153322637527,8.8));
#7232=CARTESIAN_POINT('Ctrl Pts',(25.4780881361854,34.7153322637527,7.8));
#7233=CARTESIAN_POINT('Ctrl Pts',(25.4223568001533,34.5392314756852,8.8));
#7234=CARTESIAN_POINT('Ctrl Pts',(25.4223568001533,34.5392314756852,7.8));
#7235=CARTESIAN_POINT('Ctrl Pts',(25.380627777222,34.3592454809659,8.8));
#7236=CARTESIAN_POINT('Ctrl Pts',(25.380627777222,34.3592454809659,7.8));
#7237=CARTESIAN_POINT('Ctrl Pts',(25.3541903450619,34.2452153122516,8.8));
#7238=CARTESIAN_POINT('Ctrl Pts',(25.3541903450619,34.2452153122516,7.8));
#7239=CARTESIAN_POINT('',(25.4985108713437,34.7798643566817,8.8));
#7240=CARTESIAN_POINT('Ctrl Pts',(25.4985108713437,34.7798643566817,8.8));
#7241=CARTESIAN_POINT('Ctrl Pts',(25.4780881361854,34.7153322637527,8.8));
#7242=CARTESIAN_POINT('Ctrl Pts',(25.4223568001533,34.5392314756852,8.8));
#7243=CARTESIAN_POINT('Ctrl Pts',(25.380627777222,34.3592454809659,8.8));
#7244=CARTESIAN_POINT('Ctrl Pts',(25.3541903450619,34.2452153122516,8.8));
#7245=CARTESIAN_POINT('',(25.4985108713437,34.7798643566817,7.8));
#7246=CARTESIAN_POINT('',(25.4985108713437,34.7798643566817,8.8));
#7247=CARTESIAN_POINT('Ctrl Pts',(25.4985108713437,34.7798643566817,7.8));
#7248=CARTESIAN_POINT('Ctrl Pts',(25.4780881361854,34.7153322637527,7.8));
#7249=CARTESIAN_POINT('Ctrl Pts',(25.4223568001533,34.5392314756852,7.8));
#7250=CARTESIAN_POINT('Ctrl Pts',(25.380627777222,34.3592454809659,7.8));
#7251=CARTESIAN_POINT('Ctrl Pts',(25.3541903450619,34.2452153122516,7.8));
#7252=CARTESIAN_POINT('Ctrl Pts',(25.6745126599156,35.0506465982715,8.8));
#7253=CARTESIAN_POINT('Ctrl Pts',(25.6745126599156,35.0506465982715,7.8));
#7254=CARTESIAN_POINT('Ctrl Pts',(25.639916464766,35.0159938542179,8.8));
#7255=CARTESIAN_POINT('Ctrl Pts',(25.639916464766,35.0159938542179,7.8));
#7256=CARTESIAN_POINT('Ctrl Pts',(25.5624163968489,34.9383671092523,8.8));
#7257=CARTESIAN_POINT('Ctrl Pts',(25.5624163968489,34.9383671092523,7.8));
#7258=CARTESIAN_POINT('Ctrl Pts',(25.5212825058917,34.8363440855918,8.8));
#7259=CARTESIAN_POINT('Ctrl Pts',(25.5212825058917,34.8363440855918,7.8));
#7260=CARTESIAN_POINT('Ctrl Pts',(25.4985108713437,34.7798643566817,8.8));
#7261=CARTESIAN_POINT('Ctrl Pts',(25.4985108713437,34.7798643566817,7.8));
#7262=CARTESIAN_POINT('',(25.6745126599156,35.0506465982715,8.8));
#7263=CARTESIAN_POINT('Ctrl Pts',(25.6745126599156,35.0506465982715,8.8));
#7264=CARTESIAN_POINT('Ctrl Pts',(25.639916464766,35.0159938542179,8.8));
#7265=CARTESIAN_POINT('Ctrl Pts',(25.5624163968489,34.9383671092523,8.8));
#7266=CARTESIAN_POINT('Ctrl Pts',(25.5212825058917,34.8363440855918,8.8));
#7267=CARTESIAN_POINT('Ctrl Pts',(25.4985108713437,34.7798643566817,8.8));
#7268=CARTESIAN_POINT('',(25.6745126599156,35.0506465982715,7.8));
#7269=CARTESIAN_POINT('',(25.6745126599156,35.0506465982715,8.8));
#7270=CARTESIAN_POINT('Ctrl Pts',(25.6745126599156,35.0506465982715,7.8));
#7271=CARTESIAN_POINT('Ctrl Pts',(25.639916464766,35.0159938542179,7.8));
#7272=CARTESIAN_POINT('Ctrl Pts',(25.5624163968489,34.9383671092523,7.8));
#7273=CARTESIAN_POINT('Ctrl Pts',(25.5212825058917,34.8363440855918,7.8));
#7274=CARTESIAN_POINT('Ctrl Pts',(25.4985108713437,34.7798643566817,7.8));
#7275=CARTESIAN_POINT('Ctrl Pts',(25.9207946439013,35.1334228335243,8.8));
#7276=CARTESIAN_POINT('Ctrl Pts',(25.9207946439013,35.1334228335243,7.8));
#7277=CARTESIAN_POINT('Ctrl Pts',(25.8755105113139,35.1300569646979,8.8));
#7278=CARTESIAN_POINT('Ctrl Pts',(25.8755105113139,35.1300569646979,7.8));
#7279=CARTESIAN_POINT('Ctrl Pts',(25.7863098107766,35.1234268750821,8.8));
#7280=CARTESIAN_POINT('Ctrl Pts',(25.7863098107766,35.1234268750821,7.8));
#7281=CARTESIAN_POINT('Ctrl Pts',(25.711395531899,35.0746574573305,8.8));
#7282=CARTESIAN_POINT('Ctrl Pts',(25.711395531899,35.0746574573305,7.8));
#7283=CARTESIAN_POINT('Ctrl Pts',(25.6745126599156,35.0506465982715,8.8));
#7284=CARTESIAN_POINT('Ctrl Pts',(25.6745126599156,35.0506465982715,7.8));
#7285=CARTESIAN_POINT('',(25.9207946439013,35.1334228335243,8.8));
#7286=CARTESIAN_POINT('Ctrl Pts',(25.9207946439013,35.1334228335243,8.8));
#7287=CARTESIAN_POINT('Ctrl Pts',(25.8755105113139,35.1300569646979,8.8));
#7288=CARTESIAN_POINT('Ctrl Pts',(25.7863098107766,35.1234268750821,8.8));
#7289=CARTESIAN_POINT('Ctrl Pts',(25.711395531899,35.0746574573305,8.8));
#7290=CARTESIAN_POINT('Ctrl Pts',(25.6745126599156,35.0506465982715,8.8));
#7291=CARTESIAN_POINT('',(25.9207946439013,35.1334228335243,7.8));
#7292=CARTESIAN_POINT('',(25.9207946439013,35.1334228335243,8.8));
#7293=CARTESIAN_POINT('Ctrl Pts',(25.9207946439013,35.1334228335243,7.8));
#7294=CARTESIAN_POINT('Ctrl Pts',(25.8755105113139,35.1300569646979,7.8));
#7295=CARTESIAN_POINT('Ctrl Pts',(25.7863098107766,35.1234268750821,7.8));
#7296=CARTESIAN_POINT('Ctrl Pts',(25.711395531899,35.0746574573305,7.8));
#7297=CARTESIAN_POINT('Ctrl Pts',(25.6745126599156,35.0506465982715,7.8));
#7298=CARTESIAN_POINT('Ctrl Pts',(26.1779313113178,35.0494575051426,8.8));
#7299=CARTESIAN_POINT('Ctrl Pts',(26.1779313113178,35.0494575051426,7.8));
#7300=CARTESIAN_POINT('Ctrl Pts',(26.1379887838506,35.0740775103014,8.8));
#7301=CARTESIAN_POINT('Ctrl Pts',(26.1379887838506,35.0740775103014,7.8));
#7302=CARTESIAN_POINT('Ctrl Pts',(26.0589949378688,35.1227681921113,8.8));
#7303=CARTESIAN_POINT('Ctrl Pts',(26.0589949378688,35.1227681921113,7.8));
#7304=CARTESIAN_POINT('Ctrl Pts',(25.9665136169872,35.1298980996036,8.8));
#7305=CARTESIAN_POINT('Ctrl Pts',(25.9665136169872,35.1298980996036,7.8));
#7306=CARTESIAN_POINT('Ctrl Pts',(25.9207946439013,35.1334228335243,8.8));
#7307=CARTESIAN_POINT('Ctrl Pts',(25.9207946439013,35.1334228335243,7.8));
#7308=CARTESIAN_POINT('',(26.1779313113178,35.0494575051426,8.8));
#7309=CARTESIAN_POINT('Ctrl Pts',(26.1779313113178,35.0494575051426,8.8));
#7310=CARTESIAN_POINT('Ctrl Pts',(26.1379887838506,35.0740775103014,8.8));
#7311=CARTESIAN_POINT('Ctrl Pts',(26.0589949378688,35.1227681921113,8.8));
#7312=CARTESIAN_POINT('Ctrl Pts',(25.9665136169872,35.1298980996036,8.8));
#7313=CARTESIAN_POINT('Ctrl Pts',(25.9207946439013,35.1334228335243,8.8));
#7314=CARTESIAN_POINT('',(26.1779313113178,35.0494575051426,7.8));
#7315=CARTESIAN_POINT('',(26.1779313113178,35.0494575051426,8.8));
#7316=CARTESIAN_POINT('Ctrl Pts',(26.1779313113178,35.0494575051426,7.8));
#7317=CARTESIAN_POINT('Ctrl Pts',(26.1379887838506,35.0740775103014,7.8));
#7318=CARTESIAN_POINT('Ctrl Pts',(26.0589949378688,35.1227681921113,7.8));
#7319=CARTESIAN_POINT('Ctrl Pts',(25.9665136169872,35.1298980996036,7.8));
#7320=CARTESIAN_POINT('Ctrl Pts',(25.9207946439013,35.1334228335243,7.8));
#7321=CARTESIAN_POINT('Ctrl Pts',(26.3640949268788,34.791283389924,8.8));
#7322=CARTESIAN_POINT('Ctrl Pts',(26.3640949268788,34.791283389924,7.8));
#7323=CARTESIAN_POINT('Ctrl Pts',(26.3407671911558,34.8443582032032,8.8));
#7324=CARTESIAN_POINT('Ctrl Pts',(26.3407671911558,34.8443582032032,7.8));
#7325=CARTESIAN_POINT('Ctrl Pts',(26.2970205059708,34.9438898155015,8.8));
#7326=CARTESIAN_POINT('Ctrl Pts',(26.2970205059708,34.9438898155015,7.8));
#7327=CARTESIAN_POINT('Ctrl Pts',(26.2158281740306,35.0158634897251,8.8));
#7328=CARTESIAN_POINT('Ctrl Pts',(26.2158281740306,35.0158634897251,7.8));
#7329=CARTESIAN_POINT('Ctrl Pts',(26.1779313113178,35.0494575051426,8.8));
#7330=CARTESIAN_POINT('Ctrl Pts',(26.1779313113178,35.0494575051426,7.8));
#7331=CARTESIAN_POINT('',(26.3640949268788,34.791283389924,8.8));
#7332=CARTESIAN_POINT('Ctrl Pts',(26.3640949268788,34.791283389924,8.8));
#7333=CARTESIAN_POINT('Ctrl Pts',(26.3407671911558,34.8443582032032,8.8));
#7334=CARTESIAN_POINT('Ctrl Pts',(26.2970205059708,34.9438898155015,8.8));
#7335=CARTESIAN_POINT('Ctrl Pts',(26.2158281740306,35.0158634897251,8.8));
#7336=CARTESIAN_POINT('Ctrl Pts',(26.1779313113178,35.0494575051426,8.8));
#7337=CARTESIAN_POINT('',(26.3640949268788,34.791283389924,7.8));
#7338=CARTESIAN_POINT('',(26.3640949268788,34.791283389924,8.8));
#7339=CARTESIAN_POINT('Ctrl Pts',(26.3640949268788,34.791283389924,7.8));
#7340=CARTESIAN_POINT('Ctrl Pts',(26.3407671911558,34.8443582032032,7.8));
#7341=CARTESIAN_POINT('Ctrl Pts',(26.2970205059708,34.9438898155015,7.8));
#7342=CARTESIAN_POINT('Ctrl Pts',(26.2158281740306,35.0158634897251,7.8));
#7343=CARTESIAN_POINT('Ctrl Pts',(26.1779313113178,35.0494575051426,7.8));
#7344=CARTESIAN_POINT('Ctrl Pts',(26.4331233316726,34.3904471758559,8.8));
#7345=CARTESIAN_POINT('Ctrl Pts',(26.4331233316726,34.3904471758559,7.8));
#7346=CARTESIAN_POINT('Ctrl Pts',(26.4306519107108,34.4623139012169,8.8));
#7347=CARTESIAN_POINT('Ctrl Pts',(26.4306519107108,34.4623139012169,7.8));
#7348=CARTESIAN_POINT('Ctrl Pts',(26.4259457058526,34.5991661563665,8.8));
#7349=CARTESIAN_POINT('Ctrl Pts',(26.4259457058526,34.5991661563665,7.8));
#7350=CARTESIAN_POINT('Ctrl Pts',(26.384008966466,34.7294275773066,8.8));
#7351=CARTESIAN_POINT('Ctrl Pts',(26.384008966466,34.7294275773066,7.8));
#7352=CARTESIAN_POINT('Ctrl Pts',(26.3640949268788,34.791283389924,8.8));
#7353=CARTESIAN_POINT('Ctrl Pts',(26.3640949268788,34.791283389924,7.8));
#7354=CARTESIAN_POINT('',(26.4331233316726,34.3904471758559,8.8));
#7355=CARTESIAN_POINT('Ctrl Pts',(26.4331233316726,34.3904471758559,8.8));
#7356=CARTESIAN_POINT('Ctrl Pts',(26.4306519107108,34.4623139012169,8.8));
#7357=CARTESIAN_POINT('Ctrl Pts',(26.4259457058526,34.5991661563665,8.8));
#7358=CARTESIAN_POINT('Ctrl Pts',(26.384008966466,34.7294275773066,8.8));
#7359=CARTESIAN_POINT('Ctrl Pts',(26.3640949268788,34.791283389924,8.8));
#7360=CARTESIAN_POINT('',(26.4331233316726,34.3904471758559,7.8));
#7361=CARTESIAN_POINT('',(26.4331233316726,34.3904471758559,8.8));
#7362=CARTESIAN_POINT('Ctrl Pts',(26.4331233316726,34.3904471758559,7.8));
#7363=CARTESIAN_POINT('Ctrl Pts',(26.4306519107108,34.4623139012169,7.8));
#7364=CARTESIAN_POINT('Ctrl Pts',(26.4259457058526,34.5991661563665,7.8));
#7365=CARTESIAN_POINT('Ctrl Pts',(26.384008966466,34.7294275773066,7.8));
#7366=CARTESIAN_POINT('Ctrl Pts',(26.3640949268788,34.791283389924,7.8));
#7367=CARTESIAN_POINT('Ctrl Pts',(26.3458261961147,33.9296812144575,8.8));
#7368=CARTESIAN_POINT('Ctrl Pts',(26.3458261961147,33.9296812144575,7.8));
#7369=CARTESIAN_POINT('Ctrl Pts',(26.3715125776827,34.0015243664587,8.8));
#7370=CARTESIAN_POINT('Ctrl Pts',(26.3715125776827,34.0015243664587,7.8));
#7371=CARTESIAN_POINT('Ctrl Pts',(26.4247575350825,34.1504470770267,8.8));
#7372=CARTESIAN_POINT('Ctrl Pts',(26.4247575350825,34.1504470770267,7.8));
#7373=CARTESIAN_POINT('Ctrl Pts',(26.430270121788,34.3085935655158,8.8));
#7374=CARTESIAN_POINT('Ctrl Pts',(26.430270121788,34.3085935655158,7.8));
#7375=CARTESIAN_POINT('Ctrl Pts',(26.4331233316726,34.3904471758559,8.8));
#7376=CARTESIAN_POINT('Ctrl Pts',(26.4331233316726,34.3904471758559,7.8));
#7377=CARTESIAN_POINT('',(26.3458261961147,33.9296812144575,8.8));
#7378=CARTESIAN_POINT('Ctrl Pts',(26.3458261961147,33.9296812144575,8.8));
#7379=CARTESIAN_POINT('Ctrl Pts',(26.3715125776827,34.0015243664587,8.8));
#7380=CARTESIAN_POINT('Ctrl Pts',(26.4247575350825,34.1504470770267,8.8));
#7381=CARTESIAN_POINT('Ctrl Pts',(26.430270121788,34.3085935655158,8.8));
#7382=CARTESIAN_POINT('Ctrl Pts',(26.4331233316726,34.3904471758559,8.8));
#7383=CARTESIAN_POINT('',(26.3458261961147,33.9296812144575,7.8));
#7384=CARTESIAN_POINT('',(26.3458261961147,33.9296812144575,8.8));
#7385=CARTESIAN_POINT('Ctrl Pts',(26.3458261961147,33.9296812144575,7.8));
#7386=CARTESIAN_POINT('Ctrl Pts',(26.3715125776827,34.0015243664587,7.8));
#7387=CARTESIAN_POINT('Ctrl Pts',(26.4247575350825,34.1504470770267,7.8));
#7388=CARTESIAN_POINT('Ctrl Pts',(26.430270121788,34.3085935655158,7.8));
#7389=CARTESIAN_POINT('Ctrl Pts',(26.4331233316726,34.3904471758559,7.8));
#7390=CARTESIAN_POINT('Ctrl Pts',(26.1136675618447,33.6269703606863,8.8));
#7391=CARTESIAN_POINT('Ctrl Pts',(26.1136675618447,33.6269703606863,7.8));
#7392=CARTESIAN_POINT('Ctrl Pts',(26.160146499118,33.6660244558407,8.8));
#7393=CARTESIAN_POINT('Ctrl Pts',(26.160146499118,33.6660244558407,7.8));
#7394=CARTESIAN_POINT('Ctrl Pts',(26.2596486259644,33.7496314778144,8.8));
#7395=CARTESIAN_POINT('Ctrl Pts',(26.2596486259644,33.7496314778144,7.8));
#7396=CARTESIAN_POINT('Ctrl Pts',(26.3158678275875,33.8670895638206,8.8));
#7397=CARTESIAN_POINT('Ctrl Pts',(26.3158678275875,33.8670895638206,7.8));
#7398=CARTESIAN_POINT('Ctrl Pts',(26.3458261961147,33.9296812144575,8.8));
#7399=CARTESIAN_POINT('Ctrl Pts',(26.3458261961147,33.9296812144575,7.8));
#7400=CARTESIAN_POINT('',(26.1136675618447,33.6269703606863,8.8));
#7401=CARTESIAN_POINT('Ctrl Pts',(26.1136675618447,33.6269703606863,8.8));
#7402=CARTESIAN_POINT('Ctrl Pts',(26.160146499118,33.6660244558407,8.8));
#7403=CARTESIAN_POINT('Ctrl Pts',(26.2596486259644,33.7496314778144,8.8));
#7404=CARTESIAN_POINT('Ctrl Pts',(26.3158678275875,33.8670895638206,8.8));
#7405=CARTESIAN_POINT('Ctrl Pts',(26.3458261961147,33.9296812144575,8.8));
#7406=CARTESIAN_POINT('',(26.1136675618447,33.6269703606863,7.8));
#7407=CARTESIAN_POINT('',(26.1136675618447,33.6269703606863,8.8));
#7408=CARTESIAN_POINT('Ctrl Pts',(26.1136675618447,33.6269703606863,7.8));
#7409=CARTESIAN_POINT('Ctrl Pts',(26.160146499118,33.6660244558407,7.8));
#7410=CARTESIAN_POINT('Ctrl Pts',(26.2596486259644,33.7496314778144,7.8));
#7411=CARTESIAN_POINT('Ctrl Pts',(26.3158678275875,33.8670895638206,7.8));
#7412=CARTESIAN_POINT('Ctrl Pts',(26.3458261961147,33.9296812144575,7.8));
#7413=CARTESIAN_POINT('Ctrl Pts',(25.744760257979,33.5017851113077,8.8));
#7414=CARTESIAN_POINT('Ctrl Pts',(25.744760257979,33.5017851113077,7.8));
#7415=CARTESIAN_POINT('Ctrl Pts',(25.8144600303808,33.512609692193,8.8));
#7416=CARTESIAN_POINT('Ctrl Pts',(25.8144600303808,33.512609692193,7.8));
#7417=CARTESIAN_POINT('Ctrl Pts',(25.9449111524097,33.5328691374297,8.8));
#7418=CARTESIAN_POINT('Ctrl Pts',(25.9449111524097,33.5328691374297,7.8));
#7419=CARTESIAN_POINT('Ctrl Pts',(26.060048068631,33.5970712894825,8.8));
#7420=CARTESIAN_POINT('Ctrl Pts',(26.060048068631,33.5970712894825,7.8));
#7421=CARTESIAN_POINT('Ctrl Pts',(26.1136675618447,33.6269703606863,8.8));
#7422=CARTESIAN_POINT('Ctrl Pts',(26.1136675618447,33.6269703606863,7.8));
#7423=CARTESIAN_POINT('',(25.744760257979,33.5017851113077,8.8));
#7424=CARTESIAN_POINT('Ctrl Pts',(25.744760257979,33.5017851113077,8.8));
#7425=CARTESIAN_POINT('Ctrl Pts',(25.8144600303808,33.512609692193,8.8));
#7426=CARTESIAN_POINT('Ctrl Pts',(25.9449111524097,33.5328691374297,8.8));
#7427=CARTESIAN_POINT('Ctrl Pts',(26.060048068631,33.5970712894825,8.8));
#7428=CARTESIAN_POINT('Ctrl Pts',(26.1136675618447,33.6269703606863,8.8));
#7429=CARTESIAN_POINT('',(25.744760257979,33.5017851113077,7.8));
#7430=CARTESIAN_POINT('',(25.744760257979,33.5017851113077,8.8));
#7431=CARTESIAN_POINT('Ctrl Pts',(25.744760257979,33.5017851113077,7.8));
#7432=CARTESIAN_POINT('Ctrl Pts',(25.8144600303808,33.512609692193,7.8));
#7433=CARTESIAN_POINT('Ctrl Pts',(25.9449111524097,33.5328691374297,7.8));
#7434=CARTESIAN_POINT('Ctrl Pts',(26.060048068631,33.5970712894825,7.8));
#7435=CARTESIAN_POINT('Ctrl Pts',(26.1136675618447,33.6269703606863,7.8));
#7436=CARTESIAN_POINT('Origin',(25.7789009802041,33.1274215017073,8.8));
#7437=CARTESIAN_POINT('',(25.7789009802041,33.1274215017073,8.8));
#7438=CARTESIAN_POINT('',(26.5655471407975,24.5016023343211,8.8));
#7439=CARTESIAN_POINT('',(25.7789009802041,33.1274215017073,7.8));
#7440=CARTESIAN_POINT('',(25.7789009802041,33.1274215017073,8.8));
#7441=CARTESIAN_POINT('',(25.7789009802041,33.1274215017073,7.8));
#7442=CARTESIAN_POINT('Ctrl Pts',(26.3175042021178,33.2941687789964,8.8));
#7443=CARTESIAN_POINT('Ctrl Pts',(26.3175042021178,33.2941687789964,7.8));
#7444=CARTESIAN_POINT('Ctrl Pts',(26.2349147321985,33.2478424823316,8.8));
#7445=CARTESIAN_POINT('Ctrl Pts',(26.2349147321985,33.2478424823316,7.8));
#7446=CARTESIAN_POINT('Ctrl Pts',(26.067355314827,33.153854625457,8.8));
#7447=CARTESIAN_POINT('Ctrl Pts',(26.067355314827,33.153854625457,7.8));
#7448=CARTESIAN_POINT('Ctrl Pts',(25.8759588002814,33.1363156005681,8.8));
#7449=CARTESIAN_POINT('Ctrl Pts',(25.8759588002814,33.1363156005681,7.8));
#7450=CARTESIAN_POINT('Ctrl Pts',(25.7789009802041,33.1274215017073,8.8));
#7451=CARTESIAN_POINT('Ctrl Pts',(25.7789009802041,33.1274215017073,7.8));
#7452=CARTESIAN_POINT('Ctrl Pts',(26.3175042021178,33.2941687789964,8.8));
#7453=CARTESIAN_POINT('Ctrl Pts',(26.2349147321985,33.2478424823316,8.8));
#7454=CARTESIAN_POINT('Ctrl Pts',(26.067355314827,33.153854625457,8.8));
#7455=CARTESIAN_POINT('Ctrl Pts',(25.8759588002814,33.1363156005681,8.8));
#7456=CARTESIAN_POINT('Ctrl Pts',(25.7789009802041,33.1274215017073,8.8));
#7457=CARTESIAN_POINT('Ctrl Pts',(26.3175042021178,33.2941687789964,7.8));
#7458=CARTESIAN_POINT('Ctrl Pts',(26.2349147321985,33.2478424823316,7.8));
#7459=CARTESIAN_POINT('Ctrl Pts',(26.067355314827,33.153854625457,7.8));
#7460=CARTESIAN_POINT('Ctrl Pts',(25.8759588002814,33.1363156005681,7.8));
#7461=CARTESIAN_POINT('Ctrl Pts',(25.7789009802041,33.1274215017073,7.8));
#7462=CARTESIAN_POINT('Origin',(25.2381768220432,34.2193775228155,7.8));
#7463=CARTESIAN_POINT('Origin',(24.0800231673971,31.5821829368714,8.8));
#7464=CARTESIAN_POINT('',(24.0800231673971,31.5821829368714,8.8));
#7465=CARTESIAN_POINT('',(24.0835701730325,30.6326670070596,8.8));
#7466=CARTESIAN_POINT('',(24.1058456106979,24.6696421120046,8.8));
#7467=CARTESIAN_POINT('',(24.0800231673971,31.5821829368714,7.8));
#7468=CARTESIAN_POINT('',(24.0800231673971,31.5821829368714,8.8));
#7469=CARTESIAN_POINT('',(24.0835701730325,30.6326670070596,7.8));
#7470=CARTESIAN_POINT('',(24.0800231673971,31.5821829368714,7.8));
#7471=CARTESIAN_POINT('',(24.0835701730325,30.6326670070596,8.8));
#7472=CARTESIAN_POINT('Ctrl Pts',(24.2153066900756,32.0707543564611,8.8));
#7473=CARTESIAN_POINT('Ctrl Pts',(24.2153066900756,32.0707543564611,7.8));
#7474=CARTESIAN_POINT('Ctrl Pts',(24.1757281163979,32.0058821290671,8.8));
#7475=CARTESIAN_POINT('Ctrl Pts',(24.1757281163979,32.0058821290671,7.8));
#7476=CARTESIAN_POINT('Ctrl Pts',(24.0848178774541,31.8568734825903,8.8));
#7477=CARTESIAN_POINT('Ctrl Pts',(24.0848178774541,31.8568734825903,7.8));
#7478=CARTESIAN_POINT('Ctrl Pts',(24.0817534623693,31.6813121155964,8.8));
#7479=CARTESIAN_POINT('Ctrl Pts',(24.0817534623693,31.6813121155964,7.8));
#7480=CARTESIAN_POINT('Ctrl Pts',(24.0800231673971,31.5821829368714,8.8));
#7481=CARTESIAN_POINT('Ctrl Pts',(24.0800231673971,31.5821829368714,7.8));
#7482=CARTESIAN_POINT('',(24.2153066900756,32.0707543564611,8.8));
#7483=CARTESIAN_POINT('Ctrl Pts',(24.2153066900756,32.0707543564611,8.8));
#7484=CARTESIAN_POINT('Ctrl Pts',(24.1757281163979,32.0058821290671,8.8));
#7485=CARTESIAN_POINT('Ctrl Pts',(24.0848178774541,31.8568734825903,8.8));
#7486=CARTESIAN_POINT('Ctrl Pts',(24.0817534623693,31.6813121155964,8.8));
#7487=CARTESIAN_POINT('Ctrl Pts',(24.0800231673971,31.5821829368714,8.8));
#7488=CARTESIAN_POINT('',(24.2153066900756,32.0707543564611,7.8));
#7489=CARTESIAN_POINT('',(24.2153066900756,32.0707543564611,8.8));
#7490=CARTESIAN_POINT('Ctrl Pts',(24.2153066900756,32.0707543564611,7.8));
#7491=CARTESIAN_POINT('Ctrl Pts',(24.1757281163979,32.0058821290671,7.8));
#7492=CARTESIAN_POINT('Ctrl Pts',(24.0848178774541,31.8568734825903,7.8));
#7493=CARTESIAN_POINT('Ctrl Pts',(24.0817534623693,31.6813121155964,7.8));
#7494=CARTESIAN_POINT('Ctrl Pts',(24.0800231673971,31.5821829368714,7.8));
#7495=CARTESIAN_POINT('Ctrl Pts',(24.5646589614351,32.2265625663721,8.8));
#7496=CARTESIAN_POINT('Ctrl Pts',(24.5646589614351,32.2265625663721,7.8));
#7497=CARTESIAN_POINT('Ctrl Pts',(24.4970950764092,32.2200951876586,8.8));
#7498=CARTESIAN_POINT('Ctrl Pts',(24.4970950764092,32.2200951876586,7.8));
#7499=CARTESIAN_POINT('Ctrl Pts',(24.363111180456,32.2072699246306,8.8));
#7500=CARTESIAN_POINT('Ctrl Pts',(24.363111180456,32.2072699246306,7.8));
#7501=CARTESIAN_POINT('Ctrl Pts',(24.2642936385787,32.1159998093602,8.8));
#7502=CARTESIAN_POINT('Ctrl Pts',(24.2642936385787,32.1159998093602,7.8));
#7503=CARTESIAN_POINT('Ctrl Pts',(24.2153066900756,32.0707543564611,8.8));
#7504=CARTESIAN_POINT('Ctrl Pts',(24.2153066900756,32.0707543564611,7.8));
#7505=CARTESIAN_POINT('',(24.5646589614351,32.2265625663721,8.8));
#7506=CARTESIAN_POINT('Ctrl Pts',(24.5646589614351,32.2265625663721,8.8));
#7507=CARTESIAN_POINT('Ctrl Pts',(24.4970950764092,32.2200951876586,8.8));
#7508=CARTESIAN_POINT('Ctrl Pts',(24.363111180456,32.2072699246306,8.8));
#7509=CARTESIAN_POINT('Ctrl Pts',(24.2642936385787,32.1159998093602,8.8));
#7510=CARTESIAN_POINT('Ctrl Pts',(24.2153066900756,32.0707543564611,8.8));
#7511=CARTESIAN_POINT('',(24.5646589614351,32.2265625663721,7.8));
#7512=CARTESIAN_POINT('',(24.5646589614351,32.2265625663721,8.8));
#7513=CARTESIAN_POINT('Ctrl Pts',(24.5646589614351,32.2265625663721,7.8));
#7514=CARTESIAN_POINT('Ctrl Pts',(24.4970950764092,32.2200951876586,7.8));
#7515=CARTESIAN_POINT('Ctrl Pts',(24.363111180456,32.2072699246306,7.8));
#7516=CARTESIAN_POINT('Ctrl Pts',(24.2642936385787,32.1159998093602,7.8));
#7517=CARTESIAN_POINT('Ctrl Pts',(24.2153066900756,32.0707543564611,7.8));
#7518=CARTESIAN_POINT('Ctrl Pts',(24.8340546896483,32.1477593822535,8.8));
#7519=CARTESIAN_POINT('Ctrl Pts',(24.8340546896483,32.1477593822535,7.8));
#7520=CARTESIAN_POINT('Ctrl Pts',(24.7918929549266,32.1708795945991,8.8));
#7521=CARTESIAN_POINT('Ctrl Pts',(24.7918929549266,32.1708795945991,7.8));
#7522=CARTESIAN_POINT('Ctrl Pts',(24.7078760403649,32.2169519139215,8.8));
#7523=CARTESIAN_POINT('Ctrl Pts',(24.7078760403649,32.2169519139215,7.8));
#7524=CARTESIAN_POINT('Ctrl Pts',(24.6122817218513,32.2233668176352,8.8));
#7525=CARTESIAN_POINT('Ctrl Pts',(24.6122817218513,32.2233668176352,7.8));
#7526=CARTESIAN_POINT('Ctrl Pts',(24.5646589614351,32.2265625663721,8.8));
#7527=CARTESIAN_POINT('Ctrl Pts',(24.5646589614351,32.2265625663721,7.8));
#7528=CARTESIAN_POINT('',(24.8340546896483,32.1477593822535,8.8));
#7529=CARTESIAN_POINT('Ctrl Pts',(24.8340546896483,32.1477593822535,8.8));
#7530=CARTESIAN_POINT('Ctrl Pts',(24.7918929549266,32.1708795945991,8.8));
#7531=CARTESIAN_POINT('Ctrl Pts',(24.7078760403649,32.2169519139215,8.8));
#7532=CARTESIAN_POINT('Ctrl Pts',(24.6122817218513,32.2233668176352,8.8));
#7533=CARTESIAN_POINT('Ctrl Pts',(24.5646589614351,32.2265625663721,8.8));
#7534=CARTESIAN_POINT('',(24.8340546896483,32.1477593822535,7.8));
#7535=CARTESIAN_POINT('',(24.8340546896483,32.1477593822535,8.8));
#7536=CARTESIAN_POINT('Ctrl Pts',(24.8340546896483,32.1477593822535,7.8));
#7537=CARTESIAN_POINT('Ctrl Pts',(24.7918929549266,32.1708795945991,7.8));
#7538=CARTESIAN_POINT('Ctrl Pts',(24.7078760403649,32.2169519139215,7.8));
#7539=CARTESIAN_POINT('Ctrl Pts',(24.6122817218513,32.2233668176352,7.8));
#7540=CARTESIAN_POINT('Ctrl Pts',(24.5646589614351,32.2265625663721,7.8));
#7541=CARTESIAN_POINT('Ctrl Pts',(25.0150067696785,31.9151459066869,8.8));
#7542=CARTESIAN_POINT('Ctrl Pts',(25.0150067696785,31.9151459066869,7.8));
#7543=CARTESIAN_POINT('Ctrl Pts',(24.9938662265163,31.9627562964453,8.8));
#7544=CARTESIAN_POINT('Ctrl Pts',(24.9938662265163,31.9627562964453,7.8));
#7545=CARTESIAN_POINT('Ctrl Pts',(24.9527425224562,32.0553705478193,8.8));
#7546=CARTESIAN_POINT('Ctrl Pts',(24.9527425224562,32.0553705478193,7.8));
#7547=CARTESIAN_POINT('Ctrl Pts',(24.8728679729226,32.1175463948104,8.8));
#7548=CARTESIAN_POINT('Ctrl Pts',(24.8728679729226,32.1175463948104,7.8));
#7549=CARTESIAN_POINT('Ctrl Pts',(24.8340546896483,32.1477593822535,8.8));
#7550=CARTESIAN_POINT('Ctrl Pts',(24.8340546896483,32.1477593822535,7.8));
#7551=CARTESIAN_POINT('',(25.0150067696785,31.9151459066869,8.8));
#7552=CARTESIAN_POINT('Ctrl Pts',(25.0150067696785,31.9151459066869,8.8));
#7553=CARTESIAN_POINT('Ctrl Pts',(24.9938662265163,31.9627562964453,8.8));
#7554=CARTESIAN_POINT('Ctrl Pts',(24.9527425224562,32.0553705478193,8.8));
#7555=CARTESIAN_POINT('Ctrl Pts',(24.8728679729226,32.1175463948104,8.8));
#7556=CARTESIAN_POINT('Ctrl Pts',(24.8340546896483,32.1477593822535,8.8));
#7557=CARTESIAN_POINT('',(25.0150067696785,31.9151459066869,7.8));
#7558=CARTESIAN_POINT('',(25.0150067696785,31.9151459066869,8.8));
#7559=CARTESIAN_POINT('Ctrl Pts',(25.0150067696785,31.9151459066869,7.8));
#7560=CARTESIAN_POINT('Ctrl Pts',(24.9938662265163,31.9627562964453,7.8));
#7561=CARTESIAN_POINT('Ctrl Pts',(24.9527425224562,32.0553705478193,7.8));
#7562=CARTESIAN_POINT('Ctrl Pts',(24.8728679729226,32.1175463948104,7.8));
#7563=CARTESIAN_POINT('Ctrl Pts',(24.8340546896483,32.1477593822535,7.8));
#7564=CARTESIAN_POINT('Ctrl Pts',(25.0728719905833,31.4897110045358,8.8));
#7565=CARTESIAN_POINT('Ctrl Pts',(25.0728719905833,31.4897110045358,7.8));
#7566=CARTESIAN_POINT('Ctrl Pts',(25.0716817460382,31.5710839218786,8.8));
#7567=CARTESIAN_POINT('Ctrl Pts',(25.0716817460382,31.5710839218786,7.8));
#7568=CARTESIAN_POINT('Ctrl Pts',(25.0695705274763,31.7154206585797,8.8));
#7569=CARTESIAN_POINT('Ctrl Pts',(25.0695705274763,31.7154206585797,7.8));
#7570=CARTESIAN_POINT('Ctrl Pts',(25.0315795307689,31.8544829510145,8.8));
#7571=CARTESIAN_POINT('Ctrl Pts',(25.0315795307689,31.8544829510145,7.8));
#7572=CARTESIAN_POINT('Ctrl Pts',(25.0150067696785,31.9151459066869,8.8));
#7573=CARTESIAN_POINT('Ctrl Pts',(25.0150067696785,31.9151459066869,7.8));
#7574=CARTESIAN_POINT('',(25.0728719905833,31.4897110045358,8.8));
#7575=CARTESIAN_POINT('Ctrl Pts',(25.0728719905833,31.4897110045358,8.8));
#7576=CARTESIAN_POINT('Ctrl Pts',(25.0716817460382,31.5710839218786,8.8));
#7577=CARTESIAN_POINT('Ctrl Pts',(25.0695705274763,31.7154206585797,8.8));
#7578=CARTESIAN_POINT('Ctrl Pts',(25.0315795307689,31.8544829510145,8.8));
#7579=CARTESIAN_POINT('Ctrl Pts',(25.0150067696785,31.9151459066869,8.8));
#7580=CARTESIAN_POINT('',(25.0728719905833,31.4897110045358,7.8));
#7581=CARTESIAN_POINT('',(25.0728719905833,31.4897110045358,8.8));
#7582=CARTESIAN_POINT('Ctrl Pts',(25.0728719905833,31.4897110045358,7.8));
#7583=CARTESIAN_POINT('Ctrl Pts',(25.0716817460382,31.5710839218786,7.8));
#7584=CARTESIAN_POINT('Ctrl Pts',(25.0695705274763,31.7154206585797,7.8));
#7585=CARTESIAN_POINT('Ctrl Pts',(25.0315795307689,31.8544829510145,7.8));
#7586=CARTESIAN_POINT('Ctrl Pts',(25.0150067696785,31.9151459066869,7.8));
#7587=CARTESIAN_POINT('Origin',(25.076059708806,30.6363745446226,8.8));
#7588=CARTESIAN_POINT('',(25.076059708806,30.6363745446226,8.8));
#7589=CARTESIAN_POINT('',(25.1001086492891,24.1985916846617,8.8));
#7590=CARTESIAN_POINT('',(25.076059708806,30.6363745446226,7.8));
#7591=CARTESIAN_POINT('',(25.076059708806,30.6363745446226,8.8));
#7592=CARTESIAN_POINT('',(25.076059708806,30.6363745446226,7.8));
#7593=CARTESIAN_POINT('Origin',(24.0835701730325,30.6326670070596,8.8));
#7594=CARTESIAN_POINT('',(36.5177805961225,30.6791161640006,8.8));
#7595=CARTESIAN_POINT('',(24.0835701730325,30.6326670070596,7.8));
#7596=CARTESIAN_POINT('Origin',(25.4198500466061,30.63765880561,8.8));
#7597=CARTESIAN_POINT('',(25.4198500466061,30.63765880561,8.8));
#7598=CARTESIAN_POINT('',(26.7520371958025,30.6426353154053,8.8));
#7599=CARTESIAN_POINT('',(37.1859205329094,30.6816120632758,8.8));
#7600=CARTESIAN_POINT('',(25.4198500466061,30.63765880561,7.8));
#7601=CARTESIAN_POINT('',(25.4198500466061,30.63765880561,8.8));
#7602=CARTESIAN_POINT('',(26.7520371958025,30.6426353154053,7.8));
#7603=CARTESIAN_POINT('',(25.4198500466061,30.63765880561,7.8));
#7604=CARTESIAN_POINT('',(26.7520371958025,30.6426353154053,8.8));
#7605=CARTESIAN_POINT('Origin',(25.4181300547093,31.09809216069,8.8));
#7606=CARTESIAN_POINT('',(25.4181300547093,31.09809216069,8.8));
#7607=CARTESIAN_POINT('',(25.4430389911408,24.4300926231891,8.8));
#7608=CARTESIAN_POINT('',(25.4181300547093,31.09809216069,7.8));
#7609=CARTESIAN_POINT('',(25.4181300547093,31.09809216069,8.8));
#7610=CARTESIAN_POINT('',(25.4181300547093,31.09809216069,7.8));
#7611=CARTESIAN_POINT('Ctrl Pts',(25.4316289941977,31.3191536072656,8.8));
#7612=CARTESIAN_POINT('Ctrl Pts',(25.4316289941977,31.3191536072656,7.8));
#7613=CARTESIAN_POINT('Ctrl Pts',(25.427598324744,31.2895071280645,8.8));
#7614=CARTESIAN_POINT('Ctrl Pts',(25.427598324744,31.2895071280645,7.8));
#7615=CARTESIAN_POINT('Ctrl Pts',(25.4176320065602,31.216202619187,8.8));
#7616=CARTESIAN_POINT('Ctrl Pts',(25.4176320065602,31.216202619187,7.8));
#7617=CARTESIAN_POINT('Ctrl Pts',(25.417944150734,31.1421786687797,8.8));
#7618=CARTESIAN_POINT('Ctrl Pts',(25.417944150734,31.1421786687797,7.8));
#7619=CARTESIAN_POINT('Ctrl Pts',(25.4181300547093,31.09809216069,8.8));
#7620=CARTESIAN_POINT('Ctrl Pts',(25.4181300547093,31.09809216069,7.8));
#7621=CARTESIAN_POINT('',(25.4316289941977,31.3191536072656,8.8));
#7622=CARTESIAN_POINT('Ctrl Pts',(25.4316289941977,31.3191536072656,8.8));
#7623=CARTESIAN_POINT('Ctrl Pts',(25.427598324744,31.2895071280645,8.8));
#7624=CARTESIAN_POINT('Ctrl Pts',(25.4176320065602,31.216202619187,8.8));
#7625=CARTESIAN_POINT('Ctrl Pts',(25.417944150734,31.1421786687797,8.8));
#7626=CARTESIAN_POINT('Ctrl Pts',(25.4181300547093,31.09809216069,8.8));
#7627=CARTESIAN_POINT('',(25.4316289941977,31.3191536072656,7.8));
#7628=CARTESIAN_POINT('',(25.4316289941977,31.3191536072656,8.8));
#7629=CARTESIAN_POINT('Ctrl Pts',(25.4316289941977,31.3191536072656,7.8));
#7630=CARTESIAN_POINT('Ctrl Pts',(25.427598324744,31.2895071280645,7.8));
#7631=CARTESIAN_POINT('Ctrl Pts',(25.4176320065602,31.216202619187,7.8));
#7632=CARTESIAN_POINT('Ctrl Pts',(25.417944150734,31.1421786687797,7.8));
#7633=CARTESIAN_POINT('Ctrl Pts',(25.4181300547093,31.09809216069,7.8));
#7634=CARTESIAN_POINT('Ctrl Pts',(25.5107610361163,31.5005556129126,8.8));
#7635=CARTESIAN_POINT('Ctrl Pts',(25.5107610361163,31.5005556129126,7.8));
#7636=CARTESIAN_POINT('Ctrl Pts',(25.4933348083512,31.4711466668719,8.8));
#7637=CARTESIAN_POINT('Ctrl Pts',(25.4933348083512,31.4711466668719,7.8));
#7638=CARTESIAN_POINT('Ctrl Pts',(25.4594365439314,31.4139390920237,8.8));
#7639=CARTESIAN_POINT('Ctrl Pts',(25.4594365439314,31.4139390920237,7.8));
#7640=CARTESIAN_POINT('Ctrl Pts',(25.4407225864281,31.3501502450852,8.8));
#7641=CARTESIAN_POINT('Ctrl Pts',(25.4407225864281,31.3501502450852,7.8));
#7642=CARTESIAN_POINT('Ctrl Pts',(25.4316289941977,31.3191536072656,8.8));
#7643=CARTESIAN_POINT('Ctrl Pts',(25.4316289941977,31.3191536072656,7.8));
#7644=CARTESIAN_POINT('',(25.5107610361163,31.5005556129126,8.8));
#7645=CARTESIAN_POINT('Ctrl Pts',(25.5107610361163,31.5005556129126,8.8));
#7646=CARTESIAN_POINT('Ctrl Pts',(25.4933348083512,31.4711466668719,8.8));
#7647=CARTESIAN_POINT('Ctrl Pts',(25.4594365439314,31.4139390920237,8.8));
#7648=CARTESIAN_POINT('Ctrl Pts',(25.4407225864281,31.3501502450852,8.8));
#7649=CARTESIAN_POINT('Ctrl Pts',(25.4316289941977,31.3191536072656,8.8));
#7650=CARTESIAN_POINT('',(25.5107610361163,31.5005556129126,7.8));
#7651=CARTESIAN_POINT('',(25.5107610361163,31.5005556129126,8.8));
#7652=CARTESIAN_POINT('Ctrl Pts',(25.5107610361163,31.5005556129126,7.8));
#7653=CARTESIAN_POINT('Ctrl Pts',(25.4933348083512,31.4711466668719,7.8));
#7654=CARTESIAN_POINT('Ctrl Pts',(25.4594365439314,31.4139390920237,7.8));
#7655=CARTESIAN_POINT('Ctrl Pts',(25.4407225864281,31.3501502450852,7.8));
#7656=CARTESIAN_POINT('Ctrl Pts',(25.4316289941977,31.3191536072656,7.8));
#7657=CARTESIAN_POINT('Ctrl Pts',(25.7105524504222,31.7028722603889,8.8));
#7658=CARTESIAN_POINT('Ctrl Pts',(25.7105524504222,31.7028722603889,7.8));
#7659=CARTESIAN_POINT('Ctrl Pts',(25.6683557158654,31.6688497757106,8.8));
#7660=CARTESIAN_POINT('Ctrl Pts',(25.6683557158654,31.6688497757106,7.8));
#7661=CARTESIAN_POINT('Ctrl Pts',(25.5940066974199,31.608903470209,8.8));
#7662=CARTESIAN_POINT('Ctrl Pts',(25.5940066974199,31.608903470209,7.8));
#7663=CARTESIAN_POINT('Ctrl Pts',(25.5358925422676,31.5332653637811,8.8));
#7664=CARTESIAN_POINT('Ctrl Pts',(25.5358925422676,31.5332653637811,7.8));
#7665=CARTESIAN_POINT('Ctrl Pts',(25.5107610361163,31.5005556129126,8.8));
#7666=CARTESIAN_POINT('Ctrl Pts',(25.5107610361163,31.5005556129126,7.8));
#7667=CARTESIAN_POINT('',(25.7105524504222,31.7028722603889,8.8));
#7668=CARTESIAN_POINT('Ctrl Pts',(25.7105524504222,31.7028722603889,8.8));
#7669=CARTESIAN_POINT('Ctrl Pts',(25.6683557158654,31.6688497757106,8.8));
#7670=CARTESIAN_POINT('Ctrl Pts',(25.5940066974199,31.608903470209,8.8));
#7671=CARTESIAN_POINT('Ctrl Pts',(25.5358925422676,31.5332653637811,8.8));
#7672=CARTESIAN_POINT('Ctrl Pts',(25.5107610361163,31.5005556129126,8.8));
#7673=CARTESIAN_POINT('',(25.7105524504222,31.7028722603889,7.8));
#7674=CARTESIAN_POINT('',(25.7105524504222,31.7028722603889,8.8));
#7675=CARTESIAN_POINT('Ctrl Pts',(25.7105524504222,31.7028722603889,7.8));
#7676=CARTESIAN_POINT('Ctrl Pts',(25.6683557158654,31.6688497757106,7.8));
#7677=CARTESIAN_POINT('Ctrl Pts',(25.5940066974199,31.608903470209,7.8));
#7678=CARTESIAN_POINT('Ctrl Pts',(25.5358925422676,31.5332653637811,7.8));
#7679=CARTESIAN_POINT('Ctrl Pts',(25.5107610361163,31.5005556129126,7.8));
#7680=CARTESIAN_POINT('Ctrl Pts',(26.1228488853327,31.990908328708,8.8));
#7681=CARTESIAN_POINT('Ctrl Pts',(26.1228488853327,31.990908328708,7.8));
#7682=CARTESIAN_POINT('Ctrl Pts',(26.0428882672825,31.9387292340788,8.8));
#7683=CARTESIAN_POINT('Ctrl Pts',(26.0428882672825,31.9387292340788,7.8));
#7684=CARTESIAN_POINT('Ctrl Pts',(25.9024053779085,31.8470557308321,8.8));
#7685=CARTESIAN_POINT('Ctrl Pts',(25.9024053779085,31.8470557308321,7.8));
#7686=CARTESIAN_POINT('Ctrl Pts',(25.768319001745,31.7462856289227,8.8));
#7687=CARTESIAN_POINT('Ctrl Pts',(25.768319001745,31.7462856289227,7.8));
#7688=CARTESIAN_POINT('Ctrl Pts',(25.7105524504222,31.7028722603889,8.8));
#7689=CARTESIAN_POINT('Ctrl Pts',(25.7105524504222,31.7028722603889,7.8));
#7690=CARTESIAN_POINT('',(26.1228488853327,31.990908328708,8.8));
#7691=CARTESIAN_POINT('Ctrl Pts',(26.1228488853327,31.990908328708,8.8));
#7692=CARTESIAN_POINT('Ctrl Pts',(26.0428882672825,31.9387292340788,8.8));
#7693=CARTESIAN_POINT('Ctrl Pts',(25.9024053779085,31.8470557308321,8.8));
#7694=CARTESIAN_POINT('Ctrl Pts',(25.768319001745,31.7462856289227,8.8));
#7695=CARTESIAN_POINT('Ctrl Pts',(25.7105524504222,31.7028722603889,8.8));
#7696=CARTESIAN_POINT('',(26.1228488853327,31.990908328708,7.8));
#7697=CARTESIAN_POINT('',(26.1228488853327,31.990908328708,8.8));
#7698=CARTESIAN_POINT('Ctrl Pts',(26.1228488853327,31.990908328708,7.8));
#7699=CARTESIAN_POINT('Ctrl Pts',(26.0428882672825,31.9387292340788,7.8));
#7700=CARTESIAN_POINT('Ctrl Pts',(25.9024053779085,31.8470557308321,7.8));
#7701=CARTESIAN_POINT('Ctrl Pts',(25.768319001745,31.7462856289227,7.8));
#7702=CARTESIAN_POINT('Ctrl Pts',(25.7105524504222,31.7028722603889,7.8));
#7703=CARTESIAN_POINT('Origin',(26.7455088712503,32.3902356280153,8.8));
#7704=CARTESIAN_POINT('',(26.7455088712503,32.3902356280153,8.8));
#7705=CARTESIAN_POINT('',(31.3262460020845,35.3279760138815,8.8));
#7706=CARTESIAN_POINT('',(26.7455088712503,32.3902356280153,7.8));
#7707=CARTESIAN_POINT('',(26.7455088712503,32.3902356280153,8.8));
#7708=CARTESIAN_POINT('',(26.7455088712503,32.3902356280153,7.8));
#7709=CARTESIAN_POINT('Origin',(26.7436436353459,32.8895500881957,8.8));
#7710=CARTESIAN_POINT('',(26.7436436353459,32.8895500881957,8.8));
#7711=CARTESIAN_POINT('',(26.7718893560573,25.3283098418397,8.8));
#7712=CARTESIAN_POINT('',(26.7436436353459,32.8895500881957,7.8));
#7713=CARTESIAN_POINT('',(26.7436436353459,32.8895500881957,8.8));
#7714=CARTESIAN_POINT('',(26.7436436353459,32.8895500881957,7.8));
#7715=CARTESIAN_POINT('Origin',(25.9290910188855,32.3646755245126,8.8));
#7716=CARTESIAN_POINT('',(25.9290910188855,32.3646755245126,8.8));
#7717=CARTESIAN_POINT('',(30.7757593946775,35.4877309265258,8.8));
#7718=CARTESIAN_POINT('',(25.9290910188855,32.3646755245126,7.8));
#7719=CARTESIAN_POINT('',(25.9290910188855,32.3646755245126,8.8));
#7720=CARTESIAN_POINT('',(25.9290910188855,32.3646755245126,7.8));
#7721=CARTESIAN_POINT('Ctrl Pts',(25.5312798007905,32.0337192124202,8.8));
#7722=CARTESIAN_POINT('Ctrl Pts',(25.5312798007905,32.0337192124202,7.8));
#7723=CARTESIAN_POINT('Ctrl Pts',(25.5893456109139,32.0922756879678,8.8));
#7724=CARTESIAN_POINT('Ctrl Pts',(25.5893456109139,32.0922756879678,7.8));
#7725=CARTESIAN_POINT('Ctrl Pts',(25.7113254693077,32.2152862957615,8.8));
#7726=CARTESIAN_POINT('Ctrl Pts',(25.7113254693077,32.2152862957615,7.8));
#7727=CARTESIAN_POINT('Ctrl Pts',(25.8542188614432,32.3133125156394,8.8));
#7728=CARTESIAN_POINT('Ctrl Pts',(25.8542188614432,32.3133125156394,7.8));
#7729=CARTESIAN_POINT('Ctrl Pts',(25.9290910188855,32.3646755245126,8.8));
#7730=CARTESIAN_POINT('Ctrl Pts',(25.9290910188855,32.3646755245126,7.8));
#7731=CARTESIAN_POINT('',(25.5312798007905,32.0337192124202,8.8));
#7732=CARTESIAN_POINT('Ctrl Pts',(25.5312798007905,32.0337192124202,8.8));
#7733=CARTESIAN_POINT('Ctrl Pts',(25.5893456109139,32.0922756879678,8.8));
#7734=CARTESIAN_POINT('Ctrl Pts',(25.7113254693077,32.2152862957615,8.8));
#7735=CARTESIAN_POINT('Ctrl Pts',(25.8542188614432,32.3133125156394,8.8));
#7736=CARTESIAN_POINT('Ctrl Pts',(25.9290910188855,32.3646755245126,8.8));
#7737=CARTESIAN_POINT('',(25.5312798007905,32.0337192124202,7.8));
#7738=CARTESIAN_POINT('',(25.5312798007905,32.0337192124202,8.8));
#7739=CARTESIAN_POINT('Ctrl Pts',(25.5312798007905,32.0337192124202,7.8));
#7740=CARTESIAN_POINT('Ctrl Pts',(25.5893456109139,32.0922756879678,7.8));
#7741=CARTESIAN_POINT('Ctrl Pts',(25.7113254693077,32.2152862957615,7.8));
#7742=CARTESIAN_POINT('Ctrl Pts',(25.8542188614432,32.3133125156394,7.8));
#7743=CARTESIAN_POINT('Ctrl Pts',(25.9290910188855,32.3646755245126,7.8));
#7744=CARTESIAN_POINT('Ctrl Pts',(25.3827890120303,31.7937357509322,8.8));
#7745=CARTESIAN_POINT('Ctrl Pts',(25.3827890120303,31.7937357509322,7.8));
#7746=CARTESIAN_POINT('Ctrl Pts',(25.4059804403511,31.8411164145875,8.8));
#7747=CARTESIAN_POINT('Ctrl Pts',(25.4059804403511,31.8411164145875,7.8));
#7748=CARTESIAN_POINT('Ctrl Pts',(25.447572192669,31.926089396853,8.8));
#7749=CARTESIAN_POINT('Ctrl Pts',(25.447572192669,31.926089396853,7.8));
#7750=CARTESIAN_POINT('Ctrl Pts',(25.5056056250481,32.0007077949158,8.8));
#7751=CARTESIAN_POINT('Ctrl Pts',(25.5056056250481,32.0007077949158,7.8));
#7752=CARTESIAN_POINT('Ctrl Pts',(25.5312798007905,32.0337192124202,8.8));
#7753=CARTESIAN_POINT('Ctrl Pts',(25.5312798007905,32.0337192124202,7.8));
#7754=CARTESIAN_POINT('',(25.3827890120303,31.7937357509322,8.8));
#7755=CARTESIAN_POINT('Ctrl Pts',(25.3827890120303,31.7937357509322,8.8));
#7756=CARTESIAN_POINT('Ctrl Pts',(25.4059804403511,31.8411164145875,8.8));
#7757=CARTESIAN_POINT('Ctrl Pts',(25.447572192669,31.926089396853,8.8));
#7758=CARTESIAN_POINT('Ctrl Pts',(25.5056056250481,32.0007077949158,8.8));
#7759=CARTESIAN_POINT('Ctrl Pts',(25.5312798007905,32.0337192124202,8.8));
#7760=CARTESIAN_POINT('',(25.3827890120303,31.7937357509322,7.8));
#7761=CARTESIAN_POINT('',(25.3827890120303,31.7937357509322,8.8));
#7762=CARTESIAN_POINT('Ctrl Pts',(25.3827890120303,31.7937357509322,7.8));
#7763=CARTESIAN_POINT('Ctrl Pts',(25.4059804403511,31.8411164145875,7.8));
#7764=CARTESIAN_POINT('Ctrl Pts',(25.447572192669,31.926089396853,7.8));
#7765=CARTESIAN_POINT('Ctrl Pts',(25.5056056250481,32.0007077949158,7.8));
#7766=CARTESIAN_POINT('Ctrl Pts',(25.5312798007905,32.0337192124202,7.8));
#7767=CARTESIAN_POINT('Ctrl Pts',(25.1020975070437,32.431163647179,8.8));
#7768=CARTESIAN_POINT('Ctrl Pts',(25.1020975070437,32.431163647179,7.8));
#7769=CARTESIAN_POINT('Ctrl Pts',(25.1694349826819,32.3471091661943,8.8));
#7770=CARTESIAN_POINT('Ctrl Pts',(25.1694349826819,32.3471091661943,7.8));
#7771=CARTESIAN_POINT('Ctrl Pts',(25.3189836978089,32.1604339231326,8.8));
#7772=CARTESIAN_POINT('Ctrl Pts',(25.3189836978089,32.1604339231326,7.8));
#7773=CARTESIAN_POINT('Ctrl Pts',(25.3601556197482,31.9238130600377,8.8));
#7774=CARTESIAN_POINT('Ctrl Pts',(25.3601556197482,31.9238130600377,7.8));
#7775=CARTESIAN_POINT('Ctrl Pts',(25.3827890120303,31.7937357509322,8.8));
#7776=CARTESIAN_POINT('Ctrl Pts',(25.3827890120303,31.7937357509322,7.8));
#7777=CARTESIAN_POINT('',(25.1020975070437,32.431163647179,8.8));
#7778=CARTESIAN_POINT('Ctrl Pts',(25.1020975070437,32.431163647179,8.8));
#7779=CARTESIAN_POINT('Ctrl Pts',(25.1694349826819,32.3471091661943,8.8));
#7780=CARTESIAN_POINT('Ctrl Pts',(25.3189836978089,32.1604339231326,8.8));
#7781=CARTESIAN_POINT('Ctrl Pts',(25.3601556197482,31.9238130600377,8.8));
#7782=CARTESIAN_POINT('Ctrl Pts',(25.3827890120303,31.7937357509322,8.8));
#7783=CARTESIAN_POINT('',(25.1020975070437,32.431163647179,7.8));
#7784=CARTESIAN_POINT('',(25.1020975070437,32.431163647179,8.8));
#7785=CARTESIAN_POINT('Ctrl Pts',(25.1020975070437,32.431163647179,7.8));
#7786=CARTESIAN_POINT('Ctrl Pts',(25.1694349826819,32.3471091661943,7.8));
#7787=CARTESIAN_POINT('Ctrl Pts',(25.3189836978089,32.1604339231326,7.8));
#7788=CARTESIAN_POINT('Ctrl Pts',(25.3601556197482,31.9238130600377,7.8));
#7789=CARTESIAN_POINT('Ctrl Pts',(25.3827890120303,31.7937357509322,7.8));
#7790=CARTESIAN_POINT('Ctrl Pts',(24.5631300792543,32.6358367922304,8.8));
#7791=CARTESIAN_POINT('Ctrl Pts',(24.5631300792543,32.6358367922304,7.8));
#7792=CARTESIAN_POINT('Ctrl Pts',(24.6647773886933,32.6281792688708,8.8));
#7793=CARTESIAN_POINT('Ctrl Pts',(24.6647773886933,32.6281792688708,7.8));
#7794=CARTESIAN_POINT('Ctrl Pts',(24.8648155497456,32.6131095449446,8.8));
#7795=CARTESIAN_POINT('Ctrl Pts',(24.8648155497456,32.6131095449446,7.8));
#7796=CARTESIAN_POINT('Ctrl Pts',(25.0238665949668,32.4911504817994,8.8));
#7797=CARTESIAN_POINT('Ctrl Pts',(25.0238665949668,32.4911504817994,7.8));
#7798=CARTESIAN_POINT('Ctrl Pts',(25.1020975070437,32.431163647179,8.8));
#7799=CARTESIAN_POINT('Ctrl Pts',(25.1020975070437,32.431163647179,7.8));
#7800=CARTESIAN_POINT('',(24.5631300792543,32.6358367922304,8.8));
#7801=CARTESIAN_POINT('Ctrl Pts',(24.5631300792543,32.6358367922304,8.8));
#7802=CARTESIAN_POINT('Ctrl Pts',(24.6647773886933,32.6281792688708,8.8));
#7803=CARTESIAN_POINT('Ctrl Pts',(24.8648155497456,32.6131095449446,8.8));
#7804=CARTESIAN_POINT('Ctrl Pts',(25.0238665949668,32.4911504817994,8.8));
#7805=CARTESIAN_POINT('Ctrl Pts',(25.1020975070437,32.431163647179,8.8));
#7806=CARTESIAN_POINT('',(24.5631300792543,32.6358367922304,7.8));
#7807=CARTESIAN_POINT('',(24.5631300792543,32.6358367922304,8.8));
#7808=CARTESIAN_POINT('Ctrl Pts',(24.5631300792543,32.6358367922304,7.8));
#7809=CARTESIAN_POINT('Ctrl Pts',(24.6647773886933,32.6281792688708,7.8));
#7810=CARTESIAN_POINT('Ctrl Pts',(24.8648155497456,32.6131095449446,7.8));
#7811=CARTESIAN_POINT('Ctrl Pts',(25.0238665949668,32.4911504817994,7.8));
#7812=CARTESIAN_POINT('Ctrl Pts',(25.1020975070437,32.431163647179,7.8));
#7813=CARTESIAN_POINT('Ctrl Pts',(24.111348556132,32.5093188375821,8.8));
#7814=CARTESIAN_POINT('Ctrl Pts',(24.111348556132,32.5093188375821,7.8));
#7815=CARTESIAN_POINT('Ctrl Pts',(24.1815638779284,32.5459892803004,8.8));
#7816=CARTESIAN_POINT('Ctrl Pts',(24.1815638779284,32.5459892803004,7.8));
#7817=CARTESIAN_POINT('Ctrl Pts',(24.3232101524532,32.6199650374903,8.8));
#7818=CARTESIAN_POINT('Ctrl Pts',(24.3232101524532,32.6199650374903,7.8));
#7819=CARTESIAN_POINT('Ctrl Pts',(24.4827005130785,32.6305160239007,8.8));
#7820=CARTESIAN_POINT('Ctrl Pts',(24.4827005130785,32.6305160239007,7.8));
#7821=CARTESIAN_POINT('Ctrl Pts',(24.5631300792543,32.6358367922304,8.8));
#7822=CARTESIAN_POINT('Ctrl Pts',(24.5631300792543,32.6358367922304,7.8));
#7823=CARTESIAN_POINT('',(24.111348556132,32.5093188375821,8.8));
#7824=CARTESIAN_POINT('Ctrl Pts',(24.111348556132,32.5093188375821,8.8));
#7825=CARTESIAN_POINT('Ctrl Pts',(24.1815638779284,32.5459892803004,8.8));
#7826=CARTESIAN_POINT('Ctrl Pts',(24.3232101524532,32.6199650374903,8.8));
#7827=CARTESIAN_POINT('Ctrl Pts',(24.4827005130785,32.6305160239007,8.8));
#7828=CARTESIAN_POINT('Ctrl Pts',(24.5631300792543,32.6358367922304,8.8));
#7829=CARTESIAN_POINT('',(24.111348556132,32.5093188375821,7.8));
#7830=CARTESIAN_POINT('',(24.111348556132,32.5093188375821,8.8));
#7831=CARTESIAN_POINT('Ctrl Pts',(24.111348556132,32.5093188375821,7.8));
#7832=CARTESIAN_POINT('Ctrl Pts',(24.1815638779284,32.5459892803004,7.8));
#7833=CARTESIAN_POINT('Ctrl Pts',(24.3232101524532,32.6199650374903,7.8));
#7834=CARTESIAN_POINT('Ctrl Pts',(24.4827005130785,32.6305160239007,7.8));
#7835=CARTESIAN_POINT('Ctrl Pts',(24.5631300792543,32.6358367922304,7.8));
#7836=CARTESIAN_POINT('Ctrl Pts',(23.8271258033243,32.1746939153318,8.8));
#7837=CARTESIAN_POINT('Ctrl Pts',(23.8271258033243,32.1746939153318,7.8));
#7838=CARTESIAN_POINT('Ctrl Pts',(23.8595931846197,32.2412663790544,8.8));
#7839=CARTESIAN_POINT('Ctrl Pts',(23.8595931846197,32.2412663790544,7.8));
#7840=CARTESIAN_POINT('Ctrl Pts',(23.9257553568218,32.3769280380176,8.8));
#7841=CARTESIAN_POINT('Ctrl Pts',(23.9257553568218,32.3769280380176,7.8));
#7842=CARTESIAN_POINT('Ctrl Pts',(24.048723739096,32.4646461360457,8.8));
#7843=CARTESIAN_POINT('Ctrl Pts',(24.048723739096,32.4646461360457,7.8));
#7844=CARTESIAN_POINT('Ctrl Pts',(24.111348556132,32.5093188375821,8.8));
#7845=CARTESIAN_POINT('Ctrl Pts',(24.111348556132,32.5093188375821,7.8));
#7846=CARTESIAN_POINT('',(23.8271258033243,32.1746939153318,8.8));
#7847=CARTESIAN_POINT('Ctrl Pts',(23.8271258033243,32.1746939153318,8.8));
#7848=CARTESIAN_POINT('Ctrl Pts',(23.8595931846197,32.2412663790544,8.8));
#7849=CARTESIAN_POINT('Ctrl Pts',(23.9257553568218,32.3769280380176,8.8));
#7850=CARTESIAN_POINT('Ctrl Pts',(24.048723739096,32.4646461360457,8.8));
#7851=CARTESIAN_POINT('Ctrl Pts',(24.111348556132,32.5093188375821,8.8));
#7852=CARTESIAN_POINT('',(23.8271258033243,32.1746939153318,7.8));
#7853=CARTESIAN_POINT('',(23.8271258033243,32.1746939153318,8.8));
#7854=CARTESIAN_POINT('Ctrl Pts',(23.8271258033243,32.1746939153318,7.8));
#7855=CARTESIAN_POINT('Ctrl Pts',(23.8595931846197,32.2412663790544,7.8));
#7856=CARTESIAN_POINT('Ctrl Pts',(23.9257553568218,32.3769280380176,7.8));
#7857=CARTESIAN_POINT('Ctrl Pts',(24.048723739096,32.4646461360457,7.8));
#7858=CARTESIAN_POINT('Ctrl Pts',(24.111348556132,32.5093188375821,7.8));
#7859=CARTESIAN_POINT('Ctrl Pts',(23.7485721583056,31.5645734956292,8.8));
#7860=CARTESIAN_POINT('Ctrl Pts',(23.7485721583056,31.5645734956292,7.8));
#7861=CARTESIAN_POINT('Ctrl Pts',(23.7490413757898,31.6830906690107,8.8));
#7862=CARTESIAN_POINT('Ctrl Pts',(23.7490413757898,31.6830906690107,7.8));
#7863=CARTESIAN_POINT('Ctrl Pts',(23.7498607749041,31.8900583762428,8.8));
#7864=CARTESIAN_POINT('Ctrl Pts',(23.7498607749041,31.8900583762428,7.8));
#7865=CARTESIAN_POINT('Ctrl Pts',(23.8039920490013,32.0894718068628,8.8));
#7866=CARTESIAN_POINT('Ctrl Pts',(23.8039920490013,32.0894718068628,7.8));
#7867=CARTESIAN_POINT('Ctrl Pts',(23.8271258033243,32.1746939153318,8.8));
#7868=CARTESIAN_POINT('Ctrl Pts',(23.8271258033243,32.1746939153318,7.8));
#7869=CARTESIAN_POINT('',(23.7485721583056,31.5645734956292,8.8));
#7870=CARTESIAN_POINT('Ctrl Pts',(23.7485721583056,31.5645734956292,8.8));
#7871=CARTESIAN_POINT('Ctrl Pts',(23.7490413757898,31.6830906690107,8.8));
#7872=CARTESIAN_POINT('Ctrl Pts',(23.7498607749041,31.8900583762428,8.8));
#7873=CARTESIAN_POINT('Ctrl Pts',(23.8039920490013,32.0894718068628,8.8));
#7874=CARTESIAN_POINT('Ctrl Pts',(23.8271258033243,32.1746939153318,8.8));
#7875=CARTESIAN_POINT('',(23.7485721583056,31.5645734956292,7.8));
#7876=CARTESIAN_POINT('',(23.7485721583056,31.5645734956292,8.8));
#7877=CARTESIAN_POINT('Ctrl Pts',(23.7485721583056,31.5645734956292,7.8));
#7878=CARTESIAN_POINT('Ctrl Pts',(23.7490413757898,31.6830906690107,7.8));
#7879=CARTESIAN_POINT('Ctrl Pts',(23.7498607749041,31.8900583762428,7.8));
#7880=CARTESIAN_POINT('Ctrl Pts',(23.8039920490013,32.0894718068628,7.8));
#7881=CARTESIAN_POINT('Ctrl Pts',(23.8271258033243,32.1746939153318,7.8));
#7882=CARTESIAN_POINT('Origin',(23.7535410237235,30.2344327086215,8.8));
#7883=CARTESIAN_POINT('',(23.7535410237235,30.2344327086215,8.8));
#7884=CARTESIAN_POINT('',(23.776848456527,23.9951478005185,8.8));
#7885=CARTESIAN_POINT('',(23.7535410237235,30.2344327086215,7.8));
#7886=CARTESIAN_POINT('',(23.7535410237235,30.2344327086215,8.8));
#7887=CARTESIAN_POINT('',(23.7535410237235,30.2344327086215,7.8));
#7888=CARTESIAN_POINT('Origin',(26.7535202111617,30.2456394116896,8.8));
#7889=CARTESIAN_POINT('',(26.7535202111617,30.2456394116896,8.8));
#7890=CARTESIAN_POINT('',(37.8534971228667,30.2871044144577,8.8));
#7891=CARTESIAN_POINT('',(26.7535202111617,30.2456394116896,7.8));
#7892=CARTESIAN_POINT('',(26.7535202111617,30.2456394116896,8.8));
#7893=CARTESIAN_POINT('',(26.7535202111617,30.2456394116896,7.8));
#7894=CARTESIAN_POINT('Origin',(26.7520371958025,30.6426353154053,8.8));
#7895=CARTESIAN_POINT('',(26.7760861362856,24.2048524554446,8.8));
#7896=CARTESIAN_POINT('',(26.7520371958025,30.6426353154053,7.8));
#7897=CARTESIAN_POINT('Origin',(25.2381768220432,34.2193775228155,7.8));
#7898=CARTESIAN_POINT('Origin',(49.000088900178,17.8499996010214,8.8));
#7899=CARTESIAN_POINT('',(97.987477774956,-1.65000039897861,8.8));
#7900=CARTESIAN_POINT('',(97.2235457524558,-3.65000039897861,8.8));
#7901=CARTESIAN_POINT('Origin',(94.987477774956,-1.6500003989786,8.8));
#7902=CARTESIAN_POINT('',(97.987477774956,37.3499996010214,8.8));
#7903=CARTESIAN_POINT('',(97.987477774956,8.09999960102141,8.8));
#7904=CARTESIAN_POINT('',(97.2235457524558,39.3499996010214,8.8));
#7905=CARTESIAN_POINT('Origin',(94.987477774956,37.3499996010214,8.8));
#7906=CARTESIAN_POINT('',(1.01270002540005,39.3499996010214,8.8));
#7907=CARTESIAN_POINT('',(91.5233761598182,39.3499996010214,8.8));
#7908=CARTESIAN_POINT('',(-0.987299974599952,37.3499996010214,8.8));
#7909=CARTESIAN_POINT('Origin',(1.01270002540005,37.3499996010214,8.8));
#7910=CARTESIAN_POINT('',(-0.987299974599953,-1.6500003989786,8.8));
#7911=CARTESIAN_POINT('',(-0.987299974599953,-1.6500003989786,8.8));
#7912=CARTESIAN_POINT('',(1.01270002540005,-3.6500003989786,8.8));
#7913=CARTESIAN_POINT('Origin',(1.01270002540005,-1.6500003989786,8.8));
#7914=CARTESIAN_POINT('',(18.987477774956,-3.65000039897861,8.8));
#7915=CARTESIAN_POINT('',(97.487477774956,17.7520065298087,8.8));
#7916=CARTESIAN_POINT('Origin',(95.487477774956,17.7520065298087,8.8));
#7917=CARTESIAN_POINT('Origin',(49.000088900178,17.8499996010214,8.8));
#7918=CARTESIAN_POINT('Origin',(49.000088900178,17.8499996010214,8.8));
#7919=CARTESIAN_POINT('Origin',(49.000088900178,17.8499996010214,8.8));
#7920=CARTESIAN_POINT('Origin',(54.3889996028739,6.80928404919457,6.8));
#7921=CARTESIAN_POINT('',(54.7032675425212,6.80932210795085,6.8));
#7922=CARTESIAN_POINT('',(54.3939098103841,6.4950544687907,6.8));
#7923=CARTESIAN_POINT('Origin',(54.3889996028739,6.80928404919457,6.8));
#7924=CARTESIAN_POINT('',(54.7032675425212,6.80932210795085,8.));
#7925=CARTESIAN_POINT('',(54.7032675425212,6.80932210795085,6.8));
#7926=CARTESIAN_POINT('',(54.3939098103841,6.4950544687907,8.));
#7927=CARTESIAN_POINT('Origin',(54.3889996028739,6.80928404919457,8.));
#7928=CARTESIAN_POINT('',(54.3939098103841,6.4950544687907,6.8));
#7929=CARTESIAN_POINT('Origin',(54.3939100324314,6.8093223299981,6.8));
#7930=CARTESIAN_POINT('',(54.3939104563386,7.11867984008768,6.8));
#7931=CARTESIAN_POINT('Origin',(54.3939100324314,6.8093223299981,6.8));
#7932=CARTESIAN_POINT('',(54.3939104563386,7.11867984008768,8.));
#7933=CARTESIAN_POINT('',(54.3939104563386,7.11867984008768,6.8));
#7934=CARTESIAN_POINT('Origin',(54.3939100324314,6.8093223299981,8.));
#7935=CARTESIAN_POINT('Origin',(54.218516253751,4.94551309785913,6.8));
#7936=CARTESIAN_POINT('',(52.6998097279867,6.50978612772624,6.8));
#7937=CARTESIAN_POINT('Origin',(54.218516253751,4.94551309785913,6.8));
#7938=CARTESIAN_POINT('',(52.6998097279867,6.50978612772624,8.));
#7939=CARTESIAN_POINT('',(52.6998097279867,6.50978612772624,6.8));
#7940=CARTESIAN_POINT('Origin',(54.218516253751,4.94551309785913,8.));
#7941=CARTESIAN_POINT('Origin',(53.9629413020525,5.43312740169692,6.8));
#7942=CARTESIAN_POINT('',(52.4552905821092,6.12716248178405,6.8));
#7943=CARTESIAN_POINT('Origin',(53.9629413020525,5.43312740169692,6.8));
#7944=CARTESIAN_POINT('',(52.4552905821092,6.12716248178405,8.));
#7945=CARTESIAN_POINT('',(52.4552905821092,6.12716248178405,6.8));
#7946=CARTESIAN_POINT('Origin',(53.9629413020525,5.43312740169692,8.));
#7947=CARTESIAN_POINT('Origin',(50.9708348159727,5.44145874362216,6.8));
#7948=CARTESIAN_POINT('',(52.2087660573323,6.50978677368165,6.8));
#7949=CARTESIAN_POINT('Origin',(50.9708348159727,5.44145874362216,6.8));
#7950=CARTESIAN_POINT('',(52.2087660573323,6.50978677368165,8.));
#7951=CARTESIAN_POINT('',(52.2087660573323,6.50978677368165,6.8));
#7952=CARTESIAN_POINT('Origin',(50.9708348159727,5.44145874362216,8.));
#7953=CARTESIAN_POINT('Origin',(50.690059531568,4.94551374381454,6.8));
#7954=CARTESIAN_POINT('',(50.5146659189576,7.11868117961517,6.8));
#7955=CARTESIAN_POINT('Origin',(50.690059531568,4.94551374381454,6.8));
#7956=CARTESIAN_POINT('',(50.5146659189576,7.11868117961517,8.));
#7957=CARTESIAN_POINT('',(50.5146659189576,7.11868117961517,6.8));
#7958=CARTESIAN_POINT('Origin',(50.690059531568,4.94551374381454,8.));
#7959=CARTESIAN_POINT('Origin',(50.5146660758653,6.80932297595344,6.8));
#7960=CARTESIAN_POINT('',(50.2053085657756,6.80932275390626,6.8));
#7961=CARTESIAN_POINT('Origin',(50.5146660758653,6.80932297595344,6.8));
#7962=CARTESIAN_POINT('',(50.2053085657756,6.80932275390626,8.));
#7963=CARTESIAN_POINT('',(50.2053085657756,6.80932275390626,6.8));
#7964=CARTESIAN_POINT('Origin',(50.5146660758653,6.80932297595344,8.));
#7965=CARTESIAN_POINT('Origin',(50.5195765054222,6.80928469010291,6.8));
#7966=CARTESIAN_POINT('',(50.5146659749349,6.4950551147461,6.8));
#7967=CARTESIAN_POINT('Origin',(50.5195765054222,6.80928469010291,6.8));
#7968=CARTESIAN_POINT('',(50.5146659749349,6.4950551147461,8.));
#7969=CARTESIAN_POINT('',(50.5146659749349,6.4950551147461,6.8));
#7970=CARTESIAN_POINT('Origin',(50.5195765054222,6.80928469010291,8.));
#7971=CARTESIAN_POINT('Origin',(50.6770072349631,4.91731417110122,6.8));
#7972=CARTESIAN_POINT('',(51.7422751515706,6.09239945983887,6.8));
#7973=CARTESIAN_POINT('Origin',(50.6770072349631,4.91731417110122,6.8));
#7974=CARTESIAN_POINT('',(51.7422751515706,6.09239945983887,8.));
#7975=CARTESIAN_POINT('',(51.7422751515706,6.09239945983887,6.8));
#7976=CARTESIAN_POINT('Origin',(50.6770072349631,4.91731417110122,8.));
#7977=CARTESIAN_POINT('Origin',(50.9773813646896,5.43798330958381,6.8));
#7978=CARTESIAN_POINT('',(51.9828864339193,5.39020717875163,6.8));
#7979=CARTESIAN_POINT('Origin',(50.9773813646896,5.43798330958381,6.8));
#7980=CARTESIAN_POINT('',(51.9828864339193,5.39020717875163,8.));
#7981=CARTESIAN_POINT('',(51.9828864339193,5.39020717875163,6.8));
#7982=CARTESIAN_POINT('Origin',(50.9773813646896,5.43798330958381,8.));
#7983=CARTESIAN_POINT('Origin',(52.2922438430786,5.35583427683513,6.8));
#7984=CARTESIAN_POINT('',(51.9853126389339,5.30409706672281,6.8));
#7985=CARTESIAN_POINT('Origin',(52.2922438430786,5.35583427683513,6.8));
#7986=CARTESIAN_POINT('',(51.9853126389339,5.30409706672281,8.));
#7987=CARTESIAN_POINT('',(51.9853126389339,5.30409706672281,6.8));
#7988=CARTESIAN_POINT('Origin',(52.2922438430786,5.35583427683513,8.));
#7989=CARTESIAN_POINT('Origin',(52.4518322931926,4.49612640998368,6.8));
#7990=CARTESIAN_POINT('',(51.6440655456639,4.96299903881101,6.8));
#7991=CARTESIAN_POINT('Origin',(52.4518322931926,4.49612640998368,6.8));
#7992=CARTESIAN_POINT('',(51.6440655456639,4.96299903881101,8.));
#7993=CARTESIAN_POINT('',(51.6440655456639,4.96299903881101,6.8));
#7994=CARTESIAN_POINT('Origin',(52.4518322931926,4.49612640998368,8.));
#7995=CARTESIAN_POINT('Origin',(52.4548680007525,4.50141741837518,6.8));
#7996=CARTESIAN_POINT('',(52.4542878926595,3.56843465677898,6.8));
#7997=CARTESIAN_POINT('Origin',(52.4548680007525,4.50141741837518,6.8));
#7998=CARTESIAN_POINT('',(52.4542878926595,3.56843465677898,8.));
#7999=CARTESIAN_POINT('',(52.4542878926595,3.56843465677898,6.8));
#8000=CARTESIAN_POINT('Origin',(52.4548680007525,4.50141741837518,8.));
#8001=CARTESIAN_POINT('Origin',(52.457290325112,4.49650226985219,6.8));
#8002=CARTESIAN_POINT('',(53.259599202474,4.96299875895183,6.8));
#8003=CARTESIAN_POINT('Origin',(52.457290325112,4.49650226985219,6.8));
#8004=CARTESIAN_POINT('',(53.259599202474,4.96299875895183,8.));
#8005=CARTESIAN_POINT('',(53.259599202474,4.96299875895183,6.8));
#8006=CARTESIAN_POINT('Origin',(52.457290325112,4.49650226985219,8.));
#8007=CARTESIAN_POINT('Origin',(52.4518322931926,4.49612640998368,6.8));
#8008=CARTESIAN_POINT('',(52.9253771708531,5.29999979479159,6.8));
#8009=CARTESIAN_POINT('Origin',(52.4518322931926,4.49612640998368,6.8));
#8010=CARTESIAN_POINT('',(52.9253771708531,5.29999979479159,8.));
#8011=CARTESIAN_POINT('',(52.9253771708531,5.29999979479159,6.8));
#8012=CARTESIAN_POINT('Origin',(52.4518322931926,4.49612640998368,8.));
#8013=CARTESIAN_POINT('Origin',(52.6125520685005,5.36336610799008,6.8));
#8014=CARTESIAN_POINT('',(52.9305999043783,5.39020653279623,6.8));
#8015=CARTESIAN_POINT('Origin',(52.6125520685005,5.36336610799008,6.8));
#8016=CARTESIAN_POINT('',(52.9305999043783,5.39020653279623,8.));
#8017=CARTESIAN_POINT('',(52.9305999043783,5.39020653279623,6.8));
#8018=CARTESIAN_POINT('Origin',(52.6125520685005,5.36336610799008,8.));
#8019=CARTESIAN_POINT('Origin',(53.9107939718935,5.45115714698832,6.8));
#8020=CARTESIAN_POINT('',(53.1712111867269,6.09730936686199,6.8));
#8021=CARTESIAN_POINT('Origin',(53.9107939718935,5.45115714698832,6.8));
#8022=CARTESIAN_POINT('',(53.1712111867269,6.09730936686199,8.));
#8023=CARTESIAN_POINT('',(53.1712111867269,6.09730936686199,6.8));
#8024=CARTESIAN_POINT('Origin',(53.9107939718935,5.45115714698832,8.));
#8025=CARTESIAN_POINT('Origin',(54.234413093057,4.90715275640143,6.8));
#8026=CARTESIAN_POINT('Origin',(54.234413093057,4.90715275640143,6.8));
#8027=CARTESIAN_POINT('Origin',(54.234413093057,4.90715275640143,8.));
#8028=CARTESIAN_POINT('Origin',(49.7093536961873,1.9676328201294,6.8));
#8029=CARTESIAN_POINT('',(50.3526206334432,1.96763282012928,6.8));
#8030=CARTESIAN_POINT('',(49.0660867589315,1.96763282012952,6.8));
#8031=CARTESIAN_POINT('Origin',(49.7093536961873,1.9676328201294,6.8));
#8032=CARTESIAN_POINT('',(50.3526206334432,1.96763282012928,8.));
#8033=CARTESIAN_POINT('',(50.3526206334432,1.96763282012928,6.8));
#8034=CARTESIAN_POINT('',(49.0660867589315,1.96763282012952,8.));
#8035=CARTESIAN_POINT('Origin',(49.7093536961873,1.9676328201294,8.));
#8036=CARTESIAN_POINT('',(49.0660867589315,1.96763282012952,6.8));
#8037=CARTESIAN_POINT('Origin',(49.7093538576762,1.96795512506433,6.8));
#8038=CARTESIAN_POINT('Origin',(49.7093538576762,1.96795512506433,6.8));
#8039=CARTESIAN_POINT('Origin',(49.7093538576762,1.96795512506433,8.));
#8040=CARTESIAN_POINT('Origin',(58.115498143778,5.0284863064785,6.8));
#8041=CARTESIAN_POINT('',(57.8326350936642,6.0405333917972,6.8));
#8042=CARTESIAN_POINT('',(59.0784662475586,5.44913252258301,6.8));
#8043=CARTESIAN_POINT('Origin',(58.115498143778,5.0284863064785,6.8));
#8044=CARTESIAN_POINT('',(57.8326350936642,6.0405333917972,8.));
#8045=CARTESIAN_POINT('',(57.8326350936642,6.0405333917972,6.8));
#8046=CARTESIAN_POINT('',(59.0784662475586,5.44913252258301,8.));
#8047=CARTESIAN_POINT('Origin',(58.115498143778,5.0284863064785,8.));
#8048=CARTESIAN_POINT('',(59.0784662475586,5.44913252258301,6.8));
#8049=CARTESIAN_POINT('Origin',(54.5755994026772,5.54243345317363,6.8));
#8050=CARTESIAN_POINT('',(57.8704986368815,5.54734035237631,6.8));
#8051=CARTESIAN_POINT('Origin',(54.5755994026772,5.54243345317363,6.8));
#8052=CARTESIAN_POINT('',(57.8704986368815,5.54734035237631,8.));
#8053=CARTESIAN_POINT('',(57.8704986368815,5.54734035237631,6.8));
#8054=CARTESIAN_POINT('Origin',(54.5755994026772,5.54243345317363,8.));
#8055=CARTESIAN_POINT('Origin',(57.8704986368815,1.87954351386082,6.8));
#8056=CARTESIAN_POINT('',(57.8704986368815,1.87954351386082,6.8));
#8057=CARTESIAN_POINT('',(57.8704986368815,9.8647715574411,6.8));
#8058=CARTESIAN_POINT('',(57.8704986368815,1.87954351386082,8.));
#8059=CARTESIAN_POINT('',(57.8704986368815,1.87954351386082,6.8));
#8060=CARTESIAN_POINT('',(57.8704986368815,1.28999233500163,8.));
#8061=CARTESIAN_POINT('Ctrl Pts',(59.0784662475586,5.44913252258301,6.8));
#8062=CARTESIAN_POINT('Ctrl Pts',(59.0784662475586,5.44913252258301,8.));
#8063=CARTESIAN_POINT('Ctrl Pts',(59.3638661573835,4.88213762792409,6.8));
#8064=CARTESIAN_POINT('Ctrl Pts',(59.3638661573835,4.88213762792409,8.));
#8065=CARTESIAN_POINT('Ctrl Pts',(58.6702184316011,3.27711608606474,6.8));
#8066=CARTESIAN_POINT('Ctrl Pts',(58.6702184316011,3.27711608606474,8.));
#8067=CARTESIAN_POINT('Ctrl Pts',(57.8704986368815,1.87954351386082,6.8));
#8068=CARTESIAN_POINT('Ctrl Pts',(57.8704986368815,1.87954351386082,8.));
#8069=CARTESIAN_POINT('Ctrl Pts',(59.0784662475586,5.44913252258301,6.8));
#8070=CARTESIAN_POINT('Ctrl Pts',(59.3638661573835,4.88213762792409,6.8));
#8071=CARTESIAN_POINT('Ctrl Pts',(58.6702184316011,3.27711608606474,6.8));
#8072=CARTESIAN_POINT('Ctrl Pts',(57.8704986368815,1.87954351386082,6.8));
#8073=CARTESIAN_POINT('Ctrl Pts',(59.0784662475586,5.44913252258301,8.));
#8074=CARTESIAN_POINT('Ctrl Pts',(59.3638661573835,4.88213762792409,8.));
#8075=CARTESIAN_POINT('Ctrl Pts',(58.6702184316011,3.27711608606474,8.));
#8076=CARTESIAN_POINT('Ctrl Pts',(57.8704986368815,1.87954351386082,8.));
#8077=CARTESIAN_POINT('Origin',(55.1992220891317,1.9676328201294,6.8));
#8078=CARTESIAN_POINT('',(55.8424887034098,1.96763282012943,6.8));
#8079=CARTESIAN_POINT('',(54.5559554748535,1.96763282012937,6.8));
#8080=CARTESIAN_POINT('Origin',(55.1992220891317,1.9676328201294,6.8));
#8081=CARTESIAN_POINT('',(55.8424887034098,1.96763282012943,8.));
#8082=CARTESIAN_POINT('',(55.8424887034098,1.96763282012943,6.8));
#8083=CARTESIAN_POINT('',(54.5559554748535,1.96763282012937,8.));
#8084=CARTESIAN_POINT('Origin',(55.1992220891317,1.9676328201294,8.));
#8085=CARTESIAN_POINT('',(54.5559554748535,1.96763282012937,6.8));
#8086=CARTESIAN_POINT('Origin',(55.1992224121094,1.96819106861727,6.8));
#8087=CARTESIAN_POINT('Origin',(55.1992224121094,1.96819106861727,6.8));
#8088=CARTESIAN_POINT('Origin',(55.1992224121094,1.96819106861727,8.));
#8089=CARTESIAN_POINT('Origin',(46.8504067213872,5.02381655544872,6.8));
#8090=CARTESIAN_POINT('',(45.8841241671244,5.44913187662761,6.8));
#8091=CARTESIAN_POINT('',(47.0740738681328,6.05559565223674,6.8));
#8092=CARTESIAN_POINT('Origin',(46.8504067213872,5.02381655544872,6.8));
#8093=CARTESIAN_POINT('',(45.8841241671244,5.44913187662761,8.));
#8094=CARTESIAN_POINT('',(45.8841241671244,5.44913187662761,6.8));
#8095=CARTESIAN_POINT('',(47.0740738681328,6.05559565223674,8.));
#8096=CARTESIAN_POINT('Origin',(46.8504067213872,5.02381655544872,8.));
#8097=CARTESIAN_POINT('',(47.0740738681328,6.05559565223674,6.8));
#8098=CARTESIAN_POINT('Ctrl Pts',(47.0331659495036,1.98324035339932,6.8));
#8099=CARTESIAN_POINT('Ctrl Pts',(47.0331659495036,1.98324035339932,8.));
#8100=CARTESIAN_POINT('Ctrl Pts',(46.258773769683,3.35560315218967,6.8));
#8101=CARTESIAN_POINT('Ctrl Pts',(46.258773769683,3.35560315218967,8.));
#8102=CARTESIAN_POINT('Ctrl Pts',(45.6057582419488,4.89611214807371,6.8));
#8103=CARTESIAN_POINT('Ctrl Pts',(45.6057582419488,4.89611214807371,8.));
#8104=CARTESIAN_POINT('Ctrl Pts',(45.8841241671244,5.44913187662761,6.8));
#8105=CARTESIAN_POINT('Ctrl Pts',(45.8841241671244,5.44913187662761,8.));
#8106=CARTESIAN_POINT('',(47.0331659495036,1.98324035339932,6.8));
#8107=CARTESIAN_POINT('Ctrl Pts',(47.0331659495036,1.98324035339932,6.8));
#8108=CARTESIAN_POINT('Ctrl Pts',(46.2587737696831,3.35560315218967,6.8));
#8109=CARTESIAN_POINT('Ctrl Pts',(45.6057582419488,4.89611214807371,6.8));
#8110=CARTESIAN_POINT('Ctrl Pts',(45.8841241671244,5.44913187662761,6.8));
#8111=CARTESIAN_POINT('',(47.0331659495036,1.98324035339932,8.));
#8112=CARTESIAN_POINT('',(47.0331659495036,1.98324035339932,6.8));
#8113=CARTESIAN_POINT('Ctrl Pts',(47.0331659495036,1.98324035339932,8.));
#8114=CARTESIAN_POINT('Ctrl Pts',(46.2587737696831,3.35560315218967,8.));
#8115=CARTESIAN_POINT('Ctrl Pts',(45.6057582419488,4.89611214807371,8.));
#8116=CARTESIAN_POINT('Ctrl Pts',(45.8841241671244,5.44913187662761,8.));
#8117=CARTESIAN_POINT('Origin',(47.0331659495036,5.54734099833171,6.8));
#8118=CARTESIAN_POINT('',(47.0331659495036,5.54734099833171,6.8));
#8119=CARTESIAN_POINT('',(47.0331659495036,11.6986702996766,6.8));
#8120=CARTESIAN_POINT('',(47.0331659495036,5.54734099833171,8.));
#8121=CARTESIAN_POINT('',(47.0331659495036,5.54734099833171,6.8));
#8122=CARTESIAN_POINT('',(47.0331659495036,5.54734099833171,8.));
#8123=CARTESIAN_POINT('Origin',(50.3329647861507,5.53752352444767,6.8));
#8124=CARTESIAN_POINT('Origin',(50.3329647861507,5.53752352444767,6.8));
#8125=CARTESIAN_POINT('Origin',(50.3329647861507,5.53752352444767,8.));
#8126=CARTESIAN_POINT('Origin',(57.5095943930895,0.516538741163648,6.8));
#8127=CARTESIAN_POINT('',(57.6560800635364,0.125701243471637,6.8));
#8128=CARTESIAN_POINT('',(57.8557682698568,0.283352874755864,6.8));
#8129=CARTESIAN_POINT('Origin',(57.5095943930895,0.516538741163648,6.8));
#8130=CARTESIAN_POINT('',(57.6560800635364,0.125701243471636,8.));
#8131=CARTESIAN_POINT('',(57.6560800635364,0.125701243471637,6.8));
#8132=CARTESIAN_POINT('',(57.8557682698568,0.283352874755863,8.));
#8133=CARTESIAN_POINT('Origin',(57.5095943930895,0.516538741163648,8.));
#8134=CARTESIAN_POINT('',(57.8557682698568,0.283352874755864,6.8));
#8135=CARTESIAN_POINT('Origin',(54.5755994026758,1.29489923324226,6.8));
#8136=CARTESIAN_POINT('',(54.5805069478353,-2.,6.8));
#8137=CARTESIAN_POINT('Origin',(54.5755994026758,1.29489923324226,6.8));
#8138=CARTESIAN_POINT('',(54.5805069478353,-2.,8.));
#8139=CARTESIAN_POINT('',(54.5805069478353,-2.,6.8));
#8140=CARTESIAN_POINT('Origin',(54.5755994026758,1.29489923324226,8.));
#8141=CARTESIAN_POINT('Origin',(50.3280691604614,-2.,6.8));
#8142=CARTESIAN_POINT('',(50.3280691604614,-2.,6.8));
#8143=CARTESIAN_POINT('',(49.6640790303197,-2.,6.8));
#8144=CARTESIAN_POINT('',(50.3280691604614,-2.,8.));
#8145=CARTESIAN_POINT('',(50.3280691604614,-2.,6.8));
#8146=CARTESIAN_POINT('',(50.3280691604614,-2.,8.));
#8147=CARTESIAN_POINT('Origin',(50.3329647861493,1.29980980936486,6.8));
#8148=CARTESIAN_POINT('',(47.2363060350625,0.159865370171138,6.8));
#8149=CARTESIAN_POINT('Origin',(50.3329647861493,1.29980980936486,6.8));
#8150=CARTESIAN_POINT('',(47.2363060350625,0.159865370171138,8.));
#8151=CARTESIAN_POINT('',(47.2363060350625,0.159865370171138,6.8));
#8152=CARTESIAN_POINT('Origin',(50.3329647861493,1.29980980936486,8.));
#8153=CARTESIAN_POINT('Origin',(47.4505533440908,0.514143616358443,6.8));
#8154=CARTESIAN_POINT('',(47.1068227907817,0.283353036244714,6.8));
#8155=CARTESIAN_POINT('Origin',(47.4505533440908,0.514143616358443,6.8));
#8156=CARTESIAN_POINT('',(47.1068227907817,0.283353036244715,8.));
#8157=CARTESIAN_POINT('',(47.1068227907817,0.283353036244714,6.8));
#8158=CARTESIAN_POINT('Origin',(47.4505533440908,0.514143616358443,8.));
#8159=CARTESIAN_POINT('Ctrl Pts',(45.1426482696533,5.82232550557455,6.8));
#8160=CARTESIAN_POINT('Ctrl Pts',(45.1426482696533,5.82232550557455,8.));
#8161=CARTESIAN_POINT('Ctrl Pts',(44.4208140188853,4.38356771850587,6.8));
#8162=CARTESIAN_POINT('Ctrl Pts',(44.4208140188853,4.38356771850587,8.));
#8163=CARTESIAN_POINT('Ctrl Pts',(46.6501521835327,0.946262023925786,6.8));
#8164=CARTESIAN_POINT('Ctrl Pts',(46.6501521835327,0.946262023925786,8.));
#8165=CARTESIAN_POINT('Ctrl Pts',(47.1068227907817,0.283353036244715,6.8));
#8166=CARTESIAN_POINT('Ctrl Pts',(47.1068227907817,0.283353036244715,8.));
#8167=CARTESIAN_POINT('',(45.1426482696533,5.82232550557455,6.8));
#8168=CARTESIAN_POINT('Ctrl Pts',(45.1426482696533,5.82232550557455,6.8));
#8169=CARTESIAN_POINT('Ctrl Pts',(44.4208140188853,4.38356771850587,6.8));
#8170=CARTESIAN_POINT('Ctrl Pts',(46.6501521835327,0.946262023925786,6.8));
#8171=CARTESIAN_POINT('Ctrl Pts',(47.1068227907817,0.283353036244715,6.8));
#8172=CARTESIAN_POINT('',(45.1426482696533,5.82232550557455,8.));
#8173=CARTESIAN_POINT('',(45.1426482696533,5.82232550557455,6.8));
#8174=CARTESIAN_POINT('Ctrl Pts',(45.1426482696533,5.82232550557455,8.));
#8175=CARTESIAN_POINT('Ctrl Pts',(44.4208140188853,4.38356771850587,8.));
#8176=CARTESIAN_POINT('Ctrl Pts',(46.6501521835327,0.946262023925786,8.));
#8177=CARTESIAN_POINT('Ctrl Pts',(47.1068227907817,0.283353036244715,8.));
#8178=CARTESIAN_POINT('Origin',(46.8025161553044,5.09568572841834,6.8));
#8179=CARTESIAN_POINT('',(46.8220174993556,6.90753122935636,6.8));
#8180=CARTESIAN_POINT('Origin',(46.8025161553044,5.09568572841834,6.8));
#8181=CARTESIAN_POINT('',(46.8220174993556,6.90753122935636,8.));
#8182=CARTESIAN_POINT('',(46.8220174993556,6.90753122935636,6.8));
#8183=CARTESIAN_POINT('Origin',(46.8025161553044,5.09568572841834,8.));
#8184=CARTESIAN_POINT('Origin',(46.8181297564225,4.82059941179728,6.8));
#8185=CARTESIAN_POINT('',(47.305338159621,6.84986713625808,6.8));
#8186=CARTESIAN_POINT('Origin',(46.8181297564225,4.82059941179728,6.8));
#8187=CARTESIAN_POINT('',(47.305338159621,6.84986713625808,8.));
#8188=CARTESIAN_POINT('',(47.305338159621,6.84986713625808,6.8));
#8189=CARTESIAN_POINT('Origin',(46.8181297564225,4.82059941179728,8.));
#8190=CARTESIAN_POINT('Origin',(50.3329647861507,5.53752352444767,6.8));
#8191=CARTESIAN_POINT('',(50.3280688374837,8.83733333333334,6.8));
#8192=CARTESIAN_POINT('Origin',(50.3329647861507,5.53752352444767,6.8));
#8193=CARTESIAN_POINT('',(50.3280688374837,8.83733333333334,8.));
#8194=CARTESIAN_POINT('',(50.3280688374837,8.83733333333334,6.8));
#8195=CARTESIAN_POINT('Origin',(50.3329647861507,5.53752352444767,8.));
#8196=CARTESIAN_POINT('Origin',(54.5805069468717,8.83733333333334,6.8));
#8197=CARTESIAN_POINT('',(54.5805069468717,8.83733268641732,6.8));
#8198=CARTESIAN_POINT('',(51.7902979235249,8.83733333333334,6.8));
#8199=CARTESIAN_POINT('',(54.5805069468717,8.83733268641732,8.));
#8200=CARTESIAN_POINT('',(54.5805069468717,8.83733268641732,6.8));
#8201=CARTESIAN_POINT('',(54.5805069478353,8.83733333333334,8.));
#8202=CARTESIAN_POINT('Origin',(54.5755994026772,5.54243345317363,6.8));
#8203=CARTESIAN_POINT('',(57.6057585473532,6.83646614177017,6.8));
#8204=CARTESIAN_POINT('Origin',(54.5755994026772,5.54243345317363,6.8));
#8205=CARTESIAN_POINT('',(57.6057585473532,6.83646614177017,8.));
#8206=CARTESIAN_POINT('',(57.6057585473532,6.83646614177017,6.8));
#8207=CARTESIAN_POINT('Origin',(54.5755994026772,5.54243345317363,8.));
#8208=CARTESIAN_POINT('Origin',(58.1483626453093,4.8009689468372,6.8));
#8209=CARTESIAN_POINT('',(58.1405738830566,6.90753187561036,6.8));
#8210=CARTESIAN_POINT('Origin',(58.1483626453093,4.8009689468372,6.8));
#8211=CARTESIAN_POINT('',(58.1405738830566,6.90753187561036,8.));
#8212=CARTESIAN_POINT('',(58.1405738830566,6.90753187561036,6.8));
#8213=CARTESIAN_POINT('Origin',(58.1483626453093,4.8009689468372,8.));
#8214=CARTESIAN_POINT('Origin',(58.1600750675803,5.09568572668835,6.8));
#8215=CARTESIAN_POINT('',(59.819942952474,5.82232550557455,6.8));
#8216=CARTESIAN_POINT('Origin',(58.1600750675803,5.09568572668835,6.8));
#8217=CARTESIAN_POINT('',(59.819942952474,5.82232550557455,8.));
#8218=CARTESIAN_POINT('',(59.819942952474,5.82232550557455,6.8));
#8219=CARTESIAN_POINT('Origin',(58.1600750675803,5.09568572668835,8.));
#8220=CARTESIAN_POINT('Ctrl Pts',(57.8557682698568,0.283352874755864,6.8));
#8221=CARTESIAN_POINT('Ctrl Pts',(57.8557682698568,0.283352874755864,8.));
#8222=CARTESIAN_POINT('Ctrl Pts',(58.3075288085938,0.956082806905115,6.8));
#8223=CARTESIAN_POINT('Ctrl Pts',(58.3075288085938,0.956082806905115,8.));
#8224=CARTESIAN_POINT('Ctrl Pts',(60.5368668924967,4.39829873148601,6.8));
#8225=CARTESIAN_POINT('Ctrl Pts',(60.5368668924967,4.39829873148601,8.));
#8226=CARTESIAN_POINT('Ctrl Pts',(59.819942952474,5.82232550557455,6.8));
#8227=CARTESIAN_POINT('Ctrl Pts',(59.819942952474,5.82232550557455,8.));
#8228=CARTESIAN_POINT('Ctrl Pts',(57.8557682698568,0.283352874755864,6.8));
#8229=CARTESIAN_POINT('Ctrl Pts',(58.3075288085938,0.956082806905115,6.8));
#8230=CARTESIAN_POINT('Ctrl Pts',(60.5368668924967,4.39829873148601,6.8));
#8231=CARTESIAN_POINT('Ctrl Pts',(59.819942952474,5.82232550557455,6.8));
#8232=CARTESIAN_POINT('Ctrl Pts',(57.8557682698568,0.283352874755864,8.));
#8233=CARTESIAN_POINT('Ctrl Pts',(58.3075288085938,0.956082806905115,8.));
#8234=CARTESIAN_POINT('Ctrl Pts',(60.5368668924967,4.39829873148601,8.));
#8235=CARTESIAN_POINT('Ctrl Pts',(59.819942952474,5.82232550557455,8.));
#8236=CARTESIAN_POINT('Origin',(52.478840455691,3.41866666666667,8.));
#8237=CARTESIAN_POINT('Origin',(49.000088900178,17.8499996010214,6.8));
#8238=CARTESIAN_POINT('',(98.987477774956,37.3499996010214,6.8));
#8239=CARTESIAN_POINT('',(97.6332290860206,40.3499996010214,6.8));
#8240=CARTESIAN_POINT('Origin',(94.987477774956,37.3499996010214,6.8));
#8241=CARTESIAN_POINT('',(98.987477774956,-1.65000039897861,6.8));
#8242=CARTESIAN_POINT('',(98.987477774956,-1.65000039897861,6.8));
#8243=CARTESIAN_POINT('',(97.6332290860206,-4.65000039897861,6.8));
#8244=CARTESIAN_POINT('Origin',(94.987477774956,-1.6500003989786,6.8));
#8245=CARTESIAN_POINT('',(18.987477774956,-4.65000039897861,6.8));
#8246=CARTESIAN_POINT('',(18.987477774956,-4.65000039897861,6.8));
#8247=CARTESIAN_POINT('',(18.987477774956,-3.65000039897861,6.8));
#8248=CARTESIAN_POINT('',(18.987477774956,-3.65000039897861,6.8));
#8249=CARTESIAN_POINT('',(1.01270002540005,-3.65000039897861,6.8));
#8250=CARTESIAN_POINT('',(18.987477774956,-3.65000039897861,6.8));
#8251=CARTESIAN_POINT('',(-0.987299974599953,-1.6500003989786,6.8));
#8252=CARTESIAN_POINT('Origin',(1.01270002540005,-1.6500003989786,6.8));
#8253=CARTESIAN_POINT('',(-0.987299974599953,19.0269497945764,6.8));
#8254=CARTESIAN_POINT('',(-0.987299974599953,-1.6500003989786,6.8));
#8255=CARTESIAN_POINT('',(-1.78729997459995,19.0269497945764,6.8));
#8256=CARTESIAN_POINT('',(-0.987299974599953,19.0269497945764,6.8));
#8257=CARTESIAN_POINT('',(-1.78729997459995,26.0269497945764,6.8));
#8258=CARTESIAN_POINT('',(-1.78729997459995,-1.6500003989786,6.8));
#8259=CARTESIAN_POINT('',(-0.987299974599953,26.0269497945764,6.8));
#8260=CARTESIAN_POINT('',(-0.987299974599953,26.0269497945764,6.8));
#8261=CARTESIAN_POINT('',(-0.987299974599952,37.3499996010214,6.8));
#8262=CARTESIAN_POINT('',(-0.987299974599953,-1.6500003989786,6.8));
#8263=CARTESIAN_POINT('',(1.01270002540005,39.3499996010214,6.8));
#8264=CARTESIAN_POINT('Origin',(1.01270002540005,37.3499996010214,6.8));
#8265=CARTESIAN_POINT('',(18.987477774956,39.3499996010214,6.8));
#8266=CARTESIAN_POINT('',(91.5233761598182,39.3499996010214,6.8));
#8267=CARTESIAN_POINT('',(18.987477774956,40.3499996010214,6.8));
#8268=CARTESIAN_POINT('',(18.987477774956,40.3499996010214,6.8));
#8269=CARTESIAN_POINT('',(97.6332290860206,40.3499996010214,6.8));
#8270=CARTESIAN_POINT('',(96.487477774956,17.7520065298087,6.8));
#8271=CARTESIAN_POINT('Origin',(95.487477774956,17.7520065298087,6.8));
#8272=CARTESIAN_POINT('Origin',(49.000088900178,17.8499996010214,6.8));
#8273=CARTESIAN_POINT('Origin',(49.000088900178,17.8499996010214,6.8));
#8274=CARTESIAN_POINT('Origin',(49.000088900178,17.8499996010214,6.8));
#8275=CARTESIAN_POINT('Origin',(49.000088900178,17.8499996010214,6.8));
#8276=CARTESIAN_POINT('Origin',(94.987477774956,-1.6500003989786,8.3));
#8277=CARTESIAN_POINT('',(97.7370231919296,-3.65000039897861,8.4));
#8278=CARTESIAN_POINT('',(98.0272146056702,-4.2500003989786,7.8));
#8279=CARTESIAN_POINT('Ctrl Pts',(97.7370231919296,-3.65000039897861,8.4));
#8280=CARTESIAN_POINT('Ctrl Pts',(97.8821188987998,-3.93496271029826,8.11503768868034));
#8281=CARTESIAN_POINT('Ctrl Pts',(98.0272146056702,-4.2500003989786,7.8));
#8282=CARTESIAN_POINT('',(98.987477774956,-1.65000039897861,7.8));
#8283=CARTESIAN_POINT('Origin',(94.987477774956,-1.6500003989786,7.8));
#8284=CARTESIAN_POINT('',(98.987477774956,-1.65000039897861,7.8));
#8285=CARTESIAN_POINT('Ctrl Pts',(97.2235457524559,-3.6500003989786,8.8));
#8286=CARTESIAN_POINT('Ctrl Pts',(97.4642383022061,-3.6500003989786,8.62059836569392));
#8287=CARTESIAN_POINT('Ctrl Pts',(97.7370231919296,-3.65000039897861,8.4));
#8288=CARTESIAN_POINT('Origin',(98.487477774956,8.09999960102141,8.3));
#8289=CARTESIAN_POINT('',(98.987477774956,37.3499996010214,7.8));
#8290=CARTESIAN_POINT('',(98.987477774956,37.3499996010214,7.8));
#8291=CARTESIAN_POINT('',(98.987477774956,8.09999960102141,7.8));
#8292=CARTESIAN_POINT('Origin',(94.987477774956,37.3499996010214,8.3));
#8293=CARTESIAN_POINT('',(97.7370231919295,39.3499996010214,8.4));
#8294=CARTESIAN_POINT('Ctrl Pts',(97.7370231919295,39.3499996010214,8.4));
#8295=CARTESIAN_POINT('Ctrl Pts',(97.4642383022122,39.3499996010214,8.62059836568861));
#8296=CARTESIAN_POINT('Ctrl Pts',(97.2235457524558,39.3499996010214,8.8));
#8297=CARTESIAN_POINT('',(98.0272146056701,39.9499996010214,7.8));
#8298=CARTESIAN_POINT('Origin',(94.987477774956,37.3499996010214,7.8));
#8299=CARTESIAN_POINT('Ctrl Pts',(98.0272146056701,39.9499996010214,7.8));
#8300=CARTESIAN_POINT('Ctrl Pts',(97.8821188987997,39.6349619123409,8.11503768868049));
#8301=CARTESIAN_POINT('Ctrl Pts',(97.7370231919295,39.3499996010214,8.4));
#8302=CARTESIAN_POINT('Origin',(49.000088900178,17.8499996010214,8.8));
#8303=CARTESIAN_POINT('Origin',(98.4515793900938,39.3499996010214,6.8));
#8304=CARTESIAN_POINT('',(18.987477774956,39.3499996010214,8.4));
#8305=CARTESIAN_POINT('',(78.7195285825249,39.3499996010214,8.4));
#8306=CARTESIAN_POINT('',(18.987477774956,39.3499996010214,6.8));
#8307=CARTESIAN_POINT('',(1.01270002540005,39.3499996010214,6.8));
#8308=CARTESIAN_POINT('Origin',(78.7195285825249,39.6499996010214,8.1));
#8309=CARTESIAN_POINT('',(18.987477774956,39.9499996010214,7.8));
#8310=CARTESIAN_POINT('',(78.7195285825249,39.9499996010214,7.8));
#8311=CARTESIAN_POINT('',(18.987477774956,40.1499996010214,7.6));
#8312=CARTESIAN_POINT('Origin',(95.487477774956,17.7520065298087,8.3));
#8313=CARTESIAN_POINT('',(96.487477774956,17.7520065298087,7.8));
#8314=CARTESIAN_POINT('',(96.987477774956,17.7520065298087,8.3));
#8315=CARTESIAN_POINT('Origin',(95.487477774956,17.7520065298087,7.8));
#8316=CARTESIAN_POINT('Origin',(95.487477774956,17.7520065298087,8.8));
#8317=CARTESIAN_POINT('',(96.487477774956,17.7520065298087,8.8));
#8318=CARTESIAN_POINT('Origin',(-0.987299974599953,19.0269497945764,6.8));
#8319=CARTESIAN_POINT('',(-0.987299974599953,19.0269497945764,7.6));
#8320=CARTESIAN_POINT('',(-0.987299974599953,19.0269497945764,6.8));
#8321=CARTESIAN_POINT('',(-1.78729997459995,19.0269497945764,7.6));
#8322=CARTESIAN_POINT('',(-0.987299974599953,19.0269497945764,7.6));
#8323=CARTESIAN_POINT('',(-1.78729997459995,19.0269497945764,7.6));
#8324=CARTESIAN_POINT('Origin',(-0.987299974599953,26.0269497945764,7.6));
#8325=CARTESIAN_POINT('',(-0.987299974599953,26.0269497945764,7.6));
#8326=CARTESIAN_POINT('',(-0.987299974599953,26.0269497945764,7.2));
#8327=CARTESIAN_POINT('',(-1.78729997459995,26.0269497945764,7.6));
#8328=CARTESIAN_POINT('',(-1.78729997459995,26.0269497945764,6.8));
#8329=CARTESIAN_POINT('',(-0.987299974599953,26.0269497945764,7.6));
#8330=CARTESIAN_POINT('Origin',(-0.987299974599953,19.0269497945764,7.6));
#8331=CARTESIAN_POINT('',(-0.987299974599953,28.1884746977989,7.6));
#8332=CARTESIAN_POINT('',(-1.78729997459995,26.0269497945764,7.6));
#8333=CARTESIAN_POINT('Origin',(-1.78729997459995,22.5269497945764,7.2));
#8334=CARTESIAN_POINT('Origin',(-0.987299974599953,37.3499996010214,6.8));
#8335=CARTESIAN_POINT('',(-0.987299974599953,-1.6500003989786,6.8));
#8336=CARTESIAN_POINT('',(-0.987299974599952,37.3499996010214,6.8));
#8337=CARTESIAN_POINT('Origin',(30.000088900178,-3.9500003989786,8.1));
#8338=CARTESIAN_POINT('',(18.987477774956,-3.65000039897861,8.4));
#8339=CARTESIAN_POINT('',(30.000088900178,-3.65000039897861,8.4));
#8340=CARTESIAN_POINT('',(18.987477774956,-4.2500003989786,7.8));
#8341=CARTESIAN_POINT('',(18.987477774956,-4.2000003989786,7.85));
#8342=CARTESIAN_POINT('',(30.000088900178,-4.2500003989786,7.8));
#8343=CARTESIAN_POINT('Origin',(58.987477774956,17.8499996010214,7.8));
#8344=CARTESIAN_POINT('',(18.987477774956,-4.65000039897861,7.8));
#8345=CARTESIAN_POINT('',(18.987477774956,-3.65000039897861,7.8));
#8346=CARTESIAN_POINT('',(97.6332290860206,-4.65000039897861,7.8));
#8347=CARTESIAN_POINT('',(18.987477774956,-4.65000039897861,7.8));
#8348=CARTESIAN_POINT('Origin',(94.987477774956,-1.6500003989786,7.8));
#8349=CARTESIAN_POINT('Origin',(18.987477774956,40.3499996010214,6.8));
#8350=CARTESIAN_POINT('',(18.987477774956,40.3499996010214,7.8));
#8351=CARTESIAN_POINT('',(18.987477774956,40.3499996010214,7.8));
#8352=CARTESIAN_POINT('',(18.987477774956,40.3499996010214,6.8));
#8353=CARTESIAN_POINT('Origin',(97.6332290860206,40.3499996010214,6.8));
#8354=CARTESIAN_POINT('',(97.6332290860206,40.3499996010214,7.8));
#8355=CARTESIAN_POINT('',(97.6332290860206,40.3499996010214,7.8));
#8356=CARTESIAN_POINT('',(97.6332290860206,40.3499996010214,6.8));
#8357=CARTESIAN_POINT('Origin',(18.987477774956,-4.65000039897861,6.8));
#8358=CARTESIAN_POINT('',(97.6332290860206,-4.65000039897861,6.8));
#8359=CARTESIAN_POINT('',(18.987477774956,-4.65000039897861,6.8));
#8360=CARTESIAN_POINT('Origin',(18.987477774956,-3.65000039897861,6.8));
#8361=CARTESIAN_POINT('',(18.987477774956,-3.65000039897861,6.8));
#8362=CARTESIAN_POINT('Origin',(58.987477774956,17.8499996010214,7.8));
#8363=CARTESIAN_POINT('Origin',(94.987477774956,37.3499996010214,7.8));
#8364=CARTESIAN_POINT('Origin',(49.000088900178,17.8499996010214,6.8));
#8365=CARTESIAN_POINT('Origin',(94.987477774956,37.3499996010214,6.8));
#8366=CARTESIAN_POINT('',(98.987477774956,37.3499996010214,6.8));
#8367=CARTESIAN_POINT('Origin',(98.987477774956,-1.65000039897861,6.8));
#8368=CARTESIAN_POINT('',(98.987477774956,-1.65000039897861,6.8));
#8369=CARTESIAN_POINT('Origin',(94.987477774956,-1.6500003989786,6.8));
#8370=CARTESIAN_POINT('Origin',(1.01270002540005,-3.65000039897861,6.8));
#8371=CARTESIAN_POINT('',(1.01270002540005,-3.65000039897861,6.8));
#8372=CARTESIAN_POINT('Origin',(1.01270002540005,-1.6500003989786,6.8));
#8373=CARTESIAN_POINT('Origin',(1.01270002540005,37.3499996010214,6.8));
#8374=CARTESIAN_POINT('',(0.,0.,0.));
#8375=CARTESIAN_POINT('Origin',(0.,0.,0.));
#8376=UNCERTAINTY_MEASURE_WITH_UNIT(LENGTH_MEASURE(0.01),#8382,
'DISTANCE_ACCURACY_VALUE',
'Maximum model space distance between geometric entities at asserted c
onnectivities');
#8377=UNCERTAINTY_MEASURE_WITH_UNIT(LENGTH_MEASURE(0.01),#8382,
'DISTANCE_ACCURACY_VALUE',
'Maximum model space distance between geometric entities at asserted c
onnectivities');
#8378=UNCERTAINTY_MEASURE_WITH_UNIT(LENGTH_MEASURE(0.01),#8382,
'DISTANCE_ACCURACY_VALUE',
'Maximum model space distance between geometric entities at asserted c
onnectivities');
#8379=(
GEOMETRIC_REPRESENTATION_CONTEXT(3)
GLOBAL_UNCERTAINTY_ASSIGNED_CONTEXT((#8376))
GLOBAL_UNIT_ASSIGNED_CONTEXT((#8382,#8384,#8385))
REPRESENTATION_CONTEXT('','3D')
);
#8380=(
GEOMETRIC_REPRESENTATION_CONTEXT(3)
GLOBAL_UNCERTAINTY_ASSIGNED_CONTEXT((#8377))
GLOBAL_UNIT_ASSIGNED_CONTEXT((#8382,#8384,#8385))
REPRESENTATION_CONTEXT('','3D')
);
#8381=(
GEOMETRIC_REPRESENTATION_CONTEXT(3)
GLOBAL_UNCERTAINTY_ASSIGNED_CONTEXT((#8378))
GLOBAL_UNIT_ASSIGNED_CONTEXT((#8382,#8384,#8385))
REPRESENTATION_CONTEXT('','3D')
);
#8382=(
LENGTH_UNIT()
NAMED_UNIT(*)
SI_UNIT(.MILLI.,.METRE.)
);
#8383=(
LENGTH_UNIT()
NAMED_UNIT(*)
SI_UNIT($,.METRE.)
);
#8384=(
NAMED_UNIT(*)
PLANE_ANGLE_UNIT()
SI_UNIT($,.RADIAN.)
);
#8385=(
NAMED_UNIT(*)
SI_UNIT($,.STERADIAN.)
SOLID_ANGLE_UNIT()
);
#8386=SHAPE_DEFINITION_REPRESENTATION(#8388,#8391);
#8387=SHAPE_DEFINITION_REPRESENTATION(#8389,#8392);
#8388=PRODUCT_DEFINITION_SHAPE('',$,#8394);
#8389=PRODUCT_DEFINITION_SHAPE('',$,#8395);
#8390=PRODUCT_DEFINITION_SHAPE($,$,#17);
#8391=SHAPE_REPRESENTATION('',(#4377,#4605),#8379);
#8392=SHAPE_REPRESENTATION('',(#4378),#8380);
#8393=PRODUCT_DEFINITION_CONTEXT('part definition',#8401,'design');
#8394=PRODUCT_DEFINITION('3D_ESP32-BLUETOOTHSPEAKER-V1.1_2025-12-09',
'3D_ESP32-BLUETOOTHSPEAKER-V1.1_2025-12-09',#8396,#8393);
#8395=PRODUCT_DEFINITION('topshell','topshell',#8397,#8393);
#8396=PRODUCT_DEFINITION_FORMATION('',$,#8403);
#8397=PRODUCT_DEFINITION_FORMATION('',$,#8404);
#8398=PRODUCT_RELATED_PRODUCT_CATEGORY(
'3D_ESP32-BLUETOOTHSPEAKER-V1.1_2025-12-09',
'3D_ESP32-BLUETOOTHSPEAKER-V1.1_2025-12-09',(#8403));
#8399=PRODUCT_RELATED_PRODUCT_CATEGORY('topshell','topshell',(#8404));
#8400=APPLICATION_PROTOCOL_DEFINITION('international standard',
'automotive_design',2009,#8401);
#8401=APPLICATION_CONTEXT(
'Core Data for Automotive Mechanical Design Process');
#8402=PRODUCT_CONTEXT('part definition',#8401,'mechanical');
#8403=PRODUCT('3D_ESP32-BLUETOOTHSPEAKER-V1.1_2025-12-09',
'3D_ESP32-BLUETOOTHSPEAKER-V1.1_2025-12-09',$,(#8402));
#8404=PRODUCT('topshell','topshell',$,(#8402));
#8405=PRESENTATION_STYLE_ASSIGNMENT((#8408));
#8406=PRESENTATION_STYLE_ASSIGNMENT((#8409));
#8407=PRESENTATION_STYLE_ASSIGNMENT((NULL_STYLE(.NULL.)));
#8408=SURFACE_STYLE_USAGE(.BOTH.,#8410);
#8409=SURFACE_STYLE_USAGE(.BOTH.,#8411);
#8410=SURFACE_SIDE_STYLE('',(#8412));
#8411=SURFACE_SIDE_STYLE('',(#8413));
#8412=SURFACE_STYLE_FILL_AREA(#8414);
#8413=SURFACE_STYLE_FILL_AREA(#8415);
#8414=FILL_AREA_STYLE('\X2\94A2\X0\ - \X2\7F0E5149\X0\',(#8416));
#8415=FILL_AREA_STYLE('\X2\4E597F29919B68118102\X0\(\X2\767D8272\X0\)',
(#8417));
#8416=FILL_AREA_STYLE_COLOUR('\X2\94A2\X0\ - \X2\7F0E5149\X0\',#8418);
#8417=FILL_AREA_STYLE_COLOUR('\X2\4E597F29919B68118102\X0\(\X2\767D8272\X0\)',
#8419);
#8418=COLOUR_RGB('\X2\94A2\X0\ - \X2\7F0E5149\X0\',0.627450980392157,0.627450980392157,
0.627450980392157);
#8419=COLOUR_RGB('\X2\4E597F29919B68118102\X0\(\X2\767D8272\X0\)',0.972549019607843,
0.968627450980392,0.929411764705882);
ENDSEC;
END-ISO-10303-21;
